scientific_name,common_name,url,categories,category_count,edibility_rating,medicinal_rating,source
Abelmoschus esculentus,Okra,https://pfaf.org/user/Plant.aspx?LatinName=Abelmoschus+esculentus,Coffee; Fruit; Leaves; Oil; Pectin; Root; Seed,7,4,3,PFAF
Abelmoschus manihot,Aibika,https://pfaf.org/user/Plant.aspx?LatinName=Abelmoschus+manihot,Flowers; Leaves; Shoots,3,4,1,PFAF
Abelmoschus moschatus,"Musk Mallow,Musk Okra",https://pfaf.org/user/Plant.aspx?LatinName=Abelmoschus+moschatus,Condiment; Leaves; Oil; Root; Seed; Seedpod; Shoots,7,2,3,PFAF
Abies alba,"Silver Fir, Christmas Tree Fir, European Silver Fir, Silver",https://pfaf.org/user/Plant.aspx?LatinName=Abies+alba,Inner bark,1,2,3,PFAF
Abies amabilis,"Red Fir,Pacific silver fir",https://pfaf.org/user/Plant.aspx?LatinName=Abies+amabilis,Gum; Inner bark; Shoots; Tea,4,1,2,PFAF
Abies balsamea,Balsam Fir,https://pfaf.org/user/Plant.aspx?LatinName=Abies+balsamea,Condiment; Gum; Inner bark; Shoots; Tea,5,3,5,PFAF
Abies firma,"Momi Fir, Japanese Fir",https://pfaf.org/user/Plant.aspx?LatinName=Abies+firma,Seed,1,1,0,PFAF
Abies fraseri,"She Balsam, Fraser fir, Southern Balsam Fir",https://pfaf.org/user/Plant.aspx?LatinName=Abies+fraseri,Condiment; Gum; Inner bark; Shoots; Tea,5,1,3,PFAF
Abies grandis,"Grand Fir, Giant Fir, Lowland White Fir",https://pfaf.org/user/Plant.aspx?LatinName=Abies+grandis,Drink; Gum; Inner bark; Shoots; Tea,5,2,2,PFAF
Abies lasiocarpa,"Subalpine Fir, Alpine Fir",https://pfaf.org/user/Plant.aspx?LatinName=Abies+lasiocarpa,Gum; Inner bark; Seed; Seedpod; Shoots; Tea,6,2,2,PFAF
Abobra tenuifolia,Cranberry Gourd,https://pfaf.org/user/Plant.aspx?LatinName=Abobra+tenuifolia,Fruit,1,1,0,PFAF
Abronia fragrans,Snowball Sand Verbena,https://pfaf.org/user/Plant.aspx?LatinName=Abronia+fragrans,Root,1,2,1,PFAF
Abronia latifolia,"Sand Verbena, Coastal sand verbena",https://pfaf.org/user/Plant.aspx?LatinName=Abronia+latifolia,Root,1,2,0,PFAF
Abutilon megapotamicum,Trailing Abutilon,https://pfaf.org/user/Plant.aspx?LatinName=Abutilon+megapotamicum,Flowers,1,4,0,PFAF
Abutilon ochsenii,,https://pfaf.org/user/Plant.aspx?LatinName=Abutilon+ochsenii,Flowers,1,3,0,PFAF
Abutilon purpurascens,,https://pfaf.org/user/Plant.aspx?LatinName=Abutilon+purpurascens,Flowers,1,2,0,PFAF
Abutilon theophrasti,"China Jute, Velvetleaf, Butterprint Buttonweed Jute, China Mallow, Indian Velvet Leaf",https://pfaf.org/user/Plant.aspx?LatinName=Abutilon+theophrasti,Fruit; Oil; Seed,3,3,2,PFAF
Abutilon vitifolium,,https://pfaf.org/user/Plant.aspx?LatinName=Abutilon+vitifolium,Flowers,1,3,0,PFAF
Abutilon x hybridum,"Chinese Lantern, Flowering Maple",https://pfaf.org/user/Plant.aspx?LatinName=Abutilon+x+hybridum,Flowers,1,3,0,PFAF
Abutilon x milleri,Trailing Abutilon,https://pfaf.org/user/Plant.aspx?LatinName=Abutilon+x+milleri,Flowers,1,3,0,PFAF
Abutilon x suntense,,https://pfaf.org/user/Plant.aspx?LatinName=Abutilon+x+suntense,Flowers,1,3,0,PFAF
Acacia aneura,Mulga Acacia,https://pfaf.org/user/Plant.aspx?LatinName=Acacia+aneura,Drink; Flowers; Gum; Manna; Seed,5,3,0,PFAF
Acacia angustissima,Prairie acacia. Timbre. Fernleaf Acacia,https://pfaf.org/user/Plant.aspx?LatinName=Acacia+angustissima,Inner bark; Seedpod,2,2,3,PFAF
Acacia auriculiformis,"Ear-Pod Wattle, Black Acacia, Earleaf, Black wattle",https://pfaf.org/user/Plant.aspx?LatinName=Acacia+auriculiformis,Oil,1,1,0,PFAF
Acacia catechu,"Cutch tree, Catechu acacia",https://pfaf.org/user/Plant.aspx?LatinName=Acacia+catechu,Inner bark,1,1,2,PFAF
Acacia colei,"Cole's wattle, Candelabra Wattle, Soap wattle,",https://pfaf.org/user/Plant.aspx?LatinName=Acacia+colei,Seedpod,1,3,2,PFAF
Acacia concinna,"Shikakai, Soap-Pod",https://pfaf.org/user/Plant.aspx?LatinName=Acacia+concinna,Condiment; Flowers; Shoots,3,2,1,PFAF
Acacia coriacea,"Wiry Wattle, Acacia, Leather Leaf",https://pfaf.org/user/Plant.aspx?LatinName=Acacia+coriacea,Flowers; Seed,2,3,0,PFAF
Acacia cowleana,Hall’s Creek wattle,https://pfaf.org/user/Plant.aspx?LatinName=Acacia+cowleana,Seedpod,1,3,2,PFAF
Acacia cultriformis,"Knife-Leaf Wattle, Knife acacia",https://pfaf.org/user/Plant.aspx?LatinName=Acacia+cultriformis,Flowers,1,2,0,PFAF
Acacia dealbata,"Mimosa, Silver wattle",https://pfaf.org/user/Plant.aspx?LatinName=Acacia+dealbata,Flowers; Gum,2,2,0,PFAF
Acacia decurrens,Green Wattle,https://pfaf.org/user/Plant.aspx?LatinName=Acacia+decurrens,Flowers; Gum,2,2,1,PFAF
Acacia farnesiana,"Sweet Acacia, Perfume Acacia, Huisache",https://pfaf.org/user/Plant.aspx?LatinName=Acacia+farnesiana,Gum,1,2,2,PFAF
Acacia holosericea,"Strap wattle, Candelabra wattle",https://pfaf.org/user/Plant.aspx?LatinName=Acacia+holosericea,Seedpod,1,1,2,PFAF
Acacia longifolia,"Sydney Golden Wattle, Acacia",https://pfaf.org/user/Plant.aspx?LatinName=Acacia+longifolia,Flowers; Seed; Seedpod,3,3,0,PFAF
Acacia melanoxylon,"Blackwood, Australia Acacia, Black Acacia, Blackwood Acacia",https://pfaf.org/user/Plant.aspx?LatinName=Acacia+melanoxylon,Flowers,1,2,1,PFAF
Acacia paradoxa,"Kangaroo Thorn, Paradox acacia",https://pfaf.org/user/Plant.aspx?LatinName=Acacia+paradoxa,Flowers,1,1,0,PFAF
Acacia podalyriifolia,"Queensland Silver Wattle, Pearl wattle",https://pfaf.org/user/Plant.aspx?LatinName=Acacia+podalyriifolia,Flowers,1,1,0,PFAF
Acacia pycnantha,Golden Wattle,https://pfaf.org/user/Plant.aspx?LatinName=Acacia+pycnantha,Flowers; Gum,2,2,0,PFAF
Acacia retinodes,"Swamp Wattle, Water wattle",https://pfaf.org/user/Plant.aspx?LatinName=Acacia+retinodes,Flowers; Seed,2,2,0,PFAF
Acacia saligna,"Blue-Leaved Wattle, Orange wattle",https://pfaf.org/user/Plant.aspx?LatinName=Acacia+saligna,Flowers; Gum,2,1,0,PFAF
Acacia sophorae,"Coastal Wattle, Acacia",https://pfaf.org/user/Plant.aspx?LatinName=Acacia+sophorae,Flowers; Seed,2,2,0,PFAF
Acacia verticillata,Prickly Moses,https://pfaf.org/user/Plant.aspx?LatinName=Acacia+verticillata,Flowers,1,1,0,PFAF
Acacia victoriae,"Bramble wattle. Gundabluey, Bardi bush",https://pfaf.org/user/Plant.aspx?LatinName=Acacia+victoriae,Gum,1,4,2,PFAF
Acaenia anserinifolia,Pirri-Pirri Bur,https://pfaf.org/user/Plant.aspx?LatinName=Acaenia+anserinifolia,Tea,1,1,1,PFAF
Acanthocereus tetragonus,Pitahaya. Barbed-wire cactus.,https://pfaf.org/user/Plant.aspx?LatinName=Acanthocereus+tetragonus,Stem,1,3,0,PFAF
Acanthosicyos horridus,Naras. Butterpips,https://pfaf.org/user/Plant.aspx?LatinName=Acanthosicyos+horridus,Oil,1,3,2,PFAF
Acca sellowiana,"Feijoa, Pineapple Guava",https://pfaf.org/user/Plant.aspx?LatinName=Acca+sellowiana,Flowers; Fruit,2,4,0,PFAF
Acer acuminatum,,https://pfaf.org/user/Plant.aspx?LatinName=Acer+acuminatum,Tea,1,1,0,PFAF
Acer argutum,,https://pfaf.org/user/Plant.aspx?LatinName=Acer+argutum,Sap; Sweetener,2,2,0,PFAF
Acer carpinifolium,Hornbeam Maple,https://pfaf.org/user/Plant.aspx?LatinName=Acer+carpinifolium,Sap; Sweetener,2,2,0,PFAF
Acer circinatum,Vine Maple,https://pfaf.org/user/Plant.aspx?LatinName=Acer+circinatum,Sap; Sweetener,2,2,1,PFAF
Acer distylum,,https://pfaf.org/user/Plant.aspx?LatinName=Acer+distylum,Sap; Sweetener,2,2,0,PFAF
Acer ginnala,Amur Maple,https://pfaf.org/user/Plant.aspx?LatinName=Acer+ginnala,Tea,1,1,0,PFAF
Acer glabrum,Rock Maple,https://pfaf.org/user/Plant.aspx?LatinName=Acer+glabrum,Condiment; Inner bark; Leaves; Seed; Shoots,5,2,1,PFAF
Acer interius,Box Elder,https://pfaf.org/user/Plant.aspx?LatinName=Acer+interius,Sap; Sweetener,2,2,0,PFAF
Acer macrophyllum,"Oregon Maple, Bigleaf maple, Oregon Maple",https://pfaf.org/user/Plant.aspx?LatinName=Acer+macrophyllum,Flowers; Inner bark; Leaves; Sap; Seed; Shoots; Sweetener,7,3,1,PFAF
Acer mono,Maple,https://pfaf.org/user/Plant.aspx?LatinName=Acer+mono,Leaves; Sap,2,2,1,PFAF
Acer negundo,Box Elder,https://pfaf.org/user/Plant.aspx?LatinName=Acer+negundo,Inner bark; Leaves; Sap; Seed; Sweetener,5,3,1,PFAF
Acer palmatum,Japanese Maple,https://pfaf.org/user/Plant.aspx?LatinName=Acer+palmatum,Leaves; Sap,2,2,0,PFAF
Acer platanoides,"Norway Maple, Harlequin Maple",https://pfaf.org/user/Plant.aspx?LatinName=Acer+platanoides,Sap; Sweetener,2,2,0,PFAF
Acer pseudoplatanus,"Sycamore, Great Maple, Scottish Maple, Planetree Maple",https://pfaf.org/user/Plant.aspx?LatinName=Acer+pseudoplatanus,Leaves; Sap; Seedpod; Sweetener,4,2,1,PFAF
Acer rubrum,"Red Maple, Drummond's maple, Swamp Maple",https://pfaf.org/user/Plant.aspx?LatinName=Acer+rubrum,Inner bark; Leaves; Sap; Seed; Sweetener,5,3,1,PFAF
Acer saccharinum,"Silver Maple, River Maple, Soft Maple",https://pfaf.org/user/Plant.aspx?LatinName=Acer+saccharinum,Inner bark; Leaves; Sap; Seed; Sweetener,5,3,1,PFAF
Acer saccharum,"Sugar Maple, Florida Maple, Hard Maple, Rock Maple",https://pfaf.org/user/Plant.aspx?LatinName=Acer+saccharum,Inner bark; Leaves; Sap; Seed; Sweetener,5,4,2,PFAF
Acer saccharum grandidentatum,"Big-Tooth Maple, Canyon Maple, Rocky Mountain Sugar Maple",https://pfaf.org/user/Plant.aspx?LatinName=Acer+saccharum+grandidentatum,Inner bark; Sap; Seed; Sweetener,4,4,0,PFAF
Acer saccharum nigrum,Black Maple,https://pfaf.org/user/Plant.aspx?LatinName=Acer+saccharum+nigrum,Inner bark; Sap; Seed; Sweetener,4,4,1,PFAF
Acer spicatum,Mountain Maple,https://pfaf.org/user/Plant.aspx?LatinName=Acer+spicatum,Sap; Sweetener,2,2,2,PFAF
Acer tataricum,Tatarian Maple,https://pfaf.org/user/Plant.aspx?LatinName=Acer+tataricum,Sap; Seed; Sweetener,3,2,0,PFAF
Acer truncatum,"Shantung Maple, Purpleblow Maple",https://pfaf.org/user/Plant.aspx?LatinName=Acer+truncatum,Seed,1,1,0,PFAF
Acer ukurunduense caudatum,,https://pfaf.org/user/Plant.aspx?LatinName=Acer+ukurunduense+caudatum,Tea,1,1,0,PFAF
Achillea ageratum,"Mace, Sweet-nancy",https://pfaf.org/user/Plant.aspx?LatinName=Achillea+ageratum,Condiment; Leaves; Tea,3,2,0,PFAF
Achillea millefolium,"Yarrow, Boreal yarrow, California yarrow, Giant yarrow, Coast yarrow, Western yarrow, Pacific yarrow",https://pfaf.org/user/Plant.aspx?LatinName=Achillea+millefolium,Condiment; Leaves; Tea,3,3,4,PFAF
Achillea ptarmica,"Sneeze-Wort, Sneezeweed",https://pfaf.org/user/Plant.aspx?LatinName=Achillea+ptarmica,Leaves,1,2,1,PFAF
Achillea sibirica,Siberian Yarrow,https://pfaf.org/user/Plant.aspx?LatinName=Achillea+sibirica,Leaves; Shoots,2,1,1,PFAF
Achnatherum hymenoides,"Indian Millet, Indian ricegrass",https://pfaf.org/user/Plant.aspx?LatinName=Achnatherum+hymenoides,Seed,1,4,0,PFAF
Achyranthes aspera,Devil's Horsewhip,https://pfaf.org/user/Plant.aspx?LatinName=Achyranthes+aspera,Leaves; Seed,2,2,3,PFAF
Achyranthes bidentata,Niu Xi,https://pfaf.org/user/Plant.aspx?LatinName=Achyranthes+bidentata,Leaves; Seed,2,2,3,PFAF
Achyranthes faureri,,https://pfaf.org/user/Plant.aspx?LatinName=Achyranthes+faureri,Leaves,1,1,1,PFAF
Acinos alpinus,Alpine Calamint,https://pfaf.org/user/Plant.aspx?LatinName=Acinos+alpinus,Condiment; Tea,2,1,1,PFAF
Acinos arvensis,Basil Thyme,https://pfaf.org/user/Plant.aspx?LatinName=Acinos+arvensis,Condiment; Leaves,2,2,1,PFAF
Acinos rotundifolius,,https://pfaf.org/user/Plant.aspx?LatinName=Acinos+rotundifolius,Condiment,1,1,1,PFAF
Aciphylla colensoi,Wild Spaniard,https://pfaf.org/user/Plant.aspx?LatinName=Aciphylla+colensoi,Gum; Leaves; Root; Shoots,4,2,0,PFAF
Aciphylla squarrosa,Speargrass,https://pfaf.org/user/Plant.aspx?LatinName=Aciphylla+squarrosa,Gum; Leaves; Root; Shoots,4,2,0,PFAF
Acmella oleracea,"Toothache plant, Paracress",https://pfaf.org/user/Plant.aspx?LatinName=Acmella+oleracea,Oil,1,3,3,PFAF
Aconitum heterophyllum,,https://pfaf.org/user/Plant.aspx?LatinName=Aconitum+heterophyllum,Leaves; Root,2,1,2,PFAF
Aconitum koreanum,Korean Monk's Hood,https://pfaf.org/user/Plant.aspx?LatinName=Aconitum+koreanum,Leaves,1,1,0,PFAF
Aconitum mokchangense,,https://pfaf.org/user/Plant.aspx?LatinName=Aconitum+mokchangense,Leaves,1,1,0,PFAF
Aconitum multifidum,,https://pfaf.org/user/Plant.aspx?LatinName=Aconitum+multifidum,Leaves,1,1,0,PFAF
Aconitum rotundifolium,,https://pfaf.org/user/Plant.aspx?LatinName=Aconitum+rotundifolium,Leaves,1,1,0,PFAF
Aconitum septentrionale,,https://pfaf.org/user/Plant.aspx?LatinName=Aconitum+septentrionale,Leaves; Root,2,1,0,PFAF
Aconitum violaceum,,https://pfaf.org/user/Plant.aspx?LatinName=Aconitum+violaceum,Root,1,1,1,PFAF
Aconitum volubile,,https://pfaf.org/user/Plant.aspx?LatinName=Aconitum+volubile,Leaves,1,1,1,PFAF
Acorus calamus,Sweet Flag - Calamus,https://pfaf.org/user/Plant.aspx?LatinName=Acorus+calamus,Condiment; Leaves; Root; Stem,4,3,4,PFAF
Acorus gramineus,"Grass-leaved Sweet Rush, Japanese Sweet Flag, Dwarf Sweet Flag",https://pfaf.org/user/Plant.aspx?LatinName=Acorus+gramineus,Condiment; Root,2,3,3,PFAF
Acrocarpus fraxinifolius,"Pink Cedar, Shingle Tree",https://pfaf.org/user/Plant.aspx?LatinName=Acrocarpus+fraxinifolius,Gum,1,0,0,PFAF
Acrocomia aculeata,"Coyoli Palm. Gru-Gru Palm, Macaw palm",https://pfaf.org/user/Plant.aspx?LatinName=Acrocomia+aculeata,Apical bud; Inner bark; Oil,3,3,1,PFAF
Actinidia arguta,Tara Vine,https://pfaf.org/user/Plant.aspx?LatinName=Actinidia+arguta,Fruit; Sap,2,5,0,PFAF
Actinidia arguta cordifolia,,https://pfaf.org/user/Plant.aspx?LatinName=Actinidia+arguta+cordifolia,Fruit,1,4,0,PFAF
Actinidia arguta rufa,,https://pfaf.org/user/Plant.aspx?LatinName=Actinidia+arguta+rufa,Fruit,1,4,0,PFAF
Actinidia arisanensis,,https://pfaf.org/user/Plant.aspx?LatinName=Actinidia+arisanensis,Fruit,1,3,0,PFAF
Actinidia asymmetrica,,https://pfaf.org/user/Plant.aspx?LatinName=Actinidia+asymmetrica,Fruit,1,3,0,PFAF
Actinidia callosa,,https://pfaf.org/user/Plant.aspx?LatinName=Actinidia+callosa,Fruit,1,3,0,PFAF
Actinidia callosa formosana,,https://pfaf.org/user/Plant.aspx?LatinName=Actinidia+callosa+formosana,Fruit,1,3,0,PFAF
Actinidia callosa henryi,,https://pfaf.org/user/Plant.aspx?LatinName=Actinidia+callosa+henryi,Fruit,1,3,0,PFAF
Actinidia callosa indochinensis,,https://pfaf.org/user/Plant.aspx?LatinName=Actinidia+callosa+indochinensis,Fruit,1,3,0,PFAF
Actinidia callosa pubescens,,https://pfaf.org/user/Plant.aspx?LatinName=Actinidia+callosa+pubescens,Fruit,1,3,0,PFAF
Actinidia chinensis,Kiwi,https://pfaf.org/user/Plant.aspx?LatinName=Actinidia+chinensis,Fruit; Leaves,2,4,2,PFAF
Actinidia coriacea,,https://pfaf.org/user/Plant.aspx?LatinName=Actinidia+coriacea,Fruit,1,3,0,PFAF
Actinidia deliciosa,Kiwi Fruit,https://pfaf.org/user/Plant.aspx?LatinName=Actinidia+deliciosa,Fruit; Leaves,2,5,1,PFAF
Actinidia eriantha,,https://pfaf.org/user/Plant.aspx?LatinName=Actinidia+eriantha,Fruit,1,3,0,PFAF
Actinidia fortunatii,,https://pfaf.org/user/Plant.aspx?LatinName=Actinidia+fortunatii,Fruit,1,3,0,PFAF
Actinidia fulvicoma,,https://pfaf.org/user/Plant.aspx?LatinName=Actinidia+fulvicoma,Fruit,1,3,0,PFAF
Actinidia giraldii,,https://pfaf.org/user/Plant.aspx?LatinName=Actinidia+giraldii,Fruit,1,3,0,PFAF
Actinidia glabra,,https://pfaf.org/user/Plant.aspx?LatinName=Actinidia+glabra,Fruit,1,3,0,PFAF
Actinidia hemsleyana,,https://pfaf.org/user/Plant.aspx?LatinName=Actinidia+hemsleyana,Fruit,1,3,0,PFAF
Actinidia henryi,,https://pfaf.org/user/Plant.aspx?LatinName=Actinidia+henryi,Fruit,1,3,0,PFAF
Actinidia holotricha,,https://pfaf.org/user/Plant.aspx?LatinName=Actinidia+holotricha,Fruit,1,3,0,PFAF
Actinidia hypoleuca,,https://pfaf.org/user/Plant.aspx?LatinName=Actinidia+hypoleuca,Fruit,1,3,0,PFAF
Actinidia kiusiana,,https://pfaf.org/user/Plant.aspx?LatinName=Actinidia+kiusiana,Fruit,1,3,0,PFAF
Actinidia kolomikta,Kiwi,https://pfaf.org/user/Plant.aspx?LatinName=Actinidia+kolomikta,Fruit; Leaves,2,4,0,PFAF
Actinidia kolomikta gagnepainii,,https://pfaf.org/user/Plant.aspx?LatinName=Actinidia+kolomikta+gagnepainii,Fruit,1,3,0,PFAF
Actinidia kwangsiensis,,https://pfaf.org/user/Plant.aspx?LatinName=Actinidia+kwangsiensis,Fruit,1,3,0,PFAF
Actinidia lanceolata,,https://pfaf.org/user/Plant.aspx?LatinName=Actinidia+lanceolata,Fruit,1,3,0,PFAF
Actinidia latifolia,,https://pfaf.org/user/Plant.aspx?LatinName=Actinidia+latifolia,Fruit,1,3,0,PFAF
Actinidia longicauda,,https://pfaf.org/user/Plant.aspx?LatinName=Actinidia+longicauda,Fruit,1,3,0,PFAF
Actinidia maloides,,https://pfaf.org/user/Plant.aspx?LatinName=Actinidia+maloides,Fruit,1,3,0,PFAF
Actinidia melanandra,Red Kiwi,https://pfaf.org/user/Plant.aspx?LatinName=Actinidia+melanandra,Fruit,1,4,0,PFAF
Actinidia melliana,,https://pfaf.org/user/Plant.aspx?LatinName=Actinidia+melliana,Fruit,1,3,0,PFAF
Actinidia petelotii,,https://pfaf.org/user/Plant.aspx?LatinName=Actinidia+petelotii,Fruit,1,3,0,PFAF
Actinidia pilosula,,https://pfaf.org/user/Plant.aspx?LatinName=Actinidia+pilosula,Fruit,1,3,0,PFAF
Actinidia polygama,Silver Vine,https://pfaf.org/user/Plant.aspx?LatinName=Actinidia+polygama,Fruit; Leaves; Tea,3,4,2,PFAF
Actinidia polygama lecomtei,,https://pfaf.org/user/Plant.aspx?LatinName=Actinidia+polygama+lecomtei,Fruit,1,3,0,PFAF
Actinidia purpurea,Purple hardy kiwi,https://pfaf.org/user/Plant.aspx?LatinName=Actinidia+purpurea,Fruit,1,4,0,PFAF
Actinidia rubricaulis,,https://pfaf.org/user/Plant.aspx?LatinName=Actinidia+rubricaulis,Fruit,1,3,0,PFAF
Actinidia rubus,,https://pfaf.org/user/Plant.aspx?LatinName=Actinidia+rubus,Fruit,1,3,0,PFAF
Actinidia rudis,,https://pfaf.org/user/Plant.aspx?LatinName=Actinidia+rudis,Fruit,1,3,0,PFAF
Actinidia sabiifolia,,https://pfaf.org/user/Plant.aspx?LatinName=Actinidia+sabiifolia,Fruit,1,3,0,PFAF
Actinidia strigosa,,https://pfaf.org/user/Plant.aspx?LatinName=Actinidia+strigosa,Fruit,1,3,0,PFAF
Actinidia tetramera,,https://pfaf.org/user/Plant.aspx?LatinName=Actinidia+tetramera,Fruit,1,3,0,PFAF
Actinidia trichogyna,,https://pfaf.org/user/Plant.aspx?LatinName=Actinidia+trichogyna,Fruit,1,3,0,PFAF
Actinidia valvata,,https://pfaf.org/user/Plant.aspx?LatinName=Actinidia+valvata,Fruit,1,3,0,PFAF
Actinidia venosa,,https://pfaf.org/user/Plant.aspx?LatinName=Actinidia+venosa,Fruit,1,3,0,PFAF
Actinidia x fairchildii,,https://pfaf.org/user/Plant.aspx?LatinName=Actinidia+x+fairchildii,Fruit,1,4,0,PFAF
Adansonia digitata,"Baobab, Judas Fruit, Monkey Bread Tree",https://pfaf.org/user/Plant.aspx?LatinName=Adansonia+digitata,Flowers; Inner bark; Oil; Shoots,4,3,3,PFAF
Adenanthera pavonina,"Red Sandalwood, Coral Tree",https://pfaf.org/user/Plant.aspx?LatinName=Adenanthera+pavonina,Flowers,1,3,2,PFAF
Adenophora denticulata,,https://pfaf.org/user/Plant.aspx?LatinName=Adenophora+denticulata,Root,1,2,0,PFAF
Adenophora divaricata,,https://pfaf.org/user/Plant.aspx?LatinName=Adenophora+divaricata,Leaves,1,2,0,PFAF
Adenophora lamarkii,,https://pfaf.org/user/Plant.aspx?LatinName=Adenophora+lamarkii,Root,1,2,0,PFAF
Adenophora latifolia,,https://pfaf.org/user/Plant.aspx?LatinName=Adenophora+latifolia,Leaves; Root,2,2,0,PFAF
Adenophora liliifolia,"Ladybells, Lilyleaf",https://pfaf.org/user/Plant.aspx?LatinName=Adenophora+liliifolia,Root,1,2,0,PFAF
Adenophora nikoensis,,https://pfaf.org/user/Plant.aspx?LatinName=Adenophora+nikoensis,Leaves; Root; Shoots,3,2,0,PFAF
Adenophora remotiflora,,https://pfaf.org/user/Plant.aspx?LatinName=Adenophora+remotiflora,Leaves; Root,2,2,1,PFAF
Adenophora stricta,"Sha Shen, Ladybells",https://pfaf.org/user/Plant.aspx?LatinName=Adenophora+stricta,Leaves; Root,2,2,1,PFAF
Adenophora triphylla,Nan Sha Shen,https://pfaf.org/user/Plant.aspx?LatinName=Adenophora+triphylla,Leaves; Root,2,2,1,PFAF
Adenophora verticillata,,https://pfaf.org/user/Plant.aspx?LatinName=Adenophora+verticillata,Leaves; Root,2,2,2,PFAF
Adesmia lotoides,,https://pfaf.org/user/Plant.aspx?LatinName=Adesmia+lotoides,Root,1,1,0,PFAF
Adiantum capillus-veneris,"Maidenhair Fern, Common maidenhair, Southern Maidenhair Fern, Venus Maidenhair Fern, Venus's Hair Fe",https://pfaf.org/user/Plant.aspx?LatinName=Adiantum+capillus-veneris,Drink; Leaves; Tea,3,2,2,PFAF
Aegilops speltoides,Goatgrass,https://pfaf.org/user/Plant.aspx?LatinName=Aegilops+speltoides,Seed,1,1,0,PFAF
Aegilops triuncialis,"Barbed goatgrass, Barb goatgrass",https://pfaf.org/user/Plant.aspx?LatinName=Aegilops+triuncialis,Seed,1,1,0,PFAF
Aegle marmelos,"Bael Tree, Golden Apple, Bengal Quince",https://pfaf.org/user/Plant.aspx?LatinName=Aegle+marmelos,Flowers; Gum; Oil; Shoots; Stem,5,3,3,PFAF
Aegopodium alpestre,,https://pfaf.org/user/Plant.aspx?LatinName=Aegopodium+alpestre,Leaves; Shoots,2,1,0,PFAF
Aegopodium podagraria,"Ground Elder, Bishop's goutweed, Goutweed, Ground Elder, Bishop's Weed",https://pfaf.org/user/Plant.aspx?LatinName=Aegopodium+podagraria,Leaves,1,3,2,PFAF
Aesculus californica,"Californian Buckeye, California Horsechestnut",https://pfaf.org/user/Plant.aspx?LatinName=Aesculus+californica,Seed,1,3,1,PFAF
Aesculus chinensis,Chinese Horse Chestnut,https://pfaf.org/user/Plant.aspx?LatinName=Aesculus+chinensis,Seed,1,3,1,PFAF
Aesculus flava,"Sweet Buckeye, Yellow buckeye",https://pfaf.org/user/Plant.aspx?LatinName=Aesculus+flava,Nectar; Seed,2,4,0,PFAF
Aesculus glabra,"Ohio Buckeye, Fetid Buckeye",https://pfaf.org/user/Plant.aspx?LatinName=Aesculus+glabra,Seed,1,2,1,PFAF
Aesculus hippocastanum,"Horse Chestnut, European Horsechestnut, Common Horsechestnut",https://pfaf.org/user/Plant.aspx?LatinName=Aesculus+hippocastanum,Coffee; Seed,2,3,4,PFAF
Aesculus indica,Indian Horse Chestnut,https://pfaf.org/user/Plant.aspx?LatinName=Aesculus+indica,Seed,1,3,1,PFAF
Aesculus parviflora,Bottlebrush buckeye,https://pfaf.org/user/Plant.aspx?LatinName=Aesculus+parviflora,Seed,1,2,1,PFAF
Aesculus pavia,Red Buckeye,https://pfaf.org/user/Plant.aspx?LatinName=Aesculus+pavia,Seed,1,2,1,PFAF
Aesculus turbinata,Japanese Horse Chestnut,https://pfaf.org/user/Plant.aspx?LatinName=Aesculus+turbinata,Leaves; Seed,2,2,0,PFAF
Aesculus x carnea,"Red Horse Chestnut, Ruby Red Horsechestnut",https://pfaf.org/user/Plant.aspx?LatinName=Aesculus+x+carnea,Seed,1,2,1,PFAF
Aethusa cynapium,Fool's Parsley,https://pfaf.org/user/Plant.aspx?LatinName=Aethusa+cynapium,Leaves,1,1,1,PFAF
Afzelia africana,African Mahogany,https://pfaf.org/user/Plant.aspx?LatinName=Afzelia+africana,Oil,1,2,2,PFAF
Afzelia xylocarpa,"Makha Tree, Cambodia Beng Tree",https://pfaf.org/user/Plant.aspx?LatinName=Afzelia+xylocarpa,Oil,1,2,2,PFAF
Agapanthus praecox minimus,,https://pfaf.org/user/Plant.aspx?LatinName=Agapanthus+praecox+minimus,Root,1,1,1,PFAF
Agastache cana,"Hoary Balm Of Gilead, Mosquito plant",https://pfaf.org/user/Plant.aspx?LatinName=Agastache+cana,Condiment,1,2,0,PFAF
Agastache foeniculum,"Anise Hyssop, Blue giant hyssop",https://pfaf.org/user/Plant.aspx?LatinName=Agastache+foeniculum,Drink; Flowers; Leaves; Tea,4,5,1,PFAF
Agastache mexicana,Mexican Giant Hyssop,https://pfaf.org/user/Plant.aspx?LatinName=Agastache+mexicana,Leaves; Tea,2,3,0,PFAF
Agastache neomexicana,"New Mexico Giant Hyssop, Bill Williams Mountain giant hyssop",https://pfaf.org/user/Plant.aspx?LatinName=Agastache+neomexicana,Leaves; Tea,2,3,1,PFAF
Agastache rugosa,Korean Mint,https://pfaf.org/user/Plant.aspx?LatinName=Agastache+rugosa,Condiment; Leaves; Seed; Tea,4,4,3,PFAF
Agastache urticifolia,"Giant Hyssop, Nettleleaf giant hyssop",https://pfaf.org/user/Plant.aspx?LatinName=Agastache+urticifolia,Leaves; Seed; Tea,3,3,1,PFAF
Agave americana,"Agave, American century plant",https://pfaf.org/user/Plant.aspx?LatinName=Agave+americana,Leaves; Sap; Seed; Stem,4,3,3,PFAF
Agave cantala agave,Agave,https://pfaf.org/user/Plant.aspx?LatinName=Agave+cantala+agave,Shoots; Stem,2,2,0,PFAF
Agave lechuguilla,"Ixtle, Chihuahua",https://pfaf.org/user/Plant.aspx?LatinName=Agave+lechuguilla,Stem,1,1,2,PFAF
Agave murpheyi,"Hohokam Agave, Murphey agave",https://pfaf.org/user/Plant.aspx?LatinName=Agave+murpheyi,Apical bud,1,2,0,PFAF
Agave parryi,"Century Plant, Parry's agave, Mescal",https://pfaf.org/user/Plant.aspx?LatinName=Agave+parryi,Leaves; Sap; Seed; Stem,4,3,1,PFAF
Agave salmiana,"Pulque Agave, Giant Agave",https://pfaf.org/user/Plant.aspx?LatinName=Agave+salmiana,Manna; Stem,2,3,0,PFAF
Agave sisalana,Sisal,https://pfaf.org/user/Plant.aspx?LatinName=Agave+sisalana,Sap; Shoots,2,2,2,PFAF
Agave tequilana,"Blue Agave, Mescal, Tequila.",https://pfaf.org/user/Plant.aspx?LatinName=Agave+tequilana,Sap,1,4,0,PFAF
Agave utahensis discreta,Century Plant,https://pfaf.org/user/Plant.aspx?LatinName=Agave+utahensis+discreta,Drink; Leaves; Root; Sap; Seed; Stem,6,3,1,PFAF
Agave utahensis eborispina,Century Plant,https://pfaf.org/user/Plant.aspx?LatinName=Agave+utahensis+eborispina,Drink; Leaves; Root; Sap; Seed; Stem,6,3,1,PFAF
Agave vivipara,Mescal Casero,https://pfaf.org/user/Plant.aspx?LatinName=Agave+vivipara,Flowers; Sap; Stem,3,3,0,PFAF
Ageratina aromatica,,https://pfaf.org/user/Plant.aspx?LatinName=Ageratina+aromatica,Root,1,1,1,PFAF
Agoseris aurantiaca,"Mountain Dandelion, Orange agoseris",https://pfaf.org/user/Plant.aspx?LatinName=Agoseris+aurantiaca,Gum; Leaves,2,3,1,PFAF
Agoseris glauca,"Mountain Dandelion, Pale agoseris, False agoseris",https://pfaf.org/user/Plant.aspx?LatinName=Agoseris+glauca,Gum,1,3,1,PFAF
Agrimonia eupatoria,"Agrimony, Churchsteeples",https://pfaf.org/user/Plant.aspx?LatinName=Agrimonia+eupatoria,Seed; Tea,2,2,3,PFAF
Agrimonia pilosa,Hairy Agrimony,https://pfaf.org/user/Plant.aspx?LatinName=Agrimonia+pilosa,Leaves; Seed,2,2,3,PFAF
Agriophyllum squarrosum,Sand Rice,https://pfaf.org/user/Plant.aspx?LatinName=Agriophyllum+squarrosum,Seed,1,1,0,PFAF
Agrostemma githago,"Corncockle, Common corncockle",https://pfaf.org/user/Plant.aspx?LatinName=Agrostemma+githago,Leaves,1,1,1,PFAF
Agrostis perennans,"Upland Bent, Upland bentgrass",https://pfaf.org/user/Plant.aspx?LatinName=Agrostis+perennans,Seed,1,1,0,PFAF
Ailanthus altissima,Tree Of Heaven,https://pfaf.org/user/Plant.aspx?LatinName=Ailanthus+altissima,Leaves,1,1,3,PFAF
Ajuga reptans,"Bugle, Common Bugelweed, Bugleweed, Carpet Bugleweed, Carpetweed, Carpet Bugle",https://pfaf.org/user/Plant.aspx?LatinName=Ajuga+reptans,Leaves; Shoots,2,2,3,PFAF
Akebia quinata,"Akebia, Chocolate vine, Fiveleaf Akebia, Chocolate Vine",https://pfaf.org/user/Plant.aspx?LatinName=Akebia+quinata,Fruit; Leaves; Shoots; Tea,4,4,2,PFAF
Akebia trifoliata,"Akebia, Threeleaf Akebia",https://pfaf.org/user/Plant.aspx?LatinName=Akebia+trifoliata,Fruit; Tea,2,4,2,PFAF
Akebia x pentaphylla,Five Leaved Akebia,https://pfaf.org/user/Plant.aspx?LatinName=Akebia+x+pentaphylla,Fruit; Tea,2,4,0,PFAF
Alangium chinense,,https://pfaf.org/user/Plant.aspx?LatinName=Alangium+chinense,Oil,1,0,3,PFAF
Alangium platanifolium,Alangium,https://pfaf.org/user/Plant.aspx?LatinName=Alangium+platanifolium,Leaves,1,1,1,PFAF
Albizia julibrissin,"Mimosa, Silktree, Mimosa Tree,",https://pfaf.org/user/Plant.aspx?LatinName=Albizia+julibrissin,Flowers; Gum; Leaves; Tea,4,2,2,PFAF
Albizia lebbeck,"Siris Tree, Woman's Tongue, East Indian Walnut",https://pfaf.org/user/Plant.aspx?LatinName=Albizia+lebbeck,Gum; Shoots,2,1,2,PFAF
Albizia procera,"White Siris, Tall Albizia, Forest Siris",https://pfaf.org/user/Plant.aspx?LatinName=Albizia+procera,Gum; Inner bark; Seedpod,3,1,2,PFAF
Albuca amboensis,Slime Lily,https://pfaf.org/user/Plant.aspx?LatinName=Albuca+amboensis,Leaves; Root,2,2,0,PFAF
Albuca canadensis,"Slime Lily, Albuca",https://pfaf.org/user/Plant.aspx?LatinName=Albuca+canadensis,Stem,1,1,0,PFAF
Albuca major,Slime Lily,https://pfaf.org/user/Plant.aspx?LatinName=Albuca+major,Stem,1,1,0,PFAF
Alcea rosea,Hollyhock,https://pfaf.org/user/Plant.aspx?LatinName=Alcea+rosea,Flowers; Leaves; Oil; Root; Stem; Tea,6,3,2,PFAF
Alchemilla alpina,"Alpine Lady's Mantle, Mountain Lady's Mantle",https://pfaf.org/user/Plant.aspx?LatinName=Alchemilla+alpina,Leaves; Tea,2,2,3,PFAF
Alchemilla xanthochlora,Lady's Mantle,https://pfaf.org/user/Plant.aspx?LatinName=Alchemilla+xanthochlora,Leaves; Root,2,2,3,PFAF
Alchornea cordifolia,Christmas Bush,https://pfaf.org/user/Plant.aspx?LatinName=Alchornea+cordifolia,Tea,1,2,4,PFAF
Aletris farinosa,"Unicorn Root - Colic Root, White colicroot",https://pfaf.org/user/Plant.aspx?LatinName=Aletris+farinosa,Root,1,1,3,PFAF
Aletris spicata,,https://pfaf.org/user/Plant.aspx?LatinName=Aletris+spicata,Leaves,1,1,1,PFAF
Aleurites cordata,Japan Wood-Oil Tree,https://pfaf.org/user/Plant.aspx?LatinName=Aleurites+cordata,Oil,1,0,0,PFAF
Aleurites fordii,"Tung Tree, Tung Oil Tree, Wood Oil Tree China",https://pfaf.org/user/Plant.aspx?LatinName=Aleurites+fordii,Oil; Seed,2,1,3,PFAF
Aleurites moluccanus,"Candle Nut, Country Walnut",https://pfaf.org/user/Plant.aspx?LatinName=Aleurites+moluccanus,Oil,1,3,3,PFAF
Alhagi mannifera,Manna Tree,https://pfaf.org/user/Plant.aspx?LatinName=Alhagi+mannifera,Manna; Root,2,2,2,PFAF
Alhagi maurorum,Camel Thorn,https://pfaf.org/user/Plant.aspx?LatinName=Alhagi+maurorum,Manna,1,2,2,PFAF
Alisma canaliculatum,,https://pfaf.org/user/Plant.aspx?LatinName=Alisma+canaliculatum,Leaves,1,1,0,PFAF
Alisma plantago-aquatica,"Great Water Plantain, ZE-XIE, European water plantain, American water plantain, Northern water plan",https://pfaf.org/user/Plant.aspx?LatinName=Alisma+plantago-aquatica,Leaves; Root,2,1,3,PFAF
Alkanna tinctoria,"Alkanet, Alkanna",https://pfaf.org/user/Plant.aspx?LatinName=Alkanna+tinctoria,Colouring; Leaves,2,1,2,PFAF
Allanblackia floribunda,Vegetable Tallow. Tallow tree,https://pfaf.org/user/Plant.aspx?LatinName=Allanblackia+floribunda,Oil,1,3,2,PFAF
Allanblackia parviflora,"Vegetable tallow tree, Ouotera",https://pfaf.org/user/Plant.aspx?LatinName=Allanblackia+parviflora,Oil,1,3,2,PFAF
Allanblackia stuhlmannii,"Mkani, Msambo",https://pfaf.org/user/Plant.aspx?LatinName=Allanblackia+stuhlmannii,Oil,1,3,2,PFAF
Alliaria petiolata,Garlic Mustard,https://pfaf.org/user/Plant.aspx?LatinName=Alliaria+petiolata,Flowers; Leaves; Seedpod,3,3,2,PFAF
Allium acuminatum,"Hooker's Onion, Tapertip onion",https://pfaf.org/user/Plant.aspx?LatinName=Allium+acuminatum,Flowers; Leaves; Root; Seed,4,3,2,PFAF
Allium aflatunense,"Persian Onion, Ornamental Onion",https://pfaf.org/user/Plant.aspx?LatinName=Allium+aflatunense,Flowers; Leaves; Root,3,2,2,PFAF
Allium akaka,,https://pfaf.org/user/Plant.aspx?LatinName=Allium+akaka,Flowers; Leaves; Root,3,3,2,PFAF
Allium altaicum,,https://pfaf.org/user/Plant.aspx?LatinName=Allium+altaicum,Flowers; Leaves; Root,3,3,2,PFAF
Allium ampeloprasum,"Wild Leek, Broadleaf wild leek",https://pfaf.org/user/Plant.aspx?LatinName=Allium+ampeloprasum,Flowers; Leaves; Root,3,5,3,PFAF
Allium angulare,,https://pfaf.org/user/Plant.aspx?LatinName=Allium+angulare,Flowers; Leaves; Root,3,3,2,PFAF
Allium angulosum,Mouse Garlic,https://pfaf.org/user/Plant.aspx?LatinName=Allium+angulosum,Flowers; Leaves; Root,3,3,2,PFAF
Allium atropurpureum,,https://pfaf.org/user/Plant.aspx?LatinName=Allium+atropurpureum,Flowers; Leaves; Root,3,3,2,PFAF
Allium bisceptrum,"Aspen Onion, Twincrest onion",https://pfaf.org/user/Plant.aspx?LatinName=Allium+bisceptrum,Flowers; Leaves; Root; Seed,4,3,2,PFAF
Allium bodeanum,,https://pfaf.org/user/Plant.aspx?LatinName=Allium+bodeanum,Flowers; Leaves; Root,3,3,2,PFAF
Allium bolanderi,Bolander's Onion,https://pfaf.org/user/Plant.aspx?LatinName=Allium+bolanderi,Flowers; Leaves; Root,3,3,2,PFAF
Allium brevistylum,Shortstyle Onion,https://pfaf.org/user/Plant.aspx?LatinName=Allium+brevistylum,Flowers; Leaves; Root,3,3,2,PFAF
Allium canadense,"Canadian Garlic, Meadow garlic, Fraser meadow garlic, Hyacinth meadow garlic",https://pfaf.org/user/Plant.aspx?LatinName=Allium+canadense,Flowers; Leaves; Root,3,4,2,PFAF
Allium canadense mobilense,Canadian Garlic,https://pfaf.org/user/Plant.aspx?LatinName=Allium+canadense+mobilense,Flowers; Leaves; Root,3,5,2,PFAF
Allium carinatum,Keeled Garlic,https://pfaf.org/user/Plant.aspx?LatinName=Allium+carinatum,Flowers; Leaves; Root,3,3,2,PFAF
Allium carolinianum,,https://pfaf.org/user/Plant.aspx?LatinName=Allium+carolinianum,Flowers; Leaves; Root,3,3,2,PFAF
Allium cepa,"Onion, Garden onion",https://pfaf.org/user/Plant.aspx?LatinName=Allium+cepa,Flowers; Leaves; Root; Seed,4,5,3,PFAF
Allium cepa aggregatum,Potato Onion,https://pfaf.org/user/Plant.aspx?LatinName=Allium+cepa+aggregatum,Flowers; Leaves; Root,3,4,3,PFAF
Allium cepa ascalonicum,Shallot,https://pfaf.org/user/Plant.aspx?LatinName=Allium+cepa+ascalonicum,Flowers; Leaves; Root,3,5,3,PFAF
Allium cepa proliferum,"Tree Onion, Walking Onion",https://pfaf.org/user/Plant.aspx?LatinName=Allium+cepa+proliferum,Leaves; Root,2,5,3,PFAF
Allium cernuum,"Nodding Onion, New Mexican nodding onion",https://pfaf.org/user/Plant.aspx?LatinName=Allium+cernuum,Flowers; Leaves; Root,3,5,2,PFAF
Allium chinense,Rakkyo,https://pfaf.org/user/Plant.aspx?LatinName=Allium+chinense,Flowers; Leaves; Root; Seedpod,4,4,2,PFAF
Allium condensatum,,https://pfaf.org/user/Plant.aspx?LatinName=Allium+condensatum,Flowers; Leaves; Root,3,3,2,PFAF
Allium cupanii,,https://pfaf.org/user/Plant.aspx?LatinName=Allium+cupanii,Flowers; Leaves; Root,3,3,2,PFAF
Allium douglasii,Douglas' Onion,https://pfaf.org/user/Plant.aspx?LatinName=Allium+douglasii,Flowers; Leaves; Root,3,3,2,PFAF
Allium dregeanum,Wild Onion,https://pfaf.org/user/Plant.aspx?LatinName=Allium+dregeanum,Flowers; Leaves; Root,3,3,2,PFAF
Allium drummondii,"Prairie Onion, Drummond's onion",https://pfaf.org/user/Plant.aspx?LatinName=Allium+drummondii,Flowers; Leaves; Root,3,3,2,PFAF
Allium fistulosum,Welsh Onion,https://pfaf.org/user/Plant.aspx?LatinName=Allium+fistulosum,Flowers; Leaves; Root,3,5,2,PFAF
Allium flavum,"Small Yellow Onion, Ornamental Onion",https://pfaf.org/user/Plant.aspx?LatinName=Allium+flavum,Flowers; Leaves; Root,3,2,2,PFAF
Allium galanthum,,https://pfaf.org/user/Plant.aspx?LatinName=Allium+galanthum,Flowers; Leaves; Root,3,3,2,PFAF
Allium geyeri,"Geyer's Onion, Bulbil onion",https://pfaf.org/user/Plant.aspx?LatinName=Allium+geyeri,Flowers; Leaves; Root,3,3,2,PFAF
Allium geyeri tenerum,,https://pfaf.org/user/Plant.aspx?LatinName=Allium+geyeri+tenerum,Flowers; Leaves; Root,3,3,2,PFAF
Allium giganteum,"Giant Onion, Ornamental Onion",https://pfaf.org/user/Plant.aspx?LatinName=Allium+giganteum,Flowers; Leaves; Root,3,3,2,PFAF
Allium hookeri,,https://pfaf.org/user/Plant.aspx?LatinName=Allium+hookeri,Flowers; Leaves; Root,3,3,2,PFAF
Allium kunthii,Kunth's onion,https://pfaf.org/user/Plant.aspx?LatinName=Allium+kunthii,Flowers; Leaves; Root,3,3,2,PFAF
Allium kurrat,Egyptian Leek,https://pfaf.org/user/Plant.aspx?LatinName=Allium+kurrat,Flowers; Leaves; Root,3,3,2,PFAF
Allium ledebourianum,,https://pfaf.org/user/Plant.aspx?LatinName=Allium+ledebourianum,Flowers; Leaves; Root,3,3,2,PFAF
Allium macleanii,,https://pfaf.org/user/Plant.aspx?LatinName=Allium+macleanii,Flowers; Leaves; Root,3,3,2,PFAF
Allium macropetalum,Largeflower Wild Onion,https://pfaf.org/user/Plant.aspx?LatinName=Allium+macropetalum,Flowers; Leaves; Root,3,4,2,PFAF
Allium macrostemon,No-Binu,https://pfaf.org/user/Plant.aspx?LatinName=Allium+macrostemon,Flowers; Leaves; Root,3,3,2,PFAF
Allium moly,"Golden Garlic, Ornamental Onion",https://pfaf.org/user/Plant.aspx?LatinName=Allium+moly,Flowers; Leaves; Root,3,4,2,PFAF
Allium monanthum,,https://pfaf.org/user/Plant.aspx?LatinName=Allium+monanthum,Flowers; Leaves; Root,3,3,2,PFAF
Allium mutabile,Wild Onion,https://pfaf.org/user/Plant.aspx?LatinName=Allium+mutabile,Flowers; Leaves; Root,3,3,2,PFAF
Allium neapolitanum,"Daffodil Garlic, White garlic",https://pfaf.org/user/Plant.aspx?LatinName=Allium+neapolitanum,Flowers; Leaves; Root,3,5,2,PFAF
Allium nutans,Blue Chives,https://pfaf.org/user/Plant.aspx?LatinName=Allium+nutans,Leaves,1,3,0,PFAF
Allium obliquum,Twistedleaf Garlic,https://pfaf.org/user/Plant.aspx?LatinName=Allium+obliquum,Flowers; Leaves; Root,3,3,2,PFAF
Allium oleraceum,Field Garlic,https://pfaf.org/user/Plant.aspx?LatinName=Allium+oleraceum,Flowers; Leaves; Root,3,3,2,PFAF
Allium orientale,,https://pfaf.org/user/Plant.aspx?LatinName=Allium+orientale,Flowers; Leaves; Root,3,3,2,PFAF
Allium oschaninii,,https://pfaf.org/user/Plant.aspx?LatinName=Allium+oschaninii,Flowers; Leaves; Root,3,3,2,PFAF
Allium paradoxum,Few-Flowered Leek,https://pfaf.org/user/Plant.aspx?LatinName=Allium+paradoxum,Flowers; Leaves; Root,3,5,2,PFAF
Allium pendulinum,,https://pfaf.org/user/Plant.aspx?LatinName=Allium+pendulinum,Flowers; Leaves; Root,3,3,2,PFAF
Allium platycaule,Broadstemmed Onion,https://pfaf.org/user/Plant.aspx?LatinName=Allium+platycaule,Flowers; Leaves; Root; Seed,4,3,2,PFAF
Allium porrum,"Leek, Garden leek",https://pfaf.org/user/Plant.aspx?LatinName=Allium+porrum,Flowers; Leaves; Root,3,4,2,PFAF
Allium przewalskianum,,https://pfaf.org/user/Plant.aspx?LatinName=Allium+przewalskianum,Flowers; Leaves; Root,3,3,2,PFAF
Allium ramosum,Chinese Chives,https://pfaf.org/user/Plant.aspx?LatinName=Allium+ramosum,Flowers; Leaves; Root,3,4,2,PFAF
Allium roseum,Rosy Garlic,https://pfaf.org/user/Plant.aspx?LatinName=Allium+roseum,Flowers; Leaves; Root,3,3,2,PFAF
Allium rubellum,,https://pfaf.org/user/Plant.aspx?LatinName=Allium+rubellum,Flowers; Leaves; Root,3,3,2,PFAF
Allium ruhmerianum,,https://pfaf.org/user/Plant.aspx?LatinName=Allium+ruhmerianum,Flowers; Leaves; Root,3,3,2,PFAF
Allium sacculiferum,,https://pfaf.org/user/Plant.aspx?LatinName=Allium+sacculiferum,Flowers; Leaves; Root,3,3,2,PFAF
Allium sativum,"Garlic, Cultivated garlic",https://pfaf.org/user/Plant.aspx?LatinName=Allium+sativum,Flowers; Leaves; Root; Seed,4,5,5,PFAF
Allium sativum ophioscorodon,Serpent Garlic,https://pfaf.org/user/Plant.aspx?LatinName=Allium+sativum+ophioscorodon,Flowers; Leaves; Root; Seed,4,5,5,PFAF
Allium schoenoprasum,"Chives, Wild chives, Flowering Onion",https://pfaf.org/user/Plant.aspx?LatinName=Allium+schoenoprasum,Flowers; Leaves; Root,3,5,2,PFAF
Allium schoenoprasum sibiricum,Giant Chives,https://pfaf.org/user/Plant.aspx?LatinName=Allium+schoenoprasum+sibiricum,Flowers; Leaves; Root,3,5,2,PFAF
Allium scorodoprasum,"Rocambole, Sand leek",https://pfaf.org/user/Plant.aspx?LatinName=Allium+scorodoprasum,Flowers; Leaves; Root,3,4,2,PFAF
Allium scorodoprasum rotundum,,https://pfaf.org/user/Plant.aspx?LatinName=Allium+scorodoprasum+rotundum,Flowers; Leaves; Root,3,4,2,PFAF
Allium semenovii,,https://pfaf.org/user/Plant.aspx?LatinName=Allium+semenovii,Flowers; Leaves; Root,3,3,2,PFAF
Allium senescens,German Garlic,https://pfaf.org/user/Plant.aspx?LatinName=Allium+senescens,Flowers; Leaves; Root,3,4,2,PFAF
Allium sphaerocephalon,Round-Headed Leek,https://pfaf.org/user/Plant.aspx?LatinName=Allium+sphaerocephalon,Flowers; Leaves; Root,3,3,2,PFAF
Allium splendens,Miyama-Rakkyo,https://pfaf.org/user/Plant.aspx?LatinName=Allium+splendens,Flowers; Leaves; Root,3,3,2,PFAF
Allium stellatum,"Prairie Onion, Autumn onion",https://pfaf.org/user/Plant.aspx?LatinName=Allium+stellatum,Flowers; Leaves; Root,3,3,2,PFAF
Allium stipitatum,,https://pfaf.org/user/Plant.aspx?LatinName=Allium+stipitatum,Flowers; Leaves; Root,3,3,2,PFAF
Allium stracheyi,,https://pfaf.org/user/Plant.aspx?LatinName=Allium+stracheyi,Flowers; Leaves; Root,3,3,2,PFAF
Allium suaveolens,,https://pfaf.org/user/Plant.aspx?LatinName=Allium+suaveolens,Flowers; Leaves; Root,3,3,2,PFAF
Allium subhirsutum,,https://pfaf.org/user/Plant.aspx?LatinName=Allium+subhirsutum,Flowers; Leaves; Root,3,4,2,PFAF
Allium textile,Textile Onion,https://pfaf.org/user/Plant.aspx?LatinName=Allium+textile,Flowers; Leaves; Root,3,3,2,PFAF
Allium thunbergii,,https://pfaf.org/user/Plant.aspx?LatinName=Allium+thunbergii,Flowers; Leaves; Root,3,3,2,PFAF
Allium tricoccum,"Wood Leek, Ramp",https://pfaf.org/user/Plant.aspx?LatinName=Allium+tricoccum,Flowers; Leaves; Root,3,4,2,PFAF
Allium triquetrum,Three-Cornered Leek,https://pfaf.org/user/Plant.aspx?LatinName=Allium+triquetrum,Flowers; Leaves; Root,3,5,2,PFAF
Allium tuberosum,"Garlic Chives, Chinese chives, Oriental Chives,",https://pfaf.org/user/Plant.aspx?LatinName=Allium+tuberosum,Flowers; Leaves; Oil; Root,4,5,2,PFAF
Allium unifolium,One-Leaved Onion,https://pfaf.org/user/Plant.aspx?LatinName=Allium+unifolium,Flowers; Leaves; Root; Shoots,4,3,2,PFAF
Allium ursinum,Wild Garlic,https://pfaf.org/user/Plant.aspx?LatinName=Allium+ursinum,Flowers; Leaves; Root,3,5,3,PFAF
Allium validum,"Swamp Onion, Pacific onion",https://pfaf.org/user/Plant.aspx?LatinName=Allium+validum,Flowers; Leaves; Root,3,3,2,PFAF
Allium victorialis,"Alpine Leek, Victory onion",https://pfaf.org/user/Plant.aspx?LatinName=Allium+victorialis,Flowers; Leaves; Root,3,4,2,PFAF
Allium vineale,"Crow Garlic, Wild garlic, Compact onion, False Garlic, Wild, Onion",https://pfaf.org/user/Plant.aspx?LatinName=Allium+vineale,Flowers; Leaves; Root,3,3,2,PFAF
Allium wallichii,Jimbur,https://pfaf.org/user/Plant.aspx?LatinName=Allium+wallichii,Flowers; Leaves; Root,3,3,2,PFAF
Alnus rhombifolia,White Alder,https://pfaf.org/user/Plant.aspx?LatinName=Alnus+rhombifolia,Flowers; Inner bark,2,1,2,PFAF
Alnus rubra,"Red Alder, Oregon Alder",https://pfaf.org/user/Plant.aspx?LatinName=Alnus+rubra,Flowers; Inner bark; Sap,3,2,2,PFAF
Alnus sinuata,Sitka Alder,https://pfaf.org/user/Plant.aspx?LatinName=Alnus+sinuata,Flowers,1,1,1,PFAF
Alnus tenuifolia,"Mountain Alder, Thinleaf alder",https://pfaf.org/user/Plant.aspx?LatinName=Alnus+tenuifolia,Flowers,1,1,2,PFAF
Alnus viridis crispa,American Green Alder,https://pfaf.org/user/Plant.aspx?LatinName=Alnus+viridis+crispa,Flowers,1,1,2,PFAF
Alocasia macrorrhizos,"Giant Taro, Giant Elephant Ear",https://pfaf.org/user/Plant.aspx?LatinName=Alocasia+macrorrhizos,Stem,1,3,2,PFAF
Aloe arborescens,"Candelabra Aloe, Tree Aloe, Mountain Bush Aloe",https://pfaf.org/user/Plant.aspx?LatinName=Aloe+arborescens,Nectar; Stem,2,2,5,PFAF
Aloe ferox,"Cape Aloe, Bitter Aloe, Red Aloe, Cape Aloe, Alligator Jaw Aloe",https://pfaf.org/user/Plant.aspx?LatinName=Aloe+ferox,Flowers; Tea,2,2,5,PFAF
Aloe vera,"Aloe Vera, Barbados aloe, First Aid Plant, Medicinal Aloe",https://pfaf.org/user/Plant.aspx?LatinName=Aloe+vera,Leaves; Seed,2,1,5,PFAF
Alopecurus aequalis,"Shortawn Foxtail, Sonoma shortawn foxtail",https://pfaf.org/user/Plant.aspx?LatinName=Alopecurus+aequalis,Seed,1,2,1,PFAF
Alstroemeria aurea,Peruvian Lily,https://pfaf.org/user/Plant.aspx?LatinName=Alstroemeria+aurea,Root,1,1,0,PFAF
Alstroemeria haemantha,Purple-spot parrot-lily,https://pfaf.org/user/Plant.aspx?LatinName=Alstroemeria+haemantha,Root,1,3,0,PFAF
Alstroemeria ligtu,"Alstroemeria, St. Martin's Flower",https://pfaf.org/user/Plant.aspx?LatinName=Alstroemeria+ligtu,Root,1,3,0,PFAF
Alstroemeria pelegrina,Peruvian Lily,https://pfaf.org/user/Plant.aspx?LatinName=Alstroemeria+pelegrina,Root,1,2,0,PFAF
Alstroemeria revoluta,,https://pfaf.org/user/Plant.aspx?LatinName=Alstroemeria+revoluta,Root,1,2,0,PFAF
Alstroemeria spectabilis,,https://pfaf.org/user/Plant.aspx?LatinName=Alstroemeria+spectabilis,Root,1,2,0,PFAF
Alstroemeria versicolor,,https://pfaf.org/user/Plant.aspx?LatinName=Alstroemeria+versicolor,Root,1,2,0,PFAF
Alternanthera sissoo,"Brazilian Spinach, Sambu, Samba lettuce",https://pfaf.org/user/Plant.aspx?LatinName=Alternanthera+sissoo,Shoots,1,4,0,PFAF
Althaea officinalis,"Marsh Mallow, Common marshmallow",https://pfaf.org/user/Plant.aspx?LatinName=Althaea+officinalis,Egg; Leaves; Oil; Root; Tea,5,5,5,PFAF
Amaranthus albus,Prostrate Pigweed,https://pfaf.org/user/Plant.aspx?LatinName=Amaranthus+albus,Leaves; Seed,2,4,0,PFAF
Amaranthus bidentata,,https://pfaf.org/user/Plant.aspx?LatinName=Amaranthus+bidentata,Leaves; Seed,2,2,1,PFAF
Amaranthus blitoides,Mat Amaranth,https://pfaf.org/user/Plant.aspx?LatinName=Amaranthus+blitoides,Leaves; Seed,2,3,0,PFAF
Amaranthus blitum,"Slender Amaranth, Purple amaranth",https://pfaf.org/user/Plant.aspx?LatinName=Amaranthus+blitum,Colouring; Leaves; Seed,3,4,2,PFAF
Amaranthus campestris,,https://pfaf.org/user/Plant.aspx?LatinName=Amaranthus+campestris,Leaves; Seed,2,2,1,PFAF
Amaranthus caudatus,Love Lies Bleeding,https://pfaf.org/user/Plant.aspx?LatinName=Amaranthus+caudatus,Colouring; Leaves; Seed,3,4,1,PFAF
Amaranthus cruentus,"Purple Amaranth, Red amaranth",https://pfaf.org/user/Plant.aspx?LatinName=Amaranthus+cruentus,Colouring; Leaves; Seed,3,5,2,PFAF
Amaranthus diacanthus,,https://pfaf.org/user/Plant.aspx?LatinName=Amaranthus+diacanthus,Leaves; Seed,2,2,0,PFAF
Amaranthus dubius,Spleen Amaranth,https://pfaf.org/user/Plant.aspx?LatinName=Amaranthus+dubius,Leaves; Seed,2,2,0,PFAF
Amaranthus frumentaceus,,https://pfaf.org/user/Plant.aspx?LatinName=Amaranthus+frumentaceus,Leaves; Seed,2,2,0,PFAF
Amaranthus graecizans,"Spreading Pigweed, Mediterranean amaranth",https://pfaf.org/user/Plant.aspx?LatinName=Amaranthus+graecizans,Leaves; Seed,2,2,0,PFAF
Amaranthus hybridus,"Rough Pigweed, Slim amaranth",https://pfaf.org/user/Plant.aspx?LatinName=Amaranthus+hybridus,Leaves; Seed,2,5,1,PFAF
Amaranthus hypochondriacus,"Prince's Feather, Prince-of-wales feather",https://pfaf.org/user/Plant.aspx?LatinName=Amaranthus+hypochondriacus,Colouring; Leaves; Seed,3,4,3,PFAF
Amaranthus mangostanus,,https://pfaf.org/user/Plant.aspx?LatinName=Amaranthus+mangostanus,Leaves; Seed; Stem,3,2,0,PFAF
Amaranthus mitchellii,Boggabri Weed,https://pfaf.org/user/Plant.aspx?LatinName=Amaranthus+mitchellii,Leaves; Seed,2,2,0,PFAF
Amaranthus pallidiflorus,,https://pfaf.org/user/Plant.aspx?LatinName=Amaranthus+pallidiflorus,Leaves; Seed,2,2,0,PFAF
Amaranthus palmeri,Careless Weed,https://pfaf.org/user/Plant.aspx?LatinName=Amaranthus+palmeri,Leaves; Seed,2,5,0,PFAF
Amaranthus polygamus,,https://pfaf.org/user/Plant.aspx?LatinName=Amaranthus+polygamus,Leaves; Seed,2,2,1,PFAF
Amaranthus polystachyus,,https://pfaf.org/user/Plant.aspx?LatinName=Amaranthus+polystachyus,Leaves; Seed,2,2,0,PFAF
Amaranthus powellii,Powell's Amaranth,https://pfaf.org/user/Plant.aspx?LatinName=Amaranthus+powellii,Leaves; Seed,2,5,0,PFAF
Amaranthus quitensis,Ataco,https://pfaf.org/user/Plant.aspx?LatinName=Amaranthus+quitensis,Colouring; Leaves; Seed,3,2,0,PFAF
Amaranthus retroflexus,"Pigweed, Redroot amaranth, Wild Beet",https://pfaf.org/user/Plant.aspx?LatinName=Amaranthus+retroflexus,Leaves; Seed,2,5,2,PFAF
Amaranthus spinosus,Spiny Amaranth,https://pfaf.org/user/Plant.aspx?LatinName=Amaranthus+spinosus,Leaves; Seed,2,2,3,PFAF
Amaranthus standleyanus,Indehiscent Pigweed,https://pfaf.org/user/Plant.aspx?LatinName=Amaranthus+standleyanus,Leaves; Seed,2,2,0,PFAF
Amaranthus tenuifolius,,https://pfaf.org/user/Plant.aspx?LatinName=Amaranthus+tenuifolius,Leaves; Seed,2,2,0,PFAF
Amaranthus thunbergii,"Thunberg's Pigweed, Thunberg's amaranthus",https://pfaf.org/user/Plant.aspx?LatinName=Amaranthus+thunbergii,Leaves; Seed,2,2,0,PFAF
Amaranthus torreyi,Torrey's amaranthus,https://pfaf.org/user/Plant.aspx?LatinName=Amaranthus+torreyi,Leaves; Seed,2,4,0,PFAF
Amaranthus tricolor,"Chinese Spinach, Joseph's-coat, Fountain Plant, Tampala , Summer Poinsettia",https://pfaf.org/user/Plant.aspx?LatinName=Amaranthus+tricolor,Leaves; Seed; Stem,3,3,1,PFAF
Amaranthus viridis,"Calalu, Slender amaranth",https://pfaf.org/user/Plant.aspx?LatinName=Amaranthus+viridis,Leaves; Seed,2,3,2,PFAF
Ambrosia artemesiifolia,"Roman Wormwood, Bitterweed, Blackweed, Carrot Weed, Hay Fever Weed, Stickeweed, Tassel Weed, Wild Ta",https://pfaf.org/user/Plant.aspx?LatinName=Ambrosia+artemesiifolia,Oil,1,2,3,PFAF
Ambrosia trifida,"Giant Ragweed, Great ragweed, Texan great ragweed, Bitterweed, Bloodweed, Buffalo Weed, Horse Cane",https://pfaf.org/user/Plant.aspx?LatinName=Ambrosia+trifida,Oil,1,1,3,PFAF
Amelanchier alnifolia,"Saskatoon, Saskatoon serviceberry, Serviceberry",https://pfaf.org/user/Plant.aspx?LatinName=Amelanchier+alnifolia,Fruit; Tea,2,5,2,PFAF
Amelanchier alnifolia cusickii,Cusick's Serviceberry,https://pfaf.org/user/Plant.aspx?LatinName=Amelanchier+alnifolia+cusickii,Fruit,1,4,1,PFAF
Amelanchier alnifolia semiintegrifolia,Pacific Serviceberry,https://pfaf.org/user/Plant.aspx?LatinName=Amelanchier+alnifolia+semiintegrifolia,Fruit,1,5,1,PFAF
Amelanchier arborea,"Downy Serviceberry, Alabama serviceberry, Juneberry, Common Serviceberry, Downy Serviceberry",https://pfaf.org/user/Plant.aspx?LatinName=Amelanchier+arborea,Fruit,1,3,1,PFAF
Amelanchier asiatica,Korean Juneberry,https://pfaf.org/user/Plant.aspx?LatinName=Amelanchier+asiatica,Fruit,1,3,0,PFAF
Amelanchier bartramiana,Oblongfruit serviceberry,https://pfaf.org/user/Plant.aspx?LatinName=Amelanchier+bartramiana,Fruit,1,3,0,PFAF
Amelanchier basalticola,Dwarf Service-berry,https://pfaf.org/user/Plant.aspx?LatinName=Amelanchier+basalticola,Fruit,1,4,0,PFAF
Amelanchier canadensis,"Juneberry, Canadian serviceberry, Serviceberry Downy, Shadblow, Shadbush, Serviceberry",https://pfaf.org/user/Plant.aspx?LatinName=Amelanchier+canadensis,Fruit,1,4,1,PFAF
Amelanchier confusa,Apple Serviceberry,https://pfaf.org/user/Plant.aspx?LatinName=Amelanchier+confusa,Fruit,1,5,0,PFAF
Amelanchier humilis,Low serviceberry,https://pfaf.org/user/Plant.aspx?LatinName=Amelanchier+humilis,Fruit,1,3,0,PFAF
Amelanchier huroensis,,https://pfaf.org/user/Plant.aspx?LatinName=Amelanchier+huroensis,Fruit,1,3,0,PFAF
Amelanchier interior,Pacific serviceberry,https://pfaf.org/user/Plant.aspx?LatinName=Amelanchier+interior,Fruit,1,3,0,PFAF
Amelanchier intermedia,"June berry,",https://pfaf.org/user/Plant.aspx?LatinName=Amelanchier+intermedia,Fruit,1,3,0,PFAF
Amelanchier laevis,"Allegheny Shadberry, Allegheny serviceberry, Smooth Serviceberry",https://pfaf.org/user/Plant.aspx?LatinName=Amelanchier+laevis,Fruit,1,5,1,PFAF
Amelanchier lamarckii,Apple Serviceberry,https://pfaf.org/user/Plant.aspx?LatinName=Amelanchier+lamarckii,Fruit,1,5,0,PFAF
Amelanchier obovalis,"Southern Juneberry, Coastal serviceberry",https://pfaf.org/user/Plant.aspx?LatinName=Amelanchier+obovalis,Fruit,1,3,0,PFAF
Amelanchier ovalis,"Snowy Mespilus, Dwarf Garden Serviceberry",https://pfaf.org/user/Plant.aspx?LatinName=Amelanchier+ovalis,Fruit,1,2,0,PFAF
Amelanchier ovalis integrifolia,,https://pfaf.org/user/Plant.aspx?LatinName=Amelanchier+ovalis+integrifolia,Fruit,1,2,0,PFAF
Amelanchier pallida,Pale Serviceberry,https://pfaf.org/user/Plant.aspx?LatinName=Amelanchier+pallida,Fruit,1,3,1,PFAF
Amelanchier parviflora,,https://pfaf.org/user/Plant.aspx?LatinName=Amelanchier+parviflora,Fruit,1,2,0,PFAF
Amelanchier sanguinea,"Roundleaf Serviceberry, Gaspé serviceberry",https://pfaf.org/user/Plant.aspx?LatinName=Amelanchier+sanguinea,Fruit,1,3,0,PFAF
Amelanchier spicata,,https://pfaf.org/user/Plant.aspx?LatinName=Amelanchier+spicata,Fruit,1,3,0,PFAF
Amelanchier stolonifera,"Quebec Berry, Running serviceberry",https://pfaf.org/user/Plant.aspx?LatinName=Amelanchier+stolonifera,Fruit,1,5,1,PFAF
Amelanchier utahensis,"Utah Serviceberry, Coville's serviceberry",https://pfaf.org/user/Plant.aspx?LatinName=Amelanchier+utahensis,Fruit,1,4,1,PFAF
Amelanchier weigandii,,https://pfaf.org/user/Plant.aspx?LatinName=Amelanchier+weigandii,Fruit,1,3,0,PFAF
Amelanchier x grandiflora,Apple Serviceberry,https://pfaf.org/user/Plant.aspx?LatinName=Amelanchier+x+grandiflora,Fruit,1,5,0,PFAF
Amelasorbus jackii,Jack's amelasorbus,https://pfaf.org/user/Plant.aspx?LatinName=Amelasorbus+jackii,Fruit,1,2,0,PFAF
Ammi majus,"Bishop's Weed, Large bullwort, Queen Anne's Lace, Bishop's Flower",https://pfaf.org/user/Plant.aspx?LatinName=Ammi+majus,Condiment,1,1,3,PFAF
Ammi visnaga,"Visnaga. Khella. Bishop's Weed, Toothpickweed",https://pfaf.org/user/Plant.aspx?LatinName=Ammi+visnaga,Leaves,1,1,5,PFAF
Ammophila arenaria,"Marram Grass, European beachgrass",https://pfaf.org/user/Plant.aspx?LatinName=Ammophila+arenaria,Root,1,1,0,PFAF
Amomyrtus luma,"Luma, Chilean guava,",https://pfaf.org/user/Plant.aspx?LatinName=Amomyrtus+luma,Fruit,1,3,0,PFAF
Amorpha canescens,Lead Plant,https://pfaf.org/user/Plant.aspx?LatinName=Amorpha+canescens,Oil; Tea,2,2,2,PFAF
Amorpha fruticosa,"False Indigo, False indigo bush",https://pfaf.org/user/Plant.aspx?LatinName=Amorpha+fruticosa,Condiment; Oil,2,1,2,PFAF
Amorphophallus paeoniifolius,"Elephant Yam, Whitespot giant arum",https://pfaf.org/user/Plant.aspx?LatinName=Amorphophallus+paeoniifolius,Leaves; Root,2,4,2,PFAF
Amorphophallus rivieri,"Devil's Tongue, Umbrella Arum, Leopard Palm, Snake Palm",https://pfaf.org/user/Plant.aspx?LatinName=Amorphophallus+rivieri,Root,1,2,2,PFAF
Ampelopsis arborea,Pepper Vine,https://pfaf.org/user/Plant.aspx?LatinName=Ampelopsis+arborea,Fruit,1,2,0,PFAF
Ampelopsis brevipedunculata,"Porcelain Berry, Amur peppervine, Blueberry Climber, Porcelain Berry Vine",https://pfaf.org/user/Plant.aspx?LatinName=Ampelopsis+brevipedunculata,Fruit; Leaves,2,2,2,PFAF
Ampelopsis humulifolia,,https://pfaf.org/user/Plant.aspx?LatinName=Ampelopsis+humulifolia,Fruit; Leaves,2,2,0,PFAF
Amphicarpaea bracteata,"Hog Peanut, American hogpeanut",https://pfaf.org/user/Plant.aspx?LatinName=Amphicarpaea+bracteata,Root; Seed,2,5,1,PFAF
Amphicarpaea edgeworthii,,https://pfaf.org/user/Plant.aspx?LatinName=Amphicarpaea+edgeworthii,Seed; Seedpod,2,4,0,PFAF
Amphicarpaea pitcheri,Hog Peanut,https://pfaf.org/user/Plant.aspx?LatinName=Amphicarpaea+pitcheri,Root; Seed,2,5,0,PFAF
Amsinckia lycopsoides,Tarweed Fiddleneck,https://pfaf.org/user/Plant.aspx?LatinName=Amsinckia+lycopsoides,Leaves; Seed; Shoots,3,1,0,PFAF
Amsinckia tesselata,Bristly Fiddleneck,https://pfaf.org/user/Plant.aspx?LatinName=Amsinckia+tesselata,Leaves; Seed,2,1,0,PFAF
Anacamptis pyramidalis,Pyramidal Orchid,https://pfaf.org/user/Plant.aspx?LatinName=Anacamptis+pyramidalis,Drink; Root,2,2,1,PFAF
Anacardium occidentale,"Cashew, Caju",https://pfaf.org/user/Plant.aspx?LatinName=Anacardium+occidentale,Gum; Oil; Shoots,3,5,3,PFAF
Anagallis arvensis,Scarlet Pimpernel,https://pfaf.org/user/Plant.aspx?LatinName=Anagallis+arvensis,Leaves; Shoots,2,2,2,PFAF
Ananas comosus,Pineapple,https://pfaf.org/user/Plant.aspx?LatinName=Ananas+comosus,Shoots; Stem,2,5,2,PFAF
Anaphalis margaritacea,"Pearly Everlasting, Western pearly everlasting",https://pfaf.org/user/Plant.aspx?LatinName=Anaphalis+margaritacea,Leaves,1,1,2,PFAF
Anchusa azurea,"Anchusa, Italian bugloss",https://pfaf.org/user/Plant.aspx?LatinName=Anchusa+azurea,Flowers; Leaves; Shoots,3,2,1,PFAF
Anchusa officinalis,"Alkanet, Common bugloss",https://pfaf.org/user/Plant.aspx?LatinName=Anchusa+officinalis,Colouring; Flowers; Leaves; Shoots,4,2,1,PFAF
Andromeda glaucophylla,Bog Rosemary,https://pfaf.org/user/Plant.aspx?LatinName=Andromeda+glaucophylla,Shoots; Tea,2,2,0,PFAF
Andromeda polifolia,"Marsh Andromeda, Bog rosemary",https://pfaf.org/user/Plant.aspx?LatinName=Andromeda+polifolia,Shoots; Tea,2,2,1,PFAF
Androstephium caeruleum,Blue Funnel Lily,https://pfaf.org/user/Plant.aspx?LatinName=Androstephium+caeruleum,Root,1,1,0,PFAF
Anemone flaccida,,https://pfaf.org/user/Plant.aspx?LatinName=Anemone+flaccida,Leaves,1,1,0,PFAF
Anemone narcissiflora,"Narcissus-Flowered Anemone, Narcissus anemone",https://pfaf.org/user/Plant.aspx?LatinName=Anemone+narcissiflora,Leaves; Root,2,1,0,PFAF
Anemone nikoensis,,https://pfaf.org/user/Plant.aspx?LatinName=Anemone+nikoensis,Leaves,1,1,0,PFAF
Anemone rivularis,Cao Yu Mei,https://pfaf.org/user/Plant.aspx?LatinName=Anemone+rivularis,Seed,1,1,2,PFAF
Anemone stolonifera,,https://pfaf.org/user/Plant.aspx?LatinName=Anemone+stolonifera,Leaves,1,1,0,PFAF
Anemonella thalictroides,Rue-Anemone,https://pfaf.org/user/Plant.aspx?LatinName=Anemonella+thalictroides,Root,1,2,1,PFAF
Anemopsis californica,Yerba Mansa,https://pfaf.org/user/Plant.aspx?LatinName=Anemopsis+californica,Root,1,3,2,PFAF
Anethum graveolens,Dill,https://pfaf.org/user/Plant.aspx?LatinName=Anethum+graveolens,Condiment; Leaves; Seed; Tea,4,4,3,PFAF
Angelica acutiloba,Dong Dang Gui,https://pfaf.org/user/Plant.aspx?LatinName=Angelica+acutiloba,Leaves,1,2,1,PFAF
Angelica archangelica,"Angelica, Norwegian angelica",https://pfaf.org/user/Plant.aspx?LatinName=Angelica+archangelica,Condiment; Leaves; Root; Seed; Shoots; Stem,6,3,3,PFAF
Angelica atropurpurea,Purplestem Angelica,https://pfaf.org/user/Plant.aspx?LatinName=Angelica+atropurpurea,Leaves; Root; Shoots; Stem,4,2,2,PFAF
Angelica crucifolia,,https://pfaf.org/user/Plant.aspx?LatinName=Angelica+crucifolia,Leaves,1,2,0,PFAF
Angelica dahurica,Bai Zhi,https://pfaf.org/user/Plant.aspx?LatinName=Angelica+dahurica,Leaves,1,2,3,PFAF
Angelica decursiva,,https://pfaf.org/user/Plant.aspx?LatinName=Angelica+decursiva,Leaves; Shoots,2,2,2,PFAF
Angelica edulis,,https://pfaf.org/user/Plant.aspx?LatinName=Angelica+edulis,Leaves; Shoots,2,2,0,PFAF
Angelica genuflexa,Kneeling Angelica,https://pfaf.org/user/Plant.aspx?LatinName=Angelica+genuflexa,Condiment; Leaves; Stem,3,2,1,PFAF
Angelica gigas,"Giant Angelica, Purple Parsnip, Korean Angelica",https://pfaf.org/user/Plant.aspx?LatinName=Angelica+gigas,Leaves,1,2,2,PFAF
Angelica glauca,,https://pfaf.org/user/Plant.aspx?LatinName=Angelica+glauca,Condiment,1,2,1,PFAF
Angelica japonica,,https://pfaf.org/user/Plant.aspx?LatinName=Angelica+japonica,Condiment; Leaves,2,3,0,PFAF
Angelica keiskei,,https://pfaf.org/user/Plant.aspx?LatinName=Angelica+keiskei,Leaves; Root; Stem,3,2,0,PFAF
Angelica koreana,,https://pfaf.org/user/Plant.aspx?LatinName=Angelica+koreana,Leaves,1,2,0,PFAF
Angelica megaphylla,,https://pfaf.org/user/Plant.aspx?LatinName=Angelica+megaphylla,Leaves,1,2,0,PFAF
Angelica montana,,https://pfaf.org/user/Plant.aspx?LatinName=Angelica+montana,Leaves; Seed,2,2,0,PFAF
Angelica polymorpha,,https://pfaf.org/user/Plant.aspx?LatinName=Angelica+polymorpha,Leaves,1,2,2,PFAF
Angelica pubescens,Du Huo,https://pfaf.org/user/Plant.aspx?LatinName=Angelica+pubescens,Leaves,1,2,3,PFAF
Angelica sylvestris,"Wild Angelica,Woodland angelica",https://pfaf.org/user/Plant.aspx?LatinName=Angelica+sylvestris,Condiment; Leaves; Root; Seed; Shoots,5,3,2,PFAF
Angelica ursina,,https://pfaf.org/user/Plant.aspx?LatinName=Angelica+ursina,Leaves; Shoots,2,2,0,PFAF
Angophora cordifolia,Smooth-Barked Apple,https://pfaf.org/user/Plant.aspx?LatinName=Angophora+cordifolia,Gum,1,0,1,PFAF
Angophora floribunda,Rough-Barked Apple,https://pfaf.org/user/Plant.aspx?LatinName=Angophora+floribunda,Gum,1,0,0,PFAF
Aniba rosaeodora,"Brazilian Rosewood, Rosewood-oil tree",https://pfaf.org/user/Plant.aspx?LatinName=Aniba+rosaeodora,Oil,1,2,3,PFAF
Annona muricata,Sour Sop,https://pfaf.org/user/Plant.aspx?LatinName=Annona+muricata,Shoots,1,4,3,PFAF
Anogeissus leiocarpa,African Birch,https://pfaf.org/user/Plant.aspx?LatinName=Anogeissus+leiocarpa,Gum; Inner bark,2,2,4,PFAF
Anredera cordifolia,"Madeira Vine, Heartleaf madeiravine",https://pfaf.org/user/Plant.aspx?LatinName=Anredera+cordifolia,Leaves; Root,2,2,0,PFAF
Anthemis cotula,"Mayweed, Stinking chamomile",https://pfaf.org/user/Plant.aspx?LatinName=Anthemis+cotula,Leaves; Tea,2,1,2,PFAF
Anthoxanthum odoratum,Sweet Vernal Grass,https://pfaf.org/user/Plant.aspx?LatinName=Anthoxanthum+odoratum,Seed; Tea,2,2,2,PFAF
Anthriscus cerefolium,"Chervil, Garden chervil",https://pfaf.org/user/Plant.aspx?LatinName=Anthriscus+cerefolium,Condiment; Leaves; Root,3,3,2,PFAF
Anthriscus sylvestris,"Cow Parsley, Wild chervil",https://pfaf.org/user/Plant.aspx?LatinName=Anthriscus+sylvestris,Leaves; Root,2,2,1,PFAF
Anthyllis vulneraria,Kidney Vetch,https://pfaf.org/user/Plant.aspx?LatinName=Anthyllis+vulneraria,Tea,1,1,2,PFAF
Antirrhinum majus,"Snapdragon, Garden snapdragon",https://pfaf.org/user/Plant.aspx?LatinName=Antirrhinum+majus,Oil,1,1,1,PFAF
Aphananthe aspera,,https://pfaf.org/user/Plant.aspx?LatinName=Aphananthe+aspera,Fruit,1,1,0,PFAF
Aphanes arvensis,"Parsley Piert, Field parsley piert",https://pfaf.org/user/Plant.aspx?LatinName=Aphanes+arvensis,Leaves,1,2,3,PFAF
Apios americana,Ground Nut,https://pfaf.org/user/Plant.aspx?LatinName=Apios+americana,Root; Seed; Seedpod,3,5,1,PFAF
Apios fortunei,"Hodo, Hodoimo",https://pfaf.org/user/Plant.aspx?LatinName=Apios+fortunei,Root,1,5,1,PFAF
Apios priceana,Traveler's delight,https://pfaf.org/user/Plant.aspx?LatinName=Apios+priceana,Root,1,5,0,PFAF
Apium australe,,https://pfaf.org/user/Plant.aspx?LatinName=Apium+australe,Leaves; Root; Seed,3,3,0,PFAF
Apium filiforme,,https://pfaf.org/user/Plant.aspx?LatinName=Apium+filiforme,Leaves; Seed,2,3,0,PFAF
Apium graveolens,"Wild Celery. Ajmod, Ajwain-ka-patta (Indian)",https://pfaf.org/user/Plant.aspx?LatinName=Apium+graveolens,Condiment; Leaves; Root; Seed,4,3,3,PFAF
Apium graveolens dulce,Celery,https://pfaf.org/user/Plant.aspx?LatinName=Apium+graveolens+dulce,Condiment; Leaves; Root; Seed,4,4,2,PFAF
Apium graveolens rapaceum,Celeriac,https://pfaf.org/user/Plant.aspx?LatinName=Apium+graveolens+rapaceum,Condiment; Leaves; Root; Seed,4,4,2,PFAF
Apium graveolens secalinum,Leaf Celery,https://pfaf.org/user/Plant.aspx?LatinName=Apium+graveolens+secalinum,Leaves; Seed,2,4,2,PFAF
Apium prostratum,"Sea Celery, Prostrate marshwort",https://pfaf.org/user/Plant.aspx?LatinName=Apium+prostratum,Leaves; Root; Seed,3,3,0,PFAF
Apocynum cannabinum,Indian Hemp,https://pfaf.org/user/Plant.aspx?LatinName=Apocynum+cannabinum,Gum; Seed,2,2,2,PFAF
Aponogeton distachyos,"Water Hawthorn, Cape pondweed, Vleikos",https://pfaf.org/user/Plant.aspx?LatinName=Aponogeton+distachyos,Flowers; Root; Shoots; Stem,4,2,0,PFAF
Aquilaria malaccensis,"Agar Wood, Eaglewood, Indian Aloewood, Aloeswood",https://pfaf.org/user/Plant.aspx?LatinName=Aquilaria+malaccensis,Condiment; Inner bark,2,1,3,PFAF
Aquilegia brevistyla,Smallflower columbine,https://pfaf.org/user/Plant.aspx?LatinName=Aquilegia+brevistyla,Flowers,1,2,1,PFAF
Aquilegia buergeriana,,https://pfaf.org/user/Plant.aspx?LatinName=Aquilegia+buergeriana,Flowers; Leaves,2,2,0,PFAF
Aquilegia canadensis,"Wild Columbine, Red columbine, Meeting Houses, Common Columbine",https://pfaf.org/user/Plant.aspx?LatinName=Aquilegia+canadensis,Flowers; Root,2,2,2,PFAF
Aquilegia coerulea,Rocky Mountain Columbine,https://pfaf.org/user/Plant.aspx?LatinName=Aquilegia+coerulea,Flowers,1,2,1,PFAF
Aquilegia flabellata,"Fan Columbine, Dwarf Columbine",https://pfaf.org/user/Plant.aspx?LatinName=Aquilegia+flabellata,Flowers; Leaves; Tea,3,2,0,PFAF
Aquilegia flavescens,"Columbine, Yellow columbine",https://pfaf.org/user/Plant.aspx?LatinName=Aquilegia+flavescens,Flowers,1,2,1,PFAF
Aquilegia formosa,Western Columbine,https://pfaf.org/user/Plant.aspx?LatinName=Aquilegia+formosa,Flowers; Leaves; Root,3,2,2,PFAF
Aquilegia formosa truncata,Columbine,https://pfaf.org/user/Plant.aspx?LatinName=Aquilegia+formosa+truncata,Flowers,1,2,2,PFAF
Aquilegia jonesii,"Columbine, Jones' columbine, Blue limestone columbine",https://pfaf.org/user/Plant.aspx?LatinName=Aquilegia+jonesii,Flowers,1,2,1,PFAF
Aquilegia karelinii,,https://pfaf.org/user/Plant.aspx?LatinName=Aquilegia+karelinii,Flowers,1,2,0,PFAF
Aquilegia pubescens,"Columbine, Sierra columbine",https://pfaf.org/user/Plant.aspx?LatinName=Aquilegia+pubescens,Flowers,1,2,1,PFAF
Aquilegia shockleyi,,https://pfaf.org/user/Plant.aspx?LatinName=Aquilegia+shockleyi,Flowers,1,2,1,PFAF
Aquilegia vulgaris,"Columbine, European columbine, Granny's Bonnet, European Crowfoot",https://pfaf.org/user/Plant.aspx?LatinName=Aquilegia+vulgaris,Flowers; Tea,2,2,1,PFAF
Arabis alpina,"Alpine Rock Cress, Alpine rockcress",https://pfaf.org/user/Plant.aspx?LatinName=Arabis+alpina,Flowers; Leaves,2,2,0,PFAF
Arabis caucasica,"Rock Cress, Wall Rockcress",https://pfaf.org/user/Plant.aspx?LatinName=Arabis+caucasica,Leaves,1,2,0,PFAF
Arabis hirsuta,"Hairy rockcress, Mountain rockcress, Creamflower rockcress",https://pfaf.org/user/Plant.aspx?LatinName=Arabis+hirsuta,Leaves,1,1,0,PFAF
Arabis lyrata,"Rock Cress, Kamchatka rockcress, Lyrate rockcress",https://pfaf.org/user/Plant.aspx?LatinName=Arabis+lyrata,Leaves,1,1,0,PFAF
Arabis pendula,,https://pfaf.org/user/Plant.aspx?LatinName=Arabis+pendula,Leaves,1,1,0,PFAF
Arabis sagittata,,https://pfaf.org/user/Plant.aspx?LatinName=Arabis+sagittata,Leaves,1,1,0,PFAF
Arabis serrata,,https://pfaf.org/user/Plant.aspx?LatinName=Arabis+serrata,Leaves,1,1,0,PFAF
Arachis glabrata,Perennial peanut,https://pfaf.org/user/Plant.aspx?LatinName=Arachis+glabrata,Flowers,1,1,0,PFAF
Arachis hypogaea,Peanut,https://pfaf.org/user/Plant.aspx?LatinName=Arachis+hypogaea,Coffee; Leaves; Oil; Seed; Seedpod,5,4,2,PFAF
Aralia chinensis,"Chinese Angelica Tree, Pumila Spirea, Chinese Astilbe",https://pfaf.org/user/Plant.aspx?LatinName=Aralia+chinensis,Leaves; Shoots,2,2,2,PFAF
Aralia continentalis,Manchurian Spikenard,https://pfaf.org/user/Plant.aspx?LatinName=Aralia+continentalis,Leaves; Root; Shoots; Stem,4,2,0,PFAF
Aralia cordata,Udo,https://pfaf.org/user/Plant.aspx?LatinName=Aralia+cordata,Leaves; Root; Shoots; Stem,4,4,2,PFAF
Aralia elata,"Japanese Angelica Tree, Angelica Tree",https://pfaf.org/user/Plant.aspx?LatinName=Aralia+elata,Leaves; Shoots,2,3,2,PFAF
Aralia hispida,Bristly Sarsaparilla,https://pfaf.org/user/Plant.aspx?LatinName=Aralia+hispida,Drink; Tea,2,2,1,PFAF
Aralia mandschurica,Manchurian Angelica Tree,https://pfaf.org/user/Plant.aspx?LatinName=Aralia+mandschurica,Leaves; Shoots,2,2,2,PFAF
Aralia nudicaulis,Wild Sarsaparilla,https://pfaf.org/user/Plant.aspx?LatinName=Aralia+nudicaulis,Condiment; Fruit; Leaves; Root; Shoots; Tea,6,4,3,PFAF
Aralia racemosa,American Spikenard,https://pfaf.org/user/Plant.aspx?LatinName=Aralia+racemosa,Condiment; Fruit; Leaves; Root; Shoots,5,3,3,PFAF
Aralia schmidtii,Sakhalin Spikenard,https://pfaf.org/user/Plant.aspx?LatinName=Aralia+schmidtii,Leaves; Root; Shoots; Stem,4,2,0,PFAF
Aralia spinosa,"Hercule's Club, Aralia spinosa, American Angelica Tree, Hercules' Club, Devil's Walking Stick",https://pfaf.org/user/Plant.aspx?LatinName=Aralia+spinosa,Leaves,1,2,2,PFAF
Araucaria angustifolia,"Parana Pine. Brazilian-pine, Candelabra-tree.",https://pfaf.org/user/Plant.aspx?LatinName=Araucaria+angustifolia,Sap,1,3,1,PFAF
Araucaria araucana,Monkey Puzzle Tree,https://pfaf.org/user/Plant.aspx?LatinName=Araucaria+araucana,Seed,1,5,1,PFAF
Araucaria bidwillii,"Bunya-Bunya, Monkey Puzzle Tree, False Monkey Puzzle",https://pfaf.org/user/Plant.aspx?LatinName=Araucaria+bidwillii,Seed,1,3,0,PFAF
Araujia sericifera,"Cruel Plant, White bladderflower",https://pfaf.org/user/Plant.aspx?LatinName=Araujia+sericifera,Fruit,1,1,0,PFAF
Arbutus andrachne,Grecian StrawberryTree,https://pfaf.org/user/Plant.aspx?LatinName=Arbutus+andrachne,Fruit,1,3,0,PFAF
Arbutus arizonica,Arizona Maderone,https://pfaf.org/user/Plant.aspx?LatinName=Arbutus+arizonica,Fruit,1,3,1,PFAF
Arbutus canariensis,Canary Madrona,https://pfaf.org/user/Plant.aspx?LatinName=Arbutus+canariensis,Fruit,1,2,0,PFAF
Arbutus menziesii,"Madrona, Pacific madrone, Pacific Madrone",https://pfaf.org/user/Plant.aspx?LatinName=Arbutus+menziesii,Fruit,1,3,2,PFAF
Arbutus texana,Texas Madrone,https://pfaf.org/user/Plant.aspx?LatinName=Arbutus+texana,Fruit,1,2,1,PFAF
Arbutus unedo,Strawberry Tree,https://pfaf.org/user/Plant.aspx?LatinName=Arbutus+unedo,Fruit,1,4,2,PFAF
Arbutus x andrachnoides,,https://pfaf.org/user/Plant.aspx?LatinName=Arbutus+x+andrachnoides,Fruit,1,4,0,PFAF
Arbutus xalapensis,"Madrono, Texas madrone",https://pfaf.org/user/Plant.aspx?LatinName=Arbutus+xalapensis,Fruit,1,3,0,PFAF
Archidendron jiringa,"Jengkol, Jiringa",https://pfaf.org/user/Plant.aspx?LatinName=Archidendron+jiringa,Flowers; Seedpod; Shoots,3,4,2,PFAF
Arctium lappa,"Great Burdock, Gobo",https://pfaf.org/user/Plant.aspx?LatinName=Arctium+lappa,Leaves; Root; Seed; Stem,4,4,5,PFAF
Arctium minus,Lesser Burdock,https://pfaf.org/user/Plant.aspx?LatinName=Arctium+minus,Coffee; Leaves; Root; Seed; Stem,5,4,5,PFAF
Arctostaphylos alpina,Alpine Bearberry,https://pfaf.org/user/Plant.aspx?LatinName=Arctostaphylos+alpina,Fruit,1,2,1,PFAF
Arctostaphylos columbiana,Hairy Manzanita,https://pfaf.org/user/Plant.aspx?LatinName=Arctostaphylos+columbiana,Fruit,1,2,1,PFAF
Arctostaphylos glauca,Bigberry Manzanita,https://pfaf.org/user/Plant.aspx?LatinName=Arctostaphylos+glauca,Drink; Fruit,2,2,2,PFAF
Arctostaphylos manzanita,"Manzanita, Whiteleaf manzanita, Konocti manzanita, Contra Costa manzanita, Roof's manzanita, Wieslan",https://pfaf.org/user/Plant.aspx?LatinName=Arctostaphylos+manzanita,Fruit,1,3,1,PFAF
Arctostaphylos nevadensis,Pine-Mat Manzanita,https://pfaf.org/user/Plant.aspx?LatinName=Arctostaphylos+nevadensis,Fruit; Seed,2,2,1,PFAF
Arctostaphylos parryana,Parry Manzanita,https://pfaf.org/user/Plant.aspx?LatinName=Arctostaphylos+parryana,Fruit,1,1,0,PFAF
Arctostaphylos patula,Greenleaf Manzanita,https://pfaf.org/user/Plant.aspx?LatinName=Arctostaphylos+patula,Fruit; Seed,2,3,1,PFAF
Arctostaphylos pungens,"Grayleaf manzanita, Pointleaf Manzanita",https://pfaf.org/user/Plant.aspx?LatinName=Arctostaphylos+pungens,Fruit,1,3,1,PFAF
Arctostaphylos stanfordiana,"Stanford's manzanita, Rincon manzanita",https://pfaf.org/user/Plant.aspx?LatinName=Arctostaphylos+stanfordiana,Fruit,1,3,0,PFAF
Arctostaphylos tomentosa,"Downy Manzanita, Woollyleaf manzanita, Brittleleaf manzanita, Dacite manzanita, Rosy manzanita, San",https://pfaf.org/user/Plant.aspx?LatinName=Arctostaphylos+tomentosa,Fruit; Seed,2,3,3,PFAF
Arctostaphylos uva-ursi,"Bearberry, Kinnikinnick",https://pfaf.org/user/Plant.aspx?LatinName=Arctostaphylos+uva-ursi,Fruit; Tea,2,3,4,PFAF
Ardisia crispa,,https://pfaf.org/user/Plant.aspx?LatinName=Ardisia+crispa,Leaves,1,1,1,PFAF
Ardisia sieboldii,Duo Zhi Zi Jin Niu,https://pfaf.org/user/Plant.aspx?LatinName=Ardisia+sieboldii,Fruit,1,1,0,PFAF
Areca catechu,"Betel Palm, Betel Nut Palm",https://pfaf.org/user/Plant.aspx?LatinName=Areca+catechu,Shoots,1,3,3,PFAF
Arenaria serpyllifolia,Thyme-Leaf Sandwort,https://pfaf.org/user/Plant.aspx?LatinName=Arenaria+serpyllifolia,Leaves,1,2,2,PFAF
Arenga pinnata,Solitary Sugar Palm,https://pfaf.org/user/Plant.aspx?LatinName=Arenga+pinnata,Drink; Sap; Sweetener,3,4,1,PFAF
Argania spinosa,"Argan Tree, Spiny Argania, Morocco Ironwood",https://pfaf.org/user/Plant.aspx?LatinName=Argania+spinosa,Chocolate; Oil,2,4,2,PFAF
Argemone mexicana,"Prickly Poppy, Mexican pricklypoppy",https://pfaf.org/user/Plant.aspx?LatinName=Argemone+mexicana,Leaves; Oil,2,1,3,PFAF
Argyranthemum foeniculaceum,,https://pfaf.org/user/Plant.aspx?LatinName=Argyranthemum+foeniculaceum,Leaves,1,1,0,PFAF
Arisaema amurense,Tian Nan Xing,https://pfaf.org/user/Plant.aspx?LatinName=Arisaema+amurense,Leaves; Root,2,2,3,PFAF
Arisaema consanguineum,Tian Nan Xing,https://pfaf.org/user/Plant.aspx?LatinName=Arisaema+consanguineum,Leaves,1,1,3,PFAF
Arisaema costatum,,https://pfaf.org/user/Plant.aspx?LatinName=Arisaema+costatum,Root,1,2,0,PFAF
Arisaema dracontium,Green-Dragon,https://pfaf.org/user/Plant.aspx?LatinName=Arisaema+dracontium,Root,1,1,1,PFAF
Arisaema flavum,,https://pfaf.org/user/Plant.aspx?LatinName=Arisaema+flavum,Leaves,1,2,1,PFAF
Arisaema jacquemontii,,https://pfaf.org/user/Plant.aspx?LatinName=Arisaema+jacquemontii,Leaves; Root,2,2,0,PFAF
Arisaema negishii,,https://pfaf.org/user/Plant.aspx?LatinName=Arisaema+negishii,Root,1,2,0,PFAF
Arisaema peninsulare,,https://pfaf.org/user/Plant.aspx?LatinName=Arisaema+peninsulare,Leaves,1,1,0,PFAF
Arisaema quinatum,"Indian Turnip, Jack in the pulpit",https://pfaf.org/user/Plant.aspx?LatinName=Arisaema+quinatum,Root,1,1,0,PFAF
Arisaema serratum,,https://pfaf.org/user/Plant.aspx?LatinName=Arisaema+serratum,Leaves; Root,2,2,1,PFAF
Arisaema tortuosum,Arisaema,https://pfaf.org/user/Plant.aspx?LatinName=Arisaema+tortuosum,Root,1,2,2,PFAF
Arisaema triphyllum,"Jack In The Pulpit, Dragonroot, Indian Turnip",https://pfaf.org/user/Plant.aspx?LatinName=Arisaema+triphyllum,Root,1,3,2,PFAF
Arisaema utile,,https://pfaf.org/user/Plant.aspx?LatinName=Arisaema+utile,Leaves,1,2,0,PFAF
Arisarum vulgare,Friar's Cowl,https://pfaf.org/user/Plant.aspx?LatinName=Arisarum+vulgare,Leaves; Root,2,2,0,PFAF
Aristolochia contorta,Ma Dou Ling,https://pfaf.org/user/Plant.aspx?LatinName=Aristolochia+contorta,Leaves,1,1,3,PFAF
Aristolochia debilis,Ma Dou Ling,https://pfaf.org/user/Plant.aspx?LatinName=Aristolochia+debilis,Leaves,1,1,3,PFAF
Aristotelia chilensis,Macqui,https://pfaf.org/user/Plant.aspx?LatinName=Aristotelia+chilensis,Fruit,1,3,1,PFAF
Aristotelia serrata,,https://pfaf.org/user/Plant.aspx?LatinName=Aristotelia+serrata,Fruit,1,3,1,PFAF
Arjona patagonica,Macachi,https://pfaf.org/user/Plant.aspx?LatinName=Arjona+patagonica,Root,1,2,0,PFAF
Armeria maritima,"Sea Thrift, Thrift seapink, California seapink, Interior seapink, Siberian sea thrift",https://pfaf.org/user/Plant.aspx?LatinName=Armeria+maritima,Leaves; Root,2,1,1,PFAF
Armoracia rusticana,"Horseradish, Red Cole",https://pfaf.org/user/Plant.aspx?LatinName=Armoracia+rusticana,Condiment; Leaves; Root; Seed,4,3,3,PFAF
Aronia arbutifolia,Red Chokeberry,https://pfaf.org/user/Plant.aspx?LatinName=Aronia+arbutifolia,Fruit,1,2,0,PFAF
Aronia melanocarpa,"Black Chokeberry, Black Berried Aronia",https://pfaf.org/user/Plant.aspx?LatinName=Aronia+melanocarpa,Fruit; Pectin,2,3,1,PFAF
Aronia prunifolia,Purple Chokeberry,https://pfaf.org/user/Plant.aspx?LatinName=Aronia+prunifolia,Fruit,1,2,0,PFAF
Arracacia xanthorrhiza,"Peruvian Parsnip, Arracacha",https://pfaf.org/user/Plant.aspx?LatinName=Arracacia+xanthorrhiza,Condiment; Leaves; Root; Stem,4,4,0,PFAF
Artemisia abrotanum,Southernwood,https://pfaf.org/user/Plant.aspx?LatinName=Artemisia+abrotanum,Condiment; Tea,2,1,3,PFAF
Artemisia absinthium,"Wormwood, Absinthium.",https://pfaf.org/user/Plant.aspx?LatinName=Artemisia+absinthium,Condiment,1,1,3,PFAF
Artemisia annua,"Qing Hao, Sweet sagewort",https://pfaf.org/user/Plant.aspx?LatinName=Artemisia+annua,Condiment,1,1,4,PFAF
Artemisia biennis,Biennial Wormwood,https://pfaf.org/user/Plant.aspx?LatinName=Artemisia+biennis,Seed,1,1,1,PFAF
Artemisia capillaris,Yin Chen Hao,https://pfaf.org/user/Plant.aspx?LatinName=Artemisia+capillaris,Leaves,1,1,3,PFAF
Artemisia caruifolia,,https://pfaf.org/user/Plant.aspx?LatinName=Artemisia+caruifolia,Leaves; Tea,2,1,3,PFAF
Artemisia dracunculoides,"Russian Tarragon, Tarragon, French Tarragon",https://pfaf.org/user/Plant.aspx?LatinName=Artemisia+dracunculoides,Leaves; Seed,2,2,1,PFAF
Artemisia dracunculus,"Tarragon, French Tarragon",https://pfaf.org/user/Plant.aspx?LatinName=Artemisia+dracunculus,Condiment; Leaves; Shoots,3,4,2,PFAF
Artemisia frigida,"Fringed Wormwood, Prairie sagewort",https://pfaf.org/user/Plant.aspx?LatinName=Artemisia+frigida,Condiment,1,2,2,PFAF
Artemisia glacialis,Glacier Wormwood,https://pfaf.org/user/Plant.aspx?LatinName=Artemisia+glacialis,Condiment,1,1,2,PFAF
Artemisia gmelinii,"Russian Wormwood, Gmelin's wormwood",https://pfaf.org/user/Plant.aspx?LatinName=Artemisia+gmelinii,Leaves,1,1,1,PFAF
Artemisia indica,,https://pfaf.org/user/Plant.aspx?LatinName=Artemisia+indica,Colouring; Condiment; Leaves,3,1,3,PFAF
Artemisia japonica,,https://pfaf.org/user/Plant.aspx?LatinName=Artemisia+japonica,Leaves,1,1,2,PFAF
Artemisia keiskeana,,https://pfaf.org/user/Plant.aspx?LatinName=Artemisia+keiskeana,Leaves; Shoots,2,2,1,PFAF
Artemisia laciniata,Siberian wormwood,https://pfaf.org/user/Plant.aspx?LatinName=Artemisia+laciniata,Leaves,1,1,0,PFAF
Artemisia lancea,,https://pfaf.org/user/Plant.aspx?LatinName=Artemisia+lancea,Leaves,1,1,1,PFAF
Artemisia ludoviciana,"White Sage, Louisiana Sage, Prairie Sage, Western Mugwort",https://pfaf.org/user/Plant.aspx?LatinName=Artemisia+ludoviciana,Condiment; Seed; Tea,3,2,2,PFAF
Artemisia maritima,Sea Wormwood,https://pfaf.org/user/Plant.aspx?LatinName=Artemisia+maritima,Condiment,1,1,2,PFAF
Artemisia michauxiana,"Mountain Sagewort, Michaux's wormwood",https://pfaf.org/user/Plant.aspx?LatinName=Artemisia+michauxiana,Seed,1,2,1,PFAF
Artemisia monophylla,,https://pfaf.org/user/Plant.aspx?LatinName=Artemisia+monophylla,Leaves,1,1,0,PFAF
Artemisia montana,,https://pfaf.org/user/Plant.aspx?LatinName=Artemisia+montana,Leaves; Tea,2,1,0,PFAF
Artemisia princeps,,https://pfaf.org/user/Plant.aspx?LatinName=Artemisia+princeps,Colouring; Condiment; Leaves,3,2,1,PFAF
Artemisia rubripes,,https://pfaf.org/user/Plant.aspx?LatinName=Artemisia+rubripes,Leaves,1,1,0,PFAF
Artemisia sacrorum,Russian Wormwood,https://pfaf.org/user/Plant.aspx?LatinName=Artemisia+sacrorum,Leaves,1,1,0,PFAF
Artemisia schmidtiana,"Sagebrush, Silvermound, Wormwood, Mugwort",https://pfaf.org/user/Plant.aspx?LatinName=Artemisia+schmidtiana,Stem,1,1,0,PFAF
Artemisia scoparia,Redstem wormwood,https://pfaf.org/user/Plant.aspx?LatinName=Artemisia+scoparia,Leaves,1,1,2,PFAF
Artemisia sibirica,,https://pfaf.org/user/Plant.aspx?LatinName=Artemisia+sibirica,Leaves; Shoots,2,1,0,PFAF
Artemisia sieversiana,,https://pfaf.org/user/Plant.aspx?LatinName=Artemisia+sieversiana,Leaves,1,1,2,PFAF
Artemisia stelleriana,"Beach Wormwood, Oldwoman, Dusty Miller",https://pfaf.org/user/Plant.aspx?LatinName=Artemisia+stelleriana,Condiment,1,1,0,PFAF
Artemisia stolonifera,,https://pfaf.org/user/Plant.aspx?LatinName=Artemisia+stolonifera,Condiment,1,1,0,PFAF
Artemisia sylvatica,,https://pfaf.org/user/Plant.aspx?LatinName=Artemisia+sylvatica,Condiment,1,1,0,PFAF
Artemisia tilesii,"Wormwood, Tilesius' wormwood",https://pfaf.org/user/Plant.aspx?LatinName=Artemisia+tilesii,Condiment; Shoots,2,1,2,PFAF
Artemisia tridentata,"Sage Brush, Big sagebrush, Bonneville big sagebrush",https://pfaf.org/user/Plant.aspx?LatinName=Artemisia+tridentata,Condiment; Leaves; Seed; Tea,4,2,2,PFAF
Artemisia tripartita,"Threetip Sage Brush, Wyoming threetip sagebrush",https://pfaf.org/user/Plant.aspx?LatinName=Artemisia+tripartita,Leaves; Seed,2,2,1,PFAF
Artemisia umbelliformis,Alpine Wormwood,https://pfaf.org/user/Plant.aspx?LatinName=Artemisia+umbelliformis,Condiment; Tea,2,1,0,PFAF
Artemisia vulgaris,"Mugwort, Common wormwood, Felon Herb, Chrysanthemum Weed, Wild Wormwood",https://pfaf.org/user/Plant.aspx?LatinName=Artemisia+vulgaris,Colouring; Condiment; Leaves; Shoots,4,2,3,PFAF
Artemisia wrightii,,https://pfaf.org/user/Plant.aspx?LatinName=Artemisia+wrightii,Leaves; Seed,2,1,0,PFAF
Arthrocnemum fruticosum,Glasswort,https://pfaf.org/user/Plant.aspx?LatinName=Arthrocnemum+fruticosum,Leaves,1,1,0,PFAF
Arthrocnemum subterminale,"Glasswort, Parish's glasswort",https://pfaf.org/user/Plant.aspx?LatinName=Arthrocnemum+subterminale,Leaves; Seed,2,3,0,PFAF
Arthromeris wallichiana,,https://pfaf.org/user/Plant.aspx?LatinName=Arthromeris+wallichiana,Leaves,1,1,1,PFAF
Arthropodium cirrhatum,Rock-lily,https://pfaf.org/user/Plant.aspx?LatinName=Arthropodium+cirrhatum,Root,1,1,0,PFAF
Arthropodium milleflorum,Pale Vanilla Lily,https://pfaf.org/user/Plant.aspx?LatinName=Arthropodium+milleflorum,Root,1,3,0,PFAF
Arthropodium minus,Small Vanilla Lily,https://pfaf.org/user/Plant.aspx?LatinName=Arthropodium+minus,Root,1,2,0,PFAF
Artocarpus altilis,Breadfruit,https://pfaf.org/user/Plant.aspx?LatinName=Artocarpus+altilis,Flowers; Gum,2,5,4,PFAF
Artocarpus camansi,"Breadnut, Kamansi",https://pfaf.org/user/Plant.aspx?LatinName=Artocarpus+camansi,Oil,1,4,1,PFAF
Artocarpus heterophyllus,Jackfruit,https://pfaf.org/user/Plant.aspx?LatinName=Artocarpus+heterophyllus,Flowers; Gelatine; Gum; Shoots,4,5,2,PFAF
Artocarpus mariannensis,"Seeded breadfruit, Marianas bread",https://pfaf.org/user/Plant.aspx?LatinName=Artocarpus+mariannensis,Gum; Shoots,2,4,3,PFAF
Arum dioscoridis,,https://pfaf.org/user/Plant.aspx?LatinName=Arum+dioscoridis,Root,1,2,1,PFAF
Arum italicum,"Italian lords and ladies, Italian Arum",https://pfaf.org/user/Plant.aspx?LatinName=Arum+italicum,Root,1,2,0,PFAF
Arum maculatum,Cuckoo Pint,https://pfaf.org/user/Plant.aspx?LatinName=Arum+maculatum,Leaves; Root,2,2,1,PFAF
Aruncus dioicus,"Goat's Beard, Bride's feathers",https://pfaf.org/user/Plant.aspx?LatinName=Aruncus+dioicus,Leaves,1,2,2,PFAF
Arundinaria gigantea,"Canebrake bamboo, Cane Reed, Giant cane",https://pfaf.org/user/Plant.aspx?LatinName=Arundinaria+gigantea,Seed; Shoots; Stem,3,3,1,PFAF
Arundinaria spp,Running Bamboo,https://pfaf.org/user/Plant.aspx?LatinName=Arundinaria+spp,Shoots,1,3,1,PFAF
Arundo donax,"Giant Reed, Giant Reed Grass",https://pfaf.org/user/Plant.aspx?LatinName=Arundo+donax,Leaves; Root,2,3,2,PFAF
Asarum canadense,"Snake Root, Canadian wildginger, Canada Wild Ginger, Wild Ginger",https://pfaf.org/user/Plant.aspx?LatinName=Asarum+canadense,Condiment,1,3,3,PFAF
Asarum caudatum,"Wild Ginger, British Columbia wildginger",https://pfaf.org/user/Plant.aspx?LatinName=Asarum+caudatum,Condiment; Tea,2,3,2,PFAF
Asarum dilatatum,,https://pfaf.org/user/Plant.aspx?LatinName=Asarum+dilatatum,Condiment,1,2,0,PFAF
Asarum nipponicum,,https://pfaf.org/user/Plant.aspx?LatinName=Asarum+nipponicum,Root,1,1,0,PFAF
Asarum reflexum,,https://pfaf.org/user/Plant.aspx?LatinName=Asarum+reflexum,Condiment,1,2,0,PFAF
Asarum shuttleworthii,"Asarabacca, Mottled Wild Ginger",https://pfaf.org/user/Plant.aspx?LatinName=Asarum+shuttleworthii,Condiment,1,2,0,PFAF
Asarum takaoi,,https://pfaf.org/user/Plant.aspx?LatinName=Asarum+takaoi,Root,1,1,0,PFAF
Asclepias asperula,Spider milkweed,https://pfaf.org/user/Plant.aspx?LatinName=Asclepias+asperula,Flowers; Gum; Leaves; Oil; Seed; Seedpod; Sweetener,7,4,1,PFAF
Asclepias californica,"California Milkweed, Greene's milkweed",https://pfaf.org/user/Plant.aspx?LatinName=Asclepias+californica,Gum; Leaves,2,2,1,PFAF
Asclepias decumbens,,https://pfaf.org/user/Plant.aspx?LatinName=Asclepias+decumbens,Gum,1,2,0,PFAF
Asclepias eriocarpa,Woollypod Milkweed,https://pfaf.org/user/Plant.aspx?LatinName=Asclepias+eriocarpa,Gum,1,2,2,PFAF
Asclepias erosa,Desert Milkweed,https://pfaf.org/user/Plant.aspx?LatinName=Asclepias+erosa,Gum,1,3,0,PFAF
Asclepias galioides,Bedstraw Milkweed,https://pfaf.org/user/Plant.aspx?LatinName=Asclepias+galioides,Leaves; Root; Seedpod; Shoots,4,2,1,PFAF
Asclepias hallii,"Purple Silkweed, Hall's milkweed",https://pfaf.org/user/Plant.aspx?LatinName=Asclepias+hallii,Flowers; Gum; Leaves; Oil; Seed; Seedpod; Shoots; Sweetener,8,3,1,PFAF
Asclepias incarnata,"Swamp Milkweed, Swamp Butterfly Weed, Marsh Milkweed",https://pfaf.org/user/Plant.aspx?LatinName=Asclepias+incarnata,Flowers; Leaves; Oil; Seedpod; Shoots; Sweetener,6,3,2,PFAF
Asclepias involucrata,Dwarf Milkweed,https://pfaf.org/user/Plant.aspx?LatinName=Asclepias+involucrata,Gum; Leaves; Shoots,3,2,1,PFAF
Asclepias lanceolata,"Purple Silkweed, Fewflower milkweed",https://pfaf.org/user/Plant.aspx?LatinName=Asclepias+lanceolata,Flowers; Gum; Leaves; Seedpod; Shoots; Sweetener,6,2,1,PFAF
Asclepias mexicana,,https://pfaf.org/user/Plant.aspx?LatinName=Asclepias+mexicana,Flowers,1,1,0,PFAF
Asclepias ovalifolia,Oval-leaf milkweed,https://pfaf.org/user/Plant.aspx?LatinName=Asclepias+ovalifolia,Flowers; Gum; Leaves; Oil; Seed; Seedpod; Shoots; Sweetener,8,2,0,PFAF
Asclepias pumila,"Low Milkweed, Plains milkweed",https://pfaf.org/user/Plant.aspx?LatinName=Asclepias+pumila,Flowers; Gum; Leaves; Oil; Seed; Seedpod; Shoots; Sweetener,8,2,1,PFAF
Asclepias purpurascens,Purple Milkweed,https://pfaf.org/user/Plant.aspx?LatinName=Asclepias+purpurascens,Flowers; Gum; Leaves; Oil; Root; Seed; Seedpod; Shoots; Sweetener,9,2,1,PFAF
Asclepias quadrifolia,Fourleaf Milkweed,https://pfaf.org/user/Plant.aspx?LatinName=Asclepias+quadrifolia,Flowers; Gum; Leaves; Oil; Seed; Seedpod; Shoots; Sweetener,8,2,2,PFAF
Asclepias rubra,Red Silkweed,https://pfaf.org/user/Plant.aspx?LatinName=Asclepias+rubra,Flowers; Gum; Leaves; Seedpod; Shoots; Sweetener,6,3,1,PFAF
Asclepias speciosa,Showy Milkweed,https://pfaf.org/user/Plant.aspx?LatinName=Asclepias+speciosa,Flowers; Gum; Leaves; Oil; Root; Seed; Seedpod; Shoots; Sweetener,9,4,2,PFAF
Asclepias syriaca,"Common Milkweed, Silkweed, Milkweed",https://pfaf.org/user/Plant.aspx?LatinName=Asclepias+syriaca,Flowers; Gum; Leaves; Oil; Seed; Seedpod; Shoots; Sweetener,8,3,2,PFAF
Asclepias tuberosa,"Pleurisy Root, Butterfly milkweed, Rolfs' milkweed, Indian Paintbrush",https://pfaf.org/user/Plant.aspx?LatinName=Asclepias+tuberosa,Flowers; Leaves; Oil; Root; Seedpod; Shoots; Sweetener,7,3,3,PFAF
Asclepias viridiflora,"Green Milkweed, Green comet milkweed",https://pfaf.org/user/Plant.aspx?LatinName=Asclepias+viridiflora,Flowers; Gum; Leaves; Oil; Root; Seed; Seedpod; Shoots; Sweetener,9,3,2,PFAF
Asimina triloba,Papaw,https://pfaf.org/user/Plant.aspx?LatinName=Asimina+triloba,Fruit,1,4,2,PFAF
Aspalathus linearis,Rooibos,https://pfaf.org/user/Plant.aspx?LatinName=Aspalathus+linearis,Condiment; Tea,2,3,3,PFAF
Asparagus abyssinicus,,https://pfaf.org/user/Plant.aspx?LatinName=Asparagus+abyssinicus,Root; Shoots; Stem,3,2,0,PFAF
Asparagus acutifolius,Wild asparagus,https://pfaf.org/user/Plant.aspx?LatinName=Asparagus+acutifolius,Shoots; Stem,2,3,0,PFAF
Asparagus adscendens,,https://pfaf.org/user/Plant.aspx?LatinName=Asparagus+adscendens,Root; Shoots; Stem,3,2,1,PFAF
Asparagus albus,,https://pfaf.org/user/Plant.aspx?LatinName=Asparagus+albus,Shoots; Stem,2,1,0,PFAF
Asparagus aphyllus,,https://pfaf.org/user/Plant.aspx?LatinName=Asparagus+aphyllus,Shoots; Stem,2,2,0,PFAF
Asparagus cochinchinensis,Chinese Asparagus,https://pfaf.org/user/Plant.aspx?LatinName=Asparagus+cochinchinensis,Fruit; Root,2,3,3,PFAF
Asparagus dauricus,,https://pfaf.org/user/Plant.aspx?LatinName=Asparagus+dauricus,Shoots; Stem,2,1,0,PFAF
Asparagus filicinus,Fern Asparagus,https://pfaf.org/user/Plant.aspx?LatinName=Asparagus+filicinus,Shoots; Stem,2,2,1,PFAF
Asparagus maritimus,,https://pfaf.org/user/Plant.aspx?LatinName=Asparagus+maritimus,Shoots; Stem,2,1,0,PFAF
Asparagus officinalis,"Asparagus, Garden asparagus",https://pfaf.org/user/Plant.aspx?LatinName=Asparagus+officinalis,Coffee; Shoots; Stem,3,4,3,PFAF
Asparagus racemosus,Shatavari,https://pfaf.org/user/Plant.aspx?LatinName=Asparagus+racemosus,Root; Shoots; Stem,3,3,5,PFAF
Asparagus sauveolens,,https://pfaf.org/user/Plant.aspx?LatinName=Asparagus+sauveolens,Shoots; Stem,2,1,0,PFAF
Asparagus schoberioides,,https://pfaf.org/user/Plant.aspx?LatinName=Asparagus+schoberioides,Shoots; Stem,2,2,1,PFAF
Asparagus setaceus,"Asparagus Fern, Common asparagus fern, Plumosa Fern",https://pfaf.org/user/Plant.aspx?LatinName=Asparagus+setaceus,Shoots; Stem,2,1,0,PFAF
Asparagus stipularis,,https://pfaf.org/user/Plant.aspx?LatinName=Asparagus+stipularis,Shoots; Stem,2,1,0,PFAF
Asparagus tenuifolius,,https://pfaf.org/user/Plant.aspx?LatinName=Asparagus+tenuifolius,Shoots; Stem,2,1,0,PFAF
Asparagus verticillatus,,https://pfaf.org/user/Plant.aspx?LatinName=Asparagus+verticillatus,Shoots; Stem,2,2,0,PFAF
Asphodeline lutea,"King's Spear, Yellow Asphodel, Jacob's Rod",https://pfaf.org/user/Plant.aspx?LatinName=Asphodeline+lutea,Flowers; Leaves; Root; Shoots,4,4,0,PFAF
Asphodelus aestivus,,https://pfaf.org/user/Plant.aspx?LatinName=Asphodelus+aestivus,Root; Seed; Stem,3,3,1,PFAF
Asphodelus albus,"Asphodel, Gamón-blanco",https://pfaf.org/user/Plant.aspx?LatinName=Asphodelus+albus,Root,1,2,1,PFAF
Asphodelus fistulosus,Onionweed,https://pfaf.org/user/Plant.aspx?LatinName=Asphodelus+fistulosus,Leaves; Root,2,2,1,PFAF
Asplenium bulbiferum,"Hen And Chicken Fern, Parsley Fern, Mother Spleenwort",https://pfaf.org/user/Plant.aspx?LatinName=Asplenium+bulbiferum,Leaves; Root,2,1,0,PFAF
Asplenium trichomanes,"Maidenhair Spleenwort, Dense spleenwort, Toothed spleenwort, Brightgreen spleenwort",https://pfaf.org/user/Plant.aspx?LatinName=Asplenium+trichomanes,Tea,1,1,1,PFAF
Astelia alpina,,https://pfaf.org/user/Plant.aspx?LatinName=Astelia+alpina,Fruit; Leaves,2,2,0,PFAF
Astelia grandis,,https://pfaf.org/user/Plant.aspx?LatinName=Astelia+grandis,Fruit,1,2,0,PFAF
Astelia nervosa,,https://pfaf.org/user/Plant.aspx?LatinName=Astelia+nervosa,Fruit,1,2,0,PFAF
Astelia solandri,,https://pfaf.org/user/Plant.aspx?LatinName=Astelia+solandri,Fruit; Oil; Stem,3,2,0,PFAF
Aster amellus,Ialian Aster,https://pfaf.org/user/Plant.aspx?LatinName=Aster+amellus,Leaves,1,2,2,PFAF
Aster cordifolius,Common Blue Wood Aster,https://pfaf.org/user/Plant.aspx?LatinName=Aster+cordifolius,Leaves,1,2,1,PFAF
Aster fastigiatus,,https://pfaf.org/user/Plant.aspx?LatinName=Aster+fastigiatus,Leaves,1,2,1,PFAF
Aster glehnii,,https://pfaf.org/user/Plant.aspx?LatinName=Aster+glehnii,Leaves,1,1,0,PFAF
Aster hauptii,,https://pfaf.org/user/Plant.aspx?LatinName=Aster+hauptii,Leaves,1,1,0,PFAF
Aster kantoensis,,https://pfaf.org/user/Plant.aspx?LatinName=Aster+kantoensis,Flowers; Leaves,2,2,0,PFAF
Aster koraiensis,,https://pfaf.org/user/Plant.aspx?LatinName=Aster+koraiensis,Flowers; Leaves,2,1,0,PFAF
Aster macrophyllus,Bigleaf Aster,https://pfaf.org/user/Plant.aspx?LatinName=Aster+macrophyllus,Leaves; Root,2,2,1,PFAF
Aster scaber,,https://pfaf.org/user/Plant.aspx?LatinName=Aster+scaber,Leaves,1,3,0,PFAF
Aster tataricus,Tartarian Aster,https://pfaf.org/user/Plant.aspx?LatinName=Aster+tataricus,Leaves,1,1,3,PFAF
Aster tripolium,Sea Aster,https://pfaf.org/user/Plant.aspx?LatinName=Aster+tripolium,Leaves,1,2,1,PFAF
Aster yomena,,https://pfaf.org/user/Plant.aspx?LatinName=Aster+yomena,Leaves,1,1,0,PFAF
Astilbe chinensis,"Pumila Spirea,Chinese Astilbe",https://pfaf.org/user/Plant.aspx?LatinName=Astilbe+chinensis,Leaves; Shoots,2,1,0,PFAF
Astilbe longicarpa,,https://pfaf.org/user/Plant.aspx?LatinName=Astilbe+longicarpa,Seedpod,1,1,0,PFAF
Astilbe thunbergii,Astilbe,https://pfaf.org/user/Plant.aspx?LatinName=Astilbe+thunbergii,Leaves; Tea,2,1,0,PFAF
Astragalus aboriginorum,Indian Milkvetch,https://pfaf.org/user/Plant.aspx?LatinName=Astragalus+aboriginorum,Root,1,2,0,PFAF
Astragalus adscendens,Persian Manna,https://pfaf.org/user/Plant.aspx?LatinName=Astragalus+adscendens,Gum,1,2,0,PFAF
Astragalus boeticus,Swedish Coffee,https://pfaf.org/user/Plant.aspx?LatinName=Astragalus+boeticus,Coffee; Seedpod,2,2,0,PFAF
Astragalus brachycalyx,,https://pfaf.org/user/Plant.aspx?LatinName=Astragalus+brachycalyx,Gum,1,2,0,PFAF
Astragalus canadensis,"Canadian Milkvetch, Shorttooth Canadian milkvetch, Morton's Canadian milkvetch",https://pfaf.org/user/Plant.aspx?LatinName=Astragalus+canadensis,Root,1,3,2,PFAF
Astragalus carduchorum,,https://pfaf.org/user/Plant.aspx?LatinName=Astragalus+carduchorum,Gum,1,2,0,PFAF
Astragalus chartostegius,,https://pfaf.org/user/Plant.aspx?LatinName=Astragalus+chartostegius,Manna,1,1,0,PFAF
Astragalus christianus,,https://pfaf.org/user/Plant.aspx?LatinName=Astragalus+christianus,Root; Seedpod,2,2,0,PFAF
Astragalus crassicarpus,"Ground Plum, Groundplum milkvetch",https://pfaf.org/user/Plant.aspx?LatinName=Astragalus+crassicarpus,Seedpod,1,4,1,PFAF
Astragalus creticus,,https://pfaf.org/user/Plant.aspx?LatinName=Astragalus+creticus,Gum,1,2,0,PFAF
Astragalus densissimus,,https://pfaf.org/user/Plant.aspx?LatinName=Astragalus+densissimus,Gum,1,2,0,PFAF
Astragalus diphysus,"Specklepod Milkvetch, Freckled milkvetch",https://pfaf.org/user/Plant.aspx?LatinName=Astragalus+diphysus,Root; Seed; Seedpod,3,3,0,PFAF
Astragalus echinus,,https://pfaf.org/user/Plant.aspx?LatinName=Astragalus+echinus,Manna,1,1,0,PFAF
Astragalus edulis,Milkvetch,https://pfaf.org/user/Plant.aspx?LatinName=Astragalus+edulis,Seed,1,2,0,PFAF
Astragalus florulentus,,https://pfaf.org/user/Plant.aspx?LatinName=Astragalus+florulentus,Gum,1,2,0,PFAF
Astragalus globiflorus,,https://pfaf.org/user/Plant.aspx?LatinName=Astragalus+globiflorus,Gum,1,2,0,PFAF
Astragalus glycyphyllos,"Milk Vetch, Licorice milkvetch",https://pfaf.org/user/Plant.aspx?LatinName=Astragalus+glycyphyllos,Tea,1,1,0,PFAF
Astragalus gummifer,"Tragacanth, Gum tragacanth milkvetch",https://pfaf.org/user/Plant.aspx?LatinName=Astragalus+gummifer,Gum,1,2,3,PFAF
Astragalus hamosus,European milkvetch,https://pfaf.org/user/Plant.aspx?LatinName=Astragalus+hamosus,Seedpod,1,1,2,PFAF
Astragalus henryi,Qin Ling Huang Qi,https://pfaf.org/user/Plant.aspx?LatinName=Astragalus+henryi,Leaves; Shoots,2,1,0,PFAF
Astragalus hoantchy,Wu La Te Huang Qi,https://pfaf.org/user/Plant.aspx?LatinName=Astragalus+hoantchy,Leaves; Shoots,2,1,1,PFAF
Astragalus kurdicus,,https://pfaf.org/user/Plant.aspx?LatinName=Astragalus+kurdicus,Gum,1,2,0,PFAF
Astragalus leioclados,,https://pfaf.org/user/Plant.aspx?LatinName=Astragalus+leioclados,Gum,1,2,0,PFAF
Astragalus massiliensis,,https://pfaf.org/user/Plant.aspx?LatinName=Astragalus+massiliensis,Gum,1,3,0,PFAF
Astragalus microcephalus,,https://pfaf.org/user/Plant.aspx?LatinName=Astragalus+microcephalus,Gum,1,2,0,PFAF
Astragalus multiceps,,https://pfaf.org/user/Plant.aspx?LatinName=Astragalus+multiceps,Flowers,1,1,1,PFAF
Astragalus parnassi cylleneus,,https://pfaf.org/user/Plant.aspx?LatinName=Astragalus+parnassi+cylleneus,Gum,1,2,0,PFAF
Astragalus pictus-filifolius,Painted Milkvetch,https://pfaf.org/user/Plant.aspx?LatinName=Astragalus+pictus-filifolius,Root,1,4,0,PFAF
Astragalus piletocladus,,https://pfaf.org/user/Plant.aspx?LatinName=Astragalus+piletocladus,Gum,1,2,0,PFAF
Astragalus pycnocladus,,https://pfaf.org/user/Plant.aspx?LatinName=Astragalus+pycnocladus,Gum,1,2,0,PFAF
Astragalus reflexistipulus,,https://pfaf.org/user/Plant.aspx?LatinName=Astragalus+reflexistipulus,Leaves; Shoots,2,2,0,PFAF
Astragalus shinanensis,,https://pfaf.org/user/Plant.aspx?LatinName=Astragalus+shinanensis,Leaves,1,1,0,PFAF
Astragalus sinicus,Chinese Milk Vetch,https://pfaf.org/user/Plant.aspx?LatinName=Astragalus+sinicus,Leaves; Seed,2,3,1,PFAF
Astragalus sirinicus,,https://pfaf.org/user/Plant.aspx?LatinName=Astragalus+sirinicus,Gum,1,2,0,PFAF
Astragalus stenonychioides,,https://pfaf.org/user/Plant.aspx?LatinName=Astragalus+stenonychioides,Gum,1,2,0,PFAF
Astragalus strobiliferus,,https://pfaf.org/user/Plant.aspx?LatinName=Astragalus+strobiliferus,Gum,1,2,0,PFAF
Astragalus stromatodes,,https://pfaf.org/user/Plant.aspx?LatinName=Astragalus+stromatodes,Gum,1,2,0,PFAF
Astragalus turkmenorum,,https://pfaf.org/user/Plant.aspx?LatinName=Astragalus+turkmenorum,Gum,1,2,0,PFAF
Astragalus umbellatus,Tundra milkvetch,https://pfaf.org/user/Plant.aspx?LatinName=Astragalus+umbellatus,Root,1,2,0,PFAF
Astrocaryum vulgare,"Tucuma. Awarra palm, Tucum palm.",https://pfaf.org/user/Plant.aspx?LatinName=Astrocaryum+vulgare,Apical bud; Oil; Sap,3,4,2,PFAF
Astroloma humifusum,Cranberry Heath,https://pfaf.org/user/Plant.aspx?LatinName=Astroloma+humifusum,Fruit,1,3,0,PFAF
Astroloma pinifolium,Pine Heath,https://pfaf.org/user/Plant.aspx?LatinName=Astroloma+pinifolium,Fruit,1,3,0,PFAF
Athamantha cretensis,Candy Carrot,https://pfaf.org/user/Plant.aspx?LatinName=Athamantha+cretensis,Condiment,1,1,0,PFAF
Athamantha sicula,,https://pfaf.org/user/Plant.aspx?LatinName=Athamantha+sicula,Root,1,2,0,PFAF
Athamantha turbith,Candy Carrot,https://pfaf.org/user/Plant.aspx?LatinName=Athamantha+turbith,Root,1,2,0,PFAF
Atherosperma moschatum,Black Sassafras,https://pfaf.org/user/Plant.aspx?LatinName=Atherosperma+moschatum,Tea,1,2,2,PFAF
Athyrium filix-femina,"Lady Fern, Common ladyfern, Subarctic ladyfern, Asplenium ladyfern, Southern Lady Fern, Tatting Fer",https://pfaf.org/user/Plant.aspx?LatinName=Athyrium+filix-femina,Leaves; Root; Shoots,3,1,2,PFAF
Athyrium melanolepis,,https://pfaf.org/user/Plant.aspx?LatinName=Athyrium+melanolepis,Leaves,1,1,0,PFAF
Athyrium niponicum,"Painted Fern, Japanese Silver Painted Fern",https://pfaf.org/user/Plant.aspx?LatinName=Athyrium+niponicum,Leaves,1,1,0,PFAF
Athyrium rubripes,,https://pfaf.org/user/Plant.aspx?LatinName=Athyrium+rubripes,Leaves,1,1,0,PFAF
Athyrium squamigerum,,https://pfaf.org/user/Plant.aspx?LatinName=Athyrium+squamigerum,Leaves,1,1,0,PFAF
Athyrium yokoscense,,https://pfaf.org/user/Plant.aspx?LatinName=Athyrium+yokoscense,Leaves,1,1,0,PFAF
Atractylis gummifera,,https://pfaf.org/user/Plant.aspx?LatinName=Atractylis+gummifera,Gum,1,1,0,PFAF
Atractylodes japonica,Japanese Atractylodes,https://pfaf.org/user/Plant.aspx?LatinName=Atractylodes+japonica,Leaves; Root,2,2,3,PFAF
Atractylodes lancea,Cang Zhu,https://pfaf.org/user/Plant.aspx?LatinName=Atractylodes+lancea,Root,1,1,3,PFAF
Atraphaxis spinosa,,https://pfaf.org/user/Plant.aspx?LatinName=Atraphaxis+spinosa,Manna,1,2,0,PFAF
Atriplex argentea,"Silvery Orach, Silverscale saltbush, Stalked saltbush",https://pfaf.org/user/Plant.aspx?LatinName=Atriplex+argentea,Leaves; Seed,2,3,2,PFAF
Atriplex argentea expansa,Silverscale Saltbush,https://pfaf.org/user/Plant.aspx?LatinName=Atriplex+argentea+expansa,Condiment; Leaves; Seed,3,2,0,PFAF
Atriplex californica,"California Orach, California saltbush",https://pfaf.org/user/Plant.aspx?LatinName=Atriplex+californica,Leaves; Seed,2,3,0,PFAF
Atriplex canescens,"Grey Sage Brush, Fourwing saltbush",https://pfaf.org/user/Plant.aspx?LatinName=Atriplex+canescens,Colouring; Drink; Leaves; Seed,4,3,1,PFAF
Atriplex carnosa,Thickleaf Orach,https://pfaf.org/user/Plant.aspx?LatinName=Atriplex+carnosa,Leaves; Seed,2,2,0,PFAF
Atriplex confertifolia,"Shadscale, Shadscale saltbush",https://pfaf.org/user/Plant.aspx?LatinName=Atriplex+confertifolia,Leaves; Seed,2,3,1,PFAF
Atriplex coronata,Crownscale,https://pfaf.org/user/Plant.aspx?LatinName=Atriplex+coronata,Leaves; Seed,2,2,0,PFAF
Atriplex dimorphostegia,,https://pfaf.org/user/Plant.aspx?LatinName=Atriplex+dimorphostegia,Leaves; Seed,2,2,0,PFAF
Atriplex elegans,Wheelscale Saltbush,https://pfaf.org/user/Plant.aspx?LatinName=Atriplex+elegans,Leaves; Seed,2,3,0,PFAF
Atriplex glabriuscula,"Scotland orache, Maritime saltbush, Frankton's saltbush, Northeastern saltbush",https://pfaf.org/user/Plant.aspx?LatinName=Atriplex+glabriuscula,Leaves; Seed,2,2,0,PFAF
Atriplex gmelinii,Gmelin's saltbush,https://pfaf.org/user/Plant.aspx?LatinName=Atriplex+gmelinii,Leaves; Seed,2,2,0,PFAF
Atriplex halimus,"Sea Orach, Saltbush",https://pfaf.org/user/Plant.aspx?LatinName=Atriplex+halimus,Leaves; Manna; Seed,3,5,1,PFAF
Atriplex hastata,Hastate Orach,https://pfaf.org/user/Plant.aspx?LatinName=Atriplex+hastata,Leaves; Seed,2,3,0,PFAF
Atriplex hortensis,"Orach, Garden orache",https://pfaf.org/user/Plant.aspx?LatinName=Atriplex+hortensis,Leaves; Seed,2,4,2,PFAF
Atriplex lapathifolia,,https://pfaf.org/user/Plant.aspx?LatinName=Atriplex+lapathifolia,Leaves; Seed,2,3,0,PFAF
Atriplex lentiformis,"Quail Bush, Big saltbush, Quailbush,",https://pfaf.org/user/Plant.aspx?LatinName=Atriplex+lentiformis,Leaves; Seed; Shoots,3,2,1,PFAF
Atriplex maximowicziana,Maximowicz's saltbush,https://pfaf.org/user/Plant.aspx?LatinName=Atriplex+maximowicziana,Leaves; Seed,2,2,0,PFAF
Atriplex mucronata,,https://pfaf.org/user/Plant.aspx?LatinName=Atriplex+mucronata,Leaves,1,2,0,PFAF
Atriplex nummularia,"Giant Saltbush, Bluegreen saltbush",https://pfaf.org/user/Plant.aspx?LatinName=Atriplex+nummularia,Leaves; Shoots,2,3,2,PFAF
Atriplex nuttallii,Nuttall's Saltbush,https://pfaf.org/user/Plant.aspx?LatinName=Atriplex+nuttallii,Leaves; Seed,2,4,0,PFAF
Atriplex patula,"Spreading Orach, Spear saltbush",https://pfaf.org/user/Plant.aspx?LatinName=Atriplex+patula,Leaves; Seed,2,3,1,PFAF
Atriplex powellii,Powell's Saltweed,https://pfaf.org/user/Plant.aspx?LatinName=Atriplex+powellii,Leaves; Seed,2,3,0,PFAF
Atriplex saccaria,Sack Saltbush,https://pfaf.org/user/Plant.aspx?LatinName=Atriplex+saccaria,Leaves; Seed,2,3,0,PFAF
Atriplex serenana,"Bractscale, Davidson's bractscale",https://pfaf.org/user/Plant.aspx?LatinName=Atriplex+serenana,Condiment; Leaves; Seed,3,3,0,PFAF
Atriplex subcordata,,https://pfaf.org/user/Plant.aspx?LatinName=Atriplex+subcordata,Leaves; Seed,2,2,0,PFAF
Atriplex tatarica,Tatarian orache,https://pfaf.org/user/Plant.aspx?LatinName=Atriplex+tatarica,Leaves; Seed,2,2,0,PFAF
Atriplex truncata,Wedgescale Saltbush,https://pfaf.org/user/Plant.aspx?LatinName=Atriplex+truncata,Leaves; Seed,2,3,0,PFAF
Attalea butyracea,Wine Palm,https://pfaf.org/user/Plant.aspx?LatinName=Attalea+butyracea,Drink; Oil; Sap,3,4,0,PFAF
Attalea colenda,"Palma real, Chivila",https://pfaf.org/user/Plant.aspx?LatinName=Attalea+colenda,Oil,1,4,0,PFAF
Attalea funifera,"Bahia Piassava, Conquilla Nut, Piassaba Palm",https://pfaf.org/user/Plant.aspx?LatinName=Attalea+funifera,Oil,1,1,0,PFAF
Attalea maripa,"Inaja, Maripa Palm",https://pfaf.org/user/Plant.aspx?LatinName=Attalea+maripa,Condiment; Drink; Milk; Oil,4,3,2,PFAF
Attalea speciosa,"Babassu, American Oil Palm, Motacu, Motacuchi",https://pfaf.org/user/Plant.aspx?LatinName=Attalea+speciosa,Drink; Milk; Oil; Salt; Sap,5,4,2,PFAF
Aucuba japonica,"Spotted Laurel, Japanese laurel, Japanese Gold Dust Tree",https://pfaf.org/user/Plant.aspx?LatinName=Aucuba+japonica,Leaves,1,1,1,PFAF
Avena abyssinica,Abyssinian Oat,https://pfaf.org/user/Plant.aspx?LatinName=Avena+abyssinica,Coffee; Seed,2,2,0,PFAF
Avena barbata,Slender Oat,https://pfaf.org/user/Plant.aspx?LatinName=Avena+barbata,Coffee; Seed,2,2,0,PFAF
Avena brevis,,https://pfaf.org/user/Plant.aspx?LatinName=Avena+brevis,Coffee; Seed,2,2,0,PFAF
Avena byzantina,Red Oat,https://pfaf.org/user/Plant.aspx?LatinName=Avena+byzantina,Coffee; Seed,2,2,0,PFAF
Avena fatua,Wild Oats,https://pfaf.org/user/Plant.aspx?LatinName=Avena+fatua,Coffee; Seed,2,3,1,PFAF
Avena ludoviciana,Oats,https://pfaf.org/user/Plant.aspx?LatinName=Avena+ludoviciana,Coffee; Seed,2,2,0,PFAF
Avena nuda,Naked Oat,https://pfaf.org/user/Plant.aspx?LatinName=Avena+nuda,Coffee; Seed,2,4,0,PFAF
Avena nudibrevis,,https://pfaf.org/user/Plant.aspx?LatinName=Avena+nudibrevis,Coffee; Seed,2,2,0,PFAF
Avena orientalis,Hungarian Oat,https://pfaf.org/user/Plant.aspx?LatinName=Avena+orientalis,Coffee; Seed,2,3,1,PFAF
Avena sativa,"Oats, Common oat",https://pfaf.org/user/Plant.aspx?LatinName=Avena+sativa,Coffee; Oil; Seed,3,3,3,PFAF
Avena sterilis,"Sterile Oats, Animated oat",https://pfaf.org/user/Plant.aspx?LatinName=Avena+sterilis,Coffee; Seed,2,3,0,PFAF
Avena strigosa,"Bristle Oats, Black oats",https://pfaf.org/user/Plant.aspx?LatinName=Avena+strigosa,Coffee; Seed,2,2,0,PFAF
Avena wiestii,,https://pfaf.org/user/Plant.aspx?LatinName=Avena+wiestii,Coffee; Seed,2,2,0,PFAF
Averrhoa carambola,"Carambola, Star Fruit",https://pfaf.org/user/Plant.aspx?LatinName=Averrhoa+carambola,Condiment; Flowers,2,4,2,PFAF
Azadirachta indica,Neem,https://pfaf.org/user/Plant.aspx?LatinName=Azadirachta+indica,Drink; Flowers; Oil; Sap,4,2,4,PFAF
Azara microphylla,,https://pfaf.org/user/Plant.aspx?LatinName=Azara+microphylla,Fruit,1,1,0,PFAF
Azorella caespitosa,,https://pfaf.org/user/Plant.aspx?LatinName=Azorella+caespitosa,Root,1,2,1,PFAF
Azorella filamentosa,,https://pfaf.org/user/Plant.aspx?LatinName=Azorella+filamentosa,Root,1,1,0,PFAF
Azorella fuegiana,,https://pfaf.org/user/Plant.aspx?LatinName=Azorella+fuegiana,Root,1,1,0,PFAF
Azorella lycopodioides,,https://pfaf.org/user/Plant.aspx?LatinName=Azorella+lycopodioides,Root,1,1,0,PFAF
Azorella selago,,https://pfaf.org/user/Plant.aspx?LatinName=Azorella+selago,Root,1,1,0,PFAF
Azorella trifurcata,,https://pfaf.org/user/Plant.aspx?LatinName=Azorella+trifurcata,Root,1,1,0,PFAF
Azorina vidalii,,https://pfaf.org/user/Plant.aspx?LatinName=Azorina+vidalii,Leaves; Shoots,2,3,0,PFAF
Babiana plicata,Baboon Root,https://pfaf.org/user/Plant.aspx?LatinName=Babiana+plicata,Root,1,1,0,PFAF
Baccharis viminea,Mule's Fat,https://pfaf.org/user/Plant.aspx?LatinName=Baccharis+viminea,Leaves; Shoots,2,1,1,PFAF
Baccharoides hymenolepis,Baccharoides,https://pfaf.org/user/Plant.aspx?LatinName=Baccharoides+hymenolepis,Condiment,1,4,2,PFAF
Bacopa monnieri,"Herb of Grace, Brahmi, Smooth Water Hyssop",https://pfaf.org/user/Plant.aspx?LatinName=Bacopa+monnieri,Flowers,1,3,4,PFAF
Bactris gasipaes,"Peach Palm, Pupunha",https://pfaf.org/user/Plant.aspx?LatinName=Bactris+gasipaes,Condiment; Flowers; Oil; Salt; Shoots,5,5,2,PFAF
Baeckea gunniana,,https://pfaf.org/user/Plant.aspx?LatinName=Baeckea+gunniana,Tea,1,1,0,PFAF
Baikiaea plurijuga,"Rhodesian Teak, Zambesi Redwood",https://pfaf.org/user/Plant.aspx?LatinName=Baikiaea+plurijuga,Flowers,1,1,2,PFAF
Baillonella toxisperma,"African Pearwood, False Shea Butternut",https://pfaf.org/user/Plant.aspx?LatinName=Baillonella+toxisperma,Oil,1,3,3,PFAF
Balanites aegyptiaca,"Desert Date. Desert date, Soapberry tree",https://pfaf.org/user/Plant.aspx?LatinName=Balanites+aegyptiaca,Drink; Flowers; Oil; Shoots; Stem,5,3,2,PFAF
Balsamorhiza deltoidea,Deltoid Balsamroot,https://pfaf.org/user/Plant.aspx?LatinName=Balsamorhiza+deltoidea,Coffee; Leaves; Root; Seed; Shoots,5,4,1,PFAF
Balsamorhiza hookeri,"Balsam Root, Hooker's balsamroot, Hairy balsamroot, Idaho balsamroot, Rabbithead balsamroot, Negle",https://pfaf.org/user/Plant.aspx?LatinName=Balsamorhiza+hookeri,Root; Seed,2,3,1,PFAF
Balsamorhiza incana,Hoary Balsamroot,https://pfaf.org/user/Plant.aspx?LatinName=Balsamorhiza+incana,Root,1,3,1,PFAF
Balsamorhiza sagittata,"Oregon Sunflower, Arrowleaf balsamroot",https://pfaf.org/user/Plant.aspx?LatinName=Balsamorhiza+sagittata,Coffee; Leaves; Root; Seed; Shoots; Stem,6,3,2,PFAF
Bambusa atra,Clumping Bamboo. Long pipe bamboo.,https://pfaf.org/user/Plant.aspx?LatinName=Bambusa+atra,Shoots,1,2,0,PFAF
Bambusa bambos,Giant Thorny Bamboo,https://pfaf.org/user/Plant.aspx?LatinName=Bambusa+bambos,Drink; Sap; Shoots,3,3,3,PFAF
Bambusa blumeana,"Spiny Bamboo. Spiny bamboo, Thorny bamboo",https://pfaf.org/user/Plant.aspx?LatinName=Bambusa+blumeana,Shoots,1,2,0,PFAF
Bambusa multiplex,"Hedge Bamboo, Chinese Goddess Bamboo",https://pfaf.org/user/Plant.aspx?LatinName=Bambusa+multiplex,Shoots; Stem,2,2,0,PFAF
Bambusa nutans,"Nodding Bamboo, Mai bong",https://pfaf.org/user/Plant.aspx?LatinName=Bambusa+nutans,Shoots,1,2,0,PFAF
Bambusa odashimae,Odashimae Bamboo,https://pfaf.org/user/Plant.aspx?LatinName=Bambusa+odashimae,Shoots,1,4,0,PFAF
Bambusa oldhamii,"Ryoku-Chiku, Giant Timber Bamboo, Oldham's Bamboo",https://pfaf.org/user/Plant.aspx?LatinName=Bambusa+oldhamii,Shoots; Stem,2,2,0,PFAF
Bambusa pervariabilis,Clumping Bamboo,https://pfaf.org/user/Plant.aspx?LatinName=Bambusa+pervariabilis,Stem,1,3,0,PFAF
Bambusa polymorpha,"Burmese bamboo, Jama Betua",https://pfaf.org/user/Plant.aspx?LatinName=Bambusa+polymorpha,Shoots,1,2,0,PFAF
Bambusa textilis,Clumping Bamboo. Weaver's bamboo,https://pfaf.org/user/Plant.aspx?LatinName=Bambusa+textilis,Shoots,1,3,0,PFAF
Bambusa tulda,Bengal Bamboo. Spineless Indian bamboo,https://pfaf.org/user/Plant.aspx?LatinName=Bambusa+tulda,Shoots,1,2,0,PFAF
Bambusa vulgaris,Common Bamboo,https://pfaf.org/user/Plant.aspx?LatinName=Bambusa+vulgaris,Drink; Shoots; Tea,3,3,2,PFAF
Banisteriopsis caapi,"Yage, Ayahuasca, Caapi",https://pfaf.org/user/Plant.aspx?LatinName=Banisteriopsis+caapi,Drink; Inner bark; Stem,3,0,4,PFAF
Banksia integrifolia,Coast Banksia,https://pfaf.org/user/Plant.aspx?LatinName=Banksia+integrifolia,Nectar,1,2,0,PFAF
Banksia marginata,Silver Banksia,https://pfaf.org/user/Plant.aspx?LatinName=Banksia+marginata,Drink; Nectar,2,2,0,PFAF
Baptisia tinctoria,"Wild Indigo, Horseflyweed",https://pfaf.org/user/Plant.aspx?LatinName=Baptisia+tinctoria,Leaves; Shoots,2,1,3,PFAF
Barbarea australis,,https://pfaf.org/user/Plant.aspx?LatinName=Barbarea+australis,Leaves,1,2,1,PFAF
Barbarea orthoceras,American Yellowrocket,https://pfaf.org/user/Plant.aspx?LatinName=Barbarea+orthoceras,Leaves,1,3,0,PFAF
Barbarea verna,"Land Cress, Early yellowrocket",https://pfaf.org/user/Plant.aspx?LatinName=Barbarea+verna,Leaves; Oil; Seed,3,3,0,PFAF
Barbarea vulgaris,"Yellow Rocket, Garden yellowrocket",https://pfaf.org/user/Plant.aspx?LatinName=Barbarea+vulgaris,Flowers; Leaves,2,3,1,PFAF
Barringtonia edulis,"Vutu kana, Cut nut",https://pfaf.org/user/Plant.aspx?LatinName=Barringtonia+edulis,Tea,1,4,2,PFAF
Basella alba,"Malabar Spinach, Indian Spinach, Ceylon spinach,",https://pfaf.org/user/Plant.aspx?LatinName=Basella+alba,Colouring; Leaves; Shoots; Tea,4,4,2,PFAF
Bassia scoparia,"Summer Cypress, Burningbush",https://pfaf.org/user/Plant.aspx?LatinName=Bassia+scoparia,Leaves; Seed,2,2,2,PFAF
Bauhinia forficata,Brazilian Orchid Tree,https://pfaf.org/user/Plant.aspx?LatinName=Bauhinia+forficata,Tea,1,0,4,PFAF
Bauhinia petersiana,"White bauhinia, Zambezi coffee",https://pfaf.org/user/Plant.aspx?LatinName=Bauhinia+petersiana,Coffee; Drink; Oil; Seedpod,4,3,2,PFAF
Bauhinia purpurea,"Orchid Tree, Purple Butterfly Tree, Mountain Ebony, Geranium Tree, Purple Bauhinia",https://pfaf.org/user/Plant.aspx?LatinName=Bauhinia+purpurea,Condiment; Flowers; Gum; Seedpod,4,2,2,PFAF
Bauhinia thonningii,"Camel's foot tree, monkey bread",https://pfaf.org/user/Plant.aspx?LatinName=Bauhinia+thonningii,Drink; Gum; Oil,3,3,2,PFAF
Bauhinia vahlii,"Malu Creeper, Adda Leaf, Pahur Camel's Foot Creeper",https://pfaf.org/user/Plant.aspx?LatinName=Bauhinia+vahlii,Flowers; Gum; Seedpod,3,2,3,PFAF
Bauhinia variegata,Mountain Ebony,https://pfaf.org/user/Plant.aspx?LatinName=Bauhinia+variegata,Leaves,1,1,2,PFAF
Beckmannia eruciformis,Sloughgrass,https://pfaf.org/user/Plant.aspx?LatinName=Beckmannia+eruciformis,Seed,1,2,0,PFAF
Begonia palmata,,https://pfaf.org/user/Plant.aspx?LatinName=Begonia+palmata,Leaves,1,1,1,PFAF
Begonia picta,,https://pfaf.org/user/Plant.aspx?LatinName=Begonia+picta,Leaves,1,2,2,PFAF
Belamcanda chinensis,"Leopard Lily, Blackberry lily, Leopard Flower",https://pfaf.org/user/Plant.aspx?LatinName=Belamcanda+chinensis,Leaves,1,1,3,PFAF
Bellis perennis,"Daisy, Lawndaisy, English Daisy",https://pfaf.org/user/Plant.aspx?LatinName=Bellis+perennis,Flowers; Leaves,2,2,3,PFAF
Benincasa hispida,Wax Gourd,https://pfaf.org/user/Plant.aspx?LatinName=Benincasa+hispida,Flowers; Fruit; Leaves; Seed,4,3,3,PFAF
Berberis aggregata,Salmon Barberry,https://pfaf.org/user/Plant.aspx?LatinName=Berberis+aggregata,Fruit,1,3,2,PFAF
Berberis amurensis,,https://pfaf.org/user/Plant.aspx?LatinName=Berberis+amurensis,Fruit; Leaves,2,2,2,PFAF
Berberis angulosa,Large-Flowered Barberry,https://pfaf.org/user/Plant.aspx?LatinName=Berberis+angulosa,Fruit,1,3,2,PFAF
Berberis aristata,"Chitra, Indian Barberry or Tree Turmeric",https://pfaf.org/user/Plant.aspx?LatinName=Berberis+aristata,Flowers; Fruit,2,4,3,PFAF
Berberis asiatica,"Chutro, Rasanjan (Nep); marpyashi (Newa); Daruharidra, Darbi (Sans)",https://pfaf.org/user/Plant.aspx?LatinName=Berberis+asiatica,Fruit,1,4,3,PFAF
Berberis buxifolia,Magellan Barberry,https://pfaf.org/user/Plant.aspx?LatinName=Berberis+buxifolia,Fruit,1,4,2,PFAF
Berberis calliantha,,https://pfaf.org/user/Plant.aspx?LatinName=Berberis+calliantha,Fruit,1,2,2,PFAF
Berberis canadensis,"Allegheny Barberry, American barberry",https://pfaf.org/user/Plant.aspx?LatinName=Berberis+canadensis,Flowers; Fruit; Leaves,3,3,2,PFAF
Berberis capillaris,,https://pfaf.org/user/Plant.aspx?LatinName=Berberis+capillaris,Fruit,1,2,2,PFAF
Berberis chengii,,https://pfaf.org/user/Plant.aspx?LatinName=Berberis+chengii,Fruit,1,1,2,PFAF
Berberis chinensis,,https://pfaf.org/user/Plant.aspx?LatinName=Berberis+chinensis,Fruit,1,1,2,PFAF
Berberis chitria,,https://pfaf.org/user/Plant.aspx?LatinName=Berberis+chitria,Condiment; Fruit,2,2,2,PFAF
Berberis concinna,,https://pfaf.org/user/Plant.aspx?LatinName=Berberis+concinna,Fruit,1,2,2,PFAF
Berberis cooperi,,https://pfaf.org/user/Plant.aspx?LatinName=Berberis+cooperi,Fruit,1,3,2,PFAF
Berberis darwinii,"Darwin's Barberry, Darwin's berberis",https://pfaf.org/user/Plant.aspx?LatinName=Berberis+darwinii,Fruit,1,4,2,PFAF
Berberis empetrifolia,,https://pfaf.org/user/Plant.aspx?LatinName=Berberis+empetrifolia,Fruit,1,2,2,PFAF
Berberis everstiana,,https://pfaf.org/user/Plant.aspx?LatinName=Berberis+everstiana,Fruit,1,2,2,PFAF
Berberis fendleri,Colorado Barberry,https://pfaf.org/user/Plant.aspx?LatinName=Berberis+fendleri,Fruit,1,3,2,PFAF
Berberis flexuosa,,https://pfaf.org/user/Plant.aspx?LatinName=Berberis+flexuosa,Fruit,1,1,2,PFAF
Berberis gagnepainii,,https://pfaf.org/user/Plant.aspx?LatinName=Berberis+gagnepainii,Fruit,1,2,2,PFAF
Berberis georgii,Barberry,https://pfaf.org/user/Plant.aspx?LatinName=Berberis+georgii,Fruit,1,3,2,PFAF
Berberis heterophylla,,https://pfaf.org/user/Plant.aspx?LatinName=Berberis+heterophylla,Fruit,1,1,2,PFAF
Berberis jaeschkeana,,https://pfaf.org/user/Plant.aspx?LatinName=Berberis+jaeschkeana,Fruit,1,1,2,PFAF
Berberis koreana,"Korean Barberry, Barberry",https://pfaf.org/user/Plant.aspx?LatinName=Berberis+koreana,Fruit; Leaves,2,1,2,PFAF
Berberis lycium,,https://pfaf.org/user/Plant.aspx?LatinName=Berberis+lycium,Fruit; Leaves; Shoots; Tea,4,3,3,PFAF
Berberis parisepala,,https://pfaf.org/user/Plant.aspx?LatinName=Berberis+parisepala,Fruit,1,2,2,PFAF
Berberis rariflora,,https://pfaf.org/user/Plant.aspx?LatinName=Berberis+rariflora,Fruit,1,2,2,PFAF
Berberis rubrostilla,,https://pfaf.org/user/Plant.aspx?LatinName=Berberis+rubrostilla,Fruit,1,3,2,PFAF
Berberis ruscifolia,,https://pfaf.org/user/Plant.aspx?LatinName=Berberis+ruscifolia,Fruit,1,2,2,PFAF
Berberis sherriffii,,https://pfaf.org/user/Plant.aspx?LatinName=Berberis+sherriffii,Fruit,1,1,2,PFAF
Berberis sibirica,,https://pfaf.org/user/Plant.aspx?LatinName=Berberis+sibirica,Fruit,1,2,2,PFAF
Berberis sieboldii,,https://pfaf.org/user/Plant.aspx?LatinName=Berberis+sieboldii,Fruit,1,1,2,PFAF
Berberis sikkimensis,,https://pfaf.org/user/Plant.aspx?LatinName=Berberis+sikkimensis,Fruit,1,2,2,PFAF
Berberis soulieana,,https://pfaf.org/user/Plant.aspx?LatinName=Berberis+soulieana,Fruit,1,1,2,PFAF
Berberis thunbergii,Japanese Barberry,https://pfaf.org/user/Plant.aspx?LatinName=Berberis+thunbergii,Fruit; Leaves,2,2,2,PFAF
Berberis tomentosa,,https://pfaf.org/user/Plant.aspx?LatinName=Berberis+tomentosa,Fruit,1,1,2,PFAF
Berberis ulcina,,https://pfaf.org/user/Plant.aspx?LatinName=Berberis+ulcina,Fruit,1,2,2,PFAF
Berberis verruculosa,,https://pfaf.org/user/Plant.aspx?LatinName=Berberis+verruculosa,Fruit,1,2,2,PFAF
Berberis vulgaris,"European Barberry, Common barberry",https://pfaf.org/user/Plant.aspx?LatinName=Berberis+vulgaris,Condiment; Fruit; Leaves; Shoots; Tea,5,3,3,PFAF
Berberis wilsoniae,Wilson barberry,https://pfaf.org/user/Plant.aspx?LatinName=Berberis+wilsoniae,Fruit,1,3,2,PFAF
Berberis x carminea,,https://pfaf.org/user/Plant.aspx?LatinName=Berberis+x+carminea,Fruit,1,3,2,PFAF
Berberis x lologensis,,https://pfaf.org/user/Plant.aspx?LatinName=Berberis+x+lologensis,Fruit,1,3,2,PFAF
Berberis x stenophylla,,https://pfaf.org/user/Plant.aspx?LatinName=Berberis+x+stenophylla,Fruit,1,3,2,PFAF
Berchemia flavescens,,https://pfaf.org/user/Plant.aspx?LatinName=Berchemia+flavescens,Fruit,1,2,0,PFAF
Berchemia lineata,,https://pfaf.org/user/Plant.aspx?LatinName=Berchemia+lineata,Fruit,1,2,1,PFAF
Berchemia racemosa,,https://pfaf.org/user/Plant.aspx?LatinName=Berchemia+racemosa,Fruit; Leaves; Tea,3,2,0,PFAF
Bergenia crassifolia,Siberian Tea,https://pfaf.org/user/Plant.aspx?LatinName=Bergenia+crassifolia,Tea,1,2,0,PFAF
Bertholletia excelsa,Brazil Nut,https://pfaf.org/user/Plant.aspx?LatinName=Bertholletia+excelsa,Oil,1,5,2,PFAF
Beta lomatogona,Beet,https://pfaf.org/user/Plant.aspx?LatinName=Beta+lomatogona,Root; Sweetener,2,2,0,PFAF
Beta trigyna,Beet,https://pfaf.org/user/Plant.aspx?LatinName=Beta+trigyna,Leaves; Root,2,2,0,PFAF
Beta vulgaris altissima,Sugar Beet,https://pfaf.org/user/Plant.aspx?LatinName=Beta+vulgaris+altissima,Leaves; Root; Sweetener,3,4,2,PFAF
Beta vulgaris cicla,Spinach Beet,https://pfaf.org/user/Plant.aspx?LatinName=Beta+vulgaris+cicla,Leaves; Stem,2,4,2,PFAF
Beta vulgaris craca,Beetroot,https://pfaf.org/user/Plant.aspx?LatinName=Beta+vulgaris+craca,Leaves; Root,2,4,2,PFAF
Beta vulgaris flavescens,Swiss Chard,https://pfaf.org/user/Plant.aspx?LatinName=Beta+vulgaris+flavescens,Leaves; Stem,2,4,2,PFAF
Beta vulgaris maritima,Sea Beet,https://pfaf.org/user/Plant.aspx?LatinName=Beta+vulgaris+maritima,Leaves,1,2,2,PFAF
Betula alleghaniensis,"Yellow Birch, Swamp Birch",https://pfaf.org/user/Plant.aspx?LatinName=Betula+alleghaniensis,Condiment; Inner bark; Sap; Sweetener; Tea,5,3,2,PFAF
Betula alnoides,,https://pfaf.org/user/Plant.aspx?LatinName=Betula+alnoides,Inner bark,1,2,1,PFAF
Betula glandulosa,Scrub Birch,https://pfaf.org/user/Plant.aspx?LatinName=Betula+glandulosa,Condiment; Flowers; Leaves,3,2,1,PFAF
Betula kenaica,Kenai Birch,https://pfaf.org/user/Plant.aspx?LatinName=Betula+kenaica,Condiment; Flowers; Inner bark; Leaves; Sap,5,3,1,PFAF
Betula lenta,"Cherry Birch, Sweet birch, Black Birch, Cherry Birch",https://pfaf.org/user/Plant.aspx?LatinName=Betula+lenta,Condiment; Inner bark; Sap; Sweetener; Tea,5,3,3,PFAF
Betula nana,Dwarf Birch,https://pfaf.org/user/Plant.aspx?LatinName=Betula+nana,Condiment; Flowers; Leaves,3,2,2,PFAF
Betula nigra,"River Birch, Black Birch, Red Birch, Water Birch, River Birch",https://pfaf.org/user/Plant.aspx?LatinName=Betula+nigra,Sap; Sweetener,2,3,2,PFAF
Betula occidentalis,Water Birch,https://pfaf.org/user/Plant.aspx?LatinName=Betula+occidentalis,Condiment; Flowers; Inner bark; Leaves; Sap,5,3,2,PFAF
Betula papyrifera,"Paper Birch, Mountain paper birch, Kenai birch",https://pfaf.org/user/Plant.aspx?LatinName=Betula+papyrifera,Flowers; Inner bark; Leaves; Sap; Shoots; Sweetener; Tea,7,3,2,PFAF
Betula pendula,"Silver Birch, European white birch, Common Birch, Warty Birch, European White Birch",https://pfaf.org/user/Plant.aspx?LatinName=Betula+pendula,Flowers; Inner bark; Leaves; Sap; Tea,5,3,3,PFAF
Betula platyphylla,"White Birch, Asian white birch,",https://pfaf.org/user/Plant.aspx?LatinName=Betula+platyphylla,Inner bark; Sap,2,2,2,PFAF
Betula populifolia,Grey Birch,https://pfaf.org/user/Plant.aspx?LatinName=Betula+populifolia,Inner bark; Sap,2,2,1,PFAF
Betula pubescens,"White Birch, Downy birch",https://pfaf.org/user/Plant.aspx?LatinName=Betula+pubescens,Flowers; Inner bark; Leaves; Sap; Tea,5,3,3,PFAF
Bidens aurea,Arizona beggarticks,https://pfaf.org/user/Plant.aspx?LatinName=Bidens+aurea,Tea,1,1,0,PFAF
Bidens bigelovii,Bigelow's beggarticks,https://pfaf.org/user/Plant.aspx?LatinName=Bidens+bigelovii,Tea,1,3,0,PFAF
Bidens bipinnata,Spanish Needles,https://pfaf.org/user/Plant.aspx?LatinName=Bidens+bipinnata,Condiment; Leaves; Shoots; Tea,4,3,2,PFAF
Bidens frondosa,"Beggar Ticks, Devil's beggartick",https://pfaf.org/user/Plant.aspx?LatinName=Bidens+frondosa,Leaves,1,1,2,PFAF
Bidens parviflora,,https://pfaf.org/user/Plant.aspx?LatinName=Bidens+parviflora,Leaves,1,1,1,PFAF
Bidens pilosa,"Beggar's Ticks, Blackjack, Hairy beggarticks",https://pfaf.org/user/Plant.aspx?LatinName=Bidens+pilosa,Leaves; Shoots; Tea,3,4,2,PFAF
Bidens tripartita,"Burr Marigold, Threelobe beggarticks",https://pfaf.org/user/Plant.aspx?LatinName=Bidens+tripartita,Leaves,1,2,2,PFAF
Billardiera cymosa,Sweet Appleberry,https://pfaf.org/user/Plant.aspx?LatinName=Billardiera+cymosa,Fruit,1,2,0,PFAF
Billardiera longiflora,Appleberry,https://pfaf.org/user/Plant.aspx?LatinName=Billardiera+longiflora,Fruit,1,2,0,PFAF
Billardiera scandens,Common Appleberry,https://pfaf.org/user/Plant.aspx?LatinName=Billardiera+scandens,Fruit,1,2,0,PFAF
Bixa orellana,"Annatto (Lipstick Plant, Urucum, Colorau, Achiote )",https://pfaf.org/user/Plant.aspx?LatinName=Bixa+orellana,Colouring; Condiment; Gum; Tea,4,3,3,PFAF
Blechnum spicant,"Hard Fern, Deer fern",https://pfaf.org/user/Plant.aspx?LatinName=Blechnum+spicant,Leaves; Root; Shoots,3,2,1,PFAF
Bletilla striata,"Hyacinth Orchid, Urn orchid, Hyacinth Bletilla, Hardy Orchid, Chinese Ground Orchid",https://pfaf.org/user/Plant.aspx?LatinName=Bletilla+striata,Gum,1,0,3,PFAF
Blighia sapida,"Akee, ackee apple or ayee",https://pfaf.org/user/Plant.aspx?LatinName=Blighia+sapida,Oil,1,3,2,PFAF
Bloomeria aurea,"Golden Stars, Common goldenstar",https://pfaf.org/user/Plant.aspx?LatinName=Bloomeria+aurea,Root,1,1,0,PFAF
Bloomeria crocea,"Golden Stars, Common goldenstar",https://pfaf.org/user/Plant.aspx?LatinName=Bloomeria+crocea,Root,1,1,0,PFAF
Boehmeria longispica,,https://pfaf.org/user/Plant.aspx?LatinName=Boehmeria+longispica,Leaves; Root,2,1,1,PFAF
Boehmeria nipononivea,Ramie,https://pfaf.org/user/Plant.aspx?LatinName=Boehmeria+nipononivea,Leaves; Root,2,1,1,PFAF
Boehmeria nivea,"Ramie, Chinese Grass, Chinese Silk Plant",https://pfaf.org/user/Plant.aspx?LatinName=Boehmeria+nivea,Leaves; Root,2,2,2,PFAF
Boehmeria spicata,,https://pfaf.org/user/Plant.aspx?LatinName=Boehmeria+spicata,Leaves,1,1,0,PFAF
Boehmeria tricuspis,,https://pfaf.org/user/Plant.aspx?LatinName=Boehmeria+tricuspis,Leaves,1,1,1,PFAF
Boerhavia diffusa,"Tar Vine, Red spiderling",https://pfaf.org/user/Plant.aspx?LatinName=Boerhavia+diffusa,Leaves; Root; Seed,3,2,4,PFAF
Bolax gummifera,Bolax,https://pfaf.org/user/Plant.aspx?LatinName=Bolax+gummifera,Root,1,2,1,PFAF
Bomarea acutifolia,Yatzi,https://pfaf.org/user/Plant.aspx?LatinName=Bomarea+acutifolia,Root,1,2,0,PFAF
Bomarea edulis,,https://pfaf.org/user/Plant.aspx?LatinName=Bomarea+edulis,Root,1,3,0,PFAF
Bomarea salsilla,,https://pfaf.org/user/Plant.aspx?LatinName=Bomarea+salsilla,Root,1,2,0,PFAF
Bombax ceiba,"Red Silk Cotton Tree, Kapok Tree",https://pfaf.org/user/Plant.aspx?LatinName=Bombax+ceiba,Flowers; Gum; Inner bark; Oil; Seedpod; Tea,6,2,2,PFAF
Bongardia chrysogonum,,https://pfaf.org/user/Plant.aspx?LatinName=Bongardia+chrysogonum,Leaves; Root,2,2,1,PFAF
Boopsis australis,,https://pfaf.org/user/Plant.aspx?LatinName=Boopsis+australis,Root,1,2,0,PFAF
Borago officinalis,"Borage, Common borage,Cool-tankard, Tailwort",https://pfaf.org/user/Plant.aspx?LatinName=Borago+officinalis,Colouring; Flowers; Leaves; Oil; Tea,5,3,3,PFAF
Borassus aethiopum,"African Fan Palm, Palmyra Palm",https://pfaf.org/user/Plant.aspx?LatinName=Borassus+aethiopum,Drink; Oil; Sap; Shoots; Sweetener,5,4,2,PFAF
Borassus akeassii,African Fan Palm,https://pfaf.org/user/Plant.aspx?LatinName=Borassus+akeassii,Drink; Sap; Shoots,3,4,2,PFAF
Borassus flabellifer,Palmyra Palm,https://pfaf.org/user/Plant.aspx?LatinName=Borassus+flabellifer,Drink; Flowers; Oil; Salt; Sap; Stem; Sweetener,7,4,2,PFAF
Borojoa patinoi,Borojo,https://pfaf.org/user/Plant.aspx?LatinName=Borojoa+patinoi,Drink,1,4,2,PFAF
Boscia senegalensis,"Aizen, Boscia",https://pfaf.org/user/Plant.aspx?LatinName=Boscia+senegalensis,Coffee; Drink; Sweetener,3,4,2,PFAF
Botrychium australe,Parsley Fern,https://pfaf.org/user/Plant.aspx?LatinName=Botrychium+australe,Leaves; Shoots,2,1,0,PFAF
Botrychium ternatum,,https://pfaf.org/user/Plant.aspx?LatinName=Botrychium+ternatum,Leaves,1,2,2,PFAF
Botrychium virginianum,Rattlesnake Fern,https://pfaf.org/user/Plant.aspx?LatinName=Botrychium+virginianum,Root,1,1,2,PFAF
Brachychiton populneus,"Kurrajong, Bottletree, Kurrajong",https://pfaf.org/user/Plant.aspx?LatinName=Brachychiton+populneus,Coffee; Root; Seed,3,3,0,PFAF
Brachyglottis repanda,Bushman's Toilet Paper,https://pfaf.org/user/Plant.aspx?LatinName=Brachyglottis+repanda,Gum,1,1,1,PFAF
Brahea edulis,"Guadalupe Palm,",https://pfaf.org/user/Plant.aspx?LatinName=Brahea+edulis,Fruit,1,1,0,PFAF
Brasenia schreberi,Water Shield,https://pfaf.org/user/Plant.aspx?LatinName=Brasenia+schreberi,Leaves; Root,2,3,2,PFAF
Brassica balearica,,https://pfaf.org/user/Plant.aspx?LatinName=Brassica+balearica,Leaves,1,1,0,PFAF
Brassica carinata,Abyssinian Cabbage,https://pfaf.org/user/Plant.aspx?LatinName=Brassica+carinata,Condiment; Flowers; Leaves; Oil; Stem,5,4,2,PFAF
Brassica cretica,Mustard,https://pfaf.org/user/Plant.aspx?LatinName=Brassica+cretica,Leaves; Shoots,2,2,0,PFAF
Brassica elongata,Elongated mustard,https://pfaf.org/user/Plant.aspx?LatinName=Brassica+elongata,Leaves; Oil,2,2,0,PFAF
Brassica juncea,Brown Mustard,https://pfaf.org/user/Plant.aspx?LatinName=Brassica+juncea,Condiment; Flowers; Leaves; Oil; Root; Seed,6,4,2,PFAF
Brassica juncea crispifolia,Curled Mustard,https://pfaf.org/user/Plant.aspx?LatinName=Brassica+juncea+crispifolia,Condiment; Flowers; Leaves; Oil,4,4,2,PFAF
Brassica juncea foliosa,Leaf Mustard,https://pfaf.org/user/Plant.aspx?LatinName=Brassica+juncea+foliosa,Condiment; Flowers; Leaves; Oil,4,4,2,PFAF
Brassica juncea integrifolia crispifolia,Curled Mustard,https://pfaf.org/user/Plant.aspx?LatinName=Brassica+juncea+integrifolia+crispifolia,Condiment; Flowers; Shoots; Stem,4,4,2,PFAF
Brassica juncea integrifolia rugosa,Head Mustard,https://pfaf.org/user/Plant.aspx?LatinName=Brassica+juncea+integrifolia+rugosa,Condiment; Flowers; Oil; Shoots; Stem,5,4,2,PFAF
Brassica juncea integrifolia strumata,Large Petiole Mustard,https://pfaf.org/user/Plant.aspx?LatinName=Brassica+juncea+integrifolia+strumata,Condiment; Flowers; Oil; Shoots; Stem,5,4,2,PFAF
Brassica juncea integrifolia subintegrifolia,Leaf Mustard,https://pfaf.org/user/Plant.aspx?LatinName=Brassica+juncea+integrifolia+subintegrifolia,Condiment; Flowers; Oil; Shoots; Stem,5,4,2,PFAF
Brassica juncea multiceps,Green In The Snow,https://pfaf.org/user/Plant.aspx?LatinName=Brassica+juncea+multiceps,Condiment; Flowers; Leaves; Oil,4,4,2,PFAF
Brassica juncea napiformis,Root Mustard,https://pfaf.org/user/Plant.aspx?LatinName=Brassica+juncea+napiformis,Condiment; Flowers; Leaves; Oil; Root,5,4,2,PFAF
Brassica juncea rugosa,Head Mustard,https://pfaf.org/user/Plant.aspx?LatinName=Brassica+juncea+rugosa,Condiment; Flowers; Leaves; Oil; Shoots,5,4,2,PFAF
Brassica juncea strumata,Large Petiole Mustard,https://pfaf.org/user/Plant.aspx?LatinName=Brassica+juncea+strumata,Leaves; Oil; Stem,3,4,2,PFAF
Brassica juncea tsatsai multiceps,Green In The Snow,https://pfaf.org/user/Plant.aspx?LatinName=Brassica+juncea+tsatsai+multiceps,Condiment; Flowers; Oil; Shoots; Stem,5,4,2,PFAF
Brassica juncea tsatsai tumida,Swollen-Stem Mustard,https://pfaf.org/user/Plant.aspx?LatinName=Brassica+juncea+tsatsai+tumida,Condiment; Flowers; Oil; Shoots; Stem,5,4,2,PFAF
Brassica juncea tumida,Swollen-Stem Mustard,https://pfaf.org/user/Plant.aspx?LatinName=Brassica+juncea+tumida,Condiment; Flowers; Leaves; Oil; Stem,5,4,2,PFAF
Brassica napus,"Colza, Rape",https://pfaf.org/user/Plant.aspx?LatinName=Brassica+napus,Condiment; Leaves; Oil; Seed; Stem,5,3,2,PFAF
Brassica napus arvensis,Coleseed,https://pfaf.org/user/Plant.aspx?LatinName=Brassica+napus+arvensis,Condiment; Leaves; Oil; Seed,4,3,2,PFAF
Brassica napus napobrassica,Swede,https://pfaf.org/user/Plant.aspx?LatinName=Brassica+napus+napobrassica,Leaves; Root,2,4,2,PFAF
Brassica napus napus,Rape,https://pfaf.org/user/Plant.aspx?LatinName=Brassica+napus+napus,Condiment; Leaves; Oil,3,3,2,PFAF
Brassica napus pabularia,Rape Kale,https://pfaf.org/user/Plant.aspx?LatinName=Brassica+napus+pabularia,Leaves; Oil,2,3,2,PFAF
Brassica nigra,Black Mustard,https://pfaf.org/user/Plant.aspx?LatinName=Brassica+nigra,Leaves; Oil; Seed; Stem,4,3,3,PFAF
Brassica oleracea,"Wild Cabbage, Broccoli, Tronchuda cabbage, Brussels sprouts, Kohlrabi, Sprouting broccoli",https://pfaf.org/user/Plant.aspx?LatinName=Brassica+oleracea,Leaves,1,4,2,PFAF
Brassica oleracea acephala,Collards,https://pfaf.org/user/Plant.aspx?LatinName=Brassica+oleracea+acephala,Shoots,1,4,0,PFAF
Brassica oleracea alboglabra,Chinese Kale,https://pfaf.org/user/Plant.aspx?LatinName=Brassica+oleracea+alboglabra,Flowers; Leaves; Shoots,3,3,0,PFAF
Brassica oleracea botrytis,Cauliflower,https://pfaf.org/user/Plant.aspx?LatinName=Brassica+oleracea+botrytis,Flowers; Leaves,2,4,0,PFAF
Brassica oleracea botrytis aparagoides,Nine Star Perennial Broccoli,https://pfaf.org/user/Plant.aspx?LatinName=Brassica+oleracea+botrytis+aparagoides,Flowers; Leaves; Shoots,3,4,0,PFAF
Brassica oleracea capitata,"Cabbage,Ornamental Cabbage, Red Cabbage, Savoy Cabbage",https://pfaf.org/user/Plant.aspx?LatinName=Brassica+oleracea+capitata,Leaves; Seed,2,4,0,PFAF
Brassica oleracea costata,Couve Tronchuda,https://pfaf.org/user/Plant.aspx?LatinName=Brassica+oleracea+costata,Leaves,1,3,0,PFAF
Brassica oleracea gemmifera,Brussels Sprouts,https://pfaf.org/user/Plant.aspx?LatinName=Brassica+oleracea+gemmifera,Leaves,1,4,0,PFAF
Brassica oleracea gongylodes,Kohl Rabi,https://pfaf.org/user/Plant.aspx?LatinName=Brassica+oleracea+gongylodes,Leaves; Stem,2,3,1,PFAF
Brassica oleracea italica,Broccoli,https://pfaf.org/user/Plant.aspx?LatinName=Brassica+oleracea+italica,Flowers; Leaves; Shoots,3,5,0,PFAF
Brassica oleracea medullosa,Marrow-Stem Kale,https://pfaf.org/user/Plant.aspx?LatinName=Brassica+oleracea+medullosa,Shoots,1,4,0,PFAF
Brassica oleracea palmifolia,Jersey Kale,https://pfaf.org/user/Plant.aspx?LatinName=Brassica+oleracea+palmifolia,Flowers; Leaves,2,3,0,PFAF
Brassica oleracea ramosa,Perpetual Kale,https://pfaf.org/user/Plant.aspx?LatinName=Brassica+oleracea+ramosa,Shoots,1,4,0,PFAF
Brassica oleracea sabauda,Savoy Cabbage,https://pfaf.org/user/Plant.aspx?LatinName=Brassica+oleracea+sabauda,Leaves,1,4,0,PFAF
Brassica oleracea sabellica,Curly Kale,https://pfaf.org/user/Plant.aspx?LatinName=Brassica+oleracea+sabellica,Shoots,1,4,0,PFAF
Brassica rapa,"Turnip, Field mustard, Toria, Yellow sarson",https://pfaf.org/user/Plant.aspx?LatinName=Brassica+rapa,Leaves; Root,2,3,2,PFAF
Brassica rapa campestris,Wild Turnip,https://pfaf.org/user/Plant.aspx?LatinName=Brassica+rapa+campestris,Leaves; Oil,2,2,1,PFAF
Brassica rapa chinensis,Pak Choi,https://pfaf.org/user/Plant.aspx?LatinName=Brassica+rapa+chinensis,Leaves; Oil; Stem,3,4,1,PFAF
Brassica rapa nipposinica,Mizuna,https://pfaf.org/user/Plant.aspx?LatinName=Brassica+rapa+nipposinica,Flowers; Leaves,2,4,0,PFAF
Brassica rapa oleifera,Stubble Turnip,https://pfaf.org/user/Plant.aspx?LatinName=Brassica+rapa+oleifera,Leaves; Oil; Root,3,2,0,PFAF
Brassica rapa parachinensis,False Pak Choi,https://pfaf.org/user/Plant.aspx?LatinName=Brassica+rapa+parachinensis,Flowers; Leaves,2,4,0,PFAF
Brassica rapa pekinensis,Chinese Cabbage,https://pfaf.org/user/Plant.aspx?LatinName=Brassica+rapa+pekinensis,Flowers; Leaves; Shoots,3,4,1,PFAF
Brassica rapa perviridis,Mustard Spinach,https://pfaf.org/user/Plant.aspx?LatinName=Brassica+rapa+perviridis,Flowers; Leaves,2,3,0,PFAF
Brassica rapa trilocularis,Indian Colza,https://pfaf.org/user/Plant.aspx?LatinName=Brassica+rapa+trilocularis,Leaves; Oil,2,2,0,PFAF
Brassica tournefortii,"Wild Turnip-Rape, Asian mustard",https://pfaf.org/user/Plant.aspx?LatinName=Brassica+tournefortii,Leaves; Oil; Shoots,3,4,0,PFAF
Brodiaea coronaria,"Californian Hyacinth, Crown brodiaea, Indian Valley brodiaea",https://pfaf.org/user/Plant.aspx?LatinName=Brodiaea+coronaria,Fruit; Root,2,3,0,PFAF
Bromelia karatas,"Ananas pingouin, Karatas, Camburito",https://pfaf.org/user/Plant.aspx?LatinName=Bromelia+karatas,Drink; Flowers; Shoots,3,3,2,PFAF
Bromelia pinguin,Pinuela. Pinguin,https://pfaf.org/user/Plant.aspx?LatinName=Bromelia+pinguin,Drink; Flowers; Shoots,3,3,0,PFAF
Bromelia serra,Bayonet bromeliad,https://pfaf.org/user/Plant.aspx?LatinName=Bromelia+serra,Shoots; Stem,2,1,0,PFAF
Bromus breviaristatus,Mountain Brome,https://pfaf.org/user/Plant.aspx?LatinName=Bromus+breviaristatus,Seed,1,1,0,PFAF
Bromus carinatus,Californian Brome,https://pfaf.org/user/Plant.aspx?LatinName=Bromus+carinatus,Seed,1,3,0,PFAF
Bromus japonicus,"Japanese Chess, Field brome",https://pfaf.org/user/Plant.aspx?LatinName=Bromus+japonicus,Leaves; Seed,2,1,0,PFAF
Bromus mango,"Mango, Mango brome",https://pfaf.org/user/Plant.aspx?LatinName=Bromus+mango,Drink; Seed,2,2,0,PFAF
Bromus marginatus,Mountain Brome,https://pfaf.org/user/Plant.aspx?LatinName=Bromus+marginatus,Seed,1,3,0,PFAF
Bromus rigidus,Ripgut Brome,https://pfaf.org/user/Plant.aspx?LatinName=Bromus+rigidus,Seed,1,1,0,PFAF
Bromus tectorum,"Cheat Grass, Downy Brome",https://pfaf.org/user/Plant.aspx?LatinName=Bromus+tectorum,Coffee; Seed,2,1,1,PFAF
Brosimum alicastrum,Breadnut. Maya nut,https://pfaf.org/user/Plant.aspx?LatinName=Brosimum+alicastrum,Coffee; Drink; Gum; Milk,4,3,2,PFAF
Brosimum parinarioides,"Leite de amapa, Brosimum",https://pfaf.org/user/Plant.aspx?LatinName=Brosimum+parinarioides,Gum; Milk; Sap,3,3,2,PFAF
Brosimum utile,"Cow Tree, Palo De Vaca",https://pfaf.org/user/Plant.aspx?LatinName=Brosimum+utile,Drink; Milk; Sap,3,3,2,PFAF
Broussonetia kazinoki,Kozo,https://pfaf.org/user/Plant.aspx?LatinName=Broussonetia+kazinoki,Flowers; Fruit; Leaves,3,3,1,PFAF
Broussonetia papyrifera,Paper Mulberry,https://pfaf.org/user/Plant.aspx?LatinName=Broussonetia+papyrifera,Flowers; Fruit; Leaves,3,4,2,PFAF
Brucea antidysenterica,Waginos,https://pfaf.org/user/Plant.aspx?LatinName=Brucea+antidysenterica,Condiment; Inner bark,2,1,4,PFAF
Bryonia alba,White Bryony,https://pfaf.org/user/Plant.aspx?LatinName=Bryonia+alba,Leaves; Shoots,2,1,2,PFAF
Bryonia dioica,"Red Bryony, Cretan bryony",https://pfaf.org/user/Plant.aspx?LatinName=Bryonia+dioica,Leaves; Shoots,2,1,2,PFAF
Buchanania lanzan,"Almondette, Charoli Nut",https://pfaf.org/user/Plant.aspx?LatinName=Buchanania+lanzan,Gum; Oil,2,4,2,PFAF
Buddleia asiatica,Bai Bei Feng,https://pfaf.org/user/Plant.aspx?LatinName=Buddleia+asiatica,Drink,1,1,1,PFAF
Bulbinella hookeri,Maori Onion,https://pfaf.org/user/Plant.aspx?LatinName=Bulbinella+hookeri,Root,1,1,0,PFAF
Bulbinopsis bulbosa,Golden Lily,https://pfaf.org/user/Plant.aspx?LatinName=Bulbinopsis+bulbosa,Root,1,3,0,PFAF
Bumelia lanuginosa,Chittamwood,https://pfaf.org/user/Plant.aspx?LatinName=Bumelia+lanuginosa,Fruit; Gum,2,2,0,PFAF
Bumelia lycioides,Shittamwood,https://pfaf.org/user/Plant.aspx?LatinName=Bumelia+lycioides,Fruit,1,2,0,PFAF
Bumelia tenax,"Ironwood, Tough bully",https://pfaf.org/user/Plant.aspx?LatinName=Bumelia+tenax,Fruit,1,2,0,PFAF
Bunias erucago,"Corn Rocket, Crested wartycabbage",https://pfaf.org/user/Plant.aspx?LatinName=Bunias+erucago,Leaves; Root,2,3,0,PFAF
Bunias orientalis,"Turkish Rocket, Turkish wartycabbage",https://pfaf.org/user/Plant.aspx?LatinName=Bunias+orientalis,Flowers; Leaves; Stem,3,4,0,PFAF
Bunium bulbocastanum,"Pig Nut, Earth-nut",https://pfaf.org/user/Plant.aspx?LatinName=Bunium+bulbocastanum,Condiment; Leaves; Root,3,4,1,PFAF
Bunium ferulaceum,,https://pfaf.org/user/Plant.aspx?LatinName=Bunium+ferulaceum,Root,1,2,0,PFAF
Bunium persicum,"Black Caraway, Black Cumin",https://pfaf.org/user/Plant.aspx?LatinName=Bunium+persicum,Condiment; Root,2,3,0,PFAF
Bupleurum chinense,Bei Chai Hu,https://pfaf.org/user/Plant.aspx?LatinName=Bupleurum+chinense,Leaves; Root; Rutin; Shoots,4,2,3,PFAF
Bupleurum falcatum,Thorow-Wax,https://pfaf.org/user/Plant.aspx?LatinName=Bupleurum+falcatum,Leaves; Rutin; Shoots,3,2,2,PFAF
Bupleurum longiradiatum,,https://pfaf.org/user/Plant.aspx?LatinName=Bupleurum+longiradiatum,Leaves,1,1,2,PFAF
Bupleurum octoradiatum,,https://pfaf.org/user/Plant.aspx?LatinName=Bupleurum+octoradiatum,Leaves; Shoots,2,1,1,PFAF
Bupleurum rotundifolium,Hare's Ear,https://pfaf.org/user/Plant.aspx?LatinName=Bupleurum+rotundifolium,Leaves,1,1,0,PFAF
Burchardia umbellata,Milkmaids,https://pfaf.org/user/Plant.aspx?LatinName=Burchardia+umbellata,Root,1,2,0,PFAF
Bursera simaruba,"Gum Tree, Gumbo Limbo",https://pfaf.org/user/Plant.aspx?LatinName=Bursera+simaruba,Gum; Tea,2,2,2,PFAF
Butia capitata,"Jelly Palm, South american jelly palm",https://pfaf.org/user/Plant.aspx?LatinName=Butia+capitata,Fruit; Oil; Stem,3,2,0,PFAF
Butomus umbellatus,Flowering Rush,https://pfaf.org/user/Plant.aspx?LatinName=Butomus+umbellatus,Root; Seed,2,3,0,PFAF
Buxus sempervirens,"Box, Common box, American Boxwood",https://pfaf.org/user/Plant.aspx?LatinName=Buxus+sempervirens,Condiment,1,1,2,PFAF
Byrsonima crassifolia,"Golden Spoon, Nance, Nancy Tree",https://pfaf.org/user/Plant.aspx?LatinName=Byrsonima+crassifolia,Drink; Oil,2,4,2,PFAF
Cacalia atriplicifolia,Pale indian plantain,https://pfaf.org/user/Plant.aspx?LatinName=Cacalia+atriplicifolia,Condiment; Leaves,2,2,1,PFAF
Cacalia auriculata,,https://pfaf.org/user/Plant.aspx?LatinName=Cacalia+auriculata,Leaves,1,1,0,PFAF
Cacalia delphiniifolia,,https://pfaf.org/user/Plant.aspx?LatinName=Cacalia+delphiniifolia,Leaves,1,1,0,PFAF
Cacalia farfarifolia,,https://pfaf.org/user/Plant.aspx?LatinName=Cacalia+farfarifolia,Leaves,1,1,0,PFAF
Cacalia firma,,https://pfaf.org/user/Plant.aspx?LatinName=Cacalia+firma,Leaves,1,1,0,PFAF
Cacalia hastata orientalis,,https://pfaf.org/user/Plant.aspx?LatinName=Cacalia+hastata+orientalis,Leaves,1,1,0,PFAF
Cacalia hastata tanakae,,https://pfaf.org/user/Plant.aspx?LatinName=Cacalia+hastata+tanakae,Leaves,1,1,0,PFAF
Cacalia kiusiana,,https://pfaf.org/user/Plant.aspx?LatinName=Cacalia+kiusiana,Leaves; Shoots,2,1,0,PFAF
Cacalia nikomontana,,https://pfaf.org/user/Plant.aspx?LatinName=Cacalia+nikomontana,Leaves,1,1,0,PFAF
Cacalia peltifolia,,https://pfaf.org/user/Plant.aspx?LatinName=Cacalia+peltifolia,Leaves; Shoots,2,1,0,PFAF
Cacalia pseudo-taimingasa,,https://pfaf.org/user/Plant.aspx?LatinName=Cacalia+pseudo-taimingasa,Leaves,1,1,0,PFAF
Caesalpinia digyna,"Teri pods, Udakiryaka",https://pfaf.org/user/Plant.aspx?LatinName=Caesalpinia+digyna,Oil,1,2,2,PFAF
Caesalpinia spinosa,"Spiny Holdback, Tara",https://pfaf.org/user/Plant.aspx?LatinName=Caesalpinia+spinosa,Gum,1,2,2,PFAF
Caesia calliantha,Blue Grass Lily,https://pfaf.org/user/Plant.aspx?LatinName=Caesia+calliantha,Root,1,1,0,PFAF
Caesia parviflora,Blue Grass Lily,https://pfaf.org/user/Plant.aspx?LatinName=Caesia+parviflora,Root,1,1,0,PFAF
Caesia vittata,Blue Grass Lily,https://pfaf.org/user/Plant.aspx?LatinName=Caesia+vittata,Root,1,1,0,PFAF
Cajanus cajan,"Pigeon Pea, Puerto Rico Bean, Gandul, Dhal, Congo Pea",https://pfaf.org/user/Plant.aspx?LatinName=Cajanus+cajan,Seedpod; Shoots,2,4,2,PFAF
Cakile edentula,"Sea Rocket, American searocket, Harper's searocket",https://pfaf.org/user/Plant.aspx?LatinName=Cakile+edentula,Leaves; Root; Stem,3,2,0,PFAF
Cakile maritima,"Sea Rocket, European searocket",https://pfaf.org/user/Plant.aspx?LatinName=Cakile+maritima,Condiment; Flowers; Leaves; Oil; Root; Seedpod; Stem,7,2,0,PFAF
Calamintha grandiflora,Large-Flowered Calamint,https://pfaf.org/user/Plant.aspx?LatinName=Calamintha+grandiflora,Condiment; Tea,2,2,2,PFAF
Calamintha nepeta,Lesser Calamint,https://pfaf.org/user/Plant.aspx?LatinName=Calamintha+nepeta,Condiment; Tea,2,3,2,PFAF
Calamintha sylvatica,"Calamint, Woodland calamint",https://pfaf.org/user/Plant.aspx?LatinName=Calamintha+sylvatica,Condiment; Tea,2,3,2,PFAF
Calamus rotang,"Rattan, Rotang, Rattan Cane",https://pfaf.org/user/Plant.aspx?LatinName=Calamus+rotang,Shoots,1,2,2,PFAF
Calamus spp.,Rattan Palm,https://pfaf.org/user/Plant.aspx?LatinName=Calamus+spp.,Shoots,1,2,2,PFAF
Calandrinia balonensis,,https://pfaf.org/user/Plant.aspx?LatinName=Calandrinia+balonensis,Leaves; Root; Seed,3,2,0,PFAF
Calandrinia ciliata,"Redmaids, Fringed redmaids",https://pfaf.org/user/Plant.aspx?LatinName=Calandrinia+ciliata,Leaves; Seed; Shoots,3,4,0,PFAF
Calandrinia ciliata menziesii,Redmaids,https://pfaf.org/user/Plant.aspx?LatinName=Calandrinia+ciliata+menziesii,Leaves; Seed; Shoots,3,2,0,PFAF
Calandrinia polyandra,Parakeelya,https://pfaf.org/user/Plant.aspx?LatinName=Calandrinia+polyandra,Leaves; Root; Seed,3,2,0,PFAF
Calandrinia remota,,https://pfaf.org/user/Plant.aspx?LatinName=Calandrinia+remota,Leaves; Root; Seed,3,2,0,PFAF
Calathea allouia,"Sweetcorn Root, Guinea Arrowroot",https://pfaf.org/user/Plant.aspx?LatinName=Calathea+allouia,Flowers,1,4,0,PFAF
Calendula arvensis,Field Marigold,https://pfaf.org/user/Plant.aspx?LatinName=Calendula+arvensis,Flowers; Leaves; Shoots,3,2,3,PFAF
Calendula officinalis,"calendula, Pot Marigold",https://pfaf.org/user/Plant.aspx?LatinName=Calendula+officinalis,Colouring; Flowers; Leaves; Tea,4,3,5,PFAF
Calla palustris,Water Arum,https://pfaf.org/user/Plant.aspx?LatinName=Calla+palustris,Fruit; Root; Seed,3,2,2,PFAF
Callicarpa americana,"American Beautyberry, Beautyberry, French Mulberry, American Beautyberry",https://pfaf.org/user/Plant.aspx?LatinName=Callicarpa+americana,Fruit,1,2,2,PFAF
Callicarpa japonica,"Beautyberry, Japanese callicarpa, Japanese Beautyberry",https://pfaf.org/user/Plant.aspx?LatinName=Callicarpa+japonica,Tea,1,1,0,PFAF
Callicarpa macrophylla,,https://pfaf.org/user/Plant.aspx?LatinName=Callicarpa+macrophylla,Fruit,1,1,2,PFAF
Callicarpa mollis,,https://pfaf.org/user/Plant.aspx?LatinName=Callicarpa+mollis,Fruit,1,1,0,PFAF
Calligonum aphyllum,,https://pfaf.org/user/Plant.aspx?LatinName=Calligonum+aphyllum,Fruit; Gum; Leaves; Shoots,4,2,0,PFAF
Callirhoe digitata,"Finger Poppy Mallow, Winecup",https://pfaf.org/user/Plant.aspx?LatinName=Callirhoe+digitata,Root,1,2,0,PFAF
Callirhoe involucrata,"Poppy Mallow, Purple poppymallow, Winecup, Finger Poppy Mallow",https://pfaf.org/user/Plant.aspx?LatinName=Callirhoe+involucrata,Leaves; Root,2,3,2,PFAF
Callirhoe leiocarpa,Tall Poppy-Mallow,https://pfaf.org/user/Plant.aspx?LatinName=Callirhoe+leiocarpa,Root,1,2,0,PFAF
Callistemon citrinus,"Crimson Bottlebrush, Red Bottlebrush, Lemon Bottlebrush",https://pfaf.org/user/Plant.aspx?LatinName=Callistemon+citrinus,Tea,1,2,0,PFAF
Callitriche palustris,"Common Waterwort, Vernal water-starwort",https://pfaf.org/user/Plant.aspx?LatinName=Callitriche+palustris,Leaves,1,1,0,PFAF
Calluna vulgaris,"Heather, Scotch Heather",https://pfaf.org/user/Plant.aspx?LatinName=Calluna+vulgaris,Condiment; Shoots; Tea,3,2,2,PFAF
Calocedrus decurrens,"Incense Cedar, California Incense Cedar",https://pfaf.org/user/Plant.aspx?LatinName=Calocedrus+decurrens,Condiment,1,1,1,PFAF
Calochortus aureus,"Mariposa Lily, Golden mariposa lily",https://pfaf.org/user/Plant.aspx?LatinName=Calochortus+aureus,Flowers; Root,2,4,0,PFAF
Calochortus barbatus,,https://pfaf.org/user/Plant.aspx?LatinName=Calochortus+barbatus,Root,1,1,0,PFAF
Calochortus clavatus,"Clubhair mariposa lily, Arroyo de la Cruz mariposa lily",https://pfaf.org/user/Plant.aspx?LatinName=Calochortus+clavatus,Root,1,1,0,PFAF
Calochortus elegans,"Star Tulip, Elegant mariposa lily",https://pfaf.org/user/Plant.aspx?LatinName=Calochortus+elegans,Root,1,1,0,PFAF
Calochortus gunnisonii,"Mariposa Lily, Gunnison's mariposa lily",https://pfaf.org/user/Plant.aspx?LatinName=Calochortus+gunnisonii,Flowers; Leaves; Root; Seed,4,4,1,PFAF
Calochortus luteus,"Yellow Mariposa, Yellow mariposa lily",https://pfaf.org/user/Plant.aspx?LatinName=Calochortus+luteus,Root,1,2,0,PFAF
Calochortus macrocarpus,"Sagebrush Mariposa Lily, Nez Perce mariposa lily",https://pfaf.org/user/Plant.aspx?LatinName=Calochortus+macrocarpus,Flowers; Root,2,2,1,PFAF
Calochortus nuttallii,Sego Lily,https://pfaf.org/user/Plant.aspx?LatinName=Calochortus+nuttallii,Flowers; Leaves; Root; Seed,4,5,0,PFAF
Calochortus pulchellus,"Mount Diablo Globelily, Mt. diablo fairy-lantern",https://pfaf.org/user/Plant.aspx?LatinName=Calochortus+pulchellus,Root,1,2,0,PFAF
Calochortus tolmiei,Tolmie Startulip,https://pfaf.org/user/Plant.aspx?LatinName=Calochortus+tolmiei,Root,1,2,0,PFAF
Calochortus uniflorus,"Large-Flowered Star Tulip, Monterey mariposa lily",https://pfaf.org/user/Plant.aspx?LatinName=Calochortus+uniflorus,Root,1,1,0,PFAF
Calochortus venustus,Butterfly Mariposa Lily,https://pfaf.org/user/Plant.aspx?LatinName=Calochortus+venustus,Root,1,2,0,PFAF
Calophyllum brasiliense,Brazil Beauty-Leaf,https://pfaf.org/user/Plant.aspx?LatinName=Calophyllum+brasiliense,Oil,1,0,2,PFAF
Calotropis gigantea,"Giant Milkweed, Crown Flower, Giant Calotrope, Swallow-wort",https://pfaf.org/user/Plant.aspx?LatinName=Calotropis+gigantea,Drink; Flowers; Manna,3,2,3,PFAF
Calotropis procera,"Auricula Tree, Dead Sea Apple, Sodom Apple",https://pfaf.org/user/Plant.aspx?LatinName=Calotropis+procera,Drink; Sap; Shoots,3,1,3,PFAF
Caltha leptosepala,"Western Marsh Marigold, Howell's marsh marigold, Sulphur marsh marigold",https://pfaf.org/user/Plant.aspx?LatinName=Caltha+leptosepala,Flowers; Leaves; Root,3,2,1,PFAF
Caltha leptosepala howellii,,https://pfaf.org/user/Plant.aspx?LatinName=Caltha+leptosepala+howellii,Flowers; Leaves; Root,3,2,0,PFAF
Caltha natans,Floating marsh marigold,https://pfaf.org/user/Plant.aspx?LatinName=Caltha+natans,Flowers; Leaves; Root,3,1,1,PFAF
Caltha palustris,"Marsh Marigold, Yellow marsh marigold",https://pfaf.org/user/Plant.aspx?LatinName=Caltha+palustris,Flowers; Leaves; Root,3,2,2,PFAF
Caltha sinogracilis,,https://pfaf.org/user/Plant.aspx?LatinName=Caltha+sinogracilis,Leaves,1,1,0,PFAF
Calycanthus floridus,"Carolina Allspice, Eastern sweetshrub, Strawberry Bush, Sweetshrub, Carolina Allspice",https://pfaf.org/user/Plant.aspx?LatinName=Calycanthus+floridus,Condiment,1,3,2,PFAF
Calycanthus floridus glaucus,Eastern Sweetshrub,https://pfaf.org/user/Plant.aspx?LatinName=Calycanthus+floridus+glaucus,Condiment,1,2,1,PFAF
Calycanthus occidentalis,"Californian Allspice, Western sweetshrub",https://pfaf.org/user/Plant.aspx?LatinName=Calycanthus+occidentalis,Condiment,1,3,1,PFAF
Calypso bulbosa,Fairyslipper,https://pfaf.org/user/Plant.aspx?LatinName=Calypso+bulbosa,Root,1,2,1,PFAF
Calystegia hederacea,Japanese false bindweed,https://pfaf.org/user/Plant.aspx?LatinName=Calystegia+hederacea,Leaves; Root; Shoots,3,2,1,PFAF
Calystegia pellita,,https://pfaf.org/user/Plant.aspx?LatinName=Calystegia+pellita,Leaves; Root; Shoots,3,2,0,PFAF
Calystegia pubescens,Japanese Bindweed,https://pfaf.org/user/Plant.aspx?LatinName=Calystegia+pubescens,Leaves; Root; Shoots,3,1,1,PFAF
Calystegia sepium,"Hedge Bindweed, Hedge false bindweed, Appalachia false bindweed, Bingham's false bindweed",https://pfaf.org/user/Plant.aspx?LatinName=Calystegia+sepium,Leaves; Root; Shoots,3,2,1,PFAF
Calystegia soldanella,"Sea Bindweed, Seashore false bindweed",https://pfaf.org/user/Plant.aspx?LatinName=Calystegia+soldanella,Leaves; Shoots,2,1,1,PFAF
Calystegia subvolubilis,,https://pfaf.org/user/Plant.aspx?LatinName=Calystegia+subvolubilis,Leaves; Root; Shoots,3,1,0,PFAF
Camassia leichtlinii,"Wild Hyacinth, Large camas, Suksdorf's large camas",https://pfaf.org/user/Plant.aspx?LatinName=Camassia+leichtlinii,Root,1,4,0,PFAF
Camassia quamash,"Quamash, Small camas, Utah small camas, Walpole's small camas",https://pfaf.org/user/Plant.aspx?LatinName=Camassia+quamash,Root,1,5,1,PFAF
Camassia scilloides,Atlantic Camas,https://pfaf.org/user/Plant.aspx?LatinName=Camassia+scilloides,Root,1,3,0,PFAF
Camelina sativa,Gold Of Pleasure,https://pfaf.org/user/Plant.aspx?LatinName=Camelina+sativa,Oil,1,3,0,PFAF
Camellia biflora,,https://pfaf.org/user/Plant.aspx?LatinName=Camellia+biflora,Oil,1,2,0,PFAF
Camellia chekiangoleosa,Camellia,https://pfaf.org/user/Plant.aspx?LatinName=Camellia+chekiangoleosa,Oil,1,2,0,PFAF
Camellia gracilis,Camellia,https://pfaf.org/user/Plant.aspx?LatinName=Camellia+gracilis,Oil,1,2,0,PFAF
Camellia japonica,"Camellia, Common Camellia, Japanese Camellia",https://pfaf.org/user/Plant.aspx?LatinName=Camellia+japonica,Flowers; Oil; Tea,3,3,2,PFAF
Camellia kissi,,https://pfaf.org/user/Plant.aspx?LatinName=Camellia+kissi,Fruit; Oil; Tea,3,2,2,PFAF
Camellia oleifera,"Tea-Oil Plant, Tea Oil Camellia",https://pfaf.org/user/Plant.aspx?LatinName=Camellia+oleifera,Oil,1,2,2,PFAF
Camellia pitardii,,https://pfaf.org/user/Plant.aspx?LatinName=Camellia+pitardii,Oil,1,2,0,PFAF
Camellia polyodonta,,https://pfaf.org/user/Plant.aspx?LatinName=Camellia+polyodonta,Oil,1,2,0,PFAF
Camellia reticulata,To-tsubaki,https://pfaf.org/user/Plant.aspx?LatinName=Camellia+reticulata,Oil,1,3,0,PFAF
Camellia sasanqua,"Camellia, Sasanqua camellia",https://pfaf.org/user/Plant.aspx?LatinName=Camellia+sasanqua,Oil; Tea,2,3,1,PFAF
Camellia semiserrata,,https://pfaf.org/user/Plant.aspx?LatinName=Camellia+semiserrata,Oil,1,2,0,PFAF
Camellia sinensis,"Tea Plant, Assam tea, Tea Tree Camellia",https://pfaf.org/user/Plant.aspx?LatinName=Camellia+sinensis,Colouring; Condiment; Leaves; Oil; Shoots; Tea,6,4,4,PFAF
Camellia sinensis assamica,"Tea Plant, Assam Tea",https://pfaf.org/user/Plant.aspx?LatinName=Camellia+sinensis+assamica,Colouring; Drink; Flowers; Oil; Shoots; Tea,6,4,4,PFAF
Camellia yunnanensis,,https://pfaf.org/user/Plant.aspx?LatinName=Camellia+yunnanensis,Oil,1,2,0,PFAF
Campanula alliariifolia,Cornish Bellflower,https://pfaf.org/user/Plant.aspx?LatinName=Campanula+alliariifolia,Flowers; Leaves,2,3,0,PFAF
Campanula carpatica,"Tussock Bellflower, Carpathian Bellflower, Carpathian Harebell",https://pfaf.org/user/Plant.aspx?LatinName=Campanula+carpatica,Flowers; Leaves,2,3,0,PFAF
Campanula carpatica turbinata,,https://pfaf.org/user/Plant.aspx?LatinName=Campanula+carpatica+turbinata,Flowers; Leaves,2,3,0,PFAF
Campanula cochleariifolia,Fairies Thimbles,https://pfaf.org/user/Plant.aspx?LatinName=Campanula+cochleariifolia,Flowers; Leaves,2,4,0,PFAF
Campanula edulis,,https://pfaf.org/user/Plant.aspx?LatinName=Campanula+edulis,Root,1,2,0,PFAF
Campanula fenestrellata,Adriatic Bellflower,https://pfaf.org/user/Plant.aspx?LatinName=Campanula+fenestrellata,Flowers; Leaves,2,4,0,PFAF
Campanula garganica,Adriatic Bellflower,https://pfaf.org/user/Plant.aspx?LatinName=Campanula+garganica,Flowers; Leaves,2,3,0,PFAF
Campanula glomerata,"Clustered Bellflower, Dane's blood, Clustered Bellflower",https://pfaf.org/user/Plant.aspx?LatinName=Campanula+glomerata,Flowers; Leaves,2,4,0,PFAF
Campanula lactiflora,Milky Bellflower,https://pfaf.org/user/Plant.aspx?LatinName=Campanula+lactiflora,Flowers; Leaves,2,3,0,PFAF
Campanula lasiocarpa,Mountain harebell,https://pfaf.org/user/Plant.aspx?LatinName=Campanula+lasiocarpa,Stem,1,2,0,PFAF
Campanula latifolia,"Large Campanula, Giant bellflower",https://pfaf.org/user/Plant.aspx?LatinName=Campanula+latifolia,Flowers; Leaves; Root; Shoots,4,3,1,PFAF
Campanula latiloba,,https://pfaf.org/user/Plant.aspx?LatinName=Campanula+latiloba,Flowers; Leaves,2,3,0,PFAF
Campanula medium,"Canterbury Bells, Cup and Saucer, Canterbury Bells",https://pfaf.org/user/Plant.aspx?LatinName=Campanula+medium,Leaves; Root; Shoots,3,2,0,PFAF
Campanula persicifolia,"Harebell, Peachleaf bellflower",https://pfaf.org/user/Plant.aspx?LatinName=Campanula+persicifolia,Flowers; Leaves; Root,3,4,0,PFAF
Campanula portenschlagiana,Adria Bellflower,https://pfaf.org/user/Plant.aspx?LatinName=Campanula+portenschlagiana,Flowers; Leaves,2,3,0,PFAF
Campanula poscharskyana,Trailing Bellflower,https://pfaf.org/user/Plant.aspx?LatinName=Campanula+poscharskyana,Flowers; Leaves,2,4,0,PFAF
Campanula punctata,"Chinese Rampion, Spotted bellflower",https://pfaf.org/user/Plant.aspx?LatinName=Campanula+punctata,Flowers; Leaves,2,4,0,PFAF
Campanula pyramidalis,Chimney Bellflower,https://pfaf.org/user/Plant.aspx?LatinName=Campanula+pyramidalis,Flowers; Leaves,2,3,0,PFAF
Campanula rapunculoides,"Creeping Bellflower, Rampion bellflower",https://pfaf.org/user/Plant.aspx?LatinName=Campanula+rapunculoides,Leaves; Root; Shoots,3,3,1,PFAF
Campanula rapunculus,Rampion,https://pfaf.org/user/Plant.aspx?LatinName=Campanula+rapunculus,Leaves; Root; Shoots,3,4,0,PFAF
Campanula takesimana,Korean Bellflower,https://pfaf.org/user/Plant.aspx?LatinName=Campanula+takesimana,Flowers; Leaves; Root,3,4,0,PFAF
Campanula versicolor,Grecian Bellflower,https://pfaf.org/user/Plant.aspx?LatinName=Campanula+versicolor,Flowers; Leaves,2,5,0,PFAF
Cananga odorata,"Ylang Ylang, Perfume Tree",https://pfaf.org/user/Plant.aspx?LatinName=Cananga+odorata,Flowers; Oil,2,2,3,PFAF
Canarium indicum,"Canarium Nut, Ngali, Galip nut, kenari nut",https://pfaf.org/user/Plant.aspx?LatinName=Canarium+indicum,Oil,1,4,2,PFAF
Canarium luzonicum,Manila Elemi,https://pfaf.org/user/Plant.aspx?LatinName=Canarium+luzonicum,Oil; Shoots,2,4,3,PFAF
Canarium ovatum,Pili Nut,https://pfaf.org/user/Plant.aspx?LatinName=Canarium+ovatum,Oil; Shoots,2,4,3,PFAF
Canarium schweinfurtii,African elemi,https://pfaf.org/user/Plant.aspx?LatinName=Canarium+schweinfurtii,Condiment; Gum; Oil,3,3,3,PFAF
Canarium vulgare,"Java Almond, Kenari Nut",https://pfaf.org/user/Plant.aspx?LatinName=Canarium+vulgare,Oil,1,4,1,PFAF
Canavalia gladiata,Sword Bean,https://pfaf.org/user/Plant.aspx?LatinName=Canavalia+gladiata,Seedpod,1,3,2,PFAF
Canna edulis,"Achira, Indian shot",https://pfaf.org/user/Plant.aspx?LatinName=Canna+edulis,Leaves; Root; Seed; Shoots,4,3,0,PFAF
Canna glauca,"Louisiana Canna, Maraca amarilla",https://pfaf.org/user/Plant.aspx?LatinName=Canna+glauca,Fruit; Root,2,2,0,PFAF
Canna indica,Indian Shot,https://pfaf.org/user/Plant.aspx?LatinName=Canna+indica,Fruit; Root,2,4,2,PFAF
Cannabis sativa,"Hemp, Marijuana",https://pfaf.org/user/Plant.aspx?LatinName=Cannabis+sativa,Leaves; Oil; Seed,3,4,4,PFAF
Capparis spinosa,"Caper,Common Caper, Caper Bush",https://pfaf.org/user/Plant.aspx?LatinName=Capparis+spinosa,Condiment; Leaves; Shoots,3,2,3,PFAF
Capsella bursa-pastoris,Shepherd's Purse,https://pfaf.org/user/Plant.aspx?LatinName=Capsella+bursa-pastoris,Condiment; Leaves; Oil; Seed; Shoots,5,4,2,PFAF
Capsicum annuum,"Sweet Pepper, Cayenne Pepper, Chili Pepper, Christmas Pepper, Red Pepper, Ornamental Chili Pepper",https://pfaf.org/user/Plant.aspx?LatinName=Capsicum+annuum,Colouring; Condiment; Flowers; Fruit; Leaves,5,4,3,PFAF
Capsicum baccatum,"Locoto, Aji",https://pfaf.org/user/Plant.aspx?LatinName=Capsicum+baccatum,Condiment; Fruit,2,3,3,PFAF
Capsicum chinense,"Bonnet Pepper, Chinese capsicum",https://pfaf.org/user/Plant.aspx?LatinName=Capsicum+chinense,Condiment,1,3,4,PFAF
Capsicum frutescens,"Tabasco Pepper, Cayenne pepper",https://pfaf.org/user/Plant.aspx?LatinName=Capsicum+frutescens,Condiment; Fruit; Leaves,3,3,4,PFAF
Capsicum pubescens,"Tree Pepper, Rocoto",https://pfaf.org/user/Plant.aspx?LatinName=Capsicum+pubescens,Condiment; Fruit,2,3,3,PFAF
Caragana arborescens,"Siberian Pea Tree, Siberian peashrub",https://pfaf.org/user/Plant.aspx?LatinName=Caragana+arborescens,Oil; Seed; Seedpod,3,5,1,PFAF
Caragana boisii,Siberian peatree,https://pfaf.org/user/Plant.aspx?LatinName=Caragana+boisii,Oil; Seed; Seedpod,3,4,0,PFAF
Caragana brevispina,Long-Stalked Pea-shrub,https://pfaf.org/user/Plant.aspx?LatinName=Caragana+brevispina,Leaves; Seed,2,4,1,PFAF
Caragana frutex,Russian pea shrub,https://pfaf.org/user/Plant.aspx?LatinName=Caragana+frutex,Seedpod,1,0,0,PFAF
Caragana fruticosa,"Siberian Peashrub,",https://pfaf.org/user/Plant.aspx?LatinName=Caragana+fruticosa,Oil; Seed; Seedpod,3,3,0,PFAF
Caragana pygmaea,Pygmy Peashrub,https://pfaf.org/user/Plant.aspx?LatinName=Caragana+pygmaea,Root,1,1,0,PFAF
Caragana sinica,Chinese Pea Shrub,https://pfaf.org/user/Plant.aspx?LatinName=Caragana+sinica,Flowers,1,1,2,PFAF
Carapa guianensis,Andiroba,https://pfaf.org/user/Plant.aspx?LatinName=Carapa+guianensis,Oil,1,0,4,PFAF
Cardamine amara,Large Bittercress,https://pfaf.org/user/Plant.aspx?LatinName=Cardamine+amara,Leaves,1,3,1,PFAF
Cardamine amaraeformis,,https://pfaf.org/user/Plant.aspx?LatinName=Cardamine+amaraeformis,Leaves,1,2,0,PFAF
Cardamine bonariensis,,https://pfaf.org/user/Plant.aspx?LatinName=Cardamine+bonariensis,Leaves,1,2,0,PFAF
Cardamine bulbifera,"Coral Root, Coralroot bittercress",https://pfaf.org/user/Plant.aspx?LatinName=Cardamine+bulbifera,Leaves; Root,2,2,0,PFAF
Cardamine bulbosa,Bulbous Bittercress,https://pfaf.org/user/Plant.aspx?LatinName=Cardamine+bulbosa,Condiment; Leaves,2,2,0,PFAF
Cardamine debilis,Roadside bittercress,https://pfaf.org/user/Plant.aspx?LatinName=Cardamine+debilis,Leaves,1,2,0,PFAF
Cardamine fauriei,,https://pfaf.org/user/Plant.aspx?LatinName=Cardamine+fauriei,Leaves; Root,2,2,0,PFAF
Cardamine flexuosa,"Wavy Bittercress,Woodland bittercress",https://pfaf.org/user/Plant.aspx?LatinName=Cardamine+flexuosa,Leaves; Root,2,2,0,PFAF
Cardamine glacialis,,https://pfaf.org/user/Plant.aspx?LatinName=Cardamine+glacialis,Leaves,1,2,0,PFAF
Cardamine heptaphylla,,https://pfaf.org/user/Plant.aspx?LatinName=Cardamine+heptaphylla,Flowers; Leaves,2,2,0,PFAF
Cardamine hirsuta,Hairy Bittercress,https://pfaf.org/user/Plant.aspx?LatinName=Cardamine+hirsuta,Flowers; Leaves,2,3,0,PFAF
Cardamine impatiens,Narrowleaf bittercress,https://pfaf.org/user/Plant.aspx?LatinName=Cardamine+impatiens,Leaves; Shoots,2,2,1,PFAF
Cardamine kitaibelii,,https://pfaf.org/user/Plant.aspx?LatinName=Cardamine+kitaibelii,Flowers; Leaves,2,2,0,PFAF
Cardamine komarovii,,https://pfaf.org/user/Plant.aspx?LatinName=Cardamine+komarovii,Leaves,1,2,0,PFAF
Cardamine leucantha,,https://pfaf.org/user/Plant.aspx?LatinName=Cardamine+leucantha,Leaves; Tea,2,2,1,PFAF
Cardamine loxostemonoides,Cuckoo Flower,https://pfaf.org/user/Plant.aspx?LatinName=Cardamine+loxostemonoides,Leaves; Shoots,2,1,0,PFAF
Cardamine lyrata,,https://pfaf.org/user/Plant.aspx?LatinName=Cardamine+lyrata,Leaves; Root,2,2,0,PFAF
Cardamine macrophylla,,https://pfaf.org/user/Plant.aspx?LatinName=Cardamine+macrophylla,Leaves; Shoots,2,2,0,PFAF
Cardamine nasturtioides,,https://pfaf.org/user/Plant.aspx?LatinName=Cardamine+nasturtioides,Leaves,1,2,0,PFAF
Cardamine nipponica,,https://pfaf.org/user/Plant.aspx?LatinName=Cardamine+nipponica,Leaves,1,1,0,PFAF
Cardamine oligosperma,"Spring Cress, Little western bittercress, Umbel bittercress",https://pfaf.org/user/Plant.aspx?LatinName=Cardamine+oligosperma,Leaves,1,2,1,PFAF
Cardamine pennsylvanica,Bittercress,https://pfaf.org/user/Plant.aspx?LatinName=Cardamine+pennsylvanica,Condiment; Leaves,2,2,1,PFAF
Cardamine pentaphyllos,,https://pfaf.org/user/Plant.aspx?LatinName=Cardamine+pentaphyllos,Flowers; Leaves,2,2,0,PFAF
Cardamine pratensis,Cuckoo Flower,https://pfaf.org/user/Plant.aspx?LatinName=Cardamine+pratensis,Flowers; Leaves; Shoots,3,3,2,PFAF
Cardamine prorepens,,https://pfaf.org/user/Plant.aspx?LatinName=Cardamine+prorepens,Leaves,1,2,0,PFAF
Cardamine raphanifolia,,https://pfaf.org/user/Plant.aspx?LatinName=Cardamine+raphanifolia,Leaves,1,1,0,PFAF
Cardamine rotundifolia,"American Water Cress, American bittercress",https://pfaf.org/user/Plant.aspx?LatinName=Cardamine+rotundifolia,Leaves,1,2,0,PFAF
Cardamine schinziana,,https://pfaf.org/user/Plant.aspx?LatinName=Cardamine+schinziana,Leaves,1,2,0,PFAF
Cardamine scutata,,https://pfaf.org/user/Plant.aspx?LatinName=Cardamine+scutata,Leaves,1,2,0,PFAF
Cardamine trifolia,,https://pfaf.org/user/Plant.aspx?LatinName=Cardamine+trifolia,Leaves,1,1,0,PFAF
Cardamine violacea,,https://pfaf.org/user/Plant.aspx?LatinName=Cardamine+violacea,Leaves; Shoots,2,2,0,PFAF
Cardamine yezoensis,,https://pfaf.org/user/Plant.aspx?LatinName=Cardamine+yezoensis,Leaves; Root,2,2,0,PFAF
Cardaria draba,"Hoary Cress, Whitetop",https://pfaf.org/user/Plant.aspx?LatinName=Cardaria+draba,Condiment; Leaves; Shoots,3,3,1,PFAF
Cardiocrinum cordatum,,https://pfaf.org/user/Plant.aspx?LatinName=Cardiocrinum+cordatum,Leaves; Root,2,2,0,PFAF
Cardiospermum halicacabum,"Heart Seed, Balloon vine",https://pfaf.org/user/Plant.aspx?LatinName=Cardiospermum+halicacabum,Leaves; Shoots,2,1,2,PFAF
Carduus cernuus,,https://pfaf.org/user/Plant.aspx?LatinName=Carduus+cernuus,Oil; Stem,2,1,0,PFAF
Carduus crispus,"Welted Thistle, Curly plumeless thistle",https://pfaf.org/user/Plant.aspx?LatinName=Carduus+crispus,Leaves; Oil,2,1,1,PFAF
Carduus nutans,"Musk Thistle, Nodding plumeless thistle",https://pfaf.org/user/Plant.aspx?LatinName=Carduus+nutans,Curdling agent; Oil; Stem,3,2,2,PFAF
Carex acutiformis,"Swamp Sedge, Lesser pond sedge",https://pfaf.org/user/Plant.aspx?LatinName=Carex+acutiformis,Root; Seed,2,1,0,PFAF
Carex arenaria,Sand Sedge,https://pfaf.org/user/Plant.aspx?LatinName=Carex+arenaria,Root; Seed,2,2,2,PFAF
Carex brizoides,,https://pfaf.org/user/Plant.aspx?LatinName=Carex+brizoides,Root; Seed,2,1,0,PFAF
Carex buxbaumii,Buxbaum's sedge,https://pfaf.org/user/Plant.aspx?LatinName=Carex+buxbaumii,Root; Seed,2,1,0,PFAF
Carex dispalata,,https://pfaf.org/user/Plant.aspx?LatinName=Carex+dispalata,Root; Seed,2,1,0,PFAF
Carex disticha,Tworank sedge,https://pfaf.org/user/Plant.aspx?LatinName=Carex+disticha,Root; Seed,2,1,0,PFAF
Carex elata,"Tufted Sedge, Golden Variegated Sedge, Tufted Sedge",https://pfaf.org/user/Plant.aspx?LatinName=Carex+elata,Root; Seed,2,2,0,PFAF
Carex hirta,Hammer sedge,https://pfaf.org/user/Plant.aspx?LatinName=Carex+hirta,Root; Seed,2,1,1,PFAF
Carex kobomugi,Japanese sedge,https://pfaf.org/user/Plant.aspx?LatinName=Carex+kobomugi,Root; Seed,2,1,0,PFAF
Carex macrocephala,Largehead sedge,https://pfaf.org/user/Plant.aspx?LatinName=Carex+macrocephala,Root; Seed,2,1,0,PFAF
Carex nubigena,,https://pfaf.org/user/Plant.aspx?LatinName=Carex+nubigena,Root; Seed,2,1,1,PFAF
Carex paniculata,,https://pfaf.org/user/Plant.aspx?LatinName=Carex+paniculata,Root; Seed,2,1,0,PFAF
Carex riparia,Great Pond Sedge,https://pfaf.org/user/Plant.aspx?LatinName=Carex+riparia,Root; Seed,2,1,0,PFAF
Carex rostrata,"Beaded Sedge, Beaked sedge",https://pfaf.org/user/Plant.aspx?LatinName=Carex+rostrata,Root; Seed,2,1,0,PFAF
Carex utriculata,"Sedge, Northwest territory sedge",https://pfaf.org/user/Plant.aspx?LatinName=Carex+utriculata,Root; Seed; Stem,3,2,0,PFAF
Carica papaya,"Papaya, Mamo, Melon Tree",https://pfaf.org/user/Plant.aspx?LatinName=Carica+papaya,Condiment; Drink; Flowers,3,5,3,PFAF
Carlina acanthifolia,,https://pfaf.org/user/Plant.aspx?LatinName=Carlina+acanthifolia,Flowers,1,1,0,PFAF
Carlina acaulis,Stemless Carline Thistle,https://pfaf.org/user/Plant.aspx?LatinName=Carlina+acaulis,Flowers; Root; Stem,3,2,2,PFAF
Carlina vulgaris,Carline Thistle,https://pfaf.org/user/Plant.aspx?LatinName=Carlina+vulgaris,Flowers,1,1,1,PFAF
Carludovica palmata,"Panama Hat Plant, Carludovica Palm",https://pfaf.org/user/Plant.aspx?LatinName=Carludovica+palmata,Condiment; Flowers; Shoots,3,3,0,PFAF
Carmona retusa,"Fukien Tea, Philippine tea tree",https://pfaf.org/user/Plant.aspx?LatinName=Carmona+retusa,Tea,1,2,4,PFAF
Carpesium abrotanoides,,https://pfaf.org/user/Plant.aspx?LatinName=Carpesium+abrotanoides,Leaves,1,2,2,PFAF
Carpesium divaricatum,,https://pfaf.org/user/Plant.aspx?LatinName=Carpesium+divaricatum,Leaves,1,1,2,PFAF
Carpesium glossophyllum,,https://pfaf.org/user/Plant.aspx?LatinName=Carpesium+glossophyllum,Leaves,1,1,0,PFAF
Carpesium triste,,https://pfaf.org/user/Plant.aspx?LatinName=Carpesium+triste,Leaves,1,1,0,PFAF
Carpinus caroliniana,"American Hornbeam, Blue Beech, Ironwood, American Hornbeam",https://pfaf.org/user/Plant.aspx?LatinName=Carpinus+caroliniana,Seed,1,1,1,PFAF
Carpobrotus acinaciformis,Hottentot Fig,https://pfaf.org/user/Plant.aspx?LatinName=Carpobrotus+acinaciformis,Fruit; Leaves,2,2,0,PFAF
Carpobrotus aequilaterus,Sea Fig,https://pfaf.org/user/Plant.aspx?LatinName=Carpobrotus+aequilaterus,Fruit; Leaves,2,2,0,PFAF
Carpobrotus deliciosus,Sweet Hottentot Fig,https://pfaf.org/user/Plant.aspx?LatinName=Carpobrotus+deliciosus,Fruit,1,2,0,PFAF
Carpobrotus edulis,"Hottentot Fig,",https://pfaf.org/user/Plant.aspx?LatinName=Carpobrotus+edulis,Fruit; Leaves,2,2,2,PFAF
Carthamus tinctorius,Safflower | Koosumbha | Hoang-tchi,https://pfaf.org/user/Plant.aspx?LatinName=Carthamus+tinctorius,Shoots,1,4,3,PFAF
Carum carvi,Caraway,https://pfaf.org/user/Plant.aspx?LatinName=Carum+carvi,Condiment; Leaves; Root; Seed; Tea,5,4,3,PFAF
Carya aquatica,Water Hickory,https://pfaf.org/user/Plant.aspx?LatinName=Carya+aquatica,Seed,1,1,0,PFAF
Carya buckleyi,Black hickory,https://pfaf.org/user/Plant.aspx?LatinName=Carya+buckleyi,Seed,1,2,0,PFAF
Carya carolinae-septentrionalis,"Southern Shagbark, Southern shagbark hickory",https://pfaf.org/user/Plant.aspx?LatinName=Carya+carolinae-septentrionalis,Seed,1,2,0,PFAF
Carya cathayensis,Chinese Hickory,https://pfaf.org/user/Plant.aspx?LatinName=Carya+cathayensis,Oil; Seed,2,3,0,PFAF
Carya cordiformis,"Bitternut, Bitternut hickory, Swamp Hickory",https://pfaf.org/user/Plant.aspx?LatinName=Carya+cordiformis,Oil; Seed,2,3,1,PFAF
Carya floridana,Scrub Hickory,https://pfaf.org/user/Plant.aspx?LatinName=Carya+floridana,Seed,1,2,0,PFAF
Carya glabra,"Sweet Pignut, Pignut hickory, Broom Hickory, Pignut Hickory",https://pfaf.org/user/Plant.aspx?LatinName=Carya+glabra,Sap; Seed,2,3,0,PFAF
Carya glabra megacarpa,Coastal Pignut Hickory,https://pfaf.org/user/Plant.aspx?LatinName=Carya+glabra+megacarpa,Seed,1,3,0,PFAF
Carya hybrids,Hybrid and neohybrid hickories,https://pfaf.org/user/Plant.aspx?LatinName=Carya+hybrids,Oil,1,4,3,PFAF
Carya illinoinensis,Pecan,https://pfaf.org/user/Plant.aspx?LatinName=Carya+illinoinensis,Milk; Oil; Seed; Tea,4,4,1,PFAF
Carya laciniosa,Shellbark Hickory,https://pfaf.org/user/Plant.aspx?LatinName=Carya+laciniosa,Sap; Seed; Sweetener,3,3,1,PFAF
Carya myristiciformis,Nutmeg Hickory,https://pfaf.org/user/Plant.aspx?LatinName=Carya+myristiciformis,Seed,1,2,0,PFAF
Carya ovalis,Sweet Pignut,https://pfaf.org/user/Plant.aspx?LatinName=Carya+ovalis,Sap; Seed,2,3,0,PFAF
Carya ovata,Shagbark Hickory,https://pfaf.org/user/Plant.aspx?LatinName=Carya+ovata,Milk; Sap; Seed,3,3,1,PFAF
Carya pallida,Sand Hickory,https://pfaf.org/user/Plant.aspx?LatinName=Carya+pallida,Seed,1,3,1,PFAF
Carya texana,Black Hickory,https://pfaf.org/user/Plant.aspx?LatinName=Carya+texana,Seed,1,2,0,PFAF
Carya tomentosa,"Mockernut,White Heart Hickory, Mockernut Hickory",https://pfaf.org/user/Plant.aspx?LatinName=Carya+tomentosa,Sap; Seed,2,3,1,PFAF
Carya x laneyi,,https://pfaf.org/user/Plant.aspx?LatinName=Carya+x+laneyi,Seed,1,3,0,PFAF
Caryocar brasiliense,"Pequi, Souari nut",https://pfaf.org/user/Plant.aspx?LatinName=Caryocar+brasiliense,Oil,1,4,2,PFAF
Caryocar nuciferum,Souari Nut. Butter Nut,https://pfaf.org/user/Plant.aspx?LatinName=Caryocar+nuciferum,Oil,1,4,2,PFAF
Caryocar villosum,Piquia,https://pfaf.org/user/Plant.aspx?LatinName=Caryocar+villosum,Oil,1,3,0,PFAF
Caryodendron orinocense,"Taccy Nut, Nuez de Barinas",https://pfaf.org/user/Plant.aspx?LatinName=Caryodendron+orinocense,Oil,1,3,1,PFAF
Caryota urens,"Jaggary Palm, Toddy Palm, Fishtail Wine Palm",https://pfaf.org/user/Plant.aspx?LatinName=Caryota+urens,Drink; Flowers; Sap; Stem; Sweetener,5,4,2,PFAF
Cassia fistula,"Golden Shower, Purging Cassia, Golden Chain Tree, Indian Laburnum",https://pfaf.org/user/Plant.aspx?LatinName=Cassia+fistula,Flowers; Gum; Inner bark; Shoots; Sweetener,5,1,4,PFAF
Cassia sieberiana,West African Laburnum,https://pfaf.org/user/Plant.aspx?LatinName=Cassia+sieberiana,Stem,1,1,4,PFAF
Castanea alnifolia,Bush Chinkapin,https://pfaf.org/user/Plant.aspx?LatinName=Castanea+alnifolia,Seed,1,3,0,PFAF
Castanea crenata,Japanese Chestnut,https://pfaf.org/user/Plant.aspx?LatinName=Castanea+crenata,Seed,1,3,0,PFAF
Castanea dentata,American Sweet Chestnut,https://pfaf.org/user/Plant.aspx?LatinName=Castanea+dentata,Chocolate; Coffee; Oil; Seed,4,3,1,PFAF
Castanea henryi,,https://pfaf.org/user/Plant.aspx?LatinName=Castanea+henryi,Seed,1,3,0,PFAF
Castanea mollissima,Chinese Chestnut,https://pfaf.org/user/Plant.aspx?LatinName=Castanea+mollissima,Seed,1,3,2,PFAF
Castanea ozarkensis,Ozark Chinkapin,https://pfaf.org/user/Plant.aspx?LatinName=Castanea+ozarkensis,Seed,1,3,0,PFAF
Castanea pumila,"Chinquapin, Ozark chinkapin",https://pfaf.org/user/Plant.aspx?LatinName=Castanea+pumila,Seed,1,4,2,PFAF
Castanea pumila ashei,Chinquapin,https://pfaf.org/user/Plant.aspx?LatinName=Castanea+pumila+ashei,Seed,1,4,1,PFAF
Castanea sativa,"Sweet Chestnut, European chestnut",https://pfaf.org/user/Plant.aspx?LatinName=Castanea+sativa,Coffee; Seed; Sweetener,3,5,2,PFAF
Castanea seguinii,Chinese Chinquapin,https://pfaf.org/user/Plant.aspx?LatinName=Castanea+seguinii,Seed,1,3,0,PFAF
Castanea x neglecta,Chinknut,https://pfaf.org/user/Plant.aspx?LatinName=Castanea+x+neglecta,Seed,1,3,0,PFAF
Castanopsis cuspidata,Japanese Chinquapin,https://pfaf.org/user/Plant.aspx?LatinName=Castanopsis+cuspidata,Seed,1,2,0,PFAF
Castanopsis delavayi,,https://pfaf.org/user/Plant.aspx?LatinName=Castanopsis+delavayi,Seed,1,2,0,PFAF
Castanopsis hystrix,,https://pfaf.org/user/Plant.aspx?LatinName=Castanopsis+hystrix,Flowers; Seed,2,2,0,PFAF
Castanopsis orthacantha,,https://pfaf.org/user/Plant.aspx?LatinName=Castanopsis+orthacantha,Seed,1,2,0,PFAF
Castanopsis sclerophylla,,https://pfaf.org/user/Plant.aspx?LatinName=Castanopsis+sclerophylla,Seed,1,2,1,PFAF
Castanopsis tibetana,,https://pfaf.org/user/Plant.aspx?LatinName=Castanopsis+tibetana,Seed,1,2,0,PFAF
Castanopsis tribuloides,,https://pfaf.org/user/Plant.aspx?LatinName=Castanopsis+tribuloides,Seed,1,2,0,PFAF
Castanospermum australe,Moreton Bay Chestnut,https://pfaf.org/user/Plant.aspx?LatinName=Castanospermum+australe,Seed,1,4,1,PFAF
Casuarina equisetifolia,"She Oak, Common Ru, Australian Pine, Horsetail Casuarina",https://pfaf.org/user/Plant.aspx?LatinName=Casuarina+equisetifolia,Salt,1,1,2,PFAF
Casuarina glauca,"Swamp Oak, Gray sheoak",https://pfaf.org/user/Plant.aspx?LatinName=Casuarina+glauca,Leaves,1,1,0,PFAF
Catalpa ovata,Chinese Catalpa,https://pfaf.org/user/Plant.aspx?LatinName=Catalpa+ovata,Flowers; Seedpod,2,1,1,PFAF
Catharanthus roseus,"Madagascar Periwinkle, Jasmine, Cayenne Old Maid Periwinkle",https://pfaf.org/user/Plant.aspx?LatinName=Catharanthus+roseus,Tea,1,1,4,PFAF
Caucalis platycarpos,"Small Bur-Parsley, Carrot bur parsley",https://pfaf.org/user/Plant.aspx?LatinName=Caucalis+platycarpos,Leaves,1,2,0,PFAF
Caulophyllum robustum,Papoose Root,https://pfaf.org/user/Plant.aspx?LatinName=Caulophyllum+robustum,Leaves,1,2,2,PFAF
Caulophyllum thalictroides,"Papoose Root, Blue cohosh",https://pfaf.org/user/Plant.aspx?LatinName=Caulophyllum+thalictroides,Coffee,1,1,3,PFAF
Cautleya spicata,,https://pfaf.org/user/Plant.aspx?LatinName=Cautleya+spicata,Stem,1,2,1,PFAF
Ceanothus americanus,"New Jersey Tea, Wild Snowball",https://pfaf.org/user/Plant.aspx?LatinName=Ceanothus+americanus,Tea,1,3,3,PFAF
Ceanothus cuneatus,"Buckbrush, Sedgeleaf buckbrush, Monterey ceanothus",https://pfaf.org/user/Plant.aspx?LatinName=Ceanothus+cuneatus,Seed; Tea,2,2,1,PFAF
Ceanothus fendleri,Fendler's Ceanothus,https://pfaf.org/user/Plant.aspx?LatinName=Ceanothus+fendleri,Fruit; Inner bark; Tea,3,2,1,PFAF
Ceanothus integerrimus,Deer Brush,https://pfaf.org/user/Plant.aspx?LatinName=Ceanothus+integerrimus,Seed,1,2,1,PFAF
Ceanothus ovatus,Smaller Red-Root,https://pfaf.org/user/Plant.aspx?LatinName=Ceanothus+ovatus,Tea,1,2,1,PFAF
Ceanothus sanguineus,"Oregon Tea Tree, Redstem ceanothus",https://pfaf.org/user/Plant.aspx?LatinName=Ceanothus+sanguineus,Tea,1,2,1,PFAF
Ceanothus velutinus,Snowbrush,https://pfaf.org/user/Plant.aspx?LatinName=Ceanothus+velutinus,Tea,1,2,2,PFAF
Cecropia peltata,"Trumpet Tree, Snakewood, Congo pump, Wild pawpaw, Pop-a-gun",https://pfaf.org/user/Plant.aspx?LatinName=Cecropia+peltata,Flowers,1,3,3,PFAF
Cedrelopsis grevei,"Katrafay, Kathrafay",https://pfaf.org/user/Plant.aspx?LatinName=Cedrelopsis+grevei,Drink; Inner bark; Oil,3,2,4,PFAF
Cedronella canariensis,"Balm Of Gilead, Herb of gilead",https://pfaf.org/user/Plant.aspx?LatinName=Cedronella+canariensis,Tea,1,2,0,PFAF
Cedrus libani,Cedar Of Lebanon,https://pfaf.org/user/Plant.aspx?LatinName=Cedrus+libani,Manna,1,1,1,PFAF
Ceiba pentandra,"Kapok Tree, Cotton Tree, Suma'ma",https://pfaf.org/user/Plant.aspx?LatinName=Ceiba+pentandra,Drink; Flowers; Oil; Salt,4,3,3,PFAF
Celastrus dependens,,https://pfaf.org/user/Plant.aspx?LatinName=Celastrus+dependens,Flowers; Oil,2,1,2,PFAF
Celastrus flagellaris,,https://pfaf.org/user/Plant.aspx?LatinName=Celastrus+flagellaris,Leaves,1,1,1,PFAF
Celastrus orbiculatus,Oriental Bittersweet,https://pfaf.org/user/Plant.aspx?LatinName=Celastrus+orbiculatus,Leaves,1,1,2,PFAF
Celastrus scandens,"Climbing Bittersweet, American bittersweet",https://pfaf.org/user/Plant.aspx?LatinName=Celastrus+scandens,Stem,1,2,2,PFAF
Celosia argentea cristata,"Lagos Spinach, Common Cockscomb",https://pfaf.org/user/Plant.aspx?LatinName=Celosia+argentea+cristata,Leaves; Oil; Shoots,3,4,3,PFAF
Celtis australis,"Nettle Tree, European hackberry",https://pfaf.org/user/Plant.aspx?LatinName=Celtis+australis,Fruit; Oil; Seed,3,3,2,PFAF
Celtis boninensis,,https://pfaf.org/user/Plant.aspx?LatinName=Celtis+boninensis,Fruit,1,2,0,PFAF
Celtis bungeana,Bunge's hackberry,https://pfaf.org/user/Plant.aspx?LatinName=Celtis+bungeana,Fruit; Leaves; Tea,3,2,0,PFAF
Celtis caucasica,Caucasian hackberry,https://pfaf.org/user/Plant.aspx?LatinName=Celtis+caucasica,Fruit,1,2,0,PFAF
Celtis glycycarpa,,https://pfaf.org/user/Plant.aspx?LatinName=Celtis+glycycarpa,Fruit,1,2,0,PFAF
Celtis jessoensis,,https://pfaf.org/user/Plant.aspx?LatinName=Celtis+jessoensis,Fruit,1,2,0,PFAF
Celtis koraiensis,,https://pfaf.org/user/Plant.aspx?LatinName=Celtis+koraiensis,Fruit,1,2,0,PFAF
Celtis laevigata,Netleaf hackberry,https://pfaf.org/user/Plant.aspx?LatinName=Celtis+laevigata,Fruit,1,3,1,PFAF
Celtis laveillei,,https://pfaf.org/user/Plant.aspx?LatinName=Celtis+laveillei,Fruit,1,2,0,PFAF
Celtis lindheimeri,"Palo Blanco, Lindheimer's hackberry",https://pfaf.org/user/Plant.aspx?LatinName=Celtis+lindheimeri,Fruit,1,2,0,PFAF
Celtis occidentalis,"Hackberry, Common hackberry",https://pfaf.org/user/Plant.aspx?LatinName=Celtis+occidentalis,Fruit; Seed,2,3,1,PFAF
Celtis pallida,Desert Hackberry,https://pfaf.org/user/Plant.aspx?LatinName=Celtis+pallida,Fruit,1,2,0,PFAF
Celtis reticulata,"Paloblanco, Netleaf hackberry",https://pfaf.org/user/Plant.aspx?LatinName=Celtis+reticulata,Fruit,1,2,1,PFAF
Celtis sinensis,Chinese hackberry,https://pfaf.org/user/Plant.aspx?LatinName=Celtis+sinensis,Fruit; Leaves; Tea,3,2,1,PFAF
Celtis tenuifolia,"Small Hackberry, Dwarf hackberry",https://pfaf.org/user/Plant.aspx?LatinName=Celtis+tenuifolia,Fruit,1,2,0,PFAF
Celtis tetrandra,,https://pfaf.org/user/Plant.aspx?LatinName=Celtis+tetrandra,Fruit,1,2,1,PFAF
Celtis tournefortii,Oriental hackberry,https://pfaf.org/user/Plant.aspx?LatinName=Celtis+tournefortii,Fruit,1,2,0,PFAF
Centaurea calcitrapa,"Common Star Thistle, Red star-thistle",https://pfaf.org/user/Plant.aspx?LatinName=Centaurea+calcitrapa,Leaves,1,1,1,PFAF
Centaurea chamaerhaponticum,,https://pfaf.org/user/Plant.aspx?LatinName=Centaurea+chamaerhaponticum,Root,1,2,0,PFAF
Centaurea cyanus,"Cornflower, Garden cornflower, Blue Bottle, Cornflower",https://pfaf.org/user/Plant.aspx?LatinName=Centaurea+cyanus,Colouring; Flowers; Shoots,3,2,2,PFAF
Centaurea depressa,Iranian knapweed,https://pfaf.org/user/Plant.aspx?LatinName=Centaurea+depressa,Root,1,2,0,PFAF
Centaurea iberica,"Iberian Star Thistle, Iberian knapweed",https://pfaf.org/user/Plant.aspx?LatinName=Centaurea+iberica,Leaves,1,1,2,PFAF
Centaurea nigra,"Black Knapweed, Lesser knapweed",https://pfaf.org/user/Plant.aspx?LatinName=Centaurea+nigra,Flowers,1,1,2,PFAF
Centaurea raphanina,,https://pfaf.org/user/Plant.aspx?LatinName=Centaurea+raphanina,Leaves,1,1,0,PFAF
Centaurea solstitialis,"St. Barnaby's Thistle, Yellow star-thistle",https://pfaf.org/user/Plant.aspx?LatinName=Centaurea+solstitialis,Leaves,1,1,1,PFAF
Centaurium erythraea,"Centaury - Feverwort, European centaury",https://pfaf.org/user/Plant.aspx?LatinName=Centaurium+erythraea,Condiment,1,1,3,PFAF
Centella asiatica,"Gotu Kola, Spadeleaf",https://pfaf.org/user/Plant.aspx?LatinName=Centella+asiatica,Leaves,1,2,5,PFAF
Centranthus macrosiphon,,https://pfaf.org/user/Plant.aspx?LatinName=Centranthus+macrosiphon,Flowers; Leaves,2,2,0,PFAF
Centranthus ruber,"Red Valerian, Fox's Brush, Jupiter's Beard",https://pfaf.org/user/Plant.aspx?LatinName=Centranthus+ruber,Leaves; Root,2,2,1,PFAF
Cephalaria syriaca,"Makhobeli, Syrian cephalaria",https://pfaf.org/user/Plant.aspx?LatinName=Cephalaria+syriaca,Oil; Seed,2,2,0,PFAF
Cephalostachyum pergracile,Tinwa Bamboo,https://pfaf.org/user/Plant.aspx?LatinName=Cephalostachyum+pergracile,Shoots; Stem,2,3,0,PFAF
Cephalotaxus fortunei,Chinese Plum Yew,https://pfaf.org/user/Plant.aspx?LatinName=Cephalotaxus+fortunei,Fruit; Seed,2,5,1,PFAF
Cephalotaxus harringtonia,Japanese Plum Yew,https://pfaf.org/user/Plant.aspx?LatinName=Cephalotaxus+harringtonia,Fruit; Oil; Seed,3,5,0,PFAF
Cephalotaxus harringtonia drupacea,Japanese Plum Yew,https://pfaf.org/user/Plant.aspx?LatinName=Cephalotaxus+harringtonia+drupacea,Fruit; Oil; Seed,3,5,0,PFAF
Cephalotaxus harringtonia koreana,Korean Plum Yew,https://pfaf.org/user/Plant.aspx?LatinName=Cephalotaxus+harringtonia+koreana,Fruit; Oil; Seed,3,5,0,PFAF
Cephalotaxus harringtonia nana,Japanese Plum Yew,https://pfaf.org/user/Plant.aspx?LatinName=Cephalotaxus+harringtonia+nana,Fruit; Oil; Seed,3,5,0,PFAF
Cephalotaxus lanceolata,Yunnan Plum Yew,https://pfaf.org/user/Plant.aspx?LatinName=Cephalotaxus+lanceolata,Fruit; Seed,2,4,0,PFAF
Cephalotaxus oliveri,,https://pfaf.org/user/Plant.aspx?LatinName=Cephalotaxus+oliveri,Fruit; Seed,2,3,0,PFAF
Cephalotaxus sinensis,Chinese Plum Yew,https://pfaf.org/user/Plant.aspx?LatinName=Cephalotaxus+sinensis,Fruit; Seed,2,4,1,PFAF
Cephalotaxus wilsoniana,,https://pfaf.org/user/Plant.aspx?LatinName=Cephalotaxus+wilsoniana,Fruit,1,4,0,PFAF
Cerastium fontanum,"Chickweed, Common mouse-ear chickweed, Big chickweed",https://pfaf.org/user/Plant.aspx?LatinName=Cerastium+fontanum,Leaves,1,2,0,PFAF
Cerastium furcatum,,https://pfaf.org/user/Plant.aspx?LatinName=Cerastium+furcatum,Leaves,1,2,0,PFAF
Cerastium holosteoides,Common Mouse-Ear Chickweed,https://pfaf.org/user/Plant.aspx?LatinName=Cerastium+holosteoides,Leaves; Shoots,2,2,0,PFAF
Cerastium semidecandrum,"Little Mouse-Ear Chickweed, Fivestamen chickweed",https://pfaf.org/user/Plant.aspx?LatinName=Cerastium+semidecandrum,Leaves,1,2,0,PFAF
Cerastium viscosum,sticky chickweed,https://pfaf.org/user/Plant.aspx?LatinName=Cerastium+viscosum,Leaves; Shoots,2,2,1,PFAF
Ceratonia siliqua,"Carob, St. john's bread",https://pfaf.org/user/Plant.aspx?LatinName=Ceratonia+siliqua,Chocolate; Coffee; Egg; Gum; Seed; Seedpod,6,3,2,PFAF
Ceratophyllum demersum,"Hornwort, Coon's tail",https://pfaf.org/user/Plant.aspx?LatinName=Ceratophyllum+demersum,Leaves,1,1,1,PFAF
Cercidium microphyllum,Paloverde. Foothill palo verde. Small-leaved palo verde,https://pfaf.org/user/Plant.aspx?LatinName=Cercidium+microphyllum,Flowers; Seedpod,2,3,0,PFAF
Cercis canadensis,"Redbud, Eastern redbud, Mexican redbud,Texas redbud",https://pfaf.org/user/Plant.aspx?LatinName=Cercis+canadensis,Condiment; Flowers; Seedpod,3,3,2,PFAF
Cercis occidentalis,"Western Redbud, California Redbud",https://pfaf.org/user/Plant.aspx?LatinName=Cercis+occidentalis,Flowers; Seed; Seedpod,3,3,0,PFAF
Cercis siliquastrum,"Judas Tree, Redbud",https://pfaf.org/user/Plant.aspx?LatinName=Cercis+siliquastrum,Flowers; Seedpod,2,4,0,PFAF
Cercocarpus ledifolius,"Mountain Mahogany, Curl-leaf mountain mahogany",https://pfaf.org/user/Plant.aspx?LatinName=Cercocarpus+ledifolius,Tea,1,1,2,PFAF
Cereus hildmannianus,"Hildmania cactus, Hedge cactus",https://pfaf.org/user/Plant.aspx?LatinName=Cereus+hildmannianus,Stem,1,3,0,PFAF
Ceroxylon alpinum,Wax Palm,https://pfaf.org/user/Plant.aspx?LatinName=Ceroxylon+alpinum,Fruit,1,1,0,PFAF
Cetraria islandica,"Iceland Moss, Island cetraria lichen, Oriental cetraria lichen",https://pfaf.org/user/Plant.aspx?LatinName=Cetraria+islandica,Leaves,1,3,3,PFAF
Chaenomeles cathayensis,Chinese Quince,https://pfaf.org/user/Plant.aspx?LatinName=Chaenomeles+cathayensis,Fruit,1,4,2,PFAF
Chaenomeles japonica,"Dwarf Quince, Maule's quince, Japanese Flowering Quince",https://pfaf.org/user/Plant.aspx?LatinName=Chaenomeles+japonica,Fruit,1,3,0,PFAF
Chaenomeles speciosa,"Japanese Quince, Flowering quince",https://pfaf.org/user/Plant.aspx?LatinName=Chaenomeles+speciosa,Fruit,1,3,2,PFAF
Chaenomeles x superba,"Dwarf Quince, Flowering Quince",https://pfaf.org/user/Plant.aspx?LatinName=Chaenomeles+x+superba,Fruit,1,3,0,PFAF
Chaerophyllum bulbosum,Turnip-Rooted Chervil,https://pfaf.org/user/Plant.aspx?LatinName=Chaerophyllum+bulbosum,Root; Stem,2,3,0,PFAF
Chaerophyllum tuberosum,Sham,https://pfaf.org/user/Plant.aspx?LatinName=Chaerophyllum+tuberosum,Root,1,1,0,PFAF
Chaerophyllum villosum,,https://pfaf.org/user/Plant.aspx?LatinName=Chaerophyllum+villosum,Leaves; Shoots,2,1,0,PFAF
Chamaecrista nigricans,"Diola, Diala",https://pfaf.org/user/Plant.aspx?LatinName=Chamaecrista+nigricans,Condiment,1,1,2,PFAF
Chamaedaphne calyculata,Leather Leaf,https://pfaf.org/user/Plant.aspx?LatinName=Chamaedaphne+calyculata,Tea,1,1,1,PFAF
Chamaedorea tepejilote,"Pacaya Palm, Palmito dulce",https://pfaf.org/user/Plant.aspx?LatinName=Chamaedorea+tepejilote,Flowers,1,4,0,PFAF
Chamaemelum nobile,"Chamomile, Roman chamomile",https://pfaf.org/user/Plant.aspx?LatinName=Chamaemelum+nobile,Condiment; Flowers; Shoots; Tea,4,2,5,PFAF
Chamaerops humilis,"Dwarf Fan Palm, European fan palm, Hair Palm, Mediterranean Fan Palm",https://pfaf.org/user/Plant.aspx?LatinName=Chamaerops+humilis,Fruit; Leaves; Shoots,3,2,0,PFAF
Chasmanthium latifolium,"Indian Woodoats, Wild Oats Grass, North American Wild Oats, Northern Sea Oats, Spanglegrass River Oa",https://pfaf.org/user/Plant.aspx?LatinName=Chasmanthium+latifolium,Seed,1,1,0,PFAF
Cheilanthes pteridioides,Ressurection Fern,https://pfaf.org/user/Plant.aspx?LatinName=Cheilanthes+pteridioides,Tea,1,1,0,PFAF
Chelidonium majus,"Greater Celandine, Swallow Wort, Greater Celandine",https://pfaf.org/user/Plant.aspx?LatinName=Chelidonium+majus,Leaves; Oil,2,1,3,PFAF
Chenopodium acuminatum,,https://pfaf.org/user/Plant.aspx?LatinName=Chenopodium+acuminatum,Leaves; Seed,2,2,0,PFAF
Chenopodium album,"Fat Hen, Lambsquarters",https://pfaf.org/user/Plant.aspx?LatinName=Chenopodium+album,Flowers; Leaves; Seed,3,3,2,PFAF
Chenopodium ambrosioides,Mexican Tea. Epazote.,https://pfaf.org/user/Plant.aspx?LatinName=Chenopodium+ambrosioides,Leaves; Seed; Tea,3,2,3,PFAF
Chenopodium ambrosioides anthelminticum,Wormseed,https://pfaf.org/user/Plant.aspx?LatinName=Chenopodium+ambrosioides+anthelminticum,Leaves; Seed; Tea,3,2,3,PFAF
Chenopodium auricomum,Queensland Bluebush,https://pfaf.org/user/Plant.aspx?LatinName=Chenopodium+auricomum,Leaves; Seed,2,2,0,PFAF
Chenopodium berlandieri,Pitseed goosefoot,https://pfaf.org/user/Plant.aspx?LatinName=Chenopodium+berlandieri,Leaves; Seed; Shoots,3,2,0,PFAF
Chenopodium bonus-henricus,Good King Henry,https://pfaf.org/user/Plant.aspx?LatinName=Chenopodium+bonus-henricus,Flowers; Leaves; Seed; Shoots,4,4,2,PFAF
Chenopodium botrys,Jerusalem oak leaf goosefoot,https://pfaf.org/user/Plant.aspx?LatinName=Chenopodium+botrys,Leaves; Seed; Tea,3,2,2,PFAF
Chenopodium bushianum,Bush's goosefoot,https://pfaf.org/user/Plant.aspx?LatinName=Chenopodium+bushianum,Leaves; Seed,2,2,0,PFAF
Chenopodium californicum,California Goosefoot,https://pfaf.org/user/Plant.aspx?LatinName=Chenopodium+californicum,Gum; Leaves; Seed; Shoots,4,2,1,PFAF
Chenopodium canihua,,https://pfaf.org/user/Plant.aspx?LatinName=Chenopodium+canihua,Leaves; Seed,2,2,0,PFAF
Chenopodium capitatum,"Strawberry Blite, Blite goosefoot",https://pfaf.org/user/Plant.aspx?LatinName=Chenopodium+capitatum,Colouring; Fruit; Leaves; Seed,4,3,1,PFAF
Chenopodium cristatum,Crested Goosefoot,https://pfaf.org/user/Plant.aspx?LatinName=Chenopodium+cristatum,Leaves; Seed,2,2,1,PFAF
Chenopodium ficifolium,Fig-Leaved Goosefoot,https://pfaf.org/user/Plant.aspx?LatinName=Chenopodium+ficifolium,Condiment; Leaves; Seed,3,2,0,PFAF
Chenopodium foliosum,Leafy goosefoot,https://pfaf.org/user/Plant.aspx?LatinName=Chenopodium+foliosum,Fruit; Leaves; Seed,3,3,0,PFAF
Chenopodium fremontii,Fremont's goosefoot,https://pfaf.org/user/Plant.aspx?LatinName=Chenopodium+fremontii,Leaves; Seed; Shoots,3,4,0,PFAF
Chenopodium giganteum,Tree Spinach,https://pfaf.org/user/Plant.aspx?LatinName=Chenopodium+giganteum,Leaves; Seed,2,3,0,PFAF
Chenopodium glaucum,Oak-Leaved Goosefoot,https://pfaf.org/user/Plant.aspx?LatinName=Chenopodium+glaucum,Leaves; Seed; Shoots,3,2,0,PFAF
Chenopodium graveolens,Foetid Goosefoot,https://pfaf.org/user/Plant.aspx?LatinName=Chenopodium+graveolens,Leaves; Seed,2,1,1,PFAF
Chenopodium hybridum,,https://pfaf.org/user/Plant.aspx?LatinName=Chenopodium+hybridum,Leaves; Seed,2,2,1,PFAF
Chenopodium incanum,Mealy Goosefoot,https://pfaf.org/user/Plant.aspx?LatinName=Chenopodium+incanum,Leaves; Seed; Shoots,3,3,0,PFAF
Chenopodium leptophyllum,Slimleaf goosefoot,https://pfaf.org/user/Plant.aspx?LatinName=Chenopodium+leptophyllum,Leaves; Seed; Shoots,3,3,0,PFAF
Chenopodium murale,Nettleleaf Goosefoot,https://pfaf.org/user/Plant.aspx?LatinName=Chenopodium+murale,Leaves; Seed; Shoots,3,2,0,PFAF
Chenopodium nuttalliae,"Huauzontle, Nuttall's goosefoot",https://pfaf.org/user/Plant.aspx?LatinName=Chenopodium+nuttalliae,Flowers; Leaves; Seed,3,4,0,PFAF
Chenopodium opulifolium,Seaport goosefoot,https://pfaf.org/user/Plant.aspx?LatinName=Chenopodium+opulifolium,Leaves; Seed,2,2,0,PFAF
Chenopodium overi,Over's goosefoot,https://pfaf.org/user/Plant.aspx?LatinName=Chenopodium+overi,Fruit; Leaves; Seed,3,2,0,PFAF
Chenopodium pallidicaule,Cañihua,https://pfaf.org/user/Plant.aspx?LatinName=Chenopodium+pallidicaule,Drink; Leaves; Seed,3,3,0,PFAF
Chenopodium polyspermum,"All-Seed, Manyseed goosefoot",https://pfaf.org/user/Plant.aspx?LatinName=Chenopodium+polyspermum,Leaves; Seed,2,2,0,PFAF
Chenopodium pratericola,Desert Goosefoot,https://pfaf.org/user/Plant.aspx?LatinName=Chenopodium+pratericola,Shoots,1,3,0,PFAF
Chenopodium quinoa,"Quinoa, Goosefoot, Pigweed, Inca Wheat",https://pfaf.org/user/Plant.aspx?LatinName=Chenopodium+quinoa,Leaves; Seed,2,5,0,PFAF
Chenopodium rubrum,Red Goosefoot,https://pfaf.org/user/Plant.aspx?LatinName=Chenopodium+rubrum,Leaves; Seed,2,3,0,PFAF
Chenopodium schraderianum,,https://pfaf.org/user/Plant.aspx?LatinName=Chenopodium+schraderianum,Leaves; Seed,2,2,1,PFAF
Chenopodium simplex,Mapleleaf goosefoot,https://pfaf.org/user/Plant.aspx?LatinName=Chenopodium+simplex,Leaves; Seed,2,2,0,PFAF
Chenopodium stenophyllum,,https://pfaf.org/user/Plant.aspx?LatinName=Chenopodium+stenophyllum,Leaves; Seed,2,2,0,PFAF
Chenopodium suecicum,,https://pfaf.org/user/Plant.aspx?LatinName=Chenopodium+suecicum,Leaves; Seed,2,2,0,PFAF
Chenopodium urbicum,City goosefoot,https://pfaf.org/user/Plant.aspx?LatinName=Chenopodium+urbicum,Leaves; Seed,2,2,0,PFAF
Chenopodium virgatum,,https://pfaf.org/user/Plant.aspx?LatinName=Chenopodium+virgatum,Leaves; Seed,2,2,0,PFAF
Chenopodium viride,"White Goosefoot, Pigweed",https://pfaf.org/user/Plant.aspx?LatinName=Chenopodium+viride,Leaves; Seed,2,2,0,PFAF
Chenopodium vulvaria,Stinking Goosefoot. Arrach - Wormseed,https://pfaf.org/user/Plant.aspx?LatinName=Chenopodium+vulvaria,Leaves; Seed,2,2,1,PFAF
Chesneya nubigena,,https://pfaf.org/user/Plant.aspx?LatinName=Chesneya+nubigena,Seed,1,1,0,PFAF
Chilopsis linearis,Desert Willow,https://pfaf.org/user/Plant.aspx?LatinName=Chilopsis+linearis,Flowers; Seedpod,2,2,1,PFAF
Chimaphila maculata,"Spotted Wintergreen, Striped prince's pine, Pipsissewa",https://pfaf.org/user/Plant.aspx?LatinName=Chimaphila+maculata,Leaves; Tea,2,1,3,PFAF
Chimaphila umbellata,Pipsissewa,https://pfaf.org/user/Plant.aspx?LatinName=Chimaphila+umbellata,Condiment; Leaves; Tea,3,2,3,PFAF
Chimonanthus praecox,Winter Sweet,https://pfaf.org/user/Plant.aspx?LatinName=Chimonanthus+praecox,Flowers,1,2,1,PFAF
Chimonobambusa marmorea,Kan-Chiku,https://pfaf.org/user/Plant.aspx?LatinName=Chimonobambusa+marmorea,Seed; Shoots; Stem,3,1,0,PFAF
Chimonobambusa pachystachys,Thorny Bamboo,https://pfaf.org/user/Plant.aspx?LatinName=Chimonobambusa+pachystachys,Stem,1,1,0,PFAF
Chimonobambusa purpurea,,https://pfaf.org/user/Plant.aspx?LatinName=Chimonobambusa+purpurea,Stem,1,1,0,PFAF
Chimonobambusa quadrangularis,Square Bamboo,https://pfaf.org/user/Plant.aspx?LatinName=Chimonobambusa+quadrangularis,Shoots; Stem,2,2,0,PFAF
Chimonobambusa szechuanensis,,https://pfaf.org/user/Plant.aspx?LatinName=Chimonobambusa+szechuanensis,Shoots; Stem,2,1,0,PFAF
Chionanthus virginicus,"Fringe Tree, White fringetree, Old Man's Beard, Fringe Tree",https://pfaf.org/user/Plant.aspx?LatinName=Chionanthus+virginicus,Fruit,1,1,3,PFAF
Chionographis japonica,,https://pfaf.org/user/Plant.aspx?LatinName=Chionographis+japonica,Leaves,1,1,0,PFAF
Chlorogalum parviflorum,Smallflower Soapplant,https://pfaf.org/user/Plant.aspx?LatinName=Chlorogalum+parviflorum,Root,1,2,0,PFAF
Chlorogalum pomeridianum,"Soap Lily, Wavyleaf soap plant",https://pfaf.org/user/Plant.aspx?LatinName=Chlorogalum+pomeridianum,Leaves; Root,2,3,2,PFAF
Chloroxylon swietenia,East Indian Satinwood,https://pfaf.org/user/Plant.aspx?LatinName=Chloroxylon+swietenia,Oil,1,0,3,PFAF
Chondrilla chondrilloides,,https://pfaf.org/user/Plant.aspx?LatinName=Chondrilla+chondrilloides,Leaves,1,1,0,PFAF
Chondrilla juncea,"Naked Weed, Rush skeletonweed",https://pfaf.org/user/Plant.aspx?LatinName=Chondrilla+juncea,Leaves,1,3,1,PFAF
Chorispora sabulosa,,https://pfaf.org/user/Plant.aspx?LatinName=Chorispora+sabulosa,Fruit,1,1,0,PFAF
Chorispora tenella,"Musk Mustard, Crossflower",https://pfaf.org/user/Plant.aspx?LatinName=Chorispora+tenella,Leaves,1,2,0,PFAF
Chrysanthemum carinatum,"Tricolor Chrysanthemum, Painted Daisy, Summer Chrysanthemum",https://pfaf.org/user/Plant.aspx?LatinName=Chrysanthemum+carinatum,Leaves; Shoots,2,2,0,PFAF
Chrysanthemum coronarium,Chop-Suey Greens,https://pfaf.org/user/Plant.aspx?LatinName=Chrysanthemum+coronarium,Flowers; Leaves; Shoots,3,3,2,PFAF
Chrysanthemum coronarium spatiosum,Chop-Suey Greens,https://pfaf.org/user/Plant.aspx?LatinName=Chrysanthemum+coronarium+spatiosum,Flowers; Leaves; Shoots,3,3,2,PFAF
Chrysanthemum segetum,Corn Marigold,https://pfaf.org/user/Plant.aspx?LatinName=Chrysanthemum+segetum,Leaves; Shoots,2,1,0,PFAF
Chrysobalanus icaco,"Coco Plum, Paradise Plum",https://pfaf.org/user/Plant.aspx?LatinName=Chrysobalanus+icaco,Oil,1,4,2,PFAF
Chrysolepis chrysophylla,"Golden Chinquapin, Giant chinquapin",https://pfaf.org/user/Plant.aspx?LatinName=Chrysolepis+chrysophylla,Seed,1,2,0,PFAF
Chrysolepis sempervirens,"Dwarf Golden Chinquapin, Bush chinquapin",https://pfaf.org/user/Plant.aspx?LatinName=Chrysolepis+sempervirens,Seed,1,2,0,PFAF
Chrysophyllum cainito,"Star Apple, Caimito",https://pfaf.org/user/Plant.aspx?LatinName=Chrysophyllum+cainito,Drink; Milk,2,4,2,PFAF
Chrysopogon zizanioides,"Vetiver, Vetiver Root, Khus Khus",https://pfaf.org/user/Plant.aspx?LatinName=Chrysopogon+zizanioides,Oil,1,2,2,PFAF
Chrysosplenium alternifolium,"Golden Saxifrage, Alternate-leaf golden saxifrage, Iowa golden saxifrage",https://pfaf.org/user/Plant.aspx?LatinName=Chrysosplenium+alternifolium,Leaves,1,2,0,PFAF
Chrysosplenium americanum,"Water Mat, American golden saxifrage",https://pfaf.org/user/Plant.aspx?LatinName=Chrysosplenium+americanum,Condiment,1,1,0,PFAF
Chrysosplenium oppositifolium,Golden Saxifrage,https://pfaf.org/user/Plant.aspx?LatinName=Chrysosplenium+oppositifolium,Leaves,1,2,0,PFAF
Chrysothamnus nauseosus,Rubber Rabbitbrush,https://pfaf.org/user/Plant.aspx?LatinName=Chrysothamnus+nauseosus,Gum,1,1,2,PFAF
Chrysothamnus viscidiflorus,"Green Rabbitbrush, Yellow rabbitbrush",https://pfaf.org/user/Plant.aspx?LatinName=Chrysothamnus+viscidiflorus,Condiment; Gum,2,1,1,PFAF
Chukrasia tabularis,"Chickrassy, Chittagong Wood, Indian Redwood.",https://pfaf.org/user/Plant.aspx?LatinName=Chukrasia+tabularis,Gum; Oil,2,1,2,PFAF
Chusquea culeou,Culeu,https://pfaf.org/user/Plant.aspx?LatinName=Chusquea+culeou,Shoots; Stem,2,2,0,PFAF
Chusquea quila,Argentinian quila,https://pfaf.org/user/Plant.aspx?LatinName=Chusquea+quila,Shoots; Stem,2,2,0,PFAF
Cicer arietinum,Chick Pea,https://pfaf.org/user/Plant.aspx?LatinName=Cicer+arietinum,Coffee; Drink; Leaves; Seed; Seedpod; Shoots,6,4,1,PFAF
Cicer microphyllum,,https://pfaf.org/user/Plant.aspx?LatinName=Cicer+microphyllum,Leaves; Seed; Shoots,3,2,0,PFAF
Cicerbita alpina,Blue Sow Thistle,https://pfaf.org/user/Plant.aspx?LatinName=Cicerbita+alpina,Leaves; Shoots; Stem,3,2,1,PFAF
Cichorium intybus,"Chicory, Radicchio, Succory, Witloof",https://pfaf.org/user/Plant.aspx?LatinName=Cichorium+intybus,Coffee; Flowers; Leaves; Root,4,4,3,PFAF
Cichorium spinosum,,https://pfaf.org/user/Plant.aspx?LatinName=Cichorium+spinosum,Leaves,1,2,0,PFAF
Cimicifuga dahurica,Xing An Sheng Ma,https://pfaf.org/user/Plant.aspx?LatinName=Cimicifuga+dahurica,Leaves,1,1,3,PFAF
Cimicifuga foetida,Foetid Bugbane,https://pfaf.org/user/Plant.aspx?LatinName=Cimicifuga+foetida,Leaves,1,1,3,PFAF
Cimicifuga simplex,,https://pfaf.org/user/Plant.aspx?LatinName=Cimicifuga+simplex,Condiment; Leaves,2,1,0,PFAF
Cinchona calisaya,"Peruvian Bark, Quinine",https://pfaf.org/user/Plant.aspx?LatinName=Cinchona+calisaya,Condiment; Drink; Inner bark,3,2,5,PFAF
Cinchona micrantha,Huannco,https://pfaf.org/user/Plant.aspx?LatinName=Cinchona+micrantha,Drink; Inner bark,2,2,4,PFAF
Cinchona officinalis,Lojabark,https://pfaf.org/user/Plant.aspx?LatinName=Cinchona+officinalis,Drink; Inner bark,2,2,5,PFAF
Cinchona pubescens,"Quinine tree, Red Bark, Cinchona, Quina, Quinquina, Quinine Bark, Peruvian Bark, Jesuit's Bark",https://pfaf.org/user/Plant.aspx?LatinName=Cinchona+pubescens,Drink; Inner bark,2,2,5,PFAF
Cinna latifolia,"Sweet Reed Grass, Drooping woodreed",https://pfaf.org/user/Plant.aspx?LatinName=Cinna+latifolia,Seed,1,1,0,PFAF
Cinnamomum camphora,"Camphor, Camphortree",https://pfaf.org/user/Plant.aspx?LatinName=Cinnamomum+camphora,Condiment; Leaves; Shoots,3,2,3,PFAF
Cinnamomum loureiroi,Saigon Cinnamon,https://pfaf.org/user/Plant.aspx?LatinName=Cinnamomum+loureiroi,Drink; Flowers; Inner bark; Oil,4,4,3,PFAF
Cinnamomum verum,"Cinnamon, Ceylon Cinnamon Tree",https://pfaf.org/user/Plant.aspx?LatinName=Cinnamomum+verum,Drink; Inner bark; Oil,3,4,3,PFAF
Cirsium amplexifolium,Dakiba-Hime-Azami,https://pfaf.org/user/Plant.aspx?LatinName=Cirsium+amplexifolium,Oil; Root,2,1,0,PFAF
Cirsium arvense,"Creeping Thistle, Canada thistle",https://pfaf.org/user/Plant.aspx?LatinName=Cirsium+arvense,Curdling agent; Leaves; Oil; Root; Stem,5,2,2,PFAF
Cirsium brevicaule,,https://pfaf.org/user/Plant.aspx?LatinName=Cirsium+brevicaule,Leaves; Oil,2,1,0,PFAF
Cirsium brevistylum,"Indian Thistle, Clustered thistle",https://pfaf.org/user/Plant.aspx?LatinName=Cirsium+brevistylum,Oil; Root; Stem,3,3,0,PFAF
Cirsium buergeri,,https://pfaf.org/user/Plant.aspx?LatinName=Cirsium+buergeri,Oil; Root,2,1,0,PFAF
Cirsium chinense,,https://pfaf.org/user/Plant.aspx?LatinName=Cirsium+chinense,Leaves; Oil; Root,3,1,0,PFAF
Cirsium coreanum,,https://pfaf.org/user/Plant.aspx?LatinName=Cirsium+coreanum,Oil,1,1,0,PFAF
Cirsium dipsacolepis,,https://pfaf.org/user/Plant.aspx?LatinName=Cirsium+dipsacolepis,Oil; Root,2,1,0,PFAF
Cirsium eatoni,Eaton's Thistle,https://pfaf.org/user/Plant.aspx?LatinName=Cirsium+eatoni,Oil; Root; Stem,3,1,1,PFAF
Cirsium edule,Edible Thistle,https://pfaf.org/user/Plant.aspx?LatinName=Cirsium+edule,Oil; Root; Shoots; Stem,4,3,0,PFAF
Cirsium eriophorum,Wooly Thistle,https://pfaf.org/user/Plant.aspx?LatinName=Cirsium+eriophorum,Flowers; Leaves; Oil; Stem,4,2,0,PFAF
Cirsium foliosum,Elk thistle,https://pfaf.org/user/Plant.aspx?LatinName=Cirsium+foliosum,Leaves; Oil; Root; Stem,4,3,0,PFAF
Cirsium hookerianum,White Thistle,https://pfaf.org/user/Plant.aspx?LatinName=Cirsium+hookerianum,Oil; Root,2,2,0,PFAF
Cirsium japonicum,"No-Azami, Japanese thistle",https://pfaf.org/user/Plant.aspx?LatinName=Cirsium+japonicum,Leaves; Oil; Root,3,2,2,PFAF
Cirsium kamtschaticum,Kamchatka thistle,https://pfaf.org/user/Plant.aspx?LatinName=Cirsium+kamtschaticum,Leaves; Oil; Root,3,1,0,PFAF
Cirsium lepskyle,,https://pfaf.org/user/Plant.aspx?LatinName=Cirsium+lepskyle,Leaves; Oil; Seed; Shoots,4,1,0,PFAF
Cirsium lineare,,https://pfaf.org/user/Plant.aspx?LatinName=Cirsium+lineare,Leaves; Oil,2,1,0,PFAF
Cirsium maackii,,https://pfaf.org/user/Plant.aspx?LatinName=Cirsium+maackii,Leaves; Oil; Shoots,3,1,0,PFAF
Cirsium maritimum,,https://pfaf.org/user/Plant.aspx?LatinName=Cirsium+maritimum,Oil; Root,2,1,0,PFAF
Cirsium nipponicum,,https://pfaf.org/user/Plant.aspx?LatinName=Cirsium+nipponicum,Leaves; Oil,2,1,1,PFAF
Cirsium occidentale,"Cobwebby Thistle, Snowy thistle, Compact cobwebby thistle",https://pfaf.org/user/Plant.aspx?LatinName=Cirsium+occidentale,Oil; Root; Stem,3,2,0,PFAF
Cirsium ochrocentrum,Yellow Spined Thistle,https://pfaf.org/user/Plant.aspx?LatinName=Cirsium+ochrocentrum,Oil; Root; Stem,3,3,2,PFAF
Cirsium oleraceum,Cabbage Thistle,https://pfaf.org/user/Plant.aspx?LatinName=Cirsium+oleraceum,Leaves; Oil; Root,3,2,0,PFAF
Cirsium oligophyllum,,https://pfaf.org/user/Plant.aspx?LatinName=Cirsium+oligophyllum,Flowers; Leaves; Oil; Root,4,2,0,PFAF
Cirsium pallidum,Pale Thistle,https://pfaf.org/user/Plant.aspx?LatinName=Cirsium+pallidum,Oil; Seed,2,2,1,PFAF
Cirsium palustre,Marsh Thistle,https://pfaf.org/user/Plant.aspx?LatinName=Cirsium+palustre,Leaves; Oil; Shoots; Stem,4,2,0,PFAF
Cirsium pectinellum,,https://pfaf.org/user/Plant.aspx?LatinName=Cirsium+pectinellum,Leaves; Oil; Root,3,1,0,PFAF
Cirsium pendulum,,https://pfaf.org/user/Plant.aspx?LatinName=Cirsium+pendulum,Leaves; Oil; Root,3,1,0,PFAF
Cirsium purpuratum,,https://pfaf.org/user/Plant.aspx?LatinName=Cirsium+purpuratum,Oil; Root,2,1,0,PFAF
Cirsium schantarense,,https://pfaf.org/user/Plant.aspx?LatinName=Cirsium+schantarense,Leaves; Oil; Root,3,1,0,PFAF
Cirsium scopulorum,Mountain thistle,https://pfaf.org/user/Plant.aspx?LatinName=Cirsium+scopulorum,Oil; Root; Stem,3,2,0,PFAF
Cirsium serratuloides,,https://pfaf.org/user/Plant.aspx?LatinName=Cirsium+serratuloides,Oil; Root,2,1,0,PFAF
Cirsium setosum,,https://pfaf.org/user/Plant.aspx?LatinName=Cirsium+setosum,Leaves; Oil,2,1,1,PFAF
Cirsium sieboldii,,https://pfaf.org/user/Plant.aspx?LatinName=Cirsium+sieboldii,Leaves; Oil; Root,3,1,0,PFAF
Cirsium spicatum,,https://pfaf.org/user/Plant.aspx?LatinName=Cirsium+spicatum,Leaves; Oil; Root,3,3,1,PFAF
Cirsium spinosum,,https://pfaf.org/user/Plant.aspx?LatinName=Cirsium+spinosum,Leaves; Oil; Root,3,1,0,PFAF
Cirsium suffultum,Tsukushi-Azami,https://pfaf.org/user/Plant.aspx?LatinName=Cirsium+suffultum,Oil; Root,2,1,0,PFAF
Cirsium tuberosum,Tuberous Thistle,https://pfaf.org/user/Plant.aspx?LatinName=Cirsium+tuberosum,Oil; Root,2,3,0,PFAF
Cirsium undulatum,"Wavy-Leaved Thistle, Tracy's thistle",https://pfaf.org/user/Plant.aspx?LatinName=Cirsium+undulatum,Oil; Root; Stem,3,3,1,PFAF
Cirsium verutum,,https://pfaf.org/user/Plant.aspx?LatinName=Cirsium+verutum,Leaves; Oil; Root; Seed; Shoots,5,1,1,PFAF
Cirsium virginianum,Virginia thistle,https://pfaf.org/user/Plant.aspx?LatinName=Cirsium+virginianum,Oil; Root,2,1,0,PFAF
Cirsium vulgare,"Common Thistle, Bull thistle, Dodder, Boar Thistle, Bull Thistle",https://pfaf.org/user/Plant.aspx?LatinName=Cirsium+vulgare,Curdling agent; Flowers; Leaves; Oil; Root; Seed; Stem,7,3,1,PFAF
Cirsium yezoense,,https://pfaf.org/user/Plant.aspx?LatinName=Cirsium+yezoense,Leaves; Oil,2,1,0,PFAF
Cissus quadrangularis,Veldt Grape,https://pfaf.org/user/Plant.aspx?LatinName=Cissus+quadrangularis,Shoots; Stem,2,2,4,PFAF
Cistus albidus,Rock Rose,https://pfaf.org/user/Plant.aspx?LatinName=Cistus+albidus,Condiment; Tea,2,1,0,PFAF
Cistus creticus,"Rock Rose, Cretan rockrose",https://pfaf.org/user/Plant.aspx?LatinName=Cistus+creticus,Condiment; Tea,2,2,2,PFAF
Cistus ladanifer,"Labdanum, Common gum cistus",https://pfaf.org/user/Plant.aspx?LatinName=Cistus+ladanifer,Condiment; Gum; Manna; Seed,4,2,2,PFAF
Cistus salviifolius,"Rock Rose, Salvia cistus, Sage Leaf Rock Rose",https://pfaf.org/user/Plant.aspx?LatinName=Cistus+salviifolius,Condiment,1,1,0,PFAF
Citrofortunella floridana,Limequat,https://pfaf.org/user/Plant.aspx?LatinName=Citrofortunella+floridana,Fruit,1,2,0,PFAF
Citrofortunella microcarpa,Calamondin Orange,https://pfaf.org/user/Plant.aspx?LatinName=Citrofortunella+microcarpa,Condiment; Fruit,2,3,0,PFAF
Citrofortunella swinglei,Limequat,https://pfaf.org/user/Plant.aspx?LatinName=Citrofortunella+swinglei,Fruit,1,2,0,PFAF
Citroncirus,"Citrumelo, Citroncirus, Citrange",https://pfaf.org/user/Plant.aspx?LatinName=Citroncirus,Fruit,1,2,0,PFAF
Citroncirus webberi,Citrange,https://pfaf.org/user/Plant.aspx?LatinName=Citroncirus+webberi,Fruit,1,2,0,PFAF
Citrullus colocynthis,"Perennial egusi, Bitter-apple",https://pfaf.org/user/Plant.aspx?LatinName=Citrullus+colocynthis,Oil,1,3,2,PFAF
Citrullus lanatus,Water Melon,https://pfaf.org/user/Plant.aspx?LatinName=Citrullus+lanatus,Fruit; Leaves; Oil; Pectin; Seed,5,4,3,PFAF
Citrus aurantiifolia,"Lime, Key Lime, Mexican Lime, Mexican Thornless Key Lime",https://pfaf.org/user/Plant.aspx?LatinName=Citrus+aurantiifolia,Condiment; Drink,2,4,2,PFAF
Citrus aurantium,"Bitter Orange, Sour orange, Bergamot orange",https://pfaf.org/user/Plant.aspx?LatinName=Citrus+aurantium,Condiment; Fruit; Oil,3,3,3,PFAF
Citrus hystrix,Kaffir Lime,https://pfaf.org/user/Plant.aspx?LatinName=Citrus+hystrix,Condiment; Drink; Flowers; Oil; Tea,5,3,2,PFAF
Citrus ichangensis,Ichang Papeda,https://pfaf.org/user/Plant.aspx?LatinName=Citrus+ichangensis,Fruit,1,2,2,PFAF
Citrus latifolia,Citrus Tahitian Lime,https://pfaf.org/user/Plant.aspx?LatinName=Citrus+latifolia,Condiment; Drink; Flowers; Oil,4,4,2,PFAF
Citrus limon,Lemon,https://pfaf.org/user/Plant.aspx?LatinName=Citrus+limon,Condiment; Fruit; Oil,3,4,5,PFAF
Citrus reticulata,"Mandarin, Tangerine, Unshu orange, Satsuma Orange,Temple Orange, Tangerine",https://pfaf.org/user/Plant.aspx?LatinName=Citrus+reticulata,Condiment; Fruit,2,3,3,PFAF
Citrus sinensis,Sweet Orange,https://pfaf.org/user/Plant.aspx?LatinName=Citrus+sinensis,Condiment; Flowers; Fruit; Oil; Tea,5,4,3,PFAF
Citrus x paradisi,"Grapefruit, Pomelo, Pamplemousse",https://pfaf.org/user/Plant.aspx?LatinName=Citrus+x+paradisi,Oil,1,4,1,PFAF
Cladium mariscus,"Saw Grass, Swamp sawgrass, Jamaica swamp sawgrass",https://pfaf.org/user/Plant.aspx?LatinName=Cladium+mariscus,Leaves; Shoots,2,1,0,PFAF
Clarkia pulchella,Pinkfairies,https://pfaf.org/user/Plant.aspx?LatinName=Clarkia+pulchella,Seed,1,1,0,PFAF
Clarkia unguiculata,"Elegant Fairyfan, Elegant clarkia",https://pfaf.org/user/Plant.aspx?LatinName=Clarkia+unguiculata,Seed,1,1,0,PFAF
Claytonia acutifolia,Bering Sea Spring Beauty,https://pfaf.org/user/Plant.aspx?LatinName=Claytonia+acutifolia,Flowers; Leaves; Root,3,3,0,PFAF
Claytonia caroliniana,"Broad-Leaved Spring Beauty, Carolina springbeauty",https://pfaf.org/user/Plant.aspx?LatinName=Claytonia+caroliniana,Leaves; Root,2,3,0,PFAF
Claytonia exigua,"Pale Spring Beauty, Serpentine springbeauty",https://pfaf.org/user/Plant.aspx?LatinName=Claytonia+exigua,Leaves,1,2,0,PFAF
Claytonia lanceolata,"Lanceleaf Spring Beauty, Idaho springbeauty, Pacific springbeauty, Peirson's springbeauty",https://pfaf.org/user/Plant.aspx?LatinName=Claytonia+lanceolata,Leaves; Root,2,3,0,PFAF
Claytonia megarhiza,Alpine Spring Beauty,https://pfaf.org/user/Plant.aspx?LatinName=Claytonia+megarhiza,Flowers; Leaves; Root,3,3,0,PFAF
Claytonia perfoliata,Miner's Lettuce,https://pfaf.org/user/Plant.aspx?LatinName=Claytonia+perfoliata,Flowers; Leaves; Root,3,4,1,PFAF
Claytonia scammaniana,"Scamman's Claytonia, Scamman's springbeauty",https://pfaf.org/user/Plant.aspx?LatinName=Claytonia+scammaniana,Flowers; Leaves,2,2,0,PFAF
Claytonia sibirica,"Pink Purslane, Siberian springbeauty",https://pfaf.org/user/Plant.aspx?LatinName=Claytonia+sibirica,Leaves,1,4,1,PFAF
Claytonia tuberosa,Tuberous Spring Beauty,https://pfaf.org/user/Plant.aspx?LatinName=Claytonia+tuberosa,Flowers; Leaves; Root,3,3,0,PFAF
Claytonia umbellata,Great Basin Spring Beauty,https://pfaf.org/user/Plant.aspx?LatinName=Claytonia+umbellata,Flowers; Leaves; Root,3,2,0,PFAF
Claytonia virginica,"Spring Beauty, Virginia springbeauty, Hammond's claytonia, Yellow Virginia springbeauty",https://pfaf.org/user/Plant.aspx?LatinName=Claytonia+virginica,Leaves; Root,2,3,1,PFAF
Clematis apiifolia,,https://pfaf.org/user/Plant.aspx?LatinName=Clematis+apiifolia,Leaves; Shoots; Tea,3,1,2,PFAF
Clematis brachyura,,https://pfaf.org/user/Plant.aspx?LatinName=Clematis+brachyura,Leaves,1,1,0,PFAF
Clematis buchananiana,,https://pfaf.org/user/Plant.aspx?LatinName=Clematis+buchananiana,Drink; Leaves,2,1,2,PFAF
Clematis chinensis,Wei Ling Xian,https://pfaf.org/user/Plant.aspx?LatinName=Clematis+chinensis,Leaves; Shoots,2,1,2,PFAF
Clematis flammula,"Fragrant Virgin's Bower, Fragrant clematis",https://pfaf.org/user/Plant.aspx?LatinName=Clematis+flammula,Leaves; Shoots,2,1,0,PFAF
Clematis ianthina,,https://pfaf.org/user/Plant.aspx?LatinName=Clematis+ianthina,Leaves,1,1,0,PFAF
Clematis patens,,https://pfaf.org/user/Plant.aspx?LatinName=Clematis+patens,Leaves; Shoots,2,1,0,PFAF
Clematis pierotii,,https://pfaf.org/user/Plant.aspx?LatinName=Clematis+pierotii,Leaves,1,1,0,PFAF
Clematis recta,Ground virginsbower,https://pfaf.org/user/Plant.aspx?LatinName=Clematis+recta,Leaves; Shoots,2,1,1,PFAF
Clematis serratifolia,,https://pfaf.org/user/Plant.aspx?LatinName=Clematis+serratifolia,Leaves; Shoots,2,1,0,PFAF
Clematis terniflora,"Sennin-So, Sweet autumn virginsbower, Sweet Autumn Clematis, Fall Clematis",https://pfaf.org/user/Plant.aspx?LatinName=Clematis+terniflora,Flowers; Leaves; Shoots,3,1,1,PFAF
Clematis trichotoma,,https://pfaf.org/user/Plant.aspx?LatinName=Clematis+trichotoma,Leaves,1,1,0,PFAF
Clematis vitalba,"Traveller's Joy, Evergreen clematis",https://pfaf.org/user/Plant.aspx?LatinName=Clematis+vitalba,Leaves; Shoots,2,1,2,PFAF
Cleome lutea,"Yellow Spiderflower, Jones spiderflower",https://pfaf.org/user/Plant.aspx?LatinName=Cleome+lutea,Leaves; Seed; Shoots,3,2,1,PFAF
Cleome monophylla,,https://pfaf.org/user/Plant.aspx?LatinName=Cleome+monophylla,Condiment; Leaves; Shoots,3,2,1,PFAF
Cleome ornithopodioides,Bird spiderflower,https://pfaf.org/user/Plant.aspx?LatinName=Cleome+ornithopodioides,Condiment; Seed,2,1,0,PFAF
Cleome serrulata,Rocky Mountain Beeplant,https://pfaf.org/user/Plant.aspx?LatinName=Cleome+serrulata,Flowers; Leaves; Seed; Seedpod; Shoots,5,3,1,PFAF
Cleome viscosa,"Tickweed, Asian spiderflower",https://pfaf.org/user/Plant.aspx?LatinName=Cleome+viscosa,Condiment; Leaves; Oil; Shoots,4,2,2,PFAF
Clerodendrum cyrtophyllum,,https://pfaf.org/user/Plant.aspx?LatinName=Clerodendrum+cyrtophyllum,Leaves,1,1,1,PFAF
Clerodendrum japonicum,Japanese glorybower,https://pfaf.org/user/Plant.aspx?LatinName=Clerodendrum+japonicum,Flowers; Leaves; Shoots,3,1,1,PFAF
Clerodendrum kwangtungense,,https://pfaf.org/user/Plant.aspx?LatinName=Clerodendrum+kwangtungense,Fruit,1,1,0,PFAF
Clerodendrum trichotomum,"Chou Wu Tong, Harlequin glorybower, Ferruginous clerodendrum, Harlequin Glory Bower",https://pfaf.org/user/Plant.aspx?LatinName=Clerodendrum+trichotomum,Leaves,1,1,3,PFAF
Clethra barbinervis,,https://pfaf.org/user/Plant.aspx?LatinName=Clethra+barbinervis,Leaves,1,1,0,PFAF
Clinopodium chinense,,https://pfaf.org/user/Plant.aspx?LatinName=Clinopodium+chinense,Leaves; Tea,2,2,0,PFAF
Clinopodium vulgare,Wild Basil,https://pfaf.org/user/Plant.aspx?LatinName=Clinopodium+vulgare,Condiment; Leaves; Tea,3,2,1,PFAF
Clintonia borealis,Bluebeard,https://pfaf.org/user/Plant.aspx?LatinName=Clintonia+borealis,Leaves,1,2,1,PFAF
Clintonia udensis,,https://pfaf.org/user/Plant.aspx?LatinName=Clintonia+udensis,Leaves; Shoots,2,2,0,PFAF
Clintonia umbellulata,"Speckled Wood Lily, White clintonia",https://pfaf.org/user/Plant.aspx?LatinName=Clintonia+umbellulata,Leaves,1,2,0,PFAF
Clitoria ternatea,Butterfly pea,https://pfaf.org/user/Plant.aspx?LatinName=Clitoria+ternatea,Flowers; Seedpod,2,3,0,PFAF
Cnicus benedictus,Blessed Thistle,https://pfaf.org/user/Plant.aspx?LatinName=Cnicus+benedictus,Condiment; Flowers; Leaves; Oil; Root,5,2,3,PFAF
Cnidium japonicum,,https://pfaf.org/user/Plant.aspx?LatinName=Cnidium+japonicum,Leaves,1,1,0,PFAF
Cnidium monnieri,"She Chuang Zi, Monnier's snowparsley",https://pfaf.org/user/Plant.aspx?LatinName=Cnidium+monnieri,Condiment; Leaves; Shoots,3,1,3,PFAF
Cnidium officinale,,https://pfaf.org/user/Plant.aspx?LatinName=Cnidium+officinale,Leaves; Shoots,2,1,2,PFAF
Cnidoscolus aconitifolius,"Tree Spinach, Tread Softly, Cabbage Star, Chaya",https://pfaf.org/user/Plant.aspx?LatinName=Cnidoscolus+aconitifolius,Drink; Shoots,2,4,3,PFAF
Coccinia grandis,Ivy Gourd,https://pfaf.org/user/Plant.aspx?LatinName=Coccinia+grandis,Fruit; Leaves,2,2,2,PFAF
Cocculus orbiculatus,Queen coralbead,https://pfaf.org/user/Plant.aspx?LatinName=Cocculus+orbiculatus,Leaves; Root,2,1,2,PFAF
Cochlearia anglica,Long Leaved Scurvy Grass,https://pfaf.org/user/Plant.aspx?LatinName=Cochlearia+anglica,Condiment; Leaves,2,1,0,PFAF
Cochlearia danica,Danish Scurvy Grass,https://pfaf.org/user/Plant.aspx?LatinName=Cochlearia+danica,Leaves,1,1,1,PFAF
Cochlearia macrocarpa,,https://pfaf.org/user/Plant.aspx?LatinName=Cochlearia+macrocarpa,Condiment,1,1,0,PFAF
Cochlearia oblongifolia,,https://pfaf.org/user/Plant.aspx?LatinName=Cochlearia+oblongifolia,Leaves,1,1,0,PFAF
Cochlearia officinalis,"Scurvy Grass, Spoonwort",https://pfaf.org/user/Plant.aspx?LatinName=Cochlearia+officinalis,Leaves,1,1,2,PFAF
Cochlearia scotica,,https://pfaf.org/user/Plant.aspx?LatinName=Cochlearia+scotica,Condiment,1,1,0,PFAF
Cocos nucifera,"Coconut Palm, Coconut",https://pfaf.org/user/Plant.aspx?LatinName=Cocos+nucifera,Coffee; Condiment; Drink; Flowers; Milk; Oil; Sap; Stem; Sweetener,9,5,2,PFAF
Codonopsis lanceolata,Todok,https://pfaf.org/user/Plant.aspx?LatinName=Codonopsis+lanceolata,Leaves; Root,2,2,2,PFAF
Codonopsis ovata,,https://pfaf.org/user/Plant.aspx?LatinName=Codonopsis+ovata,Root,1,2,1,PFAF
Codonopsis pilosula,"Dang Shen, Bellflower",https://pfaf.org/user/Plant.aspx?LatinName=Codonopsis+pilosula,Root,1,2,3,PFAF
Codonopsis ussuriensis,,https://pfaf.org/user/Plant.aspx?LatinName=Codonopsis+ussuriensis,Root,1,2,0,PFAF
Coelopleurum gmelini,,https://pfaf.org/user/Plant.aspx?LatinName=Coelopleurum+gmelini,Leaves; Stem,2,2,0,PFAF
Coelopleurum lucidum,,https://pfaf.org/user/Plant.aspx?LatinName=Coelopleurum+lucidum,Condiment; Leaves; Stem,3,2,1,PFAF
Coffea arabica,Coffee Arabica,https://pfaf.org/user/Plant.aspx?LatinName=Coffea+arabica,Coffee; Condiment; Drink; Tea,4,3,3,PFAF
Coix lacryma-jobi,Job's Tears,https://pfaf.org/user/Plant.aspx?LatinName=Coix+lacryma-jobi,Coffee; Seed; Tea,3,3,3,PFAF
Cola acuminata,"Cola Nut, Kola, Bissy Nut",https://pfaf.org/user/Plant.aspx?LatinName=Cola+acuminata,Coffee; Colouring; Condiment; Drink,4,3,4,PFAF
Cola nitida,"Cola Nut, Kola, Bissy Nuts",https://pfaf.org/user/Plant.aspx?LatinName=Cola+nitida,Coffee; Drink,2,3,4,PFAF
Coleus edulis,Gala Dinich,https://pfaf.org/user/Plant.aspx?LatinName=Coleus+edulis,Root,1,1,0,PFAF
Colocasia esculenta,"Taro, Elephant Ears Taro, Dasheen, Eddo",https://pfaf.org/user/Plant.aspx?LatinName=Colocasia+esculenta,Stem,1,4,2,PFAF
Coluria geoides,,https://pfaf.org/user/Plant.aspx?LatinName=Coluria+geoides,Condiment,1,2,0,PFAF
Comandra pallida,Pale Bastard Toadflax,https://pfaf.org/user/Plant.aspx?LatinName=Comandra+pallida,Fruit; Seed,2,1,1,PFAF
Comandra richardsiana,Bastard Toad Flax,https://pfaf.org/user/Plant.aspx?LatinName=Comandra+richardsiana,Fruit,1,1,0,PFAF
Comandra umbellata,"Bastard Toad Flax, California bastard toadflax, Pale bastard toadflax",https://pfaf.org/user/Plant.aspx?LatinName=Comandra+umbellata,Fruit; Nectar,2,1,1,PFAF
Combretum imberbe,"Leadwood Tree, Ivory tree",https://pfaf.org/user/Plant.aspx?LatinName=Combretum+imberbe,Gum,1,2,2,PFAF
Commelina coelestis,"Blue Spider Wort, Commelina",https://pfaf.org/user/Plant.aspx?LatinName=Commelina+coelestis,Root,1,2,0,PFAF
Commelina communis,"Day Flower, Asiatic dayflower",https://pfaf.org/user/Plant.aspx?LatinName=Commelina+communis,Flowers; Leaves; Shoots,3,3,2,PFAF
Commelina dianthifolia,Birdbill Dayflower,https://pfaf.org/user/Plant.aspx?LatinName=Commelina+dianthifolia,Root,1,2,1,PFAF
Commelina elliptica,,https://pfaf.org/user/Plant.aspx?LatinName=Commelina+elliptica,Root,1,2,0,PFAF
Commelina erecta,"Slender Day-Flower, Whitemouth dayflower",https://pfaf.org/user/Plant.aspx?LatinName=Commelina+erecta,Root,1,1,0,PFAF
Commelina erecta angustifolia,Whitemouth Dayflower,https://pfaf.org/user/Plant.aspx?LatinName=Commelina+erecta+angustifolia,Root,1,2,1,PFAF
Commelina tuberosa,Commelina,https://pfaf.org/user/Plant.aspx?LatinName=Commelina+tuberosa,Root,1,2,0,PFAF
Commelina virginica,Virginia Day-Flower,https://pfaf.org/user/Plant.aspx?LatinName=Commelina+virginica,Leaves; Root,2,2,0,PFAF
Commiphora myrrha,"Myrrh, Myrrh Gum",https://pfaf.org/user/Plant.aspx?LatinName=Commiphora+myrrha,Condiment; Gum; Inner bark,3,2,4,PFAF
Commiphora wightii,"Guggul, Indian bdellium-tree",https://pfaf.org/user/Plant.aspx?LatinName=Commiphora+wightii,Gum; Inner bark,2,2,3,PFAF
Comptonia peregrina,Sweet Fern,https://pfaf.org/user/Plant.aspx?LatinName=Comptonia+peregrina,Condiment; Fruit; Tea,3,3,3,PFAF
Comptonia peregrina asplenifolia,Sweet Fern,https://pfaf.org/user/Plant.aspx?LatinName=Comptonia+peregrina+asplenifolia,Condiment; Fruit; Tea,3,3,3,PFAF
Conandron ramondioides,,https://pfaf.org/user/Plant.aspx?LatinName=Conandron+ramondioides,Leaves,1,1,0,PFAF
Conanthera bifolia,,https://pfaf.org/user/Plant.aspx?LatinName=Conanthera+bifolia,Root,1,2,0,PFAF
Conanthera campanulata,,https://pfaf.org/user/Plant.aspx?LatinName=Conanthera+campanulata,Root,1,2,0,PFAF
Conioselinum pacificum,Pacific Hemlock-Parsley,https://pfaf.org/user/Plant.aspx?LatinName=Conioselinum+pacificum,Root,1,2,1,PFAF
Conium maculatum,"Hemlock, Poison hemlock",https://pfaf.org/user/Plant.aspx?LatinName=Conium+maculatum,Leaves,1,1,2,PFAF
Conopodium majus,Pignut,https://pfaf.org/user/Plant.aspx?LatinName=Conopodium+majus,Root,1,3,0,PFAF
Conradina verticillata,Cumberland Rosemary,https://pfaf.org/user/Plant.aspx?LatinName=Conradina+verticillata,Condiment,1,1,0,PFAF
Conringia orientalis,Hare's Ear Mustard,https://pfaf.org/user/Plant.aspx?LatinName=Conringia+orientalis,Leaves; Oil,2,2,0,PFAF
Consolida ambigua,"Larkspur, Doubtful knight's-spur, Rocket Larkspur",https://pfaf.org/user/Plant.aspx?LatinName=Consolida+ambigua,Oil,1,0,2,PFAF
Convallaria keiskei,Lily Of The Valley,https://pfaf.org/user/Plant.aspx?LatinName=Convallaria+keiskei,Flowers; Leaves; Tea,3,1,0,PFAF
Convolvulus arvensis,Field Bindweed,https://pfaf.org/user/Plant.aspx?LatinName=Convolvulus+arvensis,Condiment,1,1,2,PFAF
Conyza canadensis,"Common Horseweed, Canada Fleabane, Canadian horseweed",https://pfaf.org/user/Plant.aspx?LatinName=Conyza+canadensis,Condiment; Leaves,2,1,3,PFAF
Copaifera coriacea,Sapucaia tree,https://pfaf.org/user/Plant.aspx?LatinName=Copaifera+coriacea,Condiment,1,2,4,PFAF
Copaifera guyanensis,"Hoepel, Guyanense Copaiba",https://pfaf.org/user/Plant.aspx?LatinName=Copaifera+guyanensis,Condiment,1,2,4,PFAF
Copaifera langsdorffii,"Copaiba, Langsdorf's copaifera",https://pfaf.org/user/Plant.aspx?LatinName=Copaifera+langsdorffii,Condiment,1,1,4,PFAF
Copaifera multijuga,"Hayne oil, Copaiba,",https://pfaf.org/user/Plant.aspx?LatinName=Copaifera+multijuga,Condiment,1,1,4,PFAF
Copaifera officinalis,"Copaiba Balsam, Medicinal Copaiba",https://pfaf.org/user/Plant.aspx?LatinName=Copaifera+officinalis,Condiment,1,2,4,PFAF
Copaifera reticulata,"Copaiba, Reticulated Copaiba, Copaiba Balsam",https://pfaf.org/user/Plant.aspx?LatinName=Copaifera+reticulata,Condiment,1,0,4,PFAF
Copernicia alba,"Caranday Palm, Caranda Palm, Caranda Palm Wax",https://pfaf.org/user/Plant.aspx?LatinName=Copernicia+alba,Drink; Shoots,2,2,0,PFAF
Copernicia prunifera,"Brazilian Wax Palm, Carnauba Palm, Carnauba Wax",https://pfaf.org/user/Plant.aspx?LatinName=Copernicia+prunifera,Coffee; Gum; Oil,3,3,3,PFAF
Coprosma acerosa,Sand Coprosma,https://pfaf.org/user/Plant.aspx?LatinName=Coprosma+acerosa,Coffee; Fruit,2,2,0,PFAF
Coprosma areolata,,https://pfaf.org/user/Plant.aspx?LatinName=Coprosma+areolata,Coffee; Fruit,2,1,0,PFAF
Coprosma atropurpurea,,https://pfaf.org/user/Plant.aspx?LatinName=Coprosma+atropurpurea,Coffee; Fruit,2,1,0,PFAF
Coprosma billardieri,Native Currant,https://pfaf.org/user/Plant.aspx?LatinName=Coprosma+billardieri,Coffee; Fruit,2,1,0,PFAF
Coprosma brunnea,,https://pfaf.org/user/Plant.aspx?LatinName=Coprosma+brunnea,Coffee; Fruit,2,2,0,PFAF
Coprosma foetidissima,,https://pfaf.org/user/Plant.aspx?LatinName=Coprosma+foetidissima,Coffee; Fruit,2,1,0,PFAF
Coprosma grandifolia,,https://pfaf.org/user/Plant.aspx?LatinName=Coprosma+grandifolia,Coffee; Fruit,2,1,1,PFAF
Coprosma hirtella,Rough Coprosma,https://pfaf.org/user/Plant.aspx?LatinName=Coprosma+hirtella,Coffee; Fruit,2,1,0,PFAF
Coprosma lucida,,https://pfaf.org/user/Plant.aspx?LatinName=Coprosma+lucida,Coffee; Fruit,2,2,0,PFAF
Coprosma moorei,,https://pfaf.org/user/Plant.aspx?LatinName=Coprosma+moorei,Coffee; Fruit,2,1,0,PFAF
Coprosma nitida,,https://pfaf.org/user/Plant.aspx?LatinName=Coprosma+nitida,Coffee; Fruit,2,2,0,PFAF
Coprosma petriei,,https://pfaf.org/user/Plant.aspx?LatinName=Coprosma+petriei,Coffee; Fruit,2,1,0,PFAF
Coprosma propinqua,,https://pfaf.org/user/Plant.aspx?LatinName=Coprosma+propinqua,Coffee; Fruit,2,1,0,PFAF
Coprosma pumila,,https://pfaf.org/user/Plant.aspx?LatinName=Coprosma+pumila,Coffee; Fruit,2,1,0,PFAF
Coprosma repens,"Mirror Plant, Creeping mirrorplant",https://pfaf.org/user/Plant.aspx?LatinName=Coprosma+repens,Coffee; Fruit,2,1,0,PFAF
Coprosma rhamnoides,,https://pfaf.org/user/Plant.aspx?LatinName=Coprosma+rhamnoides,Coffee; Fruit,2,1,0,PFAF
Coprosma robusta,,https://pfaf.org/user/Plant.aspx?LatinName=Coprosma+robusta,Coffee; Fruit,2,1,1,PFAF
Coprosma rotundifolia,,https://pfaf.org/user/Plant.aspx?LatinName=Coprosma+rotundifolia,Coffee; Fruit,2,1,0,PFAF
Coprosma rugosa,,https://pfaf.org/user/Plant.aspx?LatinName=Coprosma+rugosa,Coffee; Fruit,2,1,0,PFAF
Coprosma serrulata,,https://pfaf.org/user/Plant.aspx?LatinName=Coprosma+serrulata,Coffee; Fruit,2,1,0,PFAF
Coprosma virescens,,https://pfaf.org/user/Plant.aspx?LatinName=Coprosma+virescens,Coffee; Fruit,2,1,0,PFAF
Coptis teeta,Yun Lian,https://pfaf.org/user/Plant.aspx?LatinName=Coptis+teeta,Fruit,1,1,2,PFAF
Coptis trifolia,"Goldthread, Threeleaf goldthread",https://pfaf.org/user/Plant.aspx?LatinName=Coptis+trifolia,Condiment; Leaves,2,2,2,PFAF
Corchorus capsularis,Jute,https://pfaf.org/user/Plant.aspx?LatinName=Corchorus+capsularis,Leaves; Seed; Tea,3,3,2,PFAF
Corchorus olitorius,"Jew's Mallow, Nalta jute",https://pfaf.org/user/Plant.aspx?LatinName=Corchorus+olitorius,Leaves; Seed; Shoots; Tea,4,4,2,PFAF
Cordeauxia edulis,Yeheb. Yeheb nut,https://pfaf.org/user/Plant.aspx?LatinName=Cordeauxia+edulis,Coffee; Drink; Tea,3,3,2,PFAF
Cordia alliodora,"Ecuador laurel, Cypre, Onion Cordia, Laurel Blanco",https://pfaf.org/user/Plant.aspx?LatinName=Cordia+alliodora,Condiment; Inner bark,2,2,2,PFAF
Cordyline australis,Cabbage Tree,https://pfaf.org/user/Plant.aspx?LatinName=Cordyline+australis,Leaves; Root; Shoots; Stem; Sweetener,5,3,0,PFAF
Cordyline indivisa,Cabbage Tree,https://pfaf.org/user/Plant.aspx?LatinName=Cordyline+indivisa,Fruit; Leaves; Root; Shoots; Stem; Sweetener,6,3,0,PFAF
Corema album,Portuguese Crowberry,https://pfaf.org/user/Plant.aspx?LatinName=Corema+album,Fruit,1,1,0,PFAF
Corema conradii,"Poverty Grass, Broom crowberry",https://pfaf.org/user/Plant.aspx?LatinName=Corema+conradii,Fruit,1,1,0,PFAF
Coreopsis tinctoria,"Coreopsis, Golden tickseed, Atkinson's tickseed, Dyer's Coreopsis, Plains Coreopsis, Annual Coreops",https://pfaf.org/user/Plant.aspx?LatinName=Coreopsis+tinctoria,Coffee,1,1,1,PFAF
Coreopsis tinctoria atkinsoniana,Coreopsis,https://pfaf.org/user/Plant.aspx?LatinName=Coreopsis+tinctoria+atkinsoniana,Drink,1,1,1,PFAF
Coreopsis verticillata,Whorled tickseed,https://pfaf.org/user/Plant.aspx?LatinName=Coreopsis+verticillata,Flowers,1,1,1,PFAF
Coriandrum sativum,"Coriander - Dhania - Cilantro, Coriander",https://pfaf.org/user/Plant.aspx?LatinName=Coriandrum+sativum,Condiment; Leaves; Oil; Seed,4,4,4,PFAF
Coriaria napalensis,Masuri Berry,https://pfaf.org/user/Plant.aspx?LatinName=Coriaria+napalensis,Fruit,1,2,1,PFAF
Coriaria ruscifolia,,https://pfaf.org/user/Plant.aspx?LatinName=Coriaria+ruscifolia,Fruit,1,2,0,PFAF
Coriaria sarmentosa,Tuhu,https://pfaf.org/user/Plant.aspx?LatinName=Coriaria+sarmentosa,Fruit,1,2,0,PFAF
Coriaria sinica,,https://pfaf.org/user/Plant.aspx?LatinName=Coriaria+sinica,Fruit,1,2,1,PFAF
Coriaria terminalis,,https://pfaf.org/user/Plant.aspx?LatinName=Coriaria+terminalis,Fruit,1,2,0,PFAF
Corispermum declinatum,,https://pfaf.org/user/Plant.aspx?LatinName=Corispermum+declinatum,Drink,1,1,0,PFAF
Cornus alba,Tartarian Dogwood,https://pfaf.org/user/Plant.aspx?LatinName=Cornus+alba,Oil,1,0,0,PFAF
Cornus amomum,Silky Dogwood,https://pfaf.org/user/Plant.aspx?LatinName=Cornus+amomum,Fruit,1,1,2,PFAF
Cornus australis,,https://pfaf.org/user/Plant.aspx?LatinName=Cornus+australis,Fruit; Oil,2,1,0,PFAF
Cornus canadensis,"Creeping Dogwood, Bunchberry dogwood, Bunchberry",https://pfaf.org/user/Plant.aspx?LatinName=Cornus+canadensis,Fruit; Pectin,2,4,2,PFAF
Cornus capitata,Bentham's Cornel,https://pfaf.org/user/Plant.aspx?LatinName=Cornus+capitata,Fruit,1,4,1,PFAF
Cornus chinensis,,https://pfaf.org/user/Plant.aspx?LatinName=Cornus+chinensis,Fruit,1,2,3,PFAF
Cornus controversa,"Giant Dogwood, Wedding Cake Tree,",https://pfaf.org/user/Plant.aspx?LatinName=Cornus+controversa,Fruit; Oil,2,2,1,PFAF
Cornus elliptica,,https://pfaf.org/user/Plant.aspx?LatinName=Cornus+elliptica,Fruit,1,4,1,PFAF
Cornus florida,Flowering Dogwood,https://pfaf.org/user/Plant.aspx?LatinName=Cornus+florida,Drink,1,2,2,PFAF
Cornus hemsleyi,,https://pfaf.org/user/Plant.aspx?LatinName=Cornus+hemsleyi,Oil,1,0,0,PFAF
Cornus hongkongensis,,https://pfaf.org/user/Plant.aspx?LatinName=Cornus+hongkongensis,Fruit,1,1,0,PFAF
Cornus iberica,,https://pfaf.org/user/Plant.aspx?LatinName=Cornus+iberica,Fruit; Oil,2,2,0,PFAF
Cornus kousa,"Japanese Dogwood, Kousa dogwood, Chinese Dogwood,",https://pfaf.org/user/Plant.aspx?LatinName=Cornus+kousa,Fruit; Leaves,2,5,0,PFAF
Cornus kousa chinensis,Japanese Dogwood,https://pfaf.org/user/Plant.aspx?LatinName=Cornus+kousa+chinensis,Fruit; Leaves,2,5,0,PFAF
Cornus macrophylla,Large-Leaf Dogwood,https://pfaf.org/user/Plant.aspx?LatinName=Cornus+macrophylla,Fruit,1,2,2,PFAF
Cornus mas,"Cornelian Cherry, Cornelian Cherry Dogwood",https://pfaf.org/user/Plant.aspx?LatinName=Cornus+mas,Coffee; Fruit; Oil,3,4,2,PFAF
Cornus monbeigii,,https://pfaf.org/user/Plant.aspx?LatinName=Cornus+monbeigii,Fruit,1,1,2,PFAF
Cornus multinervosa,,https://pfaf.org/user/Plant.aspx?LatinName=Cornus+multinervosa,Fruit,1,2,0,PFAF
Cornus nuttallii,"Mountain Dogwood, Pacific dogwood, Western Dogwood",https://pfaf.org/user/Plant.aspx?LatinName=Cornus+nuttallii,Fruit,1,1,2,PFAF
Cornus oblonga,Oblong-Petal Dogwood,https://pfaf.org/user/Plant.aspx?LatinName=Cornus+oblonga,Oil,1,0,3,PFAF
Cornus occidentalis,Western Dogwood,https://pfaf.org/user/Plant.aspx?LatinName=Cornus+occidentalis,Fruit,1,1,1,PFAF
Cornus officinalis,"Shan Zhu Yu, Asiatic dogwood, Japanese Cornel Dogwood",https://pfaf.org/user/Plant.aspx?LatinName=Cornus+officinalis,Fruit,1,4,3,PFAF
Cornus poliophylla,,https://pfaf.org/user/Plant.aspx?LatinName=Cornus+poliophylla,Fruit,1,1,2,PFAF
Cornus quinquenervis,,https://pfaf.org/user/Plant.aspx?LatinName=Cornus+quinquenervis,Fruit,1,2,0,PFAF
Cornus sanguinea,"Dogwood, Bloodtwig dogwood",https://pfaf.org/user/Plant.aspx?LatinName=Cornus+sanguinea,Fruit; Oil,2,2,1,PFAF
Cornus sericea,"Red Osier Dogwood, Western dogwood",https://pfaf.org/user/Plant.aspx?LatinName=Cornus+sericea,Fruit; Oil; Seed,3,2,2,PFAF
Cornus sessilis,Blackfruit dogwood,https://pfaf.org/user/Plant.aspx?LatinName=Cornus+sessilis,Fruit,1,2,0,PFAF
Cornus suecica,"Dwarf Cornel, Lapland cornel",https://pfaf.org/user/Plant.aspx?LatinName=Cornus+suecica,Fruit,1,2,1,PFAF
Cornus walteri,,https://pfaf.org/user/Plant.aspx?LatinName=Cornus+walteri,Oil,1,0,0,PFAF
Cornus wilsoniana,,https://pfaf.org/user/Plant.aspx?LatinName=Cornus+wilsoniana,Oil,1,0,0,PFAF
Cornus x unalaschkensis,Bunchberry,https://pfaf.org/user/Plant.aspx?LatinName=Cornus+x+unalaschkensis,Fruit; Pectin,2,3,0,PFAF
Coronilla varia,Crown Vetch,https://pfaf.org/user/Plant.aspx?LatinName=Coronilla+varia,Oil,1,0,1,PFAF
Coronopus didymus,"Swine Wartcress, Lesser swinecress",https://pfaf.org/user/Plant.aspx?LatinName=Coronopus+didymus,Leaves,1,2,0,PFAF
Coronopus squamatus,"Crowfoot, Greater swinecress",https://pfaf.org/user/Plant.aspx?LatinName=Coronopus+squamatus,Leaves; Root,2,1,0,PFAF
Correa alba,Cape Barren Tea,https://pfaf.org/user/Plant.aspx?LatinName=Correa+alba,Tea,1,1,0,PFAF
Corrigiola littoralis,Strapwort,https://pfaf.org/user/Plant.aspx?LatinName=Corrigiola+littoralis,Leaves,1,1,1,PFAF
Corydalis ambigua,,https://pfaf.org/user/Plant.aspx?LatinName=Corydalis+ambigua,Root,1,1,3,PFAF
Corydalis edulis,,https://pfaf.org/user/Plant.aspx?LatinName=Corydalis+edulis,Root,1,1,0,PFAF
Corydalis incisa,Incised fumewort,https://pfaf.org/user/Plant.aspx?LatinName=Corydalis+incisa,Leaves,1,1,1,PFAF
Corydalis juncea,,https://pfaf.org/user/Plant.aspx?LatinName=Corydalis+juncea,Root,1,1,0,PFAF
Corydalis ochotensis,,https://pfaf.org/user/Plant.aspx?LatinName=Corydalis+ochotensis,Leaves,1,1,0,PFAF
Corydalis pallida,,https://pfaf.org/user/Plant.aspx?LatinName=Corydalis+pallida,Leaves,1,1,0,PFAF
Corydalis solida,"Fumewort, Spring fumewort",https://pfaf.org/user/Plant.aspx?LatinName=Corydalis+solida,Root,1,1,3,PFAF
Corylus americana,American Hazel,https://pfaf.org/user/Plant.aspx?LatinName=Corylus+americana,Oil; Seed,2,3,1,PFAF
Corylus avellana,"Common Hazel, Common filbert, European Filbert, Harry Lauder's Walking Stick, Corkscrew Hazel, Hazel",https://pfaf.org/user/Plant.aspx?LatinName=Corylus+avellana,Milk; Oil; Seed,3,5,2,PFAF
Corylus avellana pontica,,https://pfaf.org/user/Plant.aspx?LatinName=Corylus+avellana+pontica,Milk; Oil; Seed,3,4,0,PFAF
Corylus chinensis,Chinese Hazel,https://pfaf.org/user/Plant.aspx?LatinName=Corylus+chinensis,Oil; Seed,2,2,0,PFAF
Corylus colurna,"Turkish Hazel, Chinese hazelnut, Turkish Filbert, Turkish Hazel",https://pfaf.org/user/Plant.aspx?LatinName=Corylus+colurna,Oil; Seed,2,3,1,PFAF
Corylus cornuta,"Beaked Hazel, California hazelnut, Turkish Filbert, Turkish Hazel",https://pfaf.org/user/Plant.aspx?LatinName=Corylus+cornuta,Oil; Seed,2,3,1,PFAF
Corylus cornuta californica,California Hazel,https://pfaf.org/user/Plant.aspx?LatinName=Corylus+cornuta+californica,Oil; Seed,2,3,0,PFAF
Corylus fargesii,,https://pfaf.org/user/Plant.aspx?LatinName=Corylus+fargesii,Oil; Seed,2,2,0,PFAF
Corylus ferox,"Himalayan Hazel, Tibetan hazelnut",https://pfaf.org/user/Plant.aspx?LatinName=Corylus+ferox,Oil; Seed,2,2,0,PFAF
Corylus heterophylla,Siberian Filbert,https://pfaf.org/user/Plant.aspx?LatinName=Corylus+heterophylla,Oil; Seed,2,3,1,PFAF
Corylus hybrids & neohybrids,"Hybrid & Neohybrids, Hazel, Filbert",https://pfaf.org/user/Plant.aspx?LatinName=Corylus+hybrids,Oil,1,5,2,PFAF
Corylus jacquemontii,Indian Tree Hazel,https://pfaf.org/user/Plant.aspx?LatinName=Corylus+jacquemontii,Oil; Seed,2,3,0,PFAF
Corylus maxima,"Filbert, Giant filbert",https://pfaf.org/user/Plant.aspx?LatinName=Corylus+maxima,Milk; Oil; Seed,3,5,0,PFAF
Corylus sieboldiana,"Japanese Hazel, Manchurian hazel",https://pfaf.org/user/Plant.aspx?LatinName=Corylus+sieboldiana,Oil; Seed,2,3,0,PFAF
Corylus sieboldiana mandschurica,"Hairy hazel, Japanese hazelnut,",https://pfaf.org/user/Plant.aspx?LatinName=Corylus+sieboldiana+mandschurica,Oil; Seed,2,3,0,PFAF
Corylus tibetica,,https://pfaf.org/user/Plant.aspx?LatinName=Corylus+tibetica,Oil; Seed,2,2,0,PFAF
Corylus x colurnoides,Trazel,https://pfaf.org/user/Plant.aspx?LatinName=Corylus+x+colurnoides,Oil; Seed,2,3,0,PFAF
Corylus x vilmorinii,Chinese Trazel,https://pfaf.org/user/Plant.aspx?LatinName=Corylus+x+vilmorinii,Oil; Seed,2,2,0,PFAF
Corymbia citriodora,"Lemon-Scented Gum, blue spotted gum, lemon eucalyptus, eucalyptus citriodora.",https://pfaf.org/user/Plant.aspx?LatinName=Corymbia+citriodora,Manna,1,2,3,PFAF
Corynocarpus laevigatus,"New Zealand Laurel, Karaka nut",https://pfaf.org/user/Plant.aspx?LatinName=Corynocarpus+laevigatus,Fruit; Seed,2,2,0,PFAF
Corypha utan,"Gebang Palm. Corypha palm, Sugar palm",https://pfaf.org/user/Plant.aspx?LatinName=Corypha+utan,Apical bud; Drink; Flowers; Stem; Sweetener,5,3,2,PFAF
Costus afer,"Spiral Ginger, Ginger lily, White spiral costus.",https://pfaf.org/user/Plant.aspx?LatinName=Costus+afer,Condiment,1,2,4,PFAF
Cotinus coggygria,"Smoke Tree, European smoketree, Venetian Sumac, Wig Tree, Smoke Tree",https://pfaf.org/user/Plant.aspx?LatinName=Cotinus+coggygria,Leaves,1,1,1,PFAF
Cotoneaster microphyllus,,https://pfaf.org/user/Plant.aspx?LatinName=Cotoneaster+microphyllus,Fruit,1,2,1,PFAF
Cotoneaster racemiflorus,"Black-Wood, Cotoneaster",https://pfaf.org/user/Plant.aspx?LatinName=Cotoneaster+racemiflorus,Manna,1,2,1,PFAF
Coula edulis,African Walnut,https://pfaf.org/user/Plant.aspx?LatinName=Coula+edulis,Condiment; Oil,2,3,0,PFAF
Couma macrocarpa,"Barca, Milk Tree, Couba, Sorva, Sorva grande",https://pfaf.org/user/Plant.aspx?LatinName=Couma+macrocarpa,Drink; Gum; Milk; Sap; Tea,5,4,2,PFAF
Couma utilis,"Sorva, Milk Tree",https://pfaf.org/user/Plant.aspx?LatinName=Couma+utilis,Drink; Gum; Sap; Sweetener,4,4,2,PFAF
Cousinia thomsonii,,https://pfaf.org/user/Plant.aspx?LatinName=Cousinia+thomsonii,Leaves,1,1,0,PFAF
Crambe abyssinica,"Abyssinian Kale, Crambe",https://pfaf.org/user/Plant.aspx?LatinName=Crambe+abyssinica,Oil,1,1,0,PFAF
Crambe cordifolia,Flowering sea kale,https://pfaf.org/user/Plant.aspx?LatinName=Crambe+cordifolia,Leaves; Root,2,3,1,PFAF
Crambe kotschyana,,https://pfaf.org/user/Plant.aspx?LatinName=Crambe+kotschyana,Leaves; Root,2,2,1,PFAF
Crambe maritima,Sea Kale,https://pfaf.org/user/Plant.aspx?LatinName=Crambe+maritima,Flowers; Leaves; Root; Shoots,4,4,0,PFAF
Crambe orientalis,,https://pfaf.org/user/Plant.aspx?LatinName=Crambe+orientalis,Condiment; Leaves; Root; Stem,4,3,0,PFAF
Crambe tatarica,Tartar Bread Plant,https://pfaf.org/user/Plant.aspx?LatinName=Crambe+tatarica,Leaves; Root,2,3,0,PFAF
Crataegomespilus dardarii,Bronvaux Medlar,https://pfaf.org/user/Plant.aspx?LatinName=Crataegomespilus+dardarii,Fruit,1,3,0,PFAF
Crataegus acclivis,Scarlet Hawthorn,https://pfaf.org/user/Plant.aspx?LatinName=Crataegus+acclivis,Fruit,1,4,2,PFAF
Crataegus aestivalis,"Eastern Mayhaw, May hawthorn, Mayhaw, Apple Hawthorn",https://pfaf.org/user/Plant.aspx?LatinName=Crataegus+aestivalis,Fruit,1,3,2,PFAF
Crataegus anomala,Arnold hawthorn,https://pfaf.org/user/Plant.aspx?LatinName=Crataegus+anomala,Fruit,1,3,2,PFAF
Crataegus apiifolia,Parsley-Leaved Hawthorn,https://pfaf.org/user/Plant.aspx?LatinName=Crataegus+apiifolia,Fruit,1,2,2,PFAF
Crataegus aprica,Sunny Hawthorn,https://pfaf.org/user/Plant.aspx?LatinName=Crataegus+aprica,Fruit,1,3,2,PFAF
Crataegus armena,,https://pfaf.org/user/Plant.aspx?LatinName=Crataegus+armena,Fruit,1,2,2,PFAF
Crataegus arnoldiana,Arnold Hawthorn,https://pfaf.org/user/Plant.aspx?LatinName=Crataegus+arnoldiana,Fruit,1,5,2,PFAF
Crataegus atrosanguinea,,https://pfaf.org/user/Plant.aspx?LatinName=Crataegus+atrosanguinea,Fruit,1,3,2,PFAF
Crataegus azarolus,Azarole,https://pfaf.org/user/Plant.aspx?LatinName=Crataegus+azarolus,Fruit,1,4,2,PFAF
Crataegus baroussana,Tejocote,https://pfaf.org/user/Plant.aspx?LatinName=Crataegus+baroussana,Fruit,1,4,2,PFAF
Crataegus caesa,Downy hawthorn,https://pfaf.org/user/Plant.aspx?LatinName=Crataegus+caesa,Fruit,1,4,2,PFAF
Crataegus calpodendron,Pear Hawthorn,https://pfaf.org/user/Plant.aspx?LatinName=Crataegus+calpodendron,Fruit,1,3,2,PFAF
Crataegus canadensis,Canadian hawthorn,https://pfaf.org/user/Plant.aspx?LatinName=Crataegus+canadensis,Fruit,1,2,2,PFAF
Crataegus canbyi,"Cockspur hawthorn, Dwarf Hawthorn, Cockspur Hawthorn",https://pfaf.org/user/Plant.aspx?LatinName=Crataegus+canbyi,Fruit,1,2,2,PFAF
Crataegus champlainensis,Quebec hawthorn,https://pfaf.org/user/Plant.aspx?LatinName=Crataegus+champlainensis,Fruit,1,4,2,PFAF
Crataegus chlorosarca,,https://pfaf.org/user/Plant.aspx?LatinName=Crataegus+chlorosarca,Fruit,1,3,2,PFAF
Crataegus chrysocarpa,"Fireberry Hawthorn, Red haw, Piper's hawthorn,",https://pfaf.org/user/Plant.aspx?LatinName=Crataegus+chrysocarpa,Fruit; Shoots,2,3,2,PFAF
Crataegus coccinoides,Kansas Hawthorn,https://pfaf.org/user/Plant.aspx?LatinName=Crataegus+coccinoides,Fruit,1,3,2,PFAF
Crataegus columbiana,Columbian Hawthorn,https://pfaf.org/user/Plant.aspx?LatinName=Crataegus+columbiana,Fruit,1,3,2,PFAF
Crataegus crus-galli,"Cockspur Thorn, Cockspur hawthorn, Dwarf Hawthorn",https://pfaf.org/user/Plant.aspx?LatinName=Crataegus+crus-galli,Fruit,1,2,2,PFAF
Crataegus cuneata,"Sanzashi, Chinese hawthorn",https://pfaf.org/user/Plant.aspx?LatinName=Crataegus+cuneata,Fruit,1,3,3,PFAF
Crataegus dilatata,Broadleaf hawthorn,https://pfaf.org/user/Plant.aspx?LatinName=Crataegus+dilatata,Fruit,1,3,2,PFAF
Crataegus dispessa,Mink hawthorn,https://pfaf.org/user/Plant.aspx?LatinName=Crataegus+dispessa,Fruit,1,3,2,PFAF
Crataegus douglasii,Black Hawthorn,https://pfaf.org/user/Plant.aspx?LatinName=Crataegus+douglasii,Fruit,1,4,2,PFAF
Crataegus durobrivensis,Caughuawaga Hawthorn,https://pfaf.org/user/Plant.aspx?LatinName=Crataegus+durobrivensis,Fruit,1,4,2,PFAF
Crataegus ellwangeriana,Scarlet Hawthorn,https://pfaf.org/user/Plant.aspx?LatinName=Crataegus+ellwangeriana,Fruit,1,5,2,PFAF
Crataegus elongata,Holmes' hawthorn,https://pfaf.org/user/Plant.aspx?LatinName=Crataegus+elongata,Fruit,1,4,2,PFAF
Crataegus festiva,Festive Hawthorne,https://pfaf.org/user/Plant.aspx?LatinName=Crataegus+festiva,Fruit,1,5,2,PFAF
Crataegus flabellata,Fanleaf hawthorn,https://pfaf.org/user/Plant.aspx?LatinName=Crataegus+flabellata,Fruit,1,3,2,PFAF
Crataegus flava,"Summer Haw, Yellowleaf hawthorn",https://pfaf.org/user/Plant.aspx?LatinName=Crataegus+flava,Fruit,1,3,2,PFAF
Crataegus gemosa,Haw,https://pfaf.org/user/Plant.aspx?LatinName=Crataegus+gemosa,Fruit,1,3,2,PFAF
Crataegus heterophylla,,https://pfaf.org/user/Plant.aspx?LatinName=Crataegus+heterophylla,Fruit,1,2,2,PFAF
Crataegus holmesiana,Holmes' hawthorn,https://pfaf.org/user/Plant.aspx?LatinName=Crataegus+holmesiana,Fruit,1,4,2,PFAF
Crataegus hupehensis,,https://pfaf.org/user/Plant.aspx?LatinName=Crataegus+hupehensis,Fruit,1,3,2,PFAF
Crataegus illinoiensis,Illinois Hawthorn,https://pfaf.org/user/Plant.aspx?LatinName=Crataegus+illinoiensis,Fruit,1,4,2,PFAF
Crataegus intricata,Copenhagen hawthorn,https://pfaf.org/user/Plant.aspx?LatinName=Crataegus+intricata,Fruit,1,3,2,PFAF
Crataegus jackii,,https://pfaf.org/user/Plant.aspx?LatinName=Crataegus+jackii,Fruit,1,2,2,PFAF
Crataegus jonesiae,Miss jones' hawthorn,https://pfaf.org/user/Plant.aspx?LatinName=Crataegus+jonesiae,Fruit,1,2,2,PFAF
Crataegus laciniata,Cutleaf Hawthorn,https://pfaf.org/user/Plant.aspx?LatinName=Crataegus+laciniata,Fruit,1,4,2,PFAF
Crataegus laevigata,"Midland Hawthorn, Smooth hawthorn, English Hawthorn",https://pfaf.org/user/Plant.aspx?LatinName=Crataegus+laevigata,Coffee; Fruit; Leaves; Shoots; Tea,5,3,5,PFAF
Crataegus lobulata,Red Haw,https://pfaf.org/user/Plant.aspx?LatinName=Crataegus+lobulata,Fruit,1,2,2,PFAF
Crataegus macrosperma,Big-Fruit Hawthorn,https://pfaf.org/user/Plant.aspx?LatinName=Crataegus+macrosperma,Fruit,1,3,2,PFAF
Crataegus maximowiczii,,https://pfaf.org/user/Plant.aspx?LatinName=Crataegus+maximowiczii,Fruit,1,2,2,PFAF
Crataegus meyeri,,https://pfaf.org/user/Plant.aspx?LatinName=Crataegus+meyeri,Fruit,1,3,2,PFAF
Crataegus missouriensis,Missouri hawthorn,https://pfaf.org/user/Plant.aspx?LatinName=Crataegus+missouriensis,Fruit,1,5,2,PFAF
Crataegus mollis,"Red Haw, Downy hawthorn",https://pfaf.org/user/Plant.aspx?LatinName=Crataegus+mollis,Fruit; Tea,2,4,2,PFAF
Crataegus monogyna,"Hawthorn, Oneseed hawthorn",https://pfaf.org/user/Plant.aspx?LatinName=Crataegus+monogyna,Coffee; Flowers; Fruit; Leaves; Shoots; Tea,6,3,5,PFAF
Crataegus nigra,Hungarian Hawthorn,https://pfaf.org/user/Plant.aspx?LatinName=Crataegus+nigra,Fruit,1,2,2,PFAF
Crataegus opaca,Western Mayhaw,https://pfaf.org/user/Plant.aspx?LatinName=Crataegus+opaca,Fruit,1,3,2,PFAF
Crataegus parvifolia,,https://pfaf.org/user/Plant.aspx?LatinName=Crataegus+parvifolia,Fruit,1,2,2,PFAF
Crataegus pedicellata,"Scarlet Haw, Scarlet hawthorn",https://pfaf.org/user/Plant.aspx?LatinName=Crataegus+pedicellata,Fruit,1,5,2,PFAF
Crataegus pedicellata gloriosa,Scarlet Haw,https://pfaf.org/user/Plant.aspx?LatinName=Crataegus+pedicellata+gloriosa,Fruit,1,3,2,PFAF
Crataegus pentagyna,,https://pfaf.org/user/Plant.aspx?LatinName=Crataegus+pentagyna,Fruit,1,3,2,PFAF
Crataegus phaenopyrum,"Washington Thorn, Washington Hawthorn",https://pfaf.org/user/Plant.aspx?LatinName=Crataegus+phaenopyrum,Fruit,1,2,2,PFAF
Crataegus pinnatifida,Chinese Haw,https://pfaf.org/user/Plant.aspx?LatinName=Crataegus+pinnatifida,Fruit,1,3,3,PFAF
Crataegus pinnatifida major,Chinese Haw,https://pfaf.org/user/Plant.aspx?LatinName=Crataegus+pinnatifida+major,Fruit,1,4,3,PFAF
Crataegus pontica,Turkish Haw,https://pfaf.org/user/Plant.aspx?LatinName=Crataegus+pontica,Fruit,1,4,2,PFAF
Crataegus pringlei,Pringle's hawthorn,https://pfaf.org/user/Plant.aspx?LatinName=Crataegus+pringlei,Fruit,1,2,2,PFAF
Crataegus pruinosa,"Frosted Hawthorn, Waxyfruit hawthorn",https://pfaf.org/user/Plant.aspx?LatinName=Crataegus+pruinosa,Fruit,1,3,2,PFAF
Crataegus pubescens,Manzanilla,https://pfaf.org/user/Plant.aspx?LatinName=Crataegus+pubescens,Fruit,1,3,2,PFAF
Crataegus pubescens stipulacea,Manzanilla,https://pfaf.org/user/Plant.aspx?LatinName=Crataegus+pubescens+stipulacea,Fruit,1,3,2,PFAF
Crataegus punctata,"Dotted Hawthorn,",https://pfaf.org/user/Plant.aspx?LatinName=Crataegus+punctata,Fruit,1,3,2,PFAF
Crataegus reverchonii,Reverchon's Hawthorn,https://pfaf.org/user/Plant.aspx?LatinName=Crataegus+reverchonii,Fruit,1,2,2,PFAF
Crataegus rivularis,River Hawthorn,https://pfaf.org/user/Plant.aspx?LatinName=Crataegus+rivularis,Fruit,1,3,2,PFAF
Crataegus rotundifolia,,https://pfaf.org/user/Plant.aspx?LatinName=Crataegus+rotundifolia,Fruit,1,3,2,PFAF
Crataegus sanguinea,,https://pfaf.org/user/Plant.aspx?LatinName=Crataegus+sanguinea,Fruit,1,2,2,PFAF
Crataegus songorica,,https://pfaf.org/user/Plant.aspx?LatinName=Crataegus+songorica,Fruit,1,3,2,PFAF
Crataegus stipulosa,,https://pfaf.org/user/Plant.aspx?LatinName=Crataegus+stipulosa,Fruit,1,2,2,PFAF
Crataegus submollis,Quebec Hawthorn,https://pfaf.org/user/Plant.aspx?LatinName=Crataegus+submollis,Fruit,1,4,2,PFAF
Crataegus subvillosa,,https://pfaf.org/user/Plant.aspx?LatinName=Crataegus+subvillosa,Fruit,1,2,2,PFAF
Crataegus succulenta,Fleshy hawthorn,https://pfaf.org/user/Plant.aspx?LatinName=Crataegus+succulenta,Fruit,1,4,2,PFAF
Crataegus szovitskii,,https://pfaf.org/user/Plant.aspx?LatinName=Crataegus+szovitskii,Fruit,1,3,2,PFAF
Crataegus tanacetifolia,Tansy-Leaved Thorn,https://pfaf.org/user/Plant.aspx?LatinName=Crataegus+tanacetifolia,Fruit,1,5,2,PFAF
Crataegus uniflora,Dwarf hawthorn,https://pfaf.org/user/Plant.aspx?LatinName=Crataegus+uniflora,Fruit,1,2,2,PFAF
Crataegus x grignonensis,,https://pfaf.org/user/Plant.aspx?LatinName=Crataegus+x+grignonensis,Fruit,1,3,2,PFAF
Crepis bursifolia,Italian hawksbeard,https://pfaf.org/user/Plant.aspx?LatinName=Crepis+bursifolia,Leaves,1,2,0,PFAF
Crepis sancta,,https://pfaf.org/user/Plant.aspx?LatinName=Crepis+sancta,Leaves,1,2,0,PFAF
Crepis vesicaria,Beaked hawksbeard,https://pfaf.org/user/Plant.aspx?LatinName=Crepis+vesicaria,Leaves,1,1,0,PFAF
Crescentia alata,Jicaro. Mexican calabash,https://pfaf.org/user/Plant.aspx?LatinName=Crescentia+alata,Oil,1,2,2,PFAF
Crescentia cujete,Calabash Tree,https://pfaf.org/user/Plant.aspx?LatinName=Crescentia+cujete,Coffee; Condiment; Drink; Oil,4,3,2,PFAF
Crinum bulbispermum,Hardy swamplily,https://pfaf.org/user/Plant.aspx?LatinName=Crinum+bulbispermum,Root,1,1,0,PFAF
Crinum flaccidum,Murray Lily,https://pfaf.org/user/Plant.aspx?LatinName=Crinum+flaccidum,Root,1,2,0,PFAF
Crithmum maritimum,Rock Samphire,https://pfaf.org/user/Plant.aspx?LatinName=Crithmum+maritimum,Leaves; Seedpod,2,2,2,PFAF
Crocosmia aurea,Montbretia,https://pfaf.org/user/Plant.aspx?LatinName=Crocosmia+aurea,Colouring,1,1,0,PFAF
Crocus cancellatus,,https://pfaf.org/user/Plant.aspx?LatinName=Crocus+cancellatus,Root,1,1,0,PFAF
Crocus kotschyanus,,https://pfaf.org/user/Plant.aspx?LatinName=Crocus+kotschyanus,Root,1,1,0,PFAF
Crocus nudiflorus,,https://pfaf.org/user/Plant.aspx?LatinName=Crocus+nudiflorus,Colouring; Condiment; Tea,3,2,3,PFAF
Crocus sativus,Saffron,https://pfaf.org/user/Plant.aspx?LatinName=Crocus+sativus,Colouring; Condiment; Root; Tea,4,3,3,PFAF
Crocus serotinus,,https://pfaf.org/user/Plant.aspx?LatinName=Crocus+serotinus,Colouring; Condiment,2,2,0,PFAF
Crotalaria juncea,Sun Hemp,https://pfaf.org/user/Plant.aspx?LatinName=Crotalaria+juncea,Condiment; Flowers,2,1,1,PFAF
Crotalaria sessiliflora,,https://pfaf.org/user/Plant.aspx?LatinName=Crotalaria+sessiliflora,Seed; Seedpod,2,1,1,PFAF
Cruciata laevipes,"Crosswort, Smooth bedstraw",https://pfaf.org/user/Plant.aspx?LatinName=Cruciata+laevipes,Leaves,1,2,2,PFAF
Cryptotaenia canadensis,"Honewort, Canadian honewort",https://pfaf.org/user/Plant.aspx?LatinName=Cryptotaenia+canadensis,Flowers; Leaves; Root; Stem,4,3,0,PFAF
Cryptotaenia japonica,"Mitsuba, Japanese honewort",https://pfaf.org/user/Plant.aspx?LatinName=Cryptotaenia+japonica,Condiment; Leaves; Root; Stem,4,4,1,PFAF
Cucubalus baccifer,Berry-Bearing Catchfly,https://pfaf.org/user/Plant.aspx?LatinName=Cucubalus+baccifer,Leaves,1,1,1,PFAF
Cucumis anguria,"Gherkin, West Indian gherkin",https://pfaf.org/user/Plant.aspx?LatinName=Cucumis+anguria,Fruit; Leaves; Seed,3,3,1,PFAF
Cucumis melo,"Melon, Cantaloupe",https://pfaf.org/user/Plant.aspx?LatinName=Cucumis+melo,Fruit; Oil; Seed,3,4,2,PFAF
Cucumis melo agrestis,Wild Melon,https://pfaf.org/user/Plant.aspx?LatinName=Cucumis+melo+agrestis,Fruit,1,3,2,PFAF
Cucumis melo cantalupensis,Cantaloupe Melon,https://pfaf.org/user/Plant.aspx?LatinName=Cucumis+melo+cantalupensis,Fruit; Oil; Seed,3,4,2,PFAF
Cucumis melo chito,Orange Melon,https://pfaf.org/user/Plant.aspx?LatinName=Cucumis+melo+chito,Fruit; Oil; Seed,3,3,2,PFAF
Cucumis melo conomon,Pickling Melon,https://pfaf.org/user/Plant.aspx?LatinName=Cucumis+melo+conomon,Fruit; Oil; Seed,3,4,2,PFAF
Cucumis melo flexuosus,Serpent Melon,https://pfaf.org/user/Plant.aspx?LatinName=Cucumis+melo+flexuosus,Fruit; Oil; Seed,3,4,2,PFAF
Cucumis melo inodorus,Honeydew Melon,https://pfaf.org/user/Plant.aspx?LatinName=Cucumis+melo+inodorus,Fruit; Oil; Seed,3,4,2,PFAF
Cucumis melo momordica,Snap Melon,https://pfaf.org/user/Plant.aspx?LatinName=Cucumis+melo+momordica,Fruit; Oil; Seed,3,4,2,PFAF
Cucumis metuliferus,"Horned Cucumber, African horned cucumber",https://pfaf.org/user/Plant.aspx?LatinName=Cucumis+metuliferus,Fruit; Leaves; Seed,3,2,2,PFAF
Cucumis sativus,"Cucumber, Garden cucumber",https://pfaf.org/user/Plant.aspx?LatinName=Cucumis+sativus,Fruit; Leaves; Oil; Seed,4,4,2,PFAF
Cucurbita argyrosperma,Cushaw Pumpkin,https://pfaf.org/user/Plant.aspx?LatinName=Cucurbita+argyrosperma,Flowers; Fruit; Leaves; Oil; Seed,5,4,2,PFAF
Cucurbita digitata,Fingerleaf Gourd. Coyote Gourd,https://pfaf.org/user/Plant.aspx?LatinName=Cucurbita+digitata,Oil,1,3,2,PFAF
Cucurbita ficifolia,"Malabar Gourd, Figleaf gourd",https://pfaf.org/user/Plant.aspx?LatinName=Cucurbita+ficifolia,Fruit; Oil; Seed,3,3,2,PFAF
Cucurbita foetidissima,"Buffalo Gourd, Missouri gourd",https://pfaf.org/user/Plant.aspx?LatinName=Cucurbita+foetidissima,Flowers; Fruit; Oil; Root; Seed,5,3,2,PFAF
Cucurbita maxima,Winter Squash,https://pfaf.org/user/Plant.aspx?LatinName=Cucurbita+maxima,Flowers; Fruit; Leaves; Oil; Seed,5,5,3,PFAF
Cucurbita moschata,"Squash, Crookneck squash",https://pfaf.org/user/Plant.aspx?LatinName=Cucurbita+moschata,Flowers; Fruit; Leaves; Oil; Seed,5,5,3,PFAF
Cucurbita pepo,"Pumpkin, Field pumpkin, Ozark melon, Texas gourd",https://pfaf.org/user/Plant.aspx?LatinName=Cucurbita+pepo,Flowers; Fruit; Leaves; Oil; Root; Seed,6,4,3,PFAF
Cudrania tricuspidata,"Silkworm Thorn, Storehousebush",https://pfaf.org/user/Plant.aspx?LatinName=Cudrania+tricuspidata,Fruit; Leaves,2,2,2,PFAF
Cuminum cyminum,Cumin - Jeera,https://pfaf.org/user/Plant.aspx?LatinName=Cuminum+cyminum,Condiment; Seed,2,4,3,PFAF
Cunila origanoides,"Stone Mint, Common dittany",https://pfaf.org/user/Plant.aspx?LatinName=Cunila+origanoides,Tea,1,2,2,PFAF
Cuscuta japonica,Japanese Dodder,https://pfaf.org/user/Plant.aspx?LatinName=Cuscuta+japonica,Leaves,1,1,2,PFAF
Cuscuta megalocarpa,Bigfruit Dodder,https://pfaf.org/user/Plant.aspx?LatinName=Cuscuta+megalocarpa,Seed,1,1,1,PFAF
Cuscuta umbellata,Flatglobe dodder,https://pfaf.org/user/Plant.aspx?LatinName=Cuscuta+umbellata,Seed,1,1,1,PFAF
Cyamopsis tetragonoloba,"Guar, Cluster Bean",https://pfaf.org/user/Plant.aspx?LatinName=Cyamopsis+tetragonoloba,Gum; Seedpod; Stabilizer,3,4,3,PFAF
Cyanella amboensis,Lady's Hand,https://pfaf.org/user/Plant.aspx?LatinName=Cyanella+amboensis,Root,1,1,0,PFAF
Cyanella capensis,Lady's Hand,https://pfaf.org/user/Plant.aspx?LatinName=Cyanella+capensis,Root,1,1,0,PFAF
Cyanella hyacinthoides,Lady's Hand,https://pfaf.org/user/Plant.aspx?LatinName=Cyanella+hyacinthoides,Root,1,1,0,PFAF
Cyanella lutea,Lady's Hand,https://pfaf.org/user/Plant.aspx?LatinName=Cyanella+lutea,Root,1,1,0,PFAF
Cyanella orchidiformis,Lady's Hand,https://pfaf.org/user/Plant.aspx?LatinName=Cyanella+orchidiformis,Root,1,1,0,PFAF
Cyathea dealbata,Tree Fern,https://pfaf.org/user/Plant.aspx?LatinName=Cyathea+dealbata,Leaves; Stem,2,2,0,PFAF
Cyathea medullaris,Black Tree Fern,https://pfaf.org/user/Plant.aspx?LatinName=Cyathea+medullaris,Leaves; Stem,2,2,0,PFAF
Cyathodes colensoi,,https://pfaf.org/user/Plant.aspx?LatinName=Cyathodes+colensoi,Fruit,1,2,0,PFAF
Cyathodes fasciculata,,https://pfaf.org/user/Plant.aspx?LatinName=Cyathodes+fasciculata,Fruit,1,2,0,PFAF
Cyathodes fraseri,,https://pfaf.org/user/Plant.aspx?LatinName=Cyathodes+fraseri,Fruit,1,2,0,PFAF
Cyathodes glauca,Cheese Berry,https://pfaf.org/user/Plant.aspx?LatinName=Cyathodes+glauca,Fruit,1,1,0,PFAF
Cyathodes juniperina,,https://pfaf.org/user/Plant.aspx?LatinName=Cyathodes+juniperina,Fruit,1,2,0,PFAF
Cyathodes parviflora,Pink Mountain Berry,https://pfaf.org/user/Plant.aspx?LatinName=Cyathodes+parviflora,Fruit,1,2,0,PFAF
Cyathodes straminea,,https://pfaf.org/user/Plant.aspx?LatinName=Cyathodes+straminea,Fruit,1,1,0,PFAF
Cycas circinalis,"Sago Palm, Queen sago, Fern Palm, Queen Sago Palm",https://pfaf.org/user/Plant.aspx?LatinName=Cycas+circinalis,Gum; Leaves; Seed; Stem,4,2,1,PFAF
Cycas revoluta,"Japanese Sago Palm, Sago palm, King Sago Palm",https://pfaf.org/user/Plant.aspx?LatinName=Cycas+revoluta,Seed; Stem,2,2,2,PFAF
Cyclanthera brachystachya,Cuchinito,https://pfaf.org/user/Plant.aspx?LatinName=Cyclanthera+brachystachya,Fruit,1,1,0,PFAF
Cyclanthera pedata,"Achocha, Caihua, Caygua, Cayua, Korila, Wild Cucumber",https://pfaf.org/user/Plant.aspx?LatinName=Cyclanthera+pedata,Fruit; Leaves; Shoots,3,3,4,PFAF
Cycloloma atriplicifolium,Winged Pigweed,https://pfaf.org/user/Plant.aspx?LatinName=Cycloloma+atriplicifolium,Seed,1,3,2,PFAF
Cyclospermum leptophyllum,"Slender Celery, Marsh parsley",https://pfaf.org/user/Plant.aspx?LatinName=Cyclospermum+leptophyllum,Condiment,1,1,0,PFAF
Cydonia oblonga,Quince,https://pfaf.org/user/Plant.aspx?LatinName=Cydonia+oblonga,Drink; Flowers; Fruit; Gum; Pectin,5,4,2,PFAF
Cymbalaria muralis,Kenilworth Ivy,https://pfaf.org/user/Plant.aspx?LatinName=Cymbalaria+muralis,Leaves,1,2,1,PFAF
Cymbopogon citratus,"Lemon Grass, Citronella grass",https://pfaf.org/user/Plant.aspx?LatinName=Cymbopogon+citratus,Oil; Shoots; Stem,3,3,4,PFAF
Cymopterus acaulis,"Plains Springparsley, Fendler's springparsley, Greeley springparsley, Higgins' springparsley",https://pfaf.org/user/Plant.aspx?LatinName=Cymopterus+acaulis,Leaves; Root; Shoots,3,4,0,PFAF
Cymopterus bulbosus,"Bulb Wavywing, Bulbous Springparsley",https://pfaf.org/user/Plant.aspx?LatinName=Cymopterus+bulbosus,Condiment; Leaves; Root,3,3,2,PFAF
Cymopterus fendleri,Fendler's Springparsley,https://pfaf.org/user/Plant.aspx?LatinName=Cymopterus+fendleri,Condiment; Leaves,2,2,0,PFAF
Cymopterus globosus,Globe Springparsley,https://pfaf.org/user/Plant.aspx?LatinName=Cymopterus+globosus,Leaves; Root,2,2,0,PFAF
Cymopterus montanus,Mountain Spring Parsley,https://pfaf.org/user/Plant.aspx?LatinName=Cymopterus+montanus,Root; Seed,2,2,0,PFAF
Cymopterus purpurescens,Widewing Springparsley,https://pfaf.org/user/Plant.aspx?LatinName=Cymopterus+purpurescens,Root,1,3,0,PFAF
Cynanchum amplexicaule,,https://pfaf.org/user/Plant.aspx?LatinName=Cynanchum+amplexicaule,Leaves; Seedpod,2,1,1,PFAF
Cynanchum atratum,Bai Wei,https://pfaf.org/user/Plant.aspx?LatinName=Cynanchum+atratum,Leaves; Seedpod,2,1,2,PFAF
Cynanchum caudatum,,https://pfaf.org/user/Plant.aspx?LatinName=Cynanchum+caudatum,Root,1,1,1,PFAF
Cynanchum paniculatum,,https://pfaf.org/user/Plant.aspx?LatinName=Cynanchum+paniculatum,Leaves,1,1,2,PFAF
Cynanchum sibiricum,,https://pfaf.org/user/Plant.aspx?LatinName=Cynanchum+sibiricum,Leaves; Seed; Seedpod,3,1,0,PFAF
Cynara cardunculus,Cardoon,https://pfaf.org/user/Plant.aspx?LatinName=Cynara+cardunculus,Curdling agent; Flowers; Leaves; Root; Stem,5,3,5,PFAF
Cynara scolymus,Globe Artichoke,https://pfaf.org/user/Plant.aspx?LatinName=Cynara+scolymus,Curdling agent; Flowers; Leaves; Stem,4,4,5,PFAF
Cynoglossum grande,Pacific Hound's Tongue,https://pfaf.org/user/Plant.aspx?LatinName=Cynoglossum+grande,Root,1,1,1,PFAF
Cynoglossum officinale,"Hound's Tongue, Gypsyflower",https://pfaf.org/user/Plant.aspx?LatinName=Cynoglossum+officinale,Leaves,1,1,2,PFAF
Cyperus aristatus,Bearded nutsedge,https://pfaf.org/user/Plant.aspx?LatinName=Cyperus+aristatus,Root,1,2,0,PFAF
Cyperus distans,"Slender Cyperus, Piedmont flatsedge",https://pfaf.org/user/Plant.aspx?LatinName=Cyperus+distans,Root,1,1,1,PFAF
Cyperus esculentus,"Tiger Nut, Yellow nutsedge, Nut Grass",https://pfaf.org/user/Plant.aspx?LatinName=Cyperus+esculentus,Coffee; Leaves; Oil; Root,4,4,2,PFAF
Cyperus fendlerianus,Fendler's Flatsedge,https://pfaf.org/user/Plant.aspx?LatinName=Cyperus+fendlerianus,Root,1,2,0,PFAF
Cyperus longus,Galingale,https://pfaf.org/user/Plant.aspx?LatinName=Cyperus+longus,Condiment; Root,2,2,1,PFAF
Cyperus papyrus,Papyrus. Papyrus sedge,https://pfaf.org/user/Plant.aspx?LatinName=Cyperus+papyrus,Stem,1,2,2,PFAF
Cyperus rotundus,Purple Nutsedge,https://pfaf.org/user/Plant.aspx?LatinName=Cyperus+rotundus,Root; Seed,2,3,3,PFAF
Cyperus schweinitzii,"Flatsedge, Schweinitz's flatsedge",https://pfaf.org/user/Plant.aspx?LatinName=Cyperus+schweinitzii,Root,1,2,0,PFAF
Cyperus setigerus,Lean flatsedge,https://pfaf.org/user/Plant.aspx?LatinName=Cyperus+setigerus,Root,1,2,0,PFAF
Cyphomandra betacea,Tree Tomato,https://pfaf.org/user/Plant.aspx?LatinName=Cyphomandra+betacea,Fruit,1,3,0,PFAF
Cyphomandra casana,Casana,https://pfaf.org/user/Plant.aspx?LatinName=Cyphomandra+casana,Fruit,1,3,0,PFAF
Cyphomandra fragrans,,https://pfaf.org/user/Plant.aspx?LatinName=Cyphomandra+fragrans,Fruit,1,3,0,PFAF
Cyphomandra hartwegii,"Hartweg's cyphomandra,Calylophus",https://pfaf.org/user/Plant.aspx?LatinName=Cyphomandra+hartwegii,Fruit,1,3,0,PFAF
Cyrtanthus breviflorus,Fire Lily,https://pfaf.org/user/Plant.aspx?LatinName=Cyrtanthus+breviflorus,Leaves,1,1,0,PFAF
Cystopteris bulbifera,"Berry Bladder Fern, Bulblet bladderfern",https://pfaf.org/user/Plant.aspx?LatinName=Cystopteris+bulbifera,Root,1,1,0,PFAF
Cystopteris fragilis,Brittle Bladder Fern,https://pfaf.org/user/Plant.aspx?LatinName=Cystopteris+fragilis,Root,1,1,1,PFAF
Cystopteris montana,Mountain Bladder Fern,https://pfaf.org/user/Plant.aspx?LatinName=Cystopteris+montana,Root,1,1,0,PFAF
Cytisus scoparius,"Broom, Scotch broom, Common Broom",https://pfaf.org/user/Plant.aspx?LatinName=Cytisus+scoparius,Coffee; Condiment; Flowers,3,1,3,PFAF
Dacrycarpus dacrydioides,Kahikatea,https://pfaf.org/user/Plant.aspx?LatinName=Dacrycarpus+dacrydioides,Fruit; Gum,2,2,0,PFAF
Dacrydium cupressinum,"Rimu, New zealand red pine",https://pfaf.org/user/Plant.aspx?LatinName=Dacrydium+cupressinum,Drink; Fruit,2,2,0,PFAF
Dacryodes edulis,"Bush Butter Tree, Butterfruit, African Plum, bush pear, bush plum, safou",https://pfaf.org/user/Plant.aspx?LatinName=Dacryodes+edulis,Oil,1,5,2,PFAF
Dactylorhiza incarnata,Marsh Orchid,https://pfaf.org/user/Plant.aspx?LatinName=Dactylorhiza+incarnata,Root,1,2,2,PFAF
Dactylorhiza maculata,Spotted Orchid,https://pfaf.org/user/Plant.aspx?LatinName=Dactylorhiza+maculata,Root,1,2,2,PFAF
Dahlia pinnata,"Dahlia, Pinnate dahlia",https://pfaf.org/user/Plant.aspx?LatinName=Dahlia+pinnata,Condiment; Flowers; Root; Sweetener,4,1,0,PFAF
Dahlia rosea,"Dahlia, Pinnate dahlia",https://pfaf.org/user/Plant.aspx?LatinName=Dahlia+rosea,Condiment; Flowers; Root; Sweetener,4,1,1,PFAF
Dalbergia hupeana,,https://pfaf.org/user/Plant.aspx?LatinName=Dalbergia+hupeana,Inner bark; Leaves,2,1,1,PFAF
Dalea candida,White Prairie Clover,https://pfaf.org/user/Plant.aspx?LatinName=Dalea+candida,Root; Tea,2,3,1,PFAF
Dalea candida oligophylla,White Prairie Clover,https://pfaf.org/user/Plant.aspx?LatinName=Dalea+candida+oligophylla,Leaves; Root; Tea,3,3,1,PFAF
Dalea gattingeri,Purpletassels,https://pfaf.org/user/Plant.aspx?LatinName=Dalea+gattingeri,Root; Tea,2,2,0,PFAF
Dalea purpurea,Purple Prairie Clover,https://pfaf.org/user/Plant.aspx?LatinName=Dalea+purpurea,Root; Tea,2,2,1,PFAF
Damasonium alisma,Thrumwort,https://pfaf.org/user/Plant.aspx?LatinName=Damasonium+alisma,Root,1,1,0,PFAF
Daphne mezereum,"Mezereon, Paradise plant, February Daphne",https://pfaf.org/user/Plant.aspx?LatinName=Daphne+mezereum,Oil,1,0,2,PFAF
Daphniphyllum himalense,,https://pfaf.org/user/Plant.aspx?LatinName=Daphniphyllum+himalense,Leaves,1,1,1,PFAF
Daphniphyllum macropodum,,https://pfaf.org/user/Plant.aspx?LatinName=Daphniphyllum+macropodum,Leaves,1,1,0,PFAF
Darmera peltata,"Umbrella Plant, Indian rhubarb, Indian Rubarb, Indian Rubarb",https://pfaf.org/user/Plant.aspx?LatinName=Darmera+peltata,Oil; Stem,2,2,0,PFAF
Dasylirion simplex,,https://pfaf.org/user/Plant.aspx?LatinName=Dasylirion+simplex,Drink; Root,2,2,0,PFAF
Dasylirion texanum,Texas sotol,https://pfaf.org/user/Plant.aspx?LatinName=Dasylirion+texanum,Drink; Root,2,3,2,PFAF
Dasylirion wheeleri,Common Sotol,https://pfaf.org/user/Plant.aspx?LatinName=Dasylirion+wheeleri,Drink; Stem,2,3,0,PFAF
Datura inoxia,"Downy Thorn Apple, Pricklyburr",https://pfaf.org/user/Plant.aspx?LatinName=Datura+inoxia,Drink; Fruit,2,1,3,PFAF
Datura metel,"Thorn Apple, Angel's Trumpet, Hindu Datura, Horn of Plenty, Downy Thorn Apple",https://pfaf.org/user/Plant.aspx?LatinName=Datura+metel,Drink,1,1,3,PFAF
Datura quercifolia,"Oak Leaf Datura, Chinese thorn-apple",https://pfaf.org/user/Plant.aspx?LatinName=Datura+quercifolia,Drink; Fruit,2,1,3,PFAF
Daucus carota,"Wild Carrot, Queen anne's lace, Carrot, Wild Carrot, Queen Anne's Lace",https://pfaf.org/user/Plant.aspx?LatinName=Daucus+carota,Coffee; Condiment; Flowers; Root,4,3,3,PFAF
Daucus carota sativus,Carrot,https://pfaf.org/user/Plant.aspx?LatinName=Daucus+carota+sativus,Coffee; Colouring; Condiment; Leaves; Root,5,5,3,PFAF
Daucus pusillus,Western Carrot,https://pfaf.org/user/Plant.aspx?LatinName=Daucus+pusillus,Root,1,3,2,PFAF
Debregeasia edulis,,https://pfaf.org/user/Plant.aspx?LatinName=Debregeasia+edulis,Fruit,1,2,1,PFAF
Debregeasia hypoleuca,,https://pfaf.org/user/Plant.aspx?LatinName=Debregeasia+hypoleuca,Fruit,1,2,0,PFAF
Debregeasia longifolia,Wild Rhea,https://pfaf.org/user/Plant.aspx?LatinName=Debregeasia+longifolia,Fruit,1,1,1,PFAF
Decaisnea fargesii,Blue Sausage Fruit,https://pfaf.org/user/Plant.aspx?LatinName=Decaisnea+fargesii,Fruit,1,3,0,PFAF
Decaisnea insignis,,https://pfaf.org/user/Plant.aspx?LatinName=Decaisnea+insignis,Fruit,1,2,0,PFAF
Decemium appendiculatum,Waterleaf,https://pfaf.org/user/Plant.aspx?LatinName=Decemium+appendiculatum,Leaves; Shoots,2,1,0,PFAF
Deinanthe bifida,,https://pfaf.org/user/Plant.aspx?LatinName=Deinanthe+bifida,Leaves; Root,2,1,0,PFAF
Delphinium brunonianum,,https://pfaf.org/user/Plant.aspx?LatinName=Delphinium+brunonianum,Oil,1,0,0,PFAF
Delphinium cashmerianum,,https://pfaf.org/user/Plant.aspx?LatinName=Delphinium+cashmerianum,Oil,1,0,1,PFAF
Dendranthema indicum,Chrysanthemum,https://pfaf.org/user/Plant.aspx?LatinName=Dendranthema+indicum,Flowers; Leaves; Oil; Seed; Tea,5,2,3,PFAF
Dendranthema x grandiflorum,"Chrysanthemum, Cut Mum, Garden Mum, Pot Mum, Florist's Chrysanthemum",https://pfaf.org/user/Plant.aspx?LatinName=Dendranthema+x+grandiflorum,Flowers; Leaves; Tea,3,2,3,PFAF
Dendrocalamus asper,"Giant Bamboo, Dragon bamboo, Sweet bamboo",https://pfaf.org/user/Plant.aspx?LatinName=Dendrocalamus+asper,Shoots; Stem,2,4,0,PFAF
Dendrocalamus brandesii,"Velvet Leaf Bamboo, Clumping Bamboo",https://pfaf.org/user/Plant.aspx?LatinName=Dendrocalamus+brandesii,Shoots,1,3,0,PFAF
Dendrocalamus giganteus,"Giant Bamboo, Bhalu bans, Dhungre bans",https://pfaf.org/user/Plant.aspx?LatinName=Dendrocalamus+giganteus,Shoots,1,2,1,PFAF
Dendrocalamus hamiltonii,Tama Bamboo. Tufted bamboo,https://pfaf.org/user/Plant.aspx?LatinName=Dendrocalamus+hamiltonii,Condiment; Shoots,2,3,0,PFAF
Dendrocalamus hookeri,"Bhalu bans, Bhutan Green Bamboo",https://pfaf.org/user/Plant.aspx?LatinName=Dendrocalamus+hookeri,Shoots,1,2,0,PFAF
Dendrocalamus latiflorus,"Sweet Bamboo, Sweet bamboo shoot, Taiwan giant bamboo",https://pfaf.org/user/Plant.aspx?LatinName=Dendrocalamus+latiflorus,Shoots; Stem,2,4,0,PFAF
Dendrocalamus membranaceus,White bamboo,https://pfaf.org/user/Plant.aspx?LatinName=Dendrocalamus+membranaceus,Shoots,1,3,0,PFAF
Dendrocalamus strictus,Male Bamboo. Calcutta Stricta or Bamboo,https://pfaf.org/user/Plant.aspx?LatinName=Dendrocalamus+strictus,Shoots,1,3,1,PFAF
Dentaria diphylla,Crinkleroot,https://pfaf.org/user/Plant.aspx?LatinName=Dentaria+diphylla,Leaves; Root,2,4,2,PFAF
Dentaria laciniata,Cut-Leaved Toothwort,https://pfaf.org/user/Plant.aspx?LatinName=Dentaria+laciniata,Leaves; Root,2,3,0,PFAF
Dentaria maxima,Large Toothwort,https://pfaf.org/user/Plant.aspx?LatinName=Dentaria+maxima,Root,1,1,1,PFAF
Deschampsia caespitosa,"Tussock Grass, Tufted Hair Grass, Hair Grass",https://pfaf.org/user/Plant.aspx?LatinName=Deschampsia+caespitosa,Seed,1,2,0,PFAF
Descurainia antarctica,,https://pfaf.org/user/Plant.aspx?LatinName=Descurainia+antarctica,Seed,1,2,0,PFAF
Descurainia incana,Mountain or Gray Tansy Mustard,https://pfaf.org/user/Plant.aspx?LatinName=Descurainia+incana,Leaves; Seed,2,3,2,PFAF
Descurainia pinnata,"Western tansymustard, Menzies' tansymustard.",https://pfaf.org/user/Plant.aspx?LatinName=Descurainia+pinnata,Condiment; Leaves; Seed; Seedpod,4,3,2,PFAF
Descurainia sophia,"Flixweed, Herb sophia",https://pfaf.org/user/Plant.aspx?LatinName=Descurainia+sophia,Condiment; Leaves; Seed; Shoots,4,3,2,PFAF
Desmanthus illinoensis,"Prairie Mimosa, Illinois bundleflower",https://pfaf.org/user/Plant.aspx?LatinName=Desmanthus+illinoensis,Seed,1,4,1,PFAF
Desmoschoenus spiralis,,https://pfaf.org/user/Plant.aspx?LatinName=Desmoschoenus+spiralis,Shoots,1,1,0,PFAF
Deutzia scabra,"Fuzzy pride-of-rochester, Deutzia",https://pfaf.org/user/Plant.aspx?LatinName=Deutzia+scabra,Leaves,1,1,0,PFAF
Dianella caerulea,"Blue Flax Lily, Cerulean flaxlily",https://pfaf.org/user/Plant.aspx?LatinName=Dianella+caerulea,Fruit,1,2,0,PFAF
Dianella congesta,Beach Flax Lily,https://pfaf.org/user/Plant.aspx?LatinName=Dianella+congesta,Fruit,1,2,0,PFAF
Dianella revoluta,Flax Lily,https://pfaf.org/user/Plant.aspx?LatinName=Dianella+revoluta,Fruit; Leaves,2,2,0,PFAF
Dianthus barbatus,Sweet William,https://pfaf.org/user/Plant.aspx?LatinName=Dianthus+barbatus,Flowers,1,1,0,PFAF
Dianthus caryophyllus,"Carnation, Clove Pink, Border Carnation",https://pfaf.org/user/Plant.aspx?LatinName=Dianthus+caryophyllus,Condiment; Flowers,2,2,2,PFAF
Dianthus plumarius,"Pink, Feathered pink, Cottage Pink",https://pfaf.org/user/Plant.aspx?LatinName=Dianthus+plumarius,Flowers,1,1,0,PFAF
Dianthus superbus,Fringed Pink,https://pfaf.org/user/Plant.aspx?LatinName=Dianthus+superbus,Flowers; Leaves; Nectar,3,2,3,PFAF
Dicentra canadensis,Squirrel Corn,https://pfaf.org/user/Plant.aspx?LatinName=Dicentra+canadensis,Root,1,1,2,PFAF
Dicentra spectabilis,"Bleeding Heart, Japanese Bleeding Heart, Common Bleeding Heart",https://pfaf.org/user/Plant.aspx?LatinName=Dicentra+spectabilis,Leaves,1,1,0,PFAF
Dichelostemma pulchellum,Wild Hyacinth,https://pfaf.org/user/Plant.aspx?LatinName=Dichelostemma+pulchellum,Flowers; Root,2,4,0,PFAF
Dichelostemma volubile,"Snake Lily, Twining snakelily",https://pfaf.org/user/Plant.aspx?LatinName=Dichelostemma+volubile,Root,1,2,0,PFAF
Dichopogon fimbriatus,Chocolate Lily,https://pfaf.org/user/Plant.aspx?LatinName=Dichopogon+fimbriatus,Root,1,3,0,PFAF
Dichopogon strictus,Chocolate Lily,https://pfaf.org/user/Plant.aspx?LatinName=Dichopogon+strictus,Flowers; Root,2,3,0,PFAF
Dichrostachys cinerea,"Marabou Thorn, Sickle Bush",https://pfaf.org/user/Plant.aspx?LatinName=Dichrostachys+cinerea,Gum; Seedpod,2,2,2,PFAF
Dicksonia antarctica,"Tree Fern, Australian treefern",https://pfaf.org/user/Plant.aspx?LatinName=Dicksonia+antarctica,Leaves; Stem,2,1,1,PFAF
Dictamnus albus,"Burning Bush, Gasplant, White Dittany,",https://pfaf.org/user/Plant.aspx?LatinName=Dictamnus+albus,Tea,1,2,3,PFAF
Dictyosperma album,"Hurricane Palm, Princess Palm, Red Palm",https://pfaf.org/user/Plant.aspx?LatinName=Dictyosperma+album,Apical bud,1,4,2,PFAF
Digitaria sanguinalis,"Crab Grass, Hairy crabgrass",https://pfaf.org/user/Plant.aspx?LatinName=Digitaria+sanguinalis,Seed,1,2,1,PFAF
Dioscorea alata,"Water Yam, Purple yam, Greater yam, White yam",https://pfaf.org/user/Plant.aspx?LatinName=Dioscorea+alata,Colouring,1,4,1,PFAF
Dioscorea batatas,Chinese Yam,https://pfaf.org/user/Plant.aspx?LatinName=Dioscorea+batatas,Fruit; Root,2,5,5,PFAF
Dioscorea bulbifera,"Aerial Yam, Air Potato",https://pfaf.org/user/Plant.aspx?LatinName=Dioscorea+bulbifera,Flowers,1,4,2,PFAF
Dioscorea cayennensis,"Yellow Yam, Yellow Guinea yam",https://pfaf.org/user/Plant.aspx?LatinName=Dioscorea+cayennensis,Tea,1,4,0,PFAF
Dioscorea deltoidea,Yam,https://pfaf.org/user/Plant.aspx?LatinName=Dioscorea+deltoidea,Root,1,2,2,PFAF
Dioscorea japonica,"Glutinous Yam, Japanese yam",https://pfaf.org/user/Plant.aspx?LatinName=Dioscorea+japonica,Leaves; Root,2,4,2,PFAF
Dioscorea kamoonensis,,https://pfaf.org/user/Plant.aspx?LatinName=Dioscorea+kamoonensis,Root,1,2,1,PFAF
Dioscorea tokoro,,https://pfaf.org/user/Plant.aspx?LatinName=Dioscorea+tokoro,Root,1,2,2,PFAF
Dioscorea villosa,Wild Yam,https://pfaf.org/user/Plant.aspx?LatinName=Dioscorea+villosa,Root,1,2,4,PFAF
Dioscoreophyllum cumminsii,"Serendipity Berry, Guinea potato",https://pfaf.org/user/Plant.aspx?LatinName=Dioscoreophyllum+cumminsii,Sweetener,1,4,0,PFAF
Diospyros kaki,"Persimmon, Japanese persimmon",https://pfaf.org/user/Plant.aspx?LatinName=Diospyros+kaki,Coffee; Condiment; Fruit; Sweetener,4,4,3,PFAF
Diospyros lotus,Date Plum,https://pfaf.org/user/Plant.aspx?LatinName=Diospyros+lotus,Fruit,1,5,1,PFAF
Diospyros malabarica,"Indian Persimmon, Gaub, Timbiri, Mountain ebony",https://pfaf.org/user/Plant.aspx?LatinName=Diospyros+malabarica,Gum,1,1,3,PFAF
Diospyros mespiliformis,"West African Ebony, Monkey guava, jackalberry",https://pfaf.org/user/Plant.aspx?LatinName=Diospyros+mespiliformis,Drink; Gum,2,4,3,PFAF
Diospyros virginiana,"American Persimmon, Common persimmon, Persimmon",https://pfaf.org/user/Plant.aspx?LatinName=Diospyros+virginiana,Coffee; Fruit; Oil; Sweetener; Tea,5,5,1,PFAF
Diphylleia grayi,,https://pfaf.org/user/Plant.aspx?LatinName=Diphylleia+grayi,Fruit,1,1,0,PFAF
Diplazium esculentum,Vegetable Fern,https://pfaf.org/user/Plant.aspx?LatinName=Diplazium+esculentum,Shoots,1,4,3,PFAF
Diplotaxis erucoides,White Wall Rocket,https://pfaf.org/user/Plant.aspx?LatinName=Diplotaxis+erucoides,Leaves,1,2,0,PFAF
Diplotaxis muralis,"Wall Rocket, Annual wallrocket",https://pfaf.org/user/Plant.aspx?LatinName=Diplotaxis+muralis,Condiment; Leaves,2,3,0,PFAF
Diplotaxis tenuifolia,Perennial Wall Rocket,https://pfaf.org/user/Plant.aspx?LatinName=Diplotaxis+tenuifolia,Leaves,1,4,0,PFAF
Diploterigium glaucum,,https://pfaf.org/user/Plant.aspx?LatinName=Diploterigium+glaucum,Shoots,1,1,0,PFAF
Dipsacus japonicus,Xu Duan,https://pfaf.org/user/Plant.aspx?LatinName=Dipsacus+japonicus,Leaves,1,1,2,PFAF
Dipsacus mitis,,https://pfaf.org/user/Plant.aspx?LatinName=Dipsacus+mitis,Leaves,1,1,0,PFAF
Dipteryx odorata,"Tonka Bean, Brazilian Teak",https://pfaf.org/user/Plant.aspx?LatinName=Dipteryx+odorata,Seedpod,1,3,2,PFAF
Disphyma australe,Pig's Face,https://pfaf.org/user/Plant.aspx?LatinName=Disphyma+australe,Fruit; Leaves,2,1,0,PFAF
Disporum cantoniense,,https://pfaf.org/user/Plant.aspx?LatinName=Disporum+cantoniense,Leaves; Shoots,2,2,1,PFAF
Disporum sessile,Japanese Fairy Bells,https://pfaf.org/user/Plant.aspx?LatinName=Disporum+sessile,Leaves,1,1,0,PFAF
Disporum smilacinum,,https://pfaf.org/user/Plant.aspx?LatinName=Disporum+smilacinum,Leaves; Root,2,2,0,PFAF
Disporum trachycarpum,Fairybells,https://pfaf.org/user/Plant.aspx?LatinName=Disporum+trachycarpum,Fruit,1,2,1,PFAF
Disporum viridescens,,https://pfaf.org/user/Plant.aspx?LatinName=Disporum+viridescens,Leaves,1,1,0,PFAF
Docynia delavayi,,https://pfaf.org/user/Plant.aspx?LatinName=Docynia+delavayi,Fruit,1,2,0,PFAF
Docynia indica,,https://pfaf.org/user/Plant.aspx?LatinName=Docynia+indica,Fruit,1,2,0,PFAF
Dodecatheon hendersonii,"Sailor-Caps, Mosquito bills",https://pfaf.org/user/Plant.aspx?LatinName=Dodecatheon+hendersonii,Leaves; Root,2,1,0,PFAF
Dodonaea viscosa,"Native Hops, Florida hopbush, Hopseed Bush, Varnish Leaf, Hopbush, Narrow-leaf hopbush, Wedge-leaf h",https://pfaf.org/user/Plant.aspx?LatinName=Dodonaea+viscosa,Condiment; Seed,2,2,2,PFAF
Dovyalis abyssinica,Abyssinian Gooseberry,https://pfaf.org/user/Plant.aspx?LatinName=Dovyalis+abyssinica,Stem,1,4,2,PFAF
Draba muralis,Wall Whitlow Grass,https://pfaf.org/user/Plant.aspx?LatinName=Draba+muralis,Leaves,1,1,1,PFAF
Draba nemerosa,,https://pfaf.org/user/Plant.aspx?LatinName=Draba+nemerosa,Leaves,1,1,1,PFAF
Dracocephalum heterophyllum,,https://pfaf.org/user/Plant.aspx?LatinName=Dracocephalum+heterophyllum,Root,1,1,0,PFAF
Dracocephalum moldavica,"Moldavian Balm, Moldavian dragonhead",https://pfaf.org/user/Plant.aspx?LatinName=Dracocephalum+moldavica,Leaves; Shoots; Tea,3,1,1,PFAF
Dracocephalum parviflorum,American Dragonhead,https://pfaf.org/user/Plant.aspx?LatinName=Dracocephalum+parviflorum,Condiment; Seed,2,3,1,PFAF
Drepanostachyum falcatum,Ringal,https://pfaf.org/user/Plant.aspx?LatinName=Drepanostachyum+falcatum,Shoots; Stem,2,2,0,PFAF
Drimys lanceolata,Mountain Pepper,https://pfaf.org/user/Plant.aspx?LatinName=Drimys+lanceolata,Condiment,1,3,1,PFAF
Drimys winteri,Winter's Bark,https://pfaf.org/user/Plant.aspx?LatinName=Drimys+winteri,Condiment,1,3,2,PFAF
Drosera rotundifolia,"Sundew, Roundleaf sundew",https://pfaf.org/user/Plant.aspx?LatinName=Drosera+rotundifolia,Curdling agent,1,1,3,PFAF
Dryas octopetala,Swiss tea,https://pfaf.org/user/Plant.aspx?LatinName=Dryas+octopetala,Tea,1,1,1,PFAF
Drymaria cordata,"West Indin Chickweed, Whitesnow",https://pfaf.org/user/Plant.aspx?LatinName=Drymaria+cordata,Leaves; Shoots,2,2,2,PFAF
Dryopteris carthusiana,"Narrow Buckler Fern, Spinulose woodfern",https://pfaf.org/user/Plant.aspx?LatinName=Dryopteris+carthusiana,Leaves; Root,2,2,4,PFAF
Dryopteris crassirhizoma,Crown Wood-Fern,https://pfaf.org/user/Plant.aspx?LatinName=Dryopteris+crassirhizoma,Leaves,1,1,4,PFAF
Dryopteris dilatata,Shield Fern,https://pfaf.org/user/Plant.aspx?LatinName=Dryopteris+dilatata,Leaves; Root,2,2,4,PFAF
Dryopteris expansa,"Spiny Wood Fern, Spreading woodfern",https://pfaf.org/user/Plant.aspx?LatinName=Dryopteris+expansa,Leaves; Root; Shoots,3,2,3,PFAF
Dryopteris filix-mas,Male Fern,https://pfaf.org/user/Plant.aspx?LatinName=Dryopteris+filix-mas,Leaves; Root,2,2,4,PFAF
Dryopteris fragrans,Fragrant Woodfern,https://pfaf.org/user/Plant.aspx?LatinName=Dryopteris+fragrans,Tea,1,1,0,PFAF
Dryopteris sieboldii,,https://pfaf.org/user/Plant.aspx?LatinName=Dryopteris+sieboldii,Root,1,1,0,PFAF
Duchesnea chrysantha,,https://pfaf.org/user/Plant.aspx?LatinName=Duchesnea+chrysantha,Fruit; Leaves,2,2,0,PFAF
Duchesnea filipendula,,https://pfaf.org/user/Plant.aspx?LatinName=Duchesnea+filipendula,Fruit,1,2,0,PFAF
Duchesnea indica,"Mock Strawberry, Indian strawberry",https://pfaf.org/user/Plant.aspx?LatinName=Duchesnea+indica,Fruit; Leaves,2,2,2,PFAF
Dudleya edulis,"Mission Lettuce, Fingertips",https://pfaf.org/user/Plant.aspx?LatinName=Dudleya+edulis,Leaves; Stem,2,3,1,PFAF
Durio zibethinus,Durian,https://pfaf.org/user/Plant.aspx?LatinName=Durio+zibethinus,Flowers; Shoots,2,5,1,PFAF
Dysphania anthelmintica,Wormseed,https://pfaf.org/user/Plant.aspx?LatinName=Dysphania+anthelmintica,Condiment; Drink; Tea,3,2,4,PFAF
Echinacea purpurea,"Echinacea, Eastern purple coneflower, Hedge Coneflower, Black Sampson , Purple Coneflower",https://pfaf.org/user/Plant.aspx?LatinName=Echinacea+purpurea,Leaves,1,1,5,PFAF
Echinochloa colona,Jungle Rice,https://pfaf.org/user/Plant.aspx?LatinName=Echinochloa+colona,Leaves; Seed; Shoots,3,2,2,PFAF
Echinochloa crus-galli,"Barnyard Millet, Barnyardgrass,",https://pfaf.org/user/Plant.aspx?LatinName=Echinochloa+crus-galli,Coffee; Leaves; Seed; Shoots,4,3,2,PFAF
Echinochloa frumentacea,"Japanese Millet, Billion-dollar grass",https://pfaf.org/user/Plant.aspx?LatinName=Echinochloa+frumentacea,Seed,1,3,1,PFAF
Echinops setifer,Globe Thistle,https://pfaf.org/user/Plant.aspx?LatinName=Echinops+setifer,Leaves,1,1,2,PFAF
Echinops spinosissimus,,https://pfaf.org/user/Plant.aspx?LatinName=Echinops+spinosissimus,Gum,1,1,0,PFAF
Echium vulgare,"Viper's Bugloss, Common viper's bugloss",https://pfaf.org/user/Plant.aspx?LatinName=Echium+vulgare,Leaves,1,1,2,PFAF
Eclipta prostrata,"Han Lian Cao, False daisy",https://pfaf.org/user/Plant.aspx?LatinName=Eclipta+prostrata,Leaves; Shoots,2,1,3,PFAF
Ehretia acuminata,Koda Tree,https://pfaf.org/user/Plant.aspx?LatinName=Ehretia+acuminata,Fruit,1,2,1,PFAF
Ehretia anacua,"Anaqua, Knockaway",https://pfaf.org/user/Plant.aspx?LatinName=Ehretia+anacua,Fruit,1,2,0,PFAF
Ehretia dicksonii,,https://pfaf.org/user/Plant.aspx?LatinName=Ehretia+dicksonii,Fruit,1,2,0,PFAF
Ehretia ovalifolia,,https://pfaf.org/user/Plant.aspx?LatinName=Ehretia+ovalifolia,Fruit; Leaves,2,2,0,PFAF
Eichhornia crassipes,"Water Hyacinth, Common water hyacinth",https://pfaf.org/user/Plant.aspx?LatinName=Eichhornia+crassipes,Leaves,1,2,0,PFAF
Elaeagnus angustifolia,"Oleaster, Russian olive",https://pfaf.org/user/Plant.aspx?LatinName=Elaeagnus+angustifolia,Fruit; Gum; Seed,3,4,2,PFAF
Elaeagnus commutata,Silverberry,https://pfaf.org/user/Plant.aspx?LatinName=Elaeagnus+commutata,Fruit; Seed,2,3,2,PFAF
Elaeagnus cordifolia,,https://pfaf.org/user/Plant.aspx?LatinName=Elaeagnus+cordifolia,Fruit; Seed,2,5,2,PFAF
Elaeagnus formosana,,https://pfaf.org/user/Plant.aspx?LatinName=Elaeagnus+formosana,Fruit,1,2,2,PFAF
Elaeagnus fragrans,,https://pfaf.org/user/Plant.aspx?LatinName=Elaeagnus+fragrans,Fruit; Seed,2,2,2,PFAF
Elaeagnus glabra,Goat nipple,https://pfaf.org/user/Plant.aspx?LatinName=Elaeagnus+glabra,Fruit; Seed,2,4,2,PFAF
Elaeagnus gonyanthes,,https://pfaf.org/user/Plant.aspx?LatinName=Elaeagnus+gonyanthes,Fruit; Seed,2,2,2,PFAF
Elaeagnus latifolia,Bastard Oleaster,https://pfaf.org/user/Plant.aspx?LatinName=Elaeagnus+latifolia,Fruit; Seed,2,3,2,PFAF
Elaeagnus macrophylla,Broad-leaved Oleaster,https://pfaf.org/user/Plant.aspx?LatinName=Elaeagnus+macrophylla,Fruit; Seed,2,5,2,PFAF
Elaeagnus maritima,,https://pfaf.org/user/Plant.aspx?LatinName=Elaeagnus+maritima,Fruit; Seed,2,2,2,PFAF
Elaeagnus montana,,https://pfaf.org/user/Plant.aspx?LatinName=Elaeagnus+montana,Fruit; Seed,2,2,2,PFAF
Elaeagnus multiflora,"Goumi, Cherry silverberry",https://pfaf.org/user/Plant.aspx?LatinName=Elaeagnus+multiflora,Fruit; Seed,2,5,2,PFAF
Elaeagnus multiflora ovata,Goumi,https://pfaf.org/user/Plant.aspx?LatinName=Elaeagnus+multiflora+ovata,Fruit; Seed,2,5,2,PFAF
Elaeagnus oldhamii,,https://pfaf.org/user/Plant.aspx?LatinName=Elaeagnus+oldhamii,Fruit; Seed,2,2,2,PFAF
Elaeagnus orientalis,Trebizond Date,https://pfaf.org/user/Plant.aspx?LatinName=Elaeagnus+orientalis,Fruit; Seed,2,4,2,PFAF
Elaeagnus parvifolia,Autumn olive,https://pfaf.org/user/Plant.aspx?LatinName=Elaeagnus+parvifolia,Fruit; Seed,2,4,2,PFAF
Elaeagnus pungens,"Elaeagnus, Thorny olive, Thorny Elaeagnus, Oleaster, Silverberry, Silverthorn, Pungent Elaeagnus",https://pfaf.org/user/Plant.aspx?LatinName=Elaeagnus+pungens,Fruit; Seed,2,5,2,PFAF
Elaeagnus pyriformis,,https://pfaf.org/user/Plant.aspx?LatinName=Elaeagnus+pyriformis,Fruit; Seed,2,2,2,PFAF
Elaeagnus thunbergii,,https://pfaf.org/user/Plant.aspx?LatinName=Elaeagnus+thunbergii,Fruit; Seed,2,2,2,PFAF
Elaeagnus umbellata,Autumn Olive,https://pfaf.org/user/Plant.aspx?LatinName=Elaeagnus+umbellata,Fruit; Seed,2,4,2,PFAF
Elaeagnus x ebbingei,"Elaeagnus, Ebbing's Silverberry",https://pfaf.org/user/Plant.aspx?LatinName=Elaeagnus+x+ebbingei,Fruit; Seed,2,5,2,PFAF
Elaeagnus x reflexa,Turned-leaf Elaeagnus,https://pfaf.org/user/Plant.aspx?LatinName=Elaeagnus+x+reflexa,Fruit; Seed,2,3,2,PFAF
Elaeagnus yoshinoi,,https://pfaf.org/user/Plant.aspx?LatinName=Elaeagnus+yoshinoi,Fruit; Seed,2,2,2,PFAF
Elaeis guineensis,African Oil Palm,https://pfaf.org/user/Plant.aspx?LatinName=Elaeis+guineensis,Apical bud; Drink; Oil; Sap,4,5,2,PFAF
Elaeis oleifera,American Oil Palm,https://pfaf.org/user/Plant.aspx?LatinName=Elaeis+oleifera,Oil,1,3,0,PFAF
Elaeocarpus cyaneus,Blueberry Ash,https://pfaf.org/user/Plant.aspx?LatinName=Elaeocarpus+cyaneus,Fruit,1,1,0,PFAF
Elaeocarpus dentatus,,https://pfaf.org/user/Plant.aspx?LatinName=Elaeocarpus+dentatus,Fruit,1,2,0,PFAF
Elaeocarpus lanceaefolius,,https://pfaf.org/user/Plant.aspx?LatinName=Elaeocarpus+lanceaefolius,Fruit,1,1,0,PFAF
Elatostema cuneatum,,https://pfaf.org/user/Plant.aspx?LatinName=Elatostema+cuneatum,Leaves,1,1,0,PFAF
Elatostema dissectum,,https://pfaf.org/user/Plant.aspx?LatinName=Elatostema+dissectum,Fruit; Leaves,2,1,0,PFAF
Elatostema laetevirens,,https://pfaf.org/user/Plant.aspx?LatinName=Elatostema+laetevirens,Leaves,1,1,0,PFAF
Eleocharis dulcis,Chinese Water Chestnut,https://pfaf.org/user/Plant.aspx?LatinName=Eleocharis+dulcis,Root; Salt,2,4,1,PFAF
Eleocharis palustris,"Common Spike-Rush, Common spikerush",https://pfaf.org/user/Plant.aspx?LatinName=Eleocharis+palustris,Sap,1,1,0,PFAF
Eleusine coracana,"Finger Millet, African finger millet",https://pfaf.org/user/Plant.aspx?LatinName=Eleusine+coracana,Seed,1,4,2,PFAF
Eleusine indica,"Wire Grass, Indian goosegrass, Yard Grass, Goose Grass",https://pfaf.org/user/Plant.aspx?LatinName=Eleusine+indica,Leaves; Root; Seed,3,3,1,PFAF
Eleutherococcus chiisanensis,,https://pfaf.org/user/Plant.aspx?LatinName=Eleutherococcus+chiisanensis,Leaves,1,2,0,PFAF
Eleutherococcus divaricatus,,https://pfaf.org/user/Plant.aspx?LatinName=Eleutherococcus+divaricatus,Condiment; Leaves; Tea,3,2,0,PFAF
Eleutherococcus gracylistylus,Wu Jia Pi,https://pfaf.org/user/Plant.aspx?LatinName=Eleutherococcus+gracylistylus,Flowers,1,1,3,PFAF
Eleutherococcus innovans,Taka-No-Tsume,https://pfaf.org/user/Plant.aspx?LatinName=Eleutherococcus+innovans,Leaves,1,1,0,PFAF
Eleutherococcus japonicus,,https://pfaf.org/user/Plant.aspx?LatinName=Eleutherococcus+japonicus,Leaves,1,1,0,PFAF
Eleutherococcus senticosus,Siberian Ginseng,https://pfaf.org/user/Plant.aspx?LatinName=Eleutherococcus+senticosus,Leaves; Tea,2,2,5,PFAF
Eleutherococcus seoulensis,,https://pfaf.org/user/Plant.aspx?LatinName=Eleutherococcus+seoulensis,Leaves,1,1,0,PFAF
Eleutherococcus sessiliflorus,,https://pfaf.org/user/Plant.aspx?LatinName=Eleutherococcus+sessiliflorus,Drink; Leaves; Tea,3,2,3,PFAF
Eleutherococcus sieboldianus,"Ukogi, Five Leafed Aralia",https://pfaf.org/user/Plant.aspx?LatinName=Eleutherococcus+sieboldianus,Leaves; Tea,2,3,0,PFAF
Eleutherococcus spinosus,,https://pfaf.org/user/Plant.aspx?LatinName=Eleutherococcus+spinosus,Leaves; Tea,2,2,2,PFAF
Eleutherococcus trifoliatus,,https://pfaf.org/user/Plant.aspx?LatinName=Eleutherococcus+trifoliatus,Leaves,1,1,1,PFAF
Elsholtzia ciliata,Crested latesummer mint,https://pfaf.org/user/Plant.aspx?LatinName=Elsholtzia+ciliata,Condiment; Leaves,2,2,2,PFAF
Elsholtzia fruticosa,Ji Gu Chai,https://pfaf.org/user/Plant.aspx?LatinName=Elsholtzia+fruticosa,Condiment; Oil,2,1,1,PFAF
Elymus canadensis,Canadian Wild Rye,https://pfaf.org/user/Plant.aspx?LatinName=Elymus+canadensis,Seed,1,2,0,PFAF
Elymus glauca,Blue Wild Rye,https://pfaf.org/user/Plant.aspx?LatinName=Elymus+glauca,Seed,1,2,1,PFAF
Elytrigia repens,"Couch Grass, Quackgrass",https://pfaf.org/user/Plant.aspx?LatinName=Elytrigia+repens,Coffee; Leaves; Root; Seed; Shoots,5,3,3,PFAF
Embelia ribes,"False black pepper, White-flowered Embelia",https://pfaf.org/user/Plant.aspx?LatinName=Embelia+ribes,Condiment; Drink; Shoots; Stem,4,3,4,PFAF
Emilia coccinea,"Tassel Flower, Scarlet tasselflower",https://pfaf.org/user/Plant.aspx?LatinName=Emilia+coccinea,Leaves,1,2,1,PFAF
Emilia sonchifolia,"Cupid's Shaving Brush, Lilac tasselflower",https://pfaf.org/user/Plant.aspx?LatinName=Emilia+sonchifolia,Leaves; Shoots,2,3,2,PFAF
Eminium spiculatum,,https://pfaf.org/user/Plant.aspx?LatinName=Eminium+spiculatum,Root,1,1,0,PFAF
Empetrum atropurpureum,Purple Crowberry,https://pfaf.org/user/Plant.aspx?LatinName=Empetrum+atropurpureum,Fruit,1,2,0,PFAF
Empetrum eamesii,"Rockberry, Purple crowberry",https://pfaf.org/user/Plant.aspx?LatinName=Empetrum+eamesii,Fruit,1,2,0,PFAF
Empetrum eamesii hermaphroditum,"Mountain Crowberry, Rockberry",https://pfaf.org/user/Plant.aspx?LatinName=Empetrum+eamesii+hermaphroditum,Fruit; Tea,2,2,0,PFAF
Empetrum nigrum,"Crowberry, Black crowberry, Black Crowberry",https://pfaf.org/user/Plant.aspx?LatinName=Empetrum+nigrum,Fruit; Tea,2,3,2,PFAF
Empetrum rubrum,,https://pfaf.org/user/Plant.aspx?LatinName=Empetrum+rubrum,Fruit,1,2,1,PFAF
Encelia farinosa,"Brittle Bush, Brittlebush, Incienso",https://pfaf.org/user/Plant.aspx?LatinName=Encelia+farinosa,Gum,1,0,1,PFAF
Encephalartos spp.,"Bread trees, Bread palms, Kaffir bread",https://pfaf.org/user/Plant.aspx?LatinName=Encephalartos+spp.,Stem,1,1,0,PFAF
Enchylaena tomentosa,Ruby Saltbush,https://pfaf.org/user/Plant.aspx?LatinName=Enchylaena+tomentosa,Fruit; Leaves,2,2,1,PFAF
Ensete ventricosum,"Ethiopian Banana, Abyssinian banana",https://pfaf.org/user/Plant.aspx?LatinName=Ensete+ventricosum,Root; Seed; Stem,3,2,0,PFAF
Entada phaseoloides,St. Thomas Bean,https://pfaf.org/user/Plant.aspx?LatinName=Entada+phaseoloides,Coffee; Drink; Oil; Sap,4,3,2,PFAF
Enterolobium cyclocarpum,Devil's Ear. Earpod tree,https://pfaf.org/user/Plant.aspx?LatinName=Enterolobium+cyclocarpum,Coffee; Gum; Seedpod,3,2,2,PFAF
Ephedra altissima,High-climbing jointfir,https://pfaf.org/user/Plant.aspx?LatinName=Ephedra+altissima,Fruit,1,1,3,PFAF
Ephedra americana andina,,https://pfaf.org/user/Plant.aspx?LatinName=Ephedra+americana+andina,Fruit,1,2,3,PFAF
Ephedra ciliata,,https://pfaf.org/user/Plant.aspx?LatinName=Ephedra+ciliata,Fruit,1,1,3,PFAF
Ephedra distachya,"Sea Grape, Jointfir",https://pfaf.org/user/Plant.aspx?LatinName=Ephedra+distachya,Fruit,1,2,4,PFAF
Ephedra equisetina,"Muzei Ma Huang, Ma huang",https://pfaf.org/user/Plant.aspx?LatinName=Ephedra+equisetina,Fruit,1,1,4,PFAF
Ephedra fragilis,,https://pfaf.org/user/Plant.aspx?LatinName=Ephedra+fragilis,Fruit,1,2,4,PFAF
Ephedra gerardiana,"Ma Huang, Gerard jointfir",https://pfaf.org/user/Plant.aspx?LatinName=Ephedra+gerardiana,Fruit,1,2,4,PFAF
Ephedra intermedia,Zhong Ma Huang,https://pfaf.org/user/Plant.aspx?LatinName=Ephedra+intermedia,Fruit,1,1,4,PFAF
Ephedra nevadensis,"Mormon Tea, Nevada jointfir",https://pfaf.org/user/Plant.aspx?LatinName=Ephedra+nevadensis,Fruit; Seed; Tea,3,3,3,PFAF
Ephedra pachyclada,,https://pfaf.org/user/Plant.aspx?LatinName=Ephedra+pachyclada,Fruit,1,2,3,PFAF
Ephedra sinica,"Ma Huang, Chinese ephedra",https://pfaf.org/user/Plant.aspx?LatinName=Ephedra+sinica,Fruit,1,1,4,PFAF
Ephedra torreyana,"Mexican Tea, Torrey's jointfir",https://pfaf.org/user/Plant.aspx?LatinName=Ephedra+torreyana,Fruit; Tea,2,2,3,PFAF
Ephedra triandra,,https://pfaf.org/user/Plant.aspx?LatinName=Ephedra+triandra,Fruit,1,1,3,PFAF
Ephedra trifurca,Longleaf Jointfir,https://pfaf.org/user/Plant.aspx?LatinName=Ephedra+trifurca,Fruit; Tea,2,2,2,PFAF
Ephedra viridis,Mormon Tea. Green Ephedra.,https://pfaf.org/user/Plant.aspx?LatinName=Ephedra+viridis,Fruit; Seed; Tea,3,2,3,PFAF
Epigaea asiatica,,https://pfaf.org/user/Plant.aspx?LatinName=Epigaea+asiatica,Fruit,1,1,0,PFAF
Epigaea repens,"Mayflower, Trailing arbutus, Ground Laurel",https://pfaf.org/user/Plant.aspx?LatinName=Epigaea+repens,Flowers,1,2,2,PFAF
Epilobium angustifolium,Willow Herb,https://pfaf.org/user/Plant.aspx?LatinName=Epilobium+angustifolium,Flowers; Leaves; Root; Shoots; Stem; Tea,6,3,2,PFAF
Epilobium coloratum,Purpleleaf willowherb,https://pfaf.org/user/Plant.aspx?LatinName=Epilobium+coloratum,Stem,1,1,0,PFAF
Epilobium glabellum,,https://pfaf.org/user/Plant.aspx?LatinName=Epilobium+glabellum,Leaves; Shoots,2,1,1,PFAF
Epilobium hirsutum,Codlins And Cream,https://pfaf.org/user/Plant.aspx?LatinName=Epilobium+hirsutum,Leaves; Tea,2,2,1,PFAF
Epilobium latifolium,River Beauty,https://pfaf.org/user/Plant.aspx?LatinName=Epilobium+latifolium,Flowers; Leaves; Shoots; Stem; Tea,5,3,2,PFAF
Epilobium macranthum,,https://pfaf.org/user/Plant.aspx?LatinName=Epilobium+macranthum,Leaves,1,1,1,PFAF
Epilobium palustre,Marsh Willow Herb,https://pfaf.org/user/Plant.aspx?LatinName=Epilobium+palustre,Leaves; Shoots,2,1,0,PFAF
Epilobium parviflorum,"Codlins And Cream, Smallflower hairy willowherb",https://pfaf.org/user/Plant.aspx?LatinName=Epilobium+parviflorum,Leaves,1,2,0,PFAF
Epilobium pyrricholophum,,https://pfaf.org/user/Plant.aspx?LatinName=Epilobium+pyrricholophum,Leaves; Shoots,2,1,0,PFAF
Epilobium tetragonum,Square-Stemmed Willow Herb,https://pfaf.org/user/Plant.aspx?LatinName=Epilobium+tetragonum,Leaves,1,1,0,PFAF
Epimedium grandiflorum,"Barrenwort, Bishop's Hat, Longspur Epimedium",https://pfaf.org/user/Plant.aspx?LatinName=Epimedium+grandiflorum,Leaves,1,2,3,PFAF
Epimedium sagittatum,Yin Yang Huo,https://pfaf.org/user/Plant.aspx?LatinName=Epimedium+sagittatum,Leaves,1,2,3,PFAF
Equisetum arvense,Field Horsetail,https://pfaf.org/user/Plant.aspx?LatinName=Equisetum+arvense,Root; Shoots; Stem,3,2,3,PFAF
Equisetum fluviatile,"Swamp Horsetail, Water horsetail",https://pfaf.org/user/Plant.aspx?LatinName=Equisetum+fluviatile,Root; Shoots; Stem,3,2,2,PFAF
Equisetum hyemale,"Tall Horsetail, Rough Horsetail",https://pfaf.org/user/Plant.aspx?LatinName=Equisetum+hyemale,Root; Shoots; Stem,3,2,2,PFAF
Equisetum pratense,Meadow Horsetail,https://pfaf.org/user/Plant.aspx?LatinName=Equisetum+pratense,Root,1,2,2,PFAF
Equisetum scirpoides,Dwarf scouring rush,https://pfaf.org/user/Plant.aspx?LatinName=Equisetum+scirpoides,Stem,1,2,2,PFAF
Equisetum sylvaticum,"Wood Horsetail, Woodland horsetail",https://pfaf.org/user/Plant.aspx?LatinName=Equisetum+sylvaticum,Root; Shoots; Stem,3,1,2,PFAF
Equisetum telmateia,Giant Horsetail,https://pfaf.org/user/Plant.aspx?LatinName=Equisetum+telmateia,Shoots; Stem,2,1,1,PFAF
Eragrostis caroliniana,Tufted lovegrass,https://pfaf.org/user/Plant.aspx?LatinName=Eragrostis+caroliniana,Seed,1,1,0,PFAF
Eragrostis curvula,Weeping Love Grass,https://pfaf.org/user/Plant.aspx?LatinName=Eragrostis+curvula,Seed,1,1,0,PFAF
Eragrostis pilosa,"Soft Love Grass, Indian lovegrass",https://pfaf.org/user/Plant.aspx?LatinName=Eragrostis+pilosa,Seed,1,1,1,PFAF
Eragrostis tef,Tef,https://pfaf.org/user/Plant.aspx?LatinName=Eragrostis+tef,Seed,1,3,0,PFAF
Eremurus aucherianus,,https://pfaf.org/user/Plant.aspx?LatinName=Eremurus+aucherianus,Leaves,1,1,0,PFAF
Eremurus robustus,,https://pfaf.org/user/Plant.aspx?LatinName=Eremurus+robustus,Root,1,1,0,PFAF
Eremurus spectabilis,Foxtail Lily,https://pfaf.org/user/Plant.aspx?LatinName=Eremurus+spectabilis,Gum; Leaves; Shoots,3,2,0,PFAF
Eremurus stenophyllus aurantiacus,Foxtail Lily,https://pfaf.org/user/Plant.aspx?LatinName=Eremurus+stenophyllus+aurantiacus,Leaves,1,1,0,PFAF
Erica cerinthoides,Fire Heath,https://pfaf.org/user/Plant.aspx?LatinName=Erica+cerinthoides,Nectar,1,1,0,PFAF
Ericameria parishii,"Heath Goldenrod, Parish's rabbitbrush",https://pfaf.org/user/Plant.aspx?LatinName=Ericameria+parishii,Seed,1,1,1,PFAF
Erigenia bulbosa,Harbinger Of Spring,https://pfaf.org/user/Plant.aspx?LatinName=Erigenia+bulbosa,Root,1,2,1,PFAF
Erigeron acer,,https://pfaf.org/user/Plant.aspx?LatinName=Erigeron+acer,Leaves,1,1,0,PFAF
Erigeron annuus,"Annual Fleabane, Eastern daisy fleabane",https://pfaf.org/user/Plant.aspx?LatinName=Erigeron+annuus,Leaves,1,1,0,PFAF
Erigeron bulbosa,,https://pfaf.org/user/Plant.aspx?LatinName=Erigeron+bulbosa,Root,1,1,0,PFAF
Eriobotrya japonica,"Loquat, Japanese Loquat",https://pfaf.org/user/Plant.aspx?LatinName=Eriobotrya+japonica,Coffee; Fruit; Seed,3,4,3,PFAF
Eriodictyon californicum,"Yerba Santa, California yerba santa",https://pfaf.org/user/Plant.aspx?LatinName=Eriodictyon+californicum,Condiment; Leaves; Tea,3,2,3,PFAF
Eriodictyon trichocalyx,Hairy Yerba Santa,https://pfaf.org/user/Plant.aspx?LatinName=Eriodictyon+trichocalyx,Leaves; Tea,2,2,1,PFAF
Eriogonum alatum,Winged Buckwheat,https://pfaf.org/user/Plant.aspx?LatinName=Eriogonum+alatum,Root; Seed,2,2,2,PFAF
Eriogonum atrorubens,"Red Wild Buckwheat, Red buckwheat",https://pfaf.org/user/Plant.aspx?LatinName=Eriogonum+atrorubens,Root,1,1,0,PFAF
Eriogonum corymbosum,Crispleaf Buckwheat,https://pfaf.org/user/Plant.aspx?LatinName=Eriogonum+corymbosum,Leaves,1,1,2,PFAF
Eriogonum inflatum,Desert trumpet,https://pfaf.org/user/Plant.aspx?LatinName=Eriogonum+inflatum,Leaves; Seed; Stem,3,2,1,PFAF
Eriogonum latifolium,Seaside Buckwheat,https://pfaf.org/user/Plant.aspx?LatinName=Eriogonum+latifolium,Stem,1,2,1,PFAF
Eriogonum longifolium,Longleaf Buckwheat,https://pfaf.org/user/Plant.aspx?LatinName=Eriogonum+longifolium,Root,1,1,1,PFAF
Eriogonum microthecum,"Slender Buckwheat, Alpine slender buckwheat, San Bernardino buckwheat, Johnston's buckwheat, Panamin",https://pfaf.org/user/Plant.aspx?LatinName=Eriogonum+microthecum,Tea,1,1,1,PFAF
Eriophorum angustifolium,"Cotton Grass, Tall cottongrass",https://pfaf.org/user/Plant.aspx?LatinName=Eriophorum+angustifolium,Root; Stem,2,2,1,PFAF
Eriophorum gracile,"Cotton Grass, Slender cottongrass",https://pfaf.org/user/Plant.aspx?LatinName=Eriophorum+gracile,Root; Stem,2,2,0,PFAF
Erodium cicutarium,Redstem Filaree,https://pfaf.org/user/Plant.aspx?LatinName=Erodium+cicutarium,Leaves; Stem,2,4,2,PFAF
Erodium cicutarium bipinnatum,,https://pfaf.org/user/Plant.aspx?LatinName=Erodium+cicutarium+bipinnatum,Leaves; Root,2,2,0,PFAF
Erodium crinitum,Crowfoot,https://pfaf.org/user/Plant.aspx?LatinName=Erodium+crinitum,Root,1,1,0,PFAF
Erodium hirtum,,https://pfaf.org/user/Plant.aspx?LatinName=Erodium+hirtum,Root,1,1,0,PFAF
Erodium jacquinianum,,https://pfaf.org/user/Plant.aspx?LatinName=Erodium+jacquinianum,Root,1,1,0,PFAF
Erodium malacoides,Oval Heron's Bill,https://pfaf.org/user/Plant.aspx?LatinName=Erodium+malacoides,Leaves,1,2,0,PFAF
Erodium moschatum,Musk Storksbill,https://pfaf.org/user/Plant.aspx?LatinName=Erodium+moschatum,Leaves,1,2,1,PFAF
Erophila verna,Whitlow Grass,https://pfaf.org/user/Plant.aspx?LatinName=Erophila+verna,Leaves,1,1,1,PFAF
Eruca vesicaria sativa,Rocket,https://pfaf.org/user/Plant.aspx?LatinName=Eruca+vesicaria+sativa,Condiment; Flowers; Leaves; Oil,4,4,1,PFAF
Erucaria hispanica,,https://pfaf.org/user/Plant.aspx?LatinName=Erucaria+hispanica,Shoots,1,2,0,PFAF
Eryngium campestre,Field Eryngo,https://pfaf.org/user/Plant.aspx?LatinName=Eryngium+campestre,Leaves; Root; Shoots,3,2,2,PFAF
Eryngium creticum,Eryngo,https://pfaf.org/user/Plant.aspx?LatinName=Eryngium+creticum,Leaves,1,1,1,PFAF
Eryngium graecum,,https://pfaf.org/user/Plant.aspx?LatinName=Eryngium+graecum,Leaves,1,2,0,PFAF
Eryngium maritimum,"Sea Holly, Seaside eryngo",https://pfaf.org/user/Plant.aspx?LatinName=Eryngium+maritimum,Leaves; Root; Shoots,3,3,3,PFAF
Eryngium viride,,https://pfaf.org/user/Plant.aspx?LatinName=Eryngium+viride,Leaves,1,1,0,PFAF
Erysimum hieraciifolium,"European wallflower,",https://pfaf.org/user/Plant.aspx?LatinName=Erysimum+hieraciifolium,Leaves; Shoots,2,2,0,PFAF
Erythrina fusca,"Coral Bean, Swamp Immortelle",https://pfaf.org/user/Plant.aspx?LatinName=Erythrina+fusca,Flowers,1,2,2,PFAF
Erythrina herbacea,"Cardinal Spear, Redcardinal",https://pfaf.org/user/Plant.aspx?LatinName=Erythrina+herbacea,Flowers; Leaves,2,1,1,PFAF
Erythrina poeppigiana,Mountain Immortelle. Madre de Cacao,https://pfaf.org/user/Plant.aspx?LatinName=Erythrina+poeppigiana,Flowers,1,1,0,PFAF
Erythrina subumbrans,Dadap. December tree,https://pfaf.org/user/Plant.aspx?LatinName=Erythrina+subumbrans,Stem,1,2,2,PFAF
Erythronium albidum,"White Trout-Lily, White fawnlily",https://pfaf.org/user/Plant.aspx?LatinName=Erythronium+albidum,Flowers; Leaves; Root,3,3,0,PFAF
Erythronium albidum mesochoreum,Prairie Trout Lily,https://pfaf.org/user/Plant.aspx?LatinName=Erythronium+albidum+mesochoreum,Root,1,3,0,PFAF
Erythronium americanum,"Trout Lily, Dogtooth violet",https://pfaf.org/user/Plant.aspx?LatinName=Erythronium+americanum,Flowers; Leaves; Root,3,4,1,PFAF
Erythronium californicum,"Fawn Lily, California fawnlily",https://pfaf.org/user/Plant.aspx?LatinName=Erythronium+californicum,Root,1,2,0,PFAF
Erythronium citrinum,"Pale Fawn Lily, Cream fawnlily, Roderick's fawnlily",https://pfaf.org/user/Plant.aspx?LatinName=Erythronium+citrinum,Root,1,2,0,PFAF
Erythronium dens-canis,Dog's-Tooth Violet,https://pfaf.org/user/Plant.aspx?LatinName=Erythronium+dens-canis,Leaves; Root,2,3,0,PFAF
Erythronium grandiflorum,Yellow Fawn Lily,https://pfaf.org/user/Plant.aspx?LatinName=Erythronium+grandiflorum,Leaves; Root; Seedpod,3,3,1,PFAF
Erythronium helenae,"Mt. St. Helena Fawm Lily, Pacific fawnlily",https://pfaf.org/user/Plant.aspx?LatinName=Erythronium+helenae,Root,1,2,0,PFAF
Erythronium hendersonii,Henderson's Fawn Lily,https://pfaf.org/user/Plant.aspx?LatinName=Erythronium+hendersonii,Root,1,2,0,PFAF
Erythronium howellii,Howell's Fawn Lily,https://pfaf.org/user/Plant.aspx?LatinName=Erythronium+howellii,Root,1,2,0,PFAF
Erythronium japonicum,Katakuri,https://pfaf.org/user/Plant.aspx?LatinName=Erythronium+japonicum,Root,1,4,0,PFAF
Erythronium montanum,"Avelanche Lily, White avalanche-lily",https://pfaf.org/user/Plant.aspx?LatinName=Erythronium+montanum,Root,1,2,0,PFAF
Erythronium multiscapideum,Adderstongue,https://pfaf.org/user/Plant.aspx?LatinName=Erythronium+multiscapideum,Root,1,2,0,PFAF
Erythronium oregonum,Giant White Fawnlily,https://pfaf.org/user/Plant.aspx?LatinName=Erythronium+oregonum,Root,1,2,1,PFAF
Erythronium purpurascens,"Avelanche Lily, Purple fawnlily",https://pfaf.org/user/Plant.aspx?LatinName=Erythronium+purpurascens,Root,1,2,0,PFAF
Erythronium revolutum,"Pink Fawn Lily, Mahogany fawnlily",https://pfaf.org/user/Plant.aspx?LatinName=Erythronium+revolutum,Root,1,3,0,PFAF
Erythronium tuolumnense,"Tuolumne Fawn Lily, Dog's Tooth Violet, Pagoda Lily",https://pfaf.org/user/Plant.aspx?LatinName=Erythronium+tuolumnense,Root,1,2,0,PFAF
Erythrophleum ivorense,"Ordealtree, sasswoodtree",https://pfaf.org/user/Plant.aspx?LatinName=Erythrophleum+ivorense,Drink; Inner bark,2,1,3,PFAF
Erythroxylum coca,"Coca, Little Coca",https://pfaf.org/user/Plant.aspx?LatinName=Erythroxylum+coca,Drink; Tea,2,1,4,PFAF
Eschscholzia californica,Californian Poppy,https://pfaf.org/user/Plant.aspx?LatinName=Eschscholzia+californica,Leaves,1,1,3,PFAF
Escontria chiotilla,"Chiotilla, Jiotilla",https://pfaf.org/user/Plant.aspx?LatinName=Escontria+chiotilla,Drink,1,4,0,PFAF
Eucalyptus caesia,Gungurru,https://pfaf.org/user/Plant.aspx?LatinName=Eucalyptus+caesia,Root,1,2,0,PFAF
Eucalyptus camaldulensis,"Red River Gum, Murray Red Gum, River Red Eucalyptus",https://pfaf.org/user/Plant.aspx?LatinName=Eucalyptus+camaldulensis,Gum; Seed,2,1,3,PFAF
Eucalyptus citriodora,"Lemon-Scented Gum, Lemon Scented Eucalyptus",https://pfaf.org/user/Plant.aspx?LatinName=Eucalyptus+citriodora,Manna,1,1,3,PFAF
Eucalyptus dumosa,Water Mallee,https://pfaf.org/user/Plant.aspx?LatinName=Eucalyptus+dumosa,Manna; Root,2,1,0,PFAF
Eucalyptus globulus,"Tasmanian Blue Gum, Eurabbie, Blue Gum, Blue Eucalyptus",https://pfaf.org/user/Plant.aspx?LatinName=Eucalyptus+globulus,Condiment,1,1,4,PFAF
Eucalyptus gummifera,Red Bloodwood,https://pfaf.org/user/Plant.aspx?LatinName=Eucalyptus+gummifera,Drink; Nectar,2,1,3,PFAF
Eucalyptus gunnii,Cider Gum,https://pfaf.org/user/Plant.aspx?LatinName=Eucalyptus+gunnii,Manna; Sap,2,3,3,PFAF
Eucalyptus largiflorens,Black Box,https://pfaf.org/user/Plant.aspx?LatinName=Eucalyptus+largiflorens,Seed,1,1,0,PFAF
Eucalyptus leucoxylon,"Yellow Gum, White ironbark, White Eucalyptus",https://pfaf.org/user/Plant.aspx?LatinName=Eucalyptus+leucoxylon,Condiment,1,1,0,PFAF
Eucalyptus macrorhyncha,Red Stringybark,https://pfaf.org/user/Plant.aspx?LatinName=Eucalyptus+macrorhyncha,Rutin,1,1,3,PFAF
Eucalyptus polybractea,Blue Mallee,https://pfaf.org/user/Plant.aspx?LatinName=Eucalyptus+polybractea,Condiment,1,1,3,PFAF
Eucalyptus punctata,Grey Gum,https://pfaf.org/user/Plant.aspx?LatinName=Eucalyptus+punctata,Manna,1,1,0,PFAF
Eucalyptus robusta,"Swamp Mahogany, Eucalyptus Gum",https://pfaf.org/user/Plant.aspx?LatinName=Eucalyptus+robusta,Gum,1,0,3,PFAF
Eucalyptus tereticornis,Forest Red Gum,https://pfaf.org/user/Plant.aspx?LatinName=Eucalyptus+tereticornis,Manna,1,2,2,PFAF
Eucalyptus viminalis,Manna Gum,https://pfaf.org/user/Plant.aspx?LatinName=Eucalyptus+viminalis,Manna,1,3,2,PFAF
Eucalyptus youmanii,,https://pfaf.org/user/Plant.aspx?LatinName=Eucalyptus+youmanii,Rutin,1,1,0,PFAF
Euclea divinorum,Magic Guarri,https://pfaf.org/user/Plant.aspx?LatinName=Euclea+divinorum,Condiment; Inner bark; Salt,3,2,2,PFAF
Eucommia ulmoides,Gutta-Percha,https://pfaf.org/user/Plant.aspx?LatinName=Eucommia+ulmoides,Leaves,1,1,3,PFAF
Eugeissona utilis,Stilt-root Palm. Wild Borneo sago palm,https://pfaf.org/user/Plant.aspx?LatinName=Eugeissona+utilis,Apical bud; Pollen,2,2,0,PFAF
Eugenia uniflora,Brazil Cherry,https://pfaf.org/user/Plant.aspx?LatinName=Eugenia+uniflora,Drink; Tea,2,4,3,PFAF
Euodia daniellii,,https://pfaf.org/user/Plant.aspx?LatinName=Euodia+daniellii,Oil,1,2,1,PFAF
Euodia fraxinifolia,,https://pfaf.org/user/Plant.aspx?LatinName=Euodia+fraxinifolia,Fruit; Oil,2,2,1,PFAF
Euonymus alatus,"Winged Spindle Tree, Burningbush, Corky spindletree",https://pfaf.org/user/Plant.aspx?LatinName=Euonymus+alatus,Fruit; Leaves; Tea,3,1,2,PFAF
Euonymus alatus apterus,Winged Spindle Tree,https://pfaf.org/user/Plant.aspx?LatinName=Euonymus+alatus+apterus,Fruit; Leaves; Tea,3,1,2,PFAF
Euonymus atropurpureus,"Wahoo- Indian Arrow Wood - Burning Bush, Eastern wahoo",https://pfaf.org/user/Plant.aspx?LatinName=Euonymus+atropurpureus,Fruit,1,1,2,PFAF
Euonymus europaeus,"Spindle Tree, European spindletree",https://pfaf.org/user/Plant.aspx?LatinName=Euonymus+europaeus,Colouring; Manna; Oil,3,1,2,PFAF
Euonymus hamiltonianus,Hamilton's spindletree,https://pfaf.org/user/Plant.aspx?LatinName=Euonymus+hamiltonianus,Leaves,1,1,0,PFAF
Euonymus hamiltonianus maackii,,https://pfaf.org/user/Plant.aspx?LatinName=Euonymus+hamiltonianus+maackii,Leaves,1,1,0,PFAF
Euonymus hamiltonianus sieboldianus,,https://pfaf.org/user/Plant.aspx?LatinName=Euonymus+hamiltonianus+sieboldianus,Leaves,1,1,0,PFAF
Euonymus japonicus,"Japanese Spindle Tree, Box-leaf Euonymus, Evergreen Euonymus, Japanese Euonymus",https://pfaf.org/user/Plant.aspx?LatinName=Euonymus+japonicus,Colouring; Leaves,2,1,1,PFAF
Euonymus macropterus,,https://pfaf.org/user/Plant.aspx?LatinName=Euonymus+macropterus,Leaves,1,1,0,PFAF
Euonymus miyakei,,https://pfaf.org/user/Plant.aspx?LatinName=Euonymus+miyakei,Fruit,1,1,0,PFAF
Euonymus oxyphyllus,,https://pfaf.org/user/Plant.aspx?LatinName=Euonymus+oxyphyllus,Leaves,1,1,1,PFAF
Euonymus sachalinensis,Euonymus,https://pfaf.org/user/Plant.aspx?LatinName=Euonymus+sachalinensis,Leaves,1,1,0,PFAF
Euonymus tanakae,,https://pfaf.org/user/Plant.aspx?LatinName=Euonymus+tanakae,Fruit,1,1,0,PFAF
Euonymus thunbergianus,,https://pfaf.org/user/Plant.aspx?LatinName=Euonymus+thunbergianus,Tea,1,1,0,PFAF
Eupatorium chinense,,https://pfaf.org/user/Plant.aspx?LatinName=Eupatorium+chinense,Condiment,1,1,2,PFAF
Eupatorium japonicum,Pei Lan,https://pfaf.org/user/Plant.aspx?LatinName=Eupatorium+japonicum,Leaves; Root,2,1,3,PFAF
Eupatorium purpureum,Gravel Root,https://pfaf.org/user/Plant.aspx?LatinName=Eupatorium+purpureum,Salt,1,1,3,PFAF
Euphorbia antisyphilitica,Candelilla,https://pfaf.org/user/Plant.aspx?LatinName=Euphorbia+antisyphilitica,Gum,1,2,0,PFAF
Euphorbia helioscopia,Madwoman's Milk,https://pfaf.org/user/Plant.aspx?LatinName=Euphorbia+helioscopia,Stem; Tea,2,1,2,PFAF
Euphorbia hirta,"Asthma Weed, Pill-Bearing Spurge",https://pfaf.org/user/Plant.aspx?LatinName=Euphorbia+hirta,Leaves; Shoots,2,1,3,PFAF
Euphorbia humifusa,,https://pfaf.org/user/Plant.aspx?LatinName=Euphorbia+humifusa,Leaves; Shoots,2,1,2,PFAF
Euphorbia lathyris,"Caper Spurge, Moleplant",https://pfaf.org/user/Plant.aspx?LatinName=Euphorbia+lathyris,Oil; Seed,2,1,2,PFAF
Euphorbia marginata,"Mountain Snow, Ghost Spurge, Ghost Weed",https://pfaf.org/user/Plant.aspx?LatinName=Euphorbia+marginata,Gum,1,1,1,PFAF
Euphorbia serpyllifolia,Thymeleaf Sandmat,https://pfaf.org/user/Plant.aspx?LatinName=Euphorbia+serpyllifolia,Drink; Leaves; Root,3,2,2,PFAF
Euphorbia sieboldiana,,https://pfaf.org/user/Plant.aspx?LatinName=Euphorbia+sieboldiana,Leaves,1,1,2,PFAF
Euphorbia tetragona,Naboom,https://pfaf.org/user/Plant.aspx?LatinName=Euphorbia+tetragona,Nectar,1,1,1,PFAF
Euphrasia officinalis,Eyebright,https://pfaf.org/user/Plant.aspx?LatinName=Euphrasia+officinalis,Leaves,1,1,3,PFAF
Euptelea pleiosperma,,https://pfaf.org/user/Plant.aspx?LatinName=Euptelea+pleiosperma,Leaves,1,1,0,PFAF
Euptelea polyandra,Euptelea,https://pfaf.org/user/Plant.aspx?LatinName=Euptelea+polyandra,Leaves,1,1,0,PFAF
Eurya chinensis,,https://pfaf.org/user/Plant.aspx?LatinName=Eurya+chinensis,Fruit; Tea,2,2,0,PFAF
Eurya japonica,,https://pfaf.org/user/Plant.aspx?LatinName=Eurya+japonica,Tea,1,1,0,PFAF
Euryale ferox,"Foxnut, Euryale",https://pfaf.org/user/Plant.aspx?LatinName=Euryale+ferox,Fruit; Seed; Stem,3,3,2,PFAF
Euscaphis japonica,,https://pfaf.org/user/Plant.aspx?LatinName=Euscaphis+japonica,Leaves,1,1,1,PFAF
Eustrephus latifolius,Wombat Berry,https://pfaf.org/user/Plant.aspx?LatinName=Eustrephus+latifolius,Fruit; Root,2,3,0,PFAF
Euterpe edulis,"Jucara Palm, Assai Palm",https://pfaf.org/user/Plant.aspx?LatinName=Euterpe+edulis,Apical bud; Drink; Oil; Shoots,4,5,2,PFAF
Euterpe oleracea,"Acai, Assai Palm, Acai Palm",https://pfaf.org/user/Plant.aspx?LatinName=Euterpe+oleracea,Apical bud; Drink; Oil; Tea,4,5,2,PFAF
Exocarpus aphyllus,,https://pfaf.org/user/Plant.aspx?LatinName=Exocarpus+aphyllus,Fruit,1,2,1,PFAF
Exocarpus bidwillii,,https://pfaf.org/user/Plant.aspx?LatinName=Exocarpus+bidwillii,Fruit,1,2,0,PFAF
Exocarpus cupressiformis,Native Cherry,https://pfaf.org/user/Plant.aspx?LatinName=Exocarpus+cupressiformis,Fruit,1,2,1,PFAF
Exocarpus latifolius,,https://pfaf.org/user/Plant.aspx?LatinName=Exocarpus+latifolius,Fruit,1,2,0,PFAF
Exocarpus nanus,,https://pfaf.org/user/Plant.aspx?LatinName=Exocarpus+nanus,Fruit,1,2,0,PFAF
Exocarpus strictus,Pale Ballart,https://pfaf.org/user/Plant.aspx?LatinName=Exocarpus+strictus,Fruit,1,2,0,PFAF
Fagopyrum dibotrys,Perennial Buckwheat,https://pfaf.org/user/Plant.aspx?LatinName=Fagopyrum+dibotrys,Leaves; Rutin; Seed,3,4,2,PFAF
Fagopyrum esculentum,Buckwheat,https://pfaf.org/user/Plant.aspx?LatinName=Fagopyrum+esculentum,Leaves; Rutin; Seed,3,4,3,PFAF
Fagopyrum tataricum,Tartarian Buckwheat,https://pfaf.org/user/Plant.aspx?LatinName=Fagopyrum+tataricum,Leaves; Oil; Seed,3,3,1,PFAF
Fagus crenata,Japanese Beech,https://pfaf.org/user/Plant.aspx?LatinName=Fagus+crenata,Coffee; Leaves; Oil; Seed,4,2,0,PFAF
Fagus grandifolia,American Beech,https://pfaf.org/user/Plant.aspx?LatinName=Fagus+grandifolia,Coffee; Inner bark; Leaves; Oil; Seed,5,2,2,PFAF
Fagus japonica,Japanese Beech,https://pfaf.org/user/Plant.aspx?LatinName=Fagus+japonica,Coffee; Leaves; Oil; Seed,4,2,0,PFAF
Fagus longipetiolata,,https://pfaf.org/user/Plant.aspx?LatinName=Fagus+longipetiolata,Coffee; Leaves; Oil; Seed,4,2,0,PFAF
Fagus lucida,,https://pfaf.org/user/Plant.aspx?LatinName=Fagus+lucida,Coffee; Leaves; Oil; Seed,4,2,0,PFAF
Fagus orientalis,Oriental Beech,https://pfaf.org/user/Plant.aspx?LatinName=Fagus+orientalis,Coffee; Leaves; Oil; Seed,4,2,0,PFAF
Fagus sylvatica,"Beech, European beech, Common Beech",https://pfaf.org/user/Plant.aspx?LatinName=Fagus+sylvatica,Coffee; Leaves; Oil; Seed,4,4,2,PFAF
Faidherbia albida,White Acacia. White-thorn. Apple ring acacia,https://pfaf.org/user/Plant.aspx?LatinName=Faidherbia+albida,Gum,1,1,2,PFAF
Fallugia paradoxa,Apache Plume,https://pfaf.org/user/Plant.aspx?LatinName=Fallugia+paradoxa,Oil,1,0,0,PFAF
Farfugium japonicum,Leopard Plant,https://pfaf.org/user/Plant.aspx?LatinName=Farfugium+japonicum,Stem,1,1,1,PFAF
Fedia cornucopiae,,https://pfaf.org/user/Plant.aspx?LatinName=Fedia+cornucopiae,Leaves,1,2,0,PFAF
Ferula assa-foetida,"Asafoetida - Devil's Dung. Hing (Indian), Asafetida",https://pfaf.org/user/Plant.aspx?LatinName=Ferula+assa-foetida,Condiment; Gum; Leaves; Root; Shoots,5,3,3,PFAF
Ferula communis,Giant Fennel,https://pfaf.org/user/Plant.aspx?LatinName=Ferula+communis,Gum; Leaves,2,1,1,PFAF
Ferula foetida,Asafoetida,https://pfaf.org/user/Plant.aspx?LatinName=Ferula+foetida,Condiment; Gum; Leaves; Shoots,4,2,3,PFAF
Ferula gummosa,Galbanum,https://pfaf.org/user/Plant.aspx?LatinName=Ferula+gummosa,Condiment,1,2,2,PFAF
Ferula karelinii,,https://pfaf.org/user/Plant.aspx?LatinName=Ferula+karelinii,Root,1,1,0,PFAF
Ferula longifolia,,https://pfaf.org/user/Plant.aspx?LatinName=Ferula+longifolia,Root,1,1,0,PFAF
Ferula marmarica,,https://pfaf.org/user/Plant.aspx?LatinName=Ferula+marmarica,Gum,1,0,0,PFAF
Ferula moschata,Musk Root,https://pfaf.org/user/Plant.aspx?LatinName=Ferula+moschata,Gum,1,0,2,PFAF
Ferula narthex,Ferula,https://pfaf.org/user/Plant.aspx?LatinName=Ferula+narthex,Condiment; Gum; Leaves; Shoots,4,2,2,PFAF
Ferula persica,,https://pfaf.org/user/Plant.aspx?LatinName=Ferula+persica,Gum,1,0,1,PFAF
Ferula schair,,https://pfaf.org/user/Plant.aspx?LatinName=Ferula+schair,Gum,1,0,0,PFAF
Ferula szowitziana,,https://pfaf.org/user/Plant.aspx?LatinName=Ferula+szowitziana,Gum,1,0,0,PFAF
Ferula tingitana,,https://pfaf.org/user/Plant.aspx?LatinName=Ferula+tingitana,Gum,1,0,0,PFAF
Festuca ovina,Sheep's Fescue,https://pfaf.org/user/Plant.aspx?LatinName=Festuca+ovina,Seed,1,1,0,PFAF
Fibigia clypeata,,https://pfaf.org/user/Plant.aspx?LatinName=Fibigia+clypeata,Leaves,1,2,0,PFAF
Ficus carica,"Fig, Edible fig, Fig Common",https://pfaf.org/user/Plant.aspx?LatinName=Ficus+carica,Curdling agent; Fruit; Sap,3,4,2,PFAF
Ficus palmata,"Wild Fig, Punjab fig",https://pfaf.org/user/Plant.aspx?LatinName=Ficus+palmata,Fruit,1,2,1,PFAF
Ficus racemosa,Cluster Fig,https://pfaf.org/user/Plant.aspx?LatinName=Ficus+racemosa,Drink; Shoots,2,3,2,PFAF
Filipendula kamtschatica,,https://pfaf.org/user/Plant.aspx?LatinName=Filipendula+kamtschatica,Leaves; Root; Shoots,3,2,0,PFAF
Filipendula multijuga,,https://pfaf.org/user/Plant.aspx?LatinName=Filipendula+multijuga,Leaves; Shoots,2,1,0,PFAF
Filipendula ulmaria,"Meadowsweet, Queen of the meadow, Double Lady of the Meadow, European Meadowsweet",https://pfaf.org/user/Plant.aspx?LatinName=Filipendula+ulmaria,Condiment; Flowers; Leaves; Root; Tea,5,3,3,PFAF
Filipendula vulgaris,"Dropwort, Meadowsweet",https://pfaf.org/user/Plant.aspx?LatinName=Filipendula+vulgaris,Leaves; Root,2,2,1,PFAF
Firmiana simplex,"Chinese Parasol Tree, Chinese parasoltree, Japanese Varnish Tree, Chinese Parasol Tree",https://pfaf.org/user/Plant.aspx?LatinName=Firmiana+simplex,Seed,1,1,1,PFAF
Flemingia macrophylla,Enoki-mame,https://pfaf.org/user/Plant.aspx?LatinName=Flemingia+macrophylla,Seedpod,1,1,2,PFAF
Foeniculum vulgare,"Fennel, Sweet fennel",https://pfaf.org/user/Plant.aspx?LatinName=Foeniculum+vulgare,Condiment; Drink; Flowers; Leaves; Oil; Root; Seed; Stem; Tea,9,5,3,PFAF
Foeniculum vulgare azoricum,Florence Fennel,https://pfaf.org/user/Plant.aspx?LatinName=Foeniculum+vulgare+azoricum,Condiment; Leaves; Root; Seed; Stem,5,3,3,PFAF
Foeniculum vulgare dulce,Sweet Fennel,https://pfaf.org/user/Plant.aspx?LatinName=Foeniculum+vulgare+dulce,Leaves; Root; Seed; Stem,4,4,3,PFAF
Forestiera acuminata,"Swamp Privet, Eastern swampprivet",https://pfaf.org/user/Plant.aspx?LatinName=Forestiera+acuminata,Fruit,1,1,1,PFAF
Forestiera neomexicana,Wild Olive,https://pfaf.org/user/Plant.aspx?LatinName=Forestiera+neomexicana,Fruit,1,2,0,PFAF
Forsythia suspensa,"Lian Qiao, Weeping forsythia",https://pfaf.org/user/Plant.aspx?LatinName=Forsythia+suspensa,Leaves; Rutin,2,1,3,PFAF
Fortunella japonica,Round Kumquat,https://pfaf.org/user/Plant.aspx?LatinName=Fortunella+japonica,Fruit; Pectin,2,3,1,PFAF
Fortunella margarita,Oval Kumquat,https://pfaf.org/user/Plant.aspx?LatinName=Fortunella+margarita,Fruit; Pectin,2,3,0,PFAF
Fouquieria splendens,Ocotillo. Coach whip,https://pfaf.org/user/Plant.aspx?LatinName=Fouquieria+splendens,Flowers,1,2,2,PFAF
Fragaria,"Strawberry, Beach strawberry, Pacific beach strawberry, Sandwich beach strawberry, Virginia strawber",https://pfaf.org/user/Plant.aspx?LatinName=Fragaria,Fruit,1,3,0,PFAF
Fragaria bracteata,Woodland Strawberry,https://pfaf.org/user/Plant.aspx?LatinName=Fragaria+bracteata,Fruit; Tea,2,5,0,PFAF
Fragaria californica,Californian Strawberry,https://pfaf.org/user/Plant.aspx?LatinName=Fragaria+californica,Fruit; Tea,2,2,1,PFAF
Fragaria chiloensis,"Beach Strawberry, Pacific beach strawberry, Sandwich beach strawberry",https://pfaf.org/user/Plant.aspx?LatinName=Fragaria+chiloensis,Fruit; Tea,2,3,1,PFAF
Fragaria daltoniana,,https://pfaf.org/user/Plant.aspx?LatinName=Fragaria+daltoniana,Fruit,1,2,1,PFAF
Fragaria iinumae,Strawberry,https://pfaf.org/user/Plant.aspx?LatinName=Fragaria+iinumae,Fruit; Leaves,2,2,0,PFAF
Fragaria moschata,Hautbois Strawberry,https://pfaf.org/user/Plant.aspx?LatinName=Fragaria+moschata,Fruit,1,3,0,PFAF
Fragaria nilgerrensis,,https://pfaf.org/user/Plant.aspx?LatinName=Fragaria+nilgerrensis,Fruit,1,2,0,PFAF
Fragaria nipponica,,https://pfaf.org/user/Plant.aspx?LatinName=Fragaria+nipponica,Fruit,1,2,0,PFAF
Fragaria nubicola,Indian Strawberry,https://pfaf.org/user/Plant.aspx?LatinName=Fragaria+nubicola,Fruit,1,2,1,PFAF
Fragaria orientalis,,https://pfaf.org/user/Plant.aspx?LatinName=Fragaria+orientalis,Fruit,1,3,0,PFAF
Fragaria ovalis,Rocky Mountain Strawberry,https://pfaf.org/user/Plant.aspx?LatinName=Fragaria+ovalis,Fruit; Tea,2,3,0,PFAF
Fragaria vesca,"Wild Strawberry, Woodland strawberry, California strawberry",https://pfaf.org/user/Plant.aspx?LatinName=Fragaria+vesca,Coffee; Fruit; Leaves; Tea,4,3,3,PFAF
Fragaria vesca 'Semperflorens',Alpine Strawberry,https://pfaf.org/user/Plant.aspx?LatinName=Fragaria+vesca+%27Semperflorens%27,Coffee; Fruit; Leaves; Tea,4,5,3,PFAF
Fragaria virginiana,"Scarlet Strawberry, Virginia strawberry",https://pfaf.org/user/Plant.aspx?LatinName=Fragaria+virginiana,Fruit; Tea,2,3,2,PFAF
Fragaria viridis,Green Strawberry,https://pfaf.org/user/Plant.aspx?LatinName=Fragaria+viridis,Fruit,1,3,0,PFAF
Fragaria x ananassa,Strawberry,https://pfaf.org/user/Plant.aspx?LatinName=Fragaria+x+ananassa,Fruit; Leaves,2,5,0,PFAF
Frasera speciosa,"Green Gentian, Elkweed",https://pfaf.org/user/Plant.aspx?LatinName=Frasera+speciosa,Root,1,1,2,PFAF
Fraxinus americana,White Ash,https://pfaf.org/user/Plant.aspx?LatinName=Fraxinus+americana,Drink,1,1,2,PFAF
Fraxinus angustifolia,Narrow-Leaved Ash,https://pfaf.org/user/Plant.aspx?LatinName=Fraxinus+angustifolia,Condiment,1,1,0,PFAF
Fraxinus excelsior,"Ash, European ash, Common Ash",https://pfaf.org/user/Plant.aspx?LatinName=Fraxinus+excelsior,Manna; Oil; Seed; Tea,4,2,2,PFAF
Fraxinus floribunda,Himalayan Ash,https://pfaf.org/user/Plant.aspx?LatinName=Fraxinus+floribunda,Manna,1,2,2,PFAF
Fraxinus ornus,"Manna Ash, Flowering ash",https://pfaf.org/user/Plant.aspx?LatinName=Fraxinus+ornus,Manna,1,3,3,PFAF
Fraxinus pennsylvanica,"Red Ash, Green ash, Water Ash",https://pfaf.org/user/Plant.aspx?LatinName=Fraxinus+pennsylvanica,Inner bark,1,1,1,PFAF
Fritillaria affinis,"Chocolate Lily, Checker lily",https://pfaf.org/user/Plant.aspx?LatinName=Fritillaria+affinis,Root; Seedpod,2,3,0,PFAF
Fritillaria atropurpurea,"Purple Fritillary, Spotted fritillary",https://pfaf.org/user/Plant.aspx?LatinName=Fritillaria+atropurpurea,Root,1,2,1,PFAF
Fritillaria camschatcensis,"Kamchatka Lily, Kamchatka fritillary",https://pfaf.org/user/Plant.aspx?LatinName=Fritillaria+camschatcensis,Root; Seedpod,2,4,0,PFAF
Fritillaria cirrhosa,Chuan Bei Mu,https://pfaf.org/user/Plant.aspx?LatinName=Fritillaria+cirrhosa,Root,1,2,3,PFAF
Fritillaria imperialis,"Crown Imperial, Imperial fritillary, Crown Imperial Fritillary",https://pfaf.org/user/Plant.aspx?LatinName=Fritillaria+imperialis,Root,1,2,1,PFAF
Fritillaria pudica,Yellow Fritillary,https://pfaf.org/user/Plant.aspx?LatinName=Fritillaria+pudica,Root; Seedpod,2,3,0,PFAF
Fritillaria thunbergii,Zhe Bei Mu,https://pfaf.org/user/Plant.aspx?LatinName=Fritillaria+thunbergii,Leaves; Root,2,2,3,PFAF
Fritillaria verticillata,,https://pfaf.org/user/Plant.aspx?LatinName=Fritillaria+verticillata,Flowers; Leaves; Root,3,2,3,PFAF
Fuchsia boliviana,Bolivian fuchsia,https://pfaf.org/user/Plant.aspx?LatinName=Fuchsia+boliviana,Fruit,1,3,0,PFAF
Fuchsia colensoi,,https://pfaf.org/user/Plant.aspx?LatinName=Fuchsia+colensoi,Fruit; Sap,2,2,0,PFAF
Fuchsia corymbiflora,"Peruvian Fuschia, Peruvian Berrybush, Vine fuchsia,",https://pfaf.org/user/Plant.aspx?LatinName=Fuchsia+corymbiflora,Fruit,1,3,0,PFAF
Fuchsia denticulata,,https://pfaf.org/user/Plant.aspx?LatinName=Fuchsia+denticulata,Fruit,1,3,0,PFAF
Fuchsia excorticata,Konini,https://pfaf.org/user/Plant.aspx?LatinName=Fuchsia+excorticata,Fruit; Sap,2,2,0,PFAF
Fuchsia fulgens,,https://pfaf.org/user/Plant.aspx?LatinName=Fuchsia+fulgens,Drink; Fruit,2,3,0,PFAF
Fuchsia hemsleyana,,https://pfaf.org/user/Plant.aspx?LatinName=Fuchsia+hemsleyana,Fruit,1,3,0,PFAF
Fuchsia magellanica,"Fuchsia, Hardy fuchsia",https://pfaf.org/user/Plant.aspx?LatinName=Fuchsia+magellanica,Fruit,1,2,1,PFAF
Fuchsia microphylla,,https://pfaf.org/user/Plant.aspx?LatinName=Fuchsia+microphylla,Fruit,1,3,0,PFAF
Fuchsia paniculata,Shrubby fuchsia,https://pfaf.org/user/Plant.aspx?LatinName=Fuchsia+paniculata,Fruit,1,2,0,PFAF
Fuchsia procumbens,Trailing Fuchsia,https://pfaf.org/user/Plant.aspx?LatinName=Fuchsia+procumbens,Fruit,1,2,0,PFAF
Fuchsia splendens,Platanillo,https://pfaf.org/user/Plant.aspx?LatinName=Fuchsia+splendens,Fruit,1,4,0,PFAF
Fumaria officinalis,"Fumitory, Drug fumitory",https://pfaf.org/user/Plant.aspx?LatinName=Fumaria+officinalis,Curdling agent,1,1,3,PFAF
Furcraea andina,"Pacpa, Fique",https://pfaf.org/user/Plant.aspx?LatinName=Furcraea+andina,Flowers,1,1,1,PFAF
Gagea lutea,Yellow Star Of Bethlehem,https://pfaf.org/user/Plant.aspx?LatinName=Gagea+lutea,Leaves; Root,2,1,0,PFAF
Gaillardia pinnatifida,"Blanket Flower, Red dome blanketflower",https://pfaf.org/user/Plant.aspx?LatinName=Gaillardia+pinnatifida,Seed,1,2,1,PFAF
Galactites tomentosa,,https://pfaf.org/user/Plant.aspx?LatinName=Galactites+tomentosa,Leaves; Shoots; Stem,3,1,0,PFAF
Galega officinalis,"Goat's Rue, Professor-weed",https://pfaf.org/user/Plant.aspx?LatinName=Galega+officinalis,Curdling agent; Leaves,2,2,3,PFAF
Galeopsis bifida,Splitlip hempnettle,https://pfaf.org/user/Plant.aspx?LatinName=Galeopsis+bifida,Oil,1,0,0,PFAF
Galeopsis ladanum,"Broadleaf Hemp Nettle, Red hempnettle",https://pfaf.org/user/Plant.aspx?LatinName=Galeopsis+ladanum,Oil,1,0,0,PFAF
Galeopsis speciosa,"Large Flowered Hemp Nettle, Edmonton hempnettle",https://pfaf.org/user/Plant.aspx?LatinName=Galeopsis+speciosa,Oil,1,0,0,PFAF
Galeopsis tetrahit,"Common Hemp Nettle, Brittlestem hempnettle",https://pfaf.org/user/Plant.aspx?LatinName=Galeopsis+tetrahit,Oil,1,0,1,PFAF
Galinsoga parviflora,Gallant Soldier,https://pfaf.org/user/Plant.aspx?LatinName=Galinsoga+parviflora,Condiment; Drink; Flowers; Leaves; Shoots; Stem,6,2,1,PFAF
Galium aparine,"Goosegrass, Coachweed, Catchweed, Stickywilly",https://pfaf.org/user/Plant.aspx?LatinName=Galium+aparine,Coffee; Leaves; Shoots; Tea,4,2,3,PFAF
Galium boreale,Northern Bedstraw,https://pfaf.org/user/Plant.aspx?LatinName=Galium+boreale,Leaves; Tea,2,2,2,PFAF
Galium gracile,,https://pfaf.org/user/Plant.aspx?LatinName=Galium+gracile,Leaves,1,1,2,PFAF
Galium mollugo,"Hedge Bedstraw, False baby's breath",https://pfaf.org/user/Plant.aspx?LatinName=Galium+mollugo,Leaves,1,1,2,PFAF
Galium odoratum,"Sweet Woodruff, Sweetscented bedstraw, Bedstraw",https://pfaf.org/user/Plant.aspx?LatinName=Galium+odoratum,Condiment; Drink; Flowers; Leaves; Tea,5,3,3,PFAF
Galium spurium,False Cleavers,https://pfaf.org/user/Plant.aspx?LatinName=Galium+spurium,Leaves,1,1,2,PFAF
Galium triflorum,Fragrant Bedstraw,https://pfaf.org/user/Plant.aspx?LatinName=Galium+triflorum,Leaves; Tea,2,1,2,PFAF
Galium verum,"Lady's Bedstraw, Yellow Spring bedstraw, Wirtgen's bedstraw",https://pfaf.org/user/Plant.aspx?LatinName=Galium+verum,Coffee; Colouring; Curdling agent; Drink; Leaves; Seed,6,3,2,PFAF
Garcinia kola,Bitter Kola,https://pfaf.org/user/Plant.aspx?LatinName=Garcinia+kola,Gum,1,3,4,PFAF
Garcinia madruno,"Madruno, Charichuela, Madrono",https://pfaf.org/user/Plant.aspx?LatinName=Garcinia+madruno,Drink,1,4,2,PFAF
Garcinia mangostana,"Mangosteen, Manggis",https://pfaf.org/user/Plant.aspx?LatinName=Garcinia+mangostana,Condiment,1,5,2,PFAF
Gastrodia cunninghamii,,https://pfaf.org/user/Plant.aspx?LatinName=Gastrodia+cunninghamii,Root,1,2,0,PFAF
Gastrodia elata,Tien Ma,https://pfaf.org/user/Plant.aspx?LatinName=Gastrodia+elata,Root,1,2,3,PFAF
Gastrodia sesamoides,Potato Orchid,https://pfaf.org/user/Plant.aspx?LatinName=Gastrodia+sesamoides,Leaves; Root,2,2,0,PFAF
Gaultheria adenothrix,,https://pfaf.org/user/Plant.aspx?LatinName=Gaultheria+adenothrix,Fruit,1,3,0,PFAF
Gaultheria antipoda,Snowberry,https://pfaf.org/user/Plant.aspx?LatinName=Gaultheria+antipoda,Fruit,1,2,0,PFAF
Gaultheria appressa,White Waxberry,https://pfaf.org/user/Plant.aspx?LatinName=Gaultheria+appressa,Fruit,1,2,0,PFAF
Gaultheria cumingiana,,https://pfaf.org/user/Plant.aspx?LatinName=Gaultheria+cumingiana,Fruit,1,2,2,PFAF
Gaultheria depressa,Mountain Snowberry,https://pfaf.org/user/Plant.aspx?LatinName=Gaultheria+depressa,Fruit,1,2,0,PFAF
Gaultheria fragrantissima,Fragrant Wintergreen,https://pfaf.org/user/Plant.aspx?LatinName=Gaultheria+fragrantissima,Condiment; Fruit; Leaves; Tea,4,2,2,PFAF
Gaultheria griffithianum,,https://pfaf.org/user/Plant.aspx?LatinName=Gaultheria+griffithianum,Fruit,1,2,0,PFAF
Gaultheria hispida,Snowberry,https://pfaf.org/user/Plant.aspx?LatinName=Gaultheria+hispida,Fruit,1,2,1,PFAF
Gaultheria hispidula,Creeping Snowberry,https://pfaf.org/user/Plant.aspx?LatinName=Gaultheria+hispidula,Fruit; Leaves; Tea,3,4,1,PFAF
Gaultheria humifusa,"Alpine Wintergreen, Alpine spicywintergreen",https://pfaf.org/user/Plant.aspx?LatinName=Gaultheria+humifusa,Fruit; Leaves; Tea,3,4,0,PFAF
Gaultheria japonica,Creeping Snowberry,https://pfaf.org/user/Plant.aspx?LatinName=Gaultheria+japonica,Fruit; Leaves; Tea,3,4,1,PFAF
Gaultheria macrostigma,,https://pfaf.org/user/Plant.aspx?LatinName=Gaultheria+macrostigma,Fruit,1,2,0,PFAF
Gaultheria mucronata,Prickly heath,https://pfaf.org/user/Plant.aspx?LatinName=Gaultheria+mucronata,Fruit,1,4,0,PFAF
Gaultheria myrsinoides,,https://pfaf.org/user/Plant.aspx?LatinName=Gaultheria+myrsinoides,Fruit,1,2,0,PFAF
Gaultheria nummularioides,,https://pfaf.org/user/Plant.aspx?LatinName=Gaultheria+nummularioides,Fruit,1,2,0,PFAF
Gaultheria ovatifolia,"Mountain Checkerberry, Western teaberry",https://pfaf.org/user/Plant.aspx?LatinName=Gaultheria+ovatifolia,Fruit,1,3,0,PFAF
Gaultheria procumbens,"Checkerberry, Eastern teaberry, Teaberry, Creeping Wintergreen",https://pfaf.org/user/Plant.aspx?LatinName=Gaultheria+procumbens,Condiment; Fruit; Leaves; Tea,4,4,3,PFAF
Gaultheria pumila,,https://pfaf.org/user/Plant.aspx?LatinName=Gaultheria+pumila,Fruit,1,2,0,PFAF
Gaultheria pumila leucocarpa,,https://pfaf.org/user/Plant.aspx?LatinName=Gaultheria+pumila+leucocarpa,Fruit,1,2,0,PFAF
Gaultheria pyroliifolia,,https://pfaf.org/user/Plant.aspx?LatinName=Gaultheria+pyroliifolia,Fruit,1,2,0,PFAF
Gaultheria pyroloides,,https://pfaf.org/user/Plant.aspx?LatinName=Gaultheria+pyroloides,Fruit,1,3,0,PFAF
Gaultheria rigida,,https://pfaf.org/user/Plant.aspx?LatinName=Gaultheria+rigida,Fruit,1,1,0,PFAF
Gaultheria sclelophylla,,https://pfaf.org/user/Plant.aspx?LatinName=Gaultheria+sclelophylla,Fruit,1,2,0,PFAF
Gaultheria shallon,"Shallon, Salal",https://pfaf.org/user/Plant.aspx?LatinName=Gaultheria+shallon,Fruit; Tea,2,5,2,PFAF
Gaultheria trichophylla,,https://pfaf.org/user/Plant.aspx?LatinName=Gaultheria+trichophylla,Fruit,1,2,0,PFAF
Gaultheria x wisleyensis,,https://pfaf.org/user/Plant.aspx?LatinName=Gaultheria+x+wisleyensis,Fruit,1,2,0,PFAF
Gaylussacia baccata,Black Huckleberry,https://pfaf.org/user/Plant.aspx?LatinName=Gaylussacia+baccata,Fruit,1,4,1,PFAF
Gaylussacia brachycera,Box Huckleberry,https://pfaf.org/user/Plant.aspx?LatinName=Gaylussacia+brachycera,Fruit,1,2,0,PFAF
Gaylussacia dumosa,Dwarf Huckleberry,https://pfaf.org/user/Plant.aspx?LatinName=Gaylussacia+dumosa,Fruit,1,3,0,PFAF
Gaylussacia frondosa,"Dangleberry, Blue huckleberry",https://pfaf.org/user/Plant.aspx?LatinName=Gaylussacia+frondosa,Fruit,1,3,0,PFAF
Gaylussacia ursina,Bear Huckleberry,https://pfaf.org/user/Plant.aspx?LatinName=Gaylussacia+ursina,Fruit,1,2,0,PFAF
Geitonoplesium cymosum,Scrambling Lily,https://pfaf.org/user/Plant.aspx?LatinName=Geitonoplesium+cymosum,Leaves; Shoots,2,2,0,PFAF
Genista tinctoria,"Dyer's Greenweed, Common Woadwaxen, Broom",https://pfaf.org/user/Plant.aspx?LatinName=Genista+tinctoria,Coffee; Condiment; Leaves,3,1,2,PFAF
Gentiana lutea,Yellow Gentian,https://pfaf.org/user/Plant.aspx?LatinName=Gentiana+lutea,Condiment,1,1,5,PFAF
Gentiana macrophylla,Qin Jiao,https://pfaf.org/user/Plant.aspx?LatinName=Gentiana+macrophylla,Leaves,1,1,3,PFAF
Gentiana scabra,Long Dan Cao,https://pfaf.org/user/Plant.aspx?LatinName=Gentiana+scabra,Leaves,1,1,3,PFAF
Gentiana scabra buergeri,,https://pfaf.org/user/Plant.aspx?LatinName=Gentiana+scabra+buergeri,Leaves,1,1,3,PFAF
Gentiana thunbergii,,https://pfaf.org/user/Plant.aspx?LatinName=Gentiana+thunbergii,Leaves,1,1,2,PFAF
Geocaulon lividum,False Toadflax,https://pfaf.org/user/Plant.aspx?LatinName=Geocaulon+lividum,Fruit,1,1,1,PFAF
Geodorum densiflorum,Nodding Swamp Orchid,https://pfaf.org/user/Plant.aspx?LatinName=Geodorum+densiflorum,Gum,1,0,2,PFAF
Geranium bicknellii,Bicknell's cranesbill,https://pfaf.org/user/Plant.aspx?LatinName=Geranium+bicknellii,Flowers; Leaves,2,1,1,PFAF
Geranium dissectum,"Cut-Leafed Cranesbill, Cutleaf geranium",https://pfaf.org/user/Plant.aspx?LatinName=Geranium+dissectum,Root,1,1,2,PFAF
Geranium erianthum,Wooly Geranium,https://pfaf.org/user/Plant.aspx?LatinName=Geranium+erianthum,Flowers; Leaves,2,1,1,PFAF
Geranium incanum,"Geranium, Cranesbill",https://pfaf.org/user/Plant.aspx?LatinName=Geranium+incanum,Tea,1,1,0,PFAF
Geranium nepalense,Nepalese Crane's Bill,https://pfaf.org/user/Plant.aspx?LatinName=Geranium+nepalense,Fruit; Leaves,2,1,2,PFAF
Geranium pilosum,,https://pfaf.org/user/Plant.aspx?LatinName=Geranium+pilosum,Root,1,1,0,PFAF
Geranium potentilloides,"Native Carrot, Cinquefoil geranium",https://pfaf.org/user/Plant.aspx?LatinName=Geranium+potentilloides,Root,1,1,0,PFAF
Geranium solanderi,Solander's Geranium,https://pfaf.org/user/Plant.aspx?LatinName=Geranium+solanderi,Root,1,1,0,PFAF
Geranium thunbergii,Thunberg's geranium,https://pfaf.org/user/Plant.aspx?LatinName=Geranium+thunbergii,Leaves; Tea,2,1,1,PFAF
Geranium tuberosum,,https://pfaf.org/user/Plant.aspx?LatinName=Geranium+tuberosum,Root,1,2,0,PFAF
Geranium viscosissimum,"Sticky Geranium, Sticky purple geranium",https://pfaf.org/user/Plant.aspx?LatinName=Geranium+viscosissimum,Flowers; Leaves,2,1,2,PFAF
Geum canadense,"White Avens, Texan avens",https://pfaf.org/user/Plant.aspx?LatinName=Geum+canadense,Chocolate,1,2,0,PFAF
Geum rivale,"Water Avens, Purple avens",https://pfaf.org/user/Plant.aspx?LatinName=Geum+rivale,Chocolate; Condiment; Drink,3,3,2,PFAF
Geum triflorum,"Purple Avens, Old man's whiskers, Prairie Smoke",https://pfaf.org/user/Plant.aspx?LatinName=Geum+triflorum,Tea,1,2,2,PFAF
Geum urbanum,"Wood Avens, Bennet's Root - Old man's whiskers, Herb bennet",https://pfaf.org/user/Plant.aspx?LatinName=Geum+urbanum,Condiment; Drink; Root,3,3,3,PFAF
Gevuina avellana,Chilean Hazel,https://pfaf.org/user/Plant.aspx?LatinName=Gevuina+avellana,Coffee; Seed,2,3,0,PFAF
Gigantochloa albociliata,Clumping bamboo,https://pfaf.org/user/Plant.aspx?LatinName=Gigantochloa+albociliata,Shoots,1,3,0,PFAF
Gigantochloa apus,Watho. Tabashir Bamboo,https://pfaf.org/user/Plant.aspx?LatinName=Gigantochloa+apus,Shoots,1,2,0,PFAF
Gigantochloa atroviolacea,Black Bamboo. Giant Black bamboo,https://pfaf.org/user/Plant.aspx?LatinName=Gigantochloa+atroviolacea,Shoots,1,2,0,PFAF
Gigantochloa balui,Clumping Bamboo,https://pfaf.org/user/Plant.aspx?LatinName=Gigantochloa+balui,Shoots,1,2,0,PFAF
Gigantochloa hasskarliana,Awi Tela,https://pfaf.org/user/Plant.aspx?LatinName=Gigantochloa+hasskarliana,Shoots; Stem,2,4,0,PFAF
Gigantochloa levis,"Bulo semilang, Buloh seremai, Bolo",https://pfaf.org/user/Plant.aspx?LatinName=Gigantochloa+levis,Shoots,1,3,2,PFAF
Gigantochloa verticillata,"Whorled bamboo, Giant stripy bamboo",https://pfaf.org/user/Plant.aspx?LatinName=Gigantochloa+verticillata,Shoots,1,3,0,PFAF
Ginkgo biloba,"Maidenhair Tree, Ginkgo",https://pfaf.org/user/Plant.aspx?LatinName=Ginkgo+biloba,Oil; Seed,2,5,5,PFAF
Gladiolus cruentus,,https://pfaf.org/user/Plant.aspx?LatinName=Gladiolus+cruentus,Flowers,1,1,0,PFAF
Gladiolus dalenii,Cornflag,https://pfaf.org/user/Plant.aspx?LatinName=Gladiolus+dalenii,Flowers; Nectar,2,1,0,PFAF
Gladiolus permeabilis edulis,,https://pfaf.org/user/Plant.aspx?LatinName=Gladiolus+permeabilis+edulis,Root,1,2,0,PFAF
Gladiolus quartinianus,,https://pfaf.org/user/Plant.aspx?LatinName=Gladiolus+quartinianus,Root,1,2,0,PFAF
Glaucium flavum,"Horned Poppy, Yellow hornpoppy",https://pfaf.org/user/Plant.aspx?LatinName=Glaucium+flavum,Oil,1,2,1,PFAF
Glaux maritima,"Black Saltwort, Sea milkwort",https://pfaf.org/user/Plant.aspx?LatinName=Glaux+maritima,Root; Shoots,2,2,1,PFAF
Glechoma hederacea,"Ground Ivy, Field Balm, Gill Over The Ground, Runaway Robin",https://pfaf.org/user/Plant.aspx?LatinName=Glechoma+hederacea,Condiment; Tea,2,2,3,PFAF
Gleditsia caspica,Caspian Locust,https://pfaf.org/user/Plant.aspx?LatinName=Gleditsia+caspica,Seed,1,1,0,PFAF
Gleditsia japonica,,https://pfaf.org/user/Plant.aspx?LatinName=Gleditsia+japonica,Seed,1,3,1,PFAF
Gleditsia koraiensis,Korean Honey Locust,https://pfaf.org/user/Plant.aspx?LatinName=Gleditsia+koraiensis,Seedpod,1,2,2,PFAF
Gleditsia sinensis,Locust,https://pfaf.org/user/Plant.aspx?LatinName=Gleditsia+sinensis,Seed,1,3,3,PFAF
Gleditsia triacanthos,Honey Locust,https://pfaf.org/user/Plant.aspx?LatinName=Gleditsia+triacanthos,Coffee; Drink; Gum; Seed; Seedpod; Sweetener,6,3,2,PFAF
Glehnia littoralis,"Bei Sha Shen, American silvertop",https://pfaf.org/user/Plant.aspx?LatinName=Glehnia+littoralis,Condiment; Root,2,2,2,PFAF
Gliricidia sepium,"Gliricidia, Forest Lilac, Mexican Lilac",https://pfaf.org/user/Plant.aspx?LatinName=Gliricidia+sepium,Flowers,1,2,2,PFAF
Glochidion puberum,Needlebush,https://pfaf.org/user/Plant.aspx?LatinName=Glochidion+puberum,Oil,1,0,2,PFAF
Glyceria acutiflora,Creeping mannagrass,https://pfaf.org/user/Plant.aspx?LatinName=Glyceria+acutiflora,Seed,1,1,0,PFAF
Glyceria borealis,Small floating mannagrass,https://pfaf.org/user/Plant.aspx?LatinName=Glyceria+borealis,Seed,1,2,0,PFAF
Glyceria fluitans,"Floating Manna Grass, Water mannagrass",https://pfaf.org/user/Plant.aspx?LatinName=Glyceria+fluitans,Seed,1,3,0,PFAF
Glyceria occidentalis,Northwestern mannagrass,https://pfaf.org/user/Plant.aspx?LatinName=Glyceria+occidentalis,Seed,1,1,0,PFAF
Glyceria plicata,,https://pfaf.org/user/Plant.aspx?LatinName=Glyceria+plicata,Seed,1,1,0,PFAF
Glyceria septentrionalis,"Eastern Manna Grass, Floating mannagrass",https://pfaf.org/user/Plant.aspx?LatinName=Glyceria+septentrionalis,Seed,1,1,0,PFAF
Glyceria striata,"Fowl Manna Grass, Fowl mannagrass",https://pfaf.org/user/Plant.aspx?LatinName=Glyceria+striata,Seed,1,1,0,PFAF
Glycine max,Soya Bean,https://pfaf.org/user/Plant.aspx?LatinName=Glycine+max,Coffee; Milk; Oil; Seed; Seedpod,5,4,2,PFAF
Glycine soja,Wild Soya Bean,https://pfaf.org/user/Plant.aspx?LatinName=Glycine+soja,Coffee; Milk; Oil; Seed; Seedpod,5,3,2,PFAF
Glycine spp.,Perennial Soybean,https://pfaf.org/user/Plant.aspx?LatinName=Glycine+spp.,Oil; Seedpod,2,4,3,PFAF
Glycine tabacina,"Glycine Pea, Glycine",https://pfaf.org/user/Plant.aspx?LatinName=Glycine+tabacina,Root,1,2,0,PFAF
Glycyrrhiza aspera,,https://pfaf.org/user/Plant.aspx?LatinName=Glycyrrhiza+aspera,Tea,1,1,0,PFAF
Glycyrrhiza echinata,"Wild Liquorice, Chinese licorice",https://pfaf.org/user/Plant.aspx?LatinName=Glycyrrhiza+echinata,Root; Sweetener; Tea,3,4,3,PFAF
Glycyrrhiza glabra,"Liquorice, Cultivated licorice",https://pfaf.org/user/Plant.aspx?LatinName=Glycyrrhiza+glabra,Root; Sweetener; Tea,3,4,4,PFAF
Glycyrrhiza lepidota,American Liquorice,https://pfaf.org/user/Plant.aspx?LatinName=Glycyrrhiza+lepidota,Root; Shoots,2,4,3,PFAF
Glycyrrhiza malensis,,https://pfaf.org/user/Plant.aspx?LatinName=Glycyrrhiza+malensis,Root,1,2,0,PFAF
Glycyrrhiza uralensis,Gan Cao,https://pfaf.org/user/Plant.aspx?LatinName=Glycyrrhiza+uralensis,Root; Sweetener,2,3,4,PFAF
Gmelina arborea,"Gmelina, Snapdragon, White Teak",https://pfaf.org/user/Plant.aspx?LatinName=Gmelina+arborea,Flowers,1,2,2,PFAF
Gnetum africanum,"Eru, African Jointfir",https://pfaf.org/user/Plant.aspx?LatinName=Gnetum+africanum,Sap,1,4,2,PFAF
Gnetum buchholzianum,Jointfir,https://pfaf.org/user/Plant.aspx?LatinName=Gnetum+buchholzianum,Condiment; Sap,2,4,2,PFAF
Gnetum gnemon,"Jointfir, Melinjo, Meninjau",https://pfaf.org/user/Plant.aspx?LatinName=Gnetum+gnemon,Condiment; Drink; Flowers; Sap,4,3,1,PFAF
Goodyera oblongifolia,Western Rattlesnake Plantain,https://pfaf.org/user/Plant.aspx?LatinName=Goodyera+oblongifolia,Gum,1,1,1,PFAF
Gossypium arboreum,Tree Cotton,https://pfaf.org/user/Plant.aspx?LatinName=Gossypium+arboreum,Oil,1,2,1,PFAF
Gossypium barbadense,Sea Island Cotton,https://pfaf.org/user/Plant.aspx?LatinName=Gossypium+barbadense,Oil,1,3,2,PFAF
Gossypium herbaceum,Levant cotton,https://pfaf.org/user/Plant.aspx?LatinName=Gossypium+herbaceum,Coffee; Oil,2,3,3,PFAF
Gossypium hirsutum,Upland Cotton,https://pfaf.org/user/Plant.aspx?LatinName=Gossypium+hirsutum,Oil,1,2,1,PFAF
Gouania lupuloides,Chew Stick,https://pfaf.org/user/Plant.aspx?LatinName=Gouania+lupuloides,Drink; Stem,2,2,2,PFAF
Greigia sphacelata,,https://pfaf.org/user/Plant.aspx?LatinName=Greigia+sphacelata,Fruit,1,1,0,PFAF
Grevillea robusta,Silky Oak,https://pfaf.org/user/Plant.aspx?LatinName=Grevillea+robusta,Gum; Nectar,2,2,0,PFAF
Grewia biloba parviflora,,https://pfaf.org/user/Plant.aspx?LatinName=Grewia+biloba+parviflora,Fruit,1,1,0,PFAF
Grewia oppositifolia,,https://pfaf.org/user/Plant.aspx?LatinName=Grewia+oppositifolia,Fruit,1,2,0,PFAF
Griffonia simplicifolia,Griffonia,https://pfaf.org/user/Plant.aspx?LatinName=Griffonia+simplicifolia,Drink; Sap; Stem,3,2,4,PFAF
Grindelia lanceolata,"Rosin Weed, Narrowleaf gumweed, Texan gumweed",https://pfaf.org/user/Plant.aspx?LatinName=Grindelia+lanceolata,Gum; Tea,2,1,3,PFAF
Grindelia squarrosa,"Rosin Weed, Curlycup gumweed",https://pfaf.org/user/Plant.aspx?LatinName=Grindelia+squarrosa,Gum; Tea,2,2,3,PFAF
Griselinia littoralis,,https://pfaf.org/user/Plant.aspx?LatinName=Griselinia+littoralis,Fruit,1,2,0,PFAF
Guiera senegalensis,"Moshi medicine, guier du Senegal",https://pfaf.org/user/Plant.aspx?LatinName=Guiera+senegalensis,Gum,1,1,4,PFAF
Guizotia abyssinica,"Niger Seed, Ramtilla",https://pfaf.org/user/Plant.aspx?LatinName=Guizotia+abyssinica,Condiment; Oil; Seed,3,3,1,PFAF
Gundelia tournefortii,Tournefort's gundelia,https://pfaf.org/user/Plant.aspx?LatinName=Gundelia+tournefortii,Flowers; Root; Seed; Stem,4,2,0,PFAF
Gunnera magellanica,,https://pfaf.org/user/Plant.aspx?LatinName=Gunnera+magellanica,Fruit,1,1,0,PFAF
Gunnera perpensa,,https://pfaf.org/user/Plant.aspx?LatinName=Gunnera+perpensa,Stem,1,1,0,PFAF
Gunnera tinctoria,"Gunnera, Chilean gunnera",https://pfaf.org/user/Plant.aspx?LatinName=Gunnera+tinctoria,Stem,1,1,1,PFAF
Gymnadenia conopsea,Fragrant Orchid,https://pfaf.org/user/Plant.aspx?LatinName=Gymnadenia+conopsea,Root,1,2,2,PFAF
Gymnanthemum amygdalinum,Bitterleaf,https://pfaf.org/user/Plant.aspx?LatinName=Gymnanthemum+amygdalinum,Condiment; Shoots,2,4,3,PFAF
Gymnocladus chinensis,Soap Tree,https://pfaf.org/user/Plant.aspx?LatinName=Gymnocladus+chinensis,Seed,1,2,0,PFAF
Gymnocladus dioica,Kentucky Coffee Tree,https://pfaf.org/user/Plant.aspx?LatinName=Gymnocladus+dioica,Coffee; Seed; Seedpod,3,3,2,PFAF
Gynandriris sisyrinchium,Spanish Nut,https://pfaf.org/user/Plant.aspx?LatinName=Gynandriris+sisyrinchium,Condiment; Root,2,1,0,PFAF
Gynostemma pentaphyllum,Sweet Tea Vine,https://pfaf.org/user/Plant.aspx?LatinName=Gynostemma+pentaphyllum,Tea,1,2,5,PFAF
Gynura procumbens,"Longevity Spinach, Sambung Nyawa",https://pfaf.org/user/Plant.aspx?LatinName=Gynura+procumbens,Condiment; Shoots,2,4,3,PFAF
Gypsophila davurica,,https://pfaf.org/user/Plant.aspx?LatinName=Gypsophila+davurica,Root,1,1,0,PFAF
Habenaria intermedia,,https://pfaf.org/user/Plant.aspx?LatinName=Habenaria+intermedia,Root,1,2,0,PFAF
Hablitzia tamnoides,Caucasian spinach,https://pfaf.org/user/Plant.aspx?LatinName=Hablitzia+tamnoides,Shoots,1,4,0,PFAF
Hakea sericea,Silky Hakea,https://pfaf.org/user/Plant.aspx?LatinName=Hakea+sericea,Gum,1,0,0,PFAF
Hakea suberea,Cork Tree,https://pfaf.org/user/Plant.aspx?LatinName=Hakea+suberea,Drink,1,1,0,PFAF
Halesia carolina,"Silver-Bell Tree, Carolina silverbell, Mountain silverbell",https://pfaf.org/user/Plant.aspx?LatinName=Halesia+carolina,Fruit,1,1,0,PFAF
Halogeton arachnoideus,,https://pfaf.org/user/Plant.aspx?LatinName=Halogeton+arachnoideus,Condiment,1,1,0,PFAF
Haloxylon persicum,Salt Tree,https://pfaf.org/user/Plant.aspx?LatinName=Haloxylon+persicum,Oil,1,0,0,PFAF
Hamamelis virginiana,"Witch Hazel, American witchhazel, Common Witchhazel, Virginian Witchhazel, Witchhazel",https://pfaf.org/user/Plant.aspx?LatinName=Hamamelis+virginiana,Seed; Tea,2,1,5,PFAF
Handroanthus impetiginosus,"Pau D'Arco, Pink Trumpet Tree",https://pfaf.org/user/Plant.aspx?LatinName=Handroanthus+impetiginosus,Inner bark; Tea,2,2,4,PFAF
Haplopappus nuttallii,,https://pfaf.org/user/Plant.aspx?LatinName=Haplopappus+nuttallii,Drink,1,1,1,PFAF
Hardenbergia violacea,"Coral Pea, Purple Coral Pea, False Sarsaparilla, Vine Lilac",https://pfaf.org/user/Plant.aspx?LatinName=Hardenbergia+violacea,Drink,1,1,0,PFAF
Hedeoma pulegioides,"American Pennyroyal, American false pennyroyal",https://pfaf.org/user/Plant.aspx?LatinName=Hedeoma+pulegioides,Condiment,1,3,3,PFAF
Hedychium coronarium,"Butterfly Ginger, White garland-lily, Garland Flower, Butterfly Lily",https://pfaf.org/user/Plant.aspx?LatinName=Hedychium+coronarium,Flowers,1,2,2,PFAF
Hedychium gracile,,https://pfaf.org/user/Plant.aspx?LatinName=Hedychium+gracile,Condiment,1,1,0,PFAF
Hedychium spicatum,,https://pfaf.org/user/Plant.aspx?LatinName=Hedychium+spicatum,Fruit,1,1,2,PFAF
Hedysarum alpinum,Alpine Sweetvetch,https://pfaf.org/user/Plant.aspx?LatinName=Hedysarum+alpinum,Root,1,3,0,PFAF
Hedysarum arcticum,,https://pfaf.org/user/Plant.aspx?LatinName=Hedysarum+arcticum,Root,1,2,0,PFAF
Hedysarum boreale,"Sweet Vetch, Utah sweetvetch, Northern sweetvetch",https://pfaf.org/user/Plant.aspx?LatinName=Hedysarum+boreale,Root,1,4,0,PFAF
Hedysarum boreale mackenzii,Liquorice Root,https://pfaf.org/user/Plant.aspx?LatinName=Hedysarum+boreale+mackenzii,Root,1,4,0,PFAF
Hedysarum hedysaroides,Alpine French Honeysuckle,https://pfaf.org/user/Plant.aspx?LatinName=Hedysarum+hedysaroides,Root,1,3,0,PFAF
Hedysarum occidentale,"Liquorice Root, Western sweetvetch",https://pfaf.org/user/Plant.aspx?LatinName=Hedysarum+occidentale,Root,1,4,0,PFAF
Hedysarum sachalinense,,https://pfaf.org/user/Plant.aspx?LatinName=Hedysarum+sachalinense,Root,1,2,0,PFAF
Hedysarum vicioides,,https://pfaf.org/user/Plant.aspx?LatinName=Hedysarum+vicioides,Root,1,2,0,PFAF
Heimia salicifolia,"Erva De Vida, Shrubby yellowcrest",https://pfaf.org/user/Plant.aspx?LatinName=Heimia+salicifolia,Drink,1,1,1,PFAF
Helenium hoopesii,"Owls Claws, Orange Sneezeweed",https://pfaf.org/user/Plant.aspx?LatinName=Helenium+hoopesii,Gum,1,1,1,PFAF
Helianthus annuus,"Sunflower, Common sunflower",https://pfaf.org/user/Plant.aspx?LatinName=Helianthus+annuus,Coffee; Flowers; Oil; Seed; Stem,5,5,2,PFAF
Helianthus cusickii,Cusick's sunflower,https://pfaf.org/user/Plant.aspx?LatinName=Helianthus+cusickii,Oil,1,3,1,PFAF
Helianthus doronicoides,,https://pfaf.org/user/Plant.aspx?LatinName=Helianthus+doronicoides,Root,1,2,0,PFAF
Helianthus giganteus,Giant Sunflower,https://pfaf.org/user/Plant.aspx?LatinName=Helianthus+giganteus,Root; Seed,2,3,0,PFAF
Helianthus hybrids,Perennial Sunflower,https://pfaf.org/user/Plant.aspx?LatinName=Helianthus+hybrids,Drink; Flowers; Oil; Stem,4,4,2,PFAF
Helianthus laetiflorus,"Showy Sunflower, Cheerful sunflower",https://pfaf.org/user/Plant.aspx?LatinName=Helianthus+laetiflorus,Root,1,2,0,PFAF
Helianthus lenticularis,Wild Sunflower,https://pfaf.org/user/Plant.aspx?LatinName=Helianthus+lenticularis,Coffee; Oil; Seed,3,3,0,PFAF
Helianthus maximilianii,"Maximillian Sunflower, Maximillian Daisy",https://pfaf.org/user/Plant.aspx?LatinName=Helianthus+maximilianii,Root,1,3,0,PFAF
Helianthus pauciflorus,"Stiff Sunflower, Prairie Sunflower",https://pfaf.org/user/Plant.aspx?LatinName=Helianthus+pauciflorus,Oil,1,4,0,PFAF
Helianthus petiolaris,Prairie Sunflower,https://pfaf.org/user/Plant.aspx?LatinName=Helianthus+petiolaris,Seed,1,2,1,PFAF
Helianthus strumosus,Paleleaf Woodland Sunflower,https://pfaf.org/user/Plant.aspx?LatinName=Helianthus+strumosus,Root,1,2,1,PFAF
Helianthus tuberosus,Jerusalem Artichoke,https://pfaf.org/user/Plant.aspx?LatinName=Helianthus+tuberosus,Coffee; Root; Sweetener,3,4,1,PFAF
Helichrysum italicum,Curry Plant,https://pfaf.org/user/Plant.aspx?LatinName=Helichrysum+italicum,Condiment; Tea,2,2,0,PFAF
Heliopsis helianthoides,"False sunflower, Oxeye sunflower",https://pfaf.org/user/Plant.aspx?LatinName=Heliopsis+helianthoides,Flowers,1,2,0,PFAF
Helwingia chinensis,,https://pfaf.org/user/Plant.aspx?LatinName=Helwingia+chinensis,Flowers,1,1,1,PFAF
Helwingia japonica,,https://pfaf.org/user/Plant.aspx?LatinName=Helwingia+japonica,Flowers; Shoots,2,1,0,PFAF
Hemerocallis altissima,,https://pfaf.org/user/Plant.aspx?LatinName=Hemerocallis+altissima,Flowers; Root; Shoots,3,4,1,PFAF
Hemerocallis aurantiaca,,https://pfaf.org/user/Plant.aspx?LatinName=Hemerocallis+aurantiaca,Flowers; Root; Shoots,3,4,1,PFAF
Hemerocallis bulbiferum,,https://pfaf.org/user/Plant.aspx?LatinName=Hemerocallis+bulbiferum,Flowers; Shoots,2,4,1,PFAF
Hemerocallis citrina,Citron daylily,https://pfaf.org/user/Plant.aspx?LatinName=Hemerocallis+citrina,Flowers; Root; Shoots,3,4,1,PFAF
Hemerocallis coreana,,https://pfaf.org/user/Plant.aspx?LatinName=Hemerocallis+coreana,Flowers; Root; Shoots,3,4,1,PFAF
Hemerocallis darrowiana,Day Lily,https://pfaf.org/user/Plant.aspx?LatinName=Hemerocallis+darrowiana,Flowers; Root; Shoots,3,4,1,PFAF
Hemerocallis dumortieri,Dumortier's daylily,https://pfaf.org/user/Plant.aspx?LatinName=Hemerocallis+dumortieri,Flowers; Shoots,2,4,1,PFAF
Hemerocallis exaltata,,https://pfaf.org/user/Plant.aspx?LatinName=Hemerocallis+exaltata,Flowers; Shoots,2,4,1,PFAF
Hemerocallis forrestii,,https://pfaf.org/user/Plant.aspx?LatinName=Hemerocallis+forrestii,Flowers; Root; Shoots,3,2,1,PFAF
Hemerocallis fulva,"Common Day Lily, Orange daylily, Tawny Daylily, Double Daylily",https://pfaf.org/user/Plant.aspx?LatinName=Hemerocallis+fulva,Flowers; Root; Shoots,3,5,2,PFAF
Hemerocallis fulva longituba,,https://pfaf.org/user/Plant.aspx?LatinName=Hemerocallis+fulva+longituba,Flowers; Root; Shoots,3,4,1,PFAF
Hemerocallis graminea,,https://pfaf.org/user/Plant.aspx?LatinName=Hemerocallis+graminea,Flowers; Root; Shoots,3,4,1,PFAF
Hemerocallis hakunensis,,https://pfaf.org/user/Plant.aspx?LatinName=Hemerocallis+hakunensis,Flowers; Root; Shoots,3,4,1,PFAF
Hemerocallis lilioasphodelus,Yellow Day Lily,https://pfaf.org/user/Plant.aspx?LatinName=Hemerocallis+lilioasphodelus,Flowers; Root; Shoots,3,4,2,PFAF
Hemerocallis littorea,Coastal Day Lily,https://pfaf.org/user/Plant.aspx?LatinName=Hemerocallis+littorea,Flowers; Root; Shoots,3,4,1,PFAF
Hemerocallis micrantha,,https://pfaf.org/user/Plant.aspx?LatinName=Hemerocallis+micrantha,Flowers; Root; Shoots,3,4,1,PFAF
Hemerocallis middendorffii,"Amur daylily, Middendorf, Daylily",https://pfaf.org/user/Plant.aspx?LatinName=Hemerocallis+middendorffii,Flowers; Shoots,2,5,1,PFAF
Hemerocallis middendorffii esculenta,,https://pfaf.org/user/Plant.aspx?LatinName=Hemerocallis+middendorffii+esculenta,Flowers; Shoots,2,5,1,PFAF
Hemerocallis minor,"Grassleaf Day Lily, Small daylily",https://pfaf.org/user/Plant.aspx?LatinName=Hemerocallis+minor,Flowers; Root; Shoots,3,4,1,PFAF
Hemerocallis multiflora,,https://pfaf.org/user/Plant.aspx?LatinName=Hemerocallis+multiflora,Flowers; Root; Shoots,3,4,1,PFAF
Hemerocallis pedicellata,,https://pfaf.org/user/Plant.aspx?LatinName=Hemerocallis+pedicellata,Flowers; Root; Shoots,3,4,1,PFAF
Hemerocallis plicata,,https://pfaf.org/user/Plant.aspx?LatinName=Hemerocallis+plicata,Flowers; Root; Shoots,3,4,1,PFAF
Hemerocallis species,,https://pfaf.org/user/Plant.aspx?LatinName=Hemerocallis+species,Shoots,1,4,1,PFAF
Hemerocallis thunbergii,,https://pfaf.org/user/Plant.aspx?LatinName=Hemerocallis+thunbergii,Flowers; Shoots,2,4,1,PFAF
Hemerocallis yezoensis,,https://pfaf.org/user/Plant.aspx?LatinName=Hemerocallis+yezoensis,Flowers; Shoots,2,4,1,PFAF
Hemiphragma heterophyllum,,https://pfaf.org/user/Plant.aspx?LatinName=Hemiphragma+heterophyllum,Fruit,1,2,1,PFAF
Hemiptelea davidii,,https://pfaf.org/user/Plant.aspx?LatinName=Hemiptelea+davidii,Oil; Tea,2,2,1,PFAF
Heracleum moellendorfii,,https://pfaf.org/user/Plant.aspx?LatinName=Heracleum+moellendorfii,Stem,1,1,0,PFAF
Heracleum pubescens,Downy Cow-Parsnip,https://pfaf.org/user/Plant.aspx?LatinName=Heracleum+pubescens,Shoots; Stem,2,2,0,PFAF
Heracleum sphondylium,"Cow Parsnip, Eltrot",https://pfaf.org/user/Plant.aspx?LatinName=Heracleum+sphondylium,Root; Shoots; Stem; Sweetener,4,3,2,PFAF
Heracleum sphondylium montanum,Cow Parsnip,https://pfaf.org/user/Plant.aspx?LatinName=Heracleum+sphondylium+montanum,Condiment; Flowers; Root; Salt; Shoots; Stem,6,3,2,PFAF
Heracleum sphondylium sibiricum,,https://pfaf.org/user/Plant.aspx?LatinName=Heracleum+sphondylium+sibiricum,Root; Shoots; Stem; Sweetener,4,3,2,PFAF
Heracleum tuberosum,,https://pfaf.org/user/Plant.aspx?LatinName=Heracleum+tuberosum,Root,1,2,0,PFAF
Herpetospermum pedunculosum,,https://pfaf.org/user/Plant.aspx?LatinName=Herpetospermum+pedunculosum,Seed,1,1,2,PFAF
Hesperantha baurii,,https://pfaf.org/user/Plant.aspx?LatinName=Hesperantha+baurii,Root,1,1,0,PFAF
Hesperis matronalis,"Sweet Rocket, Dames rocket,",https://pfaf.org/user/Plant.aspx?LatinName=Hesperis+matronalis,Oil; Seed,2,2,1,PFAF
Hesperocallis undulata,Desert Lily,https://pfaf.org/user/Plant.aspx?LatinName=Hesperocallis+undulata,Root,1,1,0,PFAF
Hibiscus acetosella,Cranberry Hibiscus,https://pfaf.org/user/Plant.aspx?LatinName=Hibiscus+acetosella,Root,1,3,2,PFAF
Hibiscus cannabinus,"Kenaf, Brown Indianhemp",https://pfaf.org/user/Plant.aspx?LatinName=Hibiscus+cannabinus,Condiment; Flowers; Oil; Root; Seed,5,4,2,PFAF
Hibiscus diversifolius,Swamp Hibiscus,https://pfaf.org/user/Plant.aspx?LatinName=Hibiscus+diversifolius,Flowers; Root,2,2,1,PFAF
Hibiscus heterophyllus,Native Rosella,https://pfaf.org/user/Plant.aspx?LatinName=Hibiscus+heterophyllus,Flowers; Root; Shoots,3,2,0,PFAF
Hibiscus mutabilis,"Cotton Rose, Dixie rosemallow",https://pfaf.org/user/Plant.aspx?LatinName=Hibiscus+mutabilis,Root; Rutin,2,2,2,PFAF
Hibiscus rosa-sinensis,"Chinese Hibiscus, Shoeblackplant, Hawaiian Hibiscus, Tropical Hibiscus, China Rose, Rose-of-China, S",https://pfaf.org/user/Plant.aspx?LatinName=Hibiscus+rosa-sinensis,Colouring; Flowers; Root,3,3,3,PFAF
Hibiscus sabdariffa,Roselle,https://pfaf.org/user/Plant.aspx?LatinName=Hibiscus+sabdariffa,Coffee; Condiment; Drink; Flowers; Oil; Pectin; Root; Seed; Tea,9,3,3,PFAF
Hibiscus sinosyriacus,Rose Of Sharon,https://pfaf.org/user/Plant.aspx?LatinName=Hibiscus+sinosyriacus,Flowers; Oil; Root; Tea,4,4,2,PFAF
Hibiscus syriacus,"Rose Of Sharon, Althaea, Shrub Althea, Hardy Hibiscus",https://pfaf.org/user/Plant.aspx?LatinName=Hibiscus+syriacus,Flowers; Oil; Root; Tea,4,4,2,PFAF
Hibiscus tilliaceus,"Beach Hibiscus, Sea Hibiscus",https://pfaf.org/user/Plant.aspx?LatinName=Hibiscus+tilliaceus,Flowers,1,2,1,PFAF
Hibiscus trionum,Flower Of An Hour,https://pfaf.org/user/Plant.aspx?LatinName=Hibiscus+trionum,Root; Shoots,2,2,1,PFAF
Hierochloe odorata,Holy Grass,https://pfaf.org/user/Plant.aspx?LatinName=Hierochloe+odorata,Colouring; Condiment; Seed,3,2,2,PFAF
Himalayacalamus brevinodus,,https://pfaf.org/user/Plant.aspx?LatinName=Himalayacalamus+brevinodus,Stem,1,2,0,PFAF
Himalayacalamus cupreus,,https://pfaf.org/user/Plant.aspx?LatinName=Himalayacalamus+cupreus,Shoots; Stem,2,3,0,PFAF
Himalayacalamus falconeri,,https://pfaf.org/user/Plant.aspx?LatinName=Himalayacalamus+falconeri,Shoots; Stem,2,3,0,PFAF
Himalayacalamus fimbriatus,,https://pfaf.org/user/Plant.aspx?LatinName=Himalayacalamus+fimbriatus,Shoots; Stem,2,1,0,PFAF
Himalayacalamus hookerianus,Padang,https://pfaf.org/user/Plant.aspx?LatinName=Himalayacalamus+hookerianus,Seed,1,2,0,PFAF
Hippophae goniocarpa,Cornered-fruit Sea Buckthorn,https://pfaf.org/user/Plant.aspx?LatinName=Hippophae+goniocarpa,Fruit,1,3,3,PFAF
Hippophae gyantsensis,,https://pfaf.org/user/Plant.aspx?LatinName=Hippophae+gyantsensis,Fruit,1,3,3,PFAF
Hippophae neurocarpa,,https://pfaf.org/user/Plant.aspx?LatinName=Hippophae+neurocarpa,Fruit,1,3,3,PFAF
Hippophae rhamnoides,"Sea Buckthorn, Seaberry",https://pfaf.org/user/Plant.aspx?LatinName=Hippophae+rhamnoides,Fruit; Oil,2,5,5,PFAF
Hippophae rhamnoides turkestanica,Sea Buckthorn,https://pfaf.org/user/Plant.aspx?LatinName=Hippophae+rhamnoides+turkestanica,Fruit,1,5,5,PFAF
Hippophae salicifolia,Willow-Leaved Sea Buckthorn,https://pfaf.org/user/Plant.aspx?LatinName=Hippophae+salicifolia,Fruit,1,5,3,PFAF
Hippophae sinensis,Chinese Sea Buckthorn,https://pfaf.org/user/Plant.aspx?LatinName=Hippophae+sinensis,Fruit,1,5,3,PFAF
Hippophae tibetana,Tibetan Sea Buckthorn,https://pfaf.org/user/Plant.aspx?LatinName=Hippophae+tibetana,Fruit,1,4,3,PFAF
Hippuris vulgaris,"Common Marestail, Common mare's-tail",https://pfaf.org/user/Plant.aspx?LatinName=Hippuris+vulgaris,Shoots,1,2,1,PFAF
Hirschfeldia incana,"Greek Mustard, Shortpod mustard",https://pfaf.org/user/Plant.aspx?LatinName=Hirschfeldia+incana,Seed,1,2,0,PFAF
Hoffmannseggia densiflora,Indian Rush-Pea,https://pfaf.org/user/Plant.aspx?LatinName=Hoffmannseggia+densiflora,Root,1,2,0,PFAF
Hoheria sexstylosa,Ribbonwood,https://pfaf.org/user/Plant.aspx?LatinName=Hoheria+sexstylosa,Inner bark,1,1,0,PFAF
Holboellia angustifolia,,https://pfaf.org/user/Plant.aspx?LatinName=Holboellia+angustifolia,Fruit,1,2,1,PFAF
Holboellia coriacea,Sausage Vine,https://pfaf.org/user/Plant.aspx?LatinName=Holboellia+coriacea,Fruit,1,2,0,PFAF
Holboellia grandiflora,,https://pfaf.org/user/Plant.aspx?LatinName=Holboellia+grandiflora,Fruit,1,2,0,PFAF
Holboellia latifolia,,https://pfaf.org/user/Plant.aspx?LatinName=Holboellia+latifolia,Fruit,1,3,0,PFAF
Holodiscus discolor,"Creambush, Oceanspray",https://pfaf.org/user/Plant.aspx?LatinName=Holodiscus+discolor,Fruit,1,1,2,PFAF
Holodiscus dumosus,Rock Spiraea,https://pfaf.org/user/Plant.aspx?LatinName=Holodiscus+dumosus,Fruit; Tea,2,1,1,PFAF
Hololeion krameri,,https://pfaf.org/user/Plant.aspx?LatinName=Hololeion+krameri,Root,1,1,0,PFAF
Hololeion maximowiczii,,https://pfaf.org/user/Plant.aspx?LatinName=Hololeion+maximowiczii,Root,1,2,0,PFAF
Honckenya peploides,"Sea Sandwort, Seaside sandplant",https://pfaf.org/user/Plant.aspx?LatinName=Honckenya+peploides,Seed; Shoots,2,3,0,PFAF
Hordeum bulbosum,Bulbous Barley,https://pfaf.org/user/Plant.aspx?LatinName=Hordeum+bulbosum,Root; Seed,2,2,0,PFAF
Hordeum deficiens,,https://pfaf.org/user/Plant.aspx?LatinName=Hordeum+deficiens,Seed,1,3,0,PFAF
Hordeum distichon,Two-Rowed Barley,https://pfaf.org/user/Plant.aspx?LatinName=Hordeum+distichon,Coffee; Salt; Seed; Sweetener,4,4,3,PFAF
Hordeum hexastichon,"Six-Row Barley, Common barley",https://pfaf.org/user/Plant.aspx?LatinName=Hordeum+hexastichon,Seed,1,3,0,PFAF
Hordeum intermedium,,https://pfaf.org/user/Plant.aspx?LatinName=Hordeum+intermedium,Seed,1,2,0,PFAF
Hordeum jubatum,"Foxtail Barley, Intermediate barley",https://pfaf.org/user/Plant.aspx?LatinName=Hordeum+jubatum,Coffee; Seed,2,1,1,PFAF
Hordeum murinum,"Mouse Barley, Smooth barley, Hare barley, Wall barley",https://pfaf.org/user/Plant.aspx?LatinName=Hordeum+murinum,Seed,1,2,1,PFAF
Hordeum trifurcatum,Egyptian Barley,https://pfaf.org/user/Plant.aspx?LatinName=Hordeum+trifurcatum,Seed,1,2,0,PFAF
Hordeum vulgare,"Barley, Common barley",https://pfaf.org/user/Plant.aspx?LatinName=Hordeum+vulgare,Coffee; Drink; Salt; Seed; Sweetener,5,4,3,PFAF
Hordeum zeocriton,Sprat Barley,https://pfaf.org/user/Plant.aspx?LatinName=Hordeum+zeocriton,Seed,1,2,0,PFAF
Hosta clavata,,https://pfaf.org/user/Plant.aspx?LatinName=Hosta+clavata,Stem,1,1,0,PFAF
Hosta crispula,,https://pfaf.org/user/Plant.aspx?LatinName=Hosta+crispula,Stem,1,2,0,PFAF
Hosta longipes,,https://pfaf.org/user/Plant.aspx?LatinName=Hosta+longipes,Stem,1,3,0,PFAF
Hosta longissima,Swamp Hosta,https://pfaf.org/user/Plant.aspx?LatinName=Hosta+longissima,Stem,1,2,0,PFAF
Hosta montana,,https://pfaf.org/user/Plant.aspx?LatinName=Hosta+montana,Stem,1,2,0,PFAF
Hosta plantaginae,August Lily,https://pfaf.org/user/Plant.aspx?LatinName=Hosta+plantaginae,Stem,1,1,1,PFAF
Hosta rectifolia,,https://pfaf.org/user/Plant.aspx?LatinName=Hosta+rectifolia,Stem,1,1,0,PFAF
Hosta sieboldiana,,https://pfaf.org/user/Plant.aspx?LatinName=Hosta+sieboldiana,Stem,1,2,0,PFAF
Hosta sieboldii,,https://pfaf.org/user/Plant.aspx?LatinName=Hosta+sieboldii,Stem,1,1,0,PFAF
Hosta undulata,,https://pfaf.org/user/Plant.aspx?LatinName=Hosta+undulata,Root; Stem,2,2,0,PFAF
Hosta ventricosa,"Blue plantain lily, Hosta",https://pfaf.org/user/Plant.aspx?LatinName=Hosta+ventricosa,Stem,1,2,1,PFAF
Houstonia caerulea,Azure bluet or Quaker ladies,https://pfaf.org/user/Plant.aspx?LatinName=Houstonia+caerulea,Flowers,1,2,0,PFAF
Houttuynia cordata,"Tsi, Chameleon, Rainbow Plant, Chameleon Plant",https://pfaf.org/user/Plant.aspx?LatinName=Houttuynia+cordata,Fruit; Root; Shoots,3,4,4,PFAF
Hovenia dulcis,Japanese Raisin Tree,https://pfaf.org/user/Plant.aspx?LatinName=Hovenia+dulcis,Fruit; Sweetener,2,3,2,PFAF
Humulus japonicus,Japanese Hop,https://pfaf.org/user/Plant.aspx?LatinName=Humulus+japonicus,Oil; Shoots,2,2,1,PFAF
Humulus lupulus,"Hop, Common hop, European Hop,",https://pfaf.org/user/Plant.aspx?LatinName=Humulus+lupulus,Drink; Root; Rutin; Shoots; Tea,5,4,5,PFAF
Hydrangea anomala,Hydrangea,https://pfaf.org/user/Plant.aspx?LatinName=Hydrangea+anomala,Condiment; Sap; Sweetener,3,3,1,PFAF
Hydrangea arborescens,"Seven Barks, Wild hydrangea, Ashy Hydrangea, Snowhill Hydrangea, Smooth Hydrangea",https://pfaf.org/user/Plant.aspx?LatinName=Hydrangea+arborescens,Stem,1,1,3,PFAF
Hydrangea aspera,Hydrangea,https://pfaf.org/user/Plant.aspx?LatinName=Hydrangea+aspera,Tea,1,1,0,PFAF
Hydrangea macrophylla,"French hydrangea , Florist's Hydrangea, Bigleaf Hydrangea",https://pfaf.org/user/Plant.aspx?LatinName=Hydrangea+macrophylla,Shoots; Sweetener,2,3,2,PFAF
Hydrangea paniculata,"Panicled hydrangea, Hybrid Hydrangea, PeeGee Hydrangea, Panicle Hydrangea",https://pfaf.org/user/Plant.aspx?LatinName=Hydrangea+paniculata,Rutin,1,1,2,PFAF
Hydrangea serrata,"Hydrangea, Mountain Hydrangea, Sawtooth Hydrangea",https://pfaf.org/user/Plant.aspx?LatinName=Hydrangea+serrata,Shoots,1,2,0,PFAF
Hydrangea serrata amagiana,,https://pfaf.org/user/Plant.aspx?LatinName=Hydrangea+serrata+amagiana,Shoots; Sweetener,2,4,0,PFAF
Hydrangea serrata thunbergii,"Tea of heaven, Ama-tsja,",https://pfaf.org/user/Plant.aspx?LatinName=Hydrangea+serrata+thunbergii,Shoots; Sweetener,2,3,0,PFAF
Hydrophyllum canadense,"John's Cabbage, Bluntleaf waterleaf",https://pfaf.org/user/Plant.aspx?LatinName=Hydrophyllum+canadense,Root,1,3,0,PFAF
Hydrophyllum capitatum,"Cat's Breeches, Ballhead waterleaf, Alpine waterleaf, Thompson's waterleaf",https://pfaf.org/user/Plant.aspx?LatinName=Hydrophyllum+capitatum,Root; Shoots,2,3,0,PFAF
Hydrophyllum occidentale,Western Waterleaf,https://pfaf.org/user/Plant.aspx?LatinName=Hydrophyllum+occidentale,Root,1,3,0,PFAF
Hydrophyllum tenuipes,Pacific Waterleaf,https://pfaf.org/user/Plant.aspx?LatinName=Hydrophyllum+tenuipes,Root; Stem,2,2,0,PFAF
Hymenaea courbaril,West Indian Locust,https://pfaf.org/user/Plant.aspx?LatinName=Hymenaea+courbaril,Drink; Gum; Inner bark; Tea,4,3,3,PFAF
Hymenoxys richardsonii,"Pingue Hymenoxys, Pingue rubberweed, Colorado rubberweed",https://pfaf.org/user/Plant.aspx?LatinName=Hymenoxys+richardsonii,Gum,1,2,1,PFAF
Hypericum ascyron,Great Saint John's Wort,https://pfaf.org/user/Plant.aspx?LatinName=Hypericum+ascyron,Shoots; Tea,2,1,2,PFAF
Hypericum kamtschaticum,,https://pfaf.org/user/Plant.aspx?LatinName=Hypericum+kamtschaticum,Shoots,1,1,0,PFAF
Hypericum perforatum,"St. John's Wort, Common St. Johnswort",https://pfaf.org/user/Plant.aspx?LatinName=Hypericum+perforatum,Tea,1,2,4,PFAF
Hyphaene thebaica,Doum Palm. Gingerbread palm.,https://pfaf.org/user/Plant.aspx?LatinName=Hyphaene+thebaica,Apical bud,1,2,2,PFAF
Hypochoeris apargioides,,https://pfaf.org/user/Plant.aspx?LatinName=Hypochoeris+apargioides,Root,1,1,0,PFAF
Hypochoeris incana,,https://pfaf.org/user/Plant.aspx?LatinName=Hypochoeris+incana,Root,1,2,0,PFAF
Hypochoeris scorzonerae,,https://pfaf.org/user/Plant.aspx?LatinName=Hypochoeris+scorzonerae,Root,1,1,1,PFAF
Hypoxis hygrometrica,Golden Weather Glass,https://pfaf.org/user/Plant.aspx?LatinName=Hypoxis+hygrometrica,Root,1,2,0,PFAF
Hyssopus officinalis,Hyssop,https://pfaf.org/user/Plant.aspx?LatinName=Hyssopus+officinalis,Condiment; Flowers; Oil; Shoots,4,2,3,PFAF
Iberis amara,"Rocket Candytuft, Annual candytuft",https://pfaf.org/user/Plant.aspx?LatinName=Iberis+amara,Condiment,1,1,2,PFAF
Idesia polycarpa,Idesia,https://pfaf.org/user/Plant.aspx?LatinName=Idesia+polycarpa,Fruit,1,1,0,PFAF
Ilex aculeolata,,https://pfaf.org/user/Plant.aspx?LatinName=Ilex+aculeolata,Root,1,1,0,PFAF
Ilex aquifolium,"Holly, English holl, Christmas Holly, Common Holly, English Holly",https://pfaf.org/user/Plant.aspx?LatinName=Ilex+aquifolium,Tea,1,2,2,PFAF
Ilex cassine,"Cassine, Dahoon, Cassine Holly",https://pfaf.org/user/Plant.aspx?LatinName=Ilex+cassine,Tea,1,1,1,PFAF
Ilex chapaensis,,https://pfaf.org/user/Plant.aspx?LatinName=Ilex+chapaensis,Fruit,1,1,0,PFAF
Ilex coriacea,Large Gallberry,https://pfaf.org/user/Plant.aspx?LatinName=Ilex+coriacea,Fruit,1,1,0,PFAF
Ilex cornuta,"Horned Holly, Chinese holly",https://pfaf.org/user/Plant.aspx?LatinName=Ilex+cornuta,Fruit,1,1,2,PFAF
Ilex crenata,"Japanese Holly, Box Leaved Holly",https://pfaf.org/user/Plant.aspx?LatinName=Ilex+crenata,Fruit,1,1,0,PFAF
Ilex glabra,Inkberry,https://pfaf.org/user/Plant.aspx?LatinName=Ilex+glabra,Tea,1,1,0,PFAF
Ilex latifolia,Tarajo,https://pfaf.org/user/Plant.aspx?LatinName=Ilex+latifolia,Coffee; Tea,2,1,0,PFAF
Ilex macropoda,,https://pfaf.org/user/Plant.aspx?LatinName=Ilex+macropoda,Tea,1,1,0,PFAF
Ilex opaca,American Holly,https://pfaf.org/user/Plant.aspx?LatinName=Ilex+opaca,Tea,1,2,2,PFAF
Ilex verticillata,"Winterberry, Common winterberry",https://pfaf.org/user/Plant.aspx?LatinName=Ilex+verticillata,Tea,1,1,3,PFAF
Ilex vomitoria,"Yaupon Holly,",https://pfaf.org/user/Plant.aspx?LatinName=Ilex+vomitoria,Condiment; Tea,2,1,1,PFAF
Illicium anisatum,"Star Anise, Chinese Anise,Japanese Anise",https://pfaf.org/user/Plant.aspx?LatinName=Illicium+anisatum,Condiment,1,1,2,PFAF
Illicium floridanum,"Aniseed Tree, Florida anisetree, Purple Anise, Star Anise, Florida anise",https://pfaf.org/user/Plant.aspx?LatinName=Illicium+floridanum,Condiment,1,1,0,PFAF
Illicium verum,"Ba Jiao Hui Xian, Staranise tree",https://pfaf.org/user/Plant.aspx?LatinName=Illicium+verum,Fruit,1,3,3,PFAF
Impatiens aurella,Paleyellow touch-me-not,https://pfaf.org/user/Plant.aspx?LatinName=Impatiens+aurella,Seed; Shoots,2,2,2,PFAF
Impatiens balsamina,"Rose Balsam, Spotted snapweed, Touch-Me-Not, Garden Balsam",https://pfaf.org/user/Plant.aspx?LatinName=Impatiens+balsamina,Oil; Seed; Shoots,3,2,2,PFAF
Impatiens capensis,Jewelweed,https://pfaf.org/user/Plant.aspx?LatinName=Impatiens+capensis,Seed; Shoots; Stem,3,3,2,PFAF
Impatiens ecalcarata,,https://pfaf.org/user/Plant.aspx?LatinName=Impatiens+ecalcarata,Seed; Shoots,2,2,2,PFAF
Impatiens edgeworthii,,https://pfaf.org/user/Plant.aspx?LatinName=Impatiens+edgeworthii,Oil,1,0,0,PFAF
Impatiens glandulifera,"Jewelweed, Ornamental jewelweed",https://pfaf.org/user/Plant.aspx?LatinName=Impatiens+glandulifera,Oil; Seed; Shoots,3,3,1,PFAF
Impatiens noli-tangere,Touch-Me-Not,https://pfaf.org/user/Plant.aspx?LatinName=Impatiens+noli-tangere,Seed; Shoots,2,3,2,PFAF
Impatiens occidentalis,,https://pfaf.org/user/Plant.aspx?LatinName=Impatiens+occidentalis,Seed; Shoots,2,3,2,PFAF
Impatiens pallida,"Pale Jewelweed, Pale touch-me-not",https://pfaf.org/user/Plant.aspx?LatinName=Impatiens+pallida,Seed; Shoots,2,3,3,PFAF
Impatiens parviflora,Smallflower touchmenot,https://pfaf.org/user/Plant.aspx?LatinName=Impatiens+parviflora,Seed; Shoots,2,2,2,PFAF
Impatiens sulcata,,https://pfaf.org/user/Plant.aspx?LatinName=Impatiens+sulcata,Oil; Seed,2,2,0,PFAF
Impatiens textori,,https://pfaf.org/user/Plant.aspx?LatinName=Impatiens+textori,Shoots,1,1,0,PFAF
Impatiens tingens,,https://pfaf.org/user/Plant.aspx?LatinName=Impatiens+tingens,Seed,1,1,0,PFAF
Imperata cylindrica,"Cogongrass, Japanese Blood Grass",https://pfaf.org/user/Plant.aspx?LatinName=Imperata+cylindrica,Flowers; Root; Salt; Shoots,4,3,3,PFAF
Incarvillea delavayi,Hardy Gloxinia,https://pfaf.org/user/Plant.aspx?LatinName=Incarvillea+delavayi,Shoots,1,1,0,PFAF
Incarvillea sinensis,,https://pfaf.org/user/Plant.aspx?LatinName=Incarvillea+sinensis,Shoots,1,1,1,PFAF
Indigofera cassioides,,https://pfaf.org/user/Plant.aspx?LatinName=Indigofera+cassioides,Flowers,1,1,1,PFAF
Indigofera decora,Chinese indigo,https://pfaf.org/user/Plant.aspx?LatinName=Indigofera+decora,Seed,1,2,1,PFAF
Indigofera hebepetala,,https://pfaf.org/user/Plant.aspx?LatinName=Indigofera+hebepetala,Flowers; Seedpod,2,1,0,PFAF
Indigofera heterantha,Indigo Bush,https://pfaf.org/user/Plant.aspx?LatinName=Indigofera+heterantha,Flowers,1,1,0,PFAF
Indigofera pseudotinctoria,Indigo,https://pfaf.org/user/Plant.aspx?LatinName=Indigofera+pseudotinctoria,Flowers,1,1,0,PFAF
Indigofera tinctoria,"Indigo, True Indigo, dye indigo",https://pfaf.org/user/Plant.aspx?LatinName=Indigofera+tinctoria,Colouring,1,2,2,PFAF
Inga edulis,"Ice Cream Bean, Monkey Tamarind",https://pfaf.org/user/Plant.aspx?LatinName=Inga+edulis,Seedpod,1,4,2,PFAF
Inga jinicuil,"Ice Cream Bean, Jinicuil",https://pfaf.org/user/Plant.aspx?LatinName=Inga+jinicuil,Seedpod,1,4,0,PFAF
Inula crithmoides,Golden Samphire,https://pfaf.org/user/Plant.aspx?LatinName=Inula+crithmoides,Condiment; Shoots,2,2,0,PFAF
Inula helenium,"Elecampane, Elecampane inula",https://pfaf.org/user/Plant.aspx?LatinName=Inula+helenium,Root,1,3,3,PFAF
Ipomoea alba,"Moonflower, Tropical white morning-glory",https://pfaf.org/user/Plant.aspx?LatinName=Ipomoea+alba,Seed,1,2,1,PFAF
Ipomoea aquatica,"Kangkong, Swamp Morning Glory",https://pfaf.org/user/Plant.aspx?LatinName=Ipomoea+aquatica,Shoots,1,4,2,PFAF
Ipomoea batatas,"Sweet Potato, Black Sweet Potato, Sweet Potato Vine",https://pfaf.org/user/Plant.aspx?LatinName=Ipomoea+batatas,Root; Shoots,2,5,0,PFAF
Ipomoea leptophylla,Bush Moon Flower,https://pfaf.org/user/Plant.aspx?LatinName=Ipomoea+leptophylla,Root,1,3,2,PFAF
Ipomoea pandurata,"Wild Potato Vine, Man of the earth",https://pfaf.org/user/Plant.aspx?LatinName=Ipomoea+pandurata,Root,1,3,2,PFAF
Ipomopsis aggregata,"Skyrocket, Scarlet gilia",https://pfaf.org/user/Plant.aspx?LatinName=Ipomopsis+aggregata,Nectar; Tea,2,1,2,PFAF
Iris cristata,"Crested Iris, Dwarf crested iris",https://pfaf.org/user/Plant.aspx?LatinName=Iris+cristata,Root,1,1,1,PFAF
Iris ensata,Japanese Water Iris,https://pfaf.org/user/Plant.aspx?LatinName=Iris+ensata,Root,1,1,1,PFAF
Iris filifolia,,https://pfaf.org/user/Plant.aspx?LatinName=Iris+filifolia,Root,1,1,0,PFAF
Iris germanica,"Purple Flag, German iris, Orris-root, Tall Bearded German Iris, Bearded Iris",https://pfaf.org/user/Plant.aspx?LatinName=Iris+germanica,Condiment,1,1,3,PFAF
Iris germanica florentina,"Orris, Orris-root",https://pfaf.org/user/Plant.aspx?LatinName=Iris+germanica+florentina,Condiment,1,1,3,PFAF
Iris japonica,,https://pfaf.org/user/Plant.aspx?LatinName=Iris+japonica,Root,1,1,2,PFAF
Iris missouriensis,Rocky Mountain Iris,https://pfaf.org/user/Plant.aspx?LatinName=Iris+missouriensis,Coffee,1,1,2,PFAF
Iris pallida,"Dalmation Iris, Sweet iris, Fragrant Iris, Zebra Iris",https://pfaf.org/user/Plant.aspx?LatinName=Iris+pallida,Condiment,1,2,1,PFAF
Iris pseudacorus,"Yellow Flag, Paleyellow iris",https://pfaf.org/user/Plant.aspx?LatinName=Iris+pseudacorus,Coffee,1,1,2,PFAF
Iris setosa,"Beachhead Iris, Canada beachhead iris, Wild flag",https://pfaf.org/user/Plant.aspx?LatinName=Iris+setosa,Coffee; Root,2,1,1,PFAF
Iris sibirica,Siberian Iris,https://pfaf.org/user/Plant.aspx?LatinName=Iris+sibirica,Root,1,1,1,PFAF
Iris tectorum,"Roof Iris, Wall iris, Japanese Roof, White Root Iris",https://pfaf.org/user/Plant.aspx?LatinName=Iris+tectorum,Root,1,1,0,PFAF
Irvingia gabonensis,Dika Nut,https://pfaf.org/user/Plant.aspx?LatinName=Irvingia+gabonensis,Chocolate; Condiment; Drink; Oil,4,4,3,PFAF
Irvingia wombolu,Bitter bush-mango,https://pfaf.org/user/Plant.aspx?LatinName=Irvingia+wombolu,Oil,1,4,2,PFAF
Ixeris chinensis,,https://pfaf.org/user/Plant.aspx?LatinName=Ixeris+chinensis,Root,1,1,0,PFAF
Ixeris dentata,,https://pfaf.org/user/Plant.aspx?LatinName=Ixeris+dentata,Root,1,2,0,PFAF
Ixeris lanceolata,,https://pfaf.org/user/Plant.aspx?LatinName=Ixeris+lanceolata,Stem,1,2,0,PFAF
Ixeris stolonifera,Creeping lettuce,https://pfaf.org/user/Plant.aspx?LatinName=Ixeris+stolonifera,Root,1,1,0,PFAF
Jasminum grandiflorum,Jasmin,https://pfaf.org/user/Plant.aspx?LatinName=Jasminum+grandiflorum,Flowers; Oil,2,3,3,PFAF
Jasminum humile,Yellow Jasmine,https://pfaf.org/user/Plant.aspx?LatinName=Jasminum+humile,Condiment; Tea,2,1,1,PFAF
Jasminum odoratissimum,,https://pfaf.org/user/Plant.aspx?LatinName=Jasminum+odoratissimum,Condiment,1,1,0,PFAF
Jasminum officinale,"Jessamine, Poet's jasmine",https://pfaf.org/user/Plant.aspx?LatinName=Jasminum+officinale,Condiment; Flowers; Tea,3,2,2,PFAF
Jasminum sambac,Jasmine Tea,https://pfaf.org/user/Plant.aspx?LatinName=Jasminum+sambac,Flowers; Tea,2,3,3,PFAF
Jatropha curcas,"Physic Nut, Barbados Nut",https://pfaf.org/user/Plant.aspx?LatinName=Jatropha+curcas,Salt; Shoots,2,2,3,PFAF
Jovibarba sobolifera,Hen And Chickens Houseleek,https://pfaf.org/user/Plant.aspx?LatinName=Jovibarba+sobolifera,Shoots,1,2,0,PFAF
Jubaea chilensis,"Chilean Wine Palm, Chile cocopalm",https://pfaf.org/user/Plant.aspx?LatinName=Jubaea+chilensis,Fruit; Oil; Sap; Seed,4,3,0,PFAF
Juglans ailanthifolia,Japanese Walnut,https://pfaf.org/user/Plant.aspx?LatinName=Juglans+ailanthifolia,Oil; Seed,2,3,1,PFAF
Juglans ailanthifolia cordiformis,Heartseed Walnut,https://pfaf.org/user/Plant.aspx?LatinName=Juglans+ailanthifolia+cordiformis,Oil; Seed,2,4,1,PFAF
Juglans californica,"California Walnut, Southern California walnut",https://pfaf.org/user/Plant.aspx?LatinName=Juglans+californica,Oil; Seed,2,2,1,PFAF
Juglans cathayensis,Chinese Walnut,https://pfaf.org/user/Plant.aspx?LatinName=Juglans+cathayensis,Oil; Seed,2,3,0,PFAF
Juglans cinerea,"Butternut - White Walnut, Butternut",https://pfaf.org/user/Plant.aspx?LatinName=Juglans+cinerea,Oil; Sap; Seed; Sweetener,4,3,3,PFAF
Juglans hindsii,"Hind's Black Walnut, Northern California walnut, Paradox hybrid walnut",https://pfaf.org/user/Plant.aspx?LatinName=Juglans+hindsii,Oil; Seed,2,3,0,PFAF
Juglans intermedia,"Hind's Black Walnut, Northern California walnut, Paradox hybrid walnuH",https://pfaf.org/user/Plant.aspx?LatinName=Juglans+intermedia,Oil; Seed,2,3,0,PFAF
Juglans major,Arizona Walnut,https://pfaf.org/user/Plant.aspx?LatinName=Juglans+major,Oil; Seed,2,2,0,PFAF
Juglans mandschurica,Manchurian Walnut,https://pfaf.org/user/Plant.aspx?LatinName=Juglans+mandschurica,Oil; Seed,2,3,1,PFAF
Juglans microcarpa,"Texas Walnut, Little walnut, Stewart's little walnut",https://pfaf.org/user/Plant.aspx?LatinName=Juglans+microcarpa,Oil; Seed,2,2,0,PFAF
Juglans neotropica,Andean Walnut,https://pfaf.org/user/Plant.aspx?LatinName=Juglans+neotropica,Oil,1,3,2,PFAF
Juglans nigra,Black Walnut,https://pfaf.org/user/Plant.aspx?LatinName=Juglans+nigra,Oil; Sap; Seed; Sweetener,4,3,3,PFAF
Juglans regia,"Walnut, English walnut, Persian Walnut,",https://pfaf.org/user/Plant.aspx?LatinName=Juglans+regia,Oil; Sap; Seed; Sweetener; Tea,5,4,3,PFAF
Juglans regia fallax,Walnut,https://pfaf.org/user/Plant.aspx?LatinName=Juglans+regia+fallax,Oil; Seed,2,3,0,PFAF
Juglans regia kamaonia,Walnut,https://pfaf.org/user/Plant.aspx?LatinName=Juglans+regia+kamaonia,Oil; Seed,2,3,3,PFAF
Juglans sinensis,,https://pfaf.org/user/Plant.aspx?LatinName=Juglans+sinensis,Oil; Seed,2,3,1,PFAF
Juglans x bisbyi,Buartnut,https://pfaf.org/user/Plant.aspx?LatinName=Juglans+x+bisbyi,Oil; Seed,2,3,0,PFAF
Juncus balticus,Baltic Rush,https://pfaf.org/user/Plant.aspx?LatinName=Juncus+balticus,Drink; Seed; Sweetener,3,1,0,PFAF
Juncus effusus,"Soft Rush, Common rush, Lamp rush, Pacific rush",https://pfaf.org/user/Plant.aspx?LatinName=Juncus+effusus,Shoots,1,1,2,PFAF
Juniperus ashei,"Ashe Juniper, Mountain Cedar",https://pfaf.org/user/Plant.aspx?LatinName=Juniperus+ashei,Fruit,1,1,0,PFAF
Juniperus californica,"Californian Juniper, Chuperosa",https://pfaf.org/user/Plant.aspx?LatinName=Juniperus+californica,Fruit,1,2,1,PFAF
Juniperus communis,"Juniper, Common juniper",https://pfaf.org/user/Plant.aspx?LatinName=Juniperus+communis,Coffee; Condiment; Fruit; Tea,4,3,3,PFAF
Juniperus communis nana,Juniper,https://pfaf.org/user/Plant.aspx?LatinName=Juniperus+communis+nana,Coffee; Condiment; Fruit; Tea,4,3,3,PFAF
Juniperus conferta,Shore Juniper,https://pfaf.org/user/Plant.aspx?LatinName=Juniperus+conferta,Fruit,1,2,0,PFAF
Juniperus deppeana,Alligator Juniper,https://pfaf.org/user/Plant.aspx?LatinName=Juniperus+deppeana,Fruit,1,3,0,PFAF
Juniperus drupacea,Syrian Juniper,https://pfaf.org/user/Plant.aspx?LatinName=Juniperus+drupacea,Fruit,1,3,0,PFAF
Juniperus excelsa,Grecian Juniper,https://pfaf.org/user/Plant.aspx?LatinName=Juniperus+excelsa,Fruit,1,2,1,PFAF
Juniperus horizontalis,"Creeping Juniper, Horizontal Juniper",https://pfaf.org/user/Plant.aspx?LatinName=Juniperus+horizontalis,Coffee; Tea,2,2,1,PFAF
Juniperus monosperma,One-Seed Juniper,https://pfaf.org/user/Plant.aspx?LatinName=Juniperus+monosperma,Fruit; Gum,2,3,2,PFAF
Juniperus occidentalis,Western Juniper,https://pfaf.org/user/Plant.aspx?LatinName=Juniperus+occidentalis,Fruit,1,3,2,PFAF
Juniperus osteosperma,"Desert Juniper, Utah juniper",https://pfaf.org/user/Plant.aspx?LatinName=Juniperus+osteosperma,Fruit,1,2,2,PFAF
Juniperus oxycedrus,"Prickly Juniper, Cade juniper",https://pfaf.org/user/Plant.aspx?LatinName=Juniperus+oxycedrus,Oil,1,0,1,PFAF
Juniperus recurva,Himalayan Juniper,https://pfaf.org/user/Plant.aspx?LatinName=Juniperus+recurva,Fruit,1,1,1,PFAF
Juniperus rigida,"Temple Juniper, Needle Juniper",https://pfaf.org/user/Plant.aspx?LatinName=Juniperus+rigida,Condiment; Fruit; Oil,3,2,1,PFAF
Juniperus scopulorum,"Rocky Mountain Juniper, Weeping Rocky Mountian Juniper, Colorado Red Cedar",https://pfaf.org/user/Plant.aspx?LatinName=Juniperus+scopulorum,Coffee; Condiment; Fruit; Shoots; Tea,5,3,2,PFAF
Juniperus silicicola,"Southern Redcedar, Juniper, Southern Red Cedar",https://pfaf.org/user/Plant.aspx?LatinName=Juniperus+silicicola,Fruit,1,2,2,PFAF
Juniperus tetragona,,https://pfaf.org/user/Plant.aspx?LatinName=Juniperus+tetragona,Fruit,1,2,0,PFAF
Juniperus virginiana,"Pencil Cedar, Eastern redcedar, Southern redcedar, Silver Cedar, Burk Eastern Red Cedar, Silver East",https://pfaf.org/user/Plant.aspx?LatinName=Juniperus+virginiana,Fruit; Tea,2,2,2,PFAF
Justicia procumbens,,https://pfaf.org/user/Plant.aspx?LatinName=Justicia+procumbens,Seed,1,2,2,PFAF
Kadsura coccinea,,https://pfaf.org/user/Plant.aspx?LatinName=Kadsura+coccinea,Fruit,1,2,1,PFAF
Kadsura heteroclita,,https://pfaf.org/user/Plant.aspx?LatinName=Kadsura+heteroclita,Fruit; Seed,2,2,0,PFAF
Kadsura japonica,,https://pfaf.org/user/Plant.aspx?LatinName=Kadsura+japonica,Fruit,1,2,1,PFAF
Kadsura longepedunculata,,https://pfaf.org/user/Plant.aspx?LatinName=Kadsura+longepedunculata,Fruit,1,2,2,PFAF
Kadsura oblongifolia,,https://pfaf.org/user/Plant.aspx?LatinName=Kadsura+oblongifolia,Fruit,1,2,0,PFAF
Kalopanax septemlobus,"Tree Aralia, Castor aralia",https://pfaf.org/user/Plant.aspx?LatinName=Kalopanax+septemlobus,Shoots,1,2,1,PFAF
Kerria japonica,"Bachelor's Button, Japanese rose, Jew's Mallow, Japanese Kerria",https://pfaf.org/user/Plant.aspx?LatinName=Kerria+japonica,Fruit,1,1,1,PFAF
Khaya senegalensis,Dryzone Mahogany,https://pfaf.org/user/Plant.aspx?LatinName=Khaya+senegalensis,Oil,1,2,3,PFAF
Kinugasa japonica,Kinugasaso,https://pfaf.org/user/Plant.aspx?LatinName=Kinugasa+japonica,Fruit,1,1,0,PFAF
Knightia excelsa,Rewarewa,https://pfaf.org/user/Plant.aspx?LatinName=Knightia+excelsa,Nectar,1,1,0,PFAF
Koeleria macrantha,"June Grass, Prairie Junegrass",https://pfaf.org/user/Plant.aspx?LatinName=Koeleria+macrantha,Seed,1,1,1,PFAF
Koelreuteria paniculata,"Golden Rain Tree, Varnish Tree",https://pfaf.org/user/Plant.aspx?LatinName=Koelreuteria+paniculata,Seed; Shoots,2,2,1,PFAF
Kosteletzkya pentacarpos,,https://pfaf.org/user/Plant.aspx?LatinName=Kosteletzkya+pentacarpos,Egg; Flowers; Oil; Root; Tea,5,3,0,PFAF
Kummerowia striata,"Common Lespedeza, Japanese clover",https://pfaf.org/user/Plant.aspx?LatinName=Kummerowia+striata,Seed,1,2,1,PFAF
Kunzea muelleri,,https://pfaf.org/user/Plant.aspx?LatinName=Kunzea+muelleri,Tea,1,1,1,PFAF
Kunzea pomifera,,https://pfaf.org/user/Plant.aspx?LatinName=Kunzea+pomifera,Fruit,1,1,0,PFAF
Lablab purpureus,"Hyacinth Bean, Bonavist-bean",https://pfaf.org/user/Plant.aspx?LatinName=Lablab+purpureus,Flowers; Root; Seed; Seedpod,4,4,2,PFAF
Lactuca indica,Indian Lettuce,https://pfaf.org/user/Plant.aspx?LatinName=Lactuca+indica,Stem,1,3,2,PFAF
Lactuca indica laciniata,,https://pfaf.org/user/Plant.aspx?LatinName=Lactuca+indica+laciniata,Stem,1,3,2,PFAF
Lactuca pulchella,Blue Lettuce,https://pfaf.org/user/Plant.aspx?LatinName=Lactuca+pulchella,Gum,1,2,2,PFAF
Lactuca raddeana,,https://pfaf.org/user/Plant.aspx?LatinName=Lactuca+raddeana,Root,1,2,2,PFAF
Lactuca sativa,"Lettuce, Garden lettuce",https://pfaf.org/user/Plant.aspx?LatinName=Lactuca+sativa,Oil; Seed,2,3,3,PFAF
Lactuca sativa angustana,Celtuce,https://pfaf.org/user/Plant.aspx?LatinName=Lactuca+sativa+angustana,Stem,1,3,3,PFAF
Lactuca serriola,Prickly Lettuce,https://pfaf.org/user/Plant.aspx?LatinName=Lactuca+serriola,Oil; Shoots,2,2,3,PFAF
Lactuca virosa,"Wild Lettuce, Bitter lettuce",https://pfaf.org/user/Plant.aspx?LatinName=Lactuca+virosa,Oil,1,1,3,PFAF
Lagarostrobus franklinii,Huon Pine,https://pfaf.org/user/Plant.aspx?LatinName=Lagarostrobus+franklinii,Condiment,1,2,0,PFAF
Lagenaria siceraria,Bottle Gourd,https://pfaf.org/user/Plant.aspx?LatinName=Lagenaria+siceraria,Condiment; Fruit; Oil; Seed; Shoots,5,3,2,PFAF
Lagochilus inebrians,Intoxicating Mint,https://pfaf.org/user/Plant.aspx?LatinName=Lagochilus+inebrians,Tea,1,1,2,PFAF
Lagoecia cuminoides,Wild Cumin,https://pfaf.org/user/Plant.aspx?LatinName=Lagoecia+cuminoides,Condiment,1,1,0,PFAF
Lallemantia iberica,,https://pfaf.org/user/Plant.aspx?LatinName=Lallemantia+iberica,Oil; Seed,2,3,0,PFAF
Lamium album,White Dead Nettle,https://pfaf.org/user/Plant.aspx?LatinName=Lamium+album,Tea,1,2,3,PFAF
Lamium galeobdolon,Yellow Archangel,https://pfaf.org/user/Plant.aspx?LatinName=Lamium+galeobdolon,Flowers; Shoots,2,2,1,PFAF
Landolphia heudelotii,"Guinea gumvine, Landolphia rubber",https://pfaf.org/user/Plant.aspx?LatinName=Landolphia+heudelotii,Drink,1,3,2,PFAF
Lantana camara,"Wild Sage, Lantana Verbena",https://pfaf.org/user/Plant.aspx?LatinName=Lantana+camara,Tea,1,2,4,PFAF
Lapageria rosea,Chilean Bellflower,https://pfaf.org/user/Plant.aspx?LatinName=Lapageria+rosea,Fruit,1,3,0,PFAF
Lapsana apogonoides,,https://pfaf.org/user/Plant.aspx?LatinName=Lapsana+apogonoides,Seed,1,1,0,PFAF
Lapsana communis,"Nipplewort, Common nipplewort",https://pfaf.org/user/Plant.aspx?LatinName=Lapsana+communis,Shoots,1,2,0,PFAF
Lardizabala biternata,Zabala Fruit,https://pfaf.org/user/Plant.aspx?LatinName=Lardizabala+biternata,Fruit,1,3,0,PFAF
Larix decidua,"Larch, European Larch, Common Larch",https://pfaf.org/user/Plant.aspx?LatinName=Larix+decidua,Inner bark; Manna,2,2,3,PFAF
Larix laricina,"Tamarack, Hackmatack, American Larch",https://pfaf.org/user/Plant.aspx?LatinName=Larix+laricina,Shoots; Tea,2,2,2,PFAF
Larix lyallii,Sub-Alpine Larch,https://pfaf.org/user/Plant.aspx?LatinName=Larix+lyallii,Shoots,1,1,0,PFAF
Larix occidentalis,Western Larch,https://pfaf.org/user/Plant.aspx?LatinName=Larix+occidentalis,Gum; Manna; Sap; Sweetener,4,2,2,PFAF
Larrea tridentata,Creosote Bush - Chaparral,https://pfaf.org/user/Plant.aspx?LatinName=Larrea+tridentata,Condiment; Tea,2,2,2,PFAF
Laser trilobum,Gladich,https://pfaf.org/user/Plant.aspx?LatinName=Laser+trilobum,Condiment; Drink; Seed; Stem,4,2,0,PFAF
Laserpitium latifolium,Laserwort,https://pfaf.org/user/Plant.aspx?LatinName=Laserpitium+latifolium,Condiment,1,1,1,PFAF
Laserpitium siler,,https://pfaf.org/user/Plant.aspx?LatinName=Laserpitium+siler,Condiment,1,1,1,PFAF
Lasthenia glabrata,"Yellowray Goldfields, Coulter's goldfields",https://pfaf.org/user/Plant.aspx?LatinName=Lasthenia+glabrata,Seed,1,1,0,PFAF
Lathyrus alatus,,https://pfaf.org/user/Plant.aspx?LatinName=Lathyrus+alatus,Seed,1,1,0,PFAF
Lathyrus aphaca,Yellow-Flowered Pea,https://pfaf.org/user/Plant.aspx?LatinName=Lathyrus+aphaca,Seed,1,1,1,PFAF
Lathyrus cicera,"Chickling Vetch, Red pea",https://pfaf.org/user/Plant.aspx?LatinName=Lathyrus+cicera,Seed; Seedpod,2,1,0,PFAF
Lathyrus davidii,,https://pfaf.org/user/Plant.aspx?LatinName=Lathyrus+davidii,Flowers; Seed; Seedpod,3,1,0,PFAF
Lathyrus japonicus maritimus,Beach Pea,https://pfaf.org/user/Plant.aspx?LatinName=Lathyrus+japonicus+maritimus,Coffee; Seed; Seedpod; Shoots,4,2,0,PFAF
Lathyrus latifolius,"Perennial Sweet Pea, Perennial pea",https://pfaf.org/user/Plant.aspx?LatinName=Lathyrus+latifolius,Seed; Seedpod,2,3,0,PFAF
Lathyrus linifolius montanus,Bitter Vetch,https://pfaf.org/user/Plant.aspx?LatinName=Lathyrus+linifolius+montanus,Root; Seed,2,2,0,PFAF
Lathyrus nervosus,Lord Anson's Pea,https://pfaf.org/user/Plant.aspx?LatinName=Lathyrus+nervosus,Seed,1,2,0,PFAF
Lathyrus ochroleucas,Cream Peavine,https://pfaf.org/user/Plant.aspx?LatinName=Lathyrus+ochroleucas,Root; Seed,2,1,1,PFAF
Lathyrus ochrus,Cyprus Vetch,https://pfaf.org/user/Plant.aspx?LatinName=Lathyrus+ochrus,Root; Seed,2,1,0,PFAF
Lathyrus ornatus,Bush Vetchling,https://pfaf.org/user/Plant.aspx?LatinName=Lathyrus+ornatus,Seedpod,1,1,1,PFAF
Lathyrus palustris,"Slenderstem Peavine, Marsh pea",https://pfaf.org/user/Plant.aspx?LatinName=Lathyrus+palustris,Seed,1,1,0,PFAF
Lathyrus polymorphus,"Manystem Peavine, Hoary pea",https://pfaf.org/user/Plant.aspx?LatinName=Lathyrus+polymorphus,Seedpod,1,1,0,PFAF
Lathyrus quinquenervius,,https://pfaf.org/user/Plant.aspx?LatinName=Lathyrus+quinquenervius,Seed,1,1,0,PFAF
Lathyrus sativus,"Chickling Pea, White pea",https://pfaf.org/user/Plant.aspx?LatinName=Lathyrus+sativus,Seed; Seedpod; Shoots,3,2,1,PFAF
Lathyrus tuberosus,"Earthnut Pea, Tuberous sweetpea",https://pfaf.org/user/Plant.aspx?LatinName=Lathyrus+tuberosus,Root,1,5,0,PFAF
Laurelia sempervirens,Chilean Laurel,https://pfaf.org/user/Plant.aspx?LatinName=Laurelia+sempervirens,Condiment,1,2,1,PFAF
Laurus nobilis,"Bay Tree, Sweet bay, Grecian Laurel, True Laurel,",https://pfaf.org/user/Plant.aspx?LatinName=Laurus+nobilis,Condiment; Tea,2,3,3,PFAF
Lavandula angustifolia,"English Lavender, True Lavender",https://pfaf.org/user/Plant.aspx?LatinName=Lavandula+angustifolia,Condiment; Tea,2,2,3,PFAF
Lavandula latifolia,"Spike Lavender, Broadleaved lavender",https://pfaf.org/user/Plant.aspx?LatinName=Lavandula+latifolia,Condiment,1,2,2,PFAF
Lavandula x intermedia,"Lavender, Lavandin",https://pfaf.org/user/Plant.aspx?LatinName=Lavandula+x+intermedia,Condiment; Tea,2,2,2,PFAF
Lavatera plebeia,Lavatera,https://pfaf.org/user/Plant.aspx?LatinName=Lavatera+plebeia,Root,1,2,1,PFAF
Lavatera species,Tree Lavatera,https://pfaf.org/user/Plant.aspx?LatinName=Lavatera+species,Flowers,1,2,0,PFAF
Lavatera thuringiaca,"Lavatera, Tree lavatera",https://pfaf.org/user/Plant.aspx?LatinName=Lavatera+thuringiaca,Flowers,1,3,0,PFAF
Lavatera trimestris,Annual mallow,https://pfaf.org/user/Plant.aspx?LatinName=Lavatera+trimestris,Oil,1,2,0,PFAF
Layia glandulosa,Whitedaisy Tidytips,https://pfaf.org/user/Plant.aspx?LatinName=Layia+glandulosa,Seed,1,1,0,PFAF
Layia platyglossa,Coastal Tidytips,https://pfaf.org/user/Plant.aspx?LatinName=Layia+platyglossa,Seed,1,1,0,PFAF
Lecythis corrugata,"Mahot rouge, Guacharaco",https://pfaf.org/user/Plant.aspx?LatinName=Lecythis+corrugata,Oil,1,3,0,PFAF
Lecythis minor,Coco de mono,https://pfaf.org/user/Plant.aspx?LatinName=Lecythis+minor,Oil,1,4,0,PFAF
Lecythis ollaria,"Monkey Pot. Sapucaia nut, Pot nut",https://pfaf.org/user/Plant.aspx?LatinName=Lecythis+ollaria,Oil,1,3,0,PFAF
Lecythis pisonis,Paradise Nut. Brazilian Monkey Pot,https://pfaf.org/user/Plant.aspx?LatinName=Lecythis+pisonis,Oil,1,3,2,PFAF
Lecythis zabucajo,"Sapucaia. Sapucaia nut, Paradise nut, Monkey nut",https://pfaf.org/user/Plant.aspx?LatinName=Lecythis+zabucajo,Oil,1,3,1,PFAF
Ledum columbianum,Labrador tea,https://pfaf.org/user/Plant.aspx?LatinName=Ledum+columbianum,Condiment; Tea,2,2,1,PFAF
Ledum glandulosum,"Labrador Tea, Western Labrador tea",https://pfaf.org/user/Plant.aspx?LatinName=Ledum+glandulosum,Condiment; Tea,2,2,1,PFAF
Ledum groenlandicum,"Labrador Tea, Bog Labrador tea",https://pfaf.org/user/Plant.aspx?LatinName=Ledum+groenlandicum,Condiment; Tea,2,2,3,PFAF
Ledum palustre,"Wild Rosemary, Marsh Labrador tea",https://pfaf.org/user/Plant.aspx?LatinName=Ledum+palustre,Condiment; Tea,2,2,3,PFAF
Legousia pentagonia,,https://pfaf.org/user/Plant.aspx?LatinName=Legousia+pentagonia,Shoots,1,2,0,PFAF
Leichhardtia leptophylla,Milk Vine,https://pfaf.org/user/Plant.aspx?LatinName=Leichhardtia+leptophylla,Fruit,1,1,0,PFAF
Lens culinaris,Lentil,https://pfaf.org/user/Plant.aspx?LatinName=Lens+culinaris,Seed; Seedpod,2,5,1,PFAF
Lens ervoides,,https://pfaf.org/user/Plant.aspx?LatinName=Lens+ervoides,Seed,1,1,0,PFAF
Leontice leontopetalum,Rakaf,https://pfaf.org/user/Plant.aspx?LatinName=Leontice+leontopetalum,Drink,1,1,1,PFAF
Leontodon hispidus,"Rough Hawkbit, Bristly hawkbit",https://pfaf.org/user/Plant.aspx?LatinName=Leontodon+hispidus,Coffee,1,2,1,PFAF
Leonurus cardiaca,"Motherwort, Common motherwort",https://pfaf.org/user/Plant.aspx?LatinName=Leonurus+cardiaca,Condiment; Tea,2,2,3,PFAF
Leonurus macranthus,,https://pfaf.org/user/Plant.aspx?LatinName=Leonurus+macranthus,Shoots,1,1,1,PFAF
Leonurus sibiricus,"Chinese Motherwort, Honeyweed",https://pfaf.org/user/Plant.aspx?LatinName=Leonurus+sibiricus,Root; Shoots,2,2,3,PFAF
Leopoldinia piassaba,Piassaba,https://pfaf.org/user/Plant.aspx?LatinName=Leopoldinia+piassaba,Drink,1,2,4,PFAF
Lepidium campestre,"Pepperwort, Field pepperweed",https://pfaf.org/user/Plant.aspx?LatinName=Lepidium+campestre,Condiment; Seedpod; Shoots,3,2,0,PFAF
Lepidium densiflorum,Common Pepperweed,https://pfaf.org/user/Plant.aspx?LatinName=Lepidium+densiflorum,Seed; Seedpod,2,2,1,PFAF
Lepidium fremontii,Desert Pepperweed,https://pfaf.org/user/Plant.aspx?LatinName=Lepidium+fremontii,Condiment; Drink; Seed,3,2,0,PFAF
Lepidium intermedium,,https://pfaf.org/user/Plant.aspx?LatinName=Lepidium+intermedium,Condiment; Seed,2,2,0,PFAF
Lepidium latifolium,"Dittander, Broadleaved pepperweed",https://pfaf.org/user/Plant.aspx?LatinName=Lepidium+latifolium,Condiment; Root,2,3,1,PFAF
Lepidium meyenii,Maca,https://pfaf.org/user/Plant.aspx?LatinName=Lepidium+meyenii,Root,1,5,3,PFAF
Lepidium nitidum,"Shining Pepperweed, Howell's pepperweed",https://pfaf.org/user/Plant.aspx?LatinName=Lepidium+nitidum,Condiment; Seed,2,2,0,PFAF
Lepidium sativum,"Cress, Gardencress pepperweed",https://pfaf.org/user/Plant.aspx?LatinName=Lepidium+sativum,Condiment; Oil; Shoots,3,3,1,PFAF
Lepidium virginicum,"Wild Pepper Grass, Virginia pepperweed, Intermediate pepperweed, Menzies' pepperweed, Hairy pepperwe",https://pfaf.org/user/Plant.aspx?LatinName=Lepidium+virginicum,Condiment; Seedpod,2,2,2,PFAF
Leptadenia hastata,"Akamongot, Anvara",https://pfaf.org/user/Plant.aspx?LatinName=Leptadenia+hastata,Flowers; Shoots,2,4,3,PFAF
Leptospermum ericoides,,https://pfaf.org/user/Plant.aspx?LatinName=Leptospermum+ericoides,Shoots; Tea,2,1,1,PFAF
Leptospermum laevigatum,"Coast Tea Tree, Australian teatree",https://pfaf.org/user/Plant.aspx?LatinName=Leptospermum+laevigatum,Tea,1,1,0,PFAF
Leptospermum lanigerum,woolly tea-tree,https://pfaf.org/user/Plant.aspx?LatinName=Leptospermum+lanigerum,Tea,1,2,0,PFAF
Leptospermum liversidgei,Lemon-Scented Tea Tree,https://pfaf.org/user/Plant.aspx?LatinName=Leptospermum+liversidgei,Tea,1,2,1,PFAF
Leptospermum petersonii,"Lemon Tea Tree, Common teatree",https://pfaf.org/user/Plant.aspx?LatinName=Leptospermum+petersonii,Tea,1,1,1,PFAF
Leptospermum polygalifolium,,https://pfaf.org/user/Plant.aspx?LatinName=Leptospermum+polygalifolium,Tea,1,1,0,PFAF
Leptospermum scoparium,"Tea Tree, Broom teatree, Manuka, New Zealand Tea Tree",https://pfaf.org/user/Plant.aspx?LatinName=Leptospermum+scoparium,Manna; Tea,2,3,0,PFAF
Lespedeza bicolor,"Lespedeza, Shrub lespedeza",https://pfaf.org/user/Plant.aspx?LatinName=Lespedeza+bicolor,Flowers; Oil; Seed; Stem; Tea,5,3,0,PFAF
Lespedeza capitata,Roundhead Lespedeza,https://pfaf.org/user/Plant.aspx?LatinName=Lespedeza+capitata,Tea,1,1,2,PFAF
Lespedeza juncea,"Chinese Lespedeza, Juncea lespedeza",https://pfaf.org/user/Plant.aspx?LatinName=Lespedeza+juncea,Shoots,1,1,1,PFAF
Leucaena leucocephala,"Leucaena, Lead Tree, White Tamarind",https://pfaf.org/user/Plant.aspx?LatinName=Leucaena+leucocephala,Coffee; Drink; Flowers; Gum; Seedpod,5,3,2,PFAF
Leucanthemum vulgare,"Ox-Eye Daisy, Marguerite",https://pfaf.org/user/Plant.aspx?LatinName=Leucanthemum+vulgare,Root; Shoots,2,2,2,PFAF
Leucas cephalotes,Spiderwort,https://pfaf.org/user/Plant.aspx?LatinName=Leucas+cephalotes,Shoots,1,1,2,PFAF
Leucas lanata,,https://pfaf.org/user/Plant.aspx?LatinName=Leucas+lanata,Shoots,1,1,0,PFAF
Leucocrinum montanum,"Sand Lily, Common starlily",https://pfaf.org/user/Plant.aspx?LatinName=Leucocrinum+montanum,Root,1,1,1,PFAF
Leucojum aestivum,Summer Snowflake,https://pfaf.org/user/Plant.aspx?LatinName=Leucojum+aestivum,Root,1,1,0,PFAF
Leucopogon lanceolatus,,https://pfaf.org/user/Plant.aspx?LatinName=Leucopogon+lanceolatus,Fruit,1,1,0,PFAF
Leucopogon leptospermoides,,https://pfaf.org/user/Plant.aspx?LatinName=Leucopogon+leptospermoides,Fruit,1,1,0,PFAF
Leucopogon montanus,,https://pfaf.org/user/Plant.aspx?LatinName=Leucopogon+montanus,Fruit,1,1,0,PFAF
Levisticum officinale,"Lovage, Garden lovage",https://pfaf.org/user/Plant.aspx?LatinName=Levisticum+officinale,Condiment; Flowers; Root; Seed; Stem; Tea,6,3,3,PFAF
Lewisia brachycalyx,Shortsepal lewisia,https://pfaf.org/user/Plant.aspx?LatinName=Lewisia+brachycalyx,Root,1,2,0,PFAF
Lewisia columbiana,"Columbian Bitterroot, Columbian lewisia, Wallowa lewisia",https://pfaf.org/user/Plant.aspx?LatinName=Lewisia+columbiana,Root,1,2,0,PFAF
Lewisia pygmaea,"Pigmy Bitterroot, Alpine lewisia",https://pfaf.org/user/Plant.aspx?LatinName=Lewisia+pygmaea,Root,1,2,0,PFAF
Lewisia rediviva,Bitter-Root,https://pfaf.org/user/Plant.aspx?LatinName=Lewisia+rediviva,Root,1,2,2,PFAF
Leycesteria formosa,Himalayan Honeysuckle,https://pfaf.org/user/Plant.aspx?LatinName=Leycesteria+formosa,Fruit,1,2,0,PFAF
Leymus arenarius,"Lyme Grass, Sand ryegrass",https://pfaf.org/user/Plant.aspx?LatinName=Leymus+arenarius,Seed,1,2,0,PFAF
Leymus condensatus,Giant Wild Rye,https://pfaf.org/user/Plant.aspx?LatinName=Leymus+condensatus,Seed,1,2,1,PFAF
Leymus racemosus,"Volga Wild Rye, Mammoth wildrye",https://pfaf.org/user/Plant.aspx?LatinName=Leymus+racemosus,Oil; Seed; Shoots; Stem,4,3,0,PFAF
Leymus triticoides,"Squaw Grass, Beardless wildrye",https://pfaf.org/user/Plant.aspx?LatinName=Leymus+triticoides,Seed,1,3,0,PFAF
Liatris punctata,"Snakeroot, Dotted blazing star, Mexican blazing star, Nebraska blazing star",https://pfaf.org/user/Plant.aspx?LatinName=Liatris+punctata,Root,1,1,2,PFAF
Ligularia hiberniflorum,,https://pfaf.org/user/Plant.aspx?LatinName=Ligularia+hiberniflorum,Stem,1,1,0,PFAF
Ligularia japonica,,https://pfaf.org/user/Plant.aspx?LatinName=Ligularia+japonica,Stem,1,1,0,PFAF
Ligusticum canbyi,Osha,https://pfaf.org/user/Plant.aspx?LatinName=Ligusticum+canbyi,Shoots; Stem,2,3,0,PFAF
Ligusticum hultenii,Hulten's Licorice Root,https://pfaf.org/user/Plant.aspx?LatinName=Ligusticum+hultenii,Root; Shoots,2,2,0,PFAF
Ligusticum mutellina,"Mountain Lovage, Alpine lovage",https://pfaf.org/user/Plant.aspx?LatinName=Ligusticum+mutellina,Tea,1,1,1,PFAF
Ligusticum porteri,Porter's Licorice Root,https://pfaf.org/user/Plant.aspx?LatinName=Ligusticum+porteri,Condiment,1,1,3,PFAF
Ligusticum scoticum,"Scottish Lovage, Scottish licorice-root, Hulten's licorice-root",https://pfaf.org/user/Plant.aspx?LatinName=Ligusticum+scoticum,Condiment; Root; Seed; Shoots; Stem,5,3,2,PFAF
Ligustrum indicum,,https://pfaf.org/user/Plant.aspx?LatinName=Ligustrum+indicum,Coffee,1,1,0,PFAF
Ligustrum japonicum,"Japanese Privet, Japanese Ligustrum, Waxleaf Ligustrum, Texas Privet, Waxleaf Privet",https://pfaf.org/user/Plant.aspx?LatinName=Ligustrum+japonicum,Coffee; Shoots,2,1,1,PFAF
Ligustrum lucidum,"Chinese Privet, Glossy privet, White Wax Tree, Tree Ligustrum",https://pfaf.org/user/Plant.aspx?LatinName=Ligustrum+lucidum,Shoots,1,1,3,PFAF
Ligustrum obtusifolium,Border privet,https://pfaf.org/user/Plant.aspx?LatinName=Ligustrum+obtusifolium,Coffee; Tea,2,2,0,PFAF
Lilium amabile,,https://pfaf.org/user/Plant.aspx?LatinName=Lilium+amabile,Flowers; Root; Shoots,3,2,0,PFAF
Lilium auratum,Golden-Rayed Lily,https://pfaf.org/user/Plant.aspx?LatinName=Lilium+auratum,Root,1,3,0,PFAF
Lilium brownii,Hong Kong Lily,https://pfaf.org/user/Plant.aspx?LatinName=Lilium+brownii,Condiment; Flowers; Root,3,3,2,PFAF
Lilium bulbiferum,"Fire Lily, Orange lily",https://pfaf.org/user/Plant.aspx?LatinName=Lilium+bulbiferum,Root,1,3,0,PFAF
Lilium callosum,,https://pfaf.org/user/Plant.aspx?LatinName=Lilium+callosum,Root,1,2,0,PFAF
Lilium canadense,"Meadow Lily, Canada lily",https://pfaf.org/user/Plant.aspx?LatinName=Lilium+canadense,Root,1,3,1,PFAF
Lilium canadense editorum,Meadow Lily,https://pfaf.org/user/Plant.aspx?LatinName=Lilium+canadense+editorum,Root,1,3,0,PFAF
Lilium canadense flavum,Meadow Lily,https://pfaf.org/user/Plant.aspx?LatinName=Lilium+canadense+flavum,Root,1,3,0,PFAF
Lilium candidum,Madonna Lily,https://pfaf.org/user/Plant.aspx?LatinName=Lilium+candidum,Root,1,3,2,PFAF
Lilium cernuum,,https://pfaf.org/user/Plant.aspx?LatinName=Lilium+cernuum,Root,1,2,0,PFAF
Lilium columbianum,"Columbia Tiger Lily, Columbia lily, Oregon Lily, Tiger Lily",https://pfaf.org/user/Plant.aspx?LatinName=Lilium+columbianum,Root,1,3,0,PFAF
Lilium concolor,Morning Star Lily,https://pfaf.org/user/Plant.aspx?LatinName=Lilium+concolor,Flowers; Root,2,2,2,PFAF
Lilium dauricum,,https://pfaf.org/user/Plant.aspx?LatinName=Lilium+dauricum,Flowers; Root,2,2,0,PFAF
Lilium davidii,,https://pfaf.org/user/Plant.aspx?LatinName=Lilium+davidii,Root,1,2,0,PFAF
Lilium distichum,,https://pfaf.org/user/Plant.aspx?LatinName=Lilium+distichum,Root,1,2,0,PFAF
Lilium formosanum,Formosa lily,https://pfaf.org/user/Plant.aspx?LatinName=Lilium+formosanum,Root,1,2,0,PFAF
Lilium formosanum pricei,,https://pfaf.org/user/Plant.aspx?LatinName=Lilium+formosanum+pricei,Root,1,2,0,PFAF
Lilium hansonii,,https://pfaf.org/user/Plant.aspx?LatinName=Lilium+hansonii,Root,1,2,0,PFAF
Lilium henryi,Henry's lily,https://pfaf.org/user/Plant.aspx?LatinName=Lilium+henryi,Root,1,2,0,PFAF
Lilium japonicum,Bamboo Lily,https://pfaf.org/user/Plant.aspx?LatinName=Lilium+japonicum,Root,1,2,2,PFAF
Lilium japonicum platyfolium,Bamboo Lily,https://pfaf.org/user/Plant.aspx?LatinName=Lilium+japonicum+platyfolium,Root,1,2,2,PFAF
Lilium kelleyanum,Kelley's Lily,https://pfaf.org/user/Plant.aspx?LatinName=Lilium+kelleyanum,Root,1,2,0,PFAF
Lilium lancifolium,"Tiger Lily, Devil Lily",https://pfaf.org/user/Plant.aspx?LatinName=Lilium+lancifolium,Flowers; Root,2,4,2,PFAF
Lilium leichtlinii,,https://pfaf.org/user/Plant.aspx?LatinName=Lilium+leichtlinii,Root,1,2,0,PFAF
Lilium leichtlinii maximowiczii,,https://pfaf.org/user/Plant.aspx?LatinName=Lilium+leichtlinii+maximowiczii,Root,1,2,0,PFAF
Lilium longiflorum,"White Trumpet Lily, Easter lily, Trumpet Lily",https://pfaf.org/user/Plant.aspx?LatinName=Lilium+longiflorum,Flowers; Root,2,3,2,PFAF
Lilium maculatum,,https://pfaf.org/user/Plant.aspx?LatinName=Lilium+maculatum,Flowers; Root,2,2,0,PFAF
Lilium martagon,"Turk's Cap Lily, Martagon lily",https://pfaf.org/user/Plant.aspx?LatinName=Lilium+martagon,Root,1,2,1,PFAF
Lilium medeoloides,,https://pfaf.org/user/Plant.aspx?LatinName=Lilium+medeoloides,Root,1,2,0,PFAF
Lilium monanthum,,https://pfaf.org/user/Plant.aspx?LatinName=Lilium+monanthum,Root,1,2,0,PFAF
Lilium nanum,,https://pfaf.org/user/Plant.aspx?LatinName=Lilium+nanum,Root,1,2,0,PFAF
Lilium nepalense,,https://pfaf.org/user/Plant.aspx?LatinName=Lilium+nepalense,Root,1,2,1,PFAF
Lilium nobilissimum,,https://pfaf.org/user/Plant.aspx?LatinName=Lilium+nobilissimum,Root,1,2,0,PFAF
Lilium pardalinum,"Panther Lily, Leopard lily, Pitkin Marsh lily, Vollmer's lilyShasta lily, Wiggins' lily",https://pfaf.org/user/Plant.aspx?LatinName=Lilium+pardalinum,Root,1,2,0,PFAF
Lilium philadelphicum,Wood Lily,https://pfaf.org/user/Plant.aspx?LatinName=Lilium+philadelphicum,Root,1,3,1,PFAF
Lilium pomponium,,https://pfaf.org/user/Plant.aspx?LatinName=Lilium+pomponium,Root,1,2,0,PFAF
Lilium pumilum,Coral Lily,https://pfaf.org/user/Plant.aspx?LatinName=Lilium+pumilum,Root,1,2,2,PFAF
Lilium rubellum,,https://pfaf.org/user/Plant.aspx?LatinName=Lilium+rubellum,Root,1,2,0,PFAF
Lilium sargentiae,,https://pfaf.org/user/Plant.aspx?LatinName=Lilium+sargentiae,Flowers; Root,2,2,0,PFAF
Lilium speciosum,Oriental Lily,https://pfaf.org/user/Plant.aspx?LatinName=Lilium+speciosum,Root,1,2,1,PFAF
Lilium superbum,"Swamp Lily, Turk's-cap lily, American Turk's Cap Lily",https://pfaf.org/user/Plant.aspx?LatinName=Lilium+superbum,Root,1,3,0,PFAF
Lilium tsingtauense,,https://pfaf.org/user/Plant.aspx?LatinName=Lilium+tsingtauense,Root,1,2,0,PFAF
Lilium wallichianum,,https://pfaf.org/user/Plant.aspx?LatinName=Lilium+wallichianum,Root,1,2,1,PFAF
Limnanthes alba,"Meadowfoam, White meadowfoam",https://pfaf.org/user/Plant.aspx?LatinName=Limnanthes+alba,Oil,1,0,0,PFAF
Limnocharis flava,"Sawah Lettuce, Sawah Flowering Rush",https://pfaf.org/user/Plant.aspx?LatinName=Limnocharis+flava,Flowers,1,4,0,PFAF
Linaria vulgaris,"Yellow Toadflax, Butter and eggs",https://pfaf.org/user/Plant.aspx?LatinName=Linaria+vulgaris,Shoots,1,1,2,PFAF
Lindera benzoin,"Spice Bush, Northern spicebush, Bush Northern Spice",https://pfaf.org/user/Plant.aspx?LatinName=Lindera+benzoin,Condiment; Tea,2,3,3,PFAF
Lindera obtusiloba,,https://pfaf.org/user/Plant.aspx?LatinName=Lindera+obtusiloba,Oil; Tea,2,2,0,PFAF
Lindera praecox,,https://pfaf.org/user/Plant.aspx?LatinName=Lindera+praecox,Oil,1,0,0,PFAF
Lindera umbellata,,https://pfaf.org/user/Plant.aspx?LatinName=Lindera+umbellata,Condiment; Oil,2,1,0,PFAF
Linum humile,,https://pfaf.org/user/Plant.aspx?LatinName=Linum+humile,Oil,1,1,0,PFAF
Linum hybrids,Perennial Flax,https://pfaf.org/user/Plant.aspx?LatinName=Linum+hybrids,Oil,1,4,4,PFAF
Linum marginale,Native Flax,https://pfaf.org/user/Plant.aspx?LatinName=Linum+marginale,Seed,1,1,0,PFAF
Linum perenne,"Perennial Flax, Blue flax, Alpine flax",https://pfaf.org/user/Plant.aspx?LatinName=Linum+perenne,Oil; Seed,2,3,2,PFAF
Linum usitatissimum,"Flax, Common flax",https://pfaf.org/user/Plant.aspx?LatinName=Linum+usitatissimum,Coffee; Gum; Oil; Seed,4,4,3,PFAF
Lippia graveolens,Mexican Oregano,https://pfaf.org/user/Plant.aspx?LatinName=Lippia+graveolens,Condiment; Tea,2,4,0,PFAF
Liquidambar orientalis,Oriental Sweet Gum,https://pfaf.org/user/Plant.aspx?LatinName=Liquidambar+orientalis,Gum,1,2,3,PFAF
Liquidambar styraciflua,"Sweet Gum, Red Gum, American Sweet Gum, Red Sweet Gum,",https://pfaf.org/user/Plant.aspx?LatinName=Liquidambar+styraciflua,Gum,1,2,3,PFAF
Liriodendron tulipifera,"Tulip Tree, Tulip Poplar, Yellow Poplar, Canary Whitewood",https://pfaf.org/user/Plant.aspx?LatinName=Liriodendron+tulipifera,Condiment,1,1,2,PFAF
Liriope graminifolia,Lilyturf,https://pfaf.org/user/Plant.aspx?LatinName=Liriope+graminifolia,Root,1,2,1,PFAF
Liriope minor,,https://pfaf.org/user/Plant.aspx?LatinName=Liriope+minor,Root,1,2,1,PFAF
Liriope muscari,"Lilyturf, Big blue lilyturf, Border Grass, Blue Lilyturf, Liriope",https://pfaf.org/user/Plant.aspx?LatinName=Liriope+muscari,Root,1,2,1,PFAF
Liriope spicata,"Lily Turf, Creeping liriope, Creeping Lilyturf",https://pfaf.org/user/Plant.aspx?LatinName=Liriope+spicata,Root,1,2,1,PFAF
Lissanthe sapida,,https://pfaf.org/user/Plant.aspx?LatinName=Lissanthe+sapida,Fruit,1,1,0,PFAF
Lissanthe strigosa,,https://pfaf.org/user/Plant.aspx?LatinName=Lissanthe+strigosa,Fruit,1,0,0,PFAF
Lithocarpus corneus,,https://pfaf.org/user/Plant.aspx?LatinName=Lithocarpus+corneus,Seed,1,1,0,PFAF
Lithocarpus densiflorus,Tanbark Oak,https://pfaf.org/user/Plant.aspx?LatinName=Lithocarpus+densiflorus,Oil; Seed,2,2,1,PFAF
Lithocarpus edulis,,https://pfaf.org/user/Plant.aspx?LatinName=Lithocarpus+edulis,Seed,1,1,0,PFAF
Lithocarpus glaber,Japanese Oak,https://pfaf.org/user/Plant.aspx?LatinName=Lithocarpus+glaber,Seed,1,1,0,PFAF
Lithocarpus pachyphylla,,https://pfaf.org/user/Plant.aspx?LatinName=Lithocarpus+pachyphylla,Coffee; Seed,2,2,1,PFAF
Lithospermum canescens,"Paint Indian, Hoary puccoon",https://pfaf.org/user/Plant.aspx?LatinName=Lithospermum+canescens,Colouring,1,1,1,PFAF
Lithospermum incisum,"Narrow-Leaf Gromwell, Narrowleaf stoneseed",https://pfaf.org/user/Plant.aspx?LatinName=Lithospermum+incisum,Root; Tea,2,1,2,PFAF
Lithospermum multiflorum,"Manyflowered Gromwell, Manyflowered stoneseed",https://pfaf.org/user/Plant.aspx?LatinName=Lithospermum+multiflorum,Seed,1,1,1,PFAF
Lithospermum officinale,"Gromwell, European stoneseed",https://pfaf.org/user/Plant.aspx?LatinName=Lithospermum+officinale,Tea,1,1,2,PFAF
Lithospermum ruderale,"Western Gromwell, Western Stoneseed",https://pfaf.org/user/Plant.aspx?LatinName=Lithospermum+ruderale,Seed,1,1,2,PFAF
Litsea citrata,,https://pfaf.org/user/Plant.aspx?LatinName=Litsea+citrata,Fruit,1,1,0,PFAF
Litsea cubeba,"Mountain Pepper, Litsea",https://pfaf.org/user/Plant.aspx?LatinName=Litsea+cubeba,Condiment; Fruit; Oil; Root; Tea,5,2,2,PFAF
Litsea umbrosa,,https://pfaf.org/user/Plant.aspx?LatinName=Litsea+umbrosa,Oil,1,0,1,PFAF
Lobularia maritima,Sweet Alyssum,https://pfaf.org/user/Plant.aspx?LatinName=Lobularia+maritima,Condiment,1,1,1,PFAF
Lolium perenne,"Perennial Ryegrass, Italian ryegrass, Darnel, Lyme Grass, Terrell Grass, English Ryegrass, Strand Wh",https://pfaf.org/user/Plant.aspx?LatinName=Lolium+perenne,Seed,1,1,1,PFAF
Lolium temulentum,Darnel,https://pfaf.org/user/Plant.aspx?LatinName=Lolium+temulentum,Seed,1,1,1,PFAF
Lomandra longifolia,Longleaf Mat-Rush,https://pfaf.org/user/Plant.aspx?LatinName=Lomandra+longifolia,Flowers,1,2,0,PFAF
Lomatium ambiguum,"Biscuitroot, Wyeth biscuitroot",https://pfaf.org/user/Plant.aspx?LatinName=Lomatium+ambiguum,Root; Seed,2,4,1,PFAF
Lomatium canbyi,"Biscuitroot, Canby's biscuitroot",https://pfaf.org/user/Plant.aspx?LatinName=Lomatium+canbyi,Root; Seed,2,4,0,PFAF
Lomatium cous,"Biscuitroot, Cous biscuitroot",https://pfaf.org/user/Plant.aspx?LatinName=Lomatium+cous,Root; Seed,2,4,0,PFAF
Lomatium dissectum,"Fernleaf Biscuitroot, Carrotleaf biscuitroot",https://pfaf.org/user/Plant.aspx?LatinName=Lomatium+dissectum,Root; Seed,2,4,2,PFAF
Lomatium eurycarpum,,https://pfaf.org/user/Plant.aspx?LatinName=Lomatium+eurycarpum,Root,1,2,0,PFAF
Lomatium farinosum,"Northern Biscuitroot, Hamblen's biscuitroot",https://pfaf.org/user/Plant.aspx?LatinName=Lomatium+farinosum,Root; Seed,2,3,0,PFAF
Lomatium foeniculaceum,"Desert Biscuitroot, Inyo biscuitroot, Macdougal's biscuitroot",https://pfaf.org/user/Plant.aspx?LatinName=Lomatium+foeniculaceum,Root; Seed,2,3,0,PFAF
Lomatium gayeri,Biscuitroot,https://pfaf.org/user/Plant.aspx?LatinName=Lomatium+gayeri,Root; Seed,2,4,0,PFAF
Lomatium gormanii,Gorman's biscuitroot,https://pfaf.org/user/Plant.aspx?LatinName=Lomatium+gormanii,Root,1,3,0,PFAF
Lomatium grayi,"Biscuitroot, Gray's biscuitroot",https://pfaf.org/user/Plant.aspx?LatinName=Lomatium+grayi,Root; Seed,2,4,0,PFAF
Lomatium macrocarpum,Bigseed Biscuitroot,https://pfaf.org/user/Plant.aspx?LatinName=Lomatium+macrocarpum,Root; Seed; Tea,3,4,2,PFAF
Lomatium nudicaule,"Pestle Parsnip, Barestem biscuitroot",https://pfaf.org/user/Plant.aspx?LatinName=Lomatium+nudicaule,Root; Shoots; Stem; Tea,4,4,2,PFAF
Lomatium triternatum,"Nineleaf Biscuitroot, Broadnineleaf biscuitroot",https://pfaf.org/user/Plant.aspx?LatinName=Lomatium+triternatum,Condiment; Root,2,3,1,PFAF
Lomatium utriculatum,Common Lomatium,https://pfaf.org/user/Plant.aspx?LatinName=Lomatium+utriculatum,Root; Shoots,2,3,1,PFAF
Lonicera affinis,,https://pfaf.org/user/Plant.aspx?LatinName=Lonicera+affinis,Flowers; Fruit,2,1,1,PFAF
Lonicera angustifolia,Narrow-leafed honeysuckle,https://pfaf.org/user/Plant.aspx?LatinName=Lonicera+angustifolia,Fruit,1,4,0,PFAF
Lonicera caerulea,"Sweetberry honeysuckle, Bluefly honeysuckle, Haskap berry",https://pfaf.org/user/Plant.aspx?LatinName=Lonicera+caerulea,Fruit,1,4,0,PFAF
Lonicera canadensis,"Fly Honeysuckle, American fly honeysuckle",https://pfaf.org/user/Plant.aspx?LatinName=Lonicera+canadensis,Fruit,1,1,1,PFAF
Lonicera caprifolium,"Italian Honeysuckle, Italian woodbine",https://pfaf.org/user/Plant.aspx?LatinName=Lonicera+caprifolium,Fruit; Tea,2,1,2,PFAF
Lonicera chrysantha,Honeysuckle,https://pfaf.org/user/Plant.aspx?LatinName=Lonicera+chrysantha,Fruit,1,1,0,PFAF
Lonicera ciliosa,Orange Honeysuckle,https://pfaf.org/user/Plant.aspx?LatinName=Lonicera+ciliosa,Fruit; Nectar,2,2,2,PFAF
Lonicera gracilipes,,https://pfaf.org/user/Plant.aspx?LatinName=Lonicera+gracilipes,Fruit,1,1,1,PFAF
Lonicera gracilipes glabra,,https://pfaf.org/user/Plant.aspx?LatinName=Lonicera+gracilipes+glabra,Fruit,1,1,1,PFAF
Lonicera henryi,,https://pfaf.org/user/Plant.aspx?LatinName=Lonicera+henryi,Flowers; Stem,2,1,1,PFAF
Lonicera involucrata,"Twinberry, Twinberry honeysuckle",https://pfaf.org/user/Plant.aspx?LatinName=Lonicera+involucrata,Fruit,1,2,2,PFAF
Lonicera japonica,Japanese Honeysuckle,https://pfaf.org/user/Plant.aspx?LatinName=Lonicera+japonica,Flowers; Tea,2,2,3,PFAF
Lonicera morrowii,Morrow's honeysuckle,https://pfaf.org/user/Plant.aspx?LatinName=Lonicera+morrowii,Fruit,1,1,1,PFAF
Lonicera periclymenum,"Honeysuckle, European honeysuckle",https://pfaf.org/user/Plant.aspx?LatinName=Lonicera+periclymenum,Flowers; Nectar,2,1,2,PFAF
Lonicera utahensis,Utah Honeysuckle,https://pfaf.org/user/Plant.aspx?LatinName=Lonicera+utahensis,Fruit,1,1,1,PFAF
Lonicera venulosa,,https://pfaf.org/user/Plant.aspx?LatinName=Lonicera+venulosa,Fruit,1,2,0,PFAF
Lonicera villosa,"Mountain fly honeysuckle, Fuller's honeysuckle",https://pfaf.org/user/Plant.aspx?LatinName=Lonicera+villosa,Fruit,1,3,0,PFAF
Lonicera villosa solonis,,https://pfaf.org/user/Plant.aspx?LatinName=Lonicera+villosa+solonis,Fruit,1,3,0,PFAF
Lophira alata,Niam Tree,https://pfaf.org/user/Plant.aspx?LatinName=Lophira+alata,Oil,1,2,0,PFAF
Lophomyrtus bullata,,https://pfaf.org/user/Plant.aspx?LatinName=Lophomyrtus+bullata,Fruit,1,2,0,PFAF
Lophomyrtus x ralphii,,https://pfaf.org/user/Plant.aspx?LatinName=Lophomyrtus+x+ralphii,Fruit,1,2,0,PFAF
Lotus corniculatus,Bird's Foot Trefoil,https://pfaf.org/user/Plant.aspx?LatinName=Lotus+corniculatus,Seedpod,1,1,1,PFAF
Lotus edulis,,https://pfaf.org/user/Plant.aspx?LatinName=Lotus+edulis,Seedpod,1,3,0,PFAF
Lotus halophilus,Greater Bird's Foot Trefoil,https://pfaf.org/user/Plant.aspx?LatinName=Lotus+halophilus,Seed,1,1,0,PFAF
Lotus tetragonolobus,"Asparagus Pea, Winged pea",https://pfaf.org/user/Plant.aspx?LatinName=Lotus+tetragonolobus,Coffee; Seed; Seedpod,3,3,0,PFAF
Luffa aegyptiaca,Loofah,https://pfaf.org/user/Plant.aspx?LatinName=Luffa+aegyptiaca,Flowers; Oil; Shoots,3,2,2,PFAF
Luma apiculata,Arrayan,https://pfaf.org/user/Plant.aspx?LatinName=Luma+apiculata,Fruit,1,3,0,PFAF
Lunaria annua,"Honesty, Annual honesty, Silver Dollar, Moneywort, Moonwort, Penny Flower, Money Plant",https://pfaf.org/user/Plant.aspx?LatinName=Lunaria+annua,Condiment; Root; Seed,3,2,0,PFAF
Lupinus albus,White Lupin,https://pfaf.org/user/Plant.aspx?LatinName=Lupinus+albus,Coffee; Oil; Seed,3,4,1,PFAF
Lupinus albus graecus,,https://pfaf.org/user/Plant.aspx?LatinName=Lupinus+albus+graecus,Seed,1,4,0,PFAF
Lupinus angustifolius,"Blue Lupin, Narrowleaf lupine",https://pfaf.org/user/Plant.aspx?LatinName=Lupinus+angustifolius,Seed,1,4,0,PFAF
Lupinus hirsutus,,https://pfaf.org/user/Plant.aspx?LatinName=Lupinus+hirsutus,Seed,1,2,0,PFAF
Lupinus littoralis,Seashore Lupine,https://pfaf.org/user/Plant.aspx?LatinName=Lupinus+littoralis,Root,1,2,0,PFAF
Lupinus luteus,"Yellow Lupin, European yellow lupine",https://pfaf.org/user/Plant.aspx?LatinName=Lupinus+luteus,Coffee; Seed,2,3,0,PFAF
Lupinus mutabilis,"Pearl Lupin, Tarwi",https://pfaf.org/user/Plant.aspx?LatinName=Lupinus+mutabilis,Oil; Seed,2,5,0,PFAF
Lupinus nootkatensis,"Blue Lupine, Nootka lupine",https://pfaf.org/user/Plant.aspx?LatinName=Lupinus+nootkatensis,Root; Seed; Seedpod,3,3,0,PFAF
Lupinus perennis,Sundial Lupine,https://pfaf.org/user/Plant.aspx?LatinName=Lupinus+perennis,Seed; Seedpod,2,3,1,PFAF
Lupinus tauris,,https://pfaf.org/user/Plant.aspx?LatinName=Lupinus+tauris,Seed,1,0,0,PFAF
Lupinus termis,White Lupin,https://pfaf.org/user/Plant.aspx?LatinName=Lupinus+termis,Seed,1,2,0,PFAF
Luzula capitata,,https://pfaf.org/user/Plant.aspx?LatinName=Luzula+capitata,Seed,1,2,0,PFAF
Lycium afrum,,https://pfaf.org/user/Plant.aspx?LatinName=Lycium+afrum,Fruit,1,1,2,PFAF
Lycium andersonii,"Wolfberry, Water jacket",https://pfaf.org/user/Plant.aspx?LatinName=Lycium+andersonii,Fruit,1,1,2,PFAF
Lycium arabicum,,https://pfaf.org/user/Plant.aspx?LatinName=Lycium+arabicum,Fruit; Shoots,2,1,2,PFAF
Lycium australe,,https://pfaf.org/user/Plant.aspx?LatinName=Lycium+australe,Fruit,1,1,2,PFAF
Lycium barbarum,"Goji, Box Thorn, Matrimony vine",https://pfaf.org/user/Plant.aspx?LatinName=Lycium+barbarum,Fruit; Shoots; Tea,3,4,3,PFAF
Lycium berlandieri,Berlandier's wolfberry,https://pfaf.org/user/Plant.aspx?LatinName=Lycium+berlandieri,Fruit,1,1,2,PFAF
Lycium carolinianum,"Christmas Berry, Carolina desert-thorn",https://pfaf.org/user/Plant.aspx?LatinName=Lycium+carolinianum,Fruit,1,3,2,PFAF
Lycium chinense,"Chinese Boxthorn, Chinese desert-thorn",https://pfaf.org/user/Plant.aspx?LatinName=Lycium+chinense,Coffee; Fruit; Shoots; Tea,4,4,3,PFAF
Lycium europaeum,"European tea-tree, Box thorn,",https://pfaf.org/user/Plant.aspx?LatinName=Lycium+europaeum,Fruit; Shoots,2,3,2,PFAF
Lycium fremontii,"Desert Thorn, Fremont's desert-thorn",https://pfaf.org/user/Plant.aspx?LatinName=Lycium+fremontii,Fruit,1,1,2,PFAF
Lycium pallidum,"Pale Wolfberry, Pale desert-thorn, Rabbit thorn",https://pfaf.org/user/Plant.aspx?LatinName=Lycium+pallidum,Fruit,1,3,2,PFAF
Lycium ruthenicum,,https://pfaf.org/user/Plant.aspx?LatinName=Lycium+ruthenicum,Fruit,1,3,2,PFAF
Lycium schweinfurthii,,https://pfaf.org/user/Plant.aspx?LatinName=Lycium+schweinfurthii,Fruit,1,2,2,PFAF
Lycium torreyi,"Squawthorn, Torrey wolfberry",https://pfaf.org/user/Plant.aspx?LatinName=Lycium+torreyi,Fruit,1,2,2,PFAF
Lycopersicon esculentum,Tomato,https://pfaf.org/user/Plant.aspx?LatinName=Lycopersicon+esculentum,Fruit; Oil,2,4,3,PFAF
Lycopersicon peruvianum,,https://pfaf.org/user/Plant.aspx?LatinName=Lycopersicon+peruvianum,Fruit,1,2,0,PFAF
Lycopersicon pimpinellifolium,Currant Tomato,https://pfaf.org/user/Plant.aspx?LatinName=Lycopersicon+pimpinellifolium,Fruit; Oil,2,4,2,PFAF
Lycopus americanus,"Water Horehound, American water horehound",https://pfaf.org/user/Plant.aspx?LatinName=Lycopus+americanus,Root,1,1,3,PFAF
Lycopus amplectens,Clasping water horehound,https://pfaf.org/user/Plant.aspx?LatinName=Lycopus+amplectens,Root,1,1,0,PFAF
Lycopus asper,Rough Bugleweed,https://pfaf.org/user/Plant.aspx?LatinName=Lycopus+asper,Root,1,1,1,PFAF
Lycopus europaeus,Gypsywort,https://pfaf.org/user/Plant.aspx?LatinName=Lycopus+europaeus,Root,1,1,3,PFAF
Lycopus lucidus,"Bugleweed, Rough bugleweed",https://pfaf.org/user/Plant.aspx?LatinName=Lycopus+lucidus,Root,1,1,2,PFAF
Lycopus uniflorus,"Bugleweed, Northern bugleweed",https://pfaf.org/user/Plant.aspx?LatinName=Lycopus+uniflorus,Root,1,3,1,PFAF
Lycopus virginicus,"Bugleweed, Virginia water horehound",https://pfaf.org/user/Plant.aspx?LatinName=Lycopus+virginicus,Root,1,2,3,PFAF
Lycoris radiata,"Spider Lily, Red spider lily, Nerine Lily, Short tube Lycoris",https://pfaf.org/user/Plant.aspx?LatinName=Lycoris+radiata,Root,1,2,2,PFAF
Lycoris sanguinea,Spider Lily,https://pfaf.org/user/Plant.aspx?LatinName=Lycoris+sanguinea,Root,1,2,0,PFAF
Lycoris squamigera,"Resurrection Lily, Hardy Amaryllis, Magic Lily, Autumn Lycoris, Naked Lady",https://pfaf.org/user/Plant.aspx?LatinName=Lycoris+squamigera,Root,1,2,0,PFAF
Lygodesmia juncea,"Skeleton Weed, Rush skeletonplant",https://pfaf.org/user/Plant.aspx?LatinName=Lygodesmia+juncea,Gum,1,1,2,PFAF
Lysichiton americanus,"Yellow Skunk Cabbage, American skunkcabbage",https://pfaf.org/user/Plant.aspx?LatinName=Lysichiton+americanus,Root; Shoots,2,3,2,PFAF
Lysichiton camtschatcense,,https://pfaf.org/user/Plant.aspx?LatinName=Lysichiton+camtschatcense,Shoots,1,1,0,PFAF
Lysimachia clethroides,"Gooseneck Loosestrife, Gooseneck yellow loosestrife, Japanese Loosestrife, Shepherd's Crook",https://pfaf.org/user/Plant.aspx?LatinName=Lysimachia+clethroides,Condiment; Flowers; Fruit; Shoots,4,1,0,PFAF
Lysimachia fortunei,,https://pfaf.org/user/Plant.aspx?LatinName=Lysimachia+fortunei,Condiment,1,1,0,PFAF
Lysimachia nummularia,"Creeping Jenny, Moneywort, Creeping Charlie",https://pfaf.org/user/Plant.aspx?LatinName=Lysimachia+nummularia,Tea,1,1,2,PFAF
Lysimachia quadrifolia,Whorled Yellow Loosestrife,https://pfaf.org/user/Plant.aspx?LatinName=Lysimachia+quadrifolia,Tea,1,1,1,PFAF
Lythrum salicaria,Purple Loosestrife,https://pfaf.org/user/Plant.aspx?LatinName=Lythrum+salicaria,Colouring; Root,2,2,3,PFAF
Macadamia hildebrandii,Celebes nut,https://pfaf.org/user/Plant.aspx?LatinName=Macadamia+hildebrandii,Oil,1,4,0,PFAF
Macadamia integrifolia,"Macadamia, Macadamia nut",https://pfaf.org/user/Plant.aspx?LatinName=Macadamia+integrifolia,Milk; Oil; Seed,3,4,0,PFAF
Macadamia ternifolia,"Macadamia Nut, Gympie nut",https://pfaf.org/user/Plant.aspx?LatinName=Macadamia+ternifolia,Milk; Oil,2,4,0,PFAF
Macadamia tetraphylla,"Queensland Nut, Macadamia nut",https://pfaf.org/user/Plant.aspx?LatinName=Macadamia+tetraphylla,Milk; Oil; Seed,3,4,0,PFAF
Macrotomia perennis,,https://pfaf.org/user/Plant.aspx?LatinName=Macrotomia+perennis,Root,1,1,1,PFAF
Macrozamia spp.,"Burrawang, Cycads",https://pfaf.org/user/Plant.aspx?LatinName=Macrozamia+spp.,Stem,1,2,0,PFAF
Madhuca longifolia,"Butter Tree. Mahua, Illipe",https://pfaf.org/user/Plant.aspx?LatinName=Madhuca+longifolia,Flowers; Oil,2,3,2,PFAF
Madia densifolia,Showy Tarweed,https://pfaf.org/user/Plant.aspx?LatinName=Madia+densifolia,Seed,1,2,0,PFAF
Madia dissitiflora,Grassy Tarweed,https://pfaf.org/user/Plant.aspx?LatinName=Madia+dissitiflora,Seed,1,2,0,PFAF
Madia elegans,"Common Madia, Showy tarweed, Spring madia, Wheeler's tarweed",https://pfaf.org/user/Plant.aspx?LatinName=Madia+elegans,Seed,1,2,0,PFAF
Madia glomerata,Mountain Tarweed,https://pfaf.org/user/Plant.aspx?LatinName=Madia+glomerata,Seed,1,2,1,PFAF
Madia sativa,"Chile Tarweed, Coast tarweed",https://pfaf.org/user/Plant.aspx?LatinName=Madia+sativa,Oil; Seed,2,3,0,PFAF
Magnolia denudata,"Lily Tree, Yulan Magnolia",https://pfaf.org/user/Plant.aspx?LatinName=Magnolia+denudata,Condiment,1,1,2,PFAF
Magnolia grandiflora,"Southern Magnolia, Bull Bay, Large-flowered Magnolia, Southern Magnolia",https://pfaf.org/user/Plant.aspx?LatinName=Magnolia+grandiflora,Condiment; Flowers,2,2,2,PFAF
Magnolia hypoleuca,Whitebark Magnolia,https://pfaf.org/user/Plant.aspx?LatinName=Magnolia+hypoleuca,Condiment,1,2,2,PFAF
Magnolia kobus,"Kobus magnolia, Northern Japanese Magnolia",https://pfaf.org/user/Plant.aspx?LatinName=Magnolia+kobus,Condiment; Flowers; Tea,3,1,1,PFAF
Magnolia virginiana,"Laurel Magnolia, Sweetbay",https://pfaf.org/user/Plant.aspx?LatinName=Magnolia+virginiana,Condiment; Tea,2,1,3,PFAF
Mahoberberis aquisargentii,,https://pfaf.org/user/Plant.aspx?LatinName=Mahoberberis+aquisargentii,Fruit,1,1,2,PFAF
Mahonia aquifolium,"Oregon Grape, Hollyleaved barberry, Oregon Holly Grape, Oregon Holly",https://pfaf.org/user/Plant.aspx?LatinName=Mahonia+aquifolium,Drink; Flowers; Fruit,3,3,3,PFAF
Mahonia bealei,"Beale's barberry, Leatherleaf Mahonia",https://pfaf.org/user/Plant.aspx?LatinName=Mahonia+bealei,Fruit,1,3,2,PFAF
Mahonia confusa,,https://pfaf.org/user/Plant.aspx?LatinName=Mahonia+confusa,Fruit,1,3,2,PFAF
Mahonia flavida,,https://pfaf.org/user/Plant.aspx?LatinName=Mahonia+flavida,Fruit,1,2,0,PFAF
Mahonia fremontii,"Mahonia, Fremont's mahonia",https://pfaf.org/user/Plant.aspx?LatinName=Mahonia+fremontii,Fruit,1,4,2,PFAF
Mahonia ganpinensis,,https://pfaf.org/user/Plant.aspx?LatinName=Mahonia+ganpinensis,Fruit,1,1,2,PFAF
Mahonia gracilipes,,https://pfaf.org/user/Plant.aspx?LatinName=Mahonia+gracilipes,Fruit,1,2,2,PFAF
Mahonia gracilis,Mexican Barberry,https://pfaf.org/user/Plant.aspx?LatinName=Mahonia+gracilis,Fruit,1,2,0,PFAF
Mahonia haematocarpa,"Red barberry, Mexican Barberry",https://pfaf.org/user/Plant.aspx?LatinName=Mahonia+haematocarpa,Fruit,1,4,2,PFAF
Mahonia japonica,,https://pfaf.org/user/Plant.aspx?LatinName=Mahonia+japonica,Fruit,1,3,2,PFAF
Mahonia lomariifolia,Chinese hollygrape,https://pfaf.org/user/Plant.aspx?LatinName=Mahonia+lomariifolia,Fruit,1,3,2,PFAF
Mahonia napaulensis,,https://pfaf.org/user/Plant.aspx?LatinName=Mahonia+napaulensis,Fruit,1,3,2,PFAF
Mahonia nervosa,"Oregon Grape, Cascade barberry",https://pfaf.org/user/Plant.aspx?LatinName=Mahonia+nervosa,Fruit,1,3,2,PFAF
Mahonia nevinii,Nevin's barberry,https://pfaf.org/user/Plant.aspx?LatinName=Mahonia+nevinii,Fruit,1,3,2,PFAF
Mahonia pinnata,"California Barberry, Wavyleaf barberry, Island barberry, Creeping Holly Grape",https://pfaf.org/user/Plant.aspx?LatinName=Mahonia+pinnata,Fruit,1,3,2,PFAF
Mahonia pumila,Dwarf Barberry,https://pfaf.org/user/Plant.aspx?LatinName=Mahonia+pumila,Fruit,1,3,2,PFAF
Mahonia repens,"Creeping Oregon Grape, Creeping barberry, Grape Oregon",https://pfaf.org/user/Plant.aspx?LatinName=Mahonia+repens,Fruit; Oil,2,3,3,PFAF
Mahonia swaseyi,"Texas Mahonia, Texas barberry",https://pfaf.org/user/Plant.aspx?LatinName=Mahonia+swaseyi,Coffee; Fruit,2,3,2,PFAF
Mahonia trifoliolata,"Threeleaf Barberry, Mexican Barberry, Algerita",https://pfaf.org/user/Plant.aspx?LatinName=Mahonia+trifoliolata,Coffee; Fruit,2,4,2,PFAF
Mahonia x media,,https://pfaf.org/user/Plant.aspx?LatinName=Mahonia+x+media,Fruit,1,3,2,PFAF
Maianthemum canadense,"Canada Beadruby, Canada mayflower",https://pfaf.org/user/Plant.aspx?LatinName=Maianthemum+canadense,Fruit; Shoots,2,1,1,PFAF
Maianthemum dilatatum,"Wild Lily Of The Valley, False lily of the valley",https://pfaf.org/user/Plant.aspx?LatinName=Maianthemum+dilatatum,Fruit,1,2,1,PFAF
Malpighia emarginata,"Acerola, Barbados Cherry",https://pfaf.org/user/Plant.aspx?LatinName=Malpighia+emarginata,Drink,1,4,0,PFAF
Malpighia glabra,"Escobillo, Acerola",https://pfaf.org/user/Plant.aspx?LatinName=Malpighia+glabra,Drink,1,4,1,PFAF
Malus angustifolia,"Southern Crab, Southern crab apple",https://pfaf.org/user/Plant.aspx?LatinName=Malus+angustifolia,Fruit,1,2,0,PFAF
Malus baccata,"Chinese Crab, Siberian crab apple",https://pfaf.org/user/Plant.aspx?LatinName=Malus+baccata,Fruit,1,2,1,PFAF
Malus baccata mandschurica,Manchurian Apple,https://pfaf.org/user/Plant.aspx?LatinName=Malus+baccata+mandschurica,Fruit,1,4,0,PFAF
Malus bracteata,,https://pfaf.org/user/Plant.aspx?LatinName=Malus+bracteata,Fruit,1,2,0,PFAF
Malus brevipes,,https://pfaf.org/user/Plant.aspx?LatinName=Malus+brevipes,Fruit,1,2,0,PFAF
Malus coronaria,"Garland Crab, Sweet crab apple",https://pfaf.org/user/Plant.aspx?LatinName=Malus+coronaria,Fruit; Pectin,2,3,1,PFAF
Malus domestica,Apple,https://pfaf.org/user/Plant.aspx?LatinName=Malus+domestica,Fruit; Oil; Pectin,3,5,2,PFAF
Malus florentina,Hawthorn-leaf crab apple,https://pfaf.org/user/Plant.aspx?LatinName=Malus+florentina,Fruit,1,2,0,PFAF
Malus floribunda,"Japanese Crab, Japanese flowering crab apple",https://pfaf.org/user/Plant.aspx?LatinName=Malus+floribunda,Fruit,1,3,0,PFAF
Malus fusca,"Oregon Crab, Oregon crab apple",https://pfaf.org/user/Plant.aspx?LatinName=Malus+fusca,Fruit; Pectin,2,3,2,PFAF
Malus glabrata,,https://pfaf.org/user/Plant.aspx?LatinName=Malus+glabrata,Fruit,1,2,0,PFAF
Malus glaucescens,,https://pfaf.org/user/Plant.aspx?LatinName=Malus+glaucescens,Fruit,1,2,0,PFAF
Malus halliana,Hall crab apple,https://pfaf.org/user/Plant.aspx?LatinName=Malus+halliana,Fruit,1,2,0,PFAF
Malus halliana spontanea,,https://pfaf.org/user/Plant.aspx?LatinName=Malus+halliana+spontanea,Fruit,1,2,0,PFAF
Malus hupehensis,"Chinese Crab, Chinese crab apple, Tea Crabapple, Flowering Tea Crabapple",https://pfaf.org/user/Plant.aspx?LatinName=Malus+hupehensis,Fruit; Tea,2,2,0,PFAF
Malus ioensis,"Prairie Crab, Prairie crab apple, Texas crab apple, Prairie Crabapple",https://pfaf.org/user/Plant.aspx?LatinName=Malus+ioensis,Fruit,1,2,0,PFAF
Malus ioensis palmeri,Prairie Crab,https://pfaf.org/user/Plant.aspx?LatinName=Malus+ioensis+palmeri,Fruit,1,2,0,PFAF
Malus kansuensis,,https://pfaf.org/user/Plant.aspx?LatinName=Malus+kansuensis,Fruit,1,2,0,PFAF
Malus lancifolia,,https://pfaf.org/user/Plant.aspx?LatinName=Malus+lancifolia,Fruit,1,2,0,PFAF
Malus praecox,,https://pfaf.org/user/Plant.aspx?LatinName=Malus+praecox,Fruit,1,2,0,PFAF
Malus prattii,Pratt apple,https://pfaf.org/user/Plant.aspx?LatinName=Malus+prattii,Fruit,1,2,0,PFAF
Malus prunifolia,"Chinese Apple, Plumleaf crab apple",https://pfaf.org/user/Plant.aspx?LatinName=Malus+prunifolia,Fruit,1,4,0,PFAF
Malus prunifolia rinkii,Chinese Apple,https://pfaf.org/user/Plant.aspx?LatinName=Malus+prunifolia+rinkii,Fruit,1,3,0,PFAF
Malus pumila,"Paradise Apple, Common Apple, Apple Tree",https://pfaf.org/user/Plant.aspx?LatinName=Malus+pumila,Fruit,1,4,2,PFAF
Malus pumila nervosa,Crab Apple,https://pfaf.org/user/Plant.aspx?LatinName=Malus+pumila+nervosa,Fruit,1,3,0,PFAF
Malus pumila paradisiaca,Paradise Apple,https://pfaf.org/user/Plant.aspx?LatinName=Malus+pumila+paradisiaca,Fruit,1,3,0,PFAF
Malus sargentii,"Sargent's apple, Sargent Crabapple",https://pfaf.org/user/Plant.aspx?LatinName=Malus+sargentii,Fruit,1,2,0,PFAF
Malus sieversii,Crabapple,https://pfaf.org/user/Plant.aspx?LatinName=Malus+sieversii,Fruit,1,3,0,PFAF
Malus sikkimensis,,https://pfaf.org/user/Plant.aspx?LatinName=Malus+sikkimensis,Fruit,1,2,0,PFAF
Malus spectabilis,"Chinese Flowering Apple, Asiatic apple",https://pfaf.org/user/Plant.aspx?LatinName=Malus+spectabilis,Fruit,1,3,0,PFAF
Malus sylvestris,"Crab Apple, European crab apple",https://pfaf.org/user/Plant.aspx?LatinName=Malus+sylvestris,Fruit; Oil; Pectin; Tea,4,3,2,PFAF
Malus toringo,Toringo crab,https://pfaf.org/user/Plant.aspx?LatinName=Malus+toringo,Fruit,1,2,0,PFAF
Malus toringoides,Cutleaf crab apple,https://pfaf.org/user/Plant.aspx?LatinName=Malus+toringoides,Fruit,1,2,0,PFAF
Malus transitoria,,https://pfaf.org/user/Plant.aspx?LatinName=Malus+transitoria,Fruit,1,2,0,PFAF
Malus trilobata,,https://pfaf.org/user/Plant.aspx?LatinName=Malus+trilobata,Fruit,1,2,0,PFAF
Malus tschonoskii,"Pillar apple, Crabapple",https://pfaf.org/user/Plant.aspx?LatinName=Malus+tschonoskii,Fruit,1,3,0,PFAF
Malus x adstringens,,https://pfaf.org/user/Plant.aspx?LatinName=Malus+x+adstringens,Fruit,1,2,0,PFAF
Malus x astracanica,,https://pfaf.org/user/Plant.aspx?LatinName=Malus+x+astracanica,Fruit,1,2,0,PFAF
Malus x micromalus,Kaido Crab Apple,https://pfaf.org/user/Plant.aspx?LatinName=Malus+x+micromalus,Fruit,1,2,0,PFAF
Malus x robusta,,https://pfaf.org/user/Plant.aspx?LatinName=Malus+x+robusta,Fruit,1,2,0,PFAF
Malus x soulardii,,https://pfaf.org/user/Plant.aspx?LatinName=Malus+x+soulardii,Fruit,1,2,0,PFAF
Malus yunnanensis,Crabapple,https://pfaf.org/user/Plant.aspx?LatinName=Malus+yunnanensis,Fruit,1,2,0,PFAF
Malva alcea,"Vervain mallow, Hollyhock Mallow",https://pfaf.org/user/Plant.aspx?LatinName=Malva+alcea,Flowers; Oil; Seed,3,5,1,PFAF
Malva excisa,,https://pfaf.org/user/Plant.aspx?LatinName=Malva+excisa,Flowers; Oil; Seed,3,4,1,PFAF
Malva meluca,,https://pfaf.org/user/Plant.aspx?LatinName=Malva+meluca,Oil; Seed,2,2,0,PFAF
Malva mohileviensis,,https://pfaf.org/user/Plant.aspx?LatinName=Malva+mohileviensis,Oil; Seed,2,3,1,PFAF
Malva moschata,Musk Mallow,https://pfaf.org/user/Plant.aspx?LatinName=Malva+moschata,Flowers; Seed,2,5,2,PFAF
Malva neglecta,"Dwarf Mallow, Common mallow",https://pfaf.org/user/Plant.aspx?LatinName=Malva+neglecta,Egg; Seed; Shoots; Tea,4,4,2,PFAF
Malva nicaeensis,Bull Mallow,https://pfaf.org/user/Plant.aspx?LatinName=Malva+nicaeensis,Seed,1,3,1,PFAF
Malva parviflora,"Cheeseweed, Cheeseweed mallow",https://pfaf.org/user/Plant.aspx?LatinName=Malva+parviflora,Oil; Seed,2,3,2,PFAF
Malva pusilla,"Dwarf Mallow, Low mallow",https://pfaf.org/user/Plant.aspx?LatinName=Malva+pusilla,Seed,1,4,2,PFAF
Malva sylvestris,"Mallow, High mallow, French Hollyhock, Common Mallow, Tree Mallow, Tall Mallow",https://pfaf.org/user/Plant.aspx?LatinName=Malva+sylvestris,Flowers; Seed; Tea,3,3,3,PFAF
Malva verticillata,"Chinese Mallow, Cluster mallow",https://pfaf.org/user/Plant.aspx?LatinName=Malva+verticillata,Seed,1,5,2,PFAF
Malvastrum lateritium,,https://pfaf.org/user/Plant.aspx?LatinName=Malvastrum+lateritium,Flowers,1,2,0,PFAF
Mammea americana,"Mammee Apple, Mammey",https://pfaf.org/user/Plant.aspx?LatinName=Mammea+americana,Drink; Flowers; Gum; Pectin; Sap,5,4,2,PFAF
Mandragora officinarum,Mandrake,https://pfaf.org/user/Plant.aspx?LatinName=Mandragora+officinarum,Fruit,1,1,2,PFAF
Mangifera indica,"Mango, Bowen Mango",https://pfaf.org/user/Plant.aspx?LatinName=Mangifera+indica,Condiment; Drink; Flowers; Tea,4,5,3,PFAF
Mangifera kemanga,Kemang,https://pfaf.org/user/Plant.aspx?LatinName=Mangifera+kemanga,Drink,1,4,0,PFAF
Manicaria saccifera,"Ubussu, Troolie Palm",https://pfaf.org/user/Plant.aspx?LatinName=Manicaria+saccifera,Drink,1,2,2,PFAF
Manilkara bidentata,"Balata, bulletwood, bully tree",https://pfaf.org/user/Plant.aspx?LatinName=Manilkara+bidentata,Gum; Milk; Sap,3,2,2,PFAF
Manilkara huberi,"Cow Tree, Massaranduba. Black balata",https://pfaf.org/user/Plant.aspx?LatinName=Manilkara+huberi,Sap,1,3,0,PFAF
Manilkara zapota,"Sapodilla, Nispero",https://pfaf.org/user/Plant.aspx?LatinName=Manilkara+zapota,Gum; Sap; Shoots,3,5,2,PFAF
Margyricarpus pinnatus,Pearl Berry,https://pfaf.org/user/Plant.aspx?LatinName=Margyricarpus+pinnatus,Fruit,1,2,1,PFAF
Marrubium vulgare,"White Horehound, Horehound",https://pfaf.org/user/Plant.aspx?LatinName=Marrubium+vulgare,Condiment; Tea,2,1,3,PFAF
Marsilea drummondii,"Common Nardoo, Nardoo",https://pfaf.org/user/Plant.aspx?LatinName=Marsilea+drummondii,Seed,1,1,0,PFAF
Marsilea mutica,"Nardoo, Australian Water-Clover",https://pfaf.org/user/Plant.aspx?LatinName=Marsilea+mutica,Seed,1,1,0,PFAF
Marsilea quadrifolia,"Water Clover, European waterclover",https://pfaf.org/user/Plant.aspx?LatinName=Marsilea+quadrifolia,Seed,1,1,2,PFAF
Matricaria matricarioides,Pineapple Weed,https://pfaf.org/user/Plant.aspx?LatinName=Matricaria+matricarioides,Flowers; Tea,2,1,2,PFAF
Matricaria recutita,German Camomile,https://pfaf.org/user/Plant.aspx?LatinName=Matricaria+recutita,Condiment; Tea,2,1,5,PFAF
Matteuccia orientalis,,https://pfaf.org/user/Plant.aspx?LatinName=Matteuccia+orientalis,Shoots,1,1,0,PFAF
Matteuccia pensylvanica,Ostrich Fern,https://pfaf.org/user/Plant.aspx?LatinName=Matteuccia+pensylvanica,Root,1,2,0,PFAF
Matteuccia struthiopteris,Ostrich Fern,https://pfaf.org/user/Plant.aspx?LatinName=Matteuccia+struthiopteris,Root,1,2,1,PFAF
Matthiola incana,"Stock, Tenweeks stock, Gillyflower, Brompton Stock",https://pfaf.org/user/Plant.aspx?LatinName=Matthiola+incana,Flowers; Seedpod,2,2,1,PFAF
Mauritia flexuosa,"Buriti Palm, Aguaje Palm",https://pfaf.org/user/Plant.aspx?LatinName=Mauritia+flexuosa,Apical bud; Drink; Oil; Sap; Stem,5,4,2,PFAF
Maytenus boaria,"Mayten Tree, Mayten",https://pfaf.org/user/Plant.aspx?LatinName=Maytenus+boaria,Oil,1,1,0,PFAF
Maytenus obtusifolia,Blunt folia Maytenus,https://pfaf.org/user/Plant.aspx?LatinName=Maytenus+obtusifolia,Tea,1,2,4,PFAF
Meconopsis grandis,Blue Poppy,https://pfaf.org/user/Plant.aspx?LatinName=Meconopsis+grandis,Seed,1,1,0,PFAF
Meconopsis napaulensis,Himalayan Poppy,https://pfaf.org/user/Plant.aspx?LatinName=Meconopsis+napaulensis,Oil,1,1,1,PFAF
Medeola virginiana,Indian Cucumber Root,https://pfaf.org/user/Plant.aspx?LatinName=Medeola+virginiana,Root,1,4,1,PFAF
Medicago arborea,Moon Trefoil,https://pfaf.org/user/Plant.aspx?LatinName=Medicago+arborea,Shoots,1,2,0,PFAF
Medicago lupulina,Black Medick,https://pfaf.org/user/Plant.aspx?LatinName=Medicago+lupulina,Seed,1,2,1,PFAF
Medicago polymorpha,"Toothed Bur-Clover, Burclover",https://pfaf.org/user/Plant.aspx?LatinName=Medicago+polymorpha,Flowers; Seed; Shoots,3,2,0,PFAF
Medicago sativa,"Alfalfa, Yellow alfalfa",https://pfaf.org/user/Plant.aspx?LatinName=Medicago+sativa,Oil; Seed; Shoots; Tea,4,4,3,PFAF
Megacarpaea delavayi,,https://pfaf.org/user/Plant.aspx?LatinName=Megacarpaea+delavayi,Root,1,1,0,PFAF
Megacarpaea gigantea,,https://pfaf.org/user/Plant.aspx?LatinName=Megacarpaea+gigantea,Root,1,3,0,PFAF
Megacarpaea megalocarpa,,https://pfaf.org/user/Plant.aspx?LatinName=Megacarpaea+megalocarpa,Root,1,3,0,PFAF
Megacarpaea polyandra,,https://pfaf.org/user/Plant.aspx?LatinName=Megacarpaea+polyandra,Condiment; Shoots,2,2,0,PFAF
Melaleuca leucadendra,"Paperbark, Weeping Paperbark",https://pfaf.org/user/Plant.aspx?LatinName=Melaleuca+leucadendra,Oil; Tea,2,2,4,PFAF
Melia azederach,"Bead Tree, Pride of India, Chinaberry",https://pfaf.org/user/Plant.aspx?LatinName=Melia+azederach,Drink; Fruit; Gum; Oil,4,3,3,PFAF
Melianthus major,Honey Flower,https://pfaf.org/user/Plant.aspx?LatinName=Melianthus+major,Nectar; Sweetener,2,3,1,PFAF
Melianthus minor,Honey Flower,https://pfaf.org/user/Plant.aspx?LatinName=Melianthus+minor,Nectar; Sweetener,2,3,0,PFAF
Melichrus procumbens,Jam Tarts,https://pfaf.org/user/Plant.aspx?LatinName=Melichrus+procumbens,Nectar,1,1,0,PFAF
Melichrus urceolatus,,https://pfaf.org/user/Plant.aspx?LatinName=Melichrus+urceolatus,Nectar,1,1,0,PFAF
Melicoccus bijugatus,"Mamoncillo, Spanish Lime, Guayo",https://pfaf.org/user/Plant.aspx?LatinName=Melicoccus+bijugatus,Drink,1,4,2,PFAF
Melicope ternata,,https://pfaf.org/user/Plant.aspx?LatinName=Melicope+ternata,Gum,1,1,1,PFAF
Melicytus ramiflorus,Whitey Wood,https://pfaf.org/user/Plant.aspx?LatinName=Melicytus+ramiflorus,Fruit,1,1,0,PFAF
Melilotus albus,White Melilot,https://pfaf.org/user/Plant.aspx?LatinName=Melilotus+albus,Condiment; Flowers; Oil; Seed; Seedpod; Shoots,6,2,2,PFAF
Melilotus altissimus,"Tall Melilot, Tall yellow sweetclover",https://pfaf.org/user/Plant.aspx?LatinName=Melilotus+altissimus,Condiment; Seedpod; Shoots,3,2,0,PFAF
Melilotus elegans,Elegant sweetclover,https://pfaf.org/user/Plant.aspx?LatinName=Melilotus+elegans,Condiment,1,1,0,PFAF
Melilotus officinalis,"Melilot, Sweetclover",https://pfaf.org/user/Plant.aspx?LatinName=Melilotus+officinalis,Condiment; Flowers; Root; Seedpod; Shoots,5,2,3,PFAF
Melilotus wolgicus,Sweetclover,https://pfaf.org/user/Plant.aspx?LatinName=Melilotus+wolgicus,Root,1,1,0,PFAF
Melissa officinalis,Lemon Balm,https://pfaf.org/user/Plant.aspx?LatinName=Melissa+officinalis,Condiment; Tea,2,3,5,PFAF
Melittis melissophyllum,Bastard Balm,https://pfaf.org/user/Plant.aspx?LatinName=Melittis+melissophyllum,Tea,1,1,1,PFAF
Melocanna baccifera,Berry Bamboo. Mali bamboo,https://pfaf.org/user/Plant.aspx?LatinName=Melocanna+baccifera,Drink; Shoots,2,3,2,PFAF
Mentha aquatica,Water Mint,https://pfaf.org/user/Plant.aspx?LatinName=Mentha+aquatica,Condiment; Tea,2,3,3,PFAF
Mentha arvensis,"Corn Mint, Wild mint",https://pfaf.org/user/Plant.aspx?LatinName=Mentha+arvensis,Condiment; Tea,2,3,2,PFAF
Mentha arvensis piperascens,Japanese Mint,https://pfaf.org/user/Plant.aspx?LatinName=Mentha+arvensis+piperascens,Condiment; Tea,2,3,2,PFAF
Mentha arvensis villosa,American Wild Mint,https://pfaf.org/user/Plant.aspx?LatinName=Mentha+arvensis+villosa,Condiment; Tea,2,3,2,PFAF
Mentha asiatica,Asian Mint,https://pfaf.org/user/Plant.aspx?LatinName=Mentha+asiatica,Condiment; Tea,2,3,2,PFAF
Mentha cervina,Hart's Pennyroyal,https://pfaf.org/user/Plant.aspx?LatinName=Mentha+cervina,Tea,1,3,2,PFAF
Mentha diemenica,,https://pfaf.org/user/Plant.aspx?LatinName=Mentha+diemenica,Condiment; Tea,2,2,2,PFAF
Mentha longifolia,Horsemint,https://pfaf.org/user/Plant.aspx?LatinName=Mentha+longifolia,Condiment; Tea,2,2,2,PFAF
Mentha pulegium,Pennyroyal,https://pfaf.org/user/Plant.aspx?LatinName=Mentha+pulegium,Condiment; Tea,2,3,3,PFAF
Mentha requienii,"Corsican Mint, Mint",https://pfaf.org/user/Plant.aspx?LatinName=Mentha+requienii,Condiment; Tea,2,3,2,PFAF
Mentha satureioides,Native Pennyroyal,https://pfaf.org/user/Plant.aspx?LatinName=Mentha+satureioides,Condiment; Tea,2,2,2,PFAF
Mentha spicata,Spearmint,https://pfaf.org/user/Plant.aspx?LatinName=Mentha+spicata,Condiment; Tea,2,4,3,PFAF
Mentha suaveolens,"Round-Leaved Mint, Apple mint, Pineapple Mint",https://pfaf.org/user/Plant.aspx?LatinName=Mentha+suaveolens,Condiment; Tea,2,2,2,PFAF
Mentha x gracilis,Ginger Mint,https://pfaf.org/user/Plant.aspx?LatinName=Mentha+x+gracilis,Condiment; Tea,2,3,2,PFAF
Mentha x piperita citrata,"Eau De Cologne Mint, Eau de Cologne Mint, Peppermint",https://pfaf.org/user/Plant.aspx?LatinName=Mentha+x+piperita+citrata,Condiment; Tea,2,2,2,PFAF
Mentha x piperita officinalis,White Peppermint,https://pfaf.org/user/Plant.aspx?LatinName=Mentha+x+piperita+officinalis,Condiment; Tea,2,3,5,PFAF
Mentha x piperita vulgaris,Black Peppermint,https://pfaf.org/user/Plant.aspx?LatinName=Mentha+x+piperita+vulgaris,Condiment; Tea,2,4,5,PFAF
Mentha x smithiana,Red Raripila Mint,https://pfaf.org/user/Plant.aspx?LatinName=Mentha+x+smithiana,Condiment; Tea,2,3,2,PFAF
Mentha x villosa alopecuroides,"Apple Mint, Bowles' Mint",https://pfaf.org/user/Plant.aspx?LatinName=Mentha+x+villosa+alopecuroides,Condiment; Tea,2,4,2,PFAF
Mentzelia albicaulis,Whitestem Blazing Star,https://pfaf.org/user/Plant.aspx?LatinName=Mentzelia+albicaulis,Seed,1,2,1,PFAF
Mentzelia multiflora,"Manyflowered Mentzelia, Adonis blazingstar",https://pfaf.org/user/Plant.aspx?LatinName=Mentzelia+multiflora,Seed,1,2,1,PFAF
Mentzelia pumila,Dwarf Mentzelia,https://pfaf.org/user/Plant.aspx?LatinName=Mentzelia+pumila,Seed,1,2,1,PFAF
Menyanthes trifoliata,"Bogbean, Buckbean, Marsh Trefoil,",https://pfaf.org/user/Plant.aspx?LatinName=Menyanthes+trifoliata,Condiment; Root,2,2,3,PFAF
Menziesia ferruginea,"False Huckleberry, Rusty menziesia",https://pfaf.org/user/Plant.aspx?LatinName=Menziesia+ferruginea,Fruit; Nectar,2,2,1,PFAF
Mercurialis annua,Annual Mercury,https://pfaf.org/user/Plant.aspx?LatinName=Mercurialis+annua,Oil,1,1,1,PFAF
Mercurialis leiocarpa,,https://pfaf.org/user/Plant.aspx?LatinName=Mercurialis+leiocarpa,Oil,1,0,0,PFAF
Mercurialis perennis,Dog's Mercury,https://pfaf.org/user/Plant.aspx?LatinName=Mercurialis+perennis,Oil,1,0,1,PFAF
Mertensia bella,Beautiful bluebells,https://pfaf.org/user/Plant.aspx?LatinName=Mertensia+bella,Flowers,1,1,0,PFAF
Mertensia ciliata,"Mountain Bell, Tall fringed bluebells",https://pfaf.org/user/Plant.aspx?LatinName=Mertensia+ciliata,Flowers,1,1,1,PFAF
Mertensia longiflora,Small bluebells,https://pfaf.org/user/Plant.aspx?LatinName=Mertensia+longiflora,Flowers,1,1,0,PFAF
Mertensia maritima,Oyster Plant,https://pfaf.org/user/Plant.aspx?LatinName=Mertensia+maritima,Flowers; Root,2,3,0,PFAF
Mertensia oblongifolia,Oblongleaf bluebells,https://pfaf.org/user/Plant.aspx?LatinName=Mertensia+oblongifolia,Flowers,1,1,0,PFAF
Mertensia paniculata,"Tall bluebells, Alaska tall bluebells, Northern bluebells, Eastwood's bluebells",https://pfaf.org/user/Plant.aspx?LatinName=Mertensia+paniculata,Flowers,1,1,0,PFAF
Mesembryanthemum crystallinum,"Ice Plant, Common iceplant",https://pfaf.org/user/Plant.aspx?LatinName=Mesembryanthemum+crystallinum,Fruit; Seed,2,3,1,PFAF
Mespilus germanica,Medlar,https://pfaf.org/user/Plant.aspx?LatinName=Mespilus+germanica,Fruit,1,4,1,PFAF
Mesua ferrea,"Surli nut, Poached Egg Tree",https://pfaf.org/user/Plant.aspx?LatinName=Mesua+ferrea,Oil,1,3,2,PFAF
Metaplexis japonica,Rough potato,https://pfaf.org/user/Plant.aspx?LatinName=Metaplexis+japonica,Fruit; Root,2,2,2,PFAF
Metrosideros excelsa,Pohutukawa,https://pfaf.org/user/Plant.aspx?LatinName=Metrosideros+excelsa,Nectar,1,1,1,PFAF
Metrosideros robusta,Northern Rata,https://pfaf.org/user/Plant.aspx?LatinName=Metrosideros+robusta,Nectar,1,1,0,PFAF
Metroxylon amicarum,Caroline Ivory Nut Palm,https://pfaf.org/user/Plant.aspx?LatinName=Metroxylon+amicarum,Apical bud; Stem,2,3,1,PFAF
Metroxylon sagu,Sago Palm,https://pfaf.org/user/Plant.aspx?LatinName=Metroxylon+sagu,Apical bud; Stem,2,4,0,PFAF
Meum athamanticum,Spignel,https://pfaf.org/user/Plant.aspx?LatinName=Meum+athamanticum,Condiment; Root,2,2,1,PFAF
Michelia figo,"Banana Shrub, Michelia",https://pfaf.org/user/Plant.aspx?LatinName=Michelia+figo,Condiment,1,1,0,PFAF
Microcachrys tetragona,,https://pfaf.org/user/Plant.aspx?LatinName=Microcachrys+tetragona,Fruit,1,2,0,PFAF
Micromeria biflora,Lemon Scented Thyme,https://pfaf.org/user/Plant.aspx?LatinName=Micromeria+biflora,Condiment; Tea,2,2,2,PFAF
Micromeria chamissonis,Yerba Buena,https://pfaf.org/user/Plant.aspx?LatinName=Micromeria+chamissonis,Tea,1,2,2,PFAF
Micromeria juliana,Savory,https://pfaf.org/user/Plant.aspx?LatinName=Micromeria+juliana,Condiment,1,1,1,PFAF
Microseris nutans,"Yam Daisy, Nodding microseris",https://pfaf.org/user/Plant.aspx?LatinName=Microseris+nutans,Root,1,1,0,PFAF
Microseris procera,Yam Daisy,https://pfaf.org/user/Plant.aspx?LatinName=Microseris+procera,Gum; Root,2,2,0,PFAF
Microseris scapigera,Yam Daisy,https://pfaf.org/user/Plant.aspx?LatinName=Microseris+scapigera,Root,1,4,0,PFAF
Microtis unifolia,Onion-Leaf Orchis,https://pfaf.org/user/Plant.aspx?LatinName=Microtis+unifolia,Root,1,1,0,PFAF
Milicia excelsa,African Teak,https://pfaf.org/user/Plant.aspx?LatinName=Milicia+excelsa,Condiment,1,2,3,PFAF
Milium effusum,"Wood Millet, American milletgrass",https://pfaf.org/user/Plant.aspx?LatinName=Milium+effusum,Seed,1,2,0,PFAF
Millettia dielsiana,,https://pfaf.org/user/Plant.aspx?LatinName=Millettia+dielsiana,Seed,1,1,2,PFAF
Mimosa pudica,"Morivivir, Sensitive Plant",https://pfaf.org/user/Plant.aspx?LatinName=Mimosa+pudica,Drink; Flowers; Oil,3,2,2,PFAF
Mimulus geyeri,Monkey Flower,https://pfaf.org/user/Plant.aspx?LatinName=Mimulus+geyeri,Shoots,1,2,0,PFAF
Mimusops elengi,"Spanish Cherry, Bakul",https://pfaf.org/user/Plant.aspx?LatinName=Mimusops+elengi,Oil,1,3,2,PFAF
Mirabilis expansa,Mauka,https://pfaf.org/user/Plant.aspx?LatinName=Mirabilis+expansa,Drink; Root,2,3,0,PFAF
Mirabilis jalapa,"Marvel Of Peru, Miracle Flower of Peru, Four O'Clock",https://pfaf.org/user/Plant.aspx?LatinName=Mirabilis+jalapa,Colouring; Condiment,2,2,2,PFAF
Miscanthus floridulus,"Pacific Island silvergrass, Giant Eulalia Grass, Giant Chinese Silver Grass",https://pfaf.org/user/Plant.aspx?LatinName=Miscanthus+floridulus,Flowers,1,2,0,PFAF
Miscanthus sinensis,"Eulalia, Chinese silvergrass, Silver Feather, Eulalia Grass, Japanese Silver Grass, Ornamental Grass",https://pfaf.org/user/Plant.aspx?LatinName=Miscanthus+sinensis,Stem,1,1,2,PFAF
Mitchella repens,Partridge Berry,https://pfaf.org/user/Plant.aspx?LatinName=Mitchella+repens,Fruit; Tea,2,3,3,PFAF
Mitchella undulata,,https://pfaf.org/user/Plant.aspx?LatinName=Mitchella+undulata,Fruit,1,1,0,PFAF
Monarda citriodora,"Lemon Bergamot, Lemon beebalm. Lemon Mint",https://pfaf.org/user/Plant.aspx?LatinName=Monarda+citriodora,Condiment; Tea,2,2,0,PFAF
Monarda clinopodia,"White Basil-Balm, White bergamot",https://pfaf.org/user/Plant.aspx?LatinName=Monarda+clinopodia,Tea,1,1,0,PFAF
Monarda didyma,"Bergamot, Scarlet beebalm, Horsemint, Oswego Tea, Bee Balm",https://pfaf.org/user/Plant.aspx?LatinName=Monarda+didyma,Condiment; Flowers; Shoots; Tea,4,3,2,PFAF
Monarda fistulosa,"Wild Bergamot, Mintleaf bergamot, Wild Bee-Balm, Lupine",https://pfaf.org/user/Plant.aspx?LatinName=Monarda+fistulosa,Condiment; Flowers; Tea,3,3,2,PFAF
Monarda menthifolia,"Mint-Leaved Bergamot, Mintleaf bergamot",https://pfaf.org/user/Plant.aspx?LatinName=Monarda+menthifolia,Tea,1,1,2,PFAF
Monarda pectinata,"Plains Lemon Monarda, Pony beebalm",https://pfaf.org/user/Plant.aspx?LatinName=Monarda+pectinata,Condiment; Tea,2,1,2,PFAF
Monarda punctata,"Horse Mint, Spotted beebalm",https://pfaf.org/user/Plant.aspx?LatinName=Monarda+punctata,Condiment; Tea,2,1,3,PFAF
Monardella lanceolata,Mustang Mountain Balm,https://pfaf.org/user/Plant.aspx?LatinName=Monardella+lanceolata,Tea,1,1,1,PFAF
Monardella odoratissima,"Mountain Pennyroyal, Mountain monardella",https://pfaf.org/user/Plant.aspx?LatinName=Monardella+odoratissima,Tea,1,1,1,PFAF
Monardella villosa,"Coyote Mint, Robust coyote mint, San Luis Obispo coyote mint",https://pfaf.org/user/Plant.aspx?LatinName=Monardella+villosa,Tea,1,1,1,PFAF
Mondia whitei,"Mondia, White's Ginger",https://pfaf.org/user/Plant.aspx?LatinName=Mondia+whitei,Condiment; Drink; Tea,3,3,4,PFAF
Moneses uniflora,Single Delight,https://pfaf.org/user/Plant.aspx?LatinName=Moneses+uniflora,Fruit; Seed,2,1,2,PFAF
Monizia edulis,Carrot Tree,https://pfaf.org/user/Plant.aspx?LatinName=Monizia+edulis,Root,1,2,0,PFAF
Monolepis nuttalliana,"Poverty Weed, Nuttall's povertyweed",https://pfaf.org/user/Plant.aspx?LatinName=Monolepis+nuttalliana,Root; Seed,2,3,1,PFAF
Monstera deliciosa,"Ceriman, Windowleaf",https://pfaf.org/user/Plant.aspx?LatinName=Monstera+deliciosa,Drink,1,4,0,PFAF
Moraea fugax,,https://pfaf.org/user/Plant.aspx?LatinName=Moraea+fugax,Root,1,3,0,PFAF
Morinda citrifolia,"Noni, Indian Mulberry",https://pfaf.org/user/Plant.aspx?LatinName=Morinda+citrifolia,Drink; Shoots,2,3,4,PFAF
Moringa oleifera,"Horseradish Tree, Moringa,",https://pfaf.org/user/Plant.aspx?LatinName=Moringa+oleifera,Condiment; Flowers; Gum; Inner bark; Oil; Seedpod; Shoots; Tea,8,4,4,PFAF
Moringa peregrina,Moringa,https://pfaf.org/user/Plant.aspx?LatinName=Moringa+peregrina,Oil,1,2,2,PFAF
Moringa stenopetala,"African horseradish tree, cabbagetree",https://pfaf.org/user/Plant.aspx?LatinName=Moringa+stenopetala,Flowers; Oil; Seedpod,3,4,3,PFAF
Morus alba,"White Mulberry, Common Mulberry,",https://pfaf.org/user/Plant.aspx?LatinName=Morus+alba,Fruit; Inner bark; Manna; Shoots; Tea,5,4,3,PFAF
Morus alba multicaulis,White Mulberry,https://pfaf.org/user/Plant.aspx?LatinName=Morus+alba+multicaulis,Fruit; Inner bark; Shoots,3,4,3,PFAF
Morus australis,"Korean Mulberry, Aino Mulberry",https://pfaf.org/user/Plant.aspx?LatinName=Morus+australis,Fruit,1,2,2,PFAF
Morus bombycis,Kuwa,https://pfaf.org/user/Plant.aspx?LatinName=Morus+bombycis,Fruit,1,2,2,PFAF
Morus cathayana,Hua Sang,https://pfaf.org/user/Plant.aspx?LatinName=Morus+cathayana,Fruit; Tea,2,2,0,PFAF
Morus macroura,Himalayan Mulberry,https://pfaf.org/user/Plant.aspx?LatinName=Morus+macroura,Fruit,1,2,1,PFAF
Morus microphylla,Texas Mulberry,https://pfaf.org/user/Plant.aspx?LatinName=Morus+microphylla,Fruit,1,2,0,PFAF
Morus mongolica,Mongolian Mulberry,https://pfaf.org/user/Plant.aspx?LatinName=Morus+mongolica,Fruit,1,2,1,PFAF
Morus nigra,Black Mulberry,https://pfaf.org/user/Plant.aspx?LatinName=Morus+nigra,Fruit; Shoots,2,5,3,PFAF
Morus rubra,"Red Mulberry, Common Mulberry, White Mulberry",https://pfaf.org/user/Plant.aspx?LatinName=Morus+rubra,Fruit; Shoots,2,3,2,PFAF
Morus serrata,Himalayan Mulberry,https://pfaf.org/user/Plant.aspx?LatinName=Morus+serrata,Fruit,1,2,1,PFAF
Mosla dianthera,,https://pfaf.org/user/Plant.aspx?LatinName=Mosla+dianthera,Shoots,1,1,1,PFAF
Muehlenbeckia adpressa,,https://pfaf.org/user/Plant.aspx?LatinName=Muehlenbeckia+adpressa,Fruit,1,2,0,PFAF
Muehlenbeckia astonii,,https://pfaf.org/user/Plant.aspx?LatinName=Muehlenbeckia+astonii,Fruit,1,2,0,PFAF
Muehlenbeckia australis,,https://pfaf.org/user/Plant.aspx?LatinName=Muehlenbeckia+australis,Fruit,1,2,0,PFAF
Muehlenbeckia axillaris,Sprawling wirevine,https://pfaf.org/user/Plant.aspx?LatinName=Muehlenbeckia+axillaris,Fruit,1,3,0,PFAF
Muehlenbeckia chilensis,,https://pfaf.org/user/Plant.aspx?LatinName=Muehlenbeckia+chilensis,Fruit,1,2,0,PFAF
Muehlenbeckia complexa,Maidenhair Vine,https://pfaf.org/user/Plant.aspx?LatinName=Muehlenbeckia+complexa,Fruit,1,3,0,PFAF
Muntingia calabura,"Calabura, Panama berry, Capulin",https://pfaf.org/user/Plant.aspx?LatinName=Muntingia+calabura,Tea,1,3,2,PFAF
Murraya koenigii,"Curry tree, Curry leaf tree",https://pfaf.org/user/Plant.aspx?LatinName=Murraya+koenigii,Oil,1,3,3,PFAF
Musa acuminata,"Dwarf Banana, Edible banana",https://pfaf.org/user/Plant.aspx?LatinName=Musa+acuminata,Fruit; Shoots,2,5,2,PFAF
Musa balbisiana,"Plantain, Plantain Banana",https://pfaf.org/user/Plant.aspx?LatinName=Musa+balbisiana,Flowers; Stem,2,4,1,PFAF
Musa basjoo,Japanese Banana,https://pfaf.org/user/Plant.aspx?LatinName=Musa+basjoo,Nectar,1,2,2,PFAF
Musa x paradisiaca,Plantain Banana,https://pfaf.org/user/Plant.aspx?LatinName=Musa+x+paradisiaca,Drink; Flowers; Salt; Shoots; Stem,5,5,2,PFAF
Musanga cecropioides,Corkwood,https://pfaf.org/user/Plant.aspx?LatinName=Musanga+cecropioides,Drink; Inner bark; Salt; Sap,4,3,4,PFAF
Muscari botryoides,"Italian Grape Hyacinth, Common grape hyacinth, White Grape Hyacinth",https://pfaf.org/user/Plant.aspx?LatinName=Muscari+botryoides,Flowers,1,1,0,PFAF
Muscari comosum,"Tassel Hyacinth, Tassel grape hyacinth",https://pfaf.org/user/Plant.aspx?LatinName=Muscari+comosum,Root,1,3,1,PFAF
Muscari neglectum,"Grape Hyacinth, Starch grape hyacinth",https://pfaf.org/user/Plant.aspx?LatinName=Muscari+neglectum,Flowers; Root,2,2,0,PFAF
Musineon divaricatum,"Wild Parsley, Leafy wildparsley, Hooker's wildparsley",https://pfaf.org/user/Plant.aspx?LatinName=Musineon+divaricatum,Root,1,2,0,PFAF
Myoporum debile,Winter Apple,https://pfaf.org/user/Plant.aspx?LatinName=Myoporum+debile,Fruit,1,1,1,PFAF
Myoporum deserti,Turkey Bush,https://pfaf.org/user/Plant.aspx?LatinName=Myoporum+deserti,Fruit,1,1,0,PFAF
Myoporum insulare,Boobyalla,https://pfaf.org/user/Plant.aspx?LatinName=Myoporum+insulare,Fruit,1,1,0,PFAF
Myoporum laetum,"Ngaio, Ngaio tree, Mousehole Tree",https://pfaf.org/user/Plant.aspx?LatinName=Myoporum+laetum,Fruit,1,1,1,PFAF
Myoporum montanum,Water Bush,https://pfaf.org/user/Plant.aspx?LatinName=Myoporum+montanum,Fruit,1,1,0,PFAF
Myoporum platycarpum,Sugarwood,https://pfaf.org/user/Plant.aspx?LatinName=Myoporum+platycarpum,Fruit; Manna,2,1,1,PFAF
Myoporum tetrandrum,Boobialla,https://pfaf.org/user/Plant.aspx?LatinName=Myoporum+tetrandrum,Fruit,1,1,0,PFAF
Myriactis nepalensis,,https://pfaf.org/user/Plant.aspx?LatinName=Myriactis+nepalensis,Fruit; Shoots,2,1,0,PFAF
Myrianthus arboreus,"Giant yellow mulberry, Monkeyfruit",https://pfaf.org/user/Plant.aspx?LatinName=Myrianthus+arboreus,Oil,1,4,3,PFAF
Myrica californica,"Californian Bayberry, California Wax Myrtle, California Barberry",https://pfaf.org/user/Plant.aspx?LatinName=Myrica+californica,Fruit,1,3,1,PFAF
Myrica cerifera,"Wax Myrtle - Bayberry Wild Cinnamon, Southern Bayberry, Wax Myrtle, Southern Wax Myrtle",https://pfaf.org/user/Plant.aspx?LatinName=Myrica+cerifera,Condiment; Fruit; Tea,3,3,3,PFAF
Myrica gale,"Bog Myrtle, Sweetgale",https://pfaf.org/user/Plant.aspx?LatinName=Myrica+gale,Condiment; Fruit; Tea,3,2,2,PFAF
Myrica heterophylla,Bayberry,https://pfaf.org/user/Plant.aspx?LatinName=Myrica+heterophylla,Condiment; Fruit; Tea,3,3,2,PFAF
Myrica nagi,Box Myrtle,https://pfaf.org/user/Plant.aspx?LatinName=Myrica+nagi,Fruit,1,2,3,PFAF
Myrica pensylvanica,Northern Bayberry,https://pfaf.org/user/Plant.aspx?LatinName=Myrica+pensylvanica,Condiment; Fruit,2,3,1,PFAF
Myrica rubra,Chinese Bayberry,https://pfaf.org/user/Plant.aspx?LatinName=Myrica+rubra,Fruit; Seed,2,2,2,PFAF
Myriophyllum spicatum,"Water Milfoil, Eurasian watermilfoil",https://pfaf.org/user/Plant.aspx?LatinName=Myriophyllum+spicatum,Root,1,1,1,PFAF
Myrrhis odorata,"Sweet Cicely, Anise",https://pfaf.org/user/Plant.aspx?LatinName=Myrrhis+odorata,Root; Seed; Tea,3,4,3,PFAF
Myrsine africana,Cape Myrtle,https://pfaf.org/user/Plant.aspx?LatinName=Myrsine+africana,Condiment; Fruit,2,1,3,PFAF
Myrsine semiserrata,,https://pfaf.org/user/Plant.aspx?LatinName=Myrsine+semiserrata,Fruit,1,1,2,PFAF
Myrteola nummularia,"Cranberry-myrtle,",https://pfaf.org/user/Plant.aspx?LatinName=Myrteola+nummularia,Fruit; Tea,2,4,0,PFAF
Myrtus communis,"Myrtle, Foxtail Myrtle",https://pfaf.org/user/Plant.aspx?LatinName=Myrtus+communis,Condiment; Drink; Flowers; Fruit,4,3,3,PFAF
Nageia nagi,"Nagi, Nagi Podocarpus, Broadleaf Podocarpus",https://pfaf.org/user/Plant.aspx?LatinName=Nageia+nagi,Oil,1,1,0,PFAF
Nandina domestica,"Sacred Bamboo, Heavenly Bamboo",https://pfaf.org/user/Plant.aspx?LatinName=Nandina+domestica,Fruit,1,1,2,PFAF
Nannorrhops ritchiana,Mazari Palm,https://pfaf.org/user/Plant.aspx?LatinName=Nannorrhops+ritchiana,Flowers; Fruit,2,1,1,PFAF
Narcissus jonquilla,Jonquil,https://pfaf.org/user/Plant.aspx?LatinName=Narcissus+jonquilla,Flowers,1,1,0,PFAF
Nardostachys grandiflora,Spikenard,https://pfaf.org/user/Plant.aspx?LatinName=Nardostachys+grandiflora,Condiment,1,1,3,PFAF
Nasturtium microphyllum,"Watercress, Onerow yellowcress",https://pfaf.org/user/Plant.aspx?LatinName=Nasturtium+microphyllum,Condiment; Seed,2,3,1,PFAF
Nasturtium officinale,Watercress,https://pfaf.org/user/Plant.aspx?LatinName=Nasturtium+officinale,Condiment; Seed,2,4,3,PFAF
Nauclea latifolia,African Peach,https://pfaf.org/user/Plant.aspx?LatinName=Nauclea+latifolia,Flowers,1,3,4,PFAF
Navarretia squarrosa,"Skunk Weed, Skunkbush",https://pfaf.org/user/Plant.aspx?LatinName=Navarretia+squarrosa,Seed,1,1,0,PFAF
Neillia thyrsiflora,,https://pfaf.org/user/Plant.aspx?LatinName=Neillia+thyrsiflora,Fruit,1,2,0,PFAF
Nelumbo lutea,"American Water Lotus, American lotus",https://pfaf.org/user/Plant.aspx?LatinName=Nelumbo+lutea,Oil; Root; Seed; Stem,4,4,1,PFAF
Nelumbo nucifera,"Sacred Water Lotus, Sacred lotus",https://pfaf.org/user/Plant.aspx?LatinName=Nelumbo+nucifera,Coffee; Flowers; Root; Seed; Stem,5,4,3,PFAF
Nemopanthus mucronatus,Mountain Holly,https://pfaf.org/user/Plant.aspx?LatinName=Nemopanthus+mucronatus,Fruit,1,1,1,PFAF
Neolamarckia cadamba,"Amboina, Kadam",https://pfaf.org/user/Plant.aspx?LatinName=Neolamarckia+cadamba,Flowers,1,1,2,PFAF
Neolitsea sericea,,https://pfaf.org/user/Plant.aspx?LatinName=Neolitsea+sericea,Oil,1,1,0,PFAF
Neomyrtus pedunculata,,https://pfaf.org/user/Plant.aspx?LatinName=Neomyrtus+pedunculata,Fruit,1,1,0,PFAF
Nepeta cataria,"Catmint, Catnip",https://pfaf.org/user/Plant.aspx?LatinName=Nepeta+cataria,Condiment; Tea,2,3,2,PFAF
Nepeta raphanorrhiza,,https://pfaf.org/user/Plant.aspx?LatinName=Nepeta+raphanorrhiza,Root,1,2,0,PFAF
Nepeta tenuifolia japonica,,https://pfaf.org/user/Plant.aspx?LatinName=Nepeta+tenuifolia+japonica,Condiment,1,2,0,PFAF
Nephelium lappaceum,"Rambutan, Hairy Lychee",https://pfaf.org/user/Plant.aspx?LatinName=Nephelium+lappaceum,Oil,1,5,2,PFAF
Nephelium ramboutan-ake,Pulasan,https://pfaf.org/user/Plant.aspx?LatinName=Nephelium+ramboutan-ake,Drink; Oil,2,4,1,PFAF
Nertera balfouriana,,https://pfaf.org/user/Plant.aspx?LatinName=Nertera+balfouriana,Fruit,1,1,0,PFAF
Nertera ciliata,,https://pfaf.org/user/Plant.aspx?LatinName=Nertera+ciliata,Fruit,1,1,0,PFAF
Nertera cunninghamii,,https://pfaf.org/user/Plant.aspx?LatinName=Nertera+cunninghamii,Fruit,1,1,0,PFAF
Nertera granadensis,Bead Plant,https://pfaf.org/user/Plant.aspx?LatinName=Nertera+granadensis,Fruit,1,1,0,PFAF
Nicandra physaloides,Shoo Fly,https://pfaf.org/user/Plant.aspx?LatinName=Nicandra+physaloides,Fruit,1,1,2,PFAF
Nicotiana tabacum,"Tobacco, Cultivated tobacco",https://pfaf.org/user/Plant.aspx?LatinName=Nicotiana+tabacum,Egg; Oil,2,2,2,PFAF
Nigella arvensis,Wild Fennel,https://pfaf.org/user/Plant.aspx?LatinName=Nigella+arvensis,Condiment; Seed,2,2,0,PFAF
Nigella damascena,"Love-In-A-Mist, Devil in the bush",https://pfaf.org/user/Plant.aspx?LatinName=Nigella+damascena,Condiment; Oil; Seed,3,3,1,PFAF
Nigella orientalis,Yellow Fennel Flower,https://pfaf.org/user/Plant.aspx?LatinName=Nigella+orientalis,Condiment,1,2,0,PFAF
Nigella sativa,Black Cumin,https://pfaf.org/user/Plant.aspx?LatinName=Nigella+sativa,Condiment; Oil; Seed,3,3,3,PFAF
Nitraria schoberi,,https://pfaf.org/user/Plant.aspx?LatinName=Nitraria+schoberi,Fruit,1,2,0,PFAF
Nopalea cochenillifera,Cochineal plant.,https://pfaf.org/user/Plant.aspx?LatinName=Nopalea+cochenillifera,Stem,1,2,2,PFAF
Nothofagus pumilio,Lenga,https://pfaf.org/user/Plant.aspx?LatinName=Nothofagus+pumilio,Inner bark; Sap,2,1,0,PFAF
Nothoscordum gracile,Slender false garlic,https://pfaf.org/user/Plant.aspx?LatinName=Nothoscordum+gracile,Condiment; Root,2,2,0,PFAF
Nuphar advena,"Common Spatterdock, Yellow pond-lily, Varigated yellow pond-lily",https://pfaf.org/user/Plant.aspx?LatinName=Nuphar+advena,Root; Seed,2,3,2,PFAF
Nuphar japonicum,,https://pfaf.org/user/Plant.aspx?LatinName=Nuphar+japonicum,Root; Seed,2,3,1,PFAF
Nuphar lutea,"Yellow Water Lily, Yellow pond-lily, Rocky Mountain pond-lily, Varigated yellow pond-lily",https://pfaf.org/user/Plant.aspx?LatinName=Nuphar+lutea,Drink; Root; Seed,3,3,2,PFAF
Nuphar polysepala,"Spatterdock, Rocky Mountain pond-lily",https://pfaf.org/user/Plant.aspx?LatinName=Nuphar+polysepala,Root; Seed,2,3,1,PFAF
Nuphar pumila,Yellow pond-lily,https://pfaf.org/user/Plant.aspx?LatinName=Nuphar+pumila,Drink; Root; Seed,3,3,1,PFAF
Nymphaea alba,"White Water Lily, European white waterlily",https://pfaf.org/user/Plant.aspx?LatinName=Nymphaea+alba,Coffee; Root; Seed,3,3,2,PFAF
Nymphaea candida,,https://pfaf.org/user/Plant.aspx?LatinName=Nymphaea+candida,Coffee; Root; Seed,3,2,2,PFAF
Nymphaea odorata,"Fragrant Water Lily, American white waterlily",https://pfaf.org/user/Plant.aspx?LatinName=Nymphaea+odorata,Flowers; Root; Seed,3,3,3,PFAF
Nymphaea tetragona,Pygmy Water Lily,https://pfaf.org/user/Plant.aspx?LatinName=Nymphaea+tetragona,Root; Seed,2,2,0,PFAF
Nymphaea tuberosa,"Tuberous Water Lily, American white waterlily",https://pfaf.org/user/Plant.aspx?LatinName=Nymphaea+tuberosa,Root; Seed,2,3,3,PFAF
Nymphoides peltata,"Water Fringe, Yellow floatingheart",https://pfaf.org/user/Plant.aspx?LatinName=Nymphoides+peltata,Flowers; Seed,2,2,2,PFAF
Nypa fruticans,"Nipa Palm, Mangrove Palm",https://pfaf.org/user/Plant.aspx?LatinName=Nypa+fruticans,Drink; Flowers; Sap; Sweetener,4,3,2,PFAF
Nyssa aquatica,Water Tupelo,https://pfaf.org/user/Plant.aspx?LatinName=Nyssa+aquatica,Fruit,1,2,0,PFAF
Nyssa ogeche,"Ogeechee Lime, Ogeechee tupelo",https://pfaf.org/user/Plant.aspx?LatinName=Nyssa+ogeche,Fruit,1,2,0,PFAF
Nyssa sylvatica,"Black Tupelo, Blackgum, Sour Gum, Black Tupelo",https://pfaf.org/user/Plant.aspx?LatinName=Nyssa+sylvatica,Fruit,1,2,1,PFAF
Ocimum basilicum,"Sweet Basil, Common Basil, Thai Basil, Tropical Basil",https://pfaf.org/user/Plant.aspx?LatinName=Ocimum+basilicum,Condiment; Drink; Seed; Tea,4,4,3,PFAF
Ocimum minimum,Bush Basil,https://pfaf.org/user/Plant.aspx?LatinName=Ocimum+minimum,Condiment; Drink; Seed; Tea,4,4,3,PFAF
Ocimum tenuiflorum,Sacred Basil,https://pfaf.org/user/Plant.aspx?LatinName=Ocimum+tenuiflorum,Flowers,1,4,4,PFAF
Ocotea cymosa,Varongy,https://pfaf.org/user/Plant.aspx?LatinName=Ocotea+cymosa,Condiment; Drink; Inner bark,3,2,0,PFAF
Oemleria cerasiformis,"Oso Berry, Indian plum",https://pfaf.org/user/Plant.aspx?LatinName=Oemleria+cerasiformis,Fruit,1,2,1,PFAF
Oenanthe javanica,"Water Dropwort, Java waterdropwort, Stolon waterdropwort",https://pfaf.org/user/Plant.aspx?LatinName=Oenanthe+javanica,Condiment; Root; Seed; Shoots,4,3,2,PFAF
Oenanthe peucidanifolia,,https://pfaf.org/user/Plant.aspx?LatinName=Oenanthe+peucidanifolia,Root,1,1,0,PFAF
Oenanthe pimpinelloides,"Meadow Parsley, Corkyfruit waterdropwort",https://pfaf.org/user/Plant.aspx?LatinName=Oenanthe+pimpinelloides,Root,1,1,0,PFAF
Oenanthe sarmentosa,"Water Dropwort,Water parsely",https://pfaf.org/user/Plant.aspx?LatinName=Oenanthe+sarmentosa,Root; Stem,2,3,1,PFAF
Oenocarpus bataua,Pataua Palm. Bataua,https://pfaf.org/user/Plant.aspx?LatinName=Oenocarpus+bataua,Apical bud; Colouring; Drink; Oil,4,3,2,PFAF
Oenocarpus distichus,"Pataua, Bacaba, White bacaba",https://pfaf.org/user/Plant.aspx?LatinName=Oenocarpus+distichus,Apical bud; Oil,2,3,2,PFAF
Oenothera albicaulis,Whitest Evening Primrose,https://pfaf.org/user/Plant.aspx?LatinName=Oenothera+albicaulis,Root; Seed; Seedpod; Shoots,4,2,1,PFAF
Oenothera biennis,"Evening Primrose, Sun Drop, Common evening primrose",https://pfaf.org/user/Plant.aspx?LatinName=Oenothera+biennis,Flowers; Oil; Root; Seedpod; Shoots,5,3,5,PFAF
Oenothera brevipes,Golden Suncup,https://pfaf.org/user/Plant.aspx?LatinName=Oenothera+brevipes,Root; Seed; Seedpod; Shoots,4,3,0,PFAF
Oenothera elata hookeri,Hooker's Evening Primrose,https://pfaf.org/user/Plant.aspx?LatinName=Oenothera+elata+hookeri,Root; Seedpod; Shoots,3,2,1,PFAF
Oenothera glazioviana,"Large-Flower Evening Primrose, Redsepal evening primrose",https://pfaf.org/user/Plant.aspx?LatinName=Oenothera+glazioviana,Oil; Root; Shoots,3,2,2,PFAF
Olea europaea,"Olive, African olive, European olive",https://pfaf.org/user/Plant.aspx?LatinName=Olea+europaea,Condiment; Fruit; Manna; Oil,4,4,3,PFAF
Onoclea sensibilis,Sensitive Fern,https://pfaf.org/user/Plant.aspx?LatinName=Onoclea+sensibilis,Root; Shoots,2,2,2,PFAF
Ononis repens,"Rest Harrow, Common restharrow",https://pfaf.org/user/Plant.aspx?LatinName=Ononis+repens,Drink; Root; Shoots,3,2,1,PFAF
Ononis spinosa,Spiny Rest Harrow,https://pfaf.org/user/Plant.aspx?LatinName=Ononis+spinosa,Flowers; Root; Shoots,3,2,2,PFAF
Onopordum acanthium,"Scotch Thistle, Scotch cottonthistle",https://pfaf.org/user/Plant.aspx?LatinName=Onopordum+acanthium,Colouring; Flowers; Oil; Stem,4,2,1,PFAF
Onopordum illyricum,"Cotton Thistle, Illyrian cottonthistle",https://pfaf.org/user/Plant.aspx?LatinName=Onopordum+illyricum,Flowers,1,1,0,PFAF
Onosma hispidum,,https://pfaf.org/user/Plant.aspx?LatinName=Onosma+hispidum,Root,1,1,1,PFAF
Ophiopogon japonicus,"Snake's Beard, Dwarf lilyturf, Mondo Grass, Monkey Grass, Dwarf Lilyturf",https://pfaf.org/user/Plant.aspx?LatinName=Ophiopogon+japonicus,Root,1,2,3,PFAF
Ophrys apifera,Bee Orchid,https://pfaf.org/user/Plant.aspx?LatinName=Ophrys+apifera,Root,1,2,2,PFAF
Ophrys araneola,,https://pfaf.org/user/Plant.aspx?LatinName=Ophrys+araneola,Root,1,2,2,PFAF
Ophrys bertolonii,,https://pfaf.org/user/Plant.aspx?LatinName=Ophrys+bertolonii,Root,1,2,2,PFAF
Ophrys bombyliflora,,https://pfaf.org/user/Plant.aspx?LatinName=Ophrys+bombyliflora,Root,1,2,2,PFAF
Ophrys fusca,Brown Bee Orchid,https://pfaf.org/user/Plant.aspx?LatinName=Ophrys+fusca,Root,1,2,2,PFAF
Ophrys holoserica,Late Spider Orchid,https://pfaf.org/user/Plant.aspx?LatinName=Ophrys+holoserica,Root,1,2,2,PFAF
Ophrys insectifera,Fly Orchid,https://pfaf.org/user/Plant.aspx?LatinName=Ophrys+insectifera,Root,1,2,2,PFAF
Ophrys iricolor,,https://pfaf.org/user/Plant.aspx?LatinName=Ophrys+iricolor,Root,1,2,2,PFAF
Ophrys lutea,Yellow Bee Orchid,https://pfaf.org/user/Plant.aspx?LatinName=Ophrys+lutea,Root,1,2,2,PFAF
Ophrys scolopax,Woodcock Orchid,https://pfaf.org/user/Plant.aspx?LatinName=Ophrys+scolopax,Root,1,2,2,PFAF
Ophrys sphegodes,Early Spider Orchid,https://pfaf.org/user/Plant.aspx?LatinName=Ophrys+sphegodes,Root,1,2,2,PFAF
Ophrys tenthredinifera,Sawfly Orchid,https://pfaf.org/user/Plant.aspx?LatinName=Ophrys+tenthredinifera,Root,1,2,2,PFAF
Ophrys vernixia,,https://pfaf.org/user/Plant.aspx?LatinName=Ophrys+vernixia,Root,1,2,2,PFAF
Oplopanax horridus,Devil's Club,https://pfaf.org/user/Plant.aspx?LatinName=Oplopanax+horridus,Root; Shoots,2,2,2,PFAF
Oplopanax japonicus,,https://pfaf.org/user/Plant.aspx?LatinName=Oplopanax+japonicus,Root; Shoots,2,2,1,PFAF
Opopanax chironium,Opopanax,https://pfaf.org/user/Plant.aspx?LatinName=Opopanax+chironium,Gum,1,0,1,PFAF
Opuntia compressa,"Eastern Prickly Pear, Prickly Pear Cactus",https://pfaf.org/user/Plant.aspx?LatinName=Opuntia+compressa,Fruit; Gum; Seed,3,3,1,PFAF
Opuntia dillenii,"Dillen prickly pear,",https://pfaf.org/user/Plant.aspx?LatinName=Opuntia+dillenii,Flowers; Stem,2,3,0,PFAF
Opuntia erinacea,Mojave Prickly Pear,https://pfaf.org/user/Plant.aspx?LatinName=Opuntia+erinacea,Fruit; Gum; Seed,3,2,0,PFAF
Opuntia ficus-indica,"Prickly Pear, Barbary fig",https://pfaf.org/user/Plant.aspx?LatinName=Opuntia+ficus-indica,Flowers; Fruit; Gum; Seed,4,3,2,PFAF
Opuntia fragilis,"Prickly Pear, Brittle pricklypear",https://pfaf.org/user/Plant.aspx?LatinName=Opuntia+fragilis,Fruit; Gum; Seed,3,2,1,PFAF
Opuntia howeyi,,https://pfaf.org/user/Plant.aspx?LatinName=Opuntia+howeyi,Fruit; Gum; Seed,3,2,0,PFAF
Opuntia imbricata,Tree Chola,https://pfaf.org/user/Plant.aspx?LatinName=Opuntia+imbricata,Fruit; Gum; Seed,3,2,0,PFAF
Opuntia littoralis,Western Prickly Pear,https://pfaf.org/user/Plant.aspx?LatinName=Opuntia+littoralis,Fruit; Gum; Seed,3,2,0,PFAF
Opuntia macrorhiza,Twist-Spine Prickly Pear,https://pfaf.org/user/Plant.aspx?LatinName=Opuntia+macrorhiza,Fruit; Gum; Seed,3,2,0,PFAF
Opuntia microdasys,"Bunny Ears, Angel's-wings",https://pfaf.org/user/Plant.aspx?LatinName=Opuntia+microdasys,Fruit; Gum; Seed,3,2,0,PFAF
Opuntia phaeacantha,"Bastard Fig, Tulip pricklypear",https://pfaf.org/user/Plant.aspx?LatinName=Opuntia+phaeacantha,Fruit; Gum; Seed; Stem,4,2,1,PFAF
Opuntia polyacantha,"Plains Prickly Pear, El Paso pricklypear, Grizzlybear pricklypear, Navajo Bridge pricklypear, Hairsp",https://pfaf.org/user/Plant.aspx?LatinName=Opuntia+polyacantha,Fruit; Gum; Seed; Stem,4,3,1,PFAF
Opuntia ramosissima,Branched Pencil Cholla,https://pfaf.org/user/Plant.aspx?LatinName=Opuntia+ramosissima,Fruit; Gum; Seed; Stem,4,3,0,PFAF
Orchis coriophora,Bug Orchis,https://pfaf.org/user/Plant.aspx?LatinName=Orchis+coriophora,Drink; Root,2,2,2,PFAF
Orchis italica,,https://pfaf.org/user/Plant.aspx?LatinName=Orchis+italica,Drink; Root,2,2,2,PFAF
Orchis laxiflora,Marsh Orchis,https://pfaf.org/user/Plant.aspx?LatinName=Orchis+laxiflora,Drink; Root,2,2,2,PFAF
Orchis mascula,Early Purple Orchis,https://pfaf.org/user/Plant.aspx?LatinName=Orchis+mascula,Drink; Root,2,2,2,PFAF
Orchis militaris,Military Orchis,https://pfaf.org/user/Plant.aspx?LatinName=Orchis+militaris,Drink; Root,2,2,2,PFAF
Orchis morio,"Green-Winged Orchid, Green-winged orchid",https://pfaf.org/user/Plant.aspx?LatinName=Orchis+morio,Drink; Root,2,2,2,PFAF
Orchis ustulata,Dark-Winged Orchis,https://pfaf.org/user/Plant.aspx?LatinName=Orchis+ustulata,Drink; Root,2,2,2,PFAF
Oreomyrrhis hookeri,,https://pfaf.org/user/Plant.aspx?LatinName=Oreomyrrhis+hookeri,Root,1,1,0,PFAF
Origanum compactum,,https://pfaf.org/user/Plant.aspx?LatinName=Origanum+compactum,Condiment,1,1,0,PFAF
Origanum dictamnus,"Dittany Of Crete, Hop Marjoram",https://pfaf.org/user/Plant.aspx?LatinName=Origanum+dictamnus,Condiment; Tea,2,2,1,PFAF
Origanum glandulosum,,https://pfaf.org/user/Plant.aspx?LatinName=Origanum+glandulosum,Condiment,1,1,0,PFAF
Origanum isthmicum,,https://pfaf.org/user/Plant.aspx?LatinName=Origanum+isthmicum,Condiment,1,1,0,PFAF
Origanum majorana,Sweet Marjoram,https://pfaf.org/user/Plant.aspx?LatinName=Origanum+majorana,Condiment; Tea,2,3,3,PFAF
Origanum onites,Pot Marjoram,https://pfaf.org/user/Plant.aspx?LatinName=Origanum+onites,Condiment; Tea,2,3,1,PFAF
Origanum syriacum,Bible Hyssop,https://pfaf.org/user/Plant.aspx?LatinName=Origanum+syriacum,Condiment,1,2,0,PFAF
Origanum virens,,https://pfaf.org/user/Plant.aspx?LatinName=Origanum+virens,Condiment,1,1,0,PFAF
Origanum vulgare,"Oregano, Pot Marjoram",https://pfaf.org/user/Plant.aspx?LatinName=Origanum+vulgare,Condiment; Flowers; Stem; Tea,4,4,3,PFAF
Origanum vulgare hirtum,Greek Oregano,https://pfaf.org/user/Plant.aspx?LatinName=Origanum+vulgare+hirtum,Condiment,1,4,3,PFAF
Origanum x hybridum,Showy marjoram or ornamental oregano,https://pfaf.org/user/Plant.aspx?LatinName=Origanum+x+hybridum,Condiment,1,1,0,PFAF
Origanum x majoricum,Hardy Marjoram,https://pfaf.org/user/Plant.aspx?LatinName=Origanum+x+majoricum,Condiment; Tea,2,2,2,PFAF
Ornithogalum narbonense,Star Of Bethlehem,https://pfaf.org/user/Plant.aspx?LatinName=Ornithogalum+narbonense,Root,1,1,0,PFAF
Ornithogalum pyrenaicum,"Bath Asparagus, Pyrenees star of Bethlehem",https://pfaf.org/user/Plant.aspx?LatinName=Ornithogalum+pyrenaicum,Shoots; Stem,2,2,0,PFAF
Ornithogalum umbellatum,"Star Of Bethlehem, Dove's Dung",https://pfaf.org/user/Plant.aspx?LatinName=Ornithogalum+umbellatum,Flowers; Root,2,3,1,PFAF
Orobanche ammophyla,Lie Dang,https://pfaf.org/user/Plant.aspx?LatinName=Orobanche+ammophyla,Root,1,2,2,PFAF
Orobanche californica,"California Broomrape, Jepson's broomrape",https://pfaf.org/user/Plant.aspx?LatinName=Orobanche+californica,Root,1,2,1,PFAF
Orobanche cernua,Nodding broomrape,https://pfaf.org/user/Plant.aspx?LatinName=Orobanche+cernua,Root,1,1,0,PFAF
Orobanche grayana,,https://pfaf.org/user/Plant.aspx?LatinName=Orobanche+grayana,Root,1,1,1,PFAF
Orobanche ludoviciana,"Broomrape, Louisiana broomrape",https://pfaf.org/user/Plant.aspx?LatinName=Orobanche+ludoviciana,Root; Stem,2,1,1,PFAF
Orobanche pinorum,Conifer broomrape,https://pfaf.org/user/Plant.aspx?LatinName=Orobanche+pinorum,Root,1,1,1,PFAF
Orobanche tuberosa,Ground Cone,https://pfaf.org/user/Plant.aspx?LatinName=Orobanche+tuberosa,Root,1,1,1,PFAF
Orobanche uniflora,Oneflowered broomrape,https://pfaf.org/user/Plant.aspx?LatinName=Orobanche+uniflora,Root,1,1,1,PFAF
Orogenia linearifolia,"Indian Potato, Great Basin Indian potato",https://pfaf.org/user/Plant.aspx?LatinName=Orogenia+linearifolia,Root,1,4,0,PFAF
Orontium aquaticum,Golden Club,https://pfaf.org/user/Plant.aspx?LatinName=Orontium+aquaticum,Root; Seed,2,3,0,PFAF
Orthilia secunda,Sidebells Wintergreen,https://pfaf.org/user/Plant.aspx?LatinName=Orthilia+secunda,Seed; Tea,2,1,1,PFAF
Oryza sativa,"Rice, Common Rice",https://pfaf.org/user/Plant.aspx?LatinName=Oryza+sativa,Oil,1,5,2,PFAF
Oryzopsis asperifolia,"Mountain Rice, Roughleaf ricegrass",https://pfaf.org/user/Plant.aspx?LatinName=Oryzopsis+asperifolia,Seed,1,3,0,PFAF
Osmanthus americana,,https://pfaf.org/user/Plant.aspx?LatinName=Osmanthus+americana,Fruit,1,1,0,PFAF
Osmanthus fragrans,Fragrant Olive,https://pfaf.org/user/Plant.aspx?LatinName=Osmanthus+fragrans,Condiment; Fruit,2,2,2,PFAF
Osmorhiza aristata,,https://pfaf.org/user/Plant.aspx?LatinName=Osmorhiza+aristata,Root,1,3,0,PFAF
Osmorhiza chilensis,,https://pfaf.org/user/Plant.aspx?LatinName=Osmorhiza+chilensis,Root,1,3,0,PFAF
Osmorhiza claytonii,"Woolly Sweet-Cicely, Clayton's sweetroot",https://pfaf.org/user/Plant.aspx?LatinName=Osmorhiza+claytonii,Condiment; Root; Seed,3,3,1,PFAF
Osmorhiza longistylis,"Aniseroot, Longstyle sweetroot",https://pfaf.org/user/Plant.aspx?LatinName=Osmorhiza+longistylis,Condiment; Root; Shoots; Tea,4,3,1,PFAF
Osmorhiza obtusa,,https://pfaf.org/user/Plant.aspx?LatinName=Osmorhiza+obtusa,Condiment; Root; Seed,3,3,0,PFAF
Osmorhiza occidentalis,"Western Sweet-Cicely, Western sweetroot",https://pfaf.org/user/Plant.aspx?LatinName=Osmorhiza+occidentalis,Condiment; Root; Seed,3,3,2,PFAF
Osmunda cinnamomea,Cinnamon Fern,https://pfaf.org/user/Plant.aspx?LatinName=Osmunda+cinnamomea,Shoots,1,2,1,PFAF
Osmunda claytoniana,Interrupted Fern,https://pfaf.org/user/Plant.aspx?LatinName=Osmunda+claytoniana,Stem,1,2,1,PFAF
Osmunda japonica,Zenmai,https://pfaf.org/user/Plant.aspx?LatinName=Osmunda+japonica,Root,1,2,0,PFAF
Osteomeles obtusifolia,,https://pfaf.org/user/Plant.aspx?LatinName=Osteomeles+obtusifolia,Fruit,1,1,0,PFAF
Osteomeles schwerinae,,https://pfaf.org/user/Plant.aspx?LatinName=Osteomeles+schwerinae,Fruit,1,1,0,PFAF
Osteomeles subrotunda,,https://pfaf.org/user/Plant.aspx?LatinName=Osteomeles+subrotunda,Fruit,1,1,0,PFAF
Oxalis acetosella,Wood Sorrel,https://pfaf.org/user/Plant.aspx?LatinName=Oxalis+acetosella,Curdling agent; Flowers,2,3,2,PFAF
Oxalis articulata,Pink Sorrel,https://pfaf.org/user/Plant.aspx?LatinName=Oxalis+articulata,Flowers,1,3,0,PFAF
Oxalis bifida,,https://pfaf.org/user/Plant.aspx?LatinName=Oxalis+bifida,Root,1,2,0,PFAF
Oxalis corniculata,"Yellow Sorrel, Creeping woodsorrel",https://pfaf.org/user/Plant.aspx?LatinName=Oxalis+corniculata,Flowers; Gum,2,2,2,PFAF
Oxalis corymbosa,"Lilac Oxalis, Pink woodsorrel",https://pfaf.org/user/Plant.aspx?LatinName=Oxalis+corymbosa,Flowers; Root,2,2,0,PFAF
Oxalis deppei,Iron Cross Plant,https://pfaf.org/user/Plant.aspx?LatinName=Oxalis+deppei,Flowers; Root,2,4,0,PFAF
Oxalis enneaphylla,Scurvy Grass,https://pfaf.org/user/Plant.aspx?LatinName=Oxalis+enneaphylla,Flowers; Root,2,2,0,PFAF
Oxalis exilis,"Least Yellow Sorrel, Shady woodsorrel",https://pfaf.org/user/Plant.aspx?LatinName=Oxalis+exilis,Flowers,1,2,2,PFAF
Oxalis grandis,Great Yellow Woodsorrel,https://pfaf.org/user/Plant.aspx?LatinName=Oxalis+grandis,Flowers,1,2,1,PFAF
Oxalis magellanica,,https://pfaf.org/user/Plant.aspx?LatinName=Oxalis+magellanica,Flowers,1,2,0,PFAF
Oxalis oregana,Redwood Sorrel,https://pfaf.org/user/Plant.aspx?LatinName=Oxalis+oregana,Flowers,1,3,1,PFAF
Oxalis pes-caprae,Bermuda Buttercup,https://pfaf.org/user/Plant.aspx?LatinName=Oxalis+pes-caprae,Flowers; Root,2,2,0,PFAF
Oxalis stricta,"Yellow Wood Sorrel, Common yellow oxalis, Common Yellow Wood Sorrel, Oxalis",https://pfaf.org/user/Plant.aspx?LatinName=Oxalis+stricta,Drink; Flowers; Root; Seedpod,4,2,1,PFAF
Oxalis tetraphylla,,https://pfaf.org/user/Plant.aspx?LatinName=Oxalis+tetraphylla,Flowers; Root,2,3,0,PFAF
Oxalis triangularis,Oxalis,https://pfaf.org/user/Plant.aspx?LatinName=Oxalis+triangularis,Flowers; Root,2,3,0,PFAF
Oxalis tuberosa,Oca,https://pfaf.org/user/Plant.aspx?LatinName=Oxalis+tuberosa,Flowers; Root,2,5,0,PFAF
Oxalis violacea,Violet Wood Sorrel,https://pfaf.org/user/Plant.aspx?LatinName=Oxalis+violacea,Drink; Flowers; Root,3,3,1,PFAF
Oxytenanthera abyssynica,Savanah Bamboo,https://pfaf.org/user/Plant.aspx?LatinName=Oxytenanthera+abyssynica,Drink; Sap; Shoots,3,2,2,PFAF
Oxytropis lambertii,"Crazy Weed, Purple locoweed",https://pfaf.org/user/Plant.aspx?LatinName=Oxytropis+lambertii,Root; Seed,2,2,0,PFAF
Pachira glabra,"Saba Nut, American Chestnut",https://pfaf.org/user/Plant.aspx?LatinName=Pachira+glabra,Oil,1,3,0,PFAF
Pachira insignis,Malabar Chestnut,https://pfaf.org/user/Plant.aspx?LatinName=Pachira+insignis,Chocolate; Drink; Flowers; Oil,4,4,0,PFAF
Pachyrhizus ahipa,"Ahipa, Yam bean",https://pfaf.org/user/Plant.aspx?LatinName=Pachyrhizus+ahipa,Root; Seedpod,2,3,0,PFAF
Pachyrhizus erosus,"Yam Bean, Jicama, Mexican Yam",https://pfaf.org/user/Plant.aspx?LatinName=Pachyrhizus+erosus,Seedpod,1,4,0,PFAF
Pachyrhizus tuberosus,"Jicama, Ajipo",https://pfaf.org/user/Plant.aspx?LatinName=Pachyrhizus+tuberosus,Root; Seedpod,2,3,0,PFAF
Pachysandra terminalis,"Japanese Spurge, Japanese pachysandra, Pachysandra",https://pfaf.org/user/Plant.aspx?LatinName=Pachysandra+terminalis,Fruit,1,2,0,PFAF
Paederia foetida,Skunk Vine,https://pfaf.org/user/Plant.aspx?LatinName=Paederia+foetida,Stem,1,2,4,PFAF
Paederia scandens,,https://pfaf.org/user/Plant.aspx?LatinName=Paederia+scandens,Sap,1,1,2,PFAF
Paeonia anomala,"Anomalous peony, Common Peony",https://pfaf.org/user/Plant.aspx?LatinName=Paeonia+anomala,Root; Shoots,2,1,3,PFAF
Paeonia brownii,Brown's Peony,https://pfaf.org/user/Plant.aspx?LatinName=Paeonia+brownii,Root,1,1,2,PFAF
Paeonia caucasica,,https://pfaf.org/user/Plant.aspx?LatinName=Paeonia+caucasica,Oil,1,0,1,PFAF
Paeonia delavayi,"Tree Peony, Dian mu dan",https://pfaf.org/user/Plant.aspx?LatinName=Paeonia+delavayi,Flowers,1,1,3,PFAF
Paeonia emodi,,https://pfaf.org/user/Plant.aspx?LatinName=Paeonia+emodi,Shoots,1,1,2,PFAF
Paeonia hybrida,,https://pfaf.org/user/Plant.aspx?LatinName=Paeonia+hybrida,Root,1,1,1,PFAF
Paeonia japonica,Yama-Shakuyaku,https://pfaf.org/user/Plant.aspx?LatinName=Paeonia+japonica,Flowers; Root,2,1,1,PFAF
Paeonia lactiflora,"Chinese Peony, Peony",https://pfaf.org/user/Plant.aspx?LatinName=Paeonia+lactiflora,Root; Seed; Stem,3,1,3,PFAF
Paeonia lutea,"Tree Peony, Dian mu dan",https://pfaf.org/user/Plant.aspx?LatinName=Paeonia+lutea,Flowers,1,1,3,PFAF
Paeonia officinalis,"Peony, Common peony",https://pfaf.org/user/Plant.aspx?LatinName=Paeonia+officinalis,Condiment; Flowers,2,1,2,PFAF
Paeonia ostii,Tree Peony,https://pfaf.org/user/Plant.aspx?LatinName=Paeonia+ostii,Flowers,1,1,2,PFAF
Paeonia potaninii,Tree Peony,https://pfaf.org/user/Plant.aspx?LatinName=Paeonia+potaninii,Flowers,1,1,2,PFAF
Paeonia suffruticosa,"Moutan, Moutan peony, Tree Peony, Japanese Tree Peony",https://pfaf.org/user/Plant.aspx?LatinName=Paeonia+suffruticosa,Flowers,1,1,2,PFAF
Paeonia szechuanica,Tree Peony,https://pfaf.org/user/Plant.aspx?LatinName=Paeonia+szechuanica,Flowers,1,1,2,PFAF
Paliurus spina-christi,"Christ's Thorn, Jeruselem thorn",https://pfaf.org/user/Plant.aspx?LatinName=Paliurus+spina-christi,Fruit,1,1,1,PFAF
Panax ginseng,"Ginseng, Chinese ginseng",https://pfaf.org/user/Plant.aspx?LatinName=Panax+ginseng,Root; Tea,2,2,5,PFAF
Panax japonicus,Japanese Ginseng,https://pfaf.org/user/Plant.aspx?LatinName=Panax+japonicus,Tea,1,1,1,PFAF
Panax pseudoginseng,"Ginseng, Japanese ginseng",https://pfaf.org/user/Plant.aspx?LatinName=Panax+pseudoginseng,Drink; Shoots; Tea,3,1,3,PFAF
Panax pseudoginseng notoginseng,San Qi,https://pfaf.org/user/Plant.aspx?LatinName=Panax+pseudoginseng+notoginseng,Drink; Tea,2,1,5,PFAF
Panax quinquefolius,American Ginseng,https://pfaf.org/user/Plant.aspx?LatinName=Panax+quinquefolius,Root; Tea,2,1,3,PFAF
Panax trifolius,"Ground Nut, Dwarf ginseng",https://pfaf.org/user/Plant.aspx?LatinName=Panax+trifolius,Root,1,1,2,PFAF
Pancratium maritimum,Sea Daffodil,https://pfaf.org/user/Plant.aspx?LatinName=Pancratium+maritimum,Root; Seed,2,1,0,PFAF
Pandanus amaryllifolius,Fragrant Pandan,https://pfaf.org/user/Plant.aspx?LatinName=Pandanus+amaryllifolius,Colouring; Condiment,2,3,2,PFAF
Pandanus conoideus,"Marita, Red fruit, Pandan",https://pfaf.org/user/Plant.aspx?LatinName=Pandanus+conoideus,Oil,1,4,1,PFAF
Pandanus julianettii,Karuka,https://pfaf.org/user/Plant.aspx?LatinName=Pandanus+julianettii,Oil,1,4,0,PFAF
Panicum antidotale,"Blue Panic Grass, Blue panicum",https://pfaf.org/user/Plant.aspx?LatinName=Panicum+antidotale,Seed,1,1,1,PFAF
Panicum capillare,"Old Witch Grass, Witchgrass",https://pfaf.org/user/Plant.aspx?LatinName=Panicum+capillare,Seed,1,2,1,PFAF
Panicum decompositum,"Native Millet, Australian millet",https://pfaf.org/user/Plant.aspx?LatinName=Panicum+decompositum,Seed,1,2,0,PFAF
Panicum obtusum,Vine Mesquite,https://pfaf.org/user/Plant.aspx?LatinName=Panicum+obtusum,Seed,1,2,0,PFAF
Panicum sonorum,"Sauwi, Mexican panicgrass",https://pfaf.org/user/Plant.aspx?LatinName=Panicum+sonorum,Seed,1,2,0,PFAF
Panicum turgidum,"Desert Grass. Turgid panic grass, Afezu",https://pfaf.org/user/Plant.aspx?LatinName=Panicum+turgidum,Shoots,1,2,0,PFAF
Panicum urvilleanum,Desert Panicgrass,https://pfaf.org/user/Plant.aspx?LatinName=Panicum+urvilleanum,Seed,1,2,0,PFAF
Papaver nudicaule,"Arctic Poppy, Icelandic poppy",https://pfaf.org/user/Plant.aspx?LatinName=Papaver+nudicaule,Seed,1,1,1,PFAF
Papaver orientale,Oriental Poppy,https://pfaf.org/user/Plant.aspx?LatinName=Papaver+orientale,Condiment,1,1,1,PFAF
Papaver rhoeas,"Corn Poppy, Field Poppy, Shirley Poppy",https://pfaf.org/user/Plant.aspx?LatinName=Papaver+rhoeas,Colouring; Flowers; Oil; Seed,4,2,3,PFAF
Papaver somniferum,Opium Poppy,https://pfaf.org/user/Plant.aspx?LatinName=Papaver+somniferum,Oil; Seed,2,4,4,PFAF
Parajubaea cocoides,Quito Palm,https://pfaf.org/user/Plant.aspx?LatinName=Parajubaea+cocoides,Oil; Seed,2,1,0,PFAF
Parietaria judaica,"Pellitory Of The Wall, Spreading pellitory",https://pfaf.org/user/Plant.aspx?LatinName=Parietaria+judaica,Shoots,1,2,3,PFAF
Parietaria officinalis,"Pellitory Of The Wall, Upright pellitory",https://pfaf.org/user/Plant.aspx?LatinName=Parietaria+officinalis,Shoots,1,2,3,PFAF
Parinari curatellifolia,"Mbola, Grys Appel",https://pfaf.org/user/Plant.aspx?LatinName=Parinari+curatellifolia,Drink; Oil,2,4,2,PFAF
Paris polyphylla,Herb Paris,https://pfaf.org/user/Plant.aspx?LatinName=Paris+polyphylla,Seed,1,1,2,PFAF
Parkia biglobosa,African Locust Bean,https://pfaf.org/user/Plant.aspx?LatinName=Parkia+biglobosa,Drink; Flowers; Seedpod,3,4,2,PFAF
Paronychia argentea,Algerian Tea,https://pfaf.org/user/Plant.aspx?LatinName=Paronychia+argentea,Tea,1,1,1,PFAF
Paronychia capitata,Algerian Tea,https://pfaf.org/user/Plant.aspx?LatinName=Paronychia+capitata,Tea,1,1,1,PFAF
Paronychia jamesii,"Nailwort, James' nailwort",https://pfaf.org/user/Plant.aspx?LatinName=Paronychia+jamesii,Tea,1,1,0,PFAF
Parosella lanata,Woolly Parosella,https://pfaf.org/user/Plant.aspx?LatinName=Parosella+lanata,Root,1,2,0,PFAF
Parthenocissus himalayana,,https://pfaf.org/user/Plant.aspx?LatinName=Parthenocissus+himalayana,Fruit,1,2,0,PFAF
Parthenocissus quinquefolia,"Virginia Creeper, Woodbine",https://pfaf.org/user/Plant.aspx?LatinName=Parthenocissus+quinquefolia,Fruit; Root; Stem,3,2,2,PFAF
Parthenocissus tricuspidata,"Boston Ivy, Japanese Ivy, Japanese Creeper",https://pfaf.org/user/Plant.aspx?LatinName=Parthenocissus+tricuspidata,Sap; Sweetener,2,1,0,PFAF
Passiflora actinia,Passion Flower,https://pfaf.org/user/Plant.aspx?LatinName=Passiflora+actinia,Fruit,1,3,0,PFAF
Passiflora antioquiensis,Banana Passionfruit,https://pfaf.org/user/Plant.aspx?LatinName=Passiflora+antioquiensis,Drink; Sweetener,2,4,0,PFAF
Passiflora caerulea,"Passion Flower, Bluecrown passionflower, Blue Passion Flower",https://pfaf.org/user/Plant.aspx?LatinName=Passiflora+caerulea,Flowers; Fruit,2,3,0,PFAF
Passiflora edulis,"Passion Flower, Purple granadilla",https://pfaf.org/user/Plant.aspx?LatinName=Passiflora+edulis,Drink; Fruit; Oil; Sweetener,4,4,1,PFAF
Passiflora herbertiana,,https://pfaf.org/user/Plant.aspx?LatinName=Passiflora+herbertiana,Fruit,1,2,0,PFAF
Passiflora incarnata,"Maypops - Passion Flower, Purple passionflower, Apricot Vine, Maypop, Wild Passion Flower, Purple Pa",https://pfaf.org/user/Plant.aspx?LatinName=Passiflora+incarnata,Flowers; Fruit,2,3,3,PFAF
Passiflora laurifolia,Yellow Granadilla,https://pfaf.org/user/Plant.aspx?LatinName=Passiflora+laurifolia,Drink; Sweetener,2,4,2,PFAF
Passiflora ligularis,"Sweet Grenadilla, Passion Flower",https://pfaf.org/user/Plant.aspx?LatinName=Passiflora+ligularis,Drink; Sweetener,2,5,0,PFAF
Passiflora membranacea,Passion Flower,https://pfaf.org/user/Plant.aspx?LatinName=Passiflora+membranacea,Fruit,1,3,0,PFAF
Passiflora mollisima,Banana Passion Fruit,https://pfaf.org/user/Plant.aspx?LatinName=Passiflora+mollisima,Fruit,1,3,0,PFAF
Passiflora popenovii,Granadilla de Quijos,https://pfaf.org/user/Plant.aspx?LatinName=Passiflora+popenovii,Drink; Sweetener,2,4,0,PFAF
Passiflora quadrangularis,"Giant Granadilla, Badea",https://pfaf.org/user/Plant.aspx?LatinName=Passiflora+quadrangularis,Drink; Sweetener,2,4,2,PFAF
Passiflora tarminiana,"banana passionfruit, banana poka",https://pfaf.org/user/Plant.aspx?LatinName=Passiflora+tarminiana,Drink; Sweetener,2,4,0,PFAF
Passiflora tetrandra,,https://pfaf.org/user/Plant.aspx?LatinName=Passiflora+tetrandra,Fruit; Gum,2,1,0,PFAF
Passiflora tripartita mollissima,Banana Passionfruit,https://pfaf.org/user/Plant.aspx?LatinName=Passiflora+tripartita+mollissima,Drink; Sweetener,2,4,0,PFAF
Passiflora umbilicata,Passion Flower,https://pfaf.org/user/Plant.aspx?LatinName=Passiflora+umbilicata,Fruit,1,2,0,PFAF
Passiflora x exoniensis,Exeter passion flower,https://pfaf.org/user/Plant.aspx?LatinName=Passiflora+x+exoniensis,Fruit,1,3,0,PFAF
Pastinaca sativa,"Parsnip, Wild parsnip",https://pfaf.org/user/Plant.aspx?LatinName=Pastinaca+sativa,Condiment; Root; Seed; Shoots,4,4,1,PFAF
Paullinia cupana,Guarana,https://pfaf.org/user/Plant.aspx?LatinName=Paullinia+cupana,Chocolate; Coffee; Drink,3,4,2,PFAF
Paullinia yoco,Yoco,https://pfaf.org/user/Plant.aspx?LatinName=Paullinia+yoco,Coffee; Drink; Inner bark; Sap; Stem,5,4,2,PFAF
Paulownia tomentosa,"Foxglove Tree, Princesstree, Empress Tree, Royal Paulownia,",https://pfaf.org/user/Plant.aspx?LatinName=Paulownia+tomentosa,Flowers,1,1,2,PFAF
Pectis angustifolia,"Narrowleaf Pectis, Lemonscent",https://pfaf.org/user/Plant.aspx?LatinName=Pectis+angustifolia,Condiment; Shoots,2,1,1,PFAF
Pectis papposa,"Chinchweed, Manybristle chinchweed",https://pfaf.org/user/Plant.aspx?LatinName=Pectis+papposa,Condiment; Seed,2,1,1,PFAF
Pedicularis arctica,Arctic lousewort,https://pfaf.org/user/Plant.aspx?LatinName=Pedicularis+arctica,Root,1,1,0,PFAF
Pedicularis hirsuta,Hairy lousewort,https://pfaf.org/user/Plant.aspx?LatinName=Pedicularis+hirsuta,Root,1,1,0,PFAF
Pedicularis kanei,,https://pfaf.org/user/Plant.aspx?LatinName=Pedicularis+kanei,Flowers; Root; Shoots,3,2,0,PFAF
Pedicularis langsdorffii,"Lousewort, Langsdorf's lousewort, Arctic lousewort",https://pfaf.org/user/Plant.aspx?LatinName=Pedicularis+langsdorffii,Root; Tea,2,1,0,PFAF
Pedicularis sudetica,"Lousewort, Sudetic lousewort, Pacific lousewort",https://pfaf.org/user/Plant.aspx?LatinName=Pedicularis+sudetica,Root; Shoots,2,2,0,PFAF
Peganum harmala,"Syrian Rue, Harmal peganum",https://pfaf.org/user/Plant.aspx?LatinName=Peganum+harmala,Condiment; Oil,2,1,3,PFAF
Pelargonium australe,Ivy Geranium,https://pfaf.org/user/Plant.aspx?LatinName=Pelargonium+australe,Root,1,1,1,PFAF
Pelargonium crispum,Lemon Geranium,https://pfaf.org/user/Plant.aspx?LatinName=Pelargonium+crispum,Condiment; Tea,2,2,2,PFAF
Pelargonium exstipulatum,Pennyroyal Geranium,https://pfaf.org/user/Plant.aspx?LatinName=Pelargonium+exstipulatum,Condiment,1,1,2,PFAF
Pelargonium fragrans,Nutmeg Geranium,https://pfaf.org/user/Plant.aspx?LatinName=Pelargonium+fragrans,Condiment,1,1,2,PFAF
Pelargonium graveolens,"Rose Geranium, Sweet scented geranium",https://pfaf.org/user/Plant.aspx?LatinName=Pelargonium+graveolens,Condiment; Flowers; Tea,3,2,3,PFAF
Pelargonium odoratissimum,Apple Geranium,https://pfaf.org/user/Plant.aspx?LatinName=Pelargonium+odoratissimum,Condiment; Tea,2,2,3,PFAF
Pelargonium tomentosum,Peppermint Geranium,https://pfaf.org/user/Plant.aspx?LatinName=Pelargonium+tomentosum,Condiment,1,1,2,PFAF
Pelargonium triste,,https://pfaf.org/user/Plant.aspx?LatinName=Pelargonium+triste,Root,1,1,1,PFAF
Peltandra sagittifolia,White Arrow Arum,https://pfaf.org/user/Plant.aspx?LatinName=Peltandra+sagittifolia,Fruit; Root,2,2,0,PFAF
Peltandra virginica,Green Arrow Arum,https://pfaf.org/user/Plant.aspx?LatinName=Peltandra+virginica,Flowers; Root; Seed,3,3,0,PFAF
Peltaria alliacea,Garlic Cress,https://pfaf.org/user/Plant.aspx?LatinName=Peltaria+alliacea,Flowers,1,4,0,PFAF
Pennisetum alopecuroides,"Chinese Fountain Grass, Fountain Grass, Swamp Foxtail Grass, Chinese Fountain Grass",https://pfaf.org/user/Plant.aspx?LatinName=Pennisetum+alopecuroides,Seed,1,1,0,PFAF
Pennisetum cereale,,https://pfaf.org/user/Plant.aspx?LatinName=Pennisetum+cereale,Seed,1,1,0,PFAF
Pennisetum glaucum,Pearl Millet,https://pfaf.org/user/Plant.aspx?LatinName=Pennisetum+glaucum,Seed,1,2,1,PFAF
Pennisetum purpureum,Napier grass. Elephant grass,https://pfaf.org/user/Plant.aspx?LatinName=Pennisetum+purpureum,Flowers; Shoots; Stem,3,2,2,PFAF
Penstemon confertus,Yellow Penstemon,https://pfaf.org/user/Plant.aspx?LatinName=Penstemon+confertus,Tea,1,1,1,PFAF
Penstemon procerus,"Small-Flowered Penstemon, Littleflower penstemon, Pincushion beardtongue, Tolmie's penstemon",https://pfaf.org/user/Plant.aspx?LatinName=Penstemon+procerus,Tea,1,1,0,PFAF
Pentachondra pumila,,https://pfaf.org/user/Plant.aspx?LatinName=Pentachondra+pumila,Fruit,1,1,0,PFAF
Pentaclethra macrophylla,"African Oil Bean. Oil Bean Tree, Owala Oil",https://pfaf.org/user/Plant.aspx?LatinName=Pentaclethra+macrophylla,Oil; Salt; Seedpod,3,3,2,PFAF
Pentadiplandra brazzeana,"Joy perfume tree, j'oubli",https://pfaf.org/user/Plant.aspx?LatinName=Pentadiplandra+brazzeana,Condiment; Sweetener,2,4,4,PFAF
Pentaglottis sempervirens,Evergreen bugloss,https://pfaf.org/user/Plant.aspx?LatinName=Pentaglottis+sempervirens,Flowers,1,1,0,PFAF
Peraphyllum ramosissimum,"Squaw Apple, Wild crab apple",https://pfaf.org/user/Plant.aspx?LatinName=Peraphyllum+ramosissimum,Fruit,1,2,0,PFAF
Perideridia gairdneri,"Yampa, Gardner's yampah, Common yampah",https://pfaf.org/user/Plant.aspx?LatinName=Perideridia+gairdneri,Condiment; Root,2,5,2,PFAF
Perideridia oregana,"Squaw Potato, Oregon yampah",https://pfaf.org/user/Plant.aspx?LatinName=Perideridia+oregana,Root,1,3,0,PFAF
Perilla frutescens,"Shiso, Beefsteakplant, Spreading Beefsteak Plant",https://pfaf.org/user/Plant.aspx?LatinName=Perilla+frutescens,Colouring; Condiment; Flowers; Oil; Seed,5,4,3,PFAF
Perilla frutescens nankinensis,Purple Shiso,https://pfaf.org/user/Plant.aspx?LatinName=Perilla+frutescens+nankinensis,Colouring; Condiment; Oil; Seed,4,4,3,PFAF
Perovskia atriplicifolia,"Russian Sage, Azure Sage",https://pfaf.org/user/Plant.aspx?LatinName=Perovskia+atriplicifolia,Flowers,1,1,1,PFAF
Persea americana,"Avocado, Alligator Pear",https://pfaf.org/user/Plant.aspx?LatinName=Persea+americana,Oil,1,5,3,PFAF
Persea borbonia,"Red Bay, Sweetbay",https://pfaf.org/user/Plant.aspx?LatinName=Persea+borbonia,Condiment,1,1,2,PFAF
Persea edulis,,https://pfaf.org/user/Plant.aspx?LatinName=Persea+edulis,Fruit,1,1,0,PFAF
Persicaria odorata,"Vietnamese coriander, Asian mint",https://pfaf.org/user/Plant.aspx?LatinName=Persicaria+odorata,Oil; Shoots,2,3,2,PFAF
Persoonia acerosa,,https://pfaf.org/user/Plant.aspx?LatinName=Persoonia+acerosa,Fruit,1,2,0,PFAF
Persoonia arborea,,https://pfaf.org/user/Plant.aspx?LatinName=Persoonia+arborea,Fruit,1,2,0,PFAF
Persoonia chamaepeuce,Dwarf Geebung,https://pfaf.org/user/Plant.aspx?LatinName=Persoonia+chamaepeuce,Fruit,1,2,0,PFAF
Persoonia curvifolia,,https://pfaf.org/user/Plant.aspx?LatinName=Persoonia+curvifolia,Fruit,1,2,0,PFAF
Persoonia fastigiata,,https://pfaf.org/user/Plant.aspx?LatinName=Persoonia+fastigiata,Fruit,1,2,0,PFAF
Persoonia gunnii,,https://pfaf.org/user/Plant.aspx?LatinName=Persoonia+gunnii,Fruit,1,2,0,PFAF
Persoonia juniperina,,https://pfaf.org/user/Plant.aspx?LatinName=Persoonia+juniperina,Fruit,1,2,0,PFAF
Persoonia levis,Broad-Leaved Geebong,https://pfaf.org/user/Plant.aspx?LatinName=Persoonia+levis,Fruit,1,2,0,PFAF
Persoonia linearis,,https://pfaf.org/user/Plant.aspx?LatinName=Persoonia+linearis,Fruit,1,2,0,PFAF
Persoonia mollis,,https://pfaf.org/user/Plant.aspx?LatinName=Persoonia+mollis,Fruit,1,2,0,PFAF
Persoonia oxycocceoides,,https://pfaf.org/user/Plant.aspx?LatinName=Persoonia+oxycocceoides,Fruit,1,2,0,PFAF
Persoonia pinifolia,Pin-Leaf Geebung,https://pfaf.org/user/Plant.aspx?LatinName=Persoonia+pinifolia,Fruit,1,2,0,PFAF
Persoonia rigida,,https://pfaf.org/user/Plant.aspx?LatinName=Persoonia+rigida,Fruit,1,2,0,PFAF
Persoonia subvelutina,,https://pfaf.org/user/Plant.aspx?LatinName=Persoonia+subvelutina,Fruit,1,2,0,PFAF
Petasites albus,Butterbur,https://pfaf.org/user/Plant.aspx?LatinName=Petasites+albus,Stem,1,2,1,PFAF
Petasites frigidus,"Sweet Coltsfoot, Arctic sweet coltsfoot, Arrowleaf sweet coltsfoot, Golden Palms Coltsfoot, Butterb",https://pfaf.org/user/Plant.aspx?LatinName=Petasites+frigidus,Flowers; Root; Salt; Stem,4,2,1,PFAF
Petasites hyperboreus,Arctic Sweet Coltsfoot,https://pfaf.org/user/Plant.aspx?LatinName=Petasites+hyperboreus,Flowers; Salt; Stem,3,2,1,PFAF
Petasites japonicus,"Sweet Coltsfoot, Japanese sweet coltsfoot, Butterbur",https://pfaf.org/user/Plant.aspx?LatinName=Petasites+japonicus,Flowers; Stem,2,3,2,PFAF
Petasites palmatus,"Sweet Butterbur, Golden Palms Coltsfoot, Sweet Coltsfoot, Butterbur",https://pfaf.org/user/Plant.aspx?LatinName=Petasites+palmatus,Flowers; Salt; Stem,3,2,1,PFAF
Petasites saggitatus,Arrowleaf Sweet Coltsfoot,https://pfaf.org/user/Plant.aspx?LatinName=Petasites+saggitatus,Flowers; Salt; Stem,3,2,1,PFAF
Petasites speciosa,,https://pfaf.org/user/Plant.aspx?LatinName=Petasites+speciosa,Salt,1,2,0,PFAF
Petasites vitifolius,Arctic sweet coltsfoot,https://pfaf.org/user/Plant.aspx?LatinName=Petasites+vitifolius,Salt,1,1,0,PFAF
Peteria scoparia,Rush peteria,https://pfaf.org/user/Plant.aspx?LatinName=Peteria+scoparia,Root,1,1,0,PFAF
Petroselinum crispum,Parsley,https://pfaf.org/user/Plant.aspx?LatinName=Petroselinum+crispum,Colouring; Tea,2,4,4,PFAF
Petroselinum crispum tuberosum,Hamburg Parsley,https://pfaf.org/user/Plant.aspx?LatinName=Petroselinum+crispum+tuberosum,Root; Tea,2,4,3,PFAF
Petroselinum segetum,Corn Caraway,https://pfaf.org/user/Plant.aspx?LatinName=Petroselinum+segetum,Condiment,1,1,0,PFAF
Peucedanum officinale,Hog's Fennel,https://pfaf.org/user/Plant.aspx?LatinName=Peucedanum+officinale,Gum,1,0,2,PFAF
Peucedanum ostruthium,Masterwort,https://pfaf.org/user/Plant.aspx?LatinName=Peucedanum+ostruthium,Condiment,1,2,2,PFAF
Peucedanum palustre,"Marsh Hog's Fennel, Hogfennel",https://pfaf.org/user/Plant.aspx?LatinName=Peucedanum+palustre,Condiment,1,1,1,PFAF
Peumus boldus,"Boldu, Boldo",https://pfaf.org/user/Plant.aspx?LatinName=Peumus+boldus,Condiment; Fruit,2,2,3,PFAF
Phalaris canariensis,"Canary Grass, Annual canarygrass",https://pfaf.org/user/Plant.aspx?LatinName=Phalaris+canariensis,Seed,1,2,0,PFAF
Phaseolus coccineus,"Runner Bean, Scarlet runner",https://pfaf.org/user/Plant.aspx?LatinName=Phaseolus+coccineus,Flowers; Root; Seed; Seedpod,4,4,0,PFAF
Phaseolus lunatus,"Lima Bean, Sieva bean",https://pfaf.org/user/Plant.aspx?LatinName=Phaseolus+lunatus,Seed; Seedpod,2,4,1,PFAF
Phaseolus polystachios,Thicket Bean. Wild bean,https://pfaf.org/user/Plant.aspx?LatinName=Phaseolus+polystachios,Seedpod,1,2,0,PFAF
Phaseolus vulgaris,"French Bean, Kidney bean",https://pfaf.org/user/Plant.aspx?LatinName=Phaseolus+vulgaris,Coffee; Condiment; Seed; Seedpod,4,5,2,PFAF
Phellodendron amurense,"Amur Cork Tree, Chinese Corktree",https://pfaf.org/user/Plant.aspx?LatinName=Phellodendron+amurense,Fruit; Oil,2,1,3,PFAF
Phellodendron lavallei,Lavalle corktree,https://pfaf.org/user/Plant.aspx?LatinName=Phellodendron+lavallei,Fruit; Oil,2,1,0,PFAF
Philadelphus microphyllus,Littleleaf Mock Orange,https://pfaf.org/user/Plant.aspx?LatinName=Philadelphus+microphyllus,Fruit,1,1,0,PFAF
Phillyrea latifolia,,https://pfaf.org/user/Plant.aspx?LatinName=Phillyrea+latifolia,Fruit,1,1,1,PFAF
Phlomis lychnitis,Lamwick Plant,https://pfaf.org/user/Plant.aspx?LatinName=Phlomis+lychnitis,Condiment,1,1,0,PFAF
Phlomis tuberosa,Tuberous Jerusalem sage,https://pfaf.org/user/Plant.aspx?LatinName=Phlomis+tuberosa,Root,1,2,0,PFAF
Phoenix canariensis,Canary Island Date Palm,https://pfaf.org/user/Plant.aspx?LatinName=Phoenix+canariensis,Flowers; Sweetener,2,3,0,PFAF
Phoenix dactylifera,Date Palm,https://pfaf.org/user/Plant.aspx?LatinName=Phoenix+dactylifera,Drink; Flowers; Pollen; Sap; Sweetener,5,5,2,PFAF
Phoenix reclinata,Senegal Date Palm,https://pfaf.org/user/Plant.aspx?LatinName=Phoenix+reclinata,Coffee; Fruit,2,1,0,PFAF
Phormium cookianum,Wharariki,https://pfaf.org/user/Plant.aspx?LatinName=Phormium+cookianum,Coffee; Gum; Nectar,3,2,0,PFAF
Phormium tenax,"New Zealand Flax, Coastal Flax, New Zealand Hemp",https://pfaf.org/user/Plant.aspx?LatinName=Phormium+tenax,Coffee; Gum; Nectar,3,2,0,PFAF
Photinia arbutifolia,Christmas Berry,https://pfaf.org/user/Plant.aspx?LatinName=Photinia+arbutifolia,Fruit,1,2,1,PFAF
Photinia arguta,,https://pfaf.org/user/Plant.aspx?LatinName=Photinia+arguta,Fruit,1,1,0,PFAF
Photinia bodinieri,,https://pfaf.org/user/Plant.aspx?LatinName=Photinia+bodinieri,Fruit,1,1,0,PFAF
Photinia glabra,"Japanese Photinia, Red Top, Red Leaf Photinia,",https://pfaf.org/user/Plant.aspx?LatinName=Photinia+glabra,Fruit,1,1,1,PFAF
Photinia parvifolia,,https://pfaf.org/user/Plant.aspx?LatinName=Photinia+parvifolia,Fruit,1,1,0,PFAF
Photinia villosa,Oriental photinia,https://pfaf.org/user/Plant.aspx?LatinName=Photinia+villosa,Fruit,1,1,0,PFAF
Phragmites australis,"Common Reed, American common reed, Hybrid common reed, European common reed, Subtropical common re",https://pfaf.org/user/Plant.aspx?LatinName=Phragmites+australis,Condiment; Drink; Root; Seed; Shoots; Stem; Sweetener,7,5,2,PFAF
Phyla nodiflora,"Frogfruit, Turkey tangle fogfruit",https://pfaf.org/user/Plant.aspx?LatinName=Phyla+nodiflora,Tea,1,1,2,PFAF
Phyllanthus emblica,"Emblica, Indian Gooseberry",https://pfaf.org/user/Plant.aspx?LatinName=Phyllanthus+emblica,Oil; Pectin,2,3,5,PFAF
Phyllospadix scouleri,"Surf Grass, Scouler's surfgrass",https://pfaf.org/user/Plant.aspx?LatinName=Phyllospadix+scouleri,Root,1,2,0,PFAF
Phyllospadix torreyi,"Sea Grass, Torrey's surfgrass",https://pfaf.org/user/Plant.aspx?LatinName=Phyllospadix+torreyi,Root,1,2,0,PFAF
Phyllostachys angusta,Stone Bamboo,https://pfaf.org/user/Plant.aspx?LatinName=Phyllostachys+angusta,Shoots; Stem,2,3,0,PFAF
Phyllostachys arcana,Half-Black Bamboo,https://pfaf.org/user/Plant.aspx?LatinName=Phyllostachys+arcana,Shoots; Stem,2,3,0,PFAF
Phyllostachys aurea,"Golden Bamboo, Fishpole Bamboo",https://pfaf.org/user/Plant.aspx?LatinName=Phyllostachys+aurea,Seed; Shoots; Stem,3,5,0,PFAF
Phyllostachys aureosulcata,Yellow-Groove Bamboo,https://pfaf.org/user/Plant.aspx?LatinName=Phyllostachys+aureosulcata,Shoots; Stem,2,4,0,PFAF
Phyllostachys bambusoides,"Madake, Japanese timber bamboo",https://pfaf.org/user/Plant.aspx?LatinName=Phyllostachys+bambusoides,Shoots; Stem,2,4,1,PFAF
Phyllostachys dulcis,Sweetshoot Bamboo,https://pfaf.org/user/Plant.aspx?LatinName=Phyllostachys+dulcis,Shoots; Stem,2,4,0,PFAF
Phyllostachys edulis,"Moso-Chiku, Tortoise shell bamboo",https://pfaf.org/user/Plant.aspx?LatinName=Phyllostachys+edulis,Shoots; Stem,2,4,1,PFAF
Phyllostachys flexuosa,"Zig-Zag Bamboo, Drooping timber bamboo",https://pfaf.org/user/Plant.aspx?LatinName=Phyllostachys+flexuosa,Shoots; Stem,2,3,0,PFAF
Phyllostachys glauca,,https://pfaf.org/user/Plant.aspx?LatinName=Phyllostachys+glauca,Shoots; Stem,2,3,0,PFAF
Phyllostachys iridescens,,https://pfaf.org/user/Plant.aspx?LatinName=Phyllostachys+iridescens,Shoots; Stem,2,3,0,PFAF
Phyllostachys makinoi,"Kei-Chiku, Makino bamboo",https://pfaf.org/user/Plant.aspx?LatinName=Phyllostachys+makinoi,Shoots; Stem,2,3,0,PFAF
Phyllostachys nidularia,"Big-Node Bamboo, Broom bamboo",https://pfaf.org/user/Plant.aspx?LatinName=Phyllostachys+nidularia,Shoots; Stem,2,5,0,PFAF
Phyllostachys nigra,"Black Bamboo, Kuro-Chiku",https://pfaf.org/user/Plant.aspx?LatinName=Phyllostachys+nigra,Shoots; Stem,2,4,3,PFAF
Phyllostachys nigra henonis,Ha-Chiku,https://pfaf.org/user/Plant.aspx?LatinName=Phyllostachys+nigra+henonis,Shoots; Stem,2,4,3,PFAF
Phyllostachys nigra punctata,Kurodake,https://pfaf.org/user/Plant.aspx?LatinName=Phyllostachys+nigra+punctata,Shoots; Stem,2,4,3,PFAF
Phyllostachys nuda,Nude Sheath Bamboo,https://pfaf.org/user/Plant.aspx?LatinName=Phyllostachys+nuda,Shoots; Stem,2,4,0,PFAF
Phyllostachys parvifolia,,https://pfaf.org/user/Plant.aspx?LatinName=Phyllostachys+parvifolia,Shoots; Stem,2,3,0,PFAF
Phyllostachys praecox,Violet Bamboo,https://pfaf.org/user/Plant.aspx?LatinName=Phyllostachys+praecox,Shoots; Stem,2,3,0,PFAF
Phyllostachys propinqua,,https://pfaf.org/user/Plant.aspx?LatinName=Phyllostachys+propinqua,Shoots; Stem,2,3,0,PFAF
Phyllostachys purpurata,,https://pfaf.org/user/Plant.aspx?LatinName=Phyllostachys+purpurata,Shoots; Stem,2,3,0,PFAF
Phyllostachys rubromarginata,Reddish bamboo,https://pfaf.org/user/Plant.aspx?LatinName=Phyllostachys+rubromarginata,Shoots; Stem,2,3,0,PFAF
Phyllostachys sulphurea,"Ougon-Kouchiku, Sulphur bamboo",https://pfaf.org/user/Plant.aspx?LatinName=Phyllostachys+sulphurea,Stem,1,0,0,PFAF
Phyllostachys sulphurea viridis,Kou-Chiku,https://pfaf.org/user/Plant.aspx?LatinName=Phyllostachys+sulphurea+viridis,Shoots; Stem,2,4,0,PFAF
Phyllostachys viridiglaucescens,Greenwax golden bamboo,https://pfaf.org/user/Plant.aspx?LatinName=Phyllostachys+viridiglaucescens,Shoots; Stem,2,4,0,PFAF
Phyllostachys vivax,"Giant Timber Bamboo, Running giant bamboo",https://pfaf.org/user/Plant.aspx?LatinName=Phyllostachys+vivax,Shoots; Stem,2,3,0,PFAF
Physaliastrum echinatum,,https://pfaf.org/user/Plant.aspx?LatinName=Physaliastrum+echinatum,Fruit,1,1,0,PFAF
Physalis acutifolia,Sharp-Leaf Ground Cherry,https://pfaf.org/user/Plant.aspx?LatinName=Physalis+acutifolia,Fruit,1,2,0,PFAF
Physalis alkekengi,"Winter Cherry, Strawberry groundcherry,Ground Cherry, Chinese Lantern",https://pfaf.org/user/Plant.aspx?LatinName=Physalis+alkekengi,Fruit,1,2,2,PFAF
Physalis alkekengi franchetii,Winter Cherry,https://pfaf.org/user/Plant.aspx?LatinName=Physalis+alkekengi+franchetii,Fruit,1,2,2,PFAF
Physalis angulata,Cutleaf Ground Cherry,https://pfaf.org/user/Plant.aspx?LatinName=Physalis+angulata,Fruit,1,3,1,PFAF
Physalis angustifolia,Coastal groundcherry,https://pfaf.org/user/Plant.aspx?LatinName=Physalis+angustifolia,Fruit,1,2,0,PFAF
Physalis arenicola,Cypresshead groundcherry,https://pfaf.org/user/Plant.aspx?LatinName=Physalis+arenicola,Fruit,1,2,0,PFAF
Physalis carpenteri,Carpenter's groundcherry,https://pfaf.org/user/Plant.aspx?LatinName=Physalis+carpenteri,Fruit,1,2,0,PFAF
Physalis caudella,Southwestern groundcherry,https://pfaf.org/user/Plant.aspx?LatinName=Physalis+caudella,Fruit,1,2,0,PFAF
Physalis crassifolia,Yellow nightshade groundcherry,https://pfaf.org/user/Plant.aspx?LatinName=Physalis+crassifolia,Fruit,1,2,0,PFAF
Physalis foetens,,https://pfaf.org/user/Plant.aspx?LatinName=Physalis+foetens,Fruit,1,2,0,PFAF
Physalis foetens neomexicana,,https://pfaf.org/user/Plant.aspx?LatinName=Physalis+foetens+neomexicana,Fruit,1,2,0,PFAF
Physalis greenei,,https://pfaf.org/user/Plant.aspx?LatinName=Physalis+greenei,Fruit,1,2,0,PFAF
Physalis hederaefolia cordifolia,Ground Cherry,https://pfaf.org/user/Plant.aspx?LatinName=Physalis+hederaefolia+cordifolia,Condiment; Fruit,2,2,0,PFAF
Physalis heterophylla,"Clammy Ground Cherry, Rowell's groundcherry",https://pfaf.org/user/Plant.aspx?LatinName=Physalis+heterophylla,Fruit,1,3,1,PFAF
Physalis ixocarpa,Tomatillo,https://pfaf.org/user/Plant.aspx?LatinName=Physalis+ixocarpa,Fruit,1,4,0,PFAF
Physalis lanceolata,"Ground Cherry, Sword groundcherry",https://pfaf.org/user/Plant.aspx?LatinName=Physalis+lanceolata,Fruit,1,2,1,PFAF
Physalis latiphysa,Broadleaf groundcherry,https://pfaf.org/user/Plant.aspx?LatinName=Physalis+latiphysa,Fruit,1,2,0,PFAF
Physalis macrophysa,"Bladder Ground Cherry, Longleaf groundcherry",https://pfaf.org/user/Plant.aspx?LatinName=Physalis+macrophysa,Fruit,1,2,0,PFAF
Physalis minima,"Sunberry, Pygmy groundcherry",https://pfaf.org/user/Plant.aspx?LatinName=Physalis+minima,Fruit,1,3,1,PFAF
Physalis missouriensis,Missouri groundcherry,https://pfaf.org/user/Plant.aspx?LatinName=Physalis+missouriensis,Fruit,1,2,0,PFAF
Physalis obscura,,https://pfaf.org/user/Plant.aspx?LatinName=Physalis+obscura,Fruit,1,2,0,PFAF
Physalis peruviana,"Goldenberry, Peruvian groundcherry",https://pfaf.org/user/Plant.aspx?LatinName=Physalis+peruviana,Fruit,1,5,1,PFAF
Physalis philadelphica,"Wild Tomatillo, Mexican groundcherry",https://pfaf.org/user/Plant.aspx?LatinName=Physalis+philadelphica,Fruit,1,4,1,PFAF
Physalis pruinosa,Strawberry Tomato,https://pfaf.org/user/Plant.aspx?LatinName=Physalis+pruinosa,Fruit,1,3,0,PFAF
Physalis pubescens,"Ground Cherry, Husk tomato",https://pfaf.org/user/Plant.aspx?LatinName=Physalis+pubescens,Fruit,1,4,1,PFAF
Physalis pumila,"Prairie Ground Cherry, Dwarf groundcherry",https://pfaf.org/user/Plant.aspx?LatinName=Physalis+pumila,Fruit,1,2,0,PFAF
Physalis subglabrata,Longleaf groundcherry,https://pfaf.org/user/Plant.aspx?LatinName=Physalis+subglabrata,Fruit,1,2,0,PFAF
Physalis variovestita,Field groundcherry,https://pfaf.org/user/Plant.aspx?LatinName=Physalis+variovestita,Fruit,1,2,0,PFAF
Physalis virginiana,Virginia Ground Cherry,https://pfaf.org/user/Plant.aspx?LatinName=Physalis+virginiana,Fruit,1,2,1,PFAF
Physalis virginiana sonorae,,https://pfaf.org/user/Plant.aspx?LatinName=Physalis+virginiana+sonorae,Fruit,1,2,0,PFAF
Physalis viscosa,"Sticky Ground Cherry, Starhair groundcherry",https://pfaf.org/user/Plant.aspx?LatinName=Physalis+viscosa,Fruit,1,4,2,PFAF
Physalis wrightii,Sharpleaf groundcherry,https://pfaf.org/user/Plant.aspx?LatinName=Physalis+wrightii,Fruit,1,2,0,PFAF
Phytelephas aequatorialis,"Vegetable ivory, Corozo, Ivory palm",https://pfaf.org/user/Plant.aspx?LatinName=Phytelephas+aequatorialis,Apical bud; Drink,2,2,0,PFAF
Phytelephas macrocarpa,"Vegetable Ivory, Tagua, Nut Palm, Ivory nut palm",https://pfaf.org/user/Plant.aspx?LatinName=Phytelephas+macrocarpa,Apical bud; Coffee; Drink,3,2,0,PFAF
Phyteuma japonicum,,https://pfaf.org/user/Plant.aspx?LatinName=Phyteuma+japonicum,Root,1,2,0,PFAF
Phyteuma orbiculare,Roundheaded Rampion,https://pfaf.org/user/Plant.aspx?LatinName=Phyteuma+orbiculare,Root,1,2,0,PFAF
Phyteuma spicatum,Spiked Rampion,https://pfaf.org/user/Plant.aspx?LatinName=Phyteuma+spicatum,Root,1,2,0,PFAF
Phytolacca acinosa,Indian Poke,https://pfaf.org/user/Plant.aspx?LatinName=Phytolacca+acinosa,Root; Shoots,2,2,3,PFAF
Phytolacca americana,"Pokeweed, American pokeweed, Garnet, Pigeon Berry, Poke",https://pfaf.org/user/Plant.aspx?LatinName=Phytolacca+americana,Colouring; Fruit; Shoots,3,3,3,PFAF
Phytolacca dioica,Bella Sombra,https://pfaf.org/user/Plant.aspx?LatinName=Phytolacca+dioica,Colouring; Fruit; Shoots,3,2,0,PFAF
Phytolacca dodecandra,"Endod, Pokeberry",https://pfaf.org/user/Plant.aspx?LatinName=Phytolacca+dodecandra,Stem,1,2,3,PFAF
Phytolacca esculenta,,https://pfaf.org/user/Plant.aspx?LatinName=Phytolacca+esculenta,Root,1,2,2,PFAF
Picea abies,Norway Spruce,https://pfaf.org/user/Plant.aspx?LatinName=Picea+abies,Flowers; Inner bark; Seed; Shoots; Tea,5,2,1,PFAF
Picea asperata,Chinese Spruce,https://pfaf.org/user/Plant.aspx?LatinName=Picea+asperata,Flowers; Inner bark; Seed; Shoots; Tea,5,2,0,PFAF
Picea brachytyla,Sargent Spruce,https://pfaf.org/user/Plant.aspx?LatinName=Picea+brachytyla,Flowers; Inner bark; Seed; Shoots; Tea,5,2,0,PFAF
Picea breweriana,"Weeping Spruce, Brewer spruce",https://pfaf.org/user/Plant.aspx?LatinName=Picea+breweriana,Flowers; Inner bark; Seed; Shoots; Tea,5,2,0,PFAF
Picea engelmannii,"Mountain Spruce, Engelmann spruce",https://pfaf.org/user/Plant.aspx?LatinName=Picea+engelmannii,Flowers; Inner bark; Seed; Shoots; Tea,5,2,2,PFAF
Picea glauca,"White Spruce, Black Hills Spruce, Canadian Spruce",https://pfaf.org/user/Plant.aspx?LatinName=Picea+glauca,Condiment; Flowers; Gum; Inner bark; Seed; Seedpod; Shoots; Tea,8,2,2,PFAF
Picea glehnii,Sakhalin Spruce,https://pfaf.org/user/Plant.aspx?LatinName=Picea+glehnii,Flowers; Inner bark; Seed; Shoots; Tea,5,2,0,PFAF
Picea jezoensis,Yezo Spruce,https://pfaf.org/user/Plant.aspx?LatinName=Picea+jezoensis,Flowers; Inner bark; Seed; Shoots; Tea,5,2,1,PFAF
Picea mariana,"Black Spruce, Swamp Spruce",https://pfaf.org/user/Plant.aspx?LatinName=Picea+mariana,Condiment; Drink; Flowers; Gum; Inner bark; Seed; Seedpod; Shoots; Tea,9,2,2,PFAF
Picea omorika,Serbian Spruce,https://pfaf.org/user/Plant.aspx?LatinName=Picea+omorika,Flowers; Inner bark; Seed; Shoots; Tea,5,2,0,PFAF
Picea orientalis,Caucasian Spruce,https://pfaf.org/user/Plant.aspx?LatinName=Picea+orientalis,Flowers; Inner bark; Seed; Shoots; Tea,5,2,0,PFAF
Picea pungens,"Blue Spruce, Colorado Spruce",https://pfaf.org/user/Plant.aspx?LatinName=Picea+pungens,Flowers; Inner bark; Seed; Shoots; Tea,5,2,0,PFAF
Picea purpurea,Purple-Coned Spruce,https://pfaf.org/user/Plant.aspx?LatinName=Picea+purpurea,Flowers; Inner bark; Seed; Shoots; Tea,5,2,0,PFAF
Picea rubens,Red Spruce,https://pfaf.org/user/Plant.aspx?LatinName=Picea+rubens,Flowers; Gum; Inner bark; Seed; Shoots; Tea,6,2,1,PFAF
Picea sitchensis,Sitka Spruce,https://pfaf.org/user/Plant.aspx?LatinName=Picea+sitchensis,Condiment; Flowers; Gum; Inner bark; Seed; Seedpod; Shoots; Tea,8,2,2,PFAF
Picea smithiana,Morinda Spruce,https://pfaf.org/user/Plant.aspx?LatinName=Picea+smithiana,Condiment; Flowers; Gum; Inner bark; Seed; Seedpod; Shoots; Tea,8,2,0,PFAF
Picrasma excelsa,Jamaican Quassia,https://pfaf.org/user/Plant.aspx?LatinName=Picrasma+excelsa,Inner bark,1,2,4,PFAF
Picrasma quassioides,Nigaki,https://pfaf.org/user/Plant.aspx?LatinName=Picrasma+quassioides,Condiment; Fruit; Tea,3,1,2,PFAF
Pimelea arenaria,,https://pfaf.org/user/Plant.aspx?LatinName=Pimelea+arenaria,Fruit,1,1,0,PFAF
Pimelea microcephala,Mallee Riceflower,https://pfaf.org/user/Plant.aspx?LatinName=Pimelea+microcephala,Fruit,1,1,0,PFAF
Pimelea prostrata,,https://pfaf.org/user/Plant.aspx?LatinName=Pimelea+prostrata,Fruit,1,1,0,PFAF
Pimpinella anisum,"Aniseed (Saunf - Hindi), Anise burnet saxifrage",https://pfaf.org/user/Plant.aspx?LatinName=Pimpinella+anisum,Condiment; Seed; Tea,3,4,3,PFAF
Pimpinella major,"Greater Burnet Saxifrage, Hollowstem burnet saxifrage",https://pfaf.org/user/Plant.aspx?LatinName=Pimpinella+major,Condiment,1,1,2,PFAF
Pimpinella saxifraga,"Burnet Saxifrage, Solidstem burnet saxifrage",https://pfaf.org/user/Plant.aspx?LatinName=Pimpinella+saxifraga,Condiment; Seed; Shoots,3,2,2,PFAF
Pinellia ternata,"Ban Xia, Crowdipper",https://pfaf.org/user/Plant.aspx?LatinName=Pinellia+ternata,Root,1,1,3,PFAF
Pinguicula vulgaris,"Butterwort, Common butterwort",https://pfaf.org/user/Plant.aspx?LatinName=Pinguicula+vulgaris,Curdling agent,1,1,2,PFAF
Pinus albicaulis,White-Bark Pine,https://pfaf.org/user/Plant.aspx?LatinName=Pinus+albicaulis,Condiment; Inner bark; Seed,3,4,2,PFAF
Pinus aristata,Bristle-Cone Pine,https://pfaf.org/user/Plant.aspx?LatinName=Pinus+aristata,Condiment; Seed,2,2,2,PFAF
Pinus armandii,"Chinese White Pine, Armand pine",https://pfaf.org/user/Plant.aspx?LatinName=Pinus+armandii,Condiment; Seed,2,4,2,PFAF
Pinus ayacahuite,Mexican White Pine,https://pfaf.org/user/Plant.aspx?LatinName=Pinus+ayacahuite,Condiment; Seed,2,2,2,PFAF
Pinus banksiana,Jack Pine,https://pfaf.org/user/Plant.aspx?LatinName=Pinus+banksiana,Condiment; Drink; Flowers; Inner bark; Seed,5,2,2,PFAF
Pinus bungeana,"Lace-Bark Pine, Bunge's pine",https://pfaf.org/user/Plant.aspx?LatinName=Pinus+bungeana,Condiment; Seed,2,3,2,PFAF
Pinus californiarum,,https://pfaf.org/user/Plant.aspx?LatinName=Pinus+californiarum,Condiment; Seed,2,1,2,PFAF
Pinus caribaea,Caribbean Pine. Caribbean pitch pine,https://pfaf.org/user/Plant.aspx?LatinName=Pinus+caribaea,Gum,1,2,2,PFAF
Pinus cembra,"Swiss Stone Pine, Swiss Pine, Arolla Pine",https://pfaf.org/user/Plant.aspx?LatinName=Pinus+cembra,Condiment; Oil; Seed,3,4,2,PFAF
Pinus cembra sibirica,Siberian Pine,https://pfaf.org/user/Plant.aspx?LatinName=Pinus+cembra+sibirica,Condiment; Oil; Seed,3,4,2,PFAF
Pinus cembroides,"Mexican Pine Nut, Pinyon Pine",https://pfaf.org/user/Plant.aspx?LatinName=Pinus+cembroides,Condiment; Inner bark; Seed,3,4,2,PFAF
Pinus cembroides orizabensis,Mexican Pine Nut,https://pfaf.org/user/Plant.aspx?LatinName=Pinus+cembroides+orizabensis,Condiment; Inner bark; Seed,3,4,2,PFAF
Pinus contorta,"Beach Pine, Lodgepole pine, Bolander beach pine, Beach pine, Sierra lodgepole pine, Yukon pine, Shor",https://pfaf.org/user/Plant.aspx?LatinName=Pinus+contorta,Condiment; Gum; Inner bark; Sap; Seed,5,3,2,PFAF
Pinus coulteri,"Big-Cone Pine, Coulter pine",https://pfaf.org/user/Plant.aspx?LatinName=Pinus+coulteri,Condiment; Seed,2,4,2,PFAF
Pinus culminicola,Cerro Potosi Pinyon,https://pfaf.org/user/Plant.aspx?LatinName=Pinus+culminicola,Condiment; Seed,2,2,2,PFAF
Pinus densiflora,Japanese Red Pine,https://pfaf.org/user/Plant.aspx?LatinName=Pinus+densiflora,Condiment; Flowers; Inner bark; Seed; Seedpod,5,2,2,PFAF
Pinus discolor,Border pinyon,https://pfaf.org/user/Plant.aspx?LatinName=Pinus+discolor,Condiment; Seed,2,3,2,PFAF
Pinus echinata,Short-Leaf Pine,https://pfaf.org/user/Plant.aspx?LatinName=Pinus+echinata,Condiment,1,2,2,PFAF
Pinus edulis,"Rocky Mountain Piñon, Twoneedle pinyon, Nut Pine, Pinyon Pine, Rocky Mountain Pinyon Pine, Singlelea",https://pfaf.org/user/Plant.aspx?LatinName=Pinus+edulis,Condiment; Gum; Inner bark; Seed; Seedpod; Tea,6,4,2,PFAF
Pinus flexilis,"Limber Pine, Rocky Mountain White Pine",https://pfaf.org/user/Plant.aspx?LatinName=Pinus+flexilis,Condiment; Inner bark; Seed,3,3,2,PFAF
Pinus gerardiana,Chilghoza Pine,https://pfaf.org/user/Plant.aspx?LatinName=Pinus+gerardiana,Condiment; Seed,2,3,2,PFAF
Pinus halepensis,Aleppo Pine,https://pfaf.org/user/Plant.aspx?LatinName=Pinus+halepensis,Condiment; Gum,2,2,2,PFAF
Pinus henryi,,https://pfaf.org/user/Plant.aspx?LatinName=Pinus+henryi,Condiment,1,2,2,PFAF
Pinus jeffreyi,Jeffrey Pine,https://pfaf.org/user/Plant.aspx?LatinName=Pinus+jeffreyi,Condiment; Sap; Seed,3,3,2,PFAF
Pinus johannis,Johann's pine,https://pfaf.org/user/Plant.aspx?LatinName=Pinus+johannis,Condiment; Seed,2,3,2,PFAF
Pinus koraiensis,"Korean Nut Pine, Chinese pinenut",https://pfaf.org/user/Plant.aspx?LatinName=Pinus+koraiensis,Condiment; Oil; Seed,3,4,2,PFAF
Pinus lambertiana,Sugar Pine,https://pfaf.org/user/Plant.aspx?LatinName=Pinus+lambertiana,Condiment; Gum; Seed; Sweetener,4,3,2,PFAF
Pinus leiophylla,"Smooth-Leaf Pine, Chihuahuan pine",https://pfaf.org/user/Plant.aspx?LatinName=Pinus+leiophylla,Condiment,1,2,2,PFAF
Pinus massoniana,Chinese Red Pine,https://pfaf.org/user/Plant.aspx?LatinName=Pinus+massoniana,Condiment,1,2,2,PFAF
Pinus monophylla,"Single Leaf Piñon, Single Leaf PinyonPine, Stone Pine, Pine Pinyon",https://pfaf.org/user/Plant.aspx?LatinName=Pinus+monophylla,Condiment; Seed,2,4,2,PFAF
Pinus montezumae,Montezuma Pine,https://pfaf.org/user/Plant.aspx?LatinName=Pinus+montezumae,Condiment,1,1,2,PFAF
Pinus monticola,Western White Pine,https://pfaf.org/user/Plant.aspx?LatinName=Pinus+monticola,Condiment; Gum; Inner bark; Seed,4,2,2,PFAF
Pinus mugo,"Dwarf Mountain Pine, Mugo pine, Mountain Pine",https://pfaf.org/user/Plant.aspx?LatinName=Pinus+mugo,Condiment,1,1,2,PFAF
Pinus muricata,Bishop's Pine,https://pfaf.org/user/Plant.aspx?LatinName=Pinus+muricata,Condiment; Seed,2,2,2,PFAF
Pinus nelsonii,,https://pfaf.org/user/Plant.aspx?LatinName=Pinus+nelsonii,Condiment; Seed,2,2,2,PFAF
Pinus nigra,"Austrian Pine, Black Pine",https://pfaf.org/user/Plant.aspx?LatinName=Pinus+nigra,Condiment,1,1,2,PFAF
Pinus nigra laricio,Corsican Pine,https://pfaf.org/user/Plant.aspx?LatinName=Pinus+nigra+laricio,Condiment,1,1,2,PFAF
Pinus palustris,"Pitch Pine, Longleaf pine, Southern Pine",https://pfaf.org/user/Plant.aspx?LatinName=Pinus+palustris,Condiment,1,1,2,PFAF
Pinus parviflora,"Japanese White Pine, Five-needle pine",https://pfaf.org/user/Plant.aspx?LatinName=Pinus+parviflora,Condiment; Seed,2,4,2,PFAF
Pinus patula,Mexican Weeping Pine,https://pfaf.org/user/Plant.aspx?LatinName=Pinus+patula,Condiment,1,1,2,PFAF
Pinus pinaster,Maritime Pine,https://pfaf.org/user/Plant.aspx?LatinName=Pinus+pinaster,Condiment; Oil,2,2,2,PFAF
Pinus pinea,Italian Stone Pine,https://pfaf.org/user/Plant.aspx?LatinName=Pinus+pinea,Condiment; Seed,2,4,2,PFAF
Pinus ponderosa,"Ponderosa Pine, Washoe pine",https://pfaf.org/user/Plant.aspx?LatinName=Pinus+ponderosa,Condiment; Gum; Inner bark; Seed,4,3,2,PFAF
Pinus pumila,Dwarf Siberian Pine,https://pfaf.org/user/Plant.aspx?LatinName=Pinus+pumila,Condiment; Seed,2,3,2,PFAF
Pinus pungens,"Prickle Pine, Table Mountain pine",https://pfaf.org/user/Plant.aspx?LatinName=Pinus+pungens,Condiment,1,1,2,PFAF
Pinus quadrifolia,"Parry Piñon, Parry's Pinyon Pine, Four-leaved Pinyon",https://pfaf.org/user/Plant.aspx?LatinName=Pinus+quadrifolia,Condiment; Seed,2,4,2,PFAF
Pinus radiata,Monterey Pine,https://pfaf.org/user/Plant.aspx?LatinName=Pinus+radiata,Condiment,1,1,2,PFAF
Pinus remota,Paper-Shell Piñon,https://pfaf.org/user/Plant.aspx?LatinName=Pinus+remota,Condiment; Seed,2,3,2,PFAF
Pinus resinosa,Red Pine,https://pfaf.org/user/Plant.aspx?LatinName=Pinus+resinosa,Condiment,1,1,2,PFAF
Pinus rigida,"Northern Pitch Pine, Pitch pine",https://pfaf.org/user/Plant.aspx?LatinName=Pinus+rigida,Condiment,1,1,2,PFAF
Pinus roxburghii,Chir Pine,https://pfaf.org/user/Plant.aspx?LatinName=Pinus+roxburghii,Condiment; Manna; Seed,3,2,2,PFAF
Pinus sabiniana,"California foothill pine, Bull Pine, Gray Pine.",https://pfaf.org/user/Plant.aspx?LatinName=Pinus+sabiniana,Condiment; Flowers; Gum; Inner bark; Seed; Seedpod; Tea,7,4,2,PFAF
Pinus serotina,Pond Pine,https://pfaf.org/user/Plant.aspx?LatinName=Pinus+serotina,Condiment,1,1,2,PFAF
Pinus strobiformis,Southwestern White Pine,https://pfaf.org/user/Plant.aspx?LatinName=Pinus+strobiformis,Condiment; Inner bark; Seed,3,2,2,PFAF
Pinus strobus,"White Pine, Eastern white pine",https://pfaf.org/user/Plant.aspx?LatinName=Pinus+strobus,Condiment; Drink; Flowers; Gum; Inner bark; Seed; Shoots; Tea,8,2,3,PFAF
Pinus sylvestris,"Scot's Pine, Scotch Pine",https://pfaf.org/user/Plant.aspx?LatinName=Pinus+sylvestris,Condiment; Inner bark,2,2,3,PFAF
Pinus tabuliformis,"Chinese Red Pine, Southern Chinese pine",https://pfaf.org/user/Plant.aspx?LatinName=Pinus+tabuliformis,Condiment,1,1,2,PFAF
Pinus taeda,Loblolly Pine,https://pfaf.org/user/Plant.aspx?LatinName=Pinus+taeda,Condiment,1,1,2,PFAF
Pinus teocote,Twisted Leaf Pine,https://pfaf.org/user/Plant.aspx?LatinName=Pinus+teocote,Condiment,1,1,2,PFAF
Pinus thunbergii,Japanese Black Pine,https://pfaf.org/user/Plant.aspx?LatinName=Pinus+thunbergii,Condiment; Inner bark,2,2,2,PFAF
Pinus torreyana,"Soledad Pine, Torrey pine, Santa Cruz Island Torrey pine, Soledad pine, Torrey pine",https://pfaf.org/user/Plant.aspx?LatinName=Pinus+torreyana,Condiment; Seed,2,3,2,PFAF
Pinus veitchii,,https://pfaf.org/user/Plant.aspx?LatinName=Pinus+veitchii,Condiment; Inner bark; Seed,3,3,2,PFAF
Pinus virginiana,"Scrub Pine, Virginia pine, Jersey Pine,",https://pfaf.org/user/Plant.aspx?LatinName=Pinus+virginiana,Condiment; Seed; Tea,3,2,2,PFAF
Pinus wallichiana,"Himalayan Blue Pine, Bhutan pine, Himalayan Pine",https://pfaf.org/user/Plant.aspx?LatinName=Pinus+wallichiana,Condiment; Manna; Seed,3,2,2,PFAF
Piper nigrum,Black Pepper,https://pfaf.org/user/Plant.aspx?LatinName=Piper+nigrum,Condiment; Oil,2,4,3,PFAF
Piper sarmentosum,"Betel Leaf, Wild Betel",https://pfaf.org/user/Plant.aspx?LatinName=Piper+sarmentosum,Condiment; Flowers; Tea,3,3,2,PFAF
Pistacia atlantica,"Betoum, Mt. Atlas mastic tree, Mount Atlas Mastic",https://pfaf.org/user/Plant.aspx?LatinName=Pistacia+atlantica,Fruit; Gum; Oil,3,2,1,PFAF
Pistacia atlantica cabulica,,https://pfaf.org/user/Plant.aspx?LatinName=Pistacia+atlantica+cabulica,Fruit,1,1,0,PFAF
Pistacia chinensis,"Chinese Pistache, Chinese Pistachio",https://pfaf.org/user/Plant.aspx?LatinName=Pistacia+chinensis,Seed; Shoots,2,2,1,PFAF
Pistacia chinensis integerrima,,https://pfaf.org/user/Plant.aspx?LatinName=Pistacia+chinensis+integerrima,Seed; Shoots,2,2,1,PFAF
Pistacia lentiscus,Mastic Tree - Pistachier Lentisque,https://pfaf.org/user/Plant.aspx?LatinName=Pistacia+lentiscus,Condiment; Gum; Oil,3,2,2,PFAF
Pistacia terebinthus,"Terebinth, Cyprus turpentine",https://pfaf.org/user/Plant.aspx?LatinName=Pistacia+terebinthus,Fruit; Gum; Oil; Seed,4,2,2,PFAF
Pistacia vera,"Pistachio, Pistachio Nut",https://pfaf.org/user/Plant.aspx?LatinName=Pistacia+vera,Fruit; Oil; Seed,3,3,2,PFAF
Pisum sativum,Garden Pea,https://pfaf.org/user/Plant.aspx?LatinName=Pisum+sativum,Seed; Shoots,2,4,2,PFAF
Pisum sativum arvense,Field Pea,https://pfaf.org/user/Plant.aspx?LatinName=Pisum+sativum+arvense,Seed,1,3,2,PFAF
Pisum sativum macrocarpon,Sugar Pea,https://pfaf.org/user/Plant.aspx?LatinName=Pisum+sativum+macrocarpon,Shoots,1,4,2,PFAF
Pithecellobium dulce,"Manila Tamarind, Madras Thorn",https://pfaf.org/user/Plant.aspx?LatinName=Pithecellobium+dulce,Drink; Gum; Oil; Seedpod,4,4,2,PFAF
Pittosporum balansae,,https://pfaf.org/user/Plant.aspx?LatinName=Pittosporum+balansae,Fruit,1,1,0,PFAF
Pittosporum eugenioides,Tarata,https://pfaf.org/user/Plant.aspx?LatinName=Pittosporum+eugenioides,Gum,1,1,1,PFAF
Pittosporum phillyreoides,"Weeping Pittosporum, Narrow-leaf Pittosporum",https://pfaf.org/user/Plant.aspx?LatinName=Pittosporum+phillyreoides,Gum; Seed,2,2,1,PFAF
Pittosporum tenuifolium,Tawhiwhi,https://pfaf.org/user/Plant.aspx?LatinName=Pittosporum+tenuifolium,Gum,1,2,0,PFAF
Plagiobothrys fulvus campestris,Fulvous Popcornflower,https://pfaf.org/user/Plant.aspx?LatinName=Plagiobothrys+fulvus+campestris,Shoots,1,2,0,PFAF
Plantago asiatica,Che Qian Zi,https://pfaf.org/user/Plant.aspx?LatinName=Plantago+asiatica,Seed,1,1,3,PFAF
Plantago lanceolata,"Ribwort Plantain, Narrowleaf plantain",https://pfaf.org/user/Plant.aspx?LatinName=Plantago+lanceolata,Seed,1,2,3,PFAF
Plantago major,"Common Plantain, Cart Track Plant,White Man's Foot ,Plantain",https://pfaf.org/user/Plant.aspx?LatinName=Plantago+major,Root; Seed; Tea,3,2,3,PFAF
Plantago maritima,"Sea Plantain, Goose tongue, California goose tongue",https://pfaf.org/user/Plant.aspx?LatinName=Plantago+maritima,Seed,1,3,2,PFAF
Plantago media,Hoary Plantain,https://pfaf.org/user/Plant.aspx?LatinName=Plantago+media,Flowers,1,2,2,PFAF
Plantago ovata,"Blond Psyllium, Desert Indianwheat",https://pfaf.org/user/Plant.aspx?LatinName=Plantago+ovata,Seed; Stabilizer,2,2,3,PFAF
Platanthera bifolia,Butterfly Orchid,https://pfaf.org/user/Plant.aspx?LatinName=Platanthera+bifolia,Root,1,2,1,PFAF
Platanthera dilatata,"White Bog-Orchid, Scentbottle, Sierra bog orchid",https://pfaf.org/user/Plant.aspx?LatinName=Platanthera+dilatata,Root,1,3,1,PFAF
Platanus occidentalis,"Buttonwood, American sycamore, American Planetree, Sycamore, American Sycamore",https://pfaf.org/user/Plant.aspx?LatinName=Platanus+occidentalis,Sap; Sweetener,2,1,2,PFAF
Platonia insignis,"Bakuri, Bacuri",https://pfaf.org/user/Plant.aspx?LatinName=Platonia+insignis,Oil,1,4,2,PFAF
Platycodon grandiflorus,Balloon Flower,https://pfaf.org/user/Plant.aspx?LatinName=Platycodon+grandiflorus,Condiment; Root,2,2,3,PFAF
Platycrater arguta,,https://pfaf.org/user/Plant.aspx?LatinName=Platycrater+arguta,Tea,1,1,0,PFAF
Plectranthus rotundifolius,"Chinese Potato, Hausa Potato",https://pfaf.org/user/Plant.aspx?LatinName=Plectranthus+rotundifolius,Condiment,1,3,2,PFAF
Pleioblastus gramineus,,https://pfaf.org/user/Plant.aspx?LatinName=Pleioblastus+gramineus,Shoots; Stem,2,2,0,PFAF
Pleioblastus hindsii,Hinds' cane-bamboo,https://pfaf.org/user/Plant.aspx?LatinName=Pleioblastus+hindsii,Shoots; Stem,2,3,0,PFAF
Pleioblastus intermedius,,https://pfaf.org/user/Plant.aspx?LatinName=Pleioblastus+intermedius,Shoots; Stem,2,0,0,PFAF
Pleioblastus maculatus,,https://pfaf.org/user/Plant.aspx?LatinName=Pleioblastus+maculatus,Shoots; Stem,2,0,0,PFAF
Pleioblastus simonii,"Medake, Simon bamboo",https://pfaf.org/user/Plant.aspx?LatinName=Pleioblastus+simonii,Shoots; Stem,2,3,0,PFAF
Pleurospermum camtschaticum,,https://pfaf.org/user/Plant.aspx?LatinName=Pleurospermum+camtschaticum,Root,1,1,0,PFAF
Plinia cauliflora,Jaboticaba,https://pfaf.org/user/Plant.aspx?LatinName=Plinia+cauliflora,Drink,1,4,0,PFAF
Plukenetia conophora,"Conophor. Nigerian walnut. Awusa nut,",https://pfaf.org/user/Plant.aspx?LatinName=Plukenetia+conophora,Oil; Shoots,2,4,2,PFAF
Plukenetia volubilis,Inca peanut,https://pfaf.org/user/Plant.aspx?LatinName=Plukenetia+volubilis,Oil,1,3,0,PFAF
Poa fendleriana,Mutton Grass,https://pfaf.org/user/Plant.aspx?LatinName=Poa+fendleriana,Seed,1,1,0,PFAF
Poa flabellata,Tussock grass,https://pfaf.org/user/Plant.aspx?LatinName=Poa+flabellata,Stem,1,1,0,PFAF
Poa pratensis,"Kentucky Blue Grass, Spreading bluegrass",https://pfaf.org/user/Plant.aspx?LatinName=Poa+pratensis,Seed,1,1,0,PFAF
Poa scabrella,Pine Bluegrass,https://pfaf.org/user/Plant.aspx?LatinName=Poa+scabrella,Seed,1,1,0,PFAF
Podocarpium oldhamii,,https://pfaf.org/user/Plant.aspx?LatinName=Podocarpium+oldhamii,Seed; Seedpod; Tea,3,2,1,PFAF
Podocarpium podocarpum,,https://pfaf.org/user/Plant.aspx?LatinName=Podocarpium+podocarpum,Seed,1,1,0,PFAF
Podocarpium podocarpum fallax,,https://pfaf.org/user/Plant.aspx?LatinName=Podocarpium+podocarpum+fallax,Seed,1,1,1,PFAF
Podocarpium podocarpum japonicum,,https://pfaf.org/user/Plant.aspx?LatinName=Podocarpium+podocarpum+japonicum,Seed,1,2,1,PFAF
Podocarpus alpinus,Tasmanian Podocarp,https://pfaf.org/user/Plant.aspx?LatinName=Podocarpus+alpinus,Fruit,1,2,0,PFAF
Podocarpus elatus,Australian Plum,https://pfaf.org/user/Plant.aspx?LatinName=Podocarpus+elatus,Fruit,1,2,0,PFAF
Podocarpus lawrencei,,https://pfaf.org/user/Plant.aspx?LatinName=Podocarpus+lawrencei,Fruit,1,2,0,PFAF
Podocarpus macrophyllus,"Kusamaki, Yew plum pine, Buddhist Pine, Chinese Podocarpus, Chinese Yew Pine, Japanese Yew, Souther",https://pfaf.org/user/Plant.aspx?LatinName=Podocarpus+macrophyllus,Fruit,1,2,1,PFAF
Podocarpus nivalis,Alpine Totara,https://pfaf.org/user/Plant.aspx?LatinName=Podocarpus+nivalis,Fruit,1,3,0,PFAF
Podocarpus nubigenus,Chilean Podocarp,https://pfaf.org/user/Plant.aspx?LatinName=Podocarpus+nubigenus,Fruit,1,2,0,PFAF
Podocarpus salignus,Willowleaf Podocarp,https://pfaf.org/user/Plant.aspx?LatinName=Podocarpus+salignus,Fruit,1,2,0,PFAF
Podocarpus totara,Totara,https://pfaf.org/user/Plant.aspx?LatinName=Podocarpus+totara,Fruit,1,3,0,PFAF
Podolepis jaceoides,Copperwire Daisy,https://pfaf.org/user/Plant.aspx?LatinName=Podolepis+jaceoides,Root,1,1,0,PFAF
Podophyllum aurantiocaule,,https://pfaf.org/user/Plant.aspx?LatinName=Podophyllum+aurantiocaule,Fruit,1,2,2,PFAF
Podophyllum hexandrum,Himalayan May Apple,https://pfaf.org/user/Plant.aspx?LatinName=Podophyllum+hexandrum,Fruit,1,2,4,PFAF
Podophyllum peltatum,"American Mandrake, Mayapple, Ground Lemon, Mandrake, Mayapple",https://pfaf.org/user/Plant.aspx?LatinName=Podophyllum+peltatum,Fruit,1,2,4,PFAF
Podophyllum pleianthum,,https://pfaf.org/user/Plant.aspx?LatinName=Podophyllum+pleianthum,Fruit,1,2,3,PFAF
Podophyllum versipelle,,https://pfaf.org/user/Plant.aspx?LatinName=Podophyllum+versipelle,Fruit,1,2,3,PFAF
Pogogyne douglasii parviflora,Mesamint,https://pfaf.org/user/Plant.aspx?LatinName=Pogogyne+douglasii+parviflora,Condiment; Seed; Tea,3,2,1,PFAF
Polianthes tuberosa,Tuberose,https://pfaf.org/user/Plant.aspx?LatinName=Polianthes+tuberosa,Flowers,1,1,0,PFAF
Polygala japonica,,https://pfaf.org/user/Plant.aspx?LatinName=Polygala+japonica,Root,1,1,2,PFAF
Polygala sibirica,Yuan Zhi,https://pfaf.org/user/Plant.aspx?LatinName=Polygala+sibirica,Root,1,1,3,PFAF
Polygala tenuifolia,Yuan Zhi,https://pfaf.org/user/Plant.aspx?LatinName=Polygala+tenuifolia,Root,1,1,3,PFAF
Polygala theezans,,https://pfaf.org/user/Plant.aspx?LatinName=Polygala+theezans,Tea,1,1,0,PFAF
Polygala vulgaris,"Milkwort, Common milkwort",https://pfaf.org/user/Plant.aspx?LatinName=Polygala+vulgaris,Tea,1,1,2,PFAF
Polygonatum biflorum,Small Solomon's Seal,https://pfaf.org/user/Plant.aspx?LatinName=Polygonatum+biflorum,Root; Shoots,2,2,1,PFAF
Polygonatum cirrhifolium,,https://pfaf.org/user/Plant.aspx?LatinName=Polygonatum+cirrhifolium,Shoots,1,2,2,PFAF
Polygonatum commutatum,"King Solomon's Seal, Smooth Solomon's seal",https://pfaf.org/user/Plant.aspx?LatinName=Polygonatum+commutatum,Root; Shoots,2,2,1,PFAF
Polygonatum falcatum,,https://pfaf.org/user/Plant.aspx?LatinName=Polygonatum+falcatum,Root; Shoots,2,2,1,PFAF
Polygonatum humile,,https://pfaf.org/user/Plant.aspx?LatinName=Polygonatum+humile,Root; Shoots,2,2,1,PFAF
Polygonatum inflatum,,https://pfaf.org/user/Plant.aspx?LatinName=Polygonatum+inflatum,Root; Shoots,2,2,1,PFAF
Polygonatum involucratum,,https://pfaf.org/user/Plant.aspx?LatinName=Polygonatum+involucratum,Root; Shoots,2,2,0,PFAF
Polygonatum lasianthum,,https://pfaf.org/user/Plant.aspx?LatinName=Polygonatum+lasianthum,Root; Shoots,2,2,0,PFAF
Polygonatum macropodum,,https://pfaf.org/user/Plant.aspx?LatinName=Polygonatum+macropodum,Root; Shoots,2,2,1,PFAF
Polygonatum maximowiczii,,https://pfaf.org/user/Plant.aspx?LatinName=Polygonatum+maximowiczii,Root; Shoots,2,2,0,PFAF
Polygonatum multiflorum,"Solomon's Seal, Eurasian Solomon's seal",https://pfaf.org/user/Plant.aspx?LatinName=Polygonatum+multiflorum,Root; Shoots,2,2,3,PFAF
Polygonatum odoratum,Solomon's Seal,https://pfaf.org/user/Plant.aspx?LatinName=Polygonatum+odoratum,Root; Shoots,2,2,3,PFAF
Polygonatum odoratum thunbergii,,https://pfaf.org/user/Plant.aspx?LatinName=Polygonatum+odoratum+thunbergii,Root; Shoots,2,2,0,PFAF
Polygonatum pubescens,Hairy Solomon's Seal,https://pfaf.org/user/Plant.aspx?LatinName=Polygonatum+pubescens,Root; Shoots,2,2,1,PFAF
Polygonatum sibiricum,Huang Jing,https://pfaf.org/user/Plant.aspx?LatinName=Polygonatum+sibiricum,Root; Shoots,2,2,2,PFAF
Polygonatum stenanthum,,https://pfaf.org/user/Plant.aspx?LatinName=Polygonatum+stenanthum,Root; Shoots,2,2,0,PFAF
Polygonatum verticillatum,Whorled Solomon's Seal,https://pfaf.org/user/Plant.aspx?LatinName=Polygonatum+verticillatum,Root; Shoots,2,2,0,PFAF
Polygonum alaskanum,Alaska Wild Rhubarb,https://pfaf.org/user/Plant.aspx?LatinName=Polygonum+alaskanum,Drink; Seed; Stem,3,2,1,PFAF
Polygonum alpinum,"Alpine Knotweed, Alaska wild rhubarb",https://pfaf.org/user/Plant.aspx?LatinName=Polygonum+alpinum,Drink; Seed; Stem,3,2,1,PFAF
Polygonum amphibium,"Willow Grass, Water knotweed, Longroot smartweed, Water smartweed",https://pfaf.org/user/Plant.aspx?LatinName=Polygonum+amphibium,Seed; Shoots,2,1,2,PFAF
Polygonum aviculare,"Knotweed, Prostrate knotweed",https://pfaf.org/user/Plant.aspx?LatinName=Polygonum+aviculare,Seed; Tea,2,2,3,PFAF
Polygonum barbatum,Joint Weed,https://pfaf.org/user/Plant.aspx?LatinName=Polygonum+barbatum,Shoots,1,1,1,PFAF
Polygonum bistorta,"Bistort, Meadow bistort, Snakeweed",https://pfaf.org/user/Plant.aspx?LatinName=Polygonum+bistorta,Root; Seed,2,3,3,PFAF
Polygonum bistortoides,American Bistort,https://pfaf.org/user/Plant.aspx?LatinName=Polygonum+bistortoides,Root; Seed,2,3,1,PFAF
Polygonum bungeanum,Bunge's smartweed,https://pfaf.org/user/Plant.aspx?LatinName=Polygonum+bungeanum,Seed,1,1,0,PFAF
Polygonum coccineum,Water Smartweed,https://pfaf.org/user/Plant.aspx?LatinName=Polygonum+coccineum,Seed; Shoots,2,1,0,PFAF
Polygonum convolvulus,Black Bindweed,https://pfaf.org/user/Plant.aspx?LatinName=Polygonum+convolvulus,Seed,1,1,0,PFAF
Polygonum divaricatum,,https://pfaf.org/user/Plant.aspx?LatinName=Polygonum+divaricatum,Root; Seed,2,1,0,PFAF
Polygonum douglasii,"Knotweed, Douglas' knotweed, Austin knotweed, Engelmann's knotweed, Johnston's knotweed, Large kno",https://pfaf.org/user/Plant.aspx?LatinName=Polygonum+douglasii,Seed,1,2,0,PFAF
Polygonum dumetorum,Climbing false buckwheat,https://pfaf.org/user/Plant.aspx?LatinName=Polygonum+dumetorum,Seed,1,1,1,PFAF
Polygonum equisetiforme,,https://pfaf.org/user/Plant.aspx?LatinName=Polygonum+equisetiforme,Tea,1,1,0,PFAF
Polygonum fugax,,https://pfaf.org/user/Plant.aspx?LatinName=Polygonum+fugax,Root; Seed,2,3,0,PFAF
Polygonum hydropiper,"Smartweed, Marshpepper knotweed",https://pfaf.org/user/Plant.aspx?LatinName=Polygonum+hydropiper,Condiment; Rutin; Seed,3,2,2,PFAF
Polygonum japonicum,"Japanese Knotweed, Mexican Bamboo, Japanese Knotweed",https://pfaf.org/user/Plant.aspx?LatinName=Polygonum+japonicum,Root; Seed; Shoots; Stem,4,3,3,PFAF
Polygonum lapathifolium,Curlytop Knotweed,https://pfaf.org/user/Plant.aspx?LatinName=Polygonum+lapathifolium,Seed,1,1,1,PFAF
Polygonum limosum,,https://pfaf.org/user/Plant.aspx?LatinName=Polygonum+limosum,Seed; Shoots,2,1,0,PFAF
Polygonum longisetum,Oriental lady's thumb,https://pfaf.org/user/Plant.aspx?LatinName=Polygonum+longisetum,Seed,1,1,0,PFAF
Polygonum maackianum,,https://pfaf.org/user/Plant.aspx?LatinName=Polygonum+maackianum,Seed,1,1,0,PFAF
Polygonum microcephalum,,https://pfaf.org/user/Plant.aspx?LatinName=Polygonum+microcephalum,Condiment; Seed; Shoots,3,1,0,PFAF
Polygonum minus,Pygmy smartweed,https://pfaf.org/user/Plant.aspx?LatinName=Polygonum+minus,Seed,1,1,0,PFAF
Polygonum molle,,https://pfaf.org/user/Plant.aspx?LatinName=Polygonum+molle,Seed; Shoots,2,2,1,PFAF
Polygonum multiflorum,"He Shou Wu, Tuber fleeceflower",https://pfaf.org/user/Plant.aspx?LatinName=Polygonum+multiflorum,Flowers; Root; Seed,3,2,3,PFAF
Polygonum nepalense,Nepalese smartweed,https://pfaf.org/user/Plant.aspx?LatinName=Polygonum+nepalense,Seed,1,1,1,PFAF
Polygonum orientale,"Prince's Feather, Kiss me over the garden gate",https://pfaf.org/user/Plant.aspx?LatinName=Polygonum+orientale,Seed; Shoots,2,2,2,PFAF
Polygonum perfoliatum,Asiatic tearthumb,https://pfaf.org/user/Plant.aspx?LatinName=Polygonum+perfoliatum,Seed; Shoots,2,1,1,PFAF
Polygonum persicaria,"Red Leg, Spotted ladysthumb",https://pfaf.org/user/Plant.aspx?LatinName=Polygonum+persicaria,Seed; Shoots,2,1,2,PFAF
Polygonum polymorphum,,https://pfaf.org/user/Plant.aspx?LatinName=Polygonum+polymorphum,Seed; Shoots,2,1,0,PFAF
Polygonum polystachyum,"Himalayan Knotweed, Cultivated knotweed",https://pfaf.org/user/Plant.aspx?LatinName=Polygonum+polystachyum,Seed; Stem,2,2,0,PFAF
Polygonum pubescens,,https://pfaf.org/user/Plant.aspx?LatinName=Polygonum+pubescens,Seed,1,1,0,PFAF
Polygonum rigidum,,https://pfaf.org/user/Plant.aspx?LatinName=Polygonum+rigidum,Seed; Shoots,2,1,0,PFAF
Polygonum rumicifolium,,https://pfaf.org/user/Plant.aspx?LatinName=Polygonum+rumicifolium,Seed; Shoots,2,1,0,PFAF
Polygonum runcinatum,,https://pfaf.org/user/Plant.aspx?LatinName=Polygonum+runcinatum,Seed; Shoots,2,1,0,PFAF
Polygonum sachalinense,Giant Knotweed,https://pfaf.org/user/Plant.aspx?LatinName=Polygonum+sachalinense,Seed; Shoots; Stem,3,2,0,PFAF
Polygonum salicifolium,Knotweed,https://pfaf.org/user/Plant.aspx?LatinName=Polygonum+salicifolium,Salt; Seed,2,1,0,PFAF
Polygonum sibiricum,,https://pfaf.org/user/Plant.aspx?LatinName=Polygonum+sibiricum,Seed,1,1,0,PFAF
Polygonum taquettii,,https://pfaf.org/user/Plant.aspx?LatinName=Polygonum+taquettii,Seed,1,1,0,PFAF
Polygonum thunbergii,,https://pfaf.org/user/Plant.aspx?LatinName=Polygonum+thunbergii,Seed,1,1,0,PFAF
Polygonum tinctorium,,https://pfaf.org/user/Plant.aspx?LatinName=Polygonum+tinctorium,Seed,1,1,2,PFAF
Polygonum truellum,,https://pfaf.org/user/Plant.aspx?LatinName=Polygonum+truellum,Seed,1,1,0,PFAF
Polygonum virginianum,"Jumpseed, Fleece Flower, Smartweed, Knotweed",https://pfaf.org/user/Plant.aspx?LatinName=Polygonum+virginianum,Seed,1,1,1,PFAF
Polygonum viviparum,Alpine Bistort,https://pfaf.org/user/Plant.aspx?LatinName=Polygonum+viviparum,Root; Seed,2,3,1,PFAF
Polygonum weyrichii,,https://pfaf.org/user/Plant.aspx?LatinName=Polygonum+weyrichii,Seed; Shoots,2,2,0,PFAF
Polygonum yokusaianum,,https://pfaf.org/user/Plant.aspx?LatinName=Polygonum+yokusaianum,Seed,1,1,0,PFAF
Polymnia edulis,Yacon Strawberry,https://pfaf.org/user/Plant.aspx?LatinName=Polymnia+edulis,Drink; Root; Sweetener,3,4,0,PFAF
Polypodium glycyrrhiza,Licorice Fern,https://pfaf.org/user/Plant.aspx?LatinName=Polypodium+glycyrrhiza,Root,1,1,2,PFAF
Polypodium vulgare,"Polypody, Adders Fern, Golden Maidenhair Fern, Wall Fern, Common Polypod Fern",https://pfaf.org/user/Plant.aspx?LatinName=Polypodium+vulgare,Root,1,2,3,PFAF
Polyscias fruticosa,"Ming Aralia, Chinese Ariala",https://pfaf.org/user/Plant.aspx?LatinName=Polyscias+fruticosa,Condiment; Shoots,2,2,2,PFAF
Polyscias sambucifolia,Elderberry Panax,https://pfaf.org/user/Plant.aspx?LatinName=Polyscias+sambucifolia,Gum,1,0,0,PFAF
Polystichum munitum,"Giant Holly Fern, Western swordfern",https://pfaf.org/user/Plant.aspx?LatinName=Polystichum+munitum,Root,1,1,2,PFAF
Poncirus trifoliata,"Bitter Orange, Hardy orange, Trifoliat Orange, Japanese Hardy Orange",https://pfaf.org/user/Plant.aspx?LatinName=Poncirus+trifoliata,Condiment; Fruit,2,3,2,PFAF
Pongamia pinnata,"Pongam, Karum Tree, Poonga-Oil Tree, Indian Beech",https://pfaf.org/user/Plant.aspx?LatinName=Pongamia+pinnata,Oil,1,0,3,PFAF
Pontederia cordata,Pickerel Weed,https://pfaf.org/user/Plant.aspx?LatinName=Pontederia+cordata,Seed,1,3,1,PFAF
Populus alba,White Poplar,https://pfaf.org/user/Plant.aspx?LatinName=Populus+alba,Inner bark,1,1,2,PFAF
Populus angustifolia,Narrowleaf Cottonwood,https://pfaf.org/user/Plant.aspx?LatinName=Populus+angustifolia,Gum; Inner bark; Sweetener,3,1,2,PFAF
Populus balsamifera,"Balsam Poplar, Black cottonwood",https://pfaf.org/user/Plant.aspx?LatinName=Populus+balsamifera,Flowers; Inner bark,2,1,3,PFAF
Populus deltoides,"Eastern Cottonwood, Plains cottonwood, Rio Grande cottonwood, Necklace Poplar",https://pfaf.org/user/Plant.aspx?LatinName=Populus+deltoides,Inner bark; Seed,2,2,2,PFAF
Populus deltoides monilifera,Plains Cottonwood,https://pfaf.org/user/Plant.aspx?LatinName=Populus+deltoides+monilifera,Gum; Inner bark; Shoots,3,1,2,PFAF
Populus deltoides wislizenii,Rio Grande Cottonwood,https://pfaf.org/user/Plant.aspx?LatinName=Populus+deltoides+wislizenii,Flowers; Gum; Inner bark; Seed,4,2,1,PFAF
Populus fremontii,"Cottonwood, Fremont cottonwood, Fremont Poplar, Western Cottonwood",https://pfaf.org/user/Plant.aspx?LatinName=Populus+fremontii,Flowers; Gum; Inner bark,3,1,2,PFAF
Populus grandidentata,"Canadian Aspen, Bigtooth aspen",https://pfaf.org/user/Plant.aspx?LatinName=Populus+grandidentata,Inner bark,1,1,1,PFAF
Populus hybrids,Hybrid poplar,https://pfaf.org/user/Plant.aspx?LatinName=Populus+hybrids,Inner bark; Tea,2,3,3,PFAF
Populus nigra,"Black Poplar, Lombardy poplar",https://pfaf.org/user/Plant.aspx?LatinName=Populus+nigra,Inner bark,1,1,3,PFAF
Populus sieboldii,Japanese Aspen,https://pfaf.org/user/Plant.aspx?LatinName=Populus+sieboldii,Shoots,1,1,1,PFAF
Populus tremula,"Aspen Poplar, European aspen, Aspen",https://pfaf.org/user/Plant.aspx?LatinName=Populus+tremula,Inner bark,1,1,2,PFAF
Populus tremuloides,"American Aspen - Poplar, Quaking aspen",https://pfaf.org/user/Plant.aspx?LatinName=Populus+tremuloides,Flowers; Inner bark; Sap,3,1,3,PFAF
Populus trichocarpa,"Western Balsam Poplar, Black cottonwood",https://pfaf.org/user/Plant.aspx?LatinName=Populus+trichocarpa,Flowers; Inner bark; Sap,3,1,3,PFAF
Poraqueiba sericea,Umari,https://pfaf.org/user/Plant.aspx?LatinName=Poraqueiba+sericea,Oil,1,4,0,PFAF
Portulaca grandiflora,Rose Moss,https://pfaf.org/user/Plant.aspx?LatinName=Portulaca+grandiflora,Root; Seed,2,2,2,PFAF
Portulaca oleracea,"Green Purslane, Little hogweed",https://pfaf.org/user/Plant.aspx?LatinName=Portulaca+oleracea,Salt; Seed,2,4,3,PFAF
Portulaca oleracea sativa,Golden Purslane,https://pfaf.org/user/Plant.aspx?LatinName=Portulaca+oleracea+sativa,Salt; Seed,2,4,3,PFAF
Portulaca retusa,Little hogweed,https://pfaf.org/user/Plant.aspx?LatinName=Portulaca+retusa,Seed,1,2,0,PFAF
Potamogeton crispus,Curly Pondweed,https://pfaf.org/user/Plant.aspx?LatinName=Potamogeton+crispus,Root,1,2,0,PFAF
Potamogeton cristatus,,https://pfaf.org/user/Plant.aspx?LatinName=Potamogeton+cristatus,Stem,1,1,0,PFAF
Potamogeton distinctus,,https://pfaf.org/user/Plant.aspx?LatinName=Potamogeton+distinctus,Stem,1,1,0,PFAF
Potamogeton natans,"Broad-Leaved Pondweed, Floating pondweed",https://pfaf.org/user/Plant.aspx?LatinName=Potamogeton+natans,Root; Stem,2,3,1,PFAF
Potamogeton oxyphyllus,,https://pfaf.org/user/Plant.aspx?LatinName=Potamogeton+oxyphyllus,Root; Stem,2,2,0,PFAF
Potamogeton pectinatus,Fennel-Leaved Pondweed,https://pfaf.org/user/Plant.aspx?LatinName=Potamogeton+pectinatus,Root; Stem,2,3,1,PFAF
Potentilla anserina,Silverweed,https://pfaf.org/user/Plant.aspx?LatinName=Potentilla+anserina,Root; Tea,2,3,3,PFAF
Potentilla bicolor,,https://pfaf.org/user/Plant.aspx?LatinName=Potentilla+bicolor,Root,1,1,0,PFAF
Potentilla chinensis,Chinese Cinquefoil,https://pfaf.org/user/Plant.aspx?LatinName=Potentilla+chinensis,Shoots,1,1,1,PFAF
Potentilla discolor,,https://pfaf.org/user/Plant.aspx?LatinName=Potentilla+discolor,Root,1,2,1,PFAF
Potentilla egedei,Pacific Silverweed,https://pfaf.org/user/Plant.aspx?LatinName=Potentilla+egedei,Root,1,2,1,PFAF
Potentilla erecta,"Tormentil, Erect cinquefoil",https://pfaf.org/user/Plant.aspx?LatinName=Potentilla+erecta,Root; Tea,2,1,3,PFAF
Potentilla fragarioides,,https://pfaf.org/user/Plant.aspx?LatinName=Potentilla+fragarioides,Stem,1,1,1,PFAF
Potentilla fruticosa,"Shrubby Cinquefoil, Potentilla",https://pfaf.org/user/Plant.aspx?LatinName=Potentilla+fruticosa,Tea,1,1,1,PFAF
Potentilla glandulosa,"Gland Cinquefoil, Sticky cinquefoil, Arizona cinquefoil, Ashland cinquefoil, Ewan's cinquefoil, Hans",https://pfaf.org/user/Plant.aspx?LatinName=Potentilla+glandulosa,Tea,1,1,1,PFAF
Potentilla kleiniana,,https://pfaf.org/user/Plant.aspx?LatinName=Potentilla+kleiniana,Fruit,1,1,1,PFAF
Potentilla multifida,,https://pfaf.org/user/Plant.aspx?LatinName=Potentilla+multifida,Root,1,2,0,PFAF
Potentilla nepalensis,"Nepal Cinquefoil, Cinquefoil",https://pfaf.org/user/Plant.aspx?LatinName=Potentilla+nepalensis,Root,1,2,1,PFAF
Potentilla palustris,Marsh Cinquefoil,https://pfaf.org/user/Plant.aspx?LatinName=Potentilla+palustris,Tea,1,1,1,PFAF
Potentilla recta,"Rough-Fruited Cinquefoil, Erect cinquefoil",https://pfaf.org/user/Plant.aspx?LatinName=Potentilla+recta,Fruit,1,2,1,PFAF
Potentilla rupestris,Rock Cinquefoil,https://pfaf.org/user/Plant.aspx?LatinName=Potentilla+rupestris,Tea,1,1,0,PFAF
Pourouma cecropiifolia,Amazon Grape,https://pfaf.org/user/Plant.aspx?LatinName=Pourouma+cecropiifolia,Drink,1,4,2,PFAF
Pouteria sapota,"Sapote, Mamey Sapote",https://pfaf.org/user/Plant.aspx?LatinName=Pouteria+sapota,Chocolate; Drink; Oil; Tea,4,4,2,PFAF
Prangos pabularia,,https://pfaf.org/user/Plant.aspx?LatinName=Prangos+pabularia,Shoots,1,1,2,PFAF
Primula denticulata,Drumstick Primula,https://pfaf.org/user/Plant.aspx?LatinName=Primula+denticulata,Flowers,1,2,0,PFAF
Primula veris,"Cowslip, Cowslip primrose",https://pfaf.org/user/Plant.aspx?LatinName=Primula+veris,Flowers; Tea,2,3,3,PFAF
Primula vulgaris,"Primrose, Common Primrose, English Primrose",https://pfaf.org/user/Plant.aspx?LatinName=Primula+vulgaris,Flowers; Tea,2,3,3,PFAF
Pringlea antiscorbutica,,https://pfaf.org/user/Plant.aspx?LatinName=Pringlea+antiscorbutica,Condiment,1,2,1,PFAF
Prinsepia sinensis,Cherry prinsepia,https://pfaf.org/user/Plant.aspx?LatinName=Prinsepia+sinensis,Fruit,1,2,0,PFAF
Prinsepia uniflora,Rui Ren,https://pfaf.org/user/Plant.aspx?LatinName=Prinsepia+uniflora,Fruit,1,2,0,PFAF
Prinsepia utilis,Cherry prinsepia,https://pfaf.org/user/Plant.aspx?LatinName=Prinsepia+utilis,Fruit; Oil,2,4,2,PFAF
Proboscidea fragrans,"Sweet Unicorn Plant, Ram's horn",https://pfaf.org/user/Plant.aspx?LatinName=Proboscidea+fragrans,Seed; Seedpod,2,2,0,PFAF
Proboscidea louisianica,"Unicorn Plant, Ram's horn",https://pfaf.org/user/Plant.aspx?LatinName=Proboscidea+louisianica,Fruit; Oil; Root; Seed,4,2,0,PFAF
Prosopis alba,"White carob tree, Algarrobo blanco",https://pfaf.org/user/Plant.aspx?LatinName=Prosopis+alba,Drink; Gum; Seedpod; Stem; Sweetener,5,3,2,PFAF
Prosopis chilensis,"Chilean algarrobo, Chilean mesquite",https://pfaf.org/user/Plant.aspx?LatinName=Prosopis+chilensis,Seedpod,1,2,0,PFAF
Prosopis cineraria,"Jandi, Ghaf",https://pfaf.org/user/Plant.aspx?LatinName=Prosopis+cineraria,Gum; Inner bark; Seedpod,3,3,2,PFAF
Prosopis glandulosa,Honeypod mesquite. Glandular mesquite,https://pfaf.org/user/Plant.aspx?LatinName=Prosopis+glandulosa,Drink; Flowers; Seedpod; Tea,4,3,2,PFAF
Prosopis juliflora,"Mesquite, Honey Mesquite",https://pfaf.org/user/Plant.aspx?LatinName=Prosopis+juliflora,Drink; Flowers; Gum; Inner bark; Seedpod; Sweetener; Tea,7,3,2,PFAF
Prosopis pallida,Algaroba,https://pfaf.org/user/Plant.aspx?LatinName=Prosopis+pallida,Seedpod,1,2,2,PFAF
Prosopis tamarugo,Tamarugo,https://pfaf.org/user/Plant.aspx?LatinName=Prosopis+tamarugo,Seedpod,1,1,0,PFAF
Protea cynaroides,King Protea,https://pfaf.org/user/Plant.aspx?LatinName=Protea+cynaroides,Nectar,1,1,0,PFAF
Protea mellifera,Sugar Bush,https://pfaf.org/user/Plant.aspx?LatinName=Protea+mellifera,Nectar,1,1,1,PFAF
Protea repens,Sugar Bush,https://pfaf.org/user/Plant.aspx?LatinName=Protea+repens,Nectar,1,1,0,PFAF
Prumnopitys andina,Plum-Fruited Yew,https://pfaf.org/user/Plant.aspx?LatinName=Prumnopitys+andina,Fruit; Seed,2,3,0,PFAF
Prumnopitys ferruginea,Miro,https://pfaf.org/user/Plant.aspx?LatinName=Prumnopitys+ferruginea,Fruit,1,2,0,PFAF
Prumnopitys taxifolia,Matai,https://pfaf.org/user/Plant.aspx?LatinName=Prumnopitys+taxifolia,Drink; Fruit; Sap; Shoots,4,2,0,PFAF
Prunella vulgaris,"Self-Heal, Common selfheal, Aleutian selfheal, Lance selfheal",https://pfaf.org/user/Plant.aspx?LatinName=Prunella+vulgaris,Drink,1,2,3,PFAF
Prunus alabamensis,Alabama Cherry,https://pfaf.org/user/Plant.aspx?LatinName=Prunus+alabamensis,Fruit; Seed,2,2,1,PFAF
Prunus alleghaniensis,"Allegheny Plum, Davis' plum",https://pfaf.org/user/Plant.aspx?LatinName=Prunus+alleghaniensis,Fruit; Seed,2,3,1,PFAF
Prunus americana,"American Plum, American Wild Plum, Wild Plum",https://pfaf.org/user/Plant.aspx?LatinName=Prunus+americana,Fruit; Seed,2,3,2,PFAF
Prunus americana lanata,,https://pfaf.org/user/Plant.aspx?LatinName=Prunus+americana+lanata,Fruit; Seed,2,3,1,PFAF
Prunus andersonii,Desert Peach,https://pfaf.org/user/Plant.aspx?LatinName=Prunus+andersonii,Fruit; Seed,2,2,2,PFAF
Prunus angustifolia,"Chickasaw Plum, Watson's plum, Hally Jolivette Cherry",https://pfaf.org/user/Plant.aspx?LatinName=Prunus+angustifolia,Fruit; Seed,2,3,1,PFAF
Prunus angustifolia watsonii,Sand Plum,https://pfaf.org/user/Plant.aspx?LatinName=Prunus+angustifolia+watsonii,Fruit; Seed,2,4,1,PFAF
Prunus apetala,Clove Cherry,https://pfaf.org/user/Plant.aspx?LatinName=Prunus+apetala,Fruit; Seed,2,2,1,PFAF
Prunus arabica,,https://pfaf.org/user/Plant.aspx?LatinName=Prunus+arabica,Fruit; Gum; Seed,3,2,1,PFAF
Prunus armeniaca,Apricot,https://pfaf.org/user/Plant.aspx?LatinName=Prunus+armeniaca,Fruit; Gum; Oil; Seed,4,4,3,PFAF
Prunus armeniaca mandschurica,Manchurian apricot,https://pfaf.org/user/Plant.aspx?LatinName=Prunus+armeniaca+mandschurica,Gum; Oil,2,4,3,PFAF
Prunus avium,"Wild Cherry, Sweet cherry",https://pfaf.org/user/Plant.aspx?LatinName=Prunus+avium,Fruit; Gum; Seed,3,4,2,PFAF
Prunus besseriana,Dwarf Almond,https://pfaf.org/user/Plant.aspx?LatinName=Prunus+besseriana,Condiment; Fruit; Oil; Seed,4,2,1,PFAF
Prunus besseyi,Western Sand Cherry,https://pfaf.org/user/Plant.aspx?LatinName=Prunus+besseyi,Fruit; Seed,2,4,1,PFAF
Prunus bifrons,,https://pfaf.org/user/Plant.aspx?LatinName=Prunus+bifrons,Fruit; Seed,2,2,1,PFAF
Prunus bokharensis,Bokhara Plum,https://pfaf.org/user/Plant.aspx?LatinName=Prunus+bokharensis,Fruit; Seed,2,2,1,PFAF
Prunus brigantina,Briançon Apricot,https://pfaf.org/user/Plant.aspx?LatinName=Prunus+brigantina,Fruit; Oil; Seed,3,4,1,PFAF
Prunus buergeriana,,https://pfaf.org/user/Plant.aspx?LatinName=Prunus+buergeriana,Fruit; Seed,2,2,1,PFAF
Prunus campanulata,Taiwan Cherry,https://pfaf.org/user/Plant.aspx?LatinName=Prunus+campanulata,Fruit; Seed,2,2,1,PFAF
Prunus canescens,Greyleaf Cherry,https://pfaf.org/user/Plant.aspx?LatinName=Prunus+canescens,Fruit; Seed,2,3,1,PFAF
Prunus capsica,,https://pfaf.org/user/Plant.aspx?LatinName=Prunus+capsica,Fruit; Seed,2,2,1,PFAF
Prunus caroliniana,"American Cherry Laurel, Carolina laurelcherry, Laurel Cherry,",https://pfaf.org/user/Plant.aspx?LatinName=Prunus+caroliniana,Fruit; Seed,2,2,1,PFAF
Prunus cerasifera,"Cherry Plum, Myrobalan Plum, Newport Cherry Plum, Pissard Plum",https://pfaf.org/user/Plant.aspx?LatinName=Prunus+cerasifera,Fruit; Seed,2,4,1,PFAF
Prunus cerasifera divaricata,,https://pfaf.org/user/Plant.aspx?LatinName=Prunus+cerasifera+divaricata,Fruit; Seed,2,4,1,PFAF
Prunus cerasoides,Wild Himalayan Cherry,https://pfaf.org/user/Plant.aspx?LatinName=Prunus+cerasoides,Fruit; Gum; Seed,3,2,2,PFAF
Prunus cerasus,Sour Cherry,https://pfaf.org/user/Plant.aspx?LatinName=Prunus+cerasus,Fruit; Gum; Oil; Seed; Tea,5,1,2,PFAF
Prunus cerasus austera,Morello Cherry,https://pfaf.org/user/Plant.aspx?LatinName=Prunus+cerasus+austera,Fruit; Gum; Oil; Seed; Tea,5,3,1,PFAF
Prunus cerasus caproniana,Kentish Red Cherry,https://pfaf.org/user/Plant.aspx?LatinName=Prunus+cerasus+caproniana,Fruit; Gum; Oil; Seed; Tea,5,3,1,PFAF
Prunus cerasus frutescens,Bush Sour Cherry,https://pfaf.org/user/Plant.aspx?LatinName=Prunus+cerasus+frutescens,Fruit; Gum; Oil; Seed; Tea,5,3,1,PFAF
Prunus cerasus marasca,Maraschino Cherry,https://pfaf.org/user/Plant.aspx?LatinName=Prunus+cerasus+marasca,Fruit; Gum; Oil; Seed; Tea,5,3,1,PFAF
Prunus cocomilia,,https://pfaf.org/user/Plant.aspx?LatinName=Prunus+cocomilia,Fruit; Seed,2,2,1,PFAF
Prunus consociiflora,Chinese Wild Peach,https://pfaf.org/user/Plant.aspx?LatinName=Prunus+consociiflora,Fruit; Seed,2,4,1,PFAF
Prunus cornuta,Himalayan Bird Cherry,https://pfaf.org/user/Plant.aspx?LatinName=Prunus+cornuta,Fruit; Seed,2,2,1,PFAF
Prunus cortapico,,https://pfaf.org/user/Plant.aspx?LatinName=Prunus+cortapico,Fruit; Seed,2,2,1,PFAF
Prunus davidiana,Chinese Wild Peach,https://pfaf.org/user/Plant.aspx?LatinName=Prunus+davidiana,Fruit; Seed,2,2,3,PFAF
Prunus dawyckensis,Dawyck Cherry,https://pfaf.org/user/Plant.aspx?LatinName=Prunus+dawyckensis,Fruit; Seed,2,3,1,PFAF
Prunus dielsiana,,https://pfaf.org/user/Plant.aspx?LatinName=Prunus+dielsiana,Fruit; Seed,2,2,1,PFAF
Prunus domestica,"Plum, European plum",https://pfaf.org/user/Plant.aspx?LatinName=Prunus+domestica,Flowers; Fruit; Gum; Oil; Seed; Tea,6,5,2,PFAF
Prunus domestica italica,"Gages, Greengage",https://pfaf.org/user/Plant.aspx?LatinName=Prunus+domestica+italica,Flowers; Oil,2,5,2,PFAF
Prunus dulcis,"Almond, Sweet almond",https://pfaf.org/user/Plant.aspx?LatinName=Prunus+dulcis,Gum; Milk; Oil; Seed,4,4,3,PFAF
Prunus emarginata,Bitter Cherry,https://pfaf.org/user/Plant.aspx?LatinName=Prunus+emarginata,Fruit; Seed,2,2,2,PFAF
Prunus fasciculata,Desert Almond,https://pfaf.org/user/Plant.aspx?LatinName=Prunus+fasciculata,Fruit; Seed,2,2,1,PFAF
Prunus fenzliana,,https://pfaf.org/user/Plant.aspx?LatinName=Prunus+fenzliana,Fruit; Seed,2,2,1,PFAF
Prunus fruticosa,"Mongolian Cherry, European dwarf cherry",https://pfaf.org/user/Plant.aspx?LatinName=Prunus+fruticosa,Fruit; Seed,2,3,1,PFAF
Prunus glandulosa,"Korean Cherry, Dwarf Flowering Almond",https://pfaf.org/user/Plant.aspx?LatinName=Prunus+glandulosa,Fruit; Seed,2,2,1,PFAF
Prunus gracilis,"Sour Plum, Oklahoma plum",https://pfaf.org/user/Plant.aspx?LatinName=Prunus+gracilis,Fruit; Seed,2,2,1,PFAF
Prunus grayana,"Japanese Bird Cherry, Japanese Bird Cherry",https://pfaf.org/user/Plant.aspx?LatinName=Prunus+grayana,Flowers; Fruit; Seed,3,2,1,PFAF
Prunus gymnodonta,,https://pfaf.org/user/Plant.aspx?LatinName=Prunus+gymnodonta,Fruit; Seed,2,2,1,PFAF
Prunus hortulana,"Hog Plum, Hortulan plum",https://pfaf.org/user/Plant.aspx?LatinName=Prunus+hortulana,Flowers; Fruit; Seed,3,3,1,PFAF
Prunus humilis,Bush Cherry,https://pfaf.org/user/Plant.aspx?LatinName=Prunus+humilis,Fruit; Seed,2,3,2,PFAF
Prunus ilicifolia,Holly-Leaved Cherry,https://pfaf.org/user/Plant.aspx?LatinName=Prunus+ilicifolia,Fruit; Seed,2,2,1,PFAF
Prunus incana,,https://pfaf.org/user/Plant.aspx?LatinName=Prunus+incana,Fruit; Seed,2,2,1,PFAF
Prunus incisa,Fuji Cherry,https://pfaf.org/user/Plant.aspx?LatinName=Prunus+incisa,Fruit; Seed,2,3,1,PFAF
Prunus insititia,Damson,https://pfaf.org/user/Plant.aspx?LatinName=Prunus+insititia,Fruit; Seed,2,5,1,PFAF
Prunus iranica,,https://pfaf.org/user/Plant.aspx?LatinName=Prunus+iranica,Fruit; Seed,2,2,1,PFAF
Prunus jamasakura,Yamazakura,https://pfaf.org/user/Plant.aspx?LatinName=Prunus+jamasakura,Flowers; Fruit; Seed,3,2,1,PFAF
Prunus japonica,"Korean Cherry, Japanese bush cherry",https://pfaf.org/user/Plant.aspx?LatinName=Prunus+japonica,Fruit; Seed,2,3,3,PFAF
Prunus japonica nakai,Japanese Plum,https://pfaf.org/user/Plant.aspx?LatinName=Prunus+japonica+nakai,Fruit; Seed,2,3,3,PFAF
Prunus jenkinsii,,https://pfaf.org/user/Plant.aspx?LatinName=Prunus+jenkinsii,Fruit; Seed,2,2,1,PFAF
Prunus kansuensis,,https://pfaf.org/user/Plant.aspx?LatinName=Prunus+kansuensis,Fruit; Seed,2,2,1,PFAF
Prunus korshinskyi,,https://pfaf.org/user/Plant.aspx?LatinName=Prunus+korshinskyi,Seed,1,2,1,PFAF
Prunus lannesiana,Oshima Cherry,https://pfaf.org/user/Plant.aspx?LatinName=Prunus+lannesiana,Flowers; Fruit; Seed,3,2,1,PFAF
Prunus laurocerasus,"Cherry Laurel, English Laurel",https://pfaf.org/user/Plant.aspx?LatinName=Prunus+laurocerasus,Condiment; Fruit; Seed,3,4,3,PFAF
Prunus lusitanica,Portugal Laurel,https://pfaf.org/user/Plant.aspx?LatinName=Prunus+lusitanica,Seed,1,3,1,PFAF
Prunus lyonii,"Catalina Island Cherry, Hollyleaf cherry",https://pfaf.org/user/Plant.aspx?LatinName=Prunus+lyonii,Seed,1,2,1,PFAF
Prunus mahaleb,Mahaleb Cherry,https://pfaf.org/user/Plant.aspx?LatinName=Prunus+mahaleb,Seed,1,3,1,PFAF
Prunus maritima,"Beach Plum, Graves' plum",https://pfaf.org/user/Plant.aspx?LatinName=Prunus+maritima,Seed,1,4,1,PFAF
Prunus maximowiczii,"Miyama Cherry, Korean cherry",https://pfaf.org/user/Plant.aspx?LatinName=Prunus+maximowiczii,Flowers; Seed,2,2,1,PFAF
Prunus media,,https://pfaf.org/user/Plant.aspx?LatinName=Prunus+media,Seed,1,2,1,PFAF
Prunus mexicana,Mexican Plum,https://pfaf.org/user/Plant.aspx?LatinName=Prunus+mexicana,Seed,1,2,1,PFAF
Prunus microcarpa,,https://pfaf.org/user/Plant.aspx?LatinName=Prunus+microcarpa,Seed,1,2,1,PFAF
Prunus mira,Smoothpit Peach,https://pfaf.org/user/Plant.aspx?LatinName=Prunus+mira,Seed,1,2,1,PFAF
Prunus mume,"Japanese Apricot, Japanese Flowering, Apricot",https://pfaf.org/user/Plant.aspx?LatinName=Prunus+mume,Flowers; Seed,2,3,3,PFAF
Prunus munsoniana,Wild Goose Plum,https://pfaf.org/user/Plant.aspx?LatinName=Prunus+munsoniana,Seed,1,3,1,PFAF
Prunus napaulensis,,https://pfaf.org/user/Plant.aspx?LatinName=Prunus+napaulensis,Seed,1,2,1,PFAF
Prunus nigra,Canadian Plum,https://pfaf.org/user/Plant.aspx?LatinName=Prunus+nigra,Seed,1,4,1,PFAF
Prunus nipponica,Japanese Alpine Cherry,https://pfaf.org/user/Plant.aspx?LatinName=Prunus+nipponica,Seed,1,2,1,PFAF
Prunus orthosepala,Hybrid plum,https://pfaf.org/user/Plant.aspx?LatinName=Prunus+orthosepala,Seed,1,3,1,PFAF
Prunus padus,"Bird Cherry, European bird cherry",https://pfaf.org/user/Plant.aspx?LatinName=Prunus+padus,Flowers; Seed; Tea,3,3,2,PFAF
Prunus pedunculata,,https://pfaf.org/user/Plant.aspx?LatinName=Prunus+pedunculata,Seed,1,2,1,PFAF
Prunus pensylvanica,Pin Cherry,https://pfaf.org/user/Plant.aspx?LatinName=Prunus+pensylvanica,Gum; Seed,2,2,2,PFAF
Prunus persica,"Peach, Flowering Peach, Ornamental Peach, Common Peach",https://pfaf.org/user/Plant.aspx?LatinName=Prunus+persica,Flowers; Gum; Oil; Seed; Tea,5,5,3,PFAF
Prunus persica nucipersica,Nectarine,https://pfaf.org/user/Plant.aspx?LatinName=Prunus+persica+nucipersica,Flowers; Gum; Oil; Seed; Tea,5,4,3,PFAF
Prunus pilosiuscula,,https://pfaf.org/user/Plant.aspx?LatinName=Prunus+pilosiuscula,Seed,1,2,1,PFAF
Prunus prostrata,Mountain Cherry,https://pfaf.org/user/Plant.aspx?LatinName=Prunus+prostrata,Seed,1,2,1,PFAF
Prunus pseudocerasus,Cambridge Cherry,https://pfaf.org/user/Plant.aspx?LatinName=Prunus+pseudocerasus,Seed; Tea,2,4,1,PFAF
Prunus pumila,"Dwarf American Cherry, Sandcherry, Western sandcherry, Eastern sandcherry, Great Lakes sandcherry",https://pfaf.org/user/Plant.aspx?LatinName=Prunus+pumila,Seed,1,4,1,PFAF
Prunus pumila susquehanae,Dwarf American Cherry,https://pfaf.org/user/Plant.aspx?LatinName=Prunus+pumila+susquehanae,Seed,1,4,1,PFAF
Prunus rivularis,Creek Plum,https://pfaf.org/user/Plant.aspx?LatinName=Prunus+rivularis,Seed,1,2,1,PFAF
Prunus rufa,Himalayan Cherry,https://pfaf.org/user/Plant.aspx?LatinName=Prunus+rufa,Seed,1,2,1,PFAF
Prunus salicifolia,"Capulin Cherry, Mexican Bird Cherry",https://pfaf.org/user/Plant.aspx?LatinName=Prunus+salicifolia,Seed,1,3,1,PFAF
Prunus salicina,Japanese Plum,https://pfaf.org/user/Plant.aspx?LatinName=Prunus+salicina,Seed,1,2,1,PFAF
Prunus sargentii,Sargent Cherry,https://pfaf.org/user/Plant.aspx?LatinName=Prunus+sargentii,Seed,1,2,1,PFAF
Prunus serotina,"Rum Cherry - Wild Cherry, Black Cherry, Wild Black Cherry",https://pfaf.org/user/Plant.aspx?LatinName=Prunus+serotina,Condiment; Drink; Seed,3,4,2,PFAF
Prunus serrula,"Birch Bark Cherry, Japanese flowering cherry",https://pfaf.org/user/Plant.aspx?LatinName=Prunus+serrula,Seed,1,2,1,PFAF
Prunus serrulata,"Yamazakura, Japanese Flowering Cherry, Oriental Cherry",https://pfaf.org/user/Plant.aspx?LatinName=Prunus+serrulata,Flowers; Seed,2,2,1,PFAF
Prunus sibirica,Siberian Apricot,https://pfaf.org/user/Plant.aspx?LatinName=Prunus+sibirica,Condiment; Oil; Seed,3,3,2,PFAF
Prunus simonii,Apricot Plum,https://pfaf.org/user/Plant.aspx?LatinName=Prunus+simonii,Seed,1,3,1,PFAF
Prunus sogdiana,,https://pfaf.org/user/Plant.aspx?LatinName=Prunus+sogdiana,Seed,1,4,1,PFAF
Prunus spinosa,Sloe - Blackthorn,https://pfaf.org/user/Plant.aspx?LatinName=Prunus+spinosa,Flowers; Seed; Tea,3,3,2,PFAF
Prunus ssiori,Japanese Bird Cherry,https://pfaf.org/user/Plant.aspx?LatinName=Prunus+ssiori,Seed,1,2,1,PFAF
Prunus subcordata,"Pacific Plum, Klamath plum, Kellogg's Klamath plum, Oregon Klamath plum",https://pfaf.org/user/Plant.aspx?LatinName=Prunus+subcordata,Seed,1,3,1,PFAF
Prunus subhirtella,"Rosebud Cherry, Higan Cherry, Winter-flowering cherry",https://pfaf.org/user/Plant.aspx?LatinName=Prunus+subhirtella,Flowers; Seed; Tea,3,2,1,PFAF
Prunus takesimensis,,https://pfaf.org/user/Plant.aspx?LatinName=Prunus+takesimensis,Seed,1,3,1,PFAF
Prunus tangutica,,https://pfaf.org/user/Plant.aspx?LatinName=Prunus+tangutica,Seed,1,2,1,PFAF
Prunus tenella,Dwarf Russian Almond,https://pfaf.org/user/Plant.aspx?LatinName=Prunus+tenella,Oil; Seed,2,3,1,PFAF
Prunus tomentosa,Nanking Cherry,https://pfaf.org/user/Plant.aspx?LatinName=Prunus+tomentosa,Seed,1,3,1,PFAF
Prunus triloba,"Flowering Almond, Flowering plum",https://pfaf.org/user/Plant.aspx?LatinName=Prunus+triloba,Seed,1,2,1,PFAF
Prunus triloba simplex,Flowering Almond,https://pfaf.org/user/Plant.aspx?LatinName=Prunus+triloba+simplex,Seed,1,2,1,PFAF
Prunus umbellata,"Black Sloe, Hog plum, Flatwoods Plum",https://pfaf.org/user/Plant.aspx?LatinName=Prunus+umbellata,Seed,1,2,1,PFAF
Prunus undulata,,https://pfaf.org/user/Plant.aspx?LatinName=Prunus+undulata,Seed,1,2,1,PFAF
Prunus ursina,,https://pfaf.org/user/Plant.aspx?LatinName=Prunus+ursina,Seed,1,2,1,PFAF
Prunus ussuriensis,,https://pfaf.org/user/Plant.aspx?LatinName=Prunus+ussuriensis,Seed,1,2,1,PFAF
Prunus virens,Wild Cherry,https://pfaf.org/user/Plant.aspx?LatinName=Prunus+virens,Seed,1,2,1,PFAF
Prunus virginiana,"Chokecherry, Western chokecherry, Black chokecherry",https://pfaf.org/user/Plant.aspx?LatinName=Prunus+virginiana,Seed; Tea,2,3,2,PFAF
Prunus virginiana demissa,Western Chokecherry,https://pfaf.org/user/Plant.aspx?LatinName=Prunus+virginiana+demissa,Seed; Tea,2,3,2,PFAF
Prunus virginiana melanocarpa,Rocky Mountain Chokecherry,https://pfaf.org/user/Plant.aspx?LatinName=Prunus+virginiana+melanocarpa,Seed; Tea,2,3,2,PFAF
Prunus x cistena,Purple-Leaf Sand Cherry,https://pfaf.org/user/Plant.aspx?LatinName=Prunus+x+cistena,Seed,1,2,1,PFAF
Prunus x dasycarpa,Black Apricot,https://pfaf.org/user/Plant.aspx?LatinName=Prunus+x+dasycarpa,Seed,1,3,1,PFAF
Prunus x eminens,,https://pfaf.org/user/Plant.aspx?LatinName=Prunus+x+eminens,Seed,1,2,1,PFAF
Prunus x fontanesiana,,https://pfaf.org/user/Plant.aspx?LatinName=Prunus+x+fontanesiana,Seed,1,2,1,PFAF
Prunus x gondouinii,Duke Cherry,https://pfaf.org/user/Plant.aspx?LatinName=Prunus+x+gondouinii,Seed,1,2,1,PFAF
Prunus x sultana,,https://pfaf.org/user/Plant.aspx?LatinName=Prunus+x+sultana,Seed,1,3,1,PFAF
Prunus x utahensis,,https://pfaf.org/user/Plant.aspx?LatinName=Prunus+x+utahensis,Seed,1,2,1,PFAF
Prunus x yedoensis,Tokyo Cherry,https://pfaf.org/user/Plant.aspx?LatinName=Prunus+x+yedoensis,Seed,1,2,1,PFAF
Pseudosasa japonica,Metake - Bamboo,https://pfaf.org/user/Plant.aspx?LatinName=Pseudosasa+japonica,Seed; Shoots; Stem,3,2,1,PFAF
Pseudotsuga menziesii,"Douglas Fir, Rocky Mountain Douglas-fir",https://pfaf.org/user/Plant.aspx?LatinName=Pseudotsuga+menziesii,Coffee; Condiment; Gum; Inner bark; Manna; Shoots; Tea,7,2,2,PFAF
Psidium cattleianum,Strawberry Guava,https://pfaf.org/user/Plant.aspx?LatinName=Psidium+cattleianum,Drink,1,3,3,PFAF
Psidium guajava,"Guava, Tropical Guava, Goiaba, Araçá-goiaba",https://pfaf.org/user/Plant.aspx?LatinName=Psidium+guajava,Oil; Pectin,2,5,2,PFAF
Psophocarpus tetragonolobus,Winged Bean,https://pfaf.org/user/Plant.aspx?LatinName=Psophocarpus+tetragonolobus,Coffee; Colouring; Flowers; Oil; Root; Seed; Seedpod; Shoots; Stem,9,3,0,PFAF
Psoralea argophylla,Silverleaf Scurf Pea,https://pfaf.org/user/Plant.aspx?LatinName=Psoralea+argophylla,Root,1,2,1,PFAF
Psoralea californica,California Indian breadroot,https://pfaf.org/user/Plant.aspx?LatinName=Psoralea+californica,Root,1,2,0,PFAF
Psoralea canescens,Buckroot,https://pfaf.org/user/Plant.aspx?LatinName=Psoralea+canescens,Root,1,2,1,PFAF
Psoralea castorea,Beaver Indian breadroot,https://pfaf.org/user/Plant.aspx?LatinName=Psoralea+castorea,Root,1,4,0,PFAF
Psoralea corylifolia,Bu Gu Zhi,https://pfaf.org/user/Plant.aspx?LatinName=Psoralea+corylifolia,Seed,1,1,4,PFAF
Psoralea cuspidata,"Indian Breadroot, Largebract Indian breadroot",https://pfaf.org/user/Plant.aspx?LatinName=Psoralea+cuspidata,Root,1,2,0,PFAF
Psoralea esculenta,"Breadroot, Large Indian breadroot",https://pfaf.org/user/Plant.aspx?LatinName=Psoralea+esculenta,Oil; Root,2,5,1,PFAF
Psoralea glandulosa,Culen,https://pfaf.org/user/Plant.aspx?LatinName=Psoralea+glandulosa,Drink; Shoots; Tea,3,3,1,PFAF
Psoralea hypogaea,Small Indian Breadroot,https://pfaf.org/user/Plant.aspx?LatinName=Psoralea+hypogaea,Root,1,4,0,PFAF
Psoralea lanceolata,Lemon scurfpea,https://pfaf.org/user/Plant.aspx?LatinName=Psoralea+lanceolata,Root,1,2,0,PFAF
Psoralea macrostachya,Large Leather Root,https://pfaf.org/user/Plant.aspx?LatinName=Psoralea+macrostachya,Root,1,2,1,PFAF
Psoralea mephitica,,https://pfaf.org/user/Plant.aspx?LatinName=Psoralea+mephitica,Root,1,2,0,PFAF
Psoralea subacaulis,Whiterim scurfpea,https://pfaf.org/user/Plant.aspx?LatinName=Psoralea+subacaulis,Root,1,2,0,PFAF
Psoralea tenuiflora,"Slender Scurfy Pea, Slimflower scurfpea",https://pfaf.org/user/Plant.aspx?LatinName=Psoralea+tenuiflora,Root,1,2,0,PFAF
Ptelea baldwinii,Common hoptree,https://pfaf.org/user/Plant.aspx?LatinName=Ptelea+baldwinii,Seed,1,1,0,PFAF
Ptelea trifoliata,"Hop Tree, Common hoptree, Pallid hoptree",https://pfaf.org/user/Plant.aspx?LatinName=Ptelea+trifoliata,Condiment,1,2,3,PFAF
Pteridium aquilinum,"Bracken, Western brackenfern, Decomposition brackenfern, Hairy brackenfern",https://pfaf.org/user/Plant.aspx?LatinName=Pteridium+aquilinum,Root; Shoots; Sweetener,3,2,2,PFAF
Pteridium aquilinum esculentum,Bracken,https://pfaf.org/user/Plant.aspx?LatinName=Pteridium+aquilinum+esculentum,Root; Shoots; Sweetener,3,2,2,PFAF
Pterocarpus dalbergioides,"Andaman padauk, East Indian-mahogany,",https://pfaf.org/user/Plant.aspx?LatinName=Pterocarpus+dalbergioides,Flowers,1,2,2,PFAF
Pterocarpus indicus,"Amboyna, Indian Padauk, Burmese Rosewood, Narra, Bloodwood",https://pfaf.org/user/Plant.aspx?LatinName=Pterocarpus+indicus,Flowers,1,2,2,PFAF
Pterocarpus soyauxii,African Coralwood,https://pfaf.org/user/Plant.aspx?LatinName=Pterocarpus+soyauxii,Colouring; Shoots,2,2,2,PFAF
Pterocarya fraxinifolia,Caucasian Wingnut,https://pfaf.org/user/Plant.aspx?LatinName=Pterocarya+fraxinifolia,Seed,1,1,1,PFAF
Pterocarya rhoifolia,Japanese Wingnut,https://pfaf.org/user/Plant.aspx?LatinName=Pterocarya+rhoifolia,Seed,1,1,0,PFAF
Pteroceltis tatarinowii,,https://pfaf.org/user/Plant.aspx?LatinName=Pteroceltis+tatarinowii,Oil,1,0,0,PFAF
Pueraria montana,Kudzu Vine,https://pfaf.org/user/Plant.aspx?LatinName=Pueraria+montana,Flowers; Shoots; Stem,3,4,5,PFAF
Pueraria montana lobata,Kudzu Vine,https://pfaf.org/user/Plant.aspx?LatinName=Pueraria+montana+lobata,Flowers; Root; Shoots,3,4,5,PFAF
Pueraria phaseoloides,Tropical Kudzu,https://pfaf.org/user/Plant.aspx?LatinName=Pueraria+phaseoloides,Root,1,2,1,PFAF
Pueraria pseudohirsuta,Tropical kudzu,https://pfaf.org/user/Plant.aspx?LatinName=Pueraria+pseudohirsuta,Root,1,3,3,PFAF
Pueraria tuberosa,,https://pfaf.org/user/Plant.aspx?LatinName=Pueraria+tuberosa,Root,1,2,2,PFAF
Pulmonaria saccharata,"Jerusalem Sage, Bethlehem lungwort, Lungwort",https://pfaf.org/user/Plant.aspx?LatinName=Pulmonaria+saccharata,Condiment,1,1,0,PFAF
Pulsatilla cernua,,https://pfaf.org/user/Plant.aspx?LatinName=Pulsatilla+cernua,Root,1,1,2,PFAF
Punica granatum,"Pomegranate, Dwarf Pomegranate",https://pfaf.org/user/Plant.aspx?LatinName=Punica+granatum,Condiment; Seed,2,4,4,PFAF
Puya chilensis,,https://pfaf.org/user/Plant.aspx?LatinName=Puya+chilensis,Gum; Shoots,2,1,0,PFAF
Pycnanthemum incanum,Hoary Mountain Mint,https://pfaf.org/user/Plant.aspx?LatinName=Pycnanthemum+incanum,Tea,1,1,2,PFAF
Pycnanthemum muticum,Cluster Mountain Mint,https://pfaf.org/user/Plant.aspx?LatinName=Pycnanthemum+muticum,Tea,1,1,0,PFAF
Pycnanthemum pilosum,"Mountain Mint, Whorled mountainmint",https://pfaf.org/user/Plant.aspx?LatinName=Pycnanthemum+pilosum,Condiment; Tea,2,2,0,PFAF
Pycnanthemum virginianum,Virginia Mountain Mint,https://pfaf.org/user/Plant.aspx?LatinName=Pycnanthemum+virginianum,Condiment; Tea,2,2,2,PFAF
Pycnanthus angolensis,African Nutmeg,https://pfaf.org/user/Plant.aspx?LatinName=Pycnanthus+angolensis,Condiment,1,2,3,PFAF
Pyracantha crenulata,"Nepalese White Thorn, Nepalese firethorn",https://pfaf.org/user/Plant.aspx?LatinName=Pyracantha+crenulata,Tea,1,1,1,PFAF
Pyrularia edulis,,https://pfaf.org/user/Plant.aspx?LatinName=Pyrularia+edulis,Curdling agent,1,2,0,PFAF
Pyrularia pubera,"Oil Nut, Buffalo nut",https://pfaf.org/user/Plant.aspx?LatinName=Pyrularia+pubera,Oil,1,1,1,PFAF
Pyrus betulaefolia,Birch-Leaved Pear,https://pfaf.org/user/Plant.aspx?LatinName=Pyrus+betulaefolia,Flowers; Tea,2,2,1,PFAF
Pyrus glabra,,https://pfaf.org/user/Plant.aspx?LatinName=Pyrus+glabra,Manna; Seed,2,2,0,PFAF
Pyrus salicifolia,Willow-Leaved Pear,https://pfaf.org/user/Plant.aspx?LatinName=Pyrus+salicifolia,Oil,1,2,0,PFAF
Quararibea cordata,"South American Sapote, Chupa Chupa, Matisia",https://pfaf.org/user/Plant.aspx?LatinName=Quararibea+cordata,Drink,1,4,3,PFAF
Quassia amara,"Bitterwood, Amargo Bark",https://pfaf.org/user/Plant.aspx?LatinName=Quassia+amara,Drink; Inner bark,2,2,4,PFAF
Quercus acuta,Japanese Evergreen Oak,https://pfaf.org/user/Plant.aspx?LatinName=Quercus+acuta,Seed,1,2,2,PFAF
Quercus acutissima,Sawthorn Oak,https://pfaf.org/user/Plant.aspx?LatinName=Quercus+acutissima,Seed,1,2,2,PFAF
Quercus agrifolia,"Encina, California live oak, Coast Live Oak",https://pfaf.org/user/Plant.aspx?LatinName=Quercus+agrifolia,Seed,1,3,2,PFAF
Quercus alba,"White Oak, Hybrid oak",https://pfaf.org/user/Plant.aspx?LatinName=Quercus+alba,Coffee; Seed,2,3,2,PFAF
Quercus aliena,Oriental White Oak,https://pfaf.org/user/Plant.aspx?LatinName=Quercus+aliena,Coffee; Seed,2,2,2,PFAF
Quercus aucheri,Boz-Pirnal Oak,https://pfaf.org/user/Plant.aspx?LatinName=Quercus+aucheri,Coffee; Seed,2,4,2,PFAF
Quercus bicolor,Swamp White Oak,https://pfaf.org/user/Plant.aspx?LatinName=Quercus+bicolor,Coffee; Seed,2,4,2,PFAF
Quercus brantii,"Barro, Brant's oak",https://pfaf.org/user/Plant.aspx?LatinName=Quercus+brantii,Coffee,1,3,2,PFAF
Quercus cerris,"Turkey Oak, European turkey oak",https://pfaf.org/user/Plant.aspx?LatinName=Quercus+cerris,Coffee; Manna; Seed,3,3,2,PFAF
Quercus chrysolepis,"Live Oak, Canyon live oak",https://pfaf.org/user/Plant.aspx?LatinName=Quercus+chrysolepis,Coffee; Seed,2,2,2,PFAF
Quercus coccifera,Kermes Oak,https://pfaf.org/user/Plant.aspx?LatinName=Quercus+coccifera,Coffee; Seed,2,3,2,PFAF
Quercus coccinea,Scarlet Oak,https://pfaf.org/user/Plant.aspx?LatinName=Quercus+coccinea,Coffee; Seed,2,2,2,PFAF
Quercus dentata,"Japanese Emperor Oak, Daimyo oak",https://pfaf.org/user/Plant.aspx?LatinName=Quercus+dentata,Coffee; Seed,2,2,2,PFAF
Quercus douglasii,Blue Oak,https://pfaf.org/user/Plant.aspx?LatinName=Quercus+douglasii,Coffee; Seed,2,3,2,PFAF
Quercus durata,"California Scrub Oak, Leather oak",https://pfaf.org/user/Plant.aspx?LatinName=Quercus+durata,Coffee; Seed,2,2,2,PFAF
Quercus ellipsoidalis,Northern Pin Oak,https://pfaf.org/user/Plant.aspx?LatinName=Quercus+ellipsoidalis,Coffee; Seed,2,2,2,PFAF
Quercus emoryi,"Black Oak, Emory oak",https://pfaf.org/user/Plant.aspx?LatinName=Quercus+emoryi,Coffee; Seed,2,3,2,PFAF
Quercus engelmannii,"Evergreen Oak, Engelmann oak, Mesa Oak",https://pfaf.org/user/Plant.aspx?LatinName=Quercus+engelmannii,Coffee; Gum; Seed,3,2,2,PFAF
Quercus falcata,"Southern Red Oak, Cherrybark Oak, Spanish Oak, Southern Red Oak",https://pfaf.org/user/Plant.aspx?LatinName=Quercus+falcata,Coffee; Seed,2,1,2,PFAF
Quercus floribunda,,https://pfaf.org/user/Plant.aspx?LatinName=Quercus+floribunda,Coffee; Seed,2,2,2,PFAF
Quercus frainetto,"Hungarian Oak, Italian Oak, Forest Green Oak",https://pfaf.org/user/Plant.aspx?LatinName=Quercus+frainetto,Coffee; Seed,2,4,2,PFAF
Quercus fruticosa,"Gall Oak, Lusitanian Oak",https://pfaf.org/user/Plant.aspx?LatinName=Quercus+fruticosa,Coffee; Seed,2,3,2,PFAF
Quercus gambelii,"Shin Oak, Gambel oak, Rocky Mountain White Oak",https://pfaf.org/user/Plant.aspx?LatinName=Quercus+gambelii,Coffee; Seed,2,3,2,PFAF
Quercus garryana,"Oregon White Oak, Garry Oak",https://pfaf.org/user/Plant.aspx?LatinName=Quercus+garryana,Coffee; Seed,2,2,2,PFAF
Quercus glauca,"Ring-cup oak , Ring Cupped Oak, Blue Japanese Oak",https://pfaf.org/user/Plant.aspx?LatinName=Quercus+glauca,Coffee; Seed,2,3,2,PFAF
Quercus hispanica,,https://pfaf.org/user/Plant.aspx?LatinName=Quercus+hispanica,Seed,1,3,2,PFAF
Quercus ilex,"Holly Oak, Evergreen Oak",https://pfaf.org/user/Plant.aspx?LatinName=Quercus+ilex,Coffee; Oil,2,5,2,PFAF
Quercus ilex ballota,Holm Oak,https://pfaf.org/user/Plant.aspx?LatinName=Quercus+ilex+ballota,Coffee; Oil,2,5,2,PFAF
Quercus imbricaria,"Shingle Oak, Northern Laurel Oak",https://pfaf.org/user/Plant.aspx?LatinName=Quercus+imbricaria,Coffee,1,2,2,PFAF
Quercus ithaburensis macrolepis,Valonia Oak,https://pfaf.org/user/Plant.aspx?LatinName=Quercus+ithaburensis+macrolepis,Coffee; Manna,2,4,2,PFAF
Quercus kelloggii,"Californian Black Oak, Black Oak",https://pfaf.org/user/Plant.aspx?LatinName=Quercus+kelloggii,Coffee,1,3,2,PFAF
Quercus laevis,"American Turkey Oak, Turkey oak",https://pfaf.org/user/Plant.aspx?LatinName=Quercus+laevis,Coffee,1,2,2,PFAF
Quercus lamellosa,Bull Oak,https://pfaf.org/user/Plant.aspx?LatinName=Quercus+lamellosa,Coffee,1,3,2,PFAF
Quercus leucotrichophora,,https://pfaf.org/user/Plant.aspx?LatinName=Quercus+leucotrichophora,Coffee,1,2,2,PFAF
Quercus libani,Lebanon Oak,https://pfaf.org/user/Plant.aspx?LatinName=Quercus+libani,Coffee,1,2,2,PFAF
Quercus lineata,,https://pfaf.org/user/Plant.aspx?LatinName=Quercus+lineata,Coffee,1,2,2,PFAF
Quercus lobata,"Californian White Oak, Valley oak",https://pfaf.org/user/Plant.aspx?LatinName=Quercus+lobata,Coffee,1,2,2,PFAF
Quercus lyrata,Overcup Oak,https://pfaf.org/user/Plant.aspx?LatinName=Quercus+lyrata,Coffee,1,3,2,PFAF
Quercus marilandica,Blackjack Oak,https://pfaf.org/user/Plant.aspx?LatinName=Quercus+marilandica,Coffee,1,2,2,PFAF
Quercus michauxii,Swamp Chestnut Oak,https://pfaf.org/user/Plant.aspx?LatinName=Quercus+michauxii,Coffee,1,2,2,PFAF
Quercus mongolica,Mongolian oak,https://pfaf.org/user/Plant.aspx?LatinName=Quercus+mongolica,Coffee,1,2,2,PFAF
Quercus mongolica grosseserrata,,https://pfaf.org/user/Plant.aspx?LatinName=Quercus+mongolica+grosseserrata,Coffee,1,2,2,PFAF
Quercus muehlenbergii,"Yellow Chestnut Oak, Chinkapin oak",https://pfaf.org/user/Plant.aspx?LatinName=Quercus+muehlenbergii,Coffee,1,3,2,PFAF
Quercus myrsinaefolia,,https://pfaf.org/user/Plant.aspx?LatinName=Quercus+myrsinaefolia,Coffee,1,2,2,PFAF
Quercus nigra,Water Oak,https://pfaf.org/user/Plant.aspx?LatinName=Quercus+nigra,Coffee,1,2,2,PFAF
Quercus oblongifolia,Mexican Blue Oak,https://pfaf.org/user/Plant.aspx?LatinName=Quercus+oblongifolia,Coffee,1,3,2,PFAF
Quercus palustris,"Pin Oak, Swamp Oak",https://pfaf.org/user/Plant.aspx?LatinName=Quercus+palustris,Coffee,1,3,2,PFAF
Quercus petraea,"Sessile Oak, Durmast oak",https://pfaf.org/user/Plant.aspx?LatinName=Quercus+petraea,Coffee; Gum,2,2,3,PFAF
Quercus phellos,Willow Oak,https://pfaf.org/user/Plant.aspx?LatinName=Quercus+phellos,Coffee,1,2,2,PFAF
Quercus phillyreoides,"Black ridge oak,",https://pfaf.org/user/Plant.aspx?LatinName=Quercus+phillyreoides,Coffee,1,3,2,PFAF
Quercus prinoides,Dwarf Chinkapin Oak,https://pfaf.org/user/Plant.aspx?LatinName=Quercus+prinoides,Coffee,1,2,2,PFAF
Quercus prinus,Rock Chestnut Oak,https://pfaf.org/user/Plant.aspx?LatinName=Quercus+prinus,Coffee,1,4,2,PFAF
Quercus pungens,"Sandpaper Oak, Pungent oak",https://pfaf.org/user/Plant.aspx?LatinName=Quercus+pungens,Coffee; Gum,2,2,2,PFAF
Quercus robur,"Pedunculate Oak, English oak",https://pfaf.org/user/Plant.aspx?LatinName=Quercus+robur,Coffee; Gum,2,4,3,PFAF
Quercus rubra,"Red Oak, Northern red oak",https://pfaf.org/user/Plant.aspx?LatinName=Quercus+rubra,Coffee,1,3,2,PFAF
Quercus semecarpifolia,,https://pfaf.org/user/Plant.aspx?LatinName=Quercus+semecarpifolia,Coffee; Drink,2,2,2,PFAF
Quercus serrata,Bao li,https://pfaf.org/user/Plant.aspx?LatinName=Quercus+serrata,Coffee,1,2,2,PFAF
Quercus shumardii,"Shumard Oak, Schneck oak",https://pfaf.org/user/Plant.aspx?LatinName=Quercus+shumardii,Coffee,1,2,2,PFAF
Quercus stellata,Post Oak,https://pfaf.org/user/Plant.aspx?LatinName=Quercus+stellata,Coffee,1,3,2,PFAF
Quercus suber,Cork Oak,https://pfaf.org/user/Plant.aspx?LatinName=Quercus+suber,Coffee,1,2,2,PFAF
Quercus suber occidentalis,Cork Oak,https://pfaf.org/user/Plant.aspx?LatinName=Quercus+suber+occidentalis,Coffee,1,2,2,PFAF
Quercus undulata,Wavyleaf Oak,https://pfaf.org/user/Plant.aspx?LatinName=Quercus+undulata,Coffee,1,2,2,PFAF
Quercus variabilis,Chinese Cork Oak,https://pfaf.org/user/Plant.aspx?LatinName=Quercus+variabilis,Coffee,1,2,2,PFAF
Quercus velutina,Black Oak,https://pfaf.org/user/Plant.aspx?LatinName=Quercus+velutina,Coffee,1,2,3,PFAF
Quercus virginiana,Live Oak,https://pfaf.org/user/Plant.aspx?LatinName=Quercus+virginiana,Coffee; Oil,2,3,2,PFAF
Quercus wislizenii,Live Oak,https://pfaf.org/user/Plant.aspx?LatinName=Quercus+wislizenii,Coffee,1,3,2,PFAF
Quercus x bebbiana,,https://pfaf.org/user/Plant.aspx?LatinName=Quercus+x+bebbiana,Coffee,1,3,2,PFAF
Ranunculus bulbosus,"Bulbous Buttercup, St. Anthony's turnip",https://pfaf.org/user/Plant.aspx?LatinName=Ranunculus+bulbosus,Root,1,1,2,PFAF
Ranunculus ficaria,"Lesser Celandine - Pilewort, Fig buttercup",https://pfaf.org/user/Plant.aspx?LatinName=Ranunculus+ficaria,Condiment; Root,2,1,2,PFAF
Ranunculus inamoeus,Graceful Buttercup,https://pfaf.org/user/Plant.aspx?LatinName=Ranunculus+inamoeus,Root,1,1,0,PFAF
Ranunculus kochii,,https://pfaf.org/user/Plant.aspx?LatinName=Ranunculus+kochii,Flowers; Stem,2,1,0,PFAF
Ranunculus pallasii,"Buttercup, Pallas' buttercup",https://pfaf.org/user/Plant.aspx?LatinName=Ranunculus+pallasii,Root; Shoots,2,1,0,PFAF
Ranunculus repens,"Creeping Buttercup, Prairie Double-flowered Buttercup, Water Buttercup, Creeping Buttercup",https://pfaf.org/user/Plant.aspx?LatinName=Ranunculus+repens,Root,1,1,1,PFAF
Raphanus landra,Radish,https://pfaf.org/user/Plant.aspx?LatinName=Raphanus+landra,Flowers; Seedpod,2,2,0,PFAF
Raphanus maritima,Sea Radish,https://pfaf.org/user/Plant.aspx?LatinName=Raphanus+maritima,Flowers; Root; Seedpod,3,2,0,PFAF
Raphanus raphanistrum,Wild Radish,https://pfaf.org/user/Plant.aspx?LatinName=Raphanus+raphanistrum,Condiment; Flowers; Oil; Seedpod,4,2,1,PFAF
Raphanus sativus,"Radish, Cultivated radish",https://pfaf.org/user/Plant.aspx?LatinName=Raphanus+sativus,Flowers; Oil; Root; Seedpod,4,4,3,PFAF
Raphanus sativus caudatus,Rat-Tail Radish,https://pfaf.org/user/Plant.aspx?LatinName=Raphanus+sativus+caudatus,Flowers; Seedpod,2,3,3,PFAF
Raphanus sativus niger,Oriental Radish,https://pfaf.org/user/Plant.aspx?LatinName=Raphanus+sativus+niger,Flowers; Oil; Root; Seedpod,4,4,3,PFAF
Raphanus sativus oleiformis,Fodder Radish,https://pfaf.org/user/Plant.aspx?LatinName=Raphanus+sativus+oleiformis,Flowers; Oil; Root; Seedpod,4,3,3,PFAF
Raphia farinifera,Raffia Palm,https://pfaf.org/user/Plant.aspx?LatinName=Raphia+farinifera,Drink; Oil; Sap; Stem; Sweetener,5,3,0,PFAF
Raphia hookeri,Ivory Coast Raffia Palm,https://pfaf.org/user/Plant.aspx?LatinName=Raphia+hookeri,Apical bud; Drink; Flowers; Oil; Sap; Stem; Sweetener,7,3,2,PFAF
Raphia vinifera,Wine Raffia Palm. Wine Palm,https://pfaf.org/user/Plant.aspx?LatinName=Raphia+vinifera,Apical bud; Oil; Sap,3,3,0,PFAF
Ratibida columnifera,"Prairie Coneflower, Upright prairie coneflower, Woolly Cinquefoil, Praire Coneflower, Mexican Hat",https://pfaf.org/user/Plant.aspx?LatinName=Ratibida+columnifera,Tea,1,1,1,PFAF
Rehmannia glutinosa,Chinese Foxglove - Di Huang,https://pfaf.org/user/Plant.aspx?LatinName=Rehmannia+glutinosa,Root,1,1,3,PFAF
Reichardia picroides,"French Scorzonera, Common brighteyes",https://pfaf.org/user/Plant.aspx?LatinName=Reichardia+picroides,Root,1,5,0,PFAF
Reseda luteola,"Weld, Dyer's Rocket",https://pfaf.org/user/Plant.aspx?LatinName=Reseda+luteola,Oil,1,0,1,PFAF
Reutealis trisperma,"Otaheite Walnut, Lumbang Tree",https://pfaf.org/user/Plant.aspx?LatinName=Reutealis+trisperma,Oil,1,0,2,PFAF
Reynoutria japonica,Japanese knotweed.,https://pfaf.org/user/Plant.aspx?LatinName=Reynoutria+japonica,Shoots; Stem,2,3,3,PFAF
Rhamnus dahurica,Dahurian Buckthorn,https://pfaf.org/user/Plant.aspx?LatinName=Rhamnus+dahurica,Oil; Tea,2,1,1,PFAF
Rhamnus globosa,lokao,https://pfaf.org/user/Plant.aspx?LatinName=Rhamnus+globosa,Oil,1,0,0,PFAF
Rhamnus leptophyllus,,https://pfaf.org/user/Plant.aspx?LatinName=Rhamnus+leptophyllus,Tea,1,1,0,PFAF
Rhamnus utilis,Chinese Buckthorn,https://pfaf.org/user/Plant.aspx?LatinName=Rhamnus+utilis,Oil,1,0,0,PFAF
Rhamnus virgatus,,https://pfaf.org/user/Plant.aspx?LatinName=Rhamnus+virgatus,Tea,1,1,1,PFAF
Rheum australe,Himalayan Rhubarb,https://pfaf.org/user/Plant.aspx?LatinName=Rheum+australe,Rutin; Stem,2,3,3,PFAF
Rheum compactum,,https://pfaf.org/user/Plant.aspx?LatinName=Rheum+compactum,Stem,1,2,0,PFAF
Rheum nobile,Sikkim Rhubarb,https://pfaf.org/user/Plant.aspx?LatinName=Rheum+nobile,Stem,1,3,2,PFAF
Rheum officinale,Chinese Rhubarb,https://pfaf.org/user/Plant.aspx?LatinName=Rheum+officinale,Rutin; Stem,2,1,3,PFAF
Rheum palmatum,"Turkey Rhubarb, Chinese Rhubarb - Da Huang, Chinese rhubarb",https://pfaf.org/user/Plant.aspx?LatinName=Rheum+palmatum,Stem,1,3,5,PFAF
Rheum rhaponticum,"Rhubarb, Garden rhubarb",https://pfaf.org/user/Plant.aspx?LatinName=Rheum+rhaponticum,Flowers; Stem,2,2,3,PFAF
Rheum ribes,,https://pfaf.org/user/Plant.aspx?LatinName=Rheum+ribes,Stem,1,2,0,PFAF
Rheum spiciforme,,https://pfaf.org/user/Plant.aspx?LatinName=Rheum+spiciforme,Stem,1,2,1,PFAF
Rheum tataricum,Tartarian Rhubarb,https://pfaf.org/user/Plant.aspx?LatinName=Rheum+tataricum,Flowers; Stem,2,2,0,PFAF
Rheum x cultorum,Rhubarb,https://pfaf.org/user/Plant.aspx?LatinName=Rheum+x+cultorum,Colouring; Flowers; Rutin; Stem,4,4,3,PFAF
Rhexia virginica,"Deer Grass, Handsome Harry",https://pfaf.org/user/Plant.aspx?LatinName=Rhexia+virginica,Drink; Root,2,3,1,PFAF
Rhodiola rosea,Rose Root,https://pfaf.org/user/Plant.aspx?LatinName=Rhodiola+rosea,Root; Shoots; Stem,3,2,3,PFAF
Rhododendron anthopogon,,https://pfaf.org/user/Plant.aspx?LatinName=Rhododendron+anthopogon,Tea,1,1,2,PFAF
Rhododendron arboreum,,https://pfaf.org/user/Plant.aspx?LatinName=Rhododendron+arboreum,Flowers,1,1,2,PFAF
Rhododendron indicum,Rhododendron,https://pfaf.org/user/Plant.aspx?LatinName=Rhododendron+indicum,Flowers,1,1,0,PFAF
Rhododendron kaempferi,,https://pfaf.org/user/Plant.aspx?LatinName=Rhododendron+kaempferi,Flowers,1,1,0,PFAF
Rhododendron lapponicum,Lapland Rosebay,https://pfaf.org/user/Plant.aspx?LatinName=Rhododendron+lapponicum,Tea,1,1,0,PFAF
Rhododendron mucronulatum,,https://pfaf.org/user/Plant.aspx?LatinName=Rhododendron+mucronulatum,Flowers,1,1,0,PFAF
Rhodomyrtus tomentosa,Ceylon Hill Gooseberry,https://pfaf.org/user/Plant.aspx?LatinName=Rhodomyrtus+tomentosa,Drink; Flowers,2,4,1,PFAF
Rhus ambigua,,https://pfaf.org/user/Plant.aspx?LatinName=Rhus+ambigua,Oil,1,0,0,PFAF
Rhus aromatica,"Lemon Sumach, Fragrant sumac",https://pfaf.org/user/Plant.aspx?LatinName=Rhus+aromatica,Drink; Oil,2,4,2,PFAF
Rhus chinensis,"Chinese Gall, Chinese sumac",https://pfaf.org/user/Plant.aspx?LatinName=Rhus+chinensis,Curdling agent; Oil; Salt,3,2,3,PFAF
Rhus copallina,"Dwarf Sumach, Winged sumac, Flameleaf Sumac, Winged Sumac, Shining Sumac",https://pfaf.org/user/Plant.aspx?LatinName=Rhus+copallina,Drink; Oil,2,4,2,PFAF
Rhus coriaria,"Elm-Leaved Sumach, Sicilian sumac",https://pfaf.org/user/Plant.aspx?LatinName=Rhus+coriaria,Condiment; Oil,2,2,1,PFAF
Rhus diversiloba,"Western Poison Oak, Pacific poison oak",https://pfaf.org/user/Plant.aspx?LatinName=Rhus+diversiloba,Oil,1,0,2,PFAF
Rhus glabra,Smooth Sumach,https://pfaf.org/user/Plant.aspx?LatinName=Rhus+glabra,Drink; Oil; Root; Shoots; Stem,5,4,3,PFAF
Rhus integrifolia,"Lemonade Berry, Lemonade sumac",https://pfaf.org/user/Plant.aspx?LatinName=Rhus+integrifolia,Coffee; Drink; Oil,3,2,0,PFAF
Rhus microphylla,"Desert Sumach, Littleleaf sumac",https://pfaf.org/user/Plant.aspx?LatinName=Rhus+microphylla,Drink; Oil,2,2,0,PFAF
Rhus ovata,"Sugar Bush, Sugar sumac",https://pfaf.org/user/Plant.aspx?LatinName=Rhus+ovata,Drink; Oil; Sweetener; Tea,4,2,1,PFAF
Rhus potaninii,,https://pfaf.org/user/Plant.aspx?LatinName=Rhus+potaninii,Oil,1,0,2,PFAF
Rhus punjabensis,,https://pfaf.org/user/Plant.aspx?LatinName=Rhus+punjabensis,Drink; Oil,2,3,2,PFAF
Rhus punjabensis sinica,,https://pfaf.org/user/Plant.aspx?LatinName=Rhus+punjabensis+sinica,Drink; Oil,2,3,2,PFAF
Rhus radicans,Poison Ivy,https://pfaf.org/user/Plant.aspx?LatinName=Rhus+radicans,Oil,1,0,1,PFAF
Rhus sempervirens,,https://pfaf.org/user/Plant.aspx?LatinName=Rhus+sempervirens,Drink; Oil,2,2,1,PFAF
Rhus succedanea,Wax Tree,https://pfaf.org/user/Plant.aspx?LatinName=Rhus+succedanea,Drink; Oil,2,1,2,PFAF
Rhus sylvestris,,https://pfaf.org/user/Plant.aspx?LatinName=Rhus+sylvestris,Oil,1,0,0,PFAF
Rhus toxicodendron,Eastern Poison Oak,https://pfaf.org/user/Plant.aspx?LatinName=Rhus+toxicodendron,Oil,1,0,2,PFAF
Rhus trichocarpa,,https://pfaf.org/user/Plant.aspx?LatinName=Rhus+trichocarpa,Oil,1,0,0,PFAF
Rhus trilobata,"Skunk Bush, Basketbush, Squawbush, Three Leaf Sumac",https://pfaf.org/user/Plant.aspx?LatinName=Rhus+trilobata,Drink; Oil,2,4,2,PFAF
Rhus typhina,"Stag's Horn Sumach, Velvet Sumac, Staghorn Sumac",https://pfaf.org/user/Plant.aspx?LatinName=Rhus+typhina,Drink; Oil,2,4,2,PFAF
Rhus vernix,Poison Sumach,https://pfaf.org/user/Plant.aspx?LatinName=Rhus+vernix,Oil,1,0,1,PFAF
Rhus wallichii,,https://pfaf.org/user/Plant.aspx?LatinName=Rhus+wallichii,Oil,1,0,1,PFAF
Rhus x pulvinata,Northern Hybrid Sumac,https://pfaf.org/user/Plant.aspx?LatinName=Rhus+x+pulvinata,Drink; Oil; Root; Shoots; Stem,5,4,2,PFAF
Rhynchosinapis wrightii,Lundy Cabbage,https://pfaf.org/user/Plant.aspx?LatinName=Rhynchosinapis+wrightii,Flowers,1,4,0,PFAF
Ribes aureum,Golden Currant,https://pfaf.org/user/Plant.aspx?LatinName=Ribes+aureum,Flowers,1,4,1,PFAF
Ribes cereum,Wax Currant,https://pfaf.org/user/Plant.aspx?LatinName=Ribes+cereum,Flowers,1,2,1,PFAF
Ribes glandulosum,Skunk Currant,https://pfaf.org/user/Plant.aspx?LatinName=Ribes+glandulosum,Tea,1,2,1,PFAF
Ribes nigrum,"Blackcurrant, European black currant",https://pfaf.org/user/Plant.aspx?LatinName=Ribes+nigrum,Tea,1,5,3,PFAF
Ribes odoratum,Buffalo Currant,https://pfaf.org/user/Plant.aspx?LatinName=Ribes+odoratum,Condiment; Flowers; Tea,3,4,1,PFAF
Ricinodendron heudelotii,"Manketti nut, Zambezi almond, African oil-nut-tree",https://pfaf.org/user/Plant.aspx?LatinName=Ricinodendron+heudelotii,Oil; Salt,2,3,3,PFAF
Ricinus communis,"Castor-Oil Plant, Castorbean, Palma Christi, Wonder Tree, Castor Oil Plant",https://pfaf.org/user/Plant.aspx?LatinName=Ricinus+communis,Oil,1,1,4,PFAF
Ripogonum scandens,Supple Jack,https://pfaf.org/user/Plant.aspx?LatinName=Ripogonum+scandens,Root; Sap; Shoots,3,2,1,PFAF
Robinia flava,,https://pfaf.org/user/Plant.aspx?LatinName=Robinia+flava,Root,1,1,0,PFAF
Robinia luxurians,New Mexico locust,https://pfaf.org/user/Plant.aspx?LatinName=Robinia+luxurians,Flowers,1,1,0,PFAF
Robinia neomexicana,"New Mexico Locust, Rusby's locust, Locust",https://pfaf.org/user/Plant.aspx?LatinName=Robinia+neomexicana,Flowers; Seedpod,2,1,1,PFAF
Robinia pseudoacacia,"Black Locust, Yellow Locust",https://pfaf.org/user/Plant.aspx?LatinName=Robinia+pseudoacacia,Condiment; Drink; Flowers; Oil; Seedpod,5,3,2,PFAF
Romulea bulbocodium,,https://pfaf.org/user/Plant.aspx?LatinName=Romulea+bulbocodium,Root,1,1,0,PFAF
Rosa acicularis,Prickly Rose,https://pfaf.org/user/Plant.aspx?LatinName=Rosa+acicularis,Flowers; Shoots; Stem; Tea,4,2,2,PFAF
Rosa arkansana,Low Prairie Rose,https://pfaf.org/user/Plant.aspx?LatinName=Rosa+arkansana,Shoots; Stem; Tea,3,2,1,PFAF
Rosa blanda,"Labrador Rose, Smooth rose, Hispid rose",https://pfaf.org/user/Plant.aspx?LatinName=Rosa+blanda,Flowers,1,2,2,PFAF
Rosa californica,California Wild Rose,https://pfaf.org/user/Plant.aspx?LatinName=Rosa+californica,Drink,1,2,2,PFAF
Rosa canina,Dog Rose,https://pfaf.org/user/Plant.aspx?LatinName=Rosa+canina,Coffee; Flowers; Tea,3,3,3,PFAF
Rosa carolina,"Pasture Rose, Carolina rose",https://pfaf.org/user/Plant.aspx?LatinName=Rosa+carolina,Flowers,1,2,1,PFAF
Rosa centifolia,"Provence Rose, Cabbage rose",https://pfaf.org/user/Plant.aspx?LatinName=Rosa+centifolia,Flowers; Tea,2,2,2,PFAF
Rosa chinensis,China Rose,https://pfaf.org/user/Plant.aspx?LatinName=Rosa+chinensis,Flowers; Shoots; Stem,3,1,2,PFAF
Rosa fraxinellaefolia,,https://pfaf.org/user/Plant.aspx?LatinName=Rosa+fraxinellaefolia,Shoots; Stem,2,2,1,PFAF
Rosa gallica,French Rose,https://pfaf.org/user/Plant.aspx?LatinName=Rosa+gallica,Condiment; Flowers,2,2,2,PFAF
Rosa gigantea,Manipur Wild-Tea Rose,https://pfaf.org/user/Plant.aspx?LatinName=Rosa+gigantea,Flowers,1,3,1,PFAF
Rosa gymnocarpa,"Wood Rose, Dwarf rose, Gasquet rose",https://pfaf.org/user/Plant.aspx?LatinName=Rosa+gymnocarpa,Flowers; Shoots; Stem; Tea,4,2,1,PFAF
Rosa majalis,"Cinnamon Rose, Double cinnamon rose",https://pfaf.org/user/Plant.aspx?LatinName=Rosa+majalis,Flowers; Shoots; Stem,3,2,1,PFAF
Rosa moschata,Musk Rose,https://pfaf.org/user/Plant.aspx?LatinName=Rosa+moschata,Shoots; Stem,2,2,1,PFAF
Rosa multiflora,"Japanese Rose, Multiflora rose",https://pfaf.org/user/Plant.aspx?LatinName=Rosa+multiflora,Shoots; Stem,2,2,2,PFAF
Rosa nutkana,"Nootka Rose, Bristly Nootka rose",https://pfaf.org/user/Plant.aspx?LatinName=Rosa+nutkana,Flowers; Shoots; Stem; Tea,4,3,2,PFAF
Rosa pimpinellifolia,"Burnet Rose, Scotch rose",https://pfaf.org/user/Plant.aspx?LatinName=Rosa+pimpinellifolia,Tea,1,2,1,PFAF
Rosa pisocarpa,"Cluster Rose, Ahart's cluster rose",https://pfaf.org/user/Plant.aspx?LatinName=Rosa+pisocarpa,Shoots; Stem; Tea,3,2,2,PFAF
Rosa rubiginosa,"Sweet Briar, Sweetbriar rose",https://pfaf.org/user/Plant.aspx?LatinName=Rosa+rubiginosa,Flowers; Shoots; Stem; Tea,4,2,3,PFAF
Rosa rugosa,"Ramanas Rose, Rugosa rose",https://pfaf.org/user/Plant.aspx?LatinName=Rosa+rugosa,Flowers; Shoots; Stem; Tea,4,5,2,PFAF
Rosa villosa,Apple Rose,https://pfaf.org/user/Plant.aspx?LatinName=Rosa+villosa,Tea,1,4,1,PFAF
Rosa wichuraiana,Memorial Rosa,https://pfaf.org/user/Plant.aspx?LatinName=Rosa+wichuraiana,Shoots,1,2,1,PFAF
Rosa woodsii,"Western Wild Rose, Woods' rose, Tehachapi rose",https://pfaf.org/user/Plant.aspx?LatinName=Rosa+woodsii,Flowers; Shoots; Stem; Tea,4,2,2,PFAF
Rosa x damascena,Damask Rose,https://pfaf.org/user/Plant.aspx?LatinName=Rosa+x+damascena,Condiment; Flowers; Shoots; Stem,4,2,1,PFAF
Rosmarinus officinalis,Rosemary,https://pfaf.org/user/Plant.aspx?LatinName=Rosmarinus+officinalis,Condiment; Flowers; Shoots; Tea,4,3,3,PFAF
Rubus allegheniensis,"Alleghany Blackberry, Graves' blackberry",https://pfaf.org/user/Plant.aspx?LatinName=Rubus+allegheniensis,Shoots; Stem,2,3,2,PFAF
Rubus arcticus,"Arctic Bramble, Arctic raspberry, Dwarf raspberry",https://pfaf.org/user/Plant.aspx?LatinName=Rubus+arcticus,Flowers; Tea,2,5,0,PFAF
Rubus australis,,https://pfaf.org/user/Plant.aspx?LatinName=Rubus+australis,Sap,1,2,0,PFAF
Rubus caesius,"Dewberry, European dewberry",https://pfaf.org/user/Plant.aspx?LatinName=Rubus+caesius,Tea,1,2,0,PFAF
Rubus chamaemorus,Cloudberry,https://pfaf.org/user/Plant.aspx?LatinName=Rubus+chamaemorus,Flowers; Tea,2,4,1,PFAF
Rubus cissoides,Bush Lawyer,https://pfaf.org/user/Plant.aspx?LatinName=Rubus+cissoides,Sap,1,2,0,PFAF
Rubus flagellaris,Northern Dewberry,https://pfaf.org/user/Plant.aspx?LatinName=Rubus+flagellaris,Shoots; Stem; Tea,3,3,1,PFAF
Rubus fruticosus,"Blackberry, Shrubby blackberry",https://pfaf.org/user/Plant.aspx?LatinName=Rubus+fruticosus,Root; Shoots; Tea,3,5,3,PFAF
Rubus henryi,,https://pfaf.org/user/Plant.aspx?LatinName=Rubus+henryi,Tea,1,3,0,PFAF
Rubus idaeus,"Raspberry, American red raspberry, Grayleaf red raspberry",https://pfaf.org/user/Plant.aspx?LatinName=Rubus+idaeus,Coffee; Root; Shoots; Stem; Tea,5,5,3,PFAF
Rubus leucodermis,Whitebark Raspberry,https://pfaf.org/user/Plant.aspx?LatinName=Rubus+leucodermis,Shoots; Stem; Tea,3,4,1,PFAF
Rubus macropetalus,California Blackberry,https://pfaf.org/user/Plant.aspx?LatinName=Rubus+macropetalus,Tea,1,2,1,PFAF
Rubus occidentalis,Black Raspberry,https://pfaf.org/user/Plant.aspx?LatinName=Rubus+occidentalis,Shoots; Stem; Tea,3,4,2,PFAF
Rubus parviflorus,Thimbleberry,https://pfaf.org/user/Plant.aspx?LatinName=Rubus+parviflorus,Flowers; Shoots; Stem,3,3,3,PFAF
Rubus parvifolius,Japanese Raspberry,https://pfaf.org/user/Plant.aspx?LatinName=Rubus+parvifolius,Tea,1,3,1,PFAF
Rubus parvus,,https://pfaf.org/user/Plant.aspx?LatinName=Rubus+parvus,Sap,1,3,0,PFAF
Rubus pedatus,"Trailing Wild Raspberry, Strawberryleaf raspberry",https://pfaf.org/user/Plant.aspx?LatinName=Rubus+pedatus,Flowers; Tea,2,3,0,PFAF
Rubus schmidelioides,,https://pfaf.org/user/Plant.aspx?LatinName=Rubus+schmidelioides,Sap,1,2,0,PFAF
Rubus spectabilis,Salmonberry,https://pfaf.org/user/Plant.aspx?LatinName=Rubus+spectabilis,Flowers; Shoots; Stem; Tea,4,3,2,PFAF
Rubus squarrosus,,https://pfaf.org/user/Plant.aspx?LatinName=Rubus+squarrosus,Sap,1,2,0,PFAF
Rubus strigosus,"American Red Raspberry, Grayleaf red raspberry",https://pfaf.org/user/Plant.aspx?LatinName=Rubus+strigosus,Shoots; Stem; Tea,3,3,3,PFAF
Rubus ursinus,"Pacific Dewberry, California blackberry",https://pfaf.org/user/Plant.aspx?LatinName=Rubus+ursinus,Drink; Shoots; Stem; Tea,4,3,2,PFAF
Rudbeckia laciniata,"Cone Flower, Cutleaf coneflower, Green Headed Coneflower",https://pfaf.org/user/Plant.aspx?LatinName=Rudbeckia+laciniata,Stem,1,1,1,PFAF
Rumex acetosa,"Sorrel, Garden sorrel",https://pfaf.org/user/Plant.aspx?LatinName=Rumex+acetosa,Curdling agent; Flowers; Root,3,5,3,PFAF
Rumex acetosella,"Sheeps Sorrel, Common sheep sorrel",https://pfaf.org/user/Plant.aspx?LatinName=Rumex+acetosella,Drink; Root,2,4,3,PFAF
Rumex brownii,Swamp Dock,https://pfaf.org/user/Plant.aspx?LatinName=Rumex+brownii,Coffee,1,2,0,PFAF
Rumex crispus,"Curled Dock, Curly dock",https://pfaf.org/user/Plant.aspx?LatinName=Rumex+crispus,Coffee,1,2,3,PFAF
Rumex hastatus,,https://pfaf.org/user/Plant.aspx?LatinName=Rumex+hastatus,Shoots,1,2,2,PFAF
Rumex hymenosepalus,"Canaigre, Canaigre dock",https://pfaf.org/user/Plant.aspx?LatinName=Rumex+hymenosepalus,Drink; Root; Stem,3,2,2,PFAF
Rumex nepalensis,,https://pfaf.org/user/Plant.aspx?LatinName=Rumex+nepalensis,Root; Shoots,2,1,2,PFAF
Rumex obtusifolius,"Round-Leaved Dock, Bitter dock",https://pfaf.org/user/Plant.aspx?LatinName=Rumex+obtusifolius,Stem,1,1,2,PFAF
Rumex paucifolius,"Fewleaved Dock, Alpine sheep sorrel",https://pfaf.org/user/Plant.aspx?LatinName=Rumex+paucifolius,Stem,1,1,0,PFAF
Rumex salicifolius,"Willow Dock, Toothed willow dock, Lake willow dock, Mexican dock",https://pfaf.org/user/Plant.aspx?LatinName=Rumex+salicifolius,Stem,1,1,2,PFAF
Rumex venosus,"Sour Greens, Veiny dock",https://pfaf.org/user/Plant.aspx?LatinName=Rumex+venosus,Stem,1,1,2,PFAF
Rungia klossii,Mushroom Plant,https://pfaf.org/user/Plant.aspx?LatinName=Rungia+klossii,Shoots,1,4,0,PFAF
Ruscus aculeatus,Butcher's Broom - Knee Holly,https://pfaf.org/user/Plant.aspx?LatinName=Ruscus+aculeatus,Coffee; Shoots; Stem,3,1,3,PFAF
Ruta chalepensis,"Egyptian Rue, Fringed rue",https://pfaf.org/user/Plant.aspx?LatinName=Ruta+chalepensis,Condiment,1,1,1,PFAF
Ruta graveolens,"Rue, Common rue, Herb of Grace, Garden Rue",https://pfaf.org/user/Plant.aspx?LatinName=Ruta+graveolens,Condiment; Rutin; Tea,3,1,3,PFAF
Ruta montana,Mountain Rue,https://pfaf.org/user/Plant.aspx?LatinName=Ruta+montana,Condiment,1,1,0,PFAF
Sabal minor,"Bush Palmetto, Dwarf palmetto",https://pfaf.org/user/Plant.aspx?LatinName=Sabal+minor,Root; Sap,2,2,1,PFAF
Sabal palmetto,"Cabbage Palmetto, Blue Palmetto, Common Palmetto",https://pfaf.org/user/Plant.aspx?LatinName=Sabal+palmetto,Sap,1,2,1,PFAF
Sabatia angularis,"Bitter Bloom, Rosepink",https://pfaf.org/user/Plant.aspx?LatinName=Sabatia+angularis,Tea,1,1,1,PFAF
Sabatia campestris,"Prairie Rose Gentian, Texas star",https://pfaf.org/user/Plant.aspx?LatinName=Sabatia+campestris,Tea,1,1,1,PFAF
Sabatia elliotii,,https://pfaf.org/user/Plant.aspx?LatinName=Sabatia+elliotii,Tea,1,1,1,PFAF
Saccharum hybrids,Energy Cane,https://pfaf.org/user/Plant.aspx?LatinName=Saccharum+hybrids,Sap; Stem,2,4,2,PFAF
Saccharum officinarum,"Sugarcane, Purple Sugar Cane",https://pfaf.org/user/Plant.aspx?LatinName=Saccharum+officinarum,Drink; Sap; Stem; Sweetener,4,4,2,PFAF
Sagittaria brevirosta,Short-Beaked Arrow Leaf,https://pfaf.org/user/Plant.aspx?LatinName=Sagittaria+brevirosta,Root,1,2,0,PFAF
Sagittaria chapmanii,Chapman's arrowhead,https://pfaf.org/user/Plant.aspx?LatinName=Sagittaria+chapmanii,Stem,1,0,0,PFAF
Sagittaria cuneata,"Wapato, arumleaf arrowhead",https://pfaf.org/user/Plant.aspx?LatinName=Sagittaria+cuneata,Root,1,4,1,PFAF
Sagittaria graminea,"Chinese Arrowhead, Grassy Arrowhead, Weatherby's arrowhead",https://pfaf.org/user/Plant.aspx?LatinName=Sagittaria+graminea,Root; Shoots,2,1,0,PFAF
Sagittaria latifolia,"Duck Potato, Broadleaf Arrowhead",https://pfaf.org/user/Plant.aspx?LatinName=Sagittaria+latifolia,Root,1,5,1,PFAF
Sagittaria rigida,Sessile-Fruited Arrowhead,https://pfaf.org/user/Plant.aspx?LatinName=Sagittaria+rigida,Root,1,3,0,PFAF
Sagittaria sagittifolia,"Arrow Head, Hawaii arrowhead",https://pfaf.org/user/Plant.aspx?LatinName=Sagittaria+sagittifolia,Root,1,5,1,PFAF
Sagittaria sagittifolia leucopetala,,https://pfaf.org/user/Plant.aspx?LatinName=Sagittaria+sagittifolia+leucopetala,Root,1,3,1,PFAF
Sagittaria trifolia,"Chinese Arrowroot, Threeleaf arrowhead",https://pfaf.org/user/Plant.aspx?LatinName=Sagittaria+trifolia,Root,1,4,2,PFAF
Salicornia bigelovii,"Dwarf Glasswort, Dwarf saltwort",https://pfaf.org/user/Plant.aspx?LatinName=Salicornia+bigelovii,Oil,1,4,0,PFAF
Salicornia europaea,Glasswort,https://pfaf.org/user/Plant.aspx?LatinName=Salicornia+europaea,Oil; Shoots,2,3,0,PFAF
Salicornia quinqueflora,Chicken Claws,https://pfaf.org/user/Plant.aspx?LatinName=Salicornia+quinqueflora,Shoots,1,1,0,PFAF
Salicornia rubra,"Red Glasswort, red swampfire",https://pfaf.org/user/Plant.aspx?LatinName=Salicornia+rubra,Stem,1,1,0,PFAF
Salix 'Bowles hybrid',,https://pfaf.org/user/Plant.aspx?LatinName=Salix+%27Bowles+hybrid%27,Inner bark,1,1,2,PFAF
Salix 'Forbiana',,https://pfaf.org/user/Plant.aspx?LatinName=Salix+%27Forbiana%27,Inner bark,1,1,2,PFAF
Salix acutifolia,Sharp-Leaf Willow,https://pfaf.org/user/Plant.aspx?LatinName=Salix+acutifolia,Inner bark; Shoots,2,1,2,PFAF
Salix aegyptiaca,,https://pfaf.org/user/Plant.aspx?LatinName=Salix+aegyptiaca,Drink; Flowers; Inner bark; Shoots,4,1,2,PFAF
Salix alaxensis,Feltleaf Wiillow,https://pfaf.org/user/Plant.aspx?LatinName=Salix+alaxensis,Inner bark; Nectar; Shoots,3,1,2,PFAF
Salix alba,White Willow,https://pfaf.org/user/Plant.aspx?LatinName=Salix+alba,Inner bark; Shoots; Tea,3,1,3,PFAF
Salix alba caerulea,Cricket Bat Willow,https://pfaf.org/user/Plant.aspx?LatinName=Salix+alba+caerulea,Inner bark; Shoots; Tea,3,1,3,PFAF
Salix alba vitellina,Golden Willow,https://pfaf.org/user/Plant.aspx?LatinName=Salix+alba+vitellina,Inner bark; Shoots; Tea,3,1,3,PFAF
Salix appendiculata,,https://pfaf.org/user/Plant.aspx?LatinName=Salix+appendiculata,Inner bark; Shoots,2,1,2,PFAF
Salix arenaria,,https://pfaf.org/user/Plant.aspx?LatinName=Salix+arenaria,Inner bark; Shoots,2,1,2,PFAF
Salix babylonica,"Weeping Willow, Babylon Weeping Willow",https://pfaf.org/user/Plant.aspx?LatinName=Salix+babylonica,Inner bark; Manna; Shoots; Tea,4,1,3,PFAF
Salix bakko,,https://pfaf.org/user/Plant.aspx?LatinName=Salix+bakko,Inner bark; Shoots,2,1,2,PFAF
Salix brachycarpa,shortfruit willow,https://pfaf.org/user/Plant.aspx?LatinName=Salix+brachycarpa,Inner bark; Shoots,2,1,2,PFAF
Salix caprea,"Goat Willow, Kilmarnock Willow, Pink Pussy Willow, Pussy Willow",https://pfaf.org/user/Plant.aspx?LatinName=Salix+caprea,Inner bark; Manna; Shoots,3,1,2,PFAF
Salix chaenomeloides,Japanese Pussy Willow,https://pfaf.org/user/Plant.aspx?LatinName=Salix+chaenomeloides,Inner bark; Shoots,2,1,2,PFAF
Salix commutata,undergreen willow,https://pfaf.org/user/Plant.aspx?LatinName=Salix+commutata,Inner bark; Shoots,2,1,2,PFAF
Salix daphnoides,"Violet Willow, Daphne willow",https://pfaf.org/user/Plant.aspx?LatinName=Salix+daphnoides,Flowers; Inner bark; Root; Shoots,4,1,2,PFAF
Salix decipiens,,https://pfaf.org/user/Plant.aspx?LatinName=Salix+decipiens,Inner bark; Shoots,2,1,2,PFAF
Salix exigua,"Coyote Willow, Narrowleaf willow",https://pfaf.org/user/Plant.aspx?LatinName=Salix+exigua,Drink,1,1,2,PFAF
Salix fragilis,Crack Willow,https://pfaf.org/user/Plant.aspx?LatinName=Salix+fragilis,Inner bark; Shoots; Sweetener,3,1,3,PFAF
Salix gilgiana,Willow,https://pfaf.org/user/Plant.aspx?LatinName=Salix+gilgiana,Inner bark; Shoots; Tea,3,1,2,PFAF
Salix gooddingii,Goodding's Willow,https://pfaf.org/user/Plant.aspx?LatinName=Salix+gooddingii,Flowers; Inner bark; Manna; Shoots; Tea,5,1,2,PFAF
Salix gracilistyla,Rosegold Pussy Willow,https://pfaf.org/user/Plant.aspx?LatinName=Salix+gracilistyla,Inner bark; Tea,2,1,2,PFAF
Salix hastata,"Halberd-Leaved Willow, Halberd willow",https://pfaf.org/user/Plant.aspx?LatinName=Salix+hastata,Inner bark; Oil; Shoots,3,1,2,PFAF
Salix hookeriana,Dune Willow,https://pfaf.org/user/Plant.aspx?LatinName=Salix+hookeriana,Inner bark; Shoots,2,1,2,PFAF
Salix hybrids,Hybrid willows,https://pfaf.org/user/Plant.aspx?LatinName=Salix+hybrids,Inner bark,1,3,3,PFAF
Salix japonica,,https://pfaf.org/user/Plant.aspx?LatinName=Salix+japonica,Inner bark; Shoots,2,1,2,PFAF
Salix lanata,Woolly Willow,https://pfaf.org/user/Plant.aspx?LatinName=Salix+lanata,Inner bark; Shoots,2,1,2,PFAF
Salix lucida lasiandra,Pacific Willow,https://pfaf.org/user/Plant.aspx?LatinName=Salix+lucida+lasiandra,Shoots,1,1,2,PFAF
Salix matsudana,"Corkscrew willow, Hankow Willow, Peking Willow, Corkscrew Willow",https://pfaf.org/user/Plant.aspx?LatinName=Salix+matsudana,Inner bark; Shoots,2,1,2,PFAF
Salix nigra,Black Willow,https://pfaf.org/user/Plant.aspx?LatinName=Salix+nigra,Inner bark; Shoots,2,1,3,PFAF
Salix nipponica,,https://pfaf.org/user/Plant.aspx?LatinName=Salix+nipponica,Inner bark; Shoots,2,1,2,PFAF
Salix pentandra,"Bay Willow, Laurel willow",https://pfaf.org/user/Plant.aspx?LatinName=Salix+pentandra,Inner bark; Shoots,2,1,3,PFAF
Salix piperi,Dune Willow,https://pfaf.org/user/Plant.aspx?LatinName=Salix+piperi,Inner bark; Shoots,2,1,2,PFAF
Salix pulchra,Tealeaf Willow,https://pfaf.org/user/Plant.aspx?LatinName=Salix+pulchra,Flowers; Inner bark; Shoots; Tea,4,1,2,PFAF
Salix purpurea,Purple Osier. purpleosier willow,https://pfaf.org/user/Plant.aspx?LatinName=Salix+purpurea,Inner bark; Shoots,2,1,3,PFAF
Salix purpurea lambertiana,Purple Osier,https://pfaf.org/user/Plant.aspx?LatinName=Salix+purpurea+lambertiana,Inner bark; Shoots,2,1,3,PFAF
Salix repens,Creeping Willow,https://pfaf.org/user/Plant.aspx?LatinName=Salix+repens,Inner bark; Oil; Shoots,3,1,2,PFAF
Salix sitchensis,Sitka Willow,https://pfaf.org/user/Plant.aspx?LatinName=Salix+sitchensis,Inner bark; Shoots,2,1,2,PFAF
Salix sungkianika,Salix sungkianica,https://pfaf.org/user/Plant.aspx?LatinName=Salix+sungkianika,Shoots,1,1,2,PFAF
Salix taxifolia,Yew-Leaf Willow,https://pfaf.org/user/Plant.aspx?LatinName=Salix+taxifolia,Inner bark; Shoots,2,1,2,PFAF
Salix triandra,"Almond-Leaved Willow, Almond willow",https://pfaf.org/user/Plant.aspx?LatinName=Salix+triandra,Inner bark; Shoots,2,1,2,PFAF
Salix viminalis,Osier. Basket Willow,https://pfaf.org/user/Plant.aspx?LatinName=Salix+viminalis,Inner bark; Shoots,2,1,2,PFAF
Salix wallichiana,,https://pfaf.org/user/Plant.aspx?LatinName=Salix+wallichiana,Inner bark; Shoots,2,1,2,PFAF
Salix x mollisima hippophaeifolia,Osier,https://pfaf.org/user/Plant.aspx?LatinName=Salix+x+mollisima+hippophaeifolia,Inner bark; Shoots,2,1,2,PFAF
Salix x mollisima undulata,,https://pfaf.org/user/Plant.aspx?LatinName=Salix+x+mollisima+undulata,Inner bark; Shoots,2,1,2,PFAF
Salix x rubra,"Green-leaved willow, Red osier",https://pfaf.org/user/Plant.aspx?LatinName=Salix+x+rubra,Inner bark; Shoots,2,1,2,PFAF
Salix x smithiana,"Silky-leaved Osier, Smith Willow",https://pfaf.org/user/Plant.aspx?LatinName=Salix+x+smithiana,Inner bark; Shoots,2,1,2,PFAF
Salsola tragus,Prickly Russian Thistle,https://pfaf.org/user/Plant.aspx?LatinName=Salsola+tragus,Shoots,1,2,1,PFAF
Salvia apiana,"White Sage, Compact white sage",https://pfaf.org/user/Plant.aspx?LatinName=Salvia+apiana,Condiment; Drink; Stem,3,3,1,PFAF
Salvia ballotaeflora,,https://pfaf.org/user/Plant.aspx?LatinName=Salvia+ballotaeflora,Tea,1,1,0,PFAF
Salvia carduacea,Thistle Sage,https://pfaf.org/user/Plant.aspx?LatinName=Salvia+carduacea,Drink,1,2,0,PFAF
Salvia clevelandii,"Blue Sage, Fragrant sage, Chaparral Sage",https://pfaf.org/user/Plant.aspx?LatinName=Salvia+clevelandii,Condiment,1,1,0,PFAF
Salvia columbariae,"Chia, Ziegler's sage",https://pfaf.org/user/Plant.aspx?LatinName=Salvia+columbariae,Condiment; Drink,2,3,2,PFAF
Salvia dorisiana,Sage Fruity Pineapple,https://pfaf.org/user/Plant.aspx?LatinName=Salvia+dorisiana,Condiment; Flowers; Tea,3,3,0,PFAF
Salvia elegans,"Pineapple Sage, Pineapple-scented Sage,",https://pfaf.org/user/Plant.aspx?LatinName=Salvia+elegans,Condiment,1,3,1,PFAF
Salvia fruticosa,"Greek Sage, Greek oregano",https://pfaf.org/user/Plant.aspx?LatinName=Salvia+fruticosa,Condiment; Tea,2,2,3,PFAF
Salvia glutinosa,"Jupiter's Distaff, Sticky Sage",https://pfaf.org/user/Plant.aspx?LatinName=Salvia+glutinosa,Condiment; Gum,2,1,0,PFAF
Salvia hispanica,"Mexican Chia, Chia",https://pfaf.org/user/Plant.aspx?LatinName=Salvia+hispanica,Drink,1,3,0,PFAF
Salvia japonica,,https://pfaf.org/user/Plant.aspx?LatinName=Salvia+japonica,Flowers,1,1,0,PFAF
Salvia lanata,,https://pfaf.org/user/Plant.aspx?LatinName=Salvia+lanata,Stem,1,1,1,PFAF
Salvia lanigera,Wrinkle-Leaved Sage,https://pfaf.org/user/Plant.aspx?LatinName=Salvia+lanigera,Tea,1,1,0,PFAF
Salvia lavandulifolia,Spanish Sage,https://pfaf.org/user/Plant.aspx?LatinName=Salvia+lavandulifolia,Condiment; Tea,2,2,3,PFAF
Salvia leucantha,Mexican Bush Sage,https://pfaf.org/user/Plant.aspx?LatinName=Salvia+leucantha,Flowers,1,0,1,PFAF
Salvia mellifera,Californian Black Sage,https://pfaf.org/user/Plant.aspx?LatinName=Salvia+mellifera,Condiment; Tea,2,1,2,PFAF
Salvia microphylla,Blackcurrant Sage,https://pfaf.org/user/Plant.aspx?LatinName=Salvia+microphylla,Condiment; Tea,2,2,2,PFAF
Salvia moorcroftiana,,https://pfaf.org/user/Plant.aspx?LatinName=Salvia+moorcroftiana,Stem,1,1,1,PFAF
Salvia multicaulis,,https://pfaf.org/user/Plant.aspx?LatinName=Salvia+multicaulis,Condiment; Tea,2,1,0,PFAF
Salvia officinalis,"Sage, Kitchen sage, Small Leaf Sage, Garden Sage",https://pfaf.org/user/Plant.aspx?LatinName=Salvia+officinalis,Condiment; Flowers; Tea,3,4,5,PFAF
Salvia plebeia,,https://pfaf.org/user/Plant.aspx?LatinName=Salvia+plebeia,Condiment; Flowers,2,1,1,PFAF
Salvia pomifera,Apple Sage,https://pfaf.org/user/Plant.aspx?LatinName=Salvia+pomifera,Condiment; Tea,2,2,2,PFAF
Salvia pratensis,"Meadow Clary, Introduced sage",https://pfaf.org/user/Plant.aspx?LatinName=Salvia+pratensis,Condiment,1,1,0,PFAF
Salvia reflexa,"Mintweed, Lanceleaf sage",https://pfaf.org/user/Plant.aspx?LatinName=Salvia+reflexa,Drink,1,1,0,PFAF
Salvia sclarea,"Clary, Europe sage, Clary Sage",https://pfaf.org/user/Plant.aspx?LatinName=Salvia+sclarea,Condiment; Flowers; Oil,3,2,2,PFAF
Salvia sylvestris,"Balkan Clary, Woodland sage",https://pfaf.org/user/Plant.aspx?LatinName=Salvia+sylvestris,Condiment,1,1,0,PFAF
Salvia tomentosa,Balsamic Sage,https://pfaf.org/user/Plant.aspx?LatinName=Salvia+tomentosa,Condiment; Tea,2,1,0,PFAF
Salvia verbenaca,Wild Clary,https://pfaf.org/user/Plant.aspx?LatinName=Salvia+verbenaca,Condiment; Flowers; Tea,3,2,2,PFAF
Salvia viridis,"Clary, Annual clary",https://pfaf.org/user/Plant.aspx?LatinName=Salvia+viridis,Condiment,1,2,2,PFAF
Samanea saman,"Rain Tree, False Powder Puff, Monkey Pod",https://pfaf.org/user/Plant.aspx?LatinName=Samanea+saman,Drink; Gum; Seedpod,3,3,2,PFAF
Sambucus caerulea,Blue Elder,https://pfaf.org/user/Plant.aspx?LatinName=Sambucus+caerulea,Flowers; Tea,2,4,2,PFAF
Sambucus chinensis,Chinese Elder,https://pfaf.org/user/Plant.aspx?LatinName=Sambucus+chinensis,Root,1,2,1,PFAF
Sambucus ebulus,"Dwarf Elder, Dwarf elderberry",https://pfaf.org/user/Plant.aspx?LatinName=Sambucus+ebulus,Tea,1,1,2,PFAF
Sambucus gaudichaudiana,White Elderberry,https://pfaf.org/user/Plant.aspx?LatinName=Sambucus+gaudichaudiana,Flowers,1,2,0,PFAF
Sambucus javanica,Chinese Elder,https://pfaf.org/user/Plant.aspx?LatinName=Sambucus+javanica,Flowers; Root,2,1,2,PFAF
Sambucus melanocarpa,"Black Elder, Rocky Mountain elder",https://pfaf.org/user/Plant.aspx?LatinName=Sambucus+melanocarpa,Flowers,1,2,2,PFAF
Sambucus mexicana,Mexican Elder,https://pfaf.org/user/Plant.aspx?LatinName=Sambucus+mexicana,Flowers,1,2,1,PFAF
Sambucus microbotrys,Red Elder,https://pfaf.org/user/Plant.aspx?LatinName=Sambucus+microbotrys,Flowers,1,1,0,PFAF
Sambucus nigra,"Elderberry - European Elder, Black elderberry, American black elderberry, Blue elderberry, Europea",https://pfaf.org/user/Plant.aspx?LatinName=Sambucus+nigra,Colouring; Flowers; Tea,3,4,3,PFAF
Sambucus nigra spp canadensis,American Elder,https://pfaf.org/user/Plant.aspx?LatinName=Sambucus+nigra+spp+canadensis,Drink; Flowers; Shoots; Tea,4,4,3,PFAF
Sambucus pubens,American Red Elder,https://pfaf.org/user/Plant.aspx?LatinName=Sambucus+pubens,Flowers; Tea,2,3,1,PFAF
Sambucus racemosa,"Red Elder, Red elderberry, Rocky Mountain elder, European Red Elderberry",https://pfaf.org/user/Plant.aspx?LatinName=Sambucus+racemosa,Flowers,1,3,2,PFAF
Sambucus racemosa kamtschatica,Red Elder,https://pfaf.org/user/Plant.aspx?LatinName=Sambucus+racemosa+kamtschatica,Flowers,1,3,2,PFAF
Sanguisorba minor,"Salad Burnet, Small burnet",https://pfaf.org/user/Plant.aspx?LatinName=Sanguisorba+minor,Shoots; Tea,2,4,2,PFAF
Sanguisorba officinalis,Great Burnet,https://pfaf.org/user/Plant.aspx?LatinName=Sanguisorba+officinalis,Tea,1,2,3,PFAF
Sanicula europaea,Wood Sanicle,https://pfaf.org/user/Plant.aspx?LatinName=Sanicula+europaea,Shoots,1,1,2,PFAF
Sanicula tuberosa,Turkey Pea,https://pfaf.org/user/Plant.aspx?LatinName=Sanicula+tuberosa,Root,1,2,0,PFAF
Sanseviera aethiopica,Bowstring Hemp,https://pfaf.org/user/Plant.aspx?LatinName=Sanseviera+aethiopica,Drink,1,1,0,PFAF
Santalum murrayanum,,https://pfaf.org/user/Plant.aspx?LatinName=Santalum+murrayanum,Inner bark,1,1,0,PFAF
Santalum spicatum,West Australian Sandalwood,https://pfaf.org/user/Plant.aspx?LatinName=Santalum+spicatum,Oil; Seedpod,2,2,2,PFAF
Santolina chamaecyparissus,Cotton Lavender,https://pfaf.org/user/Plant.aspx?LatinName=Santolina+chamaecyparissus,Condiment,1,2,2,PFAF
Santolina rosmarinifolia,Holy Flax,https://pfaf.org/user/Plant.aspx?LatinName=Santolina+rosmarinifolia,Condiment; Drink; Flowers; Tea,4,2,0,PFAF
Sapindus saponaria,"Soapberry, Wild Chinaberry, Florida Soap Berry, Soap Nut, Soap Tree",https://pfaf.org/user/Plant.aspx?LatinName=Sapindus+saponaria,Oil,1,0,2,PFAF
Sapium sebiferum,"Vegetable Tallow, Chinese tallow, Popcorn Tree, Chinese Tallow Tree",https://pfaf.org/user/Plant.aspx?LatinName=Sapium+sebiferum,Oil,1,2,2,PFAF
Sarcobatus vermiculatus,Greasewood,https://pfaf.org/user/Plant.aspx?LatinName=Sarcobatus+vermiculatus,Shoots,1,2,1,PFAF
Sasa cernua,,https://pfaf.org/user/Plant.aspx?LatinName=Sasa+cernua,Shoots; Stem,2,1,0,PFAF
Sasa chimakisasa,,https://pfaf.org/user/Plant.aspx?LatinName=Sasa+chimakisasa,Shoots; Stem,2,1,0,PFAF
Sasa kurilensis,Chishima Zasa,https://pfaf.org/user/Plant.aspx?LatinName=Sasa+kurilensis,Shoots; Stem,2,4,1,PFAF
Sasa nipponica,Miyako-Zasa,https://pfaf.org/user/Plant.aspx?LatinName=Sasa+nipponica,Shoots,1,4,0,PFAF
Sasa senanensis,,https://pfaf.org/user/Plant.aspx?LatinName=Sasa+senanensis,Shoots; Stem,2,2,0,PFAF
Sasa veitchii,"Kuma-Zasa, Kuma bamboo grass",https://pfaf.org/user/Plant.aspx?LatinName=Sasa+veitchii,Shoots; Stem,2,1,0,PFAF
Sassafras albidum,"Sassafras, Common Sassafras",https://pfaf.org/user/Plant.aspx?LatinName=Sassafras+albidum,Condiment; Shoots; Tea,3,5,3,PFAF
Satureja hortensis,Summer Savory,https://pfaf.org/user/Plant.aspx?LatinName=Satureja+hortensis,Condiment; Shoots; Tea,3,3,2,PFAF
Satureja montana,Winter Savory,https://pfaf.org/user/Plant.aspx?LatinName=Satureja+montana,Condiment; Tea,2,4,3,PFAF
Satureja spicigera,Creeping Savory,https://pfaf.org/user/Plant.aspx?LatinName=Satureja+spicigera,Condiment,1,3,2,PFAF
Satureja thymbra,Thyme-Leaved Savory,https://pfaf.org/user/Plant.aspx?LatinName=Satureja+thymbra,Condiment; Shoots; Tea,3,2,2,PFAF
Sauropus androgynus,"Sweet Leaf, Sweetleaf Bush, Katuk",https://pfaf.org/user/Plant.aspx?LatinName=Sauropus+androgynus,Colouring; Shoots,2,5,2,PFAF
Saussurea affinis,,https://pfaf.org/user/Plant.aspx?LatinName=Saussurea+affinis,Shoots,1,1,1,PFAF
Saussurea costus,Costus,https://pfaf.org/user/Plant.aspx?LatinName=Saussurea+costus,Condiment,1,2,3,PFAF
Saxifraga stolonifera,"Strawberry Saxifrage, Creeping Saxifrage, Strawberry Geranium, Strawberry Begonia",https://pfaf.org/user/Plant.aspx?LatinName=Saxifraga+stolonifera,Stem,1,2,2,PFAF
Scabiosa japonica,,https://pfaf.org/user/Plant.aspx?LatinName=Scabiosa+japonica,Root,1,1,0,PFAF
Scandix pecten-veneris,Shepherd's Needle,https://pfaf.org/user/Plant.aspx?LatinName=Scandix+pecten-veneris,Stem,1,2,0,PFAF
Schinus molle,"California Peppertree, Peruvian peppertree",https://pfaf.org/user/Plant.aspx?LatinName=Schinus+molle,Condiment; Drink; Gum; Inner bark; Oil; Stem,6,2,1,PFAF
Schinus polygamus,"Huigen, Hardee peppertree",https://pfaf.org/user/Plant.aspx?LatinName=Schinus+polygamus,Condiment,1,1,1,PFAF
Schinziophyton rautanenii,Mongongo Nut. Manketti Tree,https://pfaf.org/user/Plant.aspx?LatinName=Schinziophyton+rautanenii,Oil,1,3,2,PFAF
Schisandra chinensis,"Magnolia Vine, Wu Wei Zi",https://pfaf.org/user/Plant.aspx?LatinName=Schisandra+chinensis,Gum,1,4,5,PFAF
Schisandra repanda,,https://pfaf.org/user/Plant.aspx?LatinName=Schisandra+repanda,Tea,1,2,0,PFAF
Schizostachyum spp,Clumping Bamboo,https://pfaf.org/user/Plant.aspx?LatinName=Schizostachyum+spp,Shoots,1,2,3,PFAF
Schleichera oleosa,"Malay Lac Tree. Lac tree, Ceylon oak",https://pfaf.org/user/Plant.aspx?LatinName=Schleichera+oleosa,Oil; Shoots,2,3,2,PFAF
Schoenoplectus californicus tatora,Totora,https://pfaf.org/user/Plant.aspx?LatinName=Schoenoplectus+californicus+tatora,Stem,1,2,0,PFAF
Sciadopitys verticillata,"Umbrella Pine, Japanese Umbrella Pine",https://pfaf.org/user/Plant.aspx?LatinName=Sciadopitys+verticillata,Oil,1,0,0,PFAF
Scilla scilloides,,https://pfaf.org/user/Plant.aspx?LatinName=Scilla+scilloides,Root,1,1,1,PFAF
Scirpus acutus,Hard Stem Bulrush,https://pfaf.org/user/Plant.aspx?LatinName=Scirpus+acutus,Pollen; Root; Shoots,3,3,1,PFAF
Scirpus affinis,,https://pfaf.org/user/Plant.aspx?LatinName=Scirpus+affinis,Root,1,2,0,PFAF
Scirpus americanus,American Bulrush,https://pfaf.org/user/Plant.aspx?LatinName=Scirpus+americanus,Pollen; Root; Stem,3,2,0,PFAF
Scirpus fluviatilis,River Bulrush,https://pfaf.org/user/Plant.aspx?LatinName=Scirpus+fluviatilis,Root; Stem,2,2,1,PFAF
Scirpus lacustris,Bulrush,https://pfaf.org/user/Plant.aspx?LatinName=Scirpus+lacustris,Pollen; Root; Shoots; Stem,4,3,1,PFAF
Scirpus maritimus,Seaside Bulrush. Cosmopolitan Bulrush,https://pfaf.org/user/Plant.aspx?LatinName=Scirpus+maritimus,Root,1,3,1,PFAF
Scirpus microcarpus,Panicled Bulrush,https://pfaf.org/user/Plant.aspx?LatinName=Scirpus+microcarpus,Pollen; Stem,2,3,1,PFAF
Scirpus paludosus,Bayonet Grass,https://pfaf.org/user/Plant.aspx?LatinName=Scirpus+paludosus,Pollen,1,2,0,PFAF
Scirpus subterminalis,Water Bulrush,https://pfaf.org/user/Plant.aspx?LatinName=Scirpus+subterminalis,Pollen; Stem,2,2,0,PFAF
Scirpus validus,River Club-Rush,https://pfaf.org/user/Plant.aspx?LatinName=Scirpus+validus,Pollen; Shoots,2,2,1,PFAF
Scirpus validus creber,Soft-Stem Bulrush,https://pfaf.org/user/Plant.aspx?LatinName=Scirpus+validus+creber,Pollen; Shoots,2,2,1,PFAF
Sclerocarya birrea,Marula,https://pfaf.org/user/Plant.aspx?LatinName=Sclerocarya+birrea,Oil,1,3,3,PFAF
Scolymus grandiflorus,common goldenthistle,https://pfaf.org/user/Plant.aspx?LatinName=Scolymus+grandiflorus,Stem,1,1,0,PFAF
Scolymus hispanicus,"Spanish Salsify, Common Goldenthistle",https://pfaf.org/user/Plant.aspx?LatinName=Scolymus+hispanicus,Coffee; Colouring; Stem,3,3,0,PFAF
Scoparia dulcis,"Sweet Broom, Licorice Weed, Vassourinha",https://pfaf.org/user/Plant.aspx?LatinName=Scoparia+dulcis,Drink,1,2,4,PFAF
Scorpiurus muricatus,Prickly scorpion's-tail,https://pfaf.org/user/Plant.aspx?LatinName=Scorpiurus+muricatus,Seedpod,1,1,0,PFAF
Scorpiurus vermiculatus,,https://pfaf.org/user/Plant.aspx?LatinName=Scorpiurus+vermiculatus,Seedpod,1,1,0,PFAF
Scorzonera hispanica,Scorzonera,https://pfaf.org/user/Plant.aspx?LatinName=Scorzonera+hispanica,Coffee; Flowers; Shoots,3,4,0,PFAF
Scorzonera mollis,,https://pfaf.org/user/Plant.aspx?LatinName=Scorzonera+mollis,Flowers,1,2,0,PFAF
Scorzonera mongolica,,https://pfaf.org/user/Plant.aspx?LatinName=Scorzonera+mongolica,Flowers,1,2,0,PFAF
Scorzonera papposa,,https://pfaf.org/user/Plant.aspx?LatinName=Scorzonera+papposa,Flowers; Shoots,2,2,0,PFAF
Scorzonera undulata,,https://pfaf.org/user/Plant.aspx?LatinName=Scorzonera+undulata,Flowers,1,2,0,PFAF
Scorzonera undulata deliciosa,,https://pfaf.org/user/Plant.aspx?LatinName=Scorzonera+undulata+deliciosa,Flowers,1,3,0,PFAF
Scutellaria baicalensis,Baikal Skullcap - Huang-Qin,https://pfaf.org/user/Plant.aspx?LatinName=Scutellaria+baicalensis,Tea,1,1,3,PFAF
Secale cereale,"Rye, Cereal rye",https://pfaf.org/user/Plant.aspx?LatinName=Secale+cereale,Coffee; Oil; Sweetener,3,4,1,PFAF
Secale hybrids,Perennial cereal rye,https://pfaf.org/user/Plant.aspx?LatinName=Secale+hybrids,Oil,1,5,1,PFAF
Sechium edule,"Chayote, Mirliton, Cho Ko, Cho-Cho, Vegetable Pear",https://pfaf.org/user/Plant.aspx?LatinName=Sechium+edule,Flowers; Shoots,2,4,2,PFAF
Sedum acre,"Common Stonecrop, Goldmoss stonecrop, Gold Moss Sedum",https://pfaf.org/user/Plant.aspx?LatinName=Sedum+acre,Condiment,1,1,2,PFAF
Sedum oreganum,Oregon stonecrop,https://pfaf.org/user/Plant.aspx?LatinName=Sedum+oreganum,Shoots,1,1,0,PFAF
Selaginella tamariscina,,https://pfaf.org/user/Plant.aspx?LatinName=Selaginella+tamariscina,Shoots,1,1,2,PFAF
Semecarpus anacardium,Marking Nut Tree. Oriental Cashew,https://pfaf.org/user/Plant.aspx?LatinName=Semecarpus+anacardium,Flowers,1,2,3,PFAF
Semiarundinaria fastuosa,"Narihiradake, Narihira bamboo",https://pfaf.org/user/Plant.aspx?LatinName=Semiarundinaria+fastuosa,Shoots; Stem,2,5,0,PFAF
Sempervivum tectorum,"Houseleek, Common houseleek, Hen and Chickens",https://pfaf.org/user/Plant.aspx?LatinName=Sempervivum+tectorum,Drink; Shoots,2,2,3,PFAF
Senecio nemorensis,,https://pfaf.org/user/Plant.aspx?LatinName=Senecio+nemorensis,Stem,1,1,1,PFAF
Senecio nemorensis fuchsii,,https://pfaf.org/user/Plant.aspx?LatinName=Senecio+nemorensis+fuchsii,Stem,1,1,0,PFAF
Senegalia catechu,Black Catechu,https://pfaf.org/user/Plant.aspx?LatinName=Senegalia+catechu,Gum; Stem,2,2,3,PFAF
Senegalia senegal,Gum Arabic,https://pfaf.org/user/Plant.aspx?LatinName=Senegalia+senegal,Gum; Oil; Stabilizer; Stem,4,3,2,PFAF
Senna alata,"Ringworm Bush, Candle Bush, Empress Candle Plant",https://pfaf.org/user/Plant.aspx?LatinName=Senna+alata,Coffee; Seedpod,2,2,4,PFAF
Senna auriculata,Matara Tea. Tanner's cassia,https://pfaf.org/user/Plant.aspx?LatinName=Senna+auriculata,Flowers; Seedpod,2,2,3,PFAF
Senna siamea,"Siamese Senna, Kassod Tree",https://pfaf.org/user/Plant.aspx?LatinName=Senna+siamea,Flowers,1,1,1,PFAF
Senna singueana,"Winter cassia, Sticky pod",https://pfaf.org/user/Plant.aspx?LatinName=Senna+singueana,Coffee; Seedpod,2,2,3,PFAF
Senna tora,"Stinking Cassia, Sickle senna",https://pfaf.org/user/Plant.aspx?LatinName=Senna+tora,Coffee,1,1,3,PFAF
Sesamum indicum,Sesame,https://pfaf.org/user/Plant.aspx?LatinName=Sesamum+indicum,Condiment; Oil,2,3,3,PFAF
Sesbania bispinosa,Prickly Sesban,https://pfaf.org/user/Plant.aspx?LatinName=Sesbania+bispinosa,Gum,1,2,2,PFAF
Sesbania grandiflora,"Vegetable Hummingbird, Agati,",https://pfaf.org/user/Plant.aspx?LatinName=Sesbania+grandiflora,Condiment; Flowers; Gum; Seedpod; Shoots; Tea,6,3,2,PFAF
Sesbania sesban,Sesban,https://pfaf.org/user/Plant.aspx?LatinName=Sesbania+sesban,Flowers,1,2,2,PFAF
Seseli gummiferum,,https://pfaf.org/user/Plant.aspx?LatinName=Seseli+gummiferum,Gum,1,0,0,PFAF
Setaria palmifolia,Highland Pitpit. Palm Grass,https://pfaf.org/user/Plant.aspx?LatinName=Setaria+palmifolia,Shoots,1,3,2,PFAF
Setaria viridis,Green Bristle Grass,https://pfaf.org/user/Plant.aspx?LatinName=Setaria+viridis,Coffee,1,2,2,PFAF
Shorea macrophylla,"Light Red Meranti, Engkabang, False Ilipe Nut",https://pfaf.org/user/Plant.aspx?LatinName=Shorea+macrophylla,Oil,1,3,2,PFAF
Shorea robusta,Sal Tree,https://pfaf.org/user/Plant.aspx?LatinName=Shorea+robusta,Oil,1,4,3,PFAF
Sideritis syriaca,Ironwort,https://pfaf.org/user/Plant.aspx?LatinName=Sideritis+syriaca,Tea,1,1,0,PFAF
Sideritis theezans,,https://pfaf.org/user/Plant.aspx?LatinName=Sideritis+theezans,Tea,1,1,0,PFAF
Silene vulgaris,"Bladder Campion, Maidenstears",https://pfaf.org/user/Plant.aspx?LatinName=Silene+vulgaris,Shoots,1,2,1,PFAF
Silphium integrifolium,Prairie Rosinweed,https://pfaf.org/user/Plant.aspx?LatinName=Silphium+integrifolium,Oil,1,3,1,PFAF
Silphium laciniatum,"Compass Plant, Robinson's compassplant",https://pfaf.org/user/Plant.aspx?LatinName=Silphium+laciniatum,Gum,1,2,2,PFAF
Silphium terebinthinaceum,"Prairie Dockm, Prairie rosinweed, Lucy Braun's rosinweed",https://pfaf.org/user/Plant.aspx?LatinName=Silphium+terebinthinaceum,Gum,1,0,2,PFAF
Silybum marianum,"Milk Thistle, Blessed milkthistle",https://pfaf.org/user/Plant.aspx?LatinName=Silybum+marianum,Coffee; Flowers; Oil; Stem,4,3,5,PFAF
Simarouba amara,"Paradise tree, bitterwood",https://pfaf.org/user/Plant.aspx?LatinName=Simarouba+amara,Drink; Oil,2,3,4,PFAF
Simarouba glauca,"Paradise Tree, Bitterwood, Dysentery-bark",https://pfaf.org/user/Plant.aspx?LatinName=Simarouba+glauca,Oil,1,3,4,PFAF
Sinapis alba,White Mustard,https://pfaf.org/user/Plant.aspx?LatinName=Sinapis+alba,Condiment; Oil,2,3,3,PFAF
Sinapis arvensis,"Charlock, Charlock mustard, Wild mustard",https://pfaf.org/user/Plant.aspx?LatinName=Sinapis+arvensis,Condiment; Flowers; Oil; Shoots,4,2,1,PFAF
Sison amomum,Bastard Stone-Parsley,https://pfaf.org/user/Plant.aspx?LatinName=Sison+amomum,Condiment,1,2,1,PFAF
Sisymbrium altissimum,"Tumble Mustard, Tall tumblemustard",https://pfaf.org/user/Plant.aspx?LatinName=Sisymbrium+altissimum,Condiment; Shoots,2,1,1,PFAF
Sisymbrium irio,London Rocket,https://pfaf.org/user/Plant.aspx?LatinName=Sisymbrium+irio,Drink; Flowers,2,1,2,PFAF
Sisymbrium matritense,,https://pfaf.org/user/Plant.aspx?LatinName=Sisymbrium+matritense,Shoots,1,1,0,PFAF
Sisymbrium officinale,Hedge Mustard,https://pfaf.org/user/Plant.aspx?LatinName=Sisymbrium+officinale,Condiment; Shoots,2,1,2,PFAF
Sium helenianum,,https://pfaf.org/user/Plant.aspx?LatinName=Sium+helenianum,Stem,1,1,0,PFAF
Sium sisarum,"Skirret, Suikerwortel (Netherlands), Crummock (Scotland), Zuckewurzel (Germany)",https://pfaf.org/user/Plant.aspx?LatinName=Sium+sisarum,Coffee,1,4,0,PFAF
Sium suave,"Water Parsnip, Hemlock waterparsnip",https://pfaf.org/user/Plant.aspx?LatinName=Sium+suave,Condiment,1,3,1,PFAF
Skimmia laureola,,https://pfaf.org/user/Plant.aspx?LatinName=Skimmia+laureola,Condiment,1,1,1,PFAF
Smilacina purpurea,,https://pfaf.org/user/Plant.aspx?LatinName=Smilacina+purpurea,Shoots,1,1,0,PFAF
Smilacina racemosa,False Spikenard,https://pfaf.org/user/Plant.aspx?LatinName=Smilacina+racemosa,Shoots,1,4,2,PFAF
Smilacina stellata,Star-Flowered Lily Of The Valley,https://pfaf.org/user/Plant.aspx?LatinName=Smilacina+stellata,Shoots,1,4,2,PFAF
Smilax aristolochiifolia,Mexican Sarsaparilla,https://pfaf.org/user/Plant.aspx?LatinName=Smilax+aristolochiifolia,Condiment,1,2,4,PFAF
Smilax aspera,"Sarsaparilla, Rough bindweed",https://pfaf.org/user/Plant.aspx?LatinName=Smilax+aspera,Drink; Shoots,2,3,3,PFAF
Smilax bona-nox,"Greenbriar, Saw greenbrier, Dunes saw greenbrier",https://pfaf.org/user/Plant.aspx?LatinName=Smilax+bona-nox,Gelatine; Shoots; Stem,3,3,2,PFAF
Smilax china,China Root,https://pfaf.org/user/Plant.aspx?LatinName=Smilax+china,Rutin; Shoots; Tea,3,4,3,PFAF
Smilax febrifuga,Ecuadorian Sarsaparilla,https://pfaf.org/user/Plant.aspx?LatinName=Smilax+febrifuga,Condiment,1,3,4,PFAF
Smilax glauca,Cat Greenbrier,https://pfaf.org/user/Plant.aspx?LatinName=Smilax+glauca,Shoots,1,2,2,PFAF
Smilax herbacea,"Carrion Flower, Smooth carrionflower",https://pfaf.org/user/Plant.aspx?LatinName=Smilax+herbacea,Gelatine; Shoots,2,4,1,PFAF
Smilax hispida,Hag Briar,https://pfaf.org/user/Plant.aspx?LatinName=Smilax+hispida,Shoots,1,2,2,PFAF
Smilax lanceifolia,,https://pfaf.org/user/Plant.aspx?LatinName=Smilax+lanceifolia,Shoots,1,2,1,PFAF
Smilax laurifolia,Laurel Greenbrier,https://pfaf.org/user/Plant.aspx?LatinName=Smilax+laurifolia,Shoots,1,3,2,PFAF
Smilax nipponica,,https://pfaf.org/user/Plant.aspx?LatinName=Smilax+nipponica,Gelatine; Shoots,2,3,2,PFAF
Smilax officinalis,Honduran sarsaparilla,https://pfaf.org/user/Plant.aspx?LatinName=Smilax+officinalis,Condiment,1,2,4,PFAF
Smilax pseudochina,False China Root,https://pfaf.org/user/Plant.aspx?LatinName=Smilax+pseudochina,Shoots,1,3,2,PFAF
Smilax riparia,,https://pfaf.org/user/Plant.aspx?LatinName=Smilax+riparia,Shoots,1,2,0,PFAF
Smilax rotundifolia,"Horse Brier, Roundleaf greenbrier, Brambles",https://pfaf.org/user/Plant.aspx?LatinName=Smilax+rotundifolia,Drink; Shoots,2,3,2,PFAF
Smilax sieboldii,,https://pfaf.org/user/Plant.aspx?LatinName=Smilax+sieboldii,Shoots,1,1,0,PFAF
Smyrnium olusatrum,Alexanders,https://pfaf.org/user/Plant.aspx?LatinName=Smyrnium+olusatrum,Condiment; Flowers; Shoots; Stem,4,3,1,PFAF
Smyrnium perfoliatum,,https://pfaf.org/user/Plant.aspx?LatinName=Smyrnium+perfoliatum,Condiment; Flowers; Shoots; Stem,4,3,0,PFAF
Solanecio biafrae,Sierra Leone Bologi,https://pfaf.org/user/Plant.aspx?LatinName=Solanecio+biafrae,Drink; Shoots; Stem,3,4,2,PFAF
Solanum aethiopicum,"Mock Tomato, Ethiopian nightshade",https://pfaf.org/user/Plant.aspx?LatinName=Solanum+aethiopicum,Shoots,1,3,2,PFAF
Solanum lycopersicum,"Tomato, Garden Tomato",https://pfaf.org/user/Plant.aspx?LatinName=Solanum+lycopersicum,Drink; Oil,2,5,3,PFAF
Solanum nigrum,"Black Nightshade, Common Nightshade, Poisonberry, Black Nightshade",https://pfaf.org/user/Plant.aspx?LatinName=Solanum+nigrum,Shoots,1,2,2,PFAF
Solanum pimpinellifolium,Currant Tomato,https://pfaf.org/user/Plant.aspx?LatinName=Solanum+pimpinellifolium,Oil,1,4,2,PFAF
Solanum quitoense,"Naranjilla, Quito Orange",https://pfaf.org/user/Plant.aspx?LatinName=Solanum+quitoense,Drink,1,4,0,PFAF
Solanum scabrum,Garden Huckleberry,https://pfaf.org/user/Plant.aspx?LatinName=Solanum+scabrum,Shoots,1,3,2,PFAF
Solanum torvum,"Pea Eggplant, Turkey berry",https://pfaf.org/user/Plant.aspx?LatinName=Solanum+torvum,Flowers; Shoots,2,3,3,PFAF
Solanum tuberosum,"Potato, Irish potato",https://pfaf.org/user/Plant.aspx?LatinName=Solanum+tuberosum,Rutin,1,5,2,PFAF
Solidago canadensis,"Canadian Goldenrod, Shorthair goldenrod, Harger's goldenrod, Rough Canada goldenrod, Common Goldenro",https://pfaf.org/user/Plant.aspx?LatinName=Solidago+canadensis,Oil; Tea,2,2,2,PFAF
Solidago canadensis scabra,Canadian Goldenrod,https://pfaf.org/user/Plant.aspx?LatinName=Solidago+canadensis+scabra,Tea,1,2,2,PFAF
Solidago graminifolia,Flat-Topped Goldenrod,https://pfaf.org/user/Plant.aspx?LatinName=Solidago+graminifolia,Tea,1,1,1,PFAF
Solidago missouriensis,"Prairie Goldenrod, Missouri goldenrod, Tolmie's goldenrod",https://pfaf.org/user/Plant.aspx?LatinName=Solidago+missouriensis,Tea,1,2,1,PFAF
Solidago odora,"Sweet Goldenrod, Anisescented goldenrod, Chapman's goldenrod",https://pfaf.org/user/Plant.aspx?LatinName=Solidago+odora,Condiment; Tea,2,2,2,PFAF
Solidago radiata,,https://pfaf.org/user/Plant.aspx?LatinName=Solidago+radiata,Tea,1,1,1,PFAF
Solidago spathulata,"Coast Goldenrod, Creeping Goldenrod",https://pfaf.org/user/Plant.aspx?LatinName=Solidago+spathulata,Tea,1,1,1,PFAF
Solidago virgaurea,Goldenrod,https://pfaf.org/user/Plant.aspx?LatinName=Solidago+virgaurea,Tea,1,1,3,PFAF
Sonchus arvensis,"Field Milk Thistle, Field sowthistle, Moist sowthistle",https://pfaf.org/user/Plant.aspx?LatinName=Sonchus+arvensis,Coffee; Stem,2,2,1,PFAF
Sonchus asper,"Prickly Sow Thistle, Spiny sowthistle",https://pfaf.org/user/Plant.aspx?LatinName=Sonchus+asper,Stem,1,2,1,PFAF
Sonchus oleraceus,"Sow Thistle, Common sowthistle",https://pfaf.org/user/Plant.aspx?LatinName=Sonchus+oleraceus,Gum; Stem,2,2,2,PFAF
Sonneratia caseolaris,"Firefly mangrove, mangrove apple",https://pfaf.org/user/Plant.aspx?LatinName=Sonneratia+caseolaris,Pectin,1,2,2,PFAF
Sophora davidii,Sophora,https://pfaf.org/user/Plant.aspx?LatinName=Sophora+davidii,Flowers,1,1,0,PFAF
Sophora japonica,"Japanese Pagoda Tree, Scholar Tree",https://pfaf.org/user/Plant.aspx?LatinName=Sophora+japonica,Flowers; Rutin; Tea,3,2,3,PFAF
Sorbus aucuparia,"Mountain Ash, European mountain ash",https://pfaf.org/user/Plant.aspx?LatinName=Sorbus+aucuparia,Coffee; Oil; Tea,3,2,2,PFAF
Sorghum bicolor,"Sorghum, Common wild sorghum, Grain sorghum, Sudangrass",https://pfaf.org/user/Plant.aspx?LatinName=Sorghum+bicolor,Colouring; Stem; Sweetener,3,4,2,PFAF
Sorghum hybrids,Perennial Sorghum,https://pfaf.org/user/Plant.aspx?LatinName=Sorghum+hybrids,Stem,1,4,1,PFAF
Sparganium americanum,"Bur-Reed, American bur-reed",https://pfaf.org/user/Plant.aspx?LatinName=Sparganium+americanum,Stem,1,1,0,PFAF
Sparganium androcladum,Branching Bur-Reed,https://pfaf.org/user/Plant.aspx?LatinName=Sparganium+androcladum,Stem,1,1,0,PFAF
Sparganium erectum,"Bur Reed, Simplestem bur-reed",https://pfaf.org/user/Plant.aspx?LatinName=Sparganium+erectum,Stem,1,2,1,PFAF
Sparganium stoloniferum,,https://pfaf.org/user/Plant.aspx?LatinName=Sparganium+stoloniferum,Stem,1,1,1,PFAF
Sphenostylis stenocarpa,African Yam Bean,https://pfaf.org/user/Plant.aspx?LatinName=Sphenostylis+stenocarpa,Seedpod,1,4,0,PFAF
Spinacia oleracea,Spinach,https://pfaf.org/user/Plant.aspx?LatinName=Spinacia+oleracea,Colouring,1,3,2,PFAF
Spiraea alba,White Meadowsweet,https://pfaf.org/user/Plant.aspx?LatinName=Spiraea+alba,Tea,1,1,1,PFAF
Spiraea betulifolia aemiliana,,https://pfaf.org/user/Plant.aspx?LatinName=Spiraea+betulifolia+aemiliana,Tea,1,1,0,PFAF
Spiraea blumei,,https://pfaf.org/user/Plant.aspx?LatinName=Spiraea+blumei,Tea,1,1,0,PFAF
Spiraea henryi,,https://pfaf.org/user/Plant.aspx?LatinName=Spiraea+henryi,Tea,1,1,0,PFAF
Spiraea hirsuta,,https://pfaf.org/user/Plant.aspx?LatinName=Spiraea+hirsuta,Tea,1,1,0,PFAF
Spiraea nervosa angustifolia,,https://pfaf.org/user/Plant.aspx?LatinName=Spiraea+nervosa+angustifolia,Tea,1,1,0,PFAF
Spiraea pyramidata,Spirea,https://pfaf.org/user/Plant.aspx?LatinName=Spiraea+pyramidata,Tea,1,1,1,PFAF
Spiraea salicifolia,"Bridewort, Willowleaf meadowsweet",https://pfaf.org/user/Plant.aspx?LatinName=Spiraea+salicifolia,Oil,1,1,1,PFAF
Spondias dulcis,"Golden Apple, Ambarella,",https://pfaf.org/user/Plant.aspx?LatinName=Spondias+dulcis,Condiment,1,4,2,PFAF
Spondias mombin,"Yellow Mombin, Hog Plum, Caja Fruit, Taperebá",https://pfaf.org/user/Plant.aspx?LatinName=Spondias+mombin,Drink; Sap; Shoots; Tea,4,4,2,PFAF
Spondias purpurea,"Purple Mombin Red Mombin, Spanish Plum, Ciruela",https://pfaf.org/user/Plant.aspx?LatinName=Spondias+purpurea,Gum; Shoots,2,4,2,PFAF
Spondias tuberosa,"Imbu, Umbú, Brazil Plum",https://pfaf.org/user/Plant.aspx?LatinName=Spondias+tuberosa,Drink,1,4,0,PFAF
Stachys officinalis,"Wood Betony, Common hedgenettle, Betony, Woundwort",https://pfaf.org/user/Plant.aspx?LatinName=Stachys+officinalis,Tea,1,1,2,PFAF
Stachys palustris,"Marsh Woundwort, Marsh hedgenettle",https://pfaf.org/user/Plant.aspx?LatinName=Stachys+palustris,Shoots,1,3,2,PFAF
Stanleya albescens,White Prince's Plume,https://pfaf.org/user/Plant.aspx?LatinName=Stanleya+albescens,Shoots,1,2,0,PFAF
Stanleya wrightii,,https://pfaf.org/user/Plant.aspx?LatinName=Stanleya+wrightii,Shoots,1,2,0,PFAF
Staphylea colchica,Bladdernut,https://pfaf.org/user/Plant.aspx?LatinName=Staphylea+colchica,Flowers; Oil,2,1,1,PFAF
Staphylea trifolia,American Bladder Nut,https://pfaf.org/user/Plant.aspx?LatinName=Staphylea+trifolia,Oil,1,3,1,PFAF
Stellaria alsine,"Bog Stitchwort, Bog chickweed",https://pfaf.org/user/Plant.aspx?LatinName=Stellaria+alsine,Shoots,1,1,2,PFAF
Stellaria graminea,Lesser stitchwort,https://pfaf.org/user/Plant.aspx?LatinName=Stellaria+graminea,Shoots,1,3,1,PFAF
Stenocereus griseus,"Cactaceae. Pitaya, Organpipe cactus",https://pfaf.org/user/Plant.aspx?LatinName=Stenocereus+griseus,Drink,1,3,0,PFAF
Stenocereus stellatus,"Joconostle cactus, Baja organ pipe cactus",https://pfaf.org/user/Plant.aspx?LatinName=Stenocereus+stellatus,Drink; Flowers; Stem,3,3,0,PFAF
Stevia rebaudiana,"Stevia, Candyleaf",https://pfaf.org/user/Plant.aspx?LatinName=Stevia+rebaudiana,Sweetener,1,4,0,PFAF
Stilbocarpa polaris,,https://pfaf.org/user/Plant.aspx?LatinName=Stilbocarpa+polaris,Stem,1,2,0,PFAF
Streptopus amplexifolius,"Wild Cucumber, Claspleaf twistedstalk, Tubercle twistedstalk",https://pfaf.org/user/Plant.aspx?LatinName=Streptopus+amplexifolius,Shoots,1,4,2,PFAF
Streptopus roseus,"Scootberry, Rosybells",https://pfaf.org/user/Plant.aspx?LatinName=Streptopus+roseus,Shoots,1,4,2,PFAF
Streptopus streptopoides,Small twistedstalk,https://pfaf.org/user/Plant.aspx?LatinName=Streptopus+streptopoides,Shoots,1,3,0,PFAF
Strychnos potatorum,Clearing Nut,https://pfaf.org/user/Plant.aspx?LatinName=Strychnos+potatorum,Coffee,1,2,2,PFAF
Styrax japonica,Japanese Storax,https://pfaf.org/user/Plant.aspx?LatinName=Styrax+japonica,Oil,1,2,0,PFAF
Styrax officinalis,Storax Tree,https://pfaf.org/user/Plant.aspx?LatinName=Styrax+officinalis,Condiment,1,1,1,PFAF
Styrax serrulatus,,https://pfaf.org/user/Plant.aspx?LatinName=Styrax+serrulatus,Gum,1,0,0,PFAF
Suaeda australis,Seablite,https://pfaf.org/user/Plant.aspx?LatinName=Suaeda+australis,Shoots,1,2,0,PFAF
Suaeda glauca,,https://pfaf.org/user/Plant.aspx?LatinName=Suaeda+glauca,Oil,1,1,0,PFAF
Suaeda maritima,"Sea Blite, Herbaceous seepweed, Rich's seepweed",https://pfaf.org/user/Plant.aspx?LatinName=Suaeda+maritima,Shoots,1,3,0,PFAF
Succisa pratensis,"Devil's Bit Scabious, Devilsbit",https://pfaf.org/user/Plant.aspx?LatinName=Succisa+pratensis,Shoots,1,2,2,PFAF
Swietenia macrophylla,"Big Leaf Mahogany, Honduras Mahogany",https://pfaf.org/user/Plant.aspx?LatinName=Swietenia+macrophylla,Gum,1,0,2,PFAF
Syagrus coronata,"Licuri Palm, Ouricury palm",https://pfaf.org/user/Plant.aspx?LatinName=Syagrus+coronata,Apical bud; Oil; Stem,3,3,2,PFAF
Symphytum asperum,Prickly Comfrey,https://pfaf.org/user/Plant.aspx?LatinName=Symphytum+asperum,Gum; Shoots; Tea,3,3,2,PFAF
Symphytum officinale,"Comfrey, Common comfrey",https://pfaf.org/user/Plant.aspx?LatinName=Symphytum+officinale,Gum; Shoots; Tea,3,3,5,PFAF
Symphytum tuberosum,Tuberous comfrey,https://pfaf.org/user/Plant.aspx?LatinName=Symphytum+tuberosum,Coffee,1,2,0,PFAF
Symphytum uplandicum,Comfrey,https://pfaf.org/user/Plant.aspx?LatinName=Symphytum+uplandicum,Gum; Shoots; Tea,3,3,5,PFAF
Synsepalum dulciferum,Miracle Berry,https://pfaf.org/user/Plant.aspx?LatinName=Synsepalum+dulciferum,Condiment; Sweetener,2,4,0,PFAF
Synurus palmatopinnatifidus,,https://pfaf.org/user/Plant.aspx?LatinName=Synurus+palmatopinnatifidus,Condiment,1,1,0,PFAF
Synurus pungens,,https://pfaf.org/user/Plant.aspx?LatinName=Synurus+pungens,Condiment,1,1,0,PFAF
Syringa vulgaris,"Lilac, Common lilac",https://pfaf.org/user/Plant.aspx?LatinName=Syringa+vulgaris,Flowers,1,1,1,PFAF
Syzygium aromaticum,"Clove, Zanzibar Redhead",https://pfaf.org/user/Plant.aspx?LatinName=Syzygium+aromaticum,Condiment; Flowers; Oil; Tea,4,4,4,PFAF
Syzygium cumini,"Jambolan, Java Plum, Malabar Plum, Jambu",https://pfaf.org/user/Plant.aspx?LatinName=Syzygium+cumini,Coffee; Drink,2,3,3,PFAF
Syzygium jambos,"Jambos, Rose Apple, Plum Rose",https://pfaf.org/user/Plant.aspx?LatinName=Syzygium+jambos,Drink; Flowers,2,3,2,PFAF
Tagetes erecta,"African Marigold, Aztec marigold, Big Marigold, American Marigold",https://pfaf.org/user/Plant.aspx?LatinName=Tagetes+erecta,Colouring; Condiment; Flowers,3,3,3,PFAF
Tagetes filifolia,Irish Lace,https://pfaf.org/user/Plant.aspx?LatinName=Tagetes+filifolia,Condiment,1,1,0,PFAF
Tagetes lucida,"Mexican Tarragon, Sweetscented marigold",https://pfaf.org/user/Plant.aspx?LatinName=Tagetes+lucida,Condiment; Tea,2,4,3,PFAF
Tagetes minuta,Muster-John-Henry,https://pfaf.org/user/Plant.aspx?LatinName=Tagetes+minuta,Condiment,1,2,2,PFAF
Tagetes patula,"French Marigold, Dwarf French Marigold",https://pfaf.org/user/Plant.aspx?LatinName=Tagetes+patula,Colouring; Condiment; Drink,3,2,2,PFAF
Tagetes tenuifolia,"Lemon Marigold, Striped Mexican Marigold, Signet Marigold",https://pfaf.org/user/Plant.aspx?LatinName=Tagetes+tenuifolia,Condiment,1,2,0,PFAF
Talinum fruticosum,"Tahitian Spinach, Waterleaf, Ceylon Spinach",https://pfaf.org/user/Plant.aspx?LatinName=Talinum+fruticosum,Colouring; Flowers; Shoots,3,3,2,PFAF
Talipariti tiliaceum,"Beach Hibiscus, Sea Hibiscus, Cottontree, Mahoe",https://pfaf.org/user/Plant.aspx?LatinName=Talipariti+tiliaceum,Condiment; Flowers; Inner bark; Tea,4,3,2,PFAF
Tamarindus indica,Tamarind,https://pfaf.org/user/Plant.aspx?LatinName=Tamarindus+indica,Coffee; Drink; Flowers; Seedpod,4,4,3,PFAF
Tamarix anglica,English Tree,https://pfaf.org/user/Plant.aspx?LatinName=Tamarix+anglica,Manna,1,1,1,PFAF
Tamarix aphylla,Athel Tamarisk,https://pfaf.org/user/Plant.aspx?LatinName=Tamarix+aphylla,Drink; Manna,2,1,1,PFAF
Tamarix canariensis,"Tamarisk, Canary Island tamarisk",https://pfaf.org/user/Plant.aspx?LatinName=Tamarix+canariensis,Manna,1,1,0,PFAF
Tamarix gallica,"Manna Plant, French tamarisk",https://pfaf.org/user/Plant.aspx?LatinName=Tamarix+gallica,Manna,1,1,2,PFAF
Tamarix ramosissima,"Tamarisk, Saltcedar",https://pfaf.org/user/Plant.aspx?LatinName=Tamarix+ramosissima,Manna,1,1,0,PFAF
Tamus communis,Black Bryony,https://pfaf.org/user/Plant.aspx?LatinName=Tamus+communis,Shoots,1,1,2,PFAF
Tanacetum balsamita,"Alecost, Costmary",https://pfaf.org/user/Plant.aspx?LatinName=Tanacetum+balsamita,Condiment; Tea,2,3,2,PFAF
Tanacetum parthenium,"Feverfew, Matricaria",https://pfaf.org/user/Plant.aspx?LatinName=Tanacetum+parthenium,Condiment; Tea,2,2,5,PFAF
Tanacetum vulgare,"Tansy, Common tansy, Golden Buttons, Curly Leaf Tansy",https://pfaf.org/user/Plant.aspx?LatinName=Tanacetum+vulgare,Condiment; Flowers; Tea,3,2,2,PFAF
Taraxacum albidum,,https://pfaf.org/user/Plant.aspx?LatinName=Taraxacum+albidum,Coffee; Flowers; Tea,3,2,0,PFAF
Taraxacum bessarabicum,,https://pfaf.org/user/Plant.aspx?LatinName=Taraxacum+bessarabicum,Coffee; Flowers; Tea,3,1,0,PFAF
Taraxacum formosanum,,https://pfaf.org/user/Plant.aspx?LatinName=Taraxacum+formosanum,Coffee; Flowers; Tea,3,1,0,PFAF
Taraxacum heterolepis,,https://pfaf.org/user/Plant.aspx?LatinName=Taraxacum+heterolepis,Coffee; Flowers; Tea,3,1,2,PFAF
Taraxacum hondoense,,https://pfaf.org/user/Plant.aspx?LatinName=Taraxacum+hondoense,Coffee; Flowers; Tea,3,1,0,PFAF
Taraxacum hybernum,,https://pfaf.org/user/Plant.aspx?LatinName=Taraxacum+hybernum,Coffee; Flowers; Tea,3,1,0,PFAF
Taraxacum japonicum,,https://pfaf.org/user/Plant.aspx?LatinName=Taraxacum+japonicum,Coffee; Flowers; Tea,3,1,1,PFAF
Taraxacum kok-saghyz,Rubber Dandelion,https://pfaf.org/user/Plant.aspx?LatinName=Taraxacum+kok-saghyz,Coffee; Flowers; Tea,3,1,0,PFAF
Taraxacum laevigatum,"Red-Seed Dandelion, Rock dandelion",https://pfaf.org/user/Plant.aspx?LatinName=Taraxacum+laevigatum,Coffee; Flowers; Tea,3,1,0,PFAF
Taraxacum magellanicum,,https://pfaf.org/user/Plant.aspx?LatinName=Taraxacum+magellanicum,Coffee; Flowers; Tea,3,1,0,PFAF
Taraxacum megalorrhizon,,https://pfaf.org/user/Plant.aspx?LatinName=Taraxacum+megalorrhizon,Coffee; Flowers; Tea,3,1,0,PFAF
Taraxacum mongolicum,,https://pfaf.org/user/Plant.aspx?LatinName=Taraxacum+mongolicum,Coffee; Flowers; Tea,3,1,3,PFAF
Taraxacum obovatum,Obovate Leaved Dandelion,https://pfaf.org/user/Plant.aspx?LatinName=Taraxacum+obovatum,Coffee; Flowers; Tea,3,2,0,PFAF
Taraxacum officinale,Dandelion,https://pfaf.org/user/Plant.aspx?LatinName=Taraxacum+officinale,Coffee; Flowers; Tea,3,4,3,PFAF
Taraxacum platycarpum,,https://pfaf.org/user/Plant.aspx?LatinName=Taraxacum+platycarpum,Coffee; Flowers; Tea,3,1,0,PFAF
Taraxacum sinicum,,https://pfaf.org/user/Plant.aspx?LatinName=Taraxacum+sinicum,Coffee; Flowers; Tea,3,1,3,PFAF
Tarchonanthus camphoratus,"Camphor Bush, Wild Camphor Bush",https://pfaf.org/user/Plant.aspx?LatinName=Tarchonanthus+camphoratus,Tea,1,1,3,PFAF
Taxus baccata,"Yew, English yew, Common Yew",https://pfaf.org/user/Plant.aspx?LatinName=Taxus+baccata,Tea,1,3,4,PFAF
Tectona grandis,Teak,https://pfaf.org/user/Plant.aspx?LatinName=Tectona+grandis,Colouring,1,2,2,PFAF
Telfairia occidentalis,Fluted Gourd,https://pfaf.org/user/Plant.aspx?LatinName=Telfairia+occidentalis,Condiment; Oil; Shoots,3,4,2,PFAF
Telfairia pedata,Oysternut,https://pfaf.org/user/Plant.aspx?LatinName=Telfairia+pedata,Oil,1,4,2,PFAF
Telopea speciosissima,Waratah,https://pfaf.org/user/Plant.aspx?LatinName=Telopea+speciosissima,Nectar,1,1,0,PFAF
Terminalia arjuna,"Arjuna, Terminalia",https://pfaf.org/user/Plant.aspx?LatinName=Terminalia+arjuna,Drink; Gum,2,2,4,PFAF
Terminalia catappa,"Indian Almond, Tropical Almond Tree",https://pfaf.org/user/Plant.aspx?LatinName=Terminalia+catappa,Gum; Oil,2,4,2,PFAF
Terminalia chebula,"Black Myrobalan, Chebulic Myroblan,",https://pfaf.org/user/Plant.aspx?LatinName=Terminalia+chebula,Oil; Salt,2,3,5,PFAF
Terminalia kaernbachii,Okari Nut,https://pfaf.org/user/Plant.aspx?LatinName=Terminalia+kaernbachii,Oil,1,5,0,PFAF
Tetragonia tetragonioides,New Zealand Spinach,https://pfaf.org/user/Plant.aspx?LatinName=Tetragonia+tetragonioides,Shoots,1,3,0,PFAF
Teucrium massiliense,,https://pfaf.org/user/Plant.aspx?LatinName=Teucrium+massiliense,Tea,1,1,0,PFAF
Teucrium polium,,https://pfaf.org/user/Plant.aspx?LatinName=Teucrium+polium,Condiment; Tea,2,1,1,PFAF
Teucrium scorodonia,Wood Sage,https://pfaf.org/user/Plant.aspx?LatinName=Teucrium+scorodonia,Condiment,1,1,2,PFAF
Thamnocalamus aristatus,,https://pfaf.org/user/Plant.aspx?LatinName=Thamnocalamus+aristatus,Shoots; Stem,2,2,0,PFAF
Thamnocalamus spathiflorus,,https://pfaf.org/user/Plant.aspx?LatinName=Thamnocalamus+spathiflorus,Shoots; Stem,2,2,0,PFAF
Thaumatococcus daniellii,"Sweet Prayer Plant, Katemfe",https://pfaf.org/user/Plant.aspx?LatinName=Thaumatococcus+daniellii,Sweetener,1,4,0,PFAF
Thelesperma gracile,Hopi tea greenthread,https://pfaf.org/user/Plant.aspx?LatinName=Thelesperma+gracile,Flowers; Tea,2,1,0,PFAF
Thelesperma trifidum,Stiff greenthread,https://pfaf.org/user/Plant.aspx?LatinName=Thelesperma+trifidum,Tea,1,1,1,PFAF
Theligonum cynocrambe,Dog's Cabbage,https://pfaf.org/user/Plant.aspx?LatinName=Theligonum+cynocrambe,Shoots,1,1,1,PFAF
Theobroma cacao,"Cacao, Cocoa Tree",https://pfaf.org/user/Plant.aspx?LatinName=Theobroma+cacao,Chocolate; Colouring; Drink; Oil,4,5,3,PFAF
Theobroma glaucum,,https://pfaf.org/user/Plant.aspx?LatinName=Theobroma+glaucum,Drink; Oil,2,4,3,PFAF
Theobroma grandiflorum,"Cupuassu, Cupuacu",https://pfaf.org/user/Plant.aspx?LatinName=Theobroma+grandiflorum,Chocolate; Drink; Oil,3,4,3,PFAF
Thespesia populnea,"Portia Tree, Aden Apple, Indian Tulip Tree",https://pfaf.org/user/Plant.aspx?LatinName=Thespesia+populnea,Flowers; Gum,2,3,3,PFAF
Thespesia populneoides,Tulip Tree; Portia Tree; Pacific Rosewood,https://pfaf.org/user/Plant.aspx?LatinName=Thespesia+populneoides,Flowers; Gum,2,3,3,PFAF
Thlaspi arvense,"Pennycress, Field pennycress",https://pfaf.org/user/Plant.aspx?LatinName=Thlaspi+arvense,Condiment; Oil,2,2,2,PFAF
Thlaspi perfoliatum,Pennycress,https://pfaf.org/user/Plant.aspx?LatinName=Thlaspi+perfoliatum,Condiment; Oil,2,2,0,PFAF
Thuja occidentalis,"American Arbor-Vitae, Arborvitae, Eastern Arborvitae, Siberian Arborvitae, Northern White Cedar, Wh",https://pfaf.org/user/Plant.aspx?LatinName=Thuja+occidentalis,Shoots; Stem; Tea,3,2,3,PFAF
Thuja plicata,"Western Red Cedar, Giant Arborvitae, Giant Cedar, Incense Cedar, Western Red Cedar",https://pfaf.org/user/Plant.aspx?LatinName=Thuja+plicata,Gum; Inner bark,2,1,2,PFAF
Thymbra spicata,,https://pfaf.org/user/Plant.aspx?LatinName=Thymbra+spicata,Condiment,1,1,0,PFAF
Thymus caespititius,Cretan Thyme,https://pfaf.org/user/Plant.aspx?LatinName=Thymus+caespititius,Condiment,1,2,2,PFAF
Thymus capitatus,"Headed Savory, Thymus",https://pfaf.org/user/Plant.aspx?LatinName=Thymus+capitatus,Condiment; Tea,2,2,2,PFAF
Thymus cilicicus,Cilician Thyme,https://pfaf.org/user/Plant.aspx?LatinName=Thymus+cilicicus,Condiment,1,1,2,PFAF
Thymus herba-barona,Caraway Thyme,https://pfaf.org/user/Plant.aspx?LatinName=Thymus+herba-barona,Condiment,1,3,2,PFAF
Thymus hirtus,,https://pfaf.org/user/Plant.aspx?LatinName=Thymus+hirtus,Condiment,1,2,2,PFAF
Thymus mastichina,Mastic Thyme,https://pfaf.org/user/Plant.aspx?LatinName=Thymus+mastichina,Condiment,1,2,2,PFAF
Thymus pannonicus,Eurasian thyme,https://pfaf.org/user/Plant.aspx?LatinName=Thymus+pannonicus,Condiment,1,2,2,PFAF
Thymus praecox,"Mother of thyme, Creeping thyme, Woolly Thyme",https://pfaf.org/user/Plant.aspx?LatinName=Thymus+praecox,Condiment,1,2,2,PFAF
Thymus praecox arcticus,Wild Thyme,https://pfaf.org/user/Plant.aspx?LatinName=Thymus+praecox+arcticus,Condiment; Tea,2,3,2,PFAF
Thymus pulegioides,"Broad-Leaved Thyme, lemon thyme",https://pfaf.org/user/Plant.aspx?LatinName=Thymus+pulegioides,Condiment,1,2,2,PFAF
Thymus quinquecostatus,,https://pfaf.org/user/Plant.aspx?LatinName=Thymus+quinquecostatus,Condiment,1,2,2,PFAF
Thymus serpyllum,Wild Thyme,https://pfaf.org/user/Plant.aspx?LatinName=Thymus+serpyllum,Tea,1,4,3,PFAF
Thymus vulgaris,"Common Thyme, Garden thyme, Wild Thyme",https://pfaf.org/user/Plant.aspx?LatinName=Thymus+vulgaris,Condiment; Flowers; Shoots; Tea,4,4,3,PFAF
Thymus x citriodorus,"Lemon Thyme, Creeping Lemon Thyme, Lemon-Scented Thyme",https://pfaf.org/user/Plant.aspx?LatinName=Thymus+x+citriodorus,Tea,1,4,2,PFAF
Thymus zygis,,https://pfaf.org/user/Plant.aspx?LatinName=Thymus+zygis,Condiment,1,2,2,PFAF
Thyrsostachys siamensis,Monastery Bamboo,https://pfaf.org/user/Plant.aspx?LatinName=Thyrsostachys+siamensis,Shoots,1,4,0,PFAF
Thysanotus patersonii,Twining Fringed Lily,https://pfaf.org/user/Plant.aspx?LatinName=Thysanotus+patersonii,Stem,1,1,0,PFAF
Tieghemella africana,Douka,https://pfaf.org/user/Plant.aspx?LatinName=Tieghemella+africana,Oil,1,3,2,PFAF
Tieghemella heckelii,Baku,https://pfaf.org/user/Plant.aspx?LatinName=Tieghemella+heckelii,Oil,1,4,2,PFAF
Tilia americana,"American Basswood, Carolina basswood, Basswood, AmericanBasswood, American Linden",https://pfaf.org/user/Plant.aspx?LatinName=Tilia+americana,Chocolate; Flowers; Sap; Sweetener; Tea,5,3,3,PFAF
Tilia amurensis,,https://pfaf.org/user/Plant.aspx?LatinName=Tilia+amurensis,Tea,1,3,1,PFAF
Tilia caroliniana,Carolina Basswood,https://pfaf.org/user/Plant.aspx?LatinName=Tilia+caroliniana,Tea,1,3,1,PFAF
Tilia chinensis,,https://pfaf.org/user/Plant.aspx?LatinName=Tilia+chinensis,Tea,1,3,1,PFAF
Tilia cordata,"Small Leaved Lime, Littleleaf linden",https://pfaf.org/user/Plant.aspx?LatinName=Tilia+cordata,Chocolate; Sap; Tea,3,5,3,PFAF
Tilia heterophylla,"White Basswood, American basswood",https://pfaf.org/user/Plant.aspx?LatinName=Tilia+heterophylla,Tea,1,3,2,PFAF
Tilia japonica,Japanese Lime,https://pfaf.org/user/Plant.aspx?LatinName=Tilia+japonica,Flowers; Tea,2,3,1,PFAF
Tilia mongolica,Mongolian Lime,https://pfaf.org/user/Plant.aspx?LatinName=Tilia+mongolica,Shoots; Tea,2,3,1,PFAF
Tilia oliveri,,https://pfaf.org/user/Plant.aspx?LatinName=Tilia+oliveri,Tea,1,3,1,PFAF
Tilia platyphyllos,"Large Leaved Lime, Largeleaf linden, Bigleaf Linden",https://pfaf.org/user/Plant.aspx?LatinName=Tilia+platyphyllos,Chocolate; Sap; Tea,3,5,3,PFAF
Tilia tomentosa,Silver Lime,https://pfaf.org/user/Plant.aspx?LatinName=Tilia+tomentosa,Condiment; Tea,2,3,1,PFAF
Tilia tuan,,https://pfaf.org/user/Plant.aspx?LatinName=Tilia+tuan,Tea,1,3,1,PFAF
Tilia x europaea,"Linden, Common Lime",https://pfaf.org/user/Plant.aspx?LatinName=Tilia+x+europaea,Chocolate; Flowers; Manna; Sap; Sweetener; Tea,6,5,3,PFAF
Tinospora cordifolia,Kanda Amrta,https://pfaf.org/user/Plant.aspx?LatinName=Tinospora+cordifolia,Tea,1,2,4,PFAF
Tinospora crispa,"Patawali, Akar Patawali",https://pfaf.org/user/Plant.aspx?LatinName=Tinospora+crispa,Drink,1,0,4,PFAF
Tolmiea menziesii,"Youth On Age, Mother-of-Thousands Plant, Youth on Age Plant, Pickaback Plant",https://pfaf.org/user/Plant.aspx?LatinName=Tolmiea+menziesii,Shoots,1,1,1,PFAF
Toona sinensis,Chinese Cedar,https://pfaf.org/user/Plant.aspx?LatinName=Toona+sinensis,Shoots; Tea,2,3,2,PFAF
Toona sureni,Suren,https://pfaf.org/user/Plant.aspx?LatinName=Toona+sureni,Shoots,1,2,2,PFAF
Tordylium apulum,"Roman Pimpernel, Mediterranean hartwort",https://pfaf.org/user/Plant.aspx?LatinName=Tordylium+apulum,Condiment,1,1,0,PFAF
Torreya californica,California Nutmeg,https://pfaf.org/user/Plant.aspx?LatinName=Torreya+californica,Oil,1,3,1,PFAF
Torreya fargesii,,https://pfaf.org/user/Plant.aspx?LatinName=Torreya+fargesii,Oil,1,2,0,PFAF
Torreya grandis,Chinese Nutmeg Tree,https://pfaf.org/user/Plant.aspx?LatinName=Torreya+grandis,Oil,1,2,1,PFAF
Torreya jackii,,https://pfaf.org/user/Plant.aspx?LatinName=Torreya+jackii,Oil,1,2,0,PFAF
Torreya nucifera,"Kaya, Japanese torreya",https://pfaf.org/user/Plant.aspx?LatinName=Torreya+nucifera,Oil,1,5,2,PFAF
Torreya yunnanensis,Yunnan Nutmeg Yew,https://pfaf.org/user/Plant.aspx?LatinName=Torreya+yunnanensis,Oil,1,2,0,PFAF
Trachycarpus fortunei,"Chusan Palm, Chinese windmill palm, Windmill Palm",https://pfaf.org/user/Plant.aspx?LatinName=Trachycarpus+fortunei,Flowers; Shoots,2,2,2,PFAF
Trachycarpus martianus,,https://pfaf.org/user/Plant.aspx?LatinName=Trachycarpus+martianus,Shoots,1,2,2,PFAF
Trachyspermum ammi,Ajowan caraway,https://pfaf.org/user/Plant.aspx?LatinName=Trachyspermum+ammi,Condiment,1,2,3,PFAF
Tradescantia virginiana,"Spiderwort, Virginia spiderwort",https://pfaf.org/user/Plant.aspx?LatinName=Tradescantia+virginiana,Flowers; Shoots,2,2,1,PFAF
Tragopogon coloratus,,https://pfaf.org/user/Plant.aspx?LatinName=Tragopogon+coloratus,Shoots,1,1,0,PFAF
Tragopogon gracilis,,https://pfaf.org/user/Plant.aspx?LatinName=Tragopogon+gracilis,Seedpod; Shoots,2,1,0,PFAF
Tragopogon porrifolius,Salsify,https://pfaf.org/user/Plant.aspx?LatinName=Tragopogon+porrifolius,Flowers; Gum; Shoots; Stem,4,3,2,PFAF
Tragopogon pratensis,Goat's Beard,https://pfaf.org/user/Plant.aspx?LatinName=Tragopogon+pratensis,Shoots; Stem,2,3,2,PFAF
Treculia africana,African Breadfruit or Breadnut,https://pfaf.org/user/Plant.aspx?LatinName=Treculia+africana,Milk; Oil,2,4,2,PFAF
Tribulus terrestris,"Caltrop, Puncturevine",https://pfaf.org/user/Plant.aspx?LatinName=Tribulus+terrestris,Shoots,1,1,3,PFAF
Trichanthera gigantea,"Giant trichanthera, Nacadero",https://pfaf.org/user/Plant.aspx?LatinName=Trichanthera+gigantea,Shoots,1,2,2,PFAF
Trichilia dregeana,Cape Mahogany,https://pfaf.org/user/Plant.aspx?LatinName=Trichilia+dregeana,Oil,1,4,3,PFAF
Trichilia emetica,"Banket mahogany, Natal mahogany,",https://pfaf.org/user/Plant.aspx?LatinName=Trichilia+emetica,Oil,1,2,3,PFAF
Trichosanthes cucumerina anguina,Snake Gourd,https://pfaf.org/user/Plant.aspx?LatinName=Trichosanthes+cucumerina+anguina,Shoots,1,2,1,PFAF
Trichosanthes kirilowii,Chinese Cucumber,https://pfaf.org/user/Plant.aspx?LatinName=Trichosanthes+kirilowii,Oil; Shoots,2,2,4,PFAF
Trichosanthes kirilowii japonica,,https://pfaf.org/user/Plant.aspx?LatinName=Trichosanthes+kirilowii+japonica,Oil; Shoots,2,3,3,PFAF
Trichosanthes multiloba,,https://pfaf.org/user/Plant.aspx?LatinName=Trichosanthes+multiloba,Oil,1,2,1,PFAF
Tricyrtis hirta,"Toad Lily, Japanese Toad Lily",https://pfaf.org/user/Plant.aspx?LatinName=Tricyrtis+hirta,Shoots,1,1,0,PFAF
Tricyrtis latifolia,,https://pfaf.org/user/Plant.aspx?LatinName=Tricyrtis+latifolia,Shoots,1,1,0,PFAF
Tricyrtis macropoda,,https://pfaf.org/user/Plant.aspx?LatinName=Tricyrtis+macropoda,Shoots,1,1,0,PFAF
Trifolium cyathiferum,Cup Clover,https://pfaf.org/user/Plant.aspx?LatinName=Trifolium+cyathiferum,Flowers,1,1,0,PFAF
Trifolium fucatum,"Sour Clover, Bull clover",https://pfaf.org/user/Plant.aspx?LatinName=Trifolium+fucatum,Flowers,1,2,0,PFAF
Trifolium fucatum virescens,,https://pfaf.org/user/Plant.aspx?LatinName=Trifolium+fucatum+virescens,Seedpod,1,2,0,PFAF
Trifolium hybridum,Alsike Clover,https://pfaf.org/user/Plant.aspx?LatinName=Trifolium+hybridum,Flowers; Tea,2,2,1,PFAF
Trifolium incarnatum,Crimson Clover,https://pfaf.org/user/Plant.aspx?LatinName=Trifolium+incarnatum,Tea,1,2,0,PFAF
Trifolium ornithopodioides,"Birdsfoot Fenugreek, Bird clover",https://pfaf.org/user/Plant.aspx?LatinName=Trifolium+ornithopodioides,Condiment,1,1,0,PFAF
Trifolium pratense,Red Clover,https://pfaf.org/user/Plant.aspx?LatinName=Trifolium+pratense,Condiment; Flowers; Tea,3,3,3,PFAF
Trifolium repens,"White Clover, Dutch Clover, Purple Dutch Clover, Shamrock, White Clover",https://pfaf.org/user/Plant.aspx?LatinName=Trifolium+repens,Condiment; Flowers; Tea,3,3,2,PFAF
Trifolium variegatum,Whitetip Clover,https://pfaf.org/user/Plant.aspx?LatinName=Trifolium+variegatum,Flowers,1,1,0,PFAF
Triglochin maritima,Sea Arrow Grass,https://pfaf.org/user/Plant.aspx?LatinName=Triglochin+maritima,Coffee; Stem,2,2,0,PFAF
Triglochin palustris,Marsh Arrow Grass,https://pfaf.org/user/Plant.aspx?LatinName=Triglochin+palustris,Coffee; Stem,2,2,0,PFAF
Trigonella caerulea,"Sweet Trefoil, Blue fenugreek",https://pfaf.org/user/Plant.aspx?LatinName=Trigonella+caerulea,Condiment; Tea,2,1,0,PFAF
Trigonella foenum-graecum,"Fenugreek, Sicklefruit fenugreek",https://pfaf.org/user/Plant.aspx?LatinName=Trigonella+foenum-graecum,Coffee; Condiment; Seedpod; Tea,4,4,5,PFAF
Trilisa odoratissima,"Vanilla Plant, Vanillaleaf",https://pfaf.org/user/Plant.aspx?LatinName=Trilisa+odoratissima,Condiment,1,1,1,PFAF
Triosteum perfoliatum,"Wild Coffee, Feverwort",https://pfaf.org/user/Plant.aspx?LatinName=Triosteum+perfoliatum,Coffee,1,1,2,PFAF
Triphasia trifolia,Lime Berry,https://pfaf.org/user/Plant.aspx?LatinName=Triphasia+trifolia,Gum,1,2,1,PFAF
Tritonia crocata,,https://pfaf.org/user/Plant.aspx?LatinName=Tritonia+crocata,Colouring; Condiment,2,1,0,PFAF
Tropaeolum majus,"Nasturtium, Indian Cress",https://pfaf.org/user/Plant.aspx?LatinName=Tropaeolum+majus,Condiment; Flowers; Oil; Seedpod,4,4,3,PFAF
Tropaeolum minus,Dwarf Nasturtium,https://pfaf.org/user/Plant.aspx?LatinName=Tropaeolum+minus,Condiment; Flowers; Seedpod,3,4,3,PFAF
Tropaeolum tuberosum,"Mashua, Anu",https://pfaf.org/user/Plant.aspx?LatinName=Tropaeolum+tuberosum,Flowers,1,4,2,PFAF
Tsuga canadensis,"Canadian Hemlock, Eastern hemlock",https://pfaf.org/user/Plant.aspx?LatinName=Tsuga+canadensis,Condiment; Inner bark; Shoots; Tea,4,1,3,PFAF
Tsuga caroliniana,Carolina Hemlock,https://pfaf.org/user/Plant.aspx?LatinName=Tsuga+caroliniana,Inner bark; Shoots; Tea,3,1,2,PFAF
Tsuga chinensis,Chinese Hemlock,https://pfaf.org/user/Plant.aspx?LatinName=Tsuga+chinensis,Inner bark; Shoots; Tea,3,1,2,PFAF
Tsuga heterophylla,Western Hemlock,https://pfaf.org/user/Plant.aspx?LatinName=Tsuga+heterophylla,Condiment; Gum; Inner bark; Shoots; Tea,5,1,2,PFAF
Tsuga mertensiana,Mountain Hemlock,https://pfaf.org/user/Plant.aspx?LatinName=Tsuga+mertensiana,Inner bark; Shoots; Tea,3,1,2,PFAF
Tulbaghia alliacea,Society Garlic,https://pfaf.org/user/Plant.aspx?LatinName=Tulbaghia+alliacea,Flowers,1,2,0,PFAF
Tulbaghia violacea,Society Garlic,https://pfaf.org/user/Plant.aspx?LatinName=Tulbaghia+violacea,Flowers,1,4,2,PFAF
Tupeia antarctica,white mistletoe,https://pfaf.org/user/Plant.aspx?LatinName=Tupeia+antarctica,Flowers,1,1,0,PFAF
Turnera diffusa aphrodisiaca,Damiana,https://pfaf.org/user/Plant.aspx?LatinName=Turnera+diffusa+aphrodisiaca,Tea,1,1,3,PFAF
Turritis glabra,Tower Cress,https://pfaf.org/user/Plant.aspx?LatinName=Turritis+glabra,Tea,1,1,1,PFAF
Tussilago farfara,Coltsfoot,https://pfaf.org/user/Plant.aspx?LatinName=Tussilago+farfara,Flowers; Oil; Salt; Tea,4,3,3,PFAF
Tylosema esculentum,Marama Bean,https://pfaf.org/user/Plant.aspx?LatinName=Tylosema+esculentum,Coffee; Drink; Oil,3,4,0,PFAF
Typha angustifolia,"Small Reed Mace, Narrowleaf cattail",https://pfaf.org/user/Plant.aspx?LatinName=Typha+angustifolia,Flowers; Oil; Pollen; Shoots; Stem,5,5,3,PFAF
Typha bungeana,,https://pfaf.org/user/Plant.aspx?LatinName=Typha+bungeana,Flowers; Oil; Pollen; Shoots; Stem,5,4,3,PFAF
Typha davidiana,,https://pfaf.org/user/Plant.aspx?LatinName=Typha+davidiana,Flowers; Oil; Pollen; Shoots; Stem,5,4,3,PFAF
Typha domingensis,Southern Cattail,https://pfaf.org/user/Plant.aspx?LatinName=Typha+domingensis,Flowers; Oil; Pollen; Shoots; Stem,5,4,3,PFAF
Typha elephantina,"Bora. Elephant grass, Indian reed-mace.",https://pfaf.org/user/Plant.aspx?LatinName=Typha+elephantina,Flowers; Oil; Pollen; Shoots; Stem,5,3,3,PFAF
Typha glauca,Hybrid cattail,https://pfaf.org/user/Plant.aspx?LatinName=Typha+glauca,Flowers; Oil; Pollen; Shoots; Stem,5,4,0,PFAF
Typha latifolia,"Reedmace, Broadleaf cattail, Bullrush, Nailrod",https://pfaf.org/user/Plant.aspx?LatinName=Typha+latifolia,Flowers; Oil; Pollen; Shoots; Stem,5,5,3,PFAF
Typha laxmannii,,https://pfaf.org/user/Plant.aspx?LatinName=Typha+laxmannii,Flowers; Pollen; Shoots; Stem,4,4,1,PFAF
Typha minima,,https://pfaf.org/user/Plant.aspx?LatinName=Typha+minima,Oil; Pollen,2,2,3,PFAF
Typha orientalis,Broadleaf Cumbungi,https://pfaf.org/user/Plant.aspx?LatinName=Typha+orientalis,Flowers; Pollen; Shoots; Stem,4,4,3,PFAF
Uapaca kirkiana,Wild Loquat,https://pfaf.org/user/Plant.aspx?LatinName=Uapaca+kirkiana,Drink,1,4,2,PFAF
Ugni molinae,"Uñi, Chilean guava",https://pfaf.org/user/Plant.aspx?LatinName=Ugni+molinae,Coffee; Tea,2,5,0,PFAF
Ulex europaeus,"Gorse, Common gorse",https://pfaf.org/user/Plant.aspx?LatinName=Ulex+europaeus,Flowers; Shoots; Tea,3,1,1,PFAF
Ulmus americana,"American Elm, Gray Elm, Water Elm",https://pfaf.org/user/Plant.aspx?LatinName=Ulmus+americana,Coffee,1,2,2,PFAF
Ulmus davidiana,Japanese Elm,https://pfaf.org/user/Plant.aspx?LatinName=Ulmus+davidiana,Inner bark,1,2,0,PFAF
Ulmus glabra,"Wych Elm, Table-top Scotch Elm, Scotch Elm",https://pfaf.org/user/Plant.aspx?LatinName=Ulmus+glabra,Inner bark,1,3,2,PFAF
Ulmus japonica,Japanese Elm,https://pfaf.org/user/Plant.aspx?LatinName=Ulmus+japonica,Inner bark,1,2,1,PFAF
Ulmus laciniata,,https://pfaf.org/user/Plant.aspx?LatinName=Ulmus+laciniata,Inner bark,1,2,0,PFAF
Ulmus parvifolia,"Chinese Elm, Lacebark Elm",https://pfaf.org/user/Plant.aspx?LatinName=Ulmus+parvifolia,Inner bark,1,2,1,PFAF
Ulmus procera,English Elm,https://pfaf.org/user/Plant.aspx?LatinName=Ulmus+procera,Inner bark; Tea,2,3,2,PFAF
Ulmus pumila,"Siberian Elm, Hybrid elm",https://pfaf.org/user/Plant.aspx?LatinName=Ulmus+pumila,Inner bark,1,2,2,PFAF
Ulmus rubra,Slippery Elm,https://pfaf.org/user/Plant.aspx?LatinName=Ulmus+rubra,Inner bark; Tea,2,2,5,PFAF
Umbellularia californica,"California Laurel, California Bay",https://pfaf.org/user/Plant.aspx?LatinName=Umbellularia+californica,Coffee; Condiment,2,4,2,PFAF
Uncaria guianensis,Cat's Claw,https://pfaf.org/user/Plant.aspx?LatinName=Uncaria+guianensis,Drink; Sap; Stem,3,2,4,PFAF
Uncaria tomentosa,Cat's Claw,https://pfaf.org/user/Plant.aspx?LatinName=Uncaria+tomentosa,Drink; Sap; Stem,3,2,4,PFAF
Urtica angustifolia,,https://pfaf.org/user/Plant.aspx?LatinName=Urtica+angustifolia,Drink; Shoots,2,3,0,PFAF
Urtica breweri,Stinging nettle,https://pfaf.org/user/Plant.aspx?LatinName=Urtica+breweri,Drink; Shoots,2,3,2,PFAF
Urtica californica,"Stinging Nettle, California nettle",https://pfaf.org/user/Plant.aspx?LatinName=Urtica+californica,Drink; Shoots,2,2,2,PFAF
Urtica cannabina,,https://pfaf.org/user/Plant.aspx?LatinName=Urtica+cannabina,Drink; Shoots,2,3,0,PFAF
Urtica dioica,"Stinging Nettle, California nettle",https://pfaf.org/user/Plant.aspx?LatinName=Urtica+dioica,Colouring; Curdling agent; Drink; Oil; Shoots,5,5,5,PFAF
Urtica gracilis,Stinging Nettle,https://pfaf.org/user/Plant.aspx?LatinName=Urtica+gracilis,Drink; Shoots,2,3,3,PFAF
Urtica holosericea,Stinging Nettle,https://pfaf.org/user/Plant.aspx?LatinName=Urtica+holosericea,Drink; Shoots,2,3,2,PFAF
Urtica hyperborea,,https://pfaf.org/user/Plant.aspx?LatinName=Urtica+hyperborea,Drink; Shoots,2,3,0,PFAF
Urtica incisa,Scrub Nettle,https://pfaf.org/user/Plant.aspx?LatinName=Urtica+incisa,Drink; Shoots,2,3,0,PFAF
Urtica laetevirens,,https://pfaf.org/user/Plant.aspx?LatinName=Urtica+laetevirens,Shoots,1,3,0,PFAF
Urtica lyallii,Stinging Nettle,https://pfaf.org/user/Plant.aspx?LatinName=Urtica+lyallii,Drink; Shoots,2,3,3,PFAF
Urtica parviflora,,https://pfaf.org/user/Plant.aspx?LatinName=Urtica+parviflora,Drink; Shoots,2,3,1,PFAF
Urtica pilulifera,Roman Nettle,https://pfaf.org/user/Plant.aspx?LatinName=Urtica+pilulifera,Drink; Oil; Shoots,3,3,3,PFAF
Urtica platyphylla,,https://pfaf.org/user/Plant.aspx?LatinName=Urtica+platyphylla,Drink; Shoots,2,3,0,PFAF
Urtica procera,"Stinging Nettle, California nettle",https://pfaf.org/user/Plant.aspx?LatinName=Urtica+procera,Drink; Shoots,2,3,2,PFAF
Urtica serra,California nettle,https://pfaf.org/user/Plant.aspx?LatinName=Urtica+serra,Drink; Shoots,2,3,2,PFAF
Urtica thunbergiana,,https://pfaf.org/user/Plant.aspx?LatinName=Urtica+thunbergiana,Drink; Shoots,2,3,0,PFAF
Urtica urens,Annual Nettle,https://pfaf.org/user/Plant.aspx?LatinName=Urtica+urens,Drink; Oil; Shoots,3,3,3,PFAF
Utricularia vulgaris,Bladderwort,https://pfaf.org/user/Plant.aspx?LatinName=Utricularia+vulgaris,Drink,1,1,1,PFAF
Uvularia perfoliata,"Bellwort, Perfoliate bellwort",https://pfaf.org/user/Plant.aspx?LatinName=Uvularia+perfoliata,Shoots,1,2,2,PFAF
Uvularia sessilifolia,"Bellwort, Sessileleaf bellwort",https://pfaf.org/user/Plant.aspx?LatinName=Uvularia+sessilifolia,Shoots,1,2,1,PFAF
Vaccaria hispanica,"Cow Cockle, Cow soapwort",https://pfaf.org/user/Plant.aspx?LatinName=Vaccaria+hispanica,Condiment,1,1,3,PFAF
Vaccinium angustifolium,"Low Sweet Blueberry, Lowbush blueberry",https://pfaf.org/user/Plant.aspx?LatinName=Vaccinium+angustifolium,Tea,1,3,1,PFAF
Vaccinium angustifolium laevifolium,Low Sweet Blueberry,https://pfaf.org/user/Plant.aspx?LatinName=Vaccinium+angustifolium+laevifolium,Tea,1,3,0,PFAF
Vaccinium arctostaphylos,Caucasian Whortleberry,https://pfaf.org/user/Plant.aspx?LatinName=Vaccinium+arctostaphylos,Tea,1,3,0,PFAF
Vaccinium caespitosum,Dwarf Bilberry,https://pfaf.org/user/Plant.aspx?LatinName=Vaccinium+caespitosum,Tea,1,3,1,PFAF
Vaccinium corymbosum,"High-Bush Blueberry, American Blueberry, Swamp Blueberry, Blueberry",https://pfaf.org/user/Plant.aspx?LatinName=Vaccinium+corymbosum,Tea,1,4,1,PFAF
Vaccinium myrtilloides,"Sourtop Blueberry, Velvetleaf huckleberry",https://pfaf.org/user/Plant.aspx?LatinName=Vaccinium+myrtilloides,Flowers; Tea,2,3,1,PFAF
Vaccinium myrtillus,"Bilberry, Whortleberry",https://pfaf.org/user/Plant.aspx?LatinName=Vaccinium+myrtillus,Tea,1,4,3,PFAF
Vaccinium ovatum,"Evergreen Huckleberry, Florist's Huckleberry, Shot Huckleberry, Californian Huckleberry",https://pfaf.org/user/Plant.aspx?LatinName=Vaccinium+ovatum,Tea,1,3,1,PFAF
Vaccinium oxycoccos,Small Cranberry,https://pfaf.org/user/Plant.aspx?LatinName=Vaccinium+oxycoccos,Tea,1,4,1,PFAF
Vaccinium parvifolium,"Red Bilberry, Red huckleberry",https://pfaf.org/user/Plant.aspx?LatinName=Vaccinium+parvifolium,Tea,1,3,1,PFAF
Vaccinium scoparium,"Grouseberry, Grouse whortleberry",https://pfaf.org/user/Plant.aspx?LatinName=Vaccinium+scoparium,Tea,1,2,1,PFAF
Vaccinium uliginosum,Bog Bilberry,https://pfaf.org/user/Plant.aspx?LatinName=Vaccinium+uliginosum,Tea,1,3,1,PFAF
Vaccinium vacciniaceum,,https://pfaf.org/user/Plant.aspx?LatinName=Vaccinium+vacciniaceum,Flowers,1,1,0,PFAF
Vaccinium vitis-idaea,"Cowberry, Lingonberry, Northern mountain cranberry, Cranberry",https://pfaf.org/user/Plant.aspx?LatinName=Vaccinium+vitis-idaea,Tea,1,3,2,PFAF
Vachellia karroo,Cape Thorn Tree,https://pfaf.org/user/Plant.aspx?LatinName=Vachellia+karroo,Coffee; Gum,2,2,1,PFAF
Vachellia nilotica,Gum Arabic Tree,https://pfaf.org/user/Plant.aspx?LatinName=Vachellia+nilotica,Coffee; Condiment; Drink; Gum; Inner bark; Seedpod; Shoots,7,2,2,PFAF
Vachellia seyal,Shittim Wood,https://pfaf.org/user/Plant.aspx?LatinName=Vachellia+seyal,Gum; Inner bark; Sweetener,3,2,2,PFAF
Vachellia tortilis,Umbrella Thorn,https://pfaf.org/user/Plant.aspx?LatinName=Vachellia+tortilis,Gum; Seedpod; Stem,3,2,2,PFAF
Valeriana officinalis,"Valerian, Garden valerian",https://pfaf.org/user/Plant.aspx?LatinName=Valeriana+officinalis,Condiment; Tea,2,2,3,PFAF
Valeriana phu,,https://pfaf.org/user/Plant.aspx?LatinName=Valeriana+phu,Condiment; Tea,2,2,1,PFAF
Valeriana sambucifolia,,https://pfaf.org/user/Plant.aspx?LatinName=Valeriana+sambucifolia,Condiment; Tea,2,2,3,PFAF
Valeriana toluccana,,https://pfaf.org/user/Plant.aspx?LatinName=Valeriana+toluccana,Condiment; Tea,2,2,2,PFAF
Valerianella locusta,"Corn Salad, Lewiston cornsalad",https://pfaf.org/user/Plant.aspx?LatinName=Valerianella+locusta,Flowers,1,4,0,PFAF
Vanilla planifolia,Vanilla,https://pfaf.org/user/Plant.aspx?LatinName=Vanilla+planifolia,Condiment; Seedpod,2,4,2,PFAF
Vateria indica,White Dammar,https://pfaf.org/user/Plant.aspx?LatinName=Vateria+indica,Condiment; Inner bark; Oil,3,3,2,PFAF
Verbascum thapsus,"Great Mullein, Common mullein, Aaron's Rod, Flannel Plant, Hag Taper, Mullein, Torches, Velvet Plant",https://pfaf.org/user/Plant.aspx?LatinName=Verbascum+thapsus,Tea,1,1,3,PFAF
Verbena hastata,"American Blue Vervain, Swamp verbena",https://pfaf.org/user/Plant.aspx?LatinName=Verbena+hastata,Tea,1,1,2,PFAF
Verbena officinalis,"Vervain, Herb of the cross, Prostrate verbena",https://pfaf.org/user/Plant.aspx?LatinName=Verbena+officinalis,Flowers; Tea,2,1,3,PFAF
Verbena stricta,"Hoary Vervain, Hoary verbena",https://pfaf.org/user/Plant.aspx?LatinName=Verbena+stricta,Tea,1,1,1,PFAF
Vernicia montana,Abrasin oil tree,https://pfaf.org/user/Plant.aspx?LatinName=Vernicia+montana,Oil,1,0,3,PFAF
Veronica agrestis,"Field Speedwell, Green field speedwell",https://pfaf.org/user/Plant.aspx?LatinName=Veronica+agrestis,Shoots,1,1,1,PFAF
Veronica chamaedrys,Germander Speedwell,https://pfaf.org/user/Plant.aspx?LatinName=Veronica+chamaedrys,Tea,1,1,1,PFAF
Veronica longifolia,"Garden Speedwell, Long-Leaf Speedwell",https://pfaf.org/user/Plant.aspx?LatinName=Veronica+longifolia,Shoots,1,1,0,PFAF
Veronica officinalis,Common Speedwell,https://pfaf.org/user/Plant.aspx?LatinName=Veronica+officinalis,Tea,1,1,2,PFAF
Veronica spuria,bastard speedwell,https://pfaf.org/user/Plant.aspx?LatinName=Veronica+spuria,Shoots,1,1,0,PFAF
Veronica undulata,Undulate speedwell,https://pfaf.org/user/Plant.aspx?LatinName=Veronica+undulata,Shoots,1,1,1,PFAF
Vetiveria zizanioides,"Vetiveria, Vetivergrass",https://pfaf.org/user/Plant.aspx?LatinName=Vetiveria+zizanioides,Condiment,1,2,0,PFAF
Viburnum cassinoides,"Withe Rod, Appalachian Tea, Witherod Viburnum, Witherod, Wild Raisin Viburnum",https://pfaf.org/user/Plant.aspx?LatinName=Viburnum+cassinoides,Tea,1,3,1,PFAF
Viburnum cylindricum,,https://pfaf.org/user/Plant.aspx?LatinName=Viburnum+cylindricum,Oil,1,1,1,PFAF
Viburnum edule,"Mooseberry, Squashberry",https://pfaf.org/user/Plant.aspx?LatinName=Viburnum+edule,Flowers,1,3,1,PFAF
Viburnum setigerum,"Tea-Leaf Viburnum, Tea viburnum",https://pfaf.org/user/Plant.aspx?LatinName=Viburnum+setigerum,Tea,1,2,0,PFAF
Vicia americana,"American Vetch, Mat vetch",https://pfaf.org/user/Plant.aspx?LatinName=Vicia+americana,Seedpod; Shoots,2,2,1,PFAF
Vicia cracca,"Tufted Vetch, Bird vetch, Cow vetch",https://pfaf.org/user/Plant.aspx?LatinName=Vicia+cracca,Tea,1,1,1,PFAF
Vicia sativa,"Winter Tares, Garden vetch, Subterranean vetch",https://pfaf.org/user/Plant.aspx?LatinName=Vicia+sativa,Shoots; Tea,2,3,0,PFAF
Vicia sativa leucosperma,Winter Tares,https://pfaf.org/user/Plant.aspx?LatinName=Vicia+sativa+leucosperma,Shoots; Tea,2,3,0,PFAF
Vicia tenuifolia,"Fine-Leaved Vetch, Cow vetch",https://pfaf.org/user/Plant.aspx?LatinName=Vicia+tenuifolia,Shoots,1,1,0,PFAF
Vicia tetrasperma,"Smooth Tare, Lentil vetch",https://pfaf.org/user/Plant.aspx?LatinName=Vicia+tetrasperma,Coffee; Shoots,2,1,0,PFAF
Vigna angularis,Adzuki Bean,https://pfaf.org/user/Plant.aspx?LatinName=Vigna+angularis,Coffee; Seedpod,2,4,2,PFAF
Vigna mungo,"Black Gram, Urd Bean, Black Matpe, Black Mung Bean",https://pfaf.org/user/Plant.aspx?LatinName=Vigna+mungo,Seedpod,1,4,2,PFAF
Vigna radiata,"Mung Bean, Thai Mung Bean",https://pfaf.org/user/Plant.aspx?LatinName=Vigna+radiata,Seedpod,1,4,2,PFAF
Vigna unguiculata cylindrica,Jerusalem Pea,https://pfaf.org/user/Plant.aspx?LatinName=Vigna+unguiculata+cylindrica,Seedpod,1,2,1,PFAF
Vigna unguiculata unguiculata,Black-Eyed Pea,https://pfaf.org/user/Plant.aspx?LatinName=Vigna+unguiculata+unguiculata,Seedpod,1,4,2,PFAF
Viola acuminata,,https://pfaf.org/user/Plant.aspx?LatinName=Viola+acuminata,Flowers; Tea,2,2,0,PFAF
Viola adunca,"Western Dog Violet, Hookedspur violet, Kirk's violet",https://pfaf.org/user/Plant.aspx?LatinName=Viola+adunca,Flowers; Tea,2,3,1,PFAF
Viola biflora,"Twoflower Violet, Arctic yellow violet, Carlott's violet",https://pfaf.org/user/Plant.aspx?LatinName=Viola+biflora,Flowers; Tea,2,3,1,PFAF
Viola brevistipulata,,https://pfaf.org/user/Plant.aspx?LatinName=Viola+brevistipulata,Flowers; Tea,2,2,0,PFAF
Viola canadensis,"Canada Violet, Canadian white violet, Creepingroot violet",https://pfaf.org/user/Plant.aspx?LatinName=Viola+canadensis,Flowers; Tea,2,3,1,PFAF
Viola canina,Dog Violet,https://pfaf.org/user/Plant.aspx?LatinName=Viola+canina,Flowers; Tea,2,3,1,PFAF
Viola collina,,https://pfaf.org/user/Plant.aspx?LatinName=Viola+collina,Flowers; Tea,2,2,0,PFAF
Viola cornuta,"Horned Violet, Bedding Pansy, Tufted Pansy,",https://pfaf.org/user/Plant.aspx?LatinName=Viola+cornuta,Flowers; Tea,2,3,0,PFAF
Viola cucullata,Marsh Blue Violet,https://pfaf.org/user/Plant.aspx?LatinName=Viola+cucullata,Flowers; Tea,2,3,1,PFAF
Viola diffusa,,https://pfaf.org/user/Plant.aspx?LatinName=Viola+diffusa,Flowers; Tea,2,2,2,PFAF
Viola glabella,"Stream Violet, Pioneer violet",https://pfaf.org/user/Plant.aspx?LatinName=Viola+glabella,Flowers; Tea,2,2,0,PFAF
Viola grypoceras,,https://pfaf.org/user/Plant.aspx?LatinName=Viola+grypoceras,Flowers; Tea,2,2,0,PFAF
Viola japonica,Japanese violet,https://pfaf.org/user/Plant.aspx?LatinName=Viola+japonica,Flowers; Tea,2,3,2,PFAF
Viola keiskei,,https://pfaf.org/user/Plant.aspx?LatinName=Viola+keiskei,Flowers; Tea,2,2,0,PFAF
Viola labradorica,"Labrador Violet, Alpine violet, Johnny Jump-Up, Alpine Violet",https://pfaf.org/user/Plant.aspx?LatinName=Viola+labradorica,Flowers; Tea,2,3,0,PFAF
Viola langsdorffii,Alaska Violet. Aleutian violet,https://pfaf.org/user/Plant.aspx?LatinName=Viola+langsdorffii,Flowers; Tea,2,3,0,PFAF
Viola mirabilis,wonder violet,https://pfaf.org/user/Plant.aspx?LatinName=Viola+mirabilis,Flowers; Tea,2,3,1,PFAF
Viola obtusa,,https://pfaf.org/user/Plant.aspx?LatinName=Viola+obtusa,Flowers; Tea,2,2,0,PFAF
Viola odorata,"Sweet Violet, English Violet, Garden Violet, Sweet Violet, Florist's Violet",https://pfaf.org/user/Plant.aspx?LatinName=Viola+odorata,Condiment; Flowers; Tea,3,5,3,PFAF
Viola palmata,"Palmate Violet, Early blue violet,",https://pfaf.org/user/Plant.aspx?LatinName=Viola+palmata,Flowers; Tea,2,3,1,PFAF
Viola patrinii,China violet,https://pfaf.org/user/Plant.aspx?LatinName=Viola+patrinii,Flowers; Tea,2,3,2,PFAF
Viola pedata,"Bird's Foot Violet, Crowfoot Violet, Pansy Violet, Bird's Foot Violet",https://pfaf.org/user/Plant.aspx?LatinName=Viola+pedata,Flowers; Tea,2,2,1,PFAF
Viola pedunculata,"Grass Pansy, Johnny-jump-up",https://pfaf.org/user/Plant.aspx?LatinName=Viola+pedunculata,Flowers; Tea,2,2,0,PFAF
Viola pinnata,,https://pfaf.org/user/Plant.aspx?LatinName=Viola+pinnata,Flowers; Tea,2,3,1,PFAF
Viola prionantha,,https://pfaf.org/user/Plant.aspx?LatinName=Viola+prionantha,Flowers; Tea,2,2,0,PFAF
Viola riviniana,Wood Violet,https://pfaf.org/user/Plant.aspx?LatinName=Viola+riviniana,Flowers; Tea,2,3,0,PFAF
Viola sempervirens,"Redwood Violet, Evergreen violet",https://pfaf.org/user/Plant.aspx?LatinName=Viola+sempervirens,Flowers; Tea,2,2,0,PFAF
Viola sororia,"Wooly Blue Violet, Common blue violet",https://pfaf.org/user/Plant.aspx?LatinName=Viola+sororia,Flowers; Tea,2,3,1,PFAF
Viola tokubuchiana,,https://pfaf.org/user/Plant.aspx?LatinName=Viola+tokubuchiana,Flowers; Tea,2,2,0,PFAF
Viola tricolor,"Heartsease, Johnny jumpup, Field Pansy,",https://pfaf.org/user/Plant.aspx?LatinName=Viola+tricolor,Flowers; Tea,2,2,3,PFAF
Viola vaginata,,https://pfaf.org/user/Plant.aspx?LatinName=Viola+vaginata,Flowers; Tea,2,2,0,PFAF
Viola variegata,,https://pfaf.org/user/Plant.aspx?LatinName=Viola+variegata,Flowers; Tea,2,2,0,PFAF
Viola verecunda,,https://pfaf.org/user/Plant.aspx?LatinName=Viola+verecunda,Flowers; Tea,2,3,1,PFAF
Viola violacea,,https://pfaf.org/user/Plant.aspx?LatinName=Viola+violacea,Flowers; Tea,2,2,0,PFAF
Viola x wittrockiana,"Pansy, Heart's Ease, Ladies Delight, Stepmother's Flower, Pansy",https://pfaf.org/user/Plant.aspx?LatinName=Viola+x+wittrockiana,Flowers; Tea,2,2,0,PFAF
Viola yezoensis,Chinese Violet,https://pfaf.org/user/Plant.aspx?LatinName=Viola+yezoensis,Flowers; Tea,2,3,2,PFAF
Vitellaria paradoxa,Shea Butter Tree,https://pfaf.org/user/Plant.aspx?LatinName=Vitellaria+paradoxa,Flowers; Gum; Inner bark; Oil; Sap,5,4,5,PFAF
Vitex agnus-castus,"Agnus Castus, Lilac chastetree, Vitex, Chastetree",https://pfaf.org/user/Plant.aspx?LatinName=Vitex+agnus-castus,Condiment,1,2,5,PFAF
Vitex doniana,Black Plum,https://pfaf.org/user/Plant.aspx?LatinName=Vitex+doniana,Coffee; Condiment; Drink; Shoots; Sweetener; Tea,6,4,3,PFAF
Vitex madiensis,"Ekarukei, Murukukwe",https://pfaf.org/user/Plant.aspx?LatinName=Vitex+madiensis,Oil,1,4,2,PFAF
Vitex negundo,"Huang Ping, Chinese chastetree, Cut Leaf Vitex, Cut-leaf Chastetree",https://pfaf.org/user/Plant.aspx?LatinName=Vitex+negundo,Condiment; Tea,2,2,3,PFAF
Vitis aestivalis,"Summer Grape, Long grape",https://pfaf.org/user/Plant.aspx?LatinName=Vitis+aestivalis,Sap,1,3,1,PFAF
Vitis aestivalis argentifolia,Summer Grape,https://pfaf.org/user/Plant.aspx?LatinName=Vitis+aestivalis+argentifolia,Sap,1,3,0,PFAF
Vitis cinerea,"Sweet Winter Grape, Graybark grape, Florida grape, Heller's grape",https://pfaf.org/user/Plant.aspx?LatinName=Vitis+cinerea,Sap,1,3,0,PFAF
Vitis cinerea floridana,Currant Grape,https://pfaf.org/user/Plant.aspx?LatinName=Vitis+cinerea+floridana,Sap,1,3,0,PFAF
Vitis coignetiae,Crimson Glory Vine,https://pfaf.org/user/Plant.aspx?LatinName=Vitis+coignetiae,Stem,1,2,0,PFAF
Vitis cordifolia,Frost Grape,https://pfaf.org/user/Plant.aspx?LatinName=Vitis+cordifolia,Tea,1,2,0,PFAF
Vitis flexuosa,,https://pfaf.org/user/Plant.aspx?LatinName=Vitis+flexuosa,Sap,1,2,1,PFAF
Vitis labrusca,"Northern Fox Grape, Fox grape",https://pfaf.org/user/Plant.aspx?LatinName=Vitis+labrusca,Oil; Sap; Shoots,3,3,1,PFAF
Vitis lanata,Grape,https://pfaf.org/user/Plant.aspx?LatinName=Vitis+lanata,Sap,1,3,1,PFAF
Vitis munsoniana,"Bird Grape, Munson's grape",https://pfaf.org/user/Plant.aspx?LatinName=Vitis+munsoniana,Sap,1,3,0,PFAF
Vitis parvifolia,,https://pfaf.org/user/Plant.aspx?LatinName=Vitis+parvifolia,Drink,1,2,1,PFAF
Vitis riparia,Riverbank Grape,https://pfaf.org/user/Plant.aspx?LatinName=Vitis+riparia,Sap; Shoots,2,3,0,PFAF
Vitis rotundifolia,Muscadine Grape,https://pfaf.org/user/Plant.aspx?LatinName=Vitis+rotundifolia,Shoots,1,4,0,PFAF
Vitis saccharifera,Grape,https://pfaf.org/user/Plant.aspx?LatinName=Vitis+saccharifera,Sap,1,2,0,PFAF
Vitis vinifera,"Grape, Wine grape, Purpleleaf Grape, Common Grape",https://pfaf.org/user/Plant.aspx?LatinName=Vitis+vinifera,Flowers; Oil; Shoots,3,5,2,PFAF
Warburgia salutaris,Pepperbark Tree,https://pfaf.org/user/Plant.aspx?LatinName=Warburgia+salutaris,Condiment; Inner bark; Tea,3,2,4,PFAF
Wasabia japonica,"Japanese Horseradish, Wasabi",https://pfaf.org/user/Plant.aspx?LatinName=Wasabia+japonica,Condiment,1,4,1,PFAF
Weigela hortensis,,https://pfaf.org/user/Plant.aspx?LatinName=Weigela+hortensis,Tea,1,1,0,PFAF
Wisteria floribunda,Japanese Wisteria,https://pfaf.org/user/Plant.aspx?LatinName=Wisteria+floribunda,Flowers; Tea,2,2,0,PFAF
Wisteria frutescens,American Wisteria,https://pfaf.org/user/Plant.aspx?LatinName=Wisteria+frutescens,Flowers,1,1,0,PFAF
Wisteria sinensis,Chinese Wisteria,https://pfaf.org/user/Plant.aspx?LatinName=Wisteria+sinensis,Flowers; Tea,2,1,1,PFAF
Wisteria villosa,,https://pfaf.org/user/Plant.aspx?LatinName=Wisteria+villosa,Flowers,1,1,0,PFAF
Withania somnifera,"Ashwagandha - Indian Ginseng, Withania",https://pfaf.org/user/Plant.aspx?LatinName=Withania+somnifera,Curdling agent,1,1,4,PFAF
Woodfordia fruticosa,Fire-flame bush,https://pfaf.org/user/Plant.aspx?LatinName=Woodfordia+fruticosa,Drink; Flowers; Gum,3,2,2,PFAF
Wyethia amplexicaulis,"Mulesears Wyethia, Mule-ears",https://pfaf.org/user/Plant.aspx?LatinName=Wyethia+amplexicaulis,Shoots,1,3,1,PFAF
Xanthoceras sorbifolium,Yellowhorn,https://pfaf.org/user/Plant.aspx?LatinName=Xanthoceras+sorbifolium,Flowers,1,3,0,PFAF
Xanthorrhoea australis,Grasstree,https://pfaf.org/user/Plant.aspx?LatinName=Xanthorrhoea+australis,Nectar; Stem,2,2,1,PFAF
Xylosma japonica,,https://pfaf.org/user/Plant.aspx?LatinName=Xylosma+japonica,Shoots,1,1,1,PFAF
Youngia chelidoniifolia,,https://pfaf.org/user/Plant.aspx?LatinName=Youngia+chelidoniifolia,Flowers,1,1,0,PFAF
Yucca aloifolia,"Spanish Bayonet, Aloe yucca, Dagger Plant, Yucca, Spanish Bayonet",https://pfaf.org/user/Plant.aspx?LatinName=Yucca+aloifolia,Flowers; Stem,2,3,1,PFAF
Yucca angustissima,"Narrowleaf yucca, Kanab yucca, Toft's yucca, Yucca",https://pfaf.org/user/Plant.aspx?LatinName=Yucca+angustissima,Flowers; Stem,2,3,0,PFAF
Yucca baccata,"Spanish Bayonet, Banana yucca, Blue Yucca, Spanish Yucca",https://pfaf.org/user/Plant.aspx?LatinName=Yucca+baccata,Flowers; Stem,2,4,1,PFAF
Yucca brevifolia,"Joshua Tree, Jaeger's Joshua tree, Yucca, Joshua Tree",https://pfaf.org/user/Plant.aspx?LatinName=Yucca+brevifolia,Flowers; Seedpod,2,3,0,PFAF
Yucca constricta,Buckley's Yucca,https://pfaf.org/user/Plant.aspx?LatinName=Yucca+constricta,Flowers; Stem,2,2,0,PFAF
Yucca elata,"Soap Tree, Soaptree yucca, Soapweed, Soapweed Yucca",https://pfaf.org/user/Plant.aspx?LatinName=Yucca+elata,Flowers; Seedpod; Stem,3,2,0,PFAF
Yucca filamentosa,"Spoonleaf Yucca, Adam's needle, Desert Candle, Needle Palm, St. Peter's Palm, Spanish Bayonet, Comm",https://pfaf.org/user/Plant.aspx?LatinName=Yucca+filamentosa,Flowers; Stem,2,3,1,PFAF
Yucca filifera,,https://pfaf.org/user/Plant.aspx?LatinName=Yucca+filifera,Flowers; Stem,2,2,0,PFAF
Yucca gigantea,"Spineless yucca, Izote",https://pfaf.org/user/Plant.aspx?LatinName=Yucca+gigantea,Flowers,1,3,0,PFAF
Yucca glauca,"Soapweed, Soapweed yucca, Gurney's yucca, American Vetch, Yucca, Narrowleaf Yucca, Soapweed",https://pfaf.org/user/Plant.aspx?LatinName=Yucca+glauca,Flowers; Seedpod; Stem,3,2,2,PFAF
Yucca gloriosa,"Spanish Dagger, moundlily yucca, Palm Lily, Roman Candle, Mound Lily Yucca, Spanish Dagger",https://pfaf.org/user/Plant.aspx?LatinName=Yucca+gloriosa,Flowers; Stem,2,2,1,PFAF
Yucca harrimaniae,"Spanish Bayonet, New Mexico Spanish bayonet",https://pfaf.org/user/Plant.aspx?LatinName=Yucca+harrimaniae,Flowers; Stem,2,2,0,PFAF
Yucca recurvifolia,Curve-leaf yucca,https://pfaf.org/user/Plant.aspx?LatinName=Yucca+recurvifolia,Flowers; Stem,2,3,0,PFAF
Yucca rupicola,"Twisted-Leaf Yucca, Texas yucca",https://pfaf.org/user/Plant.aspx?LatinName=Yucca+rupicola,Flowers; Stem,2,2,0,PFAF
Yucca schidigera,"Mojave Yucca, Yucca",https://pfaf.org/user/Plant.aspx?LatinName=Yucca+schidigera,Flowers; Stem,2,3,0,PFAF
Yucca smalliana,"Adam's Needle, Weak-leaf yucca",https://pfaf.org/user/Plant.aspx?LatinName=Yucca+smalliana,Flowers; Stem,2,2,0,PFAF
Yucca whipplei,Our Lord's Candle,https://pfaf.org/user/Plant.aspx?LatinName=Yucca+whipplei,Flowers; Stem,2,3,0,PFAF
Yushania maculata,Maculata bamboo,https://pfaf.org/user/Plant.aspx?LatinName=Yushania+maculata,Shoots,1,3,0,PFAF
Zamia spp,Zamia cycads. Pine cone cycad,https://pfaf.org/user/Plant.aspx?LatinName=Zamia+spp,Stem,1,2,0,PFAF
Zanthoxylum ailanthoides,,https://pfaf.org/user/Plant.aspx?LatinName=Zanthoxylum+ailanthoides,Condiment,1,2,1,PFAF
Zanthoxylum alatum,Winged Prickly Ash,https://pfaf.org/user/Plant.aspx?LatinName=Zanthoxylum+alatum,Condiment,1,3,2,PFAF
Zanthoxylum americanum,"Prickly Ash - Northern, Common pricklyash, Northern Prickly Ash",https://pfaf.org/user/Plant.aspx?LatinName=Zanthoxylum+americanum,Condiment,1,2,3,PFAF
Zanthoxylum beecheyanum,,https://pfaf.org/user/Plant.aspx?LatinName=Zanthoxylum+beecheyanum,Condiment,1,2,1,PFAF
Zanthoxylum bungeanum,,https://pfaf.org/user/Plant.aspx?LatinName=Zanthoxylum+bungeanum,Condiment,1,2,3,PFAF
Zanthoxylum piperitum,Japanese Pepper Tree,https://pfaf.org/user/Plant.aspx?LatinName=Zanthoxylum+piperitum,Condiment,1,3,2,PFAF
Zanthoxylum planispinum,Winged Prickly Ash,https://pfaf.org/user/Plant.aspx?LatinName=Zanthoxylum+planispinum,Condiment,1,3,2,PFAF
Zanthoxylum schinifolium,Peppertree,https://pfaf.org/user/Plant.aspx?LatinName=Zanthoxylum+schinifolium,Condiment,1,2,2,PFAF
Zanthoxylum simulans,"Szechuan Pepper, Chinese-pepper, Prickly Ash",https://pfaf.org/user/Plant.aspx?LatinName=Zanthoxylum+simulans,Condiment,1,3,2,PFAF
Zea hybrids,"Perennial corn, Perennial Maize",https://pfaf.org/user/Plant.aspx?LatinName=Zea+hybrids,Oil; Pollen; Stem,3,5,3,PFAF
Zea mays,"Sweet Corn, Corn",https://pfaf.org/user/Plant.aspx?LatinName=Zea+mays,Coffee; Oil; Pollen; Stem,4,5,3,PFAF
Zingiber officinale,"Ginger: Common,Cooking Stem, Canton",https://pfaf.org/user/Plant.aspx?LatinName=Zingiber+officinale,Condiment; Drink; Flowers; Oil; Shoots; Tea,6,4,5,PFAF
Zizania aquatica,"Wild Rice, Annual wildrice",https://pfaf.org/user/Plant.aspx?LatinName=Zizania+aquatica,Stem,1,5,0,PFAF
Zizania latifolia,Manchurian Wild Rice,https://pfaf.org/user/Plant.aspx?LatinName=Zizania+latifolia,Flowers; Shoots; Stem,3,4,1,PFAF
Zizia aurea,"Golden Alexanders, Golden zizia",https://pfaf.org/user/Plant.aspx?LatinName=Zizia+aurea,Flowers,1,2,1,PFAF
Ziziphus jujuba,Jujube,https://pfaf.org/user/Plant.aspx?LatinName=Ziziphus+jujuba,Coffee,1,4,3,PFAF
Zoysia japonica,Korean Lawn Grass,https://pfaf.org/user/Plant.aspx?LatinName=Zoysia+japonica,Stem,1,1,0,PFAF
Zygophyllum fabago,Syrian Bean Caper,https://pfaf.org/user/Plant.aspx?LatinName=Zygophyllum+fabago,Condiment,1,1,0,PFAF
