timestamp,sensor_id,location_id,temperature_c,humidity_pct,soil_moisture_pct,ph,light_lux,watering_amount_liters,future_height_cm,growth_rate,disease_name,disease_risk,yield_kg
2026-01-01 00:00:00,S2000,2000,23.04,93.2,65.11,6.31,570,0.0,11.25,0.42,none,38.12,3.38
2026-01-01 00:00:00,S2004,2004,24.09,84.4,87.3,7.04,0,0.0,17.77,0.35,none,42.17,0.42
2026-01-01 00:00:00,S2019,2019,24.1,89.6,57.99,6.2,0,0.0,7.45,0.35,none,31.67,0.38
2026-01-01 00:00:00,S2006,2006,23.45,86.7,65.65,6.47,194,0.0,8.11,0.28,none,33.19,1.91
2026-01-01 00:00:00,S2012,2012,24.24,92.5,60.05,7.1,0,0.0,14.84,0.24,none,35.02,0.62
2026-01-01 00:00:00,S2003,2003,24.04,84.6,66.63,6.72,2134,0.0,7.17,0.31,none,31.99,1.36
2026-01-01 00:00:00,S2015,2015,22.55,92.0,70.17,7.05,0,0.0,14.87,0.42,none,39.69,3.93
2026-01-01 00:00:00,S2008,2008,22.87,92.9,56.49,7.05,2128,0.0,24.65,0.31,none,33.57,1.33
2026-01-01 00:00:00,S2014,2014,25.17,82.6,57.9,7.01,0,0.0,26.76,0.35,none,26.03,0.54
2026-01-01 00:00:00,S2009,2009,25.31,89.4,48.87,6.95,1838,0.0,19.61,0.35,none,26.96,0.46
2026-01-01 00:00:00,S2010,2010,24.71,83.8,59.56,6.66,0,0.0,17.81,0.42,none,27.82,3.32
2026-01-01 00:00:00,S2001,2001,23.74,93.6,51.15,7.1,1737,0.0,8.5,0.28,none,31.45,1.87
2026-01-01 00:00:00,S2013,2013,24.75,88.3,77.72,6.75,0,0.0,23.75,0.31,none,40.5,1.26
2026-01-01 00:00:00,S2005,2005,22.77,92.8,60.93,7.14,0,0.0,23.98,0.42,none,35.7,3.8
2026-01-01 00:00:00,S2007,2007,23.6,90.6,55.96,6.35,315,0.0,12.48,0.24,none,31.46,0.77
2026-01-01 00:00:00,S2016,2016,25.62,85.9,44.72,6.24,2375,0.0,11.87,0.28,none,22.08,2.59
2026-01-01 00:00:00,S2018,2018,23.18,84.6,51.95,6.14,0,0.0,17.8,0.31,none,24.65,1.59
2026-01-01 00:00:00,S2011,2011,24.45,85.5,58.19,7.05,0,0.0,13.81,0.28,none,28.5,2.41
2026-01-01 00:00:00,S2017,2017,23.59,88.4,53.29,6.58,921,0.0,18.52,0.24,none,28.37,0.84
2026-01-01 00:00:00,S2002,2002,25.63,86.3,59.46,6.64,1709,0.0,6.68,0.24,none,29.77,0.62
2026-01-01 03:00:00,S2006,2006,22.78,87.5,60.76,6.41,2160,0.0,8.11,0.28,none,31.38,2.84
2026-01-01 03:00:00,S2018,2018,22.85,90.0,63.18,6.49,0,0.0,17.8,0.31,none,34.59,1.38
2026-01-01 03:00:00,S2019,2019,24.25,93.1,53.9,6.83,1002,0.0,7.45,0.35,none,32.43,0.62
2026-01-01 03:00:00,S2008,2008,24.51,89.3,60.19,6.92,0,0.0,24.65,0.31,none,32.53,1.29
2026-01-01 03:00:00,S2015,2015,24.77,89.5,63.28,6.72,1481,0.0,14.87,0.42,none,34.24,3.45
2026-01-01 03:00:00,S2002,2002,23.71,90.6,65.27,6.75,0,0.0,6.68,0.24,none,36.11,0.64
2026-01-01 03:00:00,S2011,2011,24.84,84.8,48.57,6.19,2346,0.0,13.81,0.28,none,23.12,2.36
2026-01-01 03:00:00,S2005,2005,23.79,89.4,59.75,6.46,879,0.0,23.98,0.42,none,32.4,4.47
2026-01-01 03:00:00,S2003,2003,22.48,90.8,63.35,6.97,0,0.0,7.17,0.31,none,35.31,1.89
2026-01-01 03:00:00,S2004,2004,22.41,94.0,60.04,6.33,556,0.0,17.77,0.35,none,36.22,0.59
2026-01-01 03:00:00,S2016,2016,25.74,84.2,75.42,6.62,2212,0.0,11.87,0.28,none,36.07,2.08
2026-01-01 03:00:00,S2014,2014,24.41,88.6,61.89,6.95,0,0.0,26.76,0.35,none,32.82,0.51
2026-01-01 03:00:00,S2000,2000,25.53,88.4,50.53,7.12,1677,0.0,11.25,0.42,none,26.99,3.06
2026-01-01 03:00:00,S2012,2012,24.93,87.2,55.08,6.87,0,0.0,14.84,0.24,none,28.3,0.66
2026-01-01 03:00:00,S2013,2013,25.39,85.6,65.6,7.08,185,0.0,23.75,0.31,none,32.28,1.8
2026-01-01 03:00:00,S2001,2001,25.65,82.2,52.94,7.04,243,0.0,8.5,0.28,none,23.23,2.97
2026-01-01 03:00:00,S2017,2017,24.87,85.1,77.93,7.1,0,0.0,18.52,0.24,none,38.05,0.78
2026-01-01 03:00:00,S2007,2007,23.47,92.5,51.12,6.46,0,0.0,12.48,0.24,none,30.56,0.85
2026-01-01 03:00:00,S2009,2009,24.82,84.4,44.51,6.36,1971,0.0,19.61,0.35,none,20.78,0.56
2026-01-01 03:00:00,S2010,2010,23.88,92.7,63.84,6.87,0,0.0,17.81,0.42,none,37.08,4.08
2026-01-01 06:00:00,S2000,2000,25.67,89.7,51.7,6.54,0,0.0,11.25,0.42,none,28.61,2.88
2026-01-01 06:00:00,S2018,2018,23.43,87.7,54.95,6.24,2358,0.0,17.8,0.31,none,28.64,1.92
2026-01-01 06:00:00,S2010,2010,22.77,97.1,55.24,6.05,0,0.0,17.81,0.42,none,36.3,4.52
2026-01-01 06:00:00,S2009,2009,22.79,84.9,50.69,6.58,1941,0.0,19.61,0.35,none,24.27,0.47
2026-01-01 06:00:00,S2011,2011,23.65,89.7,66.31,6.98,681,0.0,13.81,0.28,none,35.92,2.52
2026-01-01 06:00:00,S2001,2001,24.51,86.0,68.97,7.07,0,0.0,8.5,0.28,none,34.28,2.65
2026-01-01 06:00:00,S2012,2012,24.51,85.8,69.54,6.38,969,0.0,14.84,0.24,none,34.41,0.54
2026-01-01 06:00:00,S2006,2006,22.77,88.1,54.73,6.87,0,0.0,8.11,0.28,none,28.84,2.44
2026-01-01 06:00:00,S2003,2003,24.35,81.4,54.58,6.46,0,0.0,7.17,0.31,none,23.41,1.29
2026-01-01 06:00:00,S2019,2019,23.91,85.3,75.91,6.48,856,0.0,7.45,0.35,none,37.19,0.58
2026-01-01 06:00:00,S2008,2008,22.84,94.7,68.52,6.34,0,0.0,24.65,0.31,none,41.02,1.77
2026-01-01 06:00:00,S2014,2014,23.28,94.2,53.24,6.4,0,0.0,26.76,0.35,none,32.98,0.49
2026-01-01 06:00:00,S2017,2017,25.5,84.8,46.93,6.23,0,0.0,18.52,0.24,none,22.3,0.84
2026-01-01 06:00:00,S2004,2004,23.86,83.0,82.67,6.65,0,0.0,17.77,0.35,none,38.73,0.48
2026-01-01 06:00:00,S2005,2005,23.99,81.9,75.69,6.26,0,0.0,23.98,0.42,none,34.37,3.45
2026-01-01 06:00:00,S2013,2013,24.21,91.8,68.63,6.3,1706,0.0,23.75,0.31,none,38.75,1.91
2026-01-01 06:00:00,S2016,2016,23.6,90.7,65.41,7.18,0,0.0,11.87,0.28,none,36.27,1.87
2026-01-01 06:00:00,S2007,2007,23.29,89.6,70.18,6.38,0,0.0,12.48,0.24,none,37.77,0.74
2026-01-01 06:00:00,S2002,2002,23.54,87.2,58.97,6.97,0,0.0,6.68,0.24,none,30.25,0.71
2026-01-01 06:00:00,S2015,2015,25.03,91.4,58.67,6.67,2365,0.0,14.87,0.42,none,33.46,4.11
2026-01-01 09:00:00,S2000,2000,29.88,80.2,54.92,7.15,68947,0.0,11.25,0.42,none,24.38,4.64
2026-01-01 09:00:00,S2003,2003,27.57,79.3,42.05,6.21,69883,0.0,7.17,0.31,none,15.46,1.96
2026-01-01 09:00:00,S2017,2017,29.84,71.3,59.53,6.84,72219,0.0,18.52,0.24,none,19.48,0.56
2026-01-01 09:00:00,S2009,2009,30.53,74.2,51.89,6.66,71262,0.0,19.59,0.347,none,19.37,0.46
2026-01-01 09:00:00,S2008,2008,29.4,76.3,46.73,6.04,71379,0.0,24.65,0.31,none,16.2,1.5
2026-01-01 09:00:00,S2012,2012,29.84,76.3,53.46,6.3,69427,0.0,14.84,0.24,none,20.45,0.78
2026-01-01 09:00:00,S2014,2014,29.82,72.1,40.37,6.96,72204,2.37,26.76,0.35,none,10.5,0.47
2026-01-01 09:00:00,S2013,2013,29.67,80.1,41.26,6.67,72137,0.0,23.75,0.31,none,17.05,1.59
2026-01-01 09:00:00,S2010,2010,28.95,71.8,52.8,7.15,69474,0.0,17.81,0.42,none,14.84,3.26
2026-01-01 09:00:00,S2016,2016,29.12,76.3,52.44,6.88,69283,0.0,11.87,0.28,none,18.5,2.63
2026-01-01 09:00:00,S2006,2006,30.14,71.0,53.32,6.35,71216,0.0,8.11,0.279,none,16.74,2.84
2026-01-01 09:00:00,S2019,2019,29.93,76.5,43.52,6.78,72884,0.0,7.45,0.35,none,15.82,0.43
2026-01-01 09:00:00,S2005,2005,27.73,81.5,39.41,7.14,69664,2.34,23.98,0.42,none,15.91,3.08
2026-01-01 09:00:00,S2004,2004,27.42,78.0,49.06,7.13,72158,0.0,17.77,0.35,none,17.93,0.58
2026-01-01 09:00:00,S2011,2011,28.92,79.1,58.52,6.36,70752,0.0,13.81,0.28,none,23.54,2.32
2026-01-01 09:00:00,S2015,2015,27.55,80.4,36.32,6.77,68677,1.6,14.87,0.42,none,13.48,4.08
2026-01-01 09:00:00,S2002,2002,28.78,73.2,44.01,7.14,71371,0.0,6.68,0.24,none,11.57,0.54
2026-01-01 09:00:00,S2018,2018,29.35,72.1,44.79,6.99,72679,0.0,17.8,0.31,none,11.77,1.93
2026-01-01 09:00:00,S2001,2001,27.56,79.4,45.42,6.3,71800,0.0,8.5,0.28,none,17.23,1.99
2026-01-01 09:00:00,S2007,2007,29.4,76.2,45.75,6.54,69979,0.0,12.48,0.24,none,15.64,0.84
2026-01-01 12:00:00,S2014,2014,31.71,68.9,38.52,7.14,97601,2.52,26.7,0.342,none,10.8,0.56
2026-01-01 12:00:00,S2003,2003,29.93,71.5,35.41,7.01,98957,1.73,7.17,0.31,none,7.76,1.76
2026-01-01 12:00:00,S2008,2008,30.68,69.6,43.48,6.29,98542,2.34,24.63,0.307,none,11.78,1.69
2026-01-01 12:00:00,S2019,2019,31.24,72.5,42.65,6.36,99932,1.62,7.41,0.344,none,14.8,0.54
2026-01-01 12:00:00,S2001,2001,31.02,79.8,44.66,6.32,98927,0.0,8.47,0.276,none,21.21,2.73
2026-01-01 12:00:00,S2015,2015,31.78,75.1,35.56,6.41,99633,1.75,14.8,0.41,none,14.42,4.38
2026-01-01 12:00:00,S2006,2006,30.95,73.1,45.92,6.32,98907,0.0,8.08,0.276,none,16.34,2.63
2026-01-01 12:00:00,S2016,2016,30.65,71.4,44.73,7.06,97869,0.0,11.85,0.278,none,13.79,2.6
2026-01-01 12:00:00,S2012,2012,30.61,74.6,44.3,6.83,101131,0.0,14.83,0.238,none,16.05,0.56
2026-01-01 12:00:00,S2010,2010,31.96,68.1,60.43,7.07,98507,0.0,17.73,0.409,none,21.61,2.98
2026-01-01 12:00:00,S2007,2007,32.0,72.9,40.11,6.26,102249,2.52,12.43,0.233,none,15.38,0.79
2026-01-01 12:00:00,S2005,2005,31.74,69.1,39.88,6.45,99431,2.48,23.91,0.41,none,11.7,3.71
2026-01-01 12:00:00,S2013,2013,32.43,69.8,38.11,6.71,100693,2.59,23.68,0.3,none,12.75,1.62
2026-01-01 12:00:00,S2011,2011,31.36,67.4,48.09,6.11,97685,0.0,13.77,0.275,none,13.69,2.26
2026-01-01 12:00:00,S2018,2018,29.71,71.9,39.5,6.52,99364,2.42,17.8,0.31,none,9.69,1.38
2026-01-01 12:00:00,S2009,2009,30.5,77.8,32.62,6.84,98723,2.66,19.55,0.341,none,12.55,0.47
2026-01-01 12:00:00,S2002,2002,31.28,71.9,42.12,6.66,100075,1.58,6.65,0.236,none,14.14,0.72
2026-01-01 12:00:00,S2004,2004,32.26,67.5,38.13,6.26,98048,2.45,17.69,0.339,none,10.58,0.46
2026-01-01 12:00:00,S2000,2000,31.23,74.8,41.05,6.51,101353,1.64,11.2,0.413,none,15.82,4.17
2026-01-01 12:00:00,S2017,2017,31.56,70.1,46.2,6.66,98985,0.0,18.48,0.235,none,15.3,0.61
2026-01-01 15:00:00,S2001,2001,27.95,82.4,50.25,6.02,71093,0.0,8.5,0.28,none,22.05,2.2
2026-01-01 15:00:00,S2013,2013,29.05,82.2,69.78,6.54,71036,0.0,23.75,0.31,none,31.75,1.25
2026-01-01 15:00:00,S2002,2002,28.42,78.8,46.93,7.04,69733,0.0,6.68,0.24,none,17.5,0.53
2026-01-01 15:00:00,S2009,2009,29.26,79.0,51.96,6.95,72585,0.0,19.61,0.35,none,20.7,0.43
2026-01-01 15:00:00,S2011,2011,28.29,82.4,38.75,6.64,70981,2.35,13.81,0.28,none,16.3,2.96
2026-01-01 15:00:00,S2008,2008,29.34,75.4,53.17,6.01,68463,0.0,24.65,0.31,none,18.59,1.29
2026-01-01 15:00:00,S2005,2005,27.95,73.0,40.63,6.17,71763,0.0,23.98,0.42,none,9.72,4.71
2026-01-01 15:00:00,S2000,2000,28.95,78.6,38.19,6.4,68788,1.61,11.25,0.42,none,12.97,3.74
2026-01-01 15:00:00,S2007,2007,27.76,79.2,37.11,6.39,72139,2.38,12.48,0.24,none,12.92,0.62
2026-01-01 15:00:00,S2015,2015,28.69,79.7,69.42,6.65,68210,0.0,14.87,0.42,none,29.47,3.97
2026-01-01 15:00:00,S2014,2014,29.76,74.5,42.14,6.18,72349,0.0,26.76,0.35,none,13.19,0.38
2026-01-01 15:00:00,S2006,2006,30.31,69.5,48.83,6.88,72064,0.0,8.1,0.279,none,13.63,2.18
2026-01-01 15:00:00,S2003,2003,28.26,75.9,44.35,6.72,69617,0.0,7.17,0.31,none,13.9,1.5
2026-01-01 15:00:00,S2010,2010,29.02,76.3,41.83,6.72,70332,0.0,17.81,0.42,none,12.99,4.26
2026-01-01 15:00:00,S2018,2018,27.98,82.5,46.07,6.27,69681,0.0,17.8,0.31,none,20.04,1.9
2026-01-01 15:00:00,S2012,2012,29.56,75.2,38.31,6.47,69885,2.4,14.84,0.24,none,11.44,0.63
2026-01-01 15:00:00,S2004,2004,28.28,79.3,57.29,6.61,69592,0.0,17.77,0.35,none,23.08,0.44
2026-01-01 15:00:00,S2019,2019,28.01,76.4,48.16,6.43,68726,0.0,7.45,0.35,none,16.2,0.6
2026-01-01 15:00:00,S2017,2017,30.56,77.9,41.91,6.95,68428,2.38,18.51,0.238,none,17.39,0.69
2026-01-01 15:00:00,S2016,2016,30.14,71.2,47.66,7.17,70657,0.0,11.87,0.279,none,14.07,1.84
2026-01-01 18:00:00,S2016,2016,24.59,85.7,46.61,6.11,0,0.0,11.87,0.28,none,22.87,2.58
2026-01-01 18:00:00,S2004,2004,25.19,89.2,57.92,6.33,993,0.0,17.77,0.35,none,31.32,0.61
2026-01-01 18:00:00,S2010,2010,25.49,84.5,62.99,6.85,0,0.0,17.81,0.42,none,30.1,3.91
2026-01-01 18:00:00,S2002,2002,22.33,88.8,62.19,7.12,355,0.0,6.68,0.24,none,33.13,0.63
2026-01-01 18:00:00,S2018,2018,23.84,91.4,55.46,6.33,2337,0.0,17.8,0.31,none,31.85,1.8
2026-01-01 18:00:00,S2017,2017,23.45,85.4,60.5,6.94,0,0.0,18.52,0.24,none,29.57,0.63
2026-01-01 18:00:00,S2011,2011,23.76,88.4,72.09,6.51,1039,0.0,13.81,0.28,none,37.77,2.8
2026-01-01 18:00:00,S2013,2013,23.31,83.8,54.14,6.46,1463,0.0,23.75,0.31,none,25.11,1.43
2026-01-01 18:00:00,S2014,2014,24.33,82.9,54.59,6.68,1193,0.0,26.76,0.35,none,24.62,0.47
2026-01-01 18:00:00,S2005,2005,23.58,92.0,55.42,6.82,857,0.0,23.98,0.42,none,32.31,2.91
2026-01-01 18:00:00,S2000,2000,22.48,91.2,72.39,7.2,0,0.0,11.25,0.42,none,40.16,4.09
2026-01-01 18:00:00,S2009,2009,23.08,94.4,58.46,6.04,0,0.0,19.61,0.35,none,35.75,0.42
2026-01-01 18:00:00,S2012,2012,25.19,80.5,52.84,6.19,1379,0.0,14.84,0.24,none,21.82,0.61
2026-01-01 18:00:00,S2007,2007,23.21,91.0,63.69,6.69,72,0.0,12.48,0.24,none,35.64,0.68
2026-01-01 18:00:00,S2006,2006,23.12,93.1,54.03,6.24,530,0.0,8.11,0.28,none,32.49,2.25
2026-01-01 18:00:00,S2015,2015,22.6,86.3,54.74,6.29,0,0.0,14.87,0.42,none,27.41,3.71
2026-01-01 18:00:00,S2019,2019,24.27,88.0,64.95,6.56,0,0.0,7.45,0.35,none,33.88,0.4
2026-01-01 18:00:00,S2003,2003,23.99,87.3,49.55,6.58,78,0.0,7.17,0.31,none,25.61,1.88
2026-01-01 18:00:00,S2008,2008,22.73,88.7,49.42,6.13,2304,0.0,24.65,0.31,none,26.67,1.93
2026-01-01 18:00:00,S2001,2001,24.22,86.2,51.91,6.29,0,0.0,8.5,0.28,none,25.92,2.42
2026-01-01 21:00:00,S2017,2017,22.6,89.6,62.99,6.27,1620,0.0,18.52,0.24,none,34.17,0.57
2026-01-01 21:00:00,S2002,2002,24.46,83.9,56.34,6.68,369,0.0,6.68,0.24,none,26.29,0.85
2026-01-01 21:00:00,S2001,2001,25.17,89.6,51.74,6.1,0,0.0,8.5,0.28,none,28.55,2.31
2026-01-01 21:00:00,S2008,2008,24.77,88.4,61.61,7.04,1265,0.0,24.65,0.31,none,32.53,1.28
2026-01-01 21:00:00,S2019,2019,25.57,84.1,62.16,7.06,195,0.0,7.45,0.35,none,29.36,0.45
2026-01-01 21:00:00,S2013,2013,24.79,83.6,72.42,6.35,0,0.0,23.75,0.31,none,34.09,1.87
2026-01-01 21:00:00,S2015,2015,23.22,92.5,61.71,6.18,2315,0.0,14.87,0.42,none,35.86,2.97
2026-01-01 21:00:00,S2004,2004,25.16,88.6,57.51,6.12,0,0.0,17.77,0.35,none,30.63,0.6
2026-01-01 21:00:00,S2014,2014,25.09,86.2,54.24,6.96,1005,0.0,26.76,0.35,none,27.08,0.44
2026-01-01 21:00:00,S2010,2010,22.62,90.3,74.5,6.68,195,0.0,17.81,0.42,none,40.49,3.75
2026-01-01 21:00:00,S2016,2016,25.11,84.2,60.86,6.07,0,0.0,11.87,0.28,none,28.79,2.12
2026-01-01 21:00:00,S2012,2012,22.99,88.2,52.25,6.25,0,0.0,14.84,0.24,none,27.69,0.81
2026-01-01 21:00:00,S2018,2018,24.42,85.0,57.18,6.14,0,0.0,17.8,0.31,none,27.59,1.51
2026-01-01 21:00:00,S2000,2000,22.22,90.6,68.62,7.02,0,0.0,11.25,0.42,none,37.79,3.16
2026-01-01 21:00:00,S2003,2003,23.09,84.7,52.64,6.29,0,0.0,7.17,0.31,none,25.08,1.25
2026-01-01 21:00:00,S2006,2006,24.61,83.3,53.98,6.56,1323,0.0,8.11,0.28,none,24.63,1.92
2026-01-01 21:00:00,S2009,2009,22.5,91.0,47.83,7.15,0,0.0,19.61,0.35,none,27.71,0.49
2026-01-01 21:00:00,S2005,2005,23.55,94.2,67.51,7.04,0,0.0,23.98,0.42,none,40.12,3.83
2026-01-01 21:00:00,S2011,2011,23.23,85.7,51.62,6.18,0,0.0,13.81,0.28,none,25.37,2.11
2026-01-01 21:00:00,S2007,2007,23.21,89.2,53.96,6.27,0,0.0,12.48,0.24,none,29.34,0.54
2026-01-02 00:00:00,S2006,2006,22.87,90.6,65.62,6.46,1336,0.0,8.4,0.28,none,36.29,2.29
2026-01-02 00:00:00,S2014,2014,23.1,94.5,49.35,6.55,913,0.0,27.11,0.35,none,31.28,0.48
2026-01-02 00:00:00,S2010,2010,24.07,94.9,69.36,6.25,2102,0.0,18.18,0.42,none,41.6,4.7
2026-01-02 00:00:00,S2009,2009,24.07,81.2,68.23,6.55,0,0.0,19.95,0.35,none,30.08,0.41
2026-01-02 00:00:00,S2005,2005,24.42,92.1,48.65,7.12,2142,0.0,24.45,0.42,none,29.0,3.88
2026-01-02 00:00:00,S2013,2013,24.88,91.4,64.76,6.11,0,0.0,24.02,0.31,none,36.5,1.83
2026-01-02 00:00:00,S2007,2007,25.44,83.0,54.66,6.21,1321,0.0,12.74,0.24,none,24.73,0.54
2026-01-02 00:00:00,S2017,2017,23.21,90.4,52.21,6.31,124,0.0,18.77,0.24,none,29.43,0.59
2026-01-02 00:00:00,S2002,2002,24.53,85.4,52.98,6.06,2278,0.0,6.92,0.24,none,25.81,0.56
2026-01-02 00:00:00,S2011,2011,24.81,82.7,53.57,6.11,316,0.0,14.12,0.28,none,23.95,2.8
2026-01-02 00:00:00,S2019,2019,25.74,85.9,62.07,6.58,0,0.0,7.84,0.35,none,30.76,0.46
2026-01-02 00:00:00,S2018,2018,24.07,86.8,69.96,6.81,15,0.0,18.13,0.31,none,35.42,1.48
2026-01-02 00:00:00,S2015,2015,24.72,83.0,51.74,6.31,0,0.0,15.24,0.42,none,23.27,4.61
2026-01-02 00:00:00,S2001,2001,23.21,93.9,60.41,6.02,972,0.0,8.81,0.28,none,36.33,2.95
2026-01-02 00:00:00,S2012,2012,22.85,86.4,58.46,7.02,1044,0.0,15.11,0.24,none,29.35,0.6
2026-01-02 00:00:00,S2008,2008,24.86,89.7,84.83,6.73,327,0.0,25.0,0.31,fungal_leaf_spot,45.18,1.51
2026-01-02 00:00:00,S2016,2016,23.67,91.2,64.42,6.08,1616,0.0,12.13,0.28,none,36.17,2.89
2026-01-02 00:00:00,S2000,2000,25.34,86.2,50.28,6.75,627,0.0,11.63,0.42,none,25.1,3.42
2026-01-02 00:00:00,S2003,2003,22.96,90.0,53.6,6.0,815,0.0,7.47,0.31,none,29.8,1.63
2026-01-02 00:00:00,S2004,2004,24.48,90.3,72.42,7.13,17,0.0,18.07,0.35,none,39.45,0.44
2026-01-02 03:00:00,S2014,2014,22.78,95.0,57.62,6.26,0,0.0,27.09,0.35,none,35.81,0.59
2026-01-02 03:00:00,S2001,2001,22.97,86.4,45.08,6.74,1119,0.0,8.78,0.28,none,22.66,2.13
2026-01-02 03:00:00,S2016,2016,22.93,84.5,56.42,6.59,345,0.0,12.14,0.28,none,26.81,1.85
2026-01-02 03:00:00,S2013,2013,23.92,83.7,56.68,7.01,1479,0.0,24.09,0.31,none,26.3,1.27
2026-01-02 03:00:00,S2017,2017,24.77,90.1,68.24,7.13,41,0.0,18.77,0.24,none,37.2,0.54
2026-01-02 03:00:00,S2004,2004,24.81,86.8,62.33,6.14,0,0.0,18.14,0.35,none,31.6,0.53
2026-01-02 03:00:00,S2006,2006,24.44,84.1,66.81,6.83,1009,0.0,8.39,0.28,none,31.68,2.52
2026-01-02 03:00:00,S2018,2018,24.79,90.3,52.24,6.14,0,0.0,18.07,0.31,none,29.36,1.79
2026-01-02 03:00:00,S2007,2007,23.54,88.8,48.09,6.29,1899,0.0,12.74,0.24,none,26.09,0.73
2026-01-02 03:00:00,S2003,2003,25.05,84.9,63.08,6.29,0,0.0,7.5,0.31,none,30.46,1.93
2026-01-02 03:00:00,S2019,2019,22.4,93.3,54.89,6.95,2393,0.0,7.75,0.35,none,33.09,0.56
2026-01-02 03:00:00,S2012,2012,23.58,92.5,65.35,6.2,1015,0.0,15.06,0.24,none,37.67,0.71
2026-01-02 03:00:00,S2005,2005,23.41,84.9,54.05,7.19,0,0.0,24.42,0.42,none,25.95,2.99
2026-01-02 03:00:00,S2008,2008,23.54,89.5,63.12,6.27,0,0.0,24.92,0.31,none,34.16,1.42
2026-01-02 03:00:00,S2000,2000,23.69,86.1,57.81,6.47,444,0.0,11.69,0.42,none,28.78,4.68
2026-01-02 03:00:00,S2009,2009,23.32,91.1,52.53,6.5,244,0.0,19.96,0.35,none,30.14,0.62
2026-01-02 03:00:00,S2015,2015,22.83,88.3,59.59,6.52,2298,0.0,15.3,0.42,none,31.44,3.43
2026-01-02 03:00:00,S2002,2002,24.34,86.3,51.26,6.25,2267,0.0,6.94,0.24,none,25.67,0.69
2026-01-02 03:00:00,S2011,2011,24.58,84.2,66.39,7.16,2095,0.0,14.06,0.28,none,31.56,2.54
2026-01-02 03:00:00,S2010,2010,22.53,90.4,89.92,6.78,0,0.0,18.29,0.42,fungal_leaf_spot,48.28,4.07
2026-01-02 06:00:00,S2019,2019,22.82,84.7,49.81,6.26,2336,0.0,7.76,0.35,none,23.67,0.42
2026-01-02 06:00:00,S2005,2005,24.76,84.3,63.14,6.02,671,0.0,24.46,0.42,none,30.01,4.69
2026-01-02 06:00:00,S2013,2013,23.2,84.2,51.53,6.59,2005,0.0,24.09,0.31,none,24.13,1.49
2026-01-02 06:00:00,S2010,2010,24.63,91.6,59.81,6.6,1626,0.0,18.27,0.42,none,34.19,4.4
2026-01-02 06:00:00,S2007,2007,23.69,91.9,50.05,6.94,827,0.0,12.71,0.24,none,29.55,0.75
2026-01-02 06:00:00,S2016,2016,25.0,80.8,45.33,6.53,2264,0.0,12.12,0.28,none,18.3,1.94
2026-01-02 06:00:00,S2018,2018,23.75,82.8,60.43,6.25,0,0.0,18.09,0.31,none,27.45,1.29
2026-01-02 06:00:00,S2017,2017,23.33,93.2,67.54,6.03,2176,0.0,18.76,0.24,none,39.33,0.81
2026-01-02 06:00:00,S2002,2002,22.57,89.5,57.01,6.16,0,0.0,6.91,0.24,none,31.11,0.77
2026-01-02 06:00:00,S2012,2012,23.89,82.1,47.28,6.92,2347,0.0,15.11,0.24,none,20.32,0.79
2026-01-02 06:00:00,S2015,2015,24.37,87.5,62.88,7.06,0,0.0,15.3,0.42,none,32.44,3.84
2026-01-02 06:00:00,S2003,2003,24.77,82.3,48.07,7.07,898,0.0,7.5,0.31,none,20.88,1.59
2026-01-02 06:00:00,S2004,2004,24.66,88.9,61.08,6.17,1178,0.0,18.12,0.35,none,32.66,0.56
2026-01-02 06:00:00,S2001,2001,22.12,94.1,62.86,6.8,0,0.0,8.76,0.28,none,37.71,2.61
2026-01-02 06:00:00,S2006,2006,24.39,91.7,52.9,6.97,1153,0.0,8.39,0.28,none,30.81,2.69
2026-01-02 06:00:00,S2011,2011,23.35,89.3,63.07,6.37,2250,0.0,14.1,0.28,none,33.97,2.5
2026-01-02 06:00:00,S2009,2009,24.98,86.4,52.99,6.01,0,0.0,19.93,0.35,none,26.62,0.51
2026-01-02 06:00:00,S2014,2014,22.74,94.7,55.67,7.15,0,0.0,27.13,0.35,none,34.6,0.5
2026-01-02 06:00:00,S2000,2000,25.0,87.7,57.99,6.84,666,0.0,11.69,0.42,none,30.16,2.94
2026-01-02 06:00:00,S2008,2008,24.06,85.3,51.77,6.81,0,0.0,24.97,0.31,none,25.12,1.98
2026-01-02 09:00:00,S2012,2012,29.83,79.3,39.96,6.37,71759,2.4,15.1,0.24,none,16.08,0.74
2026-01-02 09:00:00,S2016,2016,29.53,75.0,52.19,6.19,68350,0.0,12.13,0.28,none,18.16,2.85
2026-01-02 09:00:00,S2009,2009,29.17,81.8,42.45,6.68,70509,0.0,19.93,0.35,none,18.01,0.58
2026-01-02 09:00:00,S2010,2010,29.39,78.4,47.14,7.09,68835,0.0,18.26,0.42,none,18.07,4.25
2026-01-02 09:00:00,S2017,2017,30.17,73.3,37.45,6.79,69760,2.46,18.73,0.239,none,10.71,0.6
2026-01-02 09:00:00,S2007,2007,28.11,76.2,51.62,6.26,69899,0.0,12.7,0.24,none,17.77,0.65
2026-01-02 09:00:00,S2011,2011,28.88,71.7,44.54,7.07,69930,0.0,14.07,0.28,none,10.63,2.82
2026-01-02 09:00:00,S2003,2003,27.65,76.2,41.46,6.25,71722,0.0,7.49,0.31,none,12.69,1.58
2026-01-02 09:00:00,S2019,2019,28.26,77.0,60.56,7.18,68523,0.0,7.82,0.35,none,22.88,0.43
2026-01-02 09:00:00,S2000,2000,28.46,81.3,38.15,6.41,69853,1.62,11.73,0.42,none,15.11,3.25
2026-01-02 09:00:00,S2008,2008,30.1,68.2,64.46,6.19,68649,0.0,24.98,0.31,none,19.99,1.41
2026-01-02 09:00:00,S2005,2005,30.0,76.1,54.73,6.22,69729,0.0,24.44,0.42,none,21.24,4.44
2026-01-02 09:00:00,S2015,2015,29.11,79.7,53.56,6.73,70174,0.0,15.25,0.42,none,21.76,4.64
2026-01-02 09:00:00,S2004,2004,30.62,72.0,42.57,6.69,71040,0.0,18.11,0.347,none,13.13,0.54
2026-01-02 09:00:00,S2014,2014,27.54,82.4,42.66,6.1,71197,0.0,27.14,0.35,none,18.25,0.59
2026-01-02 09:00:00,S2013,2013,29.91,72.3,56.67,6.38,69688,0.0,24.03,0.31,none,18.99,1.45
2026-01-02 09:00:00,S2006,2006,29.37,80.9,53.0,6.17,72897,0.0,8.42,0.28,none,22.96,2.06
2026-01-02 09:00:00,S2001,2001,30.08,68.2,44.19,6.43,69875,0.0,8.79,0.28,none,9.81,2.19
2026-01-02 09:00:00,S2002,2002,28.04,81.3,53.45,6.76,72147,0.0,6.89,0.24,none,22.77,0.6
2026-01-02 09:00:00,S2018,2018,28.56,79.9,57.26,6.84,72425,0.0,18.12,0.31,none,23.55,1.46
2026-01-02 12:00:00,S2000,2000,31.13,69.0,41.12,6.66,102188,1.6,11.62,0.414,none,11.02,4.05
2026-01-02 12:00:00,S2001,2001,32.27,68.9,39.41,6.77,100353,1.67,8.75,0.271,none,12.37,2.37
2026-01-02 12:00:00,S2007,2007,30.75,69.0,39.41,7.15,98050,2.46,12.71,0.238,none,9.4,0.56
2026-01-02 12:00:00,S2019,2019,30.45,72.1,44.86,6.18,99709,0.0,7.76,0.348,none,14.01,0.47
2026-01-02 12:00:00,S2017,2017,30.59,71.9,32.69,6.48,100853,2.59,18.73,0.234,none,8.05,0.83
2026-01-02 12:00:00,S2003,2003,31.66,71.9,47.51,6.63,99431,0.0,7.46,0.303,none,17.6,1.48
2026-01-02 12:00:00,S2011,2011,30.78,72.1,33.74,6.61,100919,2.71,14.05,0.274,none,9.11,2.52
2026-01-02 12:00:00,S2004,2004,30.01,78.8,49.22,6.32,101686,0.0,18.11,0.35,none,20.67,0.55
2026-01-02 12:00:00,S2010,2010,29.57,75.9,47.59,7.07,100279,0.0,18.27,0.42,none,16.66,3.19
2026-01-02 12:00:00,S2014,2014,29.89,81.6,48.88,6.99,101045,0.0,27.13,0.35,none,22.5,0.56
2026-01-02 12:00:00,S2002,2002,31.34,77.0,48.52,6.67,101407,0.0,6.91,0.236,none,21.54,0.78
2026-01-02 12:00:00,S2012,2012,31.63,73.7,41.82,6.34,99188,0.0,15.07,0.235,none,16.13,0.67
2026-01-02 12:00:00,S2005,2005,32.13,71.2,66.6,6.23,98359,0.0,24.32,0.408,none,27.52,2.94
2026-01-02 12:00:00,S2006,2006,32.22,72.1,46.12,6.66,101588,1.56,8.35,0.272,none,18.18,2.91
2026-01-02 12:00:00,S2013,2013,30.9,67.7,43.27,6.26,101860,2.38,24.0,0.306,none,10.6,1.57
2026-01-02 12:00:00,S2009,2009,32.3,69.6,46.95,6.82,100688,0.0,19.9,0.339,none,16.75,0.38
2026-01-02 12:00:00,S2016,2016,31.01,73.0,46.9,6.01,100695,0.0,12.16,0.276,none,16.87,2.07
2026-01-02 12:00:00,S2018,2018,30.52,77.1,42.27,6.86,101116,2.34,18.08,0.308,none,16.85,1.94
2026-01-02 12:00:00,S2015,2015,31.52,69.9,37.11,7.16,99247,2.59,15.28,0.411,none,10.52,4.24
2026-01-02 12:00:00,S2008,2008,30.18,80.7,50.11,6.8,99160,0.0,24.92,0.309,none,22.98,1.68
2026-01-02 15:00:00,S2016,2016,28.17,79.8,48.33,6.57,71797,0.0,12.18,0.28,none,19.0,2.14
2026-01-02 15:00:00,S2004,2004,29.82,76.7,45.7,6.4,70986,0.0,18.14,0.35,none,16.85,0.56
2026-01-02 15:00:00,S2006,2006,29.34,74.4,40.89,6.4,68792,0.0,8.36,0.28,none,11.65,2.14
2026-01-02 15:00:00,S2000,2000,30.07,78.2,59.21,7.12,69809,0.0,11.62,0.42,none,25.31,3.22
2026-01-02 15:00:00,S2017,2017,29.35,77.8,47.87,6.01,72173,0.0,18.78,0.24,none,17.88,0.79
2026-01-02 15:00:00,S2018,2018,29.86,71.2,49.61,6.6,69303,0.0,18.08,0.31,none,14.49,1.68
2026-01-02 15:00:00,S2003,2003,29.54,70.2,50.34,6.26,71219,0.0,7.47,0.31,none,13.41,1.34
2026-01-02 15:00:00,S2007,2007,28.72,75.0,41.19,6.68,72582,0.0,12.69,0.24,none,11.59,0.72
2026-01-02 15:00:00,S2015,2015,29.76,74.3,45.94,6.95,72793,0.0,15.26,0.42,none,14.93,3.31
2026-01-02 15:00:00,S2012,2012,27.47,78.6,46.61,6.71,69124,0.0,15.06,0.24,none,17.18,0.61
2026-01-02 15:00:00,S2010,2010,28.53,76.9,61.97,6.84,70037,0.0,18.25,0.42,none,23.51,3.65
2026-01-02 15:00:00,S2019,2019,29.83,71.1,49.44,6.18,70262,0.0,7.75,0.35,none,14.26,0.41
2026-01-02 15:00:00,S2002,2002,29.43,76.0,47.23,6.21,69587,0.0,6.89,0.24,none,16.27,0.57
2026-01-02 15:00:00,S2011,2011,27.8,79.0,55.2,6.79,68507,0.0,14.12,0.28,none,21.8,2.4
2026-01-02 15:00:00,S2001,2001,28.39,80.2,46.27,6.16,72397,0.0,8.76,0.28,none,18.3,2.23
2026-01-02 15:00:00,S2008,2008,28.09,75.1,63.6,6.7,70205,0.0,24.93,0.31,none,22.88,1.3
2026-01-02 15:00:00,S2014,2014,29.7,76.8,49.32,6.78,69939,0.0,27.06,0.35,none,18.5,0.58
2026-01-02 15:00:00,S2009,2009,30.72,76.0,44.55,7.18,69901,0.0,19.9,0.347,none,17.51,0.56
2026-01-02 15:00:00,S2005,2005,30.44,72.3,64.95,6.98,71025,0.0,24.44,0.417,none,24.2,2.98
2026-01-02 15:00:00,S2013,2013,28.83,78.9,36.26,6.36,72354,2.5,24.08,0.31,none,12.25,1.64
2026-01-02 18:00:00,S2000,2000,23.39,90.1,53.09,7.19,881,0.0,11.71,0.42,none,29.62,3.89
2026-01-02 18:00:00,S2014,2014,25.25,82.6,53.45,6.39,0,0.0,27.16,0.35,none,23.8,0.47
2026-01-02 18:00:00,S2012,2012,22.92,92.7,53.6,6.09,1818,0.0,15.09,0.24,none,31.96,0.64
2026-01-02 18:00:00,S2003,2003,25.32,83.0,61.78,6.55,0,0.0,7.44,0.31,none,28.29,1.73
2026-01-02 18:00:00,S2004,2004,23.7,88.9,47.08,6.77,0,0.0,18.16,0.35,none,25.66,0.57
2026-01-02 18:00:00,S2001,2001,23.08,85.6,66.11,7.05,2459,0.0,8.79,0.28,none,32.53,2.03
2026-01-02 18:00:00,S2017,2017,24.14,83.2,57.23,6.83,2118,0.0,18.73,0.24,none,26.18,0.62
2026-01-02 18:00:00,S2010,2010,24.15,89.2,50.81,6.51,0,0.0,18.21,0.42,none,27.77,4.66
2026-01-02 18:00:00,S2013,2013,25.04,81.5,53.14,6.98,1210,0.0,24.05,0.31,none,22.77,1.65
2026-01-02 18:00:00,S2006,2006,24.04,85.9,61.51,7.11,0,0.0,8.35,0.28,none,30.48,1.98
2026-01-02 18:00:00,S2011,2011,23.12,90.0,58.23,7.08,592,0.0,14.11,0.28,none,32.11,2.52
2026-01-02 18:00:00,S2007,2007,23.7,86.5,57.17,6.06,0,0.0,12.74,0.24,none,28.79,0.7
2026-01-02 18:00:00,S2018,2018,23.14,91.5,62.61,6.49,2208,0.0,18.13,0.31,none,35.51,1.67
2026-01-02 18:00:00,S2015,2015,22.78,90.3,67.87,6.16,0,0.0,15.28,0.42,none,37.17,4.28
2026-01-02 18:00:00,S2009,2009,24.65,88.6,63.42,6.52,1377,0.0,19.93,0.35,none,33.59,0.5
2026-01-02 18:00:00,S2016,2016,23.14,84.6,44.7,7.0,0,0.0,12.16,0.28,none,21.03,1.88
2026-01-02 18:00:00,S2019,2019,22.95,88.0,76.04,7.07,0,0.0,7.76,0.35,none,39.42,0.6
2026-01-02 18:00:00,S2008,2008,23.83,83.9,60.44,6.1,0,0.0,24.98,0.31,none,28.34,1.57
2026-01-02 18:00:00,S2002,2002,22.76,89.9,53.29,7.0,0,0.0,6.93,0.24,none,29.57,0.63
2026-01-02 18:00:00,S2005,2005,22.77,88.0,46.68,6.27,0,0.0,24.35,0.42,none,24.74,4.28
2026-01-02 21:00:00,S2012,2012,22.97,86.5,50.3,7.07,0,0.0,15.05,0.24,none,25.35,0.67
2026-01-02 21:00:00,S2011,2011,24.26,90.1,44.05,6.8,0,0.0,14.13,0.28,none,25.1,3.0
2026-01-02 21:00:00,S2014,2014,24.47,87.2,52.99,7.18,0,0.0,27.07,0.35,none,27.26,0.53
2026-01-02 21:00:00,S2005,2005,24.4,86.7,60.73,6.69,449,0.0,24.46,0.42,none,30.73,4.35
2026-01-02 21:00:00,S2017,2017,22.72,92.8,73.02,6.8,758,0.0,18.74,0.24,none,41.75,0.79
2026-01-02 21:00:00,S2006,2006,25.49,83.4,61.74,6.69,2422,0.0,8.4,0.28,none,28.59,2.73
2026-01-02 21:00:00,S2007,2007,23.56,88.0,53.11,6.07,574,0.0,12.72,0.24,none,27.96,0.8
2026-01-02 21:00:00,S2016,2016,23.31,88.2,57.19,6.6,1071,0.0,12.19,0.28,none,30.16,2.3
2026-01-02 21:00:00,S2001,2001,23.33,89.8,60.34,6.42,0,0.0,8.82,0.28,none,33.01,2.37
2026-01-02 21:00:00,S2002,2002,24.61,89.5,55.46,6.81,1282,0.0,6.93,0.24,none,30.33,0.53
2026-01-02 21:00:00,S2018,2018,22.86,95.6,78.09,7.02,64,0.0,18.15,0.31,fungal_leaf_spot,46.52,1.25
2026-01-02 21:00:00,S2015,2015,23.32,86.9,50.6,7.2,2477,0.0,15.29,0.42,none,25.82,2.85
2026-01-02 21:00:00,S2010,2010,23.86,86.6,63.61,6.89,2337,0.0,18.27,0.42,none,32.08,3.54
2026-01-02 21:00:00,S2019,2019,24.77,87.5,54.1,6.07,767,0.0,7.78,0.35,none,28.05,0.56
2026-01-02 21:00:00,S2013,2013,23.9,83.7,57.63,6.48,0,0.0,24.03,0.31,none,26.78,1.57
2026-01-02 21:00:00,S2000,2000,23.0,85.7,45.2,6.48,0,0.0,11.65,0.42,none,22.16,2.94
2026-01-02 21:00:00,S2008,2008,24.78,80.3,66.75,6.74,0,0.0,24.99,0.31,none,28.61,1.4
2026-01-02 21:00:00,S2003,2003,24.21,81.0,74.39,6.43,1624,0.0,7.5,0.31,none,33.0,1.92
2026-01-02 21:00:00,S2004,2004,24.1,85.9,54.46,6.19,0,0.0,18.13,0.35,none,26.95,0.47
2026-01-02 21:00:00,S2009,2009,24.09,87.3,53.84,7.01,390,0.0,19.96,0.35,none,27.76,0.49
2026-01-03 00:00:00,S2012,2012,23.67,89.4,62.91,6.13,0,0.0,15.35,0.24,none,33.98,0.69
2026-01-03 00:00:00,S2019,2019,22.86,91.2,52.24,6.82,1827,0.0,8.16,0.35,none,30.08,0.54
2026-01-03 00:00:00,S2011,2011,22.52,95.0,72.13,6.71,0,0.0,14.42,0.28,none,43.06,2.4
2026-01-03 00:00:00,S2008,2008,22.95,90.6,58.36,7.19,1626,0.0,25.36,0.31,none,32.66,1.55
2026-01-03 00:00:00,S2018,2018,24.86,90.1,49.25,6.67,749,0.0,18.48,0.31,none,27.7,1.88
2026-01-03 00:00:00,S2015,2015,23.06,89.6,50.84,6.78,2123,0.0,15.77,0.42,none,28.1,2.98
2026-01-03 00:00:00,S2002,2002,23.07,90.2,75.43,7.06,0,0.0,7.12,0.24,none,40.88,0.69
2026-01-03 00:00:00,S2013,2013,23.97,89.6,59.43,6.71,1120,0.0,24.41,0.31,none,32.39,1.85
2026-01-03 00:00:00,S2014,2014,25.21,84.5,54.36,6.76,490,0.0,27.46,0.35,none,25.78,0.62
2026-01-03 00:00:00,S2010,2010,23.1,90.8,68.9,6.24,0,0.0,18.55,0.42,none,38.09,3.04
2026-01-03 00:00:00,S2005,2005,22.9,94.9,61.89,6.48,0,0.0,24.88,0.42,none,37.87,2.97
2026-01-03 00:00:00,S2009,2009,23.23,88.2,57.31,6.43,1371,0.0,20.28,0.35,none,30.22,0.48
2026-01-03 00:00:00,S2003,2003,22.41,93.5,65.94,7.18,58,0.0,7.84,0.31,none,38.77,1.32
2026-01-03 00:00:00,S2001,2001,25.02,83.6,61.76,6.4,990,0.0,9.06,0.28,none,28.76,2.53
2026-01-03 00:00:00,S2007,2007,23.27,92.4,61.93,7.04,1842,0.0,12.95,0.24,none,35.89,0.55
2026-01-03 00:00:00,S2017,2017,23.34,86.8,63.06,6.0,857,0.0,18.99,0.24,none,31.97,0.69
2026-01-03 00:00:00,S2000,2000,25.24,86.7,51.75,6.54,0,0.0,12.18,0.42,none,26.24,4.11
2026-01-03 00:00:00,S2006,2006,22.61,87.8,49.49,6.16,1783,0.0,8.71,0.28,none,25.98,2.34
2026-01-03 00:00:00,S2004,2004,24.91,89.3,64.45,6.47,0,0.0,18.44,0.35,none,34.66,0.49
2026-01-03 00:00:00,S2016,2016,23.05,90.7,48.19,7.07,1639,0.0,12.51,0.28,none,27.66,2.92
2026-01-03 03:00:00,S2000,2000,24.74,84.3,47.31,6.05,0,0.0,12.15,0.42,none,22.09,3.92
2026-01-03 03:00:00,S2016,2016,22.91,92.9,58.29,6.75,1839,0.0,12.38,0.28,none,34.47,2.52
2026-01-03 03:00:00,S2014,2014,24.83,84.8,60.14,6.46,0,0.0,27.54,0.35,none,28.91,0.51
2026-01-03 03:00:00,S2002,2002,23.02,86.7,58.1,6.02,599,0.0,7.18,0.24,none,29.41,0.85
2026-01-03 03:00:00,S2015,2015,25.6,82.3,58.23,7.13,0,0.0,15.81,0.42,none,25.95,4.4
2026-01-03 03:00:00,S2003,2003,25.11,91.7,55.24,6.42,0,0.0,7.84,0.31,none,31.98,1.81
2026-01-03 03:00:00,S2005,2005,23.39,88.2,57.94,6.44,0,0.0,24.71,0.42,none,30.53,3.26
2026-01-03 03:00:00,S2010,2010,23.86,90.4,59.92,7.0,0,0.0,18.66,0.42,none,33.28,4.1
2026-01-03 03:00:00,S2009,2009,22.52,91.9,61.21,6.29,19,0.0,20.41,0.35,none,35.13,0.49
2026-01-03 03:00:00,S2004,2004,23.44,87.8,50.37,6.62,0,0.0,18.44,0.35,none,26.42,0.54
2026-01-03 03:00:00,S2006,2006,23.61,94.4,52.5,6.53,2356,0.0,8.59,0.28,none,32.77,2.65
2026-01-03 03:00:00,S2008,2008,25.04,86.9,46.17,6.37,0,0.0,25.32,0.31,none,23.61,1.91
2026-01-03 03:00:00,S2011,2011,23.0,93.6,80.83,6.35,635,0.0,14.4,0.28,fungal_leaf_spot,46.29,2.87
2026-01-03 03:00:00,S2001,2001,22.19,87.8,63.31,6.08,2342,0.0,9.07,0.28,none,32.89,2.79
2026-01-03 03:00:00,S2018,2018,25.44,86.2,58.75,6.28,361,0.0,18.49,0.31,none,29.34,1.26
2026-01-03 03:00:00,S2019,2019,25.17,90.9,52.55,6.35,0,0.0,8.2,0.35,none,30.0,0.5
2026-01-03 03:00:00,S2007,2007,22.99,85.4,53.85,6.67,1548,0.0,12.89,0.24,none,26.25,0.56
2026-01-03 03:00:00,S2012,2012,24.88,87.8,48.51,6.07,1608,0.0,15.25,0.24,none,25.49,0.58
2026-01-03 03:00:00,S2017,2017,24.42,86.4,62.09,6.04,0,0.0,18.97,0.24,none,31.17,0.82
2026-01-03 03:00:00,S2013,2013,22.49,87.8,48.96,6.11,1832,0.0,24.45,0.31,none,25.72,1.3
2026-01-03 06:00:00,S2017,2017,23.42,92.3,62.71,6.99,1302,0.0,18.96,0.24,none,36.2,0.74
2026-01-03 06:00:00,S2005,2005,24.06,90.0,55.51,6.97,0,0.0,24.86,0.42,none,30.75,4.6
2026-01-03 06:00:00,S2001,2001,25.31,82.8,52.29,6.91,0,0.0,9.09,0.28,none,23.38,2.97
2026-01-03 06:00:00,S2003,2003,23.58,91.9,57.57,6.79,0,0.0,7.78,0.31,none,33.31,1.93
2026-01-03 06:00:00,S2002,2002,23.07,87.0,60.23,6.01,0,0.0,7.16,0.24,none,30.71,0.54
2026-01-03 06:00:00,S2000,2000,24.14,87.4,58.39,6.75,170,0.0,12.19,0.42,none,30.12,3.16
2026-01-03 06:00:00,S2009,2009,24.29,89.2,57.27,6.39,952,0.0,20.32,0.35,none,31.0,0.39
2026-01-03 06:00:00,S2006,2006,23.34,90.1,55.51,6.01,593,0.0,8.73,0.28,none,30.83,2.37
2026-01-03 06:00:00,S2008,2008,24.0,84.6,65.63,7.19,2155,0.0,25.28,0.31,none,31.49,1.7
2026-01-03 06:00:00,S2012,2012,23.75,91.0,66.62,6.35,2134,0.0,15.38,0.24,none,37.11,0.86
2026-01-03 06:00:00,S2004,2004,25.17,85.4,70.77,6.98,2425,0.0,18.57,0.35,none,34.71,0.42
2026-01-03 06:00:00,S2014,2014,23.42,87.4,60.9,7.07,2286,0.0,27.36,0.35,none,31.37,0.6
2026-01-03 06:00:00,S2011,2011,24.11,92.9,64.66,6.55,0,0.0,14.43,0.28,none,37.65,2.05
2026-01-03 06:00:00,S2015,2015,22.79,93.6,52.1,6.81,1509,0.0,15.65,0.42,none,31.93,3.86
2026-01-03 06:00:00,S2007,2007,23.84,89.9,65.34,6.14,0,0.0,13.02,0.24,none,35.59,0.69
2026-01-03 06:00:00,S2013,2013,25.76,87.9,58.83,6.2,0,0.0,24.28,0.31,none,30.74,1.87
2026-01-03 06:00:00,S2010,2010,23.92,85.9,52.8,6.72,0,0.0,18.54,0.42,none,26.12,3.73
2026-01-03 06:00:00,S2019,2019,25.58,88.1,62.57,6.93,2042,0.0,8.05,0.35,none,32.77,0.62
2026-01-03 06:00:00,S2018,2018,24.87,84.8,61.06,6.91,0,0.0,18.37,0.31,none,29.37,1.95
2026-01-03 06:00:00,S2016,2016,22.85,88.2,56.31,6.2,2133,0.0,12.4,0.28,none,29.72,2.01
2026-01-03 09:00:00,S2010,2010,28.82,74.2,53.07,6.74,72850,0.0,18.57,0.42,none,16.9,3.85
2026-01-03 09:00:00,S2002,2002,28.95,76.7,44.18,6.95,68255,0.0,7.13,0.24,none,14.45,0.53
2026-01-03 09:00:00,S2005,2005,28.82,76.1,54.17,6.96,72658,0.0,24.94,0.42,none,18.96,4.0
2026-01-03 09:00:00,S2013,2013,30.28,72.4,64.64,6.75,70080,0.0,24.31,0.309,none,23.8,1.83
2026-01-03 09:00:00,S2015,2015,28.56,81.9,52.02,6.46,71740,0.0,15.76,0.42,none,22.53,3.3
2026-01-03 09:00:00,S2009,2009,27.83,78.7,44.03,6.11,70393,0.0,20.35,0.35,none,15.98,0.38
2026-01-03 09:00:00,S2008,2008,29.93,78.5,48.72,6.91,69256,0.0,25.21,0.31,none,20.02,1.21
2026-01-03 09:00:00,S2017,2017,28.19,83.5,46.07,6.29,70792,0.0,19.06,0.24,none,20.84,0.59
2026-01-03 09:00:00,S2019,2019,29.02,75.6,50.54,6.37,70648,0.0,8.13,0.35,none,16.79,0.56
2026-01-03 09:00:00,S2011,2011,30.6,72.5,58.63,6.85,70537,0.0,14.39,0.278,none,21.52,2.19
2026-01-03 09:00:00,S2012,2012,29.98,74.5,44.27,6.49,70014,0.0,15.32,0.24,none,14.7,0.54
2026-01-03 09:00:00,S2003,2003,30.29,76.3,44.06,6.4,70823,0.0,7.86,0.309,none,16.65,1.69
2026-01-03 09:00:00,S2000,2000,27.96,81.1,36.02,6.93,71847,1.66,12.12,0.42,none,13.89,4.02
2026-01-03 09:00:00,S2006,2006,28.74,80.5,58.78,6.12,71301,0.0,8.7,0.28,none,24.79,2.65
2026-01-03 09:00:00,S2001,2001,27.82,81.3,47.09,6.63,71768,0.0,9.08,0.28,none,19.59,2.23
2026-01-03 09:00:00,S2014,2014,28.02,78.6,47.92,6.03,68331,0.0,27.51,0.35,none,17.84,0.55
2026-01-03 09:00:00,S2007,2007,29.42,73.5,46.71,6.49,70047,0.0,13.0,0.24,none,14.0,0.58
2026-01-03 09:00:00,S2004,2004,30.61,78.7,45.91,6.21,70186,0.0,18.41,0.347,none,20.14,0.38
2026-01-03 09:00:00,S2018,2018,28.91,79.3,46.31,6.36,68432,0.0,18.45,0.31,none,17.59,1.86
2026-01-03 09:00:00,S2016,2016,30.28,72.7,55.85,6.89,72902,0.0,12.5,0.279,none,19.65,2.49
2026-01-03 12:00:00,S2014,2014,30.63,68.2,44.49,6.44,101864,0.0,27.41,0.347,none,11.07,0.38
2026-01-03 12:00:00,S2000,2000,30.79,69.5,36.29,6.61,100581,1.7,12.03,0.415,none,8.32,3.97
2026-01-03 12:00:00,S2002,2002,29.25,76.0,45.91,6.51,101038,0.0,7.18,0.24,none,15.25,0.83
2026-01-03 12:00:00,S2008,2008,30.49,72.6,44.62,7.04,98135,0.0,25.25,0.308,none,14.37,1.91
2026-01-03 12:00:00,S2009,2009,30.96,78.2,51.14,6.79,102450,0.0,20.38,0.345,none,23.05,0.55
2026-01-03 12:00:00,S2010,2010,30.32,71.1,39.7,6.14,102443,2.44,18.75,0.418,none,10.37,3.21
2026-01-03 12:00:00,S2019,2019,30.24,72.0,42.49,6.55,100337,0.0,8.11,0.349,none,12.32,0.62
2026-01-03 12:00:00,S2011,2011,31.77,75.0,49.31,6.32,98755,0.0,14.26,0.273,none,21.2,2.23
2026-01-03 12:00:00,S2012,2012,30.78,75.6,44.81,6.31,100604,0.0,15.34,0.237,none,17.45,0.79
2026-01-03 12:00:00,S2003,2003,31.8,70.2,60.08,6.34,98153,0.0,7.81,0.302,none,22.8,1.78
2026-01-03 12:00:00,S2006,2006,30.17,72.0,44.73,6.84,101435,0.0,8.69,0.279,none,13.31,2.53
2026-01-03 12:00:00,S2007,2007,31.82,72.1,45.31,6.43,102242,0.0,12.91,0.234,none,16.97,0.85
2026-01-03 12:00:00,S2015,2015,31.5,71.2,30.83,7.14,98409,2.78,15.52,0.398,none,8.38,2.74
2026-01-03 12:00:00,S2016,2016,29.51,82.0,47.86,6.47,99351,0.0,12.35,0.28,none,21.55,2.7
2026-01-03 12:00:00,S2004,2004,31.38,74.4,33.23,6.67,102309,2.72,18.45,0.339,none,11.9,0.4
2026-01-03 12:00:00,S2013,2013,30.09,78.4,49.08,6.18,99026,0.0,24.28,0.31,none,20.44,1.99
2026-01-03 12:00:00,S2005,2005,32.15,73.1,34.46,6.95,99874,2.7,24.81,0.406,none,13.01,4.52
2026-01-03 12:00:00,S2018,2018,29.65,80.0,40.36,6.8,98469,2.38,18.34,0.31,none,16.48,1.51
2026-01-03 12:00:00,S2001,2001,30.89,75.7,40.35,6.57,100505,1.6,9.03,0.277,none,15.52,2.42
2026-01-03 12:00:00,S2017,2017,30.83,75.3,38.34,6.95,101042,2.51,19.0,0.237,none,14.07,0.56
2026-01-03 15:00:00,S2017,2017,30.17,75.7,37.29,6.82,69581,2.54,18.93,0.239,none,12.55,0.78
2026-01-03 15:00:00,S2016,2016,28.75,79.5,35.94,7.09,69196,2.44,12.41,0.28,none,12.57,2.2
2026-01-03 15:00:00,S2013,2013,29.11,75.6,53.34,6.83,69512,0.0,24.31,0.31,none,18.37,1.8
2026-01-03 15:00:00,S2004,2004,29.25,77.2,57.86,6.43,71118,0.0,18.49,0.35,none,22.19,0.41
2026-01-03 15:00:00,S2015,2015,28.17,82.3,67.98,6.98,70022,0.0,15.67,0.42,none,30.83,3.66
2026-01-03 15:00:00,S2008,2008,29.1,74.9,41.21,6.5,72121,2.34,25.28,0.31,none,11.73,1.34
2026-01-03 15:00:00,S2006,2006,30.6,73.2,50.83,6.52,71676,0.0,8.61,0.278,none,18.18,2.61
2026-01-03 15:00:00,S2001,2001,28.33,80.5,54.61,6.62,68426,0.0,9.04,0.28,none,22.71,1.89
2026-01-03 15:00:00,S2019,2019,27.65,76.9,45.08,6.41,68274,0.0,8.15,0.35,none,15.06,0.5
2026-01-03 15:00:00,S2010,2010,30.1,75.3,55.18,6.55,71728,0.0,18.55,0.419,none,21.03,3.29
2026-01-03 15:00:00,S2009,2009,28.24,78.1,61.44,6.12,69398,0.0,20.35,0.35,none,24.2,0.62
2026-01-03 15:00:00,S2003,2003,28.08,78.5,44.22,6.71,71163,0.0,7.74,0.31,none,15.91,1.86
2026-01-03 15:00:00,S2012,2012,29.29,73.9,53.77,6.78,70765,0.0,15.38,0.24,none,17.59,0.67
2026-01-03 15:00:00,S2002,2002,27.87,76.7,68.82,6.08,69896,0.0,7.21,0.24,none,26.77,0.55
2026-01-03 15:00:00,S2005,2005,29.93,77.7,43.59,6.52,70808,0.0,24.88,0.42,none,16.82,4.42
2026-01-03 15:00:00,S2018,2018,27.79,80.7,37.61,6.78,70449,2.39,18.48,0.31,none,14.37,1.98
2026-01-03 15:00:00,S2014,2014,29.08,81.9,50.24,6.14,71052,0.0,27.56,0.35,none,21.8,0.58
2026-01-03 15:00:00,S2011,2011,29.75,70.1,42.96,6.1,68616,0.0,14.31,0.28,none,10.06,1.83
2026-01-03 15:00:00,S2007,2007,29.47,78.3,50.44,6.69,72197,0.0,13.0,0.24,none,19.8,0.74
2026-01-03 15:00:00,S2000,2000,28.07,76.5,55.41,6.1,71895,0.0,12.1,0.42,none,19.9,3.9
2026-01-03 18:00:00,S2019,2019,23.11,91.8,44.13,6.56,0,0.0,8.21,0.35,none,26.5,0.48
2026-01-03 18:00:00,S2018,2018,25.27,81.5,51.43,7.06,0,0.0,18.33,0.31,none,21.92,1.95
2026-01-03 18:00:00,S2007,2007,24.35,91.9,82.34,6.44,2274,0.0,13.02,0.24,fungal_leaf_spot,45.69,0.57
2026-01-03 18:00:00,S2013,2013,22.78,87.0,55.07,6.28,2,0.0,24.33,0.31,none,28.14,1.78
2026-01-03 18:00:00,S2012,2012,24.86,81.7,58.39,7.19,662,0.0,15.28,0.24,none,25.56,0.54
2026-01-03 18:00:00,S2009,2009,24.03,88.0,58.8,6.76,0,0.0,20.35,0.35,none,30.8,0.62
2026-01-03 18:00:00,S2014,2014,24.69,85.2,54.89,6.96,0,0.0,27.45,0.35,none,26.61,0.43
2026-01-03 18:00:00,S2004,2004,24.67,85.4,65.94,6.98,0,0.0,18.42,0.35,none,32.29,0.51
2026-01-03 18:00:00,S2017,2017,22.96,87.5,61.03,6.93,0,0.0,19.02,0.24,none,31.52,0.61
2026-01-03 18:00:00,S2001,2001,23.26,95.7,51.76,6.66,0,0.0,9.03,0.28,none,33.44,2.37
2026-01-03 18:00:00,S2006,2006,24.42,91.8,56.59,6.1,313,0.0,8.71,0.28,none,32.73,2.06
2026-01-03 18:00:00,S2003,2003,23.98,90.5,49.34,6.84,1860,0.0,7.73,0.31,none,28.07,1.76
2026-01-03 18:00:00,S2011,2011,22.87,91.0,63.86,6.1,0,0.0,14.36,0.28,none,35.73,2.9
2026-01-03 18:00:00,S2002,2002,24.77,85.6,51.02,6.19,2383,0.0,7.17,0.24,none,24.99,0.67
2026-01-03 18:00:00,S2008,2008,23.83,87.9,64.44,6.01,969,0.0,25.28,0.31,none,33.54,1.79
2026-01-03 18:00:00,S2000,2000,23.79,87.6,56.21,6.58,13,0.0,12.04,0.42,none,29.18,3.54
2026-01-03 18:00:00,S2016,2016,22.53,86.1,44.22,6.89,0,0.0,12.47,0.28,none,21.99,1.83
2026-01-03 18:00:00,S2005,2005,24.62,86.7,69.82,6.65,2124,0.0,24.86,0.42,none,35.27,3.09
2026-01-03 18:00:00,S2015,2015,23.19,93.6,60.65,6.98,0,0.0,15.69,0.42,none,36.2,2.95
2026-01-03 18:00:00,S2010,2010,25.22,81.8,59.33,6.11,0,0.0,18.55,0.42,none,26.1,3.52
2026-01-03 21:00:00,S2008,2008,22.92,87.2,49.62,6.69,1338,0.0,25.25,0.31,none,25.57,1.98
2026-01-03 21:00:00,S2017,2017,22.71,88.2,76.32,6.96,0,0.0,18.98,0.24,none,39.72,0.54
2026-01-03 21:00:00,S2016,2016,22.27,92.8,66.61,6.75,2197,0.0,12.51,0.28,none,38.55,2.47
2026-01-03 21:00:00,S2006,2006,25.13,85.8,71.77,6.88,1856,0.0,8.61,0.28,none,35.52,1.94
2026-01-03 21:00:00,S2011,2011,25.63,79.9,56.71,6.16,0,0.0,14.29,0.28,none,23.28,2.97
2026-01-03 21:00:00,S2019,2019,25.5,80.8,61.35,6.08,0,0.0,8.17,0.35,none,26.32,0.45
2026-01-03 21:00:00,S2012,2012,25.15,82.7,60.32,6.79,0,0.0,15.36,0.24,none,27.32,0.72
2026-01-03 21:00:00,S2014,2014,24.18,85.9,62.09,6.47,1339,0.0,27.45,0.35,none,30.77,0.53
2026-01-03 21:00:00,S2004,2004,25.48,83.3,46.57,6.97,0,0.0,18.57,0.35,none,20.93,0.41
2026-01-03 21:00:00,S2002,2002,24.3,84.0,55.59,7.07,2335,0.0,7.21,0.24,none,26.0,0.8
2026-01-03 21:00:00,S2013,2013,23.95,86.3,62.55,6.06,2422,0.0,24.41,0.31,none,31.31,1.82
2026-01-03 21:00:00,S2005,2005,25.07,82.7,57.51,6.98,1881,0.0,24.81,0.42,none,25.92,3.05
2026-01-03 21:00:00,S2010,2010,22.86,85.7,79.02,6.84,0,0.0,18.53,0.42,none,39.07,3.6
2026-01-03 21:00:00,S2000,2000,25.42,85.9,71.13,6.27,0,0.0,12.06,0.42,none,35.29,3.06
2026-01-03 21:00:00,S2015,2015,25.09,87.1,58.56,6.3,2454,0.0,15.68,0.42,none,29.96,4.32
2026-01-03 21:00:00,S2003,2003,22.68,86.7,63.36,6.35,2111,0.0,7.84,0.31,none,32.04,1.75
2026-01-03 21:00:00,S2009,2009,25.25,87.8,47.31,7.14,1698,0.0,20.22,0.35,none,24.89,0.59
2026-01-03 21:00:00,S2007,2007,23.69,83.1,56.12,6.03,1218,0.0,12.91,0.24,none,25.54,0.56
2026-01-03 21:00:00,S2018,2018,22.97,92.8,74.45,6.5,149,0.0,18.38,0.31,none,42.47,1.97
2026-01-03 21:00:00,S2001,2001,23.67,83.5,55.17,7.19,1323,0.0,9.03,0.28,none,25.39,2.35
2026-01-04 00:00:00,S2019,2019,22.4,93.1,52.59,6.68,0,0.0,8.63,0.35,none,31.77,0.47
2026-01-04 00:00:00,S2001,2001,23.09,95.2,49.6,6.48,104,0.0,9.37,0.28,none,31.96,2.21
2026-01-04 00:00:00,S2008,2008,24.65,84.0,58.35,6.49,0,0.0,25.66,0.31,none,27.38,1.56
2026-01-04 00:00:00,S2013,2013,23.72,88.4,66.61,6.25,2235,0.0,24.59,0.31,none,35.03,1.71
2026-01-04 00:00:00,S2004,2004,25.46,87.5,55.12,6.69,0,0.0,18.97,0.35,none,28.56,0.48
2026-01-04 00:00:00,S2006,2006,23.08,86.5,66.79,6.81,0,0.0,8.97,0.28,none,33.6,2.07
2026-01-04 00:00:00,S2018,2018,24.22,88.6,72.88,7.02,2420,0.0,18.63,0.31,none,38.32,1.27
2026-01-04 00:00:00,S2003,2003,24.73,82.9,56.86,6.43,1083,0.0,8.16,0.31,none,25.75,1.21
2026-01-04 00:00:00,S2014,2014,23.79,92.3,48.64,7.05,0,0.0,27.92,0.35,none,29.16,0.57
2026-01-04 00:00:00,S2009,2009,23.11,89.0,62.61,6.74,1878,0.0,20.73,0.35,none,33.51,0.49
2026-01-04 00:00:00,S2010,2010,24.94,89.1,47.44,6.35,1041,0.0,19.08,0.42,none,26.0,2.92
2026-01-04 00:00:00,S2012,2012,24.64,89.4,55.79,6.64,392,0.0,15.58,0.24,none,30.42,0.79
2026-01-04 00:00:00,S2015,2015,24.38,84.5,48.87,6.22,0,0.0,16.16,0.42,none,23.04,4.26
2026-01-04 00:00:00,S2005,2005,25.15,88.0,70.25,6.6,0,0.0,25.39,0.42,none,36.53,4.16
2026-01-04 00:00:00,S2000,2000,24.87,87.1,60.65,6.6,458,0.0,12.69,0.42,none,31.0,3.03
2026-01-04 00:00:00,S2016,2016,23.53,92.9,52.95,6.49,1266,0.0,12.73,0.28,none,31.8,2.21
2026-01-04 00:00:00,S2002,2002,24.0,87.4,65.18,6.18,343,0.0,7.4,0.24,none,33.51,0.56
2026-01-04 00:00:00,S2017,2017,25.36,84.4,53.28,6.86,895,0.0,19.25,0.24,none,25.16,0.7
2026-01-04 00:00:00,S2011,2011,24.76,84.5,63.62,6.96,0,0.0,14.7,0.28,none,30.41,1.96
2026-01-04 00:00:00,S2007,2007,24.65,82.9,56.33,6.56,0,0.0,13.18,0.24,none,25.49,0.53
2026-01-04 03:00:00,S2015,2015,23.73,87.6,56.91,7.12,711,0.0,16.28,0.42,none,29.53,3.1
2026-01-04 03:00:00,S2004,2004,23.2,86.4,74.3,6.75,1428,0.0,18.94,0.35,none,37.27,0.46
2026-01-04 03:00:00,S2005,2005,23.61,92.8,75.87,7.01,1296,0.0,25.4,0.42,none,43.17,4.67
2026-01-04 03:00:00,S2003,2003,25.22,86.2,62.84,7.11,0,0.0,8.21,0.31,none,31.38,1.51
2026-01-04 03:00:00,S2010,2010,25.16,82.7,58.88,6.86,1385,0.0,19.02,0.42,none,26.6,4.06
2026-01-04 03:00:00,S2002,2002,24.23,85.0,45.45,6.7,393,0.0,7.42,0.24,none,21.73,0.77
2026-01-04 03:00:00,S2000,2000,22.78,87.5,53.34,6.78,227,0.0,12.4,0.42,none,27.67,4.56
2026-01-04 03:00:00,S2001,2001,22.81,93.0,59.06,6.37,1456,0.0,9.43,0.28,none,34.93,2.14
2026-01-04 03:00:00,S2017,2017,24.74,88.8,66.07,6.14,1908,0.0,19.22,0.24,none,35.07,0.78
2026-01-04 03:00:00,S2006,2006,23.4,85.3,62.51,6.27,0,0.0,9.03,0.28,none,30.49,2.53
2026-01-04 03:00:00,S2011,2011,25.13,79.5,60.92,7.1,0,0.0,14.67,0.28,none,25.06,2.4
2026-01-04 03:00:00,S2008,2008,23.58,87.5,60.65,7.17,0,0.0,25.59,0.31,none,31.32,1.38
2026-01-04 03:00:00,S2009,2009,23.16,86.0,52.06,6.64,0,0.0,20.54,0.35,none,25.83,0.5
2026-01-04 03:00:00,S2016,2016,22.86,94.4,60.15,6.49,0,0.0,12.63,0.28,none,36.6,2.63
2026-01-04 03:00:00,S2013,2013,24.4,88.6,50.65,6.07,304,0.0,24.73,0.31,none,27.2,1.62
2026-01-04 03:00:00,S2018,2018,22.83,93.5,63.13,7.15,196,0.0,18.71,0.31,none,37.37,1.26
2026-01-04 03:00:00,S2012,2012,24.87,86.7,64.45,7.13,0,0.0,15.56,0.24,none,32.59,0.63
2026-01-04 03:00:00,S2014,2014,24.78,87.9,62.76,7.18,0,0.0,27.77,0.35,none,32.7,0.45
2026-01-04 03:00:00,S2019,2019,24.82,89.2,47.29,6.09,252,0.0,8.47,0.35,none,26.01,0.59
2026-01-04 03:00:00,S2007,2007,22.74,91.6,55.09,6.29,1308,0.0,13.12,0.24,none,31.82,0.63
2026-01-04 06:00:00,S2019,2019,23.17,89.6,49.21,6.04,61,0.0,8.44,0.35,none,27.28,0.61
2026-01-04 06:00:00,S2017,2017,24.3,89.7,66.18,6.74,1248,0.0,19.23,0.24,none,35.85,0.84
2026-01-04 06:00:00,S2000,2000,24.31,84.7,51.21,7.12,837,0.0,12.39,0.42,none,24.37,2.9
2026-01-04 06:00:00,S2006,2006,24.84,81.1,47.52,6.52,0,0.0,9.02,0.28,none,19.64,2.26
2026-01-04 06:00:00,S2007,2007,23.75,82.3,55.13,6.58,0,0.0,13.22,0.24,none,24.41,0.6
2026-01-04 06:00:00,S2013,2013,25.14,80.5,63.3,6.73,1283,0.0,24.72,0.31,none,27.05,1.87
2026-01-04 06:00:00,S2010,2010,25.79,82.9,58.41,7.15,0,0.0,18.96,0.42,none,26.53,4.27
2026-01-04 06:00:00,S2009,2009,24.78,84.7,61.73,6.88,0,0.0,20.73,0.35,none,29.63,0.49
2026-01-04 06:00:00,S2001,2001,23.38,93.3,58.11,6.56,0,0.0,9.23,0.28,none,34.7,2.95
2026-01-04 06:00:00,S2014,2014,23.47,88.7,67.39,6.58,0,0.0,27.69,0.35,none,35.66,0.39
2026-01-04 06:00:00,S2003,2003,24.46,82.5,65.31,7.05,2130,0.0,7.99,0.31,none,29.66,1.7
2026-01-04 06:00:00,S2016,2016,25.2,82.6,78.55,6.26,0,0.0,12.8,0.28,none,36.35,2.34
2026-01-04 06:00:00,S2005,2005,24.23,88.6,67.11,6.82,479,0.0,25.14,0.42,none,35.43,4.21
2026-01-04 06:00:00,S2008,2008,24.53,87.2,61.14,6.03,735,0.0,25.59,0.31,none,31.33,1.77
2026-01-04 06:00:00,S2018,2018,24.04,85.3,66.17,6.25,1353,0.0,18.81,0.31,none,32.33,1.56
2026-01-04 06:00:00,S2004,2004,24.04,82.4,56.85,6.96,1691,0.0,18.96,0.35,none,25.35,0.56
2026-01-04 06:00:00,S2002,2002,24.27,87.2,54.17,6.91,0,0.0,7.49,0.24,none,27.85,0.69
2026-01-04 06:00:00,S2011,2011,23.49,89.8,57.8,6.78,0,0.0,14.66,0.28,none,31.74,2.45
2026-01-04 06:00:00,S2012,2012,23.72,91.8,59.85,6.35,2479,0.0,15.6,0.24,none,34.36,0.81
2026-01-04 06:00:00,S2015,2015,24.52,84.9,47.27,6.76,2051,0.0,16.0,0.42,none,22.56,3.45
2026-01-04 09:00:00,S2017,2017,27.88,84.3,53.59,7.08,71876,0.0,19.31,0.24,none,25.23,0.7
2026-01-04 09:00:00,S2010,2010,29.01,74.7,55.8,6.73,69072,0.0,19.11,0.42,none,18.68,3.25
2026-01-04 09:00:00,S2004,2004,28.29,80.2,43.53,6.31,72797,0.0,18.94,0.35,none,16.93,0.61
2026-01-04 09:00:00,S2015,2015,28.68,79.6,48.78,6.77,70606,0.0,16.19,0.42,none,19.07,3.1
2026-01-04 09:00:00,S2005,2005,29.93,72.6,38.39,7.06,71537,2.43,25.13,0.42,none,10.13,3.8
2026-01-04 09:00:00,S2016,2016,28.8,76.0,45.39,6.89,71768,0.0,12.78,0.28,none,14.5,2.67
2026-01-04 09:00:00,S2001,2001,30.01,71.1,38.54,6.57,68467,1.62,9.24,0.28,none,9.17,2.57
2026-01-04 09:00:00,S2013,2013,28.16,77.3,45.15,7.1,68905,0.0,24.7,0.31,none,15.41,1.95
2026-01-04 09:00:00,S2002,2002,29.79,75.4,48.44,6.57,72319,0.0,7.48,0.24,none,17.12,0.57
2026-01-04 09:00:00,S2007,2007,29.9,69.2,46.93,6.83,69729,0.0,13.19,0.24,none,11.62,0.74
2026-01-04 09:00:00,S2009,2009,28.13,76.5,48.02,6.91,70217,0.0,20.76,0.35,none,16.21,0.51
2026-01-04 09:00:00,S2018,2018,30.04,77.0,44.14,6.41,71834,0.0,18.6,0.31,none,16.75,1.91
2026-01-04 09:00:00,S2019,2019,27.87,82.3,41.48,6.1,73191,0.0,8.6,0.35,none,17.58,0.53
2026-01-04 09:00:00,S2012,2012,29.02,78.0,50.47,6.26,70962,0.0,15.52,0.24,none,18.68,0.86
2026-01-04 09:00:00,S2006,2006,30.19,73.3,40.25,6.7,71175,1.57,9.04,0.279,none,12.15,2.3
2026-01-04 09:00:00,S2011,2011,29.5,77.2,52.17,6.78,70637,0.0,14.73,0.28,none,19.85,2.37
2026-01-04 09:00:00,S2003,2003,27.91,76.1,43.12,7.09,70809,0.0,8.24,0.31,none,13.44,1.3
2026-01-04 09:00:00,S2000,2000,29.36,77.5,55.68,6.69,68976,0.0,12.61,0.42,none,21.56,3.85
2026-01-04 09:00:00,S2008,2008,29.16,80.9,60.5,6.28,70308,0.0,25.62,0.31,none,26.29,1.21
2026-01-04 09:00:00,S2014,2014,27.4,78.4,48.59,6.02,71958,0.0,27.95,0.35,none,18.02,0.6
2026-01-04 12:00:00,S2004,2004,31.91,69.8,43.42,6.53,97739,2.38,18.61,0.341,none,14.37,0.57
2026-01-04 12:00:00,S2003,2003,30.9,70.2,39.39,6.73,102258,1.66,7.97,0.306,none,10.66,1.78
2026-01-04 12:00:00,S2014,2014,31.62,66.6,34.19,6.32,101844,2.7,27.78,0.34,none,6.61,0.52
2026-01-04 12:00:00,S2019,2019,31.9,75.9,50.88,6.21,98291,0.0,8.45,0.341,none,22.96,0.6
2026-01-04 12:00:00,S2013,2013,30.04,80.0,47.65,6.8,99520,0.0,24.69,0.31,none,20.9,1.25
2026-01-04 12:00:00,S2005,2005,31.39,72.1,42.7,6.08,102048,2.41,25.05,0.412,none,14.81,4.3
2026-01-04 12:00:00,S2015,2015,30.72,77.4,42.3,7.13,97512,2.41,16.17,0.416,none,17.51,3.75
2026-01-04 12:00:00,S2002,2002,32.09,68.6,59.16,6.11,102345,0.0,7.41,0.233,none,21.64,0.61
2026-01-04 12:00:00,S2012,2012,31.45,71.0,42.9,7.05,98996,2.39,15.5,0.235,none,14.15,0.7
2026-01-04 12:00:00,S2016,2016,30.77,68.1,49.45,6.47,102066,0.0,12.74,0.277,none,13.74,2.95
2026-01-04 12:00:00,S2017,2017,31.12,68.5,42.47,6.68,99553,2.34,19.11,0.236,none,11.28,0.7
2026-01-04 12:00:00,S2006,2006,30.07,73.1,33.48,6.02,101730,1.75,8.87,0.276,none,8.36,2.56
2026-01-04 12:00:00,S2000,2000,30.36,73.8,55.31,6.42,97795,0.0,12.57,0.418,none,20.41,3.88
2026-01-04 12:00:00,S2011,2011,31.98,65.4,38.87,7.13,101672,2.54,14.56,0.272,none,8.72,2.36
2026-01-04 12:00:00,S2008,2008,32.12,72.6,48.46,6.08,97605,0.0,25.47,0.301,none,19.55,1.6
2026-01-04 12:00:00,S2009,2009,30.43,76.8,33.67,6.48,98222,2.69,20.72,0.344,none,12.13,0.37
2026-01-04 12:00:00,S2001,2001,31.81,78.2,30.66,6.48,101282,1.91,9.24,0.264,none,14.51,1.79
2026-01-04 12:00:00,S2018,2018,29.72,78.9,40.02,6.9,102007,2.41,18.81,0.31,none,15.57,1.7
2026-01-04 12:00:00,S2007,2007,30.36,75.4,55.9,6.72,100770,0.0,13.13,0.239,none,21.99,0.6
2026-01-04 12:00:00,S2010,2010,30.31,74.3,60.64,6.59,100829,0.0,18.88,0.418,none,23.38,4.33
2026-01-04 15:00:00,S2017,2017,30.41,76.1,41.66,6.45,72473,2.34,19.31,0.239,none,15.53,0.79
2026-01-04 15:00:00,S2011,2011,27.48,80.7,45.79,6.07,68306,0.0,14.69,0.28,none,18.46,2.92
2026-01-04 15:00:00,S2012,2012,29.32,74.2,48.8,6.82,69963,0.0,15.56,0.24,none,15.4,0.7
2026-01-04 15:00:00,S2002,2002,30.05,75.3,55.61,6.88,69399,0.0,7.46,0.24,none,21.14,0.75
2026-01-04 15:00:00,S2005,2005,27.71,75.2,44.59,6.87,70847,0.0,25.11,0.42,none,13.46,3.78
2026-01-04 15:00:00,S2016,2016,27.74,75.6,54.47,6.91,68476,0.0,12.75,0.28,none,18.71,2.7
2026-01-04 15:00:00,S2001,2001,27.69,80.3,62.1,6.97,68958,0.0,9.23,0.28,none,26.29,2.19
2026-01-04 15:00:00,S2010,2010,29.9,67.8,50.77,6.53,70015,0.0,19.02,0.42,none,12.42,3.62
2026-01-04 15:00:00,S2007,2007,27.14,85.2,45.06,6.89,72747,0.0,13.17,0.24,none,21.69,0.69
2026-01-04 15:00:00,S2013,2013,27.11,77.4,54.89,6.48,71463,0.0,24.71,0.31,none,20.37,1.33
2026-01-04 15:00:00,S2015,2015,28.02,81.7,49.93,7.15,71221,0.0,16.0,0.42,none,21.33,3.67
2026-01-04 15:00:00,S2009,2009,29.57,76.2,42.19,6.64,71852,0.0,20.57,0.35,none,14.2,0.43
2026-01-04 15:00:00,S2008,2008,30.28,75.0,47.83,7.04,69131,0.0,25.58,0.309,none,17.48,1.71
2026-01-04 15:00:00,S2003,2003,30.16,72.8,39.9,6.36,71606,1.64,8.09,0.309,none,11.51,1.66
2026-01-04 15:00:00,S2004,2004,28.86,83.6,54.87,6.45,71789,0.0,18.78,0.35,none,25.31,0.57
2026-01-04 15:00:00,S2000,2000,29.67,79.7,48.47,6.29,71933,0.0,12.55,0.42,none,20.34,4.22
2026-01-04 15:00:00,S2019,2019,28.83,81.0,54.52,6.43,70624,0.0,8.5,0.35,none,23.06,0.51
2026-01-04 15:00:00,S2014,2014,28.54,78.5,56.92,6.2,72873,0.0,27.69,0.35,none,22.26,0.6
2026-01-04 15:00:00,S2006,2006,29.25,72.6,42.0,6.75,69082,1.56,8.96,0.28,none,10.58,3.0
2026-01-04 15:00:00,S2018,2018,27.44,83.4,54.01,6.11,73185,0.0,18.74,0.31,none,24.73,1.82
2026-01-04 18:00:00,S2013,2013,25.03,83.7,79.95,7.14,541,0.0,24.66,0.31,none,37.94,1.27
2026-01-04 18:00:00,S2005,2005,25.38,85.8,59.09,6.68,302,0.0,25.13,0.42,none,29.19,3.78
2026-01-04 18:00:00,S2000,2000,23.33,94.1,64.88,6.28,2405,0.0,12.67,0.42,none,38.72,3.31
2026-01-04 18:00:00,S2003,2003,23.61,87.2,63.88,6.37,1169,0.0,7.99,0.31,none,32.7,1.4
2026-01-04 18:00:00,S2012,2012,25.14,88.0,66.1,6.44,1311,0.0,15.46,0.24,none,34.45,0.78
2026-01-04 18:00:00,S2019,2019,25.46,81.6,65.46,6.59,1524,0.0,8.38,0.35,none,29.01,0.38
2026-01-04 18:00:00,S2006,2006,23.45,87.6,50.17,6.07,1374,0.0,9.01,0.28,none,26.16,2.68
2026-01-04 18:00:00,S2001,2001,25.25,81.8,71.27,6.91,0,0.0,9.39,0.28,none,32.07,2.29
2026-01-04 18:00:00,S2002,2002,23.14,91.4,55.42,6.75,0,0.0,7.45,0.24,none,31.83,0.68
2026-01-04 18:00:00,S2007,2007,24.8,85.2,49.6,6.11,0,0.0,13.24,0.24,none,23.96,0.78
2026-01-04 18:00:00,S2016,2016,25.19,87.7,63.82,6.21,0,0.0,12.72,0.28,none,33.07,2.56
2026-01-04 18:00:00,S2010,2010,22.59,87.5,57.65,6.63,0,0.0,18.9,0.42,none,29.82,3.95
2026-01-04 18:00:00,S2015,2015,23.09,93.0,53.88,7.1,0,0.0,16.29,0.42,none,32.34,3.93
2026-01-04 18:00:00,S2011,2011,24.95,83.5,77.04,7.04,0,0.0,14.61,0.28,none,36.32,2.35
2026-01-04 18:00:00,S2018,2018,23.89,84.7,48.28,6.5,749,0.0,18.7,0.31,none,22.9,1.91
2026-01-04 18:00:00,S2009,2009,22.92,91.7,54.89,6.46,0,0.0,20.56,0.35,none,31.81,0.5
2026-01-04 18:00:00,S2014,2014,23.94,84.3,68.56,6.54,1550,0.0,27.72,0.35,none,32.72,0.43
2026-01-04 18:00:00,S2008,2008,24.06,88.1,52.02,6.35,114,0.0,25.55,0.31,none,27.49,1.34
2026-01-04 18:00:00,S2004,2004,22.64,88.4,62.78,7.14,0,0.0,18.77,0.35,none,33.11,0.55
2026-01-04 18:00:00,S2017,2017,23.22,91.1,62.11,6.73,0,0.0,19.2,0.24,none,34.93,0.63
2026-01-04 21:00:00,S2005,2005,24.04,85.6,61.82,6.96,0,0.0,25.37,0.42,none,30.39,3.43
2026-01-04 21:00:00,S2013,2013,24.71,86.8,53.22,6.47,1510,0.0,24.72,0.31,none,27.05,1.98
2026-01-04 21:00:00,S2004,2004,23.21,86.1,61.79,7.17,0,0.0,18.91,0.35,none,30.77,0.59
2026-01-04 21:00:00,S2012,2012,23.98,89.1,56.91,6.64,0,0.0,15.61,0.24,none,30.73,0.8
2026-01-04 21:00:00,S2007,2007,25.29,87.5,61.47,7.12,14,0.0,13.18,0.24,none,31.73,0.71
2026-01-04 21:00:00,S2001,2001,23.7,87.5,57.55,6.68,0,0.0,9.25,0.28,none,29.77,2.38
2026-01-04 21:00:00,S2010,2010,24.74,83.8,82.32,6.59,0,0.0,19.08,0.42,none,39.2,3.2
2026-01-04 21:00:00,S2015,2015,24.85,90.1,45.06,6.26,0,0.0,15.98,0.42,none,25.61,3.49
2026-01-04 21:00:00,S2003,2003,25.01,83.4,52.19,6.24,919,0.0,8.18,0.31,none,23.82,1.29
2026-01-04 21:00:00,S2011,2011,24.73,85.0,60.62,6.87,0,0.0,14.57,0.28,none,29.31,2.38
2026-01-04 21:00:00,S2018,2018,25.71,85.2,55.51,6.63,944,0.0,18.78,0.31,none,26.92,1.21
2026-01-04 21:00:00,S2000,2000,22.65,92.4,56.41,6.22,1123,0.0,12.38,0.42,none,33.12,3.71
2026-01-04 21:00:00,S2009,2009,24.15,88.7,66.0,7.19,892,0.0,20.75,0.35,none,34.96,0.4
2026-01-04 21:00:00,S2014,2014,24.27,83.6,47.88,6.58,1748,0.0,27.7,0.35,none,21.82,0.49
2026-01-04 21:00:00,S2019,2019,23.05,92.1,54.86,6.37,0,0.0,8.36,0.35,none,32.11,0.47
2026-01-04 21:00:00,S2008,2008,23.99,88.2,53.46,6.61,0,0.0,25.67,0.31,none,28.29,1.73
2026-01-04 21:00:00,S2002,2002,25.27,87.1,65.3,6.59,0,0.0,7.48,0.24,none,33.33,0.77
2026-01-04 21:00:00,S2006,2006,24.84,84.2,67.52,7.06,926,0.0,8.84,0.28,none,32.12,1.88
2026-01-04 21:00:00,S2016,2016,24.18,91.0,48.03,6.22,1299,0.0,12.79,0.28,none,27.82,2.54
2026-01-04 21:00:00,S2017,2017,24.31,88.0,66.3,6.67,583,0.0,19.17,0.24,none,34.55,0.68
2026-01-05 00:00:00,S2005,2005,23.04,88.6,68.48,6.54,0,0.0,25.45,0.42,none,36.12,4.61
2026-01-05 00:00:00,S2017,2017,23.22,83.2,57.37,6.3,0,0.0,19.57,0.24,none,26.25,0.72
2026-01-05 00:00:00,S2007,2007,25.22,89.3,62.24,6.85,1812,0.0,13.44,0.24,none,33.56,0.59
2026-01-05 00:00:00,S2015,2015,24.92,83.8,54.67,6.22,1038,0.0,16.49,0.42,none,25.38,3.46
2026-01-05 00:00:00,S2019,2019,23.5,89.2,51.46,6.54,0,0.0,8.87,0.35,none,28.09,0.42
2026-01-05 00:00:00,S2009,2009,23.24,92.1,52.81,6.74,0,0.0,21.13,0.35,none,31.08,0.61
2026-01-05 00:00:00,S2004,2004,22.87,94.2,73.26,7.12,712,0.0,19.22,0.35,none,42.99,0.55
2026-01-05 00:00:00,S2016,2016,24.71,86.5,73.14,6.47,0,0.0,12.98,0.28,none,36.77,2.21
2026-01-05 00:00:00,S2011,2011,23.18,90.7,66.96,6.06,0,0.0,14.94,0.28,none,37.04,2.62
2026-01-05 00:00:00,S2000,2000,23.9,93.6,58.73,6.25,0,0.0,12.97,0.42,none,35.24,4.15
2026-01-05 00:00:00,S2010,2010,22.78,91.4,44.25,6.43,0,0.0,19.61,0.42,none,26.25,4.05
2026-01-05 00:00:00,S2002,2002,23.96,89.4,64.23,6.28,0,0.0,7.5,0.24,none,34.64,0.66
2026-01-05 00:00:00,S2008,2008,22.44,89.9,54.22,6.53,1772,0.0,25.79,0.31,none,30.03,1.72
2026-01-05 00:00:00,S2006,2006,24.23,93.4,72.36,6.14,0,0.0,9.14,0.28,none,41.9,2.46
2026-01-05 00:00:00,S2003,2003,23.15,88.0,63.44,6.16,812,0.0,8.32,0.31,none,33.12,1.41
2026-01-05 00:00:00,S2018,2018,22.96,92.3,62.04,6.67,748,0.0,18.86,0.31,none,35.86,1.75
2026-01-05 00:00:00,S2014,2014,24.49,83.5,47.5,6.42,0,0.0,28.01,0.35,none,21.55,0.55
2026-01-05 00:00:00,S2001,2001,24.21,89.8,45.3,6.62,1128,0.0,9.53,0.28,none,25.49,2.58
2026-01-05 00:00:00,S2012,2012,25.45,85.6,65.55,6.05,1352,0.0,15.78,0.24,none,32.25,0.65
2026-01-05 00:00:00,S2013,2013,25.81,80.2,70.93,7.13,1841,0.0,24.94,0.31,none,30.63,1.91
2026-01-05 03:00:00,S2002,2002,23.94,88.4,58.75,6.49,0,0.0,7.67,0.24,none,31.1,0.84
2026-01-05 03:00:00,S2015,2015,22.83,90.6,65.06,6.59,0,0.0,16.52,0.42,none,36.01,4.23
2026-01-05 03:00:00,S2010,2010,24.56,84.9,57.36,6.43,466,0.0,19.31,0.42,none,27.6,4.47
2026-01-05 03:00:00,S2003,2003,24.83,85.2,71.97,6.77,35,0.0,8.23,0.31,none,35.15,1.49
2026-01-05 03:00:00,S2012,2012,22.98,95.1,56.79,7.18,1882,0.0,15.94,0.24,none,35.47,0.68
2026-01-05 03:00:00,S2008,2008,23.65,90.4,58.59,6.55,1884,0.0,25.8,0.31,none,32.62,1.94
2026-01-05 03:00:00,S2011,2011,24.5,89.8,66.03,6.12,0,0.0,15.1,0.28,none,35.86,1.84
2026-01-05 03:00:00,S2013,2013,23.31,89.6,57.65,6.31,248,0.0,24.81,0.31,none,31.5,1.52
2026-01-05 03:00:00,S2009,2009,24.8,84.5,65.98,7.1,0,0.0,20.83,0.35,none,31.59,0.61
2026-01-05 03:00:00,S2016,2016,25.01,81.4,55.17,6.49,363,0.0,13.04,0.28,none,23.71,2.88
2026-01-05 03:00:00,S2014,2014,25.54,82.5,69.49,6.57,0,0.0,28.27,0.35,none,31.74,0.42
2026-01-05 03:00:00,S2018,2018,23.93,92.7,53.79,6.22,0,0.0,19.23,0.31,none,32.06,1.99
2026-01-05 03:00:00,S2000,2000,22.96,91.8,71.38,6.09,284,0.0,12.87,0.42,none,40.13,3.75
2026-01-05 03:00:00,S2019,2019,23.16,92.2,70.19,7.02,0,0.0,8.94,0.35,none,39.86,0.47
2026-01-05 03:00:00,S2004,2004,23.24,90.2,59.42,6.1,301,0.0,19.3,0.35,none,32.87,0.6
2026-01-05 03:00:00,S2005,2005,24.06,85.9,53.53,6.81,869,0.0,25.53,0.42,none,26.49,2.92
2026-01-05 03:00:00,S2007,2007,23.5,86.4,53.36,6.97,1307,0.0,13.38,0.24,none,26.8,0.66
2026-01-05 03:00:00,S2017,2017,24.1,94.6,49.03,6.51,0,0.0,19.52,0.24,none,31.19,0.68
2026-01-05 03:00:00,S2006,2006,24.81,80.2,65.91,6.34,768,0.0,9.26,0.28,none,28.12,2.33
2026-01-05 03:00:00,S2001,2001,23.57,88.7,61.42,7.02,56,0.0,9.76,0.28,none,32.67,2.62
2026-01-05 06:00:00,S2001,2001,23.65,92.4,56.72,6.89,2204,0.0,9.72,0.28,none,33.28,2.32
2026-01-05 06:00:00,S2014,2014,24.65,83.5,57.86,6.14,0,0.0,28.12,0.35,none,26.73,0.39
2026-01-05 06:00:00,S2015,2015,25.0,83.5,55.87,6.2,1969,0.0,16.72,0.42,none,25.73,4.33
2026-01-05 06:00:00,S2017,2017,23.15,84.1,52.12,6.9,0,0.0,19.49,0.24,none,24.34,0.8
2026-01-05 06:00:00,S2003,2003,23.8,86.0,48.5,6.65,2133,0.0,8.43,0.31,none,24.05,1.29
2026-01-05 06:00:00,S2008,2008,22.89,83.7,65.03,6.9,0,0.0,25.86,0.31,none,30.48,1.98
2026-01-05 06:00:00,S2000,2000,22.9,94.5,48.6,6.14,0,0.0,12.7,0.42,none,30.9,2.95
2026-01-05 06:00:00,S2006,2006,23.97,93.1,67.14,6.4,0,0.0,9.24,0.28,none,39.05,2.21
2026-01-05 06:00:00,S2005,2005,25.11,79.9,56.63,6.9,0,0.0,25.77,0.42,none,23.24,3.61
2026-01-05 06:00:00,S2002,2002,23.62,88.6,56.25,7.11,1107,0.0,7.61,0.24,none,30.0,0.65
2026-01-05 06:00:00,S2010,2010,23.08,90.3,67.16,7.14,0,0.0,19.57,0.42,none,36.82,3.87
2026-01-05 06:00:00,S2018,2018,24.51,88.6,50.74,7.12,0,0.0,19.22,0.31,none,27.25,1.69
2026-01-05 06:00:00,S2019,2019,24.88,80.0,49.9,6.7,0,0.0,8.81,0.35,none,19.95,0.56
2026-01-05 06:00:00,S2016,2016,24.18,83.2,58.09,7.02,128,0.0,13.04,0.28,none,26.61,2.65
2026-01-05 06:00:00,S2011,2011,25.32,83.7,57.06,6.87,0,0.0,14.96,0.28,none,26.49,2.72
2026-01-05 06:00:00,S2013,2013,23.92,88.1,53.72,6.34,1936,0.0,24.98,0.31,none,28.34,1.87
2026-01-05 06:00:00,S2004,2004,24.26,89.4,60.38,6.95,142,0.0,19.34,0.35,none,32.71,0.41
2026-01-05 06:00:00,S2009,2009,22.89,84.2,50.33,6.42,2203,0.0,21.0,0.35,none,23.53,0.54
2026-01-05 06:00:00,S2012,2012,25.07,83.0,70.24,6.9,0,0.0,15.82,0.24,none,32.52,0.54
2026-01-05 06:00:00,S2007,2007,24.66,87.4,61.6,6.35,0,0.0,13.4,0.24,none,31.72,0.64
2026-01-05 09:00:00,S2009,2009,27.38,74.6,36.64,6.6,68323,2.36,21.03,0.35,none,9.0,0.47
2026-01-05 09:00:00,S2019,2019,29.81,75.6,51.23,6.43,72640,0.0,8.84,0.35,none,18.71,0.62
2026-01-05 09:00:00,S2016,2016,27.16,85.2,48.08,7.07,71412,0.0,12.85,0.28,none,23.2,2.06
2026-01-05 09:00:00,S2010,2010,27.91,81.0,52.76,6.25,72990,0.0,19.62,0.42,none,22.18,2.86
2026-01-05 09:00:00,S2006,2006,30.38,76.8,53.89,6.95,72662,0.0,9.21,0.279,none,22.14,1.88
2026-01-05 09:00:00,S2008,2008,28.41,80.8,53.92,6.99,68243,0.0,25.83,0.31,none,22.6,1.55
2026-01-05 09:00:00,S2000,2000,28.82,82.7,50.42,6.6,69807,0.0,13.06,0.42,none,22.37,3.35
2026-01-05 09:00:00,S2001,2001,28.12,73.1,48.71,7.1,72055,0.0,9.46,0.28,none,13.83,1.83
2026-01-05 09:00:00,S2017,2017,28.36,82.7,42.83,6.26,68626,0.0,19.4,0.24,none,18.58,0.79
2026-01-05 09:00:00,S2018,2018,28.87,79.0,51.08,6.74,69448,0.0,18.9,0.31,none,19.74,1.23
2026-01-05 09:00:00,S2005,2005,27.68,75.8,45.63,6.37,70381,0.0,25.73,0.42,none,14.45,3.58
2026-01-05 09:00:00,S2003,2003,27.35,85.3,45.88,7.08,71969,0.0,8.46,0.31,none,22.18,1.45
2026-01-05 09:00:00,S2015,2015,27.37,85.6,44.17,7.03,68829,0.0,16.75,0.42,none,21.56,3.18
2026-01-05 09:00:00,S2014,2014,27.88,82.1,48.03,6.89,72882,0.0,28.17,0.35,none,20.69,0.49
2026-01-05 09:00:00,S2011,2011,29.03,72.5,50.88,6.32,69540,0.0,15.0,0.28,none,14.5,2.18
2026-01-05 09:00:00,S2012,2012,29.19,79.4,46.71,6.53,73030,0.0,15.73,0.24,none,18.26,0.53
2026-01-05 09:00:00,S2002,2002,29.06,81.3,53.77,7.06,71894,0.0,7.52,0.24,none,23.04,0.62
2026-01-05 09:00:00,S2007,2007,30.51,72.3,52.92,7.2,68993,0.0,13.46,0.238,none,18.32,0.72
2026-01-05 09:00:00,S2004,2004,29.02,73.6,62.69,6.6,70525,0.0,19.2,0.35,none,21.26,0.49
2026-01-05 09:00:00,S2013,2013,28.56,81.1,47.76,6.2,73022,0.0,24.95,0.31,none,19.76,1.65
2026-01-05 12:00:00,S2002,2002,31.24,70.9,43.43,6.08,101324,1.56,7.63,0.236,none,13.92,0.53
2026-01-05 12:00:00,S2007,2007,29.81,80.0,35.61,6.61,100641,2.61,13.47,0.24,none,14.42,0.55
2026-01-05 12:00:00,S2009,2009,30.55,75.9,29.78,6.92,97601,2.73,21.01,0.333,none,9.71,0.54
2026-01-05 12:00:00,S2012,2012,30.66,74.5,47.68,7.19,102478,0.0,15.66,0.238,none,17.76,0.77
2026-01-05 12:00:00,S2013,2013,29.64,78.4,44.83,6.12,100198,0.0,25.01,0.31,none,17.42,1.63
2026-01-05 12:00:00,S2010,2010,32.37,69.7,43.31,6.91,100621,2.4,19.24,0.406,none,15.15,2.77
2026-01-05 12:00:00,S2015,2015,30.06,72.5,38.55,6.29,102176,0.0,16.52,0.42,none,10.39,3.94
2026-01-05 12:00:00,S2005,2005,30.13,72.7,35.38,6.03,99509,2.54,25.86,0.419,none,9.11,2.93
2026-01-05 12:00:00,S2001,2001,30.64,72.0,36.31,6.05,98526,1.62,9.49,0.278,none,10.04,2.28
2026-01-05 12:00:00,S2018,2018,32.65,65.4,45.59,6.76,100216,0.0,19.05,0.299,none,13.42,1.54
2026-01-05 12:00:00,S2019,2019,32.35,75.7,46.39,6.17,98105,0.0,8.79,0.339,none,21.46,0.56
2026-01-05 12:00:00,S2011,2011,32.67,69.4,37.92,6.18,101684,2.53,14.97,0.27,none,12.82,2.26
2026-01-05 12:00:00,S2008,2008,31.04,76.6,37.4,6.92,99853,2.55,25.87,0.306,none,15.06,1.83
2026-01-05 12:00:00,S2004,2004,30.68,73.0,46.47,6.21,98030,0.0,19.34,0.347,none,15.99,0.58
2026-01-05 12:00:00,S2014,2014,29.98,78.3,52.54,7.15,98247,0.0,28.03,0.35,none,21.87,0.59
2026-01-05 12:00:00,S2000,2000,29.61,75.8,47.56,6.77,97528,0.0,13.08,0.42,none,16.64,2.9
2026-01-05 12:00:00,S2016,2016,32.13,71.4,46.06,6.9,102472,0.0,12.78,0.272,none,17.41,2.42
2026-01-05 12:00:00,S2017,2017,31.78,67.1,36.38,6.76,98503,2.67,19.42,0.234,none,8.43,0.82
2026-01-05 12:00:00,S2006,2006,31.8,68.7,49.13,6.54,102133,0.0,9.26,0.273,none,16.13,1.77
2026-01-05 12:00:00,S2003,2003,32.32,72.4,60.93,6.87,98645,0.0,8.28,0.3,none,26.03,1.82
2026-01-05 15:00:00,S2006,2006,28.96,77.9,64.37,7.11,69772,0.0,9.37,0.28,none,25.51,2.52
2026-01-05 15:00:00,S2000,2000,27.65,79.9,44.76,6.07,72401,0.0,13.0,0.42,none,17.3,4.22
2026-01-05 15:00:00,S2005,2005,29.25,77.5,55.54,6.74,69878,0.0,25.51,0.42,none,21.27,4.23
2026-01-05 15:00:00,S2012,2012,29.87,73.6,37.02,7.08,70221,2.54,15.68,0.24,none,10.13,0.86
2026-01-05 15:00:00,S2002,2002,29.34,73.3,43.69,6.53,70587,0.0,7.51,0.24,none,12.16,0.78
2026-01-05 15:00:00,S2013,2013,28.53,78.5,42.7,6.83,72979,0.0,24.86,0.31,none,15.15,1.68
2026-01-05 15:00:00,S2008,2008,27.45,81.4,58.08,6.84,73201,0.0,25.88,0.31,none,25.16,1.78
2026-01-05 15:00:00,S2019,2019,28.64,75.0,46.67,6.39,69782,0.0,9.06,0.35,none,14.34,0.4
2026-01-05 15:00:00,S2015,2015,29.44,71.9,38.35,7.07,68512,2.39,16.44,0.42,none,8.58,4.31
2026-01-05 15:00:00,S2003,2003,27.39,80.1,56.51,6.55,71756,0.0,8.3,0.31,none,23.33,1.56
2026-01-05 15:00:00,S2016,2016,28.25,74.6,37.77,7.17,70983,2.41,12.84,0.28,none,9.56,2.28
2026-01-05 15:00:00,S2017,2017,29.13,80.8,52.06,6.74,68598,0.0,19.5,0.24,none,21.93,0.79
2026-01-05 15:00:00,S2014,2014,28.82,80.8,53.1,6.1,69790,0.0,28.28,0.35,none,22.19,0.52
2026-01-05 15:00:00,S2009,2009,29.75,77.0,51.36,6.53,72619,0.0,21.2,0.35,none,19.78,0.42
2026-01-05 15:00:00,S2001,2001,28.98,78.5,46.36,6.61,70767,0.0,9.59,0.28,none,16.98,2.11
2026-01-05 15:00:00,S2007,2007,29.19,76.5,46.24,6.84,68611,0.0,13.54,0.24,none,15.7,0.71
2026-01-05 15:00:00,S2018,2018,28.94,77.6,49.12,6.71,69436,0.0,19.14,0.31,none,17.64,1.73
2026-01-05 15:00:00,S2004,2004,29.15,73.8,53.21,6.95,71985,0.0,18.98,0.35,none,16.94,0.54
2026-01-05 15:00:00,S2011,2011,28.32,78.3,51.76,6.81,71640,0.0,14.88,0.28,none,19.52,2.43
2026-01-05 15:00:00,S2010,2010,27.88,84.0,58.67,6.88,71189,0.0,19.49,0.42,none,27.54,3.51
2026-01-05 18:00:00,S2007,2007,25.14,84.5,88.86,6.14,453,0.0,13.41,0.24,none,43.03,0.71
2026-01-05 18:00:00,S2015,2015,23.27,85.2,52.7,7.02,0,0.0,16.33,0.42,none,25.51,4.62
2026-01-05 18:00:00,S2004,2004,25.45,87.2,57.92,6.05,0,0.0,19.34,0.35,none,29.72,0.61
2026-01-05 18:00:00,S2011,2011,22.13,92.9,60.78,6.15,1179,0.0,15.06,0.28,none,35.71,1.8
2026-01-05 18:00:00,S2005,2005,23.48,83.1,64.71,6.09,0,0.0,25.67,0.42,none,29.83,3.61
2026-01-05 18:00:00,S2012,2012,24.47,83.5,68.1,7.15,2210,0.0,15.84,0.24,none,31.85,0.58
2026-01-05 18:00:00,S2013,2013,23.75,89.3,52.63,7.0,0,0.0,24.81,0.31,none,28.75,1.87
2026-01-05 18:00:00,S2018,2018,24.37,86.3,47.25,6.71,0,0.0,19.16,0.31,none,23.66,1.55
2026-01-05 18:00:00,S2014,2014,22.62,94.8,73.33,6.11,0,0.0,28.15,0.35,none,43.5,0.5
2026-01-05 18:00:00,S2000,2000,25.02,85.6,53.86,7.1,0,0.0,13.04,0.42,none,26.41,4.55
2026-01-05 18:00:00,S2017,2017,24.09,88.1,63.36,6.83,0,0.0,19.62,0.24,none,33.16,0.87
2026-01-05 18:00:00,S2019,2019,24.34,81.9,53.79,7.12,0,0.0,8.94,0.35,none,23.42,0.49
2026-01-05 18:00:00,S2006,2006,23.52,88.5,50.98,6.27,1964,0.0,9.25,0.28,none,27.29,2.81
2026-01-05 18:00:00,S2008,2008,25.14,84.6,49.69,6.63,0,0.0,25.96,0.31,none,23.52,1.33
2026-01-05 18:00:00,S2010,2010,23.25,85.8,60.32,6.85,2487,0.0,19.31,0.42,none,29.8,4.56
2026-01-05 18:00:00,S2016,2016,22.44,94.6,48.25,6.98,0,0.0,12.96,0.28,none,30.8,2.78
2026-01-05 18:00:00,S2003,2003,24.32,82.6,70.62,6.45,47,0.0,8.27,0.31,none,32.39,1.97
2026-01-05 18:00:00,S2001,2001,23.83,94.6,79.1,6.08,2364,0.0,9.5,0.28,fungal_leaf_spot,46.23,2.39
2026-01-05 18:00:00,S2002,2002,23.09,82.7,54.42,6.18,886,0.0,7.59,0.24,none,24.37,0.58
2026-01-05 18:00:00,S2009,2009,24.27,82.6,51.55,6.37,0,0.0,20.96,0.35,none,22.85,0.55
2026-01-05 21:00:00,S2003,2003,22.85,91.9,63.9,7.18,71,0.0,8.51,0.31,none,36.47,1.98
2026-01-05 21:00:00,S2008,2008,25.27,90.4,65.84,6.83,967,0.0,25.75,0.31,none,36.24,1.68
2026-01-05 21:00:00,S2017,2017,24.84,91.6,72.01,7.11,0,0.0,19.47,0.24,none,40.28,0.8
2026-01-05 21:00:00,S2000,2000,24.76,86.7,66.71,6.13,802,0.0,12.96,0.42,none,33.72,4.23
2026-01-05 21:00:00,S2018,2018,24.5,83.8,56.39,6.84,168,0.0,18.95,0.31,none,26.23,1.3
2026-01-05 21:00:00,S2009,2009,25.86,86.6,69.05,6.43,223,0.0,20.86,0.35,none,34.8,0.42
2026-01-05 21:00:00,S2011,2011,25.61,81.7,65.82,6.77,2148,0.0,14.8,0.28,none,29.27,2.72
2026-01-05 21:00:00,S2016,2016,25.11,82.5,72.47,7.18,203,0.0,13.08,0.28,none,33.23,1.82
2026-01-05 21:00:00,S2004,2004,23.47,95.9,58.1,7.05,2131,0.0,19.09,0.35,none,36.77,0.59
2026-01-05 21:00:00,S2010,2010,24.39,83.9,72.96,6.65,1539,0.0,19.6,0.42,none,34.6,4.6
2026-01-05 21:00:00,S2001,2001,23.57,89.3,60.39,7.04,544,0.0,9.55,0.28,none,32.63,2.72
2026-01-05 21:00:00,S2012,2012,25.1,80.7,55.7,6.35,0,0.0,15.81,0.24,none,23.41,0.87
2026-01-05 21:00:00,S2014,2014,25.09,87.3,62.26,6.33,0,0.0,28.09,0.35,none,31.97,0.51
2026-01-05 21:00:00,S2005,2005,22.29,94.8,52.75,7.04,1664,0.0,25.59,0.42,none,33.22,2.85
2026-01-05 21:00:00,S2002,2002,23.21,90.6,51.86,6.36,0,0.0,7.7,0.24,none,29.41,0.68
2026-01-05 21:00:00,S2015,2015,25.23,83.4,56.02,6.49,2328,0.0,16.73,0.42,none,25.73,3.08
2026-01-05 21:00:00,S2007,2007,23.88,88.5,51.9,6.52,0,0.0,13.5,0.24,none,27.75,0.7
2026-01-05 21:00:00,S2019,2019,23.0,87.1,59.47,6.14,49,0.0,8.68,0.35,none,30.41,0.61
2026-01-05 21:00:00,S2013,2013,24.01,85.0,45.19,6.47,0,0.0,25.12,0.31,none,21.59,1.2
2026-01-05 21:00:00,S2006,2006,25.81,80.8,53.18,6.51,0,0.0,9.27,0.28,none,22.23,1.94
2026-01-06 00:00:00,S2012,2012,23.83,88.6,62.08,6.73,557,0.0,16.09,0.24,none,32.92,0.62
2026-01-06 00:00:00,S2010,2010,24.43,89.8,48.37,6.7,270,0.0,19.92,0.42,none,27.02,3.22
2026-01-06 00:00:00,S2017,2017,23.86,86.4,59.99,7.03,0,0.0,19.77,0.24,none,30.12,0.62
2026-01-06 00:00:00,S2004,2004,23.84,83.2,55.48,6.55,0,0.0,19.37,0.35,none,25.3,0.57
2026-01-06 00:00:00,S2015,2015,23.16,90.8,49.1,6.31,0,0.0,16.72,0.42,none,28.19,3.77
2026-01-06 00:00:00,S2011,2011,23.09,89.2,59.77,6.55,2030,0.0,15.25,0.28,none,32.25,2.4
2026-01-06 00:00:00,S2019,2019,24.51,88.6,63.44,6.26,589,0.0,9.46,0.35,none,33.6,0.43
2026-01-06 00:00:00,S2016,2016,24.65,89.8,48.65,6.61,0,0.0,13.36,0.28,none,27.16,1.91
2026-01-06 00:00:00,S2006,2006,24.82,86.1,57.79,6.94,562,0.0,9.57,0.28,none,28.77,2.16
2026-01-06 00:00:00,S2018,2018,25.49,87.1,46.41,7.03,46,0.0,19.32,0.31,none,23.88,1.37
2026-01-06 00:00:00,S2013,2013,25.6,86.3,52.25,7.18,0,0.0,25.48,0.31,none,26.16,1.42
2026-01-06 00:00:00,S2000,2000,23.07,84.7,55.98,7.13,0,0.0,13.19,0.42,none,26.75,3.7
2026-01-06 00:00:00,S2009,2009,23.17,90.6,62.33,6.99,1787,0.0,21.37,0.35,none,34.64,0.49
2026-01-06 00:00:00,S2001,2001,24.89,89.8,56.8,6.98,369,0.0,9.84,0.28,none,31.24,2.04
2026-01-06 00:00:00,S2003,2003,23.99,91.1,77.79,7.18,803,0.0,8.53,0.31,none,42.77,1.83
2026-01-06 00:00:00,S2002,2002,25.02,84.1,59.08,7.17,0,0.0,8.03,0.24,none,27.82,0.8
2026-01-06 00:00:00,S2014,2014,22.93,91.9,56.26,6.08,1326,0.0,28.51,0.35,none,32.65,0.51
2026-01-06 00:00:00,S2005,2005,24.16,85.5,61.51,6.94,0,0.0,26.38,0.42,none,30.16,3.75
2026-01-06 00:00:00,S2008,2008,24.96,86.5,57.78,6.08,0,0.0,26.16,0.31,none,29.09,1.5
2026-01-06 00:00:00,S2007,2007,24.25,83.3,60.13,6.37,0,0.0,13.64,0.24,none,27.71,0.68
2026-01-06 03:00:00,S2006,2006,25.55,82.1,54.64,7.02,0,0.0,9.32,0.28,none,24.0,2.36
2026-01-06 03:00:00,S2000,2000,23.97,89.9,49.94,6.62,2098,0.0,13.59,0.42,none,27.89,3.44
2026-01-06 03:00:00,S2001,2001,24.06,81.7,67.43,7.07,2381,0.0,9.72,0.28,none,30.08,2.51
2026-01-06 03:00:00,S2004,2004,25.16,88.6,56.47,6.17,0,0.0,19.64,0.35,none,30.11,0.6
2026-01-06 03:00:00,S2005,2005,22.32,89.5,64.75,6.35,0,0.0,25.88,0.42,none,34.98,3.65
2026-01-06 03:00:00,S2010,2010,25.51,82.6,56.33,6.03,490,0.0,19.87,0.42,none,25.24,3.01
2026-01-06 03:00:00,S2003,2003,24.18,90.9,63.78,6.22,0,0.0,8.56,0.31,none,35.61,1.23
2026-01-06 03:00:00,S2014,2014,24.44,82.3,56.55,6.7,0,0.0,28.44,0.35,none,25.11,0.44
2026-01-06 03:00:00,S2012,2012,23.96,87.5,73.17,6.13,218,0.0,16.19,0.24,none,37.59,0.59
2026-01-06 03:00:00,S2015,2015,23.26,87.1,54.52,6.93,0,0.0,16.9,0.42,none,27.94,3.21
2026-01-06 03:00:00,S2008,2008,23.66,92.2,60.08,6.16,0,0.0,26.34,0.31,none,34.8,1.48
2026-01-06 03:00:00,S2017,2017,25.21,87.3,64.28,6.32,517,0.0,19.8,0.24,none,32.98,0.8
2026-01-06 03:00:00,S2018,2018,25.15,81.7,48.32,6.31,0,0.0,19.52,0.31,none,20.52,1.29
2026-01-06 03:00:00,S2007,2007,22.59,88.9,58.83,6.58,1970,0.0,13.86,0.24,none,31.54,0.83
2026-01-06 03:00:00,S2002,2002,23.4,92.6,49.32,6.58,144,0.0,7.87,0.24,none,29.74,0.69
2026-01-06 03:00:00,S2011,2011,24.83,81.4,53.04,6.06,0,0.0,15.4,0.28,none,22.64,2.42
2026-01-06 03:00:00,S2019,2019,25.18,85.3,57.84,6.98,2406,0.0,9.12,0.35,none,28.16,0.48
2026-01-06 03:00:00,S2016,2016,24.06,94.2,64.63,6.28,1842,0.0,13.21,0.28,none,38.67,2.57
2026-01-06 03:00:00,S2009,2009,25.17,82.7,64.37,6.46,0,0.0,21.14,0.35,none,29.35,0.55
2026-01-06 03:00:00,S2013,2013,23.22,88.5,57.85,6.01,592,0.0,25.09,0.31,none,30.73,1.26
2026-01-06 06:00:00,S2002,2002,23.28,91.6,61.35,6.59,1139,0.0,8.03,0.24,none,34.95,0.59
2026-01-06 06:00:00,S2001,2001,23.32,93.9,64.77,6.45,0,0.0,9.94,0.28,none,38.51,2.74
2026-01-06 06:00:00,S2016,2016,23.07,84.6,70.36,6.19,0,0.0,13.09,0.28,none,33.86,1.85
2026-01-06 06:00:00,S2009,2009,24.95,89.4,90.05,6.0,0,0.0,21.55,0.35,fungal_leaf_spot,47.55,0.56
2026-01-06 06:00:00,S2008,2008,23.23,91.4,88.37,7.09,533,0.0,26.2,0.31,fungal_leaf_spot,48.31,1.25
2026-01-06 06:00:00,S2014,2014,23.79,90.9,46.33,6.15,0,0.0,28.3,0.35,none,26.89,0.59
2026-01-06 06:00:00,S2010,2010,22.98,85.4,58.22,6.82,2022,0.0,20.18,0.42,none,28.43,4.66
2026-01-06 06:00:00,S2015,2015,25.09,87.4,54.2,7.01,1886,0.0,16.92,0.42,none,28.02,3.25
2026-01-06 06:00:00,S2006,2006,24.4,90.1,51.87,6.78,1896,0.0,9.42,0.28,none,29.01,2.47
2026-01-06 06:00:00,S2007,2007,24.72,81.8,59.85,6.26,2126,0.0,13.78,0.24,none,26.36,0.57
2026-01-06 06:00:00,S2000,2000,24.41,84.6,60.62,6.83,226,0.0,13.56,0.42,none,28.99,3.24
2026-01-06 06:00:00,S2003,2003,24.65,90.8,68.46,6.98,0,0.0,8.52,0.31,none,37.87,1.94
2026-01-06 06:00:00,S2012,2012,22.78,86.7,57.84,6.24,1442,0.0,16.15,0.24,none,29.28,0.86
2026-01-06 06:00:00,S2017,2017,24.57,86.6,55.87,6.04,0,0.0,19.81,0.24,none,28.21,0.76
2026-01-06 06:00:00,S2005,2005,25.52,85.4,64.08,6.47,1006,0.0,25.88,0.42,none,31.36,4.48
2026-01-06 06:00:00,S2004,2004,23.13,95.1,61.54,6.47,0,0.0,19.45,0.35,none,37.85,0.48
2026-01-06 06:00:00,S2018,2018,24.1,86.5,80.14,6.05,0,0.0,19.57,0.31,none,40.27,1.56
2026-01-06 06:00:00,S2013,2013,22.74,87.2,58.96,6.71,1510,0.0,25.39,0.31,none,30.24,1.44
2026-01-06 06:00:00,S2019,2019,25.28,84.6,49.96,6.85,357,0.0,9.42,0.35,none,23.66,0.44
2026-01-06 06:00:00,S2011,2011,25.28,80.5,79.31,6.32,0,0.0,15.11,0.28,none,35.06,2.59
2026-01-06 09:00:00,S2007,2007,29.1,81.7,55.09,6.74,70041,0.0,13.68,0.24,none,24.11,0.76
2026-01-06 09:00:00,S2004,2004,30.04,76.3,45.48,6.75,70225,0.0,19.56,0.35,none,16.86,0.6
2026-01-06 09:00:00,S2013,2013,28.52,82.0,44.19,6.46,72107,0.0,25.52,0.31,none,18.7,1.52
2026-01-06 09:00:00,S2017,2017,29.97,77.9,49.01,6.66,72628,0.0,19.77,0.24,none,19.77,0.66
2026-01-06 09:00:00,S2009,2009,28.02,79.0,45.34,6.38,71990,0.0,21.27,0.35,none,16.87,0.47
2026-01-06 09:00:00,S2019,2019,27.82,81.6,46.86,6.54,69056,0.0,8.99,0.35,none,19.71,0.43
2026-01-06 09:00:00,S2008,2008,27.33,78.0,56.04,7.16,69354,0.0,26.02,0.31,none,21.42,1.66
2026-01-06 09:00:00,S2015,2015,29.34,77.3,33.82,6.82,70093,2.63,16.66,0.416,none,10.43,3.05
2026-01-06 09:00:00,S2000,2000,27.51,84.4,53.12,6.37,72630,0.0,13.62,0.42,none,25.08,4.05
2026-01-06 09:00:00,S2003,2003,28.65,76.5,42.02,7.16,72088,0.0,8.65,0.31,none,13.21,1.88
2026-01-06 09:00:00,S2018,2018,30.19,76.8,58.33,7.17,71573,0.0,19.34,0.309,none,23.98,1.27
2026-01-06 09:00:00,S2002,2002,29.67,77.8,35.41,6.58,69770,1.68,7.95,0.24,none,12.29,0.59
2026-01-06 09:00:00,S2006,2006,28.64,78.9,34.66,6.42,68533,1.7,9.34,0.279,none,11.45,2.89
2026-01-06 09:00:00,S2012,2012,28.91,72.9,51.6,6.4,72251,0.0,16.19,0.24,none,15.12,0.75
2026-01-06 09:00:00,S2011,2011,29.27,78.4,40.37,6.31,71776,2.37,15.22,0.28,none,14.45,2.69
2026-01-06 09:00:00,S2005,2005,29.22,75.1,46.01,6.54,69889,0.0,26.24,0.42,none,14.52,3.34
2026-01-06 09:00:00,S2016,2016,29.19,78.3,53.83,6.03,70332,0.0,13.46,0.28,none,20.93,1.91
2026-01-06 09:00:00,S2001,2001,27.55,78.2,64.46,6.06,71966,0.0,10.06,0.28,none,25.79,1.85
2026-01-06 09:00:00,S2010,2010,28.5,76.6,47.74,7.02,69942,0.0,19.77,0.42,none,16.15,3.17
2026-01-06 09:00:00,S2014,2014,30.02,78.1,51.54,6.61,69492,0.0,28.55,0.35,none,21.29,0.56
2026-01-06 12:00:00,S2012,2012,31.89,71.2,47.23,6.05,99723,0.0,16.1,0.234,none,17.36,0.64
2026-01-06 12:00:00,S2013,2013,30.0,72.6,38.2,6.46,102094,2.47,25.25,0.31,none,10.18,1.7
2026-01-06 12:00:00,S2019,2019,31.32,70.7,48.46,6.27,98411,0.0,9.22,0.344,none,16.43,0.42
2026-01-06 12:00:00,S2015,2015,31.44,73.8,43.59,6.46,100502,0.0,17.06,0.412,none,16.72,3.35
2026-01-06 12:00:00,S2009,2009,31.84,75.4,66.54,6.06,100179,0.0,21.24,0.341,none,30.27,0.57
2026-01-06 12:00:00,S2002,2002,32.52,67.6,62.85,7.1,101424,0.0,7.69,0.232,none,23.55,0.76
2026-01-06 12:00:00,S2010,2010,32.01,66.7,38.98,6.13,99553,2.5,19.59,0.408,none,9.87,4.47
2026-01-06 12:00:00,S2018,2018,30.1,73.9,46.28,6.97,98496,0.0,19.16,0.31,none,15.46,1.36
2026-01-06 12:00:00,S2016,2016,32.54,70.3,41.87,6.73,99589,2.5,13.37,0.27,none,15.25,1.75
2026-01-06 12:00:00,S2008,2008,32.03,69.2,51.0,6.44,100932,0.0,25.93,0.301,none,17.92,1.68
2026-01-06 12:00:00,S2003,2003,29.87,78.8,39.24,6.04,99324,1.61,8.76,0.31,none,15.4,1.64
2026-01-06 12:00:00,S2011,2011,32.67,69.8,48.35,6.9,100829,0.0,14.96,0.27,none,18.36,2.14
2026-01-06 12:00:00,S2004,2004,29.55,73.6,41.32,7.2,98945,2.36,19.71,0.35,none,11.64,0.44
2026-01-06 12:00:00,S2000,2000,31.73,69.8,48.52,7.19,98093,0.0,13.08,0.41,none,16.56,4.03
2026-01-06 12:00:00,S2006,2006,31.84,76.2,48.49,6.58,98559,0.0,9.61,0.273,none,21.89,2.9
2026-01-06 12:00:00,S2014,2014,29.78,76.8,35.23,6.28,99384,2.54,28.47,0.35,none,11.61,0.39
2026-01-06 12:00:00,S2007,2007,29.87,78.3,51.18,6.47,97674,0.0,13.66,0.24,none,20.97,0.77
2026-01-06 12:00:00,S2001,2001,30.46,73.4,46.39,6.37,97598,0.0,9.77,0.278,none,15.84,2.97
2026-01-06 12:00:00,S2017,2017,30.32,81.1,54.68,6.32,102057,0.0,19.76,0.239,none,25.86,0.83
2026-01-06 12:00:00,S2005,2005,29.98,78.9,41.41,6.96,98568,2.37,25.78,0.42,none,16.79,4.06
2026-01-06 15:00:00,S2007,2007,29.49,76.0,59.24,6.1,68748,0.0,13.6,0.24,none,22.4,0.85
2026-01-06 15:00:00,S2018,2018,30.02,72.5,41.86,7.02,72551,2.34,19.5,0.31,none,11.97,1.4
2026-01-06 15:00:00,S2000,2000,30.31,79.3,46.63,6.27,70821,0.0,13.11,0.418,none,20.37,4.25
2026-01-06 15:00:00,S2017,2017,30.56,78.7,54.2,6.43,72054,0.0,19.77,0.238,none,24.18,0.6
2026-01-06 15:00:00,S2016,2016,28.09,77.7,66.32,6.24,72304,0.0,13.42,0.28,none,26.32,2.35
2026-01-06 15:00:00,S2009,2009,29.79,78.3,56.26,6.17,71107,0.0,21.53,0.35,none,23.35,0.52
2026-01-06 15:00:00,S2005,2005,29.12,80.0,43.09,6.05,68322,0.0,26.05,0.42,none,16.79,3.43
2026-01-06 15:00:00,S2008,2008,29.41,73.8,42.64,6.32,69254,0.0,26.07,0.31,none,12.18,1.6
2026-01-06 15:00:00,S2015,2015,30.21,74.0,39.76,7.06,72741,2.44,16.71,0.419,none,12.5,3.28
2026-01-06 15:00:00,S2010,2010,29.11,82.2,36.46,6.71,70522,2.49,19.95,0.42,none,15.21,4.21
2026-01-06 15:00:00,S2006,2006,28.72,82.1,47.32,6.18,72084,0.0,9.44,0.28,none,20.34,2.99
2026-01-06 15:00:00,S2012,2012,29.15,75.7,46.35,6.81,68754,0.0,15.96,0.24,none,15.04,0.64
2026-01-06 15:00:00,S2003,2003,27.89,76.9,49.39,7.01,68890,0.0,8.88,0.31,none,17.22,1.46
2026-01-06 15:00:00,S2002,2002,28.35,81.4,43.36,7.0,71126,0.0,8.01,0.24,none,17.8,0.72
2026-01-06 15:00:00,S2019,2019,30.31,70.2,49.64,6.71,68214,0.0,9.42,0.349,none,14.6,0.44
2026-01-06 15:00:00,S2004,2004,30.36,75.6,34.5,6.18,71171,2.65,19.44,0.347,none,11.45,0.4
2026-01-06 15:00:00,S2014,2014,28.01,78.1,63.04,6.28,71806,0.0,28.63,0.35,none,25.0,0.52
2026-01-06 15:00:00,S2011,2011,30.21,76.3,45.1,6.19,71359,0.0,15.29,0.279,none,17.01,2.91
2026-01-06 15:00:00,S2001,2001,28.73,79.7,38.86,6.89,68258,1.6,9.92,0.28,none,14.19,2.83
2026-01-06 15:00:00,S2013,2013,28.2,85.4,46.66,6.86,69781,0.0,25.21,0.31,none,22.65,1.58
2026-01-06 18:00:00,S2009,2009,22.69,88.6,60.8,6.29,2157,0.0,21.48,0.35,none,32.28,0.42
2026-01-06 18:00:00,S2002,2002,23.78,86.1,68.49,6.79,1655,0.0,7.88,0.24,none,34.12,0.73
2026-01-06 18:00:00,S2007,2007,22.8,86.4,54.07,6.87,0,0.0,13.59,0.24,none,27.16,0.62
2026-01-06 18:00:00,S2000,2000,25.13,79.9,55.17,6.76,1394,0.0,13.27,0.42,none,22.51,4.54
2026-01-06 18:00:00,S2017,2017,23.56,92.1,61.4,7.11,0,0.0,19.77,0.24,none,35.38,0.82
2026-01-06 18:00:00,S2015,2015,25.19,86.1,48.62,6.28,558,0.0,17.28,0.42,none,24.19,3.72
2026-01-06 18:00:00,S2019,2019,23.8,86.4,74.4,6.68,240,0.0,9.06,0.35,none,37.32,0.42
2026-01-06 18:00:00,S2018,2018,23.68,89.3,63.7,6.15,0,0.0,19.51,0.31,none,34.29,1.66
2026-01-06 18:00:00,S2010,2010,23.36,86.8,56.7,6.95,0,0.0,19.69,0.42,none,28.79,3.16
2026-01-06 18:00:00,S2014,2014,23.94,89.7,55.05,6.04,1886,0.0,28.25,0.35,none,30.29,0.46
2026-01-06 18:00:00,S2016,2016,24.77,83.8,53.89,6.54,111,0.0,13.3,0.28,none,24.98,2.95
2026-01-06 18:00:00,S2013,2013,24.04,87.3,51.68,6.06,0,0.0,25.27,0.31,none,26.68,1.95
2026-01-06 18:00:00,S2008,2008,23.55,90.9,61.16,6.59,0,0.0,26.41,0.31,none,34.3,1.61
2026-01-06 18:00:00,S2006,2006,23.12,93.3,63.98,6.83,1037,0.0,9.71,0.28,none,37.63,2.05
2026-01-06 18:00:00,S2003,2003,23.28,92.2,68.2,7.12,1700,0.0,8.89,0.31,none,38.86,1.66
2026-01-06 18:00:00,S2012,2012,25.54,86.7,58.03,6.08,2207,0.0,16.05,0.24,none,29.38,0.61
2026-01-06 18:00:00,S2004,2004,24.84,82.7,42.95,6.14,0,0.0,19.53,0.35,none,18.64,0.46
2026-01-06 18:00:00,S2001,2001,24.7,86.3,57.2,6.27,1783,0.0,10.05,0.28,none,28.64,2.07
2026-01-06 18:00:00,S2011,2011,24.29,82.0,51.89,6.26,0,0.0,15.34,0.28,none,22.55,2.65
2026-01-06 18:00:00,S2005,2005,23.02,91.8,51.29,6.81,0,0.0,25.78,0.42,none,30.08,3.87
2026-01-06 21:00:00,S2013,2013,25.28,87.3,59.75,7.12,332,0.0,25.12,0.31,none,30.71,1.59
2026-01-06 21:00:00,S2012,2012,22.99,88.4,58.55,6.4,94,0.0,15.93,0.24,none,31.0,0.84
2026-01-06 21:00:00,S2015,2015,23.34,94.9,63.88,6.8,0,0.0,17.1,0.42,none,38.86,3.22
2026-01-06 21:00:00,S2002,2002,24.14,87.4,55.96,6.15,1734,0.0,7.82,0.24,none,28.9,0.86
2026-01-06 21:00:00,S2009,2009,23.7,92.3,50.56,6.1,2137,0.0,21.22,0.35,none,30.12,0.53
2026-01-06 21:00:00,S2019,2019,24.33,88.8,56.41,6.73,0,0.0,9.02,0.35,none,30.24,0.6
2026-01-06 21:00:00,S2017,2017,24.43,83.5,57.5,6.81,0,0.0,19.75,0.24,none,26.55,0.63
2026-01-06 21:00:00,S2010,2010,23.67,89.2,59.35,6.65,1219,0.0,19.83,0.42,none,32.04,3.07
2026-01-06 21:00:00,S2016,2016,24.78,84.6,57.24,6.92,2432,0.0,13.19,0.28,none,27.3,2.99
2026-01-06 21:00:00,S2008,2008,25.29,85.6,53.54,6.8,0,0.0,26.39,0.31,none,26.25,1.58
2026-01-06 21:00:00,S2000,2000,24.48,85.2,62.66,6.7,0,0.0,13.57,0.42,none,30.49,4.45
2026-01-06 21:00:00,S2003,2003,24.99,81.3,73.25,6.82,0,0.0,8.6,0.31,none,32.66,1.72
2026-01-06 21:00:00,S2004,2004,24.0,90.7,59.02,7.11,0,0.0,19.48,0.35,none,33.07,0.5
2026-01-06 21:00:00,S2001,2001,24.3,90.3,57.97,6.59,0,0.0,9.7,0.28,none,32.22,2.7
2026-01-06 21:00:00,S2005,2005,23.57,90.0,71.93,7.02,2350,0.0,26.17,0.42,none,38.97,4.73
2026-01-06 21:00:00,S2011,2011,24.31,85.6,53.05,6.91,0,0.0,15.03,0.28,none,26.0,2.82
2026-01-06 21:00:00,S2018,2018,23.17,89.0,61.51,6.91,990,0.0,19.19,0.31,none,32.95,1.34
2026-01-06 21:00:00,S2014,2014,24.81,85.3,60.24,6.92,0,0.0,28.64,0.35,none,29.36,0.51
2026-01-06 21:00:00,S2007,2007,25.27,87.9,57.76,6.29,1568,0.0,13.65,0.24,none,30.2,0.56
2026-01-06 21:00:00,S2006,2006,23.0,87.2,69.9,6.64,2475,0.0,9.61,0.28,none,35.71,2.41
2026-01-07 00:00:00,S2011,2011,24.84,86.5,50.77,7.08,0,0.0,15.65,0.28,none,25.59,2.99
2026-01-07 00:00:00,S2009,2009,22.97,90.4,57.96,7.11,0,0.0,21.65,0.35,none,32.3,0.44
2026-01-07 00:00:00,S2003,2003,22.73,88.8,50.36,7.01,0,0.0,8.87,0.31,none,27.22,1.36
2026-01-07 00:00:00,S2005,2005,22.18,85.2,65.9,6.31,390,0.0,26.6,0.42,none,32.11,4.49
2026-01-07 00:00:00,S2010,2010,23.11,91.5,51.61,6.83,0,0.0,19.96,0.42,none,30.01,3.51
2026-01-07 00:00:00,S2013,2013,23.74,84.2,51.75,6.6,0,0.0,25.38,0.31,none,24.24,1.46
2026-01-07 00:00:00,S2002,2002,23.85,82.7,48.79,6.51,1666,0.0,7.99,0.24,none,21.56,0.64
2026-01-07 00:00:00,S2012,2012,23.18,93.4,64.79,6.5,0,0.0,16.11,0.24,none,38.12,0.55
2026-01-07 00:00:00,S2015,2015,23.14,95.0,50.21,7.09,0,0.0,17.64,0.42,none,32.11,4.64
2026-01-07 00:00:00,S2008,2008,24.29,88.9,57.46,7.04,0,0.0,26.71,0.31,none,30.85,1.74
2026-01-07 00:00:00,S2000,2000,23.28,94.5,55.24,7.04,870,0.0,13.9,0.42,none,34.22,3.8
2026-01-07 00:00:00,S2007,2007,22.87,88.4,56.97,6.7,0,0.0,13.8,0.24,none,30.21,0.68
2026-01-07 00:00:00,S2006,2006,24.52,87.0,53.89,7.1,25,0.0,9.98,0.28,none,27.55,2.83
2026-01-07 00:00:00,S2004,2004,23.93,86.8,72.39,6.63,1000,0.0,20.12,0.35,none,36.63,0.45
2026-01-07 00:00:00,S2018,2018,25.08,86.3,65.71,7.04,1294,0.0,19.82,0.31,none,32.89,1.31
2026-01-07 00:00:00,S2001,2001,24.44,88.3,44.18,6.13,0,0.0,10.3,0.28,none,23.73,2.29
2026-01-07 00:00:00,S2016,2016,24.31,84.0,47.9,6.99,0,0.0,13.57,0.28,none,22.15,2.03
2026-01-07 00:00:00,S2014,2014,24.81,86.3,64.8,6.28,1627,0.0,28.88,0.35,none,32.44,0.45
2026-01-07 00:00:00,S2017,2017,25.7,80.7,49.74,7.18,0,0.0,19.91,0.24,none,20.43,0.84
2026-01-07 00:00:00,S2019,2019,25.18,89.9,51.44,6.7,942,0.0,9.8,0.35,none,28.64,0.61
2026-01-07 03:00:00,S2008,2008,23.75,91.8,64.16,6.13,1471,0.0,26.6,0.31,none,36.52,1.82
2026-01-07 03:00:00,S2018,2018,23.69,91.3,72.75,6.77,1828,0.0,19.49,0.31,none,40.41,2.0
2026-01-07 03:00:00,S2013,2013,23.91,87.7,55.58,6.13,0,0.0,25.88,0.31,none,28.95,1.34
2026-01-07 03:00:00,S2016,2016,25.2,82.2,49.36,6.1,1087,0.0,13.61,0.28,none,21.44,2.25
2026-01-07 03:00:00,S2005,2005,23.54,92.1,63.69,6.14,0,0.0,26.25,0.42,none,36.52,3.37
2026-01-07 03:00:00,S2007,2007,24.46,91.6,52.48,6.42,0,0.0,14.06,0.24,none,30.52,0.74
2026-01-07 03:00:00,S2006,2006,23.73,84.9,80.37,6.71,0,0.0,10.03,0.28,none,39.11,2.16
2026-01-07 03:00:00,S2011,2011,22.98,95.2,52.5,6.82,0,0.0,15.67,0.28,none,33.41,2.57
2026-01-07 03:00:00,S2019,2019,23.66,86.6,63.69,6.95,1293,0.0,9.49,0.35,none,32.12,0.5
2026-01-07 03:00:00,S2014,2014,23.84,89.1,57.69,6.51,0,0.0,28.88,0.35,none,31.12,0.47
2026-01-07 03:00:00,S2015,2015,22.24,94.3,55.57,6.76,0,0.0,17.31,0.42,none,34.22,4.36
2026-01-07 03:00:00,S2001,2001,23.37,91.0,58.71,7.1,0,0.0,10.29,0.28,none,33.16,2.61
2026-01-07 03:00:00,S2004,2004,24.23,89.2,62.07,6.6,0,0.0,19.69,0.35,none,33.4,0.52
2026-01-07 03:00:00,S2000,2000,24.06,86.1,50.76,6.55,2025,0.0,13.62,0.42,none,25.26,3.87
2026-01-07 03:00:00,S2010,2010,24.75,87.4,72.31,6.88,0,0.0,20.68,0.42,none,37.08,2.97
2026-01-07 03:00:00,S2012,2012,23.27,90.1,77.75,6.92,1782,0.0,16.21,0.24,none,41.95,0.7
2026-01-07 03:00:00,S2002,2002,24.96,81.1,66.08,6.62,0,0.0,8.27,0.24,none,28.92,0.62
2026-01-07 03:00:00,S2003,2003,24.1,88.0,56.88,7.17,1173,0.0,9.29,0.31,none,29.84,1.48
2026-01-07 03:00:00,S2009,2009,24.65,83.8,63.34,6.04,0,0.0,21.43,0.35,none,29.71,0.59
2026-01-07 03:00:00,S2017,2017,23.48,88.0,47.59,6.46,0,0.0,19.82,0.24,none,25.2,0.77
2026-01-07 06:00:00,S2005,2005,25.77,89.7,62.54,6.48,0,0.0,26.37,0.42,none,34.03,3.97
2026-01-07 06:00:00,S2002,2002,23.77,94.3,62.47,6.47,0,0.0,8.27,0.24,none,37.67,0.77
2026-01-07 06:00:00,S2015,2015,24.55,84.5,59.75,6.2,0,0.0,17.33,0.42,none,28.48,2.95
2026-01-07 06:00:00,S2006,2006,24.76,89.9,70.86,6.49,0,0.0,9.77,0.28,none,38.35,2.9
2026-01-07 06:00:00,S2009,2009,23.41,83.8,71.56,6.91,0,0.0,22.01,0.35,none,33.82,0.57
2026-01-07 06:00:00,S2018,2018,23.9,90.8,51.62,6.05,0,0.0,19.85,0.31,none,29.45,1.46
2026-01-07 06:00:00,S2016,2016,22.32,94.5,55.19,6.45,0,0.0,13.77,0.28,none,34.2,2.81
2026-01-07 06:00:00,S2014,2014,24.74,89.5,77.5,6.94,818,0.0,28.82,0.35,none,41.35,0.52
2026-01-07 06:00:00,S2001,2001,22.83,89.8,59.28,6.64,0,0.0,10.34,0.28,none,32.48,2.15
2026-01-07 06:00:00,S2019,2019,24.44,84.5,46.61,6.33,536,0.0,9.45,0.35,none,21.91,0.53
2026-01-07 06:00:00,S2004,2004,24.79,80.6,55.27,6.66,0,0.0,20.04,0.35,none,23.11,0.53
2026-01-07 06:00:00,S2012,2012,24.58,88.0,49.4,6.95,1785,0.0,16.49,0.24,none,26.1,0.63
2026-01-07 06:00:00,S2017,2017,23.36,93.5,52.84,6.25,1977,0.0,20.08,0.24,none,32.22,0.72
2026-01-07 06:00:00,S2011,2011,24.21,89.3,61.01,7.08,0,0.0,15.45,0.28,none,32.94,1.93
2026-01-07 06:00:00,S2010,2010,25.23,84.1,61.72,6.88,0,0.0,20.68,0.42,none,29.14,3.77
2026-01-07 06:00:00,S2003,2003,25.65,83.7,49.08,6.71,0,0.0,9.21,0.31,none,22.5,1.51
2026-01-07 06:00:00,S2008,2008,24.68,89.4,63.84,6.31,823,0.0,26.43,0.31,none,34.44,1.91
2026-01-07 06:00:00,S2000,2000,22.68,88.4,61.2,6.8,0,0.0,14.08,0.42,none,32.32,3.73
2026-01-07 06:00:00,S2007,2007,25.22,86.2,51.04,6.22,0,0.0,13.89,0.24,none,25.48,0.86
2026-01-07 06:00:00,S2013,2013,25.18,84.3,64.48,6.04,650,0.0,25.38,0.31,none,30.68,1.75
2026-01-07 09:00:00,S2003,2003,28.41,74.8,45.0,6.51,72447,0.0,9.01,0.31,none,13.34,1.84
2026-01-07 09:00:00,S2000,2000,28.8,72.1,65.61,6.97,70745,0.0,13.42,0.42,none,21.48,3.73
2026-01-07 09:00:00,S2011,2011,29.23,76.1,59.21,6.52,73071,0.0,15.71,0.28,none,21.94,2.99
2026-01-07 09:00:00,S2008,2008,29.75,79.2,42.09,6.65,70000,0.0,26.26,0.31,none,16.91,1.79
2026-01-07 09:00:00,S2002,2002,28.78,82.8,44.77,6.08,69122,0.0,8.05,0.24,none,19.62,0.56
2026-01-07 09:00:00,S2017,2017,29.9,79.3,60.11,6.69,72373,0.0,19.81,0.24,none,26.29,0.64
2026-01-07 09:00:00,S2004,2004,30.24,80.1,46.7,6.11,69227,0.0,19.88,0.349,none,20.91,0.39
2026-01-07 09:00:00,S2018,2018,28.91,80.3,52.58,6.24,70667,0.0,19.74,0.31,none,21.53,1.38
2026-01-07 09:00:00,S2016,2016,27.66,83.4,46.68,6.89,69600,0.0,13.6,0.28,none,21.06,2.14
2026-01-07 09:00:00,S2001,2001,28.86,78.4,46.59,6.26,70009,0.0,10.39,0.28,none,17.02,2.59
2026-01-07 09:00:00,S2006,2006,30.62,73.7,46.61,7.15,69973,0.0,9.61,0.278,none,16.51,2.86
2026-01-07 09:00:00,S2010,2010,28.13,83.9,38.18,6.21,68459,0.0,20.05,0.42,none,17.21,4.54
2026-01-07 09:00:00,S2012,2012,30.14,74.1,48.81,6.63,71418,0.0,16.28,0.24,none,16.96,0.69
2026-01-07 09:00:00,S2009,2009,29.94,76.5,34.65,6.63,72271,2.6,21.71,0.349,none,11.41,0.6
2026-01-07 09:00:00,S2005,2005,29.68,81.4,55.7,6.06,69096,0.0,26.23,0.42,none,25.33,3.66
2026-01-07 09:00:00,S2014,2014,29.33,72.5,39.47,6.44,71782,2.35,29.1,0.35,none,9.39,0.41
2026-01-07 09:00:00,S2015,2015,28.55,75.5,40.83,6.3,68349,0.0,17.21,0.42,none,11.82,4.65
2026-01-07 09:00:00,S2007,2007,28.56,78.9,47.01,6.18,71700,0.0,13.74,0.24,none,17.63,0.85
2026-01-07 09:00:00,S2013,2013,30.74,71.5,50.68,6.71,71182,0.0,25.75,0.307,none,17.02,1.23
2026-01-07 09:00:00,S2019,2019,29.43,77.7,67.66,6.27,69249,0.0,9.52,0.35,none,27.85,0.54
2026-01-07 12:00:00,S2009,2009,30.82,76.1,39.32,6.91,99544,2.47,21.95,0.346,none,15.18,0.37
2026-01-07 12:00:00,S2010,2010,31.92,74.5,36.21,6.21,99560,2.68,20.3,0.409,none,14.55,3.73
2026-01-07 12:00:00,S2003,2003,32.31,72.6,43.91,6.59,98683,1.59,8.69,0.3,none,17.66,1.48
2026-01-07 12:00:00,S2006,2006,30.21,72.0,38.97,6.01,98714,1.66,10.02,0.279,none,10.51,1.84
2026-01-07 12:00:00,S2016,2016,30.69,73.2,45.4,7.13,101884,0.0,13.57,0.277,none,15.64,2.61
2026-01-07 12:00:00,S2015,2015,32.41,71.8,36.67,6.8,99681,2.62,16.95,0.406,none,13.59,3.08
2026-01-07 12:00:00,S2018,2018,32.68,67.6,35.81,6.53,100825,2.66,19.75,0.299,none,10.34,1.78
2026-01-07 12:00:00,S2008,2008,30.81,69.8,64.69,7.13,100780,0.0,26.54,0.307,none,22.8,1.43
2026-01-07 12:00:00,S2011,2011,31.31,75.0,31.77,6.15,97643,2.72,15.37,0.268,none,11.5,1.99
2026-01-07 12:00:00,S2017,2017,31.48,69.8,54.14,7.0,100341,0.0,20.12,0.235,none,18.87,0.79
2026-01-07 12:00:00,S2007,2007,30.15,75.3,42.63,6.22,98692,0.0,13.94,0.24,none,14.85,0.7
2026-01-07 12:00:00,S2005,2005,30.04,72.4,35.63,6.59,100481,2.61,26.24,0.42,none,8.82,3.56
2026-01-07 12:00:00,S2001,2001,32.38,72.2,35.82,6.72,101512,1.76,10.27,0.271,none,13.43,2.05
2026-01-07 12:00:00,S2013,2013,29.34,80.1,46.91,7.13,98153,0.0,25.48,0.31,none,19.21,1.24
2026-01-07 12:00:00,S2000,2000,31.77,72.8,38.96,6.23,101155,2.52,13.91,0.41,none,14.26,3.22
2026-01-07 12:00:00,S2012,2012,32.07,74.4,42.67,6.27,101924,2.45,16.13,0.233,none,18.0,0.67
2026-01-07 12:00:00,S2019,2019,31.24,75.9,29.92,6.49,100255,1.89,9.35,0.33,none,11.16,0.38
2026-01-07 12:00:00,S2002,2002,31.39,77.4,38.45,6.6,101902,1.64,8.0,0.235,none,16.93,0.78
2026-01-07 12:00:00,S2004,2004,32.07,71.1,40.51,6.96,99177,2.39,19.67,0.34,none,14.27,0.44
2026-01-07 12:00:00,S2014,2014,32.13,64.0,36.46,6.01,102273,2.65,28.83,0.34,none,6.69,0.52
2026-01-07 15:00:00,S2018,2018,30.0,74.1,48.12,6.6,71312,0.0,19.53,0.31,none,16.34,1.33
2026-01-07 15:00:00,S2016,2016,29.84,76.2,46.29,6.93,71309,0.0,13.4,0.28,none,16.79,2.01
2026-01-07 15:00:00,S2013,2013,27.51,75.7,48.0,6.27,73148,0.0,25.48,0.31,none,15.56,1.78
2026-01-07 15:00:00,S2005,2005,27.36,84.5,56.64,6.87,68696,0.0,26.47,0.42,none,26.92,3.88
2026-01-07 15:00:00,S2002,2002,28.52,81.0,39.89,7.2,72807,0.0,8.29,0.24,none,15.75,0.58
2026-01-07 15:00:00,S2012,2012,30.09,75.6,53.34,6.91,71080,0.0,16.44,0.24,none,20.33,0.86
2026-01-07 15:00:00,S2006,2006,27.93,73.6,54.79,7.07,71345,0.0,10.01,0.28,none,17.27,2.92
2026-01-07 15:00:00,S2003,2003,27.32,78.0,39.93,6.85,68848,0.0,9.1,0.31,none,13.37,1.56
2026-01-07 15:00:00,S2010,2010,28.11,75.3,43.78,7.19,71736,0.0,20.27,0.42,none,13.13,3.73
2026-01-07 15:00:00,S2004,2004,29.78,77.2,40.46,6.24,73143,2.36,19.95,0.35,none,14.55,0.58
2026-01-07 15:00:00,S2009,2009,29.41,75.5,45.34,6.13,70078,0.0,21.97,0.35,none,14.89,0.49
2026-01-07 15:00:00,S2019,2019,30.23,74.2,37.63,6.14,68530,1.69,9.47,0.349,none,11.64,0.57
2026-01-07 15:00:00,S2015,2015,27.18,86.1,56.79,6.7,72589,0.0,17.33,0.42,none,28.27,3.15
2026-01-07 15:00:00,S2011,2011,28.09,81.1,47.84,6.45,72983,0.0,15.5,0.28,none,19.8,2.15
2026-01-07 15:00:00,S2000,2000,30.28,76.0,42.42,6.93,71666,2.37,14.08,0.418,none,15.57,4.2
2026-01-07 15:00:00,S2017,2017,28.5,79.9,49.78,6.77,68715,0.0,20.17,0.24,none,19.81,0.66
2026-01-07 15:00:00,S2001,2001,27.69,76.4,58.26,6.39,72635,0.0,10.1,0.28,none,21.25,2.24
2026-01-07 15:00:00,S2014,2014,30.0,70.1,61.98,6.79,71879,0.0,28.68,0.35,none,20.07,0.43
2026-01-07 15:00:00,S2008,2008,29.7,74.6,70.71,6.48,69822,0.0,26.47,0.31,none,27.43,1.64
2026-01-07 15:00:00,S2007,2007,30.18,75.9,53.55,6.21,70623,0.0,13.91,0.239,none,20.86,0.59
2026-01-07 18:00:00,S2015,2015,23.89,87.7,50.95,6.46,1816,0.0,17.31,0.42,none,26.64,4.47
2026-01-07 18:00:00,S2008,2008,23.36,94.6,64.4,6.35,0,0.0,26.58,0.31,none,38.88,1.64
2026-01-07 18:00:00,S2002,2002,23.01,87.8,61.86,6.04,0,0.0,8.01,0.24,none,32.17,0.72
2026-01-07 18:00:00,S2014,2014,23.58,88.4,43.16,7.0,544,0.0,28.64,0.35,none,23.3,0.54
2026-01-07 18:00:00,S2000,2000,23.91,87.0,59.09,6.41,0,0.0,13.58,0.42,none,30.15,4.41
2026-01-07 18:00:00,S2001,2001,23.09,93.2,66.26,6.44,346,0.0,10.17,0.28,none,38.69,2.2
2026-01-07 18:00:00,S2013,2013,25.07,85.9,57.17,6.69,0,0.0,25.76,0.31,none,28.31,1.64
2026-01-07 18:00:00,S2019,2019,22.79,86.7,53.83,6.22,1045,0.0,9.34,0.35,none,27.28,0.47
2026-01-07 18:00:00,S2016,2016,23.81,91.0,54.06,6.05,277,0.0,13.43,0.28,none,30.83,1.94
2026-01-07 18:00:00,S2004,2004,25.04,87.0,57.09,6.36,570,0.0,19.63,0.35,none,29.15,0.54
2026-01-07 18:00:00,S2009,2009,23.66,85.6,46.17,6.84,0,0.0,21.91,0.35,none,22.56,0.45
2026-01-07 18:00:00,S2017,2017,25.14,83.2,64.07,6.73,0,0.0,20.08,0.24,none,29.59,0.84
2026-01-07 18:00:00,S2007,2007,23.28,85.6,66.0,6.14,2273,0.0,13.94,0.24,none,32.48,0.62
2026-01-07 18:00:00,S2006,2006,23.29,88.7,49.15,6.03,1994,0.0,9.9,0.28,none,26.54,2.21
2026-01-07 18:00:00,S2003,2003,24.25,90.1,60.62,6.31,2314,0.0,8.94,0.31,none,33.39,1.97
2026-01-07 18:00:00,S2012,2012,23.35,84.9,66.89,6.78,0,0.0,16.2,0.24,none,32.37,0.69
2026-01-07 18:00:00,S2005,2005,25.03,84.4,47.2,6.88,185,0.0,26.65,0.42,none,22.12,3.59
2026-01-07 18:00:00,S2018,2018,25.47,86.5,61.33,6.18,529,0.0,19.7,0.31,none,30.87,1.38
2026-01-07 18:00:00,S2011,2011,24.15,81.0,62.43,6.36,2334,0.0,15.37,0.28,none,27.02,1.95
2026-01-07 18:00:00,S2010,2010,23.84,86.3,86.78,6.26,0,0.0,20.32,0.42,none,43.43,3.26
2026-01-07 21:00:00,S2003,2003,23.12,90.8,56.51,6.66,0,0.0,9.03,0.31,none,31.89,1.71
2026-01-07 21:00:00,S2014,2014,25.09,80.5,56.64,6.57,1832,0.0,29.0,0.35,none,23.72,0.38
2026-01-07 21:00:00,S2019,2019,24.46,85.7,48.0,6.4,0,0.0,9.55,0.35,none,23.56,0.57
2026-01-07 21:00:00,S2007,2007,22.83,85.4,67.71,6.17,1372,0.0,14.12,0.24,none,33.18,0.62
2026-01-07 21:00:00,S2000,2000,25.76,84.6,50.9,6.0,1217,0.0,13.66,0.42,none,24.13,3.0
2026-01-07 21:00:00,S2004,2004,22.96,91.1,55.58,6.98,0,0.0,19.91,0.35,none,31.67,0.5
2026-01-07 21:00:00,S2016,2016,23.38,91.8,56.81,6.72,2057,0.0,13.47,0.28,none,32.84,2.95
2026-01-07 21:00:00,S2017,2017,23.88,91.2,59.72,6.52,569,0.0,20.0,0.24,none,33.82,0.71
2026-01-07 21:00:00,S2008,2008,23.11,94.1,69.71,6.32,0,0.0,26.79,0.31,none,41.13,1.21
2026-01-07 21:00:00,S2001,2001,24.16,91.2,61.01,6.43,812,0.0,10.21,0.28,none,34.47,2.11
2026-01-07 21:00:00,S2010,2010,23.1,95.5,54.81,6.76,0,0.0,20.46,0.42,none,34.8,3.02
2026-01-07 21:00:00,S2002,2002,25.17,79.9,59.79,7.13,947,0.0,8.31,0.24,none,24.82,0.64
2026-01-07 21:00:00,S2015,2015,23.5,87.6,62.56,6.46,1825,0.0,17.54,0.42,none,32.36,2.93
2026-01-07 21:00:00,S2013,2013,23.22,88.3,73.61,6.05,2014,0.0,25.42,0.31,none,38.45,1.91
2026-01-07 21:00:00,S2011,2011,24.31,86.1,67.3,6.61,0,0.0,15.66,0.28,none,33.53,2.0
2026-01-07 21:00:00,S2005,2005,24.3,83.7,61.04,6.12,0,0.0,26.24,0.42,none,28.48,4.68
2026-01-07 21:00:00,S2009,2009,24.5,88.7,58.62,6.73,0,0.0,21.47,0.35,none,31.27,0.56
2026-01-07 21:00:00,S2012,2012,24.52,88.8,66.42,7.15,1912,0.0,16.28,0.24,none,35.25,0.56
2026-01-07 21:00:00,S2018,2018,22.75,89.8,57.41,6.73,0,0.0,19.48,0.31,none,31.54,1.2
2026-01-07 21:00:00,S2006,2006,23.89,85.3,53.97,6.56,0,0.0,9.98,0.28,none,26.22,1.97
2026-01-08 00:00:00,S2019,2019,25.14,82.6,57.97,6.94,1191,0.0,9.68,0.35,none,26.06,0.48
2026-01-08 00:00:00,S2009,2009,22.97,87.2,51.2,6.71,0,0.0,21.78,0.35,none,26.36,0.38
2026-01-08 00:00:00,S2003,2003,23.86,88.8,62.59,6.33,0,0.0,9.02,0.31,none,33.34,1.9
2026-01-08 00:00:00,S2004,2004,24.68,87.1,57.78,6.01,0,0.0,20.42,0.35,none,29.57,0.45
2026-01-08 00:00:00,S2018,2018,25.22,87.9,63.46,6.54,0,0.0,19.9,0.31,none,33.05,1.89
2026-01-08 00:00:00,S2015,2015,23.83,88.9,53.91,6.84,0,0.0,17.65,0.42,none,29.08,3.11
2026-01-08 00:00:00,S2005,2005,23.57,89.8,43.73,6.7,1591,0.0,26.82,0.42,none,24.7,3.73
2026-01-08 00:00:00,S2002,2002,24.75,86.6,62.24,6.2,2409,0.0,8.26,0.24,none,31.4,0.72
2026-01-08 00:00:00,S2017,2017,25.12,81.0,54.5,6.67,2185,0.0,20.17,0.24,none,23.05,0.64
2026-01-08 00:00:00,S2006,2006,24.91,84.0,55.62,6.16,0,0.0,10.11,0.28,none,26.01,2.91
2026-01-08 00:00:00,S2012,2012,23.72,92.0,55.83,7.12,0,0.0,16.34,0.24,none,32.52,0.67
2026-01-08 00:00:00,S2007,2007,23.82,91.5,57.76,6.23,0,0.0,14.19,0.24,none,33.08,0.79
2026-01-08 00:00:00,S2016,2016,22.9,88.7,55.11,6.34,78,0.0,13.58,0.28,none,29.52,1.81
2026-01-08 00:00:00,S2011,2011,24.14,89.5,53.54,6.59,0,0.0,15.91,0.28,none,29.37,2.7
2026-01-08 00:00:00,S2013,2013,23.77,87.9,75.38,6.38,0,0.0,25.95,0.31,none,39.01,1.67
2026-01-08 00:00:00,S2014,2014,22.73,89.8,55.43,6.59,1346,0.0,28.87,0.35,none,30.55,0.52
2026-01-08 00:00:00,S2010,2010,25.69,84.9,73.45,6.7,0,0.0,20.74,0.42,none,35.65,4.04
2026-01-08 00:00:00,S2000,2000,25.07,83.8,57.65,6.08,0,0.0,14.31,0.42,none,26.86,3.83
2026-01-08 00:00:00,S2001,2001,23.45,90.6,55.53,6.05,1305,0.0,10.46,0.28,none,31.24,2.6
2026-01-08 00:00:00,S2008,2008,23.99,86.6,60.39,6.23,0,0.0,27.03,0.31,none,30.47,1.42
2026-01-08 03:00:00,S2001,2001,23.28,88.8,47.43,6.89,0,0.0,10.66,0.28,none,25.75,2.93
2026-01-08 03:00:00,S2006,2006,25.46,82.7,59.35,6.32,0,0.0,10.07,0.28,none,26.84,1.99
2026-01-08 03:00:00,S2015,2015,22.52,94.5,55.06,6.03,2347,0.0,17.8,0.42,none,34.13,2.96
2026-01-08 03:00:00,S2000,2000,23.28,93.9,55.49,6.75,126,0.0,13.76,0.42,none,33.87,3.16
2026-01-08 03:00:00,S2019,2019,23.34,88.8,50.13,6.92,2367,0.0,10.07,0.35,none,27.11,0.42
2026-01-08 03:00:00,S2016,2016,22.74,92.3,62.29,6.22,1692,0.0,14.07,0.28,none,35.98,1.89
2026-01-08 03:00:00,S2002,2002,22.77,92.6,59.94,6.42,515,0.0,8.29,0.24,none,35.05,0.63
2026-01-08 03:00:00,S2018,2018,23.9,93.5,60.23,7.11,2015,0.0,19.9,0.31,none,35.91,1.53
2026-01-08 03:00:00,S2010,2010,23.66,86.9,55.29,6.21,1341,0.0,20.45,0.42,none,28.17,3.88
2026-01-08 03:00:00,S2004,2004,24.32,83.4,59.4,6.17,1807,0.0,20.02,0.35,none,27.42,0.43
2026-01-08 03:00:00,S2008,2008,23.58,86.2,61.73,6.07,965,0.0,27.0,0.31,none,30.83,1.62
2026-01-08 03:00:00,S2011,2011,25.1,83.9,56.36,6.38,1485,0.0,15.71,0.28,none,26.3,1.9
2026-01-08 03:00:00,S2007,2007,24.91,84.7,45.2,6.98,42,0.0,14.24,0.24,none,21.36,0.79
2026-01-08 03:00:00,S2017,2017,22.66,92.3,58.81,6.04,0,0.0,20.38,0.24,none,34.25,0.6
2026-01-08 03:00:00,S2012,2012,24.24,86.6,53.46,6.2,898,0.0,16.73,0.24,none,27.01,0.75
2026-01-08 03:00:00,S2003,2003,24.15,89.9,66.26,7.13,285,0.0,9.54,0.31,none,36.05,1.56
2026-01-08 03:00:00,S2009,2009,22.89,86.8,58.95,6.89,0,0.0,22.21,0.35,none,29.91,0.58
2026-01-08 03:00:00,S2005,2005,22.48,89.8,64.86,7.09,1070,0.0,26.9,0.42,none,35.27,3.77
2026-01-08 03:00:00,S2013,2013,23.04,87.3,72.38,6.05,0,0.0,26.16,0.31,none,37.03,1.97
2026-01-08 03:00:00,S2014,2014,24.45,85.4,77.24,7.18,785,0.0,29.53,0.35,none,37.94,0.6
2026-01-08 06:00:00,S2019,2019,24.46,83.5,54.13,7.12,0,0.0,10.15,0.35,none,24.87,0.47
2026-01-08 06:00:00,S2006,2006,23.65,92.3,49.39,6.56,0,0.0,10.16,0.28,none,29.54,2.45
2026-01-08 06:00:00,S2011,2011,24.56,81.8,78.44,6.41,2146,0.0,15.66,0.28,none,35.66,2.4
2026-01-08 06:00:00,S2000,2000,25.53,82.9,43.91,6.79,0,0.0,14.43,0.42,none,19.28,4.5
2026-01-08 06:00:00,S2005,2005,22.83,92.3,65.44,6.96,194,0.0,26.98,0.42,none,37.56,4.1
2026-01-08 06:00:00,S2017,2017,24.3,82.1,57.66,6.19,1316,0.0,20.0,0.24,none,25.51,0.78
2026-01-08 06:00:00,S2014,2014,23.93,90.9,55.69,6.63,1654,0.0,29.38,0.35,none,31.57,0.44
2026-01-08 06:00:00,S2015,2015,24.74,87.3,65.88,7.19,2046,0.0,17.99,0.42,none,33.78,3.48
2026-01-08 06:00:00,S2016,2016,24.4,86.4,73.04,6.22,0,0.0,14.01,0.28,none,36.64,2.75
2026-01-08 06:00:00,S2004,2004,22.89,95.7,72.82,6.83,1869,0.0,20.0,0.35,none,43.97,0.41
2026-01-08 06:00:00,S2010,2010,23.13,84.1,58.52,6.13,0,0.0,20.57,0.42,none,27.54,4.72
2026-01-08 06:00:00,S2013,2013,22.62,87.0,61.73,7.19,0,0.0,25.61,0.31,none,31.46,1.97
2026-01-08 06:00:00,S2002,2002,24.74,81.4,43.91,6.33,0,0.0,8.15,0.24,none,18.08,0.8
2026-01-08 06:00:00,S2001,2001,24.03,88.6,60.41,7.05,0,0.0,10.41,0.28,none,32.08,2.38
2026-01-08 06:00:00,S2009,2009,23.76,86.7,65.16,6.24,0,0.0,21.74,0.35,none,32.94,0.43
2026-01-08 06:00:00,S2008,2008,23.35,91.6,62.66,6.53,0,0.0,27.04,0.31,none,35.61,1.72
2026-01-08 06:00:00,S2007,2007,23.22,84.5,54.49,6.08,951,0.0,14.24,0.24,none,25.85,0.65
2026-01-08 06:00:00,S2003,2003,25.4,87.8,48.67,6.71,0,0.0,9.5,0.31,none,25.57,1.65
2026-01-08 06:00:00,S2018,2018,23.05,86.3,57.63,6.16,0,0.0,19.98,0.31,none,28.86,1.3
2026-01-08 06:00:00,S2012,2012,24.69,88.6,72.39,6.8,0,0.0,16.49,0.24,none,38.07,0.69
2026-01-08 09:00:00,S2007,2007,28.43,83.7,68.77,6.18,71719,0.0,14.05,0.24,none,32.34,0.76
2026-01-08 09:00:00,S2018,2018,30.43,78.0,60.4,6.65,71314,0.0,19.85,0.308,none,26.46,1.5
2026-01-08 09:00:00,S2019,2019,30.46,77.4,55.18,6.59,68622,0.0,10.22,0.348,none,23.43,0.41
2026-01-08 09:00:00,S2013,2013,27.55,76.4,51.45,6.56,68253,0.0,25.89,0.31,none,17.85,1.8
2026-01-08 09:00:00,S2006,2006,27.93,76.5,46.36,6.74,72620,0.0,10.22,0.28,none,15.38,2.31
2026-01-08 09:00:00,S2012,2012,28.96,79.8,50.64,6.82,72414,0.0,16.4,0.24,none,20.16,0.57
2026-01-08 09:00:00,S2015,2015,28.04,83.6,47.3,6.8,71332,0.0,18.12,0.42,none,21.53,3.41
2026-01-08 09:00:00,S2005,2005,28.05,83.0,44.79,6.65,70748,0.0,26.84,0.42,none,19.8,4.2
2026-01-08 09:00:00,S2017,2017,27.94,78.0,32.84,6.72,68257,2.54,19.92,0.236,none,9.82,0.64
2026-01-08 09:00:00,S2002,2002,29.58,70.5,52.42,6.49,70077,0.0,8.37,0.24,none,14.77,0.73
2026-01-08 09:00:00,S2009,2009,29.2,79.9,57.07,6.12,71226,0.0,22.32,0.35,none,23.86,0.57
2026-01-08 09:00:00,S2001,2001,27.78,81.3,42.73,6.07,69632,0.0,10.42,0.28,none,17.4,2.16
2026-01-08 09:00:00,S2004,2004,29.82,78.2,48.24,7.14,69027,0.0,19.97,0.35,none,19.32,0.6
2026-01-08 09:00:00,S2011,2011,27.61,82.7,70.85,6.45,71997,0.0,15.83,0.28,none,32.59,2.27
2026-01-08 09:00:00,S2014,2014,29.7,73.1,52.15,6.1,70381,0.0,29.35,0.35,none,16.95,0.56
2026-01-08 09:00:00,S2010,2010,29.12,80.7,42.35,6.78,71303,0.0,20.67,0.42,none,16.98,3.84
2026-01-08 09:00:00,S2008,2008,28.15,84.0,49.51,6.6,69702,0.0,26.6,0.31,none,22.96,1.48
2026-01-08 09:00:00,S2016,2016,28.4,80.1,43.71,6.15,68643,0.0,13.55,0.28,none,16.93,2.25
2026-01-08 09:00:00,S2003,2003,30.25,77.3,48.5,6.02,70594,0.0,9.29,0.309,none,19.59,1.95
2026-01-08 09:00:00,S2000,2000,29.97,77.0,49.22,6.61,70898,0.0,14.19,0.42,none,19.15,4.15
2026-01-08 12:00:00,S2015,2015,31.31,74.6,45.5,6.05,99296,0.0,17.7,0.412,none,18.05,3.06
2026-01-08 12:00:00,S2007,2007,30.3,72.0,35.79,7.02,99461,2.55,13.92,0.239,none,9.1,0.7
2026-01-08 12:00:00,S2011,2011,32.67,76.1,48.71,6.03,99353,0.0,15.96,0.27,none,23.57,2.22
2026-01-08 12:00:00,S2009,2009,29.99,73.4,63.74,6.31,100977,0.0,21.82,0.35,none,23.57,0.45
2026-01-08 12:00:00,S2012,2012,29.74,79.2,38.92,6.99,100802,0.0,16.61,0.24,none,15.3,0.77
2026-01-08 12:00:00,S2002,2002,30.17,73.9,31.83,6.77,100764,1.8,8.11,0.234,none,8.38,0.85
2026-01-08 12:00:00,S2000,2000,30.22,74.2,46.97,7.0,100861,0.0,14.43,0.419,none,16.29,2.86
2026-01-08 12:00:00,S2019,2019,29.55,71.0,48.26,6.47,98909,0.0,9.81,0.35,none,13.03,0.42
2026-01-08 12:00:00,S2018,2018,31.77,77.1,48.43,6.88,99338,0.0,19.76,0.303,none,22.43,1.75
2026-01-08 12:00:00,S2013,2013,30.32,74.4,40.15,7.17,100638,2.45,25.92,0.309,none,13.24,1.88
2026-01-08 12:00:00,S2005,2005,32.03,71.5,43.66,6.87,99137,2.36,26.82,0.408,none,16.09,3.29
2026-01-08 12:00:00,S2003,2003,30.63,69.6,52.58,6.57,102472,0.0,9.41,0.307,none,16.23,1.73
2026-01-08 12:00:00,S2004,2004,29.46,76.2,37.19,6.76,98710,2.47,20.29,0.35,none,11.48,0.61
2026-01-08 12:00:00,S2016,2016,30.38,70.8,44.46,7.06,98302,0.0,13.94,0.279,none,12.63,2.71
2026-01-08 12:00:00,S2006,2006,30.54,71.5,39.91,6.82,99371,1.66,9.89,0.278,none,11.23,2.67
2026-01-08 12:00:00,S2017,2017,30.4,70.7,46.87,6.79,100323,0.0,20.28,0.239,none,13.79,0.76
2026-01-08 12:00:00,S2014,2014,31.45,78.4,41.49,6.81,98434,2.48,28.85,0.343,none,19.37,0.49
2026-01-08 12:00:00,S2008,2008,31.7,68.1,43.13,7.15,97813,2.43,26.87,0.303,none,12.44,1.5
2026-01-08 12:00:00,S2001,2001,30.49,74.5,42.54,7.13,100086,0.0,10.63,0.278,none,14.85,2.01
2026-01-08 12:00:00,S2010,2010,29.52,74.9,42.54,6.24,97907,2.35,21.17,0.42,none,13.23,3.34
2026-01-08 15:00:00,S2012,2012,29.99,78.4,53.12,6.3,72517,0.0,16.46,0.24,none,22.26,0.84
2026-01-08 15:00:00,S2017,2017,28.74,75.3,48.87,6.72,72744,0.0,20.34,0.24,none,15.67,0.71
2026-01-08 15:00:00,S2011,2011,29.2,80.7,54.22,6.64,69556,0.0,15.93,0.28,none,23.07,2.97
2026-01-08 15:00:00,S2003,2003,30.02,72.2,51.58,6.12,72439,0.0,9.23,0.31,none,16.59,1.47
2026-01-08 15:00:00,S2005,2005,28.51,79.5,50.96,6.71,71845,0.0,27.3,0.42,none,20.08,2.97
2026-01-08 15:00:00,S2001,2001,29.23,75.3,57.0,6.97,69626,0.0,10.22,0.28,none,20.2,1.91
2026-01-08 15:00:00,S2010,2010,29.4,78.5,55.55,6.87,68774,0.0,20.44,0.42,none,22.37,2.87
2026-01-08 15:00:00,S2007,2007,27.57,76.8,48.5,6.04,68312,0.0,14.27,0.24,none,16.69,0.7
2026-01-08 15:00:00,S2009,2009,28.91,77.1,43.99,6.97,70035,0.0,21.95,0.35,none,14.67,0.47
2026-01-08 15:00:00,S2014,2014,27.65,81.1,38.22,7.09,69988,2.38,29.43,0.35,none,14.99,0.5
2026-01-08 15:00:00,S2000,2000,28.08,80.1,43.95,6.41,69620,0.0,14.43,0.42,none,17.05,3.41
2026-01-08 15:00:00,S2002,2002,29.19,74.3,59.93,6.45,70656,0.0,8.19,0.24,none,20.79,0.56
2026-01-08 15:00:00,S2019,2019,28.35,74.8,52.0,6.99,68768,0.0,9.98,0.35,none,16.84,0.5
2026-01-08 15:00:00,S2016,2016,30.36,80.1,45.11,6.82,68441,0.0,14.07,0.279,none,20.35,2.4
2026-01-08 15:00:00,S2013,2013,29.94,76.4,46.03,6.88,70990,0.0,25.96,0.31,none,17.02,1.43
2026-01-08 15:00:00,S2004,2004,28.56,77.8,79.38,7.19,71803,0.0,20.23,0.35,none,32.93,0.43
2026-01-08 15:00:00,S2015,2015,29.95,80.0,61.73,6.44,68468,0.0,17.55,0.42,none,27.76,3.37
2026-01-08 15:00:00,S2006,2006,29.17,77.7,47.5,6.77,71518,0.0,10.08,0.28,none,17.25,2.88
2026-01-08 15:00:00,S2008,2008,28.85,72.0,38.55,6.14,71285,2.37,26.5,0.31,none,7.88,1.51
2026-01-08 15:00:00,S2018,2018,28.51,75.8,44.85,6.09,72116,0.0,20.2,0.31,none,14.06,1.81
2026-01-08 18:00:00,S2014,2014,23.01,89.9,57.65,6.34,901,0.0,28.94,0.35,none,31.75,0.55
2026-01-08 18:00:00,S2011,2011,25.38,86.8,58.93,7.12,179,0.0,15.48,0.28,none,29.9,2.63
2026-01-08 18:00:00,S2017,2017,23.62,84.5,55.06,7.15,0,0.0,20.19,0.24,none,26.13,0.67
2026-01-08 18:00:00,S2002,2002,23.35,91.4,70.41,6.98,0,0.0,8.38,0.24,none,39.33,0.76
2026-01-08 18:00:00,S2019,2019,23.66,89.2,56.64,6.59,1379,0.0,10.21,0.35,none,30.68,0.56
2026-01-08 18:00:00,S2012,2012,22.74,92.1,58.71,6.98,0,0.0,16.4,0.24,none,34.03,0.83
2026-01-08 18:00:00,S2006,2006,22.65,93.4,67.03,6.99,558,0.0,9.84,0.28,none,39.24,2.85
2026-01-08 18:00:00,S2010,2010,23.18,86.0,69.72,7.17,889,0.0,21.17,0.42,none,34.66,3.84
2026-01-08 18:00:00,S2001,2001,24.65,84.9,61.93,6.72,0,0.0,10.29,0.28,none,29.89,2.84
2026-01-08 18:00:00,S2005,2005,24.02,84.5,66.09,6.28,0,0.0,27.03,0.42,none,31.65,4.22
2026-01-08 18:00:00,S2013,2013,22.81,87.2,62.29,6.37,2156,0.0,26.03,0.31,none,31.91,1.33
2026-01-08 18:00:00,S2016,2016,23.77,91.7,57.76,6.75,736,0.0,14.04,0.28,none,33.24,2.89
2026-01-08 18:00:00,S2007,2007,25.17,84.5,59.29,6.57,52,0.0,14.1,0.24,none,28.25,0.57
2026-01-08 18:00:00,S2018,2018,25.22,88.7,56.43,6.43,0,0.0,20.09,0.31,none,30.18,1.45
2026-01-08 18:00:00,S2004,2004,24.57,90.3,53.06,6.58,0,0.0,20.53,0.35,none,29.77,0.46
2026-01-08 18:00:00,S2009,2009,24.52,86.9,57.14,6.58,1830,0.0,21.93,0.35,none,29.09,0.38
2026-01-08 18:00:00,S2008,2008,24.12,92.1,54.45,6.88,0,0.0,26.53,0.31,none,31.9,1.45
2026-01-08 18:00:00,S2015,2015,25.37,87.7,48.6,7.05,0,0.0,17.59,0.42,none,25.46,3.28
2026-01-08 18:00:00,S2000,2000,22.75,91.9,56.3,7.02,0,0.0,14.23,0.42,none,32.67,4.54
2026-01-08 18:00:00,S2003,2003,24.78,87.4,55.0,6.16,0,0.0,9.54,0.31,none,28.42,1.78
2026-01-08 21:00:00,S2009,2009,24.88,88.0,55.76,7.12,861,0.0,21.91,0.35,none,29.28,0.47
2026-01-08 21:00:00,S2014,2014,25.17,83.5,52.45,6.94,0,0.0,29.47,0.35,none,24.03,0.54
2026-01-08 21:00:00,S2017,2017,24.18,84.2,56.45,6.25,2135,0.0,20.19,0.24,none,26.59,0.69
2026-01-08 21:00:00,S2000,2000,24.95,88.4,59.45,6.84,1272,0.0,13.89,0.42,none,31.45,4.01
2026-01-08 21:00:00,S2010,2010,24.64,81.2,63.7,6.57,0,0.0,20.76,0.42,none,27.81,4.25
2026-01-08 21:00:00,S2006,2006,24.78,90.0,68.01,6.85,0,0.0,10.1,0.28,none,37.01,2.85
2026-01-08 21:00:00,S2007,2007,23.52,88.0,56.61,6.6,0,0.0,14.34,0.24,none,29.71,0.79
2026-01-08 21:00:00,S2001,2001,25.43,86.8,76.54,6.56,0,0.0,10.39,0.28,none,38.71,2.62
2026-01-08 21:00:00,S2018,2018,23.44,86.5,70.14,6.09,0,0.0,20.08,0.31,none,35.27,1.55
2026-01-08 21:00:00,S2008,2008,23.04,86.7,60.47,7.01,0,0.0,26.68,0.31,none,30.6,1.52
2026-01-08 21:00:00,S2011,2011,24.55,91.6,53.89,6.5,0,0.0,15.73,0.28,none,31.22,2.02
2026-01-08 21:00:00,S2019,2019,24.06,90.5,52.3,6.25,2192,0.0,9.59,0.35,none,29.55,0.38
2026-01-08 21:00:00,S2015,2015,23.92,88.3,60.19,6.38,0,0.0,17.54,0.42,none,31.73,4.36
2026-01-08 21:00:00,S2004,2004,24.07,85.0,61.65,6.03,0,0.0,20.04,0.35,none,29.82,0.39
2026-01-08 21:00:00,S2016,2016,23.74,87.1,58.1,7.08,428,0.0,13.66,0.28,none,29.73,2.27
2026-01-08 21:00:00,S2002,2002,23.06,93.1,69.66,6.31,29,0.0,8.31,0.24,none,40.31,0.65
2026-01-08 21:00:00,S2003,2003,22.81,89.7,57.51,6.27,0,0.0,9.35,0.31,none,31.52,1.72
2026-01-08 21:00:00,S2012,2012,23.07,90.9,66.89,6.36,0,0.0,16.37,0.24,none,37.17,0.69
2026-01-08 21:00:00,S2013,2013,23.66,88.7,48.6,6.92,114,0.0,26.18,0.31,none,26.26,1.66
2026-01-08 21:00:00,S2005,2005,23.37,85.4,54.5,6.48,0,0.0,27.06,0.42,none,26.57,3.66
2026-01-09 00:00:00,S2009,2009,22.97,84.8,48.55,6.35,0,0.0,22.22,0.35,none,23.11,0.47
2026-01-09 00:00:00,S2008,2008,23.99,87.2,50.42,6.04,0,0.0,27.26,0.31,none,25.97,1.84
2026-01-09 00:00:00,S2007,2007,23.94,89.7,48.28,7.16,0,0.0,14.45,0.24,none,26.9,0.71
2026-01-09 00:00:00,S2004,2004,24.77,87.3,47.14,6.47,0,0.0,20.83,0.35,none,24.41,0.48
2026-01-09 00:00:00,S2018,2018,24.08,81.7,57.57,7.03,0,0.0,20.06,0.31,none,25.15,1.65
2026-01-09 00:00:00,S2016,2016,24.87,81.1,61.05,6.37,586,0.0,14.27,0.28,none,26.4,2.69
2026-01-09 00:00:00,S2005,2005,24.11,88.9,63.63,7.1,0,0.0,27.71,0.42,none,33.94,4.02
2026-01-09 00:00:00,S2013,2013,24.67,86.9,60.42,7.13,385,0.0,26.57,0.31,none,30.73,1.43
2026-01-09 00:00:00,S2015,2015,25.39,83.6,65.38,6.59,497,0.0,17.79,0.42,none,30.57,3.92
2026-01-09 00:00:00,S2003,2003,24.46,87.3,46.73,6.92,688,0.0,9.52,0.31,none,24.2,1.75
2026-01-09 00:00:00,S2010,2010,24.81,91.8,66.97,6.62,0,0.0,20.95,0.42,none,37.92,4.02
2026-01-09 00:00:00,S2019,2019,25.17,88.9,45.62,7.14,0,0.0,10.38,0.35,none,24.93,0.62
2026-01-09 00:00:00,S2006,2006,25.35,90.1,64.93,7.03,0,0.0,10.14,0.28,none,35.55,2.59
2026-01-09 00:00:00,S2012,2012,23.42,88.8,49.96,6.92,2241,0.0,16.77,0.24,none,27.02,0.82
2026-01-09 00:00:00,S2017,2017,23.61,85.7,76.36,6.53,1834,0.0,20.44,0.24,none,37.74,0.85
2026-01-09 00:00:00,S2002,2002,22.47,95.8,92.87,6.11,1068,0.0,8.63,0.24,fungal_leaf_spot,54.08,0.86
2026-01-09 00:00:00,S2014,2014,23.16,95.0,62.6,6.82,0,0.0,29.61,0.35,none,38.3,0.42
2026-01-09 00:00:00,S2011,2011,24.01,82.8,51.44,6.93,0,0.0,16.35,0.28,none,22.96,1.9
2026-01-09 00:00:00,S2001,2001,24.33,86.1,59.35,6.91,2315,0.0,11.07,0.28,none,29.55,2.71
2026-01-09 00:00:00,S2000,2000,24.54,83.3,51.19,6.31,0,0.0,14.94,0.42,none,23.23,4.7
2026-01-09 03:00:00,S2019,2019,25.06,89.1,55.35,7.08,1796,0.0,9.98,0.35,none,29.95,0.57
2026-01-09 03:00:00,S2008,2008,24.61,89.9,55.36,6.02,0,0.0,26.93,0.31,none,30.6,1.71
2026-01-09 03:00:00,S2011,2011,24.77,89.7,56.28,6.8,0,0.0,16.34,0.28,none,30.9,2.59
2026-01-09 03:00:00,S2007,2007,24.2,87.5,67.59,6.57,409,0.0,14.49,0.24,none,34.8,0.7
2026-01-09 03:00:00,S2013,2013,22.4,85.0,52.72,6.68,0,0.0,26.35,0.31,none,25.36,1.48
2026-01-09 03:00:00,S2005,2005,25.26,82.3,54.98,6.36,0,0.0,26.91,0.42,none,24.33,3.08
2026-01-09 03:00:00,S2012,2012,24.33,90.5,58.3,6.66,1341,0.0,17.04,0.24,none,32.55,0.86
2026-01-09 03:00:00,S2010,2010,24.66,86.0,46.61,6.19,0,0.0,21.67,0.42,none,23.11,4.23
2026-01-09 03:00:00,S2006,2006,23.07,89.4,46.39,6.18,0,0.0,10.1,0.28,none,25.72,2.95
2026-01-09 03:00:00,S2009,2009,23.17,92.9,57.35,6.25,96,0.0,22.3,0.35,none,34.0,0.6
2026-01-09 03:00:00,S2014,2014,24.96,84.7,50.28,6.4,1319,0.0,29.6,0.35,none,23.9,0.4
2026-01-09 03:00:00,S2004,2004,25.27,86.9,68.49,6.32,0,0.0,20.43,0.35,none,34.77,0.6
2026-01-09 03:00:00,S2017,2017,22.43,86.3,59.83,6.28,1787,0.0,20.41,0.24,none,29.95,0.8
2026-01-09 03:00:00,S2000,2000,24.17,86.5,54.11,6.5,0,0.0,14.81,0.42,none,27.26,4.17
2026-01-09 03:00:00,S2016,2016,23.3,91.1,54.97,6.54,1403,0.0,13.86,0.28,none,31.36,2.44
2026-01-09 03:00:00,S2002,2002,24.28,85.9,62.43,6.81,261,0.0,8.42,0.24,none,30.94,0.66
2026-01-09 03:00:00,S2003,2003,23.62,84.6,58.22,7.06,2399,0.0,9.43,0.31,none,27.79,1.46
2026-01-09 03:00:00,S2001,2001,25.1,81.8,57.87,6.8,798,0.0,10.63,0.28,none,25.37,2.35
2026-01-09 03:00:00,S2015,2015,23.32,91.4,60.26,6.86,1978,0.0,18.1,0.42,none,34.25,4.11
2026-01-09 03:00:00,S2018,2018,24.58,90.3,49.5,6.43,1888,0.0,20.18,0.31,none,27.99,1.91
2026-01-09 06:00:00,S2018,2018,22.51,92.4,50.31,6.77,1444,0.0,20.04,0.31,none,30.08,1.75
2026-01-09 06:00:00,S2007,2007,23.83,86.7,61.19,6.82,0,0.0,14.59,0.24,none,30.96,0.67
2026-01-09 06:00:00,S2000,2000,24.73,85.5,48.32,6.61,0,0.0,14.67,0.42,none,23.56,3.79
2026-01-09 06:00:00,S2016,2016,22.66,89.0,72.08,6.09,1659,0.0,13.9,0.28,none,38.24,2.33
2026-01-09 06:00:00,S2013,2013,23.74,94.8,70.68,6.76,352,0.0,26.0,0.31,none,42.18,1.93
2026-01-09 06:00:00,S2019,2019,24.52,87.1,65.33,7.16,837,0.0,10.28,0.35,none,33.34,0.44
2026-01-09 06:00:00,S2009,2009,24.47,82.4,57.12,6.82,0,0.0,22.6,0.35,none,25.48,0.49
2026-01-09 06:00:00,S2002,2002,24.25,88.7,58.06,6.67,0,0.0,8.53,0.24,none,30.99,0.79
2026-01-09 06:00:00,S2012,2012,22.52,92.8,56.96,6.87,1701,0.0,17.04,0.24,none,33.72,0.81
2026-01-09 06:00:00,S2017,2017,23.33,95.5,67.29,7.09,0,0.0,20.58,0.24,none,41.05,0.54
2026-01-09 06:00:00,S2008,2008,22.52,87.9,57.81,6.5,0,0.0,27.26,0.31,none,30.23,1.4
2026-01-09 06:00:00,S2004,2004,23.1,88.4,48.95,7.09,0,0.0,20.4,0.35,none,26.2,0.5
2026-01-09 06:00:00,S2005,2005,23.83,89.3,55.36,6.94,1887,0.0,27.7,0.42,none,30.12,3.49
2026-01-09 06:00:00,S2010,2010,24.18,86.9,50.22,6.44,0,0.0,21.52,0.42,none,25.63,4.73
2026-01-09 06:00:00,S2001,2001,23.0,91.5,56.37,6.58,0,0.0,10.75,0.28,none,32.39,2.64
2026-01-09 06:00:00,S2003,2003,23.1,89.6,56.39,6.51,936,0.0,9.97,0.31,none,30.87,1.83
2026-01-09 06:00:00,S2006,2006,22.83,94.7,55.06,6.35,851,0.0,10.4,0.28,none,34.29,2.46
2026-01-09 06:00:00,S2015,2015,24.41,83.3,63.51,6.84,0,0.0,18.0,0.42,none,29.39,4.48
2026-01-09 06:00:00,S2014,2014,23.85,91.2,70.3,6.67,1295,0.0,29.38,0.35,none,39.11,0.41
2026-01-09 06:00:00,S2011,2011,23.1,87.0,61.4,6.18,0,0.0,15.96,0.28,none,31.3,2.88
2026-01-09 09:00:00,S2011,2011,30.45,72.5,50.49,6.05,69462,0.0,15.89,0.278,none,17.14,2.55
2026-01-09 09:00:00,S2000,2000,27.96,79.2,38.76,6.12,72583,2.37,14.51,0.42,none,13.74,3.7
2026-01-09 09:00:00,S2018,2018,28.34,76.0,60.33,6.0,69264,0.0,20.09,0.31,none,21.96,1.79
2026-01-09 09:00:00,S2001,2001,27.86,80.4,47.95,7.05,72598,0.0,10.65,0.28,none,19.3,2.06
2026-01-09 09:00:00,S2010,2010,29.92,74.0,47.1,6.7,68901,0.0,20.77,0.42,none,15.59,4.57
2026-01-09 09:00:00,S2019,2019,28.33,72.4,37.96,6.43,68367,1.6,10.05,0.35,none,7.9,0.42
2026-01-09 09:00:00,S2005,2005,29.83,71.0,38.03,7.18,71666,2.34,27.51,0.42,none,8.47,3.02
2026-01-09 09:00:00,S2006,2006,30.07,74.7,54.13,6.28,70096,0.0,10.45,0.28,none,19.97,2.5
2026-01-09 09:00:00,S2016,2016,30.07,73.7,47.01,6.66,69139,0.0,13.79,0.28,none,15.61,2.31
2026-01-09 09:00:00,S2014,2014,27.8,84.9,60.37,6.09,69531,0.0,29.39,0.35,none,29.11,0.43
2026-01-09 09:00:00,S2008,2008,30.05,73.9,41.88,6.15,71432,0.0,27.34,0.31,none,13.16,1.85
2026-01-09 09:00:00,S2013,2013,29.17,80.1,39.29,6.16,69587,2.4,25.94,0.31,none,15.07,1.98
2026-01-09 09:00:00,S2002,2002,28.99,77.7,47.31,6.34,71715,0.0,8.44,0.24,none,16.82,0.61
2026-01-09 09:00:00,S2009,2009,27.53,81.7,59.37,6.93,72593,0.0,22.45,0.35,none,26.05,0.47
2026-01-09 09:00:00,S2003,2003,28.93,78.7,38.51,7.14,70127,1.63,9.88,0.31,none,13.22,1.21
2026-01-09 09:00:00,S2007,2007,30.12,78.9,53.11,6.98,72021,0.0,14.42,0.24,none,22.92,0.62
2026-01-09 09:00:00,S2012,2012,30.62,73.2,39.95,6.96,71713,2.47,16.83,0.238,none,12.78,0.78
2026-01-09 09:00:00,S2017,2017,29.25,73.3,39.3,6.74,68253,2.38,20.47,0.24,none,9.79,0.64
2026-01-09 09:00:00,S2004,2004,28.7,72.8,47.29,6.89,71656,0.0,20.81,0.35,none,12.88,0.46
2026-01-09 09:00:00,S2015,2015,29.21,77.0,41.37,6.12,69058,2.36,18.65,0.42,none,13.71,4.42
2026-01-09 12:00:00,S2003,2003,31.57,70.1,44.52,6.01,97764,0.0,9.49,0.303,none,14.48,1.86
2026-01-09 12:00:00,S2019,2019,31.33,68.5,50.28,6.78,100019,0.0,10.4,0.344,none,15.6,0.6
2026-01-09 12:00:00,S2012,2012,30.65,73.1,32.94,6.53,100055,2.73,16.83,0.234,none,9.25,0.59
2026-01-09 12:00:00,S2010,2010,31.04,74.0,45.21,6.98,97624,0.0,21.17,0.414,none,16.88,4.6
2026-01-09 12:00:00,S2018,2018,32.08,67.7,38.75,6.26,99045,2.57,20.02,0.301,none,10.7,1.5
2026-01-09 12:00:00,S2005,2005,29.33,82.2,45.79,6.43,101866,0.0,27.38,0.42,none,20.32,3.62
2026-01-09 12:00:00,S2016,2016,31.87,69.6,56.72,6.18,97601,0.0,14.18,0.273,none,20.78,2.73
2026-01-09 12:00:00,S2006,2006,30.93,72.9,47.3,6.39,97684,0.0,10.28,0.276,none,16.83,2.23
2026-01-09 12:00:00,S2008,2008,32.46,75.0,43.26,6.41,101707,0.0,27.04,0.3,none,19.55,1.4
2026-01-09 12:00:00,S2014,2014,32.43,71.3,45.3,6.01,99978,0.0,29.37,0.338,none,17.55,0.6
2026-01-09 12:00:00,S2000,2000,30.13,75.6,43.24,6.56,99823,0.0,14.11,0.419,none,15.36,4.34
2026-01-09 12:00:00,S2009,2009,29.96,71.8,47.77,6.75,98844,0.0,22.34,0.35,none,14.25,0.39
2026-01-09 12:00:00,S2013,2013,32.21,77.2,43.85,7.19,100095,2.35,26.43,0.301,none,21.11,1.9
2026-01-09 12:00:00,S2004,2004,31.47,69.6,59.7,6.29,99150,0.0,20.63,0.343,none,21.47,0.61
2026-01-09 12:00:00,S2017,2017,32.49,74.3,55.4,6.62,102098,0.0,20.28,0.232,none,25.12,0.82
2026-01-09 12:00:00,S2007,2007,30.12,78.5,58.07,6.34,97791,0.0,14.27,0.24,none,25.08,0.74
2026-01-09 12:00:00,S2002,2002,32.57,69.8,37.34,6.66,101381,1.73,8.72,0.232,none,12.65,0.78
2026-01-09 12:00:00,S2011,2011,32.65,66.2,47.56,6.36,101840,0.0,15.93,0.27,none,15.04,2.56
2026-01-09 12:00:00,S2001,2001,31.33,74.1,47.06,6.67,98279,0.0,10.92,0.275,none,18.47,2.67
2026-01-09 12:00:00,S2015,2015,32.02,70.1,31.09,6.39,102458,2.86,18.47,0.396,none,8.67,3.93
2026-01-09 15:00:00,S2000,2000,29.29,77.5,61.51,6.86,68436,0.0,14.92,0.42,none,24.33,4.58
2026-01-09 15:00:00,S2018,2018,29.64,81.1,40.21,6.96,69163,2.4,20.57,0.31,none,17.26,1.63
2026-01-09 15:00:00,S2003,2003,28.28,80.2,61.64,6.11,69356,0.0,9.69,0.31,none,25.98,1.42
2026-01-09 15:00:00,S2004,2004,29.52,71.1,45.57,6.02,70020,0.0,20.2,0.35,none,11.7,0.57
2026-01-09 15:00:00,S2010,2010,29.24,73.5,44.37,6.17,70834,0.0,20.7,0.42,none,12.46,3.34
2026-01-09 15:00:00,S2005,2005,27.98,82.1,47.21,6.97,72520,0.0,26.86,0.42,none,20.28,4.15
2026-01-09 15:00:00,S2015,2015,29.32,75.9,44.2,6.61,72180,0.0,18.56,0.42,none,14.46,2.98
2026-01-09 15:00:00,S2014,2014,28.82,83.5,49.9,6.97,71663,0.0,29.69,0.35,none,22.75,0.51
2026-01-09 15:00:00,S2009,2009,28.14,82.8,45.25,6.34,68263,0.0,22.12,0.35,none,19.86,0.43
2026-01-09 15:00:00,S2002,2002,27.85,85.0,55.96,6.92,72878,0.0,8.54,0.24,none,26.98,0.75
2026-01-09 15:00:00,S2012,2012,28.46,81.3,39.1,6.21,69106,2.35,16.83,0.24,none,15.59,0.59
2026-01-09 15:00:00,S2016,2016,29.97,78.5,42.71,6.99,72363,0.0,14.04,0.28,none,17.09,2.7
2026-01-09 15:00:00,S2001,2001,30.07,69.0,46.51,7.05,69251,0.0,10.76,0.28,none,11.6,2.34
2026-01-09 15:00:00,S2017,2017,30.18,75.5,60.67,6.9,69396,0.0,20.54,0.239,none,24.1,0.72
2026-01-09 15:00:00,S2008,2008,29.45,73.6,43.18,6.14,71711,0.0,27.3,0.31,none,12.37,1.61
2026-01-09 15:00:00,S2006,2006,29.69,71.4,46.77,6.55,70849,0.0,10.46,0.28,none,12.89,2.79
2026-01-09 15:00:00,S2019,2019,28.45,80.7,46.28,6.26,71750,0.0,10.65,0.35,none,18.7,0.49
2026-01-09 15:00:00,S2007,2007,27.89,80.3,42.29,6.27,70325,0.0,14.68,0.24,none,16.38,0.79
2026-01-09 15:00:00,S2011,2011,29.24,80.3,36.47,6.95,71312,2.49,16.24,0.28,none,13.95,2.46
2026-01-09 15:00:00,S2013,2013,28.35,75.9,51.22,6.03,68251,0.0,26.31,0.31,none,17.33,1.67
2026-01-09 18:00:00,S2011,2011,22.71,90.4,68.86,6.61,1513,0.0,16.21,0.28,none,37.75,1.93
2026-01-09 18:00:00,S2014,2014,25.34,83.5,54.86,6.54,0,0.0,29.64,0.35,none,25.23,0.56
2026-01-09 18:00:00,S2015,2015,24.59,81.6,54.42,7.16,426,0.0,18.28,0.42,none,23.49,3.76
2026-01-09 18:00:00,S2009,2009,23.04,96.6,49.28,6.8,0,0.0,22.08,0.35,none,32.92,0.39
2026-01-09 18:00:00,S2006,2006,24.39,91.0,68.43,6.52,0,0.0,10.3,0.28,none,38.02,2.28
2026-01-09 18:00:00,S2016,2016,23.33,92.8,68.1,6.65,1427,0.0,14.4,0.28,none,39.29,2.78
2026-01-09 18:00:00,S2005,2005,24.57,90.6,53.71,6.03,1017,0.0,26.95,0.42,none,30.33,4.26
2026-01-09 18:00:00,S2002,2002,23.91,87.5,54.62,6.46,858,0.0,8.53,0.24,none,28.31,0.7
2026-01-09 18:00:00,S2003,2003,22.86,89.9,61.49,6.87,0,0.0,9.74,0.31,none,33.67,1.42
2026-01-09 18:00:00,S2010,2010,24.94,86.0,70.33,6.6,0,0.0,21.06,0.42,none,34.97,3.01
2026-01-09 18:00:00,S2013,2013,24.42,85.3,52.65,7.14,0,0.0,25.98,0.31,none,25.56,1.83
2026-01-09 18:00:00,S2017,2017,23.29,90.3,58.23,6.58,101,0.0,20.45,0.24,none,32.35,0.84
2026-01-09 18:00:00,S2004,2004,22.38,93.1,63.15,6.74,0,0.0,20.52,0.35,none,37.05,0.51
2026-01-09 18:00:00,S2001,2001,25.45,83.8,45.99,7.14,1784,0.0,10.45,0.28,none,21.04,2.87
2026-01-09 18:00:00,S2008,2008,24.23,88.7,59.1,7.17,0,0.0,27.24,0.31,none,31.51,1.54
2026-01-09 18:00:00,S2000,2000,24.22,90.3,63.81,6.03,0,0.0,14.35,0.42,none,35.14,4.74
2026-01-09 18:00:00,S2019,2019,25.48,89.8,53.7,6.03,1732,0.0,9.97,0.35,none,29.69,0.62
2026-01-09 18:00:00,S2012,2012,22.61,91.2,48.56,6.34,0,0.0,16.74,0.24,none,28.24,0.74
2026-01-09 18:00:00,S2018,2018,23.62,82.3,52.74,6.66,821,0.0,20.18,0.31,none,23.21,1.64
2026-01-09 18:00:00,S2007,2007,22.7,87.1,45.64,6.21,1958,0.0,14.35,0.24,none,23.5,0.86
2026-01-09 21:00:00,S2001,2001,24.28,88.6,62.13,6.93,0,0.0,10.76,0.28,none,32.94,2.75
2026-01-09 21:00:00,S2013,2013,24.72,80.9,54.07,6.56,0,0.0,25.87,0.31,none,22.76,1.87
2026-01-09 21:00:00,S2000,2000,24.56,85.1,58.97,6.23,0,0.0,14.22,0.42,none,28.56,4.6
2026-01-09 21:00:00,S2011,2011,24.84,81.8,45.08,6.13,1641,0.0,15.91,0.28,none,18.98,2.88
2026-01-09 21:00:00,S2008,2008,24.28,90.5,52.27,7.16,0,0.0,27.26,0.31,none,29.54,1.5
2026-01-09 21:00:00,S2017,2017,24.9,89.5,48.09,7.06,0,0.0,20.68,0.24,none,26.65,0.8
2026-01-09 21:00:00,S2016,2016,25.12,87.8,56.39,6.07,539,0.0,14.02,0.28,none,29.43,1.81
2026-01-09 21:00:00,S2009,2009,22.87,87.8,47.43,6.65,0,0.0,22.24,0.35,none,24.95,0.48
2026-01-09 21:00:00,S2012,2012,23.71,91.7,78.87,6.52,0,0.0,16.66,0.24,none,43.8,0.78
2026-01-09 21:00:00,S2014,2014,23.21,89.9,61.51,6.51,0,0.0,29.32,0.35,none,33.68,0.49
2026-01-09 21:00:00,S2005,2005,24.58,88.6,57.44,6.89,0,0.0,26.93,0.42,none,30.6,3.23
2026-01-09 21:00:00,S2006,2006,25.13,85.3,65.71,6.19,0,0.0,10.63,0.28,none,32.09,2.07
2026-01-09 21:00:00,S2003,2003,24.72,86.1,62.95,6.98,0,0.0,9.35,0.31,none,31.35,1.35
2026-01-09 21:00:00,S2004,2004,24.91,84.4,70.04,6.01,575,0.0,20.59,0.35,none,33.54,0.49
2026-01-09 21:00:00,S2019,2019,24.09,86.4,59.39,6.49,0,0.0,10.15,0.35,none,29.82,0.4
2026-01-09 21:00:00,S2007,2007,23.8,89.5,54.69,6.44,0,0.0,14.27,0.24,none,29.95,0.77
2026-01-09 21:00:00,S2018,2018,23.26,88.6,58.55,6.6,0,0.0,20.51,0.31,none,31.15,1.82
2026-01-09 21:00:00,S2010,2010,22.89,91.8,46.02,7.01,1051,0.0,21.22,0.42,none,27.45,3.58
2026-01-09 21:00:00,S2002,2002,22.94,90.7,56.53,6.88,0,0.0,8.85,0.24,none,31.83,0.58
2026-01-09 21:00:00,S2015,2015,24.53,86.6,63.29,6.91,2041,0.0,18.36,0.42,none,31.92,3.53
2026-01-10 00:00:00,S2011,2011,24.97,86.3,91.25,6.53,428,0.0,16.14,0.28,fungal_leaf_spot,45.66,2.59
2026-01-10 00:00:00,S2007,2007,24.7,85.6,67.74,6.11,0,0.0,14.93,0.24,none,33.35,0.86
2026-01-10 00:00:00,S2004,2004,24.37,84.5,49.35,6.82,0,0.0,21.14,0.35,none,23.28,0.45
2026-01-10 00:00:00,S2009,2009,25.4,88.2,50.89,7.19,1175,0.0,22.41,0.35,none,27.01,0.46
2026-01-10 00:00:00,S2012,2012,25.07,89.9,72.46,6.14,448,0.0,16.9,0.24,none,39.15,0.71
2026-01-10 00:00:00,S2015,2015,23.57,88.5,55.65,6.66,0,0.0,19.12,0.42,none,29.62,3.7
2026-01-10 00:00:00,S2002,2002,24.19,88.4,46.54,7.03,1244,0.0,8.82,0.24,none,24.99,0.53
2026-01-10 00:00:00,S2014,2014,24.35,92.4,65.97,7.15,1442,0.0,29.67,0.35,none,37.91,0.38
2026-01-10 00:00:00,S2017,2017,24.77,89.7,56.91,6.15,0,0.0,20.74,0.24,none,31.22,0.81
2026-01-10 00:00:00,S2006,2006,25.66,91.2,53.94,6.37,0,0.0,10.3,0.28,none,30.93,2.35
2026-01-10 00:00:00,S2003,2003,24.37,89.1,67.78,7.08,0,0.0,9.67,0.31,none,36.17,1.72
2026-01-10 00:00:00,S2019,2019,23.75,87.1,70.25,6.83,0,0.0,10.29,0.35,none,35.8,0.43
2026-01-10 00:00:00,S2010,2010,22.57,90.5,53.33,6.05,28,0.0,22.07,0.42,none,30.07,3.81
2026-01-10 00:00:00,S2018,2018,23.33,91.1,62.76,6.51,0,0.0,20.31,0.31,none,35.26,1.53
2026-01-10 00:00:00,S2001,2001,24.31,86.6,64.39,6.1,0,0.0,10.77,0.28,none,32.47,2.05
2026-01-10 00:00:00,S2005,2005,24.97,88.2,46.32,6.15,0,0.0,27.54,0.42,none,24.72,3.91
2026-01-10 00:00:00,S2013,2013,24.77,82.3,65.78,6.52,0,0.0,26.81,0.31,none,29.73,1.53
2026-01-10 00:00:00,S2000,2000,23.53,85.2,54.7,7.17,1995,0.0,14.75,0.42,none,26.51,3.02
2026-01-10 00:00:00,S2008,2008,25.79,90.1,49.15,6.64,1332,0.0,27.76,0.31,none,27.65,1.41
2026-01-10 00:00:00,S2016,2016,25.12,87.5,53.68,6.41,0,0.0,14.44,0.28,none,27.84,2.04
2026-01-10 03:00:00,S2014,2014,23.86,92.8,63.77,6.52,0,0.0,29.84,0.35,none,37.12,0.42
2026-01-10 03:00:00,S2018,2018,23.5,90.0,71.16,6.75,475,0.0,20.98,0.31,none,38.58,1.84
2026-01-10 03:00:00,S2011,2011,24.51,90.1,47.3,6.04,1765,0.0,16.61,0.28,none,26.73,2.47
2026-01-10 03:00:00,S2007,2007,22.77,92.2,48.52,7.19,0,0.0,14.53,0.24,none,29.02,0.86
2026-01-10 03:00:00,S2019,2019,23.35,84.6,55.37,6.54,0,0.0,11.04,0.35,none,26.36,0.62
2026-01-10 03:00:00,S2008,2008,22.2,94.8,54.09,7.1,674,0.0,27.3,0.31,none,33.89,1.56
2026-01-10 03:00:00,S2000,2000,24.5,85.3,61.56,6.39,1532,0.0,14.67,0.42,none,30.02,3.32
2026-01-10 03:00:00,S2013,2013,23.71,90.7,55.94,6.86,0,0.0,26.77,0.31,none,31.53,1.72
2026-01-10 03:00:00,S2001,2001,25.07,88.8,64.79,6.15,2155,0.0,10.85,0.28,none,34.44,2.12
2026-01-10 03:00:00,S2006,2006,25.28,87.4,53.94,6.87,2115,0.0,10.6,0.28,none,27.89,1.88
2026-01-10 03:00:00,S2016,2016,23.12,93.5,57.54,6.59,0,0.0,14.26,0.28,none,34.57,2.82
2026-01-10 03:00:00,S2009,2009,24.32,84.9,68.58,6.1,0,0.0,23.16,0.35,none,33.21,0.52
2026-01-10 03:00:00,S2012,2012,25.0,82.2,49.68,6.58,1490,0.0,16.81,0.24,none,21.6,0.73
2026-01-10 03:00:00,S2005,2005,25.27,80.8,62.0,6.04,541,0.0,27.61,0.42,none,26.64,4.6
2026-01-10 03:00:00,S2017,2017,23.24,82.8,59.67,6.46,0,0.0,20.69,0.24,none,27.07,0.69
2026-01-10 03:00:00,S2003,2003,24.73,86.8,46.89,6.35,261,0.0,10.32,0.31,none,23.88,1.31
2026-01-10 03:00:00,S2010,2010,22.58,85.9,58.68,6.1,1714,0.0,21.97,0.42,none,29.06,4.33
2026-01-10 03:00:00,S2002,2002,23.01,87.1,50.59,6.55,0,0.0,8.98,0.24,none,25.97,0.57
2026-01-10 03:00:00,S2015,2015,23.9,90.8,70.31,6.46,0,0.0,18.43,0.42,none,38.8,4.08
2026-01-10 03:00:00,S2004,2004,23.24,91.4,66.95,6.26,0,0.0,21.05,0.35,none,37.6,0.51
2026-01-10 06:00:00,S2019,2019,23.61,85.4,50.27,6.62,0,0.0,10.27,0.35,none,24.46,0.47
2026-01-10 06:00:00,S2007,2007,24.81,83.3,57.37,6.59,0,0.0,14.32,0.24,none,26.32,0.65
2026-01-10 06:00:00,S2001,2001,23.23,90.7,63.74,6.65,1588,0.0,11.09,0.28,none,35.43,2.76
2026-01-10 06:00:00,S2014,2014,22.39,91.4,59.67,6.39,0,0.0,29.54,0.35,none,33.96,0.61
2026-01-10 06:00:00,S2005,2005,22.57,92.1,47.24,7.06,2451,0.0,27.91,0.42,none,28.3,3.98
2026-01-10 06:00:00,S2018,2018,23.0,91.2,52.12,6.95,0,0.0,20.95,0.31,none,30.02,1.36
2026-01-10 06:00:00,S2012,2012,24.84,86.9,56.17,6.54,0,0.0,17.04,0.24,none,28.61,0.65
2026-01-10 06:00:00,S2015,2015,23.73,86.4,65.8,6.07,1216,0.0,19.21,0.42,none,33.02,4.15
2026-01-10 06:00:00,S2010,2010,23.3,90.0,69.87,6.55,221,0.0,21.37,0.42,none,37.94,3.55
2026-01-10 06:00:00,S2013,2013,24.18,93.0,55.75,6.88,1301,0.0,26.78,0.31,none,33.28,1.29
2026-01-10 06:00:00,S2004,2004,25.42,86.1,49.64,7.0,2333,0.0,20.49,0.35,none,24.7,0.49
2026-01-10 06:00:00,S2009,2009,22.91,95.4,55.04,7.09,0,0.0,22.59,0.35,none,34.84,0.52
2026-01-10 06:00:00,S2011,2011,25.26,89.1,59.95,6.16,0,0.0,16.42,0.28,none,32.25,2.4
2026-01-10 06:00:00,S2017,2017,23.68,87.3,67.45,6.07,0,0.0,20.55,0.24,none,34.56,0.59
2026-01-10 06:00:00,S2016,2016,23.77,94.1,82.6,6.6,0,0.0,14.21,0.28,fungal_leaf_spot,47.58,2.94
2026-01-10 06:00:00,S2006,2006,23.12,90.6,55.39,6.35,2236,0.0,10.74,0.28,none,31.17,2.17
2026-01-10 06:00:00,S2003,2003,23.87,88.0,54.11,6.46,197,0.0,9.72,0.31,none,28.46,1.96
2026-01-10 06:00:00,S2002,2002,23.03,90.0,48.09,6.99,1988,0.0,8.79,0.24,none,27.05,0.8
2026-01-10 06:00:00,S2008,2008,24.51,85.7,63.19,6.58,0,0.0,27.21,0.31,none,31.16,1.47
2026-01-10 06:00:00,S2000,2000,25.21,90.0,68.0,6.09,1469,0.0,15.32,0.42,none,37.0,4.27
2026-01-10 09:00:00,S2003,2003,28.04,82.0,39.12,7.16,71460,0.0,10.06,0.31,none,16.16,1.83
2026-01-10 09:00:00,S2012,2012,29.41,78.7,33.84,6.17,70510,2.57,16.85,0.238,none,11.7,0.68
2026-01-10 09:00:00,S2005,2005,28.34,78.3,43.92,6.49,72583,0.0,28.06,0.42,none,15.6,2.92
2026-01-10 09:00:00,S2016,2016,29.16,73.2,49.12,6.76,70669,0.0,14.06,0.28,none,14.44,2.59
2026-01-10 09:00:00,S2010,2010,29.26,78.9,44.36,6.91,71221,0.0,22.12,0.42,none,16.82,3.84
2026-01-10 09:00:00,S2000,2000,27.26,76.4,47.81,6.03,69192,0.0,14.69,0.42,none,16.03,3.82
2026-01-10 09:00:00,S2008,2008,28.17,73.8,42.51,6.75,71707,0.0,27.21,0.31,none,11.29,1.81
2026-01-10 09:00:00,S2019,2019,27.87,78.9,38.93,6.68,72962,0.0,10.47,0.35,none,13.59,0.54
2026-01-10 09:00:00,S2006,2006,29.76,71.6,49.19,7.2,69499,0.0,10.9,0.28,none,14.39,2.62
2026-01-10 09:00:00,S2013,2013,29.19,74.0,40.35,7.03,72397,0.0,26.19,0.31,none,10.76,1.32
2026-01-10 09:00:00,S2017,2017,28.29,83.3,49.93,6.25,68977,0.0,20.68,0.24,none,22.61,0.72
2026-01-10 09:00:00,S2015,2015,28.06,76.2,40.56,6.34,72148,0.0,18.85,0.42,none,12.24,4.59
2026-01-10 09:00:00,S2011,2011,29.03,77.7,53.08,7.1,71105,0.0,16.42,0.28,none,19.76,2.34
2026-01-10 09:00:00,S2007,2007,28.5,82.7,42.06,7.06,69128,0.0,14.91,0.24,none,18.19,0.61
2026-01-10 09:00:00,S2018,2018,29.22,78.6,62.24,6.5,71403,0.0,20.97,0.31,none,25.44,1.75
2026-01-10 09:00:00,S2009,2009,28.79,80.7,51.04,6.84,71705,0.0,22.53,0.35,none,21.08,0.56
2026-01-10 09:00:00,S2001,2001,29.16,75.9,48.23,6.49,68309,0.0,11.19,0.28,none,16.16,2.91
2026-01-10 09:00:00,S2014,2014,27.37,82.7,50.17,6.46,72652,0.0,29.46,0.35,none,22.25,0.55
2026-01-10 09:00:00,S2004,2004,28.38,84.9,44.36,6.5,72135,0.0,21.17,0.35,none,21.1,0.55
2026-01-10 09:00:00,S2002,2002,28.1,77.5,49.22,6.94,68973,0.0,8.82,0.24,none,17.61,0.83
2026-01-10 12:00:00,S2015,2015,31.66,73.4,44.96,6.3,97591,2.33,18.58,0.41,none,17.52,3.76
2026-01-10 12:00:00,S2014,2014,30.27,75.0,51.79,6.99,102387,0.0,30.1,0.349,none,19.43,0.38
2026-01-10 12:00:00,S2017,2017,30.0,68.3,38.41,6.48,101332,2.49,20.39,0.24,none,6.84,0.53
2026-01-10 12:00:00,S2000,2000,29.71,74.0,49.92,6.07,102186,0.0,14.76,0.42,none,16.58,3.47
2026-01-10 12:00:00,S2019,2019,31.46,74.9,40.38,6.77,101122,1.64,10.59,0.343,none,16.03,0.5
2026-01-10 12:00:00,S2018,2018,31.96,69.3,47.18,6.11,102055,0.0,20.33,0.302,none,15.95,1.92
2026-01-10 12:00:00,S2013,2013,30.56,73.4,46.51,6.6,101713,0.0,26.42,0.308,none,16.1,1.32
2026-01-10 12:00:00,S2001,2001,31.01,76.1,44.63,6.63,99367,0.0,11.01,0.276,none,18.21,2.13
2026-01-10 12:00:00,S2004,2004,32.58,68.2,39.41,6.59,97979,2.55,21.0,0.338,none,12.42,0.49
2026-01-10 12:00:00,S2011,2011,31.2,71.0,38.65,6.98,101621,2.49,16.47,0.275,none,11.52,2.66
2026-01-10 12:00:00,S2006,2006,31.87,69.6,34.73,6.9,97870,2.7,10.82,0.272,none,9.78,1.93
2026-01-10 12:00:00,S2016,2016,31.73,74.7,41.29,7.1,101412,0.0,14.15,0.273,none,16.87,1.76
2026-01-10 12:00:00,S2005,2005,31.19,76.3,47.99,6.35,101810,0.0,27.36,0.413,none,20.42,4.26
2026-01-10 12:00:00,S2010,2010,30.94,68.7,33.43,6.64,101166,2.73,21.78,0.41,none,6.56,4.49
2026-01-10 12:00:00,S2012,2012,31.84,69.1,38.36,6.54,100683,2.4,16.78,0.234,none,11.14,0.8
2026-01-10 12:00:00,S2002,2002,29.95,74.5,37.96,6.83,100177,1.64,8.64,0.24,none,11.48,0.72
2026-01-10 12:00:00,S2009,2009,30.43,71.2,39.36,6.31,98188,2.47,22.34,0.348,none,10.5,0.39
2026-01-10 12:00:00,S2003,2003,32.14,65.9,50.74,6.49,102035,0.0,9.99,0.301,none,15.37,1.42
2026-01-10 12:00:00,S2007,2007,29.76,70.1,31.65,6.74,100152,2.74,14.61,0.234,none,4.42,0.67
2026-01-10 12:00:00,S2008,2008,30.31,71.1,33.99,6.54,97952,2.65,27.02,0.306,none,7.49,1.52
2026-01-10 15:00:00,S2018,2018,29.56,75.0,48.27,6.2,69874,0.0,20.24,0.31,none,16.25,1.51
2026-01-10 15:00:00,S2013,2013,28.3,77.1,33.77,7.05,72707,2.49,26.3,0.307,none,9.56,1.32
2026-01-10 15:00:00,S2010,2010,28.56,78.1,41.14,6.95,69551,0.0,22.09,0.42,none,14.05,4.37
2026-01-10 15:00:00,S2014,2014,30.52,70.3,45.15,6.68,70992,0.0,29.58,0.348,none,12.85,0.41
2026-01-10 15:00:00,S2008,2008,30.57,76.6,38.71,6.44,71077,2.43,27.8,0.308,none,14.77,1.47
2026-01-10 15:00:00,S2017,2017,28.91,71.3,41.41,6.54,71579,2.34,20.6,0.24,none,8.74,0.73
2026-01-10 15:00:00,S2016,2016,27.7,86.2,79.54,7.0,68673,0.0,14.3,0.28,none,39.73,2.03
2026-01-10 15:00:00,S2004,2004,28.14,76.7,52.49,6.23,71644,0.0,20.77,0.35,none,18.61,0.61
2026-01-10 15:00:00,S2005,2005,29.43,79.1,53.69,7.08,68651,0.0,27.3,0.42,none,21.98,2.93
2026-01-10 15:00:00,S2001,2001,27.35,74.2,42.17,6.47,69969,0.0,10.9,0.28,none,11.45,2.63
2026-01-10 15:00:00,S2007,2007,28.24,78.2,49.54,6.96,70182,0.0,14.62,0.24,none,18.33,0.86
2026-01-10 15:00:00,S2009,2009,30.13,69.2,46.68,6.05,70010,0.0,22.88,0.349,none,11.96,0.38
2026-01-10 15:00:00,S2012,2012,28.8,84.1,52.01,6.81,70012,0.0,16.97,0.24,none,24.28,0.71
2026-01-10 15:00:00,S2002,2002,29.88,81.4,43.36,6.83,68323,0.0,8.77,0.24,none,19.56,0.71
2026-01-10 15:00:00,S2006,2006,28.03,84.1,40.58,6.96,72250,0.0,10.48,0.28,none,18.57,2.5
2026-01-10 15:00:00,S2019,2019,28.29,75.0,47.72,6.95,68363,0.0,10.73,0.35,none,14.86,0.55
2026-01-10 15:00:00,S2011,2011,28.14,78.0,56.99,6.95,73117,0.0,16.52,0.28,none,21.9,2.41
2026-01-10 15:00:00,S2000,2000,28.11,74.8,40.39,6.08,71043,0.0,14.93,0.42,none,11.03,3.29
2026-01-10 15:00:00,S2015,2015,28.95,77.6,43.06,6.28,71352,0.0,18.95,0.42,none,14.61,3.42
2026-01-10 15:00:00,S2003,2003,28.82,82.0,44.98,6.06,71246,0.0,9.72,0.31,none,19.09,1.26
2026-01-10 18:00:00,S2000,2000,25.16,78.9,55.08,6.52,0,0.0,15.38,0.42,none,21.66,4.33
2026-01-10 18:00:00,S2014,2014,22.92,89.6,65.88,6.76,835,0.0,29.45,0.35,none,35.62,0.45
2026-01-10 18:00:00,S2006,2006,25.06,86.2,60.89,7.19,2121,0.0,10.35,0.28,none,30.41,1.87
2026-01-10 18:00:00,S2010,2010,24.0,81.8,59.57,6.11,1465,0.0,21.96,0.42,none,26.22,3.77
2026-01-10 18:00:00,S2001,2001,23.96,94.2,60.64,6.17,0,0.0,11.02,0.28,none,36.68,1.83
2026-01-10 18:00:00,S2009,2009,22.58,88.2,70.33,6.11,0,0.0,22.89,0.35,none,36.73,0.51
2026-01-10 18:00:00,S2018,2018,24.21,85.4,65.16,6.11,0,0.0,20.82,0.31,none,31.9,1.94
2026-01-10 18:00:00,S2002,2002,23.76,90.5,52.42,6.69,2492,0.0,9.13,0.24,none,29.61,0.81
2026-01-10 18:00:00,S2008,2008,24.73,91.1,60.35,6.28,0,0.0,27.27,0.31,none,34.05,1.22
2026-01-10 18:00:00,S2004,2004,22.99,92.8,57.3,6.78,0,0.0,21.26,0.35,none,33.89,0.44
2026-01-10 18:00:00,S2007,2007,23.99,87.7,65.67,6.14,0,0.0,14.36,0.24,none,34.0,0.61
2026-01-10 18:00:00,S2012,2012,25.03,85.9,63.66,6.47,1589,0.0,17.03,0.24,none,31.55,0.84
2026-01-10 18:00:00,S2003,2003,24.97,81.9,63.03,6.4,0,0.0,10.35,0.31,none,28.04,1.4
2026-01-10 18:00:00,S2011,2011,24.0,91.3,66.02,6.58,902,0.0,16.31,0.28,none,37.05,2.23
2026-01-10 18:00:00,S2019,2019,25.5,82.1,50.27,6.17,0,0.0,10.71,0.35,none,21.81,0.6
2026-01-10 18:00:00,S2005,2005,25.75,85.4,47.63,6.82,326,0.0,27.56,0.42,none,23.14,4.34
2026-01-10 18:00:00,S2015,2015,24.71,88.5,61.44,7.2,476,0.0,18.31,0.42,none,32.52,4.17
2026-01-10 18:00:00,S2013,2013,22.91,94.9,47.88,6.53,0,0.0,26.15,0.31,none,30.86,1.56
2026-01-10 18:00:00,S2016,2016,24.13,83.3,57.2,7.06,1425,0.0,14.44,0.28,none,26.24,2.55
2026-01-10 18:00:00,S2017,2017,24.06,85.5,50.99,6.71,0,0.0,20.7,0.24,none,24.9,0.56
2026-01-10 21:00:00,S2017,2017,22.98,90.8,50.64,6.0,2438,0.0,20.52,0.24,none,28.96,0.55
2026-01-10 21:00:00,S2003,2003,23.2,87.0,51.25,7.18,1370,0.0,10.05,0.31,none,26.23,1.69
2026-01-10 21:00:00,S2015,2015,23.71,91.2,50.44,6.41,0,0.0,18.25,0.42,none,29.18,3.02
2026-01-10 21:00:00,S2011,2011,25.61,83.1,66.04,6.25,0,0.0,16.64,0.28,none,30.5,1.89
2026-01-10 21:00:00,S2014,2014,25.27,83.2,65.23,7.16,148,0.0,30.0,0.35,none,30.18,0.42
2026-01-10 21:00:00,S2018,2018,24.51,88.4,50.2,6.47,0,0.0,20.36,0.31,none,26.82,1.56
2026-01-10 21:00:00,S2019,2019,23.75,83.2,54.54,6.01,0,0.0,10.15,0.35,none,24.83,0.46
2026-01-10 21:00:00,S2013,2013,24.74,86.2,67.55,7.05,0,0.0,26.75,0.31,none,33.73,1.81
2026-01-10 21:00:00,S2007,2007,25.18,86.5,72.19,6.6,0,0.0,14.58,0.24,none,36.3,0.65
2026-01-10 21:00:00,S2008,2008,24.43,91.0,84.17,6.7,0,0.0,27.57,0.31,fungal_leaf_spot,45.89,1.97
2026-01-10 21:00:00,S2006,2006,23.73,86.0,73.43,6.08,1886,0.0,10.47,0.28,none,36.52,2.69
2026-01-10 21:00:00,S2000,2000,24.81,84.9,63.74,7.02,0,0.0,14.81,0.42,none,30.79,3.5
2026-01-10 21:00:00,S2001,2001,24.0,87.1,58.53,6.85,1623,0.0,10.88,0.28,none,29.94,2.14
2026-01-10 21:00:00,S2010,2010,25.37,83.9,55.85,6.89,198,0.0,21.54,0.42,none,26.05,4.04
2026-01-10 21:00:00,S2016,2016,24.57,88.8,45.93,6.97,0,0.0,14.36,0.28,none,25.0,1.91
2026-01-10 21:00:00,S2002,2002,25.3,84.1,78.53,7.04,0,0.0,8.79,0.24,none,37.55,0.68
2026-01-10 21:00:00,S2005,2005,23.44,92.4,57.53,6.11,1464,0.0,27.2,0.42,none,33.69,4.31
2026-01-10 21:00:00,S2009,2009,23.3,90.8,62.47,6.37,2149,0.0,22.53,0.35,none,34.88,0.56
2026-01-10 21:00:00,S2012,2012,23.99,87.6,62.46,6.02,1884,0.0,17.0,0.24,none,32.31,0.73
2026-01-10 21:00:00,S2004,2004,24.0,86.4,69.48,6.88,600,0.0,21.33,0.35,none,34.86,0.42
2026-01-11 00:00:00,S2011,2011,24.92,92.8,68.99,6.37,975,0.0,16.55,0.28,none,39.73,2.62
2026-01-11 00:00:00,S2002,2002,25.54,86.5,55.86,6.64,0,0.0,9.03,0.24,none,28.13,0.59
2026-01-11 00:00:00,S2007,2007,24.06,88.3,68.42,6.08,1146,0.0,15.2,0.24,none,35.85,0.69
2026-01-11 00:00:00,S2010,2010,24.97,84.2,52.01,6.88,1100,0.0,21.82,0.42,none,24.37,3.23
2026-01-11 00:00:00,S2008,2008,22.9,90.8,58.34,6.7,299,0.0,27.43,0.31,none,32.81,1.73
2026-01-11 00:00:00,S2016,2016,25.17,83.5,53.62,6.54,2112,0.0,14.33,0.28,none,24.61,2.33
2026-01-11 00:00:00,S2004,2004,22.96,93.1,48.98,6.78,0,0.0,21.39,0.35,none,29.97,0.5
2026-01-11 00:00:00,S2017,2017,22.77,92.4,67.79,6.98,1676,0.0,20.7,0.24,none,38.82,0.69
2026-01-11 00:00:00,S2009,2009,23.15,88.3,57.06,6.67,0,0.0,23.13,0.35,none,30.17,0.38
2026-01-11 00:00:00,S2019,2019,22.97,91.4,56.11,6.89,0,0.0,11.06,0.35,none,32.18,0.51
2026-01-11 00:00:00,S2003,2003,23.12,88.8,48.88,6.39,1787,0.0,10.27,0.31,none,26.48,1.4
2026-01-11 00:00:00,S2005,2005,23.67,85.2,57.53,6.69,0,0.0,28.56,0.42,none,27.93,4.74
2026-01-11 00:00:00,S2015,2015,23.01,85.4,58.32,6.39,641,0.0,18.84,0.42,none,28.48,4.61
2026-01-11 00:00:00,S2012,2012,23.99,83.6,57.04,7.06,0,0.0,17.59,0.24,none,26.4,0.64
2026-01-11 00:00:00,S2018,2018,24.92,83.4,57.27,6.77,312,0.0,21.2,0.31,none,26.36,1.25
2026-01-11 00:00:00,S2013,2013,24.5,84.5,52.01,6.63,1942,0.0,26.62,0.31,none,24.61,1.77
2026-01-11 00:00:00,S2014,2014,25.1,86.2,61.63,6.35,817,0.0,29.87,0.35,none,30.78,0.55
2026-01-11 00:00:00,S2006,2006,24.84,85.4,60.69,6.04,1890,0.0,10.77,0.28,none,29.67,2.72
2026-01-11 00:00:00,S2001,2001,22.87,87.4,47.1,6.51,0,0.0,11.69,0.28,none,24.47,2.23
2026-01-11 00:00:00,S2000,2000,22.5,96.6,51.16,6.52,1354,0.0,14.9,0.42,none,33.86,4.41
2026-01-11 03:00:00,S2009,2009,22.3,94.4,64.7,6.76,1793,0.0,23.09,0.35,none,38.87,0.39
2026-01-11 03:00:00,S2005,2005,24.65,89.3,56.87,6.93,0,0.0,28.42,0.42,none,30.87,3.79
2026-01-11 03:00:00,S2015,2015,23.22,93.5,59.5,6.97,0,0.0,18.99,0.42,none,35.55,4.52
2026-01-11 03:00:00,S2014,2014,22.81,89.2,57.11,6.48,0,0.0,30.12,0.35,none,30.92,0.51
2026-01-11 03:00:00,S2003,2003,23.53,88.2,65.11,6.97,0,0.0,10.25,0.31,none,34.12,1.9
2026-01-11 03:00:00,S2017,2017,25.21,83.7,65.87,6.95,576,0.0,21.01,0.24,none,30.9,0.62
2026-01-11 03:00:00,S2011,2011,25.48,88.0,53.71,7.02,0,0.0,16.69,0.28,none,28.26,2.38
2026-01-11 03:00:00,S2006,2006,22.77,92.3,69.96,6.42,1115,0.0,10.6,0.28,none,39.82,2.85
2026-01-11 03:00:00,S2002,2002,23.3,93.6,65.91,7.03,1415,0.0,9.35,0.24,none,38.83,0.67
2026-01-11 03:00:00,S2012,2012,23.36,90.2,49.98,6.6,2007,0.0,16.98,0.24,none,28.15,0.55
2026-01-11 03:00:00,S2000,2000,22.99,91.7,58.18,6.8,0,0.0,15.26,0.42,none,33.45,4.29
2026-01-11 03:00:00,S2008,2008,23.56,82.9,61.18,6.37,1552,0.0,28.0,0.31,none,27.91,1.72
2026-01-11 03:00:00,S2013,2013,22.39,88.2,69.28,7.12,169,0.0,26.62,0.31,none,36.2,1.82
2026-01-11 03:00:00,S2018,2018,25.51,84.4,52.93,6.78,0,0.0,21.23,0.31,none,24.99,1.42
2026-01-11 03:00:00,S2007,2007,23.67,91.7,62.8,6.22,0,0.0,14.82,0.24,none,35.76,0.56
2026-01-11 03:00:00,S2019,2019,24.82,80.4,50.07,6.62,0,0.0,11.4,0.35,none,20.36,0.61
2026-01-11 03:00:00,S2010,2010,23.03,93.0,60.51,6.63,1957,0.0,22.07,0.42,none,35.66,4.13
2026-01-11 03:00:00,S2001,2001,22.87,92.4,61.7,6.73,0,0.0,11.46,0.28,none,35.77,2.02
2026-01-11 03:00:00,S2004,2004,25.06,87.9,70.96,6.86,1117,0.0,20.78,0.35,none,36.8,0.59
2026-01-11 03:00:00,S2016,2016,24.49,87.5,68.59,6.77,1435,0.0,14.71,0.28,none,35.3,2.68
2026-01-11 06:00:00,S2002,2002,24.66,84.0,65.11,6.93,0,0.0,9.15,0.24,none,30.76,0.6
2026-01-11 06:00:00,S2018,2018,24.86,86.5,43.01,6.51,1763,0.0,20.44,0.31,none,21.71,2.0
2026-01-11 06:00:00,S2007,2007,23.27,91.6,62.21,6.66,0,0.0,14.63,0.24,none,35.38,0.77
2026-01-11 06:00:00,S2015,2015,22.5,94.6,50.5,7.13,749,0.0,19.57,0.42,none,31.93,4.58
2026-01-11 06:00:00,S2019,2019,22.42,85.6,77.94,6.61,0,0.0,10.78,0.35,none,38.45,0.39
2026-01-11 06:00:00,S2014,2014,25.64,85.3,59.08,7.17,0,0.0,30.42,0.35,none,28.78,0.53
2026-01-11 06:00:00,S2016,2016,23.03,86.6,63.84,6.51,0,0.0,14.29,0.28,none,32.2,2.33
2026-01-11 06:00:00,S2017,2017,24.71,89.4,65.53,6.04,345,0.0,20.7,0.24,none,35.29,0.74
2026-01-11 06:00:00,S2011,2011,24.65,83.0,56.12,6.07,655,0.0,16.49,0.28,none,25.46,2.47
2026-01-11 06:00:00,S2001,2001,22.52,88.5,66.5,6.38,1905,0.0,11.26,0.28,none,35.05,2.06
2026-01-11 06:00:00,S2009,2009,24.53,83.1,67.33,7.15,0,0.0,23.12,0.35,none,31.14,0.46
2026-01-11 06:00:00,S2006,2006,23.87,86.3,63.16,6.31,0,0.0,10.94,0.28,none,31.62,2.45
2026-01-11 06:00:00,S2004,2004,23.74,86.4,60.36,6.48,1109,0.0,21.28,0.35,none,30.3,0.38
2026-01-11 06:00:00,S2005,2005,23.6,89.2,57.15,6.43,1430,0.0,27.97,0.42,none,30.94,3.11
2026-01-11 06:00:00,S2013,2013,23.59,89.2,53.32,6.39,1454,0.0,26.59,0.31,none,29.02,1.94
2026-01-11 06:00:00,S2012,2012,24.94,92.0,67.95,6.96,1742,0.0,17.44,0.24,none,38.58,0.85
2026-01-11 06:00:00,S2010,2010,23.04,87.9,63.93,7.03,0,0.0,21.94,0.42,none,33.29,4.43
2026-01-11 06:00:00,S2008,2008,23.61,86.3,54.16,6.28,983,0.0,27.73,0.31,none,27.12,1.58
2026-01-11 06:00:00,S2000,2000,23.63,86.1,60.48,6.45,0,0.0,15.01,0.42,none,30.12,4.2
2026-01-11 06:00:00,S2003,2003,22.46,92.0,59.22,6.46,0,0.0,10.44,0.31,none,34.21,1.72
2026-01-11 09:00:00,S2012,2012,29.34,75.2,40.08,6.46,71309,2.41,17.36,0.24,none,11.88,0.64
2026-01-11 09:00:00,S2018,2018,29.33,77.3,57.17,6.31,71375,0.0,21.01,0.31,none,22.08,1.81
2026-01-11 09:00:00,S2015,2015,28.56,84.7,58.58,7.16,72051,0.0,18.68,0.42,none,28.05,3.9
2026-01-11 09:00:00,S2004,2004,27.44,79.2,55.88,6.88,72377,0.0,21.55,0.35,none,22.3,0.39
2026-01-11 09:00:00,S2000,2000,29.33,79.5,40.29,7.09,68934,0.0,15.39,0.42,none,15.4,2.94
2026-01-11 09:00:00,S2016,2016,28.68,73.1,59.44,6.37,69391,0.0,14.26,0.28,none,19.2,2.78
2026-01-11 09:00:00,S2005,2005,29.15,74.3,44.28,6.5,72679,0.0,28.62,0.42,none,12.88,4.19
2026-01-11 09:00:00,S2014,2014,28.02,83.6,53.39,6.26,69229,0.0,29.83,0.35,none,24.57,0.44
2026-01-11 09:00:00,S2019,2019,28.29,79.1,42.36,6.8,72052,0.0,11.45,0.35,none,15.46,0.51
2026-01-11 09:00:00,S2002,2002,29.68,73.3,51.26,6.56,71682,0.0,8.98,0.24,none,16.63,0.84
2026-01-11 09:00:00,S2007,2007,28.27,75.6,56.95,6.93,68259,0.0,15.14,0.24,none,19.95,0.59
2026-01-11 09:00:00,S2010,2010,29.51,81.0,53.16,6.5,69320,0.0,21.5,0.42,none,23.4,4.26
2026-01-11 09:00:00,S2008,2008,30.03,77.7,54.03,7.09,69354,0.0,27.81,0.31,none,22.24,1.71
2026-01-11 09:00:00,S2013,2013,29.41,79.4,48.87,7.05,68415,0.0,26.42,0.31,none,19.78,1.69
2026-01-11 09:00:00,S2009,2009,28.05,76.3,40.37,6.13,71221,0.0,22.75,0.35,none,12.22,0.59
2026-01-11 09:00:00,S2006,2006,29.68,79.9,63.52,6.97,69629,0.0,11.22,0.28,none,28.04,2.37
2026-01-11 09:00:00,S2003,2003,27.94,74.6,45.29,7.01,73203,0.0,10.28,0.31,none,13.32,1.56
2026-01-11 09:00:00,S2017,2017,27.63,76.3,42.17,6.26,69013,0.0,21.15,0.24,none,13.12,0.55
2026-01-11 09:00:00,S2001,2001,29.32,72.0,40.9,6.62,71766,2.34,11.06,0.28,none,9.69,1.98
2026-01-11 09:00:00,S2011,2011,28.45,75.1,62.81,7.01,68890,0.0,16.34,0.28,none,22.48,1.88
2026-01-11 12:00:00,S2017,2017,32.39,70.0,61.26,7.14,97707,0.0,20.52,0.232,none,24.41,0.79
2026-01-11 12:00:00,S2005,2005,31.21,75.7,37.23,6.61,99370,2.55,28.55,0.413,none,14.6,4.43
2026-01-11 12:00:00,S2010,2010,30.43,78.6,47.59,6.6,99407,0.0,21.71,0.418,none,20.53,4.01
2026-01-11 12:00:00,S2018,2018,30.32,69.0,58.36,6.63,100539,0.0,21.09,0.309,none,18.02,1.28
2026-01-11 12:00:00,S2001,2001,30.84,72.5,55.35,6.77,98520,0.0,11.47,0.277,none,20.36,2.02
2026-01-11 12:00:00,S2002,2002,29.76,78.8,40.24,6.95,97900,1.61,9.39,0.24,none,15.68,0.65
2026-01-11 12:00:00,S2006,2006,29.64,80.6,42.69,6.19,101481,0.0,10.76,0.28,none,18.1,2.16
2026-01-11 12:00:00,S2016,2016,30.4,74.5,34.07,6.05,99161,2.62,14.38,0.276,none,10.43,2.19
2026-01-11 12:00:00,S2011,2011,31.92,70.2,43.28,7.19,97565,2.41,16.83,0.273,none,14.64,2.51
2026-01-11 12:00:00,S2012,2012,31.38,69.2,39.81,6.57,97944,2.45,17.27,0.235,none,11.03,0.8
2026-01-11 12:00:00,S2007,2007,32.53,67.3,42.52,7.04,100649,2.48,14.95,0.232,none,13.16,0.71
2026-01-11 12:00:00,S2019,2019,32.24,75.0,40.4,6.57,98838,1.7,10.48,0.339,none,17.68,0.57
2026-01-11 12:00:00,S2009,2009,31.27,71.0,43.27,6.79,100328,0.0,23.58,0.344,none,13.98,0.6
2026-01-11 12:00:00,S2004,2004,29.98,68.5,47.92,6.2,99654,0.0,21.42,0.35,none,11.72,0.51
2026-01-11 12:00:00,S2003,2003,31.21,77.2,44.28,6.09,102000,0.0,10.28,0.305,none,19.32,1.65
2026-01-11 12:00:00,S2014,2014,31.63,74.0,45.98,6.73,98993,0.0,30.7,0.342,none,18.45,0.53
2026-01-11 12:00:00,S2008,2008,31.48,74.4,47.27,6.09,97669,0.0,27.99,0.304,none,19.12,1.35
2026-01-11 12:00:00,S2000,2000,29.77,71.6,43.67,6.21,101329,0.0,16.07,0.42,none,11.65,4.33
2026-01-11 12:00:00,S2015,2015,30.79,75.7,46.76,6.62,97782,0.0,18.65,0.415,none,18.52,3.2
2026-01-11 12:00:00,S2013,2013,30.06,71.7,41.39,6.92,100642,2.42,27.09,0.31,none,11.18,1.96
2026-01-11 15:00:00,S2012,2012,28.63,74.4,44.43,6.91,68940,0.0,17.25,0.24,none,12.74,0.69
2026-01-11 15:00:00,S2003,2003,28.02,75.5,42.67,6.63,68773,0.0,9.85,0.31,none,12.74,1.57
2026-01-11 15:00:00,S2018,2018,29.98,72.6,48.66,6.73,72836,0.0,21.24,0.31,none,15.37,1.63
2026-01-11 15:00:00,S2002,2002,29.11,73.7,48.04,7.18,71082,0.0,9.18,0.24,none,14.2,0.68
2026-01-11 15:00:00,S2011,2011,27.47,79.6,57.44,6.09,68590,0.0,16.2,0.28,none,23.4,1.97
2026-01-11 15:00:00,S2015,2015,28.86,76.5,54.44,6.78,73039,0.0,19.46,0.42,none,19.42,3.14
2026-01-11 15:00:00,S2010,2010,27.81,78.9,49.52,6.24,68375,0.0,22.54,0.42,none,18.88,4.42
2026-01-11 15:00:00,S2006,2006,29.96,78.6,41.93,7.17,69241,0.0,10.91,0.28,none,16.76,2.5
2026-01-11 15:00:00,S2008,2008,30.48,71.5,39.87,6.44,69500,2.42,27.85,0.308,none,11.1,1.58
2026-01-11 15:00:00,S2000,2000,29.24,74.5,50.09,6.91,71767,0.0,15.74,0.42,none,16.12,3.92
2026-01-11 15:00:00,S2016,2016,29.63,75.5,45.34,6.66,72816,0.0,14.73,0.28,none,15.33,2.75
2026-01-11 15:00:00,S2004,2004,28.97,74.2,35.33,7.15,71440,2.52,21.11,0.35,none,8.03,0.51
2026-01-11 15:00:00,S2017,2017,30.35,71.6,33.61,6.7,71480,2.68,20.73,0.236,none,7.78,0.7
2026-01-11 15:00:00,S2005,2005,29.54,71.2,59.08,6.72,70964,0.0,28.61,0.42,none,18.58,3.96
2026-01-11 15:00:00,S2007,2007,27.58,79.8,75.5,6.79,69750,0.0,14.56,0.24,none,32.59,0.63
2026-01-11 15:00:00,S2014,2014,28.28,75.0,40.45,6.13,69820,0.0,30.39,0.35,none,11.23,0.56
2026-01-11 15:00:00,S2009,2009,28.34,81.1,51.04,6.82,68284,0.0,22.93,0.35,none,21.4,0.38
2026-01-11 15:00:00,S2019,2019,29.45,74.3,55.43,6.78,69857,0.0,11.27,0.35,none,19.05,0.48
2026-01-11 15:00:00,S2001,2001,28.97,77.9,41.69,6.52,68522,0.0,11.53,0.28,none,14.17,2.95
2026-01-11 15:00:00,S2013,2013,29.02,80.5,62.47,7.06,69269,0.0,27.22,0.31,none,26.68,1.85
2026-01-11 18:00:00,S2000,2000,25.23,86.3,65.92,6.06,528,0.0,16.07,0.42,none,33.0,4.48
2026-01-11 18:00:00,S2004,2004,24.28,91.1,54.42,6.15,0,0.0,21.47,0.35,none,31.09,0.41
2026-01-11 18:00:00,S2001,2001,23.34,86.8,49.59,6.54,1519,0.0,11.71,0.28,none,25.23,2.16
2026-01-11 18:00:00,S2019,2019,23.4,85.3,63.42,6.86,1949,0.0,10.68,0.35,none,30.95,0.38
2026-01-11 18:00:00,S2012,2012,23.4,83.8,47.97,6.19,0,0.0,16.93,0.24,none,22.02,0.84
2026-01-11 18:00:00,S2015,2015,22.76,90.9,67.01,6.95,743,0.0,18.78,0.42,none,37.23,2.97
2026-01-11 18:00:00,S2013,2013,23.8,86.4,63.02,6.91,0,0.0,26.67,0.31,none,31.63,1.9
2026-01-11 18:00:00,S2014,2014,24.58,89.7,55.09,6.97,0,0.0,30.67,0.35,none,30.31,0.42
2026-01-11 18:00:00,S2009,2009,22.54,96.1,66.35,7.19,1337,0.0,23.56,0.35,none,41.05,0.53
2026-01-11 18:00:00,S2016,2016,22.95,91.7,58.97,6.4,1140,0.0,14.86,0.28,none,33.84,2.0
2026-01-11 18:00:00,S2007,2007,24.72,87.4,53.92,6.63,0,0.0,14.76,0.24,none,27.88,0.68
2026-01-11 18:00:00,S2017,2017,23.57,93.1,51.3,6.82,437,0.0,21.03,0.24,none,31.13,0.74
2026-01-11 18:00:00,S2005,2005,24.06,91.1,45.18,6.45,1764,0.0,28.58,0.42,none,26.47,3.59
2026-01-11 18:00:00,S2003,2003,24.61,86.1,45.51,6.94,0,0.0,10.6,0.31,none,22.63,1.38
2026-01-11 18:00:00,S2018,2018,24.22,83.2,47.58,6.68,687,0.0,20.77,0.31,none,21.35,1.49
2026-01-11 18:00:00,S2010,2010,22.49,88.0,55.74,6.29,1366,0.0,21.43,0.42,none,29.27,3.94
2026-01-11 18:00:00,S2011,2011,25.57,91.1,65.02,6.17,1704,0.0,16.99,0.28,none,36.39,2.49
2026-01-11 18:00:00,S2008,2008,22.84,90.9,54.61,6.23,232,0.0,27.44,0.31,none,31.03,1.39
2026-01-11 18:00:00,S2002,2002,24.44,87.2,48.15,6.58,0,0.0,8.88,0.24,none,24.84,0.81
2026-01-11 18:00:00,S2006,2006,24.37,86.8,58.84,6.66,1396,0.0,10.66,0.28,none,29.86,2.44
2026-01-11 21:00:00,S2011,2011,24.99,89.6,67.08,6.69,0,0.0,16.55,0.28,none,36.22,2.12
2026-01-11 21:00:00,S2006,2006,22.72,91.3,50.6,6.46,0,0.0,10.78,0.28,none,29.34,2.47
2026-01-11 21:00:00,S2002,2002,24.3,90.0,51.79,6.14,441,0.0,9.36,0.24,none,28.89,0.81
2026-01-11 21:00:00,S2019,2019,24.19,85.3,54.16,6.34,0,0.0,10.59,0.35,none,26.32,0.51
2026-01-11 21:00:00,S2003,2003,24.51,91.4,55.68,6.56,0,0.0,10.57,0.31,none,31.96,1.76
2026-01-11 21:00:00,S2018,2018,24.4,88.2,57.7,6.84,0,0.0,20.74,0.31,none,30.41,1.41
2026-01-11 21:00:00,S2014,2014,23.98,87.0,55.32,6.17,0,0.0,30.07,0.35,none,28.26,0.44
2026-01-11 21:00:00,S2017,2017,24.35,85.6,52.68,6.24,679,0.0,20.92,0.24,none,25.82,0.67
2026-01-11 21:00:00,S2000,2000,24.05,83.2,62.69,6.79,1591,0.0,15.83,0.42,none,28.91,3.09
2026-01-11 21:00:00,S2016,2016,23.73,90.6,60.09,6.83,0,0.0,14.86,0.28,none,33.52,2.64
2026-01-11 21:00:00,S2004,2004,22.72,89.3,54.47,6.76,197,0.0,20.86,0.35,none,29.67,0.42
2026-01-11 21:00:00,S2009,2009,25.4,86.7,50.97,6.74,1272,0.0,23.33,0.35,none,25.85,0.39
2026-01-11 21:00:00,S2013,2013,25.07,91.3,61.05,6.01,2097,0.0,27.23,0.31,none,34.56,1.41
2026-01-11 21:00:00,S2015,2015,24.97,82.3,49.25,6.35,1474,0.0,19.42,0.42,none,21.46,4.29
2026-01-11 21:00:00,S2007,2007,22.31,88.4,62.25,6.06,854,0.0,14.86,0.24,none,32.85,0.64
2026-01-11 21:00:00,S2005,2005,25.73,85.4,56.3,6.87,0,0.0,27.67,0.42,none,27.47,3.29
2026-01-11 21:00:00,S2012,2012,23.71,90.2,59.67,6.74,0,0.0,17.28,0.24,none,33.0,0.83
2026-01-11 21:00:00,S2001,2001,23.47,86.2,54.82,7.09,433,0.0,10.94,0.28,none,27.37,2.61
2026-01-11 21:00:00,S2008,2008,23.53,83.0,81.12,6.04,11,0.0,27.93,0.31,none,37.96,1.46
2026-01-11 21:00:00,S2010,2010,24.5,89.1,59.17,6.36,0,0.0,22.59,0.42,none,31.86,4.52
2026-01-12 00:00:00,S2014,2014,22.97,93.1,57.43,6.37,0,0.0,30.85,0.35,none,34.19,0.61
2026-01-12 00:00:00,S2005,2005,25.08,83.0,67.31,6.97,0,0.0,27.91,0.42,none,31.06,4.65
2026-01-12 00:00:00,S2010,2010,23.75,92.1,58.93,6.52,1059,0.0,22.74,0.42,none,34.14,3.07
2026-01-12 00:00:00,S2001,2001,22.88,91.1,55.76,6.03,0,0.0,11.57,0.28,none,31.76,2.41
2026-01-12 00:00:00,S2017,2017,24.06,83.7,50.05,6.64,0,0.0,21.36,0.24,none,22.99,0.58
2026-01-12 00:00:00,S2012,2012,22.88,92.7,67.73,6.19,1419,0.0,17.82,0.24,none,39.03,0.78
2026-01-12 00:00:00,S2002,2002,23.89,89.8,51.69,7.15,2117,0.0,9.05,0.24,none,28.68,0.8
2026-01-12 00:00:00,S2003,2003,25.14,88.6,43.31,7.06,0,0.0,10.35,0.31,none,23.53,1.78
2026-01-12 00:00:00,S2004,2004,24.79,90.9,60.68,6.63,2191,0.0,22.12,0.35,none,34.06,0.54
2026-01-12 00:00:00,S2018,2018,25.4,88.6,71.72,6.82,233,0.0,21.28,0.31,none,37.74,1.42
2026-01-12 00:00:00,S2016,2016,22.85,85.6,74.18,6.77,0,0.0,14.96,0.28,none,36.57,2.64
2026-01-12 00:00:00,S2011,2011,23.03,85.1,64.52,6.31,1185,0.0,16.76,0.28,none,31.34,2.39
2026-01-12 00:00:00,S2009,2009,23.74,91.8,44.1,6.29,461,0.0,23.44,0.35,none,26.49,0.57
2026-01-12 00:00:00,S2013,2013,25.49,85.9,64.0,6.48,0,0.0,26.94,0.31,none,31.72,1.41
2026-01-12 00:00:00,S2015,2015,24.26,89.7,54.83,6.46,398,0.0,19.27,0.42,none,30.18,2.97
2026-01-12 00:00:00,S2008,2008,24.83,85.5,53.14,6.26,130,0.0,27.99,0.31,none,25.97,1.62
2026-01-12 00:00:00,S2007,2007,22.9,90.4,54.09,6.22,1462,0.0,14.98,0.24,none,30.37,0.72
2026-01-12 00:00:00,S2000,2000,24.13,86.0,62.87,6.51,0,0.0,16.27,0.42,none,31.23,3.06
2026-01-12 00:00:00,S2019,2019,24.35,81.6,60.2,7.17,0,0.0,11.09,0.35,none,26.38,0.46
2026-01-12 00:00:00,S2006,2006,24.56,87.6,61.31,6.72,1584,0.0,11.01,0.28,none,31.73,2.76
2026-01-12 03:00:00,S2019,2019,24.46,85.4,68.24,7.06,0,0.0,11.49,0.35,none,33.44,0.51
2026-01-12 03:00:00,S2016,2016,23.57,85.9,56.47,6.94,824,0.0,14.85,0.28,none,27.96,2.28
2026-01-12 03:00:00,S2002,2002,24.35,89.0,60.76,7.18,0,0.0,9.57,0.24,none,32.58,0.59
2026-01-12 03:00:00,S2015,2015,22.78,95.4,51.04,6.8,0,0.0,19.62,0.42,none,32.84,3.27
2026-01-12 03:00:00,S2012,2012,23.42,88.7,55.15,6.09,2082,0.0,17.38,0.24,none,29.54,0.84
2026-01-12 03:00:00,S2004,2004,25.81,85.3,60.72,6.1,0,0.0,21.27,0.35,none,29.6,0.57
2026-01-12 03:00:00,S2011,2011,24.52,86.3,50.31,6.82,2455,0.0,16.81,0.28,none,25.2,2.5
2026-01-12 03:00:00,S2003,2003,24.6,81.2,47.18,6.91,698,0.0,10.2,0.31,none,19.55,1.53
2026-01-12 03:00:00,S2000,2000,24.07,88.7,68.15,6.35,369,0.0,15.33,0.42,none,36.04,3.82
2026-01-12 03:00:00,S2017,2017,25.03,88.1,62.47,6.65,206,0.0,20.85,0.24,none,32.71,0.85
2026-01-12 03:00:00,S2013,2013,25.61,85.8,69.65,6.86,1817,0.0,27.24,0.31,none,34.47,1.47
2026-01-12 03:00:00,S2006,2006,24.59,80.4,45.31,6.56,352,0.0,11.06,0.28,none,17.98,2.56
2026-01-12 03:00:00,S2008,2008,25.43,85.3,69.72,6.62,0,0.0,28.08,0.31,none,34.1,1.24
2026-01-12 03:00:00,S2018,2018,22.52,94.1,67.67,6.92,307,0.0,20.96,0.31,none,40.11,1.84
2026-01-12 03:00:00,S2014,2014,23.74,91.2,44.84,6.75,0,0.0,30.84,0.35,none,26.38,0.62
2026-01-12 03:00:00,S2010,2010,24.41,82.1,54.22,6.22,444,0.0,22.08,0.42,none,23.79,3.16
2026-01-12 03:00:00,S2001,2001,25.34,87.9,53.14,6.32,1368,0.0,11.76,0.28,none,27.89,2.57
2026-01-12 03:00:00,S2009,2009,24.04,92.2,46.18,6.26,0,0.0,23.0,0.35,none,27.85,0.41
2026-01-12 03:00:00,S2005,2005,22.52,86.3,54.43,6.8,1227,0.0,28.67,0.42,none,27.25,3.9
2026-01-12 03:00:00,S2007,2007,22.7,88.7,61.51,6.25,0,0.0,15.36,0.24,none,32.72,0.69
2026-01-12 06:00:00,S2001,2001,25.43,82.1,66.57,7.03,0,0.0,11.61,0.28,none,29.96,2.29
2026-01-12 06:00:00,S2013,2013,24.43,88.6,61.12,6.11,1399,0.0,26.83,0.31,none,32.44,1.22
2026-01-12 06:00:00,S2015,2015,24.37,80.9,62.15,6.1,0,0.0,19.67,0.42,none,26.8,3.31
2026-01-12 06:00:00,S2012,2012,22.82,86.0,51.23,6.51,1070,0.0,17.34,0.24,none,25.41,0.55
2026-01-12 06:00:00,S2017,2017,22.58,87.3,57.91,6.13,0,0.0,21.37,0.24,none,29.79,0.7
2026-01-12 06:00:00,S2008,2008,24.27,87.5,68.57,6.43,964,0.0,27.66,0.31,none,35.28,1.55
2026-01-12 06:00:00,S2010,2010,25.67,89.2,57.44,6.72,0,0.0,22.97,0.42,none,31.08,3.55
2026-01-12 06:00:00,S2005,2005,25.57,82.4,60.4,6.35,0,0.0,27.98,0.42,none,27.12,4.73
2026-01-12 06:00:00,S2007,2007,24.11,82.2,62.53,6.43,38,0.0,15.42,0.24,none,28.03,0.62
2026-01-12 06:00:00,S2009,2009,23.71,88.5,78.07,6.34,0,0.0,23.42,0.35,none,40.83,0.51
2026-01-12 06:00:00,S2004,2004,22.83,88.8,55.61,6.15,1621,0.0,21.11,0.35,none,29.84,0.38
2026-01-12 06:00:00,S2000,2000,24.69,86.9,55.65,6.03,0,0.0,15.51,0.42,none,28.35,3.86
2026-01-12 06:00:00,S2016,2016,22.36,92.2,52.78,6.98,0,0.0,14.99,0.28,none,31.15,2.88
2026-01-12 06:00:00,S2014,2014,24.03,85.2,48.38,6.82,0,0.0,30.68,0.35,none,23.35,0.43
2026-01-12 06:00:00,S2006,2006,23.84,91.4,58.64,6.23,0,0.0,11.12,0.28,none,33.44,1.98
2026-01-12 06:00:00,S2003,2003,25.29,80.8,46.64,6.82,1832,0.0,10.94,0.31,none,18.96,1.21
2026-01-12 06:00:00,S2019,2019,22.52,92.0,55.15,6.43,0,0.0,10.74,0.35,none,32.17,0.4
2026-01-12 06:00:00,S2011,2011,23.38,85.1,51.55,6.43,0,0.0,16.63,0.28,none,24.85,1.96
2026-01-12 06:00:00,S2002,2002,25.12,86.3,58.71,6.68,1483,0.0,9.06,0.24,none,29.39,0.59
2026-01-12 06:00:00,S2018,2018,24.2,91.8,62.63,6.08,985,0.0,21.53,0.31,none,35.75,1.99
2026-01-12 09:00:00,S2010,2010,27.28,78.8,41.78,6.62,70056,0.0,21.83,0.42,none,14.93,4.08
2026-01-12 09:00:00,S2017,2017,29.7,82.1,55.1,6.35,70952,0.0,21.31,0.24,none,25.63,0.73
2026-01-12 09:00:00,S2005,2005,29.22,76.0,45.64,6.19,71027,0.0,28.92,0.42,none,15.06,3.79
2026-01-12 09:00:00,S2003,2003,30.56,73.0,44.33,7.17,70568,0.0,10.48,0.308,none,14.68,1.78
2026-01-12 09:00:00,S2015,2015,28.06,82.0,42.45,6.97,71352,0.0,19.09,0.42,none,17.83,4.55
2026-01-12 09:00:00,S2019,2019,27.64,79.2,39.88,6.91,70198,1.56,11.19,0.35,none,14.3,0.57
2026-01-12 09:00:00,S2012,2012,30.59,73.2,37.1,7.08,70304,2.52,17.41,0.238,none,11.29,0.86
2026-01-12 09:00:00,S2008,2008,29.5,80.3,49.46,6.24,71345,0.0,27.93,0.31,none,20.97,1.74
2026-01-12 09:00:00,S2014,2014,28.25,84.5,36.88,6.61,72768,3.27,30.81,0.35,none,17.04,0.62
2026-01-12 09:00:00,S2000,2000,29.78,80.9,52.68,6.75,69551,0.0,15.34,0.42,none,23.62,3.79
2026-01-12 09:00:00,S2002,2002,28.88,79.5,69.28,7.07,68434,0.0,9.3,0.24,none,29.24,0.77
2026-01-12 09:00:00,S2004,2004,29.52,77.7,48.77,7.04,71837,0.0,21.86,0.35,none,18.59,0.38
2026-01-12 09:00:00,S2007,2007,29.52,76.1,50.04,7.03,71916,0.0,15.09,0.24,none,17.94,0.58
2026-01-12 09:00:00,S2018,2018,28.84,77.0,53.83,7.18,72908,0.0,20.81,0.31,none,19.52,1.54
2026-01-12 09:00:00,S2013,2013,29.63,73.0,50.13,6.03,70195,0.0,27.64,0.31,none,15.72,1.75
2026-01-12 09:00:00,S2016,2016,29.81,77.5,69.06,6.55,70762,0.0,14.84,0.28,none,29.15,2.04
2026-01-12 09:00:00,S2011,2011,27.32,81.6,53.84,6.18,70937,0.0,16.57,0.28,none,23.2,2.29
2026-01-12 09:00:00,S2009,2009,28.34,74.2,52.52,6.72,70389,0.0,23.92,0.35,none,16.62,0.52
2026-01-12 09:00:00,S2001,2001,28.96,79.8,47.46,6.47,68706,0.0,11.78,0.28,none,18.57,2.94
2026-01-12 09:00:00,S2006,2006,29.11,71.4,33.15,6.18,69636,2.55,11.35,0.276,none,4.92,2.1
2026-01-12 12:00:00,S2010,2010,29.15,73.7,40.13,6.4,100645,2.42,22.75,0.42,none,10.33,4.26
2026-01-12 12:00:00,S2005,2005,29.36,74.1,38.69,6.42,99206,2.43,28.78,0.42,none,10.34,2.92
2026-01-12 12:00:00,S2014,2014,29.55,81.7,43.25,6.49,100996,0.0,30.14,0.35,none,19.09,0.56
2026-01-12 12:00:00,S2017,2017,31.1,74.5,39.56,6.41,98026,2.49,21.48,0.236,none,14.58,0.6
2026-01-12 12:00:00,S2011,2011,30.79,71.5,46.46,6.86,101793,0.0,16.85,0.277,none,15.01,2.26
2026-01-12 12:00:00,S2008,2008,30.27,74.8,36.95,6.46,98740,2.54,27.92,0.309,none,11.85,1.61
2026-01-12 12:00:00,S2016,2016,31.96,73.5,36.99,6.13,101808,2.6,14.99,0.273,none,14.22,2.41
2026-01-12 12:00:00,S2009,2009,31.4,70.5,45.79,7.14,98564,0.0,23.99,0.343,none,15.09,0.38
2026-01-12 12:00:00,S2003,2003,32.18,70.0,36.79,6.2,98393,1.76,10.38,0.301,none,11.75,1.9
2026-01-12 12:00:00,S2013,2013,30.08,74.2,65.38,6.27,101027,0.0,26.65,0.31,none,25.21,1.53
2026-01-12 12:00:00,S2007,2007,30.96,72.5,54.8,6.75,98194,0.0,15.48,0.237,none,20.32,0.78
2026-01-12 12:00:00,S2015,2015,29.62,75.6,31.68,6.77,98962,2.68,19.44,0.409,none,8.56,2.83
2026-01-12 12:00:00,S2001,2001,31.34,70.5,42.58,7.12,101532,2.38,11.66,0.275,none,13.37,1.91
2026-01-12 12:00:00,S2000,2000,30.73,74.0,33.37,6.86,99683,2.64,15.79,0.411,none,10.35,4.29
2026-01-12 12:00:00,S2012,2012,31.11,76.1,30.45,6.92,97827,2.81,17.24,0.228,none,11.32,0.64
2026-01-12 12:00:00,S2002,2002,30.82,71.8,43.22,6.44,99609,1.59,8.97,0.237,none,13.69,0.62
2026-01-12 12:00:00,S2006,2006,30.4,78.5,36.87,6.6,99056,2.57,11.02,0.278,none,15.03,2.37
2026-01-12 12:00:00,S2019,2019,30.58,70.1,57.12,6.79,98874,0.0,11.47,0.347,none,18.8,0.38
2026-01-12 12:00:00,S2004,2004,31.51,67.2,48.35,6.87,98083,0.0,21.57,0.343,none,13.96,0.49
2026-01-12 12:00:00,S2018,2018,32.35,74.3,37.54,6.39,101443,2.57,20.86,0.3,none,15.91,1.68
2026-01-12 15:00:00,S2002,2002,30.27,72.1,45.72,6.19,72343,0.0,9.35,0.239,none,14.08,0.86
2026-01-12 15:00:00,S2016,2016,28.28,76.0,39.13,6.39,70128,0.0,14.91,0.28,none,11.37,1.84
2026-01-12 15:00:00,S2000,2000,27.99,81.1,60.56,7.04,69396,0.0,16.49,0.42,none,26.16,4.19
2026-01-12 15:00:00,S2019,2019,27.36,82.0,49.36,6.34,72204,0.0,10.87,0.35,none,21.28,0.5
2026-01-12 15:00:00,S2006,2006,29.89,77.1,44.61,6.6,68547,0.0,11.3,0.28,none,16.76,2.43
2026-01-12 15:00:00,S2012,2012,29.59,73.5,51.42,6.6,72102,0.0,17.73,0.24,none,16.69,0.73
2026-01-12 15:00:00,S2014,2014,29.39,75.3,55.11,7.14,70181,0.0,30.44,0.35,none,19.57,0.52
2026-01-12 15:00:00,S2005,2005,27.25,79.5,47.63,6.69,70406,0.0,29.13,0.42,none,18.42,4.11
2026-01-12 15:00:00,S2003,2003,27.81,83.5,54.24,6.23,72413,0.0,10.35,0.31,none,24.92,1.39
2026-01-12 15:00:00,S2004,2004,30.1,70.1,41.16,6.08,72595,2.38,22.13,0.35,none,9.86,0.46
2026-01-12 15:00:00,S2008,2008,29.48,75.4,46.34,6.96,70934,0.0,27.66,0.31,none,15.45,1.71
2026-01-12 15:00:00,S2011,2011,28.14,77.0,54.41,7.07,73009,0.0,16.57,0.28,none,19.8,2.97
2026-01-12 15:00:00,S2017,2017,29.42,73.1,71.41,6.78,68718,0.0,21.21,0.24,none,26.02,0.86
2026-01-12 15:00:00,S2009,2009,27.94,76.0,67.37,6.71,70615,0.0,22.89,0.35,none,25.49,0.46
2026-01-12 15:00:00,S2015,2015,29.79,77.5,66.99,6.55,72963,0.0,19.27,0.42,none,28.07,3.0
2026-01-12 15:00:00,S2013,2013,27.41,81.3,40.45,6.8,72495,0.0,27.61,0.31,none,16.27,1.27
2026-01-12 15:00:00,S2010,2010,27.57,81.9,52.76,6.95,69706,0.0,22.84,0.42,none,22.9,4.22
2026-01-12 15:00:00,S2007,2007,29.73,74.2,35.75,7.03,69635,2.58,15.02,0.24,none,9.7,0.61
2026-01-12 15:00:00,S2001,2001,29.23,77.7,74.47,6.46,68732,0.0,11.46,0.28,none,30.86,2.43
2026-01-12 15:00:00,S2018,2018,29.58,72.1,45.99,6.25,70531,0.0,21.41,0.31,none,12.83,1.91
2026-01-12 18:00:00,S2004,2004,22.66,91.5,48.41,6.19,1768,0.0,21.11,0.35,none,28.41,0.39
2026-01-12 18:00:00,S2001,2001,23.54,84.9,55.22,6.53,0,0.0,11.54,0.28,none,26.53,1.81
2026-01-12 18:00:00,S2002,2002,23.05,87.7,47.28,6.43,0,0.0,9.54,0.24,none,24.8,0.62
2026-01-12 18:00:00,S2018,2018,22.56,84.0,49.28,6.15,958,0.0,21.49,0.31,none,22.84,1.91
2026-01-12 18:00:00,S2012,2012,24.83,84.1,54.71,6.0,1911,0.0,17.33,0.24,none,25.63,0.75
2026-01-12 18:00:00,S2003,2003,24.52,85.8,58.59,6.87,0,0.0,10.21,0.31,none,28.94,1.53
2026-01-12 18:00:00,S2011,2011,24.48,86.8,59.15,6.29,0,0.0,17.02,0.28,none,30.01,2.94
2026-01-12 18:00:00,S2017,2017,22.75,86.2,67.19,6.77,1052,0.0,21.29,0.24,none,33.56,0.78
2026-01-12 18:00:00,S2016,2016,24.02,90.9,89.94,6.94,1283,0.0,14.95,0.28,fungal_leaf_spot,48.69,1.88
2026-01-12 18:00:00,S2019,2019,25.2,86.7,60.85,6.51,1973,0.0,11.49,0.35,none,30.79,0.46
2026-01-12 18:00:00,S2006,2006,25.32,90.8,61.42,6.48,1941,0.0,10.92,0.28,none,34.35,2.48
2026-01-12 18:00:00,S2007,2007,25.22,81.5,65.48,6.57,0,0.0,15.13,0.24,none,28.94,0.87
2026-01-12 18:00:00,S2013,2013,24.39,82.3,49.81,6.43,0,0.0,26.97,0.31,none,21.75,1.36
2026-01-12 18:00:00,S2015,2015,22.82,86.3,42.63,7.19,0,0.0,20.03,0.42,none,21.36,3.95
2026-01-12 18:00:00,S2008,2008,24.34,91.2,51.99,6.55,1976,0.0,28.45,0.31,none,29.96,1.95
2026-01-12 18:00:00,S2000,2000,23.48,83.1,66.01,6.25,2028,0.0,15.52,0.42,none,30.48,3.67
2026-01-12 18:00:00,S2009,2009,24.2,81.6,50.0,6.97,0,0.0,23.16,0.35,none,21.28,0.57
2026-01-12 18:00:00,S2014,2014,24.23,89.6,54.74,6.01,1153,0.0,30.15,0.35,none,30.05,0.41
2026-01-12 18:00:00,S2010,2010,22.77,86.0,58.77,7.13,1182,0.0,21.91,0.42,none,29.19,4.55
2026-01-12 18:00:00,S2005,2005,22.87,89.8,53.99,6.98,2323,0.0,27.96,0.42,none,29.84,4.53
2026-01-12 21:00:00,S2000,2000,24.61,83.6,60.62,6.16,0,0.0,15.67,0.42,none,28.19,4.43
2026-01-12 21:00:00,S2010,2010,24.76,84.1,59.57,6.68,0,0.0,22.87,0.42,none,28.06,3.72
2026-01-12 21:00:00,S2013,2013,24.68,88.3,56.95,6.21,0,0.0,26.97,0.31,none,30.12,1.93
2026-01-12 21:00:00,S2009,2009,25.03,81.1,61.07,7.05,0,0.0,23.77,0.35,none,26.41,0.39
2026-01-12 21:00:00,S2017,2017,24.53,82.3,61.96,6.46,0,0.0,21.11,0.24,none,27.82,0.65
2026-01-12 21:00:00,S2019,2019,23.66,87.8,50.09,6.12,1805,0.0,11.07,0.35,none,26.29,0.47
2026-01-12 21:00:00,S2018,2018,24.55,83.7,48.05,7.08,0,0.0,21.01,0.31,none,21.99,1.69
2026-01-12 21:00:00,S2014,2014,25.39,86.6,72.54,6.34,601,0.0,30.14,0.35,none,36.55,0.45
2026-01-12 21:00:00,S2008,2008,24.76,90.5,54.64,6.36,0,0.0,27.89,0.31,none,30.72,1.43
2026-01-12 21:00:00,S2012,2012,22.65,94.1,63.54,6.44,544,0.0,17.55,0.24,none,38.05,0.8
2026-01-12 21:00:00,S2006,2006,22.8,88.4,63.36,6.37,0,0.0,10.83,0.28,none,33.4,2.94
2026-01-12 21:00:00,S2015,2015,23.96,84.7,64.52,6.26,453,0.0,18.92,0.42,none,31.02,3.23
2026-01-12 21:00:00,S2004,2004,25.71,90.3,52.17,6.92,0,0.0,22.18,0.35,none,29.32,0.42
2026-01-12 21:00:00,S2005,2005,23.94,87.6,90.46,6.95,1687,0.0,29.26,0.42,fungal_leaf_spot,46.31,3.31
2026-01-12 21:00:00,S2002,2002,24.17,91.7,50.23,6.0,699,0.0,9.46,0.24,none,29.48,0.65
2026-01-12 21:00:00,S2007,2007,24.85,85.8,50.02,7.06,0,0.0,14.81,0.24,none,24.65,0.63
2026-01-12 21:00:00,S2016,2016,24.66,82.0,50.87,6.18,0,0.0,14.88,0.28,none,22.04,2.96
2026-01-12 21:00:00,S2011,2011,23.67,88.8,64.21,7.2,1886,0.0,17.14,0.28,none,34.14,2.51
2026-01-12 21:00:00,S2001,2001,22.61,93.6,61.52,6.26,0,0.0,11.82,0.28,none,36.64,2.0
2026-01-12 21:00:00,S2003,2003,25.67,87.6,58.73,6.81,537,0.0,10.11,0.31,none,30.44,1.56
2026-01-13 00:00:00,S2012,2012,24.55,90.8,60.23,6.8,0,0.0,17.78,0.24,none,33.75,0.62
2026-01-13 00:00:00,S2013,2013,25.65,83.3,62.77,6.59,0,0.0,27.3,0.31,none,29.03,1.76
2026-01-13 00:00:00,S2006,2006,25.11,88.5,54.24,6.79,0,0.0,11.23,0.28,none,28.92,2.56
2026-01-13 00:00:00,S2010,2010,23.61,87.2,58.16,6.99,321,0.0,23.36,0.42,none,29.84,4.33
2026-01-13 00:00:00,S2001,2001,25.39,81.0,54.31,6.45,1881,0.0,11.43,0.28,none,22.96,1.92
2026-01-13 00:00:00,S2007,2007,22.23,84.8,65.14,6.11,1175,0.0,14.97,0.24,none,31.41,0.58
2026-01-13 00:00:00,S2018,2018,23.61,90.8,61.47,6.38,0,0.0,21.36,0.31,none,34.38,1.49
2026-01-13 00:00:00,S2009,2009,25.43,85.8,65.61,6.35,0,0.0,24.01,0.35,none,32.45,0.51
2026-01-13 00:00:00,S2017,2017,25.3,85.8,55.41,6.55,0,0.0,21.82,0.24,none,27.34,0.8
2026-01-13 00:00:00,S2019,2019,24.58,87.2,59.69,6.23,0,0.0,12.19,0.35,none,30.61,0.47
2026-01-13 00:00:00,S2014,2014,24.75,87.8,52.56,6.11,0,0.0,30.36,0.35,none,27.52,0.39
2026-01-13 00:00:00,S2008,2008,22.95,90.4,55.05,6.9,1548,0.0,27.83,0.31,none,30.85,1.23
2026-01-13 00:00:00,S2016,2016,23.23,88.6,46.3,6.91,1358,0.0,14.92,0.28,none,25.03,2.43
2026-01-13 00:00:00,S2003,2003,24.38,87.4,55.15,6.95,1590,0.0,10.69,0.31,none,28.5,1.85
2026-01-13 00:00:00,S2004,2004,23.31,88.0,50.29,6.71,0,0.0,21.35,0.35,none,26.55,0.53
2026-01-13 00:00:00,S2005,2005,24.77,85.9,58.9,6.25,1998,0.0,29.71,0.42,none,29.17,3.25
2026-01-13 00:00:00,S2000,2000,23.54,86.6,68.07,7.09,0,0.0,15.92,0.42,none,34.31,3.36
2026-01-13 00:00:00,S2011,2011,24.78,87.2,65.77,6.59,643,0.0,17.3,0.28,none,33.65,2.38
2026-01-13 00:00:00,S2015,2015,24.58,85.7,50.04,6.66,0,0.0,19.93,0.42,none,24.58,3.63
2026-01-13 00:00:00,S2002,2002,22.3,93.1,63.53,6.04,0,0.0,9.53,0.24,none,37.24,0.75
2026-01-13 03:00:00,S2018,2018,22.94,89.7,63.91,6.8,0,0.0,21.38,0.31,none,34.72,1.83
2026-01-13 03:00:00,S2019,2019,22.39,90.0,84.2,6.85,2495,0.0,11.12,0.35,fungal_leaf_spot,45.1,0.57
2026-01-13 03:00:00,S2002,2002,25.17,86.0,62.58,6.74,0,0.0,9.87,0.24,none,31.09,0.83
2026-01-13 03:00:00,S2004,2004,22.96,89.1,57.39,7.09,2360,0.0,22.1,0.35,none,30.97,0.38
2026-01-13 03:00:00,S2006,2006,23.83,86.6,64.23,6.47,0,0.0,11.85,0.28,none,32.39,2.87
2026-01-13 03:00:00,S2005,2005,24.48,93.0,69.37,6.61,1108,0.0,28.83,0.42,none,40.09,3.96
2026-01-13 03:00:00,S2017,2017,24.13,89.4,48.71,7.0,0,0.0,21.69,0.24,none,26.88,0.57
2026-01-13 03:00:00,S2011,2011,25.5,82.7,61.29,6.49,0,0.0,17.52,0.28,none,27.81,1.98
2026-01-13 03:00:00,S2000,2000,22.67,93.2,59.23,6.51,0,0.0,16.54,0.42,none,35.17,3.87
2026-01-13 03:00:00,S2010,2010,24.73,85.3,57.43,6.69,0,0.0,22.16,0.42,none,27.95,3.12
2026-01-13 03:00:00,S2003,2003,25.19,85.8,51.82,7.1,0,0.0,10.7,0.31,none,25.55,1.64
2026-01-13 03:00:00,S2008,2008,24.88,88.8,49.75,6.41,0,0.0,28.55,0.31,none,26.91,1.46
2026-01-13 03:00:00,S2014,2014,24.73,91.6,47.95,6.07,1947,0.0,31.3,0.35,none,28.25,0.57
2026-01-13 03:00:00,S2007,2007,23.11,92.3,59.29,6.76,2198,0.0,15.2,0.24,none,34.48,0.55
2026-01-13 03:00:00,S2001,2001,23.96,87.1,58.32,6.01,0,0.0,11.69,0.28,none,29.84,1.98
2026-01-13 03:00:00,S2015,2015,24.15,85.4,52.28,6.17,0,0.0,20.43,0.42,none,25.46,3.78
2026-01-13 03:00:00,S2016,2016,25.33,86.1,60.21,6.59,0,0.0,15.16,0.28,none,29.98,2.15
2026-01-13 03:00:00,S2009,2009,23.39,89.2,53.0,7.15,0,0.0,23.34,0.35,none,28.86,0.45
2026-01-13 03:00:00,S2013,2013,24.72,88.7,52.04,6.81,0,0.0,27.39,0.31,none,27.98,1.79
2026-01-13 03:00:00,S2012,2012,22.94,88.2,58.14,6.23,0,0.0,17.65,0.24,none,30.63,0.63
2026-01-13 06:00:00,S2012,2012,22.8,86.6,74.37,6.08,0,0.0,17.72,0.24,none,37.47,0.64
2026-01-13 06:00:00,S2018,2018,24.73,88.6,56.13,7.15,25,0.0,21.18,0.31,none,29.94,1.6
2026-01-13 06:00:00,S2004,2004,24.89,86.8,46.79,6.85,8,0.0,22.6,0.35,none,23.83,0.57
2026-01-13 06:00:00,S2017,2017,23.56,86.5,56.07,6.92,0,0.0,21.59,0.24,none,28.24,0.54
2026-01-13 06:00:00,S2003,2003,23.78,91.4,68.4,6.75,373,0.0,10.38,0.31,none,38.32,1.22
2026-01-13 06:00:00,S2016,2016,22.74,84.4,57.03,6.84,1300,0.0,15.23,0.28,none,27.04,1.91
2026-01-13 06:00:00,S2000,2000,24.34,90.4,51.75,6.46,0,0.0,16.92,0.42,none,29.2,3.61
2026-01-13 06:00:00,S2002,2002,25.57,81.5,55.48,6.95,1105,0.0,9.67,0.24,none,23.94,0.69
2026-01-13 06:00:00,S2005,2005,23.83,87.1,61.9,6.81,2356,0.0,29.48,0.42,none,31.63,3.11
2026-01-13 06:00:00,S2015,2015,25.23,84.8,61.38,6.23,0,0.0,19.32,0.42,none,29.53,4.34
2026-01-13 06:00:00,S2019,2019,23.23,92.2,63.88,6.22,0,0.0,11.16,0.35,none,36.7,0.59
2026-01-13 06:00:00,S2009,2009,25.3,85.1,74.54,6.73,2212,0.0,23.58,0.35,none,36.35,0.56
2026-01-13 06:00:00,S2011,2011,22.69,93.1,61.47,6.69,2140,0.0,16.89,0.28,none,36.21,2.23
2026-01-13 06:00:00,S2014,2014,25.2,83.8,55.11,6.37,940,0.0,31.03,0.35,none,25.59,0.56
2026-01-13 06:00:00,S2013,2013,24.62,88.9,50.46,6.29,1698,0.0,27.72,0.31,none,27.35,1.27
2026-01-13 06:00:00,S2010,2010,24.56,85.0,71.32,6.74,2182,0.0,23.27,0.42,none,34.66,3.79
2026-01-13 06:00:00,S2006,2006,22.78,92.5,44.59,6.61,0,0.0,11.87,0.28,none,27.3,2.9
2026-01-13 06:00:00,S2001,2001,22.81,89.7,71.34,7.13,0,0.0,12.18,0.28,none,38.43,2.16
2026-01-13 06:00:00,S2007,2007,24.65,89.0,62.27,7.15,968,0.0,15.43,0.24,none,33.34,0.63
2026-01-13 06:00:00,S2008,2008,23.03,94.0,62.01,6.27,0,0.0,28.15,0.31,none,37.2,1.87
2026-01-13 09:00:00,S2001,2001,29.6,80.8,32.4,6.16,69447,2.65,11.82,0.274,none,13.04,1.89
2026-01-13 09:00:00,S2004,2004,30.28,73.2,37.96,6.42,69347,2.46,22.55,0.349,none,11.1,0.51
2026-01-13 09:00:00,S2002,2002,27.85,78.1,43.34,6.16,68491,0.0,9.57,0.24,none,15.15,0.85
2026-01-13 09:00:00,S2010,2010,27.12,78.4,55.45,6.55,69430,0.0,22.19,0.42,none,21.45,3.35
2026-01-13 09:00:00,S2003,2003,27.7,83.9,48.05,6.57,69347,0.0,10.84,0.31,none,22.15,1.7
2026-01-13 09:00:00,S2011,2011,28.45,77.0,42.16,7.09,69542,0.0,16.84,0.28,none,13.68,2.27
2026-01-13 09:00:00,S2005,2005,30.1,75.8,51.9,6.42,68456,0.0,29.7,0.419,none,19.79,3.41
2026-01-13 09:00:00,S2000,2000,28.35,81.5,47.83,6.63,72477,0.0,15.96,0.42,none,20.12,4.5
2026-01-13 09:00:00,S2008,2008,28.4,83.6,53.53,7.17,69407,0.0,28.83,0.31,none,24.64,1.99
2026-01-13 09:00:00,S2012,2012,29.7,79.2,50.98,6.94,72623,0.0,17.94,0.24,none,21.25,0.55
2026-01-13 09:00:00,S2019,2019,27.6,80.3,52.57,7.06,69216,0.0,12.14,0.35,none,21.52,0.52
2026-01-13 09:00:00,S2007,2007,28.61,80.8,62.87,6.9,71934,0.0,15.76,0.24,none,27.07,0.76
2026-01-13 09:00:00,S2014,2014,28.34,83.4,45.46,6.07,69143,0.0,30.98,0.35,none,20.45,0.52
2026-01-13 09:00:00,S2009,2009,27.81,83.2,37.95,6.8,73194,0.0,23.93,0.35,none,16.54,0.4
2026-01-13 09:00:00,S2016,2016,28.09,84.5,39.16,6.29,70571,0.0,15.53,0.28,none,18.18,2.52
2026-01-13 09:00:00,S2013,2013,28.84,74.2,50.16,6.56,70365,0.0,26.93,0.31,none,15.44,1.33
2026-01-13 09:00:00,S2006,2006,28.77,74.5,57.52,6.3,70020,0.0,11.95,0.28,none,19.36,2.07
2026-01-13 09:00:00,S2017,2017,30.15,81.8,64.34,6.13,71202,0.0,21.72,0.24,none,30.91,0.56
2026-01-13 09:00:00,S2015,2015,29.93,76.1,52.92,6.72,71659,0.0,19.23,0.42,none,20.2,3.79
2026-01-13 09:00:00,S2018,2018,29.11,76.6,44.23,7.08,68316,0.0,21.21,0.31,none,14.61,1.38
2026-01-13 12:00:00,S2004,2004,30.94,76.9,32.08,6.19,99178,2.71,21.54,0.338,none,12.44,0.46
2026-01-13 12:00:00,S2000,2000,31.02,79.0,57.91,6.53,98653,0.0,16.96,0.414,none,27.2,3.11
2026-01-13 12:00:00,S2015,2015,32.05,73.5,35.01,7.04,102210,2.69,20.56,0.408,none,13.4,4.13
2026-01-13 12:00:00,S2011,2011,29.96,75.3,36.8,7.03,100060,2.52,17.55,0.28,none,11.56,2.62
2026-01-13 12:00:00,S2007,2007,31.78,67.5,45.48,6.71,97725,0.0,15.29,0.234,none,13.3,0.52
2026-01-13 12:00:00,S2008,2008,30.65,74.1,40.49,6.61,101099,2.45,28.57,0.307,none,13.82,1.7
2026-01-13 12:00:00,S2013,2013,30.25,80.2,37.37,6.34,99748,2.53,27.22,0.309,none,16.35,1.9
2026-01-13 12:00:00,S2019,2019,30.6,70.1,32.7,6.11,99845,1.82,11.11,0.341,none,6.63,0.47
2026-01-13 12:00:00,S2017,2017,30.1,78.9,36.76,6.8,101101,2.5,21.7,0.24,none,14.7,0.56
2026-01-13 12:00:00,S2002,2002,29.8,76.3,31.17,6.86,102497,1.79,9.88,0.233,none,9.23,0.67
2026-01-13 12:00:00,S2009,2009,32.32,70.4,47.41,6.77,102055,0.0,23.28,0.339,none,17.67,0.44
2026-01-13 12:00:00,S2001,2001,32.05,69.7,46.72,6.15,102250,0.0,11.67,0.272,none,16.22,2.72
2026-01-13 12:00:00,S2014,2014,32.21,70.2,45.7,6.32,99163,3.13,30.93,0.339,none,16.43,0.39
2026-01-13 12:00:00,S2006,2006,31.68,71.0,34.84,6.84,98452,2.67,11.58,0.273,none,10.58,2.14
2026-01-13 12:00:00,S2016,2016,30.68,68.4,31.05,6.95,99879,2.75,15.56,0.269,none,4.61,2.06
2026-01-13 12:00:00,S2018,2018,31.46,77.7,40.15,6.29,101340,2.4,21.66,0.304,none,18.16,1.55
2026-01-13 12:00:00,S2012,2012,32.0,71.9,52.42,6.42,98931,0.0,17.62,0.233,none,20.73,0.83
2026-01-13 12:00:00,S2003,2003,32.12,69.3,45.74,6.1,100123,0.0,10.83,0.301,none,15.55,1.24
2026-01-13 12:00:00,S2010,2010,29.5,76.5,62.13,6.5,102274,0.0,22.63,0.42,none,24.27,3.75
2026-01-13 12:00:00,S2005,2005,30.38,76.2,38.58,6.35,101255,2.38,28.86,0.418,none,14.01,3.64
2026-01-13 15:00:00,S2017,2017,29.7,70.0,48.1,7.02,71888,0.0,21.15,0.24,none,12.45,0.87
2026-01-13 15:00:00,S2006,2006,27.75,75.3,49.73,6.4,72974,0.0,11.65,0.28,none,16.1,1.96
2026-01-13 15:00:00,S2004,2004,29.97,76.6,41.53,7.18,71927,2.34,21.79,0.35,none,14.98,0.57
2026-01-13 15:00:00,S2016,2016,28.69,83.7,55.66,6.47,70138,0.0,14.93,0.28,none,25.79,2.02
2026-01-13 15:00:00,S2018,2018,29.64,74.7,39.51,7.11,71693,2.43,21.22,0.31,none,11.8,1.96
2026-01-13 15:00:00,S2013,2013,29.24,80.6,42.85,7.1,72724,0.0,27.5,0.31,none,17.38,1.53
2026-01-13 15:00:00,S2012,2012,29.24,76.1,38.32,6.84,69099,2.42,17.43,0.24,none,11.52,0.67
2026-01-13 15:00:00,S2010,2010,27.84,78.5,63.05,6.24,68571,0.0,23.21,0.42,none,25.32,3.85
2026-01-13 15:00:00,S2019,2019,30.06,77.2,51.84,6.87,71230,0.0,11.65,0.35,none,20.8,0.61
2026-01-13 15:00:00,S2015,2015,27.37,74.7,56.43,7.11,69807,0.0,19.48,0.42,none,18.98,2.91
2026-01-13 15:00:00,S2001,2001,27.35,74.3,48.48,6.97,69224,0.0,11.66,0.28,none,14.68,2.54
2026-01-13 15:00:00,S2003,2003,28.85,80.1,47.91,7.03,72027,0.0,10.37,0.31,none,19.03,1.73
2026-01-13 15:00:00,S2007,2007,28.09,75.3,40.18,6.4,69355,2.35,15.1,0.24,none,11.33,0.55
2026-01-13 15:00:00,S2002,2002,29.51,74.6,52.73,6.34,71832,0.0,9.49,0.24,none,18.06,0.87
2026-01-13 15:00:00,S2008,2008,27.67,80.4,48.06,6.35,70229,0.0,27.92,0.31,none,19.35,1.9
2026-01-13 15:00:00,S2000,2000,30.73,79.1,40.02,7.03,69210,2.36,16.99,0.416,none,17.75,3.87
2026-01-13 15:00:00,S2009,2009,29.63,79.8,42.63,6.75,71519,0.0,23.92,0.35,none,17.41,0.48
2026-01-13 15:00:00,S2005,2005,29.24,78.9,48.12,7.05,69092,0.0,28.48,0.42,none,18.66,3.62
2026-01-13 15:00:00,S2011,2011,29.27,75.2,53.97,6.72,73016,0.0,17.3,0.28,none,18.69,1.94
2026-01-13 15:00:00,S2014,2014,29.24,75.8,41.01,6.51,72943,3.17,30.44,0.35,none,12.62,0.57
2026-01-13 18:00:00,S2019,2019,23.61,87.9,55.69,6.88,759,0.0,11.46,0.35,none,29.17,0.47
2026-01-13 18:00:00,S2014,2014,25.29,91.1,52.07,6.9,0,0.0,30.89,0.35,none,29.91,0.46
2026-01-13 18:00:00,S2009,2009,24.3,87.8,53.1,6.74,352,0.0,23.19,0.35,none,27.79,0.62
2026-01-13 18:00:00,S2013,2013,23.73,90.2,53.27,6.01,0,0.0,27.32,0.31,none,29.8,1.89
2026-01-13 18:00:00,S2005,2005,25.85,84.5,63.94,6.3,0,0.0,29.48,0.42,none,30.57,3.13
2026-01-13 18:00:00,S2004,2004,24.62,92.6,64.73,6.37,0,0.0,22.35,0.35,none,37.45,0.56
2026-01-13 18:00:00,S2007,2007,24.28,85.6,49.36,6.72,1190,0.0,15.38,0.24,none,24.16,0.8
2026-01-13 18:00:00,S2006,2006,23.79,91.5,83.09,6.56,1555,0.0,11.54,0.28,fungal_leaf_spot,45.75,2.07
2026-01-13 18:00:00,S2017,2017,24.75,83.0,71.61,6.51,724,0.0,21.53,0.24,none,33.2,0.77
2026-01-13 18:00:00,S2010,2010,22.61,89.6,49.3,6.53,0,0.0,23.45,0.42,none,27.33,4.15
2026-01-13 18:00:00,S2000,2000,23.27,84.9,47.8,6.41,0,0.0,16.05,0.42,none,22.82,3.11
2026-01-13 18:00:00,S2003,2003,24.97,84.7,58.86,6.64,667,0.0,11.1,0.31,none,28.19,2.0
2026-01-13 18:00:00,S2015,2015,24.05,85.3,50.45,6.98,344,0.0,19.47,0.42,none,24.46,3.51
2026-01-13 18:00:00,S2001,2001,24.77,83.5,52.29,6.86,2275,0.0,11.56,0.28,none,23.95,2.96
2026-01-13 18:00:00,S2012,2012,24.45,84.9,56.68,6.1,0,0.0,17.71,0.24,none,27.26,0.81
2026-01-13 18:00:00,S2011,2011,22.69,88.8,51.99,6.34,0,0.0,16.91,0.28,none,28.04,2.55
2026-01-13 18:00:00,S2002,2002,23.05,87.6,64.44,6.86,852,0.0,9.23,0.24,none,33.3,0.7
2026-01-13 18:00:00,S2018,2018,24.69,87.0,57.54,7.1,0,0.0,22.06,0.31,none,29.37,1.26
2026-01-13 18:00:00,S2016,2016,22.74,92.9,52.54,6.69,0,0.0,15.17,0.28,none,31.59,2.24
2026-01-13 18:00:00,S2008,2008,22.78,96.5,61.15,6.1,349,0.0,28.05,0.31,none,38.78,1.65
2026-01-13 21:00:00,S2001,2001,24.61,79.6,50.86,6.88,730,0.0,11.64,0.28,none,20.11,2.98
2026-01-13 21:00:00,S2008,2008,24.4,87.1,59.6,6.16,206,0.0,28.26,0.31,none,30.48,1.55
2026-01-13 21:00:00,S2013,2013,23.31,94.2,55.65,6.66,0,0.0,27.35,0.31,none,34.19,1.86
2026-01-13 21:00:00,S2015,2015,23.51,93.7,76.84,6.12,0,0.0,19.66,0.42,none,44.38,4.23
2026-01-13 21:00:00,S2004,2004,23.99,84.6,60.25,6.23,1155,0.0,21.58,0.35,none,28.8,0.54
2026-01-13 21:00:00,S2002,2002,24.72,89.1,70.58,6.58,0,0.0,9.16,0.24,none,37.57,0.66
2026-01-13 21:00:00,S2010,2010,24.65,81.0,42.89,6.35,0,0.0,22.69,0.42,none,17.25,3.55
2026-01-13 21:00:00,S2006,2006,25.67,86.8,60.74,6.2,1047,0.0,11.56,0.28,none,30.81,1.92
2026-01-13 21:00:00,S2014,2014,24.81,88.3,56.19,7.18,0,0.0,30.4,0.35,none,29.73,0.62
2026-01-13 21:00:00,S2019,2019,23.37,88.7,59.98,6.72,1846,0.0,11.5,0.35,none,31.95,0.48
2026-01-13 21:00:00,S2009,2009,22.99,85.5,55.07,6.48,2362,0.0,23.51,0.35,none,26.94,0.57
2026-01-13 21:00:00,S2016,2016,24.77,86.2,64.73,6.65,0,0.0,14.98,0.28,none,32.33,2.36
2026-01-13 21:00:00,S2018,2018,23.66,85.0,80.51,6.35,1755,0.0,21.37,0.31,none,39.26,1.94
2026-01-13 21:00:00,S2017,2017,24.68,87.9,73.01,7.17,0,0.0,21.43,0.24,none,37.83,0.55
2026-01-13 21:00:00,S2012,2012,24.08,85.3,60.08,6.47,1545,0.0,17.94,0.24,none,29.28,0.54
2026-01-13 21:00:00,S2007,2007,23.48,88.1,59.47,6.31,2006,0.0,15.73,0.24,none,31.21,0.67
2026-01-13 21:00:00,S2005,2005,24.11,89.6,80.85,6.11,0,0.0,28.82,0.42,none,43.1,4.19
2026-01-13 21:00:00,S2011,2011,25.76,80.4,52.67,7.2,1818,0.0,17.26,0.28,none,21.66,2.02
2026-01-13 21:00:00,S2000,2000,25.13,90.1,59.29,6.34,0,0.0,15.55,0.42,none,32.72,3.34
2026-01-13 21:00:00,S2003,2003,23.35,87.9,54.53,6.53,0,0.0,10.99,0.31,none,28.59,2.0
2026-01-14 00:00:00,S2002,2002,24.31,83.7,65.85,6.97,519,0.0,9.84,0.24,none,30.89,0.79
2026-01-14 00:00:00,S2001,2001,22.64,93.6,70.91,6.63,0,0.0,12.56,0.28,none,41.33,2.35
2026-01-14 00:00:00,S2003,2003,24.18,84.0,62.0,7.07,437,0.0,11.06,0.31,none,29.2,1.92
2026-01-14 00:00:00,S2007,2007,23.57,90.8,66.72,6.69,0,0.0,15.8,0.24,none,37.0,0.59
2026-01-14 00:00:00,S2012,2012,23.69,84.0,57.8,6.68,0,0.0,17.85,0.24,none,27.1,0.7
2026-01-14 00:00:00,S2010,2010,24.13,91.4,66.27,6.56,894,0.0,23.7,0.42,none,37.26,3.13
2026-01-14 00:00:00,S2000,2000,22.57,87.1,69.71,6.26,0,0.0,15.9,0.42,none,35.53,3.72
2026-01-14 00:00:00,S2018,2018,22.77,84.2,50.32,6.81,0,0.0,22.32,0.31,none,23.52,1.97
2026-01-14 00:00:00,S2015,2015,24.62,86.8,63.33,6.07,0,0.0,20.3,0.42,none,32.1,3.54
2026-01-14 00:00:00,S2014,2014,25.16,84.0,58.88,6.98,0,0.0,30.94,0.35,none,27.64,0.38
2026-01-14 00:00:00,S2008,2008,25.32,89.4,52.98,6.9,0,0.0,28.38,0.31,none,29.01,1.59
2026-01-14 00:00:00,S2017,2017,23.1,88.2,49.67,6.67,762,0.0,21.28,0.24,none,26.4,0.85
2026-01-14 00:00:00,S2011,2011,25.1,88.9,75.86,6.86,265,0.0,17.53,0.28,none,40.05,2.95
2026-01-14 00:00:00,S2006,2006,25.51,87.9,57.98,7.03,0,0.0,11.98,0.28,none,30.31,2.3
2026-01-14 00:00:00,S2009,2009,23.15,92.9,60.93,6.33,0,0.0,24.72,0.35,none,35.79,0.62
2026-01-14 00:00:00,S2005,2005,24.8,82.4,51.53,6.58,0,0.0,28.88,0.42,none,22.69,2.98
2026-01-14 00:00:00,S2013,2013,25.53,87.6,54.54,6.1,529,0.0,28.36,0.31,none,28.35,1.25
2026-01-14 00:00:00,S2019,2019,23.99,90.0,59.11,6.37,0,0.0,11.84,0.35,none,32.55,0.47
2026-01-14 00:00:00,S2004,2004,25.1,84.7,54.02,6.76,656,0.0,22.14,0.35,none,25.77,0.61
2026-01-14 00:00:00,S2016,2016,25.02,90.3,59.97,6.1,533,0.0,15.07,0.28,none,33.22,1.99
2026-01-14 03:00:00,S2008,2008,23.75,85.6,53.16,6.24,0,0.0,28.11,0.31,none,26.06,1.88
2026-01-14 03:00:00,S2011,2011,23.02,95.9,54.09,6.94,596,0.0,17.29,0.28,none,34.77,2.57
2026-01-14 03:00:00,S2005,2005,22.56,90.2,51.9,7.03,2109,0.0,28.88,0.42,none,29.11,3.67
2026-01-14 03:00:00,S2003,2003,24.09,89.0,66.67,6.76,0,0.0,11.51,0.31,none,35.54,1.6
2026-01-14 03:00:00,S2001,2001,23.89,81.0,48.69,6.64,1754,0.0,11.98,0.28,none,20.14,2.62
2026-01-14 03:00:00,S2018,2018,23.93,86.5,90.71,6.83,0,0.0,21.4,0.31,fungal_leaf_spot,45.55,1.66
2026-01-14 03:00:00,S2016,2016,24.33,85.6,52.48,6.28,870,0.0,15.21,0.28,none,25.72,2.75
2026-01-14 03:00:00,S2000,2000,23.8,89.2,59.45,6.39,1278,0.0,16.25,0.42,none,32.09,3.95
2026-01-14 03:00:00,S2012,2012,23.15,92.8,48.94,6.31,1762,0.0,17.94,0.24,none,29.71,0.67
2026-01-14 03:00:00,S2010,2010,25.27,85.9,63.83,7.09,0,0.0,22.64,0.42,none,31.64,3.16
2026-01-14 03:00:00,S2002,2002,25.04,89.1,59.04,6.5,229,0.0,9.97,0.24,none,31.8,0.82
2026-01-14 03:00:00,S2007,2007,25.06,83.2,69.38,6.57,0,0.0,15.43,0.24,none,32.25,0.8
2026-01-14 03:00:00,S2009,2009,25.72,78.9,53.8,6.37,0,0.0,23.57,0.35,none,21.02,0.4
2026-01-14 03:00:00,S2019,2019,23.41,83.4,53.71,6.15,1178,0.0,11.93,0.35,none,24.58,0.4
2026-01-14 03:00:00,S2013,2013,25.65,86.3,68.66,6.85,1115,0.0,28.23,0.31,none,34.37,1.49
2026-01-14 03:00:00,S2006,2006,23.61,86.8,66.55,7.15,1513,0.0,11.21,0.28,none,33.71,1.97
2026-01-14 03:00:00,S2015,2015,24.35,90.1,58.81,7.19,1643,0.0,20.22,0.42,none,32.48,4.66
2026-01-14 03:00:00,S2004,2004,23.23,89.9,53.73,6.42,0,0.0,22.28,0.35,none,29.79,0.38
2026-01-14 03:00:00,S2017,2017,24.69,86.4,65.69,6.96,675,0.0,21.45,0.24,none,32.97,0.85
2026-01-14 03:00:00,S2014,2014,23.25,83.1,55.42,6.63,0,0.0,30.76,0.35,none,25.19,0.56
2026-01-14 06:00:00,S2016,2016,24.05,90.2,45.48,6.08,2468,0.0,15.28,0.28,none,25.9,2.27
2026-01-14 06:00:00,S2008,2008,23.61,87.4,54.0,7.17,1878,0.0,28.42,0.31,none,27.92,1.47
2026-01-14 06:00:00,S2014,2014,25.06,84.8,65.53,6.38,1966,0.0,31.22,0.35,none,31.61,0.59
2026-01-14 06:00:00,S2015,2015,24.04,87.3,58.67,6.94,0,0.0,19.83,0.42,none,30.18,3.1
2026-01-14 06:00:00,S2010,2010,22.5,87.9,55.03,7.09,1791,0.0,22.66,0.42,none,28.84,4.17
2026-01-14 06:00:00,S2011,2011,22.98,87.9,51.46,6.69,1200,0.0,17.02,0.28,none,27.05,1.93
2026-01-14 06:00:00,S2002,2002,24.47,82.4,49.19,6.91,0,0.0,10.25,0.24,none,21.52,0.82
2026-01-14 06:00:00,S2001,2001,22.71,86.9,71.7,6.13,0,0.0,12.66,0.28,none,36.37,1.98
2026-01-14 06:00:00,S2009,2009,24.14,88.5,62.67,6.58,0,0.0,23.78,0.35,none,33.14,0.61
2026-01-14 06:00:00,S2012,2012,24.57,82.8,59.24,7.14,581,0.0,17.87,0.24,none,26.86,0.75
2026-01-14 06:00:00,S2006,2006,22.85,95.6,69.12,6.41,0,0.0,11.47,0.28,none,42.04,2.9
2026-01-14 06:00:00,S2003,2003,23.76,90.1,60.59,6.14,0,0.0,11.08,0.31,none,33.38,1.87
2026-01-14 06:00:00,S2004,2004,23.47,93.2,58.36,7.08,2046,0.0,22.98,0.35,none,34.74,0.49
2026-01-14 06:00:00,S2018,2018,22.82,91.1,55.69,6.22,0,0.0,22.29,0.31,none,31.72,1.85
2026-01-14 06:00:00,S2005,2005,23.55,85.2,47.42,6.71,0,0.0,28.93,0.42,none,22.87,4.02
2026-01-14 06:00:00,S2007,2007,23.84,84.0,64.2,6.5,0,0.0,16.04,0.24,none,30.3,0.61
2026-01-14 06:00:00,S2017,2017,22.96,96.5,60.91,6.43,2247,0.0,21.69,0.24,none,38.66,0.54
2026-01-14 06:00:00,S2013,2013,23.41,93.7,57.18,6.79,0,0.0,27.18,0.31,none,34.55,1.36
2026-01-14 06:00:00,S2000,2000,22.88,94.3,52.18,6.8,1273,0.0,16.35,0.42,none,32.53,3.56
2026-01-14 06:00:00,S2019,2019,23.12,85.4,58.53,6.72,0,0.0,12.52,0.35,none,28.59,0.56
2026-01-14 09:00:00,S2016,2016,28.31,80.4,51.8,6.5,68927,0.0,14.97,0.28,none,21.22,2.86
2026-01-14 09:00:00,S2017,2017,27.76,74.4,51.63,6.1,68986,0.0,21.18,0.24,none,16.34,0.84
2026-01-14 09:00:00,S2013,2013,29.47,79.3,54.89,6.45,70486,0.0,28.31,0.31,none,22.82,1.38
2026-01-14 09:00:00,S2009,2009,29.89,74.8,45.99,6.02,69114,0.0,23.82,0.35,none,15.62,0.46
2026-01-14 09:00:00,S2002,2002,29.3,75.2,41.39,6.17,69398,1.56,9.35,0.24,none,12.46,0.77
2026-01-14 09:00:00,S2004,2004,28.88,74.7,46.77,7.13,69635,0.0,22.7,0.35,none,14.15,0.38
2026-01-14 09:00:00,S2015,2015,28.08,82.7,46.33,6.81,72914,0.0,19.85,0.42,none,20.33,3.84
2026-01-14 09:00:00,S2007,2007,30.3,75.6,37.35,6.33,68450,2.52,15.82,0.239,none,12.75,0.73
2026-01-14 09:00:00,S2012,2012,29.4,72.0,50.67,6.74,72650,0.0,18.19,0.24,none,14.73,0.8
2026-01-14 09:00:00,S2011,2011,27.74,79.5,42.6,7.05,72356,0.0,16.97,0.28,none,15.9,1.82
2026-01-14 09:00:00,S2010,2010,28.16,78.3,47.31,6.17,73167,0.0,22.87,0.42,none,17.29,4.38
2026-01-14 09:00:00,S2019,2019,27.93,75.4,51.05,7.08,72797,0.0,12.29,0.35,none,16.85,0.56
2026-01-14 09:00:00,S2000,2000,27.6,78.9,38.88,6.01,70961,0.0,17.03,0.42,none,13.56,3.7
2026-01-14 09:00:00,S2018,2018,27.6,82.8,45.73,6.79,70532,0.0,22.26,0.31,none,20.1,1.87
2026-01-14 09:00:00,S2008,2008,28.33,81.7,41.36,7.03,72112,0.0,28.68,0.31,none,17.04,1.59
2026-01-14 09:00:00,S2005,2005,28.19,78.2,51.34,6.96,71361,0.0,29.55,0.42,none,19.23,3.66
2026-01-14 09:00:00,S2003,2003,30.14,80.8,45.2,6.72,71571,0.0,11.06,0.309,none,20.52,1.7
2026-01-14 09:00:00,S2014,2014,28.07,79.1,50.94,7.11,70735,0.0,31.18,0.35,none,19.75,0.45
2026-01-14 09:00:00,S2001,2001,27.58,79.9,55.11,6.69,70708,0.0,11.87,0.28,none,22.48,1.92
2026-01-14 09:00:00,S2006,2006,29.2,75.4,46.51,6.49,71972,0.0,12.15,0.28,none,14.98,2.33
2026-01-14 12:00:00,S2007,2007,30.93,76.7,42.07,6.57,101583,2.4,15.59,0.237,none,17.26,0.78
2026-01-14 12:00:00,S2009,2009,29.97,73.5,48.57,7.1,102103,0.0,23.51,0.35,none,16.02,0.61
2026-01-14 12:00:00,S2008,2008,30.78,78.0,47.93,7.07,101329,0.0,28.22,0.307,none,20.93,1.98
2026-01-14 12:00:00,S2006,2006,32.14,70.5,46.46,6.66,102127,0.0,12.05,0.272,none,16.91,2.23
2026-01-14 12:00:00,S2018,2018,31.32,74.7,46.76,6.03,102467,0.0,22.04,0.304,none,18.78,1.49
2026-01-14 12:00:00,S2017,2017,30.76,75.5,40.94,6.94,97948,2.46,21.47,0.238,none,15.39,0.73
2026-01-14 12:00:00,S2000,2000,31.4,70.0,43.38,6.86,101420,2.36,17.05,0.412,none,13.49,4.04
2026-01-14 12:00:00,S2019,2019,31.37,68.0,42.1,6.73,100638,1.61,11.44,0.343,none,11.19,0.5
2026-01-14 12:00:00,S2010,2010,30.51,76.6,48.55,6.21,98225,0.0,23.63,0.417,none,19.57,2.89
2026-01-14 12:00:00,S2001,2001,31.24,71.6,40.64,6.41,100962,2.46,12.05,0.275,none,13.08,2.78
2026-01-14 12:00:00,S2016,2016,31.8,75.8,49.75,6.39,100913,0.0,15.35,0.273,none,22.11,1.77
2026-01-14 12:00:00,S2012,2012,32.31,69.9,30.74,6.08,100030,2.83,18.19,0.225,none,8.91,0.65
2026-01-14 12:00:00,S2014,2014,30.12,73.7,46.27,6.03,102258,0.0,31.24,0.349,none,15.34,0.56
2026-01-14 12:00:00,S2011,2011,32.01,75.3,33.52,6.16,100939,2.76,17.88,0.269,none,14.02,2.4
2026-01-14 12:00:00,S2005,2005,31.59,70.6,35.14,6.4,98974,2.66,28.79,0.411,none,10.23,2.81
2026-01-14 12:00:00,S2015,2015,31.62,65.9,45.67,6.76,100433,0.0,20.39,0.411,none,11.8,3.98
2026-01-14 12:00:00,S2004,2004,31.97,69.7,35.2,6.42,100309,2.7,22.29,0.341,none,10.3,0.57
2026-01-14 12:00:00,S2003,2003,29.9,73.5,45.56,6.63,101845,0.0,11.39,0.31,none,14.38,1.41
2026-01-14 12:00:00,S2013,2013,32.14,71.0,39.9,6.68,100097,2.52,27.79,0.301,none,14.03,1.18
2026-01-14 12:00:00,S2002,2002,31.67,73.0,39.28,6.28,100368,1.67,9.75,0.235,none,14.38,0.58
2026-01-14 15:00:00,S2017,2017,28.83,82.8,47.22,6.13,72580,0.0,21.52,0.24,none,20.85,0.63
2026-01-14 15:00:00,S2011,2011,27.75,77.5,49.16,6.03,70647,0.0,16.94,0.28,none,17.58,2.83
2026-01-14 15:00:00,S2006,2006,28.87,76.0,38.5,6.66,72749,2.38,11.61,0.28,none,11.05,2.99
2026-01-14 15:00:00,S2009,2009,30.66,78.1,46.85,7.19,69194,0.0,24.5,0.347,none,20.22,0.43
2026-01-14 15:00:00,S2018,2018,29.77,74.6,61.64,6.89,72113,0.0,21.84,0.31,none,23.04,1.62
2026-01-14 15:00:00,S2016,2016,29.88,76.1,51.82,6.44,69908,0.0,15.34,0.28,none,19.55,2.32
2026-01-14 15:00:00,S2012,2012,29.79,74.7,57.84,7.15,70189,0.0,18.28,0.24,none,21.26,0.7
2026-01-14 15:00:00,S2004,2004,29.48,72.5,51.27,6.64,68257,0.0,22.27,0.35,none,15.6,0.59
2026-01-14 15:00:00,S2014,2014,28.56,80.6,50.71,7.0,69550,0.0,30.94,0.35,none,20.83,0.44
2026-01-14 15:00:00,S2007,2007,27.28,84.6,46.4,6.18,72182,0.0,16.04,0.24,none,21.88,0.61
2026-01-14 15:00:00,S2008,2008,27.98,79.4,53.5,6.07,71127,0.0,28.08,0.31,none,21.27,1.23
2026-01-14 15:00:00,S2000,2000,28.82,73.9,48.08,6.95,68213,0.0,17.05,0.42,none,14.16,4.63
2026-01-14 15:00:00,S2002,2002,28.82,73.1,54.55,6.48,71996,0.0,10.25,0.24,none,16.75,0.72
2026-01-14 15:00:00,S2003,2003,30.17,70.3,46.8,6.35,72330,0.0,11.35,0.309,none,12.98,1.7
2026-01-14 15:00:00,S2010,2010,28.77,81.7,59.35,6.0,73142,0.0,24.05,0.42,none,26.04,3.28
2026-01-14 15:00:00,S2019,2019,30.52,72.4,37.65,6.86,71176,1.65,11.72,0.348,none,10.79,0.39
2026-01-14 15:00:00,S2001,2001,30.17,74.5,50.98,6.67,71619,0.0,12.34,0.279,none,18.43,2.55
2026-01-14 15:00:00,S2005,2005,29.25,75.0,46.64,6.54,69774,0.0,29.38,0.42,none,14.82,4.22
2026-01-14 15:00:00,S2015,2015,29.88,73.4,41.66,7.05,68250,2.35,20.43,0.42,none,12.31,4.54
2026-01-14 15:00:00,S2013,2013,30.03,73.9,40.6,6.21,68686,2.36,27.33,0.31,none,12.48,1.97
2026-01-14 18:00:00,S2000,2000,23.11,88.8,52.72,6.54,2444,0.0,16.32,0.42,none,28.4,4.5
2026-01-14 18:00:00,S2003,2003,22.9,87.4,59.36,6.69,2187,0.0,11.77,0.31,none,30.6,1.69
2026-01-14 18:00:00,S2005,2005,23.14,92.3,76.01,6.16,0,0.0,29.45,0.42,none,42.84,3.54
2026-01-14 18:00:00,S2017,2017,22.93,92.9,65.3,6.4,0,0.0,21.9,0.24,none,37.97,0.83
2026-01-14 18:00:00,S2007,2007,24.85,85.0,55.16,6.38,0,0.0,15.19,0.24,none,26.58,0.57
2026-01-14 18:00:00,S2015,2015,24.74,88.5,63.66,7.1,1768,0.0,20.15,0.42,none,33.63,3.01
2026-01-14 18:00:00,S2010,2010,24.5,88.6,55.53,6.33,1914,0.0,22.91,0.42,none,29.64,4.58
2026-01-14 18:00:00,S2011,2011,25.74,87.3,47.33,6.16,872,0.0,17.18,0.28,none,24.5,1.93
2026-01-14 18:00:00,S2001,2001,23.76,84.9,67.89,6.23,0,0.0,11.96,0.28,none,32.87,2.92
2026-01-14 18:00:00,S2016,2016,24.05,92.3,73.4,6.77,2281,0.0,15.3,0.28,none,41.54,2.09
2026-01-14 18:00:00,S2013,2013,24.99,88.3,65.35,7.09,0,0.0,27.5,0.31,none,34.31,1.21
2026-01-14 18:00:00,S2008,2008,23.86,91.7,70.28,6.34,0,0.0,29.11,0.31,none,39.5,1.56
2026-01-14 18:00:00,S2002,2002,22.35,89.1,47.86,6.89,332,0.0,10.13,0.24,none,26.21,0.85
2026-01-14 18:00:00,S2019,2019,23.39,90.3,61.46,6.63,1833,0.0,11.5,0.35,none,33.97,0.62
2026-01-14 18:00:00,S2012,2012,24.78,84.9,49.54,6.51,0,0.0,18.31,0.24,none,23.69,0.85
2026-01-14 18:00:00,S2009,2009,24.46,81.0,63.66,6.1,1778,0.0,24.52,0.35,none,27.63,0.44
2026-01-14 18:00:00,S2014,2014,25.42,90.6,59.19,6.86,1306,0.0,30.94,0.35,none,33.07,0.57
2026-01-14 18:00:00,S2018,2018,22.73,90.4,61.13,7.06,546,0.0,21.79,0.31,none,33.89,1.31
2026-01-14 18:00:00,S2004,2004,23.3,87.4,54.64,7.06,524,0.0,21.72,0.35,none,28.24,0.51
2026-01-14 18:00:00,S2006,2006,23.97,82.5,56.56,6.65,1743,0.0,11.78,0.28,none,25.28,2.71
2026-01-14 21:00:00,S2006,2006,24.51,87.8,64.13,7.04,0,0.0,11.22,0.28,none,33.3,2.06
2026-01-14 21:00:00,S2001,2001,25.14,88.3,57.29,6.01,0,0.0,11.74,0.28,none,30.29,1.83
2026-01-14 21:00:00,S2014,2014,25.52,88.8,57.89,6.51,2429,0.0,30.91,0.35,none,30.98,0.38
2026-01-14 21:00:00,S2007,2007,23.77,88.9,56.07,6.33,0,0.0,15.2,0.24,none,30.16,0.78
2026-01-14 21:00:00,S2010,2010,22.28,90.5,50.47,6.34,219,0.0,23.18,0.42,none,28.64,3.53
2026-01-14 21:00:00,S2005,2005,23.83,88.3,55.92,6.08,595,0.0,28.75,0.42,none,29.6,3.35
2026-01-14 21:00:00,S2012,2012,24.09,84.6,57.09,6.28,0,0.0,18.12,0.24,none,27.22,0.68
2026-01-14 21:00:00,S2009,2009,24.21,86.6,59.84,6.66,0,0.0,23.63,0.35,none,30.2,0.47
2026-01-14 21:00:00,S2015,2015,23.99,89.9,66.65,6.06,0,0.0,19.94,0.42,none,36.25,3.97
2026-01-14 21:00:00,S2017,2017,23.95,93.6,64.48,6.1,0,0.0,21.2,0.24,none,38.12,0.59
2026-01-14 21:00:00,S2018,2018,23.18,89.0,56.56,6.44,0,0.0,21.85,0.31,none,30.48,1.25
2026-01-14 21:00:00,S2000,2000,24.61,86.1,46.25,6.3,2333,0.0,16.59,0.42,none,23.0,3.51
2026-01-14 21:00:00,S2011,2011,23.59,88.1,52.94,7.07,651,0.0,17.66,0.28,none,27.95,2.66
2026-01-14 21:00:00,S2016,2016,25.55,82.0,55.11,6.51,0,0.0,15.29,0.28,none,24.16,2.87
2026-01-14 21:00:00,S2002,2002,24.57,84.5,62.14,7.17,1613,0.0,9.68,0.24,none,29.67,0.82
2026-01-14 21:00:00,S2013,2013,23.78,91.0,58.42,7.01,1930,0.0,28.09,0.31,none,33.01,1.88
2026-01-14 21:00:00,S2004,2004,23.97,91.1,59.34,6.07,0,0.0,22.95,0.35,none,33.55,0.4
2026-01-14 21:00:00,S2008,2008,24.52,85.1,46.71,7.06,0,0.0,29.02,0.31,none,22.43,1.34
2026-01-14 21:00:00,S2003,2003,25.78,88.2,53.58,6.09,1638,0.0,11.49,0.31,none,28.35,1.35
2026-01-14 21:00:00,S2019,2019,22.95,88.7,54.65,6.12,1071,0.0,12.6,0.35,none,29.29,0.38
2026-01-15 00:00:00,S2007,2007,25.02,86.2,59.35,6.41,0,0.0,16.03,0.24,none,29.64,0.75
2026-01-15 00:00:00,S2002,2002,23.41,93.5,76.45,6.11,0,0.0,10.52,0.24,none,44.03,0.73
2026-01-15 00:00:00,S2018,2018,22.89,95.0,57.12,6.19,241,0.0,22.3,0.31,none,35.56,1.76
2026-01-15 00:00:00,S2009,2009,24.99,88.1,62.1,7.0,1014,0.0,24.12,0.35,none,32.53,0.47
2026-01-15 00:00:00,S2000,2000,23.92,88.1,62.39,6.81,0,0.0,17.57,0.42,none,32.67,3.89
2026-01-15 00:00:00,S2011,2011,23.23,92.4,73.06,6.1,0,0.0,17.62,0.28,none,41.45,2.63
2026-01-15 00:00:00,S2014,2014,25.27,84.5,57.84,7.01,2372,0.0,31.93,0.35,none,27.52,0.38
2026-01-15 00:00:00,S2001,2001,25.69,83.5,63.29,6.88,0,0.0,13.0,0.28,none,29.45,2.13
2026-01-15 00:00:00,S2015,2015,22.97,91.6,56.72,7.0,0,0.0,19.92,0.42,none,32.64,3.09
2026-01-15 00:00:00,S2013,2013,24.87,84.8,61.89,6.38,0,0.0,28.46,0.31,none,29.79,1.94
2026-01-15 00:00:00,S2019,2019,23.08,88.2,71.65,6.63,1567,0.0,11.93,0.35,none,37.39,0.4
2026-01-15 00:00:00,S2004,2004,22.98,88.5,67.91,6.31,0,0.0,22.82,0.35,none,35.75,0.47
2026-01-15 00:00:00,S2012,2012,23.85,92.3,54.39,7.11,0,0.0,18.5,0.24,none,32.03,0.86
2026-01-15 00:00:00,S2008,2008,23.23,92.8,63.22,6.19,0,0.0,28.82,0.31,none,36.85,1.49
2026-01-15 00:00:00,S2010,2010,25.1,85.6,55.06,6.43,1207,0.0,24.34,0.42,none,27.01,4.3
2026-01-15 00:00:00,S2017,2017,23.97,91.1,66.77,6.8,0,0.0,21.96,0.24,none,37.26,0.58
2026-01-15 00:00:00,S2003,2003,23.48,83.9,45.94,6.57,0,0.0,11.13,0.31,none,21.09,1.97
2026-01-15 00:00:00,S2005,2005,23.87,84.3,66.84,6.4,0,0.0,29.41,0.42,none,31.86,3.76
2026-01-15 00:00:00,S2006,2006,23.13,87.7,65.52,6.58,0,0.0,11.98,0.28,none,33.92,2.36
2026-01-15 00:00:00,S2016,2016,23.09,87.9,57.85,6.77,1403,0.0,16.1,0.28,none,30.25,1.99
2026-01-15 03:00:00,S2006,2006,23.09,91.2,62.65,6.81,180,0.0,12.59,0.28,none,35.29,2.72
2026-01-15 03:00:00,S2002,2002,23.25,92.7,54.81,6.81,1752,0.0,10.02,0.24,none,32.57,0.66
2026-01-15 03:00:00,S2010,2010,24.64,88.5,64.16,6.74,0,0.0,23.82,0.42,none,33.88,3.93
2026-01-15 03:00:00,S2003,2003,22.93,88.0,59.79,6.42,0,0.0,11.27,0.31,none,31.3,1.33
2026-01-15 03:00:00,S2005,2005,24.78,85.3,59.78,6.22,0,0.0,29.98,0.42,none,29.13,4.51
2026-01-15 03:00:00,S2009,2009,23.36,92.3,54.57,6.68,0,0.0,24.34,0.35,none,32.12,0.39
2026-01-15 03:00:00,S2001,2001,24.56,84.1,43.34,6.53,0,0.0,12.28,0.28,none,19.95,1.81
2026-01-15 03:00:00,S2000,2000,25.28,89.7,60.37,6.06,0,0.0,17.53,0.42,none,32.95,4.07
2026-01-15 03:00:00,S2018,2018,23.98,84.8,50.94,6.07,0,0.0,22.47,0.31,none,24.31,1.98
2026-01-15 03:00:00,S2007,2007,23.18,85.5,50.4,7.13,0,0.0,16.19,0.24,none,24.6,0.72
2026-01-15 03:00:00,S2012,2012,25.19,83.6,49.79,6.55,1129,0.0,18.24,0.24,none,22.77,0.55
2026-01-15 03:00:00,S2014,2014,23.32,87.4,79.65,6.27,0,0.0,32.17,0.35,none,40.75,0.47
2026-01-15 03:00:00,S2015,2015,24.0,89.3,50.66,6.48,0,0.0,20.27,0.42,none,27.77,3.47
2026-01-15 03:00:00,S2019,2019,22.67,89.5,70.36,6.55,0,0.0,12.6,0.35,none,37.78,0.62
2026-01-15 03:00:00,S2013,2013,23.54,89.9,73.26,6.42,0,0.0,27.71,0.31,none,39.55,1.35
2026-01-15 03:00:00,S2011,2011,24.72,84.9,52.55,7.1,356,0.0,17.83,0.28,none,25.2,2.55
2026-01-15 03:00:00,S2016,2016,25.06,87.6,77.7,6.66,1450,0.0,15.83,0.28,none,39.93,2.51
2026-01-15 03:00:00,S2008,2008,24.13,90.0,56.46,6.16,1054,0.0,29.55,0.31,none,31.23,1.61
2026-01-15 03:00:00,S2004,2004,23.2,94.4,63.91,6.41,425,0.0,22.96,0.35,none,38.48,0.4
2026-01-15 03:00:00,S2017,2017,25.15,91.0,62.94,6.85,316,0.0,22.04,0.24,none,35.27,0.54
2026-01-15 06:00:00,S2009,2009,24.38,84.1,51.69,6.11,0,0.0,24.2,0.35,none,24.12,0.56
2026-01-15 06:00:00,S2010,2010,24.95,86.4,43.92,7.17,1151,0.0,24.38,0.42,none,22.08,3.51
2026-01-15 06:00:00,S2019,2019,23.98,91.7,43.2,7.04,1045,0.0,13.02,0.35,none,25.96,0.49
2026-01-15 06:00:00,S2018,2018,23.12,89.3,56.83,6.13,667,0.0,22.65,0.31,none,30.85,1.67
2026-01-15 06:00:00,S2004,2004,24.55,87.6,50.74,6.23,2070,0.0,23.22,0.35,none,26.45,0.54
2026-01-15 06:00:00,S2003,2003,24.16,91.1,55.89,6.91,744,0.0,12.16,0.31,none,31.82,1.28
2026-01-15 06:00:00,S2001,2001,24.12,87.1,57.54,6.52,0,0.0,12.23,0.28,none,29.45,2.34
2026-01-15 06:00:00,S2016,2016,25.49,88.0,59.14,7.05,0,0.0,16.2,0.28,none,30.97,2.84
2026-01-15 06:00:00,S2000,2000,25.11,83.8,64.96,6.22,2490,0.0,17.27,0.42,none,30.52,3.1
2026-01-15 06:00:00,S2014,2014,22.88,86.0,56.43,6.05,0,0.0,31.19,0.35,none,28.02,0.52
2026-01-15 06:00:00,S2005,2005,22.82,91.2,63.8,6.76,0,0.0,29.46,0.42,none,35.86,4.12
2026-01-15 06:00:00,S2013,2013,23.86,90.7,47.28,6.94,2084,0.0,27.72,0.31,none,27.2,1.66
2026-01-15 06:00:00,S2011,2011,23.69,85.5,81.27,6.84,958,0.0,18.31,0.28,none,40.03,2.04
2026-01-15 06:00:00,S2012,2012,23.0,89.6,58.81,7.07,289,0.0,17.7,0.24,none,32.08,0.66
2026-01-15 06:00:00,S2008,2008,24.45,82.8,63.16,6.52,756,0.0,28.62,0.31,none,28.82,1.66
2026-01-15 06:00:00,S2007,2007,25.18,82.4,60.68,7.04,0,0.0,15.8,0.24,none,27.26,0.59
2026-01-15 06:00:00,S2017,2017,23.13,86.2,57.6,6.07,0,0.0,21.54,0.24,none,28.76,0.87
2026-01-15 06:00:00,S2002,2002,22.65,88.3,62.55,6.47,1756,0.0,10.04,0.24,none,32.91,0.53
2026-01-15 06:00:00,S2006,2006,24.54,85.7,56.49,6.19,0,0.0,11.85,0.28,none,27.81,2.74
2026-01-15 06:00:00,S2015,2015,24.97,90.7,71.63,6.14,1542,0.0,20.15,0.42,none,39.38,4.63
2026-01-15 09:00:00,S2016,2016,28.39,79.1,40.16,6.58,72953,2.33,15.38,0.28,none,14.36,2.73
2026-01-15 09:00:00,S2011,2011,29.18,76.8,40.1,6.23,69896,2.35,17.68,0.28,none,12.85,2.69
2026-01-15 09:00:00,S2017,2017,29.17,72.9,39.31,6.54,73162,2.34,22.35,0.24,none,9.32,0.87
2026-01-15 09:00:00,S2013,2013,30.15,73.4,48.61,6.57,71215,0.0,28.06,0.309,none,16.33,1.74
2026-01-15 09:00:00,S2003,2003,27.81,80.3,53.97,6.86,71967,0.0,11.86,0.31,none,22.22,1.43
2026-01-15 09:00:00,S2012,2012,28.74,83.4,44.29,6.39,70048,0.0,18.62,0.24,none,19.87,0.66
2026-01-15 09:00:00,S2004,2004,28.34,76.1,44.72,6.22,71915,0.0,23.19,0.35,none,14.24,0.41
2026-01-15 09:00:00,S2015,2015,29.85,73.7,47.99,6.98,70317,0.0,21.26,0.42,none,15.66,3.0
2026-01-15 09:00:00,S2014,2014,28.58,75.0,46.57,6.24,68304,0.0,32.03,0.35,none,14.29,0.47
2026-01-15 09:00:00,S2008,2008,27.91,81.4,55.18,6.7,70735,0.0,28.92,0.31,none,23.71,1.77
2026-01-15 09:00:00,S2005,2005,27.4,76.1,35.1,6.99,71790,2.42,29.87,0.42,none,9.43,3.21
2026-01-15 09:00:00,S2019,2019,28.95,79.4,50.21,6.39,72783,0.0,12.22,0.35,none,19.63,0.47
2026-01-15 09:00:00,S2000,2000,29.49,76.0,42.58,6.96,69579,0.0,16.5,0.42,none,14.07,4.06
2026-01-15 09:00:00,S2009,2009,30.12,73.7,41.96,6.63,69690,0.0,24.44,0.349,none,13.18,0.4
2026-01-15 09:00:00,S2010,2010,28.71,81.7,51.39,6.22,72129,0.0,23.24,0.42,none,22.06,4.34
2026-01-15 09:00:00,S2002,2002,28.96,79.3,49.96,6.81,72573,0.0,9.87,0.24,none,19.42,0.55
2026-01-15 09:00:00,S2006,2006,28.98,73.9,48.21,6.07,69868,0.0,11.45,0.28,none,14.23,2.66
2026-01-15 09:00:00,S2001,2001,28.23,75.4,50.5,6.31,69565,0.0,12.88,0.28,none,16.57,1.95
2026-01-15 09:00:00,S2007,2007,28.94,79.8,50.35,6.57,69351,0.0,15.94,0.24,none,20.02,0.66
2026-01-15 09:00:00,S2018,2018,28.25,74.4,47.24,6.32,68660,0.0,21.74,0.31,none,14.14,1.57
2026-01-15 12:00:00,S2006,2006,32.21,73.7,40.1,7.06,99705,0.0,11.82,0.272,none,16.43,2.79
2026-01-15 12:00:00,S2010,2010,31.17,69.1,29.68,7.14,101551,2.85,22.94,0.396,none,5.46,3.83
2026-01-15 12:00:00,S2005,2005,30.47,69.0,48.03,6.23,98077,0.0,29.25,0.417,none,13.15,3.91
2026-01-15 12:00:00,S2008,2008,32.22,70.6,55.87,6.11,101795,0.0,28.48,0.301,none,21.85,1.53
2026-01-15 12:00:00,S2002,2002,31.56,66.7,34.71,6.26,100897,1.79,10.1,0.234,none,6.84,0.61
2026-01-15 12:00:00,S2015,2015,30.67,70.5,52.32,6.43,98920,0.0,20.97,0.416,none,16.9,3.99
2026-01-15 12:00:00,S2016,2016,32.05,68.6,43.14,6.55,100450,2.4,15.41,0.272,none,13.55,1.84
2026-01-15 12:00:00,S2001,2001,31.01,75.7,49.76,6.36,98218,0.0,12.67,0.276,none,20.46,1.78
2026-01-15 12:00:00,S2004,2004,29.7,75.1,41.86,6.23,100166,0.0,22.82,0.35,none,13.41,0.58
2026-01-15 12:00:00,S2017,2017,29.86,75.7,41.92,6.21,100445,0.0,22.33,0.24,none,14.24,0.63
2026-01-15 12:00:00,S2007,2007,30.67,68.8,39.26,6.66,100546,2.48,15.56,0.238,none,9.01,0.69
2026-01-15 12:00:00,S2009,2009,29.92,72.9,38.86,6.05,99068,2.49,24.52,0.35,none,10.59,0.41
2026-01-15 12:00:00,S2011,2011,32.15,66.4,37.9,6.32,99290,2.6,18.24,0.272,none,9.37,2.28
2026-01-15 12:00:00,S2014,2014,31.23,67.8,36.89,7.18,98345,3.46,31.31,0.344,none,8.14,0.58
2026-01-15 12:00:00,S2013,2013,29.76,76.8,37.66,7.0,101398,0.0,27.91,0.31,none,12.79,1.95
2026-01-15 12:00:00,S2000,2000,29.74,74.7,35.39,6.06,98284,2.55,17.77,0.42,none,9.94,3.95
2026-01-15 12:00:00,S2003,2003,31.86,73.2,28.65,6.26,100430,1.9,11.03,0.287,none,9.61,1.73
2026-01-15 12:00:00,S2012,2012,32.23,72.9,48.5,6.39,102193,0.0,18.01,0.233,none,20.03,0.51
2026-01-15 12:00:00,S2018,2018,29.72,79.4,44.82,7.09,100891,0.0,21.68,0.31,none,18.37,1.88
2026-01-15 12:00:00,S2019,2019,30.83,74.6,46.88,6.25,98731,0.0,12.92,0.346,none,17.78,0.43
2026-01-15 15:00:00,S2015,2015,29.84,74.3,56.48,6.42,69722,0.0,20.41,0.42,none,20.36,3.02
2026-01-15 15:00:00,S2007,2007,29.78,75.1,45.39,6.26,70720,0.0,15.86,0.24,none,15.33,0.8
2026-01-15 15:00:00,S2019,2019,27.98,78.1,39.88,6.23,72055,0.0,12.6,0.35,none,13.42,0.44
2026-01-15 15:00:00,S2005,2005,28.0,76.7,50.86,6.07,69558,0.0,29.0,0.42,none,17.79,4.16
2026-01-15 15:00:00,S2004,2004,27.92,77.6,39.81,6.07,69235,0.0,22.11,0.35,none,12.98,0.58
2026-01-15 15:00:00,S2009,2009,29.69,80.2,64.09,6.06,72990,0.0,24.12,0.35,none,28.59,0.56
2026-01-15 15:00:00,S2012,2012,29.0,77.2,50.87,7.0,70502,0.0,18.31,0.24,none,18.2,0.79
2026-01-15 15:00:00,S2013,2013,29.7,74.8,57.0,6.98,72837,0.0,27.45,0.31,none,20.74,1.84
2026-01-15 15:00:00,S2002,2002,28.41,73.9,50.33,6.56,69143,0.0,10.4,0.24,none,15.29,0.74
2026-01-15 15:00:00,S2017,2017,29.3,73.6,48.01,7.05,71046,0.0,21.4,0.24,none,14.48,0.86
2026-01-15 15:00:00,S2010,2010,28.12,81.3,51.98,6.05,70817,0.0,23.03,0.42,none,22.03,3.02
2026-01-15 15:00:00,S2016,2016,29.88,78.8,50.86,6.07,72058,0.0,16.05,0.28,none,21.23,2.77
2026-01-15 15:00:00,S2001,2001,27.97,84.2,42.01,6.25,69594,0.0,12.07,0.28,none,19.37,2.67
2026-01-15 15:00:00,S2008,2008,27.81,79.2,46.29,7.01,72274,0.0,28.88,0.31,none,17.51,1.21
2026-01-15 15:00:00,S2011,2011,30.52,72.2,49.46,6.32,70832,0.0,18.15,0.278,none,16.53,2.73
2026-01-15 15:00:00,S2003,2003,28.29,75.9,33.29,6.9,68406,1.7,11.88,0.306,none,8.37,1.72
2026-01-15 15:00:00,S2014,2014,29.05,81.4,40.92,6.8,72038,0.0,31.88,0.35,none,16.68,0.43
2026-01-15 15:00:00,S2006,2006,29.97,79.5,50.42,6.56,69165,0.0,11.76,0.28,none,21.75,2.38
2026-01-15 15:00:00,S2018,2018,28.66,83.8,52.83,6.59,69502,0.0,22.73,0.31,none,24.45,1.38
2026-01-15 15:00:00,S2000,2000,29.88,81.2,34.83,6.38,68324,2.55,17.65,0.419,none,15.14,4.58
2026-01-15 18:00:00,S2018,2018,22.57,88.5,58.6,6.19,0,0.0,22.55,0.31,none,31.1,1.69
2026-01-15 18:00:00,S2009,2009,22.22,87.7,63.15,6.62,0,0.0,24.83,0.35,none,32.73,0.56
2026-01-15 18:00:00,S2010,2010,24.84,83.5,73.86,7.16,0,0.0,24.29,0.42,none,34.73,3.43
2026-01-15 18:00:00,S2005,2005,23.42,85.7,64.1,6.67,2041,0.0,30.27,0.42,none,31.61,3.88
2026-01-15 18:00:00,S2006,2006,24.5,90.4,52.35,6.76,0,0.0,12.41,0.28,none,29.5,2.41
2026-01-15 18:00:00,S2000,2000,25.07,90.1,57.81,6.16,0,0.0,17.07,0.42,none,31.98,4.7
2026-01-15 18:00:00,S2001,2001,24.01,91.4,54.4,6.2,0,0.0,12.69,0.28,none,31.32,2.22
2026-01-15 18:00:00,S2007,2007,23.26,93.9,66.67,6.14,1501,0.0,15.82,0.24,none,39.46,0.71
2026-01-15 18:00:00,S2014,2014,22.71,87.1,47.78,6.14,0,0.0,31.99,0.35,none,24.57,0.52
2026-01-15 18:00:00,S2012,2012,23.54,88.6,70.31,6.8,0,0.0,18.22,0.24,none,37.03,0.77
2026-01-15 18:00:00,S2013,2013,22.96,84.6,73.04,6.1,2366,0.0,28.48,0.31,none,35.2,1.39
2026-01-15 18:00:00,S2011,2011,22.55,92.9,56.74,6.02,0,0.0,18.24,0.28,none,33.69,2.05
2026-01-15 18:00:00,S2008,2008,23.99,87.0,52.48,6.78,0,0.0,28.34,0.31,none,26.84,1.56
2026-01-15 18:00:00,S2017,2017,23.92,84.4,43.34,6.51,0,0.0,21.84,0.24,none,20.19,0.71
2026-01-15 18:00:00,S2015,2015,23.83,94.3,92.48,6.07,2321,0.0,20.55,0.42,fungal_leaf_spot,52.68,3.13
2026-01-15 18:00:00,S2002,2002,25.2,84.9,53.15,6.04,2294,0.0,9.9,0.24,none,25.5,0.55
2026-01-15 18:00:00,S2004,2004,23.43,89.9,60.52,6.6,0,0.0,23.32,0.35,none,33.18,0.49
2026-01-15 18:00:00,S2016,2016,25.55,83.9,52.9,6.79,808,0.0,15.49,0.28,none,24.57,2.4
2026-01-15 18:00:00,S2003,2003,22.71,91.5,62.6,6.03,1658,0.0,11.86,0.31,none,35.5,1.54
2026-01-15 18:00:00,S2019,2019,23.45,91.1,74.95,7.14,0,0.0,12.34,0.35,none,41.35,0.51
2026-01-15 21:00:00,S2019,2019,24.84,86.4,51.13,6.76,601,0.0,12.2,0.35,none,25.69,0.46
2026-01-15 21:00:00,S2000,2000,24.82,83.6,60.26,6.4,561,0.0,17.68,0.42,none,28.01,4.12
2026-01-15 21:00:00,S2002,2002,25.3,87.9,47.15,6.92,0,0.0,9.93,0.24,none,24.9,0.83
2026-01-15 21:00:00,S2005,2005,24.09,81.0,58.89,7.14,970,0.0,29.92,0.42,none,25.25,3.35
2026-01-15 21:00:00,S2010,2010,24.83,87.6,49.87,7.07,0,0.0,24.01,0.42,none,26.01,4.7
2026-01-15 21:00:00,S2007,2007,25.57,85.7,49.26,6.52,0,0.0,15.72,0.24,none,24.19,0.6
2026-01-15 21:00:00,S2016,2016,24.46,88.7,51.3,6.63,1515,0.0,15.5,0.28,none,27.61,2.35
2026-01-15 21:00:00,S2017,2017,23.51,86.2,76.1,6.89,0,0.0,21.48,0.24,none,38.01,0.59
2026-01-15 21:00:00,S2003,2003,23.59,90.1,68.67,6.8,0,0.0,11.51,0.31,none,37.41,1.6
2026-01-15 21:00:00,S2009,2009,23.68,91.9,72.92,7.16,1936,0.0,24.86,0.35,none,40.98,0.43
2026-01-15 21:00:00,S2001,2001,24.98,86.0,60.03,6.29,0,0.0,12.14,0.28,none,29.82,2.82
2026-01-15 21:00:00,S2004,2004,24.55,85.7,70.66,6.77,395,0.0,22.78,0.35,none,34.89,0.44
2026-01-15 21:00:00,S2013,2013,22.53,85.5,60.87,6.99,0,0.0,28.54,0.31,none,29.84,1.81
2026-01-15 21:00:00,S2015,2015,23.52,87.7,61.21,6.45,0,0.0,20.3,0.42,none,31.77,3.93
2026-01-15 21:00:00,S2014,2014,24.9,93.0,53.46,6.91,2088,0.0,31.81,0.35,none,32.13,0.54
2026-01-15 21:00:00,S2008,2008,23.85,84.2,73.78,6.44,363,0.0,28.54,0.31,none,35.25,1.39
2026-01-15 21:00:00,S2012,2012,24.62,87.5,48.49,6.05,0,0.0,18.03,0.24,none,25.25,0.8
2026-01-15 21:00:00,S2011,2011,23.38,95.0,56.82,6.14,2027,0.0,18.22,0.28,none,35.41,2.96
2026-01-15 21:00:00,S2018,2018,24.41,87.0,55.66,6.79,0,0.0,22.79,0.31,none,28.43,1.43
2026-01-15 21:00:00,S2006,2006,22.81,87.7,57.65,6.63,687,0.0,12.01,0.28,none,29.99,2.8
2026-01-16 00:00:00,S2016,2016,24.31,84.0,50.23,6.51,2289,0.0,16.02,0.28,none,23.32,2.1
2026-01-16 00:00:00,S2019,2019,24.33,88.4,44.36,6.94,321,0.0,13.07,0.35,none,23.9,0.47
2026-01-16 00:00:00,S2000,2000,23.11,88.0,66.73,6.28,1703,0.0,17.17,0.42,none,34.77,3.9
2026-01-16 00:00:00,S2002,2002,22.93,88.3,61.6,6.19,0,0.0,10.1,0.24,none,32.44,0.53
2026-01-16 00:00:00,S2007,2007,23.68,90.8,47.74,6.4,0,0.0,15.58,0.24,none,27.51,0.66
2026-01-16 00:00:00,S2017,2017,23.88,89.4,60.54,6.85,0,0.0,21.82,0.24,none,32.79,0.68
2026-01-16 00:00:00,S2001,2001,24.43,87.7,55.0,6.62,2330,0.0,13.13,0.28,none,28.66,2.58
2026-01-16 00:00:00,S2008,2008,23.5,88.6,74.22,6.6,0,0.0,29.31,0.31,none,38.99,1.54
2026-01-16 00:00:00,S2013,2013,24.48,86.7,44.68,6.14,1449,0.0,28.41,0.31,none,22.7,1.62
2026-01-16 00:00:00,S2014,2014,25.47,81.1,51.6,6.17,0,0.0,32.34,0.35,none,21.68,0.57
2026-01-16 00:00:00,S2012,2012,25.39,83.2,54.02,6.97,1055,0.0,18.14,0.24,none,24.57,0.75
2026-01-16 00:00:00,S2006,2006,24.61,91.5,52.87,7.0,227,0.0,12.39,0.28,none,30.64,1.87
2026-01-16 00:00:00,S2010,2010,23.05,89.6,62.48,6.2,1793,0.0,24.97,0.42,none,33.92,4.73
2026-01-16 00:00:00,S2005,2005,23.11,89.2,84.43,6.91,0,0.0,29.41,0.42,none,44.58,2.96
2026-01-16 00:00:00,S2011,2011,23.45,88.3,50.26,6.31,2388,0.0,18.48,0.28,none,26.77,2.65
2026-01-16 00:00:00,S2004,2004,22.59,94.1,54.58,6.57,1595,0.0,23.11,0.35,none,33.57,0.39
2026-01-16 00:00:00,S2015,2015,23.72,86.1,53.65,7.15,0,0.0,20.83,0.42,none,26.7,3.17
2026-01-16 00:00:00,S2003,2003,25.48,84.3,67.03,6.33,2254,0.0,11.79,0.31,none,31.95,1.39
2026-01-16 00:00:00,S2009,2009,23.03,92.6,52.0,6.99,0,0.0,24.48,0.35,none,31.08,0.4
2026-01-16 00:00:00,S2018,2018,23.52,91.7,46.96,6.53,460,0.0,21.94,0.31,none,27.84,1.25
2026-01-16 03:00:00,S2011,2011,22.37,88.7,60.26,7.02,516,0.0,18.21,0.28,none,32.09,1.99
2026-01-16 03:00:00,S2005,2005,23.14,86.1,76.71,7.17,854,0.0,29.58,0.42,none,38.23,4.2
2026-01-16 03:00:00,S2003,2003,25.0,82.8,62.04,7.05,0,0.0,11.65,0.31,none,28.26,1.68
2026-01-16 03:00:00,S2006,2006,23.77,89.0,59.45,6.43,689,0.0,12.46,0.28,none,31.93,2.86
2026-01-16 03:00:00,S2014,2014,22.78,90.6,59.67,6.8,1714,0.0,31.71,0.35,none,33.31,0.42
2026-01-16 03:00:00,S2001,2001,24.55,88.0,77.18,7.08,1743,0.0,13.16,0.28,none,39.99,2.07
2026-01-16 03:00:00,S2002,2002,25.17,81.8,47.91,6.07,2196,0.0,10.35,0.24,none,20.39,0.81
2026-01-16 03:00:00,S2004,2004,23.08,93.7,55.42,6.5,0,0.0,22.75,0.35,none,33.67,0.52
2026-01-16 03:00:00,S2012,2012,23.5,88.8,69.3,6.63,1756,0.0,18.27,0.24,none,36.69,0.75
2026-01-16 03:00:00,S2008,2008,25.04,89.6,72.56,6.15,2483,0.0,29.83,0.31,none,38.96,1.72
2026-01-16 03:00:00,S2013,2013,24.82,88.5,51.78,6.55,0,0.0,27.85,0.31,none,27.69,1.78
2026-01-16 03:00:00,S2019,2019,24.52,85.0,44.55,6.2,287,0.0,12.52,0.35,none,21.27,0.62
2026-01-16 03:00:00,S2016,2016,23.22,85.0,51.96,6.87,0,0.0,15.62,0.28,none,24.98,1.89
2026-01-16 03:00:00,S2018,2018,25.37,84.9,50.86,7.06,0,0.0,22.15,0.31,none,24.35,1.88
2026-01-16 03:00:00,S2010,2010,25.14,88.4,48.82,6.78,0,0.0,24.97,0.42,none,26.13,4.37
2026-01-16 03:00:00,S2009,2009,24.47,83.9,58.93,7.18,0,0.0,24.22,0.35,none,27.59,0.54
2026-01-16 03:00:00,S2017,2017,24.23,81.7,43.74,7.08,0,0.0,21.7,0.24,none,18.23,0.65
2026-01-16 03:00:00,S2000,2000,23.92,89.8,57.69,6.02,0,0.0,17.61,0.42,none,31.68,3.78
2026-01-16 03:00:00,S2007,2007,25.32,90.1,57.43,6.96,1811,0.0,15.6,0.24,none,31.79,0.77
2026-01-16 03:00:00,S2015,2015,24.51,89.3,52.79,6.85,0,0.0,21.83,0.42,none,28.83,3.01
2026-01-16 06:00:00,S2008,2008,23.15,92.2,60.21,6.32,64,0.0,29.43,0.31,none,34.87,1.93
2026-01-16 06:00:00,S2007,2007,25.48,87.4,55.54,6.91,0,0.0,16.59,0.24,none,28.69,0.67
2026-01-16 06:00:00,S2005,2005,23.13,93.3,65.6,6.19,0,0.0,30.53,0.42,none,38.44,4.33
2026-01-16 06:00:00,S2015,2015,23.99,87.3,53.92,6.05,1829,0.0,21.58,0.42,none,27.8,3.12
2026-01-16 06:00:00,S2009,2009,22.32,85.3,62.06,6.2,0,0.0,25.29,0.35,none,30.27,0.47
2026-01-16 06:00:00,S2002,2002,24.85,87.5,62.65,6.19,0,0.0,9.93,0.24,none,32.33,0.83
2026-01-16 06:00:00,S2003,2003,24.72,92.9,58.21,6.27,596,0.0,12.36,0.31,none,34.43,1.62
2026-01-16 06:00:00,S2004,2004,25.64,80.5,59.39,6.47,0,0.0,23.67,0.35,none,25.1,0.38
2026-01-16 06:00:00,S2014,2014,25.22,80.4,52.4,6.13,1962,0.0,32.36,0.35,none,21.52,0.58
2026-01-16 06:00:00,S2000,2000,23.71,88.2,56.64,6.39,0,0.0,16.63,0.42,none,29.88,3.82
2026-01-16 06:00:00,S2017,2017,24.2,86.8,53.03,6.52,942,0.0,22.03,0.24,none,26.95,0.62
2026-01-16 06:00:00,S2006,2006,23.91,86.3,48.8,6.43,254,0.0,12.04,0.28,none,24.44,2.13
2026-01-16 06:00:00,S2001,2001,24.6,91.5,68.01,7.12,0,0.0,12.57,0.28,none,38.21,2.49
2026-01-16 06:00:00,S2010,2010,24.97,83.4,52.38,6.05,0,0.0,24.51,0.42,none,23.91,3.49
2026-01-16 06:00:00,S2019,2019,24.83,80.7,48.27,6.49,0,0.0,12.92,0.35,none,19.7,0.55
2026-01-16 06:00:00,S2012,2012,23.17,93.0,45.8,6.96,1683,0.0,18.29,0.24,none,28.3,0.68
2026-01-16 06:00:00,S2013,2013,24.95,87.5,51.85,7.19,0,0.0,28.36,0.31,none,26.93,1.59
2026-01-16 06:00:00,S2016,2016,24.77,84.1,61.41,6.08,0,0.0,16.46,0.28,none,28.98,2.23
2026-01-16 06:00:00,S2018,2018,23.49,87.1,60.7,6.52,0,0.0,22.45,0.31,none,31.03,1.35
2026-01-16 06:00:00,S2011,2011,23.67,85.4,70.07,6.39,0,0.0,17.59,0.28,none,34.36,2.65
2026-01-16 09:00:00,S2013,2013,30.33,75.9,49.22,6.44,68791,0.0,28.2,0.309,none,18.99,1.25
2026-01-16 09:00:00,S2015,2015,30.12,77.7,40.99,6.65,71296,2.34,20.83,0.419,none,15.9,4.07
2026-01-16 09:00:00,S2007,2007,30.5,78.7,54.61,7.08,68879,0.0,16.02,0.238,none,24.27,0.55
2026-01-16 09:00:00,S2011,2011,30.35,72.9,54.38,6.2,71601,0.0,18.13,0.279,none,19.21,2.61
2026-01-16 09:00:00,S2004,2004,27.48,83.1,55.31,6.22,70027,0.0,22.81,0.35,none,25.13,0.41
2026-01-16 09:00:00,S2001,2001,28.69,74.2,45.95,6.13,72849,0.0,13.19,0.28,none,13.34,2.21
2026-01-16 09:00:00,S2012,2012,28.91,78.6,44.58,6.49,69584,0.0,18.65,0.24,none,16.17,0.73
2026-01-16 09:00:00,S2019,2019,27.64,82.6,38.07,6.23,69594,0.0,12.11,0.35,none,16.11,0.57
2026-01-16 09:00:00,S2014,2014,29.06,75.9,41.79,6.97,69100,0.0,32.05,0.35,none,12.74,0.46
2026-01-16 09:00:00,S2005,2005,29.81,70.5,52.73,7.15,70728,0.0,31.03,0.42,none,15.38,3.43
2026-01-16 09:00:00,S2017,2017,28.71,79.6,47.9,6.08,70042,0.0,21.64,0.24,none,18.63,0.59
2026-01-16 09:00:00,S2010,2010,28.49,80.6,48.35,6.92,69284,0.0,24.7,0.42,none,19.65,4.48
2026-01-16 09:00:00,S2000,2000,28.2,76.5,39.18,6.69,72987,0.0,16.7,0.42,none,11.79,3.47
2026-01-16 09:00:00,S2008,2008,29.14,76.6,38.67,6.86,69921,2.43,29.11,0.31,none,11.89,1.45
2026-01-16 09:00:00,S2018,2018,28.85,77.5,39.88,6.34,69401,0.0,22.29,0.31,none,12.94,1.3
2026-01-16 09:00:00,S2003,2003,29.86,72.2,44.28,6.88,71783,0.0,11.19,0.31,none,12.62,1.5
2026-01-16 09:00:00,S2016,2016,29.38,76.8,52.19,6.59,70603,0.0,15.58,0.28,none,19.29,2.29
2026-01-16 09:00:00,S2009,2009,27.66,84.6,73.48,6.86,71287,0.0,25.04,0.35,none,35.42,0.59
2026-01-16 09:00:00,S2006,2006,29.73,75.4,57.37,7.04,68682,0.0,12.31,0.28,none,21.47,2.76
2026-01-16 09:00:00,S2002,2002,28.06,82.2,34.65,6.89,70371,2.48,10.71,0.239,none,14.09,0.55
2026-01-16 12:00:00,S2006,2006,32.01,69.7,52.37,7.04,101138,0.0,12.4,0.272,none,18.96,2.7
2026-01-16 12:00:00,S2000,2000,31.03,70.8,39.08,6.78,100051,2.5,18.3,0.414,none,11.24,4.61
2026-01-16 12:00:00,S2017,2017,29.73,79.4,41.63,6.28,101978,0.0,21.66,0.24,none,16.8,0.72
2026-01-16 12:00:00,S2003,2003,32.02,68.4,38.69,6.85,100948,1.68,11.55,0.301,none,11.11,1.51
2026-01-16 12:00:00,S2013,2013,32.04,71.5,45.6,6.77,99607,0.0,29.02,0.301,none,17.08,1.43
2026-01-16 12:00:00,S2012,2012,30.13,71.6,45.24,6.73,99962,0.0,18.18,0.24,none,13.16,0.59
2026-01-16 12:00:00,S2014,2014,31.59,67.1,38.92,6.51,102429,3.41,31.98,0.342,none,9.32,0.56
2026-01-16 12:00:00,S2019,2019,29.99,71.7,72.34,6.76,100458,0.0,13.39,0.35,none,26.51,0.51
2026-01-16 12:00:00,S2005,2005,30.47,68.4,36.89,6.38,101050,2.54,29.67,0.417,none,7.11,4.43
2026-01-16 12:00:00,S2001,2001,31.46,73.1,61.6,6.87,98201,0.0,12.26,0.274,none,25.2,1.86
2026-01-16 12:00:00,S2004,2004,30.8,74.3,34.17,6.24,100691,2.65,22.6,0.344,none,11.12,0.48
2026-01-16 12:00:00,S2018,2018,31.72,70.4,38.46,6.32,98756,0.0,22.88,0.303,none,11.99,1.51
2026-01-16 12:00:00,S2009,2009,30.33,75.3,62.56,6.36,100224,0.0,25.46,0.348,none,25.18,0.41
2026-01-16 12:00:00,S2011,2011,30.46,80.8,57.72,6.46,98291,0.0,18.15,0.278,none,27.42,2.41
2026-01-16 12:00:00,S2015,2015,31.62,72.9,38.62,6.81,99159,2.49,22.04,0.411,none,13.87,4.2
2026-01-16 12:00:00,S2008,2008,31.61,70.7,53.48,6.4,100006,0.0,29.44,0.303,none,19.52,1.69
2026-01-16 12:00:00,S2007,2007,29.38,77.6,32.63,7.18,100455,2.66,16.27,0.236,none,10.15,0.71
2026-01-16 12:00:00,S2010,2010,29.62,75.8,49.02,6.75,100525,0.0,24.65,0.42,none,17.39,3.68
2026-01-16 12:00:00,S2002,2002,30.22,77.8,37.73,6.16,101878,2.48,10.26,0.239,none,14.54,0.66
2026-01-16 12:00:00,S2016,2016,29.87,78.5,36.54,6.35,99185,2.58,16.2,0.28,none,13.81,2.67
2026-01-16 15:00:00,S2006,2006,29.45,80.4,48.37,6.54,71542,0.0,12.61,0.28,none,20.41,2.99
2026-01-16 15:00:00,S2016,2016,27.69,76.5,44.84,6.84,68623,0.0,16.36,0.28,none,14.62,2.94
2026-01-16 15:00:00,S2017,2017,30.17,75.4,56.72,6.77,68443,0.0,21.94,0.239,none,22.02,0.67
2026-01-16 15:00:00,S2018,2018,27.95,74.0,47.17,6.67,68313,0.0,22.67,0.31,none,13.79,1.2
2026-01-16 15:00:00,S2010,2010,28.35,72.9,52.57,7.06,72051,0.0,23.25,0.42,none,15.61,3.85
2026-01-16 15:00:00,S2000,2000,29.73,76.8,42.19,6.55,71658,2.36,17.7,0.42,none,14.99,4.59
2026-01-16 15:00:00,S2012,2012,30.56,79.5,54.5,6.18,71672,0.0,18.36,0.238,none,24.97,0.74
2026-01-16 15:00:00,S2015,2015,29.05,76.9,52.23,6.69,72278,0.0,20.61,0.42,none,18.74,4.28
2026-01-16 15:00:00,S2005,2005,27.44,83.3,45.64,6.93,68998,0.0,30.11,0.42,none,20.46,3.69
2026-01-16 15:00:00,S2019,2019,30.18,70.4,39.95,6.58,72332,1.63,12.84,0.349,none,9.66,0.54
2026-01-16 15:00:00,S2001,2001,29.1,76.1,40.0,6.87,68436,0.0,12.99,0.28,none,12.08,1.81
2026-01-16 15:00:00,S2013,2013,29.19,72.4,33.72,6.76,71809,3.4,27.76,0.307,none,6.16,1.68
2026-01-16 15:00:00,S2014,2014,28.78,78.8,52.14,6.04,71232,0.0,32.35,0.35,none,20.11,0.54
2026-01-16 15:00:00,S2002,2002,30.08,79.6,49.12,6.66,71954,0.0,10.34,0.24,none,21.4,0.65
2026-01-16 15:00:00,S2008,2008,29.41,71.8,52.12,6.08,70012,0.0,29.71,0.31,none,15.32,1.93
2026-01-16 15:00:00,S2003,2003,29.5,73.2,56.01,6.13,70416,0.0,12.13,0.31,none,18.57,1.96
2026-01-16 15:00:00,S2004,2004,28.17,79.0,41.61,6.21,69551,0.0,22.42,0.35,none,15.01,0.62
2026-01-16 15:00:00,S2009,2009,30.14,71.2,45.93,6.88,72220,0.0,24.86,0.349,none,13.21,0.4
2026-01-16 15:00:00,S2007,2007,27.95,81.9,39.63,6.31,68706,2.36,15.78,0.24,none,16.34,0.58
2026-01-16 15:00:00,S2011,2011,28.86,81.1,45.99,6.67,69199,0.0,17.51,0.28,none,18.87,2.76
2026-01-16 18:00:00,S2015,2015,22.81,90.3,50.66,6.76,24,0.0,20.47,0.42,none,28.57,3.85
2026-01-16 18:00:00,S2016,2016,23.17,83.3,59.05,6.86,0,0.0,15.95,0.28,none,27.16,1.83
2026-01-16 18:00:00,S2008,2008,23.31,89.8,50.84,6.9,0,0.0,29.02,0.31,none,28.26,1.93
2026-01-16 18:00:00,S2017,2017,22.71,86.3,52.79,6.21,0,0.0,21.92,0.24,none,26.43,0.73
2026-01-16 18:00:00,S2007,2007,23.2,88.5,55.24,7.1,1289,0.0,15.87,0.24,none,29.42,0.85
2026-01-16 18:00:00,S2001,2001,23.87,91.3,58.77,7.16,2498,0.0,12.31,0.28,none,33.42,2.61
2026-01-16 18:00:00,S2006,2006,25.1,87.2,68.16,6.62,855,0.0,12.79,0.28,none,34.84,2.0
2026-01-16 18:00:00,S2002,2002,24.91,90.4,45.17,6.26,1525,0.0,10.6,0.24,none,25.91,0.77
2026-01-16 18:00:00,S2009,2009,23.2,90.3,54.85,6.74,1667,0.0,25.44,0.35,none,30.66,0.49
2026-01-16 18:00:00,S2000,2000,22.83,88.8,60.39,6.7,0,0.0,17.37,0.42,none,32.23,4.43
2026-01-16 18:00:00,S2013,2013,22.52,88.3,62.65,6.72,1154,0.0,28.09,0.31,none,32.97,1.55
2026-01-16 18:00:00,S2018,2018,25.16,80.8,55.57,6.67,0,0.0,22.64,0.31,none,23.43,1.8
2026-01-16 18:00:00,S2003,2003,23.21,84.6,49.34,6.62,0,0.0,12.05,0.31,none,23.35,1.54
2026-01-16 18:00:00,S2010,2010,22.14,89.2,57.07,6.12,2466,0.0,24.96,0.42,none,30.9,3.09
2026-01-16 18:00:00,S2004,2004,23.97,86.2,68.61,6.16,2225,0.0,23.13,0.35,none,34.27,0.49
2026-01-16 18:00:00,S2014,2014,23.32,89.2,44.8,6.66,0,0.0,32.53,0.35,none,24.76,0.6
2026-01-16 18:00:00,S2019,2019,23.61,83.5,61.43,6.17,335,0.0,12.05,0.35,none,28.52,0.46
2026-01-16 18:00:00,S2011,2011,23.24,91.2,51.89,6.35,0,0.0,17.53,0.28,none,29.91,2.22
2026-01-16 18:00:00,S2005,2005,23.22,91.6,74.41,6.41,0,0.0,31.06,0.42,none,41.48,4.23
2026-01-16 18:00:00,S2012,2012,25.72,80.6,60.96,6.11,0,0.0,18.21,0.24,none,25.96,0.71
2026-01-16 21:00:00,S2010,2010,25.15,80.6,58.56,6.12,0,0.0,24.25,0.42,none,24.76,4.23
2026-01-16 21:00:00,S2015,2015,23.35,91.7,63.01,7.01,0,0.0,21.28,0.42,none,35.87,2.92
2026-01-16 21:00:00,S2019,2019,22.33,93.3,63.98,6.45,0,0.0,11.97,0.35,none,37.63,0.55
2026-01-16 21:00:00,S2018,2018,22.78,86.9,61.73,6.31,642,0.0,21.8,0.31,none,31.39,1.82
2026-01-16 21:00:00,S2000,2000,24.43,82.5,59.43,6.84,568,0.0,18.12,0.42,none,26.71,4.33
2026-01-16 21:00:00,S2001,2001,24.5,87.0,60.49,6.45,1340,0.0,12.33,0.28,none,30.85,2.8
2026-01-16 21:00:00,S2006,2006,23.01,90.3,61.29,6.48,892,0.0,12.48,0.28,none,33.88,2.89
2026-01-16 21:00:00,S2004,2004,23.47,85.5,62.57,7.08,1549,0.0,22.54,0.35,none,30.69,0.39
2026-01-16 21:00:00,S2016,2016,25.76,86.5,62.86,6.41,2174,0.0,16.59,0.28,none,31.63,2.67
2026-01-16 21:00:00,S2012,2012,23.05,85.7,56.7,6.82,0,0.0,17.94,0.24,none,27.91,0.66
2026-01-16 21:00:00,S2008,2008,23.39,92.9,60.17,6.41,771,0.0,29.97,0.31,none,35.41,1.81
2026-01-16 21:00:00,S2011,2011,23.87,85.1,55.99,6.68,0,0.0,18.18,0.28,none,27.07,2.73
2026-01-16 21:00:00,S2014,2014,22.44,85.8,71.22,6.84,531,0.0,31.45,0.35,none,35.25,0.39
2026-01-16 21:00:00,S2003,2003,22.64,88.7,56.3,6.57,1910,0.0,12.51,0.31,none,30.11,1.82
2026-01-16 21:00:00,S2007,2007,23.34,91.9,58.69,6.01,0,0.0,16.21,0.24,none,33.87,0.53
2026-01-16 21:00:00,S2013,2013,23.15,91.1,60.2,6.31,0,0.0,27.8,0.31,none,33.98,1.21
2026-01-16 21:00:00,S2002,2002,23.28,90.1,78.79,6.94,0,0.0,9.93,0.24,none,42.48,0.71
2026-01-16 21:00:00,S2017,2017,23.37,88.2,47.22,6.7,151,0.0,21.81,0.24,none,25.17,0.84
2026-01-16 21:00:00,S2009,2009,25.06,81.7,58.47,6.73,674,0.0,24.91,0.35,none,25.6,0.6
2026-01-16 21:00:00,S2005,2005,24.11,88.5,54.06,6.27,2250,0.0,31.02,0.42,none,28.83,3.51
2026-01-17 00:00:00,S2018,2018,22.76,87.0,69.26,6.27,0,0.0,22.27,0.31,none,35.23,1.93
2026-01-17 00:00:00,S2013,2013,24.36,82.8,52.64,6.15,42,0.0,29.07,0.31,none,23.56,1.45
2026-01-17 00:00:00,S2008,2008,25.25,88.5,82.89,6.51,0,0.0,29.58,0.31,none,43.25,1.79
2026-01-17 00:00:00,S2009,2009,24.13,91.6,54.72,6.44,0,0.0,25.24,0.35,none,31.64,0.38
2026-01-17 00:00:00,S2004,2004,23.68,87.0,58.04,7.01,2413,0.0,23.0,0.35,none,29.62,0.38
2026-01-17 00:00:00,S2003,2003,22.61,93.2,63.41,6.31,0,0.0,11.71,0.31,none,37.27,1.73
2026-01-17 00:00:00,S2014,2014,22.6,88.5,67.41,6.98,0,0.0,31.54,0.35,none,35.5,0.5
2026-01-17 00:00:00,S2000,2000,23.34,89.6,72.15,6.51,0,0.0,18.35,0.42,none,38.75,3.36
2026-01-17 00:00:00,S2007,2007,22.75,94.2,56.81,6.34,0,0.0,16.18,0.24,none,34.77,0.69
2026-01-17 00:00:00,S2015,2015,22.72,96.2,51.91,6.77,0,0.0,21.28,0.42,none,33.91,4.73
2026-01-17 00:00:00,S2006,2006,25.5,88.9,51.72,6.98,2388,0.0,12.7,0.28,none,27.98,2.41
2026-01-17 00:00:00,S2002,2002,22.65,87.6,65.04,6.54,66,0.0,10.55,0.24,none,33.6,0.85
2026-01-17 00:00:00,S2010,2010,24.94,88.4,50.91,7.17,0,0.0,24.57,0.42,none,27.18,3.15
2026-01-17 00:00:00,S2005,2005,22.56,92.1,58.47,6.88,1725,0.0,30.76,0.42,none,33.91,4.29
2026-01-17 00:00:00,S2011,2011,22.65,91.8,79.18,6.91,2010,0.0,18.37,0.28,none,44.03,2.87
2026-01-17 00:00:00,S2017,2017,25.19,80.9,68.45,6.76,1940,0.0,22.3,0.24,none,29.95,0.81
2026-01-17 00:00:00,S2012,2012,24.34,85.7,58.97,6.32,2170,0.0,18.62,0.24,none,29.05,0.53
2026-01-17 00:00:00,S2019,2019,24.03,84.9,57.37,6.42,0,0.0,13.12,0.35,none,27.61,0.58
2026-01-17 00:00:00,S2016,2016,23.54,89.8,52.68,6.28,0,0.0,17.01,0.28,none,29.18,2.67
2026-01-17 00:00:00,S2001,2001,25.04,85.6,53.09,6.87,0,0.0,12.57,0.28,none,26.02,2.25
2026-01-17 03:00:00,S2003,2003,22.9,90.0,52.85,6.25,271,0.0,11.52,0.31,none,29.43,1.21
2026-01-17 03:00:00,S2007,2007,23.55,92.7,56.74,7.05,0,0.0,16.74,0.24,none,33.53,0.61
2026-01-17 03:00:00,S2014,2014,22.88,94.5,60.1,6.21,33,0.0,33.14,0.35,none,36.65,0.51
2026-01-17 03:00:00,S2011,2011,23.84,85.1,44.55,6.67,0,0.0,18.23,0.28,none,21.35,2.75
2026-01-17 03:00:00,S2006,2006,23.18,94.1,52.77,6.76,0,0.0,12.64,0.28,none,32.66,2.61
2026-01-17 03:00:00,S2000,2000,22.9,91.5,50.81,6.82,0,0.0,18.82,0.42,none,29.61,3.66
2026-01-17 03:00:00,S2012,2012,24.84,88.0,62.04,7.03,2042,0.0,18.64,0.24,none,32.42,0.79
2026-01-17 03:00:00,S2013,2013,23.45,90.6,62.06,6.87,1105,0.0,29.1,0.31,none,34.51,1.51
2026-01-17 03:00:00,S2019,2019,23.04,90.4,66.9,6.85,1453,0.0,12.65,0.35,none,36.77,0.4
2026-01-17 03:00:00,S2005,2005,24.88,84.5,59.8,6.82,0,0.0,31.19,0.42,none,28.5,3.95
2026-01-17 03:00:00,S2018,2018,25.61,78.9,61.94,7.14,0,0.0,22.66,0.31,none,25.09,1.56
2026-01-17 03:00:00,S2015,2015,22.7,90.5,52.65,6.99,2295,0.0,20.88,0.42,none,29.73,3.47
2026-01-17 03:00:00,S2016,2016,25.27,81.1,60.48,6.95,0,0.0,16.92,0.28,none,26.12,2.78
2026-01-17 03:00:00,S2001,2001,22.56,90.1,49.68,7.05,38,0.0,13.29,0.28,none,27.92,2.9
2026-01-17 03:00:00,S2008,2008,25.68,81.7,58.56,6.03,0,0.0,29.75,0.31,none,25.64,1.75
2026-01-17 03:00:00,S2004,2004,24.23,83.8,60.97,6.2,0,0.0,23.84,0.35,none,28.52,0.62
2026-01-17 03:00:00,S2010,2010,23.89,92.4,56.37,6.65,0,0.0,23.62,0.42,none,33.11,3.57
2026-01-17 03:00:00,S2017,2017,24.72,87.9,55.44,6.63,273,0.0,22.57,0.24,none,29.04,0.83
2026-01-17 03:00:00,S2009,2009,23.42,87.0,52.31,6.62,0,0.0,26.02,0.35,none,26.76,0.62
2026-01-17 03:00:00,S2002,2002,23.18,85.0,58.28,6.37,1810,0.0,10.12,0.24,none,28.14,0.62
2026-01-17 06:00:00,S2013,2013,25.1,89.8,56.13,6.27,0,0.0,28.73,0.31,none,30.91,1.96
2026-01-17 06:00:00,S2000,2000,24.86,86.2,59.44,7.19,1801,0.0,18.59,0.42,none,29.68,4.24
2026-01-17 06:00:00,S2010,2010,24.78,89.0,52.75,6.87,1722,0.0,24.86,0.42,none,28.58,3.03
2026-01-17 06:00:00,S2006,2006,24.34,84.0,54.65,6.28,837,0.0,12.11,0.28,none,25.53,1.82
2026-01-17 06:00:00,S2009,2009,25.18,78.7,59.18,6.08,0,0.0,25.12,0.35,none,23.55,0.53
2026-01-17 06:00:00,S2002,2002,24.27,88.8,65.72,6.43,0,0.0,10.2,0.24,none,34.9,0.65
2026-01-17 06:00:00,S2007,2007,24.83,85.2,53.68,6.1,0,0.0,15.8,0.24,none,26.0,0.69
2026-01-17 06:00:00,S2001,2001,25.28,85.6,50.39,6.83,0,0.0,13.24,0.28,none,24.67,2.81
2026-01-17 06:00:00,S2019,2019,22.52,96.1,63.58,7.15,0,0.0,12.77,0.35,none,39.67,0.55
2026-01-17 06:00:00,S2003,2003,24.72,85.0,54.2,7.06,1892,0.0,12.84,0.31,none,26.1,1.71
2026-01-17 06:00:00,S2005,2005,23.32,87.0,59.47,6.85,1294,0.0,31.34,0.42,none,30.34,3.08
2026-01-17 06:00:00,S2018,2018,23.73,83.4,43.32,7.11,0,0.0,23.41,0.31,none,19.38,1.58
2026-01-17 06:00:00,S2012,2012,22.44,96.0,55.5,6.08,1820,0.0,18.86,0.24,none,35.55,0.71
2026-01-17 06:00:00,S2004,2004,23.0,91.3,53.48,7.01,0,0.0,23.11,0.35,none,30.78,0.47
2026-01-17 06:00:00,S2008,2008,24.42,90.0,51.58,6.24,0,0.0,29.38,0.31,none,28.79,1.23
2026-01-17 06:00:00,S2014,2014,24.57,83.5,49.96,6.41,0,0.0,32.18,0.35,none,22.78,0.58
2026-01-17 06:00:00,S2016,2016,23.67,91.7,53.43,6.72,0,0.0,16.95,0.28,none,31.08,2.46
2026-01-17 06:00:00,S2015,2015,25.19,88.6,55.76,6.9,2134,0.0,21.41,0.42,none,29.76,3.01
2026-01-17 06:00:00,S2017,2017,24.98,85.1,61.32,6.77,0,0.0,22.84,0.24,none,29.74,0.63
2026-01-17 06:00:00,S2011,2011,23.93,84.9,52.85,6.39,0,0.0,18.84,0.28,none,25.35,2.4
2026-01-17 09:00:00,S2017,2017,27.66,82.9,45.62,6.03,70833,0.0,22.34,0.24,none,20.13,0.75
2026-01-17 09:00:00,S2002,2002,30.39,70.6,45.15,6.03,71849,0.0,10.84,0.239,none,12.83,0.69
2026-01-17 09:00:00,S2015,2015,30.16,79.3,46.98,6.79,71646,0.0,20.89,0.419,none,20.25,4.59
2026-01-17 09:00:00,S2018,2018,27.4,80.0,35.76,6.95,71954,2.47,22.68,0.31,none,12.88,1.36
2026-01-17 09:00:00,S2010,2010,28.78,73.7,56.31,6.96,70109,0.0,25.21,0.42,none,18.12,3.73
2026-01-17 09:00:00,S2005,2005,29.59,78.5,36.49,6.07,70875,2.48,30.11,0.42,none,13.23,4.25
2026-01-17 09:00:00,S2019,2019,29.1,74.0,52.88,7.09,72473,0.0,13.39,0.35,none,16.84,0.47
2026-01-17 09:00:00,S2004,2004,27.64,83.2,47.59,7.16,71749,0.0,22.58,0.35,none,21.36,0.5
2026-01-17 09:00:00,S2006,2006,29.93,73.9,47.67,6.09,68574,0.0,12.9,0.28,none,15.82,2.82
2026-01-17 09:00:00,S2009,2009,27.44,82.9,50.42,7.02,72258,0.0,25.37,0.35,none,22.53,0.58
2026-01-17 09:00:00,S2011,2011,27.53,80.7,40.81,6.9,70907,0.0,18.35,0.28,none,15.97,1.82
2026-01-17 09:00:00,S2001,2001,27.98,84.9,40.15,6.38,69814,0.0,13.24,0.28,none,19.0,2.52
2026-01-17 09:00:00,S2000,2000,27.83,84.6,46.45,6.75,72648,0.0,18.49,0.42,none,21.9,3.47
2026-01-17 09:00:00,S2008,2008,29.51,80.8,52.05,6.11,68469,0.0,30.18,0.31,none,22.69,1.56
2026-01-17 09:00:00,S2016,2016,29.43,76.7,45.28,6.37,71492,0.0,16.49,0.28,none,15.86,2.04
2026-01-17 09:00:00,S2012,2012,28.05,77.3,39.63,6.04,68244,2.36,18.93,0.24,none,12.66,0.57
2026-01-17 09:00:00,S2014,2014,28.95,76.5,58.06,6.73,72039,0.0,33.03,0.35,none,21.23,0.59
2026-01-17 09:00:00,S2013,2013,27.61,85.0,53.73,7.04,68750,0.0,28.74,0.31,none,25.86,1.25
2026-01-17 09:00:00,S2003,2003,27.54,77.9,55.09,7.14,71428,0.0,12.28,0.31,none,20.87,1.74
2026-01-17 09:00:00,S2007,2007,27.75,82.5,42.86,7.17,68781,0.0,15.94,0.24,none,18.43,0.6
2026-01-17 12:00:00,S2019,2019,30.65,76.5,47.51,6.98,99693,0.0,12.71,0.347,none,19.25,0.46
2026-01-17 12:00:00,S2018,2018,30.27,77.5,48.38,6.94,98096,0.0,22.43,0.309,none,19.73,1.59
2026-01-17 12:00:00,S2006,2006,30.98,72.6,43.99,6.64,100764,0.0,12.45,0.276,none,15.03,2.3
2026-01-17 12:00:00,S2000,2000,30.29,72.0,43.08,6.81,100775,0.0,17.05,0.418,none,12.72,3.72
2026-01-17 12:00:00,S2008,2008,31.13,69.9,48.75,6.99,101976,0.0,29.46,0.305,none,15.56,1.87
2026-01-17 12:00:00,S2007,2007,29.61,73.6,49.67,6.16,101894,0.0,16.22,0.24,none,15.93,0.86
2026-01-17 12:00:00,S2013,2013,31.39,69.5,49.49,6.24,99061,0.0,28.88,0.304,none,16.13,1.54
2026-01-17 12:00:00,S2009,2009,31.72,74.0,51.2,6.86,98149,0.0,25.83,0.342,none,21.24,0.51
2026-01-17 12:00:00,S2011,2011,31.25,71.2,45.65,6.29,100455,0.0,17.83,0.275,none,15.29,2.52
2026-01-17 12:00:00,S2017,2017,30.87,71.5,53.01,6.8,99787,0.0,22.28,0.237,none,18.45,0.73
2026-01-17 12:00:00,S2012,2012,29.56,76.3,37.9,6.06,98782,2.46,18.42,0.24,none,12.11,0.78
2026-01-17 12:00:00,S2002,2002,31.38,69.8,54.57,6.84,101042,0.0,10.77,0.235,none,18.88,0.84
2026-01-17 12:00:00,S2003,2003,29.85,78.8,52.44,7.12,99998,0.0,11.95,0.31,none,21.96,1.93
2026-01-17 12:00:00,S2016,2016,31.8,76.2,34.15,7.15,98179,2.55,15.66,0.271,none,14.64,1.96
2026-01-17 12:00:00,S2015,2015,30.36,80.3,39.26,6.39,97971,2.51,20.84,0.418,none,17.59,4.46
2026-01-17 12:00:00,S2014,2014,31.89,66.6,35.14,6.15,98732,3.57,31.97,0.341,none,7.63,0.49
2026-01-17 12:00:00,S2010,2010,31.86,76.2,55.12,6.82,98712,0.0,23.85,0.409,none,25.24,4.16
2026-01-17 12:00:00,S2001,2001,29.64,76.1,59.85,6.7,101858,0.0,12.52,0.28,none,23.08,2.05
2026-01-17 12:00:00,S2005,2005,31.15,78.8,30.01,7.0,99633,2.78,31.33,0.397,none,13.34,4.32
2026-01-17 12:00:00,S2004,2004,31.92,70.9,45.3,6.52,98223,0.0,22.56,0.341,none,16.21,0.4
2026-01-17 15:00:00,S2016,2016,28.77,74.8,51.83,6.11,72534,0.0,15.93,0.28,none,16.75,2.43
2026-01-17 15:00:00,S2001,2001,28.96,82.2,44.95,6.13,72962,0.0,12.85,0.28,none,19.24,2.09
2026-01-17 15:00:00,S2005,2005,29.54,78.0,48.03,6.17,72938,0.0,31.22,0.42,none,18.5,3.94
2026-01-17 15:00:00,S2012,2012,27.77,83.4,46.3,6.7,72760,0.0,18.68,0.24,none,20.87,0.82
2026-01-17 15:00:00,S2010,2010,29.54,74.5,42.35,6.48,69112,0.0,25.24,0.42,none,12.86,3.25
2026-01-17 15:00:00,S2018,2018,28.01,83.2,52.57,6.99,71284,0.0,22.96,0.31,none,23.85,1.84
2026-01-17 15:00:00,S2015,2015,28.44,72.6,41.07,6.23,71568,0.0,21.91,0.42,none,9.61,4.11
2026-01-17 15:00:00,S2006,2006,28.26,79.1,42.92,7.0,71484,0.0,13.09,0.28,none,15.74,2.78
2026-01-17 15:00:00,S2002,2002,29.28,76.4,47.46,6.09,72638,0.0,10.9,0.24,none,16.41,0.78
2026-01-17 15:00:00,S2009,2009,27.56,85.9,51.31,6.98,69515,0.0,24.43,0.35,none,25.38,0.53
2026-01-17 15:00:00,S2000,2000,28.9,77.5,53.32,6.85,72816,0.0,17.43,0.42,none,19.66,3.21
2026-01-17 15:00:00,S2004,2004,27.32,82.9,51.21,7.09,72246,0.0,23.21,0.35,none,22.93,0.59
2026-01-17 15:00:00,S2019,2019,27.56,81.4,49.18,7.05,69346,0.0,12.25,0.35,none,20.71,0.44
2026-01-17 15:00:00,S2011,2011,30.3,77.9,36.16,6.63,69069,2.5,18.56,0.279,none,14.0,2.43
2026-01-17 15:00:00,S2008,2008,27.73,85.9,40.76,6.41,70034,0.0,29.91,0.31,none,20.1,1.64
2026-01-17 15:00:00,S2013,2013,30.03,76.0,34.82,7.19,69741,3.4,28.29,0.309,none,11.27,1.9
2026-01-17 15:00:00,S2017,2017,28.5,83.4,51.21,6.19,73005,0.0,22.41,0.24,none,23.33,0.68
2026-01-17 15:00:00,S2007,2007,27.78,78.2,56.93,6.93,69749,0.0,16.86,0.24,none,22.03,0.63
2026-01-17 15:00:00,S2003,2003,27.89,81.6,45.38,6.03,68528,0.0,12.03,0.31,none,18.97,1.75
2026-01-17 15:00:00,S2014,2014,29.33,71.2,44.51,6.94,72052,0.0,32.38,0.35,none,10.87,0.59
2026-01-17 18:00:00,S2002,2002,24.67,86.7,53.65,6.58,0,0.0,10.44,0.24,none,27.19,0.55
2026-01-17 18:00:00,S2018,2018,24.55,86.8,51.54,6.93,0,0.0,22.83,0.31,none,26.21,1.56
2026-01-17 18:00:00,S2009,2009,24.58,86.1,61.22,7.05,2068,0.0,25.04,0.35,none,30.49,0.6
2026-01-17 18:00:00,S2006,2006,23.33,90.0,54.01,6.81,896,0.0,12.08,0.28,none,30.0,2.2
2026-01-17 18:00:00,S2004,2004,23.64,83.8,52.84,6.51,0,0.0,23.14,0.35,none,24.46,0.58
2026-01-17 18:00:00,S2013,2013,24.01,87.5,45.38,6.82,0,0.0,28.68,0.31,none,23.69,1.65
2026-01-17 18:00:00,S2019,2019,25.79,86.9,56.51,6.72,1539,0.0,13.47,0.35,none,28.78,0.58
2026-01-17 18:00:00,S2003,2003,24.86,86.9,80.27,6.61,0,0.0,11.95,0.31,none,40.66,1.62
2026-01-17 18:00:00,S2010,2010,24.54,81.3,66.0,6.18,0,0.0,24.85,0.42,none,29.04,3.01
2026-01-17 18:00:00,S2014,2014,24.21,84.4,68.26,6.02,1827,0.0,32.44,0.35,none,32.65,0.39
2026-01-17 18:00:00,S2012,2012,23.48,94.5,61.74,7.19,300,0.0,18.22,0.24,none,37.47,0.7
2026-01-17 18:00:00,S2016,2016,22.98,86.9,56.5,6.58,0,0.0,16.7,0.28,none,28.77,2.98
2026-01-17 18:00:00,S2000,2000,23.32,89.4,51.96,6.18,627,0.0,17.91,0.42,none,28.5,3.23
2026-01-17 18:00:00,S2005,2005,23.68,87.9,67.4,6.18,689,0.0,30.9,0.42,none,35.02,4.06
2026-01-17 18:00:00,S2011,2011,24.41,93.4,70.09,6.61,1058,0.0,18.59,0.28,none,40.77,2.67
2026-01-17 18:00:00,S2015,2015,23.73,83.8,59.63,7.07,2042,0.0,21.56,0.42,none,27.86,4.54
2026-01-17 18:00:00,S2017,2017,23.67,89.7,72.73,6.43,0,0.0,22.29,0.24,none,39.13,0.53
2026-01-17 18:00:00,S2008,2008,25.25,88.4,53.91,6.43,1734,0.0,29.56,0.31,none,28.68,1.92
2026-01-17 18:00:00,S2001,2001,25.11,89.1,62.33,6.72,0,0.0,12.66,0.28,none,33.44,1.93
2026-01-17 18:00:00,S2007,2007,25.09,84.0,62.41,6.41,1999,0.0,15.92,0.24,none,29.41,0.56
2026-01-17 21:00:00,S2015,2015,24.13,84.6,68.37,6.14,0,0.0,20.91,0.42,none,32.86,4.72
2026-01-17 21:00:00,S2005,2005,24.62,85.7,59.63,6.39,1534,0.0,31.01,0.42,none,29.38,3.03
2026-01-17 21:00:00,S2010,2010,24.46,82.2,52.23,6.79,1445,0.0,24.77,0.42,none,22.88,2.88
2026-01-17 21:00:00,S2006,2006,24.59,84.7,66.66,6.01,747,0.0,12.04,0.28,none,32.09,2.56
2026-01-17 21:00:00,S2012,2012,22.73,87.8,54.99,6.25,693,0.0,18.7,0.24,none,28.73,0.8
2026-01-17 21:00:00,S2013,2013,24.58,84.7,59.82,6.34,2272,0.0,28.99,0.31,none,28.67,1.69
2026-01-17 21:00:00,S2002,2002,22.5,92.7,55.81,6.22,0,0.0,10.12,0.24,none,33.07,0.78
2026-01-17 21:00:00,S2018,2018,23.07,95.3,63.63,6.45,0,0.0,23.38,0.31,none,39.06,1.42
2026-01-17 21:00:00,S2009,2009,24.11,84.7,50.55,6.29,0,0.0,25.56,0.35,none,24.04,0.54
2026-01-17 21:00:00,S2004,2004,24.7,87.4,58.73,6.61,1925,0.0,23.85,0.35,none,30.29,0.49
2026-01-17 21:00:00,S2014,2014,24.99,85.9,55.24,7.16,2006,0.0,32.41,0.35,none,27.34,0.45
2026-01-17 21:00:00,S2019,2019,23.39,90.5,63.58,6.3,1325,0.0,13.38,0.35,none,35.19,0.58
2026-01-17 21:00:00,S2001,2001,24.48,87.1,58.88,6.55,1280,0.0,13.22,0.28,none,30.12,2.11
2026-01-17 21:00:00,S2016,2016,23.86,88.7,50.26,7.03,1700,0.0,16.03,0.28,none,27.09,2.9
2026-01-17 21:00:00,S2000,2000,24.25,85.3,56.15,6.45,165,0.0,18.42,0.42,none,27.31,3.88
2026-01-17 21:00:00,S2011,2011,22.9,92.7,55.32,6.04,678,0.0,18.85,0.28,none,32.82,2.29
2026-01-17 21:00:00,S2017,2017,22.44,89.0,48.66,7.08,0,0.0,22.76,0.24,none,26.53,0.63
2026-01-17 21:00:00,S2008,2008,24.72,88.1,46.59,6.48,179,0.0,29.81,0.31,none,24.77,1.65
2026-01-17 21:00:00,S2007,2007,23.23,89.3,59.44,7.19,0,0.0,16.68,0.24,none,32.16,0.82
2026-01-17 21:00:00,S2003,2003,24.03,86.9,59.76,6.52,0,0.0,12.02,0.31,none,30.4,1.51
2026-01-18 00:00:00,S2002,2002,22.72,92.6,52.55,6.12,172,0.0,10.16,0.24,none,31.35,0.6
2026-01-18 00:00:00,S2010,2010,23.08,86.5,72.27,6.56,0,0.0,25.03,0.42,none,36.34,4.05
2026-01-18 00:00:00,S2017,2017,24.02,84.8,56.6,6.88,1193,0.0,22.63,0.24,none,27.14,0.7
2026-01-18 00:00:00,S2004,2004,23.06,92.8,55.68,6.71,0,0.0,23.44,0.35,none,33.08,0.57
2026-01-18 00:00:00,S2014,2014,23.36,91.9,66.71,6.41,686,0.0,33.41,0.35,none,37.88,0.56
2026-01-18 00:00:00,S2016,2016,25.53,83.3,71.09,7.18,4,0.0,16.46,0.28,none,33.19,1.9
2026-01-18 00:00:00,S2015,2015,23.23,84.8,53.44,6.71,0,0.0,22.66,0.42,none,25.56,3.45
2026-01-18 00:00:00,S2003,2003,24.08,87.4,61.11,6.66,307,0.0,12.53,0.31,none,31.48,1.9
2026-01-18 00:00:00,S2001,2001,23.3,86.7,57.65,6.81,1919,0.0,13.89,0.28,none,29.19,2.31
2026-01-18 00:00:00,S2009,2009,24.71,85.1,54.53,6.11,1360,0.0,24.97,0.35,none,26.34,0.53
2026-01-18 00:00:00,S2012,2012,23.97,88.5,66.56,6.35,2298,0.0,18.97,0.24,none,35.08,0.72
2026-01-18 00:00:00,S2008,2008,23.32,88.5,76.45,6.12,1384,0.0,30.52,0.31,none,40.03,1.4
2026-01-18 00:00:00,S2013,2013,25.23,80.7,71.59,7.03,0,0.0,28.88,0.31,none,31.36,1.48
2026-01-18 00:00:00,S2011,2011,23.43,88.8,70.69,6.12,2154,0.0,18.86,0.28,none,37.38,1.96
2026-01-18 00:00:00,S2000,2000,24.65,89.1,57.45,6.13,792,0.0,17.9,0.42,none,31.0,3.27
2026-01-18 00:00:00,S2019,2019,22.73,92.5,69.34,6.42,923,0.0,13.61,0.35,none,39.67,0.4
2026-01-18 00:00:00,S2018,2018,24.41,86.4,59.09,6.92,1876,0.0,22.37,0.31,none,29.67,1.44
2026-01-18 00:00:00,S2005,2005,23.43,91.8,47.3,7.02,1873,0.0,31.22,0.42,none,28.09,4.11
2026-01-18 00:00:00,S2007,2007,23.72,85.7,56.96,7.14,134,0.0,17.11,0.24,none,28.04,0.86
2026-01-18 00:00:00,S2006,2006,25.5,86.1,56.41,6.77,0,0.0,13.49,0.28,none,28.08,1.88
2026-01-18 03:00:00,S2017,2017,23.52,85.9,50.46,6.81,0,0.0,22.65,0.24,none,24.95,0.68
2026-01-18 03:00:00,S2019,2019,23.24,87.0,50.25,6.37,1582,0.0,13.03,0.35,none,25.73,0.56
2026-01-18 03:00:00,S2016,2016,23.85,83.7,78.47,6.9,834,0.0,16.79,0.28,none,37.2,2.07
2026-01-18 03:00:00,S2011,2011,25.26,81.7,47.97,6.74,0,0.0,18.43,0.28,none,20.35,2.3
2026-01-18 03:00:00,S2005,2005,24.97,84.1,68.23,6.31,0,0.0,30.64,0.42,none,32.39,3.32
2026-01-18 03:00:00,S2000,2000,24.85,81.6,56.43,6.36,1791,0.0,19.46,0.42,none,24.49,3.06
2026-01-18 03:00:00,S2015,2015,23.66,90.1,54.03,6.12,0,0.0,22.72,0.42,none,30.09,3.17
2026-01-18 03:00:00,S2008,2008,23.03,86.8,62.71,6.61,204,0.0,29.14,0.31,none,31.79,1.63
2026-01-18 03:00:00,S2007,2007,22.51,86.5,72.88,6.43,0,0.0,16.52,0.24,none,36.64,0.6
2026-01-18 03:00:00,S2014,2014,24.44,85.8,61.21,6.6,1614,0.0,32.27,0.35,none,30.25,0.46
2026-01-18 03:00:00,S2018,2018,24.54,88.0,54.36,6.01,0,0.0,23.27,0.31,none,28.58,1.55
2026-01-18 03:00:00,S2002,2002,23.47,92.1,59.89,6.69,0,0.0,10.43,0.24,none,34.62,0.57
2026-01-18 03:00:00,S2013,2013,23.4,88.3,51.71,6.96,760,0.0,28.57,0.31,none,27.5,1.4
2026-01-18 03:00:00,S2004,2004,23.72,90.2,63.65,6.31,981,0.0,24.35,0.35,none,34.98,0.54
2026-01-18 03:00:00,S2001,2001,25.27,87.4,64.97,6.11,0,0.0,13.97,0.28,none,33.41,2.38
2026-01-18 03:00:00,S2009,2009,22.63,89.8,56.98,6.58,486,0.0,25.5,0.35,none,31.33,0.61
2026-01-18 03:00:00,S2010,2010,22.34,89.5,70.12,6.55,552,0.0,25.57,0.42,none,37.66,4.33
2026-01-18 03:00:00,S2006,2006,23.66,93.5,69.23,6.13,1101,0.0,13.43,0.28,none,40.42,2.69
2026-01-18 03:00:00,S2012,2012,23.88,85.0,63.32,7.18,0,0.0,19.11,0.24,none,30.66,0.78
2026-01-18 03:00:00,S2003,2003,24.21,85.4,52.3,6.86,0,0.0,11.77,0.31,none,25.47,1.47
2026-01-18 06:00:00,S2008,2008,22.64,86.5,61.45,6.93,0,0.0,29.91,0.31,none,30.93,1.42
2026-01-18 06:00:00,S2005,2005,23.57,90.7,49.76,6.65,0,0.0,30.93,0.42,none,28.44,3.84
2026-01-18 06:00:00,S2006,2006,22.56,86.6,77.36,6.27,1360,0.0,12.9,0.28,none,38.96,2.29
2026-01-18 06:00:00,S2018,2018,24.14,92.5,51.75,6.43,1471,0.0,23.12,0.31,none,30.88,1.95
2026-01-18 06:00:00,S2013,2013,23.98,89.3,53.3,6.15,0,0.0,29.69,0.31,none,29.09,1.6
2026-01-18 06:00:00,S2003,2003,23.93,85.1,62.21,6.86,1875,0.0,13.17,0.31,none,30.18,1.94
2026-01-18 06:00:00,S2014,2014,23.13,83.2,55.49,7.09,18,0.0,33.16,0.35,none,25.31,0.44
2026-01-18 06:00:00,S2001,2001,23.26,87.3,46.58,6.72,0,0.0,13.06,0.28,none,24.13,2.07
2026-01-18 06:00:00,S2000,2000,25.48,84.6,61.38,6.97,559,0.0,18.6,0.42,none,29.37,4.55
2026-01-18 06:00:00,S2016,2016,22.99,88.2,58.67,6.98,0,0.0,16.55,0.28,none,30.9,2.46
2026-01-18 06:00:00,S2011,2011,23.13,95.2,55.97,6.65,1818,0.0,17.86,0.28,none,35.15,2.92
2026-01-18 06:00:00,S2012,2012,25.4,88.8,78.45,6.24,1234,0.0,18.68,0.24,none,41.27,0.82
2026-01-18 06:00:00,S2017,2017,23.95,90.3,62.48,6.03,1345,0.0,22.8,0.24,none,34.48,0.87
2026-01-18 06:00:00,S2004,2004,24.67,81.7,52.95,7.05,2483,0.0,23.82,0.35,none,22.84,0.58
2026-01-18 06:00:00,S2010,2010,24.29,94.0,70.42,6.25,1017,0.0,25.78,0.42,none,41.41,4.51
2026-01-18 06:00:00,S2019,2019,23.81,85.2,66.28,6.56,0,0.0,13.64,0.35,none,32.3,0.6
2026-01-18 06:00:00,S2002,2002,23.42,91.5,56.8,6.31,0,0.0,10.55,0.24,none,32.6,0.82
2026-01-18 06:00:00,S2007,2007,25.13,86.7,59.2,7.07,497,0.0,17.01,0.24,none,29.96,0.71
2026-01-18 06:00:00,S2015,2015,24.01,89.2,63.74,6.22,0,0.0,22.31,0.42,none,34.23,3.02
2026-01-18 06:00:00,S2009,2009,23.61,85.0,48.17,6.61,0,0.0,25.4,0.35,none,23.09,0.52
2026-01-18 09:00:00,S2015,2015,30.02,74.9,47.74,6.74,71382,0.0,21.94,0.42,none,16.83,4.55
2026-01-18 09:00:00,S2017,2017,27.87,81.3,52.22,7.02,71295,0.0,22.03,0.24,none,22.15,0.78
2026-01-18 09:00:00,S2016,2016,28.33,79.3,48.24,6.48,71281,0.0,17.1,0.28,none,18.56,2.83
2026-01-18 09:00:00,S2000,2000,28.31,84.4,45.83,6.81,69889,0.0,18.34,0.42,none,21.44,3.29
2026-01-18 09:00:00,S2018,2018,27.95,83.2,42.49,6.23,69473,0.0,22.52,0.31,none,18.81,1.46
2026-01-18 09:00:00,S2019,2019,30.09,72.2,40.51,6.52,71437,0.0,13.41,0.35,none,11.2,0.4
2026-01-18 09:00:00,S2006,2006,30.12,79.8,44.04,6.06,70291,0.0,12.64,0.28,none,19.1,2.16
2026-01-18 09:00:00,S2004,2004,28.67,77.9,61.04,7.01,68565,0.0,23.93,0.35,none,23.84,0.52
2026-01-18 09:00:00,S2009,2009,28.32,79.4,53.81,6.99,68930,0.0,24.87,0.35,none,21.43,0.61
2026-01-18 09:00:00,S2014,2014,29.95,75.8,53.57,7.06,71537,0.0,31.9,0.35,none,20.32,0.47
2026-01-18 09:00:00,S2008,2008,29.31,69.9,56.5,6.44,72824,0.0,30.46,0.31,none,15.79,1.39
2026-01-18 09:00:00,S2012,2012,29.64,70.3,54.31,6.31,70606,0.0,18.64,0.24,none,15.68,0.64
2026-01-18 09:00:00,S2002,2002,29.9,80.3,45.31,6.62,69048,0.0,10.21,0.24,none,19.69,0.81
2026-01-18 09:00:00,S2013,2013,27.8,75.5,51.8,7.12,71378,0.0,29.53,0.31,none,17.3,1.73
2026-01-18 09:00:00,S2005,2005,29.71,72.0,38.95,6.3,73126,2.38,30.38,0.42,none,9.5,4.51
2026-01-18 09:00:00,S2007,2007,28.45,74.3,44.94,6.76,69659,0.0,16.51,0.24,none,12.91,0.87
2026-01-18 09:00:00,S2010,2010,29.98,72.8,44.82,6.77,69892,0.0,24.75,0.42,none,13.61,3.5
2026-01-18 09:00:00,S2011,2011,30.0,72.1,39.62,6.59,71343,2.41,18.23,0.28,none,10.49,2.96
2026-01-18 09:00:00,S2003,2003,30.36,76.5,35.15,6.08,72283,1.73,11.89,0.308,none,12.49,1.32
2026-01-18 09:00:00,S2001,2001,30.06,71.3,46.62,6.44,69032,0.0,13.35,0.28,none,13.47,2.06
2026-01-18 12:00:00,S2007,2007,32.1,75.1,35.76,6.27,101329,2.69,16.16,0.233,none,15.16,0.71
2026-01-18 12:00:00,S2000,2000,31.85,70.0,48.83,6.33,97940,0.0,18.93,0.409,none,17.12,4.45
2026-01-18 12:00:00,S2008,2008,29.63,82.2,57.85,6.03,102033,0.0,29.94,0.31,none,26.95,1.64
2026-01-18 12:00:00,S2003,2003,31.19,74.6,38.01,6.95,98561,1.67,12.33,0.305,none,14.06,1.19
2026-01-18 12:00:00,S2013,2013,30.01,70.3,51.29,7.19,101433,0.0,28.8,0.31,none,14.91,1.98
2026-01-18 12:00:00,S2004,2004,31.5,72.9,39.31,6.13,102424,2.51,23.42,0.343,none,13.98,0.61
2026-01-18 12:00:00,S2017,2017,32.22,72.0,49.48,7.05,98403,0.0,22.01,0.233,none,19.78,0.65
2026-01-18 12:00:00,S2018,2018,29.82,76.4,43.99,6.59,97533,0.0,23.56,0.31,none,15.76,1.47
2026-01-18 12:00:00,S2011,2011,31.92,72.5,37.5,7.0,100448,2.6,18.04,0.273,none,13.59,1.93
2026-01-18 12:00:00,S2002,2002,31.84,74.0,48.4,6.65,99859,0.0,10.33,0.234,none,20.08,0.67
2026-01-18 12:00:00,S2019,2019,30.96,73.4,45.46,6.9,100927,0.0,13.03,0.345,none,16.37,0.45
2026-01-18 12:00:00,S2014,2014,31.74,66.7,49.56,6.72,99611,0.0,32.64,0.342,none,14.62,0.49
2026-01-18 12:00:00,S2015,2015,30.34,77.2,46.8,6.06,100506,0.0,22.71,0.418,none,18.84,3.6
2026-01-18 12:00:00,S2005,2005,30.88,71.8,47.75,6.25,98880,0.0,30.93,0.415,none,16.07,3.47
2026-01-18 12:00:00,S2016,2016,30.55,72.7,32.65,6.14,99610,2.6,15.88,0.273,none,8.59,1.81
2026-01-18 12:00:00,S2009,2009,30.52,71.7,41.74,6.73,100199,2.39,25.52,0.348,none,12.27,0.58
2026-01-18 12:00:00,S2010,2010,30.55,74.9,60.8,6.44,98976,0.0,24.52,0.417,none,24.42,3.25
2026-01-18 12:00:00,S2006,2006,31.85,66.9,49.34,7.0,98940,0.0,12.12,0.273,none,14.89,2.18
2026-01-18 12:00:00,S2012,2012,32.57,70.7,43.91,6.74,100117,2.38,18.67,0.232,none,16.66,0.62
2026-01-18 12:00:00,S2001,2001,31.38,76.3,44.15,6.13,100961,2.38,12.73,0.275,none,18.87,2.6
2026-01-18 15:00:00,S2011,2011,28.12,76.7,55.23,6.66,71561,0.0,19.23,0.28,none,19.98,2.9
2026-01-18 15:00:00,S2005,2005,29.44,75.9,46.92,6.83,72720,0.0,31.99,0.42,none,16.06,3.12
2026-01-18 15:00:00,S2008,2008,28.51,76.2,61.68,6.23,71224,0.0,30.37,0.31,none,22.8,1.9
2026-01-18 15:00:00,S2004,2004,28.87,79.2,68.56,6.98,72227,0.0,24.32,0.35,none,28.64,0.62
2026-01-18 15:00:00,S2007,2007,29.62,81.9,59.66,6.7,69857,0.0,16.55,0.24,none,27.59,0.54
2026-01-18 15:00:00,S2009,2009,28.89,81.4,51.82,6.44,73036,0.0,25.78,0.35,none,22.03,0.58
2026-01-18 15:00:00,S2000,2000,28.3,82.8,33.88,6.11,70944,2.55,19.2,0.416,none,14.18,4.38
2026-01-18 15:00:00,S2010,2010,29.36,82.6,42.2,7.1,69470,2.34,24.1,0.42,none,18.9,3.33
2026-01-18 15:00:00,S2015,2015,29.32,79.5,41.85,6.24,71851,0.0,22.68,0.42,none,16.17,3.58
2026-01-18 15:00:00,S2002,2002,28.61,77.1,58.04,6.9,69723,0.0,11.19,0.24,none,21.7,0.7
2026-01-18 15:00:00,S2014,2014,29.63,79.6,54.42,6.03,68757,0.0,33.48,0.35,none,23.15,0.38
2026-01-18 15:00:00,S2013,2013,30.44,72.9,51.97,6.52,69197,0.0,28.39,0.308,none,18.19,1.34
2026-01-18 15:00:00,S2016,2016,28.36,78.5,58.19,6.46,70780,0.0,16.01,0.28,none,22.89,2.48
2026-01-18 15:00:00,S2003,2003,28.47,81.5,47.24,6.19,72865,0.0,12.45,0.31,none,19.82,1.56
2026-01-18 15:00:00,S2001,2001,29.03,74.4,38.36,7.19,70645,2.37,12.6,0.28,none,9.76,2.48
2026-01-18 15:00:00,S2018,2018,27.93,84.5,41.41,6.1,72239,0.0,23.42,0.31,none,19.3,1.64
2026-01-18 15:00:00,S2019,2019,29.37,79.0,45.34,6.43,68588,0.0,14.26,0.35,none,17.61,0.57
2026-01-18 15:00:00,S2017,2017,29.95,76.6,54.09,7.06,68351,0.0,22.54,0.24,none,21.22,0.77
2026-01-18 15:00:00,S2012,2012,30.12,70.7,45.46,6.24,69189,0.0,18.76,0.24,none,12.53,0.53
2026-01-18 15:00:00,S2006,2006,27.96,76.5,53.02,6.12,69815,0.0,13.05,0.28,none,18.71,2.8
2026-01-18 18:00:00,S2011,2011,24.74,85.1,82.07,6.82,0,0.0,18.66,0.28,none,40.11,2.0
2026-01-18 18:00:00,S2005,2005,25.2,81.8,57.95,6.06,2008,0.0,30.37,0.42,none,25.41,3.73
2026-01-18 18:00:00,S2002,2002,24.86,90.2,50.07,6.71,0,0.0,11.3,0.24,none,28.2,0.81
2026-01-18 18:00:00,S2015,2015,23.25,88.3,52.48,6.41,2313,0.0,21.5,0.42,none,27.88,4.65
2026-01-18 18:00:00,S2008,2008,24.71,86.3,50.11,6.3,0,0.0,29.58,0.31,none,25.09,1.52
2026-01-18 18:00:00,S2004,2004,24.67,91.8,61.24,6.16,0,0.0,24.06,0.35,none,35.06,0.6
2026-01-18 18:00:00,S2019,2019,24.79,83.2,59.72,6.25,1082,0.0,13.1,0.35,none,27.42,0.58
2026-01-18 18:00:00,S2009,2009,25.14,85.3,49.0,6.41,1032,0.0,24.68,0.35,none,23.74,0.6
2026-01-18 18:00:00,S2007,2007,22.83,91.2,68.73,6.07,201,0.0,17.07,0.24,none,38.33,0.57
2026-01-18 18:00:00,S2010,2010,23.11,89.0,64.56,6.8,1444,0.0,24.05,0.42,none,34.48,4.21
2026-01-18 18:00:00,S2006,2006,24.62,91.7,56.09,6.12,1016,0.0,12.42,0.28,none,32.41,2.82
2026-01-18 18:00:00,S2001,2001,24.82,92.7,66.98,6.8,0,0.0,12.79,0.28,none,38.65,2.48
2026-01-18 18:00:00,S2016,2016,24.56,84.3,64.57,6.0,0,0.0,16.31,0.28,none,30.72,2.52
2026-01-18 18:00:00,S2017,2017,23.81,88.1,86.12,6.89,310,0.0,22.3,0.24,none,44.54,0.59
2026-01-18 18:00:00,S2018,2018,24.63,89.5,65.87,6.25,1223,0.0,22.31,0.31,none,35.54,1.95
2026-01-18 18:00:00,S2013,2013,23.2,83.2,59.96,6.79,0,0.0,28.68,0.31,none,27.54,1.2
2026-01-18 18:00:00,S2012,2012,23.08,85.9,74.11,6.61,710,0.0,18.47,0.24,none,36.78,0.83
2026-01-18 18:00:00,S2003,2003,24.33,88.5,59.52,6.27,1213,0.0,12.38,0.31,none,31.56,1.55
2026-01-18 18:00:00,S2000,2000,23.04,84.6,67.75,6.22,1688,0.0,17.82,0.42,none,32.55,3.58
2026-01-18 18:00:00,S2014,2014,24.35,90.6,60.15,6.29,2182,0.0,33.07,0.35,none,33.55,0.5
2026-01-18 21:00:00,S2001,2001,24.16,85.0,57.95,6.36,0,0.0,13.09,0.28,none,27.98,2.76
2026-01-18 21:00:00,S2010,2010,22.78,96.2,57.16,7.16,0,0.0,25.76,0.42,none,36.54,3.03
2026-01-18 21:00:00,S2003,2003,24.51,85.0,47.81,6.36,0,0.0,12.52,0.31,none,22.91,1.89
2026-01-18 21:00:00,S2008,2008,22.7,86.5,47.39,6.52,1641,0.0,30.1,0.31,none,23.9,1.22
2026-01-18 21:00:00,S2014,2014,23.23,84.4,54.35,6.45,0,0.0,32.59,0.35,none,25.7,0.48
2026-01-18 21:00:00,S2007,2007,22.96,89.2,61.36,6.11,1918,0.0,16.99,0.24,none,33.04,0.8
2026-01-18 21:00:00,S2005,2005,24.7,80.5,64.54,6.82,1844,0.0,31.98,0.42,none,27.67,3.16
2026-01-18 21:00:00,S2017,2017,22.5,87.7,55.97,6.42,33,0.0,22.28,0.24,none,29.15,0.74
2026-01-18 21:00:00,S2019,2019,24.92,89.5,53.19,6.4,0,0.0,13.08,0.35,none,29.2,0.41
2026-01-18 21:00:00,S2006,2006,24.3,88.1,51.58,6.27,884,0.0,13.22,0.28,none,27.27,2.29
2026-01-18 21:00:00,S2018,2018,25.05,86.3,60.96,6.65,252,0.0,22.49,0.31,none,30.52,1.3
2026-01-18 21:00:00,S2011,2011,22.98,91.3,63.87,6.93,0,0.0,17.86,0.28,none,35.97,2.51
2026-01-18 21:00:00,S2002,2002,23.9,86.2,56.8,6.86,1881,0.0,11.05,0.24,none,28.36,0.74
2026-01-18 21:00:00,S2012,2012,22.59,93.8,58.68,7.14,1850,0.0,18.51,0.24,none,35.38,0.55
2026-01-18 21:00:00,S2016,2016,23.44,86.3,60.28,6.7,15,0.0,16.59,0.28,none,30.18,1.83
2026-01-18 21:00:00,S2000,2000,24.39,85.5,63.77,6.88,0,0.0,18.42,0.42,none,31.29,4.04
2026-01-18 21:00:00,S2009,2009,24.44,85.6,52.93,6.52,793,0.0,25.48,0.35,none,25.94,0.54
2026-01-18 21:00:00,S2004,2004,23.57,84.7,62.5,6.14,850,0.0,24.54,0.35,none,30.01,0.41
2026-01-18 21:00:00,S2015,2015,25.27,90.5,58.52,6.45,0,0.0,20.96,0.42,none,32.66,2.98
2026-01-18 21:00:00,S2013,2013,24.51,80.5,62.28,6.47,394,0.0,28.47,0.31,none,26.54,1.78
2026-01-19 00:00:00,S2010,2010,23.45,90.6,65.93,6.34,198,0.0,25.93,0.42,none,36.45,2.91
2026-01-19 00:00:00,S2013,2013,22.92,90.2,58.01,6.52,0,0.0,29.05,0.31,none,32.17,1.32
2026-01-19 00:00:00,S2005,2005,24.83,82.9,53.34,6.16,510,0.0,31.88,0.42,none,23.99,3.64
2026-01-19 00:00:00,S2017,2017,24.62,82.3,49.33,6.94,2297,0.0,22.76,0.24,none,21.5,0.62
2026-01-19 00:00:00,S2015,2015,24.12,84.3,56.72,6.11,942,0.0,21.41,0.42,none,26.8,3.49
2026-01-19 00:00:00,S2002,2002,24.74,90.3,62.28,6.3,2338,0.0,11.11,0.24,none,34.38,0.87
2026-01-19 00:00:00,S2003,2003,23.94,85.9,55.43,6.93,545,0.0,12.37,0.31,none,27.44,1.2
2026-01-19 00:00:00,S2009,2009,24.64,85.8,52.72,6.66,1395,0.0,26.52,0.35,none,26.0,0.46
2026-01-19 00:00:00,S2014,2014,24.3,92.0,58.74,6.98,2442,0.0,33.89,0.35,none,33.97,0.44
2026-01-19 00:00:00,S2001,2001,24.71,86.1,59.73,6.25,435,0.0,13.35,0.28,none,29.74,2.0
2026-01-19 00:00:00,S2019,2019,23.5,87.3,64.63,6.55,1446,0.0,13.15,0.35,none,33.16,0.56
2026-01-19 00:00:00,S2008,2008,22.41,87.1,62.16,6.53,1486,0.0,30.16,0.31,none,31.76,1.36
2026-01-19 00:00:00,S2012,2012,25.03,84.7,52.56,6.89,0,0.0,19.74,0.24,none,25.04,0.8
2026-01-19 00:00:00,S2018,2018,23.76,90.7,53.27,6.15,521,0.0,22.92,0.31,none,30.2,1.23
2026-01-19 00:00:00,S2004,2004,25.71,85.0,60.09,6.94,2282,0.0,23.63,0.35,none,29.05,0.54
2026-01-19 00:00:00,S2007,2007,24.11,89.7,49.83,6.25,0,0.0,17.04,0.24,none,27.68,0.76
2026-01-19 00:00:00,S2000,2000,24.37,89.4,57.48,6.78,0,0.0,18.41,0.42,none,31.26,4.73
2026-01-19 00:00:00,S2016,2016,23.01,86.4,49.53,6.53,0,0.0,17.24,0.28,none,24.89,1.87
2026-01-19 00:00:00,S2006,2006,23.44,91.0,60.65,6.79,0,0.0,13.08,0.28,none,34.12,2.09
2026-01-19 00:00:00,S2011,2011,24.32,84.6,49.53,7.19,326,0.0,19.29,0.28,none,23.44,2.0
2026-01-19 03:00:00,S2016,2016,22.43,84.8,66.38,6.19,1178,0.0,17.09,0.28,none,32.03,2.5
2026-01-19 03:00:00,S2015,2015,23.95,85.2,74.87,6.43,499,0.0,22.12,0.42,none,36.6,3.27
2026-01-19 03:00:00,S2017,2017,24.21,93.5,59.69,7.2,0,0.0,23.18,0.24,none,35.64,0.69
2026-01-19 03:00:00,S2013,2013,24.67,88.2,47.05,6.97,0,0.0,29.49,0.31,none,25.09,1.87
2026-01-19 03:00:00,S2014,2014,23.99,83.2,59.78,6.68,0,0.0,33.34,0.35,none,27.45,0.51
2026-01-19 03:00:00,S2003,2003,22.86,86.4,67.79,6.1,2399,0.0,13.49,0.31,none,34.02,1.95
2026-01-19 03:00:00,S2011,2011,24.52,88.2,75.47,6.93,838,0.0,18.75,0.28,none,39.3,2.41
2026-01-19 03:00:00,S2012,2012,24.84,82.9,62.6,7.0,0,0.0,18.69,0.24,none,28.62,0.61
2026-01-19 03:00:00,S2001,2001,23.73,88.9,48.64,6.27,0,0.0,13.11,0.28,none,26.44,2.21
2026-01-19 03:00:00,S2018,2018,23.85,84.5,63.14,6.73,0,0.0,24.18,0.31,none,30.17,1.54
2026-01-19 03:00:00,S2004,2004,24.24,87.7,51.69,6.62,0,0.0,24.97,0.35,none,27.01,0.45
2026-01-19 03:00:00,S2007,2007,23.96,83.0,60.08,6.83,959,0.0,16.33,0.24,none,27.44,0.62
2026-01-19 03:00:00,S2008,2008,24.2,84.0,75.63,7.12,1887,0.0,29.71,0.31,none,36.02,1.88
2026-01-19 03:00:00,S2019,2019,23.57,89.2,56.49,6.75,2255,0.0,13.62,0.35,none,30.61,0.46
2026-01-19 03:00:00,S2002,2002,23.78,84.3,61.87,7.14,0,0.0,11.47,0.24,none,29.37,0.69
2026-01-19 03:00:00,S2009,2009,22.22,84.8,49.32,6.66,1057,0.0,26.01,0.35,none,23.5,0.43
2026-01-19 03:00:00,S2006,2006,24.18,89.3,48.71,6.79,0,0.0,13.68,0.28,none,26.79,2.1
2026-01-19 03:00:00,S2010,2010,22.98,95.3,51.97,6.24,0,0.0,25.4,0.42,none,33.23,3.0
2026-01-19 03:00:00,S2005,2005,22.88,94.6,66.15,6.95,0,0.0,30.56,0.42,none,39.75,4.32
2026-01-19 03:00:00,S2000,2000,23.4,91.3,84.26,6.48,290,0.0,19.47,0.42,fungal_leaf_spot,46.17,4.55
2026-01-19 06:00:00,S2013,2013,22.66,88.0,57.91,6.26,1332,0.0,29.22,0.31,none,30.36,1.91
2026-01-19 06:00:00,S2003,2003,22.91,95.3,47.65,6.38,0,0.0,13.45,0.31,none,31.07,1.86
2026-01-19 06:00:00,S2009,2009,25.34,86.5,47.72,6.52,0,0.0,25.54,0.35,none,24.06,0.47
2026-01-19 06:00:00,S2017,2017,24.14,83.9,69.84,7.05,0,0.0,22.65,0.24,none,33.04,0.56
2026-01-19 06:00:00,S2014,2014,22.45,91.7,49.08,6.49,0,0.0,32.44,0.35,none,28.9,0.45
2026-01-19 06:00:00,S2004,2004,23.26,86.9,52.48,6.54,0,0.0,24.69,0.35,none,26.76,0.47
2026-01-19 06:00:00,S2007,2007,22.63,93.1,48.25,7.09,0,0.0,16.67,0.24,none,29.6,0.81
2026-01-19 06:00:00,S2015,2015,22.94,92.9,49.31,7.0,169,0.0,23.51,0.42,none,29.98,3.26
2026-01-19 06:00:00,S2000,2000,23.03,92.0,59.73,6.31,2277,0.0,18.14,0.42,none,34.47,4.7
2026-01-19 06:00:00,S2012,2012,23.31,94.8,82.85,6.07,0,0.0,18.81,0.24,fungal_leaf_spot,48.27,0.55
2026-01-19 06:00:00,S2019,2019,23.8,90.1,62.27,6.25,386,0.0,13.71,0.35,none,34.22,0.52
2026-01-19 06:00:00,S2005,2005,23.31,90.8,63.26,6.44,2038,0.0,31.57,0.42,none,35.27,3.1
2026-01-19 06:00:00,S2002,2002,22.71,92.1,53.97,6.4,993,0.0,11.38,0.24,none,31.66,0.65
2026-01-19 06:00:00,S2011,2011,24.62,81.7,66.92,6.87,0,0.0,19.5,0.28,none,29.82,2.2
2026-01-19 06:00:00,S2001,2001,23.23,92.0,64.03,7.12,0,0.0,13.89,0.28,none,36.62,2.64
2026-01-19 06:00:00,S2016,2016,23.22,86.9,70.7,6.35,1019,0.0,16.24,0.28,none,35.87,2.73
2026-01-19 06:00:00,S2018,2018,24.48,86.9,43.93,6.37,0,0.0,24.03,0.31,none,22.49,1.82
2026-01-19 06:00:00,S2006,2006,24.82,78.4,52.05,6.86,1071,0.0,13.1,0.28,none,19.75,2.6
2026-01-19 06:00:00,S2010,2010,23.17,89.4,61.96,6.44,0,0.0,26.39,0.42,none,33.5,2.97
2026-01-19 06:00:00,S2008,2008,24.67,85.4,61.76,6.09,0,0.0,30.08,0.31,none,30.2,1.91
2026-01-19 09:00:00,S2008,2008,29.93,76.2,53.9,6.41,72773,0.0,30.43,0.31,none,20.77,1.3
2026-01-19 09:00:00,S2019,2019,28.27,76.6,53.83,6.05,68275,0.0,12.87,0.35,none,19.19,0.41
2026-01-19 09:00:00,S2000,2000,27.75,76.8,50.95,6.73,68558,0.0,19.84,0.42,none,17.91,3.64
2026-01-19 09:00:00,S2018,2018,27.46,86.7,37.03,6.18,71300,2.39,24.17,0.31,none,18.88,1.7
2026-01-19 09:00:00,S2014,2014,28.65,76.3,48.43,6.13,68351,0.0,32.55,0.35,none,16.25,0.57
2026-01-19 09:00:00,S2001,2001,28.7,79.2,47.26,6.32,72340,0.0,13.96,0.28,none,17.99,2.34
2026-01-19 09:00:00,S2009,2009,29.36,81.9,54.67,6.03,72618,0.0,25.01,0.35,none,24.58,0.46
2026-01-19 09:00:00,S2003,2003,29.26,79.6,57.8,6.31,68837,0.0,12.77,0.31,none,24.1,2.0
2026-01-19 09:00:00,S2004,2004,28.8,72.4,48.27,7.01,72351,0.0,24.08,0.35,none,13.06,0.51
2026-01-19 09:00:00,S2017,2017,28.92,78.1,48.92,6.35,72998,0.0,22.94,0.24,none,17.94,0.76
2026-01-19 09:00:00,S2006,2006,28.81,83.0,51.96,6.99,70039,0.0,12.91,0.28,none,23.38,2.25
2026-01-19 09:00:00,S2007,2007,29.93,77.6,44.12,7.13,68736,0.0,16.16,0.24,none,17.0,0.75
2026-01-19 09:00:00,S2015,2015,27.68,77.2,36.48,6.18,69171,2.4,22.07,0.42,none,11.0,3.23
2026-01-19 09:00:00,S2005,2005,27.87,81.7,51.26,6.71,69329,0.0,30.55,0.42,none,21.99,3.83
2026-01-19 09:00:00,S2012,2012,29.64,75.6,36.98,6.02,71897,2.49,19.31,0.24,none,11.25,0.53
2026-01-19 09:00:00,S2013,2013,29.29,80.1,63.95,6.87,72013,0.0,29.21,0.31,none,27.63,1.36
2026-01-19 09:00:00,S2002,2002,28.25,75.2,42.43,6.31,68417,0.0,10.84,0.24,none,12.38,0.72
2026-01-19 09:00:00,S2011,2011,27.22,77.8,54.59,7.12,70336,0.0,19.04,0.28,none,20.54,2.56
2026-01-19 09:00:00,S2016,2016,27.88,79.5,43.28,6.21,68314,0.0,16.33,0.28,none,16.24,2.11
2026-01-19 09:00:00,S2010,2010,28.77,72.9,52.16,7.09,72710,0.0,24.46,0.42,none,15.4,3.03
2026-01-19 12:00:00,S2006,2006,30.58,69.8,45.1,7.12,101728,0.0,13.21,0.278,none,12.55,2.08
2026-01-19 12:00:00,S2016,2016,31.0,71.6,43.39,7.18,99508,2.36,17.49,0.276,none,13.97,2.0
2026-01-19 12:00:00,S2001,2001,32.84,67.1,36.9,6.24,97516,2.62,12.8,0.269,none,10.81,1.83
2026-01-19 12:00:00,S2018,2018,31.5,72.0,54.72,6.45,102055,0.0,22.98,0.304,none,20.96,1.21
2026-01-19 12:00:00,S2019,2019,32.45,72.4,36.61,6.95,100573,2.58,12.77,0.338,none,14.13,0.48
2026-01-19 12:00:00,S2009,2009,31.29,74.4,39.65,6.73,97746,2.45,25.96,0.344,none,14.93,0.45
2026-01-19 12:00:00,S2017,2017,29.71,77.8,40.39,6.88,98276,0.0,23.02,0.24,none,14.86,0.8
2026-01-19 12:00:00,S2012,2012,29.97,73.1,37.2,6.69,100167,2.54,19.76,0.24,none,10.02,0.74
2026-01-19 12:00:00,S2013,2013,29.28,76.9,67.35,6.42,101052,0.0,29.69,0.31,none,26.76,1.76
2026-01-19 12:00:00,S2000,2000,31.62,67.5,38.55,6.64,98579,2.54,19.73,0.411,none,9.52,4.63
2026-01-19 12:00:00,S2015,2015,29.24,77.8,46.57,6.33,101983,0.0,22.01,0.42,none,17.0,3.32
2026-01-19 12:00:00,S2011,2011,31.9,69.2,46.56,6.14,101348,0.0,19.3,0.273,none,15.44,2.86
2026-01-19 12:00:00,S2008,2008,30.34,74.8,39.37,6.51,102386,2.5,29.48,0.309,none,13.2,1.83
2026-01-19 12:00:00,S2007,2007,30.41,74.4,42.19,6.33,97709,0.0,16.49,0.239,none,14.44,0.6
2026-01-19 12:00:00,S2014,2014,29.68,79.7,35.72,7.01,102012,3.41,32.18,0.35,none,13.98,0.51
2026-01-19 12:00:00,S2005,2005,31.99,66.4,36.05,7.12,98526,2.65,30.45,0.409,none,8.12,3.42
2026-01-19 12:00:00,S2010,2010,29.75,73.0,51.26,7.12,99517,0.0,24.71,0.42,none,16.53,2.96
2026-01-19 12:00:00,S2002,2002,30.91,70.7,43.93,6.08,100127,0.0,11.12,0.237,none,13.35,0.74
2026-01-19 12:00:00,S2003,2003,30.24,78.4,36.2,6.9,101182,2.57,12.15,0.309,none,14.3,1.9
2026-01-19 12:00:00,S2004,2004,31.45,70.6,34.12,6.56,101152,2.58,24.11,0.341,none,9.44,0.53
2026-01-19 15:00:00,S2011,2011,28.51,72.8,44.37,6.94,72994,0.0,19.34,0.28,none,11.42,2.84
2026-01-19 15:00:00,S2000,2000,27.85,78.9,56.06,6.91,70157,0.0,18.55,0.42,none,22.15,2.88
2026-01-19 15:00:00,S2005,2005,30.02,72.5,41.19,6.49,70488,2.36,30.43,0.42,none,11.63,3.21
2026-01-19 15:00:00,S2006,2006,29.18,78.3,48.84,6.03,71588,0.0,12.97,0.28,none,18.42,2.02
2026-01-19 15:00:00,S2001,2001,27.92,76.0,60.03,6.14,70953,0.0,13.0,0.28,none,21.82,2.7
2026-01-19 15:00:00,S2013,2013,28.9,78.9,56.19,6.43,73206,0.0,29.55,0.31,none,22.22,1.62
2026-01-19 15:00:00,S2016,2016,29.14,78.4,55.29,6.03,72963,0.0,17.2,0.28,none,21.65,2.83
2026-01-19 15:00:00,S2017,2017,29.81,73.3,55.91,6.48,72784,0.0,22.86,0.24,none,19.21,0.69
2026-01-19 15:00:00,S2015,2015,27.71,86.2,48.46,6.79,70315,0.0,22.67,0.42,none,24.19,3.68
2026-01-19 15:00:00,S2018,2018,27.9,83.6,56.18,6.1,69712,0.0,24.09,0.31,none,25.97,1.58
2026-01-19 15:00:00,S2007,2007,29.32,75.7,53.87,6.48,68787,0.0,16.84,0.24,none,19.14,0.72
2026-01-19 15:00:00,S2004,2004,28.82,72.4,45.86,6.13,68871,0.0,23.87,0.35,none,11.85,0.52
2026-01-19 15:00:00,S2003,2003,29.66,73.5,48.31,6.25,69159,0.0,13.01,0.31,none,15.28,1.21
2026-01-19 15:00:00,S2009,2009,27.07,81.9,43.48,6.82,70705,0.0,25.58,0.35,none,18.26,0.57
2026-01-19 15:00:00,S2014,2014,29.46,79.0,47.05,6.08,70730,0.0,33.96,0.35,none,18.65,0.52
2026-01-19 15:00:00,S2012,2012,29.66,70.2,40.06,6.37,69652,2.4,18.59,0.24,none,8.51,0.62
2026-01-19 15:00:00,S2008,2008,29.37,80.2,45.05,6.41,73006,0.0,29.99,0.31,none,18.43,1.56
2026-01-19 15:00:00,S2019,2019,29.25,76.7,60.56,6.54,70129,0.0,14.33,0.35,none,23.14,0.38
2026-01-19 15:00:00,S2002,2002,27.18,81.5,39.31,6.63,70476,0.0,11.05,0.24,none,15.86,0.61
2026-01-19 15:00:00,S2010,2010,30.33,70.0,38.57,6.7,71142,2.49,25.65,0.418,none,8.94,3.13
2026-01-19 18:00:00,S2011,2011,24.91,91.7,56.75,6.38,0,0.0,18.72,0.28,none,32.73,2.56
2026-01-19 18:00:00,S2012,2012,22.93,91.8,71.41,6.52,543,0.0,19.78,0.24,none,40.14,0.83
2026-01-19 18:00:00,S2017,2017,25.6,82.5,56.49,6.96,0,0.0,22.32,0.24,none,25.25,0.78
2026-01-19 18:00:00,S2018,2018,23.31,87.3,62.55,6.3,0,0.0,23.73,0.31,none,32.11,1.74
2026-01-19 18:00:00,S2008,2008,23.55,91.2,56.85,6.81,9,0.0,30.39,0.31,none,32.39,1.95
2026-01-19 18:00:00,S2014,2014,23.18,89.9,56.28,6.29,620,0.0,32.34,0.35,none,31.06,0.4
2026-01-19 18:00:00,S2015,2015,23.79,82.2,47.82,6.28,0,0.0,23.45,0.42,none,20.67,2.94
2026-01-19 18:00:00,S2013,2013,22.98,91.5,66.65,6.7,0,0.0,29.5,0.31,none,37.53,1.38
2026-01-19 18:00:00,S2010,2010,23.57,86.5,75.27,6.27,533,0.0,26.0,0.42,none,37.84,3.29
2026-01-19 18:00:00,S2016,2016,23.04,90.0,50.85,6.98,2052,0.0,16.61,0.28,none,28.43,2.41
2026-01-19 18:00:00,S2019,2019,24.73,88.0,51.77,6.57,2356,0.0,13.66,0.35,none,27.29,0.6
2026-01-19 18:00:00,S2009,2009,24.95,84.6,58.28,6.2,516,0.0,26.67,0.35,none,27.82,0.59
2026-01-19 18:00:00,S2002,2002,23.7,84.8,63.23,7.04,476,0.0,10.72,0.24,none,30.45,0.81
2026-01-19 18:00:00,S2003,2003,24.19,90.7,57.68,6.27,0,0.0,13.04,0.31,none,32.4,1.76
2026-01-19 18:00:00,S2006,2006,24.94,83.6,47.58,6.23,686,0.0,13.58,0.28,none,21.67,2.43
2026-01-19 18:00:00,S2001,2001,25.29,87.9,47.56,6.86,0,0.0,12.87,0.28,none,25.1,1.94
2026-01-19 18:00:00,S2004,2004,24.12,89.3,61.92,6.16,360,0.0,23.97,0.35,none,33.4,0.4
2026-01-19 18:00:00,S2007,2007,24.26,82.8,58.7,7.1,440,0.0,16.29,0.24,none,26.59,0.75
2026-01-19 18:00:00,S2005,2005,24.71,87.4,49.65,6.68,0,0.0,31.48,0.42,none,25.75,3.12
2026-01-19 18:00:00,S2000,2000,23.76,87.0,79.42,6.54,0,0.0,18.95,0.42,none,40.31,3.94
2026-01-19 21:00:00,S2008,2008,24.88,84.0,56.32,6.98,0,0.0,30.6,0.31,none,26.36,1.68
2026-01-19 21:00:00,S2014,2014,24.67,89.1,63.24,6.34,801,0.0,32.18,0.35,none,33.9,0.61
2026-01-19 21:00:00,S2000,2000,24.41,85.8,46.57,6.62,0,0.0,18.69,0.42,none,22.93,2.96
2026-01-19 21:00:00,S2002,2002,23.95,86.6,53.89,6.16,1599,0.0,10.68,0.24,none,27.22,0.83
2026-01-19 21:00:00,S2011,2011,22.7,93.2,72.1,6.91,1173,0.0,18.89,0.28,none,41.61,2.14
2026-01-19 21:00:00,S2015,2015,22.57,84.8,59.06,6.08,0,0.0,22.82,0.42,none,28.37,3.14
2026-01-19 21:00:00,S2013,2013,22.77,93.0,46.89,6.28,0,0.0,29.94,0.31,none,28.85,1.47
2026-01-19 21:00:00,S2001,2001,23.93,83.5,56.39,6.32,1591,0.0,13.31,0.28,none,26.0,2.13
2026-01-19 21:00:00,S2018,2018,24.0,85.4,51.39,6.51,1626,0.0,22.91,0.31,none,25.02,1.75
2026-01-19 21:00:00,S2017,2017,24.74,81.5,69.14,6.94,1348,0.0,22.46,0.24,none,30.77,0.62
2026-01-19 21:00:00,S2005,2005,23.76,88.8,67.15,6.15,2189,0.0,32.5,0.42,none,35.62,3.95
2026-01-19 21:00:00,S2007,2007,23.98,88.5,62.09,6.13,0,0.0,16.34,0.24,none,32.84,0.86
2026-01-19 21:00:00,S2003,2003,23.11,90.9,66.91,7.04,0,0.0,13.11,0.31,none,37.18,1.7
2026-01-19 21:00:00,S2006,2006,22.56,91.6,60.53,7.01,0,0.0,12.48,0.28,none,34.55,2.14
2026-01-19 21:00:00,S2004,2004,24.12,85.4,52.78,6.64,0,0.0,24.41,0.35,none,25.71,0.39
2026-01-19 21:00:00,S2009,2009,24.0,80.4,44.41,6.47,1813,0.0,25.14,0.35,none,17.53,0.42
2026-01-19 21:00:00,S2012,2012,25.35,78.6,67.78,6.26,1010,0.0,18.9,0.24,none,27.77,0.57
2026-01-19 21:00:00,S2019,2019,24.78,86.7,69.21,6.04,89,0.0,14.46,0.35,none,34.97,0.6
2026-01-19 21:00:00,S2016,2016,25.0,83.0,74.69,6.2,2185,0.0,16.59,0.28,none,34.75,2.79
2026-01-19 21:00:00,S2010,2010,24.61,83.4,79.85,7.07,1329,0.0,25.17,0.42,none,37.65,4.26
2026-01-20 00:00:00,S2014,2014,24.55,90.1,55.07,7.19,0,0.0,33.27,0.35,none,30.61,0.56
2026-01-20 00:00:00,S2012,2012,23.68,82.4,44.8,6.92,989,0.0,19.49,0.24,none,19.32,0.77
2026-01-20 00:00:00,S2011,2011,24.99,82.4,46.12,6.06,0,0.0,18.65,0.28,none,19.98,1.8
2026-01-20 00:00:00,S2005,2005,25.3,89.0,58.2,6.11,0,0.0,31.57,0.42,none,31.3,3.85
2026-01-20 00:00:00,S2004,2004,24.42,81.6,71.82,7.11,0,0.0,24.15,0.35,none,32.19,0.39
2026-01-20 00:00:00,S2015,2015,25.34,81.4,49.44,7.11,0,0.0,24.03,0.42,none,20.84,3.83
2026-01-20 00:00:00,S2009,2009,23.72,89.8,58.57,7.19,358,0.0,25.45,0.35,none,32.12,0.44
2026-01-20 00:00:00,S2016,2016,23.02,86.9,57.62,6.94,0,0.0,17.61,0.28,none,29.33,2.91
2026-01-20 00:00:00,S2017,2017,23.8,82.2,46.58,6.89,307,0.0,23.69,0.24,none,20.05,0.79
2026-01-20 00:00:00,S2013,2013,23.14,84.6,55.41,6.42,0,0.0,29.71,0.31,none,26.38,1.71
2026-01-20 00:00:00,S2002,2002,24.5,86.6,69.6,6.91,235,0.0,11.57,0.24,none,35.08,0.8
2026-01-20 00:00:00,S2006,2006,25.6,89.6,56.95,6.07,0,0.0,12.69,0.28,none,31.15,2.94
2026-01-20 00:00:00,S2003,2003,23.85,91.4,71.45,6.25,1844,0.0,13.46,0.31,none,39.85,1.34
2026-01-20 00:00:00,S2018,2018,22.98,87.9,47.86,6.99,1470,0.0,23.54,0.31,none,25.25,1.33
2026-01-20 00:00:00,S2008,2008,23.46,91.4,60.57,6.38,0,0.0,30.63,0.31,none,34.41,1.3
2026-01-20 00:00:00,S2000,2000,22.87,90.6,69.7,6.02,1522,0.0,18.81,0.42,none,38.33,3.16
2026-01-20 00:00:00,S2001,2001,23.04,90.7,61.92,6.7,0,0.0,14.44,0.28,none,34.52,2.52
2026-01-20 00:00:00,S2007,2007,23.53,83.0,50.29,6.03,841,0.0,16.93,0.24,none,22.55,0.67
2026-01-20 00:00:00,S2019,2019,24.4,90.0,53.98,6.49,2485,0.0,14.28,0.35,none,29.99,0.42
2026-01-20 00:00:00,S2010,2010,22.83,85.8,46.4,6.07,0,0.0,25.38,0.42,none,22.84,3.24
2026-01-20 03:00:00,S2003,2003,25.29,80.9,47.56,6.12,429,0.0,13.85,0.31,none,19.5,1.64
2026-01-20 03:00:00,S2004,2004,24.25,85.4,68.59,6.65,0,0.0,24.2,0.35,none,33.62,0.41
2026-01-20 03:00:00,S2019,2019,23.14,88.8,80.59,6.28,0,0.0,14.86,0.35,none,42.34,0.52
2026-01-20 03:00:00,S2012,2012,25.08,81.7,57.1,6.1,32,0.0,19.0,0.24,none,24.91,0.85
2026-01-20 03:00:00,S2009,2009,24.12,83.4,66.43,7.17,0,0.0,26.97,0.35,none,30.94,0.42
2026-01-20 03:00:00,S2005,2005,24.39,91.5,58.98,7.17,558,0.0,31.87,0.42,none,33.69,2.92
2026-01-20 03:00:00,S2014,2014,23.88,90.3,48.51,6.33,0,0.0,33.45,0.35,none,27.49,0.44
2026-01-20 03:00:00,S2018,2018,23.48,91.2,50.8,6.36,0,0.0,22.82,0.31,none,29.36,1.73
2026-01-20 03:00:00,S2017,2017,24.53,84.4,55.84,6.99,443,0.0,23.65,0.24,none,26.44,0.76
2026-01-20 03:00:00,S2011,2011,24.73,83.6,66.45,6.56,2132,0.0,19.64,0.28,none,31.1,2.79
2026-01-20 03:00:00,S2002,2002,23.66,89.8,62.97,6.57,0,0.0,11.71,0.24,none,34.33,0.56
2026-01-20 03:00:00,S2010,2010,22.43,92.8,56.92,6.0,541,0.0,25.33,0.42,none,33.7,3.93
2026-01-20 03:00:00,S2000,2000,24.15,84.0,73.74,6.87,0,0.0,18.68,0.42,none,35.07,4.16
2026-01-20 03:00:00,S2001,2001,23.49,94.2,72.37,6.15,0,0.0,13.29,0.28,none,42.55,1.9
2026-01-20 03:00:00,S2007,2007,22.58,92.1,64.31,7.17,526,0.0,16.86,0.24,none,36.83,0.7
2026-01-20 03:00:00,S2008,2008,22.67,92.1,50.02,6.03,910,0.0,30.36,0.31,none,29.69,1.42
2026-01-20 03:00:00,S2006,2006,23.36,89.8,64.12,6.93,0,0.0,13.87,0.28,none,34.9,2.94
2026-01-20 03:00:00,S2015,2015,25.14,85.7,69.47,7.05,555,0.0,22.76,0.42,none,34.3,3.75
2026-01-20 03:00:00,S2016,2016,23.93,90.8,85.15,6.35,49,0.0,17.74,0.28,fungal_leaf_spot,46.22,2.65
2026-01-20 03:00:00,S2013,2013,24.39,80.7,48.45,7.07,273,0.0,29.91,0.31,none,19.79,1.28
2026-01-20 06:00:00,S2015,2015,25.79,88.9,51.89,6.72,0,0.0,23.33,0.42,none,28.07,3.4
2026-01-20 06:00:00,S2009,2009,24.27,83.0,66.56,6.7,0,0.0,25.65,0.35,none,30.68,0.4
2026-01-20 06:00:00,S2011,2011,22.41,96.1,62.21,6.13,0,0.0,19.71,0.28,none,38.98,2.4
2026-01-20 06:00:00,S2013,2013,25.03,83.6,52.81,6.07,0,0.0,29.96,0.31,none,24.28,1.33
2026-01-20 06:00:00,S2016,2016,25.38,85.7,55.09,6.66,463,0.0,16.65,0.28,none,27.11,1.81
2026-01-20 06:00:00,S2010,2010,25.49,88.9,57.85,7.04,0,0.0,24.71,0.42,none,31.05,4.36
2026-01-20 06:00:00,S2014,2014,23.24,85.1,57.12,6.51,0,0.0,33.78,0.35,none,27.64,0.55
2026-01-20 06:00:00,S2000,2000,23.89,91.9,54.72,6.63,1838,0.0,19.78,0.42,none,31.88,3.58
2026-01-20 06:00:00,S2001,2001,22.54,90.3,48.69,6.36,0,0.0,13.29,0.28,none,27.58,2.0
2026-01-20 06:00:00,S2006,2006,25.16,84.6,56.15,6.5,0,0.0,13.95,0.28,none,26.75,2.82
2026-01-20 06:00:00,S2019,2019,25.32,83.0,62.16,6.72,0,0.0,14.89,0.35,none,28.48,0.5
2026-01-20 06:00:00,S2003,2003,25.29,86.7,61.85,6.68,1925,0.0,12.54,0.31,none,31.29,1.68
2026-01-20 06:00:00,S2004,2004,25.3,87.9,48.1,6.64,0,0.0,25.1,0.35,none,25.37,0.6
2026-01-20 06:00:00,S2008,2008,23.48,95.7,63.46,6.08,647,0.0,29.73,0.31,none,39.29,1.98
2026-01-20 06:00:00,S2018,2018,25.67,89.3,77.91,6.19,833,0.0,24.43,0.31,none,41.39,1.83
2026-01-20 06:00:00,S2007,2007,24.96,85.8,60.17,6.1,737,0.0,16.7,0.24,none,29.73,0.55
2026-01-20 06:00:00,S2017,2017,24.09,85.5,53.07,6.2,2368,0.0,22.44,0.24,none,25.94,0.59
2026-01-20 06:00:00,S2005,2005,24.44,82.6,67.97,6.45,622,0.0,32.38,0.42,none,31.06,3.6
2026-01-20 06:00:00,S2002,2002,23.88,92.4,49.16,6.51,0,0.0,11.39,0.24,none,29.5,0.72
2026-01-20 06:00:00,S2012,2012,24.74,90.6,56.88,6.3,1303,0.0,19.52,0.24,none,31.92,0.64
2026-01-20 09:00:00,S2002,2002,30.66,72.4,54.96,6.51,72051,0.0,10.82,0.238,none,19.72,0.67
2026-01-20 09:00:00,S2017,2017,29.98,76.9,48.18,6.9,70955,0.0,23.19,0.24,none,18.57,0.81
2026-01-20 09:00:00,S2007,2007,28.6,75.1,46.5,6.11,71134,0.0,17.18,0.24,none,14.33,0.84
2026-01-20 09:00:00,S2010,2010,28.01,78.3,38.04,6.4,72958,2.33,25.92,0.42,none,12.66,4.27
2026-01-20 09:00:00,S2018,2018,27.54,83.1,48.42,6.71,69202,0.0,22.91,0.31,none,21.69,1.55
2026-01-20 09:00:00,S2009,2009,30.06,78.5,44.4,6.19,71764,0.0,25.48,0.35,none,18.12,0.5
2026-01-20 09:00:00,S2008,2008,27.9,76.1,51.19,6.6,69934,0.0,31.27,0.31,none,17.47,1.92
2026-01-20 09:00:00,S2015,2015,28.43,79.5,61.09,6.59,72662,0.0,22.24,0.42,none,25.15,2.93
2026-01-20 09:00:00,S2001,2001,30.25,75.2,71.46,6.6,71428,0.0,14.47,0.279,none,29.39,2.57
2026-01-20 09:00:00,S2011,2011,28.46,79.7,45.81,6.3,70161,0.0,19.18,0.28,none,17.67,2.79
2026-01-20 09:00:00,S2005,2005,27.43,74.5,52.58,6.95,70411,0.0,32.28,0.42,none,16.89,3.49
2026-01-20 09:00:00,S2000,2000,28.93,72.9,51.11,6.29,72803,0.0,20.32,0.42,none,14.88,3.05
2026-01-20 09:00:00,S2019,2019,27.19,83.8,39.84,6.22,68314,0.0,14.17,0.35,none,17.96,0.48
2026-01-20 09:00:00,S2006,2006,27.13,76.1,38.68,6.85,68546,2.35,12.96,0.28,none,11.22,2.6
2026-01-20 09:00:00,S2003,2003,29.65,74.3,54.57,6.73,71362,0.0,13.25,0.31,none,19.02,1.95
2026-01-20 09:00:00,S2004,2004,29.39,75.0,49.51,6.04,69128,0.0,24.85,0.35,none,16.54,0.61
2026-01-20 09:00:00,S2012,2012,28.3,74.0,48.66,6.31,69207,0.0,19.89,0.24,none,14.53,0.68
2026-01-20 09:00:00,S2016,2016,28.01,82.2,51.16,6.04,71893,0.0,16.41,0.28,none,22.34,2.2
2026-01-20 09:00:00,S2013,2013,29.73,72.2,40.66,7.09,69300,3.17,29.81,0.31,none,10.55,1.76
2026-01-20 09:00:00,S2014,2014,28.38,82.4,53.28,7.03,68617,0.0,34.05,0.35,none,23.56,0.38
2026-01-20 12:00:00,S2012,2012,31.88,78.6,46.0,6.55,101274,2.34,19.48,0.234,none,22.64,0.59
2026-01-20 12:00:00,S2015,2015,31.67,73.1,54.65,6.51,97533,0.0,22.79,0.41,none,22.14,3.23
2026-01-20 12:00:00,S2006,2006,30.48,71.5,36.9,7.14,98127,2.57,13.97,0.278,none,9.61,2.29
2026-01-20 12:00:00,S2008,2008,29.5,76.1,44.75,6.07,99096,0.0,30.42,0.31,none,15.25,1.73
2026-01-20 12:00:00,S2002,2002,31.71,76.8,50.9,7.0,99224,0.0,11.44,0.234,none,23.31,0.65
2026-01-20 12:00:00,S2019,2019,31.47,73.2,35.75,6.54,102007,2.63,14.83,0.343,none,12.38,0.46
2026-01-20 12:00:00,S2004,2004,31.82,69.3,46.87,6.32,102206,0.0,23.75,0.341,none,15.51,0.44
2026-01-20 12:00:00,S2000,2000,29.88,79.6,35.75,6.62,98121,2.56,19.16,0.42,none,14.31,4.6
2026-01-20 12:00:00,S2018,2018,29.98,71.2,37.54,7.07,102083,2.51,23.66,0.31,none,8.69,1.96
2026-01-20 12:00:00,S2013,2013,30.82,71.2,44.68,6.44,100978,0.0,29.43,0.307,none,13.94,1.94
2026-01-20 12:00:00,S2007,2007,31.42,71.6,42.54,6.44,100548,0.0,16.87,0.235,none,14.39,0.61
2026-01-20 12:00:00,S2003,2003,30.9,71.2,30.3,6.02,101290,2.84,13.67,0.295,none,6.91,1.26
2026-01-20 12:00:00,S2005,2005,30.97,73.3,52.77,6.27,100076,0.0,32.45,0.414,none,19.96,3.83
2026-01-20 12:00:00,S2011,2011,30.31,74.4,52.13,6.13,101425,0.0,18.59,0.279,none,19.21,1.96
2026-01-20 12:00:00,S2001,2001,30.67,74.2,39.43,6.41,100917,2.47,13.36,0.277,none,13.42,1.89
2026-01-20 12:00:00,S2010,2010,30.54,73.0,59.25,7.04,99421,0.0,24.61,0.417,none,22.1,3.91
2026-01-20 12:00:00,S2016,2016,31.89,76.7,45.38,6.83,98568,0.0,17.87,0.273,none,20.83,2.54
2026-01-20 12:00:00,S2009,2009,31.92,72.2,41.25,7.13,101312,2.49,25.52,0.341,none,15.23,0.51
2026-01-20 12:00:00,S2014,2014,30.46,70.4,40.36,6.01,101611,3.26,33.67,0.348,none,10.42,0.46
2026-01-20 12:00:00,S2017,2017,32.03,74.8,45.62,6.89,99640,0.0,23.38,0.233,none,19.71,0.65
2026-01-20 15:00:00,S2007,2007,28.16,76.4,44.17,7.0,69042,0.0,16.73,0.24,none,14.21,0.68
2026-01-20 15:00:00,S2019,2019,28.55,82.3,57.61,6.53,72299,0.0,13.31,0.35,none,25.64,0.44
2026-01-20 15:00:00,S2018,2018,29.8,80.8,54.62,6.58,71600,0.0,24.28,0.31,none,24.55,1.24
2026-01-20 15:00:00,S2014,2014,27.35,86.6,52.88,6.68,69956,0.0,33.38,0.35,none,26.72,0.59
2026-01-20 15:00:00,S2000,2000,28.6,83.1,41.49,7.2,71346,0.0,18.6,0.42,none,18.22,2.96
2026-01-20 15:00:00,S2013,2013,29.62,78.6,40.8,6.32,68390,3.12,29.23,0.31,none,15.52,1.67
2026-01-20 15:00:00,S2012,2012,29.43,76.0,40.25,6.17,70165,2.37,19.73,0.24,none,12.79,0.69
2026-01-20 15:00:00,S2017,2017,28.09,84.8,45.11,6.65,68272,0.0,23.13,0.24,none,21.39,0.78
2026-01-20 15:00:00,S2009,2009,30.17,75.6,49.19,6.26,72788,0.0,26.78,0.349,none,18.41,0.54
2026-01-20 15:00:00,S2006,2006,30.36,75.3,40.98,6.1,72492,2.37,12.77,0.279,none,14.45,2.08
2026-01-20 15:00:00,S2010,2010,29.2,76.4,44.24,6.35,72601,0.0,26.82,0.42,none,14.64,3.53
2026-01-20 15:00:00,S2002,2002,28.81,78.9,33.68,6.06,69565,2.53,10.92,0.238,none,10.96,0.56
2026-01-20 15:00:00,S2015,2015,28.72,74.9,53.0,6.75,71492,0.0,22.58,0.42,none,17.42,3.38
2026-01-20 15:00:00,S2005,2005,29.89,80.5,47.58,6.84,68519,0.0,32.58,0.42,none,20.97,3.17
2026-01-20 15:00:00,S2016,2016,27.65,74.5,47.42,7.04,72350,0.0,17.51,0.28,none,14.31,2.4
2026-01-20 15:00:00,S2001,2001,28.46,72.9,40.9,6.78,71122,0.0,13.31,0.28,none,9.77,2.28
2026-01-20 15:00:00,S2003,2003,28.3,83.9,50.75,6.61,68801,0.0,12.39,0.31,none,23.5,1.39
2026-01-20 15:00:00,S2011,2011,29.15,80.8,47.7,6.95,72420,0.0,18.61,0.28,none,19.79,2.1
2026-01-20 15:00:00,S2004,2004,29.86,72.8,34.18,6.09,69019,2.62,24.62,0.348,none,8.05,0.55
2026-01-20 15:00:00,S2008,2008,29.21,75.0,61.22,6.75,69895,0.0,31.27,0.31,none,22.03,1.35
2026-01-20 18:00:00,S2007,2007,24.71,83.8,53.83,6.11,0,0.0,17.67,0.24,none,24.95,0.68
2026-01-20 18:00:00,S2000,2000,23.04,90.8,56.76,6.03,637,0.0,19.29,0.42,none,32.02,3.73
2026-01-20 18:00:00,S2002,2002,24.36,84.8,50.47,6.22,1248,0.0,11.08,0.24,none,24.07,0.86
2026-01-20 18:00:00,S2017,2017,23.1,87.7,67.76,6.95,0,0.0,22.93,0.24,none,35.04,0.6
2026-01-20 18:00:00,S2003,2003,25.16,91.0,77.41,7.19,96,0.0,12.49,0.31,none,42.5,1.63
2026-01-20 18:00:00,S2010,2010,24.14,87.8,42.5,7.08,0,0.0,25.43,0.42,none,22.49,3.45
2026-01-20 18:00:00,S2019,2019,24.26,84.7,45.3,6.01,1063,0.0,14.98,0.35,none,21.41,0.61
2026-01-20 18:00:00,S2006,2006,24.83,90.5,55.88,6.52,0,0.0,13.37,0.28,none,31.34,2.46
2026-01-20 18:00:00,S2008,2008,23.13,91.6,53.73,6.72,2448,0.0,30.91,0.31,none,31.14,1.52
2026-01-20 18:00:00,S2011,2011,23.44,90.0,50.97,6.29,2495,0.0,18.4,0.28,none,28.48,2.95
2026-01-20 18:00:00,S2014,2014,24.53,80.7,59.42,6.11,0,0.0,32.67,0.35,none,25.27,0.38
2026-01-20 18:00:00,S2016,2016,22.49,90.0,51.4,6.65,490,0.0,17.91,0.28,none,28.7,2.96
2026-01-20 18:00:00,S2012,2012,23.38,87.8,55.26,6.81,1212,0.0,19.81,0.24,none,28.87,0.62
2026-01-20 18:00:00,S2013,2013,22.56,93.1,53.46,7.18,0,0.0,28.98,0.31,none,32.21,1.93
2026-01-20 18:00:00,S2018,2018,24.94,84.8,59.47,6.36,1014,0.0,22.89,0.31,none,28.57,1.62
2026-01-20 18:00:00,S2001,2001,23.4,89.4,53.05,6.18,633,0.0,13.44,0.28,none,29.05,2.59
2026-01-20 18:00:00,S2005,2005,24.46,89.4,52.13,6.63,1838,0.0,31.9,0.42,none,28.59,3.53
2026-01-20 18:00:00,S2009,2009,24.76,88.1,48.18,6.16,0,0.0,26.12,0.35,none,25.57,0.59
2026-01-20 18:00:00,S2004,2004,25.24,87.0,58.26,6.39,0,0.0,25.15,0.35,none,29.73,0.56
2026-01-20 18:00:00,S2015,2015,23.11,88.8,57.68,6.04,40,0.0,22.07,0.42,none,30.88,3.46
2026-01-20 21:00:00,S2004,2004,24.38,88.7,74.18,7.11,0,0.0,25.37,0.35,none,39.05,0.4
2026-01-20 21:00:00,S2016,2016,24.02,94.0,55.92,6.57,0,0.0,17.88,0.28,none,34.16,2.26
2026-01-20 21:00:00,S2006,2006,22.85,88.7,51.6,6.95,0,0.0,12.81,0.28,none,27.76,2.17
2026-01-20 21:00:00,S2018,2018,23.43,86.9,51.07,6.5,270,0.0,23.99,0.31,none,26.06,1.97
2026-01-20 21:00:00,S2014,2014,23.78,91.6,48.4,6.2,0,0.0,34.17,0.35,none,28.48,0.55
2026-01-20 21:00:00,S2012,2012,24.66,89.3,50.86,7.16,2432,0.0,19.14,0.24,none,27.87,0.86
2026-01-20 21:00:00,S2003,2003,23.73,88.3,57.16,6.01,2393,0.0,13.1,0.31,none,30.22,1.82
2026-01-20 21:00:00,S2002,2002,24.58,88.7,52.98,6.14,766,0.0,11.63,0.24,none,28.45,0.86
2026-01-20 21:00:00,S2009,2009,23.83,88.8,55.88,6.51,1757,0.0,26.17,0.35,none,29.98,0.56
2026-01-20 21:00:00,S2011,2011,24.89,88.1,57.89,7.13,1516,0.0,19.54,0.28,none,30.42,2.62
2026-01-20 21:00:00,S2007,2007,25.52,86.8,64.36,7.12,0,0.0,17.01,0.24,none,32.62,0.57
2026-01-20 21:00:00,S2008,2008,23.8,88.1,57.98,6.34,0,0.0,29.69,0.31,none,30.47,1.83
2026-01-20 21:00:00,S2013,2013,24.03,88.9,67.89,6.15,0,0.0,29.08,0.31,none,36.07,1.72
2026-01-20 21:00:00,S2005,2005,24.49,89.6,54.55,7.0,0,0.0,33.07,0.42,none,29.95,4.04
2026-01-20 21:00:00,S2015,2015,22.65,92.1,67.11,6.77,1984,0.0,23.27,0.42,none,38.23,4.36
2026-01-20 21:00:00,S2019,2019,22.62,93.3,42.92,6.6,1251,0.0,13.27,0.35,none,27.1,0.59
2026-01-20 21:00:00,S2000,2000,24.18,88.1,53.64,6.39,2088,0.0,19.34,0.42,none,28.3,3.01
2026-01-20 21:00:00,S2017,2017,23.54,90.7,51.23,6.21,0,0.0,23.55,0.24,none,29.18,0.75
2026-01-20 21:00:00,S2010,2010,22.42,86.2,56.29,6.36,457,0.0,25.48,0.42,none,28.11,3.41
2026-01-20 21:00:00,S2001,2001,25.2,89.0,58.74,7.08,0,0.0,14.41,0.28,none,31.57,1.92
2026-01-21 00:00:00,S2011,2011,22.72,87.4,64.95,6.89,0,0.0,20.04,0.28,none,33.4,2.73
2026-01-21 00:00:00,S2013,2013,24.74,82.6,87.29,6.76,1583,0.0,29.36,0.31,none,40.73,1.58
2026-01-21 00:00:00,S2002,2002,25.71,79.8,66.18,6.19,1791,0.0,11.97,0.24,none,27.93,0.85
2026-01-21 00:00:00,S2004,2004,24.02,85.1,61.61,6.96,1855,0.0,25.58,0.35,none,29.88,0.42
2026-01-21 00:00:00,S2019,2019,23.88,91.7,58.95,6.38,0,0.0,14.24,0.35,none,33.84,0.43
2026-01-21 00:00:00,S2001,2001,24.52,81.8,51.21,6.52,0,0.0,13.35,0.28,none,22.04,2.91
2026-01-21 00:00:00,S2009,2009,24.62,82.5,56.69,6.17,0,0.0,26.94,0.35,none,25.34,0.51
2026-01-21 00:00:00,S2003,2003,22.62,92.9,47.36,6.6,0,0.0,13.48,0.31,none,29.0,1.66
2026-01-21 00:00:00,S2018,2018,25.13,81.5,54.84,6.73,0,0.0,23.73,0.31,none,23.62,1.24
2026-01-21 00:00:00,S2000,2000,23.64,89.7,57.31,6.2,0,0.0,19.44,0.42,none,31.42,4.53
2026-01-21 00:00:00,S2015,2015,23.43,92.6,61.9,6.99,692,0.0,22.36,0.42,none,36.03,3.59
2026-01-21 00:00:00,S2005,2005,24.76,90.6,65.92,7.1,0,0.0,31.19,0.42,none,36.44,4.5
2026-01-21 00:00:00,S2007,2007,23.29,82.9,57.73,6.63,2011,0.0,16.58,0.24,none,26.19,0.77
2026-01-21 00:00:00,S2012,2012,24.29,93.4,79.34,6.4,0,0.0,19.47,0.24,fungal_leaf_spot,45.39,0.62
2026-01-21 00:00:00,S2008,2008,23.54,89.4,50.21,6.76,2495,0.0,31.58,0.31,none,27.63,1.65
2026-01-21 00:00:00,S2006,2006,24.3,85.1,55.55,6.28,0,0.0,13.53,0.28,none,26.85,2.71
2026-01-21 00:00:00,S2010,2010,22.98,85.9,52.99,6.98,584,0.0,27.37,0.42,none,26.22,2.95
2026-01-21 00:00:00,S2016,2016,22.89,90.7,55.15,6.35,0,0.0,17.8,0.28,none,31.14,2.34
2026-01-21 00:00:00,S2017,2017,23.04,92.9,62.7,6.79,0,0.0,23.74,0.24,none,36.67,0.56
2026-01-21 00:00:00,S2014,2014,25.26,90.4,71.33,6.36,1449,0.0,33.19,0.35,none,38.99,0.57
2026-01-21 03:00:00,S2005,2005,22.21,90.9,60.75,7.11,2338,0.0,32.32,0.42,none,34.1,3.63
2026-01-21 03:00:00,S2012,2012,23.44,89.8,56.36,6.16,870,0.0,20.04,0.24,none,31.02,0.57
2026-01-21 03:00:00,S2015,2015,24.25,82.7,51.53,6.88,0,0.0,23.4,0.42,none,22.93,3.37
2026-01-21 03:00:00,S2019,2019,24.65,87.6,53.08,7.11,1347,0.0,13.62,0.35,none,27.62,0.48
2026-01-21 03:00:00,S2007,2007,25.61,88.9,57.65,6.34,0,0.0,16.95,0.24,none,30.95,0.83
2026-01-21 03:00:00,S2014,2014,23.88,88.6,46.26,6.35,20,0.0,34.67,0.35,none,25.01,0.59
2026-01-21 03:00:00,S2009,2009,25.45,85.1,58.34,6.4,709,0.0,26.83,0.35,none,28.25,0.5
2026-01-21 03:00:00,S2018,2018,24.64,88.4,76.74,6.73,642,0.0,24.04,0.31,none,40.09,1.55
2026-01-21 03:00:00,S2001,2001,25.45,85.2,77.84,6.82,493,0.0,14.89,0.28,none,38.08,2.19
2026-01-21 03:00:00,S2000,2000,23.0,90.3,59.38,6.6,0,0.0,18.71,0.42,none,32.93,3.59
2026-01-21 03:00:00,S2004,2004,25.01,83.2,54.59,6.58,0,0.0,25.35,0.35,none,24.86,0.5
2026-01-21 03:00:00,S2013,2013,24.53,88.4,51.71,6.68,0,0.0,30.87,0.31,none,27.58,1.4
2026-01-21 03:00:00,S2016,2016,24.13,87.3,72.2,6.79,0,0.0,18.22,0.28,none,36.94,2.8
2026-01-21 03:00:00,S2003,2003,22.92,87.5,62.41,6.19,0,0.0,13.08,0.31,none,32.2,1.66
2026-01-21 03:00:00,S2010,2010,25.05,85.8,56.4,6.14,0,0.0,25.25,0.42,none,27.84,4.34
2026-01-21 03:00:00,S2008,2008,22.56,86.5,53.47,6.32,2000,0.0,30.53,0.31,none,26.94,1.65
2026-01-21 03:00:00,S2002,2002,24.61,86.0,54.91,7.1,753,0.0,11.19,0.24,none,27.25,0.87
2026-01-21 03:00:00,S2006,2006,22.54,92.9,53.57,6.08,0,0.0,14.01,0.28,none,32.11,1.91
2026-01-21 03:00:00,S2017,2017,25.25,84.0,73.16,6.85,0,0.0,22.75,0.24,none,34.78,0.8
2026-01-21 03:00:00,S2011,2011,23.07,92.1,68.02,6.21,2326,0.0,18.81,0.28,none,38.69,2.81
2026-01-21 06:00:00,S2007,2007,23.89,89.9,55.2,7.11,0,0.0,17.92,0.24,none,30.52,0.7
2026-01-21 06:00:00,S2016,2016,24.07,90.3,72.62,6.01,498,0.0,17.5,0.28,none,39.55,2.16
2026-01-21 06:00:00,S2017,2017,23.28,92.2,58.02,6.79,0,0.0,23.57,0.24,none,33.77,0.81
2026-01-21 06:00:00,S2008,2008,23.58,93.4,64.61,6.4,896,0.0,30.2,0.31,none,38.03,1.59
2026-01-21 06:00:00,S2013,2013,22.69,89.4,58.11,6.38,1589,0.0,30.31,0.31,none,31.58,1.56
2026-01-21 06:00:00,S2004,2004,22.97,88.2,74.3,6.26,0,0.0,25.43,0.35,none,38.71,0.55
2026-01-21 06:00:00,S2006,2006,24.5,87.1,56.66,6.62,0,0.0,13.58,0.28,none,29.01,2.11
2026-01-21 06:00:00,S2001,2001,22.66,94.4,59.06,6.18,765,0.0,13.53,0.28,none,36.05,2.82
2026-01-21 06:00:00,S2009,2009,24.79,86.9,55.39,6.57,2081,0.0,25.63,0.35,none,28.22,0.38
2026-01-21 06:00:00,S2015,2015,24.96,83.4,53.99,6.27,0,0.0,23.77,0.42,none,24.72,4.34
2026-01-21 06:00:00,S2014,2014,22.94,92.6,79.76,6.81,0,0.0,33.26,0.35,none,44.96,0.51
2026-01-21 06:00:00,S2012,2012,22.57,94.7,55.2,6.68,269,0.0,20.34,0.24,none,34.36,0.58
2026-01-21 06:00:00,S2000,2000,22.72,92.1,62.56,6.07,1849,0.0,20.77,0.42,none,35.96,4.38
2026-01-21 06:00:00,S2019,2019,24.39,87.0,57.7,6.76,596,0.0,15.14,0.35,none,29.45,0.5
2026-01-21 06:00:00,S2018,2018,23.83,90.1,61.12,6.45,0,0.0,24.8,0.31,none,33.64,1.37
2026-01-21 06:00:00,S2002,2002,24.53,88.5,59.34,6.63,0,0.0,11.25,0.24,none,31.47,0.75
2026-01-21 06:00:00,S2005,2005,25.49,82.9,67.69,6.07,0,0.0,33.3,0.42,none,31.17,3.1
2026-01-21 06:00:00,S2003,2003,24.82,91.0,60.73,6.62,0,0.0,13.79,0.31,none,34.16,1.82
2026-01-21 06:00:00,S2011,2011,23.56,89.8,52.08,6.21,0,0.0,20.06,0.28,none,28.88,2.74
2026-01-21 06:00:00,S2010,2010,25.41,88.5,59.7,6.69,1313,0.0,25.01,0.42,none,31.65,4.63
2026-01-21 09:00:00,S2003,2003,27.43,79.5,33.05,6.17,68412,2.48,13.31,0.305,none,11.12,1.48
2026-01-21 09:00:00,S2016,2016,30.01,75.7,47.54,6.29,69294,0.0,17.57,0.28,none,17.35,2.18
2026-01-21 09:00:00,S2008,2008,29.3,80.5,59.33,6.14,70748,0.0,31.01,0.31,none,25.67,1.69
2026-01-21 09:00:00,S2010,2010,27.53,79.8,49.55,6.16,73200,0.0,26.59,0.42,none,19.61,3.71
2026-01-21 09:00:00,S2011,2011,30.58,80.1,48.48,6.22,70975,0.0,20.16,0.278,none,22.48,2.72
2026-01-21 09:00:00,S2006,2006,27.93,76.6,48.31,6.7,72754,0.0,13.59,0.28,none,16.43,2.04
2026-01-21 09:00:00,S2002,2002,28.4,78.9,42.81,6.25,71545,0.0,12.1,0.24,none,15.53,0.78
2026-01-21 09:00:00,S2017,2017,28.6,82.5,38.44,6.46,69138,3.13,23.14,0.24,none,16.22,0.61
2026-01-21 09:00:00,S2007,2007,29.94,71.1,57.25,6.91,68995,0.0,16.72,0.24,none,18.38,0.57
2026-01-21 09:00:00,S2019,2019,29.84,72.7,41.37,6.33,70328,2.35,15.04,0.35,none,11.53,0.55
2026-01-21 09:00:00,S2014,2014,28.76,81.6,49.89,6.82,72552,0.0,34.3,0.35,none,21.22,0.55
2026-01-21 09:00:00,S2001,2001,29.01,75.3,54.21,6.6,70636,0.0,14.85,0.28,none,18.37,2.6
2026-01-21 09:00:00,S2013,2013,30.33,75.8,47.58,6.99,69098,0.0,30.44,0.309,none,18.09,1.63
2026-01-21 09:00:00,S2000,2000,30.06,75.3,51.12,6.6,69128,0.0,19.03,0.42,none,18.92,4.51
2026-01-21 09:00:00,S2004,2004,28.12,80.5,69.89,6.71,72306,0.0,24.32,0.35,none,30.35,0.41
2026-01-21 09:00:00,S2005,2005,30.32,73.9,43.24,7.1,72076,0.0,32.69,0.418,none,14.38,3.23
2026-01-21 09:00:00,S2009,2009,29.66,70.9,41.34,6.4,71809,2.34,26.34,0.35,none,9.71,0.58
2026-01-21 09:00:00,S2018,2018,29.84,73.3,55.68,6.44,70301,0.0,24.7,0.31,none,19.16,1.37
2026-01-21 09:00:00,S2015,2015,28.72,76.0,52.02,6.24,69212,0.0,23.12,0.42,none,17.81,4.66
2026-01-21 09:00:00,S2012,2012,27.96,85.8,55.58,7.18,72856,0.0,20.1,0.24,none,27.43,0.68
2026-01-21 12:00:00,S2001,2001,32.0,67.6,65.79,6.92,100091,0.0,14.77,0.272,none,23.98,1.84
2026-01-21 12:00:00,S2017,2017,31.48,75.7,59.18,7.14,99887,0.0,23.66,0.235,none,26.11,0.67
2026-01-21 12:00:00,S2007,2007,31.46,75.8,33.66,6.35,98042,2.72,17.35,0.233,none,13.39,0.51
2026-01-21 12:00:00,S2016,2016,32.83,73.2,42.29,6.72,99023,2.37,17.25,0.269,none,18.36,2.11
2026-01-21 12:00:00,S2000,2000,31.97,75.7,37.14,6.8,101493,2.48,18.53,0.409,none,16.07,3.5
2026-01-21 12:00:00,S2010,2010,31.66,68.5,52.47,6.66,99921,0.0,26.41,0.41,none,17.36,2.97
2026-01-21 12:00:00,S2019,2019,30.66,71.5,47.84,6.31,97945,0.0,14.87,0.347,none,15.44,0.6
2026-01-21 12:00:00,S2003,2003,31.18,73.1,47.35,7.11,100702,0.0,13.44,0.305,none,17.51,1.62
2026-01-21 12:00:00,S2008,2008,29.61,71.6,36.18,6.38,97590,3.38,30.9,0.31,none,7.59,1.89
2026-01-21 12:00:00,S2004,2004,31.97,67.2,35.98,6.36,98437,2.62,25.66,0.341,none,8.69,0.45
2026-01-21 12:00:00,S2006,2006,31.19,70.3,36.52,6.79,100533,2.55,13.85,0.275,none,9.88,2.37
2026-01-21 12:00:00,S2011,2011,32.38,66.9,66.77,6.4,99940,0.0,19.61,0.271,none,24.67,2.41
2026-01-21 12:00:00,S2018,2018,30.6,71.1,48.72,6.87,100787,0.0,24.29,0.307,none,15.44,1.22
2026-01-21 12:00:00,S2005,2005,30.46,75.9,51.5,6.99,100123,0.0,33.28,0.417,none,20.39,3.71
2026-01-21 12:00:00,S2009,2009,31.62,72.8,45.99,6.63,98343,0.0,27.12,0.342,none,17.48,0.48
2026-01-21 12:00:00,S2002,2002,31.54,78.3,44.77,6.14,98453,0.0,10.82,0.235,none,21.1,0.76
2026-01-21 12:00:00,S2013,2013,29.79,75.8,40.38,6.39,100094,3.22,30.27,0.31,none,13.41,1.83
2026-01-21 12:00:00,S2012,2012,31.01,75.5,55.44,6.7,99916,0.0,19.67,0.237,none,23.14,0.73
2026-01-21 12:00:00,S2015,2015,29.61,76.0,38.06,6.33,98888,0.0,22.97,0.42,none,12.05,2.87
2026-01-21 12:00:00,S2014,2014,29.79,71.9,41.41,7.14,100505,3.11,32.84,0.35,none,10.81,0.53
2026-01-21 15:00:00,S2019,2019,29.84,70.6,41.68,6.53,72122,2.37,13.74,0.35,none,10.0,0.46
2026-01-21 15:00:00,S2001,2001,28.07,78.6,48.51,6.46,69961,0.0,14.76,0.28,none,18.13,2.05
2026-01-21 15:00:00,S2015,2015,29.6,73.2,48.47,6.43,69746,0.0,22.21,0.42,none,15.0,3.07
2026-01-21 15:00:00,S2010,2010,28.14,80.1,55.88,6.34,68481,0.0,26.77,0.42,none,23.02,4.39
2026-01-21 15:00:00,S2013,2013,28.49,82.9,43.55,6.51,69554,0.0,30.03,0.31,none,19.1,1.3
2026-01-21 15:00:00,S2014,2014,29.72,72.8,40.93,6.93,69958,3.2,33.91,0.35,none,11.14,0.61
2026-01-21 15:00:00,S2009,2009,27.57,82.0,50.88,7.11,72723,0.0,26.94,0.35,none,22.04,0.62
2026-01-21 15:00:00,S2018,2018,28.68,77.8,41.38,6.77,68346,2.34,23.97,0.31,none,13.93,1.39
2026-01-21 15:00:00,S2000,2000,30.22,76.0,45.42,7.16,68544,0.0,20.47,0.419,none,16.95,4.17
2026-01-21 15:00:00,S2004,2004,28.89,75.1,54.19,7.14,70038,0.0,24.91,0.35,none,18.17,0.61
2026-01-21 15:00:00,S2003,2003,27.98,82.4,41.22,6.66,72460,0.0,12.83,0.31,none,17.53,1.52
2026-01-21 15:00:00,S2007,2007,28.51,74.4,44.42,6.26,71012,0.0,16.93,0.24,none,12.73,0.53
2026-01-21 15:00:00,S2017,2017,28.96,71.7,38.05,6.76,69420,3.2,23.89,0.24,none,7.39,0.67
2026-01-21 15:00:00,S2016,2016,29.45,74.1,47.12,6.23,71209,0.0,17.52,0.28,none,14.74,2.97
2026-01-21 15:00:00,S2008,2008,27.49,79.8,48.26,7.03,71747,0.0,31.76,0.31,none,18.97,1.98
2026-01-21 15:00:00,S2006,2006,28.52,84.9,47.06,6.36,68965,0.0,14.26,0.28,none,22.45,2.93
2026-01-21 15:00:00,S2005,2005,29.59,81.7,42.19,6.35,71635,0.0,32.46,0.42,none,18.64,3.3
2026-01-21 15:00:00,S2002,2002,29.85,80.1,53.91,6.24,69434,0.0,11.16,0.24,none,23.73,0.72
2026-01-21 15:00:00,S2011,2011,27.8,75.3,41.66,6.6,69745,0.0,19.08,0.28,none,12.07,2.33
2026-01-21 15:00:00,S2012,2012,29.09,72.5,35.38,6.38,72496,2.55,20.11,0.24,none,6.87,0.81
2026-01-21 18:00:00,S2013,2013,25.55,83.6,67.89,6.52,0,0.0,29.12,0.31,none,31.82,1.38
2026-01-21 18:00:00,S2006,2006,24.84,88.9,59.19,7.11,0,0.0,13.45,0.28,none,31.72,2.55
2026-01-21 18:00:00,S2008,2008,23.52,86.0,46.99,6.26,1641,0.0,31.1,0.31,none,23.3,1.24
2026-01-21 18:00:00,S2016,2016,24.67,84.6,62.03,6.88,2307,0.0,17.35,0.28,none,29.69,2.24
2026-01-21 18:00:00,S2001,2001,25.37,80.8,64.12,6.17,0,0.0,13.92,0.28,none,27.7,2.65
2026-01-21 18:00:00,S2015,2015,24.8,84.8,62.18,6.4,692,0.0,23.59,0.42,none,29.93,3.6
2026-01-21 18:00:00,S2018,2018,22.77,91.3,60.88,6.63,0,0.0,24.91,0.31,none,34.48,1.8
2026-01-21 18:00:00,S2007,2007,24.61,83.2,59.27,6.61,1410,0.0,16.85,0.24,none,27.2,0.62
2026-01-21 18:00:00,S2011,2011,23.46,91.2,47.8,7.07,1527,0.0,20.01,0.28,none,27.86,2.25
2026-01-21 18:00:00,S2005,2005,23.41,88.5,63.02,6.14,2460,0.0,32.97,0.42,none,33.31,3.45
2026-01-21 18:00:00,S2012,2012,24.82,83.1,53.17,6.28,0,0.0,20.21,0.24,none,24.06,0.61
2026-01-21 18:00:00,S2002,2002,25.18,85.8,55.77,6.66,1460,0.0,11.71,0.24,none,27.53,0.7
2026-01-21 18:00:00,S2004,2004,23.96,91.8,69.21,6.82,0,0.0,23.86,0.35,none,39.04,0.56
2026-01-21 18:00:00,S2017,2017,24.2,83.5,75.93,6.6,1312,0.0,22.73,0.24,none,35.77,0.75
2026-01-21 18:00:00,S2000,2000,24.16,83.7,67.26,6.4,2154,0.0,19.15,0.42,none,31.59,4.48
2026-01-21 18:00:00,S2019,2019,24.89,82.6,56.34,6.05,1108,0.0,13.63,0.35,none,25.25,0.57
2026-01-21 18:00:00,S2003,2003,25.02,89.2,45.32,7.07,0,0.0,13.86,0.31,none,25.02,1.5
2026-01-21 18:00:00,S2010,2010,22.51,87.4,53.74,6.82,854,0.0,26.98,0.42,none,27.79,3.75
2026-01-21 18:00:00,S2014,2014,22.38,92.3,59.71,6.31,128,0.0,33.37,0.35,none,34.7,0.56
2026-01-21 18:00:00,S2009,2009,23.52,94.0,59.24,6.54,0,0.0,26.75,0.35,none,35.82,0.6
2026-01-21 21:00:00,S2007,2007,24.51,90.5,45.82,6.71,1713,0.0,17.5,0.24,none,26.31,0.66
2026-01-21 21:00:00,S2002,2002,25.06,89.5,53.56,6.06,0,0.0,11.57,0.24,none,29.38,0.7
2026-01-21 21:00:00,S2016,2016,24.9,83.6,57.81,6.48,1819,0.0,16.8,0.28,none,26.78,2.59
2026-01-21 21:00:00,S2012,2012,22.83,93.7,53.21,6.9,0,0.0,18.98,0.24,none,32.57,0.74
2026-01-21 21:00:00,S2009,2009,22.36,92.1,56.26,6.21,0,0.0,25.9,0.35,none,32.81,0.42
2026-01-21 21:00:00,S2019,2019,23.87,89.4,53.13,6.12,2019,0.0,14.38,0.35,none,29.09,0.48
2026-01-21 21:00:00,S2015,2015,24.07,86.9,66.28,6.96,626,0.0,24.26,0.42,none,33.66,2.94
2026-01-21 21:00:00,S2018,2018,23.11,86.8,66.53,6.13,0,0.0,24.35,0.31,none,33.7,1.8
2026-01-21 21:00:00,S2000,2000,23.2,93.5,54.87,6.17,0,0.0,19.27,0.42,none,33.23,3.9
2026-01-21 21:00:00,S2003,2003,23.98,92.0,49.8,6.06,0,0.0,12.94,0.31,none,29.5,1.88
2026-01-21 21:00:00,S2014,2014,25.1,84.7,59.95,6.13,0,0.0,33.75,0.35,none,28.74,0.46
2026-01-21 21:00:00,S2005,2005,23.09,90.3,66.79,6.35,2351,0.0,33.58,0.42,none,36.64,2.97
2026-01-21 21:00:00,S2011,2011,24.13,81.0,59.79,6.23,0,0.0,18.97,0.28,none,25.7,2.48
2026-01-21 21:00:00,S2004,2004,23.95,91.2,54.24,6.58,0,0.0,24.95,0.35,none,31.08,0.62
2026-01-21 21:00:00,S2013,2013,24.76,91.7,61.2,6.79,0,0.0,30.26,0.31,none,34.96,1.62
2026-01-21 21:00:00,S2006,2006,24.17,91.9,58.52,6.55,0,0.0,14.34,0.28,none,33.78,2.84
2026-01-21 21:00:00,S2010,2010,24.79,86.8,71.41,6.44,0,0.0,26.36,0.42,none,36.14,3.67
2026-01-21 21:00:00,S2001,2001,24.37,82.9,46.39,7.02,2431,0.0,14.6,0.28,none,20.52,2.44
2026-01-21 21:00:00,S2008,2008,23.82,90.2,65.37,6.62,0,0.0,31.58,0.31,none,35.85,1.87
2026-01-21 21:00:00,S2017,2017,23.12,84.9,54.08,6.08,0,0.0,22.95,0.24,none,25.96,0.77
2026-01-22 00:00:00,S2008,2008,24.1,92.4,57.99,6.86,0,0.0,31.15,0.31,none,33.92,1.25
2026-01-22 00:00:00,S2018,2018,25.16,86.0,62.29,6.35,0,0.0,23.48,0.31,none,30.95,1.94
2026-01-22 00:00:00,S2001,2001,24.7,81.3,44.75,7.01,0,0.0,14.59,0.28,none,18.41,2.14
2026-01-22 00:00:00,S2000,2000,25.51,83.1,60.32,6.97,0,0.0,20.29,0.42,none,27.64,4.53
2026-01-22 00:00:00,S2003,2003,23.24,90.2,52.83,6.51,333,0.0,14.43,0.31,none,29.58,1.35
2026-01-22 00:00:00,S2014,2014,24.17,90.0,55.89,6.75,0,0.0,35.04,0.35,none,30.95,0.56
2026-01-22 00:00:00,S2017,2017,22.47,94.6,53.74,6.0,504,0.0,23.33,0.24,none,33.55,0.71
2026-01-22 00:00:00,S2019,2019,23.48,84.8,69.61,7.13,0,0.0,15.59,0.35,none,33.64,0.54
2026-01-22 00:00:00,S2004,2004,24.78,81.5,57.52,7.13,0,0.0,24.85,0.35,none,24.96,0.61
2026-01-22 00:00:00,S2005,2005,24.52,90.8,61.36,6.47,624,0.0,33.3,0.42,none,34.32,2.99
2026-01-22 00:00:00,S2007,2007,24.8,82.7,54.37,6.34,559,0.0,16.79,0.24,none,24.35,0.66
2026-01-22 00:00:00,S2012,2012,24.04,85.1,56.33,6.3,1159,0.0,19.28,0.24,none,27.24,0.84
2026-01-22 00:00:00,S2011,2011,25.46,84.2,49.73,6.78,1825,0.0,20.08,0.28,none,23.23,2.29
2026-01-22 00:00:00,S2002,2002,23.0,87.2,51.93,6.17,1728,0.0,12.08,0.24,none,26.73,0.78
2026-01-22 00:00:00,S2009,2009,24.37,87.9,53.51,6.01,863,0.0,26.32,0.35,none,28.08,0.41
2026-01-22 00:00:00,S2006,2006,24.57,91.0,62.49,6.71,0,0.0,14.76,0.28,none,35.05,2.08
2026-01-22 00:00:00,S2010,2010,24.53,84.1,54.43,6.09,356,0.0,27.63,0.42,none,25.49,4.4
2026-01-22 00:00:00,S2015,2015,24.83,88.1,61.35,6.13,0,0.0,24.16,0.42,none,32.16,3.7
2026-01-22 00:00:00,S2016,2016,24.68,84.5,49.82,6.9,652,0.0,17.89,0.28,none,23.51,2.57
2026-01-22 00:00:00,S2013,2013,22.56,87.4,56.98,7.0,544,0.0,30.45,0.31,none,29.41,1.21
2026-01-22 03:00:00,S2006,2006,23.26,93.0,56.17,6.41,0,0.0,14.08,0.28,none,33.48,2.55
2026-01-22 03:00:00,S2013,2013,23.2,94.6,80.39,6.31,0,0.0,29.35,0.31,fungal_leaf_spot,46.88,1.49
2026-01-22 03:00:00,S2010,2010,24.12,90.8,66.15,6.41,0,0.0,25.52,0.42,none,36.72,3.13
2026-01-22 03:00:00,S2014,2014,23.62,94.2,65.82,6.67,1964,0.0,34.59,0.35,none,39.27,0.46
2026-01-22 03:00:00,S2009,2009,25.08,85.0,60.56,6.77,0,0.0,26.64,0.35,none,29.28,0.45
2026-01-22 03:00:00,S2003,2003,25.62,87.4,70.16,6.31,911,0.0,12.82,0.31,none,36.0,1.74
2026-01-22 03:00:00,S2004,2004,22.6,87.2,50.33,6.37,424,0.0,25.47,0.35,none,25.93,0.47
2026-01-22 03:00:00,S2008,2008,22.65,86.4,71.89,6.96,0,0.0,30.64,0.31,none,36.07,1.3
2026-01-22 03:00:00,S2016,2016,24.21,86.6,78.38,6.76,851,0.0,17.02,0.28,none,39.47,2.03
2026-01-22 03:00:00,S2001,2001,24.39,84.6,56.84,7.16,1192,0.0,13.59,0.28,none,27.1,2.32
2026-01-22 03:00:00,S2018,2018,24.73,91.2,61.91,7.19,2146,0.0,24.89,0.31,none,34.92,1.3
2026-01-22 03:00:00,S2019,2019,23.0,92.8,49.79,7.04,402,0.0,14.79,0.35,none,30.13,0.5
2026-01-22 03:00:00,S2000,2000,24.51,87.1,85.39,6.47,0,0.0,19.69,0.42,none,43.38,3.14
2026-01-22 03:00:00,S2011,2011,24.88,80.8,65.46,6.79,2234,0.0,20.38,0.28,none,28.37,2.02
2026-01-22 03:00:00,S2007,2007,22.81,92.7,73.38,7.02,0,0.0,17.46,0.24,none,41.85,0.69
2026-01-22 03:00:00,S2012,2012,25.41,80.2,53.78,6.59,1683,0.0,20.39,0.24,none,22.05,0.67
2026-01-22 03:00:00,S2005,2005,25.57,87.9,43.92,6.92,0,0.0,32.55,0.42,none,23.28,4.75
2026-01-22 03:00:00,S2015,2015,22.86,90.8,56.26,6.24,0,0.0,23.56,0.42,none,31.77,4.32
2026-01-22 03:00:00,S2002,2002,22.52,93.4,59.0,6.43,0,0.0,11.87,0.24,none,35.22,0.87
2026-01-22 03:00:00,S2017,2017,25.13,83.2,51.69,6.11,2075,0.0,24.0,0.24,none,23.41,0.81
2026-01-22 06:00:00,S2019,2019,24.18,82.5,46.67,6.52,0,0.0,14.93,0.35,none,20.34,0.47
2026-01-22 06:00:00,S2011,2011,24.29,82.6,46.58,6.92,0,0.0,20.2,0.28,none,20.37,2.86
2026-01-22 06:00:00,S2006,2006,22.6,86.4,69.39,7.16,2024,0.0,13.62,0.28,none,34.82,2.98
2026-01-22 06:00:00,S2001,2001,24.45,83.3,52.87,6.34,0,0.0,14.92,0.28,none,24.07,2.42
2026-01-22 06:00:00,S2008,2008,23.75,84.2,51.03,6.73,195,0.0,30.93,0.31,none,23.88,1.68
2026-01-22 06:00:00,S2002,2002,23.13,85.5,52.64,6.32,0,0.0,11.87,0.24,none,25.72,0.63
2026-01-22 06:00:00,S2013,2013,23.54,87.2,54.92,6.4,440,0.0,31.17,0.31,none,28.22,1.64
2026-01-22 06:00:00,S2007,2007,23.84,89.8,64.27,6.02,0,0.0,17.53,0.24,none,34.97,0.85
2026-01-22 06:00:00,S2016,2016,25.2,91.4,63.51,6.99,0,0.0,16.94,0.28,none,35.88,2.72
2026-01-22 06:00:00,S2017,2017,22.97,87.2,60.63,6.38,0,0.0,22.88,0.24,none,31.08,0.87
2026-01-22 06:00:00,S2018,2018,23.48,93.9,70.37,6.61,1826,0.0,25.1,0.31,none,41.31,1.23
2026-01-22 06:00:00,S2015,2015,25.68,85.9,61.26,6.47,0,0.0,24.95,0.42,none,30.35,2.87
2026-01-22 06:00:00,S2012,2012,23.54,94.1,52.87,6.94,161,0.0,20.37,0.24,none,32.71,0.59
2026-01-22 06:00:00,S2010,2010,23.52,89.6,76.53,6.52,0,0.0,26.81,0.42,none,40.94,3.98
2026-01-22 06:00:00,S2000,2000,25.05,80.3,47.07,7.01,0,0.0,21.33,0.42,none,18.77,3.46
2026-01-22 06:00:00,S2014,2014,25.67,81.7,56.87,6.48,0,0.0,33.8,0.35,none,24.8,0.51
2026-01-22 06:00:00,S2009,2009,25.04,90.0,58.29,6.2,2312,0.0,27.85,0.35,none,32.14,0.53
2026-01-22 06:00:00,S2003,2003,23.81,87.8,52.16,7.06,0,0.0,14.28,0.31,none,27.32,1.96
2026-01-22 06:00:00,S2005,2005,22.82,88.5,56.72,6.97,1137,0.0,33.43,0.42,none,30.16,3.87
2026-01-22 06:00:00,S2004,2004,24.82,90.6,48.92,7.19,0,0.0,24.27,0.35,none,27.94,0.39
2026-01-22 09:00:00,S2004,2004,30.26,76.5,41.49,6.67,70894,2.39,24.85,0.349,none,15.47,0.51
2026-01-22 09:00:00,S2016,2016,27.31,80.2,55.49,7.12,73086,0.0,17.37,0.28,none,22.91,2.4
2026-01-22 09:00:00,S2006,2006,29.01,81.5,42.63,6.1,71390,0.0,14.3,0.28,none,17.54,2.42
2026-01-22 09:00:00,S2011,2011,28.15,80.1,46.09,6.91,70517,0.0,19.94,0.28,none,18.12,1.98
2026-01-22 09:00:00,S2002,2002,27.48,81.6,47.79,6.0,70175,0.0,12.41,0.24,none,20.17,0.73
2026-01-22 09:00:00,S2007,2007,27.64,79.5,50.61,6.64,72240,0.0,17.27,0.24,none,19.91,0.79
2026-01-22 09:00:00,S2014,2014,29.97,74.9,46.93,7.04,72463,0.0,33.14,0.35,none,16.33,0.45
2026-01-22 09:00:00,S2013,2013,27.96,79.5,38.2,7.1,70764,3.18,30.72,0.31,none,13.7,1.79
2026-01-22 09:00:00,S2010,2010,29.77,71.5,54.24,6.07,72169,0.0,25.71,0.42,none,16.86,4.03
2026-01-22 09:00:00,S2015,2015,29.38,72.6,45.78,6.96,71085,0.0,22.59,0.42,none,12.73,3.23
2026-01-22 09:00:00,S2003,2003,28.86,80.6,42.93,6.62,69551,0.0,13.85,0.31,none,16.94,1.62
2026-01-22 09:00:00,S2012,2012,29.36,73.6,78.17,7.04,68654,0.0,20.04,0.24,none,29.68,0.68
2026-01-22 09:00:00,S2019,2019,30.4,78.9,36.11,7.1,69116,2.53,14.89,0.348,none,14.98,0.42
2026-01-22 09:00:00,S2017,2017,29.94,73.4,41.5,6.11,69954,3.15,23.95,0.24,none,12.35,0.73
2026-01-22 09:00:00,S2005,2005,27.61,76.3,39.43,7.08,71938,0.0,32.93,0.42,none,11.75,4.29
2026-01-22 09:00:00,S2008,2008,28.71,71.6,65.88,7.05,69409,0.0,31.6,0.31,none,21.22,1.63
2026-01-22 09:00:00,S2009,2009,29.22,72.0,49.09,6.21,72076,0.0,26.29,0.35,none,13.59,0.49
2026-01-22 09:00:00,S2000,2000,28.54,81.1,40.47,7.08,72128,0.0,18.92,0.42,none,16.11,4.75
2026-01-22 09:00:00,S2018,2018,30.44,74.4,57.88,6.37,72516,0.0,24.37,0.308,none,22.34,1.33
2026-01-22 09:00:00,S2001,2001,28.46,76.3,62.03,6.15,72241,0.0,14.39,0.28,none,23.05,2.46
2026-01-22 12:00:00,S2011,2011,30.4,68.3,39.4,6.68,101675,2.42,19.0,0.278,none,8.14,2.65
2026-01-22 12:00:00,S2017,2017,30.08,77.9,37.1,6.08,100277,3.34,22.92,0.24,none,14.03,0.84
2026-01-22 12:00:00,S2005,2005,29.24,80.3,41.26,6.74,99855,2.37,32.34,0.42,none,16.35,4.5
2026-01-22 12:00:00,S2016,2016,30.28,73.2,46.18,6.73,101649,0.0,18.13,0.279,none,15.21,2.48
2026-01-22 12:00:00,S2007,2007,32.52,74.8,47.69,6.98,101588,0.0,17.73,0.232,none,21.73,0.55
2026-01-22 12:00:00,S2004,2004,31.71,69.7,42.09,6.57,99689,0.0,25.49,0.342,none,13.23,0.6
2026-01-22 12:00:00,S2000,2000,30.84,74.4,49.18,6.53,98668,0.0,19.31,0.415,none,18.79,2.9
2026-01-22 12:00:00,S2018,2018,30.29,74.7,43.05,6.23,97899,2.35,23.8,0.309,none,14.87,1.27
2026-01-22 12:00:00,S2013,2013,32.24,75.0,37.1,6.88,102287,3.46,30.3,0.301,none,16.03,1.56
2026-01-22 12:00:00,S2019,2019,31.61,69.2,43.46,6.83,101765,2.41,14.27,0.342,none,13.31,0.38
2026-01-22 12:00:00,S2010,2010,31.07,67.7,44.41,6.29,99531,0.0,26.35,0.414,none,11.51,3.57
2026-01-22 12:00:00,S2008,2008,31.69,75.0,50.57,7.16,99558,0.0,30.28,0.303,none,21.67,1.43
2026-01-22 12:00:00,S2006,2006,32.27,66.5,34.44,6.29,101206,2.68,13.34,0.27,none,7.96,2.57
2026-01-22 12:00:00,S2002,2002,29.53,79.8,35.8,6.23,100409,2.58,10.97,0.24,none,13.8,0.74
2026-01-22 12:00:00,S2015,2015,32.11,74.4,47.01,7.18,100989,0.0,23.24,0.408,none,20.25,4.13
2026-01-22 12:00:00,S2014,2014,31.69,68.4,47.25,6.33,98265,0.0,34.24,0.342,none,14.73,0.53
2026-01-22 12:00:00,S2001,2001,31.79,68.2,37.77,6.63,99164,2.62,14.74,0.273,none,10.03,2.12
2026-01-22 12:00:00,S2012,2012,30.0,73.0,41.39,6.47,99495,2.39,20.56,0.24,none,12.1,0.79
2026-01-22 12:00:00,S2009,2009,30.29,73.9,41.27,6.64,101024,2.37,26.48,0.349,none,13.34,0.61
2026-01-22 12:00:00,S2003,2003,32.14,71.2,65.05,6.15,99916,0.0,13.39,0.301,none,26.77,1.24
2026-01-22 15:00:00,S2019,2019,27.77,82.8,42.52,6.95,72148,0.0,15.41,0.35,none,18.5,0.39
2026-01-22 15:00:00,S2004,2004,29.78,74.2,49.89,6.64,71098,0.0,25.23,0.35,none,16.87,0.55
2026-01-22 15:00:00,S2011,2011,27.78,76.1,51.67,6.74,68894,0.0,19.61,0.28,none,17.71,2.4
2026-01-22 15:00:00,S2015,2015,28.14,80.6,63.86,6.99,70425,0.0,23.17,0.42,none,27.41,4.36
2026-01-22 15:00:00,S2008,2008,29.92,73.2,49.77,6.01,71671,0.0,30.24,0.31,none,16.29,1.49
2026-01-22 15:00:00,S2003,2003,30.3,79.8,42.42,6.26,71412,2.36,14.44,0.309,none,18.65,1.92
2026-01-22 15:00:00,S2013,2013,29.51,80.8,41.92,6.99,69403,3.12,29.86,0.31,none,17.62,1.99
2026-01-22 15:00:00,S2017,2017,30.08,69.7,45.38,7.05,71054,0.0,23.9,0.24,none,11.61,0.54
2026-01-22 15:00:00,S2005,2005,28.68,83.7,44.47,6.16,72669,0.0,31.65,0.42,none,20.2,4.21
2026-01-22 15:00:00,S2016,2016,28.59,80.5,50.58,7.17,69034,0.0,17.41,0.28,none,20.69,2.13
2026-01-22 15:00:00,S2014,2014,29.52,77.8,47.73,6.43,68553,0.0,34.82,0.35,none,18.14,0.52
2026-01-22 15:00:00,S2007,2007,28.81,73.8,40.42,6.7,69579,0.0,16.81,0.24,none,10.25,0.54
2026-01-22 15:00:00,S2000,2000,29.48,73.0,51.14,7.05,71054,0.0,21.37,0.42,none,15.93,3.72
2026-01-22 15:00:00,S2018,2018,29.4,75.6,37.95,7.17,70547,2.43,23.7,0.31,none,11.25,1.93
2026-01-22 15:00:00,S2006,2006,29.62,72.4,61.53,7.07,70456,0.0,13.72,0.28,none,20.93,2.34
2026-01-22 15:00:00,S2002,2002,30.02,70.9,48.56,7.0,70657,0.0,11.13,0.24,none,14.04,0.59
2026-01-22 15:00:00,S2001,2001,29.77,77.0,60.05,6.25,69345,0.0,14.19,0.28,none,24.16,1.89
2026-01-22 15:00:00,S2010,2010,28.65,73.6,56.4,6.75,70258,0.0,27.14,0.42,none,18.08,4.39
2026-01-22 15:00:00,S2009,2009,30.32,70.0,61.76,6.77,72301,0.0,26.59,0.348,none,20.52,0.46
2026-01-22 15:00:00,S2012,2012,29.05,74.6,40.48,6.09,72727,0.0,19.56,0.24,none,11.02,0.59
2026-01-22 18:00:00,S2016,2016,24.27,83.7,48.55,6.56,0,0.0,18.54,0.28,none,22.24,1.92
2026-01-22 18:00:00,S2006,2006,22.51,96.3,57.77,6.3,1797,0.0,13.14,0.28,none,36.92,1.9
2026-01-22 18:00:00,S2005,2005,22.96,91.9,50.68,7.15,0,0.0,33.95,0.42,none,29.86,4.38
2026-01-22 18:00:00,S2008,2008,22.44,91.2,61.8,6.49,398,0.0,31.52,0.31,none,34.86,1.88
2026-01-22 18:00:00,S2004,2004,24.6,88.9,50.1,6.64,2206,0.0,25.3,0.35,none,27.17,0.54
2026-01-22 18:00:00,S2011,2011,23.56,89.4,47.78,6.55,2322,0.0,20.03,0.28,none,26.41,2.05
2026-01-22 18:00:00,S2002,2002,24.86,85.1,69.61,6.2,973,0.0,12.19,0.24,none,33.88,0.86
2026-01-22 18:00:00,S2007,2007,24.55,83.0,63.54,6.64,2016,0.0,18.17,0.24,none,29.17,0.69
2026-01-22 18:00:00,S2001,2001,24.03,87.7,54.65,6.88,0,0.0,14.45,0.28,none,28.49,2.91
2026-01-22 18:00:00,S2009,2009,24.9,89.2,54.52,6.2,1446,0.0,26.95,0.35,none,29.62,0.52
2026-01-22 18:00:00,S2013,2013,22.59,88.1,55.03,6.59,0,0.0,31.12,0.31,none,28.99,1.3
2026-01-22 18:00:00,S2017,2017,25.05,87.1,49.29,6.47,0,0.0,23.0,0.24,none,25.32,0.75
2026-01-22 18:00:00,S2003,2003,23.69,84.9,56.29,6.4,0,0.0,13.05,0.31,none,27.07,1.81
2026-01-22 18:00:00,S2019,2019,23.79,88.0,54.0,6.9,0,0.0,14.47,0.35,none,28.4,0.61
2026-01-22 18:00:00,S2010,2010,24.43,82.5,46.19,6.13,1168,0.0,27.34,0.42,none,20.09,3.45
2026-01-22 18:00:00,S2015,2015,23.81,88.7,56.42,6.45,0,0.0,23.53,0.42,none,30.17,4.7
2026-01-22 18:00:00,S2012,2012,22.46,90.9,54.66,6.62,2221,0.0,20.47,0.24,none,31.05,0.58
2026-01-22 18:00:00,S2014,2014,22.95,92.2,56.49,6.89,2245,0.0,33.99,0.35,none,33.01,0.5
2026-01-22 18:00:00,S2000,2000,22.84,89.0,55.58,7.03,536,0.0,19.35,0.42,none,29.99,3.19
2026-01-22 18:00:00,S2018,2018,25.39,83.2,66.24,6.63,0,0.0,24.27,0.31,none,30.68,1.74
2026-01-22 21:00:00,S2006,2006,25.48,88.9,80.03,6.94,0,0.0,14.03,0.28,none,42.14,1.99
2026-01-22 21:00:00,S2017,2017,23.1,87.1,53.81,6.44,0,0.0,23.76,0.24,none,27.58,0.86
2026-01-22 21:00:00,S2000,2000,23.14,85.2,54.08,7.15,0,0.0,19.85,0.42,none,26.2,3.49
2026-01-22 21:00:00,S2013,2013,25.22,83.8,47.09,6.91,0,0.0,29.93,0.31,none,21.59,1.92
2026-01-22 21:00:00,S2014,2014,23.41,88.5,47.33,7.12,0,0.0,33.17,0.35,none,25.46,0.55
2026-01-22 21:00:00,S2002,2002,25.1,87.5,53.47,6.2,0,0.0,11.61,0.24,none,27.73,0.57
2026-01-22 21:00:00,S2018,2018,24.38,91.7,58.04,6.71,0,0.0,24.02,0.31,none,33.38,1.4
2026-01-22 21:00:00,S2009,2009,23.38,85.1,50.25,6.93,1983,0.0,27.51,0.35,none,24.2,0.57
2026-01-22 21:00:00,S2012,2012,24.48,88.0,63.83,7.01,293,0.0,19.57,0.24,none,33.31,0.79
2026-01-22 21:00:00,S2010,2010,23.26,90.5,60.96,6.8,137,0.0,25.55,0.42,none,33.88,3.51
2026-01-22 21:00:00,S2005,2005,23.45,83.9,65.69,6.25,1708,0.0,33.26,0.42,none,30.97,3.06
2026-01-22 21:00:00,S2007,2007,25.05,82.5,52.57,7.0,2019,0.0,17.69,0.24,none,23.29,0.63
2026-01-22 21:00:00,S2016,2016,22.55,88.6,55.68,6.58,0,0.0,17.41,0.28,none,29.72,2.89
2026-01-22 21:00:00,S2001,2001,23.53,94.3,63.61,6.87,1894,0.0,14.9,0.28,none,38.24,2.14
2026-01-22 21:00:00,S2011,2011,25.42,85.2,61.32,6.4,0,0.0,20.11,0.28,none,29.82,1.82
2026-01-22 21:00:00,S2008,2008,24.8,91.7,65.26,6.38,719,0.0,31.62,0.31,none,36.99,1.93
2026-01-22 21:00:00,S2004,2004,23.4,92.1,47.32,6.99,913,0.0,25.97,0.35,none,28.34,0.4
2026-01-22 21:00:00,S2019,2019,24.4,81.3,63.53,6.25,0,0.0,15.64,0.35,none,27.8,0.53
2026-01-22 21:00:00,S2015,2015,24.98,81.8,45.67,6.23,2164,0.0,22.84,0.42,none,19.27,3.98
2026-01-22 21:00:00,S2003,2003,24.93,90.2,69.82,6.81,0,0.0,13.55,0.31,none,38.07,1.84
2026-01-23 00:00:00,S2005,2005,24.94,85.3,52.97,6.54,2104,0.0,33.72,0.42,none,25.72,4.07
2026-01-23 00:00:00,S2015,2015,23.84,83.7,53.42,6.07,0,0.0,23.91,0.42,none,24.67,4.39
2026-01-23 00:00:00,S2010,2010,22.41,90.2,80.35,6.37,2001,0.0,27.62,0.42,none,43.34,3.52
2026-01-23 00:00:00,S2019,2019,25.18,90.6,52.86,6.21,0,0.0,14.35,0.35,none,29.91,0.6
2026-01-23 00:00:00,S2008,2008,23.26,87.4,61.13,6.66,1650,0.0,30.95,0.31,none,31.49,1.69
2026-01-23 00:00:00,S2017,2017,23.92,90.6,57.63,6.77,128,0.0,23.5,0.24,none,32.3,0.83
2026-01-23 00:00:00,S2013,2013,25.09,87.4,45.7,6.84,1947,0.0,31.0,0.31,none,23.77,1.6
2026-01-23 00:00:00,S2012,2012,23.61,86.9,55.58,6.89,0,0.0,20.85,0.24,none,28.31,0.66
2026-01-23 00:00:00,S2009,2009,22.8,94.7,75.79,6.29,0,0.0,27.32,0.35,none,44.66,0.57
2026-01-23 00:00:00,S2018,2018,24.55,92.0,59.44,6.19,1038,0.0,23.67,0.31,none,34.32,1.33
2026-01-23 00:00:00,S2002,2002,23.33,85.6,57.93,6.08,0,0.0,12.52,0.24,none,28.44,0.85
2026-01-23 00:00:00,S2014,2014,24.43,89.8,53.6,6.04,0,0.0,34.4,0.35,none,29.64,0.58
2026-01-23 00:00:00,S2004,2004,23.01,90.4,62.08,6.87,0,0.0,24.42,0.35,none,34.36,0.38
2026-01-23 00:00:00,S2016,2016,24.08,84.6,67.08,6.29,915,0.0,17.69,0.28,none,32.22,1.97
2026-01-23 00:00:00,S2003,2003,24.1,83.9,61.58,6.64,1014,0.0,14.36,0.31,none,28.91,1.78
2026-01-23 00:00:00,S2000,2000,23.86,88.4,49.84,7.16,0,0.0,20.03,0.42,none,26.64,4.36
2026-01-23 00:00:00,S2001,2001,24.89,90.7,62.83,6.23,0,0.0,14.11,0.28,none,34.98,2.68
2026-01-23 00:00:00,S2006,2006,23.31,89.9,65.17,6.54,0,0.0,13.66,0.28,none,35.51,2.6
2026-01-23 00:00:00,S2011,2011,24.2,83.2,62.69,6.23,0,0.0,19.78,0.28,none,28.91,1.87
2026-01-23 00:00:00,S2007,2007,23.37,88.0,62.16,6.14,0,0.0,17.61,0.24,none,32.48,0.76
2026-01-23 03:00:00,S2008,2008,23.6,87.3,56.3,6.39,0,0.0,32.11,0.31,none,28.99,1.94
2026-01-23 03:00:00,S2004,2004,23.09,83.9,51.01,6.95,0,0.0,25.5,0.35,none,23.63,0.38
2026-01-23 03:00:00,S2018,2018,23.25,88.3,57.61,7.04,330,0.0,25.31,0.31,none,30.45,1.79
2026-01-23 03:00:00,S2002,2002,23.05,92.4,71.86,7.19,0,0.0,11.6,0.24,none,40.85,0.55
2026-01-23 03:00:00,S2017,2017,22.49,90.7,55.64,7.06,0,0.0,23.75,0.24,none,31.38,0.77
2026-01-23 03:00:00,S2005,2005,24.17,91.1,69.44,6.3,1127,0.0,34.56,0.42,none,38.6,4.7
2026-01-23 03:00:00,S2015,2015,23.49,87.0,55.06,6.17,1200,0.0,23.47,0.42,none,28.13,3.24
2026-01-23 03:00:00,S2000,2000,23.45,92.0,59.94,7.06,0,0.0,21.84,0.42,none,34.57,4.69
2026-01-23 03:00:00,S2010,2010,22.97,86.6,57.69,6.61,0,0.0,27.46,0.42,none,29.12,3.41
2026-01-23 03:00:00,S2007,2007,23.73,84.7,59.91,6.68,417,0.0,17.69,0.24,none,28.72,0.81
2026-01-23 03:00:00,S2011,2011,24.77,84.3,57.47,6.9,1125,0.0,19.67,0.28,none,27.17,2.74
2026-01-23 03:00:00,S2003,2003,23.4,89.4,68.65,6.53,0,0.0,13.79,0.31,none,36.85,1.96
2026-01-23 03:00:00,S2001,2001,22.22,87.2,57.31,6.09,0,0.0,14.73,0.28,none,29.42,2.45
2026-01-23 03:00:00,S2006,2006,25.69,82.6,68.6,6.31,0,0.0,14.0,0.28,none,31.38,2.18
2026-01-23 03:00:00,S2012,2012,23.68,87.6,66.0,6.3,0,0.0,19.62,0.24,none,34.08,0.7
2026-01-23 03:00:00,S2016,2016,25.3,87.6,57.49,6.01,0,0.0,18.91,0.28,none,29.82,2.46
2026-01-23 03:00:00,S2009,2009,24.04,89.8,53.55,6.18,0,0.0,27.56,0.35,none,29.61,0.4
2026-01-23 03:00:00,S2014,2014,25.4,88.9,48.79,6.53,0,0.0,34.2,0.35,none,26.52,0.44
2026-01-23 03:00:00,S2019,2019,23.53,86.7,57.5,6.48,0,0.0,14.71,0.35,none,29.11,0.6
2026-01-23 03:00:00,S2013,2013,22.9,90.7,58.37,6.67,2428,0.0,31.4,0.31,none,32.75,1.71
2026-01-23 06:00:00,S2004,2004,24.42,87.6,56.16,7.12,0,0.0,24.48,0.35,none,29.16,0.47
2026-01-23 06:00:00,S2014,2014,22.9,96.8,47.79,6.51,1551,0.0,34.7,0.35,none,32.33,0.56
2026-01-23 06:00:00,S2019,2019,24.09,83.8,47.42,6.88,1234,0.0,15.76,0.35,none,21.75,0.51
2026-01-23 06:00:00,S2013,2013,25.07,87.7,61.12,6.56,1018,0.0,30.11,0.31,none,31.72,1.7
2026-01-23 06:00:00,S2017,2017,23.09,91.6,59.93,6.43,1103,0.0,24.58,0.24,none,34.24,0.6
2026-01-23 06:00:00,S2016,2016,23.25,88.3,61.69,6.9,0,0.0,17.61,0.28,none,32.48,1.81
2026-01-23 06:00:00,S2015,2015,25.4,81.0,73.5,7.09,0,0.0,24.03,0.42,none,32.55,4.09
2026-01-23 06:00:00,S2001,2001,25.13,88.0,71.51,6.83,0,0.0,15.28,0.28,none,37.16,2.21
2026-01-23 06:00:00,S2000,2000,24.67,85.5,60.66,7.02,718,0.0,21.62,0.42,none,29.73,2.95
2026-01-23 06:00:00,S2012,2012,22.84,88.2,45.56,6.19,207,0.0,20.67,0.24,none,24.34,0.58
2026-01-23 06:00:00,S2007,2007,23.7,84.0,75.89,6.38,0,0.0,18.37,0.24,none,36.15,0.82
2026-01-23 06:00:00,S2011,2011,23.54,83.7,60.32,6.31,591,0.0,19.93,0.28,none,28.12,1.88
2026-01-23 06:00:00,S2018,2018,25.32,83.8,57.34,6.55,23,0.0,24.43,0.31,none,26.71,1.76
2026-01-23 06:00:00,S2008,2008,25.24,82.3,52.76,6.84,2086,0.0,32.2,0.31,none,23.22,1.5
2026-01-23 06:00:00,S2003,2003,24.62,84.7,54.05,6.84,0,0.0,13.04,0.31,none,25.79,1.61
2026-01-23 06:00:00,S2006,2006,24.81,83.8,64.75,6.57,2391,0.0,15.1,0.28,none,30.41,1.89
2026-01-23 06:00:00,S2010,2010,22.73,87.1,68.56,6.34,0,0.0,26.51,0.42,none,34.96,4.3
2026-01-23 06:00:00,S2009,2009,24.04,89.2,52.02,6.81,0,0.0,28.12,0.35,none,28.37,0.6
2026-01-23 06:00:00,S2002,2002,23.86,85.9,47.43,6.94,0,0.0,12.61,0.24,none,23.44,0.7
2026-01-23 06:00:00,S2005,2005,22.64,92.4,58.65,6.18,496,0.0,33.59,0.42,none,34.25,3.23
2026-01-23 09:00:00,S2003,2003,29.39,75.3,55.84,6.78,68447,0.0,13.83,0.31,none,19.94,1.97
2026-01-23 09:00:00,S2009,2009,29.62,77.4,39.45,6.7,72430,2.44,27.08,0.35,none,13.89,0.55
2026-01-23 09:00:00,S2016,2016,29.48,73.4,39.76,6.57,70523,2.37,17.23,0.28,none,10.56,2.78
2026-01-23 09:00:00,S2005,2005,28.77,81.0,37.12,6.44,70601,2.47,34.23,0.42,none,14.36,2.91
2026-01-23 09:00:00,S2001,2001,27.34,77.2,47.73,6.83,71956,0.0,14.12,0.28,none,16.62,2.03
2026-01-23 09:00:00,S2014,2014,27.67,77.8,42.78,6.08,72890,0.0,35.03,0.35,none,14.63,0.46
2026-01-23 09:00:00,S2008,2008,29.38,71.3,39.53,6.57,73096,3.21,32.44,0.31,none,8.56,1.89
2026-01-23 09:00:00,S2004,2004,29.39,73.4,39.77,6.3,68440,0.0,24.97,0.35,none,10.39,0.45
2026-01-23 09:00:00,S2017,2017,30.14,75.2,46.47,6.57,69901,0.0,23.81,0.24,none,16.68,0.65
2026-01-23 09:00:00,S2019,2019,28.34,78.8,54.88,7.04,68744,0.0,14.17,0.35,none,21.48,0.48
2026-01-23 09:00:00,S2015,2015,28.7,79.3,41.5,6.29,68636,0.0,25.05,0.42,none,15.19,3.72
2026-01-23 09:00:00,S2011,2011,29.91,81.4,63.38,6.07,70475,0.0,20.11,0.28,none,29.63,2.88
2026-01-23 09:00:00,S2006,2006,29.67,77.9,59.76,7.19,70489,0.0,13.55,0.28,none,24.54,2.18
2026-01-23 09:00:00,S2010,2010,28.73,79.1,42.85,6.61,70579,0.0,28.18,0.42,none,15.7,4.56
2026-01-23 09:00:00,S2000,2000,29.8,72.9,48.99,6.33,73198,0.0,21.11,0.42,none,15.42,3.74
2026-01-23 09:00:00,S2013,2013,29.23,70.8,46.93,6.05,72816,0.0,31.3,0.31,none,11.56,1.95
2026-01-23 09:00:00,S2002,2002,29.7,70.3,42.71,6.59,69981,0.0,11.54,0.24,none,9.99,0.57
2026-01-23 09:00:00,S2007,2007,28.66,74.9,65.75,6.24,68635,0.0,17.17,0.24,none,23.8,0.86
2026-01-23 09:00:00,S2018,2018,28.51,73.6,52.12,6.53,68653,0.0,25.64,0.31,none,15.94,1.37
2026-01-23 09:00:00,S2012,2012,28.2,79.1,48.82,6.76,68315,0.0,20.17,0.24,none,18.69,0.69
2026-01-23 12:00:00,S2016,2016,31.66,69.3,36.31,6.02,99517,2.64,18.44,0.274,none,9.91,1.93
2026-01-23 12:00:00,S2007,2007,31.87,72.3,48.09,6.71,100234,0.0,17.42,0.234,none,18.62,0.62
2026-01-23 12:00:00,S2014,2014,29.99,77.3,59.61,6.22,101489,0.0,33.46,0.35,none,24.62,0.58
2026-01-23 12:00:00,S2010,2010,30.4,77.9,45.97,6.62,102305,0.0,28.26,0.418,none,19.11,4.72
2026-01-23 12:00:00,S2002,2002,31.83,75.1,39.22,6.35,99439,2.5,11.42,0.234,none,16.35,0.85
2026-01-23 12:00:00,S2005,2005,32.23,72.5,29.96,6.79,99577,2.85,33.84,0.391,none,10.44,2.66
2026-01-23 12:00:00,S2019,2019,31.19,70.2,44.27,6.05,99148,0.0,15.28,0.344,none,13.68,0.43
2026-01-23 12:00:00,S2006,2006,31.87,77.8,48.21,6.24,100902,0.0,14.11,0.273,none,23.09,1.83
2026-01-23 12:00:00,S2015,2015,31.79,66.3,44.73,6.03,97783,0.0,24.61,0.41,none,11.98,2.9
2026-01-23 12:00:00,S2018,2018,30.8,74.5,55.09,6.16,99856,0.0,25.37,0.307,none,21.75,1.63
2026-01-23 12:00:00,S2011,2011,31.84,71.6,49.72,6.79,100096,0.0,19.67,0.273,none,18.82,2.29
2026-01-23 12:00:00,S2013,2013,32.22,70.4,33.62,6.18,100192,3.63,30.14,0.297,none,10.57,1.46
2026-01-23 12:00:00,S2004,2004,30.53,75.2,49.0,6.02,98059,0.0,25.1,0.347,none,18.72,0.41
2026-01-23 12:00:00,S2017,2017,30.68,75.4,48.0,6.78,98293,0.0,23.04,0.238,none,18.68,0.71
2026-01-23 12:00:00,S2008,2008,29.63,78.9,31.2,6.35,101650,3.59,31.21,0.301,none,10.98,1.21
2026-01-23 12:00:00,S2003,2003,31.79,70.4,63.31,6.33,99687,0.0,14.86,0.302,none,24.56,1.34
2026-01-23 12:00:00,S2009,2009,29.92,77.3,47.93,6.5,98420,0.0,26.22,0.35,none,18.65,0.48
2026-01-23 12:00:00,S2000,2000,30.54,73.6,46.95,7.11,102445,0.0,21.29,0.417,none,16.43,3.24
2026-01-23 12:00:00,S2001,2001,30.14,76.6,40.73,7.1,98214,2.37,14.95,0.279,none,14.92,1.96
2026-01-23 12:00:00,S2012,2012,32.39,70.4,46.76,6.16,100030,0.0,19.63,0.232,none,17.48,0.84
2026-01-23 15:00:00,S2004,2004,27.32,85.2,44.34,6.55,70021,0.0,24.99,0.35,none,21.33,0.54
2026-01-23 15:00:00,S2017,2017,28.08,83.1,59.05,6.71,70316,0.0,23.32,0.24,none,27.0,0.81
2026-01-23 15:00:00,S2001,2001,27.31,84.3,52.91,7.16,69126,0.0,13.84,0.28,none,24.89,2.39
2026-01-23 15:00:00,S2002,2002,30.18,78.4,60.94,6.27,72993,0.0,11.83,0.239,none,26.55,0.81
2026-01-23 15:00:00,S2006,2006,30.29,78.3,41.33,6.12,71112,2.4,13.85,0.279,none,16.88,2.08
2026-01-23 15:00:00,S2019,2019,30.53,71.6,46.92,6.84,68753,0.0,14.38,0.347,none,14.8,0.5
2026-01-23 15:00:00,S2015,2015,28.04,76.6,43.95,7.15,69282,0.0,23.94,0.42,none,14.25,3.14
2026-01-23 15:00:00,S2018,2018,30.49,77.9,35.7,6.29,71471,2.56,24.48,0.308,none,14.15,1.85
2026-01-23 15:00:00,S2011,2011,29.08,77.1,41.17,6.89,73101,2.36,20.82,0.28,none,13.42,2.46
2026-01-23 15:00:00,S2013,2013,30.16,79.0,47.92,7.01,71257,0.0,30.26,0.309,none,20.48,1.85
2026-01-23 15:00:00,S2009,2009,29.23,79.4,46.76,7.19,69399,0.0,26.29,0.35,none,18.36,0.48
2026-01-23 15:00:00,S2000,2000,29.28,72.7,45.62,6.84,69310,0.0,21.46,0.42,none,12.53,3.19
2026-01-23 15:00:00,S2008,2008,27.66,82.4,37.33,6.82,71892,3.23,31.2,0.31,none,15.59,1.83
2026-01-23 15:00:00,S2003,2003,27.57,76.8,39.36,6.55,69813,0.0,13.66,0.31,none,12.12,1.22
2026-01-23 15:00:00,S2016,2016,27.97,75.4,54.07,6.54,68800,0.0,17.31,0.28,none,18.36,1.98
2026-01-23 15:00:00,S2012,2012,28.86,77.9,42.0,6.28,70445,0.0,19.49,0.24,none,14.32,0.77
2026-01-23 15:00:00,S2010,2010,29.16,75.7,46.85,6.14,70039,0.0,27.61,0.42,none,15.31,3.6
2026-01-23 15:00:00,S2005,2005,30.23,72.6,49.18,6.9,71343,0.0,32.01,0.419,none,16.13,4.06
2026-01-23 15:00:00,S2014,2014,29.49,81.3,57.62,7.05,72246,0.0,35.27,0.35,none,25.83,0.47
2026-01-23 15:00:00,S2007,2007,28.12,80.5,37.59,6.44,69752,2.41,17.54,0.24,none,14.2,0.59
2026-01-23 18:00:00,S2008,2008,24.27,82.9,61.44,6.73,1296,0.0,31.41,0.31,none,28.04,1.66
2026-01-23 18:00:00,S2018,2018,24.29,90.1,59.0,6.01,0,0.0,24.48,0.31,none,32.58,1.44
2026-01-23 18:00:00,S2016,2016,25.55,86.4,55.85,6.49,207,0.0,18.69,0.28,none,28.05,1.9
2026-01-23 18:00:00,S2012,2012,24.99,86.1,54.66,6.13,333,0.0,20.68,0.24,none,27.21,0.57
2026-01-23 18:00:00,S2011,2011,24.03,94.9,63.25,6.39,0,0.0,20.73,0.28,none,38.55,1.84
2026-01-23 18:00:00,S2005,2005,24.08,89.9,62.79,6.94,0,0.0,32.24,0.42,none,34.32,4.59
2026-01-23 18:00:00,S2003,2003,25.13,91.2,64.09,6.23,2370,0.0,14.55,0.31,none,36.01,1.89
2026-01-23 18:00:00,S2015,2015,25.61,88.9,60.55,7.11,179,0.0,23.37,0.42,none,32.4,3.54
2026-01-23 18:00:00,S2002,2002,25.39,80.1,64.16,6.22,0,0.0,12.55,0.24,none,27.16,0.78
2026-01-23 18:00:00,S2013,2013,22.32,84.8,60.25,6.32,0,0.0,31.49,0.31,none,28.96,1.93
2026-01-23 18:00:00,S2000,2000,25.05,86.9,53.39,6.41,932,0.0,21.26,0.42,none,27.22,3.34
2026-01-23 18:00:00,S2007,2007,23.02,89.4,53.61,6.68,204,0.0,17.78,0.24,none,29.33,0.54
2026-01-23 18:00:00,S2006,2006,23.65,86.4,68.53,6.36,677,0.0,14.85,0.28,none,34.39,2.36
2026-01-23 18:00:00,S2004,2004,22.64,94.2,47.7,6.18,0,0.0,25.44,0.35,none,30.21,0.39
2026-01-23 18:00:00,S2009,2009,24.15,84.2,69.91,6.35,108,0.0,26.93,0.35,none,33.31,0.5
2026-01-23 18:00:00,S2010,2010,23.16,91.2,57.34,6.71,283,0.0,26.77,0.42,none,32.63,3.32
2026-01-23 18:00:00,S2001,2001,25.07,86.7,57.32,6.22,0,0.0,14.92,0.28,none,29.02,2.34
2026-01-23 18:00:00,S2017,2017,23.3,86.8,52.9,6.34,0,0.0,23.77,0.24,none,26.89,0.55
2026-01-23 18:00:00,S2014,2014,24.05,82.1,61.97,6.57,1948,0.0,33.87,0.35,none,27.66,0.4
2026-01-23 18:00:00,S2019,2019,23.8,85.8,54.01,6.64,0,0.0,15.94,0.35,none,26.64,0.49
2026-01-23 21:00:00,S2000,2000,25.67,87.5,46.09,6.35,0,0.0,20.06,0.42,none,24.05,4.41
2026-01-23 21:00:00,S2019,2019,23.23,93.0,69.89,6.37,12,0.0,14.78,0.35,none,40.34,0.62
2026-01-23 21:00:00,S2003,2003,24.12,88.2,60.61,6.56,0,0.0,14.37,0.31,none,31.87,1.76
2026-01-23 21:00:00,S2017,2017,23.91,85.3,66.77,6.86,1245,0.0,23.37,0.24,none,32.62,0.68
2026-01-23 21:00:00,S2013,2013,22.71,85.7,58.01,7.12,0,0.0,31.58,0.31,none,28.57,1.76
2026-01-23 21:00:00,S2018,2018,24.81,87.8,56.84,6.65,0,0.0,23.87,0.31,none,29.66,1.26
2026-01-23 21:00:00,S2005,2005,25.22,82.3,58.59,6.8,0,0.0,33.76,0.42,none,26.14,3.21
2026-01-23 21:00:00,S2015,2015,24.61,82.9,50.8,6.85,409,0.0,23.68,0.42,none,22.72,2.96
2026-01-23 21:00:00,S2012,2012,24.21,83.7,60.59,6.8,520,0.0,20.01,0.24,none,28.26,0.86
2026-01-23 21:00:00,S2014,2014,24.87,91.0,63.08,6.5,1962,0.0,33.46,0.35,none,35.34,0.46
2026-01-23 21:00:00,S2010,2010,22.4,88.6,77.67,6.11,2079,0.0,27.12,0.42,none,40.71,3.12
2026-01-23 21:00:00,S2001,2001,25.76,87.1,55.61,6.06,1282,0.0,14.06,0.28,none,28.48,2.04
2026-01-23 21:00:00,S2006,2006,22.63,86.6,63.69,6.91,1459,0.0,14.89,0.28,none,32.12,2.47
2026-01-23 21:00:00,S2004,2004,23.44,87.0,54.7,7.05,0,0.0,26.46,0.35,none,27.95,0.54
2026-01-23 21:00:00,S2009,2009,25.07,85.1,53.58,6.36,1341,0.0,26.82,0.35,none,25.87,0.45
2026-01-23 21:00:00,S2008,2008,25.03,88.9,55.05,7.02,0,0.0,31.82,0.31,none,29.65,1.53
2026-01-23 21:00:00,S2007,2007,22.79,88.4,74.82,6.27,1774,0.0,17.79,0.24,none,39.13,0.82
2026-01-23 21:00:00,S2002,2002,22.99,85.5,70.8,7.2,0,0.0,12.52,0.24,none,34.8,0.59
2026-01-23 21:00:00,S2016,2016,23.89,94.6,60.81,6.54,0,0.0,18.64,0.28,none,37.08,2.6
2026-01-23 21:00:00,S2011,2011,24.85,89.6,72.42,7.12,1906,0.0,20.36,0.28,none,38.89,2.52
2026-01-24 00:00:00,S2004,2004,22.92,91.6,60.92,7.09,1617,0.0,25.83,0.35,none,34.74,0.41
2026-01-24 00:00:00,S2017,2017,23.99,91.8,55.39,6.8,0,0.0,23.48,0.24,none,32.13,0.8
2026-01-24 00:00:00,S2013,2013,22.29,94.7,72.11,6.77,1230,0.0,30.21,0.31,none,42.82,1.96
2026-01-24 00:00:00,S2016,2016,23.45,91.1,53.04,6.92,68,0.0,17.87,0.28,none,30.4,2.02
2026-01-24 00:00:00,S2007,2007,23.5,86.7,62.41,6.69,0,0.0,17.28,0.24,none,31.57,0.71
2026-01-24 00:00:00,S2014,2014,24.44,88.3,61.08,6.58,1785,0.0,35.03,0.35,none,32.18,0.62
2026-01-24 00:00:00,S2003,2003,23.69,91.2,48.36,6.6,32,0.0,13.73,0.31,none,28.14,1.41
2026-01-24 00:00:00,S2009,2009,25.1,82.8,55.41,6.38,0,0.0,26.55,0.35,none,24.94,0.49
2026-01-24 00:00:00,S2010,2010,23.32,87.6,51.58,6.98,2199,0.0,26.18,0.42,none,26.87,4.59
2026-01-24 00:00:00,S2000,2000,24.72,88.5,52.86,7.14,0,0.0,19.64,0.42,none,28.23,3.58
2026-01-24 00:00:00,S2001,2001,23.86,90.7,63.98,7.12,0,0.0,14.93,0.28,none,35.55,2.37
2026-01-24 00:00:00,S2008,2008,24.36,89.3,53.6,6.24,712,0.0,31.66,0.31,none,29.24,1.86
2026-01-24 00:00:00,S2019,2019,24.89,89.2,82.5,6.02,2440,0.0,16.38,0.35,none,43.61,0.47
2026-01-24 00:00:00,S2005,2005,23.73,82.8,50.25,6.03,0,0.0,33.75,0.42,none,22.36,4.01
2026-01-24 00:00:00,S2012,2012,23.25,91.5,54.65,6.11,0,0.0,21.05,0.24,none,31.53,0.57
2026-01-24 00:00:00,S2011,2011,24.98,89.4,57.18,6.35,964,0.0,19.53,0.28,none,31.11,2.14
2026-01-24 00:00:00,S2015,2015,25.07,81.7,43.28,6.38,2308,0.0,24.43,0.42,none,18.0,3.08
2026-01-24 00:00:00,S2002,2002,23.8,90.8,59.31,6.84,0,0.0,11.63,0.24,none,33.3,0.56
2026-01-24 00:00:00,S2006,2006,23.87,93.5,69.69,6.79,0,0.0,15.3,0.28,none,40.64,2.42
2026-01-24 00:00:00,S2018,2018,22.81,92.3,49.44,6.42,0,0.0,24.79,0.31,none,29.56,1.76
2026-01-24 03:00:00,S2010,2010,23.42,93.3,66.68,6.46,0,0.0,27.34,0.42,none,38.98,2.97
2026-01-24 03:00:00,S2009,2009,24.08,83.9,48.4,6.4,0,0.0,27.11,0.35,none,22.32,0.41
2026-01-24 03:00:00,S2018,2018,24.3,85.7,49.13,6.64,2302,0.0,25.13,0.31,none,24.13,1.85
2026-01-24 03:00:00,S2016,2016,24.81,83.1,52.22,6.54,0,0.0,18.08,0.28,none,23.59,2.09
2026-01-24 03:00:00,S2006,2006,23.06,91.3,51.39,6.58,2457,0.0,15.12,0.28,none,29.73,2.24
2026-01-24 03:00:00,S2014,2014,23.44,91.3,61.49,6.07,1594,0.0,35.06,0.35,none,34.78,0.44
2026-01-24 03:00:00,S2003,2003,22.74,94.6,49.12,6.81,0,0.0,14.82,0.31,none,31.24,1.88
2026-01-24 03:00:00,S2001,2001,23.91,92.0,42.84,6.72,448,0.0,15.29,0.28,none,26.02,1.96
2026-01-24 03:00:00,S2007,2007,23.43,83.7,49.78,7.06,0,0.0,18.27,0.24,none,22.85,0.73
2026-01-24 03:00:00,S2012,2012,25.45,88.2,70.18,6.32,913,0.0,20.08,0.24,none,36.65,0.62
2026-01-24 03:00:00,S2013,2013,25.73,84.2,56.22,6.63,1295,0.0,31.81,0.31,none,26.47,1.82
2026-01-24 03:00:00,S2000,2000,24.35,88.3,53.02,7.19,0,0.0,20.72,0.42,none,28.15,4.72
2026-01-24 03:00:00,S2005,2005,22.79,86.2,57.65,6.29,879,0.0,35.05,0.42,none,28.79,3.4
2026-01-24 03:00:00,S2002,2002,24.3,88.4,56.95,6.32,2491,0.0,12.41,0.24,none,30.2,0.67
2026-01-24 03:00:00,S2019,2019,25.05,88.3,51.59,6.04,503,0.0,15.36,0.35,none,27.44,0.49
2026-01-24 03:00:00,S2017,2017,24.51,85.5,45.02,6.26,2287,0.0,23.57,0.24,none,21.91,0.57
2026-01-24 03:00:00,S2015,2015,24.16,81.7,56.81,6.8,1898,0.0,24.48,0.42,none,24.77,4.23
2026-01-24 03:00:00,S2011,2011,22.95,93.5,64.03,6.58,0,0.0,21.1,0.28,none,37.81,2.48
2026-01-24 03:00:00,S2008,2008,23.72,89.6,72.48,6.91,0,0.0,31.09,0.31,none,38.92,1.22
2026-01-24 03:00:00,S2004,2004,24.81,85.6,73.64,6.33,763,0.0,24.72,0.35,none,36.3,0.57
2026-01-24 06:00:00,S2007,2007,24.76,86.6,58.51,6.54,0,0.0,18.73,0.24,none,29.53,0.59
2026-01-24 06:00:00,S2018,2018,23.23,93.9,65.14,6.89,1145,0.0,25.63,0.31,none,38.69,1.48
2026-01-24 06:00:00,S2010,2010,24.53,81.9,60.22,7.04,588,0.0,27.77,0.42,none,26.63,3.16
2026-01-24 06:00:00,S2004,2004,22.99,88.1,50.38,6.64,1134,0.0,25.22,0.35,none,26.67,0.42
2026-01-24 06:00:00,S2008,2008,24.89,85.1,57.56,7.0,225,0.0,31.16,0.31,none,27.86,1.67
2026-01-24 06:00:00,S2006,2006,23.91,92.5,61.97,6.64,2356,0.0,14.21,0.28,none,35.98,2.26
2026-01-24 06:00:00,S2011,2011,25.64,82.7,55.03,6.28,2050,0.0,19.92,0.28,none,24.68,2.86
2026-01-24 06:00:00,S2003,2003,24.58,81.4,61.47,6.2,2099,0.0,13.33,0.31,none,26.86,1.76
2026-01-24 06:00:00,S2012,2012,24.98,79.4,56.11,6.59,1392,0.0,21.17,0.24,none,22.58,0.53
2026-01-24 06:00:00,S2009,2009,23.92,82.1,58.61,6.72,0,0.0,27.77,0.35,none,25.98,0.47
2026-01-24 06:00:00,S2001,2001,23.54,83.6,53.65,6.53,1220,0.0,14.59,0.28,none,24.7,2.37
2026-01-24 06:00:00,S2005,2005,22.43,91.7,70.1,6.25,0,0.0,33.67,0.42,none,39.41,2.88
2026-01-24 06:00:00,S2019,2019,24.51,92.5,57.19,6.68,0,0.0,14.4,0.35,none,33.59,0.42
2026-01-24 06:00:00,S2014,2014,23.92,87.9,57.43,6.33,0,0.0,34.29,0.35,none,30.04,0.39
2026-01-24 06:00:00,S2016,2016,25.5,80.3,70.46,7.09,0,0.0,19.11,0.28,none,30.47,2.6
2026-01-24 06:00:00,S2013,2013,22.95,91.8,69.64,6.76,0,0.0,31.12,0.31,none,39.26,1.9
2026-01-24 06:00:00,S2002,2002,23.47,88.9,56.51,7.17,0,0.0,12.35,0.24,none,30.38,0.69
2026-01-24 06:00:00,S2017,2017,23.32,85.5,50.09,6.47,0,0.0,23.46,0.24,none,24.45,0.84
2026-01-24 06:00:00,S2015,2015,24.65,85.6,52.13,6.37,0,0.0,25.07,0.42,none,25.54,4.54
2026-01-24 06:00:00,S2000,2000,24.67,87.1,58.78,6.11,0,0.0,22.34,0.42,none,30.07,4.43
2026-01-24 09:00:00,S2009,2009,29.31,73.4,53.68,6.62,68584,0.0,28.15,0.35,none,17.18,0.46
2026-01-24 09:00:00,S2013,2013,29.73,77.8,52.53,6.92,69912,0.0,31.81,0.31,none,20.96,1.55
2026-01-24 09:00:00,S2019,2019,28.8,74.8,58.15,6.09,71279,0.0,16.27,0.35,none,19.91,0.45
2026-01-24 09:00:00,S2011,2011,30.31,71.7,40.38,6.8,70084,0.0,20.34,0.279,none,11.17,2.02
2026-01-24 09:00:00,S2018,2018,27.55,74.1,43.37,7.09,72875,0.0,25.4,0.31,none,11.96,1.79
2026-01-24 09:00:00,S2002,2002,28.39,81.9,45.65,7.14,70844,0.0,12.57,0.24,none,19.35,0.59
2026-01-24 09:00:00,S2001,2001,29.71,75.0,48.62,6.39,72830,0.0,15.78,0.28,none,16.73,2.65
2026-01-24 09:00:00,S2014,2014,28.02,79.4,38.94,6.35,72876,3.18,35.84,0.35,none,13.99,0.62
2026-01-24 09:00:00,S2004,2004,29.72,73.4,32.56,6.87,72462,2.67,25.34,0.343,none,7.44,0.48
2026-01-24 09:00:00,S2010,2010,28.4,74.8,42.15,6.33,68367,0.0,28.41,0.42,none,11.91,3.67
2026-01-24 09:00:00,S2007,2007,29.22,80.4,59.66,6.54,70005,0.0,17.41,0.24,none,25.59,0.74
2026-01-24 09:00:00,S2008,2008,28.45,81.4,50.72,6.96,70638,0.0,32.32,0.31,none,21.48,1.47
2026-01-24 09:00:00,S2017,2017,30.05,76.4,67.23,6.11,72417,0.0,23.67,0.24,none,27.84,0.62
2026-01-24 09:00:00,S2012,2012,30.07,77.7,42.85,6.95,69031,0.0,20.09,0.24,none,16.73,0.65
2026-01-24 09:00:00,S2005,2005,29.51,72.2,54.52,6.09,72671,0.0,33.77,0.42,none,17.04,3.04
2026-01-24 09:00:00,S2006,2006,28.03,81.4,41.07,6.41,70841,0.0,15.4,0.28,none,16.66,2.22
2026-01-24 09:00:00,S2016,2016,29.35,79.6,34.73,6.63,69649,2.58,18.11,0.279,none,12.74,1.92
2026-01-24 09:00:00,S2015,2015,29.7,76.0,47.37,7.02,72858,0.0,24.22,0.42,none,16.88,4.62
2026-01-24 09:00:00,S2000,2000,27.77,85.7,47.07,6.59,73055,0.0,21.85,0.42,none,23.1,3.02
2026-01-24 09:00:00,S2003,2003,30.62,78.3,51.05,6.4,70579,0.0,14.68,0.307,none,22.4,1.41
2026-01-24 12:00:00,S2002,2002,32.55,69.3,52.36,6.33,100029,0.0,12.32,0.232,none,19.72,0.59
2026-01-24 12:00:00,S2007,2007,30.73,77.7,46.99,6.25,97801,0.0,18.65,0.238,none,20.12,0.72
2026-01-24 12:00:00,S2019,2019,29.36,73.7,41.78,7.13,100705,2.38,16.13,0.35,none,11.57,0.42
2026-01-24 12:00:00,S2000,2000,29.41,74.4,51.84,6.21,100223,0.0,20.01,0.42,none,17.26,4.54
2026-01-24 12:00:00,S2018,2018,29.97,77.3,35.96,7.07,101942,2.6,25.5,0.31,none,12.76,1.57
2026-01-24 12:00:00,S2005,2005,32.07,75.4,37.94,6.29,98595,2.59,34.82,0.408,none,16.43,3.24
2026-01-24 12:00:00,S2016,2016,31.22,71.3,49.5,6.29,101085,0.0,18.36,0.275,none,17.23,2.41
2026-01-24 12:00:00,S2015,2015,30.47,75.2,45.64,6.08,99577,0.0,24.27,0.417,none,16.92,4.53
2026-01-24 12:00:00,S2011,2011,32.57,71.4,48.74,6.83,99125,0.0,20.22,0.27,none,19.63,2.3
2026-01-24 12:00:00,S2001,2001,31.35,72.3,53.04,7.18,100519,0.0,14.98,0.275,none,20.06,2.0
2026-01-24 12:00:00,S2008,2008,30.03,76.6,48.23,6.01,101078,0.0,31.77,0.31,none,18.45,1.74
2026-01-24 12:00:00,S2004,2004,29.38,74.1,52.77,6.34,99906,0.0,26.68,0.35,none,17.42,0.41
2026-01-24 12:00:00,S2006,2006,30.79,73.6,36.7,6.39,99349,2.62,13.76,0.277,none,11.81,2.79
2026-01-24 12:00:00,S2013,2013,32.22,70.1,53.05,6.77,100297,0.0,31.62,0.301,none,20.04,1.65
2026-01-24 12:00:00,S2012,2012,31.94,72.9,64.43,6.43,101808,0.0,19.85,0.234,none,27.42,0.6
2026-01-24 12:00:00,S2010,2010,31.38,70.1,48.92,6.0,101489,0.0,27.75,0.412,none,16.3,3.22
2026-01-24 12:00:00,S2014,2014,32.62,65.1,42.09,6.54,99997,3.31,33.77,0.337,none,11.36,0.45
2026-01-24 12:00:00,S2009,2009,32.51,67.5,44.3,6.37,97807,2.38,27.63,0.338,none,14.17,0.46
2026-01-24 12:00:00,S2017,2017,31.8,72.0,44.46,6.5,101440,0.0,24.11,0.234,none,16.43,0.75
2026-01-24 12:00:00,S2003,2003,29.6,75.3,43.58,6.16,101248,0.0,13.42,0.31,none,14.23,1.61
2026-01-24 15:00:00,S2018,2018,27.33,74.2,54.33,6.43,70740,0.0,25.56,0.31,none,17.53,1.99
2026-01-24 15:00:00,S2004,2004,28.0,82.6,40.28,7.04,71419,0.0,25.14,0.35,none,17.22,0.56
2026-01-24 15:00:00,S2010,2010,27.7,82.8,39.79,6.36,72278,0.0,26.67,0.42,none,17.13,3.52
2026-01-24 15:00:00,S2014,2014,28.89,75.7,51.23,6.9,71913,0.0,34.71,0.35,none,17.18,0.6
2026-01-24 15:00:00,S2008,2008,29.31,77.2,51.31,6.32,71574,0.0,32.53,0.31,none,19.04,1.42
2026-01-24 15:00:00,S2016,2016,28.08,83.2,40.44,6.37,70457,0.0,17.53,0.28,none,17.78,2.4
2026-01-24 15:00:00,S2017,2017,29.75,79.1,43.32,6.8,69485,0.0,24.05,0.24,none,17.44,0.66
2026-01-24 15:00:00,S2006,2006,30.24,78.3,52.42,6.9,70290,0.0,14.84,0.279,none,22.33,2.22
2026-01-24 15:00:00,S2011,2011,28.41,79.9,63.15,7.03,69753,0.0,19.7,0.28,none,26.5,2.96
2026-01-24 15:00:00,S2007,2007,30.09,70.0,41.89,6.37,69152,0.0,18.2,0.24,none,10.12,0.79
2026-01-24 15:00:00,S2009,2009,28.02,83.3,60.4,6.67,72920,0.0,26.6,0.35,none,27.84,0.56
2026-01-24 15:00:00,S2005,2005,28.95,76.5,34.96,6.79,71949,2.57,34.16,0.42,none,9.68,3.83
2026-01-24 15:00:00,S2015,2015,27.73,82.8,49.01,6.33,71460,0.0,24.43,0.42,none,21.74,3.38
2026-01-24 15:00:00,S2001,2001,29.38,81.5,56.72,6.75,70940,0.0,14.26,0.28,none,25.32,2.32
2026-01-24 15:00:00,S2000,2000,28.27,74.8,53.65,6.56,71777,0.0,21.18,0.42,none,17.66,3.43
2026-01-24 15:00:00,S2019,2019,28.87,77.6,63.37,6.02,69551,0.0,16.04,0.35,none,24.76,0.46
2026-01-24 15:00:00,S2002,2002,28.57,76.5,53.09,6.25,69308,0.0,11.39,0.24,none,18.75,0.6
2026-01-24 15:00:00,S2013,2013,29.05,81.3,46.48,6.51,72291,0.0,31.18,0.31,none,19.38,1.48
2026-01-24 15:00:00,S2012,2012,29.51,75.5,44.12,6.3,69709,0.0,20.48,0.24,none,14.48,0.6
2026-01-24 15:00:00,S2003,2003,27.43,83.4,38.91,6.48,71926,0.0,13.33,0.31,none,17.18,1.82
2026-01-24 18:00:00,S2002,2002,22.17,85.8,46.85,6.49,1907,0.0,11.76,0.24,none,23.07,0.87
2026-01-24 18:00:00,S2006,2006,25.29,83.7,50.07,6.79,0,0.0,13.79,0.28,none,23.0,2.96
2026-01-24 18:00:00,S2008,2008,24.36,87.8,51.41,7.04,2393,0.0,32.08,0.31,none,26.94,1.37
2026-01-24 18:00:00,S2000,2000,23.45,87.0,50.9,7.06,1977,0.0,21.6,0.42,none,26.05,4.61
2026-01-24 18:00:00,S2014,2014,23.9,84.6,54.52,6.87,0,0.0,33.78,0.35,none,25.94,0.5
2026-01-24 18:00:00,S2007,2007,23.81,83.3,52.67,6.32,0,0.0,18.32,0.24,none,23.98,0.69
2026-01-24 18:00:00,S2009,2009,22.76,90.4,57.88,6.69,125,0.0,26.48,0.35,none,32.26,0.55
2026-01-24 18:00:00,S2016,2016,24.46,82.3,52.5,6.19,0,0.0,18.19,0.28,none,23.09,2.4
2026-01-24 18:00:00,S2013,2013,23.56,85.8,55.13,7.14,2495,0.0,30.48,0.31,none,27.21,1.22
2026-01-24 18:00:00,S2012,2012,22.27,91.9,59.29,6.73,0,0.0,19.68,0.24,none,34.17,0.61
2026-01-24 18:00:00,S2018,2018,23.65,88.1,67.66,6.29,0,0.0,24.22,0.31,none,35.31,1.89
2026-01-24 18:00:00,S2001,2001,25.19,85.2,57.28,6.02,925,0.0,15.79,0.28,none,27.8,2.47
2026-01-24 18:00:00,S2004,2004,23.9,89.3,53.34,7.11,861,0.0,25.05,0.35,none,29.11,0.41
2026-01-24 18:00:00,S2011,2011,25.02,90.5,61.78,6.85,0,0.0,20.62,0.28,none,34.29,2.15
2026-01-24 18:00:00,S2017,2017,24.89,79.3,62.98,6.11,1374,0.0,23.47,0.24,none,25.93,0.63
2026-01-24 18:00:00,S2015,2015,23.58,87.1,53.47,6.49,2227,0.0,24.12,0.42,none,27.41,3.64
2026-01-24 18:00:00,S2005,2005,24.09,86.7,65.43,6.33,0,0.0,33.39,0.42,none,33.08,4.09
2026-01-24 18:00:00,S2019,2019,23.9,87.0,80.42,6.75,0,0.0,15.0,0.35,none,40.81,0.45
2026-01-24 18:00:00,S2010,2010,23.55,92.1,63.12,6.98,0,0.0,27.58,0.42,none,36.24,3.92
2026-01-24 18:00:00,S2003,2003,22.78,90.8,67.24,6.86,1114,0.0,13.46,0.31,none,37.26,1.93
2026-01-24 21:00:00,S2007,2007,24.94,82.2,58.19,6.16,2182,0.0,17.52,0.24,none,25.86,0.79
2026-01-24 21:00:00,S2014,2014,25.49,90.0,55.99,6.81,709,0.0,35.46,0.35,none,31.0,0.44
2026-01-24 21:00:00,S2016,2016,22.3,94.5,50.24,6.04,1830,0.0,17.63,0.28,none,31.72,1.84
2026-01-24 21:00:00,S2017,2017,23.13,92.0,53.0,7.03,0,0.0,24.03,0.24,none,31.1,0.69
2026-01-24 21:00:00,S2004,2004,22.94,91.7,76.2,7.07,2498,0.0,25.47,0.35,none,42.46,0.43
2026-01-24 21:00:00,S2010,2010,23.77,91.8,48.84,6.56,512,0.0,28.0,0.42,none,28.86,3.39
2026-01-24 21:00:00,S2001,2001,24.58,88.5,54.22,6.9,1668,0.0,14.36,0.28,none,28.91,2.64
2026-01-24 21:00:00,S2019,2019,22.41,91.7,49.94,7.15,2322,0.0,16.01,0.35,none,29.33,0.48
2026-01-24 21:00:00,S2015,2015,25.29,83.5,57.18,6.29,1883,0.0,23.28,0.42,none,26.39,3.61
2026-01-24 21:00:00,S2013,2013,23.42,95.8,61.64,6.76,713,0.0,29.9,0.31,none,38.46,1.72
2026-01-24 21:00:00,S2006,2006,24.7,90.6,47.26,6.86,0,0.0,13.65,0.28,none,27.11,1.83
2026-01-24 21:00:00,S2011,2011,23.27,91.6,73.39,6.15,645,0.0,20.71,0.28,none,40.97,2.07
2026-01-24 21:00:00,S2005,2005,23.16,94.5,55.57,6.18,945,0.0,34.75,0.42,none,34.39,3.63
2026-01-24 21:00:00,S2012,2012,25.21,84.4,72.49,6.82,0,0.0,21.01,0.24,none,34.77,0.57
2026-01-24 21:00:00,S2002,2002,23.03,91.8,50.2,6.06,0,0.0,11.58,0.24,none,29.54,0.71
2026-01-24 21:00:00,S2018,2018,23.44,87.4,61.02,6.19,0,0.0,25.86,0.31,none,31.43,1.47
2026-01-24 21:00:00,S2008,2008,23.75,88.8,68.75,7.04,0,0.0,32.09,0.31,none,36.41,1.21
2026-01-24 21:00:00,S2009,2009,24.22,84.5,56.45,6.19,365,0.0,28.22,0.35,none,26.83,0.53
2026-01-24 21:00:00,S2000,2000,25.36,83.0,61.57,6.49,1666,0.0,19.76,0.42,none,28.19,3.08
2026-01-24 21:00:00,S2003,2003,24.92,92.2,51.51,6.1,0,0.0,15.16,0.31,none,30.52,1.8
2026-01-25 00:00:00,S2013,2013,24.6,88.1,61.67,6.08,350,0.0,31.7,0.31,none,32.31,1.77
2026-01-25 00:00:00,S2009,2009,23.6,86.1,58.51,6.6,2018,0.0,27.88,0.35,none,29.13,0.5
2026-01-25 00:00:00,S2016,2016,24.92,86.6,57.52,6.01,971,0.0,19.54,0.28,none,29.04,2.76
2026-01-25 00:00:00,S2000,2000,24.15,83.6,67.89,6.83,0,0.0,20.63,0.42,none,31.82,4.05
2026-01-25 00:00:00,S2010,2010,24.8,83.8,59.48,6.41,0,0.0,26.9,0.42,none,27.78,3.59
2026-01-25 00:00:00,S2012,2012,24.56,84.4,66.07,6.99,0,0.0,19.99,0.24,none,31.56,0.74
2026-01-25 00:00:00,S2004,2004,23.82,93.8,55.85,6.55,0,0.0,26.96,0.35,none,33.97,0.5
2026-01-25 00:00:00,S2006,2006,23.3,92.1,56.17,6.72,0,0.0,14.89,0.28,none,32.77,2.73
2026-01-25 00:00:00,S2008,2008,24.43,84.5,68.08,6.89,0,0.0,31.36,0.31,none,32.64,1.9
2026-01-25 00:00:00,S2002,2002,23.11,89.0,59.44,6.9,0,0.0,11.81,0.24,none,31.92,0.65
2026-01-25 00:00:00,S2005,2005,22.8,86.4,43.29,6.34,0,0.0,32.62,0.42,none,21.77,4.09
2026-01-25 00:00:00,S2011,2011,23.85,92.0,53.09,6.1,0,0.0,19.68,0.28,none,31.15,2.38
2026-01-25 00:00:00,S2003,2003,23.52,83.2,43.63,6.32,0,0.0,14.7,0.31,none,19.38,1.81
2026-01-25 00:00:00,S2015,2015,23.91,89.9,51.52,6.69,1638,0.0,25.8,0.42,none,28.68,3.64
2026-01-25 00:00:00,S2018,2018,24.55,87.3,66.93,6.93,0,0.0,26.23,0.31,none,34.31,1.94
2026-01-25 00:00:00,S2001,2001,24.46,88.2,64.29,6.6,0,0.0,15.43,0.28,none,33.71,2.86
2026-01-25 00:00:00,S2007,2007,23.38,89.6,63.51,6.53,0,0.0,18.19,0.24,none,34.43,0.6
2026-01-25 00:00:00,S2014,2014,24.66,87.4,51.52,6.12,0,0.0,34.57,0.35,none,26.68,0.49
2026-01-25 00:00:00,S2017,2017,22.27,87.8,51.56,6.41,343,0.0,25.04,0.24,none,27.02,0.66
2026-01-25 00:00:00,S2019,2019,24.95,88.1,59.44,6.41,567,0.0,15.94,0.35,none,31.2,0.44
2026-01-25 03:00:00,S2013,2013,24.77,85.7,49.68,6.35,566,0.0,30.12,0.31,none,24.4,1.96
2026-01-25 03:00:00,S2006,2006,23.23,85.8,63.04,6.14,516,0.0,15.07,0.28,none,31.16,2.87
2026-01-25 03:00:00,S2005,2005,22.43,92.6,42.88,6.06,2465,0.0,35.45,0.42,none,26.52,3.46
2026-01-25 03:00:00,S2008,2008,24.29,89.2,65.86,6.82,574,0.0,32.44,0.31,none,35.29,1.49
2026-01-25 03:00:00,S2003,2003,24.52,84.8,53.5,6.95,0,0.0,14.01,0.31,none,25.59,1.56
2026-01-25 03:00:00,S2009,2009,24.3,81.9,56.6,6.08,0,0.0,27.55,0.35,none,24.82,0.42
2026-01-25 03:00:00,S2011,2011,25.63,89.5,63.66,7.18,0,0.0,20.14,0.28,none,34.43,2.26
2026-01-25 03:00:00,S2001,2001,23.02,89.0,78.92,6.86,179,0.0,15.23,0.28,none,41.66,2.57
2026-01-25 03:00:00,S2010,2010,24.99,86.7,74.45,7.05,1541,0.0,29.35,0.42,none,37.59,3.73
2026-01-25 03:00:00,S2000,2000,24.18,86.6,48.09,7.04,593,0.0,22.67,0.42,none,24.32,3.25
2026-01-25 03:00:00,S2004,2004,22.97,87.3,62.34,6.9,1091,0.0,26.36,0.35,none,32.01,0.62
2026-01-25 03:00:00,S2007,2007,23.42,89.8,58.29,6.15,1238,0.0,17.44,0.24,none,31.98,0.71
2026-01-25 03:00:00,S2016,2016,24.21,86.8,57.75,6.05,0,0.0,18.96,0.28,none,29.31,2.75
2026-01-25 03:00:00,S2019,2019,24.93,80.1,79.08,6.69,0,0.0,14.69,0.35,none,34.62,0.55
2026-01-25 03:00:00,S2002,2002,23.62,85.8,50.78,6.64,1168,0.0,12.08,0.24,none,25.03,0.63
2026-01-25 03:00:00,S2017,2017,23.21,88.6,47.6,7.06,1968,0.0,24.09,0.24,none,25.68,0.62
2026-01-25 03:00:00,S2014,2014,25.03,85.2,63.99,7.14,580,0.0,34.54,0.35,none,31.16,0.48
2026-01-25 03:00:00,S2018,2018,24.87,86.4,66.44,7.18,0,0.0,25.97,0.31,none,33.34,1.86
2026-01-25 03:00:00,S2012,2012,22.2,89.4,58.99,6.54,0,0.0,21.14,0.24,none,32.02,0.75
2026-01-25 03:00:00,S2015,2015,23.58,93.6,58.38,7.18,425,0.0,24.52,0.42,none,35.07,3.99
2026-01-25 06:00:00,S2011,2011,24.61,88.3,54.6,6.37,0,0.0,19.88,0.28,none,28.94,1.88
2026-01-25 06:00:00,S2006,2006,25.27,82.3,60.85,6.08,0,0.0,14.59,0.28,none,27.27,2.6
2026-01-25 06:00:00,S2008,2008,25.73,81.8,49.83,6.65,1482,0.0,32.1,0.31,none,21.35,1.31
2026-01-25 06:00:00,S2005,2005,25.06,87.7,50.17,6.69,1282,0.0,34.64,0.42,none,26.25,4.34
2026-01-25 06:00:00,S2000,2000,23.2,93.3,61.26,7.17,0,0.0,22.74,0.42,none,36.27,3.71
2026-01-25 06:00:00,S2003,2003,22.47,86.7,69.81,6.48,186,0.0,13.93,0.31,none,35.27,1.99
2026-01-25 06:00:00,S2015,2015,22.58,91.2,64.13,6.49,952,0.0,23.8,0.42,none,36.03,3.08
2026-01-25 06:00:00,S2010,2010,22.48,91.9,49.35,6.11,362,0.0,27.91,0.42,none,29.2,4.44
2026-01-25 06:00:00,S2002,2002,23.53,89.2,82.17,6.54,0,0.0,12.67,0.24,none,43.45,0.79
2026-01-25 06:00:00,S2018,2018,23.18,89.8,56.32,6.27,618,0.0,24.33,0.31,none,31.0,1.47
2026-01-25 06:00:00,S2019,2019,25.49,90.8,60.14,6.58,2432,0.0,15.11,0.35,none,33.71,0.45
2026-01-25 06:00:00,S2001,2001,24.59,87.6,61.53,6.35,1990,0.0,15.82,0.28,none,31.84,2.87
2026-01-25 06:00:00,S2009,2009,22.87,94.4,59.19,6.59,461,0.0,27.55,0.35,none,36.12,0.6
2026-01-25 06:00:00,S2012,2012,24.15,90.4,47.57,6.03,0,0.0,19.91,0.24,none,27.11,0.56
2026-01-25 06:00:00,S2013,2013,24.2,82.8,56.8,6.38,1751,0.0,31.68,0.31,none,25.64,1.45
2026-01-25 06:00:00,S2004,2004,22.43,96.2,59.21,6.17,0,0.0,27.05,0.35,none,37.56,0.52
2026-01-25 06:00:00,S2014,2014,23.12,89.0,70.9,7.01,1660,0.0,34.33,0.35,none,37.65,0.59
2026-01-25 06:00:00,S2016,2016,24.28,83.9,58.37,6.1,0,0.0,17.66,0.28,none,27.31,2.8
2026-01-25 06:00:00,S2007,2007,25.5,89.5,48.81,7.12,0,0.0,17.58,0.24,none,27.01,0.73
2026-01-25 06:00:00,S2017,2017,24.28,88.3,73.13,6.77,665,0.0,23.52,0.24,none,38.2,0.64
2026-01-25 09:00:00,S2011,2011,27.88,76.4,49.19,6.09,69492,0.0,20.02,0.28,none,16.72,2.69
2026-01-25 09:00:00,S2016,2016,28.37,80.3,43.01,6.66,68762,0.0,17.82,0.28,none,16.74,2.09
2026-01-25 09:00:00,S2004,2004,29.52,75.8,46.43,6.44,68897,0.0,26.66,0.35,none,15.89,0.43
2026-01-25 09:00:00,S2019,2019,30.02,78.4,33.7,6.04,72517,2.66,14.93,0.346,none,12.61,0.37
2026-01-25 09:00:00,S2013,2013,29.79,80.3,69.05,6.11,69835,0.0,30.32,0.31,none,31.34,1.34
2026-01-25 09:00:00,S2008,2008,29.61,70.5,52.31,6.58,70261,0.0,31.59,0.31,none,14.78,1.7
2026-01-25 09:00:00,S2005,2005,28.85,76.2,39.19,6.72,72282,2.42,33.55,0.42,none,11.56,4.34
2026-01-25 09:00:00,S2012,2012,30.4,76.3,37.47,6.5,69254,2.46,19.86,0.239,none,13.57,0.77
2026-01-25 09:00:00,S2015,2015,29.02,74.6,45.95,6.08,71196,0.0,25.38,0.42,none,13.69,3.26
2026-01-25 09:00:00,S2007,2007,29.19,77.0,54.06,6.29,68640,0.0,18.29,0.24,none,20.01,0.86
2026-01-25 09:00:00,S2009,2009,30.19,80.2,49.72,6.16,69573,0.0,26.83,0.349,none,22.4,0.47
2026-01-25 09:00:00,S2001,2001,29.77,70.4,34.24,6.89,70662,2.59,15.22,0.278,none,5.98,2.64
2026-01-25 09:00:00,S2006,2006,28.24,76.7,46.58,6.52,68667,0.0,14.92,0.28,none,15.65,1.84
2026-01-25 09:00:00,S2002,2002,27.78,82.9,41.08,7.11,71730,0.0,11.72,0.24,none,17.86,0.61
2026-01-25 09:00:00,S2010,2010,28.75,84.0,47.65,7.09,71113,0.0,28.32,0.42,none,22.03,3.52
2026-01-25 09:00:00,S2018,2018,28.83,74.3,33.27,6.52,70188,2.61,25.61,0.306,none,7.07,1.45
2026-01-25 09:00:00,S2014,2014,30.19,78.3,43.22,6.19,70724,0.0,35.5,0.349,none,17.63,0.46
2026-01-25 09:00:00,S2017,2017,29.17,77.7,48.9,6.25,71812,0.0,23.42,0.24,none,17.95,0.73
2026-01-25 09:00:00,S2003,2003,28.93,75.9,47.72,6.4,68765,0.0,15.36,0.31,none,15.58,1.98
2026-01-25 09:00:00,S2000,2000,27.91,76.9,41.29,6.26,71861,0.0,22.04,0.42,none,13.17,4.47
2026-01-25 12:00:00,S2006,2006,29.95,74.8,37.14,6.4,101948,0.0,13.89,0.28,none,11.31,2.54
2026-01-25 12:00:00,S2014,2014,29.35,73.5,40.92,6.96,98378,3.16,35.1,0.35,none,10.96,0.61
2026-01-25 12:00:00,S2004,2004,31.19,68.8,45.12,6.92,100589,0.0,24.96,0.344,none,12.98,0.38
2026-01-25 12:00:00,S2002,2002,31.62,75.5,46.75,6.32,101202,0.0,11.76,0.235,none,20.02,0.75
2026-01-25 12:00:00,S2008,2008,30.35,74.4,40.94,6.3,100442,3.27,32.67,0.309,none,13.69,1.34
2026-01-25 12:00:00,S2007,2007,32.24,76.0,50.07,6.51,100876,0.0,18.88,0.233,none,23.32,0.8
2026-01-25 12:00:00,S2013,2013,29.71,73.5,40.6,6.03,100485,3.17,30.53,0.31,none,11.52,1.73
2026-01-25 12:00:00,S2001,2001,31.84,72.2,39.56,6.7,100721,2.54,14.46,0.273,none,14.22,1.83
2026-01-25 12:00:00,S2003,2003,29.67,77.7,48.67,6.89,100477,0.0,13.95,0.31,none,18.84,1.9
2026-01-25 12:00:00,S2012,2012,29.8,78.7,43.66,6.69,98604,0.0,19.99,0.24,none,17.39,0.71
2026-01-25 12:00:00,S2011,2011,32.31,68.5,47.31,6.93,99751,0.0,21.16,0.271,none,16.08,2.79
2026-01-25 12:00:00,S2016,2016,30.85,77.3,44.37,6.06,98312,2.34,17.88,0.277,none,18.73,2.3
2026-01-25 12:00:00,S2010,2010,30.71,71.2,38.1,6.63,98149,2.5,27.48,0.416,none,10.43,4.41
2026-01-25 12:00:00,S2019,2019,30.43,77.0,32.24,7.08,101071,2.67,16.47,0.34,none,11.58,0.55
2026-01-25 12:00:00,S2005,2005,29.63,75.3,38.64,6.8,100540,2.43,34.12,0.42,none,11.82,3.3
2026-01-25 12:00:00,S2017,2017,31.98,69.2,37.67,6.25,99522,3.51,23.57,0.234,none,11.16,0.62
2026-01-25 12:00:00,S2000,2000,30.16,76.3,45.14,6.75,99758,0.0,22.06,0.419,none,16.93,4.58
2026-01-25 12:00:00,S2009,2009,31.36,69.3,75.03,6.9,99971,0.0,28.28,0.344,none,28.67,0.52
2026-01-25 12:00:00,S2018,2018,32.04,65.3,32.06,6.11,97735,2.75,24.53,0.294,none,5.35,1.79
2026-01-25 12:00:00,S2015,2015,30.67,74.0,36.69,6.8,100799,2.58,24.54,0.416,none,11.89,3.55
2026-01-25 15:00:00,S2014,2014,27.75,83.2,53.45,6.69,69630,0.0,34.54,0.35,none,24.29,0.42
2026-01-25 15:00:00,S2019,2019,29.34,73.0,50.34,6.86,69043,0.0,14.92,0.35,none,15.25,0.38
2026-01-25 15:00:00,S2007,2007,28.23,76.9,52.62,6.12,70216,0.0,17.83,0.24,none,18.83,0.64
2026-01-25 15:00:00,S2002,2002,28.4,77.3,47.88,6.49,68388,0.0,12.63,0.24,none,16.78,0.63
2026-01-25 15:00:00,S2000,2000,29.02,78.7,48.94,6.74,70420,0.0,22.37,0.42,none,18.47,4.44
2026-01-25 15:00:00,S2001,2001,29.14,82.2,50.54,6.95,71652,0.0,16.06,0.28,none,22.31,2.38
2026-01-25 15:00:00,S2011,2011,28.71,73.0,48.24,6.28,69726,0.0,21.12,0.28,none,13.52,2.92
2026-01-25 15:00:00,S2010,2010,27.85,82.9,49.97,6.07,71465,0.0,28.36,0.42,none,22.31,4.66
2026-01-25 15:00:00,S2003,2003,30.34,79.5,38.48,6.09,69449,2.41,14.43,0.309,none,16.52,1.6
2026-01-25 15:00:00,S2015,2015,28.77,77.5,43.36,6.46,69031,0.0,24.15,0.42,none,14.68,3.09
2026-01-25 15:00:00,S2006,2006,29.1,80.3,34.77,7.09,72709,2.56,13.84,0.28,none,12.83,2.59
2026-01-25 15:00:00,S2004,2004,28.76,79.7,43.82,6.53,70878,0.0,27.0,0.35,none,16.67,0.44
2026-01-25 15:00:00,S2009,2009,29.45,76.4,51.43,6.69,70743,0.0,27.73,0.35,none,18.74,0.5
2026-01-25 15:00:00,S2008,2008,30.48,75.1,58.46,7.19,71069,0.0,31.05,0.308,none,23.27,1.98
2026-01-25 15:00:00,S2013,2013,29.56,78.9,61.32,6.66,72101,0.0,32.16,0.31,none,25.9,1.87
2026-01-25 15:00:00,S2017,2017,29.66,69.8,41.21,6.66,68684,0.0,24.91,0.24,none,8.76,0.81
2026-01-25 15:00:00,S2012,2012,28.69,82.4,59.46,7.19,70770,0.0,20.41,0.24,none,26.65,0.66
2026-01-25 15:00:00,S2016,2016,29.39,81.2,36.03,6.32,72735,2.51,18.84,0.28,none,14.76,2.56
2026-01-25 15:00:00,S2018,2018,29.1,73.8,51.2,7.16,69284,0.0,25.06,0.31,none,15.84,1.35
2026-01-25 15:00:00,S2005,2005,28.11,84.7,43.71,6.88,69429,0.0,33.7,0.42,none,20.62,3.69
2026-01-25 18:00:00,S2016,2016,24.22,85.5,65.93,6.77,1758,0.0,18.04,0.28,none,32.37,2.34
2026-01-25 18:00:00,S2019,2019,24.9,84.9,68.98,6.46,975,0.0,15.66,0.35,none,33.41,0.47
2026-01-25 18:00:00,S2018,2018,25.55,87.2,58.68,7.11,0,0.0,24.29,0.31,none,30.1,1.42
2026-01-25 18:00:00,S2001,2001,23.56,86.7,52.85,7.07,1746,0.0,16.06,0.28,none,26.79,2.4
2026-01-25 18:00:00,S2012,2012,24.43,84.5,69.59,6.76,2194,0.0,20.99,0.24,none,33.4,0.55
2026-01-25 18:00:00,S2007,2007,24.66,80.8,58.56,6.44,0,0.0,18.69,0.24,none,24.92,0.61
2026-01-25 18:00:00,S2004,2004,22.98,93.5,50.86,6.37,0,0.0,25.68,0.35,none,31.23,0.57
2026-01-25 18:00:00,S2014,2014,22.55,88.3,54.53,6.79,0,0.0,34.05,0.35,none,28.91,0.56
2026-01-25 18:00:00,S2009,2009,23.92,92.4,56.78,6.49,0,0.0,26.79,0.35,none,33.31,0.62
2026-01-25 18:00:00,S2003,2003,24.51,89.8,55.17,6.32,1488,0.0,13.85,0.31,none,30.43,1.38
2026-01-25 18:00:00,S2010,2010,24.67,91.4,71.14,6.15,0,0.0,26.7,0.42,none,39.69,3.83
2026-01-25 18:00:00,S2006,2006,24.83,82.0,60.5,6.02,1931,0.0,15.33,0.28,none,26.85,2.34
2026-01-25 18:00:00,S2002,2002,25.62,85.9,54.85,7.14,2089,0.0,12.69,0.24,none,27.15,0.66
2026-01-25 18:00:00,S2013,2013,25.13,83.1,66.04,6.24,0,0.0,30.51,0.31,none,30.5,1.59
2026-01-25 18:00:00,S2000,2000,23.36,87.0,49.23,6.87,0,0.0,21.24,0.42,none,25.21,4.05
2026-01-25 18:00:00,S2008,2008,25.0,84.5,66.63,6.44,0,0.0,32.07,0.31,none,31.91,1.97
2026-01-25 18:00:00,S2011,2011,24.87,91.0,55.26,6.74,0,0.0,20.34,0.28,none,31.43,2.39
2026-01-25 18:00:00,S2017,2017,22.24,92.6,61.43,7.15,915,0.0,24.43,0.24,none,35.8,0.77
2026-01-25 18:00:00,S2015,2015,22.73,95.6,64.92,6.57,1436,0.0,23.96,0.42,none,39.94,4.07
2026-01-25 18:00:00,S2005,2005,24.05,91.0,63.08,6.44,1834,0.0,35.53,0.42,none,35.34,3.52
2026-01-25 21:00:00,S2012,2012,23.06,87.2,61.65,6.84,0,0.0,20.55,0.24,none,31.59,0.61
2026-01-25 21:00:00,S2016,2016,25.57,85.9,60.69,6.26,0,0.0,17.6,0.28,none,30.07,1.89
2026-01-25 21:00:00,S2018,2018,24.94,86.2,50.38,6.66,81,0.0,26.19,0.31,none,25.15,1.87
2026-01-25 21:00:00,S2004,2004,23.86,91.9,66.12,6.59,0,0.0,25.38,0.35,none,37.58,0.57
2026-01-25 21:00:00,S2013,2013,22.63,86.2,58.5,6.53,1662,0.0,32.0,0.31,none,29.21,1.33
2026-01-25 21:00:00,S2002,2002,25.02,80.4,65.76,6.12,0,0.0,12.93,0.24,none,28.2,0.65
2026-01-25 21:00:00,S2014,2014,23.55,95.1,56.93,6.48,0,0.0,36.04,0.35,none,35.55,0.47
2026-01-25 21:00:00,S2008,2008,24.03,83.8,63.25,6.25,920,0.0,31.85,0.31,none,29.66,1.53
2026-01-25 21:00:00,S2017,2017,24.49,83.0,57.56,6.59,0,0.0,24.34,0.24,none,26.18,0.57
2026-01-25 21:00:00,S2006,2006,23.39,85.3,63.04,6.78,2152,0.0,15.01,0.28,none,30.76,2.72
2026-01-25 21:00:00,S2007,2007,22.66,91.9,62.91,6.66,0,0.0,17.39,0.24,none,35.98,0.8
2026-01-25 21:00:00,S2015,2015,22.95,92.5,68.4,7.07,2449,0.0,25.0,0.42,none,39.2,3.76
2026-01-25 21:00:00,S2019,2019,25.44,82.6,54.16,7.06,0,0.0,16.7,0.35,none,24.16,0.39
2026-01-25 21:00:00,S2011,2011,24.59,83.6,56.02,6.27,396,0.0,20.38,0.28,none,25.89,1.95
2026-01-25 21:00:00,S2003,2003,23.54,88.5,61.71,6.8,2198,0.0,14.1,0.31,none,32.66,1.28
2026-01-25 21:00:00,S2010,2010,25.29,84.4,56.65,7.07,2426,0.0,29.01,0.42,none,26.85,3.29
2026-01-25 21:00:00,S2000,2000,24.14,86.0,64.78,6.95,1138,0.0,20.1,0.42,none,32.19,4.6
2026-01-25 21:00:00,S2005,2005,24.64,82.7,71.84,6.97,0,0.0,34.16,0.42,none,33.08,3.02
2026-01-25 21:00:00,S2001,2001,23.67,84.2,57.15,6.04,624,0.0,15.75,0.28,none,26.94,2.12
2026-01-25 21:00:00,S2009,2009,25.19,82.2,61.76,7.08,0,0.0,28.54,0.35,none,27.64,0.56
2026-01-26 00:00:00,S2009,2009,24.22,91.3,55.4,6.1,142,0.0,28.69,0.35,none,31.74,0.54
2026-01-26 00:00:00,S2001,2001,22.72,94.5,56.89,6.91,0,0.0,14.77,0.28,none,35.05,2.1
2026-01-26 00:00:00,S2015,2015,23.07,87.7,51.57,6.69,0,0.0,24.85,0.42,none,26.95,3.98
2026-01-26 00:00:00,S2012,2012,24.69,90.1,59.75,6.23,1289,0.0,21.56,0.24,none,32.95,0.53
2026-01-26 00:00:00,S2004,2004,23.96,93.5,55.42,6.24,867,0.0,26.18,0.35,none,33.51,0.55
2026-01-26 00:00:00,S2018,2018,23.74,83.6,54.0,6.69,291,0.0,25.01,0.31,none,24.88,1.96
2026-01-26 00:00:00,S2008,2008,22.7,89.5,54.21,6.35,0,0.0,32.02,0.31,none,29.71,1.72
2026-01-26 00:00:00,S2005,2005,24.54,88.2,57.75,7.11,2481,0.0,33.74,0.42,none,30.44,3.94
2026-01-26 00:00:00,S2002,2002,25.44,79.9,52.52,7.14,2486,0.0,13.23,0.24,none,21.18,0.64
2026-01-26 00:00:00,S2003,2003,25.14,87.3,62.19,6.64,0,0.0,14.26,0.31,none,31.93,1.42
2026-01-26 00:00:00,S2007,2007,23.64,92.5,53.21,6.27,0,0.0,18.64,0.24,none,31.61,0.78
2026-01-26 00:00:00,S2014,2014,24.51,92.3,60.09,7.05,0,0.0,35.65,0.35,none,34.89,0.59
2026-01-26 00:00:00,S2013,2013,23.16,88.1,60.0,6.54,2011,0.0,30.94,0.31,none,31.48,1.45
2026-01-26 00:00:00,S2000,2000,24.1,85.4,52.78,6.05,0,0.0,22.91,0.42,none,25.71,2.91
2026-01-26 00:00:00,S2010,2010,23.29,90.4,50.7,6.68,0,0.0,27.15,0.42,none,28.67,3.59
2026-01-26 00:00:00,S2016,2016,24.69,89.0,45.46,6.48,0,0.0,18.83,0.28,none,24.93,1.83
2026-01-26 00:00:00,S2006,2006,23.05,90.5,58.76,6.32,1513,0.0,15.42,0.28,none,32.78,2.11
2026-01-26 00:00:00,S2019,2019,24.5,82.4,79.44,6.87,541,0.0,15.35,0.35,none,36.64,0.45
2026-01-26 00:00:00,S2011,2011,23.87,91.1,53.99,6.12,0,0.0,20.32,0.28,none,30.87,2.04
2026-01-26 00:00:00,S2017,2017,24.54,86.1,59.7,6.64,775,0.0,24.5,0.24,none,29.73,0.76
2026-01-26 03:00:00,S2017,2017,23.53,90.8,50.68,6.27,2253,0.0,23.68,0.24,none,28.98,0.59
2026-01-26 03:00:00,S2009,2009,24.24,85.5,63.77,6.6,1707,0.0,28.13,0.35,none,31.29,0.46
2026-01-26 03:00:00,S2019,2019,22.75,86.8,50.39,6.9,0,0.0,16.46,0.35,none,25.63,0.52
2026-01-26 03:00:00,S2007,2007,23.03,93.5,73.46,7.06,1031,0.0,18.84,0.24,none,42.53,0.81
2026-01-26 03:00:00,S2003,2003,24.78,82.3,56.27,7.1,0,0.0,14.32,0.31,none,24.98,1.91
2026-01-26 03:00:00,S2000,2000,22.72,86.6,54.72,6.98,0,0.0,23.08,0.42,none,27.64,3.44
2026-01-26 03:00:00,S2001,2001,23.94,87.3,52.08,6.11,0,0.0,15.15,0.28,none,26.88,2.12
2026-01-26 03:00:00,S2006,2006,25.19,84.0,67.05,6.94,2113,0.0,15.48,0.28,none,31.73,2.04
2026-01-26 03:00:00,S2015,2015,23.12,84.7,57.36,6.66,1328,0.0,24.45,0.42,none,27.44,4.2
2026-01-26 03:00:00,S2002,2002,22.38,91.5,74.19,6.33,0,0.0,13.33,0.24,none,41.3,0.84
2026-01-26 03:00:00,S2008,2008,23.79,91.7,50.78,6.61,980,0.0,32.87,0.31,none,29.75,1.87
2026-01-26 03:00:00,S2010,2010,24.75,83.3,60.19,6.05,0,0.0,27.33,0.42,none,27.73,4.53
2026-01-26 03:00:00,S2014,2014,24.34,86.7,52.7,6.72,0,0.0,36.57,0.35,none,26.71,0.54
2026-01-26 03:00:00,S2018,2018,25.11,91.2,50.64,6.92,0,0.0,24.99,0.31,none,29.28,1.21
2026-01-26 03:00:00,S2013,2013,23.48,89.3,56.16,6.95,0,0.0,31.31,0.31,none,30.52,1.28
2026-01-26 03:00:00,S2012,2012,23.13,91.8,51.18,6.6,826,0.0,20.68,0.24,none,30.03,0.73
2026-01-26 03:00:00,S2004,2004,23.61,85.9,61.82,6.59,0,0.0,25.82,0.35,none,30.63,0.52
2026-01-26 03:00:00,S2016,2016,24.18,84.0,61.61,6.91,773,0.0,18.28,0.28,none,29.01,2.24
2026-01-26 03:00:00,S2011,2011,24.24,91.5,63.39,6.11,0,0.0,20.41,0.28,none,35.9,1.98
2026-01-26 03:00:00,S2005,2005,24.81,84.0,64.32,6.57,0,0.0,35.3,0.42,none,30.36,3.62
2026-01-26 06:00:00,S2012,2012,22.5,87.8,56.51,6.89,0,0.0,21.24,0.24,none,29.49,0.71
2026-01-26 06:00:00,S2004,2004,24.42,89.5,57.08,7.17,0,0.0,25.51,0.35,none,31.14,0.59
2026-01-26 06:00:00,S2011,2011,25.69,88.4,52.29,6.32,0,0.0,20.5,0.28,none,27.87,2.63
2026-01-26 06:00:00,S2005,2005,23.08,87.2,46.65,6.92,1270,0.0,33.12,0.42,none,24.09,4.19
2026-01-26 06:00:00,S2015,2015,22.79,88.5,56.02,6.33,184,0.0,26.22,0.42,none,29.81,3.16
2026-01-26 06:00:00,S2001,2001,24.37,82.4,59.91,6.16,851,0.0,14.85,0.28,none,26.88,1.87
2026-01-26 06:00:00,S2007,2007,24.49,83.3,59.16,7.15,1749,0.0,17.58,0.24,none,27.22,0.59
2026-01-26 06:00:00,S2002,2002,25.62,84.2,55.17,7.15,0,0.0,12.55,0.24,none,25.95,0.83
2026-01-26 06:00:00,S2009,2009,22.48,95.8,78.99,6.64,2449,0.0,27.99,0.35,fungal_leaf_spot,47.13,0.39
2026-01-26 06:00:00,S2013,2013,24.48,86.4,63.5,6.35,0,0.0,30.51,0.31,none,31.87,1.68
2026-01-26 06:00:00,S2018,2018,23.57,91.7,58.2,6.58,1548,0.0,26.38,0.31,none,33.46,1.91
2026-01-26 06:00:00,S2017,2017,25.17,86.6,56.28,7.06,0,0.0,24.82,0.24,none,28.42,0.62
2026-01-26 06:00:00,S2019,2019,24.11,91.6,93.27,6.03,80,0.0,17.04,0.35,fungal_leaf_spot,50.91,0.47
2026-01-26 06:00:00,S2010,2010,23.94,87.8,66.33,6.54,1161,0.0,26.93,0.42,none,34.41,4.19
2026-01-26 06:00:00,S2016,2016,24.68,86.5,43.26,6.13,0,0.0,18.1,0.28,none,21.83,2.62
2026-01-26 06:00:00,S2008,2008,24.64,88.6,56.68,6.49,0,0.0,33.1,0.31,none,30.22,1.23
2026-01-26 06:00:00,S2006,2006,23.48,89.9,66.44,7.1,0,0.0,14.09,0.28,none,36.14,2.28
2026-01-26 06:00:00,S2014,2014,24.55,87.0,64.56,7.01,0,0.0,35.61,0.35,none,32.88,0.54
2026-01-26 06:00:00,S2003,2003,24.92,81.2,56.92,6.31,2467,0.0,14.42,0.31,none,24.42,1.87
2026-01-26 06:00:00,S2000,2000,23.01,90.2,47.93,6.97,1050,0.0,20.46,0.42,none,27.13,3.23
2026-01-26 09:00:00,S2001,2001,28.29,74.2,48.13,7.04,68263,0.0,15.8,0.28,none,14.43,2.69
2026-01-26 09:00:00,S2005,2005,29.61,79.9,51.26,6.46,68460,0.0,35.02,0.42,none,21.77,4.06
2026-01-26 09:00:00,S2016,2016,27.68,79.6,47.44,6.72,70402,0.0,18.98,0.28,none,18.4,2.03
2026-01-26 09:00:00,S2004,2004,29.44,78.8,37.97,6.89,70101,2.49,27.6,0.35,none,13.91,0.58
2026-01-26 09:00:00,S2014,2014,27.8,80.3,69.14,6.24,69167,0.0,36.23,0.35,none,29.81,0.38
2026-01-26 09:00:00,S2009,2009,27.88,80.0,44.97,6.98,68894,0.0,29.2,0.35,none,17.48,0.6
2026-01-26 09:00:00,S2012,2012,28.47,76.8,37.46,6.01,68700,2.44,20.15,0.24,none,11.17,0.67
2026-01-26 09:00:00,S2007,2007,27.46,79.7,49.87,6.3,72288,0.0,18.41,0.24,none,19.7,0.54
2026-01-26 09:00:00,S2011,2011,29.9,72.5,52.71,7.16,69006,0.0,20.02,0.28,none,17.15,1.86
2026-01-26 09:00:00,S2019,2019,28.1,79.0,40.02,6.04,71370,2.33,15.44,0.35,none,14.21,0.39
2026-01-26 09:00:00,S2000,2000,28.24,81.0,52.14,6.76,68887,0.0,22.61,0.42,none,21.87,4.33
2026-01-26 09:00:00,S2002,2002,29.88,73.9,47.03,7.18,71984,0.0,12.37,0.24,none,15.4,0.59
2026-01-26 09:00:00,S2006,2006,29.34,73.2,43.15,7.07,71880,0.0,14.09,0.28,none,11.82,2.11
2026-01-26 09:00:00,S2008,2008,27.1,80.7,48.29,6.83,69925,0.0,32.65,0.31,none,19.71,1.83
2026-01-26 09:00:00,S2003,2003,28.48,72.0,43.99,7.14,71636,0.0,15.1,0.31,none,10.6,1.67
2026-01-26 09:00:00,S2010,2010,28.91,81.7,38.16,6.76,69756,2.42,27.23,0.42,none,15.44,2.95
2026-01-26 09:00:00,S2015,2015,29.34,76.3,45.05,6.75,72683,0.0,26.48,0.42,none,15.24,4.58
2026-01-26 09:00:00,S2017,2017,29.13,78.3,57.19,6.99,69856,0.0,25.34,0.24,none,22.49,0.67
2026-01-26 09:00:00,S2018,2018,29.05,73.8,50.62,6.38,71984,0.0,26.15,0.31,none,15.45,1.68
2026-01-26 09:00:00,S2013,2013,29.6,72.3,48.93,6.0,71064,0.0,30.44,0.31,none,14.51,1.97
2026-01-26 12:00:00,S2011,2011,29.87,76.0,48.3,6.67,98325,0.0,21.22,0.28,none,17.69,2.81
2026-01-26 12:00:00,S2005,2005,31.04,71.2,48.03,6.16,100357,0.0,35.74,0.414,none,16.05,3.69
2026-01-26 12:00:00,S2010,2010,31.12,70.2,43.83,6.59,99260,2.34,26.8,0.414,none,13.32,3.53
2026-01-26 12:00:00,S2004,2004,29.68,75.8,50.57,6.57,99308,0.0,26.9,0.35,none,18.28,0.54
2026-01-26 12:00:00,S2014,2014,32.19,65.3,34.21,6.85,100738,3.6,34.32,0.337,none,6.72,0.56
2026-01-26 12:00:00,S2008,2008,30.13,71.7,35.97,6.77,102001,3.39,33.3,0.309,none,8.61,1.3
2026-01-26 12:00:00,S2002,2002,30.79,76.2,46.0,6.43,99913,0.0,12.06,0.237,none,18.54,0.77
2026-01-26 12:00:00,S2016,2016,32.46,73.6,37.68,6.12,97740,2.59,18.19,0.271,none,15.64,2.71
2026-01-26 12:00:00,S2019,2019,31.65,67.2,36.07,6.22,102017,2.63,16.69,0.342,none,8.1,0.45
2026-01-26 12:00:00,S2003,2003,30.88,73.1,46.42,6.01,100894,0.0,14.68,0.306,none,16.45,1.52
2026-01-26 12:00:00,S2015,2015,31.14,72.8,49.72,6.2,100572,0.0,26.77,0.413,none,18.38,3.58
2026-01-26 12:00:00,S2018,2018,29.97,74.3,57.23,6.03,97549,0.0,26.3,0.31,none,20.99,1.5
2026-01-26 12:00:00,S2013,2013,31.37,74.9,51.07,6.05,98281,0.0,32.11,0.304,none,21.2,1.4
2026-01-26 12:00:00,S2017,2017,30.29,70.6,58.13,6.62,100663,0.0,24.03,0.239,none,19.12,0.62
2026-01-26 12:00:00,S2009,2009,29.94,77.8,33.27,6.9,98878,2.62,28.87,0.345,none,11.76,0.39
2026-01-26 12:00:00,S2001,2001,29.76,76.0,46.24,7.11,98699,0.0,15.1,0.28,none,16.44,1.91
2026-01-26 12:00:00,S2000,2000,31.41,72.6,49.73,6.72,98332,0.0,22.6,0.412,none,18.76,3.13
2026-01-26 12:00:00,S2012,2012,30.64,73.7,38.68,6.13,99449,2.51,20.62,0.238,none,12.58,0.64
2026-01-26 12:00:00,S2006,2006,32.31,70.3,46.62,6.32,99982,0.0,15.37,0.271,none,17.17,2.01
2026-01-26 12:00:00,S2007,2007,30.88,70.7,39.22,6.47,101533,2.48,19.25,0.237,none,10.93,0.78
2026-01-26 15:00:00,S2006,2006,30.13,78.1,48.81,7.01,72409,0.0,14.99,0.28,none,20.14,2.56
2026-01-26 15:00:00,S2000,2000,27.78,78.3,43.69,6.03,72075,0.0,21.46,0.42,none,15.48,4.4
2026-01-26 15:00:00,S2002,2002,28.68,72.3,51.05,6.13,68894,0.0,12.11,0.24,none,14.36,0.73
2026-01-26 15:00:00,S2017,2017,29.09,74.2,52.13,7.18,72365,0.0,25.08,0.24,none,16.61,0.64
2026-01-26 15:00:00,S2015,2015,28.65,78.0,52.5,6.73,69190,0.0,25.84,0.42,none,19.65,2.94
2026-01-26 15:00:00,S2010,2010,28.58,72.9,41.95,6.48,72168,0.0,28.75,0.42,none,10.3,3.33
2026-01-26 15:00:00,S2008,2008,28.48,77.4,55.7,6.73,73150,0.0,32.71,0.31,none,20.77,1.75
2026-01-26 15:00:00,S2019,2019,29.41,82.7,45.19,6.34,69066,0.0,15.94,0.35,none,20.58,0.57
2026-01-26 15:00:00,S2013,2013,29.42,77.4,41.61,6.48,70954,3.14,30.87,0.31,none,14.57,1.21
2026-01-26 15:00:00,S2003,2003,29.9,70.9,39.5,6.25,71117,2.46,15.48,0.31,none,9.27,1.59
2026-01-26 15:00:00,S2012,2012,29.05,71.3,41.12,6.49,68922,2.35,20.53,0.24,none,8.7,0.64
2026-01-26 15:00:00,S2009,2009,29.9,72.2,53.61,6.74,68980,0.0,28.23,0.35,none,17.37,0.44
2026-01-26 15:00:00,S2014,2014,28.65,76.8,52.21,7.11,72910,0.0,35.96,0.35,none,18.54,0.45
2026-01-26 15:00:00,S2004,2004,28.43,74.9,59.36,6.28,70188,0.0,27.24,0.35,none,20.6,0.54
2026-01-26 15:00:00,S2007,2007,29.91,76.4,45.65,6.27,69021,0.0,19.36,0.24,none,16.77,0.58
2026-01-26 15:00:00,S2016,2016,29.01,80.0,56.6,6.22,71071,0.0,18.58,0.28,none,23.32,2.91
2026-01-26 15:00:00,S2001,2001,28.76,81.0,50.55,6.36,69951,0.0,15.13,0.28,none,21.07,2.62
2026-01-26 15:00:00,S2018,2018,30.05,70.5,47.53,7.11,72403,0.0,25.22,0.31,none,13.27,1.5
2026-01-26 15:00:00,S2005,2005,29.1,82.3,55.79,6.53,68336,0.0,33.8,0.42,none,24.94,4.34
2026-01-26 15:00:00,S2011,2011,28.75,82.6,49.77,7.13,69983,0.0,21.5,0.28,none,21.96,2.19
2026-01-26 18:00:00,S2011,2011,25.21,81.3,52.61,6.4,1928,0.0,20.44,0.28,none,22.34,2.74
2026-01-26 18:00:00,S2017,2017,25.1,88.0,56.59,6.12,870,0.0,24.79,0.24,none,29.7,0.64
2026-01-26 18:00:00,S2016,2016,25.09,85.9,53.71,6.18,0,0.0,17.97,0.28,none,26.58,2.02
2026-01-26 18:00:00,S2019,2019,25.33,86.0,55.13,6.69,426,0.0,17.34,0.35,none,27.37,0.6
2026-01-26 18:00:00,S2012,2012,24.82,82.9,57.17,6.82,579,0.0,20.42,0.24,none,25.91,0.72
2026-01-26 18:00:00,S2000,2000,23.75,88.8,60.41,6.48,0,0.0,21.98,0.42,none,32.24,4.68
2026-01-26 18:00:00,S2009,2009,23.56,90.7,74.05,6.87,208,0.0,27.14,0.35,none,40.59,0.38
2026-01-26 18:00:00,S2002,2002,25.25,84.0,55.96,7.11,0,0.0,13.34,0.24,none,26.18,0.55
2026-01-26 18:00:00,S2008,2008,25.23,88.1,66.93,6.26,0,0.0,32.59,0.31,none,34.95,1.6
2026-01-26 18:00:00,S2015,2015,24.73,86.2,66.24,6.81,0,0.0,24.42,0.42,none,33.08,4.73
2026-01-26 18:00:00,S2001,2001,23.05,86.2,51.8,6.19,1697,0.0,15.07,0.28,none,25.86,2.87
2026-01-26 18:00:00,S2018,2018,25.14,84.4,54.49,7.08,0,0.0,25.53,0.31,none,25.77,1.63
2026-01-26 18:00:00,S2007,2007,24.54,81.3,47.74,6.59,2060,0.0,18.15,0.24,none,19.91,0.81
2026-01-26 18:00:00,S2004,2004,24.97,84.5,66.94,6.91,0,0.0,27.2,0.35,none,32.07,0.39
2026-01-26 18:00:00,S2014,2014,23.45,88.8,50.56,6.2,322,0.0,35.06,0.35,none,27.32,0.47
2026-01-26 18:00:00,S2006,2006,23.89,87.6,53.82,6.59,1624,0.0,15.07,0.28,none,27.99,2.17
2026-01-26 18:00:00,S2013,2013,25.2,90.4,53.71,6.7,0,0.0,32.31,0.31,none,30.18,1.69
2026-01-26 18:00:00,S2005,2005,23.94,90.4,63.44,7.17,977,0.0,33.86,0.42,none,35.04,3.3
2026-01-26 18:00:00,S2010,2010,24.47,85.3,64.49,6.76,557,0.0,28.99,0.42,none,31.48,4.44
2026-01-26 18:00:00,S2003,2003,22.6,95.1,74.34,6.86,1839,0.0,15.39,0.31,none,44.25,1.92
2026-01-26 21:00:00,S2019,2019,24.25,92.5,57.88,7.01,496,0.0,17.35,0.35,none,33.94,0.52
2026-01-26 21:00:00,S2010,2010,25.33,81.5,64.59,6.99,0,0.0,27.53,0.42,none,28.5,3.61
2026-01-26 21:00:00,S2018,2018,23.7,92.6,72.97,6.23,0,0.0,25.53,0.31,none,41.56,1.89
2026-01-26 21:00:00,S2003,2003,22.82,94.6,77.59,6.68,1179,0.0,15.93,0.31,fungal_leaf_spot,45.47,1.96
2026-01-26 21:00:00,S2012,2012,22.73,91.4,49.67,6.11,0,0.0,20.79,0.24,none,28.96,0.86
2026-01-26 21:00:00,S2005,2005,24.06,86.2,54.42,6.41,0,0.0,35.7,0.42,none,27.17,3.01
2026-01-26 21:00:00,S2011,2011,25.63,86.1,50.09,6.98,234,0.0,21.62,0.28,none,24.92,2.87
2026-01-26 21:00:00,S2004,2004,25.46,90.0,55.73,7.07,0,0.0,27.36,0.35,none,30.86,0.41
2026-01-26 21:00:00,S2014,2014,24.25,86.9,56.04,6.65,332,0.0,36.75,0.35,none,28.54,0.6
2026-01-26 21:00:00,S2002,2002,23.19,88.1,55.18,6.87,0,0.0,12.3,0.24,none,29.07,0.76
2026-01-26 21:00:00,S2001,2001,23.72,93.7,56.97,6.95,1669,0.0,16.38,0.28,none,34.45,2.53
2026-01-26 21:00:00,S2016,2016,24.71,83.4,60.69,6.71,0,0.0,18.83,0.28,none,28.07,2.98
2026-01-26 21:00:00,S2017,2017,24.31,89.1,53.22,6.88,0,0.0,24.76,0.24,none,28.89,0.83
2026-01-26 21:00:00,S2009,2009,23.01,89.5,58.18,6.21,0,0.0,27.88,0.35,none,31.69,0.38
2026-01-26 21:00:00,S2015,2015,24.71,84.2,46.92,6.46,0,0.0,24.49,0.42,none,21.82,3.88
2026-01-26 21:00:00,S2013,2013,23.41,92.1,51.53,7.1,1766,0.0,32.25,0.31,none,30.44,1.85
2026-01-26 21:00:00,S2000,2000,24.05,90.8,61.23,6.51,1312,0.0,20.7,0.42,none,34.25,4.1
2026-01-26 21:00:00,S2006,2006,22.39,93.5,51.33,6.78,1145,0.0,14.8,0.28,none,31.46,2.73
2026-01-26 21:00:00,S2007,2007,24.09,85.4,57.63,6.17,0,0.0,18.14,0.24,none,28.14,0.56
2026-01-26 21:00:00,S2008,2008,22.94,87.4,70.1,6.52,534,0.0,33.41,0.31,none,35.97,1.56
2026-01-27 00:00:00,S2014,2014,22.81,87.6,43.04,6.32,0,0.0,35.54,0.35,none,22.6,0.43
2026-01-27 00:00:00,S2004,2004,23.15,91.1,54.18,6.04,2381,0.0,26.75,0.35,none,30.97,0.62
2026-01-27 00:00:00,S2012,2012,22.91,89.9,51.81,7.0,1512,0.0,21.13,0.24,none,28.83,0.55
2026-01-27 00:00:00,S2006,2006,24.17,85.1,48.56,6.08,0,0.0,15.96,0.28,none,23.36,2.62
2026-01-27 00:00:00,S2009,2009,23.69,84.7,46.86,6.6,1043,0.0,29.96,0.35,none,22.19,0.58
2026-01-27 00:00:00,S2005,2005,24.16,81.8,73.31,6.63,952,0.0,34.09,0.42,none,33.09,3.14
2026-01-27 00:00:00,S2007,2007,22.28,95.3,71.6,6.61,0,0.0,18.88,0.24,none,43.04,0.66
2026-01-27 00:00:00,S2003,2003,22.76,95.9,49.68,7.09,382,0.0,16.41,0.31,none,32.56,1.96
2026-01-27 00:00:00,S2018,2018,23.43,87.7,47.86,6.53,216,0.0,27.01,0.31,none,25.09,1.82
2026-01-27 00:00:00,S2013,2013,24.0,88.2,51.98,6.77,0,0.0,30.78,0.31,none,27.55,1.37
2026-01-27 00:00:00,S2016,2016,25.13,88.0,58.24,6.66,0,0.0,19.69,0.28,none,30.52,2.56
2026-01-27 00:00:00,S2017,2017,23.75,87.9,53.28,6.09,0,0.0,24.34,0.24,none,27.96,0.63
2026-01-27 00:00:00,S2001,2001,24.72,89.8,79.12,6.64,1009,0.0,15.92,0.28,none,42.4,2.3
2026-01-27 00:00:00,S2002,2002,22.93,94.4,58.6,6.86,0,0.0,12.57,0.24,none,35.82,0.56
2026-01-27 00:00:00,S2000,2000,23.29,85.4,57.59,6.31,1016,0.0,23.71,0.42,none,28.12,4.5
2026-01-27 00:00:00,S2015,2015,24.56,91.2,58.76,6.83,0,0.0,24.42,0.42,none,33.34,2.96
2026-01-27 00:00:00,S2010,2010,23.77,84.6,66.16,6.34,0,0.0,28.3,0.42,none,31.76,3.47
2026-01-27 00:00:00,S2011,2011,23.1,89.1,59.76,6.28,210,0.0,20.14,0.28,none,32.16,2.07
2026-01-27 00:00:00,S2008,2008,23.36,94.4,51.2,6.07,0,0.0,32.72,0.31,none,32.12,1.58
2026-01-27 00:00:00,S2019,2019,22.97,84.9,64.41,6.16,341,0.0,16.8,0.35,none,31.13,0.44
2026-01-27 03:00:00,S2018,2018,25.07,87.9,58.49,6.88,152,0.0,25.51,0.31,none,30.57,1.25
2026-01-27 03:00:00,S2010,2010,23.97,86.7,67.44,6.47,2458,0.0,27.67,0.42,none,34.08,4.32
2026-01-27 03:00:00,S2003,2003,24.1,88.4,64.52,6.13,1285,0.0,15.0,0.31,none,33.98,1.3
2026-01-27 03:00:00,S2001,2001,24.53,86.9,44.92,6.7,0,0.0,16.24,0.28,none,22.98,2.55
2026-01-27 03:00:00,S2019,2019,24.94,84.2,67.56,6.77,0,0.0,17.46,0.35,none,32.14,0.39
2026-01-27 03:00:00,S2005,2005,23.62,89.7,71.41,6.28,1549,0.0,36.34,0.42,none,38.47,3.04
2026-01-27 03:00:00,S2009,2009,24.27,83.8,61.47,7.06,0,0.0,27.35,0.35,none,28.77,0.54
2026-01-27 03:00:00,S2013,2013,24.73,87.1,62.01,7.09,1468,0.0,30.74,0.31,none,31.68,1.24
2026-01-27 03:00:00,S2002,2002,23.76,84.7,61.62,6.56,389,0.0,12.95,0.24,none,29.57,0.82
2026-01-27 03:00:00,S2007,2007,22.76,87.6,55.93,6.75,0,0.0,18.31,0.24,none,29.04,0.86
2026-01-27 03:00:00,S2006,2006,22.31,89.2,54.64,6.1,0,0.0,15.35,0.28,none,29.68,2.99
2026-01-27 03:00:00,S2017,2017,25.03,84.5,57.76,6.1,1258,0.0,24.38,0.24,none,27.48,0.72
2026-01-27 03:00:00,S2015,2015,24.27,91.2,59.38,6.27,1863,0.0,25.51,0.42,none,33.65,4.4
2026-01-27 03:00:00,S2000,2000,24.62,89.5,61.84,6.32,1531,0.0,22.31,0.42,none,33.52,4.65
2026-01-27 03:00:00,S2012,2012,24.77,87.7,51.18,6.92,2212,0.0,21.77,0.24,none,26.75,0.65
2026-01-27 03:00:00,S2008,2008,22.71,84.2,62.46,6.1,0,0.0,33.13,0.31,none,29.59,1.53
2026-01-27 03:00:00,S2014,2014,23.52,88.7,51.24,6.41,1353,0.0,36.09,0.35,none,27.58,0.48
2026-01-27 03:00:00,S2011,2011,24.22,86.1,43.28,6.79,2119,0.0,21.53,0.28,none,21.52,2.86
2026-01-27 03:00:00,S2016,2016,24.54,85.4,55.22,6.91,1876,0.0,19.68,0.28,none,26.93,2.93
2026-01-27 03:00:00,S2004,2004,25.14,88.5,62.51,6.52,2349,0.0,28.13,0.35,none,33.05,0.47
2026-01-27 06:00:00,S2009,2009,23.33,91.6,55.34,6.43,2214,0.0,28.73,0.35,none,31.95,0.48
2026-01-27 06:00:00,S2011,2011,24.1,92.6,66.24,6.37,2076,0.0,20.71,0.28,none,38.2,2.87
2026-01-27 06:00:00,S2001,2001,23.35,88.5,69.49,6.37,0,0.0,14.75,0.28,none,36.55,2.67
2026-01-27 06:00:00,S2019,2019,24.82,87.3,54.85,6.09,1540,0.0,16.66,0.35,none,28.27,0.58
2026-01-27 06:00:00,S2005,2005,24.26,88.9,58.75,6.7,0,0.0,36.45,0.42,none,31.5,4.05
2026-01-27 06:00:00,S2014,2014,24.82,81.1,64.95,6.29,378,0.0,36.91,0.35,none,28.35,0.41
2026-01-27 06:00:00,S2004,2004,25.18,89.8,52.87,6.83,713,0.0,26.65,0.35,none,29.27,0.38
2026-01-27 06:00:00,S2018,2018,24.05,88.3,60.58,7.04,47,0.0,26.13,0.31,none,31.93,1.25
2026-01-27 06:00:00,S2010,2010,25.4,85.3,57.49,6.48,1238,0.0,29.57,0.42,none,27.98,4.14
2026-01-27 06:00:00,S2003,2003,24.57,87.4,60.77,6.4,899,0.0,15.75,0.31,none,31.31,1.77
2026-01-27 06:00:00,S2006,2006,25.11,84.4,48.48,6.29,1107,0.0,15.11,0.28,none,22.76,2.88
2026-01-27 06:00:00,S2007,2007,22.98,88.3,61.33,6.88,1095,0.0,18.9,0.24,none,32.3,0.73
2026-01-27 06:00:00,S2000,2000,23.46,84.3,56.2,6.86,895,0.0,22.61,0.42,none,26.54,4.37
2026-01-27 06:00:00,S2013,2013,24.94,89.4,59.4,6.83,0,0.0,31.11,0.31,none,32.22,1.76
2026-01-27 06:00:00,S2008,2008,25.36,87.8,67.85,6.24,749,0.0,31.63,0.31,none,35.16,1.88
2026-01-27 06:00:00,S2002,2002,25.18,82.2,71.42,6.44,2149,0.0,12.58,0.24,none,32.47,0.64
2026-01-27 06:00:00,S2017,2017,25.36,86.8,56.81,7.0,0,0.0,24.26,0.24,none,28.84,0.74
2026-01-27 06:00:00,S2016,2016,24.75,83.2,46.3,6.93,2333,0.0,18.26,0.28,none,20.71,2.54
2026-01-27 06:00:00,S2012,2012,23.95,91.1,59.43,6.58,1348,0.0,20.9,0.24,none,33.59,0.82
2026-01-27 06:00:00,S2015,2015,25.21,84.3,52.98,6.66,0,0.0,27.27,0.42,none,24.93,2.91
2026-01-27 09:00:00,S2007,2007,29.74,75.1,63.04,6.7,68607,0.0,18.44,0.24,none,24.08,0.56
2026-01-27 09:00:00,S2005,2005,29.27,73.0,34.28,6.18,68998,2.52,35.91,0.418,none,7.08,3.8
2026-01-27 09:00:00,S2006,2006,28.22,77.5,45.32,7.19,71512,0.0,15.34,0.28,none,15.66,2.71
2026-01-27 09:00:00,S2011,2011,28.38,79.8,43.25,6.89,72674,0.0,21.54,0.28,none,16.46,2.44
2026-01-27 09:00:00,S2013,2013,29.77,74.5,50.41,6.22,68761,0.0,31.51,0.31,none,17.34,1.63
2026-01-27 09:00:00,S2009,2009,27.45,83.0,49.22,6.16,69018,0.0,27.47,0.35,none,22.01,0.42
2026-01-27 09:00:00,S2019,2019,29.92,78.7,56.3,6.84,72192,0.0,17.87,0.35,none,23.95,0.51
2026-01-27 09:00:00,S2001,2001,28.82,81.1,50.87,6.25,70145,0.0,14.9,0.28,none,21.31,2.37
2026-01-27 09:00:00,S2002,2002,29.13,73.6,57.83,6.74,69913,0.0,12.57,0.24,none,19.05,0.56
2026-01-27 09:00:00,S2016,2016,29.97,78.1,39.77,6.93,70682,2.38,20.01,0.28,none,15.3,1.82
2026-01-27 09:00:00,S2000,2000,27.51,78.2,71.79,6.36,69729,0.0,21.7,0.42,none,29.46,4.11
2026-01-27 09:00:00,S2014,2014,29.87,74.6,51.55,7.18,70804,0.0,34.84,0.35,none,18.19,0.5
2026-01-27 09:00:00,S2012,2012,28.38,78.5,61.82,6.83,70879,0.0,22.0,0.24,none,24.71,0.64
2026-01-27 09:00:00,S2015,2015,28.37,78.0,44.23,6.72,70651,0.0,25.25,0.42,none,15.52,3.98
2026-01-27 09:00:00,S2003,2003,29.25,79.2,34.9,6.3,69817,2.56,15.69,0.31,none,12.31,1.35
2026-01-27 09:00:00,S2017,2017,29.56,72.5,41.59,6.22,70355,3.14,24.12,0.24,none,10.91,0.81
2026-01-27 09:00:00,S2004,2004,27.51,84.6,50.72,6.97,70930,0.0,26.98,0.35,none,24.04,0.58
2026-01-27 09:00:00,S2018,2018,29.52,75.9,44.98,6.09,71213,0.0,26.0,0.31,none,15.25,1.33
2026-01-27 09:00:00,S2008,2008,28.62,73.4,52.9,6.32,73066,0.0,33.46,0.31,none,16.17,1.31
2026-01-27 09:00:00,S2010,2010,29.07,78.9,43.88,6.63,68331,0.0,28.85,0.42,none,16.2,4.62
2026-01-27 12:00:00,S2017,2017,29.8,78.1,39.14,7.1,101317,3.17,24.86,0.24,none,14.65,0.82
2026-01-27 12:00:00,S2007,2007,32.58,66.7,35.14,7.04,102182,2.68,18.72,0.232,none,9.09,0.53
2026-01-27 12:00:00,S2015,2015,30.44,70.3,38.51,6.12,99967,2.5,24.41,0.417,none,9.38,2.99
2026-01-27 12:00:00,S2006,2006,29.84,73.9,38.45,7.1,100625,2.51,14.81,0.28,none,11.03,2.77
2026-01-27 12:00:00,S2019,2019,29.88,72.6,43.46,7.16,97644,0.0,17.77,0.35,none,12.57,0.56
2026-01-27 12:00:00,S2000,2000,31.64,74.3,59.41,6.36,99142,0.0,22.76,0.411,none,25.42,3.12
2026-01-27 12:00:00,S2011,2011,30.83,79.2,56.73,6.58,98569,0.0,20.15,0.277,none,26.38,2.4
2026-01-27 12:00:00,S2008,2008,32.48,67.7,37.65,7.11,100063,3.49,32.14,0.3,none,10.94,1.65
2026-01-27 12:00:00,S2003,2003,32.48,69.1,40.62,7.1,99144,2.53,14.83,0.3,none,13.55,1.66
2026-01-27 12:00:00,S2013,2013,31.93,70.5,40.55,6.73,98669,3.29,30.65,0.302,none,13.53,1.9
2026-01-27 12:00:00,S2002,2002,32.17,75.0,42.3,6.29,99965,2.4,13.6,0.233,none,18.49,0.59
2026-01-27 12:00:00,S2001,2001,32.44,71.1,43.06,6.14,101937,0.0,16.57,0.271,none,16.29,2.7
2026-01-27 12:00:00,S2004,2004,32.15,73.3,41.84,6.54,102270,2.45,26.96,0.34,none,16.86,0.39
2026-01-27 12:00:00,S2012,2012,30.58,73.3,51.22,6.57,101983,0.0,20.35,0.238,none,18.41,0.66
2026-01-27 12:00:00,S2014,2014,31.68,75.9,61.68,6.89,97673,0.0,36.73,0.342,none,27.92,0.38
2026-01-27 12:00:00,S2018,2018,31.37,71.8,43.66,6.59,99616,2.39,25.4,0.304,none,15.01,1.34
2026-01-27 12:00:00,S2010,2010,31.62,72.9,41.33,6.2,97676,2.47,28.6,0.411,none,15.23,4.21
2026-01-27 12:00:00,S2009,2009,31.69,71.9,43.14,6.6,99180,2.41,28.37,0.342,none,15.47,0.49
2026-01-27 12:00:00,S2016,2016,30.31,72.9,34.83,6.17,101339,2.62,19.62,0.278,none,9.36,1.92
2026-01-27 12:00:00,S2005,2005,31.29,75.4,40.69,6.17,99752,2.5,33.89,0.413,none,16.25,3.01
2026-01-27 15:00:00,S2018,2018,29.77,80.9,46.84,6.37,70885,0.0,26.61,0.31,none,20.68,1.45
2026-01-27 15:00:00,S2000,2000,30.32,70.0,53.11,6.7,69494,0.0,21.76,0.418,none,16.2,2.94
2026-01-27 15:00:00,S2017,2017,29.9,74.3,41.23,6.01,68790,3.15,24.45,0.24,none,12.85,0.71
2026-01-27 15:00:00,S2014,2014,28.9,76.4,39.23,6.23,71366,3.19,35.54,0.35,none,11.74,0.47
2026-01-27 15:00:00,S2010,2010,27.69,80.4,45.06,6.46,68908,0.0,30.09,0.42,none,17.85,4.12
2026-01-27 15:00:00,S2008,2008,28.97,76.8,43.79,6.23,72431,0.0,33.63,0.31,none,14.33,1.52
2026-01-27 15:00:00,S2019,2019,27.41,78.6,56.81,6.67,70964,0.0,16.95,0.35,none,22.28,0.4
2026-01-27 15:00:00,S2012,2012,28.27,73.3,55.56,6.33,72804,0.0,20.38,0.24,none,17.42,0.7
2026-01-27 15:00:00,S2001,2001,28.97,77.7,43.5,7.09,72918,0.0,16.49,0.28,none,14.91,2.13
2026-01-27 15:00:00,S2011,2011,27.29,84.7,47.03,6.39,68306,0.0,20.56,0.28,none,22.28,1.93
2026-01-27 15:00:00,S2003,2003,30.38,78.9,46.04,6.79,70714,0.0,15.35,0.308,none,19.9,1.86
2026-01-27 15:00:00,S2016,2016,29.55,77.4,58.94,6.67,69783,0.0,19.79,0.28,none,23.49,2.78
2026-01-27 15:00:00,S2006,2006,28.75,79.5,48.66,6.29,71521,0.0,14.57,0.28,none,18.93,2.32
2026-01-27 15:00:00,S2005,2005,30.04,79.2,44.14,6.53,71920,0.0,35.54,0.42,none,18.51,3.2
2026-01-27 15:00:00,S2007,2007,28.09,78.2,36.01,7.03,71085,2.49,19.02,0.24,none,11.57,0.65
2026-01-27 15:00:00,S2009,2009,28.99,80.2,42.54,6.15,70094,0.0,27.67,0.35,none,16.43,0.47
2026-01-27 15:00:00,S2004,2004,27.68,76.9,51.02,6.94,68615,0.0,28.15,0.35,none,18.03,0.41
2026-01-27 15:00:00,S2013,2013,27.91,74.2,48.49,6.18,70472,0.0,31.09,0.31,none,14.61,1.4
2026-01-27 15:00:00,S2015,2015,29.57,77.4,47.61,6.59,71013,0.0,24.62,0.42,none,17.87,4.46
2026-01-27 15:00:00,S2002,2002,28.69,81.9,38.61,6.49,68373,2.4,13.58,0.24,none,15.83,0.75
2026-01-27 18:00:00,S2005,2005,23.59,84.4,81.82,6.41,2242,0.0,36.5,0.42,none,39.43,3.96
2026-01-27 18:00:00,S2018,2018,22.87,88.9,59.51,6.89,0,0.0,26.95,0.31,none,31.88,1.21
2026-01-27 18:00:00,S2008,2008,24.6,88.0,54.57,6.9,0,0.0,33.5,0.31,none,28.69,1.53
2026-01-27 18:00:00,S2019,2019,22.79,89.6,59.1,6.74,734,0.0,16.03,0.35,none,32.23,0.54
2026-01-27 18:00:00,S2004,2004,23.48,84.7,63.85,6.63,0,0.0,25.54,0.35,none,30.69,0.52
2026-01-27 18:00:00,S2012,2012,24.64,87.9,73.78,6.92,777,0.0,20.9,0.24,none,38.21,0.82
2026-01-27 18:00:00,S2016,2016,22.86,92.4,53.62,6.81,0,0.0,18.59,0.28,none,31.73,2.16
2026-01-27 18:00:00,S2000,2000,22.78,89.1,68.72,6.32,2017,0.0,20.96,0.42,none,36.64,3.62
2026-01-27 18:00:00,S2014,2014,24.83,85.9,50.69,7.17,371,0.0,36.66,0.35,none,25.07,0.49
2026-01-27 18:00:00,S2003,2003,24.35,84.4,48.83,6.4,0,0.0,14.46,0.31,none,22.94,1.22
2026-01-27 18:00:00,S2001,2001,23.3,88.3,56.45,6.36,717,0.0,16.31,0.28,none,29.87,2.59
2026-01-27 18:00:00,S2010,2010,23.01,91.9,56.64,6.4,0,0.0,28.38,0.42,none,32.84,2.97
2026-01-27 18:00:00,S2015,2015,25.44,86.9,51.55,6.59,780,0.0,25.01,0.42,none,26.3,4.71
2026-01-27 18:00:00,S2007,2007,22.91,90.4,61.02,6.24,1763,0.0,17.9,0.24,none,33.83,0.74
2026-01-27 18:00:00,S2017,2017,24.27,83.1,78.89,6.12,1424,0.0,24.6,0.24,none,36.92,0.81
2026-01-27 18:00:00,S2013,2013,22.39,91.3,62.69,6.07,0,0.0,31.83,0.31,none,35.38,1.21
2026-01-27 18:00:00,S2011,2011,25.1,88.2,60.49,6.94,220,0.0,20.51,0.28,none,31.81,2.62
2026-01-27 18:00:00,S2006,2006,25.07,89.7,62.06,6.22,0,0.0,16.24,0.28,none,33.79,2.53
2026-01-27 18:00:00,S2009,2009,22.44,92.2,55.04,6.49,0,0.0,27.47,0.35,none,32.28,0.49
2026-01-27 18:00:00,S2002,2002,23.56,91.3,63.44,6.44,1541,0.0,13.28,0.24,none,35.76,0.72
2026-01-27 21:00:00,S2015,2015,25.1,87.2,54.88,6.76,0,0.0,24.8,0.42,none,28.2,3.33
2026-01-27 21:00:00,S2005,2005,23.23,95.4,73.17,6.92,1898,0.0,34.03,0.42,none,43.91,2.96
2026-01-27 21:00:00,S2014,2014,23.63,88.4,59.87,6.85,0,0.0,36.43,0.35,none,31.66,0.62
2026-01-27 21:00:00,S2010,2010,23.46,87.9,65.18,6.79,1804,0.0,28.17,0.42,none,33.91,3.97
2026-01-27 21:00:00,S2003,2003,23.1,91.8,55.1,6.36,2478,0.0,15.62,0.31,none,31.99,1.89
2026-01-27 21:00:00,S2013,2013,25.53,91.7,69.43,6.33,1197,0.0,30.69,0.31,none,39.08,1.81
2026-01-27 21:00:00,S2006,2006,24.38,92.2,49.17,6.56,0,0.0,15.62,0.28,none,29.35,2.69
2026-01-27 21:00:00,S2002,2002,24.58,91.7,58.75,6.6,997,0.0,13.06,0.24,none,33.73,0.54
2026-01-27 21:00:00,S2011,2011,25.23,85.5,58.98,6.71,2385,0.0,21.35,0.28,none,28.89,2.09
2026-01-27 21:00:00,S2000,2000,23.24,86.1,75.78,6.16,1166,0.0,21.68,0.42,none,37.77,3.35
2026-01-27 21:00:00,S2004,2004,23.36,87.6,54.81,6.74,0,0.0,26.3,0.35,none,28.48,0.5
2026-01-27 21:00:00,S2008,2008,25.71,86.0,54.13,6.45,2409,0.0,32.26,0.31,none,26.87,1.94
2026-01-27 21:00:00,S2017,2017,23.22,83.1,46.96,6.18,0,0.0,25.4,0.24,none,20.96,0.84
2026-01-27 21:00:00,S2018,2018,24.39,90.9,51.95,6.98,0,0.0,25.38,0.31,none,29.7,1.93
2026-01-27 21:00:00,S2007,2007,25.41,89.7,61.44,6.18,0,0.0,18.91,0.24,none,33.48,0.53
2026-01-27 21:00:00,S2012,2012,24.4,88.1,54.3,6.99,1618,0.0,21.24,0.24,none,28.63,0.61
2026-01-27 21:00:00,S2016,2016,24.99,84.8,60.09,6.51,1020,0.0,18.12,0.28,none,28.89,1.87
2026-01-27 21:00:00,S2019,2019,23.71,88.1,54.78,6.9,861,0.0,15.6,0.35,none,28.87,0.42
2026-01-27 21:00:00,S2009,2009,23.25,90.8,62.62,6.02,0,0.0,27.48,0.35,none,34.95,0.54
2026-01-27 21:00:00,S2001,2001,24.21,91.6,54.96,6.31,1536,0.0,16.35,0.28,none,31.76,2.38
2026-01-28 00:00:00,S2000,2000,23.94,89.8,65.33,7.08,1121,0.0,23.54,0.42,none,35.5,4.44
2026-01-28 00:00:00,S2017,2017,25.12,88.7,56.26,7.18,0,0.0,24.8,0.24,none,30.09,0.84
2026-01-28 00:00:00,S2003,2003,24.64,81.2,49.21,6.85,0,0.0,15.55,0.31,none,20.57,1.61
2026-01-28 00:00:00,S2014,2014,23.93,85.7,63.73,6.73,0,0.0,36.15,0.35,none,31.43,0.55
2026-01-28 00:00:00,S2016,2016,24.46,91.6,75.06,7.18,2356,0.0,20.29,0.28,none,41.81,1.84
2026-01-28 00:00:00,S2002,2002,25.07,85.7,60.44,6.65,1839,0.0,12.58,0.24,none,29.78,0.64
2026-01-28 00:00:00,S2012,2012,23.37,90.0,62.17,6.14,154,0.0,21.27,0.24,none,34.09,0.86
2026-01-28 00:00:00,S2018,2018,24.67,87.5,59.01,6.92,2045,0.0,27.39,0.31,none,30.5,1.47
2026-01-28 00:00:00,S2004,2004,25.26,88.0,60.9,6.07,2129,0.0,28.19,0.35,none,31.85,0.56
2026-01-28 00:00:00,S2015,2015,23.73,88.0,45.84,6.21,0,0.0,26.14,0.42,none,24.32,3.65
2026-01-28 00:00:00,S2001,2001,23.43,93.2,64.17,6.67,1609,0.0,15.68,0.28,none,37.65,1.95
2026-01-28 00:00:00,S2005,2005,22.42,85.5,60.62,6.21,100,0.0,36.83,0.42,none,29.71,4.32
2026-01-28 00:00:00,S2013,2013,24.86,89.4,46.03,6.75,283,0.0,32.96,0.31,none,25.54,1.41
2026-01-28 00:00:00,S2006,2006,23.57,87.6,64.02,7.02,0,0.0,16.3,0.28,none,33.09,2.48
2026-01-28 00:00:00,S2011,2011,25.36,90.5,57.14,6.38,2220,0.0,21.24,0.28,none,31.97,1.82
2026-01-28 00:00:00,S2019,2019,24.7,85.4,46.55,6.54,2462,0.0,15.52,0.35,none,22.6,0.57
2026-01-28 00:00:00,S2009,2009,22.63,87.8,59.59,6.41,0,0.0,30.09,0.35,none,31.04,0.56
2026-01-28 00:00:00,S2007,2007,24.69,91.3,58.44,6.87,162,0.0,18.02,0.24,none,33.26,0.78
2026-01-28 00:00:00,S2008,2008,23.27,96.4,48.97,7.17,948,0.0,34.19,0.31,none,32.61,1.25
2026-01-28 00:00:00,S2010,2010,24.69,86.0,54.6,6.57,0,0.0,30.82,0.42,none,27.1,3.1
2026-01-28 03:00:00,S2008,2008,24.79,87.0,80.13,7.12,289,0.0,33.94,0.31,none,40.66,1.52
2026-01-28 03:00:00,S2011,2011,23.77,85.4,59.85,6.46,859,0.0,22.19,0.28,none,29.25,2.45
2026-01-28 03:00:00,S2012,2012,23.42,86.3,54.83,7.07,0,0.0,21.2,0.24,none,27.45,0.78
2026-01-28 03:00:00,S2004,2004,22.75,96.9,63.09,6.94,0,0.0,26.47,0.35,none,40.07,0.55
2026-01-28 03:00:00,S2016,2016,23.68,88.6,63.92,6.18,0,0.0,18.34,0.28,none,33.84,2.84
2026-01-28 03:00:00,S2003,2003,24.01,92.0,54.45,7.04,0,0.0,14.97,0.31,none,31.83,1.33
2026-01-28 03:00:00,S2000,2000,23.49,89.2,51.99,6.5,0,0.0,23.06,0.42,none,28.36,4.12
2026-01-28 03:00:00,S2001,2001,23.07,85.9,57.61,7.05,0,0.0,15.45,0.28,none,28.53,2.61
2026-01-28 03:00:00,S2002,2002,23.49,85.3,55.06,6.38,1032,0.0,13.44,0.24,none,26.77,0.86
2026-01-28 03:00:00,S2015,2015,25.26,79.5,61.33,6.15,0,0.0,27.88,0.42,none,25.27,4.34
2026-01-28 03:00:00,S2017,2017,22.33,87.8,63.94,7.11,0,0.0,25.29,0.24,none,33.21,0.53
2026-01-28 03:00:00,S2010,2010,22.83,87.1,52.43,6.79,0,0.0,28.5,0.42,none,26.89,2.88
2026-01-28 03:00:00,S2019,2019,24.16,90.7,69.49,7.14,0,0.0,18.24,0.35,none,38.3,0.57
2026-01-28 03:00:00,S2006,2006,23.01,87.4,60.21,6.01,1391,0.0,15.84,0.28,none,31.03,2.22
2026-01-28 03:00:00,S2014,2014,24.41,88.7,56.53,6.12,0,0.0,37.18,0.35,none,30.23,0.5
2026-01-28 03:00:00,S2009,2009,22.51,88.8,61.69,7.11,1354,0.0,29.71,0.35,none,32.88,0.5
2026-01-28 03:00:00,S2018,2018,24.97,90.7,49.72,6.91,0,0.0,27.28,0.31,none,28.42,1.79
2026-01-28 03:00:00,S2007,2007,23.38,87.5,62.84,6.15,629,0.0,18.86,0.24,none,32.42,0.68
2026-01-28 03:00:00,S2005,2005,24.65,91.4,64.0,6.04,0,0.0,36.54,0.42,none,36.12,3.28
2026-01-28 03:00:00,S2013,2013,25.18,86.2,64.33,6.57,1287,0.0,31.38,0.31,none,32.12,1.85
2026-01-28 06:00:00,S2006,2006,24.28,88.3,60.73,6.43,0,0.0,16.57,0.28,none,32.0,2.23
2026-01-28 06:00:00,S2017,2017,24.46,90.0,58.5,7.08,2190,0.0,25.56,0.24,none,32.25,0.55
2026-01-28 06:00:00,S2012,2012,25.67,84.4,63.79,6.07,1851,0.0,20.38,0.24,none,30.42,0.87
2026-01-28 06:00:00,S2001,2001,23.3,86.8,69.35,6.82,0,0.0,15.42,0.28,none,35.11,2.7
2026-01-28 06:00:00,S2018,2018,24.79,81.1,57.72,6.72,1632,0.0,26.29,0.31,none,24.74,1.32
2026-01-28 06:00:00,S2016,2016,23.74,83.4,74.75,7.11,0,0.0,20.34,0.28,none,35.1,2.14
2026-01-28 06:00:00,S2003,2003,23.03,88.5,52.44,6.89,358,0.0,15.81,0.31,none,28.02,1.54
2026-01-28 06:00:00,S2005,2005,23.77,94.3,54.41,6.66,638,0.0,36.0,0.42,none,33.64,3.37
2026-01-28 06:00:00,S2004,2004,22.44,92.5,57.02,6.99,806,0.0,26.87,0.35,none,33.51,0.45
2026-01-28 06:00:00,S2009,2009,24.57,86.0,59.02,6.38,0,0.0,30.01,0.35,none,29.31,0.52
2026-01-28 06:00:00,S2000,2000,23.5,85.0,54.78,6.67,0,0.0,22.97,0.42,none,26.39,4.23
2026-01-28 06:00:00,S2011,2011,24.97,89.1,55.07,6.41,0,0.0,21.61,0.28,none,29.81,2.33
2026-01-28 06:00:00,S2007,2007,24.24,90.9,62.79,6.22,0,0.0,19.2,0.24,none,35.12,0.67
2026-01-28 06:00:00,S2013,2013,24.25,83.5,50.4,6.79,0,0.0,32.28,0.31,none,23.0,1.44
2026-01-28 06:00:00,S2015,2015,23.73,92.4,57.05,6.17,0,0.0,26.93,0.42,none,33.45,4.24
2026-01-28 06:00:00,S2019,2019,23.61,91.0,44.34,6.04,0,0.0,16.22,0.35,none,25.97,0.53
2026-01-28 06:00:00,S2010,2010,23.58,85.4,55.49,6.85,1809,0.0,29.47,0.42,none,27.07,4.58
2026-01-28 06:00:00,S2014,2014,24.17,93.3,66.1,7.0,1495,0.0,36.02,0.35,none,38.69,0.41
2026-01-28 06:00:00,S2002,2002,24.47,82.3,56.7,7.02,2102,0.0,13.11,0.24,none,25.19,0.78
2026-01-28 06:00:00,S2008,2008,23.79,88.1,56.48,6.31,0,0.0,33.95,0.31,none,29.72,1.82
2026-01-28 09:00:00,S2008,2008,29.51,75.1,53.65,6.27,68883,0.0,32.8,0.31,none,18.92,1.71
2026-01-28 09:00:00,S2013,2013,29.29,73.2,52.36,6.91,69310,0.0,31.03,0.31,none,16.32,1.44
2026-01-28 09:00:00,S2006,2006,30.48,79.0,46.89,6.91,70419,0.0,15.0,0.278,none,20.61,2.85
2026-01-28 09:00:00,S2016,2016,29.48,74.4,54.09,6.34,69995,0.0,19.66,0.28,none,18.53,2.58
2026-01-28 09:00:00,S2002,2002,30.55,75.4,48.48,7.03,70952,0.0,13.94,0.238,none,18.66,0.54
2026-01-28 09:00:00,S2018,2018,27.61,81.5,60.73,6.88,72907,0.0,27.05,0.31,none,26.57,1.49
2026-01-28 09:00:00,S2015,2015,29.62,73.3,38.32,6.82,71857,2.43,24.98,0.42,none,10.04,4.24
2026-01-28 09:00:00,S2000,2000,29.96,78.2,36.1,6.86,69928,2.5,24.11,0.42,none,13.53,3.25
2026-01-28 09:00:00,S2001,2001,29.27,71.9,57.42,6.38,68907,0.0,15.68,0.28,none,17.77,2.83
2026-01-28 09:00:00,S2019,2019,28.38,73.1,44.74,6.05,71946,0.0,16.9,0.35,none,11.85,0.41
2026-01-28 09:00:00,S2011,2011,28.76,75.6,47.02,6.5,68871,0.0,22.32,0.28,none,14.99,2.4
2026-01-28 09:00:00,S2017,2017,29.1,71.2,63.3,6.45,69165,0.0,25.59,0.24,none,19.81,0.58
2026-01-28 09:00:00,S2003,2003,30.25,78.8,48.67,6.28,70537,0.0,16.39,0.309,none,20.88,1.28
2026-01-28 09:00:00,S2004,2004,29.82,72.2,35.56,6.11,71954,2.54,26.63,0.35,none,8.18,0.55
2026-01-28 09:00:00,S2005,2005,27.95,77.4,45.9,6.62,71753,0.0,36.03,0.42,none,15.87,3.5
2026-01-28 09:00:00,S2007,2007,28.31,78.6,50.07,7.1,70378,0.0,19.48,0.24,none,18.91,0.74
2026-01-28 09:00:00,S2010,2010,27.58,82.7,45.47,6.02,69337,0.0,30.72,0.42,none,19.9,4.51
2026-01-28 09:00:00,S2012,2012,27.89,75.7,69.29,6.78,68730,0.0,20.71,0.24,none,26.21,0.57
2026-01-28 09:00:00,S2014,2014,27.46,80.4,56.8,6.74,72864,0.0,36.49,0.35,none,23.72,0.46
2026-01-28 09:00:00,S2009,2009,28.72,80.7,48.38,6.75,70143,0.0,29.77,0.35,none,19.75,0.56
2026-01-28 12:00:00,S2011,2011,30.99,71.6,43.53,6.11,98187,0.0,20.89,0.276,none,14.02,2.89
2026-01-28 12:00:00,S2015,2015,31.98,76.8,47.13,6.17,98713,0.0,24.8,0.409,none,21.96,3.7
2026-01-28 12:00:00,S2019,2019,31.91,68.6,42.41,6.22,97828,2.43,17.68,0.341,none,12.9,0.42
2026-01-28 12:00:00,S2009,2009,32.15,66.6,56.29,6.83,97897,0.0,29.54,0.34,none,18.72,0.43
2026-01-28 12:00:00,S2006,2006,30.4,78.8,29.36,6.67,98990,2.8,16.07,0.266,none,11.52,1.83
2026-01-28 12:00:00,S2007,2007,31.29,75.6,43.99,6.22,99606,2.38,19.07,0.236,none,18.05,0.73
2026-01-28 12:00:00,S2004,2004,30.09,77.4,50.18,6.4,101874,0.0,26.34,0.35,none,20.19,0.48
2026-01-28 12:00:00,S2014,2014,30.11,75.9,30.64,7.01,101092,3.7,36.9,0.338,none,9.26,0.47
2026-01-28 12:00:00,S2000,2000,30.59,77.5,45.99,6.94,100410,0.0,21.51,0.417,none,19.18,4.58
2026-01-28 12:00:00,S2018,2018,31.59,70.3,37.73,7.09,101134,2.57,25.63,0.303,none,11.28,1.36
2026-01-28 12:00:00,S2010,2010,30.42,76.4,37.01,6.52,101816,2.59,28.33,0.418,none,13.47,3.83
2026-01-28 12:00:00,S2005,2005,30.76,70.2,32.51,7.18,101078,2.75,36.01,0.408,none,6.94,4.47
2026-01-28 12:00:00,S2013,2013,29.91,78.6,47.99,6.12,102325,0.0,32.85,0.31,none,19.69,1.3
2026-01-28 12:00:00,S2012,2012,32.33,73.7,55.98,6.7,102478,0.0,20.99,0.232,none,24.61,0.74
2026-01-28 12:00:00,S2001,2001,30.19,75.5,40.32,6.1,101556,2.41,16.7,0.279,none,13.94,2.36
2026-01-28 12:00:00,S2003,2003,32.65,64.4,39.37,6.99,99088,2.56,15.64,0.299,none,9.51,1.58
2026-01-28 12:00:00,S2017,2017,30.86,69.4,45.17,7.07,98347,0.0,25.52,0.237,none,12.83,0.77
2026-01-28 12:00:00,S2008,2008,32.41,70.4,52.16,7.05,100557,0.0,32.17,0.3,none,20.22,1.16
2026-01-28 12:00:00,S2002,2002,30.08,79.3,51.39,7.2,98411,0.0,12.89,0.24,none,22.29,0.62
2026-01-28 12:00:00,S2016,2016,29.97,73.4,51.2,6.46,101109,0.0,19.52,0.28,none,17.26,2.28
2026-01-28 15:00:00,S2007,2007,29.92,77.1,67.51,6.48,73052,0.0,19.52,0.24,none,28.28,0.78
2026-01-28 15:00:00,S2006,2006,27.87,84.4,67.18,6.11,69425,0.0,16.41,0.28,none,32.11,2.72
2026-01-28 15:00:00,S2005,2005,28.32,82.1,52.4,6.59,71312,0.0,36.7,0.42,none,22.88,4.48
2026-01-28 15:00:00,S2008,2008,29.96,73.9,49.65,7.11,72867,0.0,32.38,0.31,none,16.87,1.32
2026-01-28 15:00:00,S2010,2010,29.28,81.6,40.57,6.84,71890,2.35,28.67,0.42,none,17.12,4.11
2026-01-28 15:00:00,S2018,2018,28.1,80.9,44.72,6.06,68553,0.0,26.06,0.31,none,18.08,1.66
2026-01-28 15:00:00,S2017,2017,29.99,75.6,43.66,6.12,71999,0.0,24.72,0.24,none,15.29,0.59
2026-01-28 15:00:00,S2013,2013,29.17,76.2,40.68,7.01,73177,3.15,32.35,0.31,none,12.64,1.39
2026-01-28 15:00:00,S2015,2015,27.63,78.8,48.24,6.12,72779,0.0,27.02,0.42,none,18.16,4.26
2026-01-28 15:00:00,S2002,2002,29.09,79.5,47.75,6.21,72804,0.0,12.85,0.24,none,18.66,0.61
2026-01-28 15:00:00,S2014,2014,29.9,76.8,40.76,7.09,69533,3.11,35.3,0.35,none,14.62,0.61
2026-01-28 15:00:00,S2009,2009,29.69,76.8,44.49,6.52,69326,0.0,29.65,0.35,none,16.07,0.4
2026-01-28 15:00:00,S2011,2011,30.11,77.2,49.33,6.92,69068,0.0,21.99,0.28,none,19.64,1.84
2026-01-28 15:00:00,S2004,2004,27.96,80.0,36.81,6.18,71134,2.43,25.95,0.35,none,13.41,0.38
2026-01-28 15:00:00,S2000,2000,29.21,73.1,50.27,6.61,71816,0.0,23.89,0.42,none,15.04,4.22
2026-01-28 15:00:00,S2012,2012,30.0,71.2,33.7,6.71,68688,3.5,20.45,0.238,none,6.81,0.55
2026-01-28 15:00:00,S2003,2003,30.21,76.5,53.32,7.1,68961,0.0,15.52,0.309,none,21.28,1.22
2026-01-28 15:00:00,S2019,2019,29.56,74.4,43.72,6.78,70147,0.0,15.67,0.35,none,13.5,0.42
2026-01-28 15:00:00,S2001,2001,29.66,79.7,72.35,6.98,69219,0.0,16.08,0.28,none,32.26,2.27
2026-01-28 15:00:00,S2016,2016,30.16,73.1,41.61,6.71,71633,0.0,18.75,0.279,none,12.6,2.75
2026-01-28 18:00:00,S2017,2017,23.24,90.4,43.77,6.44,1758,0.0,24.46,0.24,none,25.21,0.67
2026-01-28 18:00:00,S2011,2011,22.32,85.5,53.69,6.72,2047,0.0,21.67,0.28,none,26.25,2.59
2026-01-28 18:00:00,S2016,2016,24.65,84.1,57.03,6.46,0,0.0,19.68,0.28,none,26.79,2.67
2026-01-28 18:00:00,S2019,2019,23.62,89.9,52.85,6.23,0,0.0,16.35,0.35,none,29.35,0.6
2026-01-28 18:00:00,S2012,2012,23.28,91.8,72.42,6.72,545,0.0,21.89,0.24,none,40.65,0.87
2026-01-28 18:00:00,S2000,2000,22.13,85.9,59.86,6.64,2196,0.0,22.04,0.42,none,29.65,3.54
2026-01-28 18:00:00,S2004,2004,22.42,88.5,65.72,6.5,1214,0.0,28.15,0.35,none,34.66,0.5
2026-01-28 18:00:00,S2006,2006,24.71,84.8,47.58,7.1,606,0.0,15.39,0.28,none,22.63,2.03
2026-01-28 18:00:00,S2009,2009,25.07,86.3,57.63,6.99,1804,0.0,28.95,0.35,none,28.86,0.51
2026-01-28 18:00:00,S2007,2007,24.13,86.1,53.52,6.21,200,0.0,19.73,0.24,none,26.64,0.84
2026-01-28 18:00:00,S2013,2013,23.17,85.6,62.53,6.01,1739,0.0,31.98,0.31,none,30.74,1.88
2026-01-28 18:00:00,S2001,2001,23.85,83.5,49.27,6.27,1696,0.0,15.42,0.28,none,22.44,2.66
2026-01-28 18:00:00,S2015,2015,24.35,87.7,54.41,6.28,0,0.0,26.62,0.42,none,28.37,3.19
2026-01-28 18:00:00,S2002,2002,24.7,84.7,57.28,6.27,0,0.0,13.89,0.24,none,27.4,0.57
2026-01-28 18:00:00,S2010,2010,23.9,90.7,56.17,6.36,0,0.0,29.61,0.42,none,31.65,4.54
2026-01-28 18:00:00,S2003,2003,24.81,91.8,62.74,6.28,1726,0.0,16.44,0.31,none,35.81,1.57
2026-01-28 18:00:00,S2014,2014,23.17,86.3,54.25,6.76,0,0.0,37.42,0.35,none,27.16,0.58
2026-01-28 18:00:00,S2008,2008,23.82,88.5,54.7,6.06,1703,0.0,32.15,0.31,none,29.15,1.36
2026-01-28 18:00:00,S2005,2005,22.78,92.3,54.39,6.97,0,0.0,36.54,0.42,none,32.03,2.94
2026-01-28 18:00:00,S2018,2018,22.58,93.8,89.43,6.56,0,0.0,26.23,0.31,fungal_leaf_spot,50.76,1.53
2026-01-28 21:00:00,S2011,2011,23.49,88.2,47.03,6.04,1135,0.0,22.14,0.28,none,25.08,1.88
2026-01-28 21:00:00,S2015,2015,23.26,88.3,55.71,6.13,0,0.0,27.3,0.42,none,29.5,3.51
2026-01-28 21:00:00,S2016,2016,25.46,82.5,51.28,7.03,262,0.0,18.67,0.28,none,22.64,2.83
2026-01-28 21:00:00,S2019,2019,23.88,82.4,57.34,6.58,1963,0.0,15.73,0.35,none,25.59,0.39
2026-01-28 21:00:00,S2017,2017,24.06,84.5,60.72,6.91,0,0.0,24.58,0.24,none,28.96,0.78
2026-01-28 21:00:00,S2000,2000,22.56,89.7,59.49,6.1,0,0.0,22.46,0.42,none,32.51,3.8
2026-01-28 21:00:00,S2009,2009,24.73,88.2,51.51,6.36,1718,0.0,27.89,0.35,none,27.32,0.48
2026-01-28 21:00:00,S2001,2001,22.95,88.8,54.33,6.85,361,0.0,16.83,0.28,none,29.2,2.79
2026-01-28 21:00:00,S2014,2014,24.27,84.9,68.55,6.96,0,0.0,36.12,0.35,none,33.2,0.48
2026-01-28 21:00:00,S2010,2010,23.64,90.5,59.22,6.78,35,0.0,28.01,0.42,none,33.01,3.98
2026-01-28 21:00:00,S2002,2002,24.68,88.6,56.94,6.05,633,0.0,14.02,0.24,none,30.35,0.75
2026-01-28 21:00:00,S2018,2018,23.82,89.5,67.95,6.29,0,0.0,27.11,0.31,none,36.58,1.55
2026-01-28 21:00:00,S2005,2005,24.99,85.1,52.81,6.97,1102,0.0,35.65,0.42,none,25.48,3.9
2026-01-28 21:00:00,S2004,2004,24.96,82.3,61.63,6.23,316,0.0,26.37,0.35,none,27.66,0.62
2026-01-28 21:00:00,S2013,2013,25.11,88.7,44.05,6.88,1230,0.0,32.58,0.31,none,23.99,1.79
2026-01-28 21:00:00,S2003,2003,25.15,83.1,49.78,6.37,580,0.0,15.31,0.31,none,22.37,1.99
2026-01-28 21:00:00,S2012,2012,23.08,95.2,65.98,6.38,0,0.0,21.92,0.24,none,40.15,0.54
2026-01-28 21:00:00,S2008,2008,24.83,82.1,63.49,6.32,0,0.0,33.87,0.31,none,28.42,1.3
2026-01-28 21:00:00,S2006,2006,25.18,83.9,62.85,6.7,1854,0.0,15.65,0.28,none,29.55,2.02
2026-01-28 21:00:00,S2007,2007,23.16,86.1,59.6,6.45,1454,0.0,19.41,0.24,none,29.68,0.73
2026-01-29 00:00:00,S2017,2017,22.54,90.3,66.3,6.29,1620,0.0,24.74,0.24,none,36.39,0.72
2026-01-29 00:00:00,S2010,2010,24.14,83.1,62.02,6.91,1036,0.0,30.75,0.42,none,28.49,3.56
2026-01-29 00:00:00,S2008,2008,24.05,86.6,56.94,6.49,0,0.0,32.73,0.31,none,28.75,1.88
2026-01-29 00:00:00,S2005,2005,24.29,84.9,77.94,6.9,0,0.0,35.9,0.42,none,37.89,2.91
2026-01-29 00:00:00,S2001,2001,24.96,85.4,44.71,6.5,0,0.0,15.71,0.28,none,21.68,2.99
2026-01-29 00:00:00,S2000,2000,24.9,88.9,59.05,6.09,2173,0.0,23.74,0.42,none,31.65,3.6
2026-01-29 00:00:00,S2014,2014,25.2,83.5,64.45,6.3,0,0.0,37.32,0.35,none,30.03,0.56
2026-01-29 00:00:00,S2004,2004,25.51,83.5,63.64,6.99,2334,0.0,26.73,0.35,none,29.62,0.5
2026-01-29 00:00:00,S2016,2016,23.81,89.4,68.23,6.42,0,0.0,19.71,0.28,none,36.64,2.58
2026-01-29 00:00:00,S2013,2013,23.97,84.7,61.86,6.11,0,0.0,32.34,0.31,none,29.69,1.78
2026-01-29 00:00:00,S2012,2012,22.77,93.3,61.34,7.0,1765,0.0,20.97,0.24,none,36.31,0.82
2026-01-29 00:00:00,S2006,2006,24.9,90.3,64.06,6.06,1692,0.0,15.18,0.28,none,35.27,2.23
2026-01-29 00:00:00,S2002,2002,24.68,85.3,61.78,6.37,398,0.0,12.43,0.24,none,30.13,0.67
2026-01-29 00:00:00,S2019,2019,24.29,84.9,68.72,7.02,0,0.0,16.15,0.35,none,33.28,0.5
2026-01-29 00:00:00,S2003,2003,23.14,94.3,61.58,7.02,0,0.0,14.65,0.31,none,37.23,1.7
2026-01-29 00:00:00,S2015,2015,25.33,81.3,93.85,6.32,0,0.0,27.5,0.42,none,42.96,3.7
2026-01-29 00:00:00,S2007,2007,24.18,88.2,50.95,6.19,0,0.0,18.57,0.24,none,27.04,0.61
2026-01-29 00:00:00,S2011,2011,24.78,88.8,65.07,6.85,1050,0.0,20.82,0.28,none,34.57,2.35
2026-01-29 00:00:00,S2009,2009,24.91,84.1,59.23,6.53,0,0.0,29.98,0.35,none,27.89,0.56
2026-01-29 00:00:00,S2018,2018,24.44,91.9,58.01,7.19,0,0.0,27.22,0.31,none,33.53,1.7
2026-01-29 03:00:00,S2004,2004,22.62,91.1,57.97,6.19,1017,0.0,27.01,0.35,none,32.86,0.59
2026-01-29 03:00:00,S2016,2016,22.72,88.9,66.62,6.63,0,0.0,20.08,0.28,none,35.43,1.94
2026-01-29 03:00:00,S2003,2003,22.33,94.8,61.77,6.01,944,0.0,16.45,0.31,none,37.73,1.31
2026-01-29 03:00:00,S2011,2011,23.69,89.7,58.73,6.4,452,0.0,21.46,0.28,none,32.12,2.98
2026-01-29 03:00:00,S2001,2001,23.29,85.9,48.16,7.06,831,0.0,17.15,0.28,none,23.8,2.64
2026-01-29 03:00:00,S2012,2012,24.13,90.1,64.39,6.01,0,0.0,21.44,0.24,none,35.27,0.59
2026-01-29 03:00:00,S2009,2009,24.78,84.2,57.3,7.19,1427,0.0,29.15,0.35,none,27.01,0.51
2026-01-29 03:00:00,S2005,2005,24.26,85.0,50.15,6.09,1873,0.0,35.99,0.42,none,24.07,4.61
2026-01-29 03:00:00,S2017,2017,24.41,85.8,50.14,6.06,679,0.0,24.89,0.24,none,24.71,0.57
2026-01-29 03:00:00,S2014,2014,24.89,83.6,44.57,6.23,0,0.0,35.84,0.35,none,20.16,0.44
2026-01-29 03:00:00,S2002,2002,23.02,96.9,44.07,6.72,0,0.0,14.14,0.24,none,30.56,0.66
2026-01-29 03:00:00,S2015,2015,22.69,93.7,76.79,7.1,66,0.0,28.27,0.42,none,44.36,4.21
2026-01-29 03:00:00,S2013,2013,23.22,94.0,54.3,6.65,2484,0.0,31.9,0.31,none,33.35,1.52
2026-01-29 03:00:00,S2010,2010,22.99,89.4,49.09,6.99,0,0.0,30.2,0.42,none,27.07,3.59
2026-01-29 03:00:00,S2018,2018,23.49,89.8,87.48,6.07,1243,0.0,27.77,0.31,fungal_leaf_spot,46.58,1.41
2026-01-29 03:00:00,S2008,2008,25.6,81.7,46.84,6.54,0,0.0,32.09,0.31,none,19.78,1.89
2026-01-29 03:00:00,S2007,2007,22.74,89.4,66.34,6.02,2436,0.0,19.37,0.24,none,35.69,0.61
2026-01-29 03:00:00,S2019,2019,23.58,90.0,52.47,6.48,0,0.0,17.79,0.35,none,29.23,0.5
2026-01-29 03:00:00,S2000,2000,23.9,85.9,49.08,6.37,1590,0.0,24.17,0.42,none,24.26,4.67
2026-01-29 03:00:00,S2006,2006,24.13,82.6,66.79,6.01,1031,0.0,15.3,0.28,none,30.48,2.57
2026-01-29 06:00:00,S2014,2014,23.78,86.3,55.87,6.76,0,0.0,37.85,0.35,none,27.97,0.56
2026-01-29 06:00:00,S2003,2003,23.92,88.1,64.56,6.94,462,0.0,15.12,0.31,none,33.76,1.7
2026-01-29 06:00:00,S2007,2007,23.61,94.5,58.72,6.22,1643,0.0,18.79,0.24,none,35.96,0.76
2026-01-29 06:00:00,S2016,2016,24.33,87.4,56.49,6.34,503,0.0,19.78,0.28,none,29.17,2.84
2026-01-29 06:00:00,S2013,2013,22.44,95.3,59.87,6.71,56,0.0,31.62,0.31,none,37.17,1.61
2026-01-29 06:00:00,S2005,2005,22.88,88.0,59.25,6.44,658,0.0,37.39,0.42,none,31.03,3.05
2026-01-29 06:00:00,S2011,2011,23.92,87.8,61.55,6.55,0,0.0,22.43,0.28,none,32.02,2.39
2026-01-29 06:00:00,S2004,2004,24.33,82.7,51.51,6.17,1188,0.0,26.47,0.35,none,22.92,0.38
2026-01-29 06:00:00,S2008,2008,24.98,79.2,61.39,6.56,429,0.0,33.61,0.31,none,25.06,1.22
2026-01-29 06:00:00,S2006,2006,25.01,84.4,47.37,6.36,0,0.0,15.35,0.28,none,22.21,2.22
2026-01-29 06:00:00,S2012,2012,24.9,82.2,63.4,6.82,2129,0.0,21.37,0.24,none,28.46,0.65
2026-01-29 06:00:00,S2015,2015,24.37,89.1,62.24,6.88,57,0.0,26.11,0.42,none,33.4,4.1
2026-01-29 06:00:00,S2017,2017,23.03,95.2,56.39,7.18,2452,0.0,25.66,0.24,none,35.36,0.63
2026-01-29 06:00:00,S2001,2001,25.42,81.6,55.1,6.8,2427,0.0,15.72,0.28,none,23.83,1.8
2026-01-29 06:00:00,S2009,2009,24.25,82.4,58.58,6.14,1089,0.0,28.85,0.35,none,26.21,0.42
2026-01-29 06:00:00,S2019,2019,24.54,83.3,65.53,6.19,0,0.0,16.65,0.35,none,30.41,0.53
2026-01-29 06:00:00,S2000,2000,24.48,91.0,67.0,6.99,0,0.0,23.75,0.42,none,37.3,4.48
2026-01-29 06:00:00,S2018,2018,24.95,86.5,58.88,6.0,1183,0.0,26.79,0.31,none,29.64,1.49
2026-01-29 06:00:00,S2002,2002,22.4,92.2,61.34,6.87,0,0.0,13.12,0.24,none,35.43,0.75
2026-01-29 06:00:00,S2010,2010,24.55,91.7,62.32,6.11,551,0.0,31.17,0.42,none,35.52,3.14
2026-01-29 09:00:00,S2011,2011,29.97,71.2,40.6,6.8,72028,2.39,22.48,0.28,none,10.2,1.98
2026-01-29 09:00:00,S2004,2004,29.54,72.6,42.21,6.59,71941,0.0,28.57,0.35,none,11.26,0.53
2026-01-29 09:00:00,S2006,2006,30.66,76.5,47.82,6.59,69391,0.0,14.84,0.277,none,19.43,2.48
2026-01-29 09:00:00,S2005,2005,29.35,82.5,43.34,6.23,70139,0.0,34.61,0.42,none,19.37,4.7
2026-01-29 09:00:00,S2016,2016,28.89,80.8,52.66,6.2,69016,0.0,19.25,0.28,none,21.97,2.98
2026-01-29 09:00:00,S2007,2007,28.46,77.0,42.81,6.12,70610,0.0,18.2,0.24,none,14.01,0.76
2026-01-29 09:00:00,S2014,2014,28.98,75.1,49.58,6.55,71900,0.0,36.78,0.35,none,15.87,0.44
2026-01-29 09:00:00,S2010,2010,29.4,83.1,42.8,6.13,70387,0.0,31.01,0.42,none,19.68,4.52
2026-01-29 09:00:00,S2019,2019,27.92,75.1,44.43,6.52,69795,0.0,16.82,0.35,none,13.29,0.42
2026-01-29 09:00:00,S2012,2012,28.52,74.6,67.29,6.16,73142,0.0,21.32,0.24,none,24.32,0.84
2026-01-29 09:00:00,S2001,2001,28.95,76.0,46.5,7.14,70887,0.0,15.24,0.28,none,15.05,2.7
2026-01-29 09:00:00,S2009,2009,28.68,81.1,50.58,6.19,68458,0.0,28.9,0.35,none,21.17,0.45
2026-01-29 09:00:00,S2000,2000,28.48,77.3,42.05,6.04,69690,0.0,22.6,0.42,none,13.86,3.25
2026-01-29 09:00:00,S2013,2013,28.42,77.1,44.02,7.16,70375,0.0,32.02,0.31,none,14.69,1.4
2026-01-29 09:00:00,S2018,2018,29.11,82.7,32.84,6.15,68694,2.62,25.69,0.305,none,13.8,1.18
2026-01-29 09:00:00,S2017,2017,29.47,74.4,57.39,7.02,68386,0.0,25.79,0.24,none,20.16,0.65
2026-01-29 09:00:00,S2003,2003,30.52,72.0,51.37,6.79,70640,0.0,15.26,0.308,none,17.32,1.65
2026-01-29 09:00:00,S2015,2015,29.14,78.5,44.64,6.55,68605,0.0,28.34,0.42,none,16.4,3.35
2026-01-29 09:00:00,S2008,2008,29.3,72.7,48.09,6.81,71000,0.0,32.07,0.31,none,13.81,1.71
2026-01-29 09:00:00,S2002,2002,28.11,83.8,50.15,6.23,71213,0.0,13.66,0.24,none,23.11,0.8
2026-01-29 12:00:00,S2004,2004,30.61,73.0,46.0,6.15,101234,0.0,27.96,0.347,none,15.62,0.38
2026-01-29 12:00:00,S2009,2009,30.56,68.3,30.71,7.12,102029,2.81,30.09,0.336,none,4.11,0.42
2026-01-29 12:00:00,S2010,2010,31.29,68.1,46.99,6.88,99356,0.0,29.13,0.413,none,13.55,3.02
2026-01-29 12:00:00,S2008,2008,30.48,76.0,35.66,7.05,100607,3.51,33.2,0.308,none,12.59,1.32
2026-01-29 12:00:00,S2019,2019,32.37,65.1,47.54,6.25,100477,0.0,16.07,0.339,none,13.59,0.43
2026-01-29 12:00:00,S2007,2007,31.07,69.9,39.83,6.58,100617,2.36,19.22,0.236,none,10.98,0.62
2026-01-29 12:00:00,S2002,2002,29.42,70.6,31.68,6.06,98121,2.7,13.72,0.234,none,4.16,0.85
2026-01-29 12:00:00,S2000,2000,31.01,73.1,43.8,6.96,97946,0.0,23.52,0.414,none,15.4,3.07
2026-01-29 12:00:00,S2015,2015,31.88,69.3,38.69,7.19,100513,2.51,27.73,0.409,none,11.54,3.85
2026-01-29 12:00:00,S2018,2018,31.66,70.8,41.58,6.88,99420,2.4,26.14,0.303,none,13.75,1.58
2026-01-29 12:00:00,S2006,2006,30.4,74.3,35.1,6.93,98432,2.62,15.09,0.278,none,10.79,2.57
2026-01-29 12:00:00,S2001,2001,32.15,70.8,51.5,6.68,101762,0.0,15.7,0.272,none,19.69,2.03
2026-01-29 12:00:00,S2017,2017,32.5,68.0,35.7,6.97,101675,3.55,25.54,0.232,none,10.25,0.79
2026-01-29 12:00:00,S2012,2012,31.96,72.5,45.59,6.05,97559,3.11,22.26,0.234,none,17.72,0.7
2026-01-29 12:00:00,S2016,2016,31.25,69.9,34.24,6.18,98887,2.63,20.83,0.274,none,8.54,2.15
2026-01-29 12:00:00,S2013,2013,31.01,68.9,46.63,6.03,100871,0.0,31.5,0.306,none,13.46,1.23
2026-01-29 12:00:00,S2011,2011,30.81,69.1,47.12,6.95,101560,0.0,21.0,0.277,none,13.46,2.88
2026-01-29 12:00:00,S2005,2005,29.65,75.9,41.15,6.6,98792,0.0,37.11,0.42,none,13.6,3.71
2026-01-29 12:00:00,S2003,2003,29.91,70.6,70.76,6.46,102384,0.0,15.52,0.31,none,24.68,1.29
2026-01-29 12:00:00,S2014,2014,32.5,68.4,40.53,6.15,101578,3.34,35.49,0.338,none,12.99,0.54
2026-01-29 15:00:00,S2010,2010,28.28,76.5,46.66,6.84,69368,0.0,31.33,0.42,none,15.53,4.39
2026-01-29 15:00:00,S2000,2000,28.7,84.5,43.55,6.78,70724,0.0,23.22,0.42,none,20.38,3.24
2026-01-29 15:00:00,S2014,2014,29.81,76.9,48.9,6.11,71594,0.0,37.53,0.35,none,18.59,0.43
2026-01-29 15:00:00,S2013,2013,30.28,77.6,53.19,7.14,72015,0.0,33.17,0.309,none,22.23,1.4
2026-01-29 15:00:00,S2008,2008,28.02,81.2,40.32,7.08,69279,3.13,33.4,0.31,none,16.12,1.76
2026-01-29 15:00:00,S2015,2015,29.22,77.1,42.59,7.16,70182,0.0,25.94,0.42,none,14.41,4.05
2026-01-29 15:00:00,S2017,2017,29.68,70.8,43.07,7.05,69251,0.0,25.81,0.24,none,10.53,0.86
2026-01-29 15:00:00,S2001,2001,27.83,78.7,41.24,6.98,72383,0.0,17.21,0.28,none,14.58,2.64
2026-01-29 15:00:00,S2018,2018,30.52,71.2,41.34,7.06,68873,2.37,26.37,0.308,none,11.67,1.62
2026-01-29 15:00:00,S2016,2016,28.58,76.8,53.36,6.57,70503,0.0,18.65,0.28,none,19.12,2.47
2026-01-29 15:00:00,S2002,2002,28.66,74.0,42.44,6.87,73044,0.0,13.5,0.24,none,11.42,0.84
2026-01-29 15:00:00,S2005,2005,27.39,82.1,55.43,7.14,70563,0.0,35.26,0.42,none,24.39,3.71
2026-01-29 15:00:00,S2006,2006,29.78,72.9,43.52,6.92,70957,0.0,14.98,0.28,none,12.64,2.94
2026-01-29 15:00:00,S2003,2003,30.05,79.9,41.8,6.34,69332,0.0,16.4,0.31,none,17.92,1.33
2026-01-29 15:00:00,S2009,2009,27.83,79.0,59.19,6.4,71173,0.0,28.41,0.35,none,23.8,0.55
2026-01-29 15:00:00,S2012,2012,30.44,74.8,56.43,6.43,71562,0.0,21.17,0.239,none,21.94,0.85
2026-01-29 15:00:00,S2004,2004,29.37,83.2,38.15,6.5,68446,2.42,28.29,0.35,none,17.38,0.5
2026-01-29 15:00:00,S2011,2011,30.3,75.4,48.38,6.17,70288,0.0,21.27,0.279,none,18.11,1.96
2026-01-29 15:00:00,S2019,2019,29.44,75.6,41.88,6.95,69225,0.0,16.12,0.35,none,13.3,0.59
2026-01-29 15:00:00,S2007,2007,27.86,82.9,40.3,7.11,68427,0.0,19.29,0.24,none,17.47,0.82
2026-01-29 18:00:00,S2003,2003,22.72,93.1,58.26,6.15,0,0.0,16.83,0.31,none,34.61,1.33
2026-01-29 18:00:00,S2010,2010,24.49,88.1,68.18,7.14,0,0.0,30.79,0.42,none,35.57,4.31
2026-01-29 18:00:00,S2009,2009,23.51,94.9,79.7,6.78,0,0.0,30.36,0.35,fungal_leaf_spot,46.77,0.54
2026-01-29 18:00:00,S2004,2004,24.72,90.1,60.8,6.34,870,0.0,26.55,0.35,none,33.48,0.38
2026-01-29 18:00:00,S2014,2014,22.89,93.7,63.27,6.09,59,0.0,35.55,0.35,none,37.6,0.6
2026-01-29 18:00:00,S2011,2011,23.37,87.2,55.86,6.3,1019,0.0,21.74,0.28,none,28.69,1.84
2026-01-29 18:00:00,S2006,2006,22.59,84.1,52.96,7.17,0,0.0,15.7,0.28,none,24.76,2.93
2026-01-29 18:00:00,S2002,2002,25.17,83.6,77.89,6.67,1421,0.0,13.43,0.24,none,36.82,0.83
2026-01-29 18:00:00,S2001,2001,23.86,86.8,57.03,6.48,257,0.0,17.2,0.28,none,28.95,1.87
2026-01-29 18:00:00,S2016,2016,24.91,89.4,66.75,6.62,0,0.0,19.79,0.28,none,35.9,2.23
2026-01-29 18:00:00,S2019,2019,25.66,86.3,54.64,7.12,0,0.0,16.41,0.35,none,27.36,0.48
2026-01-29 18:00:00,S2015,2015,23.1,93.4,56.11,7.2,0,0.0,27.88,0.42,none,33.78,3.87
2026-01-29 18:00:00,S2013,2013,23.67,93.7,70.73,6.16,666,0.0,32.5,0.31,none,41.33,1.31
2026-01-29 18:00:00,S2007,2007,25.38,88.9,68.16,6.64,0,0.0,19.6,0.24,none,36.2,0.77
2026-01-29 18:00:00,S2017,2017,24.42,91.2,52.73,7.05,452,0.0,24.59,0.24,none,30.33,0.72
2026-01-29 18:00:00,S2005,2005,22.82,87.8,59.22,7.07,0,0.0,36.36,0.42,none,30.85,4.13
2026-01-29 18:00:00,S2008,2008,23.0,88.9,73.76,6.06,1234,0.0,33.03,0.31,none,39.0,1.41
2026-01-29 18:00:00,S2012,2012,23.39,93.4,74.82,6.1,2139,0.0,22.53,0.24,none,43.13,0.76
2026-01-29 18:00:00,S2018,2018,22.59,90.8,56.89,6.21,1474,0.0,25.47,0.31,none,32.09,1.93
2026-01-29 18:00:00,S2000,2000,25.12,83.8,57.06,6.73,0,0.0,23.27,0.42,none,26.57,4.02
2026-01-29 21:00:00,S2003,2003,22.96,94.3,62.54,6.69,909,0.0,16.96,0.31,none,37.71,1.63
2026-01-29 21:00:00,S2002,2002,24.11,83.3,66.93,7.1,967,0.0,13.23,0.24,none,31.11,0.66
2026-01-29 21:00:00,S2006,2006,23.6,91.2,51.81,6.36,0,0.0,16.16,0.28,none,29.87,2.47
2026-01-29 21:00:00,S2019,2019,23.93,83.7,72.38,6.93,1662,0.0,16.5,0.35,none,34.15,0.59
2026-01-29 21:00:00,S2016,2016,24.74,82.1,84.73,6.39,454,0.0,19.76,0.28,none,39.05,2.61
2026-01-29 21:00:00,S2008,2008,23.54,88.4,56.12,6.64,0,0.0,32.54,0.31,none,29.78,1.72
2026-01-29 21:00:00,S2014,2014,23.24,86.5,52.18,6.06,110,0.0,36.13,0.35,none,26.29,0.54
2026-01-29 21:00:00,S2009,2009,24.16,84.5,55.48,6.56,2479,0.0,28.84,0.35,none,26.34,0.6
2026-01-29 21:00:00,S2013,2013,24.08,89.4,48.07,6.37,0,0.0,31.7,0.31,none,26.56,1.48
2026-01-29 21:00:00,S2004,2004,22.49,93.6,56.8,6.81,1719,0.0,27.35,0.35,none,34.28,0.58
2026-01-29 21:00:00,S2000,2000,24.61,86.9,62.29,6.78,0,0.0,23.76,0.42,none,31.67,3.16
2026-01-29 21:00:00,S2010,2010,25.84,85.8,74.69,6.02,1857,0.0,30.58,0.42,none,36.98,3.63
2026-01-29 21:00:00,S2005,2005,24.96,82.8,64.34,6.41,0,0.0,37.12,0.42,none,29.41,3.83
2026-01-29 21:00:00,S2001,2001,22.99,91.2,53.51,6.02,0,0.0,16.83,0.28,none,30.72,2.71
2026-01-29 21:00:00,S2012,2012,24.97,90.0,52.48,6.56,2166,0.0,21.01,0.24,none,29.24,0.83
2026-01-29 21:00:00,S2018,2018,23.24,89.1,55.06,6.73,32,0.0,26.35,0.31,none,29.81,1.22
2026-01-29 21:00:00,S2017,2017,24.78,88.7,66.4,6.12,0,0.0,25.14,0.24,none,35.16,0.72
2026-01-29 21:00:00,S2007,2007,24.53,92.0,42.73,6.18,0,0.0,18.8,0.24,none,25.96,0.64
2026-01-29 21:00:00,S2011,2011,25.11,87.9,70.42,6.21,0,0.0,22.49,0.28,none,36.53,2.38
2026-01-29 21:00:00,S2015,2015,22.61,92.1,63.19,6.68,2436,0.0,27.14,0.42,none,36.27,3.25
2026-01-30 00:00:00,S2009,2009,23.18,89.6,55.6,7.15,543,0.0,29.2,0.35,none,30.48,0.5
2026-01-30 00:00:00,S2007,2007,24.93,85.8,62.85,6.61,1552,0.0,18.42,0.24,none,31.07,0.86
2026-01-30 00:00:00,S2006,2006,24.79,87.7,59.06,6.44,1051,0.0,15.5,0.28,none,30.69,2.9
2026-01-30 00:00:00,S2018,2018,22.92,91.6,59.62,6.98,0,0.0,26.1,0.31,none,34.09,1.76
2026-01-30 00:00:00,S2002,2002,23.44,85.5,71.63,6.24,0,0.0,12.78,0.24,none,35.22,0.64
2026-01-30 00:00:00,S2008,2008,23.27,90.5,80.93,7.16,0,0.0,32.68,0.31,none,43.87,1.41
2026-01-30 00:00:00,S2013,2013,24.96,85.0,51.07,7.1,0,0.0,32.39,0.31,none,24.54,1.43
2026-01-30 00:00:00,S2015,2015,22.8,92.1,59.37,6.71,1153,0.0,28.13,0.42,none,34.36,3.29
2026-01-30 00:00:00,S2003,2003,23.51,87.8,56.1,6.34,0,0.0,15.44,0.31,none,29.29,1.23
2026-01-30 00:00:00,S2011,2011,23.53,94.3,53.18,6.52,0,0.0,22.11,0.28,none,33.03,1.93
2026-01-30 00:00:00,S2019,2019,22.78,86.5,49.14,6.06,0,0.0,17.69,0.35,none,24.77,0.57
2026-01-30 00:00:00,S2016,2016,22.71,94.1,53.53,6.71,0,0.0,19.72,0.28,none,33.05,2.28
2026-01-30 00:00:00,S2014,2014,23.34,91.7,78.75,6.8,2463,0.0,38.3,0.35,none,43.73,0.55
2026-01-30 00:00:00,S2017,2017,22.62,94.8,57.62,7.09,0,0.0,24.56,0.24,none,35.65,0.82
2026-01-30 00:00:00,S2004,2004,24.75,80.5,63.31,6.37,0,0.0,28.21,0.35,none,27.06,0.59
2026-01-30 00:00:00,S2012,2012,25.57,81.3,51.0,6.29,0,0.0,21.68,0.24,none,21.54,0.54
2026-01-30 00:00:00,S2000,2000,24.18,86.6,62.83,6.6,0,0.0,24.46,0.42,none,31.69,3.68
2026-01-30 00:00:00,S2005,2005,23.66,87.0,65.91,6.04,0,0.0,37.4,0.42,none,33.55,4.15
2026-01-30 00:00:00,S2010,2010,24.49,87.4,50.55,6.68,0,0.0,29.44,0.42,none,26.2,3.17
2026-01-30 00:00:00,S2001,2001,25.29,85.0,63.5,6.84,0,0.0,16.3,0.28,none,30.75,2.05
2026-01-30 03:00:00,S2008,2008,23.78,87.1,74.4,6.21,0,0.0,32.42,0.31,none,37.88,1.7
2026-01-30 03:00:00,S2011,2011,22.83,86.1,57.43,6.99,0,0.0,22.12,0.28,none,28.59,2.44
2026-01-30 03:00:00,S2012,2012,23.63,84.2,60.67,6.78,340,0.0,21.47,0.24,none,28.7,0.73
2026-01-30 03:00:00,S2015,2015,22.39,85.5,49.62,6.15,632,0.0,25.87,0.42,none,24.21,4.06
2026-01-30 03:00:00,S2001,2001,24.2,88.3,55.81,6.39,230,0.0,17.07,0.28,none,29.55,2.85
2026-01-30 03:00:00,S2004,2004,23.61,89.2,48.66,7.1,0,0.0,28.66,0.35,none,26.69,0.43
2026-01-30 03:00:00,S2016,2016,22.5,90.0,53.64,6.56,0,0.0,20.54,0.28,none,29.82,2.95
2026-01-30 03:00:00,S2009,2009,23.81,86.2,56.2,6.03,0,0.0,31.01,0.35,none,28.06,0.56
2026-01-30 03:00:00,S2000,2000,25.31,89.6,70.23,7.04,0,0.0,23.6,0.42,none,37.8,3.9
2026-01-30 03:00:00,S2019,2019,24.49,81.7,79.23,6.45,2228,0.0,17.45,0.35,none,35.98,0.54
2026-01-30 03:00:00,S2018,2018,25.06,90.4,56.13,7.19,0,0.0,27.73,0.31,none,31.39,1.33
2026-01-30 03:00:00,S2013,2013,24.45,89.3,56.03,6.35,603,0.0,33.29,0.31,none,30.45,1.47
2026-01-30 03:00:00,S2003,2003,22.37,87.4,65.76,6.97,0,0.0,17.1,0.31,none,33.8,1.24
2026-01-30 03:00:00,S2010,2010,24.15,86.3,66.29,6.64,0,0.0,30.43,0.42,none,33.19,4.6
2026-01-30 03:00:00,S2002,2002,24.77,90.2,70.2,6.08,0,0.0,12.89,0.24,none,38.26,0.63
2026-01-30 03:00:00,S2007,2007,24.95,79.7,50.71,6.19,0,0.0,19.97,0.24,none,20.12,0.83
2026-01-30 03:00:00,S2006,2006,23.85,86.3,53.65,7.15,0,0.0,17.17,0.28,none,26.86,1.81
2026-01-30 03:00:00,S2005,2005,22.56,89.2,60.62,6.3,0,0.0,36.96,0.42,none,32.67,3.23
2026-01-30 03:00:00,S2014,2014,23.24,88.0,63.56,6.31,0,0.0,38.16,0.35,none,33.18,0.51
2026-01-30 03:00:00,S2017,2017,25.42,81.6,61.91,6.76,1549,0.0,25.37,0.24,none,27.23,0.73
2026-01-30 06:00:00,S2016,2016,23.77,91.4,65.46,7.1,432,0.0,19.65,0.28,none,36.85,2.37
2026-01-30 06:00:00,S2005,2005,24.09,82.2,75.21,7.06,0,0.0,34.37,0.42,none,34.37,4.09
2026-01-30 06:00:00,S2013,2013,24.29,92.6,59.42,6.83,0,0.0,31.83,0.31,none,34.79,1.22
2026-01-30 06:00:00,S2012,2012,23.75,91.0,51.2,6.44,561,0.0,22.21,0.24,none,29.4,0.74
2026-01-30 06:00:00,S2009,2009,25.01,90.1,55.87,6.93,1559,0.0,29.22,0.35,none,31.01,0.41
2026-01-30 06:00:00,S2006,2006,22.88,94.1,63.68,7.03,32,0.0,16.01,0.28,none,38.12,2.07
2026-01-30 06:00:00,S2000,2000,23.53,92.7,67.61,6.82,0,0.0,21.63,0.42,none,38.97,4.65
2026-01-30 06:00:00,S2008,2008,24.41,91.2,60.2,6.4,0,0.0,34.1,0.31,none,34.06,1.79
2026-01-30 06:00:00,S2004,2004,23.04,87.2,51.31,6.93,0,0.0,28.46,0.35,none,26.42,0.38
2026-01-30 06:00:00,S2014,2014,24.62,90.4,58.54,6.75,1312,0.0,35.9,0.35,none,32.59,0.57
2026-01-30 06:00:00,S2003,2003,25.49,81.7,55.19,6.41,912,0.0,17.41,0.31,none,23.96,1.2
2026-01-30 06:00:00,S2019,2019,24.87,86.8,54.43,6.59,0,0.0,18.2,0.35,none,27.65,0.46
2026-01-30 06:00:00,S2015,2015,23.75,92.5,71.15,7.19,0,0.0,27.17,0.42,none,40.58,4.25
2026-01-30 06:00:00,S2010,2010,25.6,79.5,61.7,6.8,0,0.0,28.64,0.42,none,25.45,4.67
2026-01-30 06:00:00,S2002,2002,25.42,87.3,68.39,6.07,0,0.0,14.68,0.24,none,35.03,0.61
2026-01-30 06:00:00,S2018,2018,24.9,80.8,45.2,6.1,1453,0.0,27.36,0.31,none,18.24,1.32
2026-01-30 06:00:00,S2011,2011,24.56,90.1,57.75,7.08,2475,0.0,23.0,0.28,none,31.95,2.41
2026-01-30 06:00:00,S2001,2001,23.92,82.9,60.74,6.2,0,0.0,16.05,0.28,none,27.69,2.67
2026-01-30 06:00:00,S2017,2017,24.53,88.7,47.65,6.17,2398,0.0,24.86,0.24,none,25.79,0.85
2026-01-30 06:00:00,S2007,2007,23.28,90.8,59.02,6.21,0,0.0,18.41,0.24,none,33.15,0.8
2026-01-30 09:00:00,S2014,2014,27.2,77.7,42.22,6.9,72249,0.0,37.84,0.35,none,14.27,0.59
2026-01-30 09:00:00,S2009,2009,29.83,79.2,73.08,6.86,72403,0.0,28.27,0.35,none,32.56,0.5
2026-01-30 09:00:00,S2017,2017,27.86,80.1,48.32,6.22,72130,0.0,25.49,0.24,none,19.24,0.74
2026-01-30 09:00:00,S2016,2016,28.94,75.3,42.2,7.19,73199,0.0,19.56,0.28,none,12.34,2.94
2026-01-30 09:00:00,S2011,2011,28.8,78.1,40.34,6.39,69946,2.35,21.2,0.28,none,13.65,2.48
2026-01-30 09:00:00,S2004,2004,30.09,74.6,54.9,6.98,73090,0.0,27.79,0.35,none,20.31,0.62
2026-01-30 09:00:00,S2010,2010,28.82,78.0,42.63,6.75,70019,0.0,31.37,0.42,none,14.72,2.86
2026-01-30 09:00:00,S2005,2005,28.69,80.5,36.72,6.74,72276,2.44,35.38,0.42,none,13.76,3.22
2026-01-30 09:00:00,S2000,2000,29.62,79.3,39.51,7.02,71112,2.44,23.1,0.42,none,15.43,3.54
2026-01-30 09:00:00,S2001,2001,30.31,73.9,37.24,6.02,70459,2.49,16.48,0.279,none,11.36,1.88
2026-01-30 09:00:00,S2018,2018,29.1,75.4,44.54,6.97,69986,0.0,25.46,0.31,none,13.79,1.84
2026-01-30 09:00:00,S2012,2012,29.39,73.9,47.97,6.39,68739,0.0,21.78,0.24,none,14.89,0.66
2026-01-30 09:00:00,S2019,2019,28.76,78.6,48.4,6.44,69579,0.0,17.78,0.35,none,18.08,0.46
2026-01-30 09:00:00,S2013,2013,28.96,79.7,43.02,7.14,70262,0.0,31.92,0.31,none,16.27,1.6
2026-01-30 09:00:00,S2006,2006,27.67,78.0,61.86,6.18,68970,0.0,15.14,0.28,none,24.33,2.79
2026-01-30 09:00:00,S2003,2003,30.28,71.9,42.55,6.79,69106,0.0,17.13,0.309,none,12.36,1.93
2026-01-30 09:00:00,S2002,2002,28.15,80.9,61.49,6.32,71492,0.0,13.67,0.24,none,26.47,0.62
2026-01-30 09:00:00,S2007,2007,29.85,71.6,49.34,6.76,72658,0.0,19.44,0.24,none,14.65,0.73
2026-01-30 09:00:00,S2015,2015,27.64,83.3,59.2,6.7,71428,0.0,26.1,0.42,none,27.24,4.16
2026-01-30 09:00:00,S2008,2008,29.08,76.2,51.44,6.28,70116,0.0,34.76,0.31,none,17.84,1.53
2026-01-30 12:00:00,S2016,2016,30.66,77.6,49.4,6.96,101731,0.0,21.16,0.277,none,21.1,2.5
2026-01-30 12:00:00,S2012,2012,31.91,71.5,44.1,6.42,98919,3.19,21.21,0.234,none,16.07,0.63
2026-01-30 12:00:00,S2001,2001,30.59,75.5,42.74,6.88,100308,2.34,17.35,0.278,none,15.95,2.05
2026-01-30 12:00:00,S2013,2013,32.8,70.7,47.15,6.98,98755,0.0,32.72,0.298,none,18.73,1.67
2026-01-30 12:00:00,S2010,2010,31.45,74.9,35.55,6.36,97518,2.62,30.4,0.412,none,13.6,3.8
2026-01-30 12:00:00,S2015,2015,29.23,78.3,38.88,6.36,99689,2.41,27.15,0.42,none,13.54,3.44
2026-01-30 12:00:00,S2002,2002,30.88,71.4,43.84,6.21,99337,0.0,13.66,0.237,none,13.8,0.55
2026-01-30 12:00:00,S2005,2005,32.05,65.9,52.07,6.3,98251,0.0,36.41,0.408,none,15.85,2.95
2026-01-30 12:00:00,S2014,2014,31.42,74.4,49.05,6.83,98483,0.0,35.73,0.343,none,19.89,0.61
2026-01-30 12:00:00,S2004,2004,32.06,74.0,41.73,6.98,102102,2.42,27.9,0.34,none,17.19,0.38
2026-01-30 12:00:00,S2006,2006,30.61,70.3,47.35,7.07,100999,0.0,16.72,0.278,none,14.13,2.81
2026-01-30 12:00:00,S2007,2007,29.77,78.4,40.17,6.17,98712,0.0,19.98,0.24,none,15.35,0.64
2026-01-30 12:00:00,S2000,2000,32.58,74.5,35.98,6.14,97953,2.69,22.83,0.405,none,15.75,4.43
2026-01-30 12:00:00,S2003,2003,30.16,75.3,38.97,7.04,100679,2.46,17.07,0.309,none,13.04,1.77
2026-01-30 12:00:00,S2009,2009,31.14,73.7,40.92,7.17,100523,2.4,30.65,0.345,none,14.7,0.38
2026-01-30 12:00:00,S2008,2008,30.98,72.9,31.58,6.79,101765,3.66,33.69,0.298,none,9.07,1.61
2026-01-30 12:00:00,S2018,2018,30.78,68.9,47.45,6.13,101816,0.0,26.32,0.307,none,13.41,1.98
2026-01-30 12:00:00,S2017,2017,31.31,67.7,40.6,6.6,101279,0.0,26.02,0.236,none,10.08,0.66
2026-01-30 12:00:00,S2019,2019,31.08,70.7,36.47,6.77,98010,2.55,16.84,0.345,none,9.95,0.52
2026-01-30 12:00:00,S2011,2011,31.57,71.7,50.56,6.94,99375,0.0,22.15,0.274,none,18.78,2.69
2026-01-30 15:00:00,S2010,2010,29.54,78.7,54.36,6.31,69803,0.0,31.25,0.42,none,22.22,4.66
2026-01-30 15:00:00,S2018,2018,30.3,77.7,46.9,7.07,71277,0.0,26.33,0.309,none,19.21,1.76
2026-01-30 15:00:00,S2008,2008,27.89,75.4,49.85,6.85,69519,0.0,33.1,0.31,none,16.25,1.32
2026-01-30 15:00:00,S2015,2015,30.03,74.7,68.21,6.83,70999,0.0,26.65,0.42,none,26.93,4.63
2026-01-30 15:00:00,S2001,2001,29.96,78.8,53.02,6.37,71245,0.0,16.78,0.28,none,22.47,2.04
2026-01-30 15:00:00,S2016,2016,28.32,77.3,44.46,6.45,70209,0.0,20.67,0.28,none,15.07,2.39
2026-01-30 15:00:00,S2002,2002,29.83,81.6,52.23,6.44,69617,0.0,13.46,0.24,none,24.05,0.83
2026-01-30 15:00:00,S2006,2006,30.02,72.4,39.85,6.65,70595,2.39,15.09,0.28,none,10.89,2.84
2026-01-30 15:00:00,S2005,2005,30.23,68.9,38.26,6.63,68589,2.49,37.27,0.419,none,7.71,3.07
2026-01-30 15:00:00,S2000,2000,28.77,80.0,53.15,6.82,69203,0.0,24.27,0.42,none,21.57,3.59
2026-01-30 15:00:00,S2003,2003,30.26,75.7,43.95,6.75,71065,0.0,17.35,0.309,none,16.06,1.82
2026-01-30 15:00:00,S2009,2009,28.94,77.1,37.01,6.8,68318,2.46,30.51,0.35,none,11.18,0.45
2026-01-30 15:00:00,S2014,2014,29.07,77.7,49.74,7.01,68778,0.0,36.73,0.35,none,18.17,0.53
2026-01-30 15:00:00,S2019,2019,30.35,76.2,54.28,6.32,70765,0.0,17.45,0.348,none,21.8,0.54
2026-01-30 15:00:00,S2013,2013,30.5,70.3,49.41,6.81,71346,0.0,33.55,0.308,none,14.94,1.98
2026-01-30 15:00:00,S2017,2017,28.68,80.1,40.43,6.9,70191,3.12,26.41,0.24,none,15.29,0.58
2026-01-30 15:00:00,S2004,2004,29.46,82.6,53.73,7.18,71945,0.0,29.07,0.35,none,24.86,0.43
2026-01-30 15:00:00,S2012,2012,28.74,75.7,48.94,6.13,69675,0.0,21.92,0.24,none,16.03,0.54
2026-01-30 15:00:00,S2011,2011,28.94,78.5,58.23,6.09,70207,0.0,22.91,0.28,none,22.91,2.64
2026-01-30 15:00:00,S2007,2007,27.72,81.4,38.1,7.13,68339,2.34,19.58,0.24,none,15.17,0.86
2026-01-30 18:00:00,S2010,2010,23.57,91.8,50.05,7.2,1601,0.0,28.9,0.42,none,29.46,4.61
2026-01-30 18:00:00,S2002,2002,23.3,86.4,51.58,6.19,0,0.0,14.1,0.24,none,25.91,0.57
2026-01-30 18:00:00,S2001,2001,22.88,86.4,54.2,6.29,583,0.0,16.53,0.28,none,27.22,2.91
2026-01-30 18:00:00,S2013,2013,24.1,85.5,62.25,6.11,0,0.0,31.42,0.31,none,30.53,1.44
2026-01-30 18:00:00,S2009,2009,24.24,93.5,55.65,6.07,0,0.0,30.96,0.35,none,33.62,0.44
2026-01-30 18:00:00,S2014,2014,24.61,88.7,51.63,7.11,0,0.0,37.85,0.35,none,27.78,0.58
2026-01-30 18:00:00,S2017,2017,23.07,93.2,62.06,6.3,1883,0.0,25.6,0.24,none,36.59,0.81
2026-01-30 18:00:00,S2015,2015,23.42,87.8,51.9,6.77,0,0.0,27.85,0.42,none,27.19,4.47
2026-01-30 18:00:00,S2003,2003,25.78,85.6,46.12,6.8,472,0.0,16.58,0.31,none,22.54,1.88
2026-01-30 18:00:00,S2018,2018,25.07,84.6,61.3,6.31,189,0.0,27.34,0.31,none,29.33,1.63
2026-01-30 18:00:00,S2000,2000,23.75,86.8,68.06,6.76,2078,0.0,22.69,0.42,none,34.47,2.89
2026-01-30 18:00:00,S2007,2007,24.94,86.2,63.09,6.02,0,0.0,20.39,0.24,none,31.51,0.8
2026-01-30 18:00:00,S2016,2016,24.05,90.7,61.65,6.39,1769,0.0,18.87,0.28,none,34.39,2.04
2026-01-30 18:00:00,S2004,2004,23.96,85.3,54.57,6.1,1074,0.0,27.84,0.35,none,26.52,0.56
2026-01-30 18:00:00,S2019,2019,24.54,85.5,49.06,6.16,1085,0.0,16.3,0.35,none,23.93,0.47
2026-01-30 18:00:00,S2008,2008,22.45,90.9,66.63,6.17,2459,0.0,33.25,0.31,none,37.04,1.53
2026-01-30 18:00:00,S2011,2011,24.27,88.9,72.77,7.11,0,0.0,21.97,0.28,none,38.51,2.7
2026-01-30 18:00:00,S2006,2006,24.68,82.6,70.57,6.29,0,0.0,15.11,0.28,none,32.36,2.6
2026-01-30 18:00:00,S2012,2012,25.03,83.7,61.19,6.29,67,0.0,21.14,0.24,none,28.56,0.75
2026-01-30 18:00:00,S2005,2005,24.84,89.6,53.15,6.65,420,0.0,36.91,0.42,none,29.25,4.62
2026-01-30 21:00:00,S2011,2011,23.12,84.8,90.98,6.31,1687,0.0,22.23,0.28,none,44.33,2.69
2026-01-30 21:00:00,S2016,2016,24.17,87.2,59.47,6.78,24,0.0,19.23,0.28,none,30.5,2.29
2026-01-30 21:00:00,S2004,2004,25.1,86.2,65.66,7.11,0,0.0,26.89,0.35,none,32.79,0.59
2026-01-30 21:00:00,S2000,2000,25.37,85.8,51.42,6.14,597,0.0,22.55,0.42,none,25.35,4.37
2026-01-30 21:00:00,S2018,2018,22.91,86.5,64.0,6.83,0,0.0,25.64,0.31,none,32.2,1.6
2026-01-30 21:00:00,S2019,2019,23.09,92.3,51.57,6.09,2182,0.0,16.94,0.35,none,30.62,0.59
2026-01-30 21:00:00,S2010,2010,23.54,90.9,50.74,7.01,0,0.0,28.18,0.42,none,29.09,4.62
2026-01-30 21:00:00,S2003,2003,24.31,86.2,83.33,7.11,1158,0.0,17.01,0.31,none,41.62,1.75
2026-01-30 21:00:00,S2015,2015,22.86,89.4,47.9,6.67,320,0.0,27.18,0.42,none,26.47,4.44
2026-01-30 21:00:00,S2007,2007,22.83,93.3,52.59,6.96,2,0.0,18.47,0.24,none,31.94,0.62
2026-01-30 21:00:00,S2006,2006,24.04,90.9,58.13,6.2,0,0.0,17.09,0.28,none,32.79,2.54
2026-01-30 21:00:00,S2014,2014,25.03,90.1,71.5,6.73,818,0.0,35.92,0.35,none,38.83,0.56
2026-01-30 21:00:00,S2013,2013,23.96,84.0,49.63,6.74,0,0.0,33.82,0.31,none,23.02,1.6
2026-01-30 21:00:00,S2008,2008,24.91,82.0,59.25,6.73,0,0.0,33.51,0.31,none,26.23,1.5
2026-01-30 21:00:00,S2009,2009,24.74,89.0,54.56,6.42,0,0.0,28.61,0.35,none,29.48,0.39
2026-01-30 21:00:00,S2005,2005,24.8,87.4,64.49,6.4,1361,0.0,36.87,0.42,none,33.17,3.0
2026-01-30 21:00:00,S2017,2017,23.65,82.7,52.29,7.15,1130,0.0,24.74,0.24,none,23.31,0.61
2026-01-30 21:00:00,S2012,2012,25.11,87.3,58.32,6.31,0,0.0,21.25,0.24,none,30.0,0.68
2026-01-30 21:00:00,S2001,2001,25.07,84.8,60.89,6.98,2177,0.0,16.73,0.28,none,29.29,1.92
2026-01-30 21:00:00,S2002,2002,23.12,88.8,60.34,6.07,0,0.0,13.07,0.24,none,32.21,0.65
2026-01-31 00:00:00,S2013,2013,25.39,87.6,60.96,6.72,1225,0.0,33.18,0.31,none,31.56,1.47
2026-01-31 00:00:00,S2017,2017,23.08,87.7,55.41,6.39,1789,0.0,25.23,0.24,none,28.87,0.71
2026-01-31 00:00:00,S2016,2016,23.03,90.3,56.66,6.02,663,0.0,20.27,0.28,none,31.57,2.23
2026-01-31 00:00:00,S2012,2012,23.1,88.9,59.65,6.59,0,0.0,21.79,0.24,none,31.95,0.59
2026-01-31 00:00:00,S2018,2018,23.38,91.4,63.58,6.97,2473,0.0,27.08,0.31,none,35.91,1.73
2026-01-31 00:00:00,S2011,2011,23.76,89.7,55.25,6.1,1502,0.0,21.4,0.28,none,30.39,2.91
2026-01-31 00:00:00,S2000,2000,23.67,86.3,62.57,6.02,1804,0.0,23.38,0.42,none,31.32,4.71
2026-01-31 00:00:00,S2008,2008,24.54,80.5,61.48,6.92,1007,0.0,33.19,0.31,none,26.14,1.83
2026-01-31 00:00:00,S2019,2019,25.53,80.7,60.13,6.08,1193,0.0,17.93,0.35,none,25.63,0.38
2026-01-31 00:00:00,S2002,2002,24.13,90.3,66.55,6.11,219,0.0,14.58,0.24,none,36.52,0.85
2026-01-31 00:00:00,S2010,2010,22.53,85.7,58.85,6.82,0,0.0,29.02,0.42,none,28.99,3.62
2026-01-31 00:00:00,S2006,2006,23.01,90.4,65.21,6.69,971,0.0,17.53,0.28,none,35.93,2.46
2026-01-31 00:00:00,S2009,2009,23.04,88.9,46.8,6.76,940,0.0,31.25,0.35,none,25.52,0.44
2026-01-31 00:00:00,S2014,2014,24.84,87.6,50.75,6.43,0,0.0,36.57,0.35,none,26.45,0.51
2026-01-31 00:00:00,S2007,2007,24.68,82.9,55.98,6.4,0,0.0,19.92,0.24,none,25.31,0.7
2026-01-31 00:00:00,S2001,2001,24.1,83.5,60.35,6.03,1987,0.0,17.33,0.28,none,27.98,1.84
2026-01-31 00:00:00,S2005,2005,23.32,88.9,67.32,6.91,0,0.0,34.92,0.42,none,35.78,3.55
2026-01-31 00:00:00,S2015,2015,23.2,93.1,48.55,7.17,1381,0.0,26.25,0.42,none,29.75,3.22
2026-01-31 00:00:00,S2003,2003,23.32,84.2,61.28,7.13,0,0.0,17.66,0.31,none,29.0,1.44
2026-01-31 00:00:00,S2004,2004,25.62,81.2,60.65,6.64,0,0.0,28.58,0.35,none,26.29,0.49
2026-01-31 03:00:00,S2018,2018,22.84,91.6,47.37,6.86,328,0.0,27.24,0.31,none,27.96,1.96
2026-01-31 03:00:00,S2006,2006,25.22,89.3,57.28,6.85,0,0.0,15.62,0.28,none,31.08,2.12
2026-01-31 03:00:00,S2008,2008,23.96,90.0,62.81,6.03,2418,0.0,33.03,0.31,none,34.41,1.31
2026-01-31 03:00:00,S2000,2000,22.93,85.1,52.92,6.88,744,0.0,24.9,0.42,none,25.54,4.54
2026-01-31 03:00:00,S2007,2007,23.03,91.2,58.47,6.82,0,0.0,20.71,0.24,none,33.2,0.81
2026-01-31 03:00:00,S2002,2002,23.55,87.0,58.22,7.04,0,0.0,13.63,0.24,none,29.71,0.67
2026-01-31 03:00:00,S2009,2009,23.75,86.1,58.95,6.29,1980,0.0,31.0,0.35,none,29.35,0.57
2026-01-31 03:00:00,S2017,2017,25.46,82.7,52.18,6.01,472,0.0,25.62,0.24,none,23.25,0.7
2026-01-31 03:00:00,S2004,2004,24.92,88.5,52.33,6.74,226,0.0,26.71,0.35,none,27.96,0.52
2026-01-31 03:00:00,S2016,2016,24.82,88.1,57.12,7.18,0,0.0,20.23,0.28,none,30.04,2.3
2026-01-31 03:00:00,S2012,2012,24.34,85.9,80.03,6.23,0,0.0,21.2,0.24,none,39.74,0.62
2026-01-31 03:00:00,S2014,2014,22.48,84.3,55.58,6.32,0,0.0,38.4,0.35,none,26.23,0.56
2026-01-31 03:00:00,S2013,2013,25.03,89.3,71.16,6.07,595,0.0,31.99,0.31,none,38.02,1.45
2026-01-31 03:00:00,S2010,2010,23.44,86.2,57.89,6.66,218,0.0,30.75,0.42,none,28.91,4.35
2026-01-31 03:00:00,S2001,2001,22.73,89.2,66.94,6.4,198,0.0,16.98,0.28,none,35.83,2.21
2026-01-31 03:00:00,S2005,2005,24.06,86.6,56.43,7.04,1176,0.0,38.0,0.42,none,28.49,3.93
2026-01-31 03:00:00,S2003,2003,25.0,89.3,61.84,6.98,0,0.0,16.93,0.31,none,33.36,1.5
2026-01-31 03:00:00,S2011,2011,24.16,85.8,62.47,7.08,0,0.0,22.99,0.28,none,30.88,1.93
2026-01-31 03:00:00,S2015,2015,23.06,88.9,63.35,6.24,1487,0.0,27.23,0.42,none,33.8,3.68
2026-01-31 03:00:00,S2019,2019,23.66,91.9,58.33,6.87,0,0.0,19.16,0.35,none,33.69,0.43
2026-01-31 06:00:00,S2018,2018,24.94,82.9,49.62,6.23,0,0.0,26.78,0.31,none,22.13,1.81
2026-01-31 06:00:00,S2006,2006,22.49,94.9,57.79,6.4,0,0.0,16.17,0.28,none,35.82,2.39
2026-01-31 06:00:00,S2005,2005,24.84,84.5,58.57,6.16,1199,0.0,35.92,0.42,none,27.89,3.93
2026-01-31 06:00:00,S2015,2015,24.9,85.0,48.28,6.25,2168,0.0,27.94,0.42,none,23.14,3.34
2026-01-31 06:00:00,S2007,2007,23.9,84.8,61.39,6.94,0,0.0,19.41,0.24,none,29.54,0.82
2026-01-31 06:00:00,S2002,2002,23.35,83.9,62.35,6.91,0,0.0,13.36,0.24,none,29.3,0.79
2026-01-31 06:00:00,S2014,2014,23.74,88.0,51.95,6.66,0,0.0,37.15,0.35,none,27.38,0.55
2026-01-31 06:00:00,S2017,2017,23.73,88.4,60.75,6.64,0,0.0,26.32,0.24,none,32.1,0.53
2026-01-31 06:00:00,S2011,2011,25.31,87.8,55.68,6.27,0,0.0,21.85,0.28,none,29.08,2.03
2026-01-31 06:00:00,S2012,2012,24.26,88.0,52.42,6.4,1106,0.0,22.84,0.24,none,27.61,0.82
2026-01-31 06:00:00,S2019,2019,24.93,85.1,48.51,6.74,2188,0.0,19.21,0.35,none,23.33,0.57
2026-01-31 06:00:00,S2009,2009,24.04,92.7,57.45,7.09,64,0.0,31.49,0.35,none,33.89,0.5
2026-01-31 06:00:00,S2008,2008,23.33,93.9,89.1,6.92,295,0.0,34.11,0.31,fungal_leaf_spot,50.67,1.53
2026-01-31 06:00:00,S2010,2010,22.59,94.1,48.93,6.07,0,0.0,31.52,0.42,none,30.74,4.75
2026-01-31 06:00:00,S2000,2000,25.7,82.9,55.58,6.0,0,0.0,25.46,0.42,none,25.11,3.39
2026-01-31 06:00:00,S2003,2003,22.97,86.9,49.32,6.74,0,0.0,15.57,0.31,none,25.18,1.6
2026-01-31 06:00:00,S2004,2004,25.67,84.1,50.76,7.19,0,0.0,29.79,0.35,none,23.66,0.54
2026-01-31 06:00:00,S2001,2001,24.01,90.4,83.92,7.14,0,0.0,18.1,0.28,fungal_leaf_spot,45.28,2.44
2026-01-31 06:00:00,S2016,2016,24.39,81.3,64.17,6.77,1243,0.0,20.27,0.28,none,28.12,2.25
2026-01-31 06:00:00,S2013,2013,25.38,79.7,62.18,6.98,0,0.0,32.24,0.31,none,25.85,1.42
2026-01-31 09:00:00,S2007,2007,27.36,80.4,42.95,6.13,72325,0.0,19.33,0.24,none,16.8,0.74
2026-01-31 09:00:00,S2011,2011,29.39,77.4,46.5,6.25,70645,0.0,23.01,0.28,none,16.95,2.83
2026-01-31 09:00:00,S2015,2015,30.11,70.9,33.7,6.76,70325,2.6,28.61,0.415,none,6.79,3.89
2026-01-31 09:00:00,S2016,2016,28.65,76.4,39.19,6.04,72754,0.0,21.13,0.28,none,11.72,2.43
2026-01-31 09:00:00,S2013,2013,27.42,75.6,45.43,7.06,69359,0.0,32.24,0.31,none,14.19,1.82
2026-01-31 09:00:00,S2000,2000,28.2,76.0,40.53,6.25,70169,0.0,23.71,0.42,none,12.07,3.13
2026-01-31 09:00:00,S2018,2018,29.02,77.4,44.5,6.35,72736,0.0,25.76,0.31,none,15.21,1.82
2026-01-31 09:00:00,S2003,2003,29.16,73.0,45.07,6.8,73076,0.0,16.78,0.31,none,12.26,1.3
2026-01-31 09:00:00,S2006,2006,27.65,86.0,40.3,6.41,69932,0.0,15.46,0.28,none,19.95,2.38
2026-01-31 09:00:00,S2009,2009,28.6,81.6,56.25,6.23,72196,0.0,30.0,0.35,none,24.4,0.48
2026-01-31 09:00:00,S2008,2008,30.06,73.6,57.99,7.04,72430,0.0,33.92,0.31,none,20.99,1.77
2026-01-31 09:00:00,S2019,2019,28.6,79.1,49.21,6.89,68612,0.0,17.75,0.35,none,18.88,0.46
2026-01-31 09:00:00,S2002,2002,29.43,76.5,46.44,6.76,69104,0.0,14.67,0.24,none,16.28,0.84
2026-01-31 09:00:00,S2014,2014,29.51,82.3,38.72,6.04,72946,3.17,36.14,0.35,none,17.22,0.55
2026-01-31 09:00:00,S2004,2004,29.89,75.4,44.35,6.64,68892,0.0,27.56,0.35,none,15.28,0.59
2026-01-31 09:00:00,S2010,2010,29.15,74.6,74.93,6.05,69181,0.0,32.26,0.42,none,28.44,3.88
2026-01-31 09:00:00,S2017,2017,27.76,82.5,41.07,6.31,68877,0.0,25.88,0.24,none,17.54,0.78
2026-01-31 09:00:00,S2012,2012,30.31,71.6,45.5,6.69,71131,0.0,22.17,0.239,none,13.65,0.71
2026-01-31 09:00:00,S2001,2001,29.21,78.3,46.73,6.84,71823,0.0,17.83,0.28,none,17.42,2.9
2026-01-31 09:00:00,S2005,2005,27.6,80.2,60.32,6.23,69442,0.0,35.72,0.42,none,25.32,4.13
2026-01-31 12:00:00,S2010,2010,30.69,67.6,39.21,6.66,100894,2.44,28.62,0.416,none,8.06,4.33
2026-01-31 12:00:00,S2019,2019,30.86,70.8,33.16,6.45,97645,2.71,16.51,0.341,none,7.94,0.4
2026-01-31 12:00:00,S2013,2013,31.5,68.7,44.55,6.66,98809,3.15,33.1,0.304,none,13.24,1.65
2026-01-31 12:00:00,S2002,2002,29.9,69.9,42.98,6.71,98793,2.36,14.86,0.24,none,10.21,0.71
2026-01-31 12:00:00,S2015,2015,30.27,75.2,56.08,6.62,99372,0.0,25.67,0.418,none,21.74,3.51
2026-01-31 12:00:00,S2006,2006,32.28,76.2,41.95,6.55,100475,2.34,15.66,0.271,none,19.5,1.79
2026-01-31 12:00:00,S2014,2014,30.91,69.8,38.48,7.02,99840,3.24,37.98,0.346,none,9.9,0.44
2026-01-31 12:00:00,S2016,2016,30.16,75.8,58.0,6.23,100341,0.0,19.23,0.279,none,22.96,2.08
2026-01-31 12:00:00,S2009,2009,29.39,80.4,31.62,6.14,99315,2.7,31.36,0.341,none,11.91,0.52
2026-01-31 12:00:00,S2003,2003,30.71,73.6,34.79,6.89,100688,2.6,16.11,0.306,none,10.69,1.51
2026-01-31 12:00:00,S2008,2008,30.22,73.4,66.64,7.19,100097,0.0,33.06,0.309,none,25.48,1.92
2026-01-31 12:00:00,S2017,2017,31.23,78.9,43.67,6.96,100357,0.0,25.52,0.236,none,20.42,0.67
2026-01-31 12:00:00,S2001,2001,32.11,70.8,56.6,6.05,101670,0.0,17.61,0.272,none,22.16,2.11
2026-01-31 12:00:00,S2000,2000,32.1,65.4,48.14,6.24,102259,0.0,22.44,0.408,none,13.59,4.11
2026-01-31 12:00:00,S2012,2012,29.35,76.6,55.56,6.36,98687,0.0,21.44,0.24,none,20.76,0.65
2026-01-31 12:00:00,S2004,2004,31.41,67.1,35.35,6.91,98220,2.57,27.6,0.343,none,7.17,0.37
2026-01-31 12:00:00,S2018,2018,31.66,74.3,35.46,6.74,98207,2.66,26.83,0.303,none,13.49,1.57
2026-01-31 12:00:00,S2005,2005,30.59,74.1,34.32,6.9,101100,2.6,35.57,0.414,none,10.62,4.45
2026-01-31 12:00:00,S2011,2011,29.42,75.8,45.86,6.46,102162,0.0,21.71,0.28,none,15.41,1.87
2026-01-31 12:00:00,S2007,2007,32.52,72.2,43.4,6.42,100845,0.0,19.1,0.232,none,17.5,0.52
2026-01-31 15:00:00,S2019,2019,29.03,76.5,36.62,6.34,72390,2.5,16.89,0.35,none,10.57,0.59
2026-01-31 15:00:00,S2015,2015,29.27,77.0,53.1,7.0,70909,0.0,26.67,0.42,none,19.69,4.27
2026-01-31 15:00:00,S2000,2000,29.99,80.1,43.31,6.85,72593,0.0,23.87,0.42,none,18.71,3.85
2026-01-31 15:00:00,S2003,2003,30.09,75.4,39.51,6.91,70434,2.4,17.42,0.31,none,13.26,1.91
2026-01-31 15:00:00,S2013,2013,27.99,78.3,49.14,6.59,71461,0.0,33.12,0.31,none,18.21,1.36
2026-01-31 15:00:00,S2016,2016,28.7,78.0,41.55,6.59,68401,0.0,19.06,0.28,none,14.18,2.39
2026-01-31 15:00:00,S2006,2006,30.3,70.7,47.82,7.1,70100,0.0,16.38,0.279,none,14.07,2.17
2026-01-31 15:00:00,S2011,2011,29.54,71.3,55.51,6.34,73006,0.0,21.1,0.28,none,16.87,1.84
2026-01-31 15:00:00,S2017,2017,29.48,76.3,40.88,6.78,72331,3.12,25.03,0.24,none,13.44,0.64
2026-01-31 15:00:00,S2005,2005,28.05,79.0,46.11,6.24,70439,0.0,36.66,0.42,none,17.26,3.24
2026-01-31 15:00:00,S2012,2012,28.61,77.9,49.04,7.09,71465,0.0,22.66,0.24,none,17.84,0.53
2026-01-31 15:00:00,S2010,2010,27.49,75.7,39.94,6.48,68420,0.0,29.46,0.42,none,11.53,4.09
2026-01-31 15:00:00,S2001,2001,27.17,79.9,49.71,6.64,70763,0.0,15.82,0.28,none,19.78,2.67
2026-01-31 15:00:00,S2008,2008,29.28,73.9,41.62,6.01,68657,0.0,32.73,0.31,none,11.49,1.24
2026-01-31 15:00:00,S2009,2009,30.64,71.8,47.72,7.09,71627,0.0,30.83,0.347,none,15.58,0.49
2026-01-31 15:00:00,S2014,2014,29.15,73.3,43.7,6.56,71615,0.0,36.82,0.35,none,11.79,0.56
2026-01-31 15:00:00,S2018,2018,29.87,74.3,42.35,6.96,68754,0.0,27.27,0.31,none,13.36,1.73
2026-01-31 15:00:00,S2007,2007,28.7,74.9,49.84,6.79,71480,0.0,20.75,0.24,none,15.84,0.81
2026-01-31 15:00:00,S2004,2004,30.19,78.3,58.62,6.23,68237,0.0,27.89,0.349,none,25.33,0.47
2026-01-31 15:00:00,S2002,2002,29.68,76.3,60.09,6.18,69904,0.0,13.26,0.24,none,23.45,0.68
2026-01-31 18:00:00,S2004,2004,23.42,85.8,61.63,6.87,0,0.0,28.69,0.35,none,30.46,0.41
2026-01-31 18:00:00,S2006,2006,23.58,89.2,63.0,7.13,0,0.0,16.97,0.28,none,33.86,2.31
2026-01-31 18:00:00,S2002,2002,23.05,89.0,54.25,6.93,0,0.0,14.94,0.24,none,29.33,0.67
2026-01-31 18:00:00,S2001,2001,24.33,91.2,59.43,6.59,749,0.0,17.98,0.28,none,33.68,2.38
2026-01-31 18:00:00,S2011,2011,23.15,91.7,76.83,6.37,1104,0.0,21.36,0.28,none,42.78,1.83
2026-01-31 18:00:00,S2017,2017,23.97,88.4,81.32,6.26,1415,0.0,26.53,0.24,none,42.38,0.81
2026-01-31 18:00:00,S2018,2018,23.54,90.3,55.58,7.16,681,0.0,26.65,0.31,none,31.03,1.85
2026-01-31 18:00:00,S2019,2019,23.0,87.1,48.86,6.14,0,0.0,16.74,0.35,none,25.11,0.41
2026-01-31 18:00:00,S2007,2007,24.32,90.3,54.9,6.89,2426,0.0,19.03,0.24,none,30.69,0.78
2026-01-31 18:00:00,S2010,2010,25.04,84.9,67.59,6.17,0,0.0,29.23,0.42,none,32.72,3.35
2026-01-31 18:00:00,S2014,2014,24.45,84.2,55.61,6.4,0,0.0,38.76,0.35,none,26.17,0.54
2026-01-31 18:00:00,S2008,2008,23.26,84.2,50.52,6.2,1364,0.0,35.12,0.31,none,23.62,1.36
2026-01-31 18:00:00,S2005,2005,25.6,84.5,74.63,6.39,2015,0.0,35.3,0.42,none,35.91,4.05
2026-01-31 18:00:00,S2012,2012,24.26,87.2,48.27,6.72,2289,0.0,22.62,0.24,none,24.9,0.66
2026-01-31 18:00:00,S2016,2016,23.3,91.3,59.64,6.94,676,0.0,21.36,0.28,none,33.86,2.21
2026-01-31 18:00:00,S2000,2000,23.08,89.7,66.99,7.13,1946,0.0,24.7,0.42,none,36.26,3.86
2026-01-31 18:00:00,S2013,2013,24.26,91.0,48.64,7.04,0,0.0,33.76,0.31,none,28.12,1.29
2026-01-31 18:00:00,S2009,2009,23.14,89.9,65.26,6.41,0,0.0,29.36,0.35,none,35.55,0.56
2026-01-31 18:00:00,S2003,2003,24.84,91.2,74.04,6.74,1519,0.0,17.04,0.31,none,40.98,1.28
2026-01-31 18:00:00,S2015,2015,24.87,80.4,51.05,6.59,276,0.0,26.67,0.42,none,20.85,2.95
2026-01-31 21:00:00,S2010,2010,22.91,85.1,63.51,6.68,2188,0.0,30.11,0.42,none,30.83,3.83
2026-01-31 21:00:00,S2005,2005,22.79,93.5,61.37,6.41,1239,0.0,34.95,0.42,none,36.48,4.66
2026-01-31 21:00:00,S2007,2007,24.03,84.6,52.11,6.93,1819,0.0,19.13,0.24,none,24.73,0.78
2026-01-31 21:00:00,S2000,2000,25.0,80.9,51.34,6.38,801,0.0,24.78,0.42,none,21.39,3.66
2026-01-31 21:00:00,S2011,2011,22.91,93.1,71.18,7.17,0,0.0,22.14,0.28,none,41.07,2.78
2026-01-31 21:00:00,S2019,2019,23.68,88.7,61.39,6.68,0,0.0,17.71,0.35,none,32.66,0.5
2026-01-31 21:00:00,S2003,2003,22.68,89.1,82.3,6.39,0,0.0,16.88,0.31,none,43.43,1.33
2026-01-31 21:00:00,S2017,2017,24.69,85.4,57.76,6.97,1619,0.0,25.93,0.24,none,28.2,0.78
2026-01-31 21:00:00,S2018,2018,24.35,81.4,52.16,6.51,0,0.0,26.54,0.31,none,22.2,1.44
2026-01-31 21:00:00,S2016,2016,23.1,88.5,60.56,7.08,894,0.0,19.66,0.28,none,32.08,2.36
2026-01-31 21:00:00,S2014,2014,24.75,87.4,70.53,6.47,0,0.0,37.95,0.35,none,36.19,0.61
2026-01-31 21:00:00,S2001,2001,24.24,84.8,64.44,6.89,0,0.0,17.33,0.28,none,31.06,2.78
2026-01-31 21:00:00,S2009,2009,24.47,87.2,55.76,6.51,0,0.0,29.08,0.35,none,28.64,0.43
2026-01-31 21:00:00,S2002,2002,25.02,83.6,49.7,7.15,0,0.0,13.46,0.24,none,22.73,0.72
2026-01-31 21:00:00,S2004,2004,24.91,83.7,71.18,6.21,0,0.0,27.68,0.35,none,33.55,0.62
2026-01-31 21:00:00,S2008,2008,23.89,85.6,51.17,6.61,0,0.0,35.04,0.31,none,25.06,1.28
2026-01-31 21:00:00,S2013,2013,23.97,92.5,75.87,7.17,306,0.0,34.16,0.31,none,42.94,1.74
2026-01-31 21:00:00,S2015,2015,24.49,91.7,61.79,6.4,0,0.0,28.0,0.42,none,35.26,3.21
2026-01-31 21:00:00,S2012,2012,24.61,91.7,46.43,6.14,2386,0.0,23.1,0.24,none,27.58,0.78
2026-01-31 21:00:00,S2006,2006,23.83,89.6,57.42,6.08,0,0.0,15.33,0.28,none,31.39,2.56
2026-02-01 00:00:00,S2002,2002,24.47,79.4,56.66,6.98,0,0.0,13.06,0.24,none,22.85,0.61
2026-02-01 00:00:00,S2000,2000,24.8,90.6,63.05,6.52,1436,0.0,26.1,0.42,none,35.0,4.09
2026-02-01 00:00:00,S2019,2019,25.15,83.6,54.13,6.37,1809,0.0,18.34,0.35,none,24.94,0.62
2026-02-01 00:00:00,S2014,2014,24.14,86.8,53.24,6.02,1594,0.0,38.3,0.35,none,27.06,0.49
2026-02-01 00:00:00,S2018,2018,23.0,93.8,55.12,6.9,0,0.0,27.22,0.31,none,33.6,1.91
2026-02-01 00:00:00,S2006,2006,23.41,93.8,58.18,7.17,0,0.0,15.66,0.28,none,35.13,1.83
2026-02-01 00:00:00,S2007,2007,24.46,90.6,58.7,6.6,0,0.0,20.84,0.24,none,32.83,0.69
2026-02-01 00:00:00,S2003,2003,24.78,89.1,52.97,6.55,0,0.0,16.48,0.31,none,28.76,1.54
2026-02-01 00:00:00,S2005,2005,23.55,85.5,56.13,6.08,0,0.0,36.95,0.42,none,27.47,3.62
2026-02-01 00:00:00,S2015,2015,25.07,86.1,60.24,7.16,558,0.0,28.22,0.42,none,30.0,4.24
2026-02-01 00:00:00,S2017,2017,24.0,83.2,71.91,6.84,1149,0.0,25.52,0.24,none,33.52,0.82
2026-02-01 00:00:00,S2004,2004,24.1,90.4,67.68,6.24,2301,0.0,27.08,0.35,none,37.16,0.55
2026-02-01 00:00:00,S2008,2008,22.78,91.5,50.21,6.34,0,0.0,33.04,0.31,none,29.31,1.85
2026-02-01 00:00:00,S2001,2001,24.59,82.4,55.52,7.17,0,0.0,17.57,0.28,none,24.68,1.81
2026-02-01 00:00:00,S2010,2010,22.87,96.4,48.22,7.03,2281,0.0,29.87,0.42,none,32.23,2.93
2026-02-01 00:00:00,S2012,2012,25.01,87.8,45.88,6.1,1860,0.0,22.3,0.24,none,24.18,0.55
2026-02-01 00:00:00,S2013,2013,24.02,88.5,70.26,6.34,996,0.0,32.8,0.31,none,36.93,1.21
2026-02-01 00:00:00,S2016,2016,23.84,87.7,48.64,6.93,0,0.0,20.79,0.28,none,25.48,1.96
2026-02-01 00:00:00,S2011,2011,22.81,87.7,54.41,6.27,0,0.0,22.03,0.28,none,28.37,2.71
2026-02-01 00:00:00,S2009,2009,23.55,91.9,58.98,6.86,0,0.0,31.83,0.35,none,34.01,0.49
2026-02-01 03:00:00,S2014,2014,24.89,85.9,61.29,6.99,0,0.0,37.42,0.35,none,30.37,0.55
2026-02-01 03:00:00,S2010,2010,24.97,89.0,73.28,7.18,610,0.0,31.15,0.42,none,38.84,3.96
2026-02-01 03:00:00,S2019,2019,22.66,92.8,57.58,7.06,1816,0.0,18.76,0.35,none,34.03,0.49
2026-02-01 03:00:00,S2004,2004,24.28,83.2,59.51,7.14,0,0.0,30.09,0.35,none,27.32,0.58
2026-02-01 03:00:00,S2001,2001,24.38,83.7,51.45,6.88,0,0.0,16.63,0.28,none,23.69,2.1
2026-02-01 03:00:00,S2006,2006,24.85,83.6,55.74,6.17,0,0.0,17.95,0.28,none,25.75,2.61
2026-02-01 03:00:00,S2016,2016,23.67,84.4,54.6,7.08,0,0.0,21.47,0.28,none,25.82,2.94
2026-02-01 03:00:00,S2012,2012,24.88,83.2,50.8,7.15,870,0.0,23.25,0.24,none,22.96,0.81
2026-02-01 03:00:00,S2009,2009,23.28,91.9,47.11,7.13,278,0.0,28.9,0.35,none,28.08,0.54
2026-02-01 03:00:00,S2003,2003,23.39,86.2,62.1,6.52,0,0.0,15.87,0.31,none,31.01,1.95
2026-02-01 03:00:00,S2007,2007,23.79,85.3,54.57,6.3,0,0.0,19.62,0.24,none,26.52,0.75
2026-02-01 03:00:00,S2017,2017,22.68,95.6,56.35,6.36,2005,0.0,26.83,0.24,none,35.66,0.62
2026-02-01 03:00:00,S2008,2008,23.21,88.3,55.92,6.71,2112,0.0,35.4,0.31,none,29.6,1.49
2026-02-01 03:00:00,S2000,2000,23.94,89.1,61.13,6.31,0,0.0,22.43,0.42,none,32.84,4.51
2026-02-01 03:00:00,S2018,2018,25.32,90.7,54.89,6.89,1120,0.0,27.23,0.31,none,31.01,1.3
2026-02-01 03:00:00,S2002,2002,24.27,86.8,76.78,6.54,0,0.0,13.07,0.24,none,38.83,0.86
2026-02-01 03:00:00,S2015,2015,23.86,89.8,61.63,6.55,0,0.0,29.79,0.42,none,33.66,3.07
2026-02-01 03:00:00,S2005,2005,24.49,83.6,54.78,6.24,0,0.0,35.98,0.42,none,25.27,3.41
2026-02-01 03:00:00,S2013,2013,24.45,85.1,54.45,7.08,448,0.0,32.49,0.31,none,26.3,1.59
2026-02-01 03:00:00,S2011,2011,24.37,85.5,64.01,7.17,391,0.0,21.73,0.28,none,31.41,2.81
2026-02-01 06:00:00,S2019,2019,24.36,89.2,55.7,6.54,2435,0.0,17.78,0.35,none,30.21,0.49
2026-02-01 06:00:00,S2004,2004,22.53,95.6,49.69,6.35,296,0.0,27.35,0.35,none,32.32,0.53
2026-02-01 06:00:00,S2014,2014,24.74,88.1,59.7,7.08,0,0.0,38.81,0.35,none,31.33,0.48
2026-02-01 06:00:00,S2002,2002,23.3,87.9,56.29,6.44,1294,0.0,14.22,0.24,none,29.47,0.63
2026-02-01 06:00:00,S2013,2013,23.66,83.9,53.64,7.02,2415,0.0,32.32,0.31,none,24.94,1.89
2026-02-01 06:00:00,S2008,2008,24.94,89.8,62.11,7.14,0,0.0,34.73,0.31,none,33.89,1.33
2026-02-01 06:00:00,S2012,2012,23.27,94.1,67.36,6.71,1096,0.0,23.24,0.24,none,39.96,0.7
2026-02-01 06:00:00,S2006,2006,22.54,94.8,54.37,7.08,2185,0.0,15.65,0.28,none,34.02,2.45
2026-02-01 06:00:00,S2015,2015,24.33,84.9,60.9,6.31,1211,0.0,29.3,0.42,none,29.37,3.17
2026-02-01 06:00:00,S2018,2018,23.53,93.8,73.55,6.12,0,0.0,28.61,0.31,none,42.81,1.75
2026-02-01 06:00:00,S2003,2003,24.16,88.2,63.01,6.98,0,0.0,17.36,0.31,none,33.06,1.43
2026-02-01 06:00:00,S2017,2017,24.95,85.6,51.82,7.12,421,0.0,27.03,0.24,none,25.39,0.74
2026-02-01 06:00:00,S2010,2010,23.48,88.6,58.34,7.03,0,0.0,31.46,0.42,none,31.05,2.91
2026-02-01 06:00:00,S2001,2001,22.73,84.6,60.89,6.67,57,0.0,16.25,0.28,none,29.12,2.27
2026-02-01 06:00:00,S2016,2016,22.54,92.0,59.94,6.83,1560,0.0,19.38,0.28,none,34.57,2.64
2026-02-01 06:00:00,S2007,2007,25.03,84.4,52.23,7.1,75,0.0,19.18,0.24,none,24.64,0.79
2026-02-01 06:00:00,S2011,2011,24.19,84.3,71.48,7.11,0,0.0,23.19,0.28,none,34.18,2.28
2026-02-01 06:00:00,S2000,2000,25.58,85.8,64.52,6.06,749,0.0,23.46,0.42,none,31.9,4.34
2026-02-01 06:00:00,S2009,2009,25.18,83.2,67.61,6.03,0,0.0,29.34,0.35,none,31.37,0.57
2026-02-01 06:00:00,S2005,2005,24.66,90.0,54.15,6.35,0,0.0,38.61,0.42,none,30.07,2.94
2026-02-01 09:00:00,S2019,2019,29.5,78.7,50.23,6.47,70736,0.0,19.71,0.35,none,20.08,0.59
2026-02-01 09:00:00,S2017,2017,30.64,78.5,48.02,6.76,68728,0.0,25.04,0.238,none,21.09,0.58
2026-02-01 09:00:00,S2011,2011,28.19,78.8,71.08,6.22,71591,0.0,23.32,0.28,none,29.58,2.34
2026-02-01 09:00:00,S2010,2010,30.44,73.1,42.61,6.01,69391,0.0,30.18,0.417,none,13.66,3.16
2026-02-01 09:00:00,S2005,2005,30.04,73.2,47.42,6.73,71229,0.0,37.47,0.42,none,15.35,4.56
2026-02-01 09:00:00,S2003,2003,27.41,78.8,53.11,6.51,70161,0.0,18.17,0.31,none,20.59,1.73
2026-02-01 09:00:00,S2002,2002,29.97,72.5,37.74,6.6,69083,2.48,14.08,0.24,none,9.81,0.78
2026-02-01 09:00:00,S2009,2009,29.48,80.7,45.61,6.16,70525,0.0,30.41,0.35,none,19.33,0.42
2026-02-01 09:00:00,S2007,2007,28.67,74.4,43.06,6.58,72618,0.0,20.46,0.24,none,12.05,0.56
2026-02-01 09:00:00,S2008,2008,30.19,80.8,43.99,6.06,70955,0.0,33.39,0.309,none,20.02,1.31
2026-02-01 09:00:00,S2014,2014,28.99,80.3,41.11,6.87,71621,0.0,38.67,0.35,none,15.79,0.5
2026-02-01 09:00:00,S2016,2016,29.47,78.4,48.85,6.28,72282,0.0,19.36,0.28,none,19.09,2.54
2026-02-01 09:00:00,S2004,2004,30.01,76.5,49.78,7.19,71715,0.0,27.36,0.35,none,19.11,0.45
2026-02-01 09:00:00,S2018,2018,29.4,79.2,45.26,6.38,71877,0.0,27.44,0.31,none,17.79,1.98
2026-02-01 09:00:00,S2012,2012,30.81,69.6,48.97,6.61,70540,0.0,21.95,0.237,none,14.78,0.6
2026-02-01 09:00:00,S2015,2015,29.55,81.0,55.55,6.48,71837,0.0,27.79,0.42,none,24.68,3.0
2026-02-01 09:00:00,S2006,2006,30.39,81.3,49.23,6.36,71389,0.0,16.29,0.279,none,23.43,2.61
2026-02-01 09:00:00,S2001,2001,27.89,83.5,36.25,6.59,72969,2.41,16.17,0.28,none,15.93,2.12
2026-02-01 09:00:00,S2000,2000,28.75,79.1,43.98,6.27,72759,0.0,24.17,0.42,none,16.27,3.92
2026-02-01 09:00:00,S2013,2013,30.66,69.5,38.7,6.93,68647,3.24,33.23,0.307,none,9.27,1.98
2026-02-01 12:00:00,S2003,2003,31.13,68.1,55.66,6.52,100762,0.0,15.78,0.305,none,17.57,1.81
2026-02-01 12:00:00,S2013,2013,30.95,74.0,64.91,7.16,99408,0.0,34.16,0.306,none,26.55,1.37
2026-02-01 12:00:00,S2009,2009,32.45,75.3,46.15,6.82,100834,0.0,30.58,0.338,none,21.22,0.58
2026-02-01 12:00:00,S2014,2014,30.95,78.2,61.59,6.59,98277,0.0,37.65,0.345,none,28.26,0.48
2026-02-01 12:00:00,S2004,2004,32.47,69.4,38.3,6.77,100258,2.61,29.47,0.338,none,12.61,0.5
2026-02-01 12:00:00,S2006,2006,31.08,76.4,47.66,6.22,102476,0.0,15.91,0.276,none,20.11,1.94
2026-02-01 12:00:00,S2000,2000,31.18,68.1,42.68,6.44,98001,2.42,23.63,0.413,none,11.18,3.92
2026-02-01 12:00:00,S2001,2001,29.86,70.7,47.08,7.18,97753,0.0,16.15,0.28,none,12.82,2.62
2026-02-01 12:00:00,S2010,2010,30.4,73.0,38.39,6.73,102246,2.48,30.88,0.418,none,11.39,4.49
2026-02-01 12:00:00,S2007,2007,32.31,74.5,47.4,7.14,98631,0.0,20.9,0.232,none,20.92,0.82
2026-02-01 12:00:00,S2002,2002,31.1,76.3,49.68,7.2,98242,0.0,15.17,0.236,none,21.08,0.73
2026-02-01 12:00:00,S2016,2016,31.73,73.9,52.39,6.87,102186,0.0,21.72,0.273,none,21.78,2.29
2026-02-01 12:00:00,S2012,2012,30.72,74.3,42.51,7.15,98571,3.2,21.9,0.238,none,15.13,0.71
2026-02-01 12:00:00,S2015,2015,31.32,76.3,44.26,6.0,102288,0.0,27.82,0.412,none,18.81,3.08
2026-02-01 12:00:00,S2011,2011,31.19,76.0,35.84,7.2,101000,2.6,22.93,0.275,none,14.1,2.74
2026-02-01 12:00:00,S2019,2019,29.69,76.2,35.15,6.25,102194,2.58,18.21,0.35,none,10.92,0.44
2026-02-01 12:00:00,S2005,2005,29.4,71.8,40.26,6.79,99942,0.0,37.4,0.42,none,9.37,4.53
2026-02-01 12:00:00,S2008,2008,31.98,73.8,41.28,7.12,102075,3.3,33.71,0.302,none,16.64,1.37
2026-02-01 12:00:00,S2017,2017,30.48,72.1,51.52,6.43,100568,0.0,24.85,0.238,none,17.4,0.76
2026-02-01 12:00:00,S2018,2018,30.02,77.4,42.13,6.04,98020,0.0,27.24,0.31,none,16.03,1.46
2026-02-01 15:00:00,S2000,2000,29.56,82.4,56.65,6.99,70991,0.0,24.06,0.42,none,26.37,3.39
2026-02-01 15:00:00,S2003,2003,28.65,72.5,63.7,6.49,69662,0.0,17.73,0.31,none,20.85,1.8
2026-02-01 15:00:00,S2007,2007,27.66,77.1,49.44,6.87,69894,0.0,19.6,0.24,none,17.4,0.77
2026-02-01 15:00:00,S2001,2001,28.17,80.6,49.02,6.77,68272,0.0,16.77,0.28,none,19.99,2.97
2026-02-01 15:00:00,S2011,2011,30.55,74.8,47.85,6.54,68709,0.0,23.7,0.278,none,17.87,2.5
2026-02-01 15:00:00,S2018,2018,28.87,82.4,43.79,6.69,68575,0.0,27.48,0.31,none,18.82,1.35
2026-02-01 15:00:00,S2015,2015,30.12,72.3,65.66,6.88,72687,0.0,27.02,0.419,none,23.91,2.97
2026-02-01 15:00:00,S2014,2014,29.83,79.4,38.33,6.29,68610,3.31,36.97,0.35,none,15.35,0.54
2026-02-01 15:00:00,S2010,2010,29.45,77.2,39.12,6.58,70610,2.38,31.66,0.42,none,13.22,2.91
2026-02-01 15:00:00,S2016,2016,29.28,73.8,52.46,6.69,72786,0.0,19.34,0.28,none,16.83,2.56
2026-02-01 15:00:00,S2005,2005,29.67,79.9,62.6,6.94,68778,0.0,38.33,0.42,none,27.56,3.23
2026-02-01 15:00:00,S2006,2006,28.71,76.5,41.58,6.74,69458,0.0,16.94,0.28,none,12.99,2.74
2026-02-01 15:00:00,S2012,2012,28.35,83.4,45.34,7.06,70221,0.0,22.46,0.24,none,20.39,0.82
2026-02-01 15:00:00,S2008,2008,29.39,75.9,50.35,6.18,69667,0.0,35.43,0.31,none,17.68,1.52
2026-02-01 15:00:00,S2017,2017,29.25,78.5,58.15,6.53,71249,0.0,26.96,0.24,none,23.38,0.75
2026-02-01 15:00:00,S2002,2002,28.81,82.7,50.25,7.03,70995,0.0,14.26,0.24,none,22.29,0.86
2026-02-01 15:00:00,S2013,2013,29.28,72.4,47.36,6.96,71619,0.0,34.08,0.31,none,13.16,1.91
2026-02-01 15:00:00,S2009,2009,29.87,70.3,56.85,6.61,68983,0.0,30.1,0.35,none,17.41,0.38
2026-02-01 15:00:00,S2004,2004,27.67,81.8,46.19,6.19,70375,0.0,28.94,0.35,none,19.53,0.6
2026-02-01 15:00:00,S2019,2019,28.21,82.7,53.87,6.71,72521,0.0,19.62,0.35,none,24.1,0.42
2026-02-01 18:00:00,S2003,2003,22.58,91.3,73.09,6.34,0,0.0,15.44,0.31,none,40.59,1.73
2026-02-01 18:00:00,S2000,2000,25.11,81.9,57.6,7.16,0,0.0,24.97,0.42,none,25.32,4.48
2026-02-01 18:00:00,S2007,2007,24.39,84.8,54.49,6.33,2108,0.0,20.36,0.24,none,26.09,0.71
2026-02-01 18:00:00,S2005,2005,23.14,87.3,60.28,6.71,431,0.0,35.43,0.42,none,30.98,3.79
2026-02-01 18:00:00,S2010,2010,22.62,86.9,67.2,6.66,1844,0.0,31.16,0.42,none,34.12,4.18
2026-02-01 18:00:00,S2006,2006,24.22,88.9,49.45,6.75,1615,0.0,17.28,0.28,none,26.85,2.47
2026-02-01 18:00:00,S2016,2016,24.53,89.8,46.87,6.77,1504,0.0,20.49,0.28,none,26.27,1.96
2026-02-01 18:00:00,S2011,2011,25.69,82.6,66.77,6.16,2422,0.0,22.65,0.28,none,30.46,2.27
2026-02-01 18:00:00,S2004,2004,24.88,83.0,67.14,6.57,2205,0.0,29.27,0.35,none,30.97,0.48
2026-02-01 18:00:00,S2019,2019,22.66,87.0,62.26,7.15,212,0.0,17.97,0.35,none,31.73,0.51
2026-02-01 18:00:00,S2009,2009,23.41,91.2,60.7,7.12,0,0.0,29.75,0.35,none,34.31,0.62
2026-02-01 18:00:00,S2013,2013,24.0,91.9,49.04,6.78,0,0.0,32.6,0.31,none,29.04,1.72
2026-02-01 18:00:00,S2008,2008,23.15,87.2,60.66,6.32,0,0.0,32.89,0.31,none,31.09,1.69
2026-02-01 18:00:00,S2018,2018,22.55,87.5,53.69,6.41,0,0.0,26.57,0.31,none,27.84,1.87
2026-02-01 18:00:00,S2017,2017,22.56,92.3,50.04,6.12,0,0.0,25.89,0.24,none,29.86,0.76
2026-02-01 18:00:00,S2001,2001,23.65,90.1,49.62,7.02,2031,0.0,16.54,0.28,none,27.89,2.17
2026-02-01 18:00:00,S2015,2015,25.07,90.0,47.27,7.05,0,0.0,25.95,0.42,none,26.64,4.58
2026-02-01 18:00:00,S2002,2002,24.83,87.1,48.51,6.08,0,0.0,15.18,0.24,none,24.93,0.79
2026-02-01 18:00:00,S2014,2014,24.31,82.3,54.62,6.95,0,0.0,37.27,0.35,none,24.15,0.41
2026-02-01 18:00:00,S2012,2012,25.13,82.8,65.26,6.67,2326,0.0,22.6,0.24,none,29.87,0.6
2026-02-01 21:00:00,S2001,2001,25.61,86.2,66.36,6.4,0,0.0,16.56,0.28,none,33.14,2.7
2026-02-01 21:00:00,S2018,2018,23.4,87.9,91.33,6.94,0,0.0,27.22,0.31,fungal_leaf_spot,46.99,1.33
2026-02-01 21:00:00,S2010,2010,25.44,83.0,67.17,6.95,0,0.0,31.51,0.42,none,30.99,3.96
2026-02-01 21:00:00,S2002,2002,25.33,86.4,68.13,6.68,716,0.0,14.42,0.24,none,34.19,0.66
2026-02-01 21:00:00,S2019,2019,23.61,89.8,48.62,6.65,1674,0.0,17.15,0.35,none,27.15,0.4
2026-02-01 21:00:00,S2000,2000,25.12,88.1,54.84,6.69,0,0.0,25.39,0.42,none,28.9,3.46
2026-02-01 21:00:00,S2007,2007,22.94,87.3,56.49,6.37,0,0.0,20.26,0.24,none,29.09,0.58
2026-02-01 21:00:00,S2016,2016,25.21,89.7,58.64,7.02,0,0.0,19.7,0.28,none,32.08,2.43
2026-02-01 21:00:00,S2004,2004,23.54,88.0,56.25,6.22,1069,0.0,29.61,0.35,none,29.53,0.49
2026-02-01 21:00:00,S2003,2003,22.69,93.7,64.45,6.12,0,0.0,17.02,0.31,none,38.19,1.34
2026-02-01 21:00:00,S2008,2008,24.39,84.5,48.78,7.18,2271,0.0,35.6,0.31,none,22.99,1.55
2026-02-01 21:00:00,S2005,2005,23.45,89.0,55.8,6.7,1726,0.0,36.8,0.42,none,30.1,3.04
2026-02-01 21:00:00,S2006,2006,23.3,91.0,62.27,6.96,798,0.0,16.55,0.28,none,34.94,2.19
2026-02-01 21:00:00,S2015,2015,24.44,81.9,52.48,6.95,1353,0.0,29.42,0.42,none,22.76,3.21
2026-02-01 21:00:00,S2017,2017,23.61,88.2,62.31,6.13,0,0.0,26.5,0.24,none,32.72,0.86
2026-02-01 21:00:00,S2011,2011,24.39,83.0,57.52,6.75,0,0.0,23.02,0.28,none,26.16,2.55
2026-02-01 21:00:00,S2013,2013,25.58,78.8,48.07,6.21,365,0.0,34.68,0.31,none,18.07,1.83
2026-02-01 21:00:00,S2012,2012,24.8,88.8,81.58,7.15,821,0.0,22.86,0.24,none,42.83,0.82
2026-02-01 21:00:00,S2009,2009,23.59,93.1,76.25,6.27,0,0.0,29.2,0.35,none,43.6,0.62
2026-02-01 21:00:00,S2014,2014,25.27,92.0,60.07,6.41,1070,0.0,38.46,0.35,none,34.64,0.62
2026-02-02 00:00:00,S2001,2001,25.03,84.2,67.32,6.03,73,0.0,18.52,0.28,none,32.02,2.47
2026-02-02 00:00:00,S2015,2015,23.02,89.4,46.28,6.92,0,0.0,26.42,0.42,none,25.66,4.6
2026-02-02 00:00:00,S2018,2018,23.89,92.4,59.47,6.69,0,0.0,28.29,0.31,none,34.66,1.63
2026-02-02 00:00:00,S2011,2011,23.5,92.7,69.08,7.13,0,0.0,23.41,0.28,none,39.7,2.3
2026-02-02 00:00:00,S2012,2012,25.72,88.6,58.95,6.53,0,0.0,21.79,0.24,none,31.35,0.81
2026-02-02 00:00:00,S2016,2016,24.11,91.7,49.81,6.88,831,0.0,20.56,0.28,none,29.27,2.96
2026-02-02 00:00:00,S2017,2017,24.6,92.6,57.4,6.82,0,0.0,26.29,0.24,none,33.78,0.66
2026-02-02 00:00:00,S2010,2010,25.38,86.3,53.08,6.11,0,0.0,30.99,0.42,none,26.58,3.52
2026-02-02 00:00:00,S2007,2007,24.0,86.6,52.04,6.85,0,0.0,19.03,0.24,none,26.3,0.56
2026-02-02 00:00:00,S2005,2005,23.62,89.8,58.62,6.08,0,0.0,37.11,0.42,none,32.15,4.41
2026-02-02 00:00:00,S2000,2000,25.6,81.7,58.06,6.16,0,0.0,25.28,0.42,none,25.39,3.72
2026-02-02 00:00:00,S2003,2003,24.47,89.4,52.99,6.27,2272,0.0,16.67,0.31,none,29.02,1.35
2026-02-02 00:00:00,S2009,2009,24.74,89.6,59.91,6.24,0,0.0,30.28,0.35,none,32.63,0.52
2026-02-02 00:00:00,S2006,2006,23.04,87.6,51.7,6.35,1945,0.0,16.79,0.28,none,26.93,2.34
2026-02-02 00:00:00,S2008,2008,23.45,92.4,55.91,6.52,746,0.0,33.84,0.31,none,32.88,1.4
2026-02-02 00:00:00,S2002,2002,24.14,86.6,61.72,6.54,472,0.0,13.41,0.24,none,31.14,0.65
2026-02-02 00:00:00,S2014,2014,24.0,85.4,52.05,6.96,1443,0.0,38.77,0.35,none,25.35,0.59
2026-02-02 00:00:00,S2004,2004,23.99,87.7,47.79,6.67,0,0.0,27.45,0.35,none,25.06,0.42
2026-02-02 00:00:00,S2019,2019,25.19,82.9,59.35,6.28,0,0.0,19.39,0.35,none,27.0,0.56
2026-02-02 00:00:00,S2013,2013,24.72,82.0,56.36,6.6,0,0.0,34.17,0.31,none,24.78,1.32
2026-02-02 03:00:00,S2017,2017,22.81,92.7,65.09,6.67,0,0.0,27.14,0.24,none,37.71,0.71
2026-02-02 03:00:00,S2010,2010,23.54,84.6,60.22,6.54,1821,0.0,31.59,0.42,none,28.79,4.17
2026-02-02 03:00:00,S2003,2003,22.76,93.8,48.91,6.17,506,0.0,17.11,0.31,none,30.49,1.72
2026-02-02 03:00:00,S2005,2005,22.71,85.4,54.7,6.34,2496,0.0,35.44,0.42,none,26.67,3.13
2026-02-02 03:00:00,S2006,2006,25.4,83.3,56.51,6.4,1118,0.0,18.21,0.28,none,25.89,2.87
2026-02-02 03:00:00,S2009,2009,22.66,86.8,73.15,6.71,635,0.0,29.92,0.35,none,37.02,0.4
2026-02-02 03:00:00,S2013,2013,22.6,85.2,60.59,6.68,0,0.0,32.9,0.31,none,29.46,1.7
2026-02-02 03:00:00,S2007,2007,22.91,86.2,57.73,6.36,0,0.0,19.4,0.24,none,28.83,0.71
2026-02-02 03:00:00,S2011,2011,23.28,92.5,68.79,6.12,1900,0.0,22.27,0.28,none,39.4,2.07
2026-02-02 03:00:00,S2012,2012,24.43,83.8,45.43,6.63,0,0.0,23.02,0.24,none,20.75,0.78
2026-02-02 03:00:00,S2015,2015,25.17,84.8,56.81,6.61,1012,0.0,28.82,0.42,none,27.25,3.75
2026-02-02 03:00:00,S2016,2016,24.72,83.8,61.2,6.95,742,0.0,21.06,0.28,none,28.64,2.0
2026-02-02 03:00:00,S2019,2019,24.35,88.6,70.33,6.61,86,0.0,19.38,0.35,none,37.04,0.54
2026-02-02 03:00:00,S2008,2008,22.59,89.4,69.71,7.1,0,0.0,34.12,0.31,none,37.38,1.6
2026-02-02 03:00:00,S2018,2018,24.53,85.1,78.96,6.14,88,0.0,27.25,0.31,none,38.56,1.92
2026-02-02 03:00:00,S2002,2002,23.08,90.2,55.64,6.29,1325,0.0,13.66,0.24,none,30.98,0.54
2026-02-02 03:00:00,S2000,2000,25.27,83.1,56.95,6.67,0,0.0,22.73,0.42,none,25.95,4.18
2026-02-02 03:00:00,S2004,2004,24.56,82.9,54.54,7.08,0,0.0,29.74,0.35,none,24.59,0.54
2026-02-02 03:00:00,S2001,2001,23.0,92.3,61.6,6.47,0,0.0,17.34,0.28,none,35.64,1.9
2026-02-02 03:00:00,S2014,2014,23.24,85.9,71.4,6.9,0,0.0,37.49,0.35,none,35.42,0.61
2026-02-02 06:00:00,S2014,2014,22.95,87.8,52.05,6.34,0,0.0,37.63,0.35,none,27.26,0.58
2026-02-02 06:00:00,S2008,2008,23.19,88.9,81.63,6.25,1372,0.0,34.57,0.31,none,42.94,1.26
2026-02-02 06:00:00,S2000,2000,22.95,87.7,54.83,6.94,957,0.0,26.43,0.42,none,28.58,3.44
2026-02-02 06:00:00,S2010,2010,24.43,86.1,71.65,6.59,1209,0.0,30.38,0.42,none,35.7,4.53
2026-02-02 06:00:00,S2005,2005,24.24,89.7,65.17,6.61,0,0.0,37.99,0.42,none,35.35,4.27
2026-02-02 06:00:00,S2001,2001,23.89,84.9,53.77,6.93,0,0.0,18.24,0.28,none,25.81,2.78
2026-02-02 06:00:00,S2009,2009,22.9,92.0,71.27,7.15,0,0.0,29.44,0.35,none,40.23,0.56
2026-02-02 06:00:00,S2003,2003,24.71,87.2,56.22,7.09,2212,0.0,17.1,0.31,none,28.87,1.75
2026-02-02 06:00:00,S2011,2011,23.97,87.9,64.73,6.38,0,0.0,22.12,0.28,none,33.69,2.8
2026-02-02 06:00:00,S2007,2007,24.98,85.0,62.53,6.86,0,0.0,20.73,0.24,none,30.27,0.56
2026-02-02 06:00:00,S2006,2006,24.79,91.7,66.21,6.58,0,0.0,17.65,0.28,none,37.47,2.88
2026-02-02 06:00:00,S2013,2013,23.5,91.4,62.7,6.74,0,0.0,34.59,0.31,none,35.47,1.54
2026-02-02 06:00:00,S2002,2002,23.48,89.6,50.23,7.11,0,0.0,13.84,0.24,none,27.79,0.58
2026-02-02 06:00:00,S2016,2016,23.36,95.3,47.62,6.28,623,0.0,21.76,0.28,none,31.05,2.23
2026-02-02 06:00:00,S2019,2019,24.65,83.6,58.74,6.53,804,0.0,16.99,0.35,none,27.25,0.62
2026-02-02 06:00:00,S2018,2018,24.65,82.9,57.63,6.43,0,0.0,26.76,0.31,none,26.14,1.79
2026-02-02 06:00:00,S2004,2004,23.97,90.2,89.38,6.21,1264,0.0,30.48,0.35,fungal_leaf_spot,47.85,0.48
2026-02-02 06:00:00,S2012,2012,25.27,79.2,66.3,7.14,0,0.0,21.7,0.24,none,27.51,0.62
2026-02-02 06:00:00,S2015,2015,22.46,91.3,55.83,6.39,0,0.0,27.13,0.42,none,31.95,3.8
2026-02-02 06:00:00,S2017,2017,24.15,82.9,65.09,7.15,117,0.0,26.83,0.24,none,29.87,0.55
2026-02-02 09:00:00,S2012,2012,27.85,73.7,48.25,6.69,70630,0.0,22.12,0.24,none,14.09,0.85
2026-02-02 09:00:00,S2016,2016,29.57,79.3,50.34,6.33,70463,0.0,21.66,0.28,none,20.75,1.94
2026-02-02 09:00:00,S2009,2009,28.52,74.3,60.32,6.68,72144,0.0,29.68,0.35,none,20.6,0.61
2026-02-02 09:00:00,S2008,2008,27.56,83.2,57.59,7.07,71961,0.0,35.87,0.31,none,26.36,1.4
2026-02-02 09:00:00,S2001,2001,30.16,74.9,49.05,6.42,69681,0.0,17.55,0.279,none,17.77,2.32
2026-02-02 09:00:00,S2005,2005,27.96,84.2,39.17,6.57,71289,2.38,36.65,0.42,none,17.95,4.16
2026-02-02 09:00:00,S2015,2015,28.69,82.7,37.49,6.14,69758,2.4,27.31,0.42,none,15.91,3.01
2026-02-02 09:00:00,S2006,2006,30.2,76.5,44.41,6.24,70602,0.0,17.16,0.279,none,16.8,2.34
2026-02-02 09:00:00,S2000,2000,27.74,78.4,56.71,7.08,71483,0.0,25.94,0.42,none,22.08,3.2
2026-02-02 09:00:00,S2019,2019,30.02,75.2,41.98,6.37,71964,2.37,18.27,0.35,none,14.19,0.53
2026-02-02 09:00:00,S2013,2013,30.56,75.8,66.98,6.78,73065,0.0,34.79,0.308,none,28.25,1.44
2026-02-02 09:00:00,S2004,2004,29.93,72.3,41.83,6.08,70673,2.36,27.5,0.35,none,11.61,0.46
2026-02-02 09:00:00,S2002,2002,29.14,74.1,44.55,6.07,71285,0.0,14.65,0.24,none,12.83,0.61
2026-02-02 09:00:00,S2011,2011,30.11,75.7,39.99,7.11,71776,2.45,22.86,0.28,none,13.78,2.45
2026-02-02 09:00:00,S2014,2014,29.41,76.0,50.73,6.97,69581,0.0,37.05,0.35,none,17.98,0.6
2026-02-02 09:00:00,S2003,2003,27.21,75.3,56.47,6.74,68259,0.0,16.16,0.31,none,19.47,1.4
2026-02-02 09:00:00,S2018,2018,29.17,78.8,70.01,6.55,72934,0.0,27.0,0.31,none,29.39,1.89
2026-02-02 09:00:00,S2010,2010,30.28,77.3,60.15,7.18,71260,0.0,29.59,0.418,none,25.48,4.45
2026-02-02 09:00:00,S2007,2007,28.05,77.3,44.83,6.4,68715,0.0,20.14,0.24,none,15.25,0.58
2026-02-02 09:00:00,S2017,2017,29.38,70.9,53.89,7.13,71156,0.0,25.07,0.24,none,15.43,0.77
2026-02-02 12:00:00,S2016,2016,30.81,69.5,42.13,7.04,102478,0.0,21.1,0.277,none,11.29,2.76
2026-02-02 12:00:00,S2008,2008,31.7,68.5,38.6,6.43,100790,3.46,34.35,0.303,none,10.5,1.85
2026-02-02 12:00:00,S2007,2007,30.61,69.2,46.18,6.5,101696,0.0,19.36,0.238,none,12.67,0.69
2026-02-02 12:00:00,S2015,2015,29.55,80.0,46.77,6.17,98101,0.0,29.64,0.42,none,19.49,4.19
2026-02-02 12:00:00,S2001,2001,31.59,68.2,50.73,6.76,102043,0.0,18.3,0.274,none,16.11,2.28
2026-02-02 12:00:00,S2000,2000,31.48,68.4,33.84,7.06,102499,2.69,24.57,0.408,none,7.6,4.32
2026-02-02 12:00:00,S2017,2017,30.7,70.3,38.12,6.38,98289,3.22,25.65,0.238,none,9.7,0.71
2026-02-02 12:00:00,S2002,2002,31.86,67.7,54.29,7.05,101529,0.0,13.84,0.234,none,18.03,0.6
2026-02-02 12:00:00,S2014,2014,32.67,73.1,40.95,6.63,99285,3.34,37.05,0.337,none,17.3,0.54
2026-02-02 12:00:00,S2018,2018,31.65,66.5,44.69,6.59,99327,0.0,26.7,0.303,none,11.84,1.21
2026-02-02 12:00:00,S2009,2009,29.23,78.2,44.59,6.83,99720,0.0,32.12,0.35,none,16.32,0.53
2026-02-02 12:00:00,S2010,2010,29.54,80.9,70.03,6.32,97522,0.0,30.22,0.42,none,31.82,3.33
2026-02-02 12:00:00,S2006,2006,31.32,76.2,48.84,6.93,101106,0.0,16.13,0.275,none,21.02,2.22
2026-02-02 12:00:00,S2003,2003,31.47,77.3,55.15,6.88,101571,0.0,15.79,0.304,none,25.35,1.82
2026-02-02 12:00:00,S2019,2019,30.88,73.2,40.59,6.9,100270,0.0,18.12,0.346,none,13.62,0.48
2026-02-02 12:00:00,S2011,2011,31.95,74.1,40.88,6.24,98072,2.43,22.09,0.273,none,16.62,2.19
2026-02-02 12:00:00,S2012,2012,30.85,73.8,43.92,6.88,100931,0.0,22.63,0.237,none,15.7,0.67
2026-02-02 12:00:00,S2005,2005,31.95,70.9,53.59,6.92,97943,0.0,36.98,0.409,none,20.42,3.4
2026-02-02 12:00:00,S2013,2013,31.77,67.6,50.33,6.01,101262,0.0,34.9,0.303,none,15.78,1.31
2026-02-02 12:00:00,S2004,2004,30.43,71.6,50.49,6.59,100361,0.0,27.92,0.348,none,16.38,0.38
2026-02-02 15:00:00,S2000,2000,27.68,80.8,48.54,6.53,72798,0.0,25.64,0.42,none,19.91,4.3
2026-02-02 15:00:00,S2003,2003,30.2,80.0,42.94,6.92,72926,0.0,16.34,0.309,none,18.87,1.9
2026-02-02 15:00:00,S2011,2011,28.4,78.5,51.92,6.17,71638,0.0,23.49,0.28,none,19.76,2.56
2026-02-02 15:00:00,S2016,2016,29.46,80.8,40.37,6.12,68970,2.34,19.9,0.28,none,16.75,2.42
2026-02-02 15:00:00,S2019,2019,29.11,77.8,38.92,7.18,72450,2.39,18.79,0.35,none,12.92,0.55
2026-02-02 15:00:00,S2014,2014,29.04,77.6,42.78,6.58,70501,0.0,37.79,0.35,none,14.55,0.38
2026-02-02 15:00:00,S2010,2010,28.31,79.8,49.12,6.27,72947,0.0,32.35,0.42,none,19.4,3.56
2026-02-02 15:00:00,S2008,2008,29.38,75.6,47.33,6.27,71110,0.0,35.03,0.31,none,15.9,1.71
2026-02-02 15:00:00,S2009,2009,27.86,73.9,45.03,6.63,72387,0.0,31.19,0.35,none,12.64,0.4
2026-02-02 15:00:00,S2005,2005,28.68,77.4,36.25,6.84,69253,2.51,36.98,0.42,none,11.05,4.68
2026-02-02 15:00:00,S2018,2018,29.53,75.8,35.76,6.87,70795,2.52,28.1,0.31,none,10.58,1.68
2026-02-02 15:00:00,S2012,2012,29.27,77.1,53.89,6.09,70368,0.0,22.28,0.24,none,20.16,0.86
2026-02-02 15:00:00,S2001,2001,30.0,78.8,42.18,6.63,72032,0.0,18.14,0.28,none,17.13,2.38
2026-02-02 15:00:00,S2007,2007,29.85,80.9,59.16,7.12,72494,0.0,19.83,0.24,none,27.0,0.7
2026-02-02 15:00:00,S2015,2015,30.51,72.0,55.94,7.16,68347,0.0,27.29,0.417,none,19.59,3.1
2026-02-02 15:00:00,S2017,2017,28.59,75.2,50.62,6.14,70702,0.0,25.11,0.24,none,16.47,0.85
2026-02-02 15:00:00,S2006,2006,29.11,71.7,45.14,7.15,71870,0.0,16.32,0.28,none,11.15,2.17
2026-02-02 15:00:00,S2002,2002,28.98,71.7,51.57,6.15,68703,0.0,13.24,0.24,none,14.15,0.86
2026-02-02 15:00:00,S2013,2013,29.06,74.3,44.25,6.24,73041,0.0,33.84,0.31,none,12.68,1.27
2026-02-02 15:00:00,S2004,2004,29.1,80.2,54.27,6.23,69553,0.0,27.96,0.35,none,22.5,0.61
2026-02-02 18:00:00,S2004,2004,24.84,84.6,44.73,6.03,0,0.0,30.35,0.35,none,21.04,0.59
2026-02-02 18:00:00,S2007,2007,24.87,84.0,55.73,6.1,0,0.0,21.31,0.24,none,26.07,0.67
2026-02-02 18:00:00,S2017,2017,23.5,83.4,57.12,6.45,1348,0.0,26.94,0.24,none,26.28,0.58
2026-02-02 18:00:00,S2010,2010,23.88,86.3,53.44,6.52,0,0.0,32.21,0.42,none,26.76,3.58
2026-02-02 18:00:00,S2000,2000,25.2,83.3,47.9,6.82,0,0.0,23.87,0.42,none,21.59,3.6
2026-02-02 18:00:00,S2019,2019,25.19,84.0,54.45,6.59,1166,0.0,18.95,0.35,none,25.43,0.59
2026-02-02 18:00:00,S2009,2009,24.47,89.1,53.06,6.48,313,0.0,29.23,0.35,none,28.81,0.43
2026-02-02 18:00:00,S2013,2013,22.14,89.4,64.39,6.87,0,0.0,34.83,0.31,none,34.72,1.37
2026-02-02 18:00:00,S2001,2001,23.81,85.0,64.16,6.17,2335,0.0,16.9,0.28,none,31.08,1.99
2026-02-02 18:00:00,S2015,2015,25.14,91.8,48.31,6.32,1586,0.0,29.81,0.42,none,28.59,3.83
2026-02-02 18:00:00,S2006,2006,25.48,84.3,49.48,7.17,1624,0.0,18.27,0.28,none,23.18,2.45
2026-02-02 18:00:00,S2002,2002,25.21,88.0,67.9,7.17,625,0.0,13.42,0.24,none,35.35,0.83
2026-02-02 18:00:00,S2016,2016,23.4,90.3,63.24,6.53,0,0.0,20.78,0.28,none,34.86,1.91
2026-02-02 18:00:00,S2014,2014,24.49,90.6,47.88,6.12,0,0.0,38.01,0.35,none,27.42,0.49
2026-02-02 18:00:00,S2003,2003,24.17,87.7,70.22,6.36,1852,0.0,18.52,0.31,none,36.27,1.65
2026-02-02 18:00:00,S2012,2012,25.37,87.5,55.79,6.69,292,0.0,21.6,0.24,none,28.89,0.86
2026-02-02 18:00:00,S2008,2008,23.46,92.9,59.56,6.4,0,0.0,34.73,0.31,none,35.1,1.59
2026-02-02 18:00:00,S2011,2011,24.57,89.5,61.08,6.72,1702,0.0,22.17,0.28,none,33.14,2.32
2026-02-02 18:00:00,S2005,2005,25.58,80.9,50.02,7.13,0,0.0,38.92,0.42,none,20.73,2.87
2026-02-02 18:00:00,S2018,2018,24.71,89.0,57.42,7.16,0,0.0,26.83,0.31,none,30.91,1.69
2026-02-02 21:00:00,S2000,2000,22.98,95.9,66.88,6.49,89,0.0,25.04,0.42,none,41.16,3.56
2026-02-02 21:00:00,S2008,2008,24.44,86.1,54.77,6.91,0,0.0,35.24,0.31,none,27.26,1.35
2026-02-02 21:00:00,S2001,2001,22.44,89.8,66.47,6.31,298,0.0,16.25,0.28,none,36.08,2.08
2026-02-02 21:00:00,S2003,2003,23.87,90.7,59.3,6.71,0,0.0,16.69,0.31,none,33.21,1.95
2026-02-02 21:00:00,S2018,2018,25.18,82.8,64.52,6.06,987,0.0,26.48,0.31,none,29.5,1.75
2026-02-02 21:00:00,S2004,2004,25.4,85.7,49.27,6.37,1779,0.0,29.35,0.35,none,24.2,0.47
2026-02-02 21:00:00,S2009,2009,24.52,87.5,57.68,7.19,0,0.0,31.9,0.35,none,29.84,0.49
2026-02-02 21:00:00,S2016,2016,23.38,91.5,56.88,7.2,0,0.0,20.82,0.28,none,32.64,1.93
2026-02-02 21:00:00,S2005,2005,24.02,89.7,48.28,6.22,1617,0.0,38.73,0.42,none,26.9,4.65
2026-02-02 21:00:00,S2014,2014,24.88,85.3,59.13,6.99,522,0.0,36.73,0.35,none,28.8,0.38
2026-02-02 21:00:00,S2013,2013,22.96,86.4,57.35,7.04,1173,0.0,33.51,0.31,none,28.8,1.34
2026-02-02 21:00:00,S2012,2012,24.1,85.1,66.88,7.19,0,0.0,22.82,0.24,none,32.52,0.67
2026-02-02 21:00:00,S2011,2011,25.19,82.8,53.82,7.1,1235,0.0,23.14,0.28,none,24.15,2.1
2026-02-02 21:00:00,S2007,2007,23.74,84.1,52.42,7.05,0,0.0,19.29,0.24,none,24.49,0.59
2026-02-02 21:00:00,S2002,2002,24.29,85.5,55.05,6.2,0,0.0,15.45,0.24,none,26.93,0.72
2026-02-02 21:00:00,S2010,2010,24.84,90.1,68.84,6.71,1081,0.0,33.09,0.42,none,37.5,4.18
2026-02-02 21:00:00,S2006,2006,25.4,84.6,46.66,6.75,436,0.0,18.11,0.28,none,22.01,2.65
2026-02-02 21:00:00,S2015,2015,25.18,82.8,45.39,6.7,1934,0.0,29.84,0.42,none,19.93,4.66
2026-02-02 21:00:00,S2017,2017,23.88,83.3,53.02,7.15,954,0.0,25.91,0.24,none,24.15,0.71
2026-02-02 21:00:00,S2019,2019,25.39,88.9,66.37,6.91,1619,0.0,18.19,0.35,none,35.31,0.52
2026-02-03 00:00:00,S2019,2019,23.44,90.7,59.23,6.11,0,0.0,20.07,0.35,none,33.17,0.44
2026-02-03 00:00:00,S2014,2014,23.62,93.3,53.71,6.58,775,0.0,36.87,0.35,none,32.5,0.51
2026-02-03 00:00:00,S2000,2000,25.74,83.6,64.47,6.14,110,0.0,24.28,0.42,none,30.11,3.89
2026-02-03 00:00:00,S2008,2008,24.98,82.0,63.26,6.17,0,0.0,34.24,0.31,none,28.23,1.29
2026-02-03 00:00:00,S2005,2005,24.85,85.5,57.76,6.57,610,0.0,39.51,0.42,none,28.28,4.46
2026-02-03 00:00:00,S2002,2002,24.77,83.7,49.39,7.17,0,0.0,13.98,0.24,none,22.66,0.66
2026-02-03 00:00:00,S2010,2010,24.83,83.8,63.11,6.08,0,0.0,33.15,0.42,none,29.59,3.58
2026-02-03 00:00:00,S2016,2016,23.35,87.4,50.37,6.69,0,0.0,20.15,0.28,none,26.11,2.71
2026-02-03 00:00:00,S2007,2007,25.01,89.4,61.2,6.53,0,0.0,21.19,0.24,none,33.12,0.76
2026-02-03 00:00:00,S2017,2017,24.9,87.2,73.58,7.17,296,0.0,25.63,0.24,none,37.55,0.63
2026-02-03 00:00:00,S2015,2015,23.22,94.0,61.52,6.96,0,0.0,27.78,0.42,none,36.96,4.08
2026-02-03 00:00:00,S2013,2013,25.16,81.4,70.93,6.46,1673,0.0,34.67,0.31,none,31.59,1.54
2026-02-03 00:00:00,S2004,2004,22.38,90.1,54.56,6.58,285,0.0,27.76,0.35,none,30.36,0.42
2026-02-03 00:00:00,S2011,2011,25.35,84.3,54.21,6.06,0,0.0,22.87,0.28,none,25.54,2.68
2026-02-03 00:00:00,S2006,2006,23.81,91.6,56.01,6.77,2107,0.0,16.36,0.28,none,32.28,2.21
2026-02-03 00:00:00,S2012,2012,22.25,87.3,54.08,6.4,316,0.0,21.74,0.24,none,27.88,0.56
2026-02-03 00:00:00,S2001,2001,24.31,85.9,54.06,6.61,738,0.0,18.35,0.28,none,26.75,2.68
2026-02-03 00:00:00,S2018,2018,25.27,86.8,50.41,6.34,376,0.0,29.23,0.31,none,25.64,1.76
2026-02-03 00:00:00,S2003,2003,23.65,86.0,68.07,7.0,1530,0.0,18.59,0.31,none,33.83,1.66
2026-02-03 00:00:00,S2009,2009,23.6,85.8,62.05,6.72,973,0.0,32.33,0.35,none,30.66,0.57
2026-02-03 03:00:00,S2001,2001,24.55,91.8,62.19,6.3,796,0.0,17.8,0.28,none,35.53,2.01
2026-02-03 03:00:00,S2015,2015,24.15,89.9,62.01,6.89,0,0.0,29.87,0.42,none,33.93,3.73
2026-02-03 03:00:00,S2018,2018,24.39,85.0,72.03,6.12,408,0.0,27.64,0.31,none,35.02,1.86
2026-02-03 03:00:00,S2002,2002,22.55,87.9,53.9,6.2,0,0.0,14.04,0.24,none,28.27,0.76
2026-02-03 03:00:00,S2010,2010,23.9,84.7,60.33,6.41,0,0.0,32.77,0.42,none,28.93,3.11
2026-02-03 03:00:00,S2013,2013,22.9,91.3,63.91,6.33,850,0.0,35.47,0.31,none,35.99,1.75
2026-02-03 03:00:00,S2006,2006,22.87,89.2,57.91,6.81,0,0.0,17.79,0.28,none,31.32,1.9
2026-02-03 03:00:00,S2019,2019,23.88,91.1,49.99,6.64,0,0.0,18.69,0.35,none,28.87,0.49
2026-02-03 03:00:00,S2009,2009,22.53,92.2,53.18,6.69,0,0.0,30.18,0.35,none,31.35,0.52
2026-02-03 03:00:00,S2014,2014,25.05,82.5,69.48,6.31,1079,0.0,37.33,0.35,none,31.74,0.61
2026-02-03 03:00:00,S2003,2003,24.77,90.0,58.32,6.32,0,0.0,18.44,0.31,none,32.16,1.39
2026-02-03 03:00:00,S2008,2008,23.71,85.7,61.43,6.24,1325,0.0,34.33,0.31,none,30.28,1.38
2026-02-03 03:00:00,S2011,2011,23.95,89.7,56.32,6.14,0,0.0,24.41,0.28,none,30.92,2.13
2026-02-03 03:00:00,S2000,2000,22.82,87.5,55.02,6.89,0,0.0,23.4,0.42,none,28.51,3.08
2026-02-03 03:00:00,S2007,2007,23.39,88.1,64.73,6.12,921,0.0,19.66,0.24,none,33.84,0.66
2026-02-03 03:00:00,S2012,2012,23.18,88.4,52.61,6.13,2063,0.0,21.93,0.24,none,28.03,0.54
2026-02-03 03:00:00,S2016,2016,25.62,82.7,56.4,6.23,1483,0.0,20.8,0.28,none,25.36,2.87
2026-02-03 03:00:00,S2005,2005,23.93,84.8,63.87,6.27,831,0.0,39.25,0.42,none,30.77,4.68
2026-02-03 03:00:00,S2017,2017,23.55,86.3,59.52,6.49,0,0.0,27.48,0.24,none,29.8,0.85
2026-02-03 03:00:00,S2004,2004,25.32,80.6,56.59,6.65,0,0.0,29.15,0.35,none,23.77,0.56
2026-02-03 06:00:00,S2002,2002,24.95,86.1,59.05,6.56,229,0.0,13.66,0.24,none,29.4,0.81
2026-02-03 06:00:00,S2014,2014,23.13,90.4,57.42,7.09,0,0.0,37.42,0.35,none,32.03,0.58
2026-02-03 06:00:00,S2004,2004,24.89,87.3,55.53,6.73,918,0.0,27.7,0.35,none,28.61,0.59
2026-02-03 06:00:00,S2010,2010,22.51,86.6,63.25,6.2,0,0.0,30.68,0.42,none,31.9,4.33
2026-02-03 06:00:00,S2015,2015,22.74,88.7,61.9,6.51,0,0.0,28.95,0.42,none,32.91,3.48
2026-02-03 06:00:00,S2007,2007,24.05,93.5,69.45,6.2,0,0.0,20.01,0.24,none,40.53,0.57
2026-02-03 06:00:00,S2018,2018,23.52,92.7,58.76,6.86,701,0.0,29.31,0.31,none,34.54,1.53
2026-02-03 06:00:00,S2001,2001,23.64,91.3,59.45,7.08,0,0.0,17.94,0.28,none,33.77,2.59
2026-02-03 06:00:00,S2012,2012,25.43,80.7,53.41,6.73,1981,0.0,23.83,0.24,none,22.27,0.82
2026-02-03 06:00:00,S2013,2013,24.51,86.9,56.66,6.54,1467,0.0,35.43,0.31,none,28.85,1.47
2026-02-03 06:00:00,S2003,2003,25.14,82.0,55.24,7.07,2448,0.0,16.77,0.31,none,24.22,1.55
2026-02-03 06:00:00,S2005,2005,22.85,92.5,54.7,6.8,0,0.0,36.8,0.42,none,32.35,3.28
2026-02-03 06:00:00,S2017,2017,25.3,81.4,68.88,7.18,0,0.0,25.99,0.24,none,30.56,0.73
2026-02-03 06:00:00,S2009,2009,23.52,90.7,57.18,6.9,872,0.0,32.63,0.35,none,32.15,0.39
2026-02-03 06:00:00,S2016,2016,25.79,82.9,58.3,6.65,692,0.0,20.92,0.28,none,26.47,2.17
2026-02-03 06:00:00,S2011,2011,24.31,85.8,89.25,7.1,0,0.0,23.25,0.28,none,44.27,1.82
2026-02-03 06:00:00,S2000,2000,24.98,87.6,68.13,7.12,117,0.0,25.92,0.42,none,35.14,4.34
2026-02-03 06:00:00,S2008,2008,23.25,93.6,58.63,7.11,0,0.0,35.58,0.31,none,35.19,1.41
2026-02-03 06:00:00,S2019,2019,23.25,94.1,79.2,6.45,1826,0.0,20.33,0.35,fungal_leaf_spot,45.88,0.56
2026-02-03 06:00:00,S2006,2006,23.62,86.8,55.85,6.41,1773,0.0,18.62,0.28,none,28.36,2.21
2026-02-03 09:00:00,S2017,2017,28.16,82.8,42.06,6.61,68466,0.0,27.29,0.24,none,18.27,0.53
2026-02-03 09:00:00,S2000,2000,30.13,73.6,46.6,6.06,68659,0.0,23.56,0.419,none,15.44,4.37
2026-02-03 09:00:00,S2007,2007,29.79,71.4,45.37,6.48,72522,0.0,20.58,0.24,none,12.39,0.55
2026-02-03 09:00:00,S2012,2012,30.37,75.4,36.13,6.83,68470,3.44,21.87,0.239,none,12.13,0.6
2026-02-03 09:00:00,S2018,2018,29.75,79.7,35.82,6.99,70226,2.52,29.16,0.31,none,14.17,1.41
2026-02-03 09:00:00,S2004,2004,27.72,77.1,37.41,6.42,68872,2.4,28.98,0.35,none,11.38,0.59
2026-02-03 09:00:00,S2015,2015,27.73,76.4,53.53,6.39,71163,0.0,28.31,0.42,none,18.89,4.66
2026-02-03 09:00:00,S2001,2001,29.31,73.3,42.95,7.09,72095,0.0,18.98,0.28,none,11.73,1.88
2026-02-03 09:00:00,S2013,2013,30.36,78.0,49.24,6.38,72925,0.0,35.17,0.308,none,20.74,1.81
2026-02-03 09:00:00,S2005,2005,29.51,75.8,52.24,6.68,70414,0.0,38.05,0.42,none,18.78,2.91
2026-02-03 09:00:00,S2009,2009,28.27,82.9,37.09,7.18,72668,2.4,32.48,0.35,none,15.87,0.6
2026-02-03 09:00:00,S2016,2016,28.3,82.1,37.73,6.36,71451,2.44,20.56,0.28,none,15.54,2.34
2026-02-03 09:00:00,S2011,2011,27.94,76.8,41.09,6.23,73048,0.0,22.01,0.28,none,12.98,2.28
2026-02-03 09:00:00,S2008,2008,28.33,78.5,45.14,6.66,70428,0.0,33.38,0.31,none,16.37,1.81
2026-02-03 09:00:00,S2006,2006,28.33,77.6,56.75,6.37,70920,0.0,16.37,0.28,none,21.45,1.87
2026-02-03 09:00:00,S2002,2002,28.96,76.6,53.47,7.0,69601,0.0,13.54,0.24,none,19.01,0.69
2026-02-03 09:00:00,S2019,2019,30.2,76.5,59.97,7.0,70657,0.0,18.31,0.349,none,24.58,0.57
2026-02-03 09:00:00,S2003,2003,28.43,79.9,52.72,7.1,71917,0.0,15.88,0.31,none,21.28,1.42
2026-02-03 09:00:00,S2014,2014,28.8,75.4,47.06,7.09,70420,0.0,39.19,0.35,none,14.85,0.62
2026-02-03 09:00:00,S2010,2010,30.23,74.2,42.7,6.89,72012,0.0,30.61,0.419,none,14.17,3.31
2026-02-03 12:00:00,S2015,2015,30.51,73.7,30.28,6.95,99193,2.79,28.33,0.402,none,8.12,3.07
2026-02-03 12:00:00,S2014,2014,32.11,69.5,36.62,6.97,97581,3.54,39.85,0.34,none,11.13,0.55
2026-02-03 12:00:00,S2001,2001,31.56,69.5,32.21,6.05,98248,2.74,16.47,0.268,none,7.82,2.05
2026-02-03 12:00:00,S2017,2017,31.3,73.5,30.39,6.19,99948,3.74,26.24,0.227,none,9.6,0.67
2026-02-03 12:00:00,S2013,2013,30.16,78.7,49.38,6.75,99486,0.0,34.03,0.309,none,20.97,1.73
2026-02-03 12:00:00,S2007,2007,31.88,72.9,58.73,6.89,100923,0.0,20.28,0.234,none,24.45,0.72
2026-02-03 12:00:00,S2000,2000,30.04,81.5,41.45,6.84,97966,2.38,24.33,0.42,none,19.01,3.75
2026-02-03 12:00:00,S2019,2019,29.36,73.4,36.78,7.16,99642,2.47,17.5,0.35,none,8.83,0.38
2026-02-03 12:00:00,S2012,2012,31.52,76.3,39.94,6.93,100194,3.32,23.23,0.235,none,17.05,0.79
2026-02-03 12:00:00,S2006,2006,31.45,77.0,53.47,6.72,101329,0.0,16.28,0.274,none,24.23,1.81
2026-02-03 12:00:00,S2005,2005,29.76,77.4,42.7,6.22,98195,2.34,36.74,0.42,none,15.79,4.48
2026-02-03 12:00:00,S2009,2009,31.43,72.4,46.73,6.86,98296,0.0,29.99,0.343,none,17.15,0.58
2026-02-03 12:00:00,S2003,2003,30.1,76.5,44.21,6.68,101455,0.0,16.8,0.31,none,16.51,1.55
2026-02-03 12:00:00,S2002,2002,30.74,73.3,52.13,6.22,98614,0.0,14.25,0.238,none,19.18,0.85
2026-02-03 12:00:00,S2018,2018,31.58,72.8,41.99,6.2,99150,0.0,28.73,0.303,none,15.39,1.21
2026-02-03 12:00:00,S2016,2016,31.28,72.8,32.94,6.51,102240,2.71,22.27,0.271,none,10.27,2.05
2026-02-03 12:00:00,S2010,2010,31.45,75.0,42.18,6.75,101203,2.45,32.45,0.412,none,16.99,4.42
2026-02-03 12:00:00,S2004,2004,29.83,76.2,50.98,6.04,98321,0.0,29.84,0.35,none,19.11,0.57
2026-02-03 12:00:00,S2008,2008,32.13,75.8,43.2,6.89,102060,3.12,34.6,0.301,none,19.5,1.82
2026-02-03 12:00:00,S2011,2011,31.51,75.2,46.33,6.07,102237,0.0,22.63,0.274,none,19.35,2.72
2026-02-03 15:00:00,S2002,2002,27.98,84.0,55.58,6.91,72527,0.0,13.7,0.24,none,25.99,0.85
2026-02-03 15:00:00,S2011,2011,29.0,77.8,51.01,6.46,70959,0.0,24.18,0.28,none,18.74,2.61
2026-02-03 15:00:00,S2013,2013,30.62,74.7,47.81,6.23,69933,0.0,33.82,0.307,none,17.91,1.56
2026-02-03 15:00:00,S2001,2001,27.51,83.6,41.89,6.53,72192,0.0,17.04,0.28,none,18.82,1.87
2026-02-03 15:00:00,S2000,2000,29.85,74.8,46.55,6.33,68857,0.0,26.27,0.42,none,15.81,2.96
2026-02-03 15:00:00,S2005,2005,27.86,77.6,51.31,6.24,72020,0.0,37.96,0.42,none,18.73,3.65
2026-02-03 15:00:00,S2003,2003,29.0,77.4,58.6,7.06,69196,0.0,17.56,0.31,none,22.22,1.33
2026-02-03 15:00:00,S2018,2018,28.03,83.3,53.67,6.68,73134,0.0,27.35,0.31,none,24.48,1.88
2026-02-03 15:00:00,S2010,2010,29.12,72.6,43.8,6.49,71052,0.0,29.92,0.42,none,11.22,3.4
2026-02-03 15:00:00,S2012,2012,28.77,78.8,42.0,6.19,69810,0.0,23.04,0.24,none,15.04,0.56
2026-02-03 15:00:00,S2007,2007,28.89,73.4,47.23,6.57,73035,0.0,19.73,0.24,none,13.34,0.8
2026-02-03 15:00:00,S2014,2014,28.83,78.3,42.77,7.05,69271,0.0,37.6,0.35,none,15.02,0.6
2026-02-03 15:00:00,S2017,2017,29.75,73.9,43.18,6.34,72671,0.0,25.8,0.24,none,13.21,0.54
2026-02-03 15:00:00,S2016,2016,28.02,77.4,40.71,6.1,70366,0.0,19.85,0.28,none,13.28,2.1
2026-02-03 15:00:00,S2006,2006,28.78,75.0,40.58,6.09,71171,2.35,18.05,0.28,none,11.29,2.55
2026-02-03 15:00:00,S2019,2019,28.01,80.1,47.34,7.14,69132,0.0,20.36,0.35,none,18.75,0.53
2026-02-03 15:00:00,S2015,2015,27.54,78.7,41.99,6.01,68749,0.0,27.43,0.42,none,14.96,4.33
2026-02-03 15:00:00,S2008,2008,29.93,76.0,55.39,6.93,69696,0.0,34.79,0.31,none,21.36,1.97
2026-02-03 15:00:00,S2004,2004,29.71,70.2,43.25,6.53,72217,0.0,29.42,0.35,none,10.21,0.57
2026-02-03 15:00:00,S2009,2009,28.71,78.1,47.14,6.37,73200,0.0,32.04,0.35,none,17.05,0.5
2026-02-03 18:00:00,S2011,2011,22.86,90.8,63.78,6.89,652,0.0,23.96,0.28,none,35.53,2.67
2026-02-03 18:00:00,S2003,2003,23.83,86.1,58.17,7.19,1099,0.0,17.6,0.31,none,28.96,1.33
2026-02-03 18:00:00,S2016,2016,24.1,89.0,62.29,7.08,1740,0.0,20.78,0.28,none,33.34,2.47
2026-02-03 18:00:00,S2014,2014,24.95,88.6,59.97,7.03,1772,0.0,37.04,0.35,none,31.86,0.6
2026-02-03 18:00:00,S2018,2018,23.53,91.6,53.54,6.49,0,0.0,29.22,0.31,none,31.05,1.89
2026-02-03 18:00:00,S2006,2006,24.06,92.1,60.41,6.65,0,0.0,16.75,0.28,none,34.88,2.42
2026-02-03 18:00:00,S2004,2004,24.92,88.1,51.95,6.33,0,0.0,29.0,0.35,none,27.45,0.52
2026-02-03 18:00:00,S2005,2005,25.27,85.2,55.51,6.08,1283,0.0,38.04,0.42,none,26.92,3.21
2026-02-03 18:00:00,S2000,2000,24.36,87.1,67.98,6.83,0,0.0,26.59,0.42,none,34.67,3.76
2026-02-03 18:00:00,S2013,2013,23.66,88.5,60.23,6.6,0,0.0,33.71,0.31,none,31.91,1.89
2026-02-03 18:00:00,S2017,2017,23.55,85.8,59.1,6.15,352,0.0,26.9,0.24,none,29.19,0.56
2026-02-03 18:00:00,S2007,2007,23.73,89.8,48.27,7.04,0,0.0,21.53,0.24,none,26.98,0.82
2026-02-03 18:00:00,S2010,2010,22.54,94.7,53.69,6.1,0,0.0,31.58,0.42,none,33.61,3.26
2026-02-03 18:00:00,S2019,2019,24.35,85.8,51.17,6.71,0,0.0,19.32,0.35,none,25.23,0.48
2026-02-03 18:00:00,S2002,2002,23.62,86.7,70.03,6.01,0,0.0,15.07,0.24,none,35.38,0.62
2026-02-03 18:00:00,S2001,2001,24.72,85.1,45.91,6.99,948,0.0,16.88,0.28,none,22.03,2.56
2026-02-03 18:00:00,S2012,2012,24.16,83.0,54.35,6.06,0,0.0,22.51,0.24,none,24.58,0.54
2026-02-03 18:00:00,S2008,2008,24.79,89.1,72.93,7.01,2352,0.0,35.07,0.31,none,38.75,1.75
2026-02-03 18:00:00,S2009,2009,25.36,86.5,60.83,6.13,2118,0.0,30.39,0.35,none,30.62,0.38
2026-02-03 18:00:00,S2015,2015,23.6,88.6,54.15,6.64,0,0.0,28.14,0.42,none,28.95,4.48
2026-02-03 21:00:00,S2003,2003,24.96,80.4,66.97,6.6,1139,0.0,16.73,0.31,none,28.81,1.33
2026-02-03 21:00:00,S2009,2009,22.98,90.1,62.68,6.58,1443,0.0,32.49,0.35,none,34.42,0.41
2026-02-03 21:00:00,S2002,2002,25.32,82.7,54.39,6.11,1671,0.0,15.16,0.24,none,24.36,0.55
2026-02-03 21:00:00,S2008,2008,23.61,88.8,72.1,6.26,0,0.0,35.54,0.31,none,38.09,1.71
2026-02-03 21:00:00,S2014,2014,22.71,89.5,60.09,6.73,243,0.0,39.83,0.35,none,32.65,0.5
2026-02-03 21:00:00,S2015,2015,25.01,84.2,53.9,7.04,0,0.0,27.49,0.42,none,25.31,3.94
2026-02-03 21:00:00,S2012,2012,24.64,90.1,53.75,6.85,0,0.0,23.45,0.24,none,29.95,0.57
2026-02-03 21:00:00,S2005,2005,22.6,88.4,61.39,6.04,0,0.0,37.0,0.42,none,32.42,4.72
2026-02-03 21:00:00,S2000,2000,23.14,92.1,55.27,6.05,0,0.0,25.18,0.42,none,32.31,4.34
2026-02-03 21:00:00,S2011,2011,23.74,86.7,55.44,7.11,1687,0.0,22.29,0.28,none,28.08,2.89
2026-02-03 21:00:00,S2013,2013,23.81,87.0,75.99,6.36,197,0.0,33.6,0.31,none,38.59,1.66
2026-02-03 21:00:00,S2019,2019,25.09,90.6,64.5,6.13,2048,0.0,17.49,0.35,none,35.73,0.53
2026-02-03 21:00:00,S2006,2006,25.12,84.9,72.95,6.16,0,0.0,15.99,0.28,none,35.4,2.38
2026-02-03 21:00:00,S2007,2007,24.11,87.6,54.77,7.17,269,0.0,19.92,0.24,none,28.46,0.75
2026-02-03 21:00:00,S2016,2016,24.44,89.7,57.65,6.28,1027,0.0,20.48,0.28,none,31.59,1.9
2026-02-03 21:00:00,S2010,2010,23.7,85.4,54.31,7.16,0,0.0,29.95,0.42,none,26.48,3.46
2026-02-03 21:00:00,S2017,2017,24.0,87.2,63.03,6.23,1681,0.0,26.03,0.24,none,32.28,0.81
2026-02-03 21:00:00,S2004,2004,25.22,83.7,49.18,6.8,74,0.0,29.86,0.35,none,22.55,0.42
2026-02-03 21:00:00,S2001,2001,24.35,80.7,63.0,6.78,0,0.0,17.61,0.28,none,27.06,1.93
2026-02-03 21:00:00,S2018,2018,22.82,83.3,59.65,6.87,0,0.0,27.39,0.31,none,27.46,1.88
2026-02-04 00:00:00,S2011,2011,23.25,88.8,53.06,7.13,0,0.0,23.07,0.28,none,28.57,2.14
2026-02-04 00:00:00,S2000,2000,23.01,91.1,59.68,6.35,0,0.0,24.15,0.42,none,33.72,3.44
2026-02-04 00:00:00,S2015,2015,24.46,86.8,57.03,6.76,0,0.0,27.41,0.42,none,28.95,4.38
2026-02-04 00:00:00,S2013,2013,23.59,94.1,72.66,6.44,0,0.0,33.28,0.31,none,42.61,1.5
2026-02-04 00:00:00,S2004,2004,23.47,94.6,55.26,7.14,2347,0.0,30.22,0.35,none,34.31,0.48
2026-02-04 00:00:00,S2006,2006,24.38,82.5,52.39,6.57,0,0.0,16.86,0.28,none,23.2,3.0
2026-02-04 00:00:00,S2012,2012,22.95,88.6,51.51,6.09,0,0.0,22.72,0.24,none,27.63,0.81
2026-02-04 00:00:00,S2001,2001,24.47,86.5,62.95,6.68,0,0.0,18.48,0.28,none,31.68,2.92
2026-02-04 00:00:00,S2017,2017,24.22,84.5,60.58,6.07,1416,0.0,27.66,0.24,none,28.89,0.87
2026-02-04 00:00:00,S2019,2019,24.48,89.5,49.34,6.52,0,0.0,19.49,0.35,none,27.27,0.5
2026-02-04 00:00:00,S2014,2014,24.88,82.5,70.34,6.07,1558,0.0,37.6,0.35,none,32.17,0.49
2026-02-04 00:00:00,S2007,2007,23.5,83.7,61.41,6.74,0,0.0,19.67,0.24,none,28.67,0.86
2026-02-04 00:00:00,S2002,2002,22.61,87.9,65.94,6.42,679,0.0,15.89,0.24,none,34.29,0.8
2026-02-04 00:00:00,S2016,2016,22.65,90.0,64.48,6.52,2284,0.0,21.29,0.28,none,35.24,2.25
2026-02-04 00:00:00,S2005,2005,24.37,83.1,59.68,6.64,0,0.0,36.88,0.42,none,27.32,4.28
2026-02-04 00:00:00,S2009,2009,24.29,85.7,56.62,6.39,0,0.0,32.15,0.35,none,27.87,0.45
2026-02-04 00:00:00,S2010,2010,23.66,85.0,57.98,7.14,0,0.0,33.53,0.42,none,27.99,4.17
2026-02-04 00:00:00,S2008,2008,23.48,88.3,58.11,6.96,1599,0.0,36.06,0.31,none,30.7,1.46
2026-02-04 00:00:00,S2003,2003,23.22,87.6,80.87,7.07,0,0.0,18.97,0.31,none,41.52,1.5
2026-02-04 00:00:00,S2018,2018,24.45,87.9,52.63,6.01,0,0.0,28.9,0.31,none,27.64,1.47
2026-02-04 03:00:00,S2014,2014,24.37,87.7,61.58,6.29,0,0.0,37.46,0.35,none,31.95,0.6
2026-02-04 03:00:00,S2012,2012,23.82,88.6,46.84,6.72,1439,0.0,22.36,0.24,none,25.3,0.82
2026-02-04 03:00:00,S2017,2017,22.82,90.6,57.26,6.24,0,0.0,27.07,0.24,none,32.11,0.64
2026-02-04 03:00:00,S2001,2001,24.66,87.9,49.31,6.43,162,0.0,17.64,0.28,none,25.98,1.93
2026-02-04 03:00:00,S2003,2003,23.0,90.3,56.28,6.0,2174,0.0,17.06,0.31,none,31.38,1.74
2026-02-04 03:00:00,S2009,2009,23.51,90.9,70.82,6.8,2140,0.0,31.43,0.35,none,39.13,0.47
2026-02-04 03:00:00,S2008,2008,25.25,82.0,58.53,6.79,957,0.0,34.74,0.31,none,25.87,1.48
2026-02-04 03:00:00,S2019,2019,25.22,80.6,55.58,6.09,1371,0.0,18.88,0.35,none,23.27,0.46
2026-02-04 03:00:00,S2007,2007,23.39,91.4,46.13,6.22,1587,0.0,20.21,0.24,none,27.19,0.66
2026-02-04 03:00:00,S2002,2002,24.72,89.2,60.7,6.09,0,0.0,13.75,0.24,none,32.71,0.56
2026-02-04 03:00:00,S2005,2005,24.32,93.5,69.85,6.78,651,0.0,38.15,0.42,none,40.72,4.36
2026-02-04 03:00:00,S2015,2015,23.95,89.2,49.34,6.15,0,0.0,29.04,0.42,none,27.03,2.88
2026-02-04 03:00:00,S2004,2004,25.44,84.0,46.94,7.17,0,0.0,30.16,0.35,none,21.67,0.38
2026-02-04 03:00:00,S2011,2011,22.81,93.8,57.88,6.59,0,0.0,21.95,0.28,none,34.98,1.83
2026-02-04 03:00:00,S2000,2000,22.64,91.5,49.56,7.05,646,0.0,26.92,0.42,none,28.98,4.11
2026-02-04 03:00:00,S2010,2010,23.08,88.8,61.59,6.96,1821,0.0,32.33,0.42,none,32.84,3.83
2026-02-04 03:00:00,S2018,2018,25.01,84.9,66.27,6.86,2115,0.0,29.11,0.31,none,32.06,1.51
2026-02-04 03:00:00,S2006,2006,22.88,94.4,47.93,6.28,1853,0.0,17.09,0.28,none,30.49,2.02
2026-02-04 03:00:00,S2013,2013,24.5,86.9,63.25,6.26,1541,0.0,33.49,0.31,none,32.15,1.99
2026-02-04 03:00:00,S2016,2016,23.48,91.2,51.63,6.86,2335,0.0,20.15,0.28,none,29.78,2.17
2026-02-04 06:00:00,S2012,2012,23.86,84.8,56.24,6.64,548,0.0,22.46,0.24,none,26.96,0.61
2026-02-04 06:00:00,S2019,2019,23.5,90.0,65.01,7.02,0,0.0,18.24,0.35,none,35.51,0.57
2026-02-04 06:00:00,S2015,2015,23.51,88.1,52.27,6.07,0,0.0,29.71,0.42,none,27.61,4.52
2026-02-04 06:00:00,S2008,2008,25.65,88.5,52.67,6.3,0,0.0,34.64,0.31,none,28.14,1.68
2026-02-04 06:00:00,S2014,2014,23.17,89.0,61.36,6.67,2431,0.0,38.52,0.35,none,32.88,0.55
2026-02-04 06:00:00,S2007,2007,22.57,92.5,63.25,6.01,2277,0.0,21.49,0.24,none,36.62,0.69
2026-02-04 06:00:00,S2017,2017,23.25,92.7,66.14,6.1,0,0.0,26.07,0.24,none,38.23,0.75
2026-02-04 06:00:00,S2009,2009,24.57,85.7,60.42,6.22,1464,0.0,30.83,0.35,none,29.77,0.45
2026-02-04 06:00:00,S2001,2001,22.61,88.0,61.78,7.01,0,0.0,19.39,0.28,none,32.29,2.13
2026-02-04 06:00:00,S2010,2010,25.33,88.9,63.42,6.62,0,0.0,33.13,0.42,none,33.83,3.0
2026-02-04 06:00:00,S2013,2013,24.49,85.7,56.81,6.58,0,0.0,35.63,0.31,none,27.97,1.51
2026-02-04 06:00:00,S2006,2006,23.7,88.6,81.64,6.55,2333,0.0,19.0,0.28,none,42.7,1.98
2026-02-04 06:00:00,S2003,2003,22.91,92.1,56.44,6.05,0,0.0,18.73,0.31,none,32.9,1.21
2026-02-04 06:00:00,S2000,2000,22.66,89.6,48.45,7.11,0,0.0,26.71,0.42,none,26.9,3.18
2026-02-04 06:00:00,S2011,2011,23.4,86.4,57.46,6.2,0,0.0,22.78,0.28,none,28.85,2.55
2026-02-04 06:00:00,S2004,2004,24.06,86.5,50.41,7.08,0,0.0,29.8,0.35,none,25.41,0.44
2026-02-04 06:00:00,S2002,2002,23.24,91.5,52.55,7.01,1899,0.0,14.04,0.24,none,30.48,0.76
2026-02-04 06:00:00,S2005,2005,23.11,90.5,56.1,6.07,0,0.0,38.56,0.42,none,31.45,4.0
2026-02-04 06:00:00,S2016,2016,23.16,93.1,64.17,6.17,0,0.0,21.35,0.28,none,37.56,2.51
2026-02-04 06:00:00,S2018,2018,23.87,93.4,48.48,6.2,168,0.0,27.01,0.31,none,29.96,1.4
2026-02-04 09:00:00,S2003,2003,29.7,74.5,53.85,6.91,71801,0.0,17.92,0.31,none,18.93,1.88
2026-02-04 09:00:00,S2004,2004,28.49,81.7,42.19,6.02,71783,0.0,27.94,0.35,none,17.46,0.6
2026-02-04 09:00:00,S2014,2014,28.79,73.1,50.71,7.12,72672,0.0,38.53,0.35,none,14.83,0.49
2026-02-04 09:00:00,S2015,2015,29.05,80.3,49.59,6.47,71840,0.0,30.4,0.42,none,20.14,4.53
2026-02-04 09:00:00,S2011,2011,30.25,71.2,58.85,6.93,68947,0.0,21.94,0.279,none,19.89,2.73
2026-02-04 09:00:00,S2006,2006,27.98,82.1,41.79,6.55,68390,0.0,16.67,0.28,none,17.57,2.18
2026-02-04 09:00:00,S2017,2017,28.58,80.7,60.22,6.28,68743,0.0,27.65,0.24,none,25.67,0.63
2026-02-04 09:00:00,S2012,2012,30.38,76.4,41.59,6.77,72078,3.2,21.86,0.239,none,15.68,0.54
2026-02-04 09:00:00,S2008,2008,27.37,79.1,57.24,6.23,69271,0.0,36.29,0.31,none,22.9,1.25
2026-02-04 09:00:00,S2016,2016,30.27,79.5,41.62,7.02,72719,2.38,20.69,0.279,none,17.95,2.07
2026-02-04 09:00:00,S2002,2002,28.56,75.8,39.74,6.34,69212,0.0,13.86,0.24,none,11.51,0.67
2026-02-04 09:00:00,S2000,2000,29.23,70.6,49.62,6.28,68791,0.0,27.38,0.42,none,12.75,4.08
2026-02-04 09:00:00,S2019,2019,30.1,69.7,56.88,6.67,71299,0.0,18.97,0.35,none,17.4,0.57
2026-02-04 09:00:00,S2009,2009,29.08,81.1,54.48,6.74,68782,0.0,31.92,0.35,none,23.28,0.58
2026-02-04 09:00:00,S2001,2001,29.26,76.7,46.59,7.03,71118,0.0,18.74,0.28,none,16.18,1.98
2026-02-04 09:00:00,S2013,2013,29.43,71.6,51.74,7.11,69561,0.0,32.85,0.31,none,15.01,1.8
2026-02-04 09:00:00,S2005,2005,29.95,72.1,57.81,6.2,71764,0.0,38.78,0.42,none,19.48,3.06
2026-02-04 09:00:00,S2007,2007,29.19,76.9,50.52,6.27,69788,0.0,19.72,0.24,none,18.16,0.84
2026-02-04 09:00:00,S2018,2018,28.88,79.5,54.82,6.03,70852,0.0,27.3,0.31,none,22.01,1.71
2026-02-04 09:00:00,S2010,2010,29.07,82.1,35.9,7.07,71776,2.48,30.28,0.42,none,14.77,3.11
2026-02-04 12:00:00,S2003,2003,31.87,72.4,39.86,6.53,98553,2.48,18.03,0.302,none,14.59,1.93
2026-02-04 12:00:00,S2019,2019,31.21,75.2,41.19,7.2,98250,2.36,19.12,0.344,none,16.18,0.46
2026-02-04 12:00:00,S2014,2014,29.81,79.5,37.45,6.35,98444,0.0,38.03,0.35,none,14.95,0.43
2026-02-04 12:00:00,S2002,2002,29.81,75.7,45.55,6.35,101635,0.0,14.96,0.24,none,15.95,0.53
2026-02-04 12:00:00,S2010,2010,29.98,75.9,39.47,6.7,102400,2.44,33.82,0.42,none,13.42,3.51
2026-02-04 12:00:00,S2013,2013,31.82,69.8,46.39,6.59,98454,0.0,33.38,0.302,none,15.67,1.91
2026-02-04 12:00:00,S2017,2017,32.06,67.6,38.83,6.12,100015,3.35,25.65,0.233,none,10.62,0.82
2026-02-04 12:00:00,S2004,2004,29.85,75.8,43.76,6.71,98682,0.0,28.12,0.35,none,15.22,0.52
2026-02-04 12:00:00,S2006,2006,29.62,71.2,45.8,6.19,99859,0.0,16.55,0.28,none,12.1,2.0
2026-02-04 12:00:00,S2001,2001,30.68,69.6,46.36,7.18,99875,0.0,18.54,0.277,none,13.22,2.06
2026-02-04 12:00:00,S2000,2000,30.51,79.0,34.73,6.83,98540,2.6,27.53,0.416,none,14.59,4.25
2026-02-04 12:00:00,S2011,2011,30.85,76.2,31.54,7.18,100665,2.74,22.76,0.269,none,11.43,2.83
2026-02-04 12:00:00,S2005,2005,30.77,69.3,47.01,7.12,99529,0.0,39.36,0.416,none,13.48,3.27
2026-02-04 12:00:00,S2016,2016,31.94,66.0,40.74,6.86,99321,2.44,20.85,0.273,none,10.05,2.71
2026-02-04 12:00:00,S2018,2018,32.53,68.5,37.69,6.8,99303,2.61,29.51,0.299,none,11.71,1.81
2026-02-04 12:00:00,S2009,2009,30.59,71.9,46.28,6.88,102403,0.0,32.64,0.347,none,14.84,0.61
2026-02-04 12:00:00,S2015,2015,29.78,79.7,49.18,6.11,101339,0.0,28.19,0.42,none,20.91,3.77
2026-02-04 12:00:00,S2012,2012,31.32,70.5,43.72,7.17,98724,0.0,23.21,0.236,none,13.9,0.55
2026-02-04 12:00:00,S2007,2007,30.03,75.2,47.73,6.05,101756,0.0,20.66,0.24,none,17.09,0.68
2026-02-04 12:00:00,S2008,2008,30.04,72.7,49.49,6.41,99750,0.0,34.35,0.31,none,15.99,1.85
2026-02-04 15:00:00,S2009,2009,29.22,72.6,42.04,7.16,68805,0.0,30.36,0.35,none,10.54,0.49
2026-02-04 15:00:00,S2000,2000,29.51,77.3,42.41,6.43,72657,0.0,25.74,0.42,none,15.07,3.93
2026-02-04 15:00:00,S2006,2006,27.28,84.9,51.04,6.02,70434,0.0,16.3,0.28,none,24.44,2.88
2026-02-04 15:00:00,S2001,2001,29.08,82.2,48.98,7.14,70687,0.0,17.11,0.28,none,21.41,2.15
2026-02-04 15:00:00,S2018,2018,29.58,73.4,45.25,6.39,68357,0.0,28.89,0.31,none,13.51,1.59
2026-02-04 15:00:00,S2002,2002,30.19,76.4,44.36,6.39,69334,0.0,15.41,0.239,none,16.68,0.8
2026-02-04 15:00:00,S2017,2017,29.01,77.0,46.52,6.1,72468,0.0,25.64,0.24,none,15.88,0.57
2026-02-04 15:00:00,S2004,2004,27.8,82.9,36.24,6.74,71249,2.43,30.22,0.35,none,15.44,0.47
2026-02-04 15:00:00,S2013,2013,29.12,73.1,42.77,6.73,71903,0.0,32.99,0.31,none,11.11,1.54
2026-02-04 15:00:00,S2016,2016,30.01,80.7,48.52,6.8,68502,0.0,22.72,0.28,none,21.84,2.07
2026-02-04 15:00:00,S2015,2015,28.63,79.6,46.5,6.87,72738,0.0,31.06,0.42,none,17.93,2.97
2026-02-04 15:00:00,S2007,2007,29.52,72.4,47.2,6.88,69092,0.0,20.56,0.24,none,13.56,0.61
2026-02-04 15:00:00,S2011,2011,28.71,82.2,63.8,6.87,71612,0.0,24.28,0.28,none,28.66,2.6
2026-02-04 15:00:00,S2012,2012,28.06,75.7,48.4,6.05,69364,0.0,21.93,0.24,none,15.76,0.62
2026-02-04 15:00:00,S2005,2005,27.34,80.1,41.0,6.51,71955,0.0,39.51,0.42,none,15.58,4.09
2026-02-04 15:00:00,S2010,2010,27.57,74.0,40.81,7.03,68232,0.0,32.42,0.42,none,10.61,3.36
2026-02-04 15:00:00,S2019,2019,29.03,78.6,50.64,6.7,68562,0.0,20.67,0.35,none,19.26,0.53
2026-02-04 15:00:00,S2008,2008,29.65,80.6,50.15,6.76,68855,0.0,36.47,0.31,none,21.85,1.95
2026-02-04 15:00:00,S2014,2014,27.97,79.5,44.2,6.48,70718,0.0,37.56,0.35,none,16.7,0.58
2026-02-04 15:00:00,S2003,2003,30.49,75.0,54.41,6.74,72270,0.0,17.28,0.308,none,21.18,1.57
2026-02-04 18:00:00,S2010,2010,24.1,84.9,55.56,6.5,414,0.0,31.31,0.42,none,26.7,4.08
2026-02-04 18:00:00,S2011,2011,25.1,82.8,60.45,6.31,485,0.0,24.11,0.28,none,27.46,2.25
2026-02-04 18:00:00,S2003,2003,24.75,82.1,61.88,6.15,1596,0.0,17.47,0.31,none,27.62,1.85
2026-02-04 18:00:00,S2005,2005,23.66,85.3,50.58,6.03,0,0.0,36.75,0.42,none,24.53,3.38
2026-02-04 18:00:00,S2015,2015,23.77,85.5,49.42,6.19,7,0.0,30.07,0.42,none,24.11,4.43
2026-02-04 18:00:00,S2012,2012,23.22,89.2,49.27,6.16,0,0.0,23.65,0.24,none,27.0,0.84
2026-02-04 18:00:00,S2008,2008,24.37,86.6,61.16,6.44,0,0.0,35.67,0.31,none,30.86,1.44
2026-02-04 18:00:00,S2006,2006,23.42,86.6,65.15,6.14,1286,0.0,17.94,0.28,none,32.86,2.71
2026-02-04 18:00:00,S2018,2018,24.06,88.3,48.19,6.63,0,0.0,29.39,0.31,none,25.73,1.7
2026-02-04 18:00:00,S2001,2001,24.2,90.2,57.14,6.07,2437,0.0,18.11,0.28,none,31.73,2.77
2026-02-04 18:00:00,S2007,2007,24.74,87.5,55.55,6.52,0,0.0,20.43,0.24,none,28.77,0.6
2026-02-04 18:00:00,S2017,2017,23.5,91.3,61.77,6.74,0,0.0,27.56,0.24,none,34.92,0.86
2026-02-04 18:00:00,S2014,2014,24.27,84.0,56.11,6.48,43,0.0,38.34,0.35,none,26.26,0.5
2026-02-04 18:00:00,S2009,2009,24.11,89.7,61.04,7.1,1754,0.0,29.96,0.35,none,33.28,0.46
2026-02-04 18:00:00,S2016,2016,24.13,88.2,67.21,7.03,0,0.0,21.13,0.28,none,35.16,2.44
2026-02-04 18:00:00,S2004,2004,23.07,86.2,52.69,6.53,993,0.0,31.03,0.35,none,26.31,0.48
2026-02-04 18:00:00,S2019,2019,24.88,91.0,49.49,6.61,366,0.0,19.49,0.35,none,28.55,0.62
2026-02-04 18:00:00,S2013,2013,22.2,92.0,54.81,6.65,0,0.0,34.65,0.31,none,32.01,1.38
2026-02-04 18:00:00,S2002,2002,22.69,92.8,52.21,6.02,2414,0.0,14.76,0.24,none,31.34,0.74
2026-02-04 18:00:00,S2000,2000,23.58,87.6,56.34,6.86,0,0.0,26.39,0.42,none,29.25,3.98
2026-02-04 21:00:00,S2001,2001,24.54,86.0,50.52,7.11,0,0.0,17.02,0.28,none,25.06,1.88
2026-02-04 21:00:00,S2015,2015,24.24,85.8,56.23,6.31,2000,0.0,29.28,0.42,none,27.75,4.34
2026-02-04 21:00:00,S2017,2017,23.89,88.2,57.7,6.68,2260,0.0,27.49,0.24,none,30.41,0.59
2026-02-04 21:00:00,S2004,2004,24.75,87.1,60.96,6.4,1941,0.0,31.03,0.35,none,31.16,0.4
2026-02-04 21:00:00,S2010,2010,24.11,85.8,56.45,6.81,1286,0.0,32.88,0.42,none,27.87,4.05
2026-02-04 21:00:00,S2009,2009,25.61,89.3,62.4,6.68,0,0.0,30.46,0.35,none,33.64,0.57
2026-02-04 21:00:00,S2011,2011,24.73,81.8,50.37,6.48,2384,0.0,23.46,0.28,none,21.62,2.75
2026-02-04 21:00:00,S2008,2008,24.57,87.8,57.95,6.47,1597,0.0,35.41,0.31,none,30.21,1.94
2026-02-04 21:00:00,S2003,2003,22.57,85.4,74.05,6.56,0,0.0,17.39,0.31,none,36.35,1.39
2026-02-04 21:00:00,S2014,2014,24.13,89.8,63.65,6.01,2262,0.0,38.9,0.35,none,34.66,0.38
2026-02-04 21:00:00,S2013,2013,23.0,88.7,58.3,6.54,0,0.0,33.64,0.31,none,31.11,1.87
2026-02-04 21:00:00,S2019,2019,23.96,85.7,56.8,6.03,2082,0.0,18.66,0.35,none,27.96,0.42
2026-02-04 21:00:00,S2016,2016,22.72,88.3,65.0,6.11,0,0.0,21.39,0.28,none,34.14,2.03
2026-02-04 21:00:00,S2007,2007,24.98,91.5,63.69,6.07,0,0.0,20.57,0.24,none,36.05,0.7
2026-02-04 21:00:00,S2018,2018,24.32,92.3,70.4,6.35,0,0.0,29.78,0.31,none,40.04,1.35
2026-02-04 21:00:00,S2000,2000,23.54,89.6,47.98,6.0,2115,0.0,25.32,0.42,none,26.67,3.23
2026-02-04 21:00:00,S2006,2006,24.41,88.3,82.95,6.98,1105,0.0,17.19,0.28,none,43.12,2.58
2026-02-04 21:00:00,S2012,2012,24.66,88.9,45.59,6.14,0,0.0,23.06,0.24,none,24.92,0.62
2026-02-04 21:00:00,S2005,2005,25.82,85.4,51.82,7.13,2469,0.0,38.26,0.42,none,25.23,3.45
2026-02-04 21:00:00,S2002,2002,25.17,87.3,56.74,7.03,577,0.0,15.06,0.24,none,29.21,0.8
2026-02-05 00:00:00,S2011,2011,24.95,88.1,65.2,6.82,0,0.0,24.36,0.28,none,34.08,2.97
2026-02-05 00:00:00,S2013,2013,24.94,82.5,47.82,6.32,0,0.0,35.55,0.31,none,20.91,1.35
2026-02-05 00:00:00,S2012,2012,23.27,89.4,52.35,6.62,0,0.0,22.66,0.24,none,28.7,0.7
2026-02-05 00:00:00,S2001,2001,22.29,86.6,52.83,7.2,0,0.0,17.61,0.28,none,26.69,2.15
2026-02-05 00:00:00,S2015,2015,24.91,88.5,54.03,6.34,0,0.0,29.73,0.42,none,28.82,4.01
2026-02-05 00:00:00,S2014,2014,24.22,85.3,64.73,6.88,0,0.0,39.86,0.35,none,31.61,0.59
2026-02-05 00:00:00,S2009,2009,22.26,94.3,57.21,6.45,0,0.0,31.19,0.35,none,35.05,0.62
2026-02-05 00:00:00,S2000,2000,22.79,94.9,60.08,7.09,2040,0.0,26.47,0.42,none,36.96,3.41
2026-02-05 00:00:00,S2017,2017,24.93,86.9,62.09,6.35,0,0.0,27.87,0.24,none,31.57,0.7
2026-02-05 00:00:00,S2008,2008,24.3,86.4,68.38,6.83,0,0.0,33.87,0.31,none,34.31,1.29
2026-02-05 00:00:00,S2019,2019,23.21,88.2,62.08,6.49,0,0.0,20.28,0.35,none,32.6,0.51
2026-02-05 00:00:00,S2004,2004,24.18,90.5,58.19,7.15,0,0.0,30.51,0.35,none,32.5,0.53
2026-02-05 00:00:00,S2002,2002,25.24,84.5,58.64,6.27,0,0.0,16.05,0.24,none,27.92,0.53
2026-02-05 00:00:00,S2016,2016,25.18,85.6,64.34,6.96,61,0.0,22.89,0.28,none,31.65,2.29
2026-02-05 00:00:00,S2010,2010,23.92,89.5,52.43,6.66,490,0.0,34.54,0.42,none,28.82,4.32
2026-02-05 00:00:00,S2006,2006,24.49,86.8,57.68,6.29,276,0.0,19.24,0.28,none,29.28,2.13
2026-02-05 00:00:00,S2003,2003,24.72,82.1,63.34,6.14,0,0.0,18.25,0.31,none,28.35,1.53
2026-02-05 00:00:00,S2005,2005,23.07,92.4,54.8,6.35,0,0.0,39.19,0.42,none,32.32,3.12
2026-02-05 00:00:00,S2007,2007,24.6,90.2,57.88,6.51,0,0.0,20.33,0.24,none,32.1,0.62
2026-02-05 00:00:00,S2018,2018,25.39,82.9,51.14,6.24,1382,0.0,27.67,0.31,none,22.89,1.91
2026-02-05 03:00:00,S2018,2018,23.45,85.0,55.95,6.05,0,0.0,30.21,0.31,none,26.98,1.34
2026-02-05 03:00:00,S2013,2013,23.29,85.5,57.68,7.17,0,0.0,33.71,0.31,none,28.24,1.71
2026-02-05 03:00:00,S2000,2000,23.54,86.8,53.45,7.17,497,0.0,24.91,0.42,none,27.16,3.72
2026-02-05 03:00:00,S2002,2002,25.72,86.9,64.97,6.89,0,0.0,16.11,0.24,none,33.01,0.77
2026-02-05 03:00:00,S2005,2005,24.89,85.7,55.16,6.89,250,0.0,40.11,0.42,none,27.14,3.69
2026-02-05 03:00:00,S2007,2007,25.48,84.1,58.27,7.12,1731,0.0,21.28,0.24,none,27.41,0.68
2026-02-05 03:00:00,S2009,2009,24.03,85.1,56.48,6.4,0,0.0,30.16,0.35,none,27.32,0.4
2026-02-05 03:00:00,S2016,2016,22.95,90.7,45.69,6.13,2072,0.0,22.31,0.28,none,26.41,2.94
2026-02-05 03:00:00,S2012,2012,24.74,83.8,59.59,6.28,2352,0.0,23.57,0.24,none,27.84,0.66
2026-02-05 03:00:00,S2006,2006,24.08,91.1,60.71,6.02,1296,0.0,17.54,0.28,none,34.23,2.26
2026-02-05 03:00:00,S2017,2017,23.06,95.6,53.96,6.12,767,0.0,27.83,0.24,none,34.46,0.74
2026-02-05 03:00:00,S2001,2001,24.57,90.1,53.18,7.13,0,0.0,16.88,0.28,none,29.67,2.1
2026-02-05 03:00:00,S2019,2019,23.18,83.3,53.47,6.85,0,0.0,18.16,0.35,none,24.38,0.59
2026-02-05 03:00:00,S2015,2015,23.36,91.8,44.85,6.23,0,0.0,30.78,0.42,none,26.86,3.96
2026-02-05 03:00:00,S2011,2011,24.68,83.2,73.48,6.45,2456,0.0,23.58,0.28,none,34.3,2.3
2026-02-05 03:00:00,S2008,2008,24.89,89.0,52.67,6.19,0,0.0,36.61,0.31,none,28.54,1.95
2026-02-05 03:00:00,S2010,2010,23.61,92.8,45.93,6.75,272,0.0,31.07,0.42,none,28.2,3.72
2026-02-05 03:00:00,S2003,2003,24.55,84.7,52.88,7.16,0,0.0,18.3,0.31,none,25.2,1.53
2026-02-05 03:00:00,S2004,2004,25.31,80.8,55.3,6.32,410,0.0,28.51,0.35,none,23.29,0.56
2026-02-05 03:00:00,S2014,2014,24.08,88.1,55.25,6.72,1971,0.0,39.19,0.35,none,29.1,0.44
2026-02-05 06:00:00,S2015,2015,23.33,86.7,47.39,6.42,1030,0.0,30.24,0.42,none,24.06,3.67
2026-02-05 06:00:00,S2000,2000,23.18,90.4,53.78,6.73,0,0.0,26.56,0.42,none,30.21,4.44
2026-02-05 06:00:00,S2001,2001,22.42,91.6,63.09,6.55,0,0.0,16.84,0.28,none,35.83,2.05
2026-02-05 06:00:00,S2013,2013,23.09,91.7,63.04,6.57,1980,0.0,35.21,0.31,none,35.88,1.99
2026-02-05 06:00:00,S2008,2008,23.45,91.7,53.98,6.89,1427,0.0,34.95,0.31,none,31.35,1.94
2026-02-05 06:00:00,S2019,2019,22.79,85.3,82.55,6.04,1882,0.0,19.21,0.35,none,40.52,0.57
2026-02-05 06:00:00,S2007,2007,24.98,81.3,67.15,6.24,1182,0.0,20.19,0.24,none,29.62,0.65
2026-02-05 06:00:00,S2010,2010,25.63,86.7,68.32,6.79,0,0.0,32.13,0.42,none,34.52,4.06
2026-02-05 06:00:00,S2009,2009,24.01,91.0,45.55,6.92,1669,0.0,31.46,0.35,none,26.57,0.54
2026-02-05 06:00:00,S2004,2004,25.09,80.8,56.9,6.26,0,0.0,31.48,0.35,none,24.09,0.42
2026-02-05 06:00:00,S2003,2003,24.21,89.6,66.57,6.72,0,0.0,19.35,0.31,none,35.96,1.27
2026-02-05 06:00:00,S2005,2005,23.64,93.3,67.88,6.46,0,0.0,39.39,0.42,none,39.58,3.43
2026-02-05 06:00:00,S2006,2006,23.17,93.8,63.19,6.62,0,0.0,19.36,0.28,none,37.63,2.71
2026-02-05 06:00:00,S2011,2011,23.3,94.4,59.5,6.71,2286,0.0,24.77,0.28,none,36.27,2.29
2026-02-05 06:00:00,S2016,2016,24.65,80.8,59.2,6.17,1361,0.0,22.51,0.28,none,25.24,2.94
2026-02-05 06:00:00,S2018,2018,22.75,90.8,62.6,6.25,153,0.0,27.73,0.31,none,34.94,1.95
2026-02-05 06:00:00,S2014,2014,23.8,88.3,53.08,6.62,0,0.0,40.12,0.35,none,28.18,0.49
2026-02-05 06:00:00,S2002,2002,24.88,80.8,73.12,6.08,1906,0.0,14.91,0.24,none,32.2,0.54
2026-02-05 06:00:00,S2012,2012,25.71,89.6,53.47,6.91,0,0.0,23.52,0.24,none,29.41,0.74
2026-02-05 06:00:00,S2017,2017,23.5,87.1,53.21,6.17,0,0.0,26.75,0.24,none,27.28,0.86
2026-02-05 09:00:00,S2014,2014,28.45,79.1,35.72,6.95,72332,3.24,37.49,0.35,none,12.14,0.53
2026-02-05 09:00:00,S2002,2002,27.94,85.2,36.8,6.97,70944,2.46,14.65,0.24,none,17.56,0.78
2026-02-05 09:00:00,S2011,2011,29.27,76.6,51.12,6.46,70884,0.0,23.42,0.28,none,18.38,2.16
2026-02-05 09:00:00,S2017,2017,27.69,78.3,46.93,6.54,71085,0.0,28.08,0.24,none,17.1,0.64
2026-02-05 09:00:00,S2008,2008,29.39,78.4,47.39,6.76,72116,0.0,36.86,0.31,none,18.2,1.89
2026-02-05 09:00:00,S2000,2000,28.46,76.3,60.95,7.04,69456,0.0,26.03,0.42,none,22.52,2.87
2026-02-05 09:00:00,S2010,2010,27.75,82.6,46.54,6.22,71172,0.0,34.4,0.42,none,20.35,3.9
2026-02-05 09:00:00,S2019,2019,28.71,75.8,40.1,6.24,72830,0.0,20.14,0.35,none,11.69,0.43
2026-02-05 09:00:00,S2004,2004,28.05,81.3,58.4,6.21,68365,0.0,30.63,0.35,none,25.24,0.42
2026-02-05 09:00:00,S2005,2005,28.33,74.0,61.61,7.06,68883,0.0,38.96,0.42,none,21.01,3.68
2026-02-05 09:00:00,S2006,2006,30.18,76.7,53.82,6.2,71357,0.0,16.63,0.279,none,21.63,2.99
2026-02-05 09:00:00,S2001,2001,28.62,79.7,47.62,7.13,71666,0.0,18.85,0.28,none,18.57,2.14
2026-02-05 09:00:00,S2007,2007,29.44,79.3,45.0,6.8,70566,0.0,21.61,0.24,none,17.82,0.78
2026-02-05 09:00:00,S2016,2016,29.53,80.2,46.88,7.19,69018,0.0,22.19,0.28,none,19.66,2.84
2026-02-05 09:00:00,S2018,2018,29.52,75.5,39.16,6.09,71086,2.42,29.55,0.31,none,12.02,1.29
2026-02-05 09:00:00,S2013,2013,30.11,76.4,35.52,7.05,70820,3.46,34.16,0.31,none,12.1,1.37
2026-02-05 09:00:00,S2009,2009,30.1,75.3,68.18,6.15,72050,0.0,31.03,0.35,none,27.53,0.44
2026-02-05 09:00:00,S2012,2012,30.01,82.2,35.4,6.33,71614,3.35,22.15,0.24,none,16.48,0.65
2026-02-05 09:00:00,S2015,2015,29.05,78.8,53.36,6.89,69548,0.0,30.89,0.42,none,20.82,3.63
2026-02-05 09:00:00,S2003,2003,27.82,79.6,34.45,6.6,72060,2.48,17.83,0.309,none,11.9,1.7
2026-02-05 12:00:00,S2007,2007,29.77,71.3,44.97,6.82,101293,0.0,20.54,0.24,none,12.06,0.53
2026-02-05 12:00:00,S2000,2000,31.22,74.4,33.83,6.71,100181,2.64,25.53,0.409,none,11.88,3.67
2026-02-05 12:00:00,S2009,2009,29.94,77.8,60.47,6.3,102431,0.0,30.17,0.35,none,25.36,0.46
2026-02-05 12:00:00,S2014,2014,31.94,74.2,37.05,6.4,100085,3.49,38.04,0.341,none,14.77,0.51
2026-02-05 12:00:00,S2005,2005,30.94,74.5,41.77,6.59,100719,0.0,40.48,0.415,none,15.37,4.48
2026-02-05 12:00:00,S2019,2019,29.7,80.7,44.43,6.88,98349,0.0,19.09,0.35,none,19.18,0.39
2026-02-05 12:00:00,S2012,2012,31.91,68.9,43.87,7.03,100349,3.18,23.65,0.234,none,13.88,0.73
2026-02-05 12:00:00,S2017,2017,31.69,76.8,43.17,6.14,100432,0.0,26.33,0.234,none,19.41,0.66
2026-02-05 12:00:00,S2011,2011,31.36,75.9,46.49,6.07,100468,0.0,22.22,0.275,none,19.69,2.6
2026-02-05 12:00:00,S2006,2006,30.4,74.2,55.58,6.09,100975,0.0,19.12,0.278,none,20.95,2.28
2026-02-05 12:00:00,S2016,2016,30.11,69.5,37.67,7.02,101744,2.48,22.8,0.28,none,7.66,2.35
2026-02-05 12:00:00,S2018,2018,29.7,78.5,37.53,6.58,100732,2.45,30.16,0.31,none,13.96,1.91
2026-02-05 12:00:00,S2003,2003,31.25,72.1,41.69,6.3,101197,0.0,16.54,0.305,none,14.02,1.22
2026-02-05 12:00:00,S2013,2013,32.2,70.2,47.42,7.17,101124,0.0,34.89,0.301,none,17.27,1.36
2026-02-05 12:00:00,S2001,2001,31.2,77.6,40.05,6.26,101053,2.43,19.35,0.275,none,17.5,2.79
2026-02-05 12:00:00,S2004,2004,32.28,75.0,42.89,6.98,101418,3.24,28.46,0.339,none,19.01,0.44
2026-02-05 12:00:00,S2002,2002,31.33,68.0,41.0,7.19,101647,2.49,14.16,0.236,none,10.56,0.69
2026-02-05 12:00:00,S2008,2008,30.16,76.5,39.68,6.35,97967,0.0,37.05,0.309,none,14.36,1.57
2026-02-05 12:00:00,S2015,2015,31.82,71.1,38.58,6.09,102309,2.55,28.69,0.41,none,12.81,4.51
2026-02-05 12:00:00,S2010,2010,29.9,76.6,46.2,6.38,101999,0.0,31.64,0.42,none,17.18,3.65
2026-02-05 15:00:00,S2007,2007,29.91,76.1,63.55,6.34,70008,0.0,20.83,0.24,none,25.47,0.79
2026-02-05 15:00:00,S2017,2017,29.28,73.5,43.38,6.76,70257,0.0,27.81,0.24,none,12.05,0.64
2026-02-05 15:00:00,S2011,2011,27.12,83.3,52.54,6.83,70755,0.0,22.8,0.28,none,23.91,2.04
2026-02-05 15:00:00,S2002,2002,29.08,71.9,32.94,7.04,69896,2.64,16.11,0.236,none,5.15,0.84
2026-02-05 15:00:00,S2014,2014,29.9,73.6,52.81,6.31,72221,0.0,40.35,0.35,none,18.08,0.43
2026-02-05 15:00:00,S2004,2004,28.02,79.0,66.83,6.39,69001,0.0,30.04,0.35,none,27.62,0.51
2026-02-05 15:00:00,S2009,2009,27.94,78.4,47.58,6.35,72133,0.0,32.22,0.35,none,17.51,0.53
2026-02-05 15:00:00,S2005,2005,30.03,73.2,34.99,6.63,71184,2.57,38.49,0.42,none,9.12,3.94
2026-02-05 15:00:00,S2018,2018,29.01,71.6,40.44,6.13,70385,2.36,29.07,0.31,none,8.52,1.25
2026-02-05 15:00:00,S2008,2008,29.51,76.8,40.05,6.55,69239,3.13,34.23,0.31,none,13.48,1.93
2026-02-05 15:00:00,S2006,2006,30.17,69.4,51.33,6.28,72958,0.0,16.71,0.279,none,14.53,1.97
2026-02-05 15:00:00,S2012,2012,30.48,76.2,52.53,6.01,68512,0.0,23.62,0.238,none,21.19,0.66
2026-02-05 15:00:00,S2000,2000,29.57,70.9,65.38,6.38,69778,0.0,23.77,0.42,none,21.55,3.13
2026-02-05 15:00:00,S2001,2001,29.6,72.7,49.1,6.18,72224,0.0,17.22,0.28,none,14.91,2.3
2026-02-05 15:00:00,S2016,2016,28.55,77.8,49.06,6.98,72034,0.0,21.87,0.28,none,17.77,2.19
2026-02-05 15:00:00,S2013,2013,27.74,82.3,47.13,6.54,71447,0.0,36.05,0.31,none,20.41,1.54
2026-02-05 15:00:00,S2019,2019,29.62,77.7,36.42,6.11,72749,2.42,21.15,0.35,none,12.61,0.6
2026-02-05 15:00:00,S2003,2003,28.25,80.3,49.95,6.46,71628,0.0,17.59,0.31,none,20.21,1.43
2026-02-05 15:00:00,S2010,2010,29.76,75.6,44.52,6.04,71699,0.0,33.72,0.42,none,15.26,4.12
2026-02-05 15:00:00,S2015,2015,27.53,83.3,41.15,6.69,69602,0.0,29.42,0.42,none,18.21,3.79
2026-02-05 18:00:00,S2003,2003,25.63,81.8,49.37,6.66,954,0.0,19.56,0.31,none,21.12,1.54
2026-02-05 18:00:00,S2005,2005,23.35,88.0,55.5,6.68,98,0.0,38.65,0.42,none,29.15,3.12
2026-02-05 18:00:00,S2000,2000,25.04,87.9,50.74,6.66,0,0.0,23.84,0.42,none,26.69,4.36
2026-02-05 18:00:00,S2002,2002,23.93,82.8,51.25,6.62,425,0.0,14.68,0.24,none,22.86,0.56
2026-02-05 18:00:00,S2001,2001,25.57,83.1,61.71,6.99,1958,0.0,19.56,0.28,none,28.33,2.68
2026-02-05 18:00:00,S2017,2017,22.73,90.6,59.79,6.11,0,0.0,26.77,0.24,none,33.38,0.67
2026-02-05 18:00:00,S2004,2004,24.87,82.7,44.49,6.5,0,0.0,30.94,0.35,none,19.41,0.53
2026-02-05 18:00:00,S2019,2019,24.29,90.2,81.77,6.16,0,0.0,20.97,0.35,none,44.05,0.55
2026-02-05 18:00:00,S2018,2018,23.78,88.5,73.62,6.12,0,0.0,27.64,0.31,none,38.61,1.6
2026-02-05 18:00:00,S2014,2014,25.33,85.5,56.29,6.39,1316,0.0,40.41,0.35,none,27.55,0.4
2026-02-05 18:00:00,S2009,2009,23.78,88.1,47.13,6.3,0,0.0,30.79,0.35,none,25.04,0.41
2026-02-05 18:00:00,S2012,2012,22.84,96.2,61.52,6.88,454,0.0,23.79,0.24,none,38.72,0.86
2026-02-05 18:00:00,S2006,2006,25.62,89.7,63.59,6.95,0,0.0,17.85,0.28,none,34.56,2.86
2026-02-05 18:00:00,S2007,2007,24.12,84.1,51.03,6.15,0,0.0,19.77,0.24,none,23.79,0.86
2026-02-05 18:00:00,S2011,2011,25.06,82.8,51.56,6.78,791,0.0,24.21,0.28,none,23.02,1.9
2026-02-05 18:00:00,S2010,2010,25.68,88.9,71.34,6.66,1044,0.0,33.45,0.42,none,37.79,3.53
2026-02-05 18:00:00,S2008,2008,24.66,88.0,57.45,7.13,0,0.0,34.02,0.31,none,30.13,1.36
2026-02-05 18:00:00,S2013,2013,23.9,83.8,59.52,6.41,186,0.0,33.81,0.31,none,27.8,1.44
2026-02-05 18:00:00,S2015,2015,25.13,80.6,47.24,6.15,1305,0.0,29.88,0.42,none,19.1,3.86
2026-02-05 18:00:00,S2016,2016,23.74,92.3,54.72,6.46,519,0.0,20.5,0.28,none,32.2,2.55
2026-02-05 21:00:00,S2016,2016,24.79,89.5,58.89,6.03,729,0.0,20.91,0.28,none,32.05,2.93
2026-02-05 21:00:00,S2001,2001,24.05,81.3,60.29,6.11,0,0.0,17.47,0.28,none,26.18,2.75
2026-02-05 21:00:00,S2000,2000,24.53,86.9,50.84,7.17,0,0.0,27.7,0.42,none,25.94,3.28
2026-02-05 21:00:00,S2018,2018,25.03,83.2,44.4,6.21,1514,0.0,28.01,0.31,none,19.76,1.81
2026-02-05 21:00:00,S2012,2012,24.11,84.0,54.11,6.1,0,0.0,24.0,0.24,none,25.26,0.66
2026-02-05 21:00:00,S2007,2007,22.41,96.3,47.03,6.91,1829,0.0,20.98,0.24,none,31.55,0.7
2026-02-05 21:00:00,S2017,2017,25.37,84.8,50.71,7.02,1526,0.0,27.3,0.24,none,24.2,0.59
2026-02-05 21:00:00,S2011,2011,25.27,88.8,59.55,7.02,2305,0.0,24.39,0.28,none,31.81,1.96
2026-02-05 21:00:00,S2019,2019,24.98,83.3,56.15,6.95,1130,0.0,21.26,0.35,none,25.71,0.51
2026-02-05 21:00:00,S2008,2008,24.82,86.4,67.05,6.01,0,0.0,35.68,0.31,none,33.65,1.8
2026-02-05 21:00:00,S2004,2004,24.75,88.8,70.51,6.53,971,0.0,30.43,0.35,none,37.3,0.55
2026-02-05 21:00:00,S2002,2002,25.08,84.0,52.67,6.94,1737,0.0,16.3,0.24,none,24.54,0.71
2026-02-05 21:00:00,S2010,2010,24.56,87.8,52.86,6.49,1476,0.0,32.61,0.42,none,27.67,4.7
2026-02-05 21:00:00,S2003,2003,24.43,90.0,56.26,6.37,1104,0.0,18.15,0.31,none,31.13,1.93
2026-02-05 21:00:00,S2006,2006,24.86,87.3,51.25,6.89,333,0.0,16.5,0.28,none,26.46,2.82
2026-02-05 21:00:00,S2013,2013,25.17,85.4,56.2,6.06,777,0.0,33.18,0.31,none,27.42,1.45
2026-02-05 21:00:00,S2009,2009,24.8,80.5,44.99,7.06,659,0.0,31.03,0.35,none,17.9,0.6
2026-02-05 21:00:00,S2005,2005,25.34,81.7,58.65,6.07,0,0.0,38.01,0.42,none,25.69,3.71
2026-02-05 21:00:00,S2015,2015,23.18,89.8,52.12,6.58,253,0.0,28.99,0.42,none,28.9,2.89
2026-02-05 21:00:00,S2014,2014,22.89,86.3,59.12,6.18,753,0.0,38.56,0.35,none,29.6,0.47
2026-02-06 00:00:00,S2006,2006,25.42,83.5,49.29,6.05,0,0.0,19.18,0.28,none,22.45,2.51
2026-02-06 00:00:00,S2008,2008,24.14,83.4,52.03,6.7,1060,0.0,36.38,0.31,none,23.74,1.54
2026-02-06 00:00:00,S2018,2018,24.98,90.4,50.89,6.13,0,0.0,30.54,0.31,none,28.77,1.71
2026-02-06 00:00:00,S2014,2014,24.59,86.0,56.58,6.22,792,0.0,39.12,0.35,none,28.09,0.42
2026-02-06 00:00:00,S2019,2019,24.15,89.6,63.54,6.25,2221,0.0,18.26,0.35,none,34.45,0.47
2026-02-06 00:00:00,S2001,2001,22.66,92.6,55.32,6.92,0,0.0,18.12,0.28,none,32.74,2.13
2026-02-06 00:00:00,S2003,2003,23.18,85.6,53.87,7.02,0,0.0,18.51,0.31,none,26.41,1.88
2026-02-06 00:00:00,S2016,2016,24.93,86.3,56.39,7.13,0,0.0,20.45,0.28,none,28.23,2.55
2026-02-06 00:00:00,S2017,2017,22.71,93.3,59.7,6.25,9,0.0,27.21,0.24,none,35.49,0.53
2026-02-06 00:00:00,S2000,2000,23.04,92.9,53.34,6.32,1993,0.0,28.1,0.42,none,31.99,4.46
2026-02-06 00:00:00,S2007,2007,22.71,94.2,61.61,6.36,1897,0.0,20.28,0.24,none,37.17,0.67
2026-02-06 00:00:00,S2004,2004,23.37,86.5,71.55,7.17,0,0.0,29.78,0.35,none,35.98,0.59
2026-02-06 00:00:00,S2009,2009,24.0,83.2,52.56,6.44,0,0.0,32.85,0.35,none,23.84,0.41
2026-02-06 00:00:00,S2011,2011,24.46,91.4,61.75,6.3,0,0.0,23.22,0.28,none,35.0,2.39
2026-02-06 00:00:00,S2015,2015,23.7,89.2,44.81,6.97,1886,0.0,27.94,0.42,none,24.77,3.27
2026-02-06 00:00:00,S2012,2012,23.2,94.8,50.33,6.39,748,0.0,22.25,0.24,none,32.0,0.81
2026-02-06 00:00:00,S2010,2010,24.84,85.3,55.87,6.14,131,0.0,34.76,0.42,none,27.17,2.88
2026-02-06 00:00:00,S2005,2005,23.49,88.0,60.74,6.5,663,0.0,39.98,0.42,none,31.77,4.28
2026-02-06 00:00:00,S2013,2013,22.93,89.3,66.62,6.99,1999,0.0,34.92,0.31,none,35.75,1.75
2026-02-06 00:00:00,S2002,2002,25.12,89.6,62.5,6.93,0,0.0,14.68,0.24,none,33.93,0.84
2026-02-06 03:00:00,S2016,2016,24.89,89.0,54.34,6.06,368,0.0,21.75,0.28,none,29.37,1.92
2026-02-06 03:00:00,S2001,2001,23.45,90.2,62.42,6.21,1340,0.0,18.1,0.28,none,34.37,2.87
2026-02-06 03:00:00,S2013,2013,24.81,86.0,53.42,6.7,0,0.0,34.0,0.31,none,26.51,1.3
2026-02-06 03:00:00,S2012,2012,24.84,88.8,61.64,6.26,0,0.0,24.16,0.24,none,32.86,0.84
2026-02-06 03:00:00,S2008,2008,24.31,83.6,62.16,7.04,2264,0.0,36.31,0.31,none,28.96,1.77
2026-02-06 03:00:00,S2018,2018,22.73,92.4,49.15,6.55,2362,0.0,29.34,0.31,none,29.5,1.8
2026-02-06 03:00:00,S2009,2009,24.73,90.8,66.91,6.74,0,0.0,32.86,0.35,none,37.09,0.61
2026-02-06 03:00:00,S2002,2002,24.75,83.3,50.13,6.12,2260,0.0,15.5,0.24,none,22.71,0.63
2026-02-06 03:00:00,S2006,2006,23.27,91.3,68.8,6.86,0,0.0,18.08,0.28,none,38.44,2.33
2026-02-06 03:00:00,S2010,2010,23.46,86.1,64.59,6.81,524,0.0,34.01,0.42,none,32.17,4.65
2026-02-06 03:00:00,S2005,2005,23.61,85.9,61.21,6.37,0,0.0,41.32,0.42,none,30.33,4.25
2026-02-06 03:00:00,S2011,2011,23.13,83.1,66.93,6.83,0,0.0,23.06,0.28,none,30.95,2.44
2026-02-06 03:00:00,S2003,2003,23.27,91.6,52.74,6.45,0,0.0,17.97,0.31,none,30.65,1.54
2026-02-06 03:00:00,S2004,2004,23.46,88.8,51.67,6.87,2253,0.0,29.48,0.35,none,27.88,0.51
2026-02-06 03:00:00,S2000,2000,24.89,81.9,76.99,6.8,0,0.0,26.57,0.42,none,35.02,4.08
2026-02-06 03:00:00,S2017,2017,24.27,86.6,56.22,6.39,0,0.0,28.19,0.24,none,28.39,0.59
2026-02-06 03:00:00,S2015,2015,22.77,89.3,50.26,7.07,1380,0.0,31.99,0.42,none,27.57,2.92
2026-02-06 03:00:00,S2014,2014,24.65,85.8,46.57,6.7,2045,0.0,39.1,0.35,none,22.93,0.4
2026-02-06 03:00:00,S2007,2007,22.63,86.0,64.38,6.76,1167,0.0,20.51,0.24,none,31.99,0.76
2026-02-06 03:00:00,S2019,2019,23.8,92.4,65.54,6.82,1580,0.0,18.55,0.35,none,37.69,0.54
2026-02-06 06:00:00,S2017,2017,22.66,86.7,56.59,6.77,0,0.0,28.21,0.24,none,28.66,0.86
2026-02-06 06:00:00,S2011,2011,23.5,94.5,56.12,6.17,0,0.0,22.59,0.28,none,34.66,2.38
2026-02-06 06:00:00,S2012,2012,24.9,89.8,60.7,7.18,1478,0.0,24.71,0.24,none,33.19,0.7
2026-02-06 06:00:00,S2018,2018,24.75,90.2,60.93,6.67,1318,0.0,27.36,0.31,none,33.62,1.78
2026-02-06 06:00:00,S2009,2009,22.44,88.2,63.25,6.69,0,0.0,32.06,0.35,none,33.19,0.45
2026-02-06 06:00:00,S2014,2014,25.45,88.0,48.89,7.13,0,0.0,38.37,0.35,none,25.85,0.45
2026-02-06 06:00:00,S2002,2002,25.21,86.5,51.62,6.24,1160,0.0,16.52,0.24,none,26.01,0.77
2026-02-06 06:00:00,S2010,2010,23.85,90.6,62.54,6.6,0,0.0,31.88,0.42,none,34.75,4.2
2026-02-06 06:00:00,S2004,2004,22.99,90.9,64.95,6.06,0,0.0,29.8,0.35,none,36.2,0.47
2026-02-06 06:00:00,S2005,2005,25.3,78.9,60.98,6.25,0,0.0,40.75,0.42,none,24.61,4.09
2026-02-06 06:00:00,S2000,2000,24.8,83.3,49.98,6.8,0,0.0,28.44,0.42,none,22.63,3.09
2026-02-06 06:00:00,S2015,2015,25.26,81.8,56.23,7.13,0,0.0,28.05,0.42,none,24.55,3.76
2026-02-06 06:00:00,S2019,2019,23.04,90.4,74.54,6.38,0,0.0,20.24,0.35,none,40.59,0.6
2026-02-06 06:00:00,S2013,2013,24.69,81.1,57.34,6.5,740,0.0,35.04,0.31,none,24.55,1.94
2026-02-06 06:00:00,S2006,2006,25.0,85.2,55.95,6.72,1298,0.0,18.8,0.28,none,27.14,2.18
2026-02-06 06:00:00,S2008,2008,23.85,87.0,57.34,7.06,0,0.0,36.45,0.31,none,29.27,1.73
2026-02-06 06:00:00,S2007,2007,23.07,92.8,52.85,6.76,2484,0.0,20.16,0.24,none,31.66,0.54
2026-02-06 06:00:00,S2003,2003,23.42,91.6,51.02,7.05,806,0.0,19.61,0.31,none,29.79,1.3
2026-02-06 06:00:00,S2016,2016,22.92,95.2,46.18,6.54,698,0.0,20.58,0.28,none,30.25,2.01
2026-02-06 06:00:00,S2001,2001,23.67,88.1,56.76,6.71,2236,0.0,18.88,0.28,none,29.86,2.64
2026-02-06 09:00:00,S2014,2014,27.86,83.0,40.25,6.4,72001,0.0,40.3,0.35,none,17.53,0.57
2026-02-06 09:00:00,S2007,2007,28.32,78.1,43.14,6.55,68859,0.0,21.56,0.24,none,15.05,0.54
2026-02-06 09:00:00,S2005,2005,29.64,73.5,71.6,6.81,70425,0.0,38.37,0.42,none,26.88,4.03
2026-02-06 09:00:00,S2016,2016,29.74,75.7,41.12,6.91,69314,0.0,22.32,0.28,none,13.6,1.87
2026-02-06 09:00:00,S2012,2012,29.7,74.9,45.44,6.88,72377,0.0,23.14,0.24,none,15.04,0.68
2026-02-06 09:00:00,S2004,2004,28.29,78.5,40.46,6.93,71503,0.0,29.17,0.35,none,14.03,0.4
2026-02-06 09:00:00,S2009,2009,29.24,73.8,49.64,6.6,68492,0.0,33.51,0.35,none,15.34,0.52
2026-02-06 09:00:00,S2001,2001,28.35,78.4,43.11,6.33,71088,0.0,19.06,0.28,none,15.28,1.86
2026-02-06 09:00:00,S2000,2000,28.88,79.8,50.22,7.03,70186,0.0,26.83,0.42,none,19.95,3.93
2026-02-06 09:00:00,S2015,2015,27.63,78.6,57.1,6.23,72881,0.0,32.12,0.42,none,22.43,3.17
2026-02-06 09:00:00,S2003,2003,27.82,76.2,48.73,6.12,71318,0.0,18.76,0.31,none,16.33,1.27
2026-02-06 09:00:00,S2013,2013,27.81,84.4,64.64,7.01,72162,0.0,33.7,0.31,none,30.84,1.51
2026-02-06 09:00:00,S2008,2008,29.19,71.5,46.11,6.13,69196,0.0,36.23,0.31,none,11.64,1.91
2026-02-06 09:00:00,S2018,2018,29.48,81.5,54.15,6.73,73041,0.0,28.64,0.31,none,24.24,1.49
2026-02-06 09:00:00,S2006,2006,30.35,71.3,44.98,6.35,68272,0.0,18.44,0.279,none,13.23,1.97
2026-02-06 09:00:00,S2011,2011,30.09,72.4,43.09,6.53,69877,0.0,24.59,0.28,none,12.65,1.81
2026-02-06 09:00:00,S2017,2017,27.87,85.2,51.25,6.6,68412,0.0,28.14,0.24,none,24.79,0.72
2026-02-06 09:00:00,S2002,2002,27.71,76.5,55.09,6.46,71303,0.0,15.22,0.24,none,19.75,0.86
2026-02-06 09:00:00,S2010,2010,30.46,80.6,57.3,6.72,68538,0.0,32.09,0.417,none,27.05,4.2
2026-02-06 09:00:00,S2019,2019,28.82,75.7,52.4,6.56,68822,0.0,20.59,0.35,none,17.76,0.56
2026-02-06 12:00:00,S2011,2011,30.78,77.1,49.62,6.33,98293,0.0,23.5,0.277,none,21.05,1.93
2026-02-06 12:00:00,S2010,2010,30.82,67.6,41.45,6.36,100964,2.43,34.42,0.415,none,9.44,3.12
2026-02-06 12:00:00,S2009,2009,30.46,78.6,43.47,6.07,99191,0.0,30.38,0.348,none,18.53,0.57
2026-02-06 12:00:00,S2008,2008,31.69,73.9,32.27,6.08,98320,3.72,34.09,0.296,none,11.64,1.17
2026-02-06 12:00:00,S2007,2007,31.28,67.8,62.61,6.23,101254,0.0,20.7,0.236,none,21.11,0.63
2026-02-06 12:00:00,S2002,2002,30.38,75.5,43.67,6.42,97609,2.35,14.29,0.239,none,16.0,0.71
2026-02-06 12:00:00,S2003,2003,32.14,71.9,51.22,7.18,99593,0.0,17.37,0.301,none,20.41,1.64
2026-02-06 12:00:00,S2017,2017,31.16,70.1,37.4,7.02,101836,3.38,27.12,0.236,none,10.1,0.85
2026-02-06 12:00:00,S2001,2001,30.71,73.6,53.8,6.71,102240,0.0,17.57,0.277,none,20.2,2.62
2026-02-06 12:00:00,S2018,2018,30.45,76.6,48.45,6.59,100990,0.0,29.41,0.308,none,19.4,1.49
2026-02-06 12:00:00,S2013,2013,32.22,68.0,51.46,6.68,102422,0.0,35.39,0.301,none,17.57,1.76
2026-02-06 12:00:00,S2019,2019,30.43,73.5,49.5,6.43,100507,0.0,19.22,0.348,none,17.41,0.48
2026-02-06 12:00:00,S2012,2012,31.37,75.4,43.12,7.17,100642,0.0,22.37,0.236,none,17.62,0.81
2026-02-06 12:00:00,S2014,2014,31.46,75.2,41.35,6.26,98403,3.26,40.47,0.343,none,16.76,0.42
2026-02-06 12:00:00,S2016,2016,31.96,71.9,28.25,6.97,101859,2.87,22.72,0.258,none,8.57,1.79
2026-02-06 12:00:00,S2006,2006,30.31,74.0,51.79,6.5,99238,0.0,18.15,0.279,none,18.71,1.84
2026-02-06 12:00:00,S2004,2004,31.47,72.0,42.94,6.93,100970,3.13,29.58,0.343,none,15.01,0.53
2026-02-06 12:00:00,S2005,2005,30.36,73.8,39.33,6.67,100281,2.44,38.34,0.418,none,12.42,2.86
2026-02-06 12:00:00,S2015,2015,30.02,68.9,38.53,6.55,100662,2.47,30.89,0.42,none,7.43,4.19
2026-02-06 12:00:00,S2000,2000,32.09,74.8,43.26,6.61,98484,2.38,28.27,0.408,none,18.65,4.44
2026-02-06 15:00:00,S2014,2014,29.99,74.1,51.98,6.29,70394,0.0,39.31,0.35,none,18.25,0.55
2026-02-06 15:00:00,S2004,2004,28.18,74.2,45.23,6.8,68620,0.0,29.77,0.35,none,12.98,0.39
2026-02-06 15:00:00,S2000,2000,28.94,73.6,49.22,6.83,71789,0.0,27.19,0.42,none,14.49,3.19
2026-02-06 15:00:00,S2007,2007,29.26,79.9,46.83,6.34,70829,0.0,20.43,0.24,none,18.86,0.59
2026-02-06 15:00:00,S2010,2010,30.06,73.4,47.83,7.06,70720,0.0,31.97,0.42,none,15.76,4.19
2026-02-06 15:00:00,S2015,2015,28.43,75.4,48.53,6.12,69214,0.0,28.3,0.42,none,15.59,3.22
2026-02-06 15:00:00,S2013,2013,28.85,76.9,51.47,7.01,71274,0.0,35.32,0.31,none,18.26,1.4
2026-02-06 15:00:00,S2012,2012,28.95,73.4,42.28,6.42,72458,0.0,22.2,0.24,none,10.86,0.56
2026-02-06 15:00:00,S2016,2016,30.08,74.4,48.06,6.68,70893,0.0,22.39,0.28,none,16.71,2.19
2026-02-06 15:00:00,S2008,2008,28.98,72.0,42.38,6.93,69063,0.0,37.4,0.31,none,9.79,1.62
2026-02-06 15:00:00,S2006,2006,30.47,71.6,36.32,6.53,69538,2.59,17.54,0.278,none,9.38,1.88
2026-02-06 15:00:00,S2005,2005,30.6,76.4,54.49,6.69,68346,0.0,40.72,0.417,none,22.57,3.87
2026-02-06 15:00:00,S2011,2011,29.87,78.7,39.72,6.44,72875,2.41,22.81,0.28,none,15.56,2.73
2026-02-06 15:00:00,S2002,2002,29.4,72.1,60.3,6.88,72633,0.0,16.47,0.24,none,19.63,0.59
2026-02-06 15:00:00,S2009,2009,28.5,80.9,56.43,6.24,72635,0.0,32.85,0.35,none,23.94,0.49
2026-02-06 15:00:00,S2001,2001,28.59,81.2,51.68,7.05,70580,0.0,18.55,0.28,none,21.8,2.05
2026-02-06 15:00:00,S2018,2018,28.56,79.5,40.69,6.46,71759,0.0,27.94,0.31,none,14.95,1.35
2026-02-06 15:00:00,S2017,2017,29.32,76.0,43.53,7.09,68714,0.0,26.21,0.24,none,14.21,0.68
2026-02-06 15:00:00,S2019,2019,28.71,76.6,50.24,6.7,71917,0.0,19.07,0.35,none,17.4,0.43
2026-02-06 15:00:00,S2003,2003,27.45,85.4,46.06,7.12,72726,0.0,18.32,0.31,none,22.35,1.6
2026-02-06 18:00:00,S2015,2015,23.52,88.2,52.69,6.5,1594,0.0,31.47,0.42,none,27.91,3.11
2026-02-06 18:00:00,S2000,2000,23.26,92.7,70.24,6.36,0,0.0,24.8,0.42,none,40.28,2.9
2026-02-06 18:00:00,S2018,2018,25.22,80.7,49.35,6.11,1639,0.0,30.14,0.31,none,20.24,1.58
2026-02-06 18:00:00,S2003,2003,24.91,90.7,59.16,6.45,0,0.0,16.91,0.31,none,33.14,1.41
2026-02-06 18:00:00,S2013,2013,25.38,86.4,50.13,7.11,1852,0.0,35.44,0.31,none,25.19,1.47
2026-02-06 18:00:00,S2009,2009,25.67,83.6,66.73,6.58,0,0.0,30.74,0.35,none,31.24,0.62
2026-02-06 18:00:00,S2012,2012,22.58,87.7,82.97,7.07,863,0.0,23.2,0.24,none,42.65,0.68
2026-02-06 18:00:00,S2010,2010,22.85,88.2,51.79,6.76,0,0.0,34.42,0.42,none,27.46,4.67
2026-02-06 18:00:00,S2019,2019,23.81,87.4,59.17,6.19,0,0.0,18.37,0.35,none,30.51,0.54
2026-02-06 18:00:00,S2014,2014,25.37,79.2,54.08,6.61,0,0.0,40.76,0.35,none,21.4,0.38
2026-02-06 18:00:00,S2008,2008,22.82,88.1,63.87,6.74,64,0.0,37.33,0.31,none,33.41,1.61
2026-02-06 18:00:00,S2011,2011,23.69,89.2,60.82,6.07,0,0.0,25.18,0.28,none,32.77,2.26
2026-02-06 18:00:00,S2006,2006,25.49,81.0,50.4,6.16,204,0.0,17.23,0.28,none,21.0,2.09
2026-02-06 18:00:00,S2004,2004,23.69,89.0,46.91,7.2,0,0.0,29.01,0.35,none,25.66,0.47
2026-02-06 18:00:00,S2001,2001,24.47,87.9,54.1,6.22,0,0.0,19.94,0.28,none,28.37,2.46
2026-02-06 18:00:00,S2017,2017,25.05,86.3,59.62,6.03,0,0.0,27.87,0.24,none,29.85,0.78
2026-02-06 18:00:00,S2005,2005,24.3,90.0,58.17,6.7,0,0.0,40.07,0.42,none,32.09,3.39
2026-02-06 18:00:00,S2002,2002,25.26,81.3,50.56,6.74,2279,0.0,14.14,0.24,none,21.32,0.71
2026-02-06 18:00:00,S2016,2016,25.22,80.5,74.88,7.06,2138,0.0,21.71,0.28,none,32.84,2.16
2026-02-06 18:00:00,S2007,2007,23.27,84.9,52.15,6.47,1879,0.0,19.99,0.24,none,25.0,0.64
2026-02-06 21:00:00,S2003,2003,23.08,92.3,71.47,6.89,2283,0.0,18.76,0.31,none,40.58,1.53
2026-02-06 21:00:00,S2010,2010,23.57,90.5,72.24,6.18,716,0.0,34.77,0.42,none,39.52,3.21
2026-02-06 21:00:00,S2001,2001,22.96,93.8,56.6,6.77,1803,0.0,18.66,0.28,none,34.34,2.33
2026-02-06 21:00:00,S2013,2013,23.12,89.1,51.72,6.17,0,0.0,34.23,0.31,none,28.14,1.39
2026-02-06 21:00:00,S2015,2015,24.97,83.9,46.65,6.07,0,0.0,28.37,0.42,none,21.45,3.37
2026-02-06 21:00:00,S2014,2014,24.29,80.9,54.49,6.98,519,0.0,40.41,0.35,none,22.97,0.59
2026-02-06 21:00:00,S2018,2018,24.98,86.1,56.6,7.17,371,0.0,28.45,0.31,none,28.18,1.92
2026-02-06 21:00:00,S2012,2012,25.07,86.7,55.4,6.81,2239,0.0,22.37,0.24,none,28.06,0.68
2026-02-06 21:00:00,S2016,2016,23.29,92.1,58.86,6.02,0,0.0,23.27,0.28,none,34.11,2.24
2026-02-06 21:00:00,S2008,2008,25.76,87.6,64.35,6.08,0,0.0,35.5,0.31,none,33.25,1.75
2026-02-06 21:00:00,S2006,2006,22.72,87.6,58.03,6.55,0,0.0,18.99,0.28,none,30.09,2.99
2026-02-06 21:00:00,S2017,2017,23.98,85.9,61.71,7.15,0,0.0,28.09,0.24,none,30.58,0.72
2026-02-06 21:00:00,S2005,2005,24.87,82.9,48.41,6.28,252,0.0,37.83,0.42,none,21.53,3.17
2026-02-06 21:00:00,S2007,2007,25.16,88.0,55.42,6.02,783,0.0,20.57,0.24,none,29.11,0.63
2026-02-06 21:00:00,S2009,2009,24.71,85.3,65.19,7.15,0,0.0,31.17,0.35,none,31.83,0.57
2026-02-06 21:00:00,S2002,2002,24.49,90.3,79.67,6.99,0,0.0,15.51,0.24,none,43.08,0.83
2026-02-06 21:00:00,S2019,2019,22.5,92.0,51.18,6.47,558,0.0,20.69,0.35,none,30.19,0.39
2026-02-06 21:00:00,S2000,2000,24.93,82.2,57.47,6.73,906,0.0,26.91,0.42,none,25.5,3.79
2026-02-06 21:00:00,S2004,2004,25.25,82.3,44.82,6.87,0,0.0,29.92,0.35,none,19.25,0.4
2026-02-06 21:00:00,S2011,2011,24.54,81.6,51.3,7.07,1712,0.0,22.79,0.28,none,21.93,1.9
2026-02-07 00:00:00,S2013,2013,24.33,89.2,59.14,6.55,2003,0.0,35.62,0.31,none,31.93,1.77
2026-02-07 00:00:00,S2000,2000,23.46,89.9,62.11,6.79,566,0.0,28.47,0.42,none,33.98,3.23
2026-02-07 00:00:00,S2014,2014,22.29,86.0,68.56,6.07,1362,0.0,38.57,0.35,none,34.08,0.51
2026-02-07 00:00:00,S2009,2009,23.27,93.3,66.66,6.55,0,0.0,33.92,0.35,none,38.97,0.49
2026-02-07 00:00:00,S2018,2018,24.44,86.7,64.71,6.37,2364,0.0,28.26,0.31,none,32.72,1.54
2026-02-07 00:00:00,S2002,2002,24.42,92.4,84.34,7.09,2306,0.0,14.63,0.24,fungal_leaf_spot,47.09,0.8
2026-02-07 00:00:00,S2012,2012,22.97,86.7,71.07,6.01,0,0.0,24.31,0.24,none,35.89,0.84
2026-02-07 00:00:00,S2015,2015,23.75,87.5,65.66,6.32,0,0.0,30.74,0.42,none,33.83,4.57
2026-02-07 00:00:00,S2016,2016,24.45,87.0,71.2,6.42,0,0.0,23.52,0.28,none,36.2,1.91
2026-02-07 00:00:00,S2019,2019,25.47,86.9,57.85,6.09,2233,0.0,22.26,0.35,none,29.45,0.43
2026-02-07 00:00:00,S2008,2008,23.29,84.7,58.98,6.99,0,0.0,36.66,0.31,none,28.25,1.94
2026-02-07 00:00:00,S2007,2007,24.78,83.1,61.05,6.99,0,0.0,21.37,0.24,none,28.0,0.59
2026-02-07 00:00:00,S2003,2003,24.9,83.3,47.09,7.14,796,0.0,20.24,0.31,none,21.19,1.85
2026-02-07 00:00:00,S2006,2006,22.86,84.2,46.53,6.72,319,0.0,17.79,0.28,none,21.63,2.71
2026-02-07 00:00:00,S2010,2010,23.07,93.1,58.18,6.65,0,0.0,35.17,0.42,none,34.57,3.63
2026-02-07 00:00:00,S2004,2004,23.21,92.6,60.64,6.18,129,0.0,32.51,0.35,none,35.4,0.45
2026-02-07 00:00:00,S2011,2011,24.22,90.4,61.36,6.12,1973,0.0,23.73,0.28,none,34.0,2.29
2026-02-07 00:00:00,S2017,2017,24.88,82.9,63.27,7.13,0,0.0,27.52,0.24,none,28.96,0.86
2026-02-07 00:00:00,S2001,2001,23.39,92.5,73.79,6.42,927,0.0,19.83,0.28,none,41.9,2.55
2026-02-07 00:00:00,S2005,2005,23.87,83.8,55.61,6.36,0,0.0,40.01,0.42,none,25.84,4.2
2026-02-07 03:00:00,S2017,2017,24.58,88.3,83.04,6.81,1304,0.0,27.76,0.24,none,43.16,0.62
2026-02-07 03:00:00,S2016,2016,25.15,82.3,72.9,6.98,1237,0.0,22.51,0.28,none,33.29,2.57
2026-02-07 03:00:00,S2005,2005,22.67,86.3,63.05,6.15,0,0.0,37.63,0.42,none,31.56,4.31
2026-02-07 03:00:00,S2018,2018,25.23,88.3,48.47,6.12,0,0.0,28.06,0.31,none,25.88,1.36
2026-02-07 03:00:00,S2013,2013,25.05,88.3,64.05,6.36,1657,0.0,34.86,0.31,none,33.66,1.35
2026-02-07 03:00:00,S2000,2000,22.56,86.7,59.27,6.44,0,0.0,25.45,0.42,none,30.0,4.71
2026-02-07 03:00:00,S2008,2008,22.42,89.1,66.76,6.92,0,0.0,37.4,0.31,none,35.66,1.7
2026-02-07 03:00:00,S2006,2006,23.75,90.5,60.61,6.48,0,0.0,17.9,0.28,none,33.7,2.52
2026-02-07 03:00:00,S2002,2002,24.35,88.0,47.21,6.53,0,0.0,16.51,0.24,none,25.01,0.78
2026-02-07 03:00:00,S2012,2012,23.78,89.2,52.37,6.98,2130,0.0,22.77,0.24,none,28.55,0.68
2026-02-07 03:00:00,S2004,2004,25.16,87.0,73.72,7.06,0,0.0,32.51,0.35,none,37.46,0.39
2026-02-07 03:00:00,S2009,2009,23.85,91.7,58.85,6.23,0,0.0,33.72,0.35,none,33.79,0.45
2026-02-07 03:00:00,S2014,2014,23.3,91.9,46.6,6.16,2145,0.0,40.27,0.35,none,27.82,0.49
2026-02-07 03:00:00,S2003,2003,24.38,88.3,66.84,6.98,0,0.0,18.46,0.31,none,35.06,1.41
2026-02-07 03:00:00,S2011,2011,22.74,91.7,53.44,6.98,1821,0.0,25.01,0.28,none,31.08,2.54
2026-02-07 03:00:00,S2001,2001,23.91,89.2,61.22,6.63,1527,0.0,17.31,0.28,none,32.97,2.54
2026-02-07 03:00:00,S2007,2007,22.82,85.2,63.91,6.3,0,0.0,21.26,0.24,none,31.12,0.65
2026-02-07 03:00:00,S2019,2019,24.61,89.8,67.9,6.97,16,0.0,19.23,0.35,none,36.79,0.53
2026-02-07 03:00:00,S2010,2010,22.76,95.4,60.33,6.3,0,0.0,32.77,0.42,none,37.49,4.37
2026-02-07 03:00:00,S2015,2015,23.86,89.5,55.23,6.57,1505,0.0,28.79,0.42,none,30.21,3.69
2026-02-07 06:00:00,S2003,2003,23.69,94.1,48.35,6.33,1088,0.0,17.55,0.31,none,30.45,1.28
2026-02-07 06:00:00,S2008,2008,23.25,94.8,51.61,7.09,0,0.0,34.41,0.31,none,32.64,1.32
2026-02-07 06:00:00,S2011,2011,22.88,94.7,46.27,6.89,0,0.0,23.93,0.28,none,29.9,2.61
2026-02-07 06:00:00,S2004,2004,24.7,82.5,55.7,6.33,1169,0.0,29.68,0.35,none,24.85,0.46
2026-02-07 06:00:00,S2018,2018,23.29,88.6,63.22,6.18,0,0.0,28.12,0.31,none,33.49,1.91
2026-02-07 06:00:00,S2005,2005,22.77,96.7,56.73,6.95,533,0.0,38.85,0.42,none,36.73,3.47
2026-02-07 06:00:00,S2015,2015,22.62,86.1,62.38,6.54,0,0.0,31.29,0.42,none,31.07,3.49
2026-02-07 06:00:00,S2012,2012,23.64,83.5,55.58,6.13,1575,0.0,22.87,0.24,none,25.59,0.65
2026-02-07 06:00:00,S2017,2017,23.05,87.5,72.33,6.13,1470,0.0,26.55,0.24,none,37.16,0.53
2026-02-07 06:00:00,S2007,2007,22.37,95.2,67.74,6.94,0,0.0,20.82,0.24,none,41.03,0.77
2026-02-07 06:00:00,S2010,2010,23.11,93.7,54.3,6.59,2134,0.0,35.18,0.42,none,33.11,4.18
2026-02-07 06:00:00,S2014,2014,23.98,83.0,47.12,6.89,709,0.0,41.29,0.35,none,20.96,0.49
2026-02-07 06:00:00,S2016,2016,24.09,84.8,43.75,6.39,0,0.0,23.25,0.28,none,20.71,2.14
2026-02-07 06:00:00,S2009,2009,25.64,78.7,54.03,6.78,0,0.0,34.07,0.35,none,20.98,0.46
2026-02-07 06:00:00,S2000,2000,23.75,91.6,59.75,6.06,2023,0.0,29.1,0.42,none,34.16,2.95
2026-02-07 06:00:00,S2006,2006,25.32,81.9,51.38,6.94,0,0.0,16.93,0.28,none,22.21,2.12
2026-02-07 06:00:00,S2019,2019,25.26,88.3,60.94,6.28,0,0.0,21.78,0.35,none,32.11,0.44
2026-02-07 06:00:00,S2001,2001,23.59,93.3,50.69,6.8,1852,0.0,17.81,0.28,none,30.98,2.08
2026-02-07 06:00:00,S2013,2013,25.25,82.8,68.48,6.35,0,0.0,35.0,0.31,none,31.48,1.39
2026-02-07 06:00:00,S2002,2002,23.12,84.2,54.98,6.53,0,0.0,14.59,0.24,none,25.85,0.86
2026-02-07 09:00:00,S2006,2006,28.48,73.8,44.67,6.52,68507,0.0,19.84,0.28,none,12.38,2.09
2026-02-07 09:00:00,S2010,2010,30.12,80.5,43.51,7.04,72282,0.0,33.35,0.419,none,19.4,4.43
2026-02-07 09:00:00,S2007,2007,29.71,76.6,48.64,6.68,69367,0.0,21.75,0.24,none,18.02,0.62
2026-02-07 09:00:00,S2009,2009,29.6,80.8,45.75,6.13,70551,0.0,33.29,0.35,none,19.72,0.44
2026-02-07 09:00:00,S2005,2005,30.14,71.2,44.55,6.64,70022,0.0,39.21,0.419,none,12.52,3.5
2026-02-07 09:00:00,S2014,2014,28.63,75.9,47.58,6.57,71251,0.0,38.53,0.35,none,15.51,0.58
2026-02-07 09:00:00,S2004,2004,29.75,74.9,50.44,6.77,68880,0.0,31.84,0.35,none,17.64,0.61
2026-02-07 09:00:00,S2008,2008,28.02,83.1,42.83,6.68,69008,0.0,37.4,0.31,none,18.89,1.47
2026-02-07 09:00:00,S2017,2017,28.58,73.8,48.89,6.57,71810,0.0,26.08,0.24,none,14.48,0.68
2026-02-07 09:00:00,S2003,2003,30.05,76.9,46.38,6.71,72812,0.0,20.08,0.31,none,17.81,1.58
2026-02-07 09:00:00,S2015,2015,28.05,75.8,66.44,6.56,69214,0.0,30.51,0.42,none,24.86,3.41
2026-02-07 09:00:00,S2012,2012,30.33,79.4,49.85,6.68,70456,0.0,23.36,0.239,none,22.11,0.61
2026-02-07 09:00:00,S2000,2000,28.14,81.5,43.08,6.3,71405,0.0,26.58,0.42,none,17.74,3.31
2026-02-07 09:00:00,S2018,2018,28.65,74.3,52.75,7.16,71897,0.0,30.87,0.31,none,16.81,1.39
2026-02-07 09:00:00,S2016,2016,29.09,70.7,38.04,6.13,70982,2.43,23.11,0.28,none,6.76,2.35
2026-02-07 09:00:00,S2013,2013,28.37,77.7,46.95,6.42,72637,0.0,36.26,0.31,none,16.64,1.86
2026-02-07 09:00:00,S2019,2019,29.35,75.9,61.22,6.45,70698,0.0,18.68,0.35,none,23.03,0.49
2026-02-07 09:00:00,S2011,2011,30.09,81.5,46.39,6.56,72383,0.0,25.31,0.28,none,21.58,1.95
2026-02-07 09:00:00,S2001,2001,28.38,79.6,55.33,6.78,70150,0.0,18.59,0.28,none,22.34,1.99
2026-02-07 09:00:00,S2002,2002,29.85,76.6,60.69,7.06,71448,0.0,15.2,0.24,none,24.32,0.73
2026-02-07 12:00:00,S2016,2016,30.31,73.3,29.43,6.92,101022,2.81,23.47,0.267,none,6.97,1.75
2026-02-07 12:00:00,S2006,2006,32.69,69.3,46.68,6.07,98408,2.34,16.99,0.27,none,17.16,1.86
2026-02-07 12:00:00,S2008,2008,29.29,81.1,36.12,6.61,101375,3.41,36.8,0.31,none,14.52,1.28
2026-02-07 12:00:00,S2004,2004,31.32,70.4,31.09,6.15,98169,3.69,32.43,0.333,none,7.51,0.5
2026-02-07 12:00:00,S2011,2011,32.39,75.7,35.5,6.09,100165,2.68,24.0,0.271,none,16.09,2.31
2026-02-07 12:00:00,S2003,2003,32.29,69.1,38.49,6.62,101305,2.6,18.54,0.3,none,12.1,1.17
2026-02-07 12:00:00,S2002,2002,30.75,73.3,47.67,6.8,99863,0.0,14.89,0.238,none,16.98,0.86
2026-02-07 12:00:00,S2005,2005,31.49,74.5,42.56,6.98,102484,2.35,39.33,0.411,none,16.86,4.35
2026-02-07 12:00:00,S2018,2018,31.46,74.4,39.75,6.57,97603,2.5,28.22,0.304,none,15.32,1.86
2026-02-07 12:00:00,S2001,2001,30.76,72.0,52.19,6.65,100367,0.0,20.02,0.277,none,18.22,2.46
2026-02-07 12:00:00,S2017,2017,32.69,66.9,47.71,7.1,98141,0.0,26.9,0.231,none,15.76,0.69
2026-02-07 12:00:00,S2015,2015,30.07,75.2,37.87,6.43,99206,2.46,31.34,0.42,none,12.24,3.87
2026-02-07 12:00:00,S2000,2000,30.25,74.1,42.35,6.44,100038,0.0,27.16,0.419,none,13.95,3.68
2026-02-07 12:00:00,S2012,2012,31.47,68.5,31.23,6.42,101514,3.67,24.53,0.228,none,6.35,0.59
2026-02-07 12:00:00,S2013,2013,31.25,69.5,48.4,6.03,102323,0.0,34.41,0.305,none,15.3,1.66
2026-02-07 12:00:00,S2007,2007,32.11,71.5,54.85,6.55,102071,0.0,20.47,0.233,none,21.84,0.75
2026-02-07 12:00:00,S2010,2010,30.93,75.4,48.32,6.06,99506,0.0,32.89,0.415,none,19.34,3.41
2026-02-07 12:00:00,S2009,2009,31.34,67.4,40.65,6.79,101277,2.42,32.75,0.344,none,9.93,0.41
2026-02-07 12:00:00,S2014,2014,31.98,71.7,55.44,6.75,99767,0.0,37.91,0.341,none,22.04,0.46
2026-02-07 12:00:00,S2019,2019,29.65,69.5,43.1,6.11,99246,0.0,20.52,0.35,none,9.45,0.52
2026-02-07 15:00:00,S2016,2016,29.71,78.8,57.24,6.61,71433,0.0,22.5,0.28,none,24.08,2.05
2026-02-07 15:00:00,S2010,2010,28.56,74.1,61.2,6.27,69441,0.0,33.01,0.42,none,20.88,4.47
2026-02-07 15:00:00,S2013,2013,28.46,80.6,40.6,6.33,68516,0.0,33.6,0.31,none,15.78,1.44
2026-02-07 15:00:00,S2007,2007,27.79,83.6,57.2,6.31,68902,0.0,21.15,0.24,none,26.48,0.78
2026-02-07 15:00:00,S2012,2012,30.3,68.7,40.69,6.56,69849,3.19,22.69,0.239,none,8.91,0.61
2026-02-07 15:00:00,S2003,2003,27.81,78.7,60.95,6.92,73057,0.0,16.95,0.31,none,24.44,1.35
2026-02-07 15:00:00,S2011,2011,29.38,80.3,43.62,6.34,70362,0.0,25.53,0.28,none,17.81,2.99
2026-02-07 15:00:00,S2000,2000,30.27,72.5,46.39,6.88,70549,0.0,25.54,0.418,none,14.73,3.28
2026-02-07 15:00:00,S2008,2008,28.76,72.4,46.99,7.05,72712,0.0,34.69,0.31,none,12.42,1.75
2026-02-07 15:00:00,S2014,2014,28.09,81.2,43.1,6.29,70848,0.0,38.56,0.35,none,17.51,0.52
2026-02-07 15:00:00,S2018,2018,28.76,81.9,43.86,6.09,71409,0.0,30.81,0.31,none,18.45,1.54
2026-02-07 15:00:00,S2004,2004,28.71,79.4,49.61,6.88,69667,0.0,31.04,0.35,none,19.33,0.42
2026-02-07 15:00:00,S2015,2015,27.9,84.0,43.93,6.57,68866,0.0,32.13,0.42,none,20.17,3.88
2026-02-07 15:00:00,S2017,2017,28.89,80.8,41.04,6.18,68494,0.0,26.35,0.24,none,16.16,0.79
2026-02-07 15:00:00,S2005,2005,29.24,78.7,51.77,6.68,71661,0.0,37.2,0.42,none,20.33,4.55
2026-02-07 15:00:00,S2009,2009,28.27,83.9,58.95,6.74,70844,0.0,32.26,0.35,none,27.6,0.41
2026-02-07 15:00:00,S2001,2001,29.61,81.6,37.37,6.97,70345,2.43,19.62,0.28,none,16.18,2.34
2026-02-07 15:00:00,S2002,2002,28.54,80.4,60.47,6.92,70793,0.0,14.24,0.24,none,25.56,0.67
2026-02-07 15:00:00,S2019,2019,28.28,77.2,65.29,7.06,69673,0.0,18.77,0.35,none,25.41,0.59
2026-02-07 15:00:00,S2006,2006,28.3,77.3,53.84,6.14,70119,0.0,18.0,0.28,none,19.76,1.83
2026-02-07 18:00:00,S2017,2017,24.68,88.6,55.03,6.99,674,0.0,28.45,0.24,none,29.39,0.79
2026-02-07 18:00:00,S2012,2012,24.36,84.4,60.38,6.81,0,0.0,23.89,0.24,none,28.71,0.56
2026-02-07 18:00:00,S2013,2013,22.56,87.9,72.58,6.13,0,0.0,35.07,0.31,none,37.61,1.49
2026-02-07 18:00:00,S2001,2001,24.12,90.0,53.31,7.04,0,0.0,18.05,0.28,none,29.66,1.81
2026-02-07 18:00:00,S2016,2016,24.65,85.1,60.76,7.18,1758,0.0,22.55,0.28,none,29.46,1.82
2026-02-07 18:00:00,S2010,2010,24.03,83.3,67.83,7.01,0,0.0,34.09,0.42,none,31.55,2.95
2026-02-07 18:00:00,S2019,2019,24.61,88.0,46.63,6.76,1611,0.0,20.09,0.35,none,24.72,0.39
2026-02-07 18:00:00,S2015,2015,25.3,84.0,46.74,6.83,1034,0.0,32.31,0.42,none,21.57,3.75
2026-02-07 18:00:00,S2005,2005,25.53,88.9,57.28,6.17,891,0.0,39.3,0.42,none,30.76,4.1
2026-02-07 18:00:00,S2008,2008,25.51,82.7,55.85,6.24,0,0.0,34.89,0.31,none,25.09,1.53
2026-02-07 18:00:00,S2009,2009,23.33,93.4,76.99,7.03,1130,0.0,31.2,0.35,none,44.22,0.43
2026-02-07 18:00:00,S2003,2003,24.37,92.1,59.5,6.64,0,0.0,18.98,0.31,none,34.43,1.36
2026-02-07 18:00:00,S2007,2007,24.6,87.3,61.72,6.43,0,0.0,20.96,0.24,none,31.7,0.81
2026-02-07 18:00:00,S2011,2011,25.11,79.8,60.17,6.89,0,0.0,23.69,0.28,none,24.93,2.14
2026-02-07 18:00:00,S2006,2006,24.17,93.4,59.17,6.72,0,0.0,17.52,0.28,none,35.31,2.43
2026-02-07 18:00:00,S2014,2014,25.43,88.8,65.18,6.11,0,0.0,41.18,0.35,none,34.63,0.4
2026-02-07 18:00:00,S2000,2000,24.44,83.8,59.04,7.16,2332,0.0,25.32,0.42,none,27.56,3.86
2026-02-07 18:00:00,S2018,2018,24.67,89.5,57.75,6.59,2396,0.0,28.34,0.31,none,31.48,1.9
2026-02-07 18:00:00,S2004,2004,23.86,87.3,61.28,6.45,1775,0.0,31.48,0.35,none,31.48,0.4
2026-02-07 18:00:00,S2002,2002,23.29,91.0,69.73,7.03,2115,0.0,14.37,0.24,none,38.67,0.86
2026-02-07 21:00:00,S2017,2017,22.91,89.8,49.79,6.67,0,0.0,26.71,0.24,none,27.73,0.84
2026-02-07 21:00:00,S2018,2018,24.87,82.6,55.38,6.95,0,0.0,29.36,0.31,none,24.77,1.83
2026-02-07 21:00:00,S2015,2015,23.62,90.3,44.36,6.67,0,0.0,30.06,0.42,none,25.42,3.08
2026-02-07 21:00:00,S2019,2019,24.89,82.8,63.14,6.21,0,0.0,18.76,0.35,none,28.81,0.61
2026-02-07 21:00:00,S2000,2000,22.88,91.0,66.11,6.35,874,0.0,25.98,0.42,none,36.86,3.98
2026-02-07 21:00:00,S2001,2001,22.79,92.5,68.58,6.31,755,0.0,18.16,0.28,none,39.29,2.65
2026-02-07 21:00:00,S2004,2004,24.77,83.4,56.41,6.51,0,0.0,29.05,0.35,none,25.93,0.5
2026-02-07 21:00:00,S2011,2011,23.38,84.9,62.72,6.21,971,0.0,23.73,0.28,none,30.28,2.03
2026-02-07 21:00:00,S2002,2002,24.84,84.1,64.47,6.16,1100,0.0,16.27,0.24,none,30.51,0.84
2026-02-07 21:00:00,S2010,2010,23.35,86.9,59.65,6.52,0,0.0,31.89,0.42,none,30.35,4.36
2026-02-07 21:00:00,S2009,2009,25.29,85.0,63.02,6.64,967,0.0,33.18,0.35,none,30.51,0.5
2026-02-07 21:00:00,S2005,2005,24.44,88.8,51.07,6.83,126,0.0,41.73,0.42,none,27.57,4.0
2026-02-07 21:00:00,S2003,2003,24.19,86.5,66.4,6.83,0,0.0,19.05,0.31,none,33.4,1.96
2026-02-07 21:00:00,S2012,2012,22.85,92.2,55.84,7.19,0,0.0,24.03,0.24,none,32.68,0.68
2026-02-07 21:00:00,S2008,2008,24.33,86.6,71.9,6.72,0,0.0,34.96,0.31,none,36.23,1.78
2026-02-07 21:00:00,S2006,2006,25.37,88.2,70.71,6.31,0,0.0,16.95,0.28,none,36.91,3.0
2026-02-07 21:00:00,S2016,2016,23.24,84.6,59.15,6.7,622,0.0,22.22,0.28,none,28.25,2.52
2026-02-07 21:00:00,S2013,2013,24.16,89.7,51.77,6.43,0,0.0,36.16,0.31,none,28.65,1.21
2026-02-07 21:00:00,S2007,2007,24.8,87.9,61.4,6.7,351,0.0,20.07,0.24,none,32.02,0.56
2026-02-07 21:00:00,S2014,2014,24.87,88.9,55.09,6.85,523,0.0,38.84,0.35,none,29.67,0.57
2026-02-08 00:00:00,S2014,2014,23.21,85.4,59.76,6.67,0,0.0,41.51,0.35,none,29.2,0.45
2026-02-08 00:00:00,S2009,2009,24.27,84.1,58.57,6.71,0,0.0,33.35,0.35,none,27.56,0.57
2026-02-08 00:00:00,S2001,2001,23.05,87.0,61.61,6.06,0,0.0,18.56,0.28,none,31.41,1.98
2026-02-08 00:00:00,S2000,2000,23.89,90.8,56.2,6.13,559,0.0,27.03,0.42,none,31.74,4.25
2026-02-08 00:00:00,S2006,2006,24.15,85.9,64.34,6.27,0,0.0,19.47,0.28,none,31.89,2.9
2026-02-08 00:00:00,S2007,2007,23.14,85.9,50.87,7.04,413,0.0,20.34,0.24,none,25.16,0.76
2026-02-08 00:00:00,S2018,2018,25.21,89.2,54.96,6.05,0,0.0,29.94,0.31,none,29.84,1.88
2026-02-08 00:00:00,S2017,2017,25.05,88.3,63.03,6.64,740,0.0,26.32,0.24,none,33.16,0.55
2026-02-08 00:00:00,S2004,2004,23.54,86.3,56.0,6.13,447,0.0,30.02,0.35,none,28.04,0.61
2026-02-08 00:00:00,S2002,2002,24.89,90.2,60.93,7.15,0,0.0,16.12,0.24,none,33.62,0.8
2026-02-08 00:00:00,S2011,2011,24.38,89.2,55.49,6.8,0,0.0,24.28,0.28,none,30.11,2.1
2026-02-08 00:00:00,S2008,2008,23.47,92.7,54.03,7.15,1637,0.0,37.79,0.31,none,32.18,1.2
2026-02-08 00:00:00,S2013,2013,25.67,85.3,52.84,7.02,0,0.0,34.42,0.31,none,25.66,1.55
2026-02-08 00:00:00,S2015,2015,23.59,92.0,67.31,6.28,0,0.0,28.58,0.42,none,38.26,4.65
2026-02-08 00:00:00,S2005,2005,23.17,88.0,64.73,6.81,0,0.0,37.82,0.42,none,33.77,3.52
2026-02-08 00:00:00,S2003,2003,24.27,90.2,45.99,6.05,0,0.0,20.52,0.31,none,26.16,1.87
2026-02-08 00:00:00,S2019,2019,24.03,89.0,55.41,6.21,666,0.0,21.94,0.35,none,29.91,0.49
2026-02-08 00:00:00,S2010,2010,25.1,89.3,61.19,6.09,1093,0.0,32.03,0.42,none,33.03,3.83
2026-02-08 00:00:00,S2012,2012,24.96,88.1,54.99,6.16,0,0.0,24.73,0.24,none,28.97,0.62
2026-02-08 00:00:00,S2016,2016,24.69,86.6,51.89,6.77,299,0.0,23.04,0.28,none,26.22,2.94
2026-02-08 03:00:00,S2004,2004,24.7,86.3,55.68,6.15,0,0.0,32.81,0.35,none,27.88,0.59
2026-02-08 03:00:00,S2018,2018,23.0,89.1,64.58,6.95,269,0.0,30.61,0.31,none,34.57,1.85
2026-02-08 03:00:00,S2015,2015,25.22,80.7,80.12,6.19,1365,0.0,30.57,0.42,none,35.62,3.18
2026-02-08 03:00:00,S2013,2013,24.25,87.5,57.99,6.58,1443,0.0,36.38,0.31,none,30.0,1.34
2026-02-08 03:00:00,S2019,2019,23.97,85.9,56.2,6.17,0,0.0,20.49,0.35,none,27.82,0.41
2026-02-08 03:00:00,S2016,2016,22.35,84.7,64.64,6.51,430,0.0,22.2,0.28,none,31.08,2.66
2026-02-08 03:00:00,S2014,2014,22.8,92.2,68.15,6.13,1768,0.0,38.28,0.35,none,38.84,0.62
2026-02-08 03:00:00,S2011,2011,23.12,86.2,53.33,6.93,0,0.0,23.41,0.28,none,26.63,2.97
2026-02-08 03:00:00,S2000,2000,23.35,85.8,63.32,6.05,528,0.0,26.74,0.42,none,31.3,3.38
2026-02-08 03:00:00,S2009,2009,23.63,87.0,53.31,6.59,233,0.0,33.39,0.35,none,27.26,0.62
2026-02-08 03:00:00,S2010,2010,24.78,80.9,50.47,6.15,0,0.0,32.48,0.42,none,20.96,2.89
2026-02-08 03:00:00,S2007,2007,23.92,93.4,44.84,6.86,337,0.0,20.98,0.24,none,28.14,0.79
2026-02-08 03:00:00,S2005,2005,24.59,83.8,46.87,6.91,121,0.0,38.07,0.42,none,21.47,2.9
2026-02-08 03:00:00,S2006,2006,24.77,83.3,57.92,6.76,0,0.0,17.92,0.28,none,26.6,2.05
2026-02-08 03:00:00,S2003,2003,23.03,95.3,50.97,6.26,963,0.0,19.88,0.31,none,32.73,1.95
2026-02-08 03:00:00,S2008,2008,22.42,92.6,60.17,6.61,1375,0.0,38.17,0.31,none,35.16,1.66
2026-02-08 03:00:00,S2012,2012,25.39,82.5,48.03,7.0,2337,0.0,25.0,0.24,none,21.02,0.86
2026-02-08 03:00:00,S2001,2001,23.22,86.4,72.3,7.07,0,0.0,17.58,0.28,none,36.27,2.4
2026-02-08 03:00:00,S2017,2017,24.7,90.2,62.61,6.95,0,0.0,28.52,0.24,none,34.47,0.71
2026-02-08 03:00:00,S2002,2002,23.09,91.5,61.79,6.18,0,0.0,16.43,0.24,none,35.09,0.85
2026-02-08 06:00:00,S2016,2016,23.33,90.3,66.78,7.02,22,0.0,22.56,0.28,none,36.63,1.82
2026-02-08 06:00:00,S2004,2004,22.29,87.2,78.14,6.58,1958,0.0,31.83,0.35,none,39.83,0.53
2026-02-08 06:00:00,S2011,2011,25.5,84.3,58.64,6.14,0,0.0,24.85,0.28,none,27.76,2.35
2026-02-08 06:00:00,S2006,2006,24.48,88.7,80.98,6.56,0,0.0,19.11,0.28,none,42.45,2.71
2026-02-08 06:00:00,S2001,2001,25.4,89.0,52.91,6.87,185,0.0,18.83,0.28,none,28.66,2.9
2026-02-08 06:00:00,S2005,2005,23.75,85.6,65.95,6.83,0,0.0,40.62,0.42,none,32.45,3.49
2026-02-08 06:00:00,S2019,2019,23.86,87.7,60.25,6.86,342,0.0,21.48,0.35,none,31.29,0.57
2026-02-08 06:00:00,S2002,2002,22.68,91.6,48.98,6.53,2094,0.0,16.61,0.24,none,28.77,0.53
2026-02-08 06:00:00,S2009,2009,22.57,91.5,57.73,6.62,1347,0.0,34.34,0.35,none,33.06,0.52
2026-02-08 06:00:00,S2008,2008,25.03,86.7,48.02,6.95,0,0.0,37.5,0.31,none,24.37,1.75
2026-02-08 06:00:00,S2007,2007,22.36,86.8,49.83,6.04,884,0.0,21.47,0.24,none,25.35,0.69
2026-02-08 06:00:00,S2000,2000,23.98,86.9,67.7,6.19,0,0.0,25.45,0.42,none,34.37,3.71
2026-02-08 06:00:00,S2010,2010,22.78,92.3,48.94,6.03,280,0.0,33.76,0.42,none,29.31,3.45
2026-02-08 06:00:00,S2014,2014,24.54,92.1,49.01,6.64,0,0.0,39.71,0.35,none,29.18,0.5
2026-02-08 06:00:00,S2012,2012,25.25,83.6,57.58,7.11,0,0.0,24.96,0.24,none,26.67,0.55
2026-02-08 06:00:00,S2003,2003,23.31,91.9,54.02,7.12,0,0.0,18.62,0.31,none,31.53,1.71
2026-02-08 06:00:00,S2018,2018,23.33,90.2,47.69,6.16,2182,0.0,29.95,0.31,none,27.01,1.92
2026-02-08 06:00:00,S2015,2015,24.68,87.1,53.28,7.01,1379,0.0,33.16,0.42,none,27.32,3.99
2026-02-08 06:00:00,S2017,2017,25.4,84.2,57.32,6.48,0,0.0,26.62,0.24,none,27.02,0.71
2026-02-08 06:00:00,S2013,2013,24.32,86.6,61.24,6.18,0,0.0,37.13,0.31,none,30.9,1.93
2026-02-08 09:00:00,S2015,2015,28.79,80.3,37.1,6.93,71429,2.45,30.26,0.42,none,13.79,4.46
2026-02-08 09:00:00,S2008,2008,29.7,74.8,61.73,6.73,69448,0.0,37.04,0.31,none,23.1,1.46
2026-02-08 09:00:00,S2005,2005,29.38,80.6,48.31,6.8,70632,0.0,38.53,0.42,none,20.39,3.62
2026-02-08 09:00:00,S2006,2006,29.96,77.8,61.58,7.02,71359,0.0,18.86,0.28,none,25.95,1.98
2026-02-08 09:00:00,S2001,2001,28.54,73.7,35.96,6.51,68411,2.49,18.09,0.28,none,7.94,2.57
2026-02-08 09:00:00,S2010,2010,27.93,84.4,75.62,6.59,72904,0.0,34.22,0.42,none,36.33,3.36
2026-02-08 09:00:00,S2012,2012,29.97,75.4,48.51,7.05,70931,0.0,23.34,0.24,none,17.52,0.7
2026-02-08 09:00:00,S2019,2019,29.82,72.5,39.86,6.83,70186,2.37,20.63,0.35,none,10.57,0.56
2026-02-08 09:00:00,S2003,2003,28.37,78.8,34.47,6.24,69631,2.48,18.41,0.309,none,11.27,1.65
2026-02-08 09:00:00,S2007,2007,30.07,73.7,53.2,6.98,69090,0.0,22.64,0.24,none,18.7,0.69
2026-02-08 09:00:00,S2013,2013,28.99,71.3,37.28,7.16,71361,3.31,35.05,0.31,none,6.68,1.89
2026-02-08 09:00:00,S2014,2014,28.9,78.5,51.64,6.44,68692,0.0,40.4,0.35,none,19.62,0.58
2026-02-08 09:00:00,S2016,2016,28.83,78.3,48.35,7.17,69437,0.0,21.97,0.28,none,17.81,2.79
2026-02-08 09:00:00,S2002,2002,28.5,83.7,47.41,7.03,69790,0.0,14.89,0.24,none,21.67,0.79
2026-02-08 09:00:00,S2018,2018,30.55,74.8,53.39,7.18,70874,0.0,31.31,0.308,none,20.63,1.71
2026-02-08 09:00:00,S2004,2004,29.24,76.1,59.63,6.88,71645,0.0,32.14,0.35,none,22.17,0.54
2026-02-08 09:00:00,S2009,2009,28.49,82.8,42.01,6.53,71169,0.0,33.71,0.35,none,18.24,0.5
2026-02-08 09:00:00,S2017,2017,30.13,72.5,52.06,6.63,69164,0.0,28.0,0.24,none,17.29,0.7
2026-02-08 09:00:00,S2000,2000,29.98,76.0,48.06,7.08,70443,0.0,25.08,0.42,none,17.79,3.75
2026-02-08 09:00:00,S2011,2011,28.49,79.2,39.66,6.67,71937,2.37,25.06,0.28,none,14.19,2.1
2026-02-08 12:00:00,S2000,2000,31.49,75.7,43.89,6.13,99105,0.0,26.34,0.411,none,18.48,4.08
2026-02-08 12:00:00,S2011,2011,31.95,75.8,30.27,6.17,102383,2.85,23.22,0.262,none,12.67,1.69
2026-02-08 12:00:00,S2010,2010,31.16,70.2,39.81,6.32,100007,2.49,33.1,0.413,none,11.39,3.24
2026-02-08 12:00:00,S2018,2018,30.26,76.8,33.18,6.11,101539,2.69,28.73,0.305,none,11.55,1.2
2026-02-08 12:00:00,S2012,2012,29.79,79.8,28.72,6.2,100470,3.71,24.77,0.228,none,10.78,0.72
2026-02-08 12:00:00,S2017,2017,29.71,76.9,37.09,6.45,98117,3.32,28.36,0.24,none,12.49,0.54
2026-02-08 12:00:00,S2007,2007,30.75,68.6,46.31,6.65,101718,0.0,21.94,0.238,none,12.53,0.78
2026-02-08 12:00:00,S2008,2008,30.58,78.0,54.82,6.46,97901,0.0,35.59,0.308,none,23.97,1.63
2026-02-08 12:00:00,S2004,2004,30.72,80.5,31.53,7.03,102164,3.64,29.05,0.337,none,14.61,0.52
2026-02-08 12:00:00,S2016,2016,30.51,78.2,41.81,7.19,100356,0.0,21.81,0.278,none,17.49,1.95
2026-02-08 12:00:00,S2013,2013,31.55,69.9,58.36,6.23,100339,0.0,34.18,0.303,none,21.2,1.84
2026-02-08 12:00:00,S2003,2003,29.87,78.3,37.98,7.01,97564,2.5,19.96,0.31,none,14.37,1.83
2026-02-08 12:00:00,S2002,2002,32.4,69.3,38.15,6.1,102117,2.38,14.72,0.232,none,12.31,0.7
2026-02-08 12:00:00,S2001,2001,31.27,77.6,45.07,6.21,102320,0.0,19.68,0.275,none,20.15,2.12
2026-02-08 12:00:00,S2006,2006,31.43,70.3,62.31,6.99,99706,0.0,18.41,0.275,none,23.25,2.87
2026-02-08 12:00:00,S2015,2015,29.36,71.2,39.4,7.17,99667,2.39,32.21,0.42,none,8.38,3.83
2026-02-08 12:00:00,S2005,2005,32.15,68.1,34.46,6.86,101865,2.71,40.61,0.406,none,9.01,3.05
2026-02-08 12:00:00,S2009,2009,30.12,72.7,46.95,6.31,101769,0.0,32.19,0.349,none,14.88,0.47
2026-02-08 12:00:00,S2014,2014,31.95,71.4,65.06,6.86,98231,0.0,39.63,0.341,none,26.55,0.47
2026-02-08 12:00:00,S2019,2019,30.68,77.5,43.18,6.57,101578,2.36,20.41,0.347,none,17.95,0.42
2026-02-08 15:00:00,S2009,2009,30.26,76.3,46.98,6.29,71564,0.0,32.67,0.349,none,18.05,0.48
2026-02-08 15:00:00,S2006,2006,29.74,71.9,55.88,6.61,68824,0.0,19.88,0.28,none,17.94,2.41
2026-02-08 15:00:00,S2003,2003,28.33,76.4,44.14,6.78,72684,0.0,20.7,0.31,none,14.19,1.74
2026-02-08 15:00:00,S2014,2014,29.65,71.8,49.21,6.28,70754,0.0,39.35,0.35,none,14.34,0.44
2026-02-08 15:00:00,S2008,2008,28.34,77.6,51.85,6.32,72316,0.0,37.12,0.31,none,19.0,1.58
2026-02-08 15:00:00,S2002,2002,27.77,81.8,47.74,7.2,70569,0.0,16.77,0.24,none,20.31,0.81
2026-02-08 15:00:00,S2001,2001,29.05,71.9,41.32,6.39,70575,2.33,20.19,0.28,none,9.28,2.47
2026-02-08 15:00:00,S2007,2007,28.27,79.5,54.1,6.48,72039,0.0,21.01,0.24,none,21.65,0.82
2026-02-08 15:00:00,S2010,2010,28.9,79.4,62.63,7.13,73051,0.0,35.65,0.42,none,25.84,3.5
2026-02-08 15:00:00,S2000,2000,29.31,82.7,62.44,6.44,68426,0.0,26.82,0.42,none,29.0,4.21
2026-02-08 15:00:00,S2004,2004,27.98,82.2,47.0,6.95,69433,0.0,31.9,0.35,none,20.26,0.6
2026-02-08 15:00:00,S2012,2012,28.09,78.7,52.4,6.72,72101,0.0,22.76,0.24,none,20.16,0.56
2026-02-08 15:00:00,S2017,2017,30.17,75.3,52.35,7.12,69773,0.0,27.56,0.239,none,19.76,0.78
2026-02-08 15:00:00,S2018,2018,28.11,81.3,47.05,6.31,69752,0.0,28.54,0.31,none,19.56,1.2
2026-02-08 15:00:00,S2019,2019,30.22,71.7,35.84,7.09,69896,2.53,20.34,0.349,none,8.72,0.41
2026-02-08 15:00:00,S2016,2016,28.08,77.5,43.56,6.79,69815,0.0,23.07,0.28,none,14.78,2.5
2026-02-08 15:00:00,S2013,2013,27.6,82.1,47.34,6.71,71271,0.0,33.81,0.31,none,20.35,1.64
2026-02-08 15:00:00,S2005,2005,28.47,82.2,41.46,6.98,69545,0.0,40.88,0.42,none,17.49,3.6
2026-02-08 15:00:00,S2011,2011,29.34,75.9,49.95,6.1,69457,0.0,24.55,0.28,none,17.38,2.7
2026-02-08 15:00:00,S2015,2015,29.13,74.2,47.7,6.36,72311,0.0,30.74,0.42,none,14.47,4.42
2026-02-08 18:00:00,S2001,2001,22.86,87.3,54.49,6.43,0,0.0,17.71,0.28,none,28.09,2.89
2026-02-08 18:00:00,S2007,2007,24.6,90.4,70.61,6.57,0,0.0,21.12,0.24,none,38.63,0.7
2026-02-08 18:00:00,S2008,2008,23.77,92.8,63.65,6.01,0,0.0,37.56,0.31,none,37.06,1.68
2026-02-08 18:00:00,S2002,2002,24.63,87.6,81.16,6.99,832,0.0,15.15,0.24,none,41.66,0.7
2026-02-08 18:00:00,S2006,2006,25.24,84.2,54.94,6.6,0,0.0,17.28,0.28,none,25.83,2.64
2026-02-08 18:00:00,S2014,2014,24.61,85.2,61.08,6.75,0,0.0,38.13,0.35,none,29.7,0.52
2026-02-08 18:00:00,S2005,2005,23.25,89.6,50.83,7.0,1189,0.0,40.2,0.42,none,28.09,2.95
2026-02-08 18:00:00,S2003,2003,23.91,92.0,54.15,6.85,0,0.0,19.73,0.31,none,31.68,1.24
2026-02-08 18:00:00,S2009,2009,24.28,87.8,48.22,7.13,0,0.0,32.92,0.35,none,25.35,0.55
2026-02-08 18:00:00,S2016,2016,24.84,88.3,48.34,7.12,0,0.0,23.07,0.28,none,25.81,2.04
2026-02-08 18:00:00,S2013,2013,25.67,82.9,51.8,6.47,1671,0.0,36.89,0.31,none,23.22,1.24
2026-02-08 18:00:00,S2004,2004,25.09,88.3,57.73,6.16,487,0.0,32.1,0.35,none,30.5,0.43
2026-02-08 18:00:00,S2000,2000,25.59,81.1,52.82,6.73,40,0.0,29.55,0.42,none,22.29,4.34
2026-02-08 18:00:00,S2010,2010,23.84,89.2,53.64,6.46,0,0.0,33.91,0.42,none,29.18,3.82
2026-02-08 18:00:00,S2015,2015,24.88,84.0,55.06,6.38,946,0.0,29.83,0.42,none,25.73,3.27
2026-02-08 18:00:00,S2011,2011,23.69,87.9,61.65,6.28,0,0.0,24.68,0.28,none,32.15,2.36
2026-02-08 18:00:00,S2017,2017,24.78,84.0,59.62,6.69,0,0.0,27.74,0.24,none,28.01,0.82
2026-02-08 18:00:00,S2012,2012,24.54,91.4,50.09,6.43,206,0.0,25.13,0.24,none,29.17,0.85
2026-02-08 18:00:00,S2019,2019,23.01,94.6,63.37,7.08,1636,0.0,22.56,0.35,none,38.36,0.42
2026-02-08 18:00:00,S2018,2018,24.89,89.8,60.46,6.8,0,0.0,30.46,0.31,none,33.07,1.5
2026-02-08 21:00:00,S2016,2016,24.33,85.3,48.61,6.76,0,0.0,22.69,0.28,none,23.54,2.11
2026-02-08 21:00:00,S2012,2012,24.7,85.4,56.18,6.12,0,0.0,22.78,0.24,none,27.41,0.54
2026-02-08 21:00:00,S2007,2007,24.91,85.6,58.1,7.03,0,0.0,20.98,0.24,none,28.53,0.6
2026-02-08 21:00:00,S2006,2006,23.77,91.3,61.7,6.68,2478,0.0,18.28,0.28,none,34.89,2.17
2026-02-08 21:00:00,S2018,2018,24.03,93.0,65.97,6.41,1392,0.0,29.09,0.31,none,38.39,1.48
2026-02-08 21:00:00,S2000,2000,25.32,80.6,59.15,6.75,96,0.0,28.85,0.42,none,25.05,4.2
2026-02-08 21:00:00,S2017,2017,23.32,88.4,60.37,6.1,0,0.0,26.82,0.24,none,31.91,0.82
2026-02-08 21:00:00,S2001,2001,25.01,87.2,56.65,6.69,0,0.0,20.64,0.28,none,29.09,2.68
2026-02-08 21:00:00,S2005,2005,23.08,95.0,51.48,6.11,2446,0.0,40.05,0.42,none,32.74,3.94
2026-02-08 21:00:00,S2013,2013,23.95,87.3,90.18,6.41,1326,0.0,35.36,0.31,fungal_leaf_spot,45.93,1.85
2026-02-08 21:00:00,S2008,2008,23.71,94.3,49.7,7.05,1284,0.0,38.18,0.31,none,31.29,1.72
2026-02-08 21:00:00,S2015,2015,22.86,94.6,58.43,7.19,779,0.0,31.21,0.42,none,35.89,4.27
2026-02-08 21:00:00,S2019,2019,22.94,88.0,69.7,6.46,0,0.0,22.03,0.35,none,36.25,0.53
2026-02-08 21:00:00,S2009,2009,22.93,92.0,61.12,6.96,1560,0.0,31.18,0.35,none,35.16,0.59
2026-02-08 21:00:00,S2014,2014,23.89,84.1,59.2,6.63,0,0.0,38.8,0.35,none,27.88,0.45
2026-02-08 21:00:00,S2002,2002,23.02,89.9,49.01,7.04,1770,0.0,17.01,0.24,none,27.43,0.55
2026-02-08 21:00:00,S2011,2011,25.06,86.8,56.99,7.16,635,0.0,25.69,0.28,none,28.93,2.88
2026-02-08 21:00:00,S2003,2003,22.44,92.6,66.08,6.08,0,0.0,19.3,0.31,none,38.12,1.81
2026-02-08 21:00:00,S2004,2004,25.21,84.4,60.07,6.24,0,0.0,30.24,0.35,none,28.56,0.6
2026-02-08 21:00:00,S2010,2010,22.75,94.9,60.48,6.85,409,0.0,35.27,0.42,none,37.16,4.65
2026-02-09 00:00:00,S2002,2002,24.8,88.2,60.0,6.13,1614,0.0,16.83,0.24,none,31.56,0.75
2026-02-09 00:00:00,S2007,2007,23.44,86.1,60.11,6.11,1092,0.0,20.54,0.24,none,29.93,0.82
2026-02-09 00:00:00,S2000,2000,24.16,81.2,54.48,6.34,1256,0.0,29.34,0.42,none,23.2,3.27
2026-02-09 00:00:00,S2018,2018,24.53,87.4,56.89,6.55,2458,0.0,29.41,0.31,none,29.37,1.95
2026-02-09 00:00:00,S2010,2010,22.72,86.6,51.96,7.03,0,0.0,35.03,0.42,none,26.26,3.23
2026-02-09 00:00:00,S2004,2004,24.65,85.6,58.33,7.0,0,0.0,30.26,0.35,none,28.64,0.59
2026-02-09 00:00:00,S2017,2017,24.68,90.5,49.43,6.45,0,0.0,27.78,0.24,none,28.12,0.53
2026-02-09 00:00:00,S2012,2012,24.73,88.4,65.17,7.0,2143,0.0,24.37,0.24,none,34.31,0.7
2026-02-09 00:00:00,S2005,2005,22.69,91.5,56.6,6.39,0,0.0,40.11,0.42,none,32.5,3.46
2026-02-09 00:00:00,S2013,2013,24.42,86.8,66.37,6.57,740,0.0,35.37,0.31,none,33.62,1.84
2026-02-09 00:00:00,S2014,2014,25.27,89.4,50.81,6.1,772,0.0,40.93,0.35,none,27.93,0.41
2026-02-09 00:00:00,S2016,2016,25.48,81.7,62.53,6.83,311,0.0,23.07,0.28,none,27.63,2.27
2026-02-09 00:00:00,S2009,2009,24.23,86.8,67.57,6.46,0,0.0,35.15,0.35,none,34.22,0.48
2026-02-09 00:00:00,S2001,2001,25.27,86.4,52.1,6.22,0,0.0,19.74,0.28,none,26.17,2.35
2026-02-09 00:00:00,S2003,2003,25.12,85.8,60.36,6.34,1817,0.0,18.4,0.31,none,29.82,1.41
2026-02-09 00:00:00,S2011,2011,23.5,90.7,55.71,6.5,1913,0.0,24.13,0.28,none,31.42,2.47
2026-02-09 00:00:00,S2006,2006,25.68,89.5,59.01,6.29,0,0.0,20.06,0.28,none,32.11,1.82
2026-02-09 00:00:00,S2019,2019,24.65,89.2,61.08,6.8,0,0.0,23.05,0.35,none,32.9,0.42
2026-02-09 00:00:00,S2015,2015,22.81,94.3,60.77,6.27,418,0.0,29.5,0.42,none,36.83,3.75
2026-02-09 00:00:00,S2008,2008,22.8,89.0,54.44,6.38,1721,0.0,36.42,0.31,none,29.42,1.27
2026-02-09 03:00:00,S2018,2018,24.91,84.8,56.02,7.11,0,0.0,30.37,0.31,none,26.85,1.33
2026-02-09 03:00:00,S2009,2009,23.71,89.2,54.95,6.68,0,0.0,33.67,0.35,none,29.84,0.38
2026-02-09 03:00:00,S2005,2005,24.55,89.0,61.08,6.3,0,0.0,38.07,0.42,none,32.74,4.25
2026-02-09 03:00:00,S2002,2002,23.12,87.6,58.6,6.37,0,0.0,17.06,0.24,none,30.38,0.72
2026-02-09 03:00:00,S2012,2012,22.91,90.8,63.89,6.77,0,0.0,23.27,0.24,none,35.59,0.86
2026-02-09 03:00:00,S2016,2016,24.22,87.3,52.29,6.23,1135,0.0,21.68,0.28,none,26.98,2.77
2026-02-09 03:00:00,S2015,2015,22.23,93.0,48.17,6.07,0,0.0,29.96,0.42,none,29.49,3.71
2026-02-09 03:00:00,S2004,2004,24.64,80.5,51.03,6.64,1889,0.0,29.62,0.35,none,20.92,0.57
2026-02-09 03:00:00,S2013,2013,24.78,82.0,45.48,6.33,0,0.0,36.97,0.31,none,19.34,1.97
2026-02-09 03:00:00,S2011,2011,23.56,88.6,47.69,7.06,0,0.0,25.22,0.28,none,25.72,1.94
2026-02-09 03:00:00,S2017,2017,22.42,96.3,58.85,7.16,0,0.0,27.22,0.24,none,37.47,0.81
2026-02-09 03:00:00,S2001,2001,22.95,93.5,55.68,6.53,1908,0.0,18.33,0.28,none,33.64,2.05
2026-02-09 03:00:00,S2003,2003,25.44,85.7,62.29,6.93,0,0.0,20.56,0.31,none,30.71,1.55
2026-02-09 03:00:00,S2006,2006,25.67,82.7,55.76,6.59,0,0.0,17.4,0.28,none,25.04,2.43
2026-02-09 03:00:00,S2014,2014,23.53,91.4,53.33,7.16,31,0.0,40.22,0.35,none,30.79,0.5
2026-02-09 03:00:00,S2019,2019,22.83,85.0,60.08,6.84,0,0.0,21.77,0.35,none,29.04,0.57
2026-02-09 03:00:00,S2007,2007,23.56,85.7,52.32,6.76,1374,0.0,20.82,0.24,none,25.72,0.69
2026-02-09 03:00:00,S2010,2010,22.15,87.3,67.26,6.44,0,0.0,35.65,0.42,none,34.47,4.6
2026-02-09 03:00:00,S2008,2008,24.23,87.2,70.85,6.92,676,0.0,37.63,0.31,none,36.19,1.53
2026-02-09 03:00:00,S2000,2000,23.99,87.1,66.44,6.67,0,0.0,25.77,0.42,none,33.9,3.86
2026-02-09 06:00:00,S2006,2006,24.04,93.8,54.3,6.31,1875,0.0,19.16,0.28,none,33.19,1.91
2026-02-09 06:00:00,S2007,2007,24.82,87.0,62.14,6.72,0,0.0,21.59,0.24,none,31.67,0.62
2026-02-09 06:00:00,S2016,2016,24.42,87.2,60.53,6.02,0,0.0,21.48,0.28,none,31.03,1.95
2026-02-09 06:00:00,S2011,2011,24.97,87.3,74.98,6.54,0,0.0,26.18,0.28,none,38.33,2.32
2026-02-09 06:00:00,S2001,2001,23.51,88.4,78.8,6.07,910,0.0,20.7,0.28,none,41.12,2.35
2026-02-09 06:00:00,S2012,2012,23.46,89.5,51.49,6.05,0,0.0,24.36,0.24,none,28.35,0.84
2026-02-09 06:00:00,S2015,2015,25.06,83.4,57.33,7.04,0,0.0,32.36,0.42,none,26.39,3.11
2026-02-09 06:00:00,S2018,2018,23.1,86.6,74.45,6.18,15,0.0,28.27,0.31,none,37.5,1.37
2026-02-09 06:00:00,S2003,2003,24.13,92.2,65.43,6.71,502,0.0,17.93,0.31,none,37.48,1.26
2026-02-09 06:00:00,S2017,2017,23.58,93.5,52.73,6.71,1857,0.0,27.05,0.24,none,32.16,0.8
2026-02-09 06:00:00,S2014,2014,23.62,85.6,58.52,7.17,0,0.0,38.42,0.35,none,28.74,0.46
2026-02-09 06:00:00,S2009,2009,24.71,86.9,49.78,6.48,0,0.0,34.16,0.35,none,25.41,0.59
2026-02-09 06:00:00,S2000,2000,22.85,93.9,59.51,6.38,923,0.0,30.05,0.42,none,35.88,3.22
2026-02-09 06:00:00,S2008,2008,23.87,90.2,59.44,6.17,0,0.0,37.35,0.31,none,32.88,1.2
2026-02-09 06:00:00,S2013,2013,24.35,88.5,51.48,6.72,0,0.0,36.61,0.31,none,27.54,1.3
2026-02-09 06:00:00,S2019,2019,23.9,92.7,69.22,6.08,1076,0.0,20.71,0.35,none,39.77,0.51
2026-02-09 06:00:00,S2010,2010,25.36,86.8,57.18,7.01,0,0.0,31.9,0.42,none,29.03,4.37
2026-02-09 06:00:00,S2004,2004,23.11,92.7,52.2,6.24,1253,0.0,29.98,0.35,none,31.26,0.44
2026-02-09 06:00:00,S2005,2005,22.4,87.6,58.41,6.45,2191,0.0,38.24,0.42,none,30.28,4.52
2026-02-09 06:00:00,S2002,2002,25.43,88.9,59.79,6.72,1546,0.0,15.75,0.24,none,32.02,0.65
2026-02-09 09:00:00,S2015,2015,27.56,76.9,41.88,6.42,69943,0.0,28.88,0.42,none,13.46,3.44
2026-02-09 09:00:00,S2011,2011,28.48,83.0,63.95,6.59,71044,0.0,26.01,0.28,none,29.38,2.12
2026-02-09 09:00:00,S2007,2007,29.77,74.4,45.44,6.67,68959,0.0,21.44,0.24,none,14.78,0.86
2026-02-09 09:00:00,S2005,2005,28.05,78.3,34.73,7.14,71183,2.53,41.23,0.419,none,11.0,2.98
2026-02-09 09:00:00,S2003,2003,29.79,74.5,49.56,6.77,69062,0.0,18.52,0.31,none,16.96,1.79
2026-02-09 09:00:00,S2004,2004,29.68,72.3,44.54,7.12,68649,0.0,31.07,0.35,none,12.47,0.57
2026-02-09 09:00:00,S2010,2010,30.36,79.3,42.03,6.25,71961,2.37,32.19,0.418,none,18.17,3.72
2026-02-09 09:00:00,S2012,2012,28.29,76.6,50.25,6.54,69571,0.0,23.23,0.24,none,17.4,0.81
2026-02-09 09:00:00,S2002,2002,27.79,81.8,54.64,6.61,71609,0.0,16.85,0.24,none,23.76,0.67
2026-02-09 09:00:00,S2019,2019,28.52,79.8,49.03,6.36,70536,0.0,22.54,0.35,none,19.36,0.43
2026-02-09 09:00:00,S2013,2013,28.53,74.3,57.14,6.25,68373,0.0,35.87,0.31,none,19.01,1.8
2026-02-09 09:00:00,S2009,2009,29.82,77.5,51.73,6.16,72827,0.0,34.22,0.35,none,20.5,0.58
2026-02-09 09:00:00,S2001,2001,30.48,73.5,48.77,6.19,71974,0.0,18.21,0.278,none,17.15,2.11
2026-02-09 09:00:00,S2008,2008,29.43,75.7,45.1,6.34,70797,0.0,35.32,0.31,none,14.97,1.37
2026-02-09 09:00:00,S2018,2018,29.71,78.8,36.21,6.23,68417,2.56,29.13,0.31,none,13.57,1.7
2026-02-09 09:00:00,S2016,2016,28.9,78.5,45.68,6.32,71068,0.0,22.37,0.28,none,16.64,2.99
2026-02-09 09:00:00,S2014,2014,27.45,83.9,45.96,6.84,72627,0.0,38.47,0.35,none,21.1,0.58
2026-02-09 09:00:00,S2017,2017,30.73,77.6,38.34,6.29,72250,3.3,26.58,0.238,none,15.71,0.57
2026-02-09 09:00:00,S2006,2006,27.75,77.1,48.91,6.01,71971,0.0,19.66,0.28,none,17.13,2.05
2026-02-09 09:00:00,S2000,2000,28.29,78.8,49.98,6.61,72490,0.0,25.22,0.42,none,19.03,4.28
2026-02-09 12:00:00,S2015,2015,31.7,73.9,34.28,6.91,100728,2.6,32.59,0.408,none,12.66,2.82
2026-02-09 12:00:00,S2001,2001,31.12,75.5,42.1,6.7,99564,2.44,20.1,0.276,none,16.69,2.74
2026-02-09 12:00:00,S2009,2009,30.18,79.0,55.28,6.23,101904,0.0,32.56,0.349,none,24.2,0.38
2026-02-09 12:00:00,S2012,2012,31.49,72.3,47.91,6.84,99707,0.0,22.97,0.235,none,17.77,0.53
2026-02-09 12:00:00,S2017,2017,31.41,66.4,39.11,6.08,102495,3.32,27.54,0.235,none,8.5,0.58
2026-02-09 12:00:00,S2018,2018,31.63,75.3,42.59,6.47,100209,2.42,28.43,0.303,none,17.79,1.92
2026-02-09 12:00:00,S2019,2019,30.1,75.0,42.55,6.5,100894,2.34,21.52,0.35,none,14.48,0.44
2026-02-09 12:00:00,S2002,2002,29.49,78.5,31.43,6.23,101454,2.73,15.71,0.233,none,10.49,0.85
2026-02-09 12:00:00,S2010,2010,31.62,70.5,45.6,7.17,102344,2.34,33.2,0.411,none,15.44,3.42
2026-02-09 12:00:00,S2013,2013,29.87,70.8,43.3,7.05,98859,0.0,36.16,0.31,none,11.03,1.53
2026-02-09 12:00:00,S2006,2006,30.2,73.3,38.98,6.78,100273,2.45,19.96,0.279,none,11.53,2.19
2026-02-09 12:00:00,S2011,2011,30.44,77.1,36.22,6.39,99215,2.4,25.11,0.278,none,13.67,2.38
2026-02-09 12:00:00,S2016,2016,31.15,75.3,43.76,6.62,100747,0.0,23.52,0.276,none,17.42,2.08
2026-02-09 12:00:00,S2000,2000,32.22,66.9,53.72,6.53,98600,0.0,25.83,0.407,none,17.82,4.07
2026-02-09 12:00:00,S2008,2008,31.29,70.8,39.64,6.07,99753,3.29,38.28,0.305,none,12.04,1.92
2026-02-09 12:00:00,S2014,2014,30.08,73.4,48.26,6.63,100053,0.0,40.02,0.35,none,16.01,0.38
2026-02-09 12:00:00,S2005,2005,29.98,74.3,45.18,6.51,98790,0.0,38.0,0.42,none,14.99,3.31
2026-02-09 12:00:00,S2004,2004,32.39,67.8,55.54,7.1,98023,0.0,31.64,0.339,none,19.79,0.58
2026-02-09 12:00:00,S2007,2007,29.43,78.2,47.77,7.02,101076,0.0,21.16,0.24,none,18.31,0.83
2026-02-09 12:00:00,S2003,2003,31.4,68.6,39.28,6.43,98191,2.52,20.73,0.304,none,10.32,1.5
2026-02-09 15:00:00,S2000,2000,29.02,79.7,50.12,6.32,72707,0.0,28.25,0.42,none,19.86,4.7
2026-02-09 15:00:00,S2008,2008,27.75,82.8,37.45,6.73,72963,3.19,37.73,0.31,none,15.96,1.72
2026-02-09 15:00:00,S2003,2003,27.91,75.9,50.15,7.05,73077,0.0,18.33,0.31,none,16.8,1.8
2026-02-09 15:00:00,S2006,2006,28.71,73.0,47.78,6.08,71882,0.0,20.49,0.28,none,13.29,2.16
2026-02-09 15:00:00,S2017,2017,30.29,70.4,59.59,6.42,71810,0.0,27.07,0.239,none,19.7,0.7
2026-02-09 15:00:00,S2004,2004,28.71,74.5,42.94,6.59,68581,0.0,33.2,0.35,none,12.07,0.51
2026-02-09 15:00:00,S2018,2018,30.55,80.1,38.7,7.18,71266,2.51,28.42,0.308,none,17.53,1.94
2026-02-09 15:00:00,S2019,2019,28.75,82.2,63.7,6.1,72556,0.0,20.34,0.35,none,28.61,0.42
2026-02-09 15:00:00,S2010,2010,27.55,75.5,40.18,6.16,69530,0.0,34.82,0.42,none,11.49,3.19
2026-02-09 15:00:00,S2001,2001,29.59,78.4,52.94,7.12,71718,0.0,19.12,0.28,none,21.37,1.85
2026-02-09 15:00:00,S2011,2011,28.76,82.3,61.14,6.7,69426,0.0,26.03,0.28,none,27.41,2.43
2026-02-09 15:00:00,S2014,2014,28.4,74.2,34.84,6.71,70713,3.3,40.51,0.35,none,7.78,0.61
2026-02-09 15:00:00,S2009,2009,29.23,73.2,59.56,6.68,68529,0.0,33.86,0.35,none,19.8,0.56
2026-02-09 15:00:00,S2007,2007,29.39,73.8,36.25,6.62,69214,2.49,21.54,0.24,none,8.95,0.86
2026-02-09 15:00:00,S2005,2005,29.44,72.0,48.76,6.62,70657,0.0,40.8,0.42,none,13.86,3.27
2026-02-09 15:00:00,S2015,2015,27.44,79.2,50.77,6.05,70211,0.0,32.8,0.42,none,19.75,4.65
2026-02-09 15:00:00,S2016,2016,29.97,79.8,47.4,6.21,71283,0.0,23.8,0.28,none,20.48,1.99
2026-02-09 15:00:00,S2013,2013,29.61,75.6,51.93,7.05,70865,0.0,36.33,0.31,none,18.66,1.67
2026-02-09 15:00:00,S2012,2012,30.32,70.9,46.84,6.85,70990,0.0,23.44,0.239,none,13.78,0.65
2026-02-09 15:00:00,S2002,2002,28.25,77.4,68.61,6.33,70519,0.0,17.25,0.24,none,27.23,0.87
2026-02-09 18:00:00,S2019,2019,24.0,83.3,54.64,6.41,0,0.0,22.59,0.35,none,24.96,0.45
2026-02-09 18:00:00,S2012,2012,22.71,92.6,67.05,6.81,0,0.0,22.93,0.24,none,38.6,0.61
2026-02-09 18:00:00,S2009,2009,24.05,84.6,63.78,6.48,312,0.0,32.51,0.35,none,30.57,0.62
2026-02-09 18:00:00,S2005,2005,23.13,83.3,52.87,6.65,2299,0.0,39.24,0.42,none,24.07,3.56
2026-02-09 18:00:00,S2003,2003,23.23,87.7,51.2,6.48,646,0.0,18.88,0.31,none,26.76,1.81
2026-02-09 18:00:00,S2010,2010,23.41,89.6,58.68,7.18,0,0.0,32.77,0.42,none,32.02,4.4
2026-02-09 18:00:00,S2000,2000,23.14,93.4,76.12,6.6,0,0.0,29.34,0.42,none,43.78,3.93
2026-02-09 18:00:00,S2015,2015,24.6,87.4,46.41,6.31,2350,0.0,29.91,0.42,none,24.13,4.01
2026-02-09 18:00:00,S2014,2014,24.49,81.2,65.29,6.25,0,0.0,40.04,0.35,none,28.61,0.43
2026-02-09 18:00:00,S2002,2002,24.44,88.5,58.0,6.46,1574,0.0,16.16,0.24,none,30.8,0.84
2026-02-09 18:00:00,S2016,2016,22.61,86.9,60.37,6.99,0,0.0,23.67,0.28,none,30.71,1.82
2026-02-09 18:00:00,S2018,2018,24.46,90.3,66.21,6.86,0,0.0,30.93,0.31,none,36.34,1.87
2026-02-09 18:00:00,S2001,2001,24.21,89.9,72.24,6.06,2123,0.0,20.79,0.28,none,39.04,2.48
2026-02-09 18:00:00,S2011,2011,23.44,92.9,84.36,7.16,812,0.0,23.95,0.28,fungal_leaf_spot,47.5,1.99
2026-02-09 18:00:00,S2006,2006,25.14,88.4,90.43,6.03,1370,0.0,19.83,0.28,fungal_leaf_spot,46.94,2.04
2026-02-09 18:00:00,S2013,2013,24.79,87.9,71.11,6.03,0,0.0,36.05,0.31,none,36.88,1.32
2026-02-09 18:00:00,S2017,2017,24.67,87.0,54.78,6.79,0,0.0,27.06,0.24,none,27.99,0.59
2026-02-09 18:00:00,S2004,2004,24.22,90.6,95.16,6.42,0,0.0,30.74,0.35,fungal_leaf_spot,51.06,0.47
2026-02-09 18:00:00,S2008,2008,25.17,87.8,56.7,6.6,1053,0.0,37.96,0.31,none,29.59,1.2
2026-02-09 18:00:00,S2007,2007,24.85,89.2,57.86,6.77,0,0.0,22.85,0.24,none,31.29,0.69
2026-02-09 21:00:00,S2014,2014,24.93,87.9,58.06,7.05,0,0.0,40.26,0.35,none,30.35,0.57
2026-02-09 21:00:00,S2011,2011,24.06,89.6,51.81,6.87,2365,0.0,23.77,0.28,none,28.58,3.0
2026-02-09 21:00:00,S2012,2012,24.79,86.2,63.73,6.52,0,0.0,25.24,0.24,none,31.83,0.57
2026-02-09 21:00:00,S2001,2001,23.22,89.3,64.66,6.06,0,0.0,17.86,0.28,none,34.77,2.9
2026-02-09 21:00:00,S2002,2002,23.75,87.2,61.39,6.52,0,0.0,15.06,0.24,none,31.46,0.65
2026-02-09 21:00:00,S2004,2004,22.53,84.9,52.88,6.03,1490,0.0,31.16,0.35,none,25.36,0.6
2026-02-09 21:00:00,S2007,2007,22.42,96.3,71.61,7.19,0,0.0,21.17,0.24,none,43.84,0.66
2026-02-09 21:00:00,S2003,2003,24.55,83.4,52.57,7.08,1466,0.0,18.64,0.31,none,24.01,1.23
2026-02-09 21:00:00,S2015,2015,24.08,85.9,61.53,7.06,505,0.0,30.27,0.42,none,30.49,3.61
2026-02-09 21:00:00,S2000,2000,24.47,85.6,53.35,6.16,1667,0.0,27.75,0.42,none,26.15,4.03
2026-02-09 21:00:00,S2008,2008,22.95,90.0,44.73,7.06,327,0.0,35.25,0.31,none,25.36,1.9
2026-02-09 21:00:00,S2017,2017,24.37,82.6,51.9,6.72,0,0.0,26.48,0.24,none,23.03,0.62
2026-02-09 21:00:00,S2016,2016,24.74,86.3,74.08,6.85,0,0.0,21.21,0.28,none,37.08,2.0
2026-02-09 21:00:00,S2018,2018,23.67,92.8,55.81,6.69,4,0.0,30.33,0.31,none,33.14,1.41
2026-02-09 21:00:00,S2010,2010,23.23,90.1,51.78,6.69,0,0.0,33.97,0.42,none,28.97,4.74
2026-02-09 21:00:00,S2006,2006,24.72,84.3,62.42,7.16,2327,0.0,18.65,0.28,none,29.65,2.23
2026-02-09 21:00:00,S2019,2019,25.39,79.8,56.14,6.24,0,0.0,22.35,0.35,none,22.91,0.58
2026-02-09 21:00:00,S2013,2013,25.53,84.6,64.53,7.17,0,0.0,35.62,0.31,none,30.94,1.34
2026-02-09 21:00:00,S2009,2009,23.99,92.4,56.5,6.19,1060,0.0,34.69,0.35,none,33.17,0.44
2026-02-09 21:00:00,S2005,2005,24.61,86.7,52.65,7.04,1903,0.0,42.31,0.42,none,26.69,3.01
2026-02-10 00:00:00,S2014,2014,22.91,95.4,84.59,6.59,280,0.0,41.35,0.35,fungal_leaf_spot,49.62,0.49
2026-02-10 00:00:00,S2002,2002,22.88,92.3,69.89,6.12,1502,0.0,15.62,0.24,none,39.78,0.82
2026-02-10 00:00:00,S2006,2006,22.98,91.9,64.05,6.18,871,0.0,19.0,0.28,none,36.55,2.79
2026-02-10 00:00:00,S2011,2011,23.23,92.2,62.93,7.18,1767,0.0,24.9,0.28,none,36.23,2.06
2026-02-10 00:00:00,S2013,2013,23.24,91.9,64.98,6.82,2429,0.0,34.68,0.31,none,37.01,1.48
2026-02-10 00:00:00,S2004,2004,24.87,79.1,46.81,6.55,0,0.0,32.51,0.35,none,17.68,0.59
2026-02-10 00:00:00,S2018,2018,22.88,89.7,55.16,6.85,1341,0.0,31.03,0.31,none,30.34,1.38
2026-02-10 00:00:00,S2017,2017,23.47,92.2,59.32,6.82,1688,0.0,28.01,0.24,none,34.42,0.72
2026-02-10 00:00:00,S2003,2003,24.91,84.7,45.87,7.02,0,0.0,18.37,0.31,none,21.7,1.78
2026-02-10 00:00:00,S2015,2015,22.88,94.0,62.39,7.14,2327,0.0,33.78,0.42,none,37.4,3.41
2026-02-10 00:00:00,S2008,2008,23.63,86.2,59.47,6.91,0,0.0,35.29,0.31,none,29.7,1.34
2026-02-10 00:00:00,S2009,2009,25.09,86.8,62.99,6.95,0,0.0,33.57,0.35,none,31.93,0.42
2026-02-10 00:00:00,S2012,2012,25.07,80.1,55.32,6.99,0,0.0,23.49,0.24,none,22.74,0.74
2026-02-10 00:00:00,S2005,2005,23.71,88.0,60.19,6.58,505,0.0,42.84,0.42,none,31.5,4.36
2026-02-10 00:00:00,S2007,2007,24.89,87.2,63.67,6.48,0,0.0,20.88,0.24,none,32.6,0.79
2026-02-10 00:00:00,S2016,2016,24.84,89.3,60.53,6.9,644,0.0,23.61,0.28,none,32.7,2.67
2026-02-10 00:00:00,S2000,2000,24.38,86.0,65.2,6.84,375,0.0,28.25,0.42,none,32.4,3.25
2026-02-10 00:00:00,S2001,2001,23.22,88.8,51.62,6.26,0,0.0,18.85,0.28,none,27.85,2.18
2026-02-10 00:00:00,S2010,2010,24.46,82.1,78.47,7.11,1950,0.0,36.49,0.42,none,35.91,2.92
2026-02-10 00:00:00,S2019,2019,25.26,84.3,79.67,6.65,0,0.0,21.12,0.35,none,38.27,0.39
2026-02-10 03:00:00,S2018,2018,25.21,82.2,55.79,6.08,0,0.0,29.38,0.31,none,24.66,1.65
2026-02-10 03:00:00,S2013,2013,25.26,81.6,58.49,6.55,0,0.0,35.35,0.31,none,25.52,1.31
2026-02-10 03:00:00,S2017,2017,23.32,86.4,55.13,6.84,1485,0.0,27.64,0.24,none,27.69,0.79
2026-02-10 03:00:00,S2016,2016,23.57,87.0,57.12,6.74,1151,0.0,24.23,0.28,none,29.16,2.22
2026-02-10 03:00:00,S2011,2011,23.54,84.2,44.27,6.01,2450,0.0,24.96,0.28,none,20.5,2.7
2026-02-10 03:00:00,S2004,2004,23.85,90.0,53.52,6.11,637,0.0,32.41,0.35,none,29.76,0.4
2026-02-10 03:00:00,S2007,2007,24.61,83.3,58.07,6.17,1052,0.0,20.71,0.24,none,26.68,0.63
2026-02-10 03:00:00,S2008,2008,24.95,81.5,60.26,6.4,0,0.0,38.35,0.31,none,26.33,1.83
2026-02-10 03:00:00,S2005,2005,24.09,92.4,50.34,6.63,0,0.0,42.75,0.42,none,30.09,3.32
2026-02-10 03:00:00,S2009,2009,24.04,86.6,64.97,6.55,1696,0.0,32.74,0.35,none,32.77,0.58
2026-02-10 03:00:00,S2000,2000,22.89,93.8,54.61,6.04,2256,0.0,29.72,0.42,none,33.34,3.92
2026-02-10 03:00:00,S2002,2002,22.79,85.6,50.39,6.49,0,0.0,15.35,0.24,none,24.67,0.56
2026-02-10 03:00:00,S2015,2015,24.41,86.9,54.36,7.2,0,0.0,33.25,0.42,none,27.7,4.57
2026-02-10 03:00:00,S2003,2003,23.77,83.0,52.01,6.98,0,0.0,21.28,0.31,none,23.41,1.27
2026-02-10 03:00:00,S2006,2006,24.22,87.1,42.95,6.91,0,0.0,19.55,0.28,none,22.15,2.5
2026-02-10 03:00:00,S2012,2012,25.19,82.6,51.07,6.66,1332,0.0,25.55,0.24,none,22.61,0.6
2026-02-10 03:00:00,S2001,2001,24.97,87.5,52.19,7.19,2358,0.0,20.22,0.28,none,27.09,2.28
2026-02-10 03:00:00,S2010,2010,24.49,89.2,47.1,6.28,393,0.0,35.42,0.42,none,25.91,4.62
2026-02-10 03:00:00,S2014,2014,22.78,87.3,59.62,6.35,1081,0.0,41.89,0.35,none,30.65,0.38
2026-02-10 03:00:00,S2019,2019,24.26,90.8,64.98,6.54,0,0.0,22.37,0.35,none,36.13,0.38
2026-02-10 06:00:00,S2009,2009,22.91,93.8,60.0,6.22,0,0.0,32.41,0.35,none,36.04,0.39
2026-02-10 06:00:00,S2002,2002,25.13,87.5,72.8,7.1,0,0.0,16.95,0.24,none,37.4,0.56
2026-02-10 06:00:00,S2018,2018,24.6,86.9,45.72,6.47,0,0.0,30.67,0.31,none,23.38,1.58
2026-02-10 06:00:00,S2006,2006,24.5,87.5,73.88,6.01,571,0.0,18.44,0.28,none,37.94,2.49
2026-02-10 06:00:00,S2016,2016,24.96,85.9,54.42,6.99,2369,0.0,22.74,0.28,none,26.93,2.42
2026-02-10 06:00:00,S2015,2015,23.26,90.6,64.56,6.58,0,0.0,29.91,0.42,none,35.76,3.82
2026-02-10 06:00:00,S2005,2005,22.96,85.8,55.65,6.53,0,0.0,42.92,0.42,none,27.46,4.16
2026-02-10 06:00:00,S2011,2011,24.96,84.5,69.5,6.83,0,0.0,24.32,0.28,none,33.35,2.83
2026-02-10 06:00:00,S2007,2007,24.7,84.8,65.19,6.53,34,0.0,22.68,0.24,none,31.43,0.84
2026-02-10 06:00:00,S2008,2008,25.24,83.6,52.52,7.18,1884,0.0,37.07,0.31,none,24.14,1.72
2026-02-10 06:00:00,S2000,2000,24.11,89.5,59.44,6.65,1758,0.0,28.45,0.42,none,32.32,4.59
2026-02-10 06:00:00,S2004,2004,22.64,90.0,74.98,7.06,1384,0.0,33.45,0.35,none,40.49,0.54
2026-02-10 06:00:00,S2019,2019,25.03,87.1,63.04,6.78,0,0.0,20.58,0.35,none,32.2,0.51
2026-02-10 06:00:00,S2014,2014,23.15,87.7,73.65,6.38,2232,0.0,40.25,0.35,none,37.99,0.55
2026-02-10 06:00:00,S2010,2010,22.27,90.8,60.09,6.52,1291,0.0,35.68,0.42,none,33.69,4.7
2026-02-10 06:00:00,S2012,2012,23.66,82.2,68.02,6.88,1147,0.0,23.05,0.24,none,30.77,0.83
2026-02-10 06:00:00,S2003,2003,23.42,90.1,60.18,6.58,584,0.0,20.76,0.31,none,33.17,1.38
2026-02-10 06:00:00,S2017,2017,24.81,90.1,63.7,7.07,24,0.0,28.24,0.24,none,34.93,0.77
2026-02-10 06:00:00,S2013,2013,25.23,82.2,60.87,6.02,2089,0.0,37.62,0.31,none,27.2,1.61
2026-02-10 06:00:00,S2001,2001,23.15,89.1,60.34,7.07,0,0.0,18.89,0.28,none,32.45,2.78
2026-02-10 09:00:00,S2012,2012,30.14,74.3,39.36,6.49,69918,3.29,25.45,0.24,none,12.4,0.63
2026-02-10 09:00:00,S2010,2010,29.24,71.1,43.72,7.01,72006,0.0,33.49,0.42,none,10.22,3.99
2026-02-10 09:00:00,S2000,2000,29.86,79.9,39.86,6.56,70109,2.35,28.62,0.42,none,16.57,3.87
2026-02-10 09:00:00,S2001,2001,29.07,82.0,38.24,7.06,71056,2.38,19.37,0.28,none,15.86,2.11
2026-02-10 09:00:00,S2005,2005,30.53,71.2,51.88,6.49,72761,0.0,39.46,0.417,none,16.96,4.49
2026-02-10 09:00:00,S2015,2015,29.45,74.8,48.39,6.62,68571,0.0,30.64,0.42,none,15.93,3.95
2026-02-10 09:00:00,S2006,2006,29.49,76.6,40.62,6.1,71940,2.34,20.08,0.28,none,13.57,2.08
2026-02-10 09:00:00,S2019,2019,29.07,78.7,38.51,7.17,69442,2.37,19.43,0.35,none,13.36,0.55
2026-02-10 09:00:00,S2009,2009,29.05,80.9,44.43,6.97,71428,0.0,33.58,0.35,none,18.04,0.6
2026-02-10 09:00:00,S2003,2003,30.36,68.5,51.1,6.64,70464,0.0,18.19,0.308,none,14.07,1.73
2026-02-10 09:00:00,S2007,2007,29.91,73.3,48.42,6.69,72148,0.0,22.4,0.24,none,15.67,0.55
2026-02-10 09:00:00,S2017,2017,28.54,79.2,50.49,7.05,72030,0.0,27.15,0.24,none,19.61,0.87
2026-02-10 09:00:00,S2008,2008,30.02,77.6,37.94,7.19,72211,3.28,38.24,0.31,none,14.09,1.45
2026-02-10 09:00:00,S2018,2018,30.03,74.8,39.13,6.12,69932,2.44,30.25,0.31,none,12.47,1.42
2026-02-10 09:00:00,S2014,2014,29.71,76.0,54.85,6.01,71027,0.0,39.28,0.35,none,20.65,0.61
2026-02-10 09:00:00,S2004,2004,29.3,77.8,70.32,7.12,68468,0.0,29.77,0.35,none,29.0,0.45
2026-02-10 09:00:00,S2011,2011,29.42,79.0,47.38,6.01,71707,0.0,26.27,0.28,none,18.73,2.38
2026-02-10 09:00:00,S2002,2002,30.23,74.7,46.15,6.19,70109,0.0,15.03,0.239,none,16.3,0.63
2026-02-10 09:00:00,S2016,2016,28.26,82.9,52.76,6.29,68649,0.0,23.88,0.28,none,23.7,2.63
2026-02-10 09:00:00,S2013,2013,28.3,79.1,45.82,6.61,69186,0.0,37.78,0.31,none,17.19,1.49
2026-02-10 12:00:00,S2011,2011,29.39,70.8,39.6,6.98,101278,0.0,26.19,0.28,none,8.22,2.81
2026-02-10 12:00:00,S2003,2003,32.1,67.3,45.3,6.44,99048,2.35,20.21,0.301,none,13.69,1.85
2026-02-10 12:00:00,S2004,2004,29.87,72.2,41.6,6.7,99563,3.19,33.32,0.35,none,11.3,0.53
2026-02-10 12:00:00,S2015,2015,32.52,65.5,45.81,6.21,97672,0.0,30.24,0.406,none,13.35,4.4
2026-02-10 12:00:00,S2013,2013,30.74,76.1,32.23,6.88,99899,3.63,35.38,0.3,none,11.47,1.66
2026-02-10 12:00:00,S2018,2018,30.02,81.2,47.37,6.84,100662,0.0,30.11,0.31,none,21.69,1.92
2026-02-10 12:00:00,S2008,2008,29.98,76.1,43.47,7.03,101337,0.0,35.64,0.31,none,15.57,1.34
2026-02-10 12:00:00,S2006,2006,31.22,75.8,38.14,6.95,99981,2.54,18.64,0.275,none,15.15,2.05
2026-02-10 12:00:00,S2012,2012,30.07,73.8,35.14,6.6,101315,3.42,25.73,0.24,none,9.75,0.77
2026-02-10 12:00:00,S2000,2000,31.54,76.3,36.16,6.99,100433,2.62,26.07,0.411,none,15.2,3.44
2026-02-10 12:00:00,S2016,2016,30.51,70.7,44.16,6.51,99009,0.0,24.1,0.278,none,12.66,2.53
2026-02-10 12:00:00,S2007,2007,30.04,76.9,33.9,6.65,99357,2.62,22.56,0.238,none,11.55,0.85
2026-02-10 12:00:00,S2010,2010,30.83,72.0,42.09,6.67,100447,2.39,36.57,0.415,none,13.3,4.62
2026-02-10 12:00:00,S2019,2019,30.31,76.8,51.64,6.92,97664,0.0,23.52,0.349,none,20.88,0.55
2026-02-10 12:00:00,S2009,2009,31.51,73.7,48.56,6.98,99238,0.0,34.23,0.343,none,19.26,0.47
2026-02-10 12:00:00,S2001,2001,31.36,69.2,48.44,6.93,99097,0.0,20.39,0.275,none,15.3,2.43
2026-02-10 12:00:00,S2005,2005,30.55,72.0,57.98,6.21,101016,0.0,38.75,0.417,none,20.69,3.81
2026-02-10 12:00:00,S2014,2014,30.43,71.2,34.52,6.17,98587,3.5,38.7,0.347,none,8.08,0.58
2026-02-10 12:00:00,S2017,2017,31.12,78.5,44.06,6.07,100739,0.0,29.01,0.236,none,20.07,0.73
2026-02-10 12:00:00,S2002,2002,31.18,77.6,35.59,6.31,98410,2.61,15.84,0.236,none,15.23,0.83
2026-02-10 15:00:00,S2007,2007,29.12,73.9,42.57,6.72,71602,0.0,21.14,0.24,none,11.65,0.73
2026-02-10 15:00:00,S2005,2005,29.26,79.9,56.14,6.47,71115,0.0,43.01,0.42,none,23.51,3.87
2026-02-10 15:00:00,S2019,2019,27.69,77.8,50.86,6.15,68374,0.0,20.81,0.35,none,18.67,0.57
2026-02-10 15:00:00,S2016,2016,28.23,81.2,73.97,6.64,69203,0.0,24.47,0.28,none,32.95,2.47
2026-02-10 15:00:00,S2011,2011,29.64,77.9,40.52,6.76,68911,0.0,26.02,0.28,none,14.86,2.59
2026-02-10 15:00:00,S2018,2018,28.86,74.2,41.57,6.95,70767,0.0,30.65,0.31,none,11.15,1.38
2026-02-10 15:00:00,S2004,2004,29.01,70.7,45.68,6.93,68793,0.0,31.23,0.35,none,10.42,0.38
2026-02-10 15:00:00,S2009,2009,27.69,82.5,43.71,7.11,72129,0.0,34.0,0.35,none,18.86,0.56
2026-02-10 15:00:00,S2017,2017,30.11,76.2,52.49,6.39,69784,0.0,28.08,0.24,none,20.43,0.87
2026-02-10 15:00:00,S2000,2000,27.42,80.9,44.34,6.53,73070,0.0,27.16,0.42,none,17.89,4.54
2026-02-10 15:00:00,S2013,2013,28.16,77.9,48.06,6.89,68249,0.0,36.02,0.31,none,17.35,1.4
2026-02-10 15:00:00,S2014,2014,29.43,77.5,48.09,6.06,71623,0.0,39.34,0.35,none,17.91,0.54
2026-02-10 15:00:00,S2012,2012,28.83,73.1,52.54,6.59,71237,0.0,25.66,0.24,none,15.75,0.85
2026-02-10 15:00:00,S2003,2003,27.86,81.0,63.46,6.56,71406,0.0,20.32,0.31,none,27.53,1.58
2026-02-10 15:00:00,S2001,2001,29.51,79.8,49.37,6.03,71207,0.0,20.96,0.28,none,20.55,2.29
2026-02-10 15:00:00,S2010,2010,30.07,72.1,50.26,6.96,71571,0.0,34.47,0.42,none,15.95,3.82
2026-02-10 15:00:00,S2008,2008,27.88,83.2,71.55,6.22,68706,0.0,38.1,0.31,none,33.34,1.65
2026-02-10 15:00:00,S2015,2015,29.79,73.8,42.28,6.71,70991,0.0,33.96,0.42,none,12.76,3.46
2026-02-10 15:00:00,S2002,2002,27.31,76.3,46.33,7.03,71720,0.0,15.66,0.24,none,15.2,0.86
2026-02-10 15:00:00,S2006,2006,29.61,79.5,62.92,6.09,72914,0.0,19.5,0.28,none,27.28,2.71
2026-02-10 18:00:00,S2000,2000,22.62,89.7,80.88,6.9,127,0.0,26.21,0.42,none,43.2,3.81
2026-02-10 18:00:00,S2016,2016,23.75,83.3,57.84,6.29,0,0.0,22.23,0.28,none,26.56,2.76
2026-02-10 18:00:00,S2002,2002,25.49,84.8,63.09,6.59,1334,0.0,17.12,0.24,none,30.39,0.79
2026-02-10 18:00:00,S2010,2010,24.66,90.8,51.04,6.04,0,0.0,33.83,0.42,none,29.16,3.18
2026-02-10 18:00:00,S2011,2011,22.84,92.8,49.64,6.32,0,0.0,25.66,0.28,none,30.06,2.19
2026-02-10 18:00:00,S2004,2004,23.3,93.9,80.13,6.19,2152,0.0,33.02,0.35,fungal_leaf_spot,46.19,0.43
2026-02-10 18:00:00,S2005,2005,22.42,88.7,59.25,6.35,0,0.0,42.46,0.42,none,31.59,4.49
2026-02-10 18:00:00,S2001,2001,23.02,88.7,48.65,6.81,0,0.0,18.22,0.28,none,26.29,2.68
2026-02-10 18:00:00,S2018,2018,24.63,90.5,58.25,7.13,0,0.0,30.57,0.31,none,32.53,1.81
2026-02-10 18:00:00,S2013,2013,23.65,84.0,52.46,6.34,273,0.0,34.62,0.31,none,24.43,1.85
2026-02-10 18:00:00,S2014,2014,24.52,88.7,49.11,6.18,0,0.0,39.1,0.35,none,26.52,0.42
2026-02-10 18:00:00,S2007,2007,24.3,86.7,66.91,6.52,1675,0.0,22.33,0.24,none,33.81,0.68
2026-02-10 18:00:00,S2019,2019,25.12,85.0,52.89,6.72,593,0.0,22.83,0.35,none,25.45,0.53
2026-02-10 18:00:00,S2009,2009,23.33,88.1,50.63,6.55,1322,0.0,34.05,0.35,none,26.79,0.61
2026-02-10 18:00:00,S2012,2012,25.18,87.4,53.98,7.16,0,0.0,24.78,0.24,none,27.91,0.57
2026-02-10 18:00:00,S2003,2003,23.43,91.2,64.16,6.05,370,0.0,19.44,0.31,none,36.04,1.41
2026-02-10 18:00:00,S2008,2008,24.23,84.8,59.09,6.22,324,0.0,35.77,0.31,none,28.39,1.89
2026-02-10 18:00:00,S2006,2006,25.17,87.1,72.48,7.05,1130,0.0,20.56,0.28,none,36.92,2.4
2026-02-10 18:00:00,S2015,2015,24.33,88.6,61.44,6.59,0,0.0,31.35,0.42,none,32.6,4.24
2026-02-10 18:00:00,S2017,2017,24.83,90.7,54.89,6.14,1723,0.0,27.11,0.24,none,31.01,0.72
2026-02-10 21:00:00,S2012,2012,23.42,87.0,60.43,6.89,2102,0.0,24.26,0.24,none,30.82,0.66
2026-02-10 21:00:00,S2003,2003,24.12,82.6,72.05,6.92,0,0.0,21.26,0.31,none,33.1,1.95
2026-02-10 21:00:00,S2010,2010,23.9,92.5,58.75,6.71,2108,0.0,35.81,0.42,none,34.38,4.25
2026-02-10 21:00:00,S2000,2000,24.01,87.9,53.16,6.77,0,0.0,30.45,0.42,none,27.9,4.37
2026-02-10 21:00:00,S2014,2014,22.79,90.3,61.68,6.27,206,0.0,40.64,0.35,none,34.08,0.43
2026-02-10 21:00:00,S2006,2006,24.89,83.1,49.9,6.46,1461,0.0,18.09,0.28,none,22.43,2.62
2026-02-10 21:00:00,S2001,2001,22.83,89.5,45.78,6.83,1775,0.0,19.38,0.28,none,25.49,2.16
2026-02-10 21:00:00,S2018,2018,25.01,85.2,61.75,6.5,0,0.0,30.0,0.31,none,30.04,1.88
2026-02-10 21:00:00,S2002,2002,23.35,91.9,66.22,6.25,124,0.0,16.44,0.24,none,37.63,0.7
2026-02-10 21:00:00,S2008,2008,24.66,82.8,55.35,6.76,0,0.0,37.74,0.31,none,24.91,1.29
2026-02-10 21:00:00,S2013,2013,24.59,85.5,73.64,6.93,0,0.0,37.19,0.31,none,36.22,1.64
2026-02-10 21:00:00,S2019,2019,24.55,88.7,50.95,6.79,1856,0.0,22.32,0.35,none,27.44,0.45
2026-02-10 21:00:00,S2017,2017,25.12,89.3,65.11,6.04,1045,0.0,27.34,0.24,none,34.99,0.65
2026-02-10 21:00:00,S2005,2005,23.4,89.9,79.28,6.7,0,0.0,39.38,0.42,none,42.56,4.59
2026-02-10 21:00:00,S2007,2007,22.17,93.7,70.23,7.04,0,0.0,23.42,0.24,none,41.08,0.71
2026-02-10 21:00:00,S2004,2004,23.98,92.7,50.2,6.43,1997,0.0,31.66,0.35,none,30.26,0.4
2026-02-10 21:00:00,S2009,2009,24.39,87.2,52.66,7.04,0,0.0,33.85,0.35,none,27.09,0.42
2026-02-10 21:00:00,S2015,2015,25.73,83.9,51.98,6.9,0,0.0,33.79,0.42,none,24.11,3.5
2026-02-10 21:00:00,S2016,2016,25.32,88.3,57.18,6.88,0,0.0,24.04,0.28,none,30.23,2.32
2026-02-10 21:00:00,S2011,2011,23.81,88.6,56.31,6.59,278,0.0,26.66,0.28,none,30.03,2.38
2026-02-11 00:00:00,S2009,2009,24.14,84.2,61.21,6.37,424,0.0,34.62,0.35,none,28.97,0.45
2026-02-11 00:00:00,S2015,2015,23.07,92.6,49.47,6.13,1508,0.0,32.32,0.42,none,29.81,3.53
2026-02-11 00:00:00,S2011,2011,25.77,89.1,60.41,6.69,99,0.0,26.94,0.28,none,32.48,2.7
2026-02-11 00:00:00,S2003,2003,24.01,86.7,64.66,7.13,0,0.0,20.45,0.31,none,32.69,1.87
2026-02-11 00:00:00,S2010,2010,22.48,92.4,44.66,7.12,0,0.0,35.05,0.42,none,27.25,4.68
2026-02-11 00:00:00,S2007,2007,25.17,86.8,52.02,6.87,0,0.0,22.77,0.24,none,26.45,0.54
2026-02-11 00:00:00,S2018,2018,24.43,87.0,67.41,6.74,0,0.0,32.12,0.31,none,34.3,1.52
2026-02-11 00:00:00,S2017,2017,25.42,80.4,58.71,7.04,0,0.0,27.38,0.24,none,24.68,0.78
2026-02-11 00:00:00,S2016,2016,24.24,91.1,52.41,6.62,552,0.0,21.77,0.28,none,30.08,2.95
2026-02-11 00:00:00,S2000,2000,23.66,91.1,64.11,6.14,0,0.0,30.81,0.42,none,35.93,3.78
2026-02-11 00:00:00,S2006,2006,22.14,88.5,55.1,6.04,0,0.0,20.39,0.28,none,29.35,2.57
2026-02-11 00:00:00,S2001,2001,25.63,79.9,63.73,7.13,387,0.0,19.26,0.28,none,26.79,1.85
2026-02-11 00:00:00,S2014,2014,25.24,81.9,56.46,6.85,38,0.0,41.85,0.35,none,24.75,0.62
2026-02-11 00:00:00,S2005,2005,24.99,88.1,56.42,6.13,0,0.0,40.53,0.42,none,29.69,3.44
2026-02-11 00:00:00,S2012,2012,24.44,86.2,66.61,7.09,2366,0.0,24.38,0.24,none,33.27,0.54
2026-02-11 00:00:00,S2019,2019,25.18,86.3,65.05,6.9,0,0.0,21.64,0.35,none,32.56,0.38
2026-02-11 00:00:00,S2002,2002,24.94,80.3,47.76,6.17,0,0.0,15.88,0.24,none,19.12,0.63
2026-02-11 00:00:00,S2004,2004,25.26,85.6,64.49,6.68,0,0.0,30.27,0.35,none,31.72,0.43
2026-02-11 00:00:00,S2013,2013,22.92,90.5,57.06,6.83,757,0.0,37.81,0.31,none,31.93,1.4
2026-02-11 00:00:00,S2008,2008,24.02,94.6,53.91,6.81,438,0.0,37.71,0.31,none,33.63,1.7
2026-02-11 03:00:00,S2017,2017,24.12,86.6,52.97,6.31,0,0.0,27.06,0.24,none,26.76,0.77
2026-02-11 03:00:00,S2000,2000,25.66,83.7,76.16,6.18,0,0.0,26.51,0.42,none,36.04,3.36
2026-02-11 03:00:00,S2003,2003,23.82,88.4,59.94,7.15,0,0.0,20.63,0.31,none,31.69,1.26
2026-02-11 03:00:00,S2006,2006,23.24,89.2,64.89,6.37,1491,0.0,18.16,0.28,none,34.81,2.11
2026-02-11 03:00:00,S2004,2004,22.56,89.1,48.18,7.17,2383,0.0,33.88,0.35,none,26.37,0.54
2026-02-11 03:00:00,S2018,2018,24.96,88.3,66.04,7.15,2349,0.0,29.43,0.31,none,34.66,1.52
2026-02-11 03:00:00,S2013,2013,24.18,87.8,67.65,6.63,562,0.0,35.77,0.31,none,35.06,1.61
2026-02-11 03:00:00,S2015,2015,23.55,85.1,60.4,6.68,0,0.0,31.52,0.42,none,29.28,3.69
2026-02-11 03:00:00,S2011,2011,24.13,88.9,59.17,6.94,0,0.0,26.02,0.28,none,31.71,2.44
2026-02-11 03:00:00,S2012,2012,24.03,84.5,44.8,6.91,0,0.0,24.55,0.24,none,21.0,0.6
2026-02-11 03:00:00,S2009,2009,23.24,87.2,55.47,6.25,0,0.0,35.19,0.35,none,28.5,0.54
2026-02-11 03:00:00,S2005,2005,25.28,83.3,52.23,6.47,0,0.0,39.78,0.42,none,23.75,3.71
2026-02-11 03:00:00,S2008,2008,22.71,84.5,66.55,6.27,1687,0.0,37.9,0.31,none,31.88,1.69
2026-02-11 03:00:00,S2001,2001,24.45,88.4,49.26,6.72,1145,0.0,20.14,0.28,none,26.35,2.46
2026-02-11 03:00:00,S2016,2016,23.68,84.4,47.0,7.02,0,0.0,22.27,0.28,none,22.02,2.93
2026-02-11 03:00:00,S2002,2002,23.49,85.6,57.59,6.8,898,0.0,15.63,0.24,none,28.27,0.77
2026-02-11 03:00:00,S2007,2007,24.02,81.7,64.82,6.39,0,0.0,23.26,0.24,none,28.77,0.78
2026-02-11 03:00:00,S2014,2014,24.89,83.1,60.12,6.85,1889,0.0,42.33,0.35,none,27.54,0.6
2026-02-11 03:00:00,S2010,2010,24.75,85.1,59.44,6.24,0,0.0,36.91,0.42,none,28.8,4.45
2026-02-11 03:00:00,S2019,2019,23.26,88.3,69.55,7.07,0,0.0,23.44,0.35,none,36.41,0.44
2026-02-11 06:00:00,S2013,2013,22.96,91.8,63.48,6.61,625,0.0,37.13,0.31,none,36.18,1.56
2026-02-11 06:00:00,S2014,2014,24.09,92.9,50.82,7.07,0,0.0,43.24,0.35,none,30.73,0.57
2026-02-11 06:00:00,S2012,2012,25.18,88.1,57.7,6.89,0,0.0,25.46,0.24,none,30.33,0.55
2026-02-11 06:00:00,S2000,2000,24.93,90.9,57.36,7.04,210,0.0,28.05,0.42,none,32.4,3.68
2026-02-11 06:00:00,S2017,2017,25.32,87.7,55.35,6.18,0,0.0,29.51,0.24,none,28.84,0.8
2026-02-11 06:00:00,S2003,2003,25.1,88.6,56.71,6.23,0,0.0,19.5,0.31,none,30.23,1.33
2026-02-11 06:00:00,S2008,2008,24.67,81.7,56.29,7.05,725,0.0,37.82,0.31,none,24.51,1.7
2026-02-11 06:00:00,S2004,2004,23.23,89.5,66.71,6.78,0,0.0,32.06,0.35,none,35.95,0.46
2026-02-11 06:00:00,S2010,2010,24.27,84.7,55.81,6.53,1021,0.0,32.46,0.42,none,26.67,4.54
2026-02-11 06:00:00,S2015,2015,23.53,88.5,50.07,6.98,749,0.0,31.45,0.42,none,26.84,3.69
2026-02-11 06:00:00,S2018,2018,25.73,82.7,47.15,6.27,0,0.0,29.37,0.31,none,20.74,1.27
2026-02-11 06:00:00,S2007,2007,22.66,89.8,91.31,6.93,0,0.0,23.34,0.24,fungal_leaf_spot,48.5,0.77
2026-02-11 06:00:00,S2001,2001,22.22,95.9,49.57,6.07,0,0.0,18.46,0.28,none,32.51,1.92
2026-02-11 06:00:00,S2006,2006,25.16,79.2,66.79,7.18,0,0.0,19.04,0.28,none,27.76,2.19
2026-02-11 06:00:00,S2002,2002,24.91,81.0,64.87,6.11,0,0.0,16.41,0.24,none,28.24,0.72
2026-02-11 06:00:00,S2011,2011,23.25,87.2,78.07,6.78,1464,0.0,23.69,0.28,none,39.8,2.22
2026-02-11 06:00:00,S2016,2016,24.64,90.8,47.62,6.93,1461,0.0,22.02,0.28,none,27.45,2.79
2026-02-11 06:00:00,S2019,2019,23.12,87.6,52.55,6.16,1480,0.0,22.25,0.35,none,27.35,0.55
2026-02-11 06:00:00,S2005,2005,25.28,80.8,59.91,6.6,710,0.0,40.86,0.42,none,25.59,4.26
2026-02-11 06:00:00,S2009,2009,24.3,91.5,49.75,6.07,525,0.0,33.26,0.35,none,29.08,0.4
2026-02-11 09:00:00,S2003,2003,27.63,77.0,59.7,6.05,68642,0.0,20.24,0.31,none,22.45,1.23
2026-02-11 09:00:00,S2001,2001,27.29,79.3,53.86,6.65,71282,0.0,21.28,0.28,none,21.37,2.26
2026-02-11 09:00:00,S2010,2010,28.83,79.4,67.77,6.24,72003,0.0,35.95,0.42,none,28.41,3.7
2026-02-11 09:00:00,S2019,2019,30.13,74.5,42.69,6.79,71208,0.0,23.4,0.349,none,14.2,0.6
2026-02-11 09:00:00,S2012,2012,29.22,72.6,54.21,6.54,68997,0.0,25.82,0.24,none,16.62,0.62
2026-02-11 09:00:00,S2004,2004,28.53,81.0,47.08,6.23,71272,0.0,30.91,0.35,none,19.34,0.41
2026-02-11 09:00:00,S2018,2018,27.92,72.9,44.58,7.11,71311,0.0,32.1,0.31,none,11.61,1.59
2026-02-11 09:00:00,S2002,2002,28.06,76.7,45.43,6.46,69772,0.0,15.43,0.24,none,15.08,0.73
2026-02-11 09:00:00,S2008,2008,27.78,85.8,47.71,6.75,72873,0.0,35.69,0.31,none,23.5,1.9
2026-02-11 09:00:00,S2014,2014,27.86,74.8,43.4,6.73,69197,0.0,40.77,0.35,none,12.54,0.43
2026-02-11 09:00:00,S2016,2016,29.75,76.6,52.25,6.46,70354,0.0,22.74,0.28,none,19.9,2.8
2026-02-11 09:00:00,S2009,2009,29.69,77.4,41.8,6.09,70972,0.0,34.97,0.35,none,15.2,0.61
2026-02-11 09:00:00,S2000,2000,28.57,78.2,63.39,6.53,68758,0.0,28.84,0.42,none,25.26,4.18
2026-02-11 09:00:00,S2017,2017,28.25,82.3,53.72,6.97,72137,0.0,28.44,0.24,none,23.7,0.68
2026-02-11 09:00:00,S2005,2005,30.2,75.6,47.12,6.41,71653,0.0,43.31,0.419,none,17.44,4.42
2026-02-11 09:00:00,S2006,2006,28.03,78.5,57.93,6.39,70429,0.0,19.91,0.28,none,22.77,2.06
2026-02-11 09:00:00,S2011,2011,29.27,78.3,46.61,6.53,72813,0.0,24.5,0.28,none,17.48,2.12
2026-02-11 09:00:00,S2013,2013,30.04,74.1,54.69,6.03,70300,0.0,34.55,0.31,none,19.7,1.59
2026-02-11 09:00:00,S2015,2015,28.36,80.9,44.78,6.36,69058,0.0,34.0,0.42,none,18.11,3.77
2026-02-11 09:00:00,S2007,2007,28.76,71.6,42.89,6.54,69367,0.0,23.68,0.24,none,9.72,0.69
2026-02-11 12:00:00,S2014,2014,32.03,73.0,55.6,7.07,101516,0.0,40.48,0.34,none,23.26,0.56
2026-02-11 12:00:00,S2019,2019,31.77,66.5,30.47,6.01,99545,2.82,21.27,0.329,none,4.97,0.46
2026-02-11 12:00:00,S2016,2016,30.88,79.0,38.25,6.76,99013,2.53,22.92,0.277,none,17.09,2.79
2026-02-11 12:00:00,S2009,2009,31.99,72.0,43.57,6.02,101954,2.38,35.12,0.341,none,16.36,0.47
2026-02-11 12:00:00,S2001,2001,29.79,71.9,48.4,6.65,97628,0.0,20.32,0.28,none,14.3,1.97
2026-02-11 12:00:00,S2002,2002,30.38,69.7,37.33,7.02,98959,2.51,16.4,0.239,none,8.19,0.82
2026-02-11 12:00:00,S2005,2005,30.57,70.9,35.66,6.49,99258,2.56,42.97,0.417,none,8.69,3.15
2026-02-11 12:00:00,S2011,2011,31.21,71.7,33.67,6.06,102074,2.64,26.26,0.273,none,9.62,2.78
2026-02-11 12:00:00,S2012,2012,30.47,79.3,46.52,6.17,102435,0.0,23.68,0.238,none,20.64,0.64
2026-02-11 12:00:00,S2013,2013,30.03,79.4,52.63,6.26,98314,0.0,37.35,0.31,none,22.9,1.88
2026-02-11 12:00:00,S2006,2006,31.21,74.3,69.89,6.01,99294,0.0,17.99,0.275,none,29.8,2.93
2026-02-11 12:00:00,S2000,2000,30.09,69.6,43.37,6.36,99470,2.34,29.66,0.419,none,10.54,4.06
2026-02-11 12:00:00,S2010,2010,30.13,73.7,53.74,6.88,98046,0.0,37.59,0.419,none,19.09,3.58
2026-02-11 12:00:00,S2003,2003,30.85,75.0,47.64,7.16,97719,0.0,18.5,0.306,none,18.52,1.75
2026-02-11 12:00:00,S2007,2007,29.89,70.9,43.95,6.58,99000,0.0,22.05,0.24,none,11.48,0.62
2026-02-11 12:00:00,S2017,2017,30.78,74.7,44.41,6.13,100539,3.13,26.87,0.237,none,16.53,0.64
2026-02-11 12:00:00,S2004,2004,32.03,72.0,55.06,6.06,100528,0.0,34.08,0.34,none,22.19,0.39
2026-02-11 12:00:00,S2018,2018,30.21,75.0,45.51,6.27,100834,0.0,31.85,0.309,none,16.18,1.28
2026-02-11 12:00:00,S2008,2008,32.16,69.8,48.5,7.2,101386,0.0,38.36,0.301,none,17.41,1.17
2026-02-11 12:00:00,S2015,2015,30.42,74.6,46.0,6.72,97574,0.0,30.65,0.418,none,16.52,3.39
2026-02-11 15:00:00,S2004,2004,28.67,76.7,40.98,6.87,69577,0.0,33.96,0.35,none,12.85,0.48
2026-02-11 15:00:00,S2012,2012,29.61,75.2,53.09,6.3,70223,0.0,25.14,0.24,none,18.93,0.79
2026-02-11 15:00:00,S2011,2011,29.04,81.7,51.4,6.93,72312,0.0,26.32,0.28,none,22.14,2.1
2026-02-11 15:00:00,S2002,2002,28.98,75.9,44.62,6.07,71547,0.0,15.92,0.24,none,14.03,0.76
2026-02-11 15:00:00,S2014,2014,28.47,79.3,53.76,6.45,71536,0.0,40.04,0.35,none,21.32,0.41
2026-02-11 15:00:00,S2018,2018,30.11,73.6,53.46,6.29,69208,0.0,30.56,0.31,none,18.83,1.76
2026-02-11 15:00:00,S2015,2015,28.06,84.2,61.61,7.07,69654,0.0,32.44,0.42,none,29.17,3.34
2026-02-11 15:00:00,S2007,2007,29.52,75.7,50.56,6.77,69512,0.0,22.13,0.24,none,17.88,0.56
2026-02-11 15:00:00,S2000,2000,28.89,79.1,56.57,6.74,72172,0.0,27.09,0.42,none,22.56,4.16
2026-02-11 15:00:00,S2016,2016,28.38,79.9,52.6,6.78,68641,0.0,24.78,0.28,none,21.22,2.45
2026-02-11 15:00:00,S2013,2013,30.29,77.7,43.92,7.07,72013,0.0,38.17,0.309,none,17.7,1.99
2026-02-11 15:00:00,S2019,2019,27.88,75.7,56.03,6.59,71356,0.0,21.36,0.35,none,19.58,0.41
2026-02-11 15:00:00,S2006,2006,28.84,75.1,49.32,7.02,71269,0.0,18.78,0.28,none,15.74,2.61
2026-02-11 15:00:00,S2009,2009,30.19,73.5,39.86,6.45,71670,2.45,33.63,0.349,none,12.11,0.52
2026-02-11 15:00:00,S2005,2005,29.0,80.3,42.2,6.31,70271,0.0,40.13,0.42,none,16.34,3.14
2026-02-11 15:00:00,S2008,2008,27.99,74.4,34.59,6.11,70297,3.34,37.4,0.309,none,7.82,1.39
2026-02-11 15:00:00,S2017,2017,28.98,78.5,53.24,6.37,69351,0.0,27.76,0.24,none,20.42,0.65
2026-02-11 15:00:00,S2003,2003,27.53,79.4,39.84,6.16,72674,2.33,20.09,0.31,none,14.44,1.85
2026-02-11 15:00:00,S2001,2001,29.41,78.8,37.03,6.95,69892,2.46,21.57,0.28,none,13.38,2.45
2026-02-11 15:00:00,S2010,2010,30.33,73.6,47.87,6.03,70381,0.0,33.97,0.418,none,16.47,3.61
2026-02-11 18:00:00,S2012,2012,24.79,83.3,55.93,6.49,0,0.0,24.63,0.24,none,25.61,0.83
2026-02-11 18:00:00,S2007,2007,23.73,93.0,65.04,6.89,1205,0.0,23.04,0.24,none,37.92,0.64
2026-02-11 18:00:00,S2001,2001,23.47,91.2,49.27,6.83,617,0.0,18.99,0.28,none,28.6,2.71
2026-02-11 18:00:00,S2016,2016,24.67,84.0,61.05,6.37,1044,0.0,24.12,0.28,none,28.73,2.65
2026-02-11 18:00:00,S2010,2010,23.42,87.4,55.12,6.54,1257,0.0,33.73,0.42,none,28.48,3.43
2026-02-11 18:00:00,S2005,2005,22.94,94.1,47.85,7.19,368,0.0,43.56,0.42,none,30.2,4.29
2026-02-11 18:00:00,S2015,2015,23.47,89.9,59.55,6.54,959,0.0,31.65,0.42,none,32.7,3.72
2026-02-11 18:00:00,S2017,2017,24.41,90.9,58.47,7.02,2425,0.0,28.17,0.24,none,32.96,0.77
2026-02-11 18:00:00,S2006,2006,24.26,85.6,65.8,6.26,357,0.0,19.11,0.28,none,32.38,2.51
2026-02-11 18:00:00,S2011,2011,24.98,88.9,53.45,6.63,1723,0.0,26.01,0.28,none,28.85,2.29
2026-02-11 18:00:00,S2004,2004,25.14,86.9,68.27,7.06,2041,0.0,30.08,0.35,none,34.66,0.49
2026-02-11 18:00:00,S2014,2014,25.0,83.2,52.92,7.18,0,0.0,39.47,0.35,none,24.02,0.5
2026-02-11 18:00:00,S2002,2002,23.37,93.6,58.3,6.53,1570,0.0,15.33,0.24,none,35.03,0.78
2026-02-11 18:00:00,S2009,2009,25.3,86.0,59.76,6.61,747,0.0,32.67,0.35,none,29.68,0.49
2026-02-11 18:00:00,S2019,2019,23.65,87.8,64.78,6.02,1389,0.0,21.45,0.35,none,33.63,0.41
2026-02-11 18:00:00,S2008,2008,25.3,81.8,58.55,7.04,956,0.0,37.81,0.31,none,25.71,1.89
2026-02-11 18:00:00,S2013,2013,24.33,83.7,61.87,6.72,0,0.0,36.1,0.31,none,28.9,1.58
2026-02-11 18:00:00,S2000,2000,24.8,88.5,78.35,6.6,0,0.0,29.48,0.42,none,40.97,4.29
2026-02-11 18:00:00,S2003,2003,25.0,82.9,59.75,6.63,291,0.0,18.82,0.31,none,27.2,1.33
2026-02-11 18:00:00,S2018,2018,25.78,85.6,54.12,6.06,1237,0.0,30.21,0.31,none,26.54,1.8
2026-02-11 21:00:00,S2008,2008,22.65,86.6,59.8,6.7,888,0.0,37.64,0.31,none,30.18,1.23
2026-02-11 21:00:00,S2006,2006,23.8,85.8,64.69,7.17,2241,0.0,19.49,0.28,none,31.98,2.1
2026-02-11 21:00:00,S2015,2015,22.9,91.5,47.98,6.37,513,0.0,30.87,0.42,none,28.19,4.15
2026-02-11 21:00:00,S2013,2013,24.92,86.5,53.42,7.07,277,0.0,37.82,0.31,none,26.91,1.24
2026-02-11 21:00:00,S2009,2009,22.66,86.5,64.3,6.27,0,0.0,36.09,0.35,none,32.35,0.56
2026-02-11 21:00:00,S2016,2016,24.78,81.3,49.65,6.38,0,0.0,22.25,0.28,none,20.86,2.42
2026-02-11 21:00:00,S2003,2003,25.38,84.2,54.54,6.76,0,0.0,19.29,0.31,none,25.63,1.56
2026-02-11 21:00:00,S2005,2005,25.26,83.0,59.76,6.27,0,0.0,40.02,0.42,none,27.28,4.63
2026-02-11 21:00:00,S2018,2018,24.43,84.8,60.44,6.29,996,0.0,29.92,0.31,none,29.06,1.95
2026-02-11 21:00:00,S2002,2002,23.91,88.7,73.06,6.6,2255,0.0,16.73,0.24,none,38.49,0.81
2026-02-11 21:00:00,S2007,2007,23.93,81.9,53.95,6.31,0,0.0,22.15,0.24,none,23.5,0.73
2026-02-11 21:00:00,S2011,2011,22.73,91.9,53.43,6.23,1351,0.0,25.19,0.28,none,31.24,2.44
2026-02-11 21:00:00,S2014,2014,23.17,90.1,80.88,7.06,1551,0.0,41.36,0.35,none,43.52,0.4
2026-02-11 21:00:00,S2000,2000,23.16,91.7,46.35,6.11,0,0.0,29.77,0.42,none,27.54,3.59
2026-02-11 21:00:00,S2017,2017,23.56,94.2,62.49,6.95,0,0.0,29.4,0.24,none,37.61,0.79
2026-02-11 21:00:00,S2001,2001,23.24,95.8,64.03,6.77,0,0.0,20.22,0.28,none,39.66,2.88
2026-02-11 21:00:00,S2012,2012,24.28,87.1,52.25,6.97,2443,0.0,24.13,0.24,none,26.8,0.77
2026-02-11 21:00:00,S2004,2004,25.46,82.6,70.6,6.2,2186,0.0,31.06,0.35,none,32.38,0.46
2026-02-11 21:00:00,S2019,2019,22.92,96.1,56.4,6.38,0,0.0,23.09,0.35,none,36.08,0.5
2026-02-11 21:00:00,S2010,2010,25.23,88.1,49.93,6.61,0,0.0,34.99,0.42,none,26.44,3.01
2026-02-12 00:00:00,S2001,2001,24.4,93.2,59.14,7.13,0,0.0,18.6,0.28,none,35.13,2.89
2026-02-12 00:00:00,S2009,2009,24.2,84.7,56.21,6.59,0,0.0,32.53,0.35,none,26.87,0.52
2026-02-12 00:00:00,S2019,2019,24.29,89.7,55.52,7.14,0,0.0,22.72,0.35,none,30.52,0.55
2026-02-12 00:00:00,S2014,2014,24.98,82.2,56.96,6.91,0,0.0,39.43,0.35,none,25.24,0.51
2026-02-12 00:00:00,S2002,2002,24.26,83.0,62.89,6.94,1982,0.0,17.41,0.24,none,28.85,0.65
2026-02-12 00:00:00,S2003,2003,23.4,91.6,54.17,6.32,0,0.0,21.85,0.31,none,31.36,1.59
2026-02-12 00:00:00,S2000,2000,22.47,92.3,63.22,6.0,2098,0.0,29.12,0.42,none,36.45,2.97
2026-02-12 00:00:00,S2017,2017,22.83,90.8,54.62,6.69,0,0.0,27.53,0.24,none,30.95,0.81
2026-02-12 00:00:00,S2011,2011,24.8,86.3,71.27,6.53,823,0.0,25.71,0.28,none,35.67,2.97
2026-02-12 00:00:00,S2010,2010,23.78,86.1,45.45,6.58,0,0.0,33.38,0.42,none,22.6,3.09
2026-02-12 00:00:00,S2005,2005,25.11,82.0,56.78,6.28,1030,0.0,41.98,0.42,none,24.99,3.62
2026-02-12 00:00:00,S2006,2006,24.71,91.2,71.22,6.6,1409,0.0,19.78,0.28,none,39.57,2.27
2026-02-12 00:00:00,S2007,2007,24.47,82.9,68.49,6.55,0,0.0,23.64,0.24,none,31.57,0.53
2026-02-12 00:00:00,S2013,2013,25.15,83.8,54.16,7.04,1374,0.0,35.49,0.31,none,25.12,1.35
2026-02-12 00:00:00,S2008,2008,23.78,91.7,70.5,6.28,0,0.0,36.09,0.31,none,39.61,1.67
2026-02-12 00:00:00,S2004,2004,25.59,85.5,59.09,6.43,2060,0.0,31.93,0.35,none,28.95,0.51
2026-02-12 00:00:00,S2016,2016,23.75,90.1,56.57,6.06,1899,0.0,23.3,0.28,none,31.36,2.03
2026-02-12 00:00:00,S2012,2012,23.13,93.9,69.08,6.55,438,0.0,25.02,0.24,none,40.66,0.81
2026-02-12 00:00:00,S2015,2015,22.98,88.0,61.79,6.69,0,0.0,31.49,0.42,none,32.3,3.91
2026-02-12 00:00:00,S2018,2018,25.07,86.6,69.62,7.07,2009,0.0,31.2,0.31,none,35.09,1.52
2026-02-12 03:00:00,S2014,2014,25.67,84.3,66.11,7.18,0,0.0,42.11,0.35,none,31.49,0.62
2026-02-12 03:00:00,S2012,2012,22.91,91.4,50.15,6.48,0,0.0,24.58,0.24,none,29.2,0.76
2026-02-12 03:00:00,S2000,2000,24.01,87.5,55.46,6.84,202,0.0,31.39,0.42,none,28.73,3.07
2026-02-12 03:00:00,S2013,2013,24.56,81.8,59.58,6.43,157,0.0,35.02,0.31,none,26.23,1.46
2026-02-12 03:00:00,S2010,2010,24.22,87.1,70.65,6.09,317,0.0,33.86,0.42,none,36.0,3.86
2026-02-12 03:00:00,S2008,2008,24.96,81.4,59.67,7.09,568,0.0,38.42,0.31,none,25.96,1.42
2026-02-12 03:00:00,S2019,2019,23.55,94.6,58.42,6.19,0,0.0,21.62,0.35,none,35.89,0.59
2026-02-12 03:00:00,S2004,2004,23.29,85.4,58.3,7.03,234,0.0,30.77,0.35,none,28.47,0.48
2026-02-12 03:00:00,S2018,2018,24.99,88.2,52.6,7.18,0,0.0,29.76,0.31,none,27.86,1.85
2026-02-12 03:00:00,S2007,2007,24.21,83.5,62.62,6.38,659,0.0,22.39,0.24,none,29.11,0.84
2026-02-12 03:00:00,S2005,2005,24.3,90.1,51.48,6.14,2322,0.0,39.0,0.42,none,28.82,3.35
2026-02-12 03:00:00,S2002,2002,23.48,86.8,62.41,6.58,1569,0.0,15.38,0.24,none,31.64,0.56
2026-02-12 03:00:00,S2009,2009,24.82,86.2,62.67,6.07,0,0.0,33.89,0.35,none,31.3,0.44
2026-02-12 03:00:00,S2011,2011,24.96,81.8,67.73,6.71,51,0.0,27.17,0.28,none,30.3,1.98
2026-02-12 03:00:00,S2015,2015,24.87,83.4,54.4,6.45,0,0.0,31.38,0.42,none,24.92,4.12
2026-02-12 03:00:00,S2006,2006,24.67,89.2,60.23,6.78,0,0.0,19.81,0.28,none,32.48,2.04
2026-02-12 03:00:00,S2017,2017,24.98,85.5,55.51,6.67,0,0.0,29.49,0.24,none,27.16,0.81
2026-02-12 03:00:00,S2003,2003,24.95,86.6,61.69,6.25,2463,0.0,21.13,0.31,none,31.12,1.37
2026-02-12 03:00:00,S2016,2016,24.71,88.4,62.59,6.49,1704,0.0,23.54,0.28,none,33.02,2.45
2026-02-12 03:00:00,S2001,2001,24.42,87.6,54.48,6.78,2004,0.0,20.94,0.28,none,28.32,2.67
2026-02-12 06:00:00,S2007,2007,23.55,88.0,54.79,6.56,0,0.0,23.84,0.24,none,28.8,0.59
2026-02-12 06:00:00,S2018,2018,24.09,82.6,59.6,6.42,0,0.0,31.43,0.31,none,26.88,1.38
2026-02-12 06:00:00,S2011,2011,23.6,85.4,62.18,6.78,444,0.0,25.59,0.28,none,30.41,2.63
2026-02-12 06:00:00,S2015,2015,22.74,90.9,51.82,6.51,1902,0.0,33.37,0.42,none,29.63,4.52
2026-02-12 06:00:00,S2017,2017,22.72,89.1,50.63,6.6,56,0.0,27.69,0.24,none,27.59,0.55
2026-02-12 06:00:00,S2016,2016,22.88,83.6,61.98,6.84,138,0.0,24.49,0.28,none,28.87,1.87
2026-02-12 06:00:00,S2000,2000,24.56,85.2,61.71,6.49,0,0.0,27.57,0.42,none,30.02,3.96
2026-02-12 06:00:00,S2004,2004,23.83,87.7,52.26,6.82,0,0.0,34.09,0.35,none,27.29,0.43
2026-02-12 06:00:00,S2006,2006,24.81,88.7,60.43,6.15,0,0.0,20.03,0.28,none,32.18,2.44
2026-02-12 06:00:00,S2014,2014,24.76,84.7,58.16,7.13,0,0.0,39.54,0.35,none,27.84,0.38
2026-02-12 06:00:00,S2019,2019,25.27,81.9,59.07,6.38,2290,0.0,22.2,0.35,none,26.06,0.44
2026-02-12 06:00:00,S2005,2005,23.96,89.2,70.82,6.49,1741,0.0,42.37,0.42,none,37.77,4.34
2026-02-12 06:00:00,S2009,2009,23.75,90.9,65.87,6.29,0,0.0,36.18,0.35,none,36.66,0.51
2026-02-12 06:00:00,S2013,2013,24.42,82.8,64.28,7.12,0,0.0,36.25,0.31,none,29.38,1.24
2026-02-12 06:00:00,S2001,2001,24.46,87.4,61.92,6.36,1425,0.0,21.4,0.28,none,31.88,2.72
2026-02-12 06:00:00,S2003,2003,23.14,94.6,63.02,6.95,0,0.0,19.93,0.31,none,38.19,1.98
2026-02-12 06:00:00,S2002,2002,24.25,83.2,51.09,6.42,2243,0.0,16.33,0.24,none,23.11,0.73
2026-02-12 06:00:00,S2012,2012,23.21,87.0,56.98,6.78,304,0.0,25.8,0.24,none,29.09,0.78
2026-02-12 06:00:00,S2008,2008,23.37,89.3,67.32,7.06,0,0.0,38.59,0.31,none,36.1,1.45
2026-02-12 06:00:00,S2010,2010,25.42,80.1,89.18,6.5,0,0.0,33.66,0.42,none,39.67,3.59
2026-02-12 09:00:00,S2018,2018,28.93,83.4,45.72,6.77,71859,0.0,30.87,0.31,none,20.58,1.53
2026-02-12 09:00:00,S2019,2019,29.12,76.7,48.71,6.86,68526,0.0,22.79,0.35,none,16.96,0.39
2026-02-12 09:00:00,S2009,2009,28.22,75.9,46.48,6.64,68913,0.0,33.6,0.35,none,14.96,0.47
2026-02-12 09:00:00,S2011,2011,28.61,77.5,49.67,6.85,72982,0.0,25.88,0.28,none,17.84,2.19
2026-02-12 09:00:00,S2016,2016,28.02,81.5,38.35,6.24,69694,2.35,22.05,0.28,none,15.38,2.02
2026-02-12 09:00:00,S2002,2002,28.72,78.7,49.94,6.38,70234,0.0,16.32,0.24,none,18.93,0.62
2026-02-12 09:00:00,S2008,2008,27.97,77.3,47.2,6.87,70026,0.0,38.49,0.31,none,16.44,1.6
2026-02-12 09:00:00,S2015,2015,28.01,77.1,55.79,7.01,70369,0.0,31.52,0.42,none,20.57,3.01
2026-02-12 09:00:00,S2007,2007,28.16,79.9,48.31,6.09,69595,0.0,23.91,0.24,none,19.08,0.7
2026-02-12 09:00:00,S2004,2004,29.82,74.5,50.14,7.01,70602,0.0,33.58,0.35,none,17.31,0.38
2026-02-12 09:00:00,S2012,2012,30.16,76.7,40.97,6.07,68618,3.21,24.37,0.239,none,15.17,0.76
2026-02-12 09:00:00,S2010,2010,29.61,75.4,50.02,6.42,69963,0.0,37.4,0.42,none,17.55,3.28
2026-02-12 09:00:00,S2014,2014,29.39,82.4,48.18,7.09,71635,0.0,43.64,0.35,none,21.79,0.5
2026-02-12 09:00:00,S2001,2001,28.67,77.0,52.29,6.04,73056,0.0,21.57,0.28,none,18.75,2.46
2026-02-12 09:00:00,S2017,2017,28.86,75.2,55.13,6.49,72819,0.0,27.8,0.24,none,18.73,0.74
2026-02-12 09:00:00,S2005,2005,28.46,80.9,60.46,6.04,72152,0.0,43.86,0.42,none,25.95,3.99
2026-02-12 09:00:00,S2003,2003,29.66,76.5,36.25,6.62,69046,2.55,20.86,0.31,none,11.64,1.22
2026-02-12 09:00:00,S2000,2000,30.14,79.0,34.92,6.22,69799,2.57,30.12,0.419,none,13.94,3.01
2026-02-12 09:00:00,S2013,2013,29.23,79.1,48.32,6.66,72647,0.0,35.97,0.31,none,18.9,1.24
2026-02-12 09:00:00,S2006,2006,28.78,73.1,44.62,6.65,69631,0.0,18.28,0.28,none,11.79,1.83
2026-02-12 12:00:00,S2005,2005,31.26,66.1,50.81,7.13,102159,0.0,39.38,0.413,none,13.8,4.03
2026-02-12 12:00:00,S2003,2003,29.48,76.2,62.22,6.42,98318,0.0,19.2,0.31,none,24.03,1.71
2026-02-12 12:00:00,S2000,2000,31.23,74.6,43.58,6.57,101870,0.0,29.63,0.413,none,16.93,4.43
2026-02-12 12:00:00,S2016,2016,32.16,75.2,58.44,6.49,101733,0.0,23.77,0.272,none,26.7,2.83
2026-02-12 12:00:00,S2019,2019,31.13,74.8,41.02,6.51,98298,2.41,21.16,0.345,none,15.61,0.43
2026-02-12 12:00:00,S2002,2002,32.33,68.5,35.99,6.53,98777,2.62,16.93,0.232,none,10.45,0.54
2026-02-12 12:00:00,S2015,2015,29.79,74.3,37.1,7.04,99677,2.48,30.85,0.42,none,10.57,3.27
2026-02-12 12:00:00,S2013,2013,29.66,76.6,38.35,6.74,100089,3.31,35.18,0.31,none,12.77,1.55
2026-02-12 12:00:00,S2007,2007,32.4,69.7,39.23,6.1,98646,2.55,23.66,0.232,none,13.17,0.61
2026-02-12 12:00:00,S2004,2004,30.08,68.3,46.28,7.17,97561,0.0,33.48,0.35,none,10.94,0.49
2026-02-12 12:00:00,S2018,2018,32.14,69.0,31.13,7.05,101543,2.82,30.06,0.292,none,8.05,1.49
2026-02-12 12:00:00,S2012,2012,30.78,70.7,29.88,6.79,101689,3.72,25.29,0.228,none,6.06,0.73
2026-02-12 12:00:00,S2011,2011,29.57,70.1,48.41,6.79,97893,0.0,26.72,0.28,none,12.42,2.59
2026-02-12 12:00:00,S2010,2010,31.71,67.9,43.46,6.1,101671,2.37,33.41,0.41,none,12.47,4.4
2026-02-12 12:00:00,S2017,2017,31.67,69.2,39.3,7.05,98931,0.0,28.66,0.235,none,11.35,0.82
2026-02-12 12:00:00,S2014,2014,31.57,68.9,31.76,6.91,102051,3.64,42.79,0.334,none,7.14,0.38
2026-02-12 12:00:00,S2006,2006,30.95,72.5,48.52,7.11,99784,0.0,18.62,0.276,none,17.16,2.8
2026-02-12 12:00:00,S2008,2008,32.26,69.3,40.18,6.6,100988,3.3,39.21,0.3,none,13.05,1.2
2026-02-12 12:00:00,S2001,2001,31.26,71.7,32.97,7.09,98449,2.75,19.22,0.271,none,9.37,2.39
2026-02-12 12:00:00,S2009,2009,31.3,68.2,37.85,7.12,101291,2.56,33.37,0.344,none,9.09,0.57
2026-02-12 15:00:00,S2008,2008,30.19,77.3,75.21,6.23,72164,0.0,37.79,0.309,none,32.83,1.66
2026-02-12 15:00:00,S2007,2007,29.76,70.0,42.86,6.77,69261,2.33,22.78,0.24,none,9.95,0.56
2026-02-12 15:00:00,S2017,2017,28.06,83.7,74.7,6.68,71019,0.0,28.12,0.24,none,35.31,0.79
2026-02-12 15:00:00,S2003,2003,27.87,78.6,49.4,6.12,71117,0.0,19.15,0.31,none,18.58,1.64
2026-02-12 15:00:00,S2019,2019,28.71,80.4,51.16,6.73,68838,0.0,20.48,0.35,none,20.9,0.38
2026-02-12 15:00:00,S2016,2016,28.68,72.4,37.39,6.76,71480,2.43,24.48,0.28,none,7.62,2.07
2026-02-12 15:00:00,S2011,2011,30.11,73.2,35.74,6.66,72150,2.51,25.61,0.28,none,9.65,2.91
2026-02-12 15:00:00,S2002,2002,27.65,78.4,49.28,6.7,73138,0.0,17.44,0.24,none,18.36,0.62
2026-02-12 15:00:00,S2012,2012,27.97,81.6,40.42,6.77,70873,0.0,25.53,0.24,none,16.49,0.72
2026-02-12 15:00:00,S2000,2000,28.44,75.3,39.85,6.34,69626,0.0,28.8,0.42,none,11.16,3.15
2026-02-12 15:00:00,S2015,2015,27.4,75.4,47.68,6.67,71425,0.0,33.87,0.42,none,15.16,3.84
2026-02-12 15:00:00,S2001,2001,29.54,74.3,47.06,6.2,68676,0.0,21.67,0.28,none,15.05,2.33
2026-02-12 15:00:00,S2013,2013,27.35,84.2,60.84,6.69,69872,0.0,35.81,0.31,none,28.78,1.22
2026-02-12 15:00:00,S2009,2009,28.89,78.6,43.71,7.14,68874,0.0,34.92,0.35,none,15.73,0.45
2026-02-12 15:00:00,S2004,2004,28.28,77.7,43.51,6.51,69136,0.0,30.55,0.35,none,14.92,0.55
2026-02-12 15:00:00,S2005,2005,29.19,77.6,50.94,6.21,72510,0.0,41.38,0.42,none,18.93,3.9
2026-02-12 15:00:00,S2010,2010,29.78,76.7,52.2,6.33,69168,0.0,34.95,0.42,none,20.02,3.03
2026-02-12 15:00:00,S2006,2006,27.33,73.9,47.54,6.22,72536,0.0,18.22,0.28,none,13.89,2.08
2026-02-12 15:00:00,S2018,2018,28.61,73.8,45.13,6.79,71055,0.0,29.37,0.31,none,12.61,1.22
2026-02-12 15:00:00,S2014,2014,29.16,81.8,50.2,6.71,69646,0.0,42.62,0.35,none,21.86,0.57
2026-02-12 18:00:00,S2005,2005,23.83,84.3,64.47,6.66,1360,0.0,40.38,0.42,none,30.67,3.76
2026-02-12 18:00:00,S2014,2014,22.62,96.1,51.64,7.09,2189,0.0,40.5,0.35,none,33.7,0.51
2026-02-12 18:00:00,S2012,2012,23.49,86.3,60.41,6.91,0,0.0,23.83,0.24,none,30.24,0.75
2026-02-12 18:00:00,S2006,2006,24.37,90.4,65.72,6.36,1786,0.0,19.4,0.28,none,36.18,2.08
2026-02-12 18:00:00,S2003,2003,24.5,88.7,53.91,7.01,452,0.0,21.08,0.31,none,28.92,1.8
2026-02-12 18:00:00,S2011,2011,23.51,91.0,55.29,6.48,0,0.0,27.01,0.28,none,31.45,1.98
2026-02-12 18:00:00,S2015,2015,23.82,89.8,44.67,6.49,622,0.0,32.28,0.42,none,25.18,3.64
2026-02-12 18:00:00,S2013,2013,25.02,89.4,76.1,6.06,1651,0.0,35.31,0.31,none,40.57,1.48
2026-02-12 18:00:00,S2004,2004,25.4,83.9,54.61,7.0,2312,0.0,32.24,0.35,none,25.43,0.6
2026-02-12 18:00:00,S2007,2007,23.0,86.2,68.52,6.52,2366,0.0,22.56,0.24,none,34.22,0.55
2026-02-12 18:00:00,S2002,2002,24.42,88.3,62.69,6.19,0,0.0,17.37,0.24,none,32.98,0.79
2026-02-12 18:00:00,S2016,2016,24.51,84.3,54.75,6.61,339,0.0,22.22,0.28,none,25.81,2.3
2026-02-12 18:00:00,S2008,2008,24.69,90.7,50.06,7.06,1967,0.0,36.69,0.31,none,28.59,1.35
2026-02-12 18:00:00,S2001,2001,23.33,87.7,52.82,6.58,0,0.0,19.61,0.28,none,27.57,2.65
2026-02-12 18:00:00,S2010,2010,24.07,87.0,52.46,6.85,974,0.0,36.39,0.42,none,26.83,3.25
2026-02-12 18:00:00,S2019,2019,23.79,92.7,80.78,6.47,964,0.0,23.9,0.35,fungal_leaf_spot,45.55,0.41
2026-02-12 18:00:00,S2017,2017,24.51,91.0,71.77,6.62,0,0.0,27.98,0.24,none,39.69,0.68
2026-02-12 18:00:00,S2018,2018,24.83,85.2,66.09,6.2,0,0.0,31.54,0.31,none,32.21,1.66
2026-02-12 18:00:00,S2009,2009,25.33,89.0,69.78,6.98,163,0.0,34.07,0.35,none,37.09,0.44
2026-02-12 18:00:00,S2000,2000,24.82,85.1,54.68,6.21,0,0.0,28.56,0.42,none,26.42,4.14
2026-02-12 21:00:00,S2012,2012,25.2,87.0,62.83,6.88,0,0.0,25.95,0.24,none,32.02,0.54
2026-02-12 21:00:00,S2009,2009,22.8,90.2,52.06,6.03,1009,0.0,36.3,0.35,none,29.19,0.58
2026-02-12 21:00:00,S2013,2013,23.26,94.6,60.02,6.33,0,0.0,34.97,0.31,none,36.69,1.36
2026-02-12 21:00:00,S2008,2008,22.67,94.3,50.58,6.7,0,0.0,37.19,0.31,none,31.73,1.51
2026-02-12 21:00:00,S2001,2001,25.07,84.2,55.7,6.55,0,0.0,18.8,0.28,none,26.21,2.14
2026-02-12 21:00:00,S2000,2000,24.4,92.7,60.58,6.37,0,0.0,28.32,0.42,none,35.45,3.59
2026-02-12 21:00:00,S2014,2014,24.59,85.2,63.26,6.58,0,0.0,42.52,0.35,none,30.79,0.4
2026-02-12 21:00:00,S2016,2016,22.95,89.6,59.61,6.97,0,0.0,24.5,0.28,none,32.48,2.02
2026-02-12 21:00:00,S2006,2006,24.13,89.8,57.69,6.96,0,0.0,19.09,0.28,none,31.68,2.75
2026-02-12 21:00:00,S2004,2004,22.9,87.1,51.03,7.19,1830,0.0,34.48,0.35,none,26.19,0.53
2026-02-12 21:00:00,S2017,2017,23.03,96.9,51.43,7.1,713,0.0,29.51,0.24,none,34.23,0.73
2026-02-12 21:00:00,S2019,2019,25.21,86.4,63.35,7.19,0,0.0,20.48,0.35,none,31.8,0.52
2026-02-12 21:00:00,S2005,2005,24.72,85.7,75.81,6.28,0,0.0,42.84,0.42,none,37.47,3.14
2026-02-12 21:00:00,S2007,2007,25.13,88.1,58.35,6.91,1277,0.0,23.89,0.24,none,30.65,0.66
2026-02-12 21:00:00,S2003,2003,24.22,90.1,58.55,6.63,1649,0.0,21.45,0.31,none,32.35,1.93
2026-02-12 21:00:00,S2010,2010,24.24,89.8,58.74,6.81,1497,0.0,34.6,0.42,none,32.21,3.83
2026-02-12 21:00:00,S2002,2002,23.89,83.6,69.39,6.87,0,0.0,17.17,0.24,none,32.57,0.57
2026-02-12 21:00:00,S2011,2011,24.64,91.6,54.49,6.27,0,0.0,24.18,0.28,none,31.52,1.89
2026-02-12 21:00:00,S2018,2018,22.27,88.2,53.32,6.01,2147,0.0,29.63,0.31,none,28.22,1.64
2026-02-12 21:00:00,S2015,2015,25.16,81.8,50.76,6.2,0,0.0,33.78,0.42,none,21.82,3.48
2026-02-13 00:00:00,S2018,2018,23.69,88.8,66.81,6.83,1414,0.0,31.0,0.31,none,35.45,1.89
2026-02-13 00:00:00,S2000,2000,25.1,88.9,52.27,7.04,905,0.0,28.64,0.42,none,28.26,3.27
2026-02-13 00:00:00,S2003,2003,23.16,88.8,63.44,6.86,0,0.0,20.79,0.31,none,33.76,1.73
2026-02-13 00:00:00,S2002,2002,24.89,86.5,59.78,6.62,0,0.0,17.37,0.24,none,30.09,0.82
2026-02-13 00:00:00,S2013,2013,23.32,87.6,47.07,6.47,0,0.0,36.03,0.31,none,24.61,1.22
2026-02-13 00:00:00,S2009,2009,22.64,93.2,51.47,6.6,0,0.0,33.27,0.35,none,31.3,0.62
2026-02-13 00:00:00,S2017,2017,24.41,90.8,73.67,7.15,2141,0.0,29.86,0.24,none,40.48,0.57
2026-02-13 00:00:00,S2011,2011,25.44,84.6,58.03,6.67,0,0.0,27.61,0.28,none,27.69,3.0
2026-02-13 00:00:00,S2015,2015,24.15,83.9,55.49,6.59,0,0.0,32.3,0.42,none,25.87,3.8
2026-02-13 00:00:00,S2012,2012,24.51,87.8,60.18,6.71,0,0.0,25.89,0.24,none,31.33,0.85
2026-02-13 00:00:00,S2004,2004,23.87,89.1,49.44,6.38,2174,0.0,31.8,0.35,none,27.0,0.52
2026-02-13 00:00:00,S2006,2006,24.1,85.2,65.69,6.8,1600,0.0,19.85,0.28,none,32.01,1.84
2026-02-13 00:00:00,S2010,2010,23.33,92.6,58.0,7.13,2036,0.0,35.96,0.42,none,34.08,3.01
2026-02-13 00:00:00,S2005,2005,25.17,83.9,51.72,7.14,876,0.0,41.42,0.42,none,23.98,4.46
2026-02-13 00:00:00,S2014,2014,24.61,81.1,64.25,7.05,0,0.0,41.33,0.35,none,28.0,0.4
2026-02-13 00:00:00,S2008,2008,24.26,88.4,49.25,6.69,0,0.0,38.24,0.31,none,26.35,1.9
2026-02-13 00:00:00,S2001,2001,24.82,90.4,47.02,7.15,0,0.0,20.45,0.28,none,26.83,2.63
2026-02-13 00:00:00,S2019,2019,23.51,90.7,59.62,6.43,961,0.0,24.4,0.35,none,33.37,0.49
2026-02-13 00:00:00,S2007,2007,23.11,95.2,76.09,6.72,0,0.0,23.88,0.24,fungal_leaf_spot,45.21,0.68
2026-02-13 00:00:00,S2016,2016,22.89,89.1,64.23,6.18,1225,0.0,24.55,0.28,none,34.39,1.99
2026-02-13 03:00:00,S2008,2008,23.2,88.6,72.33,6.11,834,0.0,38.91,0.31,none,38.04,1.96
2026-02-13 03:00:00,S2005,2005,23.4,86.1,54.25,6.38,2344,0.0,40.38,0.42,none,27.0,4.45
2026-02-13 03:00:00,S2011,2011,24.08,83.2,67.6,6.03,1615,0.0,26.09,0.28,none,31.36,2.03
2026-02-13 03:00:00,S2010,2010,24.21,93.2,64.41,6.94,1748,0.0,36.96,0.42,none,37.77,4.0
2026-02-13 03:00:00,S2007,2007,22.68,88.9,50.24,6.29,2005,0.0,23.33,0.24,none,27.24,0.57
2026-02-13 03:00:00,S2006,2006,25.77,88.5,54.23,6.74,0,0.0,20.17,0.28,none,28.91,2.18
2026-02-13 03:00:00,S2012,2012,22.66,86.9,61.56,6.82,0,0.0,24.56,0.24,none,31.3,0.56
2026-02-13 03:00:00,S2009,2009,23.58,93.4,50.41,6.05,1348,0.0,35.98,0.35,none,30.93,0.44
2026-02-13 03:00:00,S2019,2019,23.64,92.6,47.67,6.19,0,0.0,21.08,0.35,none,28.91,0.51
2026-02-13 03:00:00,S2013,2013,23.1,86.5,66.56,6.78,2321,0.0,38.89,0.31,none,33.48,1.81
2026-02-13 03:00:00,S2018,2018,24.57,85.5,74.39,6.49,1749,0.0,31.35,0.31,none,36.59,1.74
2026-02-13 03:00:00,S2000,2000,23.29,91.5,64.13,6.23,0,0.0,31.06,0.42,none,36.27,3.1
2026-02-13 03:00:00,S2002,2002,23.05,91.7,66.19,7.15,0,0.0,16.58,0.24,none,37.45,0.79
2026-02-13 03:00:00,S2014,2014,23.61,83.5,57.71,6.72,0,0.0,40.49,0.35,none,26.66,0.51
2026-02-13 03:00:00,S2004,2004,23.87,88.8,50.65,6.74,896,0.0,32.12,0.35,none,27.36,0.57
2026-02-13 03:00:00,S2015,2015,23.84,90.1,58.69,7.1,1518,0.0,33.63,0.42,none,32.42,4.04
2026-02-13 03:00:00,S2003,2003,24.24,85.9,85.38,6.45,1313,0.0,22.32,0.31,none,42.41,1.83
2026-02-13 03:00:00,S2016,2016,24.46,84.0,67.0,6.35,0,0.0,23.62,0.28,none,31.7,2.09
2026-02-13 03:00:00,S2001,2001,24.11,87.7,71.35,6.27,683,0.0,19.47,0.28,none,36.84,1.84
2026-02-13 03:00:00,S2017,2017,22.63,86.2,51.28,6.27,0,0.0,28.01,0.24,none,25.6,0.67
2026-02-13 06:00:00,S2006,2006,23.94,85.5,60.11,7.14,0,0.0,20.99,0.28,none,29.46,2.28
2026-02-13 06:00:00,S2003,2003,23.58,90.3,61.72,6.22,0,0.0,20.56,0.31,none,34.1,1.68
2026-02-13 06:00:00,S2010,2010,22.84,87.3,49.72,6.63,0,0.0,34.43,0.42,none,25.7,4.65
2026-02-13 06:00:00,S2011,2011,23.99,86.8,44.17,6.64,674,0.0,24.92,0.28,none,22.52,2.67
2026-02-13 06:00:00,S2015,2015,24.87,83.6,62.49,6.29,0,0.0,35.63,0.42,none,29.12,4.49
2026-02-13 06:00:00,S2007,2007,24.71,91.2,49.32,7.02,0,0.0,22.78,0.24,none,28.62,0.6
2026-02-13 06:00:00,S2002,2002,24.86,82.4,62.43,6.1,2033,0.0,16.94,0.24,none,28.14,0.65
2026-02-13 06:00:00,S2018,2018,25.62,87.6,59.05,7.09,0,0.0,31.16,0.31,none,30.6,1.81
2026-02-13 06:00:00,S2016,2016,23.76,84.2,59.85,6.85,0,0.0,23.68,0.28,none,28.29,2.46
2026-02-13 06:00:00,S2019,2019,22.41,94.2,57.97,6.29,1372,0.0,23.32,0.35,none,35.34,0.46
2026-02-13 06:00:00,S2001,2001,25.11,83.2,52.69,6.33,1779,0.0,19.3,0.28,none,23.91,2.05
2026-02-13 06:00:00,S2014,2014,23.16,90.5,69.59,6.27,0,0.0,42.91,0.35,none,38.2,0.49
2026-02-13 06:00:00,S2004,2004,23.02,89.4,59.15,6.3,0,0.0,34.72,0.35,none,32.1,0.6
2026-02-13 06:00:00,S2008,2008,22.79,90.4,59.99,6.33,0,0.0,38.63,0.31,none,33.32,1.48
2026-02-13 06:00:00,S2005,2005,23.49,95.3,44.99,6.36,0,0.0,39.42,0.42,none,29.74,4.56
2026-02-13 06:00:00,S2012,2012,23.99,88.7,64.57,6.71,1935,0.0,24.93,0.24,none,34.25,0.64
2026-02-13 06:00:00,S2000,2000,23.02,92.3,57.95,7.14,2059,0.0,29.55,0.42,none,33.81,3.83
2026-02-13 06:00:00,S2013,2013,23.58,86.4,56.75,6.64,0,0.0,36.02,0.31,none,28.5,1.88
2026-02-13 06:00:00,S2017,2017,22.58,93.4,55.19,6.88,150,0.0,29.98,0.24,none,33.32,0.86
2026-02-13 06:00:00,S2009,2009,23.34,85.0,54.1,6.0,1925,0.0,33.93,0.35,none,26.05,0.57
2026-02-13 09:00:00,S2000,2000,30.65,73.9,42.33,6.21,73124,2.39,27.53,0.416,none,14.59,2.98
2026-02-13 09:00:00,S2017,2017,28.74,74.5,41.73,6.09,72206,0.0,30.04,0.24,none,11.46,0.86
2026-02-13 09:00:00,S2007,2007,28.86,79.3,51.36,6.2,68460,0.0,22.15,0.24,none,20.12,0.6
2026-02-13 09:00:00,S2001,2001,27.59,80.9,58.32,6.97,69524,0.0,19.55,0.28,none,24.88,2.73
2026-02-13 09:00:00,S2008,2008,29.25,74.1,45.14,7.06,69636,0.0,39.66,0.31,none,13.35,1.39
2026-02-13 09:00:00,S2010,2010,29.29,80.5,43.67,6.36,70186,0.0,35.81,0.42,none,17.82,3.09
2026-02-13 09:00:00,S2018,2018,29.27,80.0,42.16,6.26,70537,0.0,32.68,0.31,none,16.62,1.82
2026-02-13 09:00:00,S2002,2002,28.87,81.6,44.88,6.38,73163,0.0,16.12,0.24,none,18.72,0.61
2026-02-13 09:00:00,S2016,2016,27.82,82.0,47.6,7.02,71728,0.0,22.53,0.28,none,20.4,2.08
2026-02-13 09:00:00,S2009,2009,28.56,77.3,39.0,6.21,69270,2.33,34.38,0.35,none,12.34,0.48
2026-02-13 09:00:00,S2014,2014,29.08,73.1,48.39,6.82,72785,0.0,42.26,0.35,none,13.83,0.43
2026-02-13 09:00:00,S2005,2005,29.81,71.8,37.36,7.14,69361,2.43,41.59,0.42,none,8.74,3.46
2026-02-13 09:00:00,S2004,2004,30.29,79.0,53.21,6.63,72493,0.0,34.73,0.349,none,23.39,0.58
2026-02-13 09:00:00,S2015,2015,29.24,74.5,39.11,6.4,70630,2.36,33.23,0.42,none,10.63,3.32
2026-02-13 09:00:00,S2011,2011,28.48,79.7,41.74,6.74,73085,0.0,24.83,0.28,none,15.63,2.87
2026-02-13 09:00:00,S2013,2013,27.72,81.4,54.76,6.72,70680,0.0,36.92,0.31,none,23.5,1.62
2026-02-13 09:00:00,S2006,2006,29.71,81.9,51.56,6.92,69238,0.0,21.84,0.28,none,23.72,2.0
2026-02-13 09:00:00,S2019,2019,28.01,81.2,47.57,6.08,71179,0.0,23.02,0.35,none,19.75,0.58
2026-02-13 09:00:00,S2003,2003,29.14,76.8,52.42,6.99,70838,0.0,21.01,0.31,none,18.93,1.91
2026-02-13 09:00:00,S2012,2012,30.67,73.7,48.81,6.48,69892,0.0,24.57,0.238,none,17.71,0.83
2026-02-13 12:00:00,S2000,2000,31.86,66.3,61.75,7.1,101073,0.0,29.54,0.409,none,20.63,3.45
2026-02-13 12:00:00,S2004,2004,30.52,77.5,46.18,7.02,98346,0.0,32.94,0.348,none,19.13,0.58
2026-02-13 12:00:00,S2016,2016,29.88,71.8,43.61,6.14,97741,0.0,25.48,0.28,none,12.0,2.85
2026-02-13 12:00:00,S2012,2012,30.13,71.2,48.12,6.14,101707,0.0,25.54,0.24,none,14.28,0.53
2026-02-13 12:00:00,S2013,2013,30.94,73.0,40.56,6.36,98964,0.0,35.43,0.306,none,13.56,1.28
2026-02-13 12:00:00,S2017,2017,31.48,74.5,44.77,6.13,100330,3.12,28.42,0.235,none,17.95,0.77
2026-02-13 12:00:00,S2005,2005,30.35,74.7,57.8,7.14,102137,0.0,41.83,0.418,none,22.36,3.07
2026-02-13 12:00:00,S2008,2008,30.02,71.6,60.32,6.42,100291,0.0,38.35,0.31,none,20.48,1.67
2026-02-13 12:00:00,S2009,2009,31.93,70.6,37.04,6.36,98169,2.59,35.39,0.341,none,11.86,0.51
2026-02-13 12:00:00,S2019,2019,30.16,71.6,47.19,6.02,99338,0.0,23.33,0.349,none,14.19,0.49
2026-02-13 12:00:00,S2014,2014,32.29,72.1,38.04,6.35,101699,3.5,41.67,0.339,none,14.28,0.57
2026-02-13 12:00:00,S2015,2015,31.73,66.0,36.14,6.7,100971,2.66,31.1,0.41,none,7.33,3.94
2026-02-13 12:00:00,S2001,2001,31.54,70.4,41.32,7.02,100839,2.43,19.06,0.274,none,13.06,2.69
2026-02-13 12:00:00,S2007,2007,30.37,76.9,57.45,7.17,97973,0.0,22.93,0.239,none,23.99,0.86
2026-02-13 12:00:00,S2011,2011,31.2,74.8,38.3,6.05,99496,2.57,26.51,0.275,none,14.39,2.17
2026-02-13 12:00:00,S2002,2002,30.61,72.9,54.9,7.16,100451,0.0,15.62,0.238,none,19.99,0.84
2026-02-13 12:00:00,S2010,2010,29.78,77.7,40.46,6.26,102066,2.4,36.55,0.42,none,14.95,3.97
2026-02-13 12:00:00,S2006,2006,30.38,80.2,34.55,7.15,99264,2.54,20.8,0.278,none,15.2,2.81
2026-02-13 12:00:00,S2003,2003,30.49,72.1,43.28,6.94,100069,2.35,22.45,0.308,none,13.3,1.92
2026-02-13 12:00:00,S2018,2018,31.29,68.1,47.51,7.1,99559,0.0,30.81,0.305,none,13.81,1.83
2026-02-13 15:00:00,S2006,2006,29.61,77.9,49.72,6.72,70761,0.0,19.94,0.28,none,19.4,2.18
2026-02-13 15:00:00,S2008,2008,29.78,81.5,51.22,6.48,72629,0.0,39.83,0.31,none,23.37,1.41
2026-02-13 15:00:00,S2004,2004,28.39,80.4,39.67,6.98,68902,0.0,30.71,0.35,none,15.16,0.51
2026-02-13 15:00:00,S2007,2007,29.64,70.8,42.84,6.7,69507,2.34,22.21,0.24,none,10.34,0.81
2026-02-13 15:00:00,S2000,2000,29.31,77.0,44.57,6.47,69063,0.0,28.36,0.42,none,15.5,4.44
2026-02-13 15:00:00,S2005,2005,27.68,77.1,38.88,7.15,72015,0.0,43.49,0.42,none,12.12,3.81
2026-02-13 15:00:00,S2001,2001,28.89,72.2,43.09,7.14,71979,0.0,19.21,0.28,none,10.31,2.54
2026-02-13 15:00:00,S2003,2003,27.43,84.7,41.18,6.3,72161,0.0,21.02,0.31,none,19.35,1.95
2026-02-13 15:00:00,S2002,2002,29.29,73.5,42.46,6.45,69258,0.0,16.78,0.24,none,11.61,0.62
2026-02-13 15:00:00,S2009,2009,29.7,72.1,37.06,6.4,71081,2.46,35.01,0.35,none,8.61,0.52
2026-02-13 15:00:00,S2016,2016,30.04,74.2,39.84,6.27,72439,0.0,23.53,0.28,none,12.36,2.67
2026-02-13 15:00:00,S2013,2013,30.12,78.8,45.37,6.3,72434,0.0,38.55,0.309,none,18.96,1.72
2026-02-13 15:00:00,S2019,2019,30.35,79.4,41.23,6.63,72740,2.42,23.25,0.348,none,17.84,0.55
2026-02-13 15:00:00,S2017,2017,27.73,85.1,55.23,6.46,69038,0.0,28.42,0.24,none,26.69,0.86
2026-02-13 15:00:00,S2015,2015,30.39,74.6,60.01,6.19,70108,0.0,34.04,0.418,none,23.46,4.32
2026-02-13 15:00:00,S2018,2018,28.73,78.1,49.94,6.21,70551,0.0,32.69,0.31,none,18.45,1.77
2026-02-13 15:00:00,S2010,2010,30.5,74.4,45.42,6.74,70686,0.0,34.1,0.417,none,16.23,3.35
2026-02-13 15:00:00,S2014,2014,29.84,80.6,42.07,6.2,73034,0.0,39.81,0.35,none,18.19,0.58
2026-02-13 15:00:00,S2012,2012,28.61,74.7,37.09,6.95,69451,3.27,24.62,0.24,none,9.31,0.68
2026-02-13 15:00:00,S2011,2011,29.33,75.1,39.52,6.72,72337,2.36,26.43,0.28,none,11.5,2.85
2026-02-13 18:00:00,S2007,2007,25.04,83.2,64.88,6.34,0,0.0,21.8,0.24,none,30.0,0.58
2026-02-13 18:00:00,S2001,2001,24.66,90.4,59.02,6.92,0,0.0,20.41,0.28,none,32.83,2.1
2026-02-13 18:00:00,S2000,2000,22.41,90.2,56.86,6.16,2338,0.0,29.35,0.42,none,31.59,3.4
2026-02-13 18:00:00,S2005,2005,25.22,86.5,51.8,6.99,0,0.0,40.1,0.42,none,26.1,3.17
2026-02-13 18:00:00,S2011,2011,24.02,92.3,61.03,6.34,0,0.0,24.67,0.28,none,35.36,2.16
2026-02-13 18:00:00,S2016,2016,24.22,89.7,51.03,6.64,0,0.0,23.25,0.28,none,28.28,2.08
2026-02-13 18:00:00,S2015,2015,25.36,89.3,63.53,6.33,787,0.0,35.4,0.42,none,34.2,4.0
2026-02-13 18:00:00,S2019,2019,23.15,95.3,54.78,6.9,450,0.0,24.24,0.35,none,34.63,0.55
2026-02-13 18:00:00,S2010,2010,24.57,87.0,55.7,7.15,1513,0.0,35.51,0.42,none,28.45,3.74
2026-02-13 18:00:00,S2018,2018,23.27,91.3,63.34,6.82,195,0.0,32.59,0.31,none,35.71,1.59
2026-02-13 18:00:00,S2002,2002,25.18,86.2,56.26,6.21,1140,0.0,17.58,0.24,none,28.09,0.54
2026-02-13 18:00:00,S2013,2013,24.12,92.0,78.21,6.05,0,0.0,36.29,0.31,none,43.7,1.5
2026-02-13 18:00:00,S2006,2006,22.95,88.8,52.22,6.04,1805,0.0,19.79,0.28,none,28.15,1.97
2026-02-13 18:00:00,S2009,2009,25.34,86.8,60.54,6.04,42,0.0,34.02,0.35,none,30.71,0.44
2026-02-13 18:00:00,S2008,2008,25.21,81.6,42.84,6.61,2048,0.0,39.28,0.31,none,17.7,1.71
2026-02-13 18:00:00,S2014,2014,25.04,87.4,70.25,6.67,358,0.0,43.52,0.35,none,36.05,0.52
2026-02-13 18:00:00,S2012,2012,24.59,86.9,59.58,6.41,912,0.0,24.76,0.24,none,30.31,0.71
2026-02-13 18:00:00,S2004,2004,24.52,90.7,47.03,6.19,2344,0.0,33.18,0.35,none,27.08,0.42
2026-02-13 18:00:00,S2003,2003,23.44,91.8,62.26,6.94,1384,0.0,22.34,0.31,none,35.57,1.72
2026-02-13 18:00:00,S2017,2017,23.29,83.8,48.85,6.26,0,0.0,27.56,0.24,none,22.46,0.81
2026-02-13 21:00:00,S2018,2018,24.37,83.3,75.11,7.16,0,0.0,30.98,0.31,none,35.2,1.28
2026-02-13 21:00:00,S2003,2003,25.09,90.5,60.34,6.82,1013,0.0,19.5,0.31,none,33.57,1.83
2026-02-13 21:00:00,S2006,2006,23.44,91.8,62.35,6.54,0,0.0,20.55,0.28,none,35.61,2.36
2026-02-13 21:00:00,S2017,2017,23.11,86.0,70.79,6.22,884,0.0,28.23,0.24,none,35.2,0.67
2026-02-13 21:00:00,S2011,2011,25.06,81.9,58.78,6.14,0,0.0,27.24,0.28,none,25.91,1.99
2026-02-13 21:00:00,S2019,2019,24.44,86.3,58.75,6.05,0,0.0,21.83,0.35,none,29.41,0.62
2026-02-13 21:00:00,S2012,2012,22.38,90.3,65.14,6.13,724,0.0,25.09,0.24,none,35.81,0.8
2026-02-13 21:00:00,S2007,2007,24.37,84.7,50.2,6.35,0,0.0,23.41,0.24,none,23.86,0.63
2026-02-13 21:00:00,S2001,2001,23.34,92.4,59.83,7.2,0,0.0,18.79,0.28,none,34.84,2.0
2026-02-13 21:00:00,S2005,2005,22.4,89.7,53.77,6.49,114,0.0,43.13,0.42,none,29.65,3.04
2026-02-13 21:00:00,S2010,2010,25.16,85.9,52.06,6.96,0,0.0,38.56,0.42,none,25.75,3.04
2026-02-13 21:00:00,S2004,2004,24.42,90.3,72.43,7.18,0,0.0,31.23,0.35,none,39.45,0.6
2026-02-13 21:00:00,S2016,2016,23.91,89.8,45.66,6.26,2015,0.0,24.57,0.28,none,25.67,2.61
2026-02-13 21:00:00,S2015,2015,24.16,88.0,62.59,6.16,863,0.0,31.22,0.42,none,32.7,4.43
2026-02-13 21:00:00,S2013,2013,22.54,88.0,44.15,6.03,840,0.0,37.11,0.31,none,23.48,1.59
2026-02-13 21:00:00,S2002,2002,25.49,79.9,60.28,7.13,2452,0.0,15.76,0.24,none,25.06,0.8
2026-02-13 21:00:00,S2000,2000,24.86,88.2,73.27,6.22,2064,0.0,27.98,0.42,none,38.2,4.23
2026-02-13 21:00:00,S2014,2014,25.49,83.2,61.52,6.25,1500,0.0,42.51,0.35,none,28.32,0.48
2026-02-13 21:00:00,S2009,2009,23.15,87.7,59.46,6.52,518,0.0,35.39,0.35,none,30.89,0.53
2026-02-13 21:00:00,S2008,2008,23.12,90.9,52.66,6.03,853,0.0,38.14,0.31,none,30.05,1.61
2026-02-14 00:00:00,S2017,2017,24.27,85.4,54.39,6.47,0,0.0,28.56,0.24,none,26.52,0.86
2026-02-14 00:00:00,S2004,2004,24.02,84.6,55.9,6.16,951,0.0,31.12,0.35,none,26.63,0.59
2026-02-14 00:00:00,S2001,2001,22.45,87.7,59.89,6.55,1357,0.0,20.21,0.28,none,31.11,1.97
2026-02-14 00:00:00,S2014,2014,23.67,87.8,57.51,6.18,0,0.0,40.23,0.35,none,29.99,0.43
2026-02-14 00:00:00,S2012,2012,22.62,92.4,64.99,7.13,2350,0.0,25.15,0.24,none,37.42,0.61
2026-02-14 00:00:00,S2005,2005,23.94,85.1,56.11,6.42,0,0.0,40.79,0.42,none,27.13,3.28
2026-02-14 00:00:00,S2019,2019,24.8,81.1,62.99,7.09,0,0.0,22.59,0.35,none,27.37,0.58
2026-02-14 00:00:00,S2013,2013,23.57,93.9,70.31,7.06,0,0.0,36.51,0.31,none,41.28,1.67
2026-02-14 00:00:00,S2018,2018,23.21,88.8,55.74,6.16,589,0.0,31.82,0.31,none,29.91,1.72
2026-02-14 00:00:00,S2003,2003,23.43,93.5,63.57,6.31,0,0.0,21.0,0.31,none,37.59,1.65
2026-02-14 00:00:00,S2015,2015,24.52,85.9,57.05,7.03,1310,0.0,35.59,0.42,none,28.25,3.0
2026-02-14 00:00:00,S2007,2007,25.17,84.3,48.01,7.19,72,0.0,23.52,0.24,none,22.44,0.56
2026-02-14 00:00:00,S2010,2010,24.09,89.1,60.97,6.68,2167,0.0,34.58,0.42,none,32.77,4.41
2026-02-14 00:00:00,S2009,2009,25.03,89.7,54.11,6.84,0,0.0,34.12,0.35,none,29.82,0.41
2026-02-14 00:00:00,S2000,2000,23.28,85.3,60.24,6.16,0,0.0,28.32,0.42,none,29.36,2.94
2026-02-14 00:00:00,S2008,2008,23.87,90.3,76.54,6.4,0,0.0,38.96,0.31,none,41.51,1.28
2026-02-14 00:00:00,S2002,2002,23.57,84.1,82.45,6.69,373,0.0,18.33,0.24,none,39.5,0.78
2026-02-14 00:00:00,S2006,2006,22.55,93.4,51.93,7.17,2143,0.0,19.32,0.28,none,31.69,2.48
2026-02-14 00:00:00,S2011,2011,24.57,86.4,60.72,6.7,0,0.0,26.21,0.28,none,30.48,2.67
2026-02-14 00:00:00,S2016,2016,24.77,86.1,51.99,6.52,2310,0.0,25.03,0.28,none,25.87,2.16
2026-02-14 03:00:00,S2018,2018,24.61,87.5,57.0,6.17,0,0.0,31.82,0.31,none,29.5,1.99
2026-02-14 03:00:00,S2008,2008,23.18,83.9,59.98,6.26,1016,0.0,38.44,0.31,none,28.11,1.81
2026-02-14 03:00:00,S2016,2016,24.78,86.2,65.55,6.88,1931,0.0,25.13,0.28,none,32.73,2.47
2026-02-14 03:00:00,S2002,2002,23.16,92.5,61.64,6.73,0,0.0,17.03,0.24,none,35.82,0.64
2026-02-14 03:00:00,S2009,2009,25.13,88.1,51.39,6.36,192,0.0,36.07,0.35,none,27.17,0.58
2026-02-14 03:00:00,S2019,2019,25.08,90.0,58.3,7.05,0,0.0,22.02,0.35,none,32.15,0.42
2026-02-14 03:00:00,S2015,2015,23.37,92.9,59.81,6.87,94,0.0,32.16,0.42,none,35.23,4.53
2026-02-14 03:00:00,S2013,2013,24.48,87.9,47.09,6.37,411,0.0,37.49,0.31,none,24.87,1.86
2026-02-14 03:00:00,S2004,2004,23.47,85.8,60.76,6.99,0,0.0,33.79,0.35,none,30.02,0.4
2026-02-14 03:00:00,S2007,2007,22.16,88.6,46.47,6.66,286,0.0,23.55,0.24,none,25.11,0.77
2026-02-14 03:00:00,S2014,2014,23.99,82.6,67.51,6.9,0,0.0,41.76,0.35,none,30.84,0.5
2026-02-14 03:00:00,S2012,2012,23.72,90.0,80.99,6.04,0,0.0,24.26,0.24,none,43.49,0.69
2026-02-14 03:00:00,S2010,2010,25.58,87.3,65.41,6.76,825,0.0,36.47,0.42,none,33.55,3.12
2026-02-14 03:00:00,S2005,2005,22.76,86.1,69.15,6.99,0,0.0,39.83,0.42,none,34.45,3.22
2026-02-14 03:00:00,S2000,2000,23.09,91.4,58.95,6.78,0,0.0,29.63,0.42,none,33.6,4.02
2026-02-14 03:00:00,S2001,2001,25.02,82.3,69.45,6.82,0,0.0,21.68,0.28,none,31.57,2.2
2026-02-14 03:00:00,S2017,2017,24.83,85.0,57.83,6.11,0,0.0,29.38,0.24,none,27.91,0.81
2026-02-14 03:00:00,S2011,2011,25.05,83.5,63.61,6.76,543,0.0,27.24,0.28,none,29.61,1.95
2026-02-14 03:00:00,S2003,2003,25.19,84.9,53.9,6.61,0,0.0,21.93,0.31,none,25.87,1.23
2026-02-14 03:00:00,S2006,2006,24.47,89.2,57.56,6.37,0,0.0,18.65,0.28,none,31.14,2.97
2026-02-14 06:00:00,S2019,2019,24.32,92.0,58.26,6.85,0,0.0,23.23,0.35,none,33.73,0.49
2026-02-14 06:00:00,S2015,2015,24.52,91.1,54.74,6.04,978,0.0,32.14,0.42,none,31.25,2.87
2026-02-14 06:00:00,S2018,2018,25.0,85.4,50.4,6.62,0,0.0,30.76,0.31,none,24.52,1.56
2026-02-14 06:00:00,S2003,2003,23.34,94.1,54.12,6.48,506,0.0,19.82,0.31,none,33.34,1.5
2026-02-14 06:00:00,S2002,2002,23.94,82.6,65.12,6.14,0,0.0,17.7,0.24,none,29.64,0.79
2026-02-14 06:00:00,S2014,2014,23.02,93.3,63.38,6.27,0,0.0,42.69,0.35,none,37.33,0.58
2026-02-14 06:00:00,S2013,2013,22.39,91.5,55.99,6.14,0,0.0,37.8,0.31,none,32.2,1.34
2026-02-14 06:00:00,S2005,2005,22.68,90.9,52.88,6.44,0,0.0,41.96,0.42,none,30.16,3.0
2026-02-14 06:00:00,S2017,2017,23.1,89.2,43.16,6.26,2321,0.0,29.9,0.24,none,23.94,0.73
2026-02-14 06:00:00,S2016,2016,24.88,83.1,51.02,6.34,2462,0.0,25.6,0.28,none,22.99,2.2
2026-02-14 06:00:00,S2006,2006,23.78,84.3,57.51,6.87,0,0.0,19.99,0.28,none,27.19,2.19
2026-02-14 06:00:00,S2011,2011,23.53,86.8,52.64,6.97,0,0.0,27.55,0.28,none,26.76,1.92
2026-02-14 06:00:00,S2009,2009,24.97,83.1,59.19,6.05,352,0.0,34.07,0.35,none,27.07,0.53
2026-02-14 06:00:00,S2010,2010,24.83,91.1,64.13,6.42,0,0.0,38.92,0.42,none,35.94,4.68
2026-02-14 06:00:00,S2008,2008,23.51,91.2,67.89,7.13,0,0.0,36.76,0.31,none,37.91,1.3
2026-02-14 06:00:00,S2007,2007,24.55,88.2,63.0,6.89,0,0.0,24.62,0.24,none,33.06,0.58
2026-02-14 06:00:00,S2001,2001,24.69,88.1,81.98,6.46,1874,0.0,21.36,0.28,none,42.47,1.99
2026-02-14 06:00:00,S2000,2000,25.39,86.0,55.76,6.56,0,0.0,28.03,0.42,none,27.68,3.04
2026-02-14 06:00:00,S2004,2004,23.28,86.4,53.38,6.68,1590,0.0,31.38,0.35,none,26.81,0.52
2026-02-14 06:00:00,S2012,2012,22.79,90.0,56.64,6.08,584,0.0,25.9,0.24,none,31.32,0.58
2026-02-14 09:00:00,S2015,2015,29.99,77.8,42.25,6.08,68277,0.0,35.83,0.42,none,16.34,4.24
2026-02-14 09:00:00,S2002,2002,28.46,80.6,52.07,6.18,69986,0.0,17.36,0.24,none,21.51,0.66
2026-02-14 09:00:00,S2009,2009,29.3,76.2,47.58,6.59,71572,0.0,34.24,0.35,none,16.35,0.55
2026-02-14 09:00:00,S2016,2016,30.14,77.6,45.35,6.63,69863,0.0,24.87,0.279,none,18.03,1.82
2026-02-14 09:00:00,S2008,2008,30.06,72.8,37.22,6.65,68892,3.32,39.22,0.31,none,9.97,1.86
2026-02-14 09:00:00,S2000,2000,29.38,75.5,42.86,6.73,72588,0.0,29.59,0.42,none,13.59,3.0
2026-02-14 09:00:00,S2017,2017,29.21,74.9,52.34,6.1,73083,0.0,27.67,0.24,none,17.51,0.69
2026-02-14 09:00:00,S2007,2007,28.92,82.3,43.3,6.29,68709,0.0,24.44,0.24,none,18.49,0.69
2026-02-14 09:00:00,S2019,2019,28.6,80.4,48.28,6.5,73117,0.0,25.01,0.35,none,19.46,0.39
2026-02-14 09:00:00,S2013,2013,28.32,73.3,41.97,6.27,69426,0.0,35.89,0.31,none,10.62,1.62
2026-02-14 09:00:00,S2006,2006,30.36,72.4,44.48,7.03,70997,0.0,22.15,0.279,none,13.88,2.66
2026-02-14 09:00:00,S2011,2011,30.31,77.8,53.18,6.68,71824,0.0,26.12,0.279,none,22.45,2.18
2026-02-14 09:00:00,S2005,2005,30.26,76.6,58.08,6.91,70609,0.0,44.29,0.419,none,23.84,3.85
2026-02-14 09:00:00,S2003,2003,28.3,75.5,37.75,6.39,70701,2.36,19.83,0.31,none,10.28,1.73
2026-02-14 09:00:00,S2018,2018,29.06,72.5,40.87,6.47,68997,0.0,31.49,0.31,none,9.55,1.48
2026-02-14 09:00:00,S2012,2012,28.67,77.7,47.64,6.16,72225,0.0,26.92,0.24,none,16.98,0.7
2026-02-14 09:00:00,S2001,2001,29.47,72.9,52.64,6.36,72842,0.0,21.98,0.28,none,16.58,2.73
2026-02-14 09:00:00,S2004,2004,29.81,80.4,40.56,6.04,72224,0.0,34.96,0.35,none,17.22,0.53
2026-02-14 09:00:00,S2010,2010,29.59,76.0,45.87,7.03,70779,0.0,34.11,0.42,none,15.91,4.11
2026-02-14 09:00:00,S2014,2014,28.5,75.6,41.26,6.46,71245,0.0,41.33,0.35,none,12.11,0.39
2026-02-14 12:00:00,S2019,2019,29.83,81.2,37.96,6.18,100217,2.52,23.18,0.35,none,16.6,0.57
2026-02-14 12:00:00,S2018,2018,31.93,75.0,30.88,6.01,102043,3.7,32.21,0.292,none,12.3,1.5
2026-02-14 12:00:00,S2015,2015,31.53,77.4,46.02,6.48,98694,0.0,30.61,0.411,none,20.99,2.85
2026-02-14 12:00:00,S2001,2001,31.02,72.9,45.42,6.11,100149,0.0,19.15,0.276,none,16.07,2.94
2026-02-14 12:00:00,S2016,2016,29.79,72.1,42.66,6.18,98270,2.34,23.58,0.28,none,11.59,2.21
2026-02-14 12:00:00,S2000,2000,31.29,76.2,47.69,7.13,98789,0.0,27.53,0.413,none,20.39,4.18
2026-02-14 12:00:00,S2013,2013,30.13,75.9,47.51,6.13,98991,0.0,37.61,0.309,none,17.74,1.57
2026-02-14 12:00:00,S2002,2002,32.25,71.8,38.69,6.85,98105,2.55,17.44,0.233,none,14.28,0.79
2026-02-14 12:00:00,S2005,2005,31.58,68.3,45.19,6.74,101733,0.0,40.72,0.411,none,13.39,3.09
2026-02-14 12:00:00,S2012,2012,31.45,69.3,38.2,7.05,97632,3.42,24.96,0.235,none,10.44,0.68
2026-02-14 12:00:00,S2010,2010,31.51,76.4,60.23,6.94,101589,0.0,38.04,0.411,none,27.26,3.29
2026-02-14 12:00:00,S2007,2007,32.07,70.5,37.56,6.26,100642,2.63,22.55,0.233,none,12.32,0.67
2026-02-14 12:00:00,S2004,2004,29.89,71.2,37.17,6.27,98992,3.32,32.97,0.35,none,8.33,0.51
2026-02-14 12:00:00,S2011,2011,32.35,72.9,49.65,6.7,102305,0.0,27.54,0.271,none,20.85,2.07
2026-02-14 12:00:00,S2017,2017,31.28,70.4,38.66,6.26,101902,3.43,29.72,0.236,none,11.21,0.58
2026-02-14 12:00:00,S2006,2006,30.94,75.8,58.69,7.04,98196,0.0,21.57,0.276,none,24.86,2.39
2026-02-14 12:00:00,S2009,2009,31.52,77.7,46.13,6.14,101251,0.0,36.69,0.343,none,21.27,0.53
2026-02-14 12:00:00,S2003,2003,32.33,75.2,37.44,7.16,101355,2.5,21.63,0.3,none,16.54,1.19
2026-02-14 12:00:00,S2008,2008,30.96,67.6,43.95,6.71,100612,0.0,38.54,0.306,none,10.97,1.64
2026-02-14 12:00:00,S2014,2014,30.86,72.5,33.02,6.02,100686,3.57,40.65,0.341,none,9.23,0.52
2026-02-14 15:00:00,S2009,2009,27.97,74.8,59.88,6.83,70567,0.0,33.73,0.35,none,20.78,0.56
2026-02-14 15:00:00,S2007,2007,29.54,71.9,63.65,7.07,68240,0.0,23.41,0.24,none,21.43,0.67
2026-02-14 15:00:00,S2019,2019,30.26,70.8,49.8,7.15,68922,0.0,20.84,0.349,none,15.06,0.55
2026-02-14 15:00:00,S2008,2008,30.54,79.9,45.47,6.96,71982,0.0,39.15,0.308,none,20.74,1.68
2026-02-14 15:00:00,S2010,2010,29.63,73.6,53.63,6.57,68799,0.0,35.53,0.42,none,17.95,3.08
2026-02-14 15:00:00,S2017,2017,28.82,79.2,43.6,6.81,68883,0.0,30.56,0.24,none,16.16,0.66
2026-02-14 15:00:00,S2002,2002,28.95,74.1,65.02,7.03,70937,0.0,18.43,0.24,none,22.79,0.56
2026-02-14 15:00:00,S2005,2005,28.36,77.7,51.94,6.64,73146,0.0,41.67,0.42,none,19.13,3.44
2026-02-14 15:00:00,S2011,2011,30.28,74.6,35.15,6.34,68737,2.63,26.23,0.279,none,10.81,2.3
2026-02-14 15:00:00,S2012,2012,29.84,76.7,41.17,6.68,71530,0.0,23.94,0.24,none,14.63,0.54
2026-02-14 15:00:00,S2000,2000,27.75,80.7,48.07,6.68,72501,0.0,32.34,0.42,none,19.6,3.91
2026-02-14 15:00:00,S2001,2001,28.31,83.9,53.19,6.38,72080,0.0,22.23,0.28,none,24.72,1.93
2026-02-14 15:00:00,S2013,2013,27.73,80.7,46.03,7.02,70333,0.0,39.23,0.31,none,18.58,1.76
2026-02-14 15:00:00,S2016,2016,28.5,80.7,55.07,6.02,69964,0.0,24.6,0.28,none,23.1,2.36
2026-02-14 15:00:00,S2003,2003,29.28,75.9,47.62,7.09,72430,0.0,20.49,0.31,none,16.09,1.95
2026-02-14 15:00:00,S2018,2018,30.04,79.0,48.17,6.16,72869,0.0,31.17,0.31,none,20.37,1.43
2026-02-14 15:00:00,S2014,2014,27.83,75.1,46.11,6.75,69533,0.0,42.75,0.35,none,14.13,0.62
2026-02-14 15:00:00,S2015,2015,29.64,77.8,41.68,7.1,70257,2.36,32.12,0.42,none,15.36,4.62
2026-02-14 15:00:00,S2006,2006,29.02,80.3,32.47,6.52,68990,2.64,19.62,0.275,none,11.51,2.06
2026-02-14 15:00:00,S2004,2004,29.58,78.1,46.89,6.57,71939,0.0,32.66,0.35,none,18.08,0.53
2026-02-14 18:00:00,S2016,2016,24.57,90.9,57.05,6.14,818,0.0,22.8,0.28,none,32.25,2.05
2026-02-14 18:00:00,S2008,2008,25.4,89.9,57.92,6.22,2074,0.0,40.32,0.31,none,31.88,1.84
2026-02-14 18:00:00,S2001,2001,23.81,84.8,55.05,6.09,1783,0.0,20.21,0.28,none,26.36,2.77
2026-02-14 18:00:00,S2009,2009,24.96,82.1,59.35,6.57,0,0.0,34.98,0.35,none,26.35,0.41
2026-02-14 18:00:00,S2019,2019,23.82,91.3,53.67,7.08,0,0.0,20.65,0.35,none,30.88,0.52
2026-02-14 18:00:00,S2007,2007,25.1,88.9,54.2,6.95,278,0.0,21.58,0.24,none,29.22,0.71
2026-02-14 18:00:00,S2010,2010,23.95,85.9,71.0,6.49,493,0.0,38.63,0.42,none,35.22,4.22
2026-02-14 18:00:00,S2006,2006,25.31,86.1,52.66,6.1,0,0.0,19.48,0.28,none,26.21,1.84
2026-02-14 18:00:00,S2011,2011,24.32,90.5,56.55,6.24,536,0.0,24.41,0.28,none,31.68,1.84
2026-02-14 18:00:00,S2005,2005,24.61,86.0,57.78,6.01,0,0.0,43.48,0.42,none,28.69,3.72
2026-02-14 18:00:00,S2012,2012,24.31,89.9,64.75,7.06,1850,0.0,26.33,0.24,none,35.3,0.53
2026-02-14 18:00:00,S2004,2004,25.74,87.0,47.06,6.14,1329,0.0,35.0,0.35,none,24.13,0.59
2026-02-14 18:00:00,S2013,2013,23.88,84.6,55.87,6.78,2173,0.0,37.01,0.31,none,26.61,1.35
2026-02-14 18:00:00,S2003,2003,24.99,86.1,52.98,6.9,916,0.0,22.62,0.31,none,26.37,1.63
2026-02-14 18:00:00,S2014,2014,24.33,88.2,55.26,6.11,0,0.0,41.33,0.35,none,29.19,0.54
2026-02-14 18:00:00,S2002,2002,23.85,88.8,63.68,6.66,2251,0.0,16.86,0.24,none,33.88,0.57
2026-02-14 18:00:00,S2015,2015,24.62,82.9,68.57,6.66,1987,0.0,31.96,0.42,none,31.61,4.18
2026-02-14 18:00:00,S2018,2018,24.26,90.2,56.55,6.48,2096,0.0,31.61,0.31,none,31.44,1.72
2026-02-14 18:00:00,S2000,2000,23.47,86.6,57.6,6.61,2404,0.0,32.46,0.42,none,29.08,4.27
2026-02-14 18:00:00,S2017,2017,25.16,79.2,65.61,6.99,67,0.0,30.49,0.24,none,27.17,0.67
2026-02-14 21:00:00,S2009,2009,22.75,87.3,61.19,6.68,0,0.0,34.41,0.35,none,31.43,0.55
2026-02-14 21:00:00,S2017,2017,25.47,84.9,59.68,6.05,1570,0.0,28.8,0.24,none,28.76,0.69
2026-02-14 21:00:00,S2000,2000,23.46,88.0,53.76,7.09,0,0.0,29.03,0.42,none,28.28,3.62
2026-02-14 21:00:00,S2001,2001,23.82,86.9,65.73,6.53,0,0.0,19.96,0.28,none,33.39,1.94
2026-02-14 21:00:00,S2002,2002,25.05,81.7,56.27,6.25,1663,0.0,18.46,0.24,none,24.5,0.65
2026-02-14 21:00:00,S2003,2003,22.95,95.0,51.62,6.66,0,0.0,20.65,0.31,none,32.81,1.37
2026-02-14 21:00:00,S2004,2004,24.99,90.0,55.24,7.13,0,0.0,34.49,0.35,none,30.62,0.55
2026-02-14 21:00:00,S2005,2005,24.25,90.2,43.44,6.89,0,0.0,42.8,0.42,none,24.88,2.91
2026-02-14 21:00:00,S2006,2006,22.98,84.8,64.39,6.39,0,0.0,21.22,0.28,none,31.04,2.76
2026-02-14 21:00:00,S2018,2018,23.4,91.9,54.96,6.48,307,0.0,31.91,0.31,none,32.0,1.56
2026-02-14 21:00:00,S2007,2007,23.94,86.9,52.02,6.97,0,0.0,22.71,0.24,none,26.53,0.63
2026-02-14 21:00:00,S2010,2010,23.55,89.4,72.57,6.53,0,0.0,33.91,0.42,none,38.81,3.38
2026-02-14 21:00:00,S2011,2011,24.86,88.3,59.85,6.1,1159,0.0,26.53,0.28,none,31.57,2.11
2026-02-14 21:00:00,S2012,2012,25.05,89.2,56.63,6.66,386,0.0,26.3,0.24,none,30.68,0.62
2026-02-14 21:00:00,S2013,2013,23.83,91.4,51.94,6.64,0,0.0,38.68,0.31,none,30.09,1.36
2026-02-14 21:00:00,S2014,2014,25.58,85.6,51.83,6.37,0,0.0,40.45,0.35,none,25.39,0.44
2026-02-14 21:00:00,S2015,2015,25.27,82.5,50.11,6.74,0,0.0,33.76,0.42,none,22.05,4.27
2026-02-14 21:00:00,S2016,2016,23.44,90.9,48.32,7.19,972,0.0,23.67,0.28,none,27.88,2.61
2026-02-14 21:00:00,S2008,2008,22.58,96.6,57.92,6.78,0,0.0,36.47,0.31,none,37.24,1.72
2026-02-14 21:00:00,S2019,2019,24.51,86.1,52.12,6.78,0,0.0,21.99,0.35,none,25.94,0.48
