temperature,humidity,soil_moisture,heat_index,water_stress,dryness_index,evaporation_risk
25,80.0,1,33.0,12.5,17.0,56.333333333333336
26,77.0,2,33.7,8.666666666666666,18.3,57.66666666666666
27,74.0,3,34.4,6.75,19.6,59.0
28,71.0,4,35.1,5.6,20.9,60.333333333333336
29,68.0,5,35.8,4.833333333333333,22.2,61.66666666666666
30,65.0,6,36.5,4.285714285714286,23.5,63.0
31,62.0,7,37.2,3.875,24.8,64.33333333333333
32,59.0,8,37.9,3.555555555555556,26.1,65.66666666666667
33,56.0,9,38.6,3.3,27.4,67.0
34,53.0,10,39.3,3.090909090909091,28.7,68.33333333333333
35,50.0,11,40.0,2.9166666666666665,30.0,69.66666666666667
36,47.0,12,40.7,2.769230769230769,31.3,71.0
37,44.0,13,41.4,2.642857142857143,32.6,72.33333333333333
38,41.0,14,42.1,2.533333333333333,33.9,73.66666666666667
39,38.0,15,42.8,2.4375,35.2,75.0
40,35.0,16,43.5,2.3529411764705883,36.5,76.33333333333333
41,32.0,17,44.2,2.2777777777777777,37.8,77.66666666666667
42,29.0,18,44.9,2.210526315789474,39.1,79.0
43,26.0,19,45.6,2.15,40.4,80.33333333333333
44,23.0,20,46.3,2.095238095238096,41.7,81.66666666666667
45,20.0,21,47.0,2.0454545454545454,43.0,83.0
46,17.0,22,47.7,2.0,44.3,84.33333333333333
25,80.0,23,33.0,1.0416666666666667,17.0,49.0
26,77.5,24,33.75,1.04,18.25,50.16666666666666
27,75.0,25,34.5,1.0384615384615383,19.5,51.333333333333336
28,72.5,26,35.25,1.037037037037037,20.75,52.5
29,70.0,27,36.0,1.0357142857142858,22.0,53.66666666666666
30,67.5,28,36.75,1.0344827586206895,23.25,54.833333333333336
31,65.0,29,37.5,1.0333333333333334,24.5,56.0
32,62.5,30,38.25,1.032258064516129,25.75,57.16666666666666
33,60.0,31,39.0,1.03125,27.0,58.333333333333336
34,57.5,32,39.75,1.0303030303030305,28.25,59.5
35,55.0,33,40.5,1.0294117647058822,29.5,60.66666666666666
36,52.5,34,41.25,1.0285714285714285,30.75,61.833333333333336
37,50.0,35,42.0,1.0277777777777777,32.0,63.0
38,47.5,36,42.75,1.027027027027027,33.25,64.16666666666667
39,45.0,37,43.5,1.0263157894736843,34.5,65.33333333333333
40,42.5,38,44.25,1.0256410256410255,35.75,66.5
41,40.0,39,45.0,1.025,37.0,67.66666666666667
42,37.5,40,45.75,1.024390243902439,38.25,68.83333333333333
43,35.0,41,46.5,1.0238095238095235,39.5,70.0
44,32.5,42,47.25,1.0232558139534884,40.75,71.16666666666667
45,30.0,43,48.0,1.0227272727272727,42.0,72.33333333333333
46,27.5,44,48.75,1.022222222222222,43.25,73.5
25,80.0,45,33.0,0.5434782608695652,17.0,41.66666666666666
26,77.3,46,33.730000000000004,0.5531914893617021,18.27,42.9
27,74.6,47,34.46,0.5625,19.54,44.13333333333333
28,71.9,48,35.19,0.5714285714285714,20.81,45.36666666666667
29,69.2,49,35.92,0.58,22.08,46.6
30,66.5,50,36.65,0.5882352941176471,23.35,47.833333333333336
31,63.8,51,37.38,0.5961538461538461,24.62,49.06666666666666
32,61.1,52,38.11,0.6037735849056604,25.89,50.3
33,58.4,53,38.84,0.6111111111111112,27.16,51.53333333333333
34,55.7,54,39.57,0.6181818181818182,28.43,52.76666666666667
35,53.0,55,40.3,0.625,29.7,54.0
36,50.3,56,41.03,0.631578947368421,30.97,55.23333333333333
37,47.6,57,41.76,0.6379310344827587,32.24,56.46666666666667
38,44.9,58,42.49,0.6440677966101694,33.51,57.7
39,42.2,59,43.22,0.65,34.78,58.93333333333334
40,39.5,60,43.95,0.6557377049180327,36.05,60.16666666666666
41,36.8,61,44.68,0.6612903225806451,37.32,61.4
42,34.1,62,45.41,0.6666666666666666,38.59,62.63333333333333
43,31.4,63,46.14,0.671875,39.86,63.86666666666667
44,28.7,64,46.87,0.676923076923077,41.13,65.10000000000001
45,26.0,65,47.6,0.6818181818181818,42.4,66.33333333333333
46,23.3,66,48.33,0.6865671641791045,43.67,67.56666666666666
25,80.0,67,33.0,0.3676470588235294,17.0,34.333333333333336
26,78.0,68,33.8,0.3768115942028985,18.2,35.333333333333336
27,76.0,69,34.6,0.3857142857142857,19.4,36.333333333333336
28,74.0,70,35.4,0.3943661971830985,20.6,37.333333333333336
29,72.0,71,36.2,0.4027777777777778,21.8,38.333333333333336
30,70.0,72,37.0,0.410958904109589,23.0,39.333333333333336
31,68.0,73,37.8,0.4189189189189189,24.2,40.333333333333336
32,66.0,74,38.6,0.4266666666666667,25.4,41.333333333333336
33,64.0,75,39.4,0.4342105263157895,26.6,42.333333333333336
34,62.0,76,40.2,0.4415584415584415,27.8,43.333333333333336
35,60.0,77,41.0,0.4487179487179487,29.0,44.333333333333336
36,58.0,78,41.8,0.4556962025316455,30.2,45.333333333333336
37,56.0,79,42.6,0.4625,31.4,46.333333333333336
38,54.0,80,43.4,0.4691358024691358,32.6,47.333333333333336
39,52.0,81,44.2,0.4756097560975609,33.8,48.333333333333336
40,50.0,82,45.0,0.4819277108433735,35.0,49.333333333333336
41,48.0,83,45.8,0.4880952380952381,36.2,50.333333333333336
42,46.0,84,46.6,0.4941176470588235,37.4,51.333333333333336
43,44.0,85,47.4,0.5,38.6,52.333333333333336
44,42.0,86,48.2,0.5057471264367817,39.8,53.333333333333336
45,40.0,87,49.0,0.5113636363636364,41.0,54.333333333333336
46,38.0,88,49.8,0.5168539325842697,42.2,55.333333333333336
25,80.0,89,33.0,0.2777777777777778,17.0,27.0
26,78.0,90,33.8,0.2857142857142857,18.2,28.0
27,76.0,91,34.6,0.2934782608695652,19.4,29.0
28,74.0,92,35.4,0.3010752688172043,20.6,30.0
29,72.0,93,36.2,0.3085106382978723,21.8,31.0
30,70.0,94,37.0,0.3157894736842105,23.0,32.0
31,68.0,95,37.8,0.3229166666666667,24.2,33.0
32,66.0,96,38.6,0.3298969072164948,25.4,34.0
33,64.0,97,39.4,0.336734693877551,26.6,35.0
34,62.0,98,40.2,0.3434343434343434,27.8,36.0
35,60.0,99,41.0,0.35,29.0,37.0
36,58.0,100,41.8,0.3564356435643564,30.2,38.0
37,56.0,1,42.6,18.5,31.4,72.33333333333333
38,54.0,2,43.4,12.666666666666666,32.6,73.33333333333333
39,52.0,3,44.2,9.75,33.8,74.33333333333333
40,50.0,4,45.0,8.0,35.0,75.33333333333333
41,48.0,5,45.8,6.833333333333333,36.2,76.33333333333333
42,46.0,6,46.6,6.0,37.4,77.33333333333333
43,44.0,7,47.4,5.375,38.6,78.33333333333333
44,42.0,8,48.2,4.888888888888889,39.8,79.33333333333333
45,40.0,9,49.0,4.5,41.0,80.33333333333333
46,38.0,10,49.8,4.181818181818182,42.2,81.33333333333333
25,80.0,11,33.0,2.083333333333333,17.0,53.0
26,77.0,12,33.7,2.0,18.3,54.333333333333336
27,74.0,13,34.4,1.9285714285714288,19.6,55.66666666666666
28,71.0,14,35.1,1.8666666666666667,20.9,57.0
29,68.0,15,35.8,1.8125,22.2,58.333333333333336
30,65.0,16,36.5,1.7647058823529411,23.5,59.66666666666666
31,62.0,17,37.2,1.7222222222222223,24.8,61.0
32,59.0,18,37.9,1.6842105263157894,26.1,62.333333333333336
33,56.0,19,38.6,1.65,27.4,63.66666666666666
34,53.0,20,39.3,1.619047619047619,28.7,65.0
35,50.0,21,40.0,1.5909090909090908,30.0,66.33333333333333
36,47.0,22,40.7,1.565217391304348,31.3,67.66666666666667
37,44.0,23,41.4,1.5416666666666667,32.6,69.0
38,41.0,24,42.1,1.52,33.9,70.33333333333333
39,38.0,25,42.8,1.5,35.2,71.66666666666667
40,35.0,26,43.5,1.4814814814814814,36.5,73.0
41,32.0,27,44.2,1.4642857142857142,37.8,74.33333333333333
42,29.0,28,44.9,1.4482758620689655,39.1,75.66666666666667
43,26.0,29,45.6,1.4333333333333331,40.4,77.0
44,23.0,30,46.3,1.4193548387096775,41.7,78.33333333333333
45,20.0,31,47.0,1.40625,43.0,79.66666666666667
46,17.0,32,47.7,1.393939393939394,44.3,81.0
25,80.0,33,33.0,0.7352941176470589,17.0,45.66666666666666
26,77.0,34,33.7,0.7428571428571429,18.3,47.0
27,74.0,35,34.4,0.75,19.6,48.333333333333336
28,71.0,36,35.1,0.7567567567567568,20.9,49.66666666666666
29,68.0,37,35.8,0.7631578947368421,22.2,51.0
30,65.0,38,36.5,0.7692307692307693,23.5,52.333333333333336
31,62.0,39,37.2,0.775,24.8,53.66666666666666
32,59.0,40,37.9,0.7804878048780488,26.1,55.0
33,56.0,41,38.6,0.7857142857142857,27.4,56.333333333333336
34,53.0,42,39.3,0.7906976744186046,28.7,57.66666666666666
35,50.0,43,40.0,0.7954545454545454,30.0,59.0
36,47.0,44,40.7,0.8,31.3,60.333333333333336
37,44.0,45,41.4,0.8043478260869565,32.6,61.66666666666666
38,41.0,46,42.1,0.8085106382978723,33.9,63.0
39,38.0,47,42.8,0.8125,35.2,64.33333333333333
40,35.0,48,43.5,0.8163265306122449,36.5,65.66666666666667
41,32.0,49,44.2,0.82,37.8,67.0
42,29.0,50,44.9,0.8235294117647058,39.1,68.33333333333333
43,26.0,51,45.6,0.8269230769230769,40.4,69.66666666666667
44,23.0,52,46.3,0.8301886792452831,41.7,71.0
45,20.0,53,47.0,0.8333333333333334,43.0,72.33333333333333
46,17.0,54,47.7,0.8363636363636363,44.3,73.66666666666667
25,80.0,55,33.0,0.4464285714285714,17.0,38.333333333333336
26,77.0,56,33.7,0.4561403508771929,18.3,39.66666666666666
27,74.0,57,34.4,0.4655172413793103,19.6,41.0
28,71.0,58,35.1,0.4745762711864407,20.9,42.333333333333336
29,68.0,59,35.8,0.4833333333333333,22.2,43.66666666666666
30,65.0,60,36.5,0.4918032786885246,23.5,45.0
31,62.0,61,37.2,0.5,24.8,46.333333333333336
32,59.0,62,37.9,0.5079365079365079,26.1,47.66666666666666
33,56.0,63,38.6,0.515625,27.4,49.0
34,53.0,64,39.3,0.5230769230769231,28.7,50.333333333333336
35,50.0,65,40.0,0.5303030303030303,30.0,51.66666666666666
36,47.0,66,40.7,0.5373134328358209,31.3,53.0
37,44.0,67,41.4,0.5441176470588235,32.6,54.333333333333336
38,41.0,68,42.1,0.5507246376811594,33.9,55.66666666666666
39,38.0,69,42.8,0.5571428571428572,35.2,57.0
40,35.0,70,43.5,0.5633802816901409,36.5,58.333333333333336
41,32.0,71,44.2,0.5694444444444444,37.8,59.66666666666666
42,29.0,72,44.9,0.5753424657534246,39.1,61.0
43,26.0,73,45.6,0.581081081081081,40.4,62.333333333333336
44,23.0,74,46.3,0.5866666666666667,41.7,63.66666666666666
45,20.0,75,47.0,0.5921052631578947,43.0,65.0
46,17.0,76,47.7,0.5974025974025974,44.3,66.33333333333333
25,80.0,77,33.0,0.3205128205128205,17.0,31.0
26,77.3,78,33.730000000000004,0.3291139240506329,18.27,32.233333333333334
27,74.6,79,34.46,0.3375,19.54,33.46666666666667
28,71.9,80,35.19,0.345679012345679,20.81,34.7
29,69.2,81,35.92,0.3536585365853658,22.08,35.93333333333333
30,66.5,82,36.65,0.3614457831325301,23.35,37.16666666666666
31,63.8,83,37.38,0.369047619047619,24.62,38.4
32,61.1,84,38.11,0.3764705882352941,25.89,39.63333333333333
33,58.4,85,38.84,0.3837209302325581,27.16,40.86666666666667
34,55.7,86,39.57,0.3908045977011494,28.43,42.1
35,53.0,87,40.3,0.3977272727272727,29.7,43.333333333333336
36,50.3,88,41.03,0.4044943820224719,30.97,44.56666666666666
37,47.6,89,41.76,0.4111111111111111,32.24,45.8
38,44.9,90,42.49,0.4175824175824176,33.51,47.03333333333333
39,42.2,91,43.22,0.4239130434782608,34.78,48.26666666666667
40,39.5,92,43.95,0.4301075268817204,36.05,49.5
41,36.8,93,44.68,0.4361702127659574,37.32,50.73333333333333
42,34.1,94,45.41,0.4421052631578947,38.59,51.96666666666667
43,31.4,95,46.14,0.4479166666666667,39.86,53.2
44,28.7,96,46.87,0.4536082474226804,41.13,54.43333333333334
45,26.0,97,47.6,0.4591836734693877,42.4,55.66666666666666
46,23.3,98,48.33,0.4646464646464646,43.67,56.9
25,80.0,99,33.0,0.25,17.0,23.666666666666668
26,77.0,100,33.7,0.2574257425742574,18.3,25.0
27,74.0,1,34.4,13.5,19.6,59.66666666666666
28,71.0,2,35.1,9.333333333333334,20.9,61.0
29,68.0,3,35.8,7.25,22.2,62.333333333333336
30,65.0,4,36.5,6.0,23.5,63.66666666666666
31,62.0,5,37.2,5.166666666666667,24.8,65.0
32,59.0,6,37.9,4.571428571428571,26.1,66.33333333333333
33,56.0,7,38.6,4.125,27.4,67.66666666666667
34,53.0,8,39.3,3.7777777777777777,28.7,69.0
35,50.0,9,40.0,3.5,30.0,70.33333333333333
36,47.0,10,40.7,3.272727272727273,31.3,71.66666666666667
37,44.0,11,41.4,3.083333333333333,32.6,73.0
38,41.0,12,42.1,2.923076923076923,33.9,74.33333333333333
39,38.0,13,42.8,2.7857142857142856,35.2,75.66666666666667
40,35.0,14,43.5,2.6666666666666665,36.5,77.0
41,32.0,15,44.2,2.5625,37.8,78.33333333333333
42,29.0,16,44.9,2.4705882352941178,39.1,79.66666666666667
43,26.0,17,45.6,2.388888888888889,40.4,81.0
44,23.0,18,46.3,2.3157894736842106,41.7,82.33333333333333
45,20.0,19,47.0,2.25,43.0,83.66666666666667
46,17.0,20,47.7,2.1904761904761907,44.3,85.0
25,80.0,21,33.0,1.1363636363636365,17.0,49.66666666666666
26,77.5,22,33.75,1.1304347826086956,18.25,50.833333333333336
27,75.0,23,34.5,1.125,19.5,52.0
28,72.5,24,35.25,1.12,20.75,53.16666666666666
29,70.0,25,36.0,1.1153846153846154,22.0,54.333333333333336
30,67.5,26,36.75,1.1111111111111112,23.25,55.5
31,65.0,27,37.5,1.1071428571428572,24.5,56.66666666666666
32,62.5,28,38.25,1.103448275862069,25.75,57.833333333333336
33,60.0,29,39.0,1.1,27.0,59.0
34,57.5,30,39.75,1.096774193548387,28.25,60.16666666666666
35,55.0,31,40.5,1.09375,29.5,61.333333333333336
36,52.5,32,41.25,1.0909090909090908,30.75,62.5
37,50.0,33,42.0,1.088235294117647,32.0,63.66666666666666
38,47.5,34,42.75,1.0857142857142856,33.25,64.83333333333333
39,45.0,35,43.5,1.0833333333333333,34.5,66.0
40,42.5,36,44.25,1.0810810810810811,35.75,67.16666666666667
41,40.0,37,45.0,1.0789473684210529,37.0,68.33333333333333
42,37.5,38,45.75,1.0769230769230769,38.25,69.5
43,35.0,39,46.5,1.075,39.5,70.66666666666667
44,32.5,40,47.25,1.0731707317073171,40.75,71.83333333333333
45,30.0,41,48.0,1.0714285714285714,42.0,73.0
46,27.5,42,48.75,1.069767441860465,43.25,74.16666666666667
25,80.0,43,33.0,0.5681818181818182,17.0,42.333333333333336
26,77.3,44,33.730000000000004,0.5777777777777777,18.27,43.56666666666666
27,74.6,45,34.46,0.5869565217391305,19.54,44.8
28,71.9,46,35.19,0.5957446808510638,20.81,46.03333333333333
29,69.2,47,35.92,0.6041666666666666,22.08,47.26666666666667
30,66.5,48,36.65,0.6122448979591837,23.35,48.5
31,63.8,49,37.38,0.62,24.62,49.73333333333333
32,61.1,50,38.11,0.6274509803921569,25.89,50.96666666666667
33,58.4,51,38.84,0.6346153846153846,27.16,52.2
34,55.7,52,39.57,0.6415094339622641,28.43,53.43333333333334
35,53.0,53,40.3,0.6481481481481481,29.7,54.66666666666666
36,50.3,54,41.03,0.6545454545454545,30.97,55.9
37,47.6,55,41.76,0.6607142857142857,32.24,57.13333333333333
38,44.9,56,42.49,0.6666666666666666,33.51,58.36666666666667
39,42.2,57,43.22,0.6724137931034483,34.78,59.6
40,39.5,58,43.95,0.6779661016949152,36.05,60.833333333333336
41,36.8,59,44.68,0.6833333333333333,37.32,62.06666666666666
42,34.1,60,45.41,0.6885245901639344,38.59,63.3
43,31.4,61,46.14,0.6935483870967742,39.86,64.53333333333333
44,28.7,62,46.87,0.6984126984126984,41.13,65.76666666666667
45,26.0,63,47.6,0.703125,42.4,67.0
46,23.3,64,48.33,0.7076923076923077,43.67,68.23333333333333
25,80.0,65,33.0,0.3787878787878788,17.0,35.0
26,77.0,66,33.7,0.3880597014925373,18.3,36.333333333333336
27,74.0,67,34.4,0.3970588235294117,19.6,37.66666666666666
28,71.0,68,35.1,0.4057971014492754,20.9,39.0
29,68.0,69,35.8,0.4142857142857143,22.2,40.333333333333336
30,65.0,70,36.5,0.4225352112676056,23.5,41.66666666666666
31,62.0,71,37.2,0.4305555555555556,24.8,43.0
32,59.0,72,37.9,0.4383561643835616,26.1,44.333333333333336
33,56.0,73,38.6,0.4459459459459459,27.4,45.66666666666666
34,53.0,74,39.3,0.4533333333333333,28.7,47.0
35,50.0,75,40.0,0.4605263157894737,30.0,48.333333333333336
36,47.0,76,40.7,0.4675324675324675,31.3,49.66666666666666
37,44.0,77,41.4,0.4743589743589743,32.6,51.0
38,41.0,78,42.1,0.4810126582278481,33.9,52.333333333333336
39,38.0,79,42.8,0.4875,35.2,53.66666666666666
40,35.0,80,43.5,0.4938271604938271,36.5,55.0
41,32.0,81,44.2,0.5,37.8,56.333333333333336
42,29.0,82,44.9,0.5060240963855421,39.1,57.66666666666666
43,26.0,83,45.6,0.5119047619047619,40.4,59.0
44,23.0,84,46.3,0.5176470588235295,41.7,60.333333333333336
45,20.0,85,47.0,0.5232558139534884,43.0,61.66666666666666
46,17.0,86,47.7,0.5287356321839081,44.3,63.0
25,80.0,87,33.0,0.2840909090909091,17.0,27.666666666666668
26,77.0,88,33.7,0.2921348314606741,18.3,29.0
27,74.0,89,34.4,0.3,19.6,30.33333333333333
28,71.0,90,35.1,0.3076923076923077,20.9,31.666666666666668
29,68.0,91,35.8,0.3152173913043478,22.2,33.0
30,65.0,92,36.5,0.3225806451612903,23.5,34.333333333333336
31,62.0,93,37.2,0.3297872340425531,24.8,35.666666666666664
32,59.0,94,37.9,0.3368421052631579,26.1,37.0
33,56.0,95,38.6,0.34375,27.4,38.333333333333336
34,53.0,96,39.3,0.3505154639175257,28.7,39.66666666666666
35,50.0,97,40.0,0.3571428571428571,30.0,41.0
36,47.0,98,40.7,0.3636363636363636,31.3,42.333333333333336
37,44.0,99,41.4,0.37,32.6,43.66666666666666
38,41.0,100,42.1,0.3762376237623762,33.9,45.0
39,38.0,1,42.8,19.5,35.2,79.66666666666667
40,35.0,2,43.5,13.333333333333334,36.5,81.0
41,32.0,3,44.2,10.25,37.8,82.33333333333333
42,29.0,4,44.9,8.4,39.1,83.66666666666667
43,26.0,5,45.6,7.166666666666667,40.4,85.0
44,23.0,6,46.3,6.285714285714286,41.7,86.33333333333333
45,20.0,7,47.0,5.625,43.0,87.66666666666667
46,17.0,8,47.7,5.111111111111111,44.3,89.0
25,80.0,9,33.0,2.5,17.0,53.66666666666666
26,77.0,10,33.7,2.363636363636364,18.3,55.0
27,74.0,11,34.4,2.25,19.6,56.333333333333336
28,71.0,12,35.1,2.1538461538461537,20.9,57.66666666666666
29,68.0,13,35.8,2.071428571428572,22.2,59.0
30,65.0,14,36.5,2.0,23.5,60.333333333333336
31,62.0,15,37.2,1.9375,24.8,61.66666666666666
32,59.0,16,37.9,1.8823529411764703,26.1,63.0
33,56.0,17,38.6,1.8333333333333333,27.4,64.33333333333333
34,53.0,18,39.3,1.7894736842105263,28.7,65.66666666666667
35,50.0,19,40.0,1.75,30.0,67.0
36,47.0,20,40.7,1.7142857142857142,31.3,68.33333333333333
37,44.0,21,41.4,1.681818181818182,32.6,69.66666666666667
38,41.0,22,42.1,1.6521739130434785,33.9,71.0
39,38.0,23,42.8,1.625,35.2,72.33333333333333
40,35.0,24,43.5,1.6,36.5,73.66666666666667
41,32.0,25,44.2,1.5769230769230769,37.8,75.0
42,29.0,26,44.9,1.5555555555555556,39.1,76.33333333333333
43,26.0,27,45.6,1.5357142857142858,40.4,77.66666666666667
44,23.0,28,46.3,1.5172413793103448,41.7,79.0
45,20.0,29,47.0,1.5,43.0,80.33333333333333
46,17.0,30,47.7,1.4838709677419355,44.3,81.66666666666667
25,80.0,31,33.0,0.78125,17.0,46.333333333333336
26,77.0,32,33.7,0.7878787878787878,18.3,47.66666666666666
27,74.0,33,34.4,0.7941176470588235,19.6,49.0
28,71.0,34,35.1,0.8,20.9,50.333333333333336
29,68.0,35,35.8,0.8055555555555556,22.2,51.66666666666666
30,65.0,36,36.5,0.8108108108108109,23.5,53.0
31,62.0,37,37.2,0.8157894736842105,24.8,54.333333333333336
32,59.0,38,37.9,0.8205128205128205,26.1,55.66666666666666
33,56.0,39,38.6,0.825,27.4,57.0
34,53.0,40,39.3,0.8292682926829268,28.7,58.333333333333336
35,50.0,41,40.0,0.8333333333333334,30.0,59.66666666666666
36,47.0,42,40.7,0.8372093023255814,31.3,61.0
37,44.0,43,41.4,0.8409090909090909,32.6,62.333333333333336
38,41.0,44,42.1,0.8444444444444444,33.9,63.66666666666666
39,38.0,45,42.8,0.8478260869565217,35.2,65.0
40,35.0,46,43.5,0.851063829787234,36.5,66.33333333333333
41,32.0,47,44.2,0.8541666666666666,37.8,67.66666666666667
42,29.0,48,44.9,0.8571428571428571,39.1,69.0
43,26.0,49,45.6,0.86,40.4,70.33333333333333
44,23.0,50,46.3,0.8627450980392157,41.7,71.66666666666667
45,20.0,51,47.0,0.8653846153846154,43.0,73.0
46,17.0,52,47.7,0.8679245283018868,44.3,74.33333333333333
25,80.0,53,33.0,0.4629629629629629,17.0,39.0
26,77.0,54,33.7,0.4727272727272727,18.3,40.333333333333336
27,74.0,55,34.4,0.4821428571428571,19.6,41.66666666666666
28,71.0,56,35.1,0.4912280701754385,20.9,43.0
29,68.0,57,35.8,0.5,22.2,44.333333333333336
30,65.0,58,36.5,0.5084745762711864,23.5,45.66666666666666
31,62.0,59,37.2,0.5166666666666667,24.8,47.0
32,59.0,60,37.9,0.5245901639344263,26.1,48.333333333333336
33,56.0,61,38.6,0.532258064516129,27.4,49.66666666666666
34,53.0,62,39.3,0.5396825396825397,28.7,51.0
35,50.0,63,40.0,0.546875,30.0,52.333333333333336
36,47.0,64,40.7,0.5538461538461539,31.3,53.66666666666666
37,44.0,65,41.4,0.5606060606060606,32.6,55.0
38,41.0,66,42.1,0.5671641791044776,33.9,56.333333333333336
39,38.0,67,42.8,0.5735294117647058,35.2,57.66666666666666
40,35.0,68,43.5,0.5797101449275363,36.5,59.0
41,32.0,69,44.2,0.5857142857142857,37.8,60.333333333333336
42,29.0,70,44.9,0.5915492957746479,39.1,61.66666666666666
43,26.0,71,45.6,0.5972222222222222,40.4,63.0
44,23.0,72,46.3,0.6027397260273972,41.7,64.33333333333333
45,20.0,73,47.0,0.6081081081081081,43.0,65.66666666666667
46,17.0,74,47.7,0.6133333333333333,44.3,67.0
25,80.0,75,33.0,0.3289473684210526,17.0,31.666666666666668
26,77.0,76,33.7,0.3376623376623376,18.3,33.0
27,74.0,77,34.4,0.3461538461538461,19.6,34.333333333333336
28,71.0,78,35.1,0.3544303797468354,20.9,35.666666666666664
29,68.0,79,35.8,0.3625,22.2,37.0
30,65.0,80,36.5,0.3703703703703703,23.5,38.333333333333336
31,62.0,81,37.2,0.3780487804878049,24.8,39.66666666666666
32,59.0,82,37.9,0.3855421686746988,26.1,41.0
33,56.0,83,38.6,0.3928571428571428,27.4,42.333333333333336
34,53.0,84,39.3,0.4,28.7,43.66666666666666
35,50.0,85,40.0,0.4069767441860465,30.0,45.0
36,47.0,86,40.7,0.4137931034482758,31.3,46.333333333333336
37,44.0,87,41.4,0.4204545454545454,32.6,47.66666666666666
38,41.0,88,42.1,0.4269662921348314,33.9,49.0
39,38.0,89,42.8,0.4333333333333333,35.2,50.333333333333336
40,35.0,90,43.5,0.4395604395604395,36.5,51.66666666666666
41,32.0,91,44.2,0.4456521739130434,37.8,53.0
42,29.0,92,44.9,0.4516129032258064,39.1,54.333333333333336
43,26.0,93,45.6,0.4574468085106383,40.4,55.66666666666666
44,23.0,94,46.3,0.4631578947368421,41.7,57.0
45,20.0,95,47.0,0.46875,43.0,58.333333333333336
46,17.0,96,47.7,0.4742268041237113,44.3,59.66666666666666
25,81.0,97,33.1,0.2551020408163265,16.9,24.0
26,79.0,98,33.9,0.2626262626262626,18.1,25.0
27,76.0,99,34.6,0.27,19.4,26.33333333333333
28,73.0,100,35.3,0.2772277227722772,20.7,27.666666666666668
29,70.0,1,36.0,14.5,22.0,62.333333333333336
30,67.0,2,36.7,10.0,23.3,63.66666666666666
31,64.0,3,37.4,7.75,24.6,65.0
32,61.0,4,38.1,6.4,25.9,66.33333333333333
33,58.0,5,38.8,5.5,27.2,67.66666666666667
34,55.0,6,39.5,4.857142857142857,28.5,69.0
35,52.0,7,40.2,4.375,29.8,70.33333333333333
36,49.0,8,40.9,4.0,31.1,71.66666666666667
37,46.0,9,41.6,3.7,32.4,73.0
38,43.0,10,42.3,3.4545454545454546,33.7,74.33333333333333
39,40.0,11,43.0,3.25,35.0,75.66666666666667
40,37.0,12,43.7,3.076923076923077,36.3,77.0
41,34.0,13,44.4,2.9285714285714284,37.6,78.33333333333333
42,31.0,14,45.1,2.8,38.9,79.66666666666667
43,28.0,15,45.8,2.6875,40.2,81.0
44,25.0,16,46.5,2.588235294117647,41.5,82.33333333333333
45,22.0,17,47.2,2.5,42.8,83.66666666666667
46,19.0,18,47.9,2.421052631578948,44.1,85.0
25,80.0,19,33.0,1.25,17.0,50.333333333333336
26,77.0,20,33.7,1.238095238095238,18.3,51.66666666666666
27,74.0,21,34.4,1.2272727272727273,19.6,53.0
28,71.0,22,35.1,1.2173913043478262,20.9,54.333333333333336
29,68.0,23,35.8,1.2083333333333333,22.2,55.66666666666666
30,65.0,24,36.5,1.2,23.5,57.0
31,62.0,25,37.2,1.1923076923076923,24.8,58.333333333333336
32,59.0,26,37.9,1.1851851851851851,26.1,59.66666666666666
33,56.0,27,38.6,1.1785714285714286,27.4,61.0
34,53.0,28,39.3,1.1724137931034482,28.7,62.333333333333336
35,50.0,29,40.0,1.1666666666666667,30.0,63.66666666666666
36,47.0,30,40.7,1.1612903225806452,31.3,65.0
37,44.0,31,41.4,1.15625,32.6,66.33333333333333
38,41.0,32,42.1,1.1515151515151516,33.9,67.66666666666667
39,38.0,33,42.8,1.1470588235294117,35.2,69.0
40,35.0,34,43.5,1.1428571428571428,36.5,70.33333333333333
41,32.0,35,44.2,1.1388888888888888,37.8,71.66666666666667
42,29.0,36,44.9,1.135135135135135,39.1,73.0
43,26.0,37,45.6,1.131578947368421,40.4,74.33333333333333
44,23.0,38,46.3,1.1282051282051282,41.7,75.66666666666667
45,20.0,39,47.0,1.125,43.0,77.0
46,17.0,40,47.7,1.1219512195121952,44.3,78.33333333333333
25,80.0,41,33.0,0.5952380952380952,17.0,43.0
26,77.0,42,33.7,0.6046511627906976,18.3,44.333333333333336
27,74.0,43,34.4,0.6136363636363636,19.6,45.66666666666666
28,71.0,44,35.1,0.6222222222222222,20.9,47.0
29,68.0,45,35.8,0.6304347826086957,22.2,48.333333333333336
30,65.0,46,36.5,0.6382978723404256,23.5,49.66666666666666
31,62.0,47,37.2,0.6458333333333334,24.8,51.0
32,59.0,48,37.9,0.6530612244897959,26.1,52.333333333333336
33,56.0,49,38.6,0.66,27.4,53.66666666666666
34,53.0,50,39.3,0.6666666666666666,28.7,55.0
35,50.0,51,40.0,0.6730769230769231,30.0,56.333333333333336
36,47.0,52,40.7,0.6792452830188679,31.3,57.66666666666666
37,44.0,53,41.4,0.6851851851851852,32.6,59.0
38,41.0,54,42.1,0.6909090909090909,33.9,60.333333333333336
39,38.0,55,42.8,0.6964285714285714,35.2,61.66666666666666
40,35.0,56,43.5,0.7017543859649122,36.5,63.0
41,32.0,57,44.2,0.7068965517241379,37.8,64.33333333333333
42,29.0,58,44.9,0.711864406779661,39.1,65.66666666666667
43,26.0,59,45.6,0.7166666666666667,40.4,67.0
44,23.0,60,46.3,0.7213114754098361,41.7,68.33333333333333
45,20.0,61,47.0,0.7258064516129032,43.0,69.66666666666667
46,17.0,62,47.7,0.7301587301587301,44.3,71.0
25,80.0,63,33.0,0.390625,17.0,35.666666666666664
26,77.0,64,33.7,0.4,18.3,37.0
27,74.0,65,34.4,0.4090909090909091,19.6,38.333333333333336
28,71.0,66,35.1,0.417910447761194,20.9,39.66666666666666
29,68.0,67,35.8,0.4264705882352941,22.2,41.0
30,65.0,68,36.5,0.4347826086956521,23.5,42.333333333333336
31,62.0,69,37.2,0.4428571428571428,24.8,43.66666666666666
32,59.0,70,37.9,0.4507042253521127,26.1,45.0
33,56.0,71,38.6,0.4583333333333333,27.4,46.333333333333336
34,53.0,72,39.3,0.4657534246575342,28.7,47.66666666666666
35,50.0,73,40.0,0.4729729729729729,30.0,49.0
36,47.0,74,40.7,0.48,31.3,50.333333333333336
37,44.0,75,41.4,0.4868421052631579,32.6,51.66666666666666
38,41.0,76,42.1,0.4935064935064935,33.9,53.0
39,38.0,77,42.8,0.5,35.2,54.333333333333336
40,35.0,78,43.5,0.5063291139240507,36.5,55.66666666666666
41,32.0,79,44.2,0.5125,37.8,57.0
42,29.0,80,44.9,0.5185185185185185,39.1,58.333333333333336
43,26.0,81,45.6,0.524390243902439,40.4,59.66666666666666
44,23.0,82,46.3,0.5301204819277109,41.7,61.0
45,20.0,83,47.0,0.5357142857142857,43.0,62.333333333333336
46,17.0,84,47.7,0.5411764705882353,44.3,63.66666666666666
25,80.0,85,33.0,0.2906976744186046,17.0,28.33333333333333
26,77.0,86,33.7,0.2988505747126437,18.3,29.666666666666668
27,74.0,87,34.4,0.3068181818181818,19.6,31.0
28,71.0,88,35.1,0.3146067415730337,20.9,32.333333333333336
29,68.0,89,35.8,0.3222222222222222,22.2,33.666666666666664
30,65.0,90,36.5,0.3296703296703296,23.5,35.0
31,62.0,91,37.2,0.3369565217391304,24.8,36.333333333333336
32,59.0,92,37.9,0.3440860215053763,26.1,37.66666666666666
33,56.0,93,38.6,0.351063829787234,27.4,39.0
34,53.0,94,39.3,0.3578947368421052,28.7,40.333333333333336
35,50.0,95,40.0,0.3645833333333333,30.0,41.66666666666666
36,47.0,96,40.7,0.3711340206185567,31.3,43.0
37,44.0,97,41.4,0.3775510204081632,32.6,44.333333333333336
38,41.0,98,42.1,0.3838383838383838,33.9,45.66666666666666
39,38.0,99,42.8,0.39,35.2,47.0
40,35.0,100,43.5,0.396039603960396,36.5,48.333333333333336
41,32.0,1,44.2,20.5,37.8,83.0
42,29.0,2,44.9,14.0,39.1,84.33333333333333
43,26.0,3,45.6,10.75,40.4,85.66666666666667
44,23.0,4,46.3,8.8,41.7,87.0
45,20.0,5,47.0,7.5,43.0,88.33333333333333
46,17.0,6,47.7,6.571428571428571,44.3,89.66666666666667
25,80.0,7,33.0,3.125,17.0,54.333333333333336
26,77.0,8,33.7,2.888888888888889,18.3,55.66666666666666
27,74.0,9,34.4,2.7,19.6,57.0
28,71.0,10,35.1,2.5454545454545454,20.9,58.333333333333336
29,68.0,11,35.8,2.4166666666666665,22.2,59.66666666666666
30,65.0,12,36.5,2.3076923076923075,23.5,61.0
31,62.0,13,37.2,2.2142857142857144,24.8,62.333333333333336
32,59.0,14,37.9,2.1333333333333333,26.1,63.66666666666666
33,56.0,15,38.6,2.0625,27.4,65.0
34,53.0,16,39.3,2.0,28.7,66.33333333333333
35,50.0,17,40.0,1.9444444444444444,30.0,67.66666666666667
36,47.0,18,40.7,1.894736842105263,31.3,69.0
37,44.0,19,41.4,1.85,32.6,70.33333333333333
38,41.0,20,42.1,1.809523809523809,33.9,71.66666666666667
39,38.0,21,42.8,1.7727272727272727,35.2,73.0
40,35.0,22,43.5,1.7391304347826086,36.5,74.33333333333333
41,32.0,23,44.2,1.7083333333333333,37.8,75.66666666666667
42,29.0,24,44.9,1.68,39.1,77.0
43,26.0,25,45.6,1.6538461538461535,40.4,78.33333333333333
44,23.0,26,46.3,1.6296296296296295,41.7,79.66666666666667
45,20.0,27,47.0,1.6071428571428572,43.0,81.0
46,17.0,28,47.7,1.5862068965517242,44.3,82.33333333333333
25,80.0,29,33.0,0.8333333333333334,17.0,47.0
26,77.0,30,33.7,0.8387096774193549,18.3,48.333333333333336
27,74.0,31,34.4,0.84375,19.6,49.66666666666666
28,71.0,32,35.1,0.8484848484848485,20.9,51.0
29,68.0,33,35.8,0.8529411764705882,22.2,52.333333333333336
30,65.0,34,36.5,0.8571428571428571,23.5,53.66666666666666
31,62.0,35,37.2,0.8611111111111112,24.8,55.0
32,59.0,36,37.9,0.8648648648648649,26.1,56.333333333333336
33,56.0,37,38.6,0.868421052631579,27.4,57.66666666666666
34,53.0,38,39.3,0.8717948717948718,28.7,59.0
35,50.0,39,40.0,0.875,30.0,60.333333333333336
36,47.0,40,40.7,0.8780487804878049,31.3,61.66666666666666
37,44.0,41,41.4,0.8809523809523809,32.6,63.0
38,41.0,42,42.1,0.8837209302325582,33.9,64.33333333333333
39,38.0,43,42.8,0.8863636363636364,35.2,65.66666666666667
40,35.0,44,43.5,0.8888888888888888,36.5,67.0
41,32.0,45,44.2,0.8913043478260869,37.8,68.33333333333333
42,29.0,46,44.9,0.8936170212765957,39.1,69.66666666666667
43,26.0,47,45.6,0.8958333333333334,40.4,71.0
44,23.0,48,46.3,0.8979591836734694,41.7,72.33333333333333
45,20.0,49,47.0,0.9,43.0,73.66666666666667
46,17.0,50,47.7,0.9019607843137256,44.3,75.0
25,80.0,51,33.0,0.4807692307692308,17.0,39.66666666666666
26,77.0,52,33.7,0.490566037735849,18.3,41.0
27,74.0,53,34.4,0.5,19.6,42.333333333333336
28,71.0,54,35.1,0.509090909090909,20.9,43.66666666666666
29,68.0,55,35.8,0.5178571428571429,22.2,45.0
30,65.0,56,36.5,0.5263157894736842,23.5,46.333333333333336
31,62.0,57,37.2,0.5344827586206896,24.8,47.66666666666666
32,59.0,58,37.9,0.5423728813559322,26.1,49.0
33,56.0,59,38.6,0.55,27.4,50.333333333333336
34,53.0,60,39.3,0.5573770491803278,28.7,51.66666666666666
35,50.0,61,40.0,0.5645161290322581,30.0,53.0
36,47.0,62,40.7,0.5714285714285714,31.3,54.333333333333336
37,44.0,63,41.4,0.578125,32.6,55.66666666666666
38,41.0,64,42.1,0.5846153846153846,33.9,57.0
39,38.0,65,42.8,0.5909090909090909,35.2,58.333333333333336
40,35.0,66,43.5,0.5970149253731343,36.5,59.66666666666666
41,32.0,67,44.2,0.6029411764705882,37.8,61.0
42,29.0,68,44.9,0.6086956521739131,39.1,62.333333333333336
43,26.0,69,45.6,0.6142857142857143,40.4,63.66666666666666
44,23.0,70,46.3,0.6197183098591549,41.7,65.0
45,20.0,71,47.0,0.625,43.0,66.33333333333333
46,17.0,72,47.7,0.6301369863013698,44.3,67.66666666666667
25,80.0,73,33.0,0.3378378378378378,17.0,32.333333333333336
26,77.0,74,33.7,0.3466666666666667,18.3,33.666666666666664
27,74.0,75,34.4,0.3552631578947368,19.6,35.0
28,71.0,76,35.1,0.3636363636363636,20.9,36.333333333333336
29,68.0,77,35.8,0.3717948717948718,22.2,37.66666666666666
30,65.0,78,36.5,0.379746835443038,23.5,39.0
31,62.0,79,37.2,0.3875,24.8,40.333333333333336
32,59.0,80,37.9,0.3950617283950617,26.1,41.66666666666666
33,56.0,81,38.6,0.4024390243902439,27.4,43.0
34,53.0,82,39.3,0.4096385542168674,28.7,44.333333333333336
35,50.0,83,40.0,0.4166666666666667,30.0,45.66666666666666
36,47.0,84,40.7,0.4235294117647059,31.3,47.0
37,44.0,85,41.4,0.4302325581395348,32.6,48.333333333333336
38,41.0,86,42.1,0.4367816091954023,33.9,49.66666666666666
39,38.0,87,42.8,0.4431818181818182,35.2,51.0
40,35.0,88,43.5,0.449438202247191,36.5,52.333333333333336
41,32.0,89,44.2,0.4555555555555555,37.8,53.66666666666666
42,29.0,90,44.9,0.4615384615384615,39.1,55.0
43,26.0,91,45.6,0.4673913043478261,40.4,56.333333333333336
44,23.0,92,46.3,0.4731182795698925,41.7,57.66666666666666
45,20.0,93,47.0,0.4787234042553192,43.0,59.0
46,17.0,94,47.7,0.4842105263157895,44.3,60.333333333333336
25,80.0,95,33.0,0.2604166666666667,17.0,25.0
26,77.0,96,33.7,0.268041237113402,18.3,26.33333333333333
27,74.0,97,34.4,0.2755102040816326,19.6,27.666666666666668
28,71.0,98,35.1,0.2828282828282828,20.9,29.0
29,68.0,99,35.8,0.29,22.2,30.33333333333333
30,65.0,100,36.5,0.297029702970297,23.5,31.666666666666668
31,62.0,1,37.2,15.5,24.8,66.33333333333333
32,59.0,2,37.9,10.666666666666666,26.1,67.66666666666667
33,56.0,3,38.6,8.25,27.4,69.0
34,53.0,4,39.3,6.8,28.7,70.33333333333333
35,50.0,5,40.0,5.833333333333333,30.0,71.66666666666667
36,47.0,6,40.7,5.142857142857143,31.3,73.0
37,44.0,7,41.4,4.625,32.6,74.33333333333333
38,41.0,8,42.1,4.222222222222222,33.9,75.66666666666667
39,38.0,9,42.8,3.9,35.2,77.0
40,35.0,10,43.5,3.636363636363636,36.5,78.33333333333333
41,32.0,11,44.2,3.4166666666666665,37.8,79.66666666666667
42,29.0,12,44.9,3.230769230769231,39.1,81.0
43,26.0,13,45.6,3.071428571428572,40.4,82.33333333333333
44,23.0,14,46.3,2.933333333333333,41.7,83.66666666666667
45,20.0,15,47.0,2.8125,43.0,85.0
46,17.0,16,47.7,2.7058823529411766,44.3,86.33333333333333
25,80.0,17,33.0,1.3888888888888888,17.0,51.0
26,77.0,18,33.7,1.368421052631579,18.3,52.333333333333336
27,74.0,19,34.4,1.35,19.6,53.66666666666666
28,71.0,20,35.1,1.3333333333333333,20.9,55.0
29,68.0,21,35.8,1.318181818181818,22.2,56.333333333333336
30,65.0,22,36.5,1.3043478260869563,23.5,57.66666666666666
31,62.0,23,37.2,1.2916666666666667,24.8,59.0
32,59.0,24,37.9,1.28,26.1,60.333333333333336
33,56.0,25,38.6,1.2692307692307692,27.4,61.66666666666666
34,53.0,26,39.3,1.2592592592592593,28.7,63.0
35,50.0,27,40.0,1.25,30.0,64.33333333333333
36,47.0,28,40.7,1.2413793103448276,31.3,65.66666666666667
37,44.0,29,41.4,1.2333333333333334,32.6,67.0
38,41.0,30,42.1,1.2258064516129032,33.9,68.33333333333333
39,38.0,31,42.8,1.21875,35.2,69.66666666666667
40,35.0,32,43.5,1.2121212121212122,36.5,71.0
41,32.0,33,44.2,1.2058823529411764,37.8,72.33333333333333
42,29.0,34,44.9,1.2,39.1,73.66666666666667
43,26.0,35,45.6,1.1944444444444444,40.4,75.0
44,23.0,36,46.3,1.1891891891891893,41.7,76.33333333333333
45,20.0,37,47.0,1.1842105263157894,43.0,77.66666666666667
46,17.0,38,47.7,1.1794871794871795,44.3,79.0
25,80.0,39,33.0,0.625,17.0,43.66666666666666
26,77.0,40,33.7,0.6341463414634146,18.3,45.0
27,74.0,41,34.4,0.6428571428571429,19.6,46.333333333333336
28,71.0,42,35.1,0.6511627906976745,20.9,47.66666666666666
29,68.0,43,35.8,0.6590909090909091,22.2,49.0
30,65.0,44,36.5,0.6666666666666666,23.5,50.333333333333336
31,62.0,45,37.2,0.6739130434782609,24.8,51.66666666666666
32,59.0,46,37.9,0.6808510638297872,26.1,53.0
33,56.0,47,38.6,0.6875,27.4,54.333333333333336
34,53.0,48,39.3,0.6938775510204082,28.7,55.66666666666666
35,50.0,49,40.0,0.7,30.0,57.0
36,47.0,50,40.7,0.7058823529411765,31.3,58.333333333333336
37,44.0,51,41.4,0.7115384615384616,32.6,59.66666666666666
38,41.0,52,42.1,0.7169811320754716,33.9,61.0
39,38.0,53,42.8,0.7222222222222222,35.2,62.333333333333336
40,35.0,54,43.5,0.7272727272727273,36.5,63.66666666666666
41,32.0,55,44.2,0.7321428571428571,37.8,65.0
42,29.0,56,44.9,0.7368421052631579,39.1,66.33333333333333
43,26.0,57,45.6,0.7413793103448276,40.4,67.66666666666667
44,23.0,58,46.3,0.7457627118644068,41.7,69.0
45,20.0,59,47.0,0.75,43.0,70.33333333333333
46,17.0,60,47.7,0.7540983606557377,44.3,71.66666666666667
25,80.0,61,33.0,0.4032258064516129,17.0,36.333333333333336
26,77.0,62,33.7,0.4126984126984127,18.3,37.66666666666666
27,74.0,63,34.4,0.421875,19.6,39.0
28,71.0,64,35.1,0.4307692307692308,20.9,40.333333333333336
29,68.0,65,35.8,0.4393939393939394,22.2,41.66666666666666
30,65.0,66,36.5,0.4477611940298507,23.5,43.0
31,62.0,67,37.2,0.4558823529411764,24.8,44.333333333333336
32,59.0,68,37.9,0.463768115942029,26.1,45.66666666666666
33,56.0,69,38.6,0.4714285714285714,27.4,47.0
34,53.0,70,39.3,0.4788732394366197,28.7,48.333333333333336
35,50.0,71,40.0,0.4861111111111111,30.0,49.66666666666666
36,47.0,72,40.7,0.4931506849315068,31.3,51.0
37,44.0,73,41.4,0.5,32.6,52.333333333333336
38,41.0,74,42.1,0.5066666666666667,33.9,53.66666666666666
39,38.0,75,42.8,0.5131578947368421,35.2,55.0
40,35.0,76,43.5,0.5194805194805194,36.5,56.333333333333336
41,32.0,77,44.2,0.5256410256410257,37.8,57.66666666666666
42,29.0,78,44.9,0.5316455696202531,39.1,59.0
43,26.0,79,45.6,0.5375,40.4,60.333333333333336
44,23.0,80,46.3,0.5432098765432098,41.7,61.66666666666666
45,20.0,81,47.0,0.5487804878048781,43.0,63.0
46,17.0,82,47.7,0.5542168674698795,44.3,64.33333333333333
25,80.0,83,33.0,0.2976190476190476,17.0,29.0
26,77.0,84,33.7,0.3058823529411765,18.3,30.33333333333333
27,74.0,85,34.4,0.313953488372093,19.6,31.666666666666668
28,71.0,86,35.1,0.3218390804597701,20.9,33.0
29,68.0,87,35.8,0.3295454545454545,22.2,34.333333333333336
30,65.0,88,36.5,0.3370786516853932,23.5,35.666666666666664
31,62.0,89,37.2,0.3444444444444444,24.8,37.0
32,59.0,90,37.9,0.3516483516483517,26.1,38.333333333333336
33,56.0,91,38.6,0.358695652173913,27.4,39.66666666666666
34,53.0,92,39.3,0.3655913978494624,28.7,41.0
35,50.0,93,40.0,0.3723404255319149,30.0,42.333333333333336
36,47.0,94,40.7,0.3789473684210526,31.3,43.66666666666666
37,44.0,95,41.4,0.3854166666666667,32.6,45.0
38,41.0,96,42.1,0.3917525773195876,33.9,46.333333333333336
39,38.0,97,42.8,0.3979591836734694,35.2,47.66666666666666
40,35.0,98,43.5,0.404040404040404,36.5,49.0
41,32.0,99,44.2,0.41,37.8,50.333333333333336
42,29.0,100,44.9,0.4158415841584158,39.1,51.66666666666666
43,26.0,1,45.6,21.5,40.4,86.33333333333333
44,23.0,2,46.3,14.666666666666666,41.7,87.66666666666667
45,20.0,3,47.0,11.25,43.0,89.0
46,17.0,4,47.7,9.2,44.3,90.33333333333331
25,80.0,5,33.0,4.166666666666667,17.0,55.0
26,77.0,6,33.7,3.7142857142857135,18.3,56.333333333333336
27,74.0,7,34.4,3.375,19.6,57.66666666666666
28,71.0,8,35.1,3.111111111111111,20.9,59.0
29,68.0,9,35.8,2.9,22.2,60.333333333333336
30,65.0,10,36.5,2.727272727272727,23.5,61.66666666666666
31,62.0,11,37.2,2.583333333333333,24.8,63.0
32,59.0,12,37.9,2.4615384615384617,26.1,64.33333333333333
33,56.0,13,38.6,2.357142857142857,27.4,65.66666666666667
34,53.0,14,39.3,2.2666666666666666,28.7,67.0
35,50.0,15,40.0,2.1875,30.0,68.33333333333333
36,47.0,16,40.7,2.117647058823529,31.3,69.66666666666667
37,44.0,17,41.4,2.055555555555556,32.6,71.0
38,41.0,18,42.1,2.0,33.9,72.33333333333333
39,38.0,19,42.8,1.95,35.2,73.66666666666667
40,35.0,20,43.5,1.9047619047619049,36.5,75.0
41,32.0,21,44.2,1.8636363636363635,37.8,76.33333333333333
42,29.0,22,44.9,1.826086956521739,39.1,77.66666666666667
43,26.0,23,45.6,1.7916666666666667,40.4,79.0
44,23.0,24,46.3,1.76,41.7,80.33333333333333
45,20.0,25,47.0,1.7307692307692308,43.0,81.66666666666667
46,17.0,26,47.7,1.7037037037037035,44.3,83.0
25,80.0,27,33.0,0.8928571428571429,17.0,47.66666666666666
26,77.0,28,33.7,0.896551724137931,18.3,49.0
27,74.0,29,34.4,0.9,19.6,50.333333333333336
28,71.0,30,35.1,0.9032258064516128,20.9,51.66666666666666
29,68.0,31,35.8,0.90625,22.2,53.0
30,65.0,32,36.5,0.9090909090909092,23.5,54.333333333333336
31,62.0,33,37.2,0.9117647058823528,24.8,55.66666666666666
32,59.0,34,37.9,0.9142857142857144,26.1,57.0
33,56.0,35,38.6,0.9166666666666666,27.4,58.333333333333336
34,53.0,36,39.3,0.918918918918919,28.7,59.66666666666666
35,50.0,37,40.0,0.9210526315789472,30.0,61.0
36,47.0,38,40.7,0.9230769230769232,31.3,62.333333333333336
37,44.0,39,41.4,0.925,32.6,63.66666666666666
38,41.0,40,42.1,0.926829268292683,33.9,65.0
39,38.0,41,42.8,0.9285714285714286,35.2,66.33333333333333
40,35.0,42,43.5,0.9302325581395348,36.5,67.66666666666667
41,32.0,43,44.2,0.9318181818181818,37.8,69.0
42,29.0,44,44.9,0.9333333333333332,39.1,70.33333333333333
43,26.0,45,45.6,0.9347826086956522,40.4,71.66666666666667
44,23.0,46,46.3,0.9361702127659576,41.7,73.0
45,20.0,47,47.0,0.9375,43.0,74.33333333333333
46,17.0,48,47.7,0.9387755102040816,44.3,75.66666666666667
25,80.0,49,33.0,0.5,17.0,40.333333333333336
26,77.0,50,33.7,0.5098039215686274,18.3,41.66666666666666
27,74.0,51,34.4,0.5192307692307693,19.6,43.0
28,71.0,52,35.1,0.5283018867924528,20.9,44.333333333333336
29,68.0,53,35.8,0.5370370370370371,22.2,45.66666666666666
30,65.0,54,36.5,0.5454545454545454,23.5,47.0
31,62.0,55,37.2,0.5535714285714286,24.8,48.333333333333336
32,59.0,56,37.9,0.5614035087719298,26.1,49.66666666666666
33,56.0,57,38.6,0.5689655172413793,27.4,51.0
34,53.0,58,39.3,0.576271186440678,28.7,52.333333333333336
35,50.0,59,40.0,0.5833333333333334,30.0,53.66666666666666
36,47.0,60,40.7,0.5901639344262295,31.3,55.0
37,44.0,61,41.4,0.5967741935483871,32.6,56.333333333333336
38,41.0,62,42.1,0.6031746031746031,33.9,57.66666666666666
39,38.0,63,42.8,0.609375,35.2,59.0
40,35.0,64,43.5,0.6153846153846154,36.5,60.333333333333336
41,32.0,65,44.2,0.6212121212121212,37.8,61.66666666666666
42,29.0,66,44.9,0.6268656716417911,39.1,63.0
43,26.0,67,45.6,0.6323529411764706,40.4,64.33333333333333
44,23.0,68,46.3,0.6376811594202898,41.7,65.66666666666667
45,20.0,69,47.0,0.6428571428571429,43.0,67.0
46,17.0,70,47.7,0.647887323943662,44.3,68.33333333333333
25,80.0,71,33.0,0.3472222222222222,17.0,33.0
26,77.0,72,33.7,0.3561643835616438,18.3,34.333333333333336
27,74.0,73,34.4,0.3648648648648648,19.6,35.666666666666664
28,71.0,74,35.1,0.3733333333333333,20.9,37.0
29,68.0,75,35.8,0.3815789473684211,22.2,38.333333333333336
30,65.0,76,36.5,0.3896103896103896,23.5,39.66666666666666
31,62.0,77,37.2,0.3974358974358974,24.8,41.0
32,59.0,78,37.9,0.4050632911392405,26.1,42.333333333333336
33,56.0,79,38.6,0.4125,27.4,43.66666666666666
34,53.0,80,39.3,0.419753086419753,28.7,45.0
35,50.0,81,40.0,0.4268292682926829,30.0,46.333333333333336
36,47.0,82,40.7,0.4337349397590361,31.3,47.66666666666666
37,44.0,83,41.4,0.4404761904761904,32.6,49.0
38,41.0,84,42.1,0.4470588235294118,33.9,50.333333333333336
39,38.0,85,42.8,0.4534883720930232,35.2,51.66666666666666
40,35.0,86,43.5,0.4597701149425287,36.5,53.0
41,32.0,87,44.2,0.4659090909090909,37.8,54.333333333333336
42,29.0,88,44.9,0.4719101123595505,39.1,55.66666666666666
43,26.0,89,45.6,0.4777777777777778,40.4,57.0
44,23.0,90,46.3,0.4835164835164835,41.7,58.333333333333336
45,20.0,91,47.0,0.4891304347826087,43.0,59.66666666666666
46,17.0,92,47.7,0.4946236559139785,44.3,61.0
25,80.0,93,33.0,0.2659574468085106,17.0,25.666666666666668
26,77.0,94,33.7,0.2736842105263158,18.3,27.0
27,74.0,95,34.4,0.28125,19.6,28.33333333333333
28,71.0,96,35.1,0.2886597938144329,20.9,29.666666666666668
29,68.0,97,35.8,0.2959183673469387,22.2,31.0
30,65.0,98,36.5,0.303030303030303,23.5,32.333333333333336
31,62.0,99,37.2,0.31,24.8,33.666666666666664
32,59.0,100,37.9,0.3168316831683168,26.1,35.0
33,56.0,1,38.6,16.5,27.4,69.66666666666667
34,53.0,2,39.3,11.333333333333334,28.7,71.0
35,50.0,3,40.0,8.75,30.0,72.33333333333333
36,47.0,4,40.7,7.2,31.3,73.66666666666667
37,44.0,5,41.4,6.166666666666667,32.6,75.0
38,41.0,6,42.1,5.428571428571429,33.9,76.33333333333333
39,38.0,7,42.8,4.875,35.2,77.66666666666667
40,35.0,8,43.5,4.444444444444445,36.5,79.0
41,32.0,9,44.2,4.1,37.8,80.33333333333333
42,29.0,10,44.9,3.8181818181818175,39.1,81.66666666666667
43,26.0,11,45.6,3.583333333333333,40.4,83.0
44,23.0,12,46.3,3.3846153846153846,41.7,84.33333333333333
45,20.0,13,47.0,3.2142857142857144,43.0,85.66666666666667
46,17.0,14,47.7,3.066666666666667,44.3,87.0
25,80.0,15,33.0,1.5625,17.0,51.66666666666666
26,77.0,16,33.7,1.5294117647058822,18.3,53.0
27,74.0,17,34.4,1.5,19.6,54.333333333333336
28,71.0,18,35.1,1.4736842105263157,20.9,55.66666666666666
29,68.0,19,35.8,1.45,22.2,57.0
30,65.0,20,36.5,1.4285714285714286,23.5,58.333333333333336
31,62.0,21,37.2,1.4090909090909092,24.8,59.66666666666666
32,59.0,22,37.9,1.391304347826087,26.1,61.0
33,56.0,23,38.6,1.375,27.4,62.333333333333336
34,53.0,24,39.3,1.36,28.7,63.66666666666666
35,50.0,25,40.0,1.3461538461538465,30.0,65.0
36,47.0,26,40.7,1.3333333333333333,31.3,66.33333333333333
37,44.0,27,41.4,1.3214285714285714,32.6,67.66666666666667
38,41.0,28,42.1,1.3103448275862069,33.9,69.0
39,38.0,29,42.8,1.3,35.2,70.33333333333333
40,35.0,30,43.5,1.2903225806451613,36.5,71.66666666666667
41,32.0,31,44.2,1.28125,37.8,73.0
42,29.0,32,44.9,1.2727272727272727,39.1,74.33333333333333
43,26.0,33,45.6,1.2647058823529411,40.4,75.66666666666667
44,23.0,34,46.3,1.2571428571428571,41.7,77.0
45,20.0,35,47.0,1.25,43.0,78.33333333333333
46,17.0,36,47.7,1.2432432432432432,44.3,79.66666666666667
25,80.0,37,33.0,0.6578947368421053,17.0,44.333333333333336
26,77.0,38,33.7,0.6666666666666666,18.3,45.66666666666666
27,74.0,39,34.4,0.675,19.6,47.0
28,71.0,40,35.1,0.6829268292682927,20.9,48.333333333333336
29,68.0,41,35.8,0.6904761904761905,22.2,49.66666666666666
30,65.0,42,36.5,0.6976744186046512,23.5,51.0
31,62.0,43,37.2,0.7045454545454546,24.8,52.333333333333336
32,59.0,44,37.9,0.7111111111111111,26.1,53.66666666666666
33,56.0,45,38.6,0.717391304347826,27.4,55.0
34,53.0,46,39.3,0.723404255319149,28.7,56.333333333333336
35,50.0,47,40.0,0.7291666666666666,30.0,57.66666666666666
36,47.0,48,40.7,0.7346938775510204,31.3,59.0
37,44.0,49,41.4,0.74,32.6,60.333333333333336
38,41.0,50,42.1,0.7450980392156863,33.9,61.66666666666666
39,38.0,51,42.8,0.75,35.2,63.0
40,35.0,52,43.5,0.7547169811320755,36.5,64.33333333333333
41,32.0,53,44.2,0.7592592592592593,37.8,65.66666666666667
42,29.0,54,44.9,0.7636363636363637,39.1,67.0
43,26.0,55,45.6,0.7678571428571429,40.4,68.33333333333333
44,23.0,56,46.3,0.7719298245614035,41.7,69.66666666666667
45,20.0,57,47.0,0.7758620689655172,43.0,71.0
46,17.0,58,47.7,0.7796610169491526,44.3,72.33333333333333
25,80.0,59,33.0,0.4166666666666667,17.0,37.0
26,77.0,60,33.7,0.4262295081967213,18.3,38.333333333333336
27,74.0,61,34.4,0.4354838709677419,19.6,39.66666666666666
28,71.0,62,35.1,0.4444444444444444,20.9,41.0
29,68.0,63,35.8,0.453125,22.2,42.333333333333336
30,65.0,64,36.5,0.4615384615384615,23.5,43.66666666666666
31,62.0,65,37.2,0.4696969696969697,24.8,45.0
32,59.0,66,37.9,0.4776119402985074,26.1,46.333333333333336
33,56.0,67,38.6,0.4852941176470588,27.4,47.66666666666666
34,53.0,68,39.3,0.4927536231884058,28.7,49.0
35,50.0,69,40.0,0.5,30.0,50.333333333333336
36,47.0,70,40.7,0.5070422535211268,31.3,51.66666666666666
37,44.0,71,41.4,0.5138888888888888,32.6,53.0
38,41.0,72,42.1,0.5205479452054794,33.9,54.333333333333336
39,38.0,73,42.8,0.527027027027027,35.2,55.66666666666666
40,35.0,74,43.5,0.5333333333333333,36.5,57.0
41,32.0,75,44.2,0.5394736842105263,37.8,58.333333333333336
42,29.0,76,44.9,0.5454545454545454,39.1,59.66666666666666
43,26.0,77,45.6,0.5512820512820513,40.4,61.0
44,23.0,78,46.3,0.5569620253164557,41.7,62.333333333333336
45,20.0,79,47.0,0.5625,43.0,63.66666666666666
46,17.0,80,47.7,0.5679012345679012,44.3,65.0
25,80.0,81,33.0,0.3048780487804878,17.0,29.666666666666668
26,77.0,82,33.7,0.3132530120481928,18.3,31.0
27,74.0,83,34.4,0.3214285714285714,19.6,32.333333333333336
28,71.0,84,35.1,0.3294117647058823,20.9,33.666666666666664
29,68.0,85,35.8,0.3372093023255814,22.2,35.0
30,65.0,86,36.5,0.3448275862068966,23.5,36.333333333333336
31,62.0,87,37.2,0.3522727272727273,24.8,37.66666666666666
32,59.0,88,37.9,0.3595505617977528,26.1,39.0
33,56.0,89,38.6,0.3666666666666666,27.4,40.333333333333336
34,53.0,90,39.3,0.3736263736263736,28.7,41.66666666666666
35,50.0,91,40.0,0.3804347826086957,30.0,43.0
36,47.0,92,40.7,0.3870967741935484,31.3,44.333333333333336
37,44.0,93,41.4,0.3936170212765957,32.6,45.66666666666666
38,41.0,94,42.1,0.4,33.9,47.0
39,38.0,95,42.8,0.40625,35.2,48.333333333333336
40,35.0,96,43.5,0.4123711340206185,36.5,49.66666666666666
41,32.0,97,44.2,0.4183673469387755,37.8,51.0
42,29.0,98,44.9,0.4242424242424242,39.1,52.333333333333336
43,26.0,99,45.6,0.43,40.4,53.66666666666666
44,23.0,100,46.3,0.4356435643564356,41.7,55.0
45,20.0,1,47.0,22.5,43.0,89.66666666666667
46,17.0,2,47.7,15.333333333333334,44.3,91.0
25,80.0,3,33.0,6.25,17.0,55.66666666666666
26,77.0,4,33.7,5.2,18.3,57.0
27,74.0,5,34.4,4.5,19.6,58.333333333333336
28,71.0,6,35.1,4.0,20.9,59.66666666666666
29,68.0,7,35.8,3.625,22.2,61.0
30,65.0,8,36.5,3.333333333333333,23.5,62.333333333333336
31,62.0,9,37.2,3.1,24.8,63.66666666666666
32,59.0,10,37.9,2.909090909090909,26.1,65.0
33,56.0,11,38.6,2.75,27.4,66.33333333333333
34,53.0,12,39.3,2.6153846153846154,28.7,67.66666666666667
35,50.0,13,40.0,2.5,30.0,69.0
36,47.0,14,40.7,2.4,31.3,70.33333333333333
37,44.0,15,41.4,2.3125,32.6,71.66666666666667
38,41.0,16,42.1,2.235294117647059,33.9,73.0
39,38.0,17,42.8,2.1666666666666665,35.2,74.33333333333333
40,35.0,18,43.5,2.1052631578947367,36.5,75.66666666666667
41,32.0,19,44.2,2.05,37.8,77.0
42,29.0,20,44.9,2.0,39.1,78.33333333333333
43,26.0,21,45.6,1.9545454545454544,40.4,79.66666666666667
44,23.0,22,46.3,1.9130434782608696,41.7,81.0
45,20.0,23,47.0,1.875,43.0,82.33333333333333
46,17.0,24,47.7,1.84,44.3,83.66666666666667
25,80.0,25,33.0,0.9615384615384616,17.0,48.333333333333336
26,77.0,26,33.7,0.9629629629629628,18.3,49.66666666666666
27,74.0,27,34.4,0.9642857142857144,19.6,51.0
28,71.0,28,35.1,0.9655172413793104,20.9,52.333333333333336
29,68.0,29,35.8,0.9666666666666668,22.2,53.66666666666666
30,65.0,30,36.5,0.967741935483871,23.5,55.0
31,62.0,31,37.2,0.96875,24.8,56.333333333333336
32,59.0,32,37.9,0.9696969696969696,26.1,57.66666666666666
33,56.0,33,38.6,0.9705882352941176,27.4,59.0
34,53.0,34,39.3,0.9714285714285714,28.7,60.333333333333336
35,50.0,35,40.0,0.9722222222222222,30.0,61.66666666666666
36,47.0,36,40.7,0.972972972972973,31.3,63.0
37,44.0,37,41.4,0.9736842105263158,32.6,64.33333333333333
38,41.0,38,42.1,0.9743589743589745,33.9,65.66666666666667
39,38.0,39,42.8,0.975,35.2,67.0
40,35.0,40,43.5,0.975609756097561,36.5,68.33333333333333
41,32.0,41,44.2,0.9761904761904762,37.8,69.66666666666667
42,29.0,42,44.9,0.9767441860465116,39.1,71.0
43,26.0,43,45.6,0.9772727272727272,40.4,72.33333333333333
44,23.0,44,46.3,0.9777777777777776,41.7,73.66666666666667
45,20.0,45,47.0,0.9782608695652174,43.0,75.0
46,17.0,46,47.7,0.9787234042553192,44.3,76.33333333333333
25,80.0,47,33.0,0.5208333333333334,17.0,41.0
26,77.0,48,33.7,0.5306122448979592,18.3,42.333333333333336
27,74.0,49,34.4,0.54,19.6,43.66666666666666
28,71.0,50,35.1,0.5490196078431373,20.9,45.0
29,68.0,51,35.8,0.5576923076923077,22.2,46.333333333333336
30,65.0,52,36.5,0.5660377358490566,23.5,47.66666666666666
31,62.0,53,37.2,0.5740740740740741,24.8,49.0
32,59.0,54,37.9,0.5818181818181818,26.1,50.333333333333336
33,56.0,55,38.6,0.5892857142857143,27.4,51.66666666666666
34,53.0,56,39.3,0.5964912280701754,28.7,53.0
35,50.0,57,40.0,0.603448275862069,30.0,54.333333333333336
36,47.0,58,40.7,0.6101694915254238,31.3,55.66666666666666
37,44.0,59,41.4,0.6166666666666667,32.6,57.0
38,41.0,60,42.1,0.6229508196721312,33.9,58.333333333333336
39,38.0,61,42.8,0.6290322580645161,35.2,59.66666666666666
40,35.0,62,43.5,0.6349206349206349,36.5,61.0
41,32.0,63,44.2,0.640625,37.8,62.333333333333336
42,29.0,64,44.9,0.6461538461538462,39.1,63.66666666666666
43,26.0,65,45.6,0.6515151515151515,40.4,65.0
44,23.0,66,46.3,0.6567164179104478,41.7,66.33333333333333
45,20.0,67,47.0,0.6617647058823529,43.0,67.66666666666667
46,17.0,68,47.7,0.6666666666666666,44.3,69.0
25,80.0,69,33.0,0.3571428571428571,17.0,33.666666666666664
26,77.0,70,33.7,0.3661971830985915,18.3,35.0
27,74.0,71,34.4,0.375,19.6,36.333333333333336
28,71.0,72,35.1,0.3835616438356164,20.9,37.66666666666666
29,68.0,73,35.8,0.3918918918918919,22.2,39.0
30,65.0,74,36.5,0.4,23.5,40.333333333333336
31,62.0,75,37.2,0.4078947368421052,24.8,41.66666666666666
32,59.0,76,37.9,0.4155844155844156,26.1,43.0
33,56.0,77,38.6,0.4230769230769231,27.4,44.333333333333336
34,53.0,78,39.3,0.430379746835443,28.7,45.66666666666666
35,50.0,79,40.0,0.4375,30.0,47.0
36,47.0,80,40.7,0.4444444444444444,31.3,48.333333333333336
37,44.0,81,41.4,0.4512195121951219,32.6,49.66666666666666
38,41.0,82,42.1,0.4578313253012048,33.9,51.0
39,38.0,83,42.8,0.4642857142857143,35.2,52.333333333333336
40,35.0,84,43.5,0.4705882352941176,36.5,53.66666666666666
41,32.0,85,44.2,0.4767441860465116,37.8,55.0
42,29.0,86,44.9,0.4827586206896552,39.1,56.333333333333336
43,26.0,87,45.6,0.4886363636363636,40.4,57.66666666666666
44,23.0,88,46.3,0.4943820224719101,41.7,59.0
45,20.0,89,47.0,0.5,43.0,60.333333333333336
46,17.0,90,47.7,0.5054945054945055,44.3,61.66666666666666
25,80.0,91,33.0,0.2717391304347826,17.0,26.33333333333333
26,77.0,92,33.7,0.2795698924731182,18.3,27.666666666666668
27,74.0,93,34.4,0.2872340425531915,19.6,29.0
28,71.0,94,35.1,0.2947368421052631,20.9,30.33333333333333
29,68.0,95,35.8,0.3020833333333333,22.2,31.666666666666668
30,65.0,96,36.5,0.3092783505154639,23.5,33.0
31,62.0,97,37.2,0.3163265306122449,24.8,34.333333333333336
32,59.0,98,37.9,0.3232323232323232,26.1,35.666666666666664
33,56.0,99,38.6,0.33,27.4,37.0
34,53.0,100,39.3,0.3366336633663366,28.7,38.333333333333336
35,50.0,1,40.0,17.5,30.0,73.0
36,47.0,2,40.7,12.0,31.3,74.33333333333333
37,44.0,3,41.4,9.25,32.6,75.66666666666667
38,41.0,4,42.1,7.6,33.9,77.0
39,38.0,5,42.8,6.5,35.2,78.33333333333333
40,35.0,6,43.5,5.714285714285714,36.5,79.66666666666667
41,32.0,7,44.2,5.125,37.8,81.0
42,29.0,8,44.9,4.666666666666667,39.1,82.33333333333333
43,26.0,9,45.6,4.3,40.4,83.66666666666667
44,23.0,10,46.3,4.0,41.7,85.0
45,20.0,11,47.0,3.75,43.0,86.33333333333333
46,17.0,12,47.7,3.5384615384615383,44.3,87.66666666666667
25,80.0,13,33.0,1.7857142857142858,17.0,52.333333333333336
26,77.0,14,33.7,1.7333333333333334,18.3,53.66666666666666
27,74.0,15,34.4,1.6875,19.6,55.0
28,71.0,16,35.1,1.6470588235294117,20.9,56.333333333333336
29,68.0,17,35.8,1.6111111111111112,22.2,57.66666666666666
30,65.0,18,36.5,1.5789473684210529,23.5,59.0
31,62.0,19,37.2,1.55,24.8,60.333333333333336
32,59.0,20,37.9,1.5238095238095235,26.1,61.66666666666666
33,56.0,21,38.6,1.5,27.4,63.0
34,53.0,22,39.3,1.4782608695652173,28.7,64.33333333333333
35,50.0,23,40.0,1.4583333333333333,30.0,65.66666666666667
36,47.0,24,40.7,1.44,31.3,67.0
37,44.0,25,41.4,1.4230769230769231,32.6,68.33333333333333
38,41.0,26,42.1,1.4074074074074074,33.9,69.66666666666667
39,38.0,27,42.8,1.3928571428571428,35.2,71.0
40,35.0,28,43.5,1.3793103448275863,36.5,72.33333333333333
41,32.0,29,44.2,1.3666666666666667,37.8,73.66666666666667
42,29.0,30,44.9,1.3548387096774193,39.1,75.0
43,26.0,31,45.6,1.34375,40.4,76.33333333333333
44,23.0,32,46.3,1.3333333333333333,41.7,77.66666666666667
45,20.0,33,47.0,1.3235294117647058,43.0,79.0
46,17.0,34,47.7,1.3142857142857145,44.3,80.33333333333333
25,80.0,35,33.0,0.6944444444444444,17.0,45.0
26,77.0,36,33.7,0.7027027027027027,18.3,46.333333333333336
27,74.0,37,34.4,0.7105263157894737,19.6,47.66666666666666
28,71.0,38,35.1,0.717948717948718,20.9,49.0
29,68.0,39,35.8,0.725,22.2,50.333333333333336
30,65.0,40,36.5,0.7317073170731707,23.5,51.66666666666666
31,62.0,41,37.2,0.7380952380952381,24.8,53.0
32,59.0,42,37.9,0.7441860465116279,26.1,54.333333333333336
33,56.0,43,38.6,0.75,27.4,55.66666666666666
34,53.0,44,39.3,0.7555555555555555,28.7,57.0
35,50.0,45,40.0,0.7608695652173914,30.0,58.333333333333336
36,47.0,46,40.7,0.7659574468085106,31.3,59.66666666666666
37,44.0,47,41.4,0.7708333333333334,32.6,61.0
38,41.0,48,42.1,0.7755102040816326,33.9,62.333333333333336
39,38.0,49,42.8,0.78,35.2,63.66666666666666
40,35.0,50,43.5,0.7843137254901961,36.5,65.0
41,32.0,51,44.2,0.7884615384615384,37.8,66.33333333333333
42,29.0,52,44.9,0.7924528301886793,39.1,67.66666666666667
43,26.0,53,45.6,0.7962962962962963,40.4,69.0
44,23.0,54,46.3,0.8,41.7,70.33333333333333
45,20.0,55,47.0,0.8035714285714286,43.0,71.66666666666667
46,17.0,56,47.7,0.8070175438596491,44.3,73.0
25,80.0,57,33.0,0.4310344827586206,17.0,37.66666666666666
26,77.0,58,33.7,0.4406779661016949,18.3,39.0
27,74.0,59,34.4,0.45,19.6,40.333333333333336
28,71.0,60,35.1,0.4590163934426229,20.9,41.66666666666666
29,68.0,61,35.8,0.4677419354838709,22.2,43.0
30,65.0,62,36.5,0.4761904761904761,23.5,44.333333333333336
31,62.0,63,37.2,0.484375,24.8,45.66666666666666
32,59.0,64,37.9,0.4923076923076923,26.1,47.0
33,56.0,65,38.6,0.5,27.4,48.333333333333336
34,53.0,66,39.3,0.5074626865671642,28.7,49.66666666666666
35,50.0,67,40.0,0.5147058823529411,30.0,51.0
36,47.0,68,40.7,0.5217391304347826,31.3,52.333333333333336
37,44.0,69,41.4,0.5285714285714286,32.6,53.66666666666666
38,41.0,70,42.1,0.5352112676056338,33.9,55.0
39,38.0,71,42.8,0.5416666666666666,35.2,56.333333333333336
40,35.0,72,43.5,0.547945205479452,36.5,57.66666666666666
41,32.0,73,44.2,0.5540540540540541,37.8,59.0
42,29.0,74,44.9,0.56,39.1,60.333333333333336
43,26.0,75,45.6,0.5657894736842105,40.4,61.66666666666666
44,23.0,76,46.3,0.5714285714285714,41.7,63.0
45,20.0,77,47.0,0.5769230769230769,43.0,64.33333333333333
46,17.0,78,47.7,0.5822784810126582,44.3,65.66666666666667
25,80.0,79,33.0,0.3125,17.0,30.33333333333333
26,77.0,80,33.7,0.3209876543209876,18.3,31.666666666666668
27,74.0,81,34.4,0.3292682926829268,19.6,33.0
28,71.0,82,35.1,0.3373493975903614,20.9,34.333333333333336
29,68.0,83,35.8,0.3452380952380952,22.2,35.666666666666664
30,65.0,84,36.5,0.3529411764705882,23.5,37.0
31,62.0,85,37.2,0.3604651162790697,24.8,38.333333333333336
32,59.0,86,37.9,0.367816091954023,26.1,39.66666666666666
33,56.0,87,38.6,0.375,27.4,41.0
34,53.0,88,39.3,0.3820224719101123,28.7,42.333333333333336
35,50.0,89,40.0,0.3888888888888889,30.0,43.66666666666666
36,47.0,90,40.7,0.3956043956043956,31.3,45.0
37,44.0,91,41.4,0.4021739130434782,32.6,46.333333333333336
38,41.0,92,42.1,0.4086021505376344,33.9,47.66666666666666
39,38.0,93,42.8,0.4148936170212766,35.2,49.0
40,35.0,94,43.5,0.4210526315789473,36.5,50.333333333333336
41,32.0,95,44.2,0.4270833333333333,37.8,51.66666666666666
42,29.0,96,44.9,0.4329896907216495,39.1,53.0
43,26.0,97,45.6,0.4387755102040816,40.4,54.333333333333336
44,23.0,98,46.3,0.4444444444444444,41.7,55.66666666666666
45,20.0,99,47.0,0.45,43.0,57.0
46,17.0,100,47.7,0.4554455445544554,44.3,58.333333333333336
25,80.0,1,33.0,12.5,17.0,56.333333333333336
26,77.0,2,33.7,8.666666666666666,18.3,57.66666666666666
27,74.0,3,34.4,6.75,19.6,59.0
28,71.0,4,35.1,5.6,20.9,60.333333333333336
29,68.0,5,35.8,4.833333333333333,22.2,61.66666666666666
30,65.0,6,36.5,4.285714285714286,23.5,63.0
31,62.0,7,37.2,3.875,24.8,64.33333333333333
32,59.0,8,37.9,3.555555555555556,26.1,65.66666666666667
33,56.0,9,38.6,3.3,27.4,67.0
34,53.0,10,39.3,3.090909090909091,28.7,68.33333333333333
35,50.0,11,40.0,2.9166666666666665,30.0,69.66666666666667
36,47.0,12,40.7,2.769230769230769,31.3,71.0
37,44.0,13,41.4,2.642857142857143,32.6,72.33333333333333
38,41.0,14,42.1,2.533333333333333,33.9,73.66666666666667
39,38.0,15,42.8,2.4375,35.2,75.0
40,35.0,16,43.5,2.3529411764705883,36.5,76.33333333333333
41,32.0,17,44.2,2.2777777777777777,37.8,77.66666666666667
42,29.0,18,44.9,2.210526315789474,39.1,79.0
43,26.0,19,45.6,2.15,40.4,80.33333333333333
44,23.0,20,46.3,2.095238095238096,41.7,81.66666666666667
45,20.0,21,47.0,2.0454545454545454,43.0,83.0
46,17.0,22,47.7,2.0,44.3,84.33333333333333
25,80.0,23,33.0,1.0416666666666667,17.0,49.0
26,77.0,24,33.7,1.04,18.3,50.333333333333336
27,74.0,25,34.4,1.0384615384615383,19.6,51.66666666666666
28,71.0,26,35.1,1.037037037037037,20.9,53.0
29,68.0,27,35.8,1.0357142857142858,22.2,54.333333333333336
30,65.0,28,36.5,1.0344827586206895,23.5,55.66666666666666
31,62.0,29,37.2,1.0333333333333334,24.8,57.0
32,59.0,30,37.9,1.032258064516129,26.1,58.333333333333336
33,56.0,31,38.6,1.03125,27.4,59.66666666666666
34,53.0,32,39.3,1.0303030303030305,28.7,61.0
35,50.0,33,40.0,1.0294117647058822,30.0,62.333333333333336
36,47.0,34,40.7,1.0285714285714285,31.3,63.66666666666666
37,44.0,35,41.4,1.0277777777777777,32.6,65.0
38,41.0,36,42.1,1.027027027027027,33.9,66.33333333333333
39,38.0,37,42.8,1.0263157894736843,35.2,67.66666666666667
40,35.0,38,43.5,1.0256410256410255,36.5,69.0
41,32.0,39,44.2,1.025,37.8,70.33333333333333
42,29.0,40,44.9,1.024390243902439,39.1,71.66666666666667
43,26.0,41,45.6,1.0238095238095235,40.4,73.0
44,23.0,42,46.3,1.0232558139534884,41.7,74.33333333333333
45,20.0,43,47.0,1.0227272727272727,43.0,75.66666666666667
46,17.0,44,47.7,1.022222222222222,44.3,77.0
25,80.0,45,33.0,0.5434782608695652,17.0,41.66666666666666
26,77.0,46,33.7,0.5531914893617021,18.3,43.0
27,74.0,47,34.4,0.5625,19.6,44.333333333333336
28,71.0,48,35.1,0.5714285714285714,20.9,45.66666666666666
29,68.0,49,35.8,0.58,22.2,47.0
30,65.0,50,36.5,0.5882352941176471,23.5,48.333333333333336
31,62.0,51,37.2,0.5961538461538461,24.8,49.66666666666666
32,59.0,52,37.9,0.6037735849056604,26.1,51.0
33,56.0,53,38.6,0.6111111111111112,27.4,52.333333333333336
34,53.0,54,39.3,0.6181818181818182,28.7,53.66666666666666
35,50.0,55,40.0,0.625,30.0,55.0
36,47.0,56,40.7,0.631578947368421,31.3,56.333333333333336
37,44.0,57,41.4,0.6379310344827587,32.6,57.66666666666666
38,41.0,58,42.1,0.6440677966101694,33.9,59.0
39,38.0,59,42.8,0.65,35.2,60.333333333333336
40,35.0,60,43.5,0.6557377049180327,36.5,61.66666666666666
41,32.0,61,44.2,0.6612903225806451,37.8,63.0
42,29.0,62,44.9,0.6666666666666666,39.1,64.33333333333333
43,26.0,63,45.6,0.671875,40.4,65.66666666666667
44,23.0,64,46.3,0.676923076923077,41.7,67.0
45,20.0,65,47.0,0.6818181818181818,43.0,68.33333333333333
46,17.0,66,47.7,0.6865671641791045,44.3,69.66666666666667
25,80.0,67,33.0,0.3676470588235294,17.0,34.333333333333336
26,77.0,68,33.7,0.3768115942028985,18.3,35.666666666666664
27,74.0,69,34.4,0.3857142857142857,19.6,37.0
28,71.0,70,35.1,0.3943661971830985,20.9,38.333333333333336
29,68.0,71,35.8,0.4027777777777778,22.2,39.66666666666666
30,65.0,72,36.5,0.410958904109589,23.5,41.0
31,62.0,73,37.2,0.4189189189189189,24.8,42.333333333333336
32,59.0,74,37.9,0.4266666666666667,26.1,43.66666666666666
33,56.0,75,38.6,0.4342105263157895,27.4,45.0
34,53.0,76,39.3,0.4415584415584415,28.7,46.333333333333336
35,50.0,77,40.0,0.4487179487179487,30.0,47.66666666666666
36,47.0,78,40.7,0.4556962025316455,31.3,49.0
37,44.0,79,41.4,0.4625,32.6,50.333333333333336
38,41.0,80,42.1,0.4691358024691358,33.9,51.66666666666666
39,38.0,81,42.8,0.4756097560975609,35.2,53.0
40,35.0,82,43.5,0.4819277108433735,36.5,54.333333333333336
41,32.0,83,44.2,0.4880952380952381,37.8,55.66666666666666
42,29.0,84,44.9,0.4941176470588235,39.1,57.0
43,26.0,85,45.6,0.5,40.4,58.333333333333336
44,23.0,86,46.3,0.5057471264367817,41.7,59.66666666666666
45,20.0,87,47.0,0.5113636363636364,43.0,61.0
46,17.0,88,47.7,0.5168539325842697,44.3,62.333333333333336
25,80.0,89,33.0,0.2777777777777778,17.0,27.0
26,77.0,90,33.7,0.2857142857142857,18.3,28.33333333333333
27,74.0,91,34.4,0.2934782608695652,19.6,29.666666666666668
28,71.0,92,35.1,0.3010752688172043,20.9,31.0
29,68.0,93,35.8,0.3085106382978723,22.2,32.333333333333336
30,65.0,94,36.5,0.3157894736842105,23.5,33.666666666666664
31,62.0,95,37.2,0.3229166666666667,24.8,35.0
32,59.0,96,37.9,0.3298969072164948,26.1,36.333333333333336
33,56.0,97,38.6,0.336734693877551,27.4,37.66666666666666
34,53.0,98,39.3,0.3434343434343434,28.7,39.0
35,50.0,99,40.0,0.35,30.0,40.333333333333336
36,47.0,100,40.7,0.3564356435643564,31.3,41.66666666666666
37,44.0,1,41.4,18.5,32.6,76.33333333333333
38,41.0,2,42.1,12.666666666666666,33.9,77.66666666666667
39,38.0,3,42.8,9.75,35.2,79.0
40,35.0,4,43.5,8.0,36.5,80.33333333333333
41,32.0,5,44.2,6.833333333333333,37.8,81.66666666666667
42,29.0,6,44.9,6.0,39.1,83.0
43,26.0,7,45.6,5.375,40.4,84.33333333333333
44,23.0,8,46.3,4.888888888888889,41.7,85.66666666666667
45,20.0,9,47.0,4.5,43.0,87.0
46,17.0,10,47.7,4.181818181818182,44.3,88.33333333333333
25,80.0,11,33.0,2.083333333333333,17.0,53.0
26,77.0,12,33.7,2.0,18.3,54.333333333333336
27,74.0,13,34.4,1.9285714285714288,19.6,55.66666666666666
28,71.0,14,35.1,1.8666666666666667,20.9,57.0
29,68.0,15,35.8,1.8125,22.2,58.333333333333336
30,65.0,16,36.5,1.7647058823529411,23.5,59.66666666666666
31,62.0,17,37.2,1.7222222222222223,24.8,61.0
32,59.0,18,37.9,1.6842105263157894,26.1,62.333333333333336
33,56.0,19,38.6,1.65,27.4,63.66666666666666
34,53.0,20,39.3,1.619047619047619,28.7,65.0
35,50.0,21,40.0,1.5909090909090908,30.0,66.33333333333333
36,47.0,22,40.7,1.565217391304348,31.3,67.66666666666667
37,44.0,23,41.4,1.5416666666666667,32.6,69.0
38,41.0,24,42.1,1.52,33.9,70.33333333333333
39,38.0,25,42.8,1.5,35.2,71.66666666666667
40,35.0,26,43.5,1.4814814814814814,36.5,73.0
41,32.0,27,44.2,1.4642857142857142,37.8,74.33333333333333
42,29.0,28,44.9,1.4482758620689655,39.1,75.66666666666667
43,26.0,29,45.6,1.4333333333333331,40.4,77.0
44,23.0,30,46.3,1.4193548387096775,41.7,78.33333333333333
45,20.0,31,47.0,1.40625,43.0,79.66666666666667
46,17.0,32,47.7,1.393939393939394,44.3,81.0
25,80.0,33,33.0,0.7352941176470589,17.0,45.66666666666666
26,77.0,34,33.7,0.7428571428571429,18.3,47.0
27,74.0,35,34.4,0.75,19.6,48.333333333333336
28,71.0,36,35.1,0.7567567567567568,20.9,49.66666666666666
29,68.0,37,35.8,0.7631578947368421,22.2,51.0
30,65.0,38,36.5,0.7692307692307693,23.5,52.333333333333336
31,62.0,39,37.2,0.775,24.8,53.66666666666666
32,59.0,40,37.9,0.7804878048780488,26.1,55.0
33,56.0,41,38.6,0.7857142857142857,27.4,56.333333333333336
34,53.0,42,39.3,0.7906976744186046,28.7,57.66666666666666
35,50.0,43,40.0,0.7954545454545454,30.0,59.0
36,47.0,44,40.7,0.8,31.3,60.333333333333336
37,44.0,45,41.4,0.8043478260869565,32.6,61.66666666666666
38,41.0,46,42.1,0.8085106382978723,33.9,63.0
39,38.0,47,42.8,0.8125,35.2,64.33333333333333
40,35.0,48,43.5,0.8163265306122449,36.5,65.66666666666667
41,32.0,49,44.2,0.82,37.8,67.0
42,29.0,50,44.9,0.8235294117647058,39.1,68.33333333333333
43,26.0,51,45.6,0.8269230769230769,40.4,69.66666666666667
44,23.0,52,46.3,0.8301886792452831,41.7,71.0
45,20.0,53,47.0,0.8333333333333334,43.0,72.33333333333333
46,17.0,54,47.7,0.8363636363636363,44.3,73.66666666666667
25,80.0,55,33.0,0.4464285714285714,17.0,38.333333333333336
26,77.0,56,33.7,0.4561403508771929,18.3,39.66666666666666
27,74.0,57,34.4,0.4655172413793103,19.6,41.0
28,71.0,58,35.1,0.4745762711864407,20.9,42.333333333333336
29,68.0,59,35.8,0.4833333333333333,22.2,43.66666666666666
30,65.0,60,36.5,0.4918032786885246,23.5,45.0
31,62.0,61,37.2,0.5,24.8,46.333333333333336
32,59.0,62,37.9,0.5079365079365079,26.1,47.66666666666666
33,56.0,63,38.6,0.515625,27.4,49.0
34,53.0,64,39.3,0.5230769230769231,28.7,50.333333333333336
35,50.0,65,40.0,0.5303030303030303,30.0,51.66666666666666
36,47.0,66,40.7,0.5373134328358209,31.3,53.0
37,44.0,67,41.4,0.5441176470588235,32.6,54.333333333333336
38,41.0,68,42.1,0.5507246376811594,33.9,55.66666666666666
39,38.0,69,42.8,0.5571428571428572,35.2,57.0
40,35.0,70,43.5,0.5633802816901409,36.5,58.333333333333336
41,32.0,71,44.2,0.5694444444444444,37.8,59.66666666666666
42,29.0,72,44.9,0.5753424657534246,39.1,61.0
43,26.0,73,45.6,0.581081081081081,40.4,62.333333333333336
44,23.0,74,46.3,0.5866666666666667,41.7,63.66666666666666
45,20.0,75,47.0,0.5921052631578947,43.0,65.0
46,17.0,76,47.7,0.5974025974025974,44.3,66.33333333333333
25,80.0,77,33.0,0.3205128205128205,17.0,31.0
26,77.0,78,33.7,0.3291139240506329,18.3,32.333333333333336
27,74.0,79,34.4,0.3375,19.6,33.666666666666664
28,71.0,80,35.1,0.345679012345679,20.9,35.0
29,68.0,81,35.8,0.3536585365853658,22.2,36.333333333333336
30,65.0,82,36.5,0.3614457831325301,23.5,37.66666666666666
31,62.0,83,37.2,0.369047619047619,24.8,39.0
32,59.0,84,37.9,0.3764705882352941,26.1,40.333333333333336
33,56.0,85,38.6,0.3837209302325581,27.4,41.66666666666666
34,53.0,86,39.3,0.3908045977011494,28.7,43.0
35,50.0,87,40.0,0.3977272727272727,30.0,44.333333333333336
36,47.0,88,40.7,0.4044943820224719,31.3,45.66666666666666
37,44.0,89,41.4,0.4111111111111111,32.6,47.0
38,41.0,90,42.1,0.4175824175824176,33.9,48.333333333333336
39,38.0,91,42.8,0.4239130434782608,35.2,49.66666666666666
40,35.0,92,43.5,0.4301075268817204,36.5,51.0
41,32.0,93,44.2,0.4361702127659574,37.8,52.333333333333336
42,29.0,94,44.9,0.4421052631578947,39.1,53.66666666666666
43,26.0,95,45.6,0.4479166666666667,40.4,55.0
44,23.0,96,46.3,0.4536082474226804,41.7,56.333333333333336
45,20.0,97,47.0,0.4591836734693877,43.0,57.66666666666666
46,17.0,98,47.7,0.4646464646464646,44.3,59.0
25,80.0,99,33.0,0.25,17.0,23.666666666666668
26,77.0,100,33.7,0.2574257425742574,18.3,25.0
27,74.0,1,34.4,13.5,19.6,59.66666666666666
28,71.0,2,35.1,9.333333333333334,20.9,61.0
29,68.0,3,35.8,7.25,22.2,62.333333333333336
30,65.0,4,36.5,6.0,23.5,63.66666666666666
31,62.0,5,37.2,5.166666666666667,24.8,65.0
32,59.0,6,37.9,4.571428571428571,26.1,66.33333333333333
33,56.0,7,38.6,4.125,27.4,67.66666666666667
34,53.0,8,39.3,3.7777777777777777,28.7,69.0
35,50.0,9,40.0,3.5,30.0,70.33333333333333
36,47.0,10,40.7,3.272727272727273,31.3,71.66666666666667
37,44.0,11,41.4,3.083333333333333,32.6,73.0
38,41.0,12,42.1,2.923076923076923,33.9,74.33333333333333
39,38.0,13,42.8,2.7857142857142856,35.2,75.66666666666667
40,35.0,14,43.5,2.6666666666666665,36.5,77.0
41,32.0,15,44.2,2.5625,37.8,78.33333333333333
42,29.0,16,44.9,2.4705882352941178,39.1,79.66666666666667
43,26.0,17,45.6,2.388888888888889,40.4,81.0
44,23.0,18,46.3,2.3157894736842106,41.7,82.33333333333333
45,20.0,19,47.0,2.25,43.0,83.66666666666667
46,17.0,20,47.7,2.1904761904761907,44.3,85.0
25,80.0,21,33.0,1.1363636363636365,17.0,49.66666666666666
26,77.0,22,33.7,1.1304347826086956,18.3,51.0
27,74.0,23,34.4,1.125,19.6,52.333333333333336
28,71.0,24,35.1,1.12,20.9,53.66666666666666
29,68.0,25,35.8,1.1153846153846154,22.2,55.0
30,65.0,26,36.5,1.1111111111111112,23.5,56.333333333333336
31,62.0,27,37.2,1.1071428571428572,24.8,57.66666666666666
32,59.0,28,37.9,1.103448275862069,26.1,59.0
33,56.0,29,38.6,1.1,27.4,60.333333333333336
34,53.0,30,39.3,1.096774193548387,28.7,61.66666666666666
35,50.0,31,40.0,1.09375,30.0,63.0
36,47.0,32,40.7,1.0909090909090908,31.3,64.33333333333333
37,44.0,33,41.4,1.088235294117647,32.6,65.66666666666667
38,41.0,34,42.1,1.0857142857142856,33.9,67.0
39,38.0,35,42.8,1.0833333333333333,35.2,68.33333333333333
40,35.0,36,43.5,1.0810810810810811,36.5,69.66666666666667
41,32.0,37,44.2,1.0789473684210529,37.8,71.0
42,29.0,38,44.9,1.0769230769230769,39.1,72.33333333333333
43,26.0,39,45.6,1.075,40.4,73.66666666666667
44,23.0,40,46.3,1.0731707317073171,41.7,75.0
45,20.0,41,47.0,1.0714285714285714,43.0,76.33333333333333
46,17.0,42,47.7,1.069767441860465,44.3,77.66666666666667
25,80.0,43,33.0,0.5681818181818182,17.0,42.333333333333336
26,77.0,44,33.7,0.5777777777777777,18.3,43.66666666666666
27,74.0,45,34.4,0.5869565217391305,19.6,45.0
28,71.0,46,35.1,0.5957446808510638,20.9,46.333333333333336
29,68.0,47,35.8,0.6041666666666666,22.2,47.66666666666666
30,65.0,48,36.5,0.6122448979591837,23.5,49.0
31,62.0,49,37.2,0.62,24.8,50.333333333333336
32,59.0,50,37.9,0.6274509803921569,26.1,51.66666666666666
33,56.0,51,38.6,0.6346153846153846,27.4,53.0
34,53.0,52,39.3,0.6415094339622641,28.7,54.333333333333336
35,50.0,53,40.0,0.6481481481481481,30.0,55.66666666666666
36,47.0,54,40.7,0.6545454545454545,31.3,57.0
37,44.0,55,41.4,0.6607142857142857,32.6,58.333333333333336
38,41.0,56,42.1,0.6666666666666666,33.9,59.66666666666666
39,38.0,57,42.8,0.6724137931034483,35.2,61.0
40,35.0,58,43.5,0.6779661016949152,36.5,62.333333333333336
41,32.0,59,44.2,0.6833333333333333,37.8,63.66666666666666
42,29.0,60,44.9,0.6885245901639344,39.1,65.0
43,26.0,61,45.6,0.6935483870967742,40.4,66.33333333333333
44,23.0,62,46.3,0.6984126984126984,41.7,67.66666666666667
45,20.0,63,47.0,0.703125,43.0,69.0
46,17.0,64,47.7,0.7076923076923077,44.3,70.33333333333333
25,80.0,65,33.0,0.3787878787878788,17.0,35.0
26,77.0,66,33.7,0.3880597014925373,18.3,36.333333333333336
27,74.0,67,34.4,0.3970588235294117,19.6,37.66666666666666
28,71.0,68,35.1,0.4057971014492754,20.9,39.0
29,68.0,69,35.8,0.4142857142857143,22.2,40.333333333333336
30,65.0,70,36.5,0.4225352112676056,23.5,41.66666666666666
31,62.0,71,37.2,0.4305555555555556,24.8,43.0
32,59.0,72,37.9,0.4383561643835616,26.1,44.333333333333336
33,56.0,73,38.6,0.4459459459459459,27.4,45.66666666666666
34,53.0,74,39.3,0.4533333333333333,28.7,47.0
35,50.0,75,40.0,0.4605263157894737,30.0,48.333333333333336
36,47.0,76,40.7,0.4675324675324675,31.3,49.66666666666666
37,44.0,77,41.4,0.4743589743589743,32.6,51.0
38,41.0,78,42.1,0.4810126582278481,33.9,52.333333333333336
39,38.0,79,42.8,0.4875,35.2,53.66666666666666
40,35.0,80,43.5,0.4938271604938271,36.5,55.0
41,32.0,81,44.2,0.5,37.8,56.333333333333336
42,29.0,82,44.9,0.5060240963855421,39.1,57.66666666666666
43,26.0,83,45.6,0.5119047619047619,40.4,59.0
44,23.0,84,46.3,0.5176470588235295,41.7,60.333333333333336
45,20.0,85,47.0,0.5232558139534884,43.0,61.66666666666666
46,17.0,86,47.7,0.5287356321839081,44.3,63.0
25,80.0,87,33.0,0.2840909090909091,17.0,27.666666666666668
26,77.0,88,33.7,0.2921348314606741,18.3,29.0
27,74.0,89,34.4,0.3,19.6,30.33333333333333
28,71.0,90,35.1,0.3076923076923077,20.9,31.666666666666668
29,68.0,91,35.8,0.3152173913043478,22.2,33.0
30,65.0,92,36.5,0.3225806451612903,23.5,34.333333333333336
31,62.0,93,37.2,0.3297872340425531,24.8,35.666666666666664
32,59.0,94,37.9,0.3368421052631579,26.1,37.0
33,56.0,95,38.6,0.34375,27.4,38.333333333333336
34,53.0,96,39.3,0.3505154639175257,28.7,39.66666666666666
35,50.0,97,40.0,0.3571428571428571,30.0,41.0
36,47.0,98,40.7,0.3636363636363636,31.3,42.333333333333336
37,44.0,99,41.4,0.37,32.6,43.66666666666666
38,41.0,100,42.1,0.3762376237623762,33.9,45.0
39,38.0,1,42.8,19.5,35.2,79.66666666666667
40,35.0,2,43.5,13.333333333333334,36.5,81.0
41,32.0,3,44.2,10.25,37.8,82.33333333333333
42,29.0,4,44.9,8.4,39.1,83.66666666666667
43,26.0,5,45.6,7.166666666666667,40.4,85.0
44,23.0,6,46.3,6.285714285714286,41.7,86.33333333333333
45,20.0,7,47.0,5.625,43.0,87.66666666666667
46,17.0,8,47.7,5.111111111111111,44.3,89.0
25,80.0,9,33.0,2.5,17.0,53.66666666666666
26,77.0,10,33.7,2.363636363636364,18.3,55.0
27,74.0,11,34.4,2.25,19.6,56.333333333333336
28,71.0,12,35.1,2.1538461538461537,20.9,57.66666666666666
29,68.0,13,35.8,2.071428571428572,22.2,59.0
30,65.0,14,36.5,2.0,23.5,60.333333333333336
31,62.0,15,37.2,1.9375,24.8,61.66666666666666
32,59.0,16,37.9,1.8823529411764703,26.1,63.0
33,56.0,17,38.6,1.8333333333333333,27.4,64.33333333333333
34,53.0,18,39.3,1.7894736842105263,28.7,65.66666666666667
35,50.0,19,40.0,1.75,30.0,67.0
36,47.0,20,40.7,1.7142857142857142,31.3,68.33333333333333
37,44.0,21,41.4,1.681818181818182,32.6,69.66666666666667
38,41.0,22,42.1,1.6521739130434785,33.9,71.0
39,38.0,23,42.8,1.625,35.2,72.33333333333333
40,35.0,24,43.5,1.6,36.5,73.66666666666667
41,32.0,25,44.2,1.5769230769230769,37.8,75.0
42,29.0,26,44.9,1.5555555555555556,39.1,76.33333333333333
43,26.0,27,45.6,1.5357142857142858,40.4,77.66666666666667
44,23.0,28,46.3,1.5172413793103448,41.7,79.0
45,20.0,29,47.0,1.5,43.0,80.33333333333333
46,17.0,30,47.7,1.4838709677419355,44.3,81.66666666666667
25,80.0,31,33.0,0.78125,17.0,46.333333333333336
26,77.0,32,33.7,0.7878787878787878,18.3,47.66666666666666
27,74.0,33,34.4,0.7941176470588235,19.6,49.0
28,71.0,34,35.1,0.8,20.9,50.333333333333336
29,68.0,35,35.8,0.8055555555555556,22.2,51.66666666666666
30,65.0,36,36.5,0.8108108108108109,23.5,53.0
31,62.0,37,37.2,0.8157894736842105,24.8,54.333333333333336
32,59.0,38,37.9,0.8205128205128205,26.1,55.66666666666666
33,56.0,39,38.6,0.825,27.4,57.0
34,53.0,40,39.3,0.8292682926829268,28.7,58.333333333333336
35,50.0,41,40.0,0.8333333333333334,30.0,59.66666666666666
36,47.0,42,40.7,0.8372093023255814,31.3,61.0
37,44.0,43,41.4,0.8409090909090909,32.6,62.333333333333336
38,41.0,44,42.1,0.8444444444444444,33.9,63.66666666666666
39,38.0,45,42.8,0.8478260869565217,35.2,65.0
40,35.0,46,43.5,0.851063829787234,36.5,66.33333333333333
41,32.0,47,44.2,0.8541666666666666,37.8,67.66666666666667
42,29.0,48,44.9,0.8571428571428571,39.1,69.0
43,26.0,49,45.6,0.86,40.4,70.33333333333333
44,23.0,50,46.3,0.8627450980392157,41.7,71.66666666666667
45,20.0,51,47.0,0.8653846153846154,43.0,73.0
46,17.0,52,47.7,0.8679245283018868,44.3,74.33333333333333
25,80.0,53,33.0,0.4629629629629629,17.0,39.0
26,77.0,54,33.7,0.4727272727272727,18.3,40.333333333333336
27,74.0,55,34.4,0.4821428571428571,19.6,41.66666666666666
28,71.0,56,35.1,0.4912280701754385,20.9,43.0
29,68.0,57,35.8,0.5,22.2,44.333333333333336
30,65.0,58,36.5,0.5084745762711864,23.5,45.66666666666666
31,62.0,59,37.2,0.5166666666666667,24.8,47.0
32,59.0,60,37.9,0.5245901639344263,26.1,48.333333333333336
33,56.0,61,38.6,0.532258064516129,27.4,49.66666666666666
34,53.0,62,39.3,0.5396825396825397,28.7,51.0
35,50.0,63,40.0,0.546875,30.0,52.333333333333336
36,47.0,64,40.7,0.5538461538461539,31.3,53.66666666666666
37,44.0,65,41.4,0.5606060606060606,32.6,55.0
38,41.0,66,42.1,0.5671641791044776,33.9,56.333333333333336
39,38.0,67,42.8,0.5735294117647058,35.2,57.66666666666666
40,35.0,68,43.5,0.5797101449275363,36.5,59.0
41,32.0,69,44.2,0.5857142857142857,37.8,60.333333333333336
42,29.0,70,44.9,0.5915492957746479,39.1,61.66666666666666
43,26.0,71,45.6,0.5972222222222222,40.4,63.0
44,23.0,72,46.3,0.6027397260273972,41.7,64.33333333333333
45,20.0,73,47.0,0.6081081081081081,43.0,65.66666666666667
46,17.0,74,47.7,0.6133333333333333,44.3,67.0
25,80.0,75,33.0,0.3289473684210526,17.0,31.666666666666668
26,77.0,76,33.7,0.3376623376623376,18.3,33.0
27,74.0,77,34.4,0.3461538461538461,19.6,34.333333333333336
28,71.0,78,35.1,0.3544303797468354,20.9,35.666666666666664
29,68.0,79,35.8,0.3625,22.2,37.0
30,65.0,80,36.5,0.3703703703703703,23.5,38.333333333333336
31,62.0,81,37.2,0.3780487804878049,24.8,39.66666666666666
32,59.0,82,37.9,0.3855421686746988,26.1,41.0
33,56.0,83,38.6,0.3928571428571428,27.4,42.333333333333336
34,53.0,84,39.3,0.4,28.7,43.66666666666666
35,50.0,85,40.0,0.4069767441860465,30.0,45.0
36,47.0,86,40.7,0.4137931034482758,31.3,46.333333333333336
37,44.0,87,41.4,0.4204545454545454,32.6,47.66666666666666
38,41.0,88,42.1,0.4269662921348314,33.9,49.0
39,38.0,89,42.8,0.4333333333333333,35.2,50.333333333333336
40,35.0,90,43.5,0.4395604395604395,36.5,51.66666666666666
41,32.0,91,44.2,0.4456521739130434,37.8,53.0
42,29.0,92,44.9,0.4516129032258064,39.1,54.333333333333336
43,26.0,93,45.6,0.4574468085106383,40.4,55.66666666666666
44,23.0,94,46.3,0.4631578947368421,41.7,57.0
45,20.0,95,47.0,0.46875,43.0,58.333333333333336
46,17.0,96,47.7,0.4742268041237113,44.3,59.66666666666666
25,80.0,97,33.0,0.2551020408163265,17.0,24.33333333333333
26,77.0,98,33.7,0.2626262626262626,18.3,25.666666666666668
27,74.0,99,34.4,0.27,19.6,27.0
28,71.0,100,35.1,0.2772277227722772,20.9,28.33333333333333
29,68.0,1,35.8,14.5,22.2,63.0
30,65.0,2,36.5,10.0,23.5,64.33333333333333
31,62.0,3,37.2,7.75,24.8,65.66666666666667
32,59.0,4,37.9,6.4,26.1,67.0
33,56.0,5,38.6,5.5,27.4,68.33333333333333
34,53.0,6,39.3,4.857142857142857,28.7,69.66666666666667
35,50.0,7,40.0,4.375,30.0,71.0
36,47.0,8,40.7,4.0,31.3,72.33333333333333
37,44.0,9,41.4,3.7,32.6,73.66666666666667
38,41.0,10,42.1,3.4545454545454546,33.9,75.0
39,38.0,11,42.8,3.25,35.2,76.33333333333333
40,35.0,12,43.5,3.076923076923077,36.5,77.66666666666667
41,32.0,13,44.2,2.9285714285714284,37.8,79.0
42,29.0,14,44.9,2.8,39.1,80.33333333333333
43,26.0,15,45.6,2.6875,40.4,81.66666666666667
44,23.0,16,46.3,2.588235294117647,41.7,83.0
45,20.0,17,47.0,2.5,43.0,84.33333333333333
46,17.0,18,47.7,2.421052631578948,44.3,85.66666666666667
25,80.0,19,33.0,1.25,17.0,50.333333333333336
26,77.0,20,33.7,1.238095238095238,18.3,51.66666666666666
27,74.0,21,34.4,1.2272727272727273,19.6,53.0
28,71.0,22,35.1,1.2173913043478262,20.9,54.333333333333336
29,68.0,23,35.8,1.2083333333333333,22.2,55.66666666666666
30,65.0,24,36.5,1.2,23.5,57.0
31,62.0,25,37.2,1.1923076923076923,24.8,58.333333333333336
32,59.0,26,37.9,1.1851851851851851,26.1,59.66666666666666
33,56.0,27,38.6,1.1785714285714286,27.4,61.0
34,53.0,28,39.3,1.1724137931034482,28.7,62.333333333333336
35,50.0,29,40.0,1.1666666666666667,30.0,63.66666666666666
36,47.0,30,40.7,1.1612903225806452,31.3,65.0
37,44.0,31,41.4,1.15625,32.6,66.33333333333333
38,41.0,32,42.1,1.1515151515151516,33.9,67.66666666666667
39,38.0,33,42.8,1.1470588235294117,35.2,69.0
40,35.0,34,43.5,1.1428571428571428,36.5,70.33333333333333
41,32.0,35,44.2,1.1388888888888888,37.8,71.66666666666667
42,29.0,36,44.9,1.135135135135135,39.1,73.0
43,26.0,37,45.6,1.131578947368421,40.4,74.33333333333333
44,23.0,38,46.3,1.1282051282051282,41.7,75.66666666666667
45,20.0,39,47.0,1.125,43.0,77.0
46,17.0,40,47.7,1.1219512195121952,44.3,78.33333333333333
25,80.0,41,33.0,0.5952380952380952,17.0,43.0
26,77.0,42,33.7,0.6046511627906976,18.3,44.333333333333336
27,74.0,43,34.4,0.6136363636363636,19.6,45.66666666666666
28,71.0,44,35.1,0.6222222222222222,20.9,47.0
29,68.0,45,35.8,0.6304347826086957,22.2,48.333333333333336
30,65.0,46,36.5,0.6382978723404256,23.5,49.66666666666666
31,62.0,47,37.2,0.6458333333333334,24.8,51.0
32,59.0,48,37.9,0.6530612244897959,26.1,52.333333333333336
33,56.0,49,38.6,0.66,27.4,53.66666666666666
34,53.0,50,39.3,0.6666666666666666,28.7,55.0
35,50.0,51,40.0,0.6730769230769231,30.0,56.333333333333336
36,47.0,52,40.7,0.6792452830188679,31.3,57.66666666666666
37,44.0,53,41.4,0.6851851851851852,32.6,59.0
38,41.0,54,42.1,0.6909090909090909,33.9,60.333333333333336
39,38.0,55,42.8,0.6964285714285714,35.2,61.66666666666666
40,35.0,56,43.5,0.7017543859649122,36.5,63.0
41,32.0,57,44.2,0.7068965517241379,37.8,64.33333333333333
42,29.0,58,44.9,0.711864406779661,39.1,65.66666666666667
43,26.0,59,45.6,0.7166666666666667,40.4,67.0
44,23.0,60,46.3,0.7213114754098361,41.7,68.33333333333333
45,20.0,61,47.0,0.7258064516129032,43.0,69.66666666666667
46,17.0,62,47.7,0.7301587301587301,44.3,71.0
25,80.0,63,33.0,0.390625,17.0,35.666666666666664
26,77.0,64,33.7,0.4,18.3,37.0
27,74.0,65,34.4,0.4090909090909091,19.6,38.333333333333336
28,71.0,66,35.1,0.417910447761194,20.9,39.66666666666666
29,68.0,67,35.8,0.4264705882352941,22.2,41.0
30,65.0,68,36.5,0.4347826086956521,23.5,42.333333333333336
31,62.0,69,37.2,0.4428571428571428,24.8,43.66666666666666
32,59.0,70,37.9,0.4507042253521127,26.1,45.0
33,56.0,71,38.6,0.4583333333333333,27.4,46.333333333333336
34,53.0,72,39.3,0.4657534246575342,28.7,47.66666666666666
35,50.0,73,40.0,0.4729729729729729,30.0,49.0
36,47.0,74,40.7,0.48,31.3,50.333333333333336
37,44.0,75,41.4,0.4868421052631579,32.6,51.66666666666666
38,41.0,76,42.1,0.4935064935064935,33.9,53.0
39,38.0,77,42.8,0.5,35.2,54.333333333333336
40,35.0,78,43.5,0.5063291139240507,36.5,55.66666666666666
41,32.0,79,44.2,0.5125,37.8,57.0
42,29.0,80,44.9,0.5185185185185185,39.1,58.333333333333336
43,26.0,81,45.6,0.524390243902439,40.4,59.66666666666666
44,23.0,82,46.3,0.5301204819277109,41.7,61.0
45,20.0,83,47.0,0.5357142857142857,43.0,62.333333333333336
46,17.0,84,47.7,0.5411764705882353,44.3,63.66666666666666
25,80.0,85,33.0,0.2906976744186046,17.0,28.33333333333333
26,77.0,86,33.7,0.2988505747126437,18.3,29.666666666666668
27,74.0,87,34.4,0.3068181818181818,19.6,31.0
28,71.0,88,35.1,0.3146067415730337,20.9,32.333333333333336
29,68.0,89,35.8,0.3222222222222222,22.2,33.666666666666664
30,65.0,90,36.5,0.3296703296703296,23.5,35.0
31,62.0,91,37.2,0.3369565217391304,24.8,36.333333333333336
32,59.0,92,37.9,0.3440860215053763,26.1,37.66666666666666
33,56.0,93,38.6,0.351063829787234,27.4,39.0
34,53.0,94,39.3,0.3578947368421052,28.7,40.333333333333336
35,50.0,95,40.0,0.3645833333333333,30.0,41.66666666666666
36,47.0,96,40.7,0.3711340206185567,31.3,43.0
37,44.0,97,41.4,0.3775510204081632,32.6,44.333333333333336
38,41.0,98,42.1,0.3838383838383838,33.9,45.66666666666666
39,38.0,99,42.8,0.39,35.2,47.0
40,35.0,100,43.5,0.396039603960396,36.5,48.333333333333336
41,32.0,1,44.2,20.5,37.8,83.0
42,29.0,2,44.9,14.0,39.1,84.33333333333333
43,26.0,3,45.6,10.75,40.4,85.66666666666667
44,23.0,4,46.3,8.8,41.7,87.0
45,20.0,5,47.0,7.5,43.0,88.33333333333333
46,17.0,6,47.7,6.571428571428571,44.3,89.66666666666667
25,80.0,7,33.0,3.125,17.0,54.333333333333336
26,77.0,8,33.7,2.888888888888889,18.3,55.66666666666666
27,74.0,9,34.4,2.7,19.6,57.0
28,71.0,10,35.1,2.5454545454545454,20.9,58.333333333333336
29,68.0,11,35.8,2.4166666666666665,22.2,59.66666666666666
30,65.0,12,36.5,2.3076923076923075,23.5,61.0
31,62.0,13,37.2,2.2142857142857144,24.8,62.333333333333336
32,59.0,14,37.9,2.1333333333333333,26.1,63.66666666666666
33,56.0,15,38.6,2.0625,27.4,65.0
34,53.0,16,39.3,2.0,28.7,66.33333333333333
35,50.0,17,40.0,1.9444444444444444,30.0,67.66666666666667
36,47.0,18,40.7,1.894736842105263,31.3,69.0
37,44.0,19,41.4,1.85,32.6,70.33333333333333
38,41.0,20,42.1,1.809523809523809,33.9,71.66666666666667
39,38.0,21,42.8,1.7727272727272727,35.2,73.0
40,35.0,22,43.5,1.7391304347826086,36.5,74.33333333333333
41,32.0,23,44.2,1.7083333333333333,37.8,75.66666666666667
42,29.0,24,44.9,1.68,39.1,77.0
43,26.0,25,45.6,1.6538461538461535,40.4,78.33333333333333
44,23.0,26,46.3,1.6296296296296295,41.7,79.66666666666667
45,20.0,27,47.0,1.6071428571428572,43.0,81.0
46,17.0,28,47.7,1.5862068965517242,44.3,82.33333333333333
25,80.0,29,33.0,0.8333333333333334,17.0,47.0
26,77.0,30,33.7,0.8387096774193549,18.3,48.333333333333336
27,74.0,31,34.4,0.84375,19.6,49.66666666666666
28,71.0,32,35.1,0.8484848484848485,20.9,51.0
29,68.0,33,35.8,0.8529411764705882,22.2,52.333333333333336
30,65.0,34,36.5,0.8571428571428571,23.5,53.66666666666666
31,62.0,35,37.2,0.8611111111111112,24.8,55.0
32,59.0,36,37.9,0.8648648648648649,26.1,56.333333333333336
33,56.0,37,38.6,0.868421052631579,27.4,57.66666666666666
34,53.0,38,39.3,0.8717948717948718,28.7,59.0
35,50.0,39,40.0,0.875,30.0,60.333333333333336
36,47.0,40,40.7,0.8780487804878049,31.3,61.66666666666666
37,44.0,41,41.4,0.8809523809523809,32.6,63.0
38,41.0,42,42.1,0.8837209302325582,33.9,64.33333333333333
39,38.0,43,42.8,0.8863636363636364,35.2,65.66666666666667
40,35.0,44,43.5,0.8888888888888888,36.5,67.0
41,32.0,45,44.2,0.8913043478260869,37.8,68.33333333333333
42,29.0,46,44.9,0.8936170212765957,39.1,69.66666666666667
43,26.0,47,45.6,0.8958333333333334,40.4,71.0
44,23.0,48,46.3,0.8979591836734694,41.7,72.33333333333333
45,20.0,49,47.0,0.9,43.0,73.66666666666667
46,17.0,50,47.7,0.9019607843137256,44.3,75.0
25,80.0,51,33.0,0.4807692307692308,17.0,39.66666666666666
26,77.0,52,33.7,0.490566037735849,18.3,41.0
27,74.0,53,34.4,0.5,19.6,42.333333333333336
28,71.0,54,35.1,0.509090909090909,20.9,43.66666666666666
29,68.0,55,35.8,0.5178571428571429,22.2,45.0
30,65.0,56,36.5,0.5263157894736842,23.5,46.333333333333336
31,62.0,57,37.2,0.5344827586206896,24.8,47.66666666666666
32,59.0,58,37.9,0.5423728813559322,26.1,49.0
33,56.0,59,38.6,0.55,27.4,50.333333333333336
34,53.0,60,39.3,0.5573770491803278,28.7,51.66666666666666
35,50.0,61,40.0,0.5645161290322581,30.0,53.0
36,47.0,62,40.7,0.5714285714285714,31.3,54.333333333333336
37,44.0,63,41.4,0.578125,32.6,55.66666666666666
38,41.0,64,42.1,0.5846153846153846,33.9,57.0
39,38.0,65,42.8,0.5909090909090909,35.2,58.333333333333336
40,35.0,66,43.5,0.5970149253731343,36.5,59.66666666666666
41,32.0,67,44.2,0.6029411764705882,37.8,61.0
42,29.0,68,44.9,0.6086956521739131,39.1,62.333333333333336
43,26.0,69,45.6,0.6142857142857143,40.4,63.66666666666666
44,23.0,70,46.3,0.6197183098591549,41.7,65.0
45,20.0,71,47.0,0.625,43.0,66.33333333333333
46,17.0,72,47.7,0.6301369863013698,44.3,67.66666666666667
25,80.0,73,33.0,0.3378378378378378,17.0,32.333333333333336
26,77.0,74,33.7,0.3466666666666667,18.3,33.666666666666664
27,74.0,75,34.4,0.3552631578947368,19.6,35.0
28,71.0,76,35.1,0.3636363636363636,20.9,36.333333333333336
29,68.0,77,35.8,0.3717948717948718,22.2,37.66666666666666
30,65.0,78,36.5,0.379746835443038,23.5,39.0
31,62.0,79,37.2,0.3875,24.8,40.333333333333336
32,59.0,80,37.9,0.3950617283950617,26.1,41.66666666666666
33,56.0,81,38.6,0.4024390243902439,27.4,43.0
34,53.0,82,39.3,0.4096385542168674,28.7,44.333333333333336
35,50.0,83,40.0,0.4166666666666667,30.0,45.66666666666666
36,47.0,84,40.7,0.4235294117647059,31.3,47.0
37,44.0,85,41.4,0.4302325581395348,32.6,48.333333333333336
38,41.0,86,42.1,0.4367816091954023,33.9,49.66666666666666
39,38.0,87,42.8,0.4431818181818182,35.2,51.0
40,35.0,88,43.5,0.449438202247191,36.5,52.333333333333336
41,32.0,89,44.2,0.4555555555555555,37.8,53.66666666666666
42,29.0,90,44.9,0.4615384615384615,39.1,55.0
43,26.0,91,45.6,0.4673913043478261,40.4,56.333333333333336
44,23.0,92,46.3,0.4731182795698925,41.7,57.66666666666666
45,20.0,93,47.0,0.4787234042553192,43.0,59.0
46,17.0,94,47.7,0.4842105263157895,44.3,60.333333333333336
25,80.0,95,33.0,0.2604166666666667,17.0,25.0
26,77.0,96,33.7,0.268041237113402,18.3,26.33333333333333
27,74.0,97,34.4,0.2755102040816326,19.6,27.666666666666668
28,71.0,98,35.1,0.2828282828282828,20.9,29.0
29,68.0,99,35.8,0.29,22.2,30.33333333333333
30,65.0,100,36.5,0.297029702970297,23.5,31.666666666666668
31,62.0,1,37.2,15.5,24.8,66.33333333333333
32,59.0,2,37.9,10.666666666666666,26.1,67.66666666666667
33,56.0,3,38.6,8.25,27.4,69.0
34,53.0,4,39.3,6.8,28.7,70.33333333333333
35,50.0,5,40.0,5.833333333333333,30.0,71.66666666666667
36,47.0,6,40.7,5.142857142857143,31.3,73.0
37,44.0,7,41.4,4.625,32.6,74.33333333333333
38,41.0,8,42.1,4.222222222222222,33.9,75.66666666666667
39,38.0,9,42.8,3.9,35.2,77.0
40,35.0,10,43.5,3.636363636363636,36.5,78.33333333333333
41,32.0,11,44.2,3.4166666666666665,37.8,79.66666666666667
42,29.0,12,44.9,3.230769230769231,39.1,81.0
43,26.0,13,45.6,3.071428571428572,40.4,82.33333333333333
44,23.0,14,46.3,2.933333333333333,41.7,83.66666666666667
45,20.0,15,47.0,2.8125,43.0,85.0
46,17.0,16,47.7,2.7058823529411766,44.3,86.33333333333333
25,80.0,17,33.0,1.3888888888888888,17.0,51.0
26,77.0,18,33.7,1.368421052631579,18.3,52.333333333333336
27,74.0,19,34.4,1.35,19.6,53.66666666666666
28,71.0,20,35.1,1.3333333333333333,20.9,55.0
29,68.0,21,35.8,1.318181818181818,22.2,56.333333333333336
30,65.0,22,36.5,1.3043478260869563,23.5,57.66666666666666
31,62.0,23,37.2,1.2916666666666667,24.8,59.0
32,59.0,24,37.9,1.28,26.1,60.333333333333336
33,56.0,25,38.6,1.2692307692307692,27.4,61.66666666666666
34,53.0,26,39.3,1.2592592592592593,28.7,63.0
35,50.0,27,40.0,1.25,30.0,64.33333333333333
36,47.0,28,40.7,1.2413793103448276,31.3,65.66666666666667
37,44.0,29,41.4,1.2333333333333334,32.6,67.0
38,41.0,30,42.1,1.2258064516129032,33.9,68.33333333333333
39,38.0,31,42.8,1.21875,35.2,69.66666666666667
40,35.0,32,43.5,1.2121212121212122,36.5,71.0
41,32.0,33,44.2,1.2058823529411764,37.8,72.33333333333333
42,29.0,34,44.9,1.2,39.1,73.66666666666667
43,26.0,35,45.6,1.1944444444444444,40.4,75.0
44,23.0,36,46.3,1.1891891891891893,41.7,76.33333333333333
45,20.0,37,47.0,1.1842105263157894,43.0,77.66666666666667
46,17.0,38,47.7,1.1794871794871795,44.3,79.0
25,80.0,39,33.0,0.625,17.0,43.66666666666666
26,77.0,40,33.7,0.6341463414634146,18.3,45.0
27,74.0,41,34.4,0.6428571428571429,19.6,46.333333333333336
28,71.0,42,35.1,0.6511627906976745,20.9,47.66666666666666
29,68.0,43,35.8,0.6590909090909091,22.2,49.0
30,65.0,44,36.5,0.6666666666666666,23.5,50.333333333333336
31,62.0,45,37.2,0.6739130434782609,24.8,51.66666666666666
32,59.0,46,37.9,0.6808510638297872,26.1,53.0
33,56.0,47,38.6,0.6875,27.4,54.333333333333336
34,53.0,48,39.3,0.6938775510204082,28.7,55.66666666666666
35,50.0,49,40.0,0.7,30.0,57.0
36,47.0,50,40.7,0.7058823529411765,31.3,58.333333333333336
37,44.0,51,41.4,0.7115384615384616,32.6,59.66666666666666
38,41.0,52,42.1,0.7169811320754716,33.9,61.0
39,38.0,53,42.8,0.7222222222222222,35.2,62.333333333333336
40,35.0,54,43.5,0.7272727272727273,36.5,63.66666666666666
41,32.0,55,44.2,0.7321428571428571,37.8,65.0
42,29.0,56,44.9,0.7368421052631579,39.1,66.33333333333333
43,26.0,57,45.6,0.7413793103448276,40.4,67.66666666666667
44,23.0,58,46.3,0.7457627118644068,41.7,69.0
45,20.0,59,47.0,0.75,43.0,70.33333333333333
46,17.0,60,47.7,0.7540983606557377,44.3,71.66666666666667
25,80.0,61,33.0,0.4032258064516129,17.0,36.333333333333336
26,77.0,62,33.7,0.4126984126984127,18.3,37.66666666666666
27,74.0,63,34.4,0.421875,19.6,39.0
28,71.0,64,35.1,0.4307692307692308,20.9,40.333333333333336
29,68.0,65,35.8,0.4393939393939394,22.2,41.66666666666666
30,65.0,66,36.5,0.4477611940298507,23.5,43.0
31,62.0,67,37.2,0.4558823529411764,24.8,44.333333333333336
32,59.0,68,37.9,0.463768115942029,26.1,45.66666666666666
33,56.0,69,38.6,0.4714285714285714,27.4,47.0
34,53.0,70,39.3,0.4788732394366197,28.7,48.333333333333336
35,50.0,71,40.0,0.4861111111111111,30.0,49.66666666666666
36,47.0,72,40.7,0.4931506849315068,31.3,51.0
37,44.0,73,41.4,0.5,32.6,52.333333333333336
38,41.0,74,42.1,0.5066666666666667,33.9,53.66666666666666
39,38.0,75,42.8,0.5131578947368421,35.2,55.0
40,35.0,76,43.5,0.5194805194805194,36.5,56.333333333333336
41,32.0,77,44.2,0.5256410256410257,37.8,57.66666666666666
42,29.0,78,44.9,0.5316455696202531,39.1,59.0
43,26.0,79,45.6,0.5375,40.4,60.333333333333336
44,23.0,80,46.3,0.5432098765432098,41.7,61.66666666666666
45,20.0,81,47.0,0.5487804878048781,43.0,63.0
46,17.0,82,47.7,0.5542168674698795,44.3,64.33333333333333
25,80.0,83,33.0,0.2976190476190476,17.0,29.0
26,77.0,84,33.7,0.3058823529411765,18.3,30.33333333333333
27,74.0,85,34.4,0.313953488372093,19.6,31.666666666666668
28,71.0,86,35.1,0.3218390804597701,20.9,33.0
29,68.0,87,35.8,0.3295454545454545,22.2,34.333333333333336
30,65.0,88,36.5,0.3370786516853932,23.5,35.666666666666664
31,62.0,89,37.2,0.3444444444444444,24.8,37.0
32,59.0,90,37.9,0.3516483516483517,26.1,38.333333333333336
33,56.0,91,38.6,0.358695652173913,27.4,39.66666666666666
34,53.0,92,39.3,0.3655913978494624,28.7,41.0
35,50.0,93,40.0,0.3723404255319149,30.0,42.333333333333336
36,47.0,94,40.7,0.3789473684210526,31.3,43.66666666666666
37,44.0,95,41.4,0.3854166666666667,32.6,45.0
38,41.0,96,42.1,0.3917525773195876,33.9,46.333333333333336
39,38.0,97,42.8,0.3979591836734694,35.2,47.66666666666666
40,35.0,98,43.5,0.404040404040404,36.5,49.0
41,32.0,99,44.2,0.41,37.8,50.333333333333336
42,29.0,100,44.9,0.4158415841584158,39.1,51.66666666666666
43,26.0,1,45.6,21.5,40.4,86.33333333333333
44,23.0,2,46.3,14.666666666666666,41.7,87.66666666666667
45,20.0,3,47.0,11.25,43.0,89.0
46,17.0,4,47.7,9.2,44.3,90.33333333333331
25,80.0,5,33.0,4.166666666666667,17.0,55.0
26,77.0,6,33.7,3.7142857142857135,18.3,56.333333333333336
27,74.0,7,34.4,3.375,19.6,57.66666666666666
28,71.0,8,35.1,3.111111111111111,20.9,59.0
29,68.0,9,35.8,2.9,22.2,60.333333333333336
30,65.0,10,36.5,2.727272727272727,23.5,61.66666666666666
31,62.0,11,37.2,2.583333333333333,24.8,63.0
32,59.0,12,37.9,2.4615384615384617,26.1,64.33333333333333
33,56.0,13,38.6,2.357142857142857,27.4,65.66666666666667
34,53.0,14,39.3,2.2666666666666666,28.7,67.0
35,50.0,15,40.0,2.1875,30.0,68.33333333333333
36,47.0,16,40.7,2.117647058823529,31.3,69.66666666666667
37,44.0,17,41.4,2.055555555555556,32.6,71.0
38,41.0,18,42.1,2.0,33.9,72.33333333333333
39,38.0,19,42.8,1.95,35.2,73.66666666666667
40,35.0,20,43.5,1.9047619047619049,36.5,75.0
41,32.0,21,44.2,1.8636363636363635,37.8,76.33333333333333
42,29.0,22,44.9,1.826086956521739,39.1,77.66666666666667
43,26.0,23,45.6,1.7916666666666667,40.4,79.0
44,23.0,24,46.3,1.76,41.7,80.33333333333333
45,20.0,25,47.0,1.7307692307692308,43.0,81.66666666666667
46,17.0,26,47.7,1.7037037037037035,44.3,83.0
25,80.0,27,33.0,0.8928571428571429,17.0,47.66666666666666
26,77.0,28,33.7,0.896551724137931,18.3,49.0
27,74.0,29,34.4,0.9,19.6,50.333333333333336
28,71.0,30,35.1,0.9032258064516128,20.9,51.66666666666666
29,68.0,31,35.8,0.90625,22.2,53.0
30,65.0,32,36.5,0.9090909090909092,23.5,54.333333333333336
31,62.0,33,37.2,0.9117647058823528,24.8,55.66666666666666
32,59.0,34,37.9,0.9142857142857144,26.1,57.0
33,56.0,35,38.6,0.9166666666666666,27.4,58.333333333333336
34,53.0,36,39.3,0.918918918918919,28.7,59.66666666666666
35,50.0,37,40.0,0.9210526315789472,30.0,61.0
36,47.0,38,40.7,0.9230769230769232,31.3,62.333333333333336
37,44.0,39,41.4,0.925,32.6,63.66666666666666
38,41.0,40,42.1,0.926829268292683,33.9,65.0
39,38.0,41,42.8,0.9285714285714286,35.2,66.33333333333333
40,35.0,42,43.5,0.9302325581395348,36.5,67.66666666666667
41,32.0,43,44.2,0.9318181818181818,37.8,69.0
42,29.0,44,44.9,0.9333333333333332,39.1,70.33333333333333
43,26.0,45,45.6,0.9347826086956522,40.4,71.66666666666667
44,23.0,46,46.3,0.9361702127659576,41.7,73.0
45,20.0,47,47.0,0.9375,43.0,74.33333333333333
46,17.0,48,47.7,0.9387755102040816,44.3,75.66666666666667
25,80.0,49,33.0,0.5,17.0,40.333333333333336
26,77.0,50,33.7,0.5098039215686274,18.3,41.66666666666666
27,74.0,51,34.4,0.5192307692307693,19.6,43.0
28,71.0,52,35.1,0.5283018867924528,20.9,44.333333333333336
29,68.0,53,35.8,0.5370370370370371,22.2,45.66666666666666
30,65.0,54,36.5,0.5454545454545454,23.5,47.0
31,62.0,55,37.2,0.5535714285714286,24.8,48.333333333333336
32,59.0,56,37.9,0.5614035087719298,26.1,49.66666666666666
33,56.0,57,38.6,0.5689655172413793,27.4,51.0
34,53.0,58,39.3,0.576271186440678,28.7,52.333333333333336
35,50.0,59,40.0,0.5833333333333334,30.0,53.66666666666666
36,47.0,60,40.7,0.5901639344262295,31.3,55.0
37,44.0,61,41.4,0.5967741935483871,32.6,56.333333333333336
38,41.0,62,42.1,0.6031746031746031,33.9,57.66666666666666
39,38.0,63,42.8,0.609375,35.2,59.0
40,35.0,64,43.5,0.6153846153846154,36.5,60.333333333333336
41,32.0,65,44.2,0.6212121212121212,37.8,61.66666666666666
42,29.0,66,44.9,0.6268656716417911,39.1,63.0
43,26.0,67,45.6,0.6323529411764706,40.4,64.33333333333333
44,23.0,68,46.3,0.6376811594202898,41.7,65.66666666666667
45,20.0,69,47.0,0.6428571428571429,43.0,67.0
46,17.0,70,47.7,0.647887323943662,44.3,68.33333333333333
25,80.0,71,33.0,0.3472222222222222,17.0,33.0
26,77.0,72,33.7,0.3561643835616438,18.3,34.333333333333336
27,74.0,73,34.4,0.3648648648648648,19.6,35.666666666666664
28,71.0,74,35.1,0.3733333333333333,20.9,37.0
29,68.0,75,35.8,0.3815789473684211,22.2,38.333333333333336
30,65.0,76,36.5,0.3896103896103896,23.5,39.66666666666666
31,62.0,77,37.2,0.3974358974358974,24.8,41.0
32,59.0,78,37.9,0.4050632911392405,26.1,42.333333333333336
33,56.0,79,38.6,0.4125,27.4,43.66666666666666
34,53.0,80,39.3,0.419753086419753,28.7,45.0
35,50.0,81,40.0,0.4268292682926829,30.0,46.333333333333336
36,47.0,82,40.7,0.4337349397590361,31.3,47.66666666666666
37,44.0,83,41.4,0.4404761904761904,32.6,49.0
38,41.0,84,42.1,0.4470588235294118,33.9,50.333333333333336
39,38.0,85,42.8,0.4534883720930232,35.2,51.66666666666666
40,35.0,86,43.5,0.4597701149425287,36.5,53.0
41,32.0,87,44.2,0.4659090909090909,37.8,54.333333333333336
42,29.0,88,44.9,0.4719101123595505,39.1,55.66666666666666
43,26.0,89,45.6,0.4777777777777778,40.4,57.0
44,23.0,90,46.3,0.4835164835164835,41.7,58.333333333333336
45,20.0,91,47.0,0.4891304347826087,43.0,59.66666666666666
46,17.0,92,47.7,0.4946236559139785,44.3,61.0
25,80.0,93,33.0,0.2659574468085106,17.0,25.666666666666668
26,77.0,94,33.7,0.2736842105263158,18.3,27.0
27,74.0,95,34.4,0.28125,19.6,28.33333333333333
28,71.0,96,35.1,0.2886597938144329,20.9,29.666666666666668
29,68.0,97,35.8,0.2959183673469387,22.2,31.0
30,65.0,98,36.5,0.303030303030303,23.5,32.333333333333336
31,62.0,99,37.2,0.31,24.8,33.666666666666664
32,59.0,100,37.9,0.3168316831683168,26.1,35.0
33,56.0,1,38.6,16.5,27.4,69.66666666666667
34,53.0,2,39.3,11.333333333333334,28.7,71.0
35,50.0,3,40.0,8.75,30.0,72.33333333333333
36,47.0,4,40.7,7.2,31.3,73.66666666666667
37,44.0,5,41.4,6.166666666666667,32.6,75.0
38,41.0,6,42.1,5.428571428571429,33.9,76.33333333333333
39,38.0,7,42.8,4.875,35.2,77.66666666666667
40,35.0,8,43.5,4.444444444444445,36.5,79.0
41,32.0,9,44.2,4.1,37.8,80.33333333333333
42,29.0,10,44.9,3.8181818181818175,39.1,81.66666666666667
43,26.0,11,45.6,3.583333333333333,40.4,83.0
44,23.0,12,46.3,3.3846153846153846,41.7,84.33333333333333
45,20.0,13,47.0,3.2142857142857144,43.0,85.66666666666667
46,17.0,14,47.7,3.066666666666667,44.3,87.0
25,80.0,15,33.0,1.5625,17.0,51.66666666666666
26,77.0,16,33.7,1.5294117647058822,18.3,53.0
27,74.0,17,34.4,1.5,19.6,54.333333333333336
28,71.0,18,35.1,1.4736842105263157,20.9,55.66666666666666
29,68.0,19,35.8,1.45,22.2,57.0
30,65.0,20,36.5,1.4285714285714286,23.5,58.333333333333336
31,62.0,21,37.2,1.4090909090909092,24.8,59.66666666666666
32,59.0,22,37.9,1.391304347826087,26.1,61.0
33,56.0,23,38.6,1.375,27.4,62.333333333333336
34,53.0,24,39.3,1.36,28.7,63.66666666666666
35,50.0,25,40.0,1.3461538461538465,30.0,65.0
36,47.0,26,40.7,1.3333333333333333,31.3,66.33333333333333
37,44.0,27,41.4,1.3214285714285714,32.6,67.66666666666667
38,41.0,28,42.1,1.3103448275862069,33.9,69.0
39,38.0,29,42.8,1.3,35.2,70.33333333333333
40,35.0,30,43.5,1.2903225806451613,36.5,71.66666666666667
41,32.0,31,44.2,1.28125,37.8,73.0
42,29.0,32,44.9,1.2727272727272727,39.1,74.33333333333333
43,26.0,33,45.6,1.2647058823529411,40.4,75.66666666666667
44,23.0,34,46.3,1.2571428571428571,41.7,77.0
45,20.0,35,47.0,1.25,43.0,78.33333333333333
46,17.0,36,47.7,1.2432432432432432,44.3,79.66666666666667
25,80.0,37,33.0,0.6578947368421053,17.0,44.333333333333336
26,77.0,38,33.7,0.6666666666666666,18.3,45.66666666666666
27,74.0,39,34.4,0.675,19.6,47.0
28,71.0,40,35.1,0.6829268292682927,20.9,48.333333333333336
29,68.0,41,35.8,0.6904761904761905,22.2,49.66666666666666
30,65.0,42,36.5,0.6976744186046512,23.5,51.0
31,62.0,43,37.2,0.7045454545454546,24.8,52.333333333333336
32,59.0,44,37.9,0.7111111111111111,26.1,53.66666666666666
33,56.0,45,38.6,0.717391304347826,27.4,55.0
34,53.0,46,39.3,0.723404255319149,28.7,56.333333333333336
35,50.0,47,40.0,0.7291666666666666,30.0,57.66666666666666
36,47.0,48,40.7,0.7346938775510204,31.3,59.0
37,44.0,49,41.4,0.74,32.6,60.333333333333336
38,41.0,50,42.1,0.7450980392156863,33.9,61.66666666666666
39,38.0,51,42.8,0.75,35.2,63.0
40,35.0,52,43.5,0.7547169811320755,36.5,64.33333333333333
41,32.0,53,44.2,0.7592592592592593,37.8,65.66666666666667
42,29.0,54,44.9,0.7636363636363637,39.1,67.0
43,26.0,55,45.6,0.7678571428571429,40.4,68.33333333333333
44,23.0,56,46.3,0.7719298245614035,41.7,69.66666666666667
45,20.0,57,47.0,0.7758620689655172,43.0,71.0
46,17.0,58,47.7,0.7796610169491526,44.3,72.33333333333333
25,80.0,59,33.0,0.4166666666666667,17.0,37.0
26,77.0,60,33.7,0.4262295081967213,18.3,38.333333333333336
27,74.0,61,34.4,0.4354838709677419,19.6,39.66666666666666
28,71.0,62,35.1,0.4444444444444444,20.9,41.0
29,68.0,63,35.8,0.453125,22.2,42.333333333333336
30,65.0,64,36.5,0.4615384615384615,23.5,43.66666666666666
31,62.0,65,37.2,0.4696969696969697,24.8,45.0
32,59.0,66,37.9,0.4776119402985074,26.1,46.333333333333336
33,56.0,67,38.6,0.4852941176470588,27.4,47.66666666666666
34,53.0,68,39.3,0.4927536231884058,28.7,49.0
35,50.0,69,40.0,0.5,30.0,50.333333333333336
36,47.0,70,40.7,0.5070422535211268,31.3,51.66666666666666
37,44.0,71,41.4,0.5138888888888888,32.6,53.0
38,41.0,72,42.1,0.5205479452054794,33.9,54.333333333333336
39,38.0,73,42.8,0.527027027027027,35.2,55.66666666666666
40,35.0,74,43.5,0.5333333333333333,36.5,57.0
41,32.0,75,44.2,0.5394736842105263,37.8,58.333333333333336
42,29.0,76,44.9,0.5454545454545454,39.1,59.66666666666666
43,26.0,77,45.6,0.5512820512820513,40.4,61.0
44,23.0,78,46.3,0.5569620253164557,41.7,62.333333333333336
45,20.0,79,47.0,0.5625,43.0,63.66666666666666
46,17.0,80,47.7,0.5679012345679012,44.3,65.0
25,80.0,81,33.0,0.3048780487804878,17.0,29.666666666666668
26,77.0,82,33.7,0.3132530120481928,18.3,31.0
27,74.0,83,34.4,0.3214285714285714,19.6,32.333333333333336
28,71.0,84,35.1,0.3294117647058823,20.9,33.666666666666664
29,68.0,85,35.8,0.3372093023255814,22.2,35.0
30,65.0,86,36.5,0.3448275862068966,23.5,36.333333333333336
31,62.0,87,37.2,0.3522727272727273,24.8,37.66666666666666
32,59.0,88,37.9,0.3595505617977528,26.1,39.0
33,56.0,89,38.6,0.3666666666666666,27.4,40.333333333333336
34,53.0,90,39.3,0.3736263736263736,28.7,41.66666666666666
35,50.0,91,40.0,0.3804347826086957,30.0,43.0
36,47.0,92,40.7,0.3870967741935484,31.3,44.333333333333336
37,44.0,93,41.4,0.3936170212765957,32.6,45.66666666666666
38,41.0,94,42.1,0.4,33.9,47.0
39,38.0,95,42.8,0.40625,35.2,48.333333333333336
40,35.0,96,43.5,0.4123711340206185,36.5,49.66666666666666
41,32.0,97,44.2,0.4183673469387755,37.8,51.0
42,29.0,98,44.9,0.4242424242424242,39.1,52.333333333333336
43,26.0,99,45.6,0.43,40.4,53.66666666666666
44,23.0,100,46.3,0.4356435643564356,41.7,55.0
45,20.0,1,47.0,22.5,43.0,89.66666666666667
46,17.0,2,47.7,15.333333333333334,44.3,91.0
25,80.0,3,33.0,6.25,17.0,55.66666666666666
26,77.0,4,33.7,5.2,18.3,57.0
27,74.0,5,34.4,4.5,19.6,58.333333333333336
28,71.0,6,35.1,4.0,20.9,59.66666666666666
29,68.0,7,35.8,3.625,22.2,61.0
30,65.0,8,36.5,3.333333333333333,23.5,62.333333333333336
31,62.0,9,37.2,3.1,24.8,63.66666666666666
32,59.0,10,37.9,2.909090909090909,26.1,65.0
33,56.0,11,38.6,2.75,27.4,66.33333333333333
34,53.0,12,39.3,2.6153846153846154,28.7,67.66666666666667
35,50.0,13,40.0,2.5,30.0,69.0
36,47.0,14,40.7,2.4,31.3,70.33333333333333
37,44.0,15,41.4,2.3125,32.6,71.66666666666667
38,41.0,16,42.1,2.235294117647059,33.9,73.0
39,38.0,17,42.8,2.1666666666666665,35.2,74.33333333333333
40,35.0,18,43.5,2.1052631578947367,36.5,75.66666666666667
41,32.0,19,44.2,2.05,37.8,77.0
42,29.0,20,44.9,2.0,39.1,78.33333333333333
43,26.0,21,45.6,1.9545454545454544,40.4,79.66666666666667
44,23.0,22,46.3,1.9130434782608696,41.7,81.0
45,20.0,23,47.0,1.875,43.0,82.33333333333333
46,17.0,24,47.7,1.84,44.3,83.66666666666667
25,80.0,25,33.0,0.9615384615384616,17.0,48.333333333333336
26,77.0,26,33.7,0.9629629629629628,18.3,49.66666666666666
27,74.0,27,34.4,0.9642857142857144,19.6,51.0
28,71.0,28,35.1,0.9655172413793104,20.9,52.333333333333336
29,68.0,29,35.8,0.9666666666666668,22.2,53.66666666666666
30,65.0,30,36.5,0.967741935483871,23.5,55.0
31,62.0,31,37.2,0.96875,24.8,56.333333333333336
32,59.0,32,37.9,0.9696969696969696,26.1,57.66666666666666
33,56.0,33,38.6,0.9705882352941176,27.4,59.0
34,53.0,34,39.3,0.9714285714285714,28.7,60.333333333333336
35,50.0,35,40.0,0.9722222222222222,30.0,61.66666666666666
36,47.0,36,40.7,0.972972972972973,31.3,63.0
37,44.0,37,41.4,0.9736842105263158,32.6,64.33333333333333
38,41.0,38,42.1,0.9743589743589745,33.9,65.66666666666667
39,38.0,39,42.8,0.975,35.2,67.0
40,35.0,40,43.5,0.975609756097561,36.5,68.33333333333333
41,32.0,41,44.2,0.9761904761904762,37.8,69.66666666666667
42,29.0,42,44.9,0.9767441860465116,39.1,71.0
43,26.0,43,45.6,0.9772727272727272,40.4,72.33333333333333
44,23.0,44,46.3,0.9777777777777776,41.7,73.66666666666667
45,20.0,45,47.0,0.9782608695652174,43.0,75.0
46,17.0,46,47.7,0.9787234042553192,44.3,76.33333333333333
25,80.0,47,33.0,0.5208333333333334,17.0,41.0
26,77.0,48,33.7,0.5306122448979592,18.3,42.333333333333336
27,74.0,49,34.4,0.54,19.6,43.66666666666666
28,71.0,50,35.1,0.5490196078431373,20.9,45.0
29,68.0,51,35.8,0.5576923076923077,22.2,46.333333333333336
30,65.0,52,36.5,0.5660377358490566,23.5,47.66666666666666
31,62.0,53,37.2,0.5740740740740741,24.8,49.0
32,59.0,54,37.9,0.5818181818181818,26.1,50.333333333333336
33,56.0,55,38.6,0.5892857142857143,27.4,51.66666666666666
34,53.0,56,39.3,0.5964912280701754,28.7,53.0
35,50.0,57,40.0,0.603448275862069,30.0,54.333333333333336
36,47.0,58,40.7,0.6101694915254238,31.3,55.66666666666666
37,44.0,59,41.4,0.6166666666666667,32.6,57.0
38,41.0,60,42.1,0.6229508196721312,33.9,58.333333333333336
39,38.0,61,42.8,0.6290322580645161,35.2,59.66666666666666
40,35.0,62,43.5,0.6349206349206349,36.5,61.0
41,32.0,63,44.2,0.640625,37.8,62.333333333333336
42,29.0,64,44.9,0.6461538461538462,39.1,63.66666666666666
43,26.0,65,45.6,0.6515151515151515,40.4,65.0
44,23.0,66,46.3,0.6567164179104478,41.7,66.33333333333333
45,20.0,67,47.0,0.6617647058823529,43.0,67.66666666666667
46,17.0,68,47.7,0.6666666666666666,44.3,69.0
25,80.0,69,33.0,0.3571428571428571,17.0,33.666666666666664
26,77.0,70,33.7,0.3661971830985915,18.3,35.0
27,74.0,71,34.4,0.375,19.6,36.333333333333336
28,71.0,72,35.1,0.3835616438356164,20.9,37.66666666666666
29,68.0,73,35.8,0.3918918918918919,22.2,39.0
30,65.0,74,36.5,0.4,23.5,40.333333333333336
31,62.0,75,37.2,0.4078947368421052,24.8,41.66666666666666
32,59.0,76,37.9,0.4155844155844156,26.1,43.0
33,56.0,77,38.6,0.4230769230769231,27.4,44.333333333333336
34,53.0,78,39.3,0.430379746835443,28.7,45.66666666666666
35,50.0,79,40.0,0.4375,30.0,47.0
36,47.0,80,40.7,0.4444444444444444,31.3,48.333333333333336
37,44.0,81,41.4,0.4512195121951219,32.6,49.66666666666666
38,41.0,82,42.1,0.4578313253012048,33.9,51.0
39,38.0,83,42.8,0.4642857142857143,35.2,52.333333333333336
40,35.0,84,43.5,0.4705882352941176,36.5,53.66666666666666
41,32.0,85,44.2,0.4767441860465116,37.8,55.0
42,29.0,86,44.9,0.4827586206896552,39.1,56.333333333333336
43,26.0,87,45.6,0.4886363636363636,40.4,57.66666666666666
44,23.0,88,46.3,0.4943820224719101,41.7,59.0
45,20.0,89,47.0,0.5,43.0,60.333333333333336
46,17.0,90,47.7,0.5054945054945055,44.3,61.66666666666666
25,80.0,91,33.0,0.2717391304347826,17.0,26.33333333333333
26,77.0,92,33.7,0.2795698924731182,18.3,27.666666666666668
27,74.0,93,34.4,0.2872340425531915,19.6,29.0
28,71.0,94,35.1,0.2947368421052631,20.9,30.33333333333333
29,68.0,95,35.8,0.3020833333333333,22.2,31.666666666666668
30,65.0,96,36.5,0.3092783505154639,23.5,33.0
31,62.0,97,37.2,0.3163265306122449,24.8,34.333333333333336
32,59.0,98,37.9,0.3232323232323232,26.1,35.666666666666664
33,56.0,99,38.6,0.33,27.4,37.0
34,53.0,100,39.3,0.3366336633663366,28.7,38.333333333333336
35,50.0,1,40.0,17.5,30.0,73.0
36,47.0,2,40.7,12.0,31.3,74.33333333333333
37,44.0,3,41.4,9.25,32.6,75.66666666666667
38,41.0,4,42.1,7.6,33.9,77.0
39,38.0,5,42.8,6.5,35.2,78.33333333333333
40,35.0,6,43.5,5.714285714285714,36.5,79.66666666666667
41,32.0,7,44.2,5.125,37.8,81.0
42,29.0,8,44.9,4.666666666666667,39.1,82.33333333333333
43,26.0,9,45.6,4.3,40.4,83.66666666666667
44,23.0,10,46.3,4.0,41.7,85.0
45,20.0,11,47.0,3.75,43.0,86.33333333333333
46,17.0,12,47.7,3.5384615384615383,44.3,87.66666666666667
25,80.0,13,33.0,1.7857142857142858,17.0,52.333333333333336
26,77.0,14,33.7,1.7333333333333334,18.3,53.66666666666666
27,74.0,15,34.4,1.6875,19.6,55.0
28,71.0,16,35.1,1.6470588235294117,20.9,56.333333333333336
29,68.0,17,35.8,1.6111111111111112,22.2,57.66666666666666
30,65.0,18,36.5,1.5789473684210529,23.5,59.0
31,62.0,19,37.2,1.55,24.8,60.333333333333336
32,59.0,20,37.9,1.5238095238095235,26.1,61.66666666666666
33,56.0,21,38.6,1.5,27.4,63.0
34,53.0,22,39.3,1.4782608695652173,28.7,64.33333333333333
35,50.0,23,40.0,1.4583333333333333,30.0,65.66666666666667
36,47.0,24,40.7,1.44,31.3,67.0
37,44.0,25,41.4,1.4230769230769231,32.6,68.33333333333333
38,41.0,26,42.1,1.4074074074074074,33.9,69.66666666666667
39,38.0,27,42.8,1.3928571428571428,35.2,71.0
40,35.0,28,43.5,1.3793103448275863,36.5,72.33333333333333
41,32.0,29,44.2,1.3666666666666667,37.8,73.66666666666667
42,29.0,30,44.9,1.3548387096774193,39.1,75.0
43,26.0,31,45.6,1.34375,40.4,76.33333333333333
44,23.0,32,46.3,1.3333333333333333,41.7,77.66666666666667
45,20.0,33,47.0,1.3235294117647058,43.0,79.0
46,17.0,34,47.7,1.3142857142857145,44.3,80.33333333333333
25,80.0,35,33.0,0.6944444444444444,17.0,45.0
26,77.0,36,33.7,0.7027027027027027,18.3,46.333333333333336
27,74.0,37,34.4,0.7105263157894737,19.6,47.66666666666666
28,71.0,38,35.1,0.717948717948718,20.9,49.0
29,68.0,39,35.8,0.725,22.2,50.333333333333336
30,65.0,40,36.5,0.7317073170731707,23.5,51.66666666666666
31,62.0,41,37.2,0.7380952380952381,24.8,53.0
32,59.0,42,37.9,0.7441860465116279,26.1,54.333333333333336
33,56.0,43,38.6,0.75,27.4,55.66666666666666
34,53.0,44,39.3,0.7555555555555555,28.7,57.0
35,50.0,45,40.0,0.7608695652173914,30.0,58.333333333333336
36,47.0,46,40.7,0.7659574468085106,31.3,59.66666666666666
37,44.0,47,41.4,0.7708333333333334,32.6,61.0
38,41.0,48,42.1,0.7755102040816326,33.9,62.333333333333336
39,38.0,49,42.8,0.78,35.2,63.66666666666666
40,35.0,50,43.5,0.7843137254901961,36.5,65.0
41,32.0,51,44.2,0.7884615384615384,37.8,66.33333333333333
42,29.0,52,44.9,0.7924528301886793,39.1,67.66666666666667
43,26.0,53,45.6,0.7962962962962963,40.4,69.0
44,23.0,54,46.3,0.8,41.7,70.33333333333333
45,20.0,55,47.0,0.8035714285714286,43.0,71.66666666666667
46,17.0,56,47.7,0.8070175438596491,44.3,73.0
25,80.0,57,33.0,0.4310344827586206,17.0,37.66666666666666
26,77.0,58,33.7,0.4406779661016949,18.3,39.0
27,74.0,59,34.4,0.45,19.6,40.333333333333336
28,71.0,60,35.1,0.4590163934426229,20.9,41.66666666666666
29,68.0,61,35.8,0.4677419354838709,22.2,43.0
30,65.0,62,36.5,0.4761904761904761,23.5,44.333333333333336
31,62.0,63,37.2,0.484375,24.8,45.66666666666666
32,59.0,64,37.9,0.4923076923076923,26.1,47.0
33,56.0,65,38.6,0.5,27.4,48.333333333333336
34,53.0,66,39.3,0.5074626865671642,28.7,49.66666666666666
35,50.0,67,40.0,0.5147058823529411,30.0,51.0
36,47.0,68,40.7,0.5217391304347826,31.3,52.333333333333336
37,44.0,69,41.4,0.5285714285714286,32.6,53.66666666666666
38,41.0,70,42.1,0.5352112676056338,33.9,55.0
39,38.0,71,42.8,0.5416666666666666,35.2,56.333333333333336
40,35.0,72,43.5,0.547945205479452,36.5,57.66666666666666
41,32.0,73,44.2,0.5540540540540541,37.8,59.0
42,29.0,74,44.9,0.56,39.1,60.333333333333336
43,26.0,75,45.6,0.5657894736842105,40.4,61.66666666666666
44,23.0,76,46.3,0.5714285714285714,41.7,63.0
45,20.0,77,47.0,0.5769230769230769,43.0,64.33333333333333
46,17.0,78,47.7,0.5822784810126582,44.3,65.66666666666667
25,80.0,79,33.0,0.3125,17.0,30.33333333333333
26,77.0,80,33.7,0.3209876543209876,18.3,31.666666666666668
27,74.0,81,34.4,0.3292682926829268,19.6,33.0
28,71.0,82,35.1,0.3373493975903614,20.9,34.333333333333336
29,68.0,83,35.8,0.3452380952380952,22.2,35.666666666666664
30,65.0,84,36.5,0.3529411764705882,23.5,37.0
31,62.0,85,37.2,0.3604651162790697,24.8,38.333333333333336
32,59.0,86,37.9,0.367816091954023,26.1,39.66666666666666
33,56.0,87,38.6,0.375,27.4,41.0
34,53.0,88,39.3,0.3820224719101123,28.7,42.333333333333336
35,50.0,89,40.0,0.3888888888888889,30.0,43.66666666666666
36,47.0,90,40.7,0.3956043956043956,31.3,45.0
37,44.0,91,41.4,0.4021739130434782,32.6,46.333333333333336
38,41.0,92,42.1,0.4086021505376344,33.9,47.66666666666666
39,38.0,93,42.8,0.4148936170212766,35.2,49.0
40,35.0,94,43.5,0.4210526315789473,36.5,50.333333333333336
41,32.0,95,44.2,0.4270833333333333,37.8,51.66666666666666
42,29.0,96,44.9,0.4329896907216495,39.1,53.0
43,26.0,97,45.6,0.4387755102040816,40.4,54.333333333333336
44,23.0,98,46.3,0.4444444444444444,41.7,55.66666666666666
45,20.0,99,47.0,0.45,43.0,57.0
46,17.0,100,47.7,0.4554455445544554,44.3,58.333333333333336
25,80.0,1,33.0,12.5,17.0,56.333333333333336
26,77.0,2,33.7,8.666666666666666,18.3,57.66666666666666
27,74.0,3,34.4,6.75,19.6,59.0
28,71.0,4,35.1,5.6,20.9,60.333333333333336
29,68.0,5,35.8,4.833333333333333,22.2,61.66666666666666
30,65.0,6,36.5,4.285714285714286,23.5,63.0
31,62.0,7,37.2,3.875,24.8,64.33333333333333
32,59.0,8,37.9,3.555555555555556,26.1,65.66666666666667
33,56.0,9,38.6,3.3,27.4,67.0
34,53.0,10,39.3,3.090909090909091,28.7,68.33333333333333
35,50.0,11,40.0,2.9166666666666665,30.0,69.66666666666667
36,47.0,12,40.7,2.769230769230769,31.3,71.0
37,44.0,13,41.4,2.642857142857143,32.6,72.33333333333333
38,41.0,14,42.1,2.533333333333333,33.9,73.66666666666667
39,38.0,15,42.8,2.4375,35.2,75.0
40,35.0,16,43.5,2.3529411764705883,36.5,76.33333333333333
41,32.0,17,44.2,2.2777777777777777,37.8,77.66666666666667
42,29.0,18,44.9,2.210526315789474,39.1,79.0
43,26.0,19,45.6,2.15,40.4,80.33333333333333
44,23.0,20,46.3,2.095238095238096,41.7,81.66666666666667
45,20.0,21,47.0,2.0454545454545454,43.0,83.0
46,17.0,22,47.7,2.0,44.3,84.33333333333333
25,80.0,23,33.0,1.0416666666666667,17.0,49.0
26,77.0,24,33.7,1.04,18.3,50.333333333333336
27,74.0,25,34.4,1.0384615384615383,19.6,51.66666666666666
28,71.0,26,35.1,1.037037037037037,20.9,53.0
29,68.0,27,35.8,1.0357142857142858,22.2,54.333333333333336
30,65.0,28,36.5,1.0344827586206895,23.5,55.66666666666666
31,62.0,29,37.2,1.0333333333333334,24.8,57.0
32,59.0,30,37.9,1.032258064516129,26.1,58.333333333333336
33,56.0,31,38.6,1.03125,27.4,59.66666666666666
34,53.0,32,39.3,1.0303030303030305,28.7,61.0
35,50.0,33,40.0,1.0294117647058822,30.0,62.333333333333336
36,47.0,34,40.7,1.0285714285714285,31.3,63.66666666666666
37,44.0,35,41.4,1.0277777777777777,32.6,65.0
38,41.0,36,42.1,1.027027027027027,33.9,66.33333333333333
39,38.0,37,42.8,1.0263157894736843,35.2,67.66666666666667
40,35.0,38,43.5,1.0256410256410255,36.5,69.0
41,32.0,39,44.2,1.025,37.8,70.33333333333333
42,29.0,40,44.9,1.024390243902439,39.1,71.66666666666667
43,26.0,41,45.6,1.0238095238095235,40.4,73.0
44,23.0,42,46.3,1.0232558139534884,41.7,74.33333333333333
45,20.0,43,47.0,1.0227272727272727,43.0,75.66666666666667
46,17.0,44,47.7,1.022222222222222,44.3,77.0
25,80.0,45,33.0,0.5434782608695652,17.0,41.66666666666666
26,77.0,46,33.7,0.5531914893617021,18.3,43.0
27,74.0,47,34.4,0.5625,19.6,44.333333333333336
28,71.0,48,35.1,0.5714285714285714,20.9,45.66666666666666
29,68.0,49,35.8,0.58,22.2,47.0
30,65.0,50,36.5,0.5882352941176471,23.5,48.333333333333336
31,62.0,51,37.2,0.5961538461538461,24.8,49.66666666666666
32,59.0,52,37.9,0.6037735849056604,26.1,51.0
33,56.0,53,38.6,0.6111111111111112,27.4,52.333333333333336
34,53.0,54,39.3,0.6181818181818182,28.7,53.66666666666666
35,50.0,55,40.0,0.625,30.0,55.0
36,47.0,56,40.7,0.631578947368421,31.3,56.333333333333336
37,44.0,57,41.4,0.6379310344827587,32.6,57.66666666666666
38,41.0,58,42.1,0.6440677966101694,33.9,59.0
39,38.0,59,42.8,0.65,35.2,60.333333333333336
40,35.0,60,43.5,0.6557377049180327,36.5,61.66666666666666
41,32.0,61,44.2,0.6612903225806451,37.8,63.0
42,29.0,62,44.9,0.6666666666666666,39.1,64.33333333333333
43,26.0,63,45.6,0.671875,40.4,65.66666666666667
44,23.0,64,46.3,0.676923076923077,41.7,67.0
45,20.0,65,47.0,0.6818181818181818,43.0,68.33333333333333
46,17.0,66,47.7,0.6865671641791045,44.3,69.66666666666667
25,80.0,67,33.0,0.3676470588235294,17.0,34.333333333333336
26,77.0,68,33.7,0.3768115942028985,18.3,35.666666666666664
27,74.0,69,34.4,0.3857142857142857,19.6,37.0
28,71.0,70,35.1,0.3943661971830985,20.9,38.333333333333336
29,68.0,71,35.8,0.4027777777777778,22.2,39.66666666666666
30,65.0,72,36.5,0.410958904109589,23.5,41.0
31,62.0,73,37.2,0.4189189189189189,24.8,42.333333333333336
32,59.0,74,37.9,0.4266666666666667,26.1,43.66666666666666
33,56.0,75,38.6,0.4342105263157895,27.4,45.0
34,53.0,76,39.3,0.4415584415584415,28.7,46.333333333333336
35,50.0,77,40.0,0.4487179487179487,30.0,47.66666666666666
36,47.0,78,40.7,0.4556962025316455,31.3,49.0
37,44.0,79,41.4,0.4625,32.6,50.333333333333336
38,41.0,80,42.1,0.4691358024691358,33.9,51.66666666666666
39,38.0,81,42.8,0.4756097560975609,35.2,53.0
40,35.0,82,43.5,0.4819277108433735,36.5,54.333333333333336
41,32.0,83,44.2,0.4880952380952381,37.8,55.66666666666666
42,29.0,84,44.9,0.4941176470588235,39.1,57.0
43,26.0,85,45.6,0.5,40.4,58.333333333333336
44,23.0,86,46.3,0.5057471264367817,41.7,59.66666666666666
45,20.0,87,47.0,0.5113636363636364,43.0,61.0
46,17.0,88,47.7,0.5168539325842697,44.3,62.333333333333336
25,80.0,89,33.0,0.2777777777777778,17.0,27.0
26,77.0,90,33.7,0.2857142857142857,18.3,28.33333333333333
27,74.0,91,34.4,0.2934782608695652,19.6,29.666666666666668
28,71.0,92,35.1,0.3010752688172043,20.9,31.0
29,68.0,93,35.8,0.3085106382978723,22.2,32.333333333333336
30,65.0,94,36.5,0.3157894736842105,23.5,33.666666666666664
31,62.0,95,37.2,0.3229166666666667,24.8,35.0
32,59.0,96,37.9,0.3298969072164948,26.1,36.333333333333336
33,56.0,97,38.6,0.336734693877551,27.4,37.66666666666666
34,53.0,98,39.3,0.3434343434343434,28.7,39.0
35,50.0,99,40.0,0.35,30.0,40.333333333333336
36,47.0,100,40.7,0.3564356435643564,31.3,41.66666666666666
37,44.0,1,41.4,18.5,32.6,76.33333333333333
38,41.0,2,42.1,12.666666666666666,33.9,77.66666666666667
39,38.0,3,42.8,9.75,35.2,79.0
40,35.0,4,43.5,8.0,36.5,80.33333333333333
41,32.0,5,44.2,6.833333333333333,37.8,81.66666666666667
42,29.0,6,44.9,6.0,39.1,83.0
43,26.0,7,45.6,5.375,40.4,84.33333333333333
44,23.0,8,46.3,4.888888888888889,41.7,85.66666666666667
45,20.0,9,47.0,4.5,43.0,87.0
46,17.0,10,47.7,4.181818181818182,44.3,88.33333333333333
25,80.0,11,33.0,2.083333333333333,17.0,53.0
26,77.0,12,33.7,2.0,18.3,54.333333333333336
27,74.0,13,34.4,1.9285714285714288,19.6,55.66666666666666
28,71.0,14,35.1,1.8666666666666667,20.9,57.0
29,68.0,15,35.8,1.8125,22.2,58.333333333333336
30,65.0,16,36.5,1.7647058823529411,23.5,59.66666666666666
31,62.0,17,37.2,1.7222222222222223,24.8,61.0
32,59.0,18,37.9,1.6842105263157894,26.1,62.333333333333336
33,56.0,19,38.6,1.65,27.4,63.66666666666666
34,53.0,20,39.3,1.619047619047619,28.7,65.0
35,50.0,21,40.0,1.5909090909090908,30.0,66.33333333333333
36,47.0,22,40.7,1.565217391304348,31.3,67.66666666666667
37,44.0,23,41.4,1.5416666666666667,32.6,69.0
38,41.0,24,42.1,1.52,33.9,70.33333333333333
39,38.0,25,42.8,1.5,35.2,71.66666666666667
40,35.0,26,43.5,1.4814814814814814,36.5,73.0
41,32.0,27,44.2,1.4642857142857142,37.8,74.33333333333333
42,29.0,28,44.9,1.4482758620689655,39.1,75.66666666666667
43,26.0,29,45.6,1.4333333333333331,40.4,77.0
44,23.0,30,46.3,1.4193548387096775,41.7,78.33333333333333
45,20.0,31,47.0,1.40625,43.0,79.66666666666667
46,17.0,32,47.7,1.393939393939394,44.3,81.0
25,80.0,33,33.0,0.7352941176470589,17.0,45.66666666666666
26,77.0,34,33.7,0.7428571428571429,18.3,47.0
27,74.0,35,34.4,0.75,19.6,48.333333333333336
28,71.0,36,35.1,0.7567567567567568,20.9,49.66666666666666
29,68.0,37,35.8,0.7631578947368421,22.2,51.0
30,65.0,38,36.5,0.7692307692307693,23.5,52.333333333333336
31,62.0,39,37.2,0.775,24.8,53.66666666666666
32,59.0,40,37.9,0.7804878048780488,26.1,55.0
33,56.0,41,38.6,0.7857142857142857,27.4,56.333333333333336
34,53.0,42,39.3,0.7906976744186046,28.7,57.66666666666666
35,50.0,43,40.0,0.7954545454545454,30.0,59.0
36,47.0,44,40.7,0.8,31.3,60.333333333333336
37,44.0,45,41.4,0.8043478260869565,32.6,61.66666666666666
38,41.0,46,42.1,0.8085106382978723,33.9,63.0
39,38.0,47,42.8,0.8125,35.2,64.33333333333333
40,35.0,48,43.5,0.8163265306122449,36.5,65.66666666666667
41,32.0,49,44.2,0.82,37.8,67.0
42,29.0,50,44.9,0.8235294117647058,39.1,68.33333333333333
43,26.0,51,45.6,0.8269230769230769,40.4,69.66666666666667
44,23.0,52,46.3,0.8301886792452831,41.7,71.0
45,20.0,53,47.0,0.8333333333333334,43.0,72.33333333333333
46,17.0,54,47.7,0.8363636363636363,44.3,73.66666666666667
25,80.0,55,33.0,0.4464285714285714,17.0,38.333333333333336
26,77.0,56,33.7,0.4561403508771929,18.3,39.66666666666666
27,74.0,57,34.4,0.4655172413793103,19.6,41.0
28,71.0,58,35.1,0.4745762711864407,20.9,42.333333333333336
29,68.0,59,35.8,0.4833333333333333,22.2,43.66666666666666
30,65.0,60,36.5,0.4918032786885246,23.5,45.0
31,62.0,61,37.2,0.5,24.8,46.333333333333336
32,59.0,62,37.9,0.5079365079365079,26.1,47.66666666666666
33,56.0,63,38.6,0.515625,27.4,49.0
34,53.0,64,39.3,0.5230769230769231,28.7,50.333333333333336
35,50.0,65,40.0,0.5303030303030303,30.0,51.66666666666666
36,47.0,66,40.7,0.5373134328358209,31.3,53.0
37,44.0,67,41.4,0.5441176470588235,32.6,54.333333333333336
38,41.0,68,42.1,0.5507246376811594,33.9,55.66666666666666
39,38.0,69,42.8,0.5571428571428572,35.2,57.0
40,35.0,70,43.5,0.5633802816901409,36.5,58.333333333333336
41,32.0,71,44.2,0.5694444444444444,37.8,59.66666666666666
42,29.0,72,44.9,0.5753424657534246,39.1,61.0
43,26.0,73,45.6,0.581081081081081,40.4,62.333333333333336
44,23.0,74,46.3,0.5866666666666667,41.7,63.66666666666666
45,20.0,75,47.0,0.5921052631578947,43.0,65.0
46,17.0,76,47.7,0.5974025974025974,44.3,66.33333333333333
25,80.0,77,33.0,0.3205128205128205,17.0,31.0
26,77.0,78,33.7,0.3291139240506329,18.3,32.333333333333336
27,74.0,79,34.4,0.3375,19.6,33.666666666666664
28,71.0,80,35.1,0.345679012345679,20.9,35.0
29,68.0,81,35.8,0.3536585365853658,22.2,36.333333333333336
30,65.0,82,36.5,0.3614457831325301,23.5,37.66666666666666
31,62.0,83,37.2,0.369047619047619,24.8,39.0
32,59.0,84,37.9,0.3764705882352941,26.1,40.333333333333336
33,56.0,85,38.6,0.3837209302325581,27.4,41.66666666666666
34,53.0,86,39.3,0.3908045977011494,28.7,43.0
35,50.0,87,40.0,0.3977272727272727,30.0,44.333333333333336
36,47.0,88,40.7,0.4044943820224719,31.3,45.66666666666666
37,44.0,89,41.4,0.4111111111111111,32.6,47.0
38,41.0,90,42.1,0.4175824175824176,33.9,48.333333333333336
39,38.0,91,42.8,0.4239130434782608,35.2,49.66666666666666
40,35.0,92,43.5,0.4301075268817204,36.5,51.0
41,32.0,93,44.2,0.4361702127659574,37.8,52.333333333333336
42,29.0,94,44.9,0.4421052631578947,39.1,53.66666666666666
43,26.0,95,45.6,0.4479166666666667,40.4,55.0
44,23.0,96,46.3,0.4536082474226804,41.7,56.333333333333336
45,20.0,97,47.0,0.4591836734693877,43.0,57.66666666666666
46,17.0,98,47.7,0.4646464646464646,44.3,59.0
25,80.0,99,33.0,0.25,17.0,23.666666666666668
26,77.0,100,33.7,0.2574257425742574,18.3,25.0
27,74.0,1,34.4,13.5,19.6,59.66666666666666
28,71.0,2,35.1,9.333333333333334,20.9,61.0
29,68.0,3,35.8,7.25,22.2,62.333333333333336
30,65.0,4,36.5,6.0,23.5,63.66666666666666
31,62.0,5,37.2,5.166666666666667,24.8,65.0
32,59.0,6,37.9,4.571428571428571,26.1,66.33333333333333
33,56.0,7,38.6,4.125,27.4,67.66666666666667
34,53.0,8,39.3,3.7777777777777777,28.7,69.0
35,50.0,9,40.0,3.5,30.0,70.33333333333333
36,47.0,10,40.7,3.272727272727273,31.3,71.66666666666667
37,44.0,11,41.4,3.083333333333333,32.6,73.0
38,41.0,12,42.1,2.923076923076923,33.9,74.33333333333333
39,38.0,13,42.8,2.7857142857142856,35.2,75.66666666666667
40,35.0,14,43.5,2.6666666666666665,36.5,77.0
41,32.0,15,44.2,2.5625,37.8,78.33333333333333
42,29.0,16,44.9,2.4705882352941178,39.1,79.66666666666667
43,26.0,17,45.6,2.388888888888889,40.4,81.0
44,23.0,18,46.3,2.3157894736842106,41.7,82.33333333333333
45,20.0,19,47.0,2.25,43.0,83.66666666666667
46,17.0,20,47.7,2.1904761904761907,44.3,85.0
25,80.0,21,33.0,1.1363636363636365,17.0,49.66666666666666
26,77.5,22,33.75,1.1304347826086956,18.25,50.833333333333336
27,75.0,23,34.5,1.125,19.5,52.0
28,72.5,24,35.25,1.12,20.75,53.16666666666666
29,70.0,25,36.0,1.1153846153846154,22.0,54.333333333333336
30,67.5,26,36.75,1.1111111111111112,23.25,55.5
31,65.0,27,37.5,1.1071428571428572,24.5,56.66666666666666
32,62.5,28,38.25,1.103448275862069,25.75,57.833333333333336
33,60.0,29,39.0,1.1,27.0,59.0
34,57.5,30,39.75,1.096774193548387,28.25,60.16666666666666
35,55.0,31,40.5,1.09375,29.5,61.333333333333336
36,52.5,32,41.25,1.0909090909090908,30.75,62.5
37,50.0,33,42.0,1.088235294117647,32.0,63.66666666666666
38,47.5,34,42.75,1.0857142857142856,33.25,64.83333333333333
39,45.0,35,43.5,1.0833333333333333,34.5,66.0
40,42.5,36,44.25,1.0810810810810811,35.75,67.16666666666667
41,40.0,37,45.0,1.0789473684210529,37.0,68.33333333333333
42,37.5,38,45.75,1.0769230769230769,38.25,69.5
43,35.0,39,46.5,1.075,39.5,70.66666666666667
44,32.5,40,47.25,1.0731707317073171,40.75,71.83333333333333
45,30.0,41,48.0,1.0714285714285714,42.0,73.0
46,27.5,42,48.75,1.069767441860465,43.25,74.16666666666667
25,80.0,43,33.0,0.5681818181818182,17.0,42.333333333333336
26,77.3,44,33.730000000000004,0.5777777777777777,18.27,43.56666666666666
27,74.6,45,34.46,0.5869565217391305,19.54,44.8
28,71.9,46,35.19,0.5957446808510638,20.81,46.03333333333333
29,69.2,47,35.92,0.6041666666666666,22.08,47.26666666666667
30,66.5,48,36.65,0.6122448979591837,23.35,48.5
31,63.8,49,37.38,0.62,24.62,49.73333333333333
32,61.1,50,38.11,0.6274509803921569,25.89,50.96666666666667
33,58.4,51,38.84,0.6346153846153846,27.16,52.2
34,55.7,52,39.57,0.6415094339622641,28.43,53.43333333333334
35,53.0,53,40.3,0.6481481481481481,29.7,54.66666666666666
36,50.3,54,41.03,0.6545454545454545,30.97,55.9
37,47.6,55,41.76,0.6607142857142857,32.24,57.13333333333333
38,44.9,56,42.49,0.6666666666666666,33.51,58.36666666666667
39,42.2,57,43.22,0.6724137931034483,34.78,59.6
40,39.5,58,43.95,0.6779661016949152,36.05,60.833333333333336
41,36.8,59,44.68,0.6833333333333333,37.32,62.06666666666666
42,34.1,60,45.41,0.6885245901639344,38.59,63.3
43,31.4,61,46.14,0.6935483870967742,39.86,64.53333333333333
44,28.7,62,46.87,0.6984126984126984,41.13,65.76666666666667
45,26.0,63,47.6,0.703125,42.4,67.0
46,23.3,64,48.33,0.7076923076923077,43.67,68.23333333333333
25,80.0,65,33.0,0.3787878787878788,17.0,35.0
26,78.0,66,33.8,0.3880597014925373,18.2,36.0
27,76.0,67,34.6,0.3970588235294117,19.4,37.0
28,74.0,68,35.4,0.4057971014492754,20.6,38.0
29,72.0,69,36.2,0.4142857142857143,21.8,39.0
30,70.0,70,37.0,0.4225352112676056,23.0,40.0
31,68.0,71,37.8,0.4305555555555556,24.2,41.0
32,66.0,72,38.6,0.4383561643835616,25.4,42.0
33,64.0,73,39.4,0.4459459459459459,26.6,43.0
34,62.0,74,40.2,0.4533333333333333,27.8,44.0
35,60.0,75,41.0,0.4605263157894737,29.0,45.0
36,58.0,76,41.8,0.4675324675324675,30.2,46.0
37,56.0,77,42.6,0.4743589743589743,31.4,47.0
38,54.0,78,43.4,0.4810126582278481,32.6,48.0
39,52.0,79,44.2,0.4875,33.8,49.0
40,50.0,80,45.0,0.4938271604938271,35.0,50.0
41,48.0,81,45.8,0.5,36.2,51.0
42,46.0,82,46.6,0.5060240963855421,37.4,52.0
43,44.0,83,47.4,0.5119047619047619,38.6,53.0
44,42.0,84,48.2,0.5176470588235295,39.8,54.0
45,40.0,85,49.0,0.5232558139534884,41.0,55.0
46,38.0,86,49.8,0.5287356321839081,42.2,56.0
25,80.0,87,33.0,0.2840909090909091,17.0,27.666666666666668
26,78.0,88,33.8,0.2921348314606741,18.2,28.666666666666668
27,76.0,89,34.6,0.3,19.4,29.666666666666668
28,74.0,90,35.4,0.3076923076923077,20.6,30.666666666666668
29,72.0,91,36.2,0.3152173913043478,21.8,31.666666666666668
30,70.0,92,37.0,0.3225806451612903,23.0,32.666666666666664
31,68.0,93,37.8,0.3297872340425531,24.2,33.666666666666664
32,66.0,94,38.6,0.3368421052631579,25.4,34.666666666666664
33,64.0,95,39.4,0.34375,26.6,35.666666666666664
34,62.0,96,40.2,0.3505154639175257,27.8,36.66666666666666
35,60.0,97,41.0,0.3571428571428571,29.0,37.66666666666666
36,58.0,98,41.8,0.3636363636363636,30.2,38.66666666666666
37,56.0,99,42.6,0.37,31.4,39.66666666666666
38,54.0,100,43.4,0.3762376237623762,32.6,40.66666666666666
39,52.0,1,44.2,19.5,33.8,75.0
40,50.0,2,45.0,13.333333333333334,35.0,76.0
41,48.0,3,45.8,10.25,36.2,77.0
42,46.0,4,46.6,8.4,37.4,78.0
43,44.0,5,47.4,7.166666666666667,38.6,79.0
44,42.0,6,48.2,6.285714285714286,39.8,80.0
45,40.0,7,49.0,5.625,41.0,81.0
46,38.0,8,49.8,5.111111111111111,42.2,82.0
25,80.0,9,33.0,2.5,17.0,53.66666666666666
26,77.0,10,33.7,2.363636363636364,18.3,55.0
27,74.0,11,34.4,2.25,19.6,56.333333333333336
28,71.0,12,35.1,2.1538461538461537,20.9,57.66666666666666
29,68.0,13,35.8,2.071428571428572,22.2,59.0
30,65.0,14,36.5,2.0,23.5,60.333333333333336
31,62.0,15,37.2,1.9375,24.8,61.66666666666666
32,59.0,16,37.9,1.8823529411764703,26.1,63.0
33,56.0,17,38.6,1.8333333333333333,27.4,64.33333333333333
34,53.0,18,39.3,1.7894736842105263,28.7,65.66666666666667
35,50.0,19,40.0,1.75,30.0,67.0
36,47.0,20,40.7,1.7142857142857142,31.3,68.33333333333333
37,44.0,21,41.4,1.681818181818182,32.6,69.66666666666667
38,41.0,22,42.1,1.6521739130434785,33.9,71.0
39,38.0,23,42.8,1.625,35.2,72.33333333333333
40,35.0,24,43.5,1.6,36.5,73.66666666666667
41,32.0,25,44.2,1.5769230769230769,37.8,75.0
42,29.0,26,44.9,1.5555555555555556,39.1,76.33333333333333
43,26.0,27,45.6,1.5357142857142858,40.4,77.66666666666667
44,23.0,28,46.3,1.5172413793103448,41.7,79.0
45,20.0,29,47.0,1.5,43.0,80.33333333333333
46,17.0,30,47.7,1.4838709677419355,44.3,81.66666666666667
25,80.0,31,33.0,0.78125,17.0,46.333333333333336
26,77.0,32,33.7,0.7878787878787878,18.3,47.66666666666666
27,74.0,33,34.4,0.7941176470588235,19.6,49.0
28,71.0,34,35.1,0.8,20.9,50.333333333333336
29,68.0,35,35.8,0.8055555555555556,22.2,51.66666666666666
30,65.0,36,36.5,0.8108108108108109,23.5,53.0
31,62.0,37,37.2,0.8157894736842105,24.8,54.333333333333336
32,59.0,38,37.9,0.8205128205128205,26.1,55.66666666666666
33,56.0,39,38.6,0.825,27.4,57.0
34,53.0,40,39.3,0.8292682926829268,28.7,58.333333333333336
35,50.0,41,40.0,0.8333333333333334,30.0,59.66666666666666
36,47.0,42,40.7,0.8372093023255814,31.3,61.0
37,44.0,43,41.4,0.8409090909090909,32.6,62.333333333333336
38,41.0,44,42.1,0.8444444444444444,33.9,63.66666666666666
39,38.0,45,42.8,0.8478260869565217,35.2,65.0
40,35.0,46,43.5,0.851063829787234,36.5,66.33333333333333
41,32.0,47,44.2,0.8541666666666666,37.8,67.66666666666667
42,29.0,48,44.9,0.8571428571428571,39.1,69.0
43,26.0,49,45.6,0.86,40.4,70.33333333333333
44,23.0,50,46.3,0.8627450980392157,41.7,71.66666666666667
45,20.0,51,47.0,0.8653846153846154,43.0,73.0
46,17.0,52,47.7,0.8679245283018868,44.3,74.33333333333333
25,80.0,53,33.0,0.4629629629629629,17.0,39.0
26,77.0,54,33.7,0.4727272727272727,18.3,40.333333333333336
27,74.0,55,34.4,0.4821428571428571,19.6,41.66666666666666
28,71.0,56,35.1,0.4912280701754385,20.9,43.0
29,68.0,57,35.8,0.5,22.2,44.333333333333336
30,65.0,58,36.5,0.5084745762711864,23.5,45.66666666666666
31,62.0,59,37.2,0.5166666666666667,24.8,47.0
32,59.0,60,37.9,0.5245901639344263,26.1,48.333333333333336
33,56.0,61,38.6,0.532258064516129,27.4,49.66666666666666
34,53.0,62,39.3,0.5396825396825397,28.7,51.0
35,50.0,63,40.0,0.546875,30.0,52.333333333333336
36,47.0,64,40.7,0.5538461538461539,31.3,53.66666666666666
37,44.0,65,41.4,0.5606060606060606,32.6,55.0
38,41.0,66,42.1,0.5671641791044776,33.9,56.333333333333336
39,38.0,67,42.8,0.5735294117647058,35.2,57.66666666666666
40,35.0,68,43.5,0.5797101449275363,36.5,59.0
41,32.0,69,44.2,0.5857142857142857,37.8,60.333333333333336
42,29.0,70,44.9,0.5915492957746479,39.1,61.66666666666666
43,26.0,71,45.6,0.5972222222222222,40.4,63.0
44,23.0,72,46.3,0.6027397260273972,41.7,64.33333333333333
45,20.0,73,47.0,0.6081081081081081,43.0,65.66666666666667
46,17.0,74,47.7,0.6133333333333333,44.3,67.0
25,80.0,75,33.0,0.3289473684210526,17.0,31.666666666666668
26,77.3,76,33.730000000000004,0.3376623376623376,18.27,32.9
27,74.6,77,34.46,0.3461538461538461,19.54,34.13333333333333
28,71.9,78,35.19,0.3544303797468354,20.81,35.36666666666667
29,69.2,79,35.92,0.3625,22.08,36.6
30,66.5,80,36.65,0.3703703703703703,23.35,37.833333333333336
31,63.8,81,37.38,0.3780487804878049,24.62,39.06666666666667
32,61.1,82,38.11,0.3855421686746988,25.89,40.3
33,58.4,83,38.84,0.3928571428571428,27.16,41.53333333333333
34,55.7,84,39.57,0.4,28.43,42.76666666666667
35,53.0,85,40.3,0.4069767441860465,29.7,44.0
36,50.3,86,41.03,0.4137931034482758,30.97,45.23333333333333
37,47.6,87,41.76,0.4204545454545454,32.24,46.46666666666667
38,44.9,88,42.49,0.4269662921348314,33.51,47.7
39,42.2,89,43.22,0.4333333333333333,34.78,48.93333333333334
40,39.5,90,43.95,0.4395604395604395,36.05,50.16666666666666
41,36.8,91,44.68,0.4456521739130434,37.32,51.4
42,34.1,92,45.41,0.4516129032258064,38.59,52.63333333333333
43,31.4,93,46.14,0.4574468085106383,39.86,53.86666666666667
44,28.7,94,46.87,0.4631578947368421,41.13,55.1
45,26.0,95,47.6,0.46875,42.4,56.333333333333336
46,23.3,96,48.33,0.4742268041237113,43.67,57.56666666666666
25,80.0,97,33.0,0.2551020408163265,17.0,24.33333333333333
26,77.0,98,33.7,0.2626262626262626,18.3,25.666666666666668
27,74.0,99,34.4,0.27,19.6,27.0
28,71.0,100,35.1,0.2772277227722772,20.9,28.33333333333333
29,68.0,1,35.8,14.5,22.2,63.0
30,65.0,2,36.5,10.0,23.5,64.33333333333333
31,62.0,3,37.2,7.75,24.8,65.66666666666667
32,59.0,4,37.9,6.4,26.1,67.0
33,56.0,5,38.6,5.5,27.4,68.33333333333333
34,53.0,6,39.3,4.857142857142857,28.7,69.66666666666667
35,50.0,7,40.0,4.375,30.0,71.0
36,47.0,8,40.7,4.0,31.3,72.33333333333333
37,44.0,9,41.4,3.7,32.6,73.66666666666667
38,41.0,10,42.1,3.4545454545454546,33.9,75.0
39,38.0,11,42.8,3.25,35.2,76.33333333333333
40,35.0,12,43.5,3.076923076923077,36.5,77.66666666666667
41,32.0,13,44.2,2.9285714285714284,37.8,79.0
42,29.0,14,44.9,2.8,39.1,80.33333333333333
43,26.0,15,45.6,2.6875,40.4,81.66666666666667
44,23.0,16,46.3,2.588235294117647,41.7,83.0
45,20.0,17,47.0,2.5,43.0,84.33333333333333
46,17.0,18,47.7,2.421052631578948,44.3,85.66666666666667
25,80.0,19,33.0,1.25,17.0,50.333333333333336
26,77.0,20,33.7,1.238095238095238,18.3,51.66666666666666
27,74.0,21,34.4,1.2272727272727273,19.6,53.0
28,71.0,22,35.1,1.2173913043478262,20.9,54.333333333333336
29,68.0,23,35.8,1.2083333333333333,22.2,55.66666666666666
30,65.0,24,36.5,1.2,23.5,57.0
31,62.0,25,37.2,1.1923076923076923,24.8,58.333333333333336
32,59.0,26,37.9,1.1851851851851851,26.1,59.66666666666666
33,56.0,27,38.6,1.1785714285714286,27.4,61.0
34,53.0,28,39.3,1.1724137931034482,28.7,62.333333333333336
35,50.0,29,40.0,1.1666666666666667,30.0,63.66666666666666
36,47.0,30,40.7,1.1612903225806452,31.3,65.0
37,44.0,31,41.4,1.15625,32.6,66.33333333333333
38,41.0,32,42.1,1.1515151515151516,33.9,67.66666666666667
39,38.0,33,42.8,1.1470588235294117,35.2,69.0
40,35.0,34,43.5,1.1428571428571428,36.5,70.33333333333333
41,32.0,35,44.2,1.1388888888888888,37.8,71.66666666666667
42,29.0,36,44.9,1.135135135135135,39.1,73.0
43,26.0,37,45.6,1.131578947368421,40.4,74.33333333333333
44,23.0,38,46.3,1.1282051282051282,41.7,75.66666666666667
45,20.0,39,47.0,1.125,43.0,77.0
46,17.0,40,47.7,1.1219512195121952,44.3,78.33333333333333
25,80.0,41,33.0,0.5952380952380952,17.0,43.0
26,77.5,42,33.75,0.6046511627906976,18.25,44.16666666666666
27,75.0,43,34.5,0.6136363636363636,19.5,45.333333333333336
28,72.5,44,35.25,0.6222222222222222,20.75,46.5
29,70.0,45,36.0,0.6304347826086957,22.0,47.66666666666666
30,67.5,46,36.75,0.6382978723404256,23.25,48.833333333333336
31,65.0,47,37.5,0.6458333333333334,24.5,50.0
32,62.5,48,38.25,0.6530612244897959,25.75,51.16666666666666
33,60.0,49,39.0,0.66,27.0,52.333333333333336
34,57.5,50,39.75,0.6666666666666666,28.25,53.5
35,55.0,51,40.5,0.6730769230769231,29.5,54.66666666666666
36,52.5,52,41.25,0.6792452830188679,30.75,55.833333333333336
37,50.0,53,42.0,0.6851851851851852,32.0,57.0
38,47.5,54,42.75,0.6909090909090909,33.25,58.16666666666666
39,45.0,55,43.5,0.6964285714285714,34.5,59.333333333333336
40,42.5,56,44.25,0.7017543859649122,35.75,60.5
41,40.0,57,45.0,0.7068965517241379,37.0,61.66666666666666
42,37.5,58,45.75,0.711864406779661,38.25,62.833333333333336
43,35.0,59,46.5,0.7166666666666667,39.5,64.0
44,32.5,60,47.25,0.7213114754098361,40.75,65.16666666666667
45,30.0,61,48.0,0.7258064516129032,42.0,66.33333333333333
46,27.5,62,48.75,0.7301587301587301,43.25,67.5
25,80.0,63,33.0,0.390625,17.0,35.666666666666664
26,77.3,64,33.730000000000004,0.4,18.27,36.9
27,74.6,65,34.46,0.4090909090909091,19.54,38.13333333333333
28,71.9,66,35.19,0.417910447761194,20.81,39.36666666666667
29,69.2,67,35.92,0.4264705882352941,22.08,40.6
30,66.5,68,36.65,0.4347826086956521,23.35,41.833333333333336
31,63.8,69,37.38,0.4428571428571428,24.62,43.06666666666666
32,61.1,70,38.11,0.4507042253521127,25.89,44.3
33,58.4,71,38.84,0.4583333333333333,27.16,45.53333333333333
34,55.7,72,39.57,0.4657534246575342,28.43,46.76666666666667
35,53.0,73,40.3,0.4729729729729729,29.7,48.0
36,50.3,74,41.03,0.48,30.97,49.23333333333333
37,47.6,75,41.76,0.4868421052631579,32.24,50.46666666666667
38,44.9,76,42.49,0.4935064935064935,33.51,51.7
39,42.2,77,43.22,0.5,34.78,52.93333333333334
40,39.5,78,43.95,0.5063291139240507,36.05,54.16666666666666
41,36.8,79,44.68,0.5125,37.32,55.4
42,34.1,80,45.41,0.5185185185185185,38.59,56.63333333333333
43,31.4,81,46.14,0.524390243902439,39.86,57.86666666666667
44,28.7,82,46.87,0.5301204819277109,41.13,59.1
45,26.0,83,47.6,0.5357142857142857,42.4,60.333333333333336
46,23.3,84,48.33,0.5411764705882353,43.67,61.56666666666666
25,80.0,85,33.0,0.2906976744186046,17.0,28.33333333333333
26,78.0,86,33.8,0.2988505747126437,18.2,29.33333333333333
27,76.0,87,34.6,0.3068181818181818,19.4,30.33333333333333
28,74.0,88,35.4,0.3146067415730337,20.6,31.33333333333333
29,72.0,89,36.2,0.3222222222222222,21.8,32.333333333333336
30,70.0,90,37.0,0.3296703296703296,23.0,33.333333333333336
31,68.0,91,37.8,0.3369565217391304,24.2,34.333333333333336
32,66.0,92,38.6,0.3440860215053763,25.4,35.333333333333336
33,64.0,93,39.4,0.351063829787234,26.6,36.333333333333336
34,62.0,94,40.2,0.3578947368421052,27.8,37.333333333333336
35,60.0,95,41.0,0.3645833333333333,29.0,38.333333333333336
36,58.0,96,41.8,0.3711340206185567,30.2,39.333333333333336
37,56.0,97,42.6,0.3775510204081632,31.4,40.333333333333336
38,54.0,98,43.4,0.3838383838383838,32.6,41.333333333333336
39,52.0,99,44.2,0.39,33.8,42.333333333333336
40,50.0,100,45.0,0.396039603960396,35.0,43.333333333333336
41,48.0,1,45.8,20.5,36.2,77.66666666666667
42,46.0,2,46.6,14.0,37.4,78.66666666666667
43,44.0,3,47.4,10.75,38.6,79.66666666666667
44,42.0,4,48.2,8.8,39.8,80.66666666666667
45,40.0,5,49.0,7.5,41.0,81.66666666666667
46,38.0,6,49.8,6.571428571428571,42.2,82.66666666666667
25,80.0,7,33.0,3.125,17.0,54.333333333333336
26,78.0,8,33.8,2.888888888888889,18.2,55.333333333333336
27,76.0,9,34.6,2.7,19.4,56.333333333333336
28,74.0,10,35.4,2.5454545454545454,20.6,57.333333333333336
29,72.0,11,36.2,2.4166666666666665,21.8,58.333333333333336
30,70.0,12,37.0,2.3076923076923075,23.0,59.333333333333336
31,68.0,13,37.8,2.2142857142857144,24.2,60.333333333333336
32,66.0,14,38.6,2.1333333333333333,25.4,61.333333333333336
33,64.0,15,39.4,2.0625,26.6,62.333333333333336
34,62.0,16,40.2,2.0,27.8,63.333333333333336
35,60.0,17,41.0,1.9444444444444444,29.0,64.33333333333333
36,58.0,18,41.8,1.894736842105263,30.2,65.33333333333333
37,56.0,19,42.6,1.85,31.4,66.33333333333333
38,54.0,20,43.4,1.809523809523809,32.6,67.33333333333333
39,52.0,21,44.2,1.7727272727272727,33.8,68.33333333333333
40,50.0,22,45.0,1.7391304347826086,35.0,69.33333333333333
41,48.0,23,45.8,1.7083333333333333,36.2,70.33333333333333
42,46.0,24,46.6,1.68,37.4,71.33333333333333
43,44.0,25,47.4,1.6538461538461535,38.6,72.33333333333333
44,42.0,26,48.2,1.6296296296296295,39.8,73.33333333333333
45,40.0,27,49.0,1.6071428571428572,41.0,74.33333333333333
46,38.0,28,49.8,1.5862068965517242,42.2,75.33333333333333
25,80.0,29,33.0,0.8333333333333334,17.0,47.0
26,77.0,30,33.7,0.8387096774193549,18.3,48.333333333333336
27,74.0,31,34.4,0.84375,19.6,49.66666666666666
28,71.0,32,35.1,0.8484848484848485,20.9,51.0
29,68.0,33,35.8,0.8529411764705882,22.2,52.333333333333336
30,65.0,34,36.5,0.8571428571428571,23.5,53.66666666666666
31,62.0,35,37.2,0.8611111111111112,24.8,55.0
32,59.0,36,37.9,0.8648648648648649,26.1,56.333333333333336
33,56.0,37,38.6,0.868421052631579,27.4,57.66666666666666
34,53.0,38,39.3,0.8717948717948718,28.7,59.0
35,50.0,39,40.0,0.875,30.0,60.333333333333336
36,47.0,40,40.7,0.8780487804878049,31.3,61.66666666666666
37,44.0,41,41.4,0.8809523809523809,32.6,63.0
38,41.0,42,42.1,0.8837209302325582,33.9,64.33333333333333
39,38.0,43,42.8,0.8863636363636364,35.2,65.66666666666667
40,35.0,44,43.5,0.8888888888888888,36.5,67.0
41,32.0,45,44.2,0.8913043478260869,37.8,68.33333333333333
42,29.0,46,44.9,0.8936170212765957,39.1,69.66666666666667
43,26.0,47,45.6,0.8958333333333334,40.4,71.0
44,23.0,48,46.3,0.8979591836734694,41.7,72.33333333333333
45,20.0,49,47.0,0.9,43.0,73.66666666666667
46,17.0,50,47.7,0.9019607843137256,44.3,75.0
25,80.0,51,33.0,0.4807692307692308,17.0,39.66666666666666
26,77.0,52,33.7,0.490566037735849,18.3,41.0
27,74.0,53,34.4,0.5,19.6,42.333333333333336
28,71.0,54,35.1,0.509090909090909,20.9,43.66666666666666
29,68.0,55,35.8,0.5178571428571429,22.2,45.0
30,65.0,56,36.5,0.5263157894736842,23.5,46.333333333333336
31,62.0,57,37.2,0.5344827586206896,24.8,47.66666666666666
32,59.0,58,37.9,0.5423728813559322,26.1,49.0
33,56.0,59,38.6,0.55,27.4,50.333333333333336
34,53.0,60,39.3,0.5573770491803278,28.7,51.66666666666666
35,50.0,61,40.0,0.5645161290322581,30.0,53.0
36,47.0,62,40.7,0.5714285714285714,31.3,54.333333333333336
37,44.0,63,41.4,0.578125,32.6,55.66666666666666
38,41.0,64,42.1,0.5846153846153846,33.9,57.0
39,38.0,65,42.8,0.5909090909090909,35.2,58.333333333333336
40,35.0,66,43.5,0.5970149253731343,36.5,59.66666666666666
41,32.0,67,44.2,0.6029411764705882,37.8,61.0
42,29.0,68,44.9,0.6086956521739131,39.1,62.333333333333336
43,26.0,69,45.6,0.6142857142857143,40.4,63.66666666666666
44,23.0,70,46.3,0.6197183098591549,41.7,65.0
45,20.0,71,47.0,0.625,43.0,66.33333333333333
46,17.0,72,47.7,0.6301369863013698,44.3,67.66666666666667
25,80.0,73,33.0,0.3378378378378378,17.0,32.333333333333336
26,77.0,74,33.7,0.3466666666666667,18.3,33.666666666666664
27,74.0,75,34.4,0.3552631578947368,19.6,35.0
28,71.0,76,35.1,0.3636363636363636,20.9,36.333333333333336
29,68.0,77,35.8,0.3717948717948718,22.2,37.66666666666666
30,65.0,78,36.5,0.379746835443038,23.5,39.0
31,62.0,79,37.2,0.3875,24.8,40.333333333333336
32,59.0,80,37.9,0.3950617283950617,26.1,41.66666666666666
33,56.0,81,38.6,0.4024390243902439,27.4,43.0
34,53.0,82,39.3,0.4096385542168674,28.7,44.333333333333336
35,50.0,83,40.0,0.4166666666666667,30.0,45.66666666666666
36,47.0,84,40.7,0.4235294117647059,31.3,47.0
37,44.0,85,41.4,0.4302325581395348,32.6,48.333333333333336
38,41.0,86,42.1,0.4367816091954023,33.9,49.66666666666666
39,38.0,87,42.8,0.4431818181818182,35.2,51.0
40,35.0,88,43.5,0.449438202247191,36.5,52.333333333333336
41,32.0,89,44.2,0.4555555555555555,37.8,53.66666666666666
42,29.0,90,44.9,0.4615384615384615,39.1,55.0
43,26.0,91,45.6,0.4673913043478261,40.4,56.333333333333336
44,23.0,92,46.3,0.4731182795698925,41.7,57.66666666666666
45,20.0,93,47.0,0.4787234042553192,43.0,59.0
46,17.0,94,47.7,0.4842105263157895,44.3,60.333333333333336
25,80.0,95,33.0,0.2604166666666667,17.0,25.0
26,77.3,96,33.730000000000004,0.268041237113402,18.27,26.23333333333333
27,74.6,97,34.46,0.2755102040816326,19.54,27.46666666666667
28,71.9,98,35.19,0.2828282828282828,20.81,28.7
29,69.2,99,35.92,0.29,22.08,29.933333333333334
30,66.5,100,36.65,0.297029702970297,23.35,31.166666666666668
31,63.8,1,37.38,15.5,24.62,65.73333333333333
32,61.1,2,38.11,10.666666666666666,25.89,66.96666666666667
33,58.4,3,38.84,8.25,27.16,68.2
34,55.7,4,39.57,6.8,28.43,69.43333333333334
35,53.0,5,40.3,5.833333333333333,29.7,70.66666666666667
36,50.3,6,41.03,5.142857142857143,30.97,71.89999999999999
37,47.6,7,41.76,4.625,32.24,73.13333333333334
38,44.9,8,42.49,4.222222222222222,33.51,74.36666666666666
39,42.2,9,43.22,3.9,34.78,75.60000000000001
40,39.5,10,43.95,3.636363636363636,36.05,76.83333333333333
41,36.8,11,44.68,3.4166666666666665,37.32,78.06666666666666
42,34.1,12,45.41,3.230769230769231,38.59,79.3
43,31.4,13,46.14,3.071428571428572,39.86,80.53333333333333
44,28.7,14,46.87,2.933333333333333,41.13,81.76666666666667
45,26.0,15,47.6,2.8125,42.4,83.0
46,23.3,16,48.33,2.7058823529411766,43.67,84.23333333333333
25,80.0,17,33.0,1.3888888888888888,17.0,51.0
26,77.0,18,33.7,1.368421052631579,18.3,52.333333333333336
27,74.0,19,34.4,1.35,19.6,53.66666666666666
28,71.0,20,35.1,1.3333333333333333,20.9,55.0
29,68.0,21,35.8,1.318181818181818,22.2,56.333333333333336
30,65.0,22,36.5,1.3043478260869563,23.5,57.66666666666666
31,62.0,23,37.2,1.2916666666666667,24.8,59.0
32,59.0,24,37.9,1.28,26.1,60.333333333333336
33,56.0,25,38.6,1.2692307692307692,27.4,61.66666666666666
34,53.0,26,39.3,1.2592592592592593,28.7,63.0
35,50.0,27,40.0,1.25,30.0,64.33333333333333
36,47.0,28,40.7,1.2413793103448276,31.3,65.66666666666667
37,44.0,29,41.4,1.2333333333333334,32.6,67.0
38,41.0,30,42.1,1.2258064516129032,33.9,68.33333333333333
39,38.0,31,42.8,1.21875,35.2,69.66666666666667
40,35.0,32,43.5,1.2121212121212122,36.5,71.0
41,32.0,33,44.2,1.2058823529411764,37.8,72.33333333333333
42,29.0,34,44.9,1.2,39.1,73.66666666666667
43,26.0,35,45.6,1.1944444444444444,40.4,75.0
44,23.0,36,46.3,1.1891891891891893,41.7,76.33333333333333
45,20.0,37,47.0,1.1842105263157894,43.0,77.66666666666667
46,17.0,38,47.7,1.1794871794871795,44.3,79.0
25,80.0,39,33.0,0.625,17.0,43.66666666666666
26,77.5,40,33.75,0.6341463414634146,18.25,44.833333333333336
27,75.0,41,34.5,0.6428571428571429,19.5,46.0
28,72.5,42,35.25,0.6511627906976745,20.75,47.16666666666666
29,70.0,43,36.0,0.6590909090909091,22.0,48.333333333333336
30,67.5,44,36.75,0.6666666666666666,23.25,49.5
31,65.0,45,37.5,0.6739130434782609,24.5,50.66666666666666
32,62.5,46,38.25,0.6808510638297872,25.75,51.833333333333336
33,60.0,47,39.0,0.6875,27.0,53.0
34,57.5,48,39.75,0.6938775510204082,28.25,54.16666666666666
35,55.0,49,40.5,0.7,29.5,55.333333333333336
36,52.5,50,41.25,0.7058823529411765,30.75,56.5
37,50.0,51,42.0,0.7115384615384616,32.0,57.66666666666666
38,47.5,52,42.75,0.7169811320754716,33.25,58.833333333333336
39,45.0,53,43.5,0.7222222222222222,34.5,60.0
40,42.5,54,44.25,0.7272727272727273,35.75,61.16666666666666
41,40.0,55,45.0,0.7321428571428571,37.0,62.333333333333336
42,37.5,56,45.75,0.7368421052631579,38.25,63.5
43,35.0,57,46.5,0.7413793103448276,39.5,64.66666666666667
44,32.5,58,47.25,0.7457627118644068,40.75,65.83333333333333
45,30.0,59,48.0,0.75,42.0,67.0
46,27.5,60,48.75,0.7540983606557377,43.25,68.16666666666667
25,80.0,61,33.0,0.4032258064516129,17.0,36.333333333333336
26,77.3,62,33.730000000000004,0.4126984126984127,18.27,37.56666666666667
27,74.6,63,34.46,0.421875,19.54,38.8
28,71.9,64,35.19,0.4307692307692308,20.81,40.03333333333333
29,69.2,65,35.92,0.4393939393939394,22.08,41.266666666666666
30,66.5,66,36.65,0.4477611940298507,23.35,42.5
31,63.8,67,37.38,0.4558823529411764,24.62,43.73333333333333
32,61.1,68,38.11,0.463768115942029,25.89,44.96666666666667
33,58.4,69,38.84,0.4714285714285714,27.16,46.2
34,55.7,70,39.57,0.4788732394366197,28.43,47.43333333333334
35,53.0,71,40.3,0.4861111111111111,29.7,48.66666666666666
36,50.3,72,41.03,0.4931506849315068,30.97,49.9
37,47.6,73,41.76,0.5,32.24,51.13333333333333
38,44.9,74,42.49,0.5066666666666667,33.51,52.36666666666667
39,42.2,75,43.22,0.5131578947368421,34.78,53.6
40,39.5,76,43.95,0.5194805194805194,36.05,54.833333333333336
41,36.8,77,44.68,0.5256410256410257,37.32,56.06666666666666
42,34.1,78,45.41,0.5316455696202531,38.59,57.3
43,31.4,79,46.14,0.5375,39.86,58.53333333333333
44,28.7,80,46.87,0.5432098765432098,41.13,59.76666666666667
45,26.0,81,47.6,0.5487804878048781,42.4,61.0
46,23.3,82,48.33,0.5542168674698795,43.67,62.23333333333333
25,80.0,83,33.0,0.2976190476190476,17.0,29.0
26,77.0,84,33.7,0.3058823529411765,18.3,30.33333333333333
27,74.0,85,34.4,0.313953488372093,19.6,31.666666666666668
28,71.0,86,35.1,0.3218390804597701,20.9,33.0
29,68.0,87,35.8,0.3295454545454545,22.2,34.333333333333336
30,65.0,88,36.5,0.3370786516853932,23.5,35.666666666666664
31,62.0,89,37.2,0.3444444444444444,24.8,37.0
32,59.0,90,37.9,0.3516483516483517,26.1,38.333333333333336
33,56.0,91,38.6,0.358695652173913,27.4,39.66666666666666
34,53.0,92,39.3,0.3655913978494624,28.7,41.0
35,50.0,93,40.0,0.3723404255319149,30.0,42.333333333333336
36,47.0,94,40.7,0.3789473684210526,31.3,43.66666666666666
37,44.0,95,41.4,0.3854166666666667,32.6,45.0
38,41.0,96,42.1,0.3917525773195876,33.9,46.333333333333336
39,38.0,97,42.8,0.3979591836734694,35.2,47.66666666666666
40,35.0,98,43.5,0.404040404040404,36.5,49.0
41,32.0,99,44.2,0.41,37.8,50.333333333333336
42,29.0,100,44.9,0.4158415841584158,39.1,51.66666666666666
43,26.0,1,45.6,21.5,40.4,86.33333333333333
44,23.0,2,46.3,14.666666666666666,41.7,87.66666666666667
45,20.0,3,47.0,11.25,43.0,89.0
46,17.0,4,47.7,9.2,44.3,90.33333333333331
25,80.0,5,33.0,4.166666666666667,17.0,55.0
26,77.5,6,33.75,3.7142857142857135,18.25,56.16666666666666
27,75.0,7,34.5,3.375,19.5,57.333333333333336
28,72.5,8,35.25,3.111111111111111,20.75,58.5
29,70.0,9,36.0,2.9,22.0,59.66666666666666
30,67.5,10,36.75,2.727272727272727,23.25,60.833333333333336
31,65.0,11,37.5,2.583333333333333,24.5,62.0
32,62.5,12,38.25,2.4615384615384617,25.75,63.16666666666666
33,60.0,13,39.0,2.357142857142857,27.0,64.33333333333333
34,57.5,14,39.75,2.2666666666666666,28.25,65.5
35,55.0,15,40.5,2.1875,29.5,66.66666666666667
36,52.5,16,41.25,2.117647058823529,30.75,67.83333333333333
37,50.0,17,42.0,2.055555555555556,32.0,69.0
38,47.5,18,42.75,2.0,33.25,70.16666666666667
39,45.0,19,43.5,1.95,34.5,71.33333333333333
40,42.5,20,44.25,1.9047619047619049,35.75,72.5
41,40.0,21,45.0,1.8636363636363635,37.0,73.66666666666667
42,37.5,22,45.75,1.826086956521739,38.25,74.83333333333333
43,35.0,23,46.5,1.7916666666666667,39.5,76.0
44,32.5,24,47.25,1.76,40.75,77.16666666666667
45,30.0,25,48.0,1.7307692307692308,42.0,78.33333333333333
46,27.5,26,48.75,1.7037037037037035,43.25,79.5
25,80.0,27,33.0,0.8928571428571429,17.0,47.66666666666666
26,77.3,28,33.730000000000004,0.896551724137931,18.27,48.9
27,74.6,29,34.46,0.9,19.54,50.13333333333333
28,71.9,30,35.19,0.9032258064516128,20.81,51.36666666666667
29,69.2,31,35.92,0.90625,22.08,52.6
30,66.5,32,36.65,0.9090909090909092,23.35,53.833333333333336
31,63.8,33,37.38,0.9117647058823528,24.62,55.06666666666666
32,61.1,34,38.11,0.9142857142857144,25.89,56.3
33,58.4,35,38.84,0.9166666666666666,27.16,57.53333333333333
34,55.7,36,39.57,0.918918918918919,28.43,58.76666666666667
35,53.0,37,40.3,0.9210526315789472,29.7,60.0
36,50.3,38,41.03,0.9230769230769232,30.97,61.23333333333333
37,47.6,39,41.76,0.925,32.24,62.46666666666667
38,44.9,40,42.49,0.926829268292683,33.51,63.7
39,42.2,41,43.22,0.9285714285714286,34.78,64.93333333333334
40,39.5,42,43.95,0.9302325581395348,36.05,66.16666666666667
41,36.8,43,44.68,0.9318181818181818,37.32,67.39999999999999
42,34.1,44,45.41,0.9333333333333332,38.59,68.63333333333334
43,31.4,45,46.14,0.9347826086956522,39.86,69.86666666666666
44,28.7,46,46.87,0.9361702127659576,41.13,71.10000000000001
45,26.0,47,47.6,0.9375,42.4,72.33333333333333
46,23.3,48,48.33,0.9387755102040816,43.67,73.56666666666666
25,80.0,49,33.0,0.5,17.0,40.333333333333336
26,78.0,50,33.8,0.5098039215686274,18.2,41.333333333333336
27,76.0,51,34.6,0.5192307692307693,19.4,42.333333333333336
28,74.0,52,35.4,0.5283018867924528,20.6,43.333333333333336
29,72.0,53,36.2,0.5370370370370371,21.8,44.333333333333336
30,70.0,54,37.0,0.5454545454545454,23.0,45.333333333333336
31,68.0,55,37.8,0.5535714285714286,24.2,46.333333333333336
32,66.0,56,38.6,0.5614035087719298,25.4,47.333333333333336
33,64.0,57,39.4,0.5689655172413793,26.6,48.333333333333336
34,62.0,58,40.2,0.576271186440678,27.8,49.333333333333336
35,60.0,59,41.0,0.5833333333333334,29.0,50.333333333333336
36,58.0,60,41.8,0.5901639344262295,30.2,51.333333333333336
37,56.0,61,42.6,0.5967741935483871,31.4,52.333333333333336
38,54.0,62,43.4,0.6031746031746031,32.6,53.333333333333336
39,52.0,63,44.2,0.609375,33.8,54.333333333333336
40,50.0,64,45.0,0.6153846153846154,35.0,55.333333333333336
41,48.0,65,45.8,0.6212121212121212,36.2,56.333333333333336
42,46.0,66,46.6,0.6268656716417911,37.4,57.333333333333336
43,44.0,67,47.4,0.6323529411764706,38.6,58.333333333333336
44,42.0,68,48.2,0.6376811594202898,39.8,59.333333333333336
45,40.0,69,49.0,0.6428571428571429,41.0,60.333333333333336
46,38.0,70,49.8,0.647887323943662,42.2,61.333333333333336
25,80.0,71,33.0,0.3472222222222222,17.0,33.0
26,78.0,72,33.8,0.3561643835616438,18.2,34.0
27,76.0,73,34.6,0.3648648648648648,19.4,35.0
28,74.0,74,35.4,0.3733333333333333,20.6,36.0
29,72.0,75,36.2,0.3815789473684211,21.8,37.0
30,70.0,76,37.0,0.3896103896103896,23.0,38.0
31,68.0,77,37.8,0.3974358974358974,24.2,39.0
32,66.0,78,38.6,0.4050632911392405,25.4,40.0
33,64.0,79,39.4,0.4125,26.6,41.0
34,62.0,80,40.2,0.419753086419753,27.8,42.0
35,60.0,81,41.0,0.4268292682926829,29.0,43.0
36,58.0,82,41.8,0.4337349397590361,30.2,44.0
37,56.0,83,42.6,0.4404761904761904,31.4,45.0
38,54.0,84,43.4,0.4470588235294118,32.6,46.0
39,52.0,85,44.2,0.4534883720930232,33.8,47.0
40,50.0,86,45.0,0.4597701149425287,35.0,48.0
41,48.0,87,45.8,0.4659090909090909,36.2,49.0
42,46.0,88,46.6,0.4719101123595505,37.4,50.0
43,44.0,89,47.4,0.4777777777777778,38.6,51.0
44,42.0,90,48.2,0.4835164835164835,39.8,52.0
45,40.0,91,49.0,0.4891304347826087,41.0,53.0
46,38.0,92,49.8,0.4946236559139785,42.2,54.0
25,80.0,93,33.0,0.2659574468085106,17.0,25.666666666666668
26,77.0,94,33.7,0.2736842105263158,18.3,27.0
27,74.0,95,34.4,0.28125,19.6,28.33333333333333
28,71.0,96,35.1,0.2886597938144329,20.9,29.666666666666668
29,68.0,97,35.8,0.2959183673469387,22.2,31.0
30,65.0,98,36.5,0.303030303030303,23.5,32.333333333333336
31,62.0,99,37.2,0.31,24.8,33.666666666666664
32,59.0,100,37.9,0.3168316831683168,26.1,35.0
33,56.0,1,38.6,16.5,27.4,69.66666666666667
34,53.0,2,39.3,11.333333333333334,28.7,71.0
35,50.0,3,40.0,8.75,30.0,72.33333333333333
36,47.0,4,40.7,7.2,31.3,73.66666666666667
37,44.0,5,41.4,6.166666666666667,32.6,75.0
38,41.0,6,42.1,5.428571428571429,33.9,76.33333333333333
39,38.0,7,42.8,4.875,35.2,77.66666666666667
40,35.0,8,43.5,4.444444444444445,36.5,79.0
41,32.0,9,44.2,4.1,37.8,80.33333333333333
42,29.0,10,44.9,3.8181818181818175,39.1,81.66666666666667
43,26.0,11,45.6,3.583333333333333,40.4,83.0
44,23.0,12,46.3,3.3846153846153846,41.7,84.33333333333333
45,20.0,13,47.0,3.2142857142857144,43.0,85.66666666666667
46,17.0,14,47.7,3.066666666666667,44.3,87.0
25,80.0,15,33.0,1.5625,17.0,51.66666666666666
26,77.0,16,33.7,1.5294117647058822,18.3,53.0
27,74.0,17,34.4,1.5,19.6,54.333333333333336
28,71.0,18,35.1,1.4736842105263157,20.9,55.66666666666666
29,68.0,19,35.8,1.45,22.2,57.0
30,65.0,20,36.5,1.4285714285714286,23.5,58.333333333333336
31,62.0,21,37.2,1.4090909090909092,24.8,59.66666666666666
32,59.0,22,37.9,1.391304347826087,26.1,61.0
33,56.0,23,38.6,1.375,27.4,62.333333333333336
34,53.0,24,39.3,1.36,28.7,63.66666666666666
35,50.0,25,40.0,1.3461538461538465,30.0,65.0
36,47.0,26,40.7,1.3333333333333333,31.3,66.33333333333333
37,44.0,27,41.4,1.3214285714285714,32.6,67.66666666666667
38,41.0,28,42.1,1.3103448275862069,33.9,69.0
39,38.0,29,42.8,1.3,35.2,70.33333333333333
40,35.0,30,43.5,1.2903225806451613,36.5,71.66666666666667
41,32.0,31,44.2,1.28125,37.8,73.0
42,29.0,32,44.9,1.2727272727272727,39.1,74.33333333333333
43,26.0,33,45.6,1.2647058823529411,40.4,75.66666666666667
44,23.0,34,46.3,1.2571428571428571,41.7,77.0
45,20.0,35,47.0,1.25,43.0,78.33333333333333
46,17.0,36,47.7,1.2432432432432432,44.3,79.66666666666667
25,80.0,37,33.0,0.6578947368421053,17.0,44.333333333333336
26,77.0,38,33.7,0.6666666666666666,18.3,45.66666666666666
27,74.0,39,34.4,0.675,19.6,47.0
28,71.0,40,35.1,0.6829268292682927,20.9,48.333333333333336
29,68.0,41,35.8,0.6904761904761905,22.2,49.66666666666666
30,65.0,42,36.5,0.6976744186046512,23.5,51.0
31,62.0,43,37.2,0.7045454545454546,24.8,52.333333333333336
32,59.0,44,37.9,0.7111111111111111,26.1,53.66666666666666
33,56.0,45,38.6,0.717391304347826,27.4,55.0
34,53.0,46,39.3,0.723404255319149,28.7,56.333333333333336
35,50.0,47,40.0,0.7291666666666666,30.0,57.66666666666666
36,47.0,48,40.7,0.7346938775510204,31.3,59.0
37,44.0,49,41.4,0.74,32.6,60.333333333333336
38,41.0,50,42.1,0.7450980392156863,33.9,61.66666666666666
39,38.0,51,42.8,0.75,35.2,63.0
40,35.0,52,43.5,0.7547169811320755,36.5,64.33333333333333
41,32.0,53,44.2,0.7592592592592593,37.8,65.66666666666667
42,29.0,54,44.9,0.7636363636363637,39.1,67.0
43,26.0,55,45.6,0.7678571428571429,40.4,68.33333333333333
44,23.0,56,46.3,0.7719298245614035,41.7,69.66666666666667
45,20.0,57,47.0,0.7758620689655172,43.0,71.0
46,17.0,58,47.7,0.7796610169491526,44.3,72.33333333333333
25,80.0,59,33.0,0.4166666666666667,17.0,37.0
26,77.3,60,33.730000000000004,0.4262295081967213,18.27,38.23333333333333
27,74.6,61,34.46,0.4354838709677419,19.54,39.46666666666667
28,71.9,62,35.19,0.4444444444444444,20.81,40.7
29,69.2,63,35.92,0.453125,22.08,41.93333333333333
30,66.5,64,36.65,0.4615384615384615,23.35,43.16666666666666
31,63.8,65,37.38,0.4696969696969697,24.62,44.4
32,61.1,66,38.11,0.4776119402985074,25.89,45.63333333333333
33,58.4,67,38.84,0.4852941176470588,27.16,46.86666666666667
34,55.7,68,39.57,0.4927536231884058,28.43,48.1
35,53.0,69,40.3,0.5,29.7,49.333333333333336
36,50.3,70,41.03,0.5070422535211268,30.97,50.56666666666666
37,47.6,71,41.76,0.5138888888888888,32.24,51.8
38,44.9,72,42.49,0.5205479452054794,33.51,53.03333333333333
39,42.2,73,43.22,0.527027027027027,34.78,54.26666666666667
40,39.5,74,43.95,0.5333333333333333,36.05,55.5
41,36.8,75,44.68,0.5394736842105263,37.32,56.73333333333333
42,34.1,76,45.41,0.5454545454545454,38.59,57.96666666666667
43,31.4,77,46.14,0.5512820512820513,39.86,59.2
44,28.7,78,46.87,0.5569620253164557,41.13,60.43333333333334
45,26.0,79,47.6,0.5625,42.4,61.66666666666666
46,23.3,80,48.33,0.5679012345679012,43.67,62.9
25,80.0,81,33.0,0.3048780487804878,17.0,29.666666666666668
26,77.0,82,33.7,0.3132530120481928,18.3,31.0
27,74.0,83,34.4,0.3214285714285714,19.6,32.333333333333336
28,71.0,84,35.1,0.3294117647058823,20.9,33.666666666666664
29,68.0,85,35.8,0.3372093023255814,22.2,35.0
30,65.0,86,36.5,0.3448275862068966,23.5,36.333333333333336
31,62.0,87,37.2,0.3522727272727273,24.8,37.66666666666666
32,59.0,88,37.9,0.3595505617977528,26.1,39.0
33,56.0,89,38.6,0.3666666666666666,27.4,40.333333333333336
34,53.0,90,39.3,0.3736263736263736,28.7,41.66666666666666
35,50.0,91,40.0,0.3804347826086957,30.0,43.0
36,47.0,92,40.7,0.3870967741935484,31.3,44.333333333333336
37,44.0,93,41.4,0.3936170212765957,32.6,45.66666666666666
38,41.0,94,42.1,0.4,33.9,47.0
39,38.0,95,42.8,0.40625,35.2,48.333333333333336
40,35.0,96,43.5,0.4123711340206185,36.5,49.66666666666666
41,32.0,97,44.2,0.4183673469387755,37.8,51.0
42,29.0,98,44.9,0.4242424242424242,39.1,52.333333333333336
43,26.0,99,45.6,0.43,40.4,53.66666666666666
44,23.0,100,46.3,0.4356435643564356,41.7,55.0
45,20.0,1,47.0,22.5,43.0,89.66666666666667
46,17.0,2,47.7,15.333333333333334,44.3,91.0
25,80.0,3,33.0,6.25,17.0,55.66666666666666
26,77.5,4,33.75,5.2,18.25,56.833333333333336
27,75.0,5,34.5,4.5,19.5,58.0
28,72.5,6,35.25,4.0,20.75,59.16666666666666
29,70.0,7,36.0,3.625,22.0,60.333333333333336
30,67.5,8,36.75,3.333333333333333,23.25,61.5
31,65.0,9,37.5,3.1,24.5,62.66666666666666
32,62.5,10,38.25,2.909090909090909,25.75,63.833333333333336
33,60.0,11,39.0,2.75,27.0,65.0
34,57.5,12,39.75,2.6153846153846154,28.25,66.16666666666667
35,55.0,13,40.5,2.5,29.5,67.33333333333333
36,52.5,14,41.25,2.4,30.75,68.5
37,50.0,15,42.0,2.3125,32.0,69.66666666666667
38,47.5,16,42.75,2.235294117647059,33.25,70.83333333333333
39,45.0,17,43.5,2.1666666666666665,34.5,72.0
40,42.5,18,44.25,2.1052631578947367,35.75,73.16666666666667
41,40.0,19,45.0,2.05,37.0,74.33333333333333
42,37.5,20,45.75,2.0,38.25,75.5
43,35.0,21,46.5,1.9545454545454544,39.5,76.66666666666667
44,32.5,22,47.25,1.9130434782608696,40.75,77.83333333333333
45,30.0,23,48.0,1.875,42.0,79.0
46,27.5,24,48.75,1.84,43.25,80.16666666666667
25,80.0,25,33.0,0.9615384615384616,17.0,48.333333333333336
26,77.3,26,33.730000000000004,0.9629629629629628,18.27,49.56666666666666
27,74.6,27,34.46,0.9642857142857144,19.54,50.8
28,71.9,28,35.19,0.9655172413793104,20.81,52.03333333333333
29,69.2,29,35.92,0.9666666666666668,22.08,53.26666666666667
30,66.5,30,36.65,0.967741935483871,23.35,54.5
31,63.8,31,37.38,0.96875,24.62,55.73333333333333
32,61.1,32,38.11,0.9696969696969696,25.89,56.96666666666667
33,58.4,33,38.84,0.9705882352941176,27.16,58.2
34,55.7,34,39.57,0.9714285714285714,28.43,59.43333333333334
35,53.0,35,40.3,0.9722222222222222,29.7,60.66666666666666
36,50.3,36,41.03,0.972972972972973,30.97,61.9
37,47.6,37,41.76,0.9736842105263158,32.24,63.13333333333333
38,44.9,38,42.49,0.9743589743589745,33.51,64.36666666666666
39,42.2,39,43.22,0.975,34.78,65.60000000000001
40,39.5,40,43.95,0.975609756097561,36.05,66.83333333333333
41,36.8,41,44.68,0.9761904761904762,37.32,68.06666666666666
42,34.1,42,45.41,0.9767441860465116,38.59,69.3
43,31.4,43,46.14,0.9772727272727272,39.86,70.53333333333333
44,28.7,44,46.87,0.9777777777777776,41.13,71.76666666666667
45,26.0,45,47.6,0.9782608695652174,42.4,73.0
46,23.3,46,48.33,0.9787234042553192,43.67,74.23333333333333
25,80.0,47,33.0,0.5208333333333334,17.0,41.0
26,77.0,48,33.7,0.5306122448979592,18.3,42.333333333333336
27,74.0,49,34.4,0.54,19.6,43.66666666666666
28,71.0,50,35.1,0.5490196078431373,20.9,45.0
29,68.0,51,35.8,0.5576923076923077,22.2,46.333333333333336
30,65.0,52,36.5,0.5660377358490566,23.5,47.66666666666666
31,62.0,53,37.2,0.5740740740740741,24.8,49.0
32,59.0,54,37.9,0.5818181818181818,26.1,50.333333333333336
33,56.0,55,38.6,0.5892857142857143,27.4,51.66666666666666
34,53.0,56,39.3,0.5964912280701754,28.7,53.0
35,50.0,57,40.0,0.603448275862069,30.0,54.333333333333336
36,47.0,58,40.7,0.6101694915254238,31.3,55.66666666666666
37,44.0,59,41.4,0.6166666666666667,32.6,57.0
38,41.0,60,42.1,0.6229508196721312,33.9,58.333333333333336
39,38.0,61,42.8,0.6290322580645161,35.2,59.66666666666666
40,35.0,62,43.5,0.6349206349206349,36.5,61.0
41,32.0,63,44.2,0.640625,37.8,62.333333333333336
42,29.0,64,44.9,0.6461538461538462,39.1,63.66666666666666
43,26.0,65,45.6,0.6515151515151515,40.4,65.0
44,23.0,66,46.3,0.6567164179104478,41.7,66.33333333333333
45,20.0,67,47.0,0.6617647058823529,43.0,67.66666666666667
46,17.0,68,47.7,0.6666666666666666,44.3,69.0
25,80.0,69,33.0,0.3571428571428571,17.0,33.666666666666664
26,77.5,70,33.75,0.3661971830985915,18.25,34.833333333333336
27,75.0,71,34.5,0.375,19.5,36.0
28,72.5,72,35.25,0.3835616438356164,20.75,37.16666666666666
29,70.0,73,36.0,0.3918918918918919,22.0,38.333333333333336
30,67.5,74,36.75,0.4,23.25,39.5
31,65.0,75,37.5,0.4078947368421052,24.5,40.66666666666666
32,62.5,76,38.25,0.4155844155844156,25.75,41.833333333333336
33,60.0,77,39.0,0.4230769230769231,27.0,43.0
34,57.5,78,39.75,0.430379746835443,28.25,44.16666666666666
35,55.0,79,40.5,0.4375,29.5,45.333333333333336
36,52.5,80,41.25,0.4444444444444444,30.75,46.5
37,50.0,81,42.0,0.4512195121951219,32.0,47.66666666666666
38,47.5,82,42.75,0.4578313253012048,33.25,48.833333333333336
39,45.0,83,43.5,0.4642857142857143,34.5,50.0
40,42.5,84,44.25,0.4705882352941176,35.75,51.16666666666666
41,40.0,85,45.0,0.4767441860465116,37.0,52.333333333333336
42,37.5,86,45.75,0.4827586206896552,38.25,53.5
43,35.0,87,46.5,0.4886363636363636,39.5,54.66666666666666
44,32.5,88,47.25,0.4943820224719101,40.75,55.833333333333336
45,30.0,89,48.0,0.5,42.0,57.0
46,27.5,90,48.75,0.5054945054945055,43.25,58.16666666666666
25,80.0,91,33.0,0.2717391304347826,17.0,26.33333333333333
26,77.3,92,33.730000000000004,0.2795698924731182,18.27,27.566666666666663
27,74.6,93,34.46,0.2872340425531915,19.54,28.8
28,71.9,94,35.19,0.2947368421052631,20.81,30.03333333333333
29,69.2,95,35.92,0.3020833333333333,22.08,31.266666666666666
30,66.5,96,36.65,0.3092783505154639,23.35,32.5
31,63.8,97,37.38,0.3163265306122449,24.62,33.733333333333334
32,61.1,98,38.11,0.3232323232323232,25.89,34.96666666666667
33,58.4,99,38.84,0.33,27.16,36.2
34,55.7,100,39.57,0.3366336633663366,28.43,37.43333333333333
35,53.0,1,40.3,17.5,29.7,72.0
36,50.3,2,41.03,12.0,30.97,73.23333333333333
37,47.6,3,41.76,9.25,32.24,74.46666666666667
38,44.9,4,42.49,7.6,33.51,75.7
39,42.2,5,43.22,6.5,34.78,76.93333333333334
40,39.5,6,43.95,5.714285714285714,36.05,78.16666666666667
41,36.8,7,44.68,5.125,37.32,79.39999999999999
42,34.1,8,45.41,4.666666666666667,38.59,80.63333333333334
43,31.4,9,46.14,4.3,39.86,81.86666666666666
44,28.7,10,46.87,4.0,41.13,83.10000000000001
45,26.0,11,47.6,3.75,42.4,84.33333333333333
46,23.3,12,48.33,3.5384615384615383,43.67,85.56666666666666
25,80.0,13,33.0,1.7857142857142858,17.0,52.333333333333336
26,78.0,14,33.8,1.7333333333333334,18.2,53.333333333333336
27,76.0,15,34.6,1.6875,19.4,54.333333333333336
28,74.0,16,35.4,1.6470588235294117,20.6,55.333333333333336
29,72.0,17,36.2,1.6111111111111112,21.8,56.333333333333336
30,70.0,18,37.0,1.5789473684210529,23.0,57.333333333333336
31,68.0,19,37.8,1.55,24.2,58.333333333333336
32,66.0,20,38.6,1.5238095238095235,25.4,59.333333333333336
33,64.0,21,39.4,1.5,26.6,60.333333333333336
34,62.0,22,40.2,1.4782608695652173,27.8,61.333333333333336
35,60.0,23,41.0,1.4583333333333333,29.0,62.333333333333336
36,58.0,24,41.8,1.44,30.2,63.333333333333336
37,56.0,25,42.6,1.4230769230769231,31.4,64.33333333333333
38,54.0,26,43.4,1.4074074074074074,32.6,65.33333333333333
39,52.0,27,44.2,1.3928571428571428,33.8,66.33333333333333
40,50.0,28,45.0,1.3793103448275863,35.0,67.33333333333333
41,48.0,29,45.8,1.3666666666666667,36.2,68.33333333333333
42,46.0,30,46.6,1.3548387096774193,37.4,69.33333333333333
43,44.0,31,47.4,1.34375,38.6,70.33333333333333
44,42.0,32,48.2,1.3333333333333333,39.8,71.33333333333333
45,40.0,33,49.0,1.3235294117647058,41.0,72.33333333333333
46,38.0,34,49.8,1.3142857142857145,42.2,73.33333333333333
25,80.0,35,33.0,0.6944444444444444,17.0,45.0
26,78.0,36,33.8,0.7027027027027027,18.2,46.0
27,76.0,37,34.6,0.7105263157894737,19.4,47.0
28,74.0,38,35.4,0.717948717948718,20.6,48.0
29,72.0,39,36.2,0.725,21.8,49.0
30,70.0,40,37.0,0.7317073170731707,23.0,50.0
31,68.0,41,37.8,0.7380952380952381,24.2,51.0
32,66.0,42,38.6,0.7441860465116279,25.4,52.0
33,64.0,43,39.4,0.75,26.6,53.0
34,62.0,44,40.2,0.7555555555555555,27.8,54.0
35,60.0,45,41.0,0.7608695652173914,29.0,55.0
36,58.0,46,41.8,0.7659574468085106,30.2,56.0
37,56.0,47,42.6,0.7708333333333334,31.4,57.0
38,54.0,48,43.4,0.7755102040816326,32.6,58.0
39,52.0,49,44.2,0.78,33.8,59.0
40,50.0,50,45.0,0.7843137254901961,35.0,60.0
41,48.0,51,45.8,0.7884615384615384,36.2,61.0
42,46.0,52,46.6,0.7924528301886793,37.4,62.0
43,44.0,53,47.4,0.7962962962962963,38.6,63.0
44,42.0,54,48.2,0.8,39.8,64.0
45,40.0,55,49.0,0.8035714285714286,41.0,65.0
46,38.0,56,49.8,0.8070175438596491,42.2,66.0
25,80.0,57,33.0,0.4310344827586206,17.0,37.66666666666666
26,77.0,58,33.7,0.4406779661016949,18.3,39.0
27,74.0,59,34.4,0.45,19.6,40.333333333333336
28,71.0,60,35.1,0.4590163934426229,20.9,41.66666666666666
29,68.0,61,35.8,0.4677419354838709,22.2,43.0
30,65.0,62,36.5,0.4761904761904761,23.5,44.333333333333336
31,62.0,63,37.2,0.484375,24.8,45.66666666666666
32,59.0,64,37.9,0.4923076923076923,26.1,47.0
33,56.0,65,38.6,0.5,27.4,48.333333333333336
34,53.0,66,39.3,0.5074626865671642,28.7,49.66666666666666
35,50.0,67,40.0,0.5147058823529411,30.0,51.0
36,47.0,68,40.7,0.5217391304347826,31.3,52.333333333333336
37,44.0,69,41.4,0.5285714285714286,32.6,53.66666666666666
38,41.0,70,42.1,0.5352112676056338,33.9,55.0
39,38.0,71,42.8,0.5416666666666666,35.2,56.333333333333336
40,35.0,72,43.5,0.547945205479452,36.5,57.66666666666666
41,32.0,73,44.2,0.5540540540540541,37.8,59.0
42,29.0,74,44.9,0.56,39.1,60.333333333333336
43,26.0,75,45.6,0.5657894736842105,40.4,61.66666666666666
44,23.0,76,46.3,0.5714285714285714,41.7,63.0
45,20.0,77,47.0,0.5769230769230769,43.0,64.33333333333333
46,17.0,78,47.7,0.5822784810126582,44.3,65.66666666666667
25,80.0,79,33.0,0.3125,17.0,30.33333333333333
26,77.0,80,33.7,0.3209876543209876,18.3,31.666666666666668
27,74.0,81,34.4,0.3292682926829268,19.6,33.0
28,71.0,82,35.1,0.3373493975903614,20.9,34.333333333333336
29,68.0,83,35.8,0.3452380952380952,22.2,35.666666666666664
30,65.0,84,36.5,0.3529411764705882,23.5,37.0
31,62.0,85,37.2,0.3604651162790697,24.8,38.333333333333336
32,59.0,86,37.9,0.367816091954023,26.1,39.66666666666666
33,56.0,87,38.6,0.375,27.4,41.0
34,53.0,88,39.3,0.3820224719101123,28.7,42.333333333333336
35,50.0,89,40.0,0.3888888888888889,30.0,43.66666666666666
36,47.0,90,40.7,0.3956043956043956,31.3,45.0
37,44.0,91,41.4,0.4021739130434782,32.6,46.333333333333336
38,41.0,92,42.1,0.4086021505376344,33.9,47.66666666666666
39,38.0,93,42.8,0.4148936170212766,35.2,49.0
40,35.0,94,43.5,0.4210526315789473,36.5,50.333333333333336
41,32.0,95,44.2,0.4270833333333333,37.8,51.66666666666666
42,29.0,96,44.9,0.4329896907216495,39.1,53.0
43,26.0,97,45.6,0.4387755102040816,40.4,54.333333333333336
44,23.0,98,46.3,0.4444444444444444,41.7,55.66666666666666
45,20.0,99,47.0,0.45,43.0,57.0
46,17.0,100,47.7,0.4554455445544554,44.3,58.333333333333336
25,80.0,1,33.0,12.5,17.0,56.333333333333336
26,77.0,2,33.7,8.666666666666666,18.3,57.66666666666666
27,74.0,3,34.4,6.75,19.6,59.0
28,71.0,4,35.1,5.6,20.9,60.333333333333336
29,68.0,5,35.8,4.833333333333333,22.2,61.66666666666666
30,65.0,6,36.5,4.285714285714286,23.5,63.0
31,62.0,7,37.2,3.875,24.8,64.33333333333333
32,59.0,8,37.9,3.555555555555556,26.1,65.66666666666667
33,56.0,9,38.6,3.3,27.4,67.0
34,53.0,10,39.3,3.090909090909091,28.7,68.33333333333333
35,50.0,11,40.0,2.9166666666666665,30.0,69.66666666666667
36,47.0,12,40.7,2.769230769230769,31.3,71.0
37,44.0,13,41.4,2.642857142857143,32.6,72.33333333333333
38,41.0,14,42.1,2.533333333333333,33.9,73.66666666666667
39,38.0,15,42.8,2.4375,35.2,75.0
40,35.0,16,43.5,2.3529411764705883,36.5,76.33333333333333
41,32.0,17,44.2,2.2777777777777777,37.8,77.66666666666667
42,29.0,18,44.9,2.210526315789474,39.1,79.0
43,26.0,19,45.6,2.15,40.4,80.33333333333333
44,23.0,20,46.3,2.095238095238096,41.7,81.66666666666667
45,20.0,21,47.0,2.0454545454545454,43.0,83.0
46,17.0,22,47.7,2.0,44.3,84.33333333333333
25,80.0,23,33.0,1.0416666666666667,17.0,49.0
26,77.3,24,33.730000000000004,1.04,18.27,50.23333333333333
27,74.6,25,34.46,1.0384615384615383,19.54,51.46666666666667
28,71.9,26,35.19,1.037037037037037,20.81,52.7
29,69.2,27,35.92,1.0357142857142858,22.08,53.93333333333334
30,66.5,28,36.65,1.0344827586206895,23.35,55.16666666666666
31,63.8,29,37.38,1.0333333333333334,24.62,56.4
32,61.1,30,38.11,1.032258064516129,25.89,57.63333333333333
33,58.4,31,38.84,1.03125,27.16,58.86666666666667
34,55.7,32,39.57,1.0303030303030305,28.43,60.1
35,53.0,33,40.3,1.0294117647058822,29.7,61.333333333333336
36,50.3,34,41.03,1.0285714285714285,30.97,62.56666666666666
37,47.6,35,41.76,1.0277777777777777,32.24,63.8
38,44.9,36,42.49,1.027027027027027,33.51,65.03333333333333
39,42.2,37,43.22,1.0263157894736843,34.78,66.26666666666667
40,39.5,38,43.95,1.0256410256410255,36.05,67.5
41,36.8,39,44.68,1.025,37.32,68.73333333333333
42,34.1,40,45.41,1.024390243902439,38.59,69.96666666666667
43,31.4,41,46.14,1.0238095238095235,39.86,71.2
44,28.7,42,46.87,1.0232558139534884,41.13,72.43333333333334
45,26.0,43,47.6,1.0227272727272727,42.4,73.66666666666667
46,23.3,44,48.33,1.022222222222222,43.67,74.89999999999999
25,80.0,45,33.0,0.5434782608695652,17.0,41.66666666666666
26,77.0,46,33.7,0.5531914893617021,18.3,43.0
27,74.0,47,34.4,0.5625,19.6,44.333333333333336
28,71.0,48,35.1,0.5714285714285714,20.9,45.66666666666666
29,68.0,49,35.8,0.58,22.2,47.0
30,65.0,50,36.5,0.5882352941176471,23.5,48.333333333333336
31,62.0,51,37.2,0.5961538461538461,24.8,49.66666666666666
32,59.0,52,37.9,0.6037735849056604,26.1,51.0
33,56.0,53,38.6,0.6111111111111112,27.4,52.333333333333336
34,53.0,54,39.3,0.6181818181818182,28.7,53.66666666666666
35,50.0,55,40.0,0.625,30.0,55.0
36,47.0,56,40.7,0.631578947368421,31.3,56.333333333333336
37,44.0,57,41.4,0.6379310344827587,32.6,57.66666666666666
38,41.0,58,42.1,0.6440677966101694,33.9,59.0
39,38.0,59,42.8,0.65,35.2,60.333333333333336
40,35.0,60,43.5,0.6557377049180327,36.5,61.66666666666666
41,32.0,61,44.2,0.6612903225806451,37.8,63.0
42,29.0,62,44.9,0.6666666666666666,39.1,64.33333333333333
43,26.0,63,45.6,0.671875,40.4,65.66666666666667
44,23.0,64,46.3,0.676923076923077,41.7,67.0
45,20.0,65,47.0,0.6818181818181818,43.0,68.33333333333333
46,17.0,66,47.7,0.6865671641791045,44.3,69.66666666666667
25,80.0,67,33.0,0.3676470588235294,17.0,34.333333333333336
26,77.5,68,33.75,0.3768115942028985,18.25,35.5
27,75.0,69,34.5,0.3857142857142857,19.5,36.66666666666666
28,72.5,70,35.25,0.3943661971830985,20.75,37.833333333333336
29,70.0,71,36.0,0.4027777777777778,22.0,39.0
30,67.5,72,36.75,0.410958904109589,23.25,40.16666666666666
31,65.0,73,37.5,0.4189189189189189,24.5,41.333333333333336
32,62.5,74,38.25,0.4266666666666667,25.75,42.5
33,60.0,75,39.0,0.4342105263157895,27.0,43.66666666666666
34,57.5,76,39.75,0.4415584415584415,28.25,44.833333333333336
35,55.0,77,40.5,0.4487179487179487,29.5,46.0
36,52.5,78,41.25,0.4556962025316455,30.75,47.16666666666666
37,50.0,79,42.0,0.4625,32.0,48.333333333333336
38,47.5,80,42.75,0.4691358024691358,33.25,49.5
39,45.0,81,43.5,0.4756097560975609,34.5,50.66666666666666
40,42.5,82,44.25,0.4819277108433735,35.75,51.833333333333336
41,40.0,83,45.0,0.4880952380952381,37.0,53.0
42,37.5,84,45.75,0.4941176470588235,38.25,54.16666666666666
43,35.0,85,46.5,0.5,39.5,55.333333333333336
44,32.5,86,47.25,0.5057471264367817,40.75,56.5
45,30.0,87,48.0,0.5113636363636364,42.0,57.66666666666666
46,27.5,88,48.75,0.5168539325842697,43.25,58.833333333333336
25,80.0,89,33.0,0.2777777777777778,17.0,27.0
26,77.3,90,33.730000000000004,0.2857142857142857,18.27,28.23333333333333
27,74.6,91,34.46,0.2934782608695652,19.54,29.46666666666667
28,71.9,92,35.19,0.3010752688172043,20.81,30.7
29,69.2,93,35.92,0.3085106382978723,22.08,31.933333333333334
30,66.5,94,36.65,0.3157894736842105,23.35,33.166666666666664
31,63.8,95,37.38,0.3229166666666667,24.62,34.4
32,61.1,96,38.11,0.3298969072164948,25.89,35.63333333333333
33,58.4,97,38.84,0.336734693877551,27.16,36.86666666666667
34,55.7,98,39.57,0.3434343434343434,28.43,38.1
35,53.0,99,40.3,0.35,29.7,39.333333333333336
36,50.3,100,41.03,0.3564356435643564,30.97,40.56666666666667
37,47.6,1,41.76,18.5,32.24,75.13333333333334
38,44.9,2,42.49,12.666666666666666,33.51,76.36666666666666
39,42.2,3,43.22,9.75,34.78,77.60000000000001
40,39.5,4,43.95,8.0,36.05,78.83333333333333
41,36.8,5,44.68,6.833333333333333,37.32,80.06666666666666
42,34.1,6,45.41,6.0,38.59,81.3
43,31.4,7,46.14,5.375,39.86,82.53333333333333
44,28.7,8,46.87,4.888888888888889,41.13,83.76666666666667
45,26.0,9,47.6,4.5,42.4,85.0
46,23.3,10,48.33,4.181818181818182,43.67,86.23333333333333
25,80.0,11,33.0,2.083333333333333,17.0,53.0
26,77.0,12,33.7,2.0,18.3,54.333333333333336
27,74.0,13,34.4,1.9285714285714288,19.6,55.66666666666666
28,71.0,14,35.1,1.8666666666666667,20.9,57.0
29,68.0,15,35.8,1.8125,22.2,58.333333333333336
30,65.0,16,36.5,1.7647058823529411,23.5,59.66666666666666
31,62.0,17,37.2,1.7222222222222223,24.8,61.0
32,59.0,18,37.9,1.6842105263157894,26.1,62.333333333333336
33,56.0,19,38.6,1.65,27.4,63.66666666666666
34,53.0,20,39.3,1.619047619047619,28.7,65.0
35,50.0,21,40.0,1.5909090909090908,30.0,66.33333333333333
36,47.0,22,40.7,1.565217391304348,31.3,67.66666666666667
37,44.0,23,41.4,1.5416666666666667,32.6,69.0
38,41.0,24,42.1,1.52,33.9,70.33333333333333
39,38.0,25,42.8,1.5,35.2,71.66666666666667
40,35.0,26,43.5,1.4814814814814814,36.5,73.0
41,32.0,27,44.2,1.4642857142857142,37.8,74.33333333333333
42,29.0,28,44.9,1.4482758620689655,39.1,75.66666666666667
43,26.0,29,45.6,1.4333333333333331,40.4,77.0
44,23.0,30,46.3,1.4193548387096775,41.7,78.33333333333333
45,20.0,31,47.0,1.40625,43.0,79.66666666666667
46,17.0,32,47.7,1.393939393939394,44.3,81.0
25,80.0,33,33.0,0.7352941176470589,17.0,45.66666666666666
26,77.5,34,33.75,0.7428571428571429,18.25,46.833333333333336
27,75.0,35,34.5,0.75,19.5,48.0
28,72.5,36,35.25,0.7567567567567568,20.75,49.16666666666666
29,70.0,37,36.0,0.7631578947368421,22.0,50.333333333333336
30,67.5,38,36.75,0.7692307692307693,23.25,51.5
31,65.0,39,37.5,0.775,24.5,52.66666666666666
32,62.5,40,38.25,0.7804878048780488,25.75,53.833333333333336
33,60.0,41,39.0,0.7857142857142857,27.0,55.0
34,57.5,42,39.75,0.7906976744186046,28.25,56.16666666666666
35,55.0,43,40.5,0.7954545454545454,29.5,57.333333333333336
36,52.5,44,41.25,0.8,30.75,58.5
37,50.0,45,42.0,0.8043478260869565,32.0,59.66666666666666
38,47.5,46,42.75,0.8085106382978723,33.25,60.833333333333336
39,45.0,47,43.5,0.8125,34.5,62.0
40,42.5,48,44.25,0.8163265306122449,35.75,63.16666666666666
41,40.0,49,45.0,0.82,37.0,64.33333333333333
42,37.5,50,45.75,0.8235294117647058,38.25,65.5
43,35.0,51,46.5,0.8269230769230769,39.5,66.66666666666667
44,32.5,52,47.25,0.8301886792452831,40.75,67.83333333333333
45,30.0,53,48.0,0.8333333333333334,42.0,69.0
46,27.5,54,48.75,0.8363636363636363,43.25,70.16666666666667
25,80.0,55,33.0,0.4464285714285714,17.0,38.333333333333336
26,77.3,56,33.730000000000004,0.4561403508771929,18.27,39.56666666666667
27,74.6,57,34.46,0.4655172413793103,19.54,40.8
28,71.9,58,35.19,0.4745762711864407,20.81,42.03333333333333
29,69.2,59,35.92,0.4833333333333333,22.08,43.26666666666667
30,66.5,60,36.65,0.4918032786885246,23.35,44.5
31,63.8,61,37.38,0.5,24.62,45.73333333333333
32,61.1,62,38.11,0.5079365079365079,25.89,46.96666666666667
33,58.4,63,38.84,0.515625,27.16,48.2
34,55.7,64,39.57,0.5230769230769231,28.43,49.43333333333334
35,53.0,65,40.3,0.5303030303030303,29.7,50.66666666666666
36,50.3,66,41.03,0.5373134328358209,30.97,51.9
37,47.6,67,41.76,0.5441176470588235,32.24,53.13333333333333
38,44.9,68,42.49,0.5507246376811594,33.51,54.36666666666667
39,42.2,69,43.22,0.5571428571428572,34.78,55.6
40,39.5,70,43.95,0.5633802816901409,36.05,56.833333333333336
41,36.8,71,44.68,0.5694444444444444,37.32,58.06666666666666
42,34.1,72,45.41,0.5753424657534246,38.59,59.3
43,31.4,73,46.14,0.581081081081081,39.86,60.53333333333333
44,28.7,74,46.87,0.5866666666666667,41.13,61.76666666666667
45,26.0,75,47.6,0.5921052631578947,42.4,63.0
46,23.3,76,48.33,0.5974025974025974,43.67,64.23333333333333
25,80.0,77,33.0,0.3205128205128205,17.0,31.0
26,78.0,78,33.8,0.3291139240506329,18.2,32.0
27,76.0,79,34.6,0.3375,19.4,33.0
28,74.0,80,35.4,0.345679012345679,20.6,34.0
29,72.0,81,36.2,0.3536585365853658,21.8,35.0
30,70.0,82,37.0,0.3614457831325301,23.0,36.0
31,68.0,83,37.8,0.369047619047619,24.2,37.0
32,66.0,84,38.6,0.3764705882352941,25.4,38.0
33,64.0,85,39.4,0.3837209302325581,26.6,39.0
34,62.0,86,40.2,0.3908045977011494,27.8,40.0
35,60.0,87,41.0,0.3977272727272727,29.0,41.0
36,58.0,88,41.8,0.4044943820224719,30.2,42.0
37,56.0,89,42.6,0.4111111111111111,31.4,43.0
38,54.0,90,43.4,0.4175824175824176,32.6,44.0
39,52.0,91,44.2,0.4239130434782608,33.8,45.0
40,50.0,92,45.0,0.4301075268817204,35.0,46.0
41,48.0,93,45.8,0.4361702127659574,36.2,47.0
42,46.0,94,46.6,0.4421052631578947,37.4,48.0
43,44.0,95,47.4,0.4479166666666667,38.6,49.0
44,42.0,96,48.2,0.4536082474226804,39.8,50.0
45,40.0,97,49.0,0.4591836734693877,41.0,51.0
46,38.0,98,49.8,0.4646464646464646,42.2,52.0
25,80.0,99,33.0,0.25,17.0,23.666666666666668
26,78.0,100,33.8,0.2574257425742574,18.2,24.666666666666668
27,76.0,1,34.6,13.5,19.4,59.0
28,74.0,2,35.4,9.333333333333334,20.6,60.0
29,72.0,3,36.2,7.25,21.8,61.0
30,70.0,4,37.0,6.0,23.0,62.0
31,68.0,5,37.8,5.166666666666667,24.2,63.0
32,66.0,6,38.6,4.571428571428571,25.4,64.0
33,64.0,7,39.4,4.125,26.6,65.0
34,62.0,8,40.2,3.7777777777777777,27.8,66.0
35,60.0,9,41.0,3.5,29.0,67.0
36,58.0,10,41.8,3.272727272727273,30.2,68.0
37,56.0,11,42.6,3.083333333333333,31.4,69.0
38,54.0,12,43.4,2.923076923076923,32.6,70.0
39,52.0,13,44.2,2.7857142857142856,33.8,71.0
40,50.0,14,45.0,2.6666666666666665,35.0,72.0
41,48.0,15,45.8,2.5625,36.2,73.0
42,46.0,16,46.6,2.4705882352941178,37.4,74.0
43,44.0,17,47.4,2.388888888888889,38.6,75.0
44,42.0,18,48.2,2.3157894736842106,39.8,76.0
45,40.0,19,49.0,2.25,41.0,77.0
46,38.0,20,49.8,2.1904761904761907,42.2,78.0
25,80.0,21,33.0,1.1363636363636365,17.0,49.66666666666666
26,77.0,22,33.7,1.1304347826086956,18.3,51.0
27,74.0,23,34.4,1.125,19.6,52.333333333333336
28,71.0,24,35.1,1.12,20.9,53.66666666666666
29,68.0,25,35.8,1.1153846153846154,22.2,55.0
30,65.0,26,36.5,1.1111111111111112,23.5,56.333333333333336
31,62.0,27,37.2,1.1071428571428572,24.8,57.66666666666666
32,59.0,28,37.9,1.103448275862069,26.1,59.0
33,56.0,29,38.6,1.1,27.4,60.333333333333336
34,53.0,30,39.3,1.096774193548387,28.7,61.66666666666666
35,50.0,31,40.0,1.09375,30.0,63.0
36,47.0,32,40.7,1.0909090909090908,31.3,64.33333333333333
37,44.0,33,41.4,1.088235294117647,32.6,65.66666666666667
38,41.0,34,42.1,1.0857142857142856,33.9,67.0
39,38.0,35,42.8,1.0833333333333333,35.2,68.33333333333333
40,35.0,36,43.5,1.0810810810810811,36.5,69.66666666666667
41,32.0,37,44.2,1.0789473684210529,37.8,71.0
42,29.0,38,44.9,1.0769230769230769,39.1,72.33333333333333
43,26.0,39,45.6,1.075,40.4,73.66666666666667
44,23.0,40,46.3,1.0731707317073171,41.7,75.0
45,20.0,41,47.0,1.0714285714285714,43.0,76.33333333333333
46,17.0,42,47.7,1.069767441860465,44.3,77.66666666666667
25,80.0,43,33.0,0.5681818181818182,17.0,42.333333333333336
26,77.0,44,33.7,0.5777777777777777,18.3,43.66666666666666
27,74.0,45,34.4,0.5869565217391305,19.6,45.0
28,71.0,46,35.1,0.5957446808510638,20.9,46.333333333333336
29,68.0,47,35.8,0.6041666666666666,22.2,47.66666666666666
30,65.0,48,36.5,0.6122448979591837,23.5,49.0
31,62.0,49,37.2,0.62,24.8,50.333333333333336
32,59.0,50,37.9,0.6274509803921569,26.1,51.66666666666666
33,56.0,51,38.6,0.6346153846153846,27.4,53.0
34,53.0,52,39.3,0.6415094339622641,28.7,54.333333333333336
35,50.0,53,40.0,0.6481481481481481,30.0,55.66666666666666
36,47.0,54,40.7,0.6545454545454545,31.3,57.0
37,44.0,55,41.4,0.6607142857142857,32.6,58.333333333333336
38,41.0,56,42.1,0.6666666666666666,33.9,59.66666666666666
39,38.0,57,42.8,0.6724137931034483,35.2,61.0
40,35.0,58,43.5,0.6779661016949152,36.5,62.333333333333336
41,32.0,59,44.2,0.6833333333333333,37.8,63.66666666666666
42,29.0,60,44.9,0.6885245901639344,39.1,65.0
43,26.0,61,45.6,0.6935483870967742,40.4,66.33333333333333
44,23.0,62,46.3,0.6984126984126984,41.7,67.66666666666667
45,20.0,63,47.0,0.703125,43.0,69.0
46,17.0,64,47.7,0.7076923076923077,44.3,70.33333333333333
25,80.0,65,33.0,0.3787878787878788,17.0,35.0
26,77.0,66,33.7,0.3880597014925373,18.3,36.333333333333336
27,74.0,67,34.4,0.3970588235294117,19.6,37.66666666666666
28,71.0,68,35.1,0.4057971014492754,20.9,39.0
29,68.0,69,35.8,0.4142857142857143,22.2,40.333333333333336
30,65.0,70,36.5,0.4225352112676056,23.5,41.66666666666666
31,62.0,71,37.2,0.4305555555555556,24.8,43.0
32,59.0,72,37.9,0.4383561643835616,26.1,44.333333333333336
33,56.0,73,38.6,0.4459459459459459,27.4,45.66666666666666
34,53.0,74,39.3,0.4533333333333333,28.7,47.0
35,50.0,75,40.0,0.4605263157894737,30.0,48.333333333333336
36,47.0,76,40.7,0.4675324675324675,31.3,49.66666666666666
37,44.0,77,41.4,0.4743589743589743,32.6,51.0
38,41.0,78,42.1,0.4810126582278481,33.9,52.333333333333336
39,38.0,79,42.8,0.4875,35.2,53.66666666666666
40,35.0,80,43.5,0.4938271604938271,36.5,55.0
41,32.0,81,44.2,0.5,37.8,56.333333333333336
42,29.0,82,44.9,0.5060240963855421,39.1,57.66666666666666
43,26.0,83,45.6,0.5119047619047619,40.4,59.0
44,23.0,84,46.3,0.5176470588235295,41.7,60.333333333333336
45,20.0,85,47.0,0.5232558139534884,43.0,61.66666666666666
46,17.0,86,47.7,0.5287356321839081,44.3,63.0
25,80.0,87,33.0,0.2840909090909091,17.0,27.666666666666668
26,77.3,88,33.730000000000004,0.2921348314606741,18.27,28.9
27,74.6,89,34.46,0.3,19.54,30.133333333333336
28,71.9,90,35.19,0.3076923076923077,20.81,31.366666666666664
29,69.2,91,35.92,0.3152173913043478,22.08,32.6
30,66.5,92,36.65,0.3225806451612903,23.35,33.833333333333336
31,63.8,93,37.38,0.3297872340425531,24.62,35.06666666666667
32,61.1,94,38.11,0.3368421052631579,25.89,36.3
33,58.4,95,38.84,0.34375,27.16,37.53333333333333
34,55.7,96,39.57,0.3505154639175257,28.43,38.766666666666666
35,53.0,97,40.3,0.3571428571428571,29.7,40.0
36,50.3,98,41.03,0.3636363636363636,30.97,41.23333333333333
37,47.6,99,41.76,0.37,32.24,42.46666666666667
38,44.9,100,42.49,0.3762376237623762,33.51,43.7
39,42.2,1,43.22,19.5,34.78,78.26666666666667
40,39.5,2,43.95,13.333333333333334,36.05,79.5
41,36.8,3,44.68,10.25,37.32,80.73333333333333
42,34.1,4,45.41,8.4,38.59,81.96666666666667
43,31.4,5,46.14,7.166666666666667,39.86,83.2
44,28.7,6,46.87,6.285714285714286,41.13,84.43333333333334
45,26.0,7,47.6,5.625,42.4,85.66666666666667
46,23.3,8,48.33,5.111111111111111,43.67,86.89999999999999
25,80.0,9,33.0,2.5,17.0,53.66666666666666
26,77.0,10,33.7,2.363636363636364,18.3,55.0
27,74.0,11,34.4,2.25,19.6,56.333333333333336
28,71.0,12,35.1,2.1538461538461537,20.9,57.66666666666666
29,68.0,13,35.8,2.071428571428572,22.2,59.0
30,65.0,14,36.5,2.0,23.5,60.333333333333336
31,62.0,15,37.2,1.9375,24.8,61.66666666666666
32,59.0,16,37.9,1.8823529411764703,26.1,63.0
33,56.0,17,38.6,1.8333333333333333,27.4,64.33333333333333
34,53.0,18,39.3,1.7894736842105263,28.7,65.66666666666667
35,50.0,19,40.0,1.75,30.0,67.0
36,47.0,20,40.7,1.7142857142857142,31.3,68.33333333333333
37,44.0,21,41.4,1.681818181818182,32.6,69.66666666666667
38,41.0,22,42.1,1.6521739130434785,33.9,71.0
39,38.0,23,42.8,1.625,35.2,72.33333333333333
40,35.0,24,43.5,1.6,36.5,73.66666666666667
41,32.0,25,44.2,1.5769230769230769,37.8,75.0
42,29.0,26,44.9,1.5555555555555556,39.1,76.33333333333333
43,26.0,27,45.6,1.5357142857142858,40.4,77.66666666666667
44,23.0,28,46.3,1.5172413793103448,41.7,79.0
45,20.0,29,47.0,1.5,43.0,80.33333333333333
46,17.0,30,47.7,1.4838709677419355,44.3,81.66666666666667
25,80.0,31,33.0,0.78125,17.0,46.333333333333336
26,77.5,32,33.75,0.7878787878787878,18.25,47.5
27,75.0,33,34.5,0.7941176470588235,19.5,48.66666666666666
28,72.5,34,35.25,0.8,20.75,49.833333333333336
29,70.0,35,36.0,0.8055555555555556,22.0,51.0
30,67.5,36,36.75,0.8108108108108109,23.25,52.16666666666666
31,65.0,37,37.5,0.8157894736842105,24.5,53.333333333333336
32,62.5,38,38.25,0.8205128205128205,25.75,54.5
33,60.0,39,39.0,0.825,27.0,55.66666666666666
34,57.5,40,39.75,0.8292682926829268,28.25,56.833333333333336
35,55.0,41,40.5,0.8333333333333334,29.5,58.0
36,52.5,42,41.25,0.8372093023255814,30.75,59.16666666666666
37,50.0,43,42.0,0.8409090909090909,32.0,60.333333333333336
38,47.5,44,42.75,0.8444444444444444,33.25,61.5
39,45.0,45,43.5,0.8478260869565217,34.5,62.66666666666666
40,42.5,46,44.25,0.851063829787234,35.75,63.833333333333336
41,40.0,47,45.0,0.8541666666666666,37.0,65.0
42,37.5,48,45.75,0.8571428571428571,38.25,66.16666666666667
43,35.0,49,46.5,0.86,39.5,67.33333333333333
44,32.5,50,47.25,0.8627450980392157,40.75,68.5
45,30.0,51,48.0,0.8653846153846154,42.0,69.66666666666667
46,27.5,52,48.75,0.8679245283018868,43.25,70.83333333333333
25,80.0,53,33.0,0.4629629629629629,17.0,39.0
26,77.3,54,33.730000000000004,0.4727272727272727,18.27,40.23333333333333
27,74.6,55,34.46,0.4821428571428571,19.54,41.46666666666667
28,71.9,56,35.19,0.4912280701754385,20.81,42.7
29,69.2,57,35.92,0.5,22.08,43.93333333333334
30,66.5,58,36.65,0.5084745762711864,23.35,45.16666666666666
31,63.8,59,37.38,0.5166666666666667,24.62,46.4
32,61.1,60,38.11,0.5245901639344263,25.89,47.63333333333333
33,58.4,61,38.84,0.532258064516129,27.16,48.86666666666667
34,55.7,62,39.57,0.5396825396825397,28.43,50.1
35,53.0,63,40.3,0.546875,29.7,51.333333333333336
36,50.3,64,41.03,0.5538461538461539,30.97,52.56666666666666
37,47.6,65,41.76,0.5606060606060606,32.24,53.8
38,44.9,66,42.49,0.5671641791044776,33.51,55.03333333333333
39,42.2,67,43.22,0.5735294117647058,34.78,56.26666666666667
40,39.5,68,43.95,0.5797101449275363,36.05,57.5
41,36.8,69,44.68,0.5857142857142857,37.32,58.73333333333333
42,34.1,70,45.41,0.5915492957746479,38.59,59.96666666666667
43,31.4,71,46.14,0.5972222222222222,39.86,61.2
44,28.7,72,46.87,0.6027397260273972,41.13,62.43333333333334
45,26.0,73,47.6,0.6081081081081081,42.4,63.66666666666666
46,23.3,74,48.33,0.6133333333333333,43.67,64.89999999999999
25,80.0,75,33.0,0.3289473684210526,17.0,31.666666666666668
26,77.0,76,33.7,0.3376623376623376,18.3,33.0
27,74.0,77,34.4,0.3461538461538461,19.6,34.333333333333336
28,71.0,78,35.1,0.3544303797468354,20.9,35.666666666666664
29,68.0,79,35.8,0.3625,22.2,37.0
30,65.0,80,36.5,0.3703703703703703,23.5,38.333333333333336
31,62.0,81,37.2,0.3780487804878049,24.8,39.66666666666666
32,59.0,82,37.9,0.3855421686746988,26.1,41.0
33,56.0,83,38.6,0.3928571428571428,27.4,42.333333333333336
34,53.0,84,39.3,0.4,28.7,43.66666666666666
35,50.0,85,40.0,0.4069767441860465,30.0,45.0
36,47.0,86,40.7,0.4137931034482758,31.3,46.333333333333336
37,44.0,87,41.4,0.4204545454545454,32.6,47.66666666666666
38,41.0,88,42.1,0.4269662921348314,33.9,49.0
39,38.0,89,42.8,0.4333333333333333,35.2,50.333333333333336
40,35.0,90,43.5,0.4395604395604395,36.5,51.66666666666666
41,32.0,91,44.2,0.4456521739130434,37.8,53.0
42,29.0,92,44.9,0.4516129032258064,39.1,54.333333333333336
43,26.0,93,45.6,0.4574468085106383,40.4,55.66666666666666
44,23.0,94,46.3,0.4631578947368421,41.7,57.0
45,20.0,95,47.0,0.46875,43.0,58.333333333333336
46,17.0,96,47.7,0.4742268041237113,44.3,59.66666666666666
25,80.0,97,33.0,0.2551020408163265,17.0,24.33333333333333
26,77.5,98,33.75,0.2626262626262626,18.25,25.5
27,75.0,99,34.5,0.27,19.5,26.666666666666668
28,72.5,100,35.25,0.2772277227722772,20.75,27.83333333333333
29,70.0,1,36.0,14.5,22.0,62.333333333333336
30,67.5,2,36.75,10.0,23.25,63.5
31,65.0,3,37.5,7.75,24.5,64.66666666666667
32,62.5,4,38.25,6.4,25.75,65.83333333333333
33,60.0,5,39.0,5.5,27.0,67.0
34,57.5,6,39.75,4.857142857142857,28.25,68.16666666666667
35,55.0,7,40.5,4.375,29.5,69.33333333333333
36,52.5,8,41.25,4.0,30.75,70.5
37,50.0,9,42.0,3.7,32.0,71.66666666666667
38,47.5,10,42.75,3.4545454545454546,33.25,72.83333333333333
39,45.0,11,43.5,3.25,34.5,74.0
40,42.5,12,44.25,3.076923076923077,35.75,75.16666666666667
41,40.0,13,45.0,2.9285714285714284,37.0,76.33333333333333
42,37.5,14,45.75,2.8,38.25,77.5
43,35.0,15,46.5,2.6875,39.5,78.66666666666667
44,32.5,16,47.25,2.588235294117647,40.75,79.83333333333333
45,30.0,17,48.0,2.5,42.0,81.0
46,27.5,18,48.75,2.421052631578948,43.25,82.16666666666667
25,80.0,19,33.0,1.25,17.0,50.333333333333336
26,77.3,20,33.730000000000004,1.238095238095238,18.27,51.56666666666666
27,74.6,21,34.46,1.2272727272727273,19.54,52.8
28,71.9,22,35.19,1.2173913043478262,20.81,54.03333333333333
29,69.2,23,35.92,1.2083333333333333,22.08,55.26666666666667
30,66.5,24,36.65,1.2,23.35,56.5
31,63.8,25,37.38,1.1923076923076923,24.62,57.73333333333333
32,61.1,26,38.11,1.1851851851851851,25.89,58.96666666666667
33,58.4,27,38.84,1.1785714285714286,27.16,60.2
34,55.7,28,39.57,1.1724137931034482,28.43,61.43333333333334
35,53.0,29,40.3,1.1666666666666667,29.7,62.66666666666666
36,50.3,30,41.03,1.1612903225806452,30.97,63.9
37,47.6,31,41.76,1.15625,32.24,65.13333333333334
38,44.9,32,42.49,1.1515151515151516,33.51,66.36666666666666
39,42.2,33,43.22,1.1470588235294117,34.78,67.60000000000001
40,39.5,34,43.95,1.1428571428571428,36.05,68.83333333333333
41,36.8,35,44.68,1.1388888888888888,37.32,70.06666666666666
42,34.1,36,45.41,1.135135135135135,38.59,71.3
43,31.4,37,46.14,1.131578947368421,39.86,72.53333333333333
44,28.7,38,46.87,1.1282051282051282,41.13,73.76666666666667
45,26.0,39,47.6,1.125,42.4,75.0
46,23.3,40,48.33,1.1219512195121952,43.67,76.23333333333333
25,80.0,41,33.0,0.5952380952380952,17.0,43.0
26,78.0,42,33.8,0.6046511627906976,18.2,44.0
27,76.0,43,34.6,0.6136363636363636,19.4,45.0
28,74.0,44,35.4,0.6222222222222222,20.6,46.0
29,72.0,45,36.2,0.6304347826086957,21.8,47.0
30,70.0,46,37.0,0.6382978723404256,23.0,48.0
31,68.0,47,37.8,0.6458333333333334,24.2,49.0
32,66.0,48,38.6,0.6530612244897959,25.4,50.0
33,64.0,49,39.4,0.66,26.6,51.0
34,62.0,50,40.2,0.6666666666666666,27.8,52.0
35,60.0,51,41.0,0.6730769230769231,29.0,53.0
36,58.0,52,41.8,0.6792452830188679,30.2,54.0
37,56.0,53,42.6,0.6851851851851852,31.4,55.0
38,54.0,54,43.4,0.6909090909090909,32.6,56.0
39,52.0,55,44.2,0.6964285714285714,33.8,57.0
40,50.0,56,45.0,0.7017543859649122,35.0,58.0
41,48.0,57,45.8,0.7068965517241379,36.2,59.0
42,46.0,58,46.6,0.711864406779661,37.4,60.0
43,44.0,59,47.4,0.7166666666666667,38.6,61.0
44,42.0,60,48.2,0.7213114754098361,39.8,62.0
45,40.0,61,49.0,0.7258064516129032,41.0,63.0
46,38.0,62,49.8,0.7301587301587301,42.2,64.0
25,80.0,63,33.0,0.390625,17.0,35.666666666666664
26,78.0,64,33.8,0.4,18.2,36.66666666666666
27,76.0,65,34.6,0.4090909090909091,19.4,37.66666666666666
28,74.0,66,35.4,0.417910447761194,20.6,38.66666666666666
29,72.0,67,36.2,0.4264705882352941,21.8,39.66666666666666
30,70.0,68,37.0,0.4347826086956521,23.0,40.66666666666666
31,68.0,69,37.8,0.4428571428571428,24.2,41.66666666666666
32,66.0,70,38.6,0.4507042253521127,25.4,42.66666666666666
33,64.0,71,39.4,0.4583333333333333,26.6,43.66666666666666
34,62.0,72,40.2,0.4657534246575342,27.8,44.66666666666666
35,60.0,73,41.0,0.4729729729729729,29.0,45.66666666666666
36,58.0,74,41.8,0.48,30.2,46.66666666666666
37,56.0,75,42.6,0.4868421052631579,31.4,47.66666666666666
38,54.0,76,43.4,0.4935064935064935,32.6,48.66666666666666
39,52.0,77,44.2,0.5,33.8,49.66666666666666
40,50.0,78,45.0,0.5063291139240507,35.0,50.66666666666666
41,48.0,79,45.8,0.5125,36.2,51.66666666666666
42,46.0,80,46.6,0.5185185185185185,37.4,52.66666666666666
43,44.0,81,47.4,0.524390243902439,38.6,53.66666666666666
44,42.0,82,48.2,0.5301204819277109,39.8,54.66666666666666
45,40.0,83,49.0,0.5357142857142857,41.0,55.66666666666666
46,38.0,84,49.8,0.5411764705882353,42.2,56.66666666666666
25,80.0,85,33.0,0.2906976744186046,17.0,28.33333333333333
26,77.0,86,33.7,0.2988505747126437,18.3,29.666666666666668
27,74.0,87,34.4,0.3068181818181818,19.6,31.0
28,71.0,88,35.1,0.3146067415730337,20.9,32.333333333333336
29,68.0,89,35.8,0.3222222222222222,22.2,33.666666666666664
30,65.0,90,36.5,0.3296703296703296,23.5,35.0
31,62.0,91,37.2,0.3369565217391304,24.8,36.333333333333336
32,59.0,92,37.9,0.3440860215053763,26.1,37.66666666666666
33,56.0,93,38.6,0.351063829787234,27.4,39.0
34,53.0,94,39.3,0.3578947368421052,28.7,40.333333333333336
35,50.0,95,40.0,0.3645833333333333,30.0,41.66666666666666
36,47.0,96,40.7,0.3711340206185567,31.3,43.0
37,44.0,97,41.4,0.3775510204081632,32.6,44.333333333333336
38,41.0,98,42.1,0.3838383838383838,33.9,45.66666666666666
39,38.0,99,42.8,0.39,35.2,47.0
40,35.0,100,43.5,0.396039603960396,36.5,48.333333333333336
41,32.0,1,44.2,20.5,37.8,83.0
42,29.0,2,44.9,14.0,39.1,84.33333333333333
43,26.0,3,45.6,10.75,40.4,85.66666666666667
44,23.0,4,46.3,8.8,41.7,87.0
45,20.0,5,47.0,7.5,43.0,88.33333333333333
46,17.0,6,47.7,6.571428571428571,44.3,89.66666666666667
25,80.0,7,33.0,3.125,17.0,54.333333333333336
26,77.0,8,33.7,2.888888888888889,18.3,55.66666666666666
27,74.0,9,34.4,2.7,19.6,57.0
28,71.0,10,35.1,2.5454545454545454,20.9,58.333333333333336
29,68.0,11,35.8,2.4166666666666665,22.2,59.66666666666666
30,65.0,12,36.5,2.3076923076923075,23.5,61.0
31,62.0,13,37.2,2.2142857142857144,24.8,62.333333333333336
32,59.0,14,37.9,2.1333333333333333,26.1,63.66666666666666
33,56.0,15,38.6,2.0625,27.4,65.0
34,53.0,16,39.3,2.0,28.7,66.33333333333333
35,50.0,17,40.0,1.9444444444444444,30.0,67.66666666666667
36,47.0,18,40.7,1.894736842105263,31.3,69.0
37,44.0,19,41.4,1.85,32.6,70.33333333333333
38,41.0,20,42.1,1.809523809523809,33.9,71.66666666666667
39,38.0,21,42.8,1.7727272727272727,35.2,73.0
40,35.0,22,43.5,1.7391304347826086,36.5,74.33333333333333
41,32.0,23,44.2,1.7083333333333333,37.8,75.66666666666667
42,29.0,24,44.9,1.68,39.1,77.0
43,26.0,25,45.6,1.6538461538461535,40.4,78.33333333333333
44,23.0,26,46.3,1.6296296296296295,41.7,79.66666666666667
45,20.0,27,47.0,1.6071428571428572,43.0,81.0
46,17.0,28,47.7,1.5862068965517242,44.3,82.33333333333333
25,80.0,29,33.0,0.8333333333333334,17.0,47.0
26,77.0,30,33.7,0.8387096774193549,18.3,48.333333333333336
27,74.0,31,34.4,0.84375,19.6,49.66666666666666
28,71.0,32,35.1,0.8484848484848485,20.9,51.0
29,68.0,33,35.8,0.8529411764705882,22.2,52.333333333333336
30,65.0,34,36.5,0.8571428571428571,23.5,53.66666666666666
31,62.0,35,37.2,0.8611111111111112,24.8,55.0
32,59.0,36,37.9,0.8648648648648649,26.1,56.333333333333336
33,56.0,37,38.6,0.868421052631579,27.4,57.66666666666666
34,53.0,38,39.3,0.8717948717948718,28.7,59.0
35,50.0,39,40.0,0.875,30.0,60.333333333333336
36,47.0,40,40.7,0.8780487804878049,31.3,61.66666666666666
37,44.0,41,41.4,0.8809523809523809,32.6,63.0
38,41.0,42,42.1,0.8837209302325582,33.9,64.33333333333333
39,38.0,43,42.8,0.8863636363636364,35.2,65.66666666666667
40,35.0,44,43.5,0.8888888888888888,36.5,67.0
41,32.0,45,44.2,0.8913043478260869,37.8,68.33333333333333
42,29.0,46,44.9,0.8936170212765957,39.1,69.66666666666667
43,26.0,47,45.6,0.8958333333333334,40.4,71.0
44,23.0,48,46.3,0.8979591836734694,41.7,72.33333333333333
45,20.0,49,47.0,0.9,43.0,73.66666666666667
46,17.0,50,47.7,0.9019607843137256,44.3,75.0
25,80.0,51,33.0,0.4807692307692308,17.0,39.66666666666666
26,77.3,52,33.730000000000004,0.490566037735849,18.27,40.9
27,74.6,53,34.46,0.5,19.54,42.13333333333333
28,71.9,54,35.19,0.509090909090909,20.81,43.36666666666667
29,69.2,55,35.92,0.5178571428571429,22.08,44.6
30,66.5,56,36.65,0.5263157894736842,23.35,45.833333333333336
31,63.8,57,37.38,0.5344827586206896,24.62,47.06666666666666
32,61.1,58,38.11,0.5423728813559322,25.89,48.3
33,58.4,59,38.84,0.55,27.16,49.53333333333333
34,55.7,60,39.57,0.5573770491803278,28.43,50.76666666666667
35,53.0,61,40.3,0.5645161290322581,29.7,52.0
36,50.3,62,41.03,0.5714285714285714,30.97,53.23333333333333
37,47.6,63,41.76,0.578125,32.24,54.46666666666667
38,44.9,64,42.49,0.5846153846153846,33.51,55.7
39,42.2,65,43.22,0.5909090909090909,34.78,56.93333333333334
40,39.5,66,43.95,0.5970149253731343,36.05,58.16666666666666
41,36.8,67,44.68,0.6029411764705882,37.32,59.4
42,34.1,68,45.41,0.6086956521739131,38.59,60.63333333333333
43,31.4,69,46.14,0.6142857142857143,39.86,61.86666666666667
44,28.7,70,46.87,0.6197183098591549,41.13,63.1
45,26.0,71,47.6,0.625,42.4,64.33333333333333
46,23.3,72,48.33,0.6301369863013698,43.67,65.56666666666666
25,80.0,73,33.0,0.3378378378378378,17.0,32.333333333333336
26,77.0,74,33.7,0.3466666666666667,18.3,33.666666666666664
27,74.0,75,34.4,0.3552631578947368,19.6,35.0
28,71.0,76,35.1,0.3636363636363636,20.9,36.333333333333336
29,68.0,77,35.8,0.3717948717948718,22.2,37.66666666666666
30,65.0,78,36.5,0.379746835443038,23.5,39.0
31,62.0,79,37.2,0.3875,24.8,40.333333333333336
32,59.0,80,37.9,0.3950617283950617,26.1,41.66666666666666
33,56.0,81,38.6,0.4024390243902439,27.4,43.0
34,53.0,82,39.3,0.4096385542168674,28.7,44.333333333333336
35,50.0,83,40.0,0.4166666666666667,30.0,45.66666666666666
36,47.0,84,40.7,0.4235294117647059,31.3,47.0
37,44.0,85,41.4,0.4302325581395348,32.6,48.333333333333336
38,41.0,86,42.1,0.4367816091954023,33.9,49.66666666666666
39,38.0,87,42.8,0.4431818181818182,35.2,51.0
40,35.0,88,43.5,0.449438202247191,36.5,52.333333333333336
41,32.0,89,44.2,0.4555555555555555,37.8,53.66666666666666
42,29.0,90,44.9,0.4615384615384615,39.1,55.0
43,26.0,91,45.6,0.4673913043478261,40.4,56.333333333333336
44,23.0,92,46.3,0.4731182795698925,41.7,57.66666666666666
45,20.0,93,47.0,0.4787234042553192,43.0,59.0
46,17.0,94,47.7,0.4842105263157895,44.3,60.333333333333336
25,80.0,95,33.0,0.2604166666666667,17.0,25.0
26,77.5,96,33.75,0.268041237113402,18.25,26.166666666666668
27,75.0,97,34.5,0.2755102040816326,19.5,27.33333333333333
28,72.5,98,35.25,0.2828282828282828,20.75,28.5
29,70.0,99,36.0,0.29,22.0,29.666666666666668
30,67.5,100,36.75,0.297029702970297,23.25,30.83333333333333
31,65.0,1,37.5,15.5,24.5,65.33333333333333
32,62.5,2,38.25,10.666666666666666,25.75,66.5
33,60.0,3,39.0,8.25,27.0,67.66666666666667
34,57.5,4,39.75,6.8,28.25,68.83333333333333
35,55.0,5,40.5,5.833333333333333,29.5,70.0
36,52.5,6,41.25,5.142857142857143,30.75,71.16666666666667
37,50.0,7,42.0,4.625,32.0,72.33333333333333
38,47.5,8,42.75,4.222222222222222,33.25,73.5
39,45.0,9,43.5,3.9,34.5,74.66666666666667
40,42.5,10,44.25,3.636363636363636,35.75,75.83333333333333
41,40.0,11,45.0,3.4166666666666665,37.0,77.0
42,37.5,12,45.75,3.230769230769231,38.25,78.16666666666667
43,35.0,13,46.5,3.071428571428572,39.5,79.33333333333333
44,32.5,14,47.25,2.933333333333333,40.75,80.5
45,30.0,15,48.0,2.8125,42.0,81.66666666666667
46,27.5,16,48.75,2.7058823529411766,43.25,82.83333333333333
25,80.0,17,33.0,1.3888888888888888,17.0,51.0
26,77.3,18,33.730000000000004,1.368421052631579,18.27,52.23333333333333
27,74.6,19,34.46,1.35,19.54,53.46666666666667
28,71.9,20,35.19,1.3333333333333333,20.81,54.7
29,69.2,21,35.92,1.318181818181818,22.08,55.93333333333334
30,66.5,22,36.65,1.3043478260869563,23.35,57.16666666666666
31,63.8,23,37.38,1.2916666666666667,24.62,58.4
32,61.1,24,38.11,1.28,25.89,59.63333333333333
33,58.4,25,38.84,1.2692307692307692,27.16,60.86666666666667
34,55.7,26,39.57,1.2592592592592593,28.43,62.1
35,53.0,27,40.3,1.25,29.7,63.333333333333336
36,50.3,28,41.03,1.2413793103448276,30.97,64.56666666666666
37,47.6,29,41.76,1.2333333333333334,32.24,65.8
38,44.9,30,42.49,1.2258064516129032,33.51,67.03333333333333
39,42.2,31,43.22,1.21875,34.78,68.26666666666667
40,39.5,32,43.95,1.2121212121212122,36.05,69.5
41,36.8,33,44.68,1.2058823529411764,37.32,70.73333333333333
42,34.1,34,45.41,1.2,38.59,71.96666666666667
43,31.4,35,46.14,1.1944444444444444,39.86,73.2
44,28.7,36,46.87,1.1891891891891893,41.13,74.43333333333334
45,26.0,37,47.6,1.1842105263157894,42.4,75.66666666666667
46,23.3,38,48.33,1.1794871794871795,43.67,76.89999999999999
25,80.0,39,33.0,0.625,17.0,43.66666666666666
26,77.0,40,33.7,0.6341463414634146,18.3,45.0
27,74.0,41,34.4,0.6428571428571429,19.6,46.333333333333336
28,71.0,42,35.1,0.6511627906976745,20.9,47.66666666666666
29,68.0,43,35.8,0.6590909090909091,22.2,49.0
30,65.0,44,36.5,0.6666666666666666,23.5,50.333333333333336
31,62.0,45,37.2,0.6739130434782609,24.8,51.66666666666666
32,59.0,46,37.9,0.6808510638297872,26.1,53.0
33,56.0,47,38.6,0.6875,27.4,54.333333333333336
34,53.0,48,39.3,0.6938775510204082,28.7,55.66666666666666
35,50.0,49,40.0,0.7,30.0,57.0
36,47.0,50,40.7,0.7058823529411765,31.3,58.333333333333336
37,44.0,51,41.4,0.7115384615384616,32.6,59.66666666666666
38,41.0,52,42.1,0.7169811320754716,33.9,61.0
39,38.0,53,42.8,0.7222222222222222,35.2,62.333333333333336
40,35.0,54,43.5,0.7272727272727273,36.5,63.66666666666666
41,32.0,55,44.2,0.7321428571428571,37.8,65.0
42,29.0,56,44.9,0.7368421052631579,39.1,66.33333333333333
43,26.0,57,45.6,0.7413793103448276,40.4,67.66666666666667
44,23.0,58,46.3,0.7457627118644068,41.7,69.0
45,20.0,59,47.0,0.75,43.0,70.33333333333333
46,17.0,60,47.7,0.7540983606557377,44.3,71.66666666666667
25,80.0,61,33.0,0.4032258064516129,17.0,36.333333333333336
26,77.5,62,33.75,0.4126984126984127,18.25,37.5
27,75.0,63,34.5,0.421875,19.5,38.66666666666666
28,72.5,64,35.25,0.4307692307692308,20.75,39.833333333333336
29,70.0,65,36.0,0.4393939393939394,22.0,41.0
30,67.5,66,36.75,0.4477611940298507,23.25,42.16666666666666
31,65.0,67,37.5,0.4558823529411764,24.5,43.333333333333336
32,62.5,68,38.25,0.463768115942029,25.75,44.5
33,60.0,69,39.0,0.4714285714285714,27.0,45.66666666666666
34,57.5,70,39.75,0.4788732394366197,28.25,46.833333333333336
35,55.0,71,40.5,0.4861111111111111,29.5,48.0
36,52.5,72,41.25,0.4931506849315068,30.75,49.16666666666666
37,50.0,73,42.0,0.5,32.0,50.333333333333336
38,47.5,74,42.75,0.5066666666666667,33.25,51.5
39,45.0,75,43.5,0.5131578947368421,34.5,52.66666666666666
40,42.5,76,44.25,0.5194805194805194,35.75,53.833333333333336
41,40.0,77,45.0,0.5256410256410257,37.0,55.0
42,37.5,78,45.75,0.5316455696202531,38.25,56.16666666666666
43,35.0,79,46.5,0.5375,39.5,57.333333333333336
44,32.5,80,47.25,0.5432098765432098,40.75,58.5
45,30.0,81,48.0,0.5487804878048781,42.0,59.66666666666666
46,27.5,82,48.75,0.5542168674698795,43.25,60.833333333333336
25,80.0,83,33.0,0.2976190476190476,17.0,29.0
26,77.3,84,33.730000000000004,0.3058823529411765,18.27,30.23333333333333
27,74.6,85,34.46,0.313953488372093,19.54,31.46666666666667
28,71.9,86,35.19,0.3218390804597701,20.81,32.7
29,69.2,87,35.92,0.3295454545454545,22.08,33.93333333333333
30,66.5,88,36.65,0.3370786516853932,23.35,35.166666666666664
31,63.8,89,37.38,0.3444444444444444,24.62,36.4
32,61.1,90,38.11,0.3516483516483517,25.89,37.63333333333333
33,58.4,91,38.84,0.358695652173913,27.16,38.86666666666667
34,55.7,92,39.57,0.3655913978494624,28.43,40.1
35,53.0,93,40.3,0.3723404255319149,29.7,41.333333333333336
36,50.3,94,41.03,0.3789473684210526,30.97,42.56666666666667
37,47.6,95,41.76,0.3854166666666667,32.24,43.8
38,44.9,96,42.49,0.3917525773195876,33.51,45.03333333333333
39,42.2,97,43.22,0.3979591836734694,34.78,46.26666666666667
40,39.5,98,43.95,0.404040404040404,36.05,47.5
41,36.8,99,44.68,0.41,37.32,48.73333333333333
42,34.1,100,45.41,0.4158415841584158,38.59,49.96666666666667
24,80.0,1,32.0,12.0,16.0,55.66666666666666
23,81.0,2,31.1,7.666666666666667,14.9,54.333333333333336
22,82.0,3,30.200000000000003,5.5,13.8,53.0
21,83.0,4,29.3,4.2,12.7,51.66666666666666
20,84.0,5,28.4,3.333333333333333,11.6,50.333333333333336
19,85.0,6,27.5,2.7142857142857144,10.5,49.0
18,86.0,7,26.6,2.25,9.4,47.66666666666666
17,87.0,8,25.700000000000003,1.8888888888888888,8.3,46.333333333333336
16,88.0,9,24.8,1.6,7.199999999999999,45.0
15,89.0,10,23.9,1.3636363636363635,6.1,43.66666666666666
14,90.0,11,23.0,1.1666666666666667,5.0,42.333333333333336
13,91.0,12,22.1,1.0,3.9,41.0
24,80.0,13,32.0,1.7142857142857142,16.0,51.66666666666666
23,81.0,14,31.1,1.5333333333333334,14.9,50.333333333333336
22,82.0,15,30.200000000000003,1.375,13.8,49.0
21,83.0,16,29.3,1.2352941176470589,12.7,47.66666666666666
20,84.0,17,28.4,1.1111111111111112,11.6,46.333333333333336
19,85.0,18,27.5,1.0,10.5,45.0
18,86.0,19,26.6,0.9,9.4,43.66666666666666
17,87.0,20,25.700000000000003,0.8095238095238095,8.3,42.333333333333336
16,88.0,21,24.8,0.7272727272727273,7.199999999999999,41.0
15,89.0,22,23.9,0.6521739130434783,6.1,39.66666666666666
14,90.0,23,23.0,0.5833333333333334,5.0,38.333333333333336
13,91.0,24,22.1,0.52,3.9,37.0
24,80.0,25,32.0,0.9230769230769232,16.0,47.66666666666666
23,81.0,26,31.1,0.8518518518518519,14.9,46.333333333333336
22,82.0,27,30.200000000000003,0.7857142857142857,13.8,45.0
21,83.0,28,29.3,0.7241379310344828,12.7,43.66666666666666
20,84.0,29,28.4,0.6666666666666666,11.6,42.333333333333336
19,85.0,30,27.5,0.6129032258064516,10.5,41.0
24,80.0,1,32.0,12.0,16.0,55.66666666666666
23,81.0,2,31.1,7.666666666666667,14.9,54.333333333333336
22,82.0,3,30.200000000000003,5.5,13.8,53.0
21,83.0,4,29.3,4.2,12.7,51.66666666666666
20,84.0,5,28.4,3.333333333333333,11.6,50.333333333333336
19,85.0,6,27.5,2.7142857142857144,10.5,49.0
18,86.0,7,26.6,2.25,9.4,47.66666666666666
17,87.0,8,25.700000000000003,1.8888888888888888,8.3,46.333333333333336
16,88.0,9,24.8,1.6,7.199999999999999,45.0
15,89.0,10,23.9,1.3636363636363635,6.1,43.66666666666666
14,90.0,11,23.0,1.1666666666666667,5.0,42.333333333333336
13,91.0,12,22.1,1.0,3.9,41.0
24,80.0,13,32.0,1.7142857142857142,16.0,51.66666666666666
23,81.0,14,31.1,1.5333333333333334,14.9,50.333333333333336
22,82.0,15,30.200000000000003,1.375,13.8,49.0
21,83.0,16,29.3,1.2352941176470589,12.7,47.66666666666666
20,84.0,17,28.4,1.1111111111111112,11.6,46.333333333333336
19,85.0,18,27.5,1.0,10.5,45.0
18,86.0,19,26.6,0.9,9.4,43.66666666666666
17,87.0,20,25.700000000000003,0.8095238095238095,8.3,42.333333333333336
16,88.0,21,24.8,0.7272727272727273,7.199999999999999,41.0
15,89.0,22,23.9,0.6521739130434783,6.1,39.66666666666666
14,90.0,23,23.0,0.5833333333333334,5.0,38.333333333333336
13,91.0,24,22.1,0.52,3.9,37.0
24,80.0,25,32.0,0.9230769230769232,16.0,47.66666666666666
23,81.0,26,31.1,0.8518518518518519,14.9,46.333333333333336
22,82.0,27,30.200000000000003,0.7857142857142857,13.8,45.0
21,83.0,28,29.3,0.7241379310344828,12.7,43.66666666666666
20,84.0,29,28.4,0.6666666666666666,11.6,42.333333333333336
19,85.0,30,27.5,0.6129032258064516,10.5,41.0
18,86.0,31,26.6,0.5625,9.4,39.66666666666666
17,87.0,32,25.700000000000003,0.5151515151515151,8.3,38.333333333333336
16,88.0,33,24.8,0.4705882352941176,7.199999999999999,37.0
15,89.0,34,23.9,0.4285714285714285,6.1,35.666666666666664
14,90.0,35,23.0,0.3888888888888889,5.0,34.333333333333336
13,91.0,36,22.1,0.3513513513513513,3.9,33.0
24,80.0,37,32.0,0.631578947368421,16.0,43.66666666666666
23,81.0,38,31.1,0.5897435897435898,14.9,42.333333333333336
22,82.0,39,30.200000000000003,0.55,13.8,41.0
24,80.0,1,32.0,12.0,16.0,55.66666666666666
23,81.0,2,31.1,7.666666666666667,14.9,54.333333333333336
22,82.0,3,30.200000000000003,5.5,13.8,53.0
21,83.0,4,29.3,4.2,12.7,51.66666666666666
20,84.0,5,28.4,3.333333333333333,11.6,50.333333333333336
19,85.0,6,27.5,2.7142857142857144,10.5,49.0
18,86.0,7,26.6,2.25,9.4,47.66666666666666
17,87.0,8,25.700000000000003,1.8888888888888888,8.3,46.333333333333336
16,88.0,9,24.8,1.6,7.199999999999999,45.0
15,89.0,10,23.9,1.3636363636363635,6.1,43.66666666666666
14,90.0,11,23.0,1.1666666666666667,5.0,42.333333333333336
13,91.0,12,22.1,1.0,3.9,41.0
24,80.0,13,32.0,1.7142857142857142,16.0,51.66666666666666
23,81.0,14,31.1,1.5333333333333334,14.9,50.333333333333336
22,82.0,15,30.200000000000003,1.375,13.8,49.0
21,83.0,16,29.3,1.2352941176470589,12.7,47.66666666666666
20,84.0,17,28.4,1.1111111111111112,11.6,46.333333333333336
19,85.0,18,27.5,1.0,10.5,45.0
18,86.0,19,26.6,0.9,9.4,43.66666666666666
17,87.0,20,25.700000000000003,0.8095238095238095,8.3,42.333333333333336
16,88.0,21,24.8,0.7272727272727273,7.199999999999999,41.0
15,89.0,22,23.9,0.6521739130434783,6.1,39.66666666666666
14,90.0,23,23.0,0.5833333333333334,5.0,38.333333333333336
13,91.0,24,22.1,0.52,3.9,37.0
24,80.0,25,32.0,0.9230769230769232,16.0,47.66666666666666
23,81.0,26,31.1,0.8518518518518519,14.9,46.333333333333336
22,82.0,27,30.200000000000003,0.7857142857142857,13.8,45.0
21,83.0,28,29.3,0.7241379310344828,12.7,43.66666666666666
20,84.0,29,28.4,0.6666666666666666,11.6,42.333333333333336
19,85.0,30,27.5,0.6129032258064516,10.5,41.0
18,86.0,31,26.6,0.5625,9.4,39.66666666666666
17,87.0,32,25.700000000000003,0.5151515151515151,8.3,38.333333333333336
16,88.0,33,24.8,0.4705882352941176,7.199999999999999,37.0
15,89.0,34,23.9,0.4285714285714285,6.1,35.666666666666664
14,90.0,35,23.0,0.3888888888888889,5.0,34.333333333333336
13,91.0,36,22.1,0.3513513513513513,3.9,33.0
24,80.0,37,32.0,0.631578947368421,16.0,43.66666666666666
23,81.0,38,31.1,0.5897435897435898,14.9,42.333333333333336
22,82.0,39,30.200000000000003,0.55,13.8,41.0
21,83.0,40,29.3,0.5121951219512195,12.7,39.66666666666666
20,84.0,41,28.4,0.4761904761904761,11.6,38.333333333333336
19,85.0,42,27.5,0.4418604651162791,10.5,37.0
18,86.0,43,26.6,0.4090909090909091,9.4,35.666666666666664
17,87.0,44,25.700000000000003,0.3777777777777777,8.3,34.333333333333336
16,88.0,45,24.8,0.3478260869565217,7.199999999999999,33.0
15,89.0,46,23.9,0.3191489361702128,6.1,31.666666666666668
14,90.0,47,23.0,0.2916666666666667,5.0,30.33333333333333
13,91.0,48,22.1,0.2653061224489796,3.9,29.0
24,80.0,49,32.0,0.48,16.0,39.66666666666666
24,80.0,1,32.0,12.0,16.0,55.66666666666666
23,81.0,2,31.1,7.666666666666667,14.9,54.333333333333336
22,82.0,3,30.200000000000003,5.5,13.8,53.0
21,83.0,4,29.3,4.2,12.7,51.66666666666666
20,84.0,5,28.4,3.333333333333333,11.6,50.333333333333336
19,85.0,6,27.5,2.7142857142857144,10.5,49.0
18,86.0,7,26.6,2.25,9.4,47.66666666666666
17,87.0,8,25.700000000000003,1.8888888888888888,8.3,46.333333333333336
16,88.0,9,24.8,1.6,7.199999999999999,45.0
15,89.0,10,23.9,1.3636363636363635,6.1,43.66666666666666
14,90.0,11,23.0,1.1666666666666667,5.0,42.333333333333336
13,91.0,12,22.1,1.0,3.9,41.0
24,80.0,13,32.0,1.7142857142857142,16.0,51.66666666666666
23,81.0,14,31.1,1.5333333333333334,14.9,50.333333333333336
22,82.0,15,30.200000000000003,1.375,13.8,49.0
21,83.0,16,29.3,1.2352941176470589,12.7,47.66666666666666
20,84.0,17,28.4,1.1111111111111112,11.6,46.333333333333336
19,85.0,18,27.5,1.0,10.5,45.0
18,86.0,19,26.6,0.9,9.4,43.66666666666666
17,87.0,20,25.700000000000003,0.8095238095238095,8.3,42.333333333333336
16,88.0,21,24.8,0.7272727272727273,7.199999999999999,41.0
15,89.0,22,23.9,0.6521739130434783,6.1,39.66666666666666
14,90.0,23,23.0,0.5833333333333334,5.0,38.333333333333336
13,91.0,24,22.1,0.52,3.9,37.0
24,80.0,25,32.0,0.9230769230769232,16.0,47.66666666666666
23,81.0,26,31.1,0.8518518518518519,14.9,46.333333333333336
22,82.0,27,30.200000000000003,0.7857142857142857,13.8,45.0
21,83.0,28,29.3,0.7241379310344828,12.7,43.66666666666666
20,84.0,29,28.4,0.6666666666666666,11.6,42.333333333333336
19,85.0,30,27.5,0.6129032258064516,10.5,41.0
18,86.0,31,26.6,0.5625,9.4,39.66666666666666
17,87.0,32,25.700000000000003,0.5151515151515151,8.3,38.333333333333336
16,88.0,33,24.8,0.4705882352941176,7.199999999999999,37.0
15,89.0,34,23.9,0.4285714285714285,6.1,35.666666666666664
14,90.0,35,23.0,0.3888888888888889,5.0,34.333333333333336
13,91.0,36,22.1,0.3513513513513513,3.9,33.0
24,80.0,37,32.0,0.631578947368421,16.0,43.66666666666666
23,81.0,38,31.1,0.5897435897435898,14.9,42.333333333333336
22,82.0,39,30.200000000000003,0.55,13.8,41.0
21,83.0,40,29.3,0.5121951219512195,12.7,39.66666666666666
20,84.0,41,28.4,0.4761904761904761,11.6,38.333333333333336
19,85.0,42,27.5,0.4418604651162791,10.5,37.0
18,86.0,43,26.6,0.4090909090909091,9.4,35.666666666666664
17,87.0,44,25.700000000000003,0.3777777777777777,8.3,34.333333333333336
16,88.0,45,24.8,0.3478260869565217,7.199999999999999,33.0
15,89.0,46,23.9,0.3191489361702128,6.1,31.666666666666668
14,90.0,47,23.0,0.2916666666666667,5.0,30.33333333333333
13,91.0,48,22.1,0.2653061224489796,3.9,29.0
24,80.0,49,32.0,0.48,16.0,39.66666666666666
23,81.0,50,31.1,0.4509803921568627,14.9,38.333333333333336
22,82.0,51,30.200000000000003,0.4230769230769231,13.8,37.0
21,83.0,52,29.3,0.3962264150943396,12.7,35.666666666666664
20,84.0,53,28.4,0.3703703703703703,11.6,34.333333333333336
19,85.0,54,27.5,0.3454545454545454,10.5,33.0
18,86.0,55,26.6,0.3214285714285714,9.4,31.666666666666668
17,87.0,56,25.700000000000003,0.2982456140350877,8.3,30.33333333333333
16,88.0,57,24.8,0.2758620689655172,7.199999999999999,29.0
15,89.0,58,23.9,0.2542372881355932,6.1,27.666666666666668
14,90.0,59,23.0,0.2333333333333333,5.0,26.33333333333333
24,80.0,1,32.0,12.0,16.0,55.66666666666666
23,81.0,2,31.1,7.666666666666667,14.9,54.333333333333336
22,82.0,3,30.200000000000003,5.5,13.8,53.0
21,83.0,4,29.3,4.2,12.7,51.66666666666666
20,84.0,5,28.4,3.333333333333333,11.6,50.333333333333336
19,85.0,6,27.5,2.7142857142857144,10.5,49.0
18,86.0,7,26.6,2.25,9.4,47.66666666666666
17,87.0,8,25.700000000000003,1.8888888888888888,8.3,46.333333333333336
16,88.0,9,24.8,1.6,7.199999999999999,45.0
15,89.0,10,23.9,1.3636363636363635,6.1,43.66666666666666
14,90.0,11,23.0,1.1666666666666667,5.0,42.333333333333336
13,91.0,12,22.1,1.0,3.9,41.0
24,80.0,13,32.0,1.7142857142857142,16.0,51.66666666666666
23,81.0,14,31.1,1.5333333333333334,14.9,50.333333333333336
22,82.0,15,30.200000000000003,1.375,13.8,49.0
21,83.0,16,29.3,1.2352941176470589,12.7,47.66666666666666
20,84.0,17,28.4,1.1111111111111112,11.6,46.333333333333336
19,85.0,18,27.5,1.0,10.5,45.0
18,86.0,19,26.6,0.9,9.4,43.66666666666666
17,87.0,20,25.700000000000003,0.8095238095238095,8.3,42.333333333333336
16,88.0,21,24.8,0.7272727272727273,7.199999999999999,41.0
15,89.0,22,23.9,0.6521739130434783,6.1,39.66666666666666
14,90.0,23,23.0,0.5833333333333334,5.0,38.333333333333336
13,91.0,24,22.1,0.52,3.9,37.0
24,80.0,25,32.0,0.9230769230769232,16.0,47.66666666666666
23,81.0,26,31.1,0.8518518518518519,14.9,46.333333333333336
22,82.0,27,30.200000000000003,0.7857142857142857,13.8,45.0
21,83.0,28,29.3,0.7241379310344828,12.7,43.66666666666666
20,84.0,29,28.4,0.6666666666666666,11.6,42.333333333333336
19,85.0,30,27.5,0.6129032258064516,10.5,41.0
18,86.0,31,26.6,0.5625,9.4,39.66666666666666
17,87.0,32,25.700000000000003,0.5151515151515151,8.3,38.333333333333336
16,88.0,33,24.8,0.4705882352941176,7.199999999999999,37.0
15,89.0,34,23.9,0.4285714285714285,6.1,35.666666666666664
14,90.0,35,23.0,0.3888888888888889,5.0,34.333333333333336
13,91.0,36,22.1,0.3513513513513513,3.9,33.0
24,80.0,37,32.0,0.631578947368421,16.0,43.66666666666666
23,81.0,38,31.1,0.5897435897435898,14.9,42.333333333333336
22,82.0,39,30.200000000000003,0.55,13.8,41.0
21,83.0,40,29.3,0.5121951219512195,12.7,39.66666666666666
20,84.0,41,28.4,0.4761904761904761,11.6,38.333333333333336
19,85.0,42,27.5,0.4418604651162791,10.5,37.0
18,86.0,43,26.6,0.4090909090909091,9.4,35.666666666666664
17,87.0,44,25.700000000000003,0.3777777777777777,8.3,34.333333333333336
16,88.0,45,24.8,0.3478260869565217,7.199999999999999,33.0
15,89.0,46,23.9,0.3191489361702128,6.1,31.666666666666668
14,90.0,47,23.0,0.2916666666666667,5.0,30.33333333333333
13,91.0,48,22.1,0.2653061224489796,3.9,29.0
24,80.0,49,32.0,0.48,16.0,39.66666666666666
23,81.0,50,31.1,0.4509803921568627,14.9,38.333333333333336
22,82.0,51,30.200000000000003,0.4230769230769231,13.8,37.0
21,83.0,52,29.3,0.3962264150943396,12.7,35.666666666666664
20,84.0,53,28.4,0.3703703703703703,11.6,34.333333333333336
19,85.0,54,27.5,0.3454545454545454,10.5,33.0
18,86.0,55,26.6,0.3214285714285714,9.4,31.666666666666668
17,87.0,56,25.700000000000003,0.2982456140350877,8.3,30.33333333333333
16,88.0,57,24.8,0.2758620689655172,7.199999999999999,29.0
15,89.0,58,23.9,0.2542372881355932,6.1,27.666666666666668
14,90.0,59,23.0,0.2333333333333333,5.0,26.33333333333333
13,91.0,60,22.1,0.2131147540983606,3.9,25.0
24,80.0,61,32.0,0.3870967741935484,16.0,35.666666666666664
23,81.0,62,31.1,0.365079365079365,14.9,34.333333333333336
22,82.0,63,30.200000000000003,0.34375,13.8,33.0
21,83.0,64,29.3,0.3230769230769231,12.7,31.666666666666668
20,84.0,65,28.4,0.303030303030303,11.6,30.33333333333333
19,85.0,66,27.5,0.2835820895522388,10.5,29.0
18,86.0,67,26.6,0.2647058823529412,9.4,27.666666666666668
17,87.0,68,25.700000000000003,0.2463768115942029,8.3,26.33333333333333
16,88.0,69,24.8,0.2285714285714285,7.199999999999999,25.0
24,80.0,1,32.0,12.0,16.0,55.66666666666666
23,81.0,2,31.1,7.666666666666667,14.9,54.333333333333336
22,82.0,3,30.200000000000003,5.5,13.8,53.0
21,83.0,4,29.3,4.2,12.7,51.66666666666666
20,84.0,5,28.4,3.333333333333333,11.6,50.333333333333336
19,85.0,6,27.5,2.7142857142857144,10.5,49.0
18,86.0,7,26.6,2.25,9.4,47.66666666666666
17,87.0,8,25.700000000000003,1.8888888888888888,8.3,46.333333333333336
16,88.0,9,24.8,1.6,7.199999999999999,45.0
15,89.0,10,23.9,1.3636363636363635,6.1,43.66666666666666
14,90.0,11,23.0,1.1666666666666667,5.0,42.333333333333336
13,91.0,12,22.1,1.0,3.9,41.0
24,80.0,13,32.0,1.7142857142857142,16.0,51.66666666666666
23,81.0,14,31.1,1.5333333333333334,14.9,50.333333333333336
22,82.0,15,30.200000000000003,1.375,13.8,49.0
21,83.0,16,29.3,1.2352941176470589,12.7,47.66666666666666
20,84.0,17,28.4,1.1111111111111112,11.6,46.333333333333336
19,85.0,18,27.5,1.0,10.5,45.0
18,86.0,19,26.6,0.9,9.4,43.66666666666666
17,87.0,20,25.700000000000003,0.8095238095238095,8.3,42.333333333333336
16,88.0,21,24.8,0.7272727272727273,7.199999999999999,41.0
15,89.0,22,23.9,0.6521739130434783,6.1,39.66666666666666
14,90.0,23,23.0,0.5833333333333334,5.0,38.333333333333336
13,91.0,24,22.1,0.52,3.9,37.0
24,80.0,25,32.0,0.9230769230769232,16.0,47.66666666666666
23,81.0,26,31.1,0.8518518518518519,14.9,46.333333333333336
22,82.0,27,30.200000000000003,0.7857142857142857,13.8,45.0
21,83.0,28,29.3,0.7241379310344828,12.7,43.66666666666666
20,84.0,29,28.4,0.6666666666666666,11.6,42.333333333333336
19,85.0,30,27.5,0.6129032258064516,10.5,41.0
18,86.0,31,26.6,0.5625,9.4,39.66666666666666
17,87.0,32,25.700000000000003,0.5151515151515151,8.3,38.333333333333336
16,88.0,33,24.8,0.4705882352941176,7.199999999999999,37.0
15,89.0,34,23.9,0.4285714285714285,6.1,35.666666666666664
14,90.0,35,23.0,0.3888888888888889,5.0,34.333333333333336
13,91.0,36,22.1,0.3513513513513513,3.9,33.0
24,80.0,37,32.0,0.631578947368421,16.0,43.66666666666666
23,81.0,38,31.1,0.5897435897435898,14.9,42.333333333333336
22,82.0,39,30.200000000000003,0.55,13.8,41.0
21,83.0,40,29.3,0.5121951219512195,12.7,39.66666666666666
20,84.0,41,28.4,0.4761904761904761,11.6,38.333333333333336
19,85.0,42,27.5,0.4418604651162791,10.5,37.0
18,86.0,43,26.6,0.4090909090909091,9.4,35.666666666666664
17,87.0,44,25.700000000000003,0.3777777777777777,8.3,34.333333333333336
16,88.0,45,24.8,0.3478260869565217,7.199999999999999,33.0
15,89.0,46,23.9,0.3191489361702128,6.1,31.666666666666668
14,90.0,47,23.0,0.2916666666666667,5.0,30.33333333333333
13,91.0,48,22.1,0.2653061224489796,3.9,29.0
24,80.0,49,32.0,0.48,16.0,39.66666666666666
23,81.0,50,31.1,0.4509803921568627,14.9,38.333333333333336
22,82.0,51,30.200000000000003,0.4230769230769231,13.8,37.0
21,83.0,52,29.3,0.3962264150943396,12.7,35.666666666666664
20,84.0,53,28.4,0.3703703703703703,11.6,34.333333333333336
19,85.0,54,27.5,0.3454545454545454,10.5,33.0
18,86.0,55,26.6,0.3214285714285714,9.4,31.666666666666668
17,87.0,56,25.700000000000003,0.2982456140350877,8.3,30.33333333333333
16,88.0,57,24.8,0.2758620689655172,7.199999999999999,29.0
15,89.0,58,23.9,0.2542372881355932,6.1,27.666666666666668
14,90.0,59,23.0,0.2333333333333333,5.0,26.33333333333333
13,91.0,60,22.1,0.2131147540983606,3.9,25.0
24,80.0,61,32.0,0.3870967741935484,16.0,35.666666666666664
23,81.0,62,31.1,0.365079365079365,14.9,34.333333333333336
22,82.0,63,30.200000000000003,0.34375,13.8,33.0
21,83.0,64,29.3,0.3230769230769231,12.7,31.666666666666668
20,84.0,65,28.4,0.303030303030303,11.6,30.33333333333333
19,85.0,66,27.5,0.2835820895522388,10.5,29.0
18,86.0,67,26.6,0.2647058823529412,9.4,27.666666666666668
17,87.0,68,25.700000000000003,0.2463768115942029,8.3,26.33333333333333
16,88.0,69,24.8,0.2285714285714285,7.199999999999999,25.0
24,80.0,1,32.0,12.0,16.0,55.66666666666666
23,81.0,2,31.1,7.666666666666667,14.9,54.333333333333336
22,82.0,3,30.200000000000003,5.5,13.8,53.0
21,83.0,4,29.3,4.2,12.7,51.66666666666666
20,84.0,5,28.4,3.333333333333333,11.6,50.333333333333336
19,85.0,6,27.5,2.7142857142857144,10.5,49.0
18,86.0,7,26.6,2.25,9.4,47.66666666666666
17,87.0,8,25.700000000000003,1.8888888888888888,8.3,46.333333333333336
16,88.0,9,24.8,1.6,7.199999999999999,45.0
15,89.0,10,23.9,1.3636363636363635,6.1,43.66666666666666
14,90.0,11,23.0,1.1666666666666667,5.0,42.333333333333336
13,91.0,12,22.1,1.0,3.9,41.0
24,80.0,13,32.0,1.7142857142857142,16.0,51.66666666666666
23,81.0,14,31.1,1.5333333333333334,14.9,50.333333333333336
22,82.0,15,30.200000000000003,1.375,13.8,49.0
21,83.0,16,29.3,1.2352941176470589,12.7,47.66666666666666
20,84.0,17,28.4,1.1111111111111112,11.6,46.333333333333336
19,85.0,18,27.5,1.0,10.5,45.0
18,86.0,19,26.6,0.9,9.4,43.66666666666666
17,87.0,20,25.700000000000003,0.8095238095238095,8.3,42.333333333333336
16,88.0,21,24.8,0.7272727272727273,7.199999999999999,41.0
15,89.0,22,23.9,0.6521739130434783,6.1,39.66666666666666
14,90.0,23,23.0,0.5833333333333334,5.0,38.333333333333336
13,91.0,24,22.1,0.52,3.9,37.0
24,80.0,25,32.0,0.9230769230769232,16.0,47.66666666666666
23,81.0,26,31.1,0.8518518518518519,14.9,46.333333333333336
22,82.0,27,30.200000000000003,0.7857142857142857,13.8,45.0
21,83.0,28,29.3,0.7241379310344828,12.7,43.66666666666666
20,84.0,29,28.4,0.6666666666666666,11.6,42.333333333333336
19,85.0,30,27.5,0.6129032258064516,10.5,41.0
18,86.0,31,26.6,0.5625,9.4,39.66666666666666
17,87.0,32,25.700000000000003,0.5151515151515151,8.3,38.333333333333336
16,88.0,33,24.8,0.4705882352941176,7.199999999999999,37.0
15,89.0,34,23.9,0.4285714285714285,6.1,35.666666666666664
14,90.0,35,23.0,0.3888888888888889,5.0,34.333333333333336
13,91.0,36,22.1,0.3513513513513513,3.9,33.0
24,80.0,37,32.0,0.631578947368421,16.0,43.66666666666666
23,81.0,38,31.1,0.5897435897435898,14.9,42.333333333333336
22,82.0,39,30.200000000000003,0.55,13.8,41.0
21,83.0,40,29.3,0.5121951219512195,12.7,39.66666666666666
20,84.0,41,28.4,0.4761904761904761,11.6,38.333333333333336
19,85.0,42,27.5,0.4418604651162791,10.5,37.0
18,86.0,43,26.6,0.4090909090909091,9.4,35.666666666666664
17,87.0,44,25.700000000000003,0.3777777777777777,8.3,34.333333333333336
16,88.0,45,24.8,0.3478260869565217,7.199999999999999,33.0
15,89.0,46,23.9,0.3191489361702128,6.1,31.666666666666668
14,90.0,47,23.0,0.2916666666666667,5.0,30.33333333333333
13,91.0,48,22.1,0.2653061224489796,3.9,29.0
24,80.0,49,32.0,0.48,16.0,39.66666666666666
23,81.0,50,31.1,0.4509803921568627,14.9,38.333333333333336
22,82.0,51,30.200000000000003,0.4230769230769231,13.8,37.0
21,83.0,52,29.3,0.3962264150943396,12.7,35.666666666666664
20,84.0,53,28.4,0.3703703703703703,11.6,34.333333333333336
19,85.0,54,27.5,0.3454545454545454,10.5,33.0
18,86.0,55,26.6,0.3214285714285714,9.4,31.666666666666668
17,87.0,56,25.700000000000003,0.2982456140350877,8.3,30.33333333333333
16,88.0,57,24.8,0.2758620689655172,7.199999999999999,29.0
15,89.0,58,23.9,0.2542372881355932,6.1,27.666666666666668
14,90.0,59,23.0,0.2333333333333333,5.0,26.33333333333333
13,91.0,60,22.1,0.2131147540983606,3.9,25.0
24,80.0,61,32.0,0.3870967741935484,16.0,35.666666666666664
23,81.0,62,31.1,0.365079365079365,14.9,34.333333333333336
22,82.0,63,30.200000000000003,0.34375,13.8,33.0
21,83.0,64,29.3,0.3230769230769231,12.7,31.666666666666668
20,84.0,65,28.4,0.303030303030303,11.6,30.33333333333333
19,85.0,66,27.5,0.2835820895522388,10.5,29.0
18,86.0,67,26.6,0.2647058823529412,9.4,27.666666666666668
17,87.0,68,25.700000000000003,0.2463768115942029,8.3,26.33333333333333
16,88.0,69,24.8,0.2285714285714285,7.199999999999999,25.0
24,80.0,1,32.0,12.0,16.0,55.66666666666666
23,81.0,2,31.1,7.666666666666667,14.9,54.333333333333336
22,82.0,3,30.200000000000003,5.5,13.8,53.0
21,83.0,4,29.3,4.2,12.7,51.66666666666666
20,84.0,5,28.4,3.333333333333333,11.6,50.333333333333336
19,85.0,6,27.5,2.7142857142857144,10.5,49.0
18,86.0,7,26.6,2.25,9.4,47.66666666666666
17,87.0,8,25.700000000000003,1.8888888888888888,8.3,46.333333333333336
16,88.0,9,24.8,1.6,7.199999999999999,45.0
15,89.0,10,23.9,1.3636363636363635,6.1,43.66666666666666
14,90.0,11,23.0,1.1666666666666667,5.0,42.333333333333336
13,91.0,12,22.1,1.0,3.9,41.0
24,80.0,13,32.0,1.7142857142857142,16.0,51.66666666666666
23,81.0,14,31.1,1.5333333333333334,14.9,50.333333333333336
22,82.0,15,30.200000000000003,1.375,13.8,49.0
21,83.0,16,29.3,1.2352941176470589,12.7,47.66666666666666
20,84.0,17,28.4,1.1111111111111112,11.6,46.333333333333336
19,85.0,18,27.5,1.0,10.5,45.0
18,86.0,19,26.6,0.9,9.4,43.66666666666666
17,87.0,20,25.700000000000003,0.8095238095238095,8.3,42.333333333333336
16,88.0,21,24.8,0.7272727272727273,7.199999999999999,41.0
15,89.0,22,23.9,0.6521739130434783,6.1,39.66666666666666
14,90.0,23,23.0,0.5833333333333334,5.0,38.333333333333336
13,91.0,24,22.1,0.52,3.9,37.0
24,80.0,25,32.0,0.9230769230769232,16.0,47.66666666666666
23,81.0,26,31.1,0.8518518518518519,14.9,46.333333333333336
22,82.0,27,30.200000000000003,0.7857142857142857,13.8,45.0
21,83.0,28,29.3,0.7241379310344828,12.7,43.66666666666666
20,84.0,29,28.4,0.6666666666666666,11.6,42.333333333333336
19,85.0,30,27.5,0.6129032258064516,10.5,41.0
18,86.0,31,26.6,0.5625,9.4,39.66666666666666
17,87.0,32,25.700000000000003,0.5151515151515151,8.3,38.333333333333336
16,88.0,33,24.8,0.4705882352941176,7.199999999999999,37.0
15,89.0,34,23.9,0.4285714285714285,6.1,35.666666666666664
14,90.0,35,23.0,0.3888888888888889,5.0,34.333333333333336
13,91.0,36,22.1,0.3513513513513513,3.9,33.0
24,80.0,37,32.0,0.631578947368421,16.0,43.66666666666666
23,81.0,38,31.1,0.5897435897435898,14.9,42.333333333333336
22,82.0,39,30.200000000000003,0.55,13.8,41.0
21,83.0,40,29.3,0.5121951219512195,12.7,39.66666666666666
20,84.0,41,28.4,0.4761904761904761,11.6,38.333333333333336
19,85.0,42,27.5,0.4418604651162791,10.5,37.0
18,86.0,43,26.6,0.4090909090909091,9.4,35.666666666666664
17,87.0,44,25.700000000000003,0.3777777777777777,8.3,34.333333333333336
16,88.0,45,24.8,0.3478260869565217,7.199999999999999,33.0
15,89.0,46,23.9,0.3191489361702128,6.1,31.666666666666668
14,90.0,47,23.0,0.2916666666666667,5.0,30.33333333333333
13,91.0,48,22.1,0.2653061224489796,3.9,29.0
24,80.0,49,32.0,0.48,16.0,39.66666666666666
23,81.0,50,31.1,0.4509803921568627,14.9,38.333333333333336
22,82.0,51,30.200000000000003,0.4230769230769231,13.8,37.0
21,83.0,52,29.3,0.3962264150943396,12.7,35.666666666666664
20,84.0,53,28.4,0.3703703703703703,11.6,34.333333333333336
19,85.0,54,27.5,0.3454545454545454,10.5,33.0
18,86.0,55,26.6,0.3214285714285714,9.4,31.666666666666668
17,87.0,56,25.700000000000003,0.2982456140350877,8.3,30.33333333333333
16,88.0,57,24.8,0.2758620689655172,7.199999999999999,29.0
15,89.0,58,23.9,0.2542372881355932,6.1,27.666666666666668
14,90.0,59,23.0,0.2333333333333333,5.0,26.33333333333333
24,80.0,1,32.0,12.0,16.0,55.66666666666666
23,81.0,2,31.1,7.666666666666667,14.9,54.333333333333336
22,82.0,3,30.200000000000003,5.5,13.8,53.0
21,83.0,4,29.3,4.2,12.7,51.66666666666666
20,84.0,5,28.4,3.333333333333333,11.6,50.333333333333336
19,85.0,6,27.5,2.7142857142857144,10.5,49.0
18,86.0,7,26.6,2.25,9.4,47.66666666666666
17,87.0,8,25.700000000000003,1.8888888888888888,8.3,46.333333333333336
16,88.0,9,24.8,1.6,7.199999999999999,45.0
15,89.0,10,23.9,1.3636363636363635,6.1,43.66666666666666
14,90.0,11,23.0,1.1666666666666667,5.0,42.333333333333336
13,91.0,12,22.1,1.0,3.9,41.0
24,80.0,13,32.0,1.7142857142857142,16.0,51.66666666666666
23,81.0,14,31.1,1.5333333333333334,14.9,50.333333333333336
22,82.0,15,30.200000000000003,1.375,13.8,49.0
21,83.0,16,29.3,1.2352941176470589,12.7,47.66666666666666
20,84.0,17,28.4,1.1111111111111112,11.6,46.333333333333336
19,85.0,18,27.5,1.0,10.5,45.0
18,86.0,19,26.6,0.9,9.4,43.66666666666666
17,87.0,20,25.700000000000003,0.8095238095238095,8.3,42.333333333333336
16,88.0,21,24.8,0.7272727272727273,7.199999999999999,41.0
15,89.0,22,23.9,0.6521739130434783,6.1,39.66666666666666
14,90.0,23,23.0,0.5833333333333334,5.0,38.333333333333336
13,91.0,24,22.1,0.52,3.9,37.0
24,80.0,25,32.0,0.9230769230769232,16.0,47.66666666666666
23,81.0,26,31.1,0.8518518518518519,14.9,46.333333333333336
22,82.0,27,30.200000000000003,0.7857142857142857,13.8,45.0
21,83.0,28,29.3,0.7241379310344828,12.7,43.66666666666666
20,84.0,29,28.4,0.6666666666666666,11.6,42.333333333333336
19,85.0,30,27.5,0.6129032258064516,10.5,41.0
24,80.0,1,32.0,12.0,16.0,55.66666666666666
23,81.0,2,31.1,7.666666666666667,14.9,54.333333333333336
22,82.0,3,30.200000000000003,5.5,13.8,53.0
21,83.0,4,29.3,4.2,12.7,51.66666666666666
20,84.0,5,28.4,3.333333333333333,11.6,50.333333333333336
19,85.0,6,27.5,2.7142857142857144,10.5,49.0
18,86.0,7,26.6,2.25,9.4,47.66666666666666
17,87.0,8,25.700000000000003,1.8888888888888888,8.3,46.333333333333336
16,88.0,9,24.8,1.6,7.199999999999999,45.0
15,89.0,10,23.9,1.3636363636363635,6.1,43.66666666666666
14,90.0,11,23.0,1.1666666666666667,5.0,42.333333333333336
13,91.0,12,22.1,1.0,3.9,41.0
24,80.0,13,32.0,1.7142857142857142,16.0,51.66666666666666
23,81.0,14,31.1,1.5333333333333334,14.9,50.333333333333336
22,82.0,15,30.200000000000003,1.375,13.8,49.0
21,83.0,16,29.3,1.2352941176470589,12.7,47.66666666666666
20,84.0,17,28.4,1.1111111111111112,11.6,46.333333333333336
19,85.0,18,27.5,1.0,10.5,45.0
18,86.0,19,26.6,0.9,9.4,43.66666666666666
17,87.0,20,25.700000000000003,0.8095238095238095,8.3,42.333333333333336
16,88.0,21,24.8,0.7272727272727273,7.199999999999999,41.0
15,89.0,22,23.9,0.6521739130434783,6.1,39.66666666666666
14,90.0,23,23.0,0.5833333333333334,5.0,38.333333333333336
13,91.0,24,22.1,0.52,3.9,37.0
24,80.0,25,32.0,0.9230769230769232,16.0,47.66666666666666
23,81.0,26,31.1,0.8518518518518519,14.9,46.333333333333336
22,82.0,27,30.200000000000003,0.7857142857142857,13.8,45.0
21,83.0,28,29.3,0.7241379310344828,12.7,43.66666666666666
20,84.0,29,28.4,0.6666666666666666,11.6,42.333333333333336
19,85.0,30,27.5,0.6129032258064516,10.5,41.0
18,86.0,31,26.6,0.5625,9.4,39.66666666666666
17,87.0,32,25.700000000000003,0.5151515151515151,8.3,38.333333333333336
16,88.0,33,24.8,0.4705882352941176,7.199999999999999,37.0
15,89.0,34,23.9,0.4285714285714285,6.1,35.666666666666664
14,90.0,35,23.0,0.3888888888888889,5.0,34.333333333333336
13,91.0,36,22.1,0.3513513513513513,3.9,33.0
24,80.0,37,32.0,0.631578947368421,16.0,43.66666666666666
23,81.0,38,31.1,0.5897435897435898,14.9,42.333333333333336
22,82.0,39,30.200000000000003,0.55,13.8,41.0
24,80.0,1,32.0,12.0,16.0,55.66666666666666
23,81.0,2,31.1,7.666666666666667,14.9,54.333333333333336
22,82.0,3,30.200000000000003,5.5,13.8,53.0
21,83.0,4,29.3,4.2,12.7,51.66666666666666
20,84.0,5,28.4,3.333333333333333,11.6,50.333333333333336
19,85.0,6,27.5,2.7142857142857144,10.5,49.0
18,86.0,7,26.6,2.25,9.4,47.66666666666666
17,87.0,8,25.700000000000003,1.8888888888888888,8.3,46.333333333333336
16,88.0,9,24.8,1.6,7.199999999999999,45.0
15,89.0,10,23.9,1.3636363636363635,6.1,43.66666666666666
14,90.0,11,23.0,1.1666666666666667,5.0,42.333333333333336
13,91.0,12,22.1,1.0,3.9,41.0
24,80.0,13,32.0,1.7142857142857142,16.0,51.66666666666666
23,81.0,14,31.1,1.5333333333333334,14.9,50.333333333333336
22,82.0,15,30.200000000000003,1.375,13.8,49.0
21,83.0,16,29.3,1.2352941176470589,12.7,47.66666666666666
20,84.0,17,28.4,1.1111111111111112,11.6,46.333333333333336
19,85.0,18,27.5,1.0,10.5,45.0
18,86.0,19,26.6,0.9,9.4,43.66666666666666
17,87.0,20,25.700000000000003,0.8095238095238095,8.3,42.333333333333336
16,88.0,21,24.8,0.7272727272727273,7.199999999999999,41.0
15,89.0,22,23.9,0.6521739130434783,6.1,39.66666666666666
14,90.0,23,23.0,0.5833333333333334,5.0,38.333333333333336
13,91.0,24,22.1,0.52,3.9,37.0
24,80.0,25,32.0,0.9230769230769232,16.0,47.66666666666666
23,81.0,26,31.1,0.8518518518518519,14.9,46.333333333333336
22,82.0,27,30.200000000000003,0.7857142857142857,13.8,45.0
21,83.0,28,29.3,0.7241379310344828,12.7,43.66666666666666
20,84.0,29,28.4,0.6666666666666666,11.6,42.333333333333336
19,85.0,30,27.5,0.6129032258064516,10.5,41.0
18,86.0,31,26.6,0.5625,9.4,39.66666666666666
17,87.0,32,25.700000000000003,0.5151515151515151,8.3,38.333333333333336
16,88.0,33,24.8,0.4705882352941176,7.199999999999999,37.0
15,89.0,34,23.9,0.4285714285714285,6.1,35.666666666666664
14,90.0,35,23.0,0.3888888888888889,5.0,34.333333333333336
13,91.0,36,22.1,0.3513513513513513,3.9,33.0
24,80.0,37,32.0,0.631578947368421,16.0,43.66666666666666
23,81.0,38,31.1,0.5897435897435898,14.9,42.333333333333336
22,82.0,39,30.200000000000003,0.55,13.8,41.0
21,83.0,40,29.3,0.5121951219512195,12.7,39.66666666666666
20,84.0,41,28.4,0.4761904761904761,11.6,38.333333333333336
19,85.0,42,27.5,0.4418604651162791,10.5,37.0
18,86.0,43,26.6,0.4090909090909091,9.4,35.666666666666664
17,87.0,44,25.700000000000003,0.3777777777777777,8.3,34.333333333333336
16,88.0,45,24.8,0.3478260869565217,7.199999999999999,33.0
15,89.0,46,23.9,0.3191489361702128,6.1,31.666666666666668
14,90.0,47,23.0,0.2916666666666667,5.0,30.33333333333333
13,91.0,48,22.1,0.2653061224489796,3.9,29.0
24,80.0,49,32.0,0.48,16.0,39.66666666666666
24,80.0,1,32.0,12.0,16.0,55.66666666666666
23,81.0,2,31.1,7.666666666666667,14.9,54.333333333333336
22,82.0,3,30.200000000000003,5.5,13.8,53.0
21,83.0,4,29.3,4.2,12.7,51.66666666666666
20,84.0,5,28.4,3.333333333333333,11.6,50.333333333333336
19,85.0,6,27.5,2.7142857142857144,10.5,49.0
18,86.0,7,26.6,2.25,9.4,47.66666666666666
17,87.0,8,25.700000000000003,1.8888888888888888,8.3,46.333333333333336
16,88.0,9,24.8,1.6,7.199999999999999,45.0
15,89.0,10,23.9,1.3636363636363635,6.1,43.66666666666666
14,90.0,11,23.0,1.1666666666666667,5.0,42.333333333333336
13,91.0,12,22.1,1.0,3.9,41.0
24,80.0,13,32.0,1.7142857142857142,16.0,51.66666666666666
23,81.0,14,31.1,1.5333333333333334,14.9,50.333333333333336
22,82.0,15,30.200000000000003,1.375,13.8,49.0
21,83.0,16,29.3,1.2352941176470589,12.7,47.66666666666666
20,84.0,17,28.4,1.1111111111111112,11.6,46.333333333333336
19,85.0,18,27.5,1.0,10.5,45.0
18,86.0,19,26.6,0.9,9.4,43.66666666666666
17,87.0,20,25.700000000000003,0.8095238095238095,8.3,42.333333333333336
16,88.0,21,24.8,0.7272727272727273,7.199999999999999,41.0
15,89.0,22,23.9,0.6521739130434783,6.1,39.66666666666666
14,90.0,23,23.0,0.5833333333333334,5.0,38.333333333333336
13,91.0,24,22.1,0.52,3.9,37.0
24,80.0,25,32.0,0.9230769230769232,16.0,47.66666666666666
23,81.0,26,31.1,0.8518518518518519,14.9,46.333333333333336
22,82.0,27,30.200000000000003,0.7857142857142857,13.8,45.0
21,83.0,28,29.3,0.7241379310344828,12.7,43.66666666666666
20,84.0,29,28.4,0.6666666666666666,11.6,42.333333333333336
19,85.0,30,27.5,0.6129032258064516,10.5,41.0
18,86.0,31,26.6,0.5625,9.4,39.66666666666666
17,87.0,32,25.700000000000003,0.5151515151515151,8.3,38.333333333333336
16,88.0,33,24.8,0.4705882352941176,7.199999999999999,37.0
15,89.0,34,23.9,0.4285714285714285,6.1,35.666666666666664
14,90.0,35,23.0,0.3888888888888889,5.0,34.333333333333336
13,91.0,36,22.1,0.3513513513513513,3.9,33.0
24,80.0,37,32.0,0.631578947368421,16.0,43.66666666666666
23,81.0,38,31.1,0.5897435897435898,14.9,42.333333333333336
22,82.0,39,30.200000000000003,0.55,13.8,41.0
21,83.0,40,29.3,0.5121951219512195,12.7,39.66666666666666
20,84.0,41,28.4,0.4761904761904761,11.6,38.333333333333336
19,85.0,42,27.5,0.4418604651162791,10.5,37.0
18,86.0,43,26.6,0.4090909090909091,9.4,35.666666666666664
17,87.0,44,25.700000000000003,0.3777777777777777,8.3,34.333333333333336
16,88.0,45,24.8,0.3478260869565217,7.199999999999999,33.0
15,89.0,46,23.9,0.3191489361702128,6.1,31.666666666666668
14,90.0,47,23.0,0.2916666666666667,5.0,30.33333333333333
13,91.0,48,22.1,0.2653061224489796,3.9,29.0
24,80.0,49,32.0,0.48,16.0,39.66666666666666
23,81.0,50,31.1,0.4509803921568627,14.9,38.333333333333336
22,82.0,51,30.200000000000003,0.4230769230769231,13.8,37.0
21,83.0,52,29.3,0.3962264150943396,12.7,35.666666666666664
20,84.0,53,28.4,0.3703703703703703,11.6,34.333333333333336
19,85.0,54,27.5,0.3454545454545454,10.5,33.0
18,86.0,55,26.6,0.3214285714285714,9.4,31.666666666666668
17,87.0,56,25.700000000000003,0.2982456140350877,8.3,30.33333333333333
16,88.0,57,24.8,0.2758620689655172,7.199999999999999,29.0
15,89.0,58,23.9,0.2542372881355932,6.1,27.666666666666668
14,90.0,59,23.0,0.2333333333333333,5.0,26.33333333333333
18,86.0,1,26.6,9.0,9.4,49.66666666666666
17,87.0,2,25.700000000000003,5.666666666666667,8.3,48.333333333333336
16,88.0,3,24.8,4.0,7.199999999999999,47.0
15,89.0,4,23.9,3.0,6.1,45.66666666666666
14,90.0,5,23.0,2.333333333333333,5.0,44.333333333333336
13,91.0,6,22.1,1.8571428571428568,3.9,43.0
24,80.0,7,32.0,3.0,16.0,53.66666666666666
23,81.0,8,31.1,2.555555555555556,14.9,52.333333333333336
22,82.0,9,30.200000000000003,2.2,13.8,51.0
21,83.0,10,29.3,1.9090909090909087,12.7,49.66666666666666
20,84.0,11,28.4,1.6666666666666667,11.6,48.333333333333336
19,85.0,12,27.5,1.4615384615384617,10.5,47.0
18,86.0,13,26.6,1.2857142857142858,9.4,45.66666666666666
17,87.0,14,25.700000000000003,1.1333333333333333,8.3,44.333333333333336
16,88.0,15,24.8,1.0,7.199999999999999,43.0
15,89.0,16,23.9,0.8823529411764706,6.1,41.66666666666666
14,90.0,17,23.0,0.7777777777777778,5.0,40.333333333333336
13,91.0,18,22.1,0.6842105263157895,3.9,39.0
24,80.0,19,32.0,1.2,16.0,49.66666666666666
23,81.0,20,31.1,1.0952380952380951,14.9,48.333333333333336
22,82.0,21,30.200000000000003,1.0,13.8,47.0
21,83.0,22,29.3,0.9130434782608696,12.7,45.66666666666666
20,84.0,23,28.4,0.8333333333333334,11.6,44.333333333333336
19,85.0,24,27.5,0.76,10.5,43.0
18,86.0,25,26.6,0.6923076923076923,9.4,41.66666666666666
17,87.0,26,25.700000000000003,0.6296296296296297,8.3,40.333333333333336
16,88.0,27,24.8,0.5714285714285714,7.199999999999999,39.0
15,89.0,28,23.9,0.5172413793103449,6.1,37.66666666666666
14,90.0,29,23.0,0.4666666666666667,5.0,36.333333333333336
13,91.0,30,22.1,0.4193548387096774,3.9,35.0
24,80.0,31,32.0,0.75,16.0,45.66666666666666
23,81.0,32,31.1,0.696969696969697,14.9,44.333333333333336
22,82.0,33,30.200000000000003,0.6470588235294118,13.8,43.0
21,83.0,34,29.3,0.6,12.7,41.66666666666666
20,84.0,35,28.4,0.5555555555555556,11.6,40.333333333333336
19,85.0,36,27.5,0.5135135135135135,10.5,39.0
18,86.0,37,26.6,0.4736842105263157,9.4,37.66666666666666
17,87.0,38,25.700000000000003,0.4358974358974359,8.3,36.333333333333336
16,88.0,39,24.8,0.4,7.199999999999999,35.0
15,89.0,40,23.9,0.3658536585365853,6.1,33.666666666666664
14,90.0,41,23.0,0.3333333333333333,5.0,32.333333333333336
24,80.0,42,32.0,0.5581395348837209,16.0,42.0
23,81.0,43,31.1,0.5227272727272727,14.9,40.66666666666666
22,82.0,44,30.200000000000003,0.4888888888888889,13.8,39.333333333333336
21,83.0,45,29.3,0.4565217391304347,12.7,38.0
20,84.0,46,28.4,0.425531914893617,11.6,36.66666666666666
19,85.0,47,27.5,0.3958333333333333,10.5,35.333333333333336
18,86.0,48,26.6,0.3673469387755102,9.4,34.0
17,87.0,49,25.700000000000003,0.34,8.3,32.666666666666664
16,88.0,50,24.8,0.3137254901960784,7.199999999999999,31.33333333333333
15,89.0,51,23.9,0.2884615384615384,6.1,30.0
14,90.0,52,23.0,0.2641509433962264,5.0,28.666666666666668
13,91.0,53,22.1,0.2407407407407407,3.9,27.33333333333333
24,80.0,54,32.0,0.4363636363636363,16.0,38.0
23,81.0,55,31.1,0.4107142857142857,14.9,36.66666666666666
22,82.0,56,30.200000000000003,0.3859649122807017,13.8,35.333333333333336
21,83.0,57,29.3,0.3620689655172414,12.7,34.0
20,84.0,58,28.4,0.3389830508474576,11.6,32.666666666666664
19,85.0,59,27.5,0.3166666666666666,10.5,31.33333333333333
18,86.0,60,26.6,0.2950819672131147,9.4,30.0
17,87.0,61,25.700000000000003,0.2741935483870967,8.3,28.666666666666668
16,88.0,62,24.8,0.2539682539682539,7.199999999999999,27.33333333333333
15,89.0,63,23.9,0.234375,6.1,26.0
14,90.0,64,23.0,0.2153846153846154,5.0,24.666666666666668
13,91.0,65,22.1,0.1969696969696969,3.9,23.33333333333333
24,80.0,66,32.0,0.3582089552238806,16.0,34.0
23,81.0,67,31.1,0.3382352941176471,14.9,32.666666666666664
22,82.0,68,30.200000000000003,0.3188405797101449,13.8,31.33333333333333
21,83.0,69,29.3,0.3,12.7,30.0
18,86.0,1,26.6,9.0,9.4,49.66666666666666
17,87.0,2,25.700000000000003,5.666666666666667,8.3,48.333333333333336
16,88.0,3,24.8,4.0,7.199999999999999,47.0
15,89.0,4,23.9,3.0,6.1,45.66666666666666
14,90.0,5,23.0,2.333333333333333,5.0,44.333333333333336
13,91.0,6,22.1,1.8571428571428568,3.9,43.0
24,80.0,7,32.0,3.0,16.0,53.66666666666666
23,81.0,8,31.1,2.555555555555556,14.9,52.333333333333336
22,82.0,9,30.200000000000003,2.2,13.8,51.0
21,83.0,10,29.3,1.9090909090909087,12.7,49.66666666666666
20,84.0,11,28.4,1.6666666666666667,11.6,48.333333333333336
19,85.0,12,27.5,1.4615384615384617,10.5,47.0
18,86.0,13,26.6,1.2857142857142858,9.4,45.66666666666666
17,87.0,14,25.700000000000003,1.1333333333333333,8.3,44.333333333333336
16,88.0,15,24.8,1.0,7.199999999999999,43.0
15,89.0,16,23.9,0.8823529411764706,6.1,41.66666666666666
14,90.0,17,23.0,0.7777777777777778,5.0,40.333333333333336
13,91.0,18,22.1,0.6842105263157895,3.9,39.0
24,80.0,19,32.0,1.2,16.0,49.66666666666666
23,81.0,20,31.1,1.0952380952380951,14.9,48.333333333333336
22,82.0,21,30.200000000000003,1.0,13.8,47.0
21,83.0,22,29.3,0.9130434782608696,12.7,45.66666666666666
20,84.0,23,28.4,0.8333333333333334,11.6,44.333333333333336
19,85.0,24,27.5,0.76,10.5,43.0
18,86.0,25,26.6,0.6923076923076923,9.4,41.66666666666666
17,87.0,26,25.700000000000003,0.6296296296296297,8.3,40.333333333333336
16,88.0,27,24.8,0.5714285714285714,7.199999999999999,39.0
15,89.0,28,23.9,0.5172413793103449,6.1,37.66666666666666
14,90.0,29,23.0,0.4666666666666667,5.0,36.333333333333336
13,91.0,30,22.1,0.4193548387096774,3.9,35.0
24,80.0,31,32.0,0.75,16.0,45.66666666666666
23,81.0,32,31.1,0.696969696969697,14.9,44.333333333333336
22,82.0,33,30.200000000000003,0.6470588235294118,13.8,43.0
21,83.0,34,29.3,0.6,12.7,41.66666666666666
20,84.0,35,28.4,0.5555555555555556,11.6,40.333333333333336
19,85.0,36,27.5,0.5135135135135135,10.5,39.0
18,86.0,37,26.6,0.4736842105263157,9.4,37.66666666666666
17,87.0,38,25.700000000000003,0.4358974358974359,8.3,36.333333333333336
16,88.0,39,24.8,0.4,7.199999999999999,35.0
15,89.0,40,23.9,0.3658536585365853,6.1,33.666666666666664
14,90.0,41,23.0,0.3333333333333333,5.0,32.333333333333336
24,80.0,42,32.0,0.5581395348837209,16.0,42.0
23,81.0,43,31.1,0.5227272727272727,14.9,40.66666666666666
22,82.0,44,30.200000000000003,0.4888888888888889,13.8,39.333333333333336
21,83.0,45,29.3,0.4565217391304347,12.7,38.0
20,84.0,46,28.4,0.425531914893617,11.6,36.66666666666666
19,85.0,47,27.5,0.3958333333333333,10.5,35.333333333333336
18,86.0,48,26.6,0.3673469387755102,9.4,34.0
17,87.0,49,25.700000000000003,0.34,8.3,32.666666666666664
16,88.0,50,24.8,0.3137254901960784,7.199999999999999,31.33333333333333
15,89.0,51,23.9,0.2884615384615384,6.1,30.0
14,90.0,52,23.0,0.2641509433962264,5.0,28.666666666666668
13,91.0,53,22.1,0.2407407407407407,3.9,27.33333333333333
24,80.0,54,32.0,0.4363636363636363,16.0,38.0
23,81.0,55,31.1,0.4107142857142857,14.9,36.66666666666666
22,82.0,56,30.200000000000003,0.3859649122807017,13.8,35.333333333333336
21,83.0,57,29.3,0.3620689655172414,12.7,34.0
20,84.0,58,28.4,0.3389830508474576,11.6,32.666666666666664
19,85.0,59,27.5,0.3166666666666666,10.5,31.33333333333333
18,86.0,60,26.6,0.2950819672131147,9.4,30.0
17,87.0,61,25.700000000000003,0.2741935483870967,8.3,28.666666666666668
16,88.0,62,24.8,0.2539682539682539,7.199999999999999,27.33333333333333
15,89.0,63,23.9,0.234375,6.1,26.0
14,90.0,64,23.0,0.2153846153846154,5.0,24.666666666666668
13,91.0,65,22.1,0.1969696969696969,3.9,23.33333333333333
24,80.0,66,32.0,0.3582089552238806,16.0,34.0
23,81.0,67,31.1,0.3382352941176471,14.9,32.666666666666664
22,82.0,68,30.200000000000003,0.3188405797101449,13.8,31.33333333333333
21,83.0,69,29.3,0.3,12.7,30.0
18,86.0,1,26.6,9.0,9.4,49.66666666666666
17,87.0,2,25.700000000000003,5.666666666666667,8.3,48.333333333333336
16,88.0,3,24.8,4.0,7.199999999999999,47.0
15,89.0,4,23.9,3.0,6.1,45.66666666666666
14,90.0,5,23.0,2.333333333333333,5.0,44.333333333333336
13,91.0,6,22.1,1.8571428571428568,3.9,43.0
24,80.0,7,32.0,3.0,16.0,53.66666666666666
23,81.0,8,31.1,2.555555555555556,14.9,52.333333333333336
22,82.0,9,30.200000000000003,2.2,13.8,51.0
21,83.0,10,29.3,1.9090909090909087,12.7,49.66666666666666
20,84.0,11,28.4,1.6666666666666667,11.6,48.333333333333336
19,85.0,12,27.5,1.4615384615384617,10.5,47.0
18,86.0,13,26.6,1.2857142857142858,9.4,45.66666666666666
17,87.0,14,25.700000000000003,1.1333333333333333,8.3,44.333333333333336
16,88.0,15,24.8,1.0,7.199999999999999,43.0
15,89.0,16,23.9,0.8823529411764706,6.1,41.66666666666666
14,90.0,17,23.0,0.7777777777777778,5.0,40.333333333333336
13,91.0,18,22.1,0.6842105263157895,3.9,39.0
24,80.0,19,32.0,1.2,16.0,49.66666666666666
23,81.0,20,31.1,1.0952380952380951,14.9,48.333333333333336
22,82.0,21,30.200000000000003,1.0,13.8,47.0
21,83.0,22,29.3,0.9130434782608696,12.7,45.66666666666666
20,84.0,23,28.4,0.8333333333333334,11.6,44.333333333333336
19,85.0,24,27.5,0.76,10.5,43.0
18,86.0,25,26.6,0.6923076923076923,9.4,41.66666666666666
17,87.0,26,25.700000000000003,0.6296296296296297,8.3,40.333333333333336
16,88.0,27,24.8,0.5714285714285714,7.199999999999999,39.0
15,89.0,28,23.9,0.5172413793103449,6.1,37.66666666666666
14,90.0,29,23.0,0.4666666666666667,5.0,36.333333333333336
13,91.0,30,22.1,0.4193548387096774,3.9,35.0
24,80.0,31,32.0,0.75,16.0,45.66666666666666
23,81.0,32,31.1,0.696969696969697,14.9,44.333333333333336
22,82.0,33,30.200000000000003,0.6470588235294118,13.8,43.0
21,83.0,34,29.3,0.6,12.7,41.66666666666666
20,84.0,35,28.4,0.5555555555555556,11.6,40.333333333333336
19,85.0,36,27.5,0.5135135135135135,10.5,39.0
18,86.0,37,26.6,0.4736842105263157,9.4,37.66666666666666
17,87.0,38,25.700000000000003,0.4358974358974359,8.3,36.333333333333336
16,88.0,39,24.8,0.4,7.199999999999999,35.0
15,89.0,40,23.9,0.3658536585365853,6.1,33.666666666666664
14,90.0,41,23.0,0.3333333333333333,5.0,32.333333333333336
24,80.0,42,32.0,0.5581395348837209,16.0,42.0
23,81.0,43,31.1,0.5227272727272727,14.9,40.66666666666666
22,82.0,44,30.200000000000003,0.4888888888888889,13.8,39.333333333333336
21,83.0,45,29.3,0.4565217391304347,12.7,38.0
20,84.0,46,28.4,0.425531914893617,11.6,36.66666666666666
19,85.0,47,27.5,0.3958333333333333,10.5,35.333333333333336
18,86.0,48,26.6,0.3673469387755102,9.4,34.0
17,87.0,49,25.700000000000003,0.34,8.3,32.666666666666664
16,88.0,50,24.8,0.3137254901960784,7.199999999999999,31.33333333333333
15,89.0,51,23.9,0.2884615384615384,6.1,30.0
14,90.0,52,23.0,0.2641509433962264,5.0,28.666666666666668
13,91.0,53,22.1,0.2407407407407407,3.9,27.33333333333333
24,80.0,54,32.0,0.4363636363636363,16.0,38.0
23,81.0,55,31.1,0.4107142857142857,14.9,36.66666666666666
22,82.0,56,30.200000000000003,0.3859649122807017,13.8,35.333333333333336
21,83.0,57,29.3,0.3620689655172414,12.7,34.0
20,84.0,58,28.4,0.3389830508474576,11.6,32.666666666666664
19,85.0,59,27.5,0.3166666666666666,10.5,31.33333333333333
18,86.0,60,26.6,0.2950819672131147,9.4,30.0
17,87.0,61,25.700000000000003,0.2741935483870967,8.3,28.666666666666668
16,88.0,62,24.8,0.2539682539682539,7.199999999999999,27.33333333333333
15,89.0,63,23.9,0.234375,6.1,26.0
14,90.0,64,23.0,0.2153846153846154,5.0,24.666666666666668
13,91.0,65,22.1,0.1969696969696969,3.9,23.33333333333333
24,80.0,66,32.0,0.3582089552238806,16.0,34.0
23,81.0,67,31.1,0.3382352941176471,14.9,32.666666666666664
22,82.0,68,30.200000000000003,0.3188405797101449,13.8,31.33333333333333
21,83.0,69,29.3,0.3,12.7,30.0
18,86.0,1,26.6,9.0,9.4,49.66666666666666
17,87.0,2,25.700000000000003,5.666666666666667,8.3,48.333333333333336
16,88.0,3,24.8,4.0,7.199999999999999,47.0
15,89.0,4,23.9,3.0,6.1,45.66666666666666
14,90.0,5,23.0,2.333333333333333,5.0,44.333333333333336
13,91.0,6,22.1,1.8571428571428568,3.9,43.0
24,80.0,7,32.0,3.0,16.0,53.66666666666666
23,81.0,8,31.1,2.555555555555556,14.9,52.333333333333336
22,82.0,9,30.200000000000003,2.2,13.8,51.0
21,83.0,10,29.3,1.9090909090909087,12.7,49.66666666666666
20,84.0,11,28.4,1.6666666666666667,11.6,48.333333333333336
19,85.0,12,27.5,1.4615384615384617,10.5,47.0
18,86.0,13,26.6,1.2857142857142858,9.4,45.66666666666666
17,87.0,14,25.700000000000003,1.1333333333333333,8.3,44.333333333333336
16,88.0,15,24.8,1.0,7.199999999999999,43.0
15,89.0,16,23.9,0.8823529411764706,6.1,41.66666666666666
14,90.0,17,23.0,0.7777777777777778,5.0,40.333333333333336
13,91.0,18,22.1,0.6842105263157895,3.9,39.0
24,80.0,19,32.0,1.2,16.0,49.66666666666666
23,81.0,20,31.1,1.0952380952380951,14.9,48.333333333333336
22,82.0,21,30.200000000000003,1.0,13.8,47.0
21,83.0,22,29.3,0.9130434782608696,12.7,45.66666666666666
20,84.0,23,28.4,0.8333333333333334,11.6,44.333333333333336
19,85.0,24,27.5,0.76,10.5,43.0
18,86.0,25,26.6,0.6923076923076923,9.4,41.66666666666666
17,87.0,26,25.700000000000003,0.6296296296296297,8.3,40.333333333333336
16,88.0,27,24.8,0.5714285714285714,7.199999999999999,39.0
15,89.0,28,23.9,0.5172413793103449,6.1,37.66666666666666
14,90.0,29,23.0,0.4666666666666667,5.0,36.333333333333336
13,91.0,30,22.1,0.4193548387096774,3.9,35.0
24,80.0,31,32.0,0.75,16.0,45.66666666666666
23,81.0,32,31.1,0.696969696969697,14.9,44.333333333333336
22,82.0,33,30.200000000000003,0.6470588235294118,13.8,43.0
21,83.0,34,29.3,0.6,12.7,41.66666666666666
20,84.0,35,28.4,0.5555555555555556,11.6,40.333333333333336
19,85.0,36,27.5,0.5135135135135135,10.5,39.0
18,86.0,37,26.6,0.4736842105263157,9.4,37.66666666666666
17,87.0,38,25.700000000000003,0.4358974358974359,8.3,36.333333333333336
16,88.0,39,24.8,0.4,7.199999999999999,35.0
15,89.0,40,23.9,0.3658536585365853,6.1,33.666666666666664
14,90.0,41,23.0,0.3333333333333333,5.0,32.333333333333336
24,80.0,42,32.0,0.5581395348837209,16.0,42.0
23,81.0,43,31.1,0.5227272727272727,14.9,40.66666666666666
22,82.0,44,30.200000000000003,0.4888888888888889,13.8,39.333333333333336
21,83.0,45,29.3,0.4565217391304347,12.7,38.0
20,84.0,46,28.4,0.425531914893617,11.6,36.66666666666666
19,85.0,47,27.5,0.3958333333333333,10.5,35.333333333333336
18,86.0,48,26.6,0.3673469387755102,9.4,34.0
17,87.0,49,25.700000000000003,0.34,8.3,32.666666666666664
16,88.0,50,24.8,0.3137254901960784,7.199999999999999,31.33333333333333
15,89.0,51,23.9,0.2884615384615384,6.1,30.0
14,90.0,52,23.0,0.2641509433962264,5.0,28.666666666666668
13,91.0,53,22.1,0.2407407407407407,3.9,27.33333333333333
24,80.0,54,32.0,0.4363636363636363,16.0,38.0
23,81.0,55,31.1,0.4107142857142857,14.9,36.66666666666666
22,82.0,56,30.200000000000003,0.3859649122807017,13.8,35.333333333333336
21,83.0,57,29.3,0.3620689655172414,12.7,34.0
20,84.0,58,28.4,0.3389830508474576,11.6,32.666666666666664
19,85.0,59,27.5,0.3166666666666666,10.5,31.33333333333333
24,80.0,1,32.0,12.0,16.0,55.66666666666666
23,81.0,2,31.1,7.666666666666667,14.9,54.333333333333336
22,82.0,3,30.200000000000003,5.5,13.8,53.0
21,83.0,4,29.3,4.2,12.7,51.66666666666666
20,84.0,5,28.4,3.333333333333333,11.6,50.333333333333336
19,85.0,6,27.5,2.7142857142857144,10.5,49.0
18,86.0,7,26.6,2.25,9.4,47.66666666666666
17,87.0,8,25.700000000000003,1.8888888888888888,8.3,46.333333333333336
16,88.0,9,24.8,1.6,7.199999999999999,45.0
15,89.0,10,23.9,1.3636363636363635,6.1,43.66666666666666
14,90.0,11,23.0,1.1666666666666667,5.0,42.333333333333336
13,91.0,12,22.1,1.0,3.9,41.0
24,80.0,13,32.0,1.7142857142857142,16.0,51.66666666666666
23,81.0,14,31.1,1.5333333333333334,14.9,50.333333333333336
22,82.0,15,30.200000000000003,1.375,13.8,49.0
21,83.0,16,29.3,1.2352941176470589,12.7,47.66666666666666
20,84.0,17,28.4,1.1111111111111112,11.6,46.333333333333336
19,85.0,18,27.5,1.0,10.5,45.0
18,86.0,19,26.6,0.9,9.4,43.66666666666666
17,87.0,20,25.700000000000003,0.8095238095238095,8.3,42.333333333333336
16,88.0,21,24.8,0.7272727272727273,7.199999999999999,41.0
15,89.0,22,23.9,0.6521739130434783,6.1,39.66666666666666
14,90.0,23,23.0,0.5833333333333334,5.0,38.333333333333336
13,91.0,24,22.1,0.52,3.9,37.0
24,80.0,25,32.0,0.9230769230769232,16.0,47.66666666666666
23,81.0,26,31.1,0.8518518518518519,14.9,46.333333333333336
22,82.0,27,30.200000000000003,0.7857142857142857,13.8,45.0
21,83.0,28,29.3,0.7241379310344828,12.7,43.66666666666666
20,84.0,29,28.4,0.6666666666666666,11.6,42.333333333333336
19,85.0,30,27.5,0.6129032258064516,10.5,41.0
24,80.0,1,32.0,12.0,16.0,55.66666666666666
23,81.0,2,31.1,7.666666666666667,14.9,54.333333333333336
22,82.0,3,30.200000000000003,5.5,13.8,53.0
21,83.0,4,29.3,4.2,12.7,51.66666666666666
20,84.0,5,28.4,3.333333333333333,11.6,50.333333333333336
19,85.0,6,27.5,2.7142857142857144,10.5,49.0
18,86.0,7,26.6,2.25,9.4,47.66666666666666
17,87.0,8,25.700000000000003,1.8888888888888888,8.3,46.333333333333336
16,88.0,9,24.8,1.6,7.199999999999999,45.0
15,89.0,10,23.9,1.3636363636363635,6.1,43.66666666666666
14,90.0,11,23.0,1.1666666666666667,5.0,42.333333333333336
13,91.0,12,22.1,1.0,3.9,41.0
24,80.0,13,32.0,1.7142857142857142,16.0,51.66666666666666
23,81.0,14,31.1,1.5333333333333334,14.9,50.333333333333336
22,82.0,15,30.200000000000003,1.375,13.8,49.0
21,83.0,16,29.3,1.2352941176470589,12.7,47.66666666666666
20,84.0,17,28.4,1.1111111111111112,11.6,46.333333333333336
19,85.0,18,27.5,1.0,10.5,45.0
18,86.0,19,26.6,0.9,9.4,43.66666666666666
17,87.0,20,25.700000000000003,0.8095238095238095,8.3,42.333333333333336
16,88.0,21,24.8,0.7272727272727273,7.199999999999999,41.0
15,89.0,22,23.9,0.6521739130434783,6.1,39.66666666666666
14,90.0,23,23.0,0.5833333333333334,5.0,38.333333333333336
13,91.0,24,22.1,0.52,3.9,37.0
24,80.0,25,32.0,0.9230769230769232,16.0,47.66666666666666
23,81.0,26,31.1,0.8518518518518519,14.9,46.333333333333336
22,82.0,27,30.200000000000003,0.7857142857142857,13.8,45.0
21,83.0,28,29.3,0.7241379310344828,12.7,43.66666666666666
20,84.0,29,28.4,0.6666666666666666,11.6,42.333333333333336
19,85.0,30,27.5,0.6129032258064516,10.5,41.0
18,86.0,31,26.6,0.5625,9.4,39.66666666666666
17,87.0,32,25.700000000000003,0.5151515151515151,8.3,38.333333333333336
16,88.0,33,24.8,0.4705882352941176,7.199999999999999,37.0
15,89.0,34,23.9,0.4285714285714285,6.1,35.666666666666664
14,90.0,35,23.0,0.3888888888888889,5.0,34.333333333333336
13,91.0,36,22.1,0.3513513513513513,3.9,33.0
24,80.0,37,32.0,0.631578947368421,16.0,43.66666666666666
23,81.0,38,31.1,0.5897435897435898,14.9,42.333333333333336
22,82.0,39,30.200000000000003,0.55,13.8,41.0
24,80.0,1,32.0,12.0,16.0,55.66666666666666
23,81.0,2,31.1,7.666666666666667,14.9,54.333333333333336
22,82.0,3,30.200000000000003,5.5,13.8,53.0
21,83.0,4,29.3,4.2,12.7,51.66666666666666
20,84.0,5,28.4,3.333333333333333,11.6,50.333333333333336
19,85.0,6,27.5,2.7142857142857144,10.5,49.0
18,86.0,7,26.6,2.25,9.4,47.66666666666666
17,87.0,8,25.700000000000003,1.8888888888888888,8.3,46.333333333333336
16,88.0,9,24.8,1.6,7.199999999999999,45.0
15,89.0,10,23.9,1.3636363636363635,6.1,43.66666666666666
14,90.0,11,23.0,1.1666666666666667,5.0,42.333333333333336
13,91.0,12,22.1,1.0,3.9,41.0
24,80.0,13,32.0,1.7142857142857142,16.0,51.66666666666666
23,81.0,14,31.1,1.5333333333333334,14.9,50.333333333333336
22,82.0,15,30.200000000000003,1.375,13.8,49.0
21,83.0,16,29.3,1.2352941176470589,12.7,47.66666666666666
20,84.0,17,28.4,1.1111111111111112,11.6,46.333333333333336
19,85.0,18,27.5,1.0,10.5,45.0
18,86.0,19,26.6,0.9,9.4,43.66666666666666
17,87.0,20,25.700000000000003,0.8095238095238095,8.3,42.333333333333336
16,88.0,21,24.8,0.7272727272727273,7.199999999999999,41.0
15,89.0,22,23.9,0.6521739130434783,6.1,39.66666666666666
14,90.0,23,23.0,0.5833333333333334,5.0,38.333333333333336
13,91.0,24,22.1,0.52,3.9,37.0
24,80.0,25,32.0,0.9230769230769232,16.0,47.66666666666666
23,81.0,26,31.1,0.8518518518518519,14.9,46.333333333333336
22,82.0,27,30.200000000000003,0.7857142857142857,13.8,45.0
21,83.0,28,29.3,0.7241379310344828,12.7,43.66666666666666
20,84.0,29,28.4,0.6666666666666666,11.6,42.333333333333336
19,85.0,30,27.5,0.6129032258064516,10.5,41.0
18,86.0,31,26.6,0.5625,9.4,39.66666666666666
17,87.0,32,25.700000000000003,0.5151515151515151,8.3,38.333333333333336
16,88.0,33,24.8,0.4705882352941176,7.199999999999999,37.0
15,89.0,34,23.9,0.4285714285714285,6.1,35.666666666666664
14,90.0,35,23.0,0.3888888888888889,5.0,34.333333333333336
13,91.0,36,22.1,0.3513513513513513,3.9,33.0
24,80.0,37,32.0,0.631578947368421,16.0,43.66666666666666
23,81.0,38,31.1,0.5897435897435898,14.9,42.333333333333336
22,82.0,39,30.200000000000003,0.55,13.8,41.0
21,83.0,40,29.3,0.5121951219512195,12.7,39.66666666666666
20,84.0,41,28.4,0.4761904761904761,11.6,38.333333333333336
19,85.0,42,27.5,0.4418604651162791,10.5,37.0
18,86.0,43,26.6,0.4090909090909091,9.4,35.666666666666664
17,87.0,44,25.700000000000003,0.3777777777777777,8.3,34.333333333333336
16,88.0,45,24.8,0.3478260869565217,7.199999999999999,33.0
15,89.0,46,23.9,0.3191489361702128,6.1,31.666666666666668
14,90.0,47,23.0,0.2916666666666667,5.0,30.33333333333333
13,91.0,48,22.1,0.2653061224489796,3.9,29.0
24,80.0,49,32.0,0.48,16.0,39.66666666666666
24,80.0,1,32.0,12.0,16.0,55.66666666666666
23,81.0,2,31.1,7.666666666666667,14.9,54.333333333333336
22,82.0,3,30.200000000000003,5.5,13.8,53.0
21,83.0,4,29.3,4.2,12.7,51.66666666666666
20,84.0,5,28.4,3.333333333333333,11.6,50.333333333333336
19,85.0,6,27.5,2.7142857142857144,10.5,49.0
18,86.0,7,26.6,2.25,9.4,47.66666666666666
17,87.0,8,25.700000000000003,1.8888888888888888,8.3,46.333333333333336
16,88.0,9,24.8,1.6,7.199999999999999,45.0
15,89.0,10,23.9,1.3636363636363635,6.1,43.66666666666666
14,90.0,11,23.0,1.1666666666666667,5.0,42.333333333333336
13,91.0,12,22.1,1.0,3.9,41.0
24,80.0,13,32.0,1.7142857142857142,16.0,51.66666666666666
23,81.0,14,31.1,1.5333333333333334,14.9,50.333333333333336
22,82.0,15,30.200000000000003,1.375,13.8,49.0
21,83.0,16,29.3,1.2352941176470589,12.7,47.66666666666666
20,84.0,17,28.4,1.1111111111111112,11.6,46.333333333333336
19,85.0,18,27.5,1.0,10.5,45.0
18,86.0,19,26.6,0.9,9.4,43.66666666666666
17,87.0,20,25.700000000000003,0.8095238095238095,8.3,42.333333333333336
16,88.0,21,24.8,0.7272727272727273,7.199999999999999,41.0
15,89.0,22,23.9,0.6521739130434783,6.1,39.66666666666666
14,90.0,23,23.0,0.5833333333333334,5.0,38.333333333333336
13,91.0,24,22.1,0.52,3.9,37.0
24,80.0,25,32.0,0.9230769230769232,16.0,47.66666666666666
23,81.0,26,31.1,0.8518518518518519,14.9,46.333333333333336
22,82.0,27,30.200000000000003,0.7857142857142857,13.8,45.0
21,83.0,28,29.3,0.7241379310344828,12.7,43.66666666666666
20,84.0,29,28.4,0.6666666666666666,11.6,42.333333333333336
19,85.0,30,27.5,0.6129032258064516,10.5,41.0
18,86.0,31,26.6,0.5625,9.4,39.66666666666666
17,87.0,32,25.700000000000003,0.5151515151515151,8.3,38.333333333333336
16,88.0,33,24.8,0.4705882352941176,7.199999999999999,37.0
15,89.0,34,23.9,0.4285714285714285,6.1,35.666666666666664
14,90.0,35,23.0,0.3888888888888889,5.0,34.333333333333336
13,91.0,36,22.1,0.3513513513513513,3.9,33.0
24,80.0,37,32.0,0.631578947368421,16.0,43.66666666666666
23,81.0,38,31.1,0.5897435897435898,14.9,42.333333333333336
22,82.0,39,30.200000000000003,0.55,13.8,41.0
21,83.0,40,29.3,0.5121951219512195,12.7,39.66666666666666
20,84.0,41,28.4,0.4761904761904761,11.6,38.333333333333336
19,85.0,42,27.5,0.4418604651162791,10.5,37.0
18,86.0,43,26.6,0.4090909090909091,9.4,35.666666666666664
17,87.0,44,25.700000000000003,0.3777777777777777,8.3,34.333333333333336
16,88.0,45,24.8,0.3478260869565217,7.199999999999999,33.0
15,89.0,46,23.9,0.3191489361702128,6.1,31.666666666666668
14,90.0,47,23.0,0.2916666666666667,5.0,30.33333333333333
13,91.0,48,22.1,0.2653061224489796,3.9,29.0
24,80.0,49,32.0,0.48,16.0,39.66666666666666
23,81.0,50,31.1,0.4509803921568627,14.9,38.333333333333336
22,82.0,51,30.200000000000003,0.4230769230769231,13.8,37.0
21,83.0,52,29.3,0.3962264150943396,12.7,35.666666666666664
20,84.0,53,28.4,0.3703703703703703,11.6,34.333333333333336
19,85.0,54,27.5,0.3454545454545454,10.5,33.0
18,86.0,55,26.6,0.3214285714285714,9.4,31.666666666666668
17,87.0,56,25.700000000000003,0.2982456140350877,8.3,30.33333333333333
16,88.0,57,24.8,0.2758620689655172,7.199999999999999,29.0
15,89.0,58,23.9,0.2542372881355932,6.1,27.666666666666668
14,90.0,59,23.0,0.2333333333333333,5.0,26.33333333333333
18,86.0,1,26.6,9.0,9.4,49.66666666666666
17,87.0,2,25.700000000000003,5.666666666666667,8.3,48.333333333333336
16,88.0,3,24.8,4.0,7.199999999999999,47.0
15,89.0,4,23.9,3.0,6.1,45.66666666666666
14,90.0,5,23.0,2.333333333333333,5.0,44.333333333333336
13,91.0,6,22.1,1.8571428571428568,3.9,43.0
24,80.0,7,32.0,3.0,16.0,53.66666666666666
23,81.0,8,31.1,2.555555555555556,14.9,52.333333333333336
22,82.0,9,30.200000000000003,2.2,13.8,51.0
21,83.0,10,29.3,1.9090909090909087,12.7,49.66666666666666
20,84.0,11,28.4,1.6666666666666667,11.6,48.333333333333336
19,85.0,12,27.5,1.4615384615384617,10.5,47.0
18,86.0,13,26.6,1.2857142857142858,9.4,45.66666666666666
17,87.0,14,25.700000000000003,1.1333333333333333,8.3,44.333333333333336
16,88.0,15,24.8,1.0,7.199999999999999,43.0
15,89.0,16,23.9,0.8823529411764706,6.1,41.66666666666666
14,90.0,17,23.0,0.7777777777777778,5.0,40.333333333333336
13,91.0,18,22.1,0.6842105263157895,3.9,39.0
24,80.0,19,32.0,1.2,16.0,49.66666666666666
23,81.0,20,31.1,1.0952380952380951,14.9,48.333333333333336
22,82.0,21,30.200000000000003,1.0,13.8,47.0
21,83.0,22,29.3,0.9130434782608696,12.7,45.66666666666666
20,84.0,23,28.4,0.8333333333333334,11.6,44.333333333333336
19,85.0,24,27.5,0.76,10.5,43.0
18,86.0,25,26.6,0.6923076923076923,9.4,41.66666666666666
17,87.0,26,25.700000000000003,0.6296296296296297,8.3,40.333333333333336
16,88.0,27,24.8,0.5714285714285714,7.199999999999999,39.0
15,89.0,28,23.9,0.5172413793103449,6.1,37.66666666666666
14,90.0,29,23.0,0.4666666666666667,5.0,36.333333333333336
13,91.0,30,22.1,0.4193548387096774,3.9,35.0
24,80.0,31,32.0,0.75,16.0,45.66666666666666
23,81.0,32,31.1,0.696969696969697,14.9,44.333333333333336
22,82.0,33,30.200000000000003,0.6470588235294118,13.8,43.0
21,83.0,34,29.3,0.6,12.7,41.66666666666666
20,84.0,35,28.4,0.5555555555555556,11.6,40.333333333333336
19,85.0,36,27.5,0.5135135135135135,10.5,39.0
18,86.0,37,26.6,0.4736842105263157,9.4,37.66666666666666
17,87.0,38,25.700000000000003,0.4358974358974359,8.3,36.333333333333336
16,88.0,39,24.8,0.4,7.199999999999999,35.0
15,89.0,40,23.9,0.3658536585365853,6.1,33.666666666666664
14,90.0,41,23.0,0.3333333333333333,5.0,32.333333333333336
24,80.0,42,32.0,0.5581395348837209,16.0,42.0
23,81.0,43,31.1,0.5227272727272727,14.9,40.66666666666666
22,82.0,44,30.200000000000003,0.4888888888888889,13.8,39.333333333333336
21,83.0,45,29.3,0.4565217391304347,12.7,38.0
20,84.0,46,28.4,0.425531914893617,11.6,36.66666666666666
19,85.0,47,27.5,0.3958333333333333,10.5,35.333333333333336
18,86.0,48,26.6,0.3673469387755102,9.4,34.0
17,87.0,49,25.700000000000003,0.34,8.3,32.666666666666664
16,88.0,50,24.8,0.3137254901960784,7.199999999999999,31.33333333333333
15,89.0,51,23.9,0.2884615384615384,6.1,30.0
14,90.0,52,23.0,0.2641509433962264,5.0,28.666666666666668
13,91.0,53,22.1,0.2407407407407407,3.9,27.33333333333333
24,80.0,54,32.0,0.4363636363636363,16.0,38.0
23,81.0,55,31.1,0.4107142857142857,14.9,36.66666666666666
22,82.0,56,30.200000000000003,0.3859649122807017,13.8,35.333333333333336
21,83.0,57,29.3,0.3620689655172414,12.7,34.0
20,84.0,58,28.4,0.3389830508474576,11.6,32.666666666666664
19,85.0,59,27.5,0.3166666666666666,10.5,31.33333333333333
18,86.0,60,26.6,0.2950819672131147,9.4,30.0
17,87.0,61,25.700000000000003,0.2741935483870967,8.3,28.666666666666668
16,88.0,62,24.8,0.2539682539682539,7.199999999999999,27.33333333333333
15,89.0,63,23.9,0.234375,6.1,26.0
14,90.0,64,23.0,0.2153846153846154,5.0,24.666666666666668
13,91.0,65,22.1,0.1969696969696969,3.9,23.33333333333333
24,80.0,66,32.0,0.3582089552238806,16.0,34.0
23,81.0,67,31.1,0.3382352941176471,14.9,32.666666666666664
22,82.0,68,30.200000000000003,0.3188405797101449,13.8,31.33333333333333
21,83.0,69,29.3,0.3,12.7,30.0
18,86.0,1,26.6,9.0,9.4,49.66666666666666
17,87.0,2,25.700000000000003,5.666666666666667,8.3,48.333333333333336
16,88.0,3,24.8,4.0,7.199999999999999,47.0
15,89.0,4,23.9,3.0,6.1,45.66666666666666
14,90.0,5,23.0,2.333333333333333,5.0,44.333333333333336
13,91.0,6,22.1,1.8571428571428568,3.9,43.0
24,80.0,7,32.0,3.0,16.0,53.66666666666666
23,81.0,8,31.1,2.555555555555556,14.9,52.333333333333336
22,82.0,9,30.200000000000003,2.2,13.8,51.0
21,83.0,10,29.3,1.9090909090909087,12.7,49.66666666666666
20,84.0,11,28.4,1.6666666666666667,11.6,48.333333333333336
19,85.0,12,27.5,1.4615384615384617,10.5,47.0
18,86.0,13,26.6,1.2857142857142858,9.4,45.66666666666666
17,87.0,14,25.700000000000003,1.1333333333333333,8.3,44.333333333333336
16,88.0,15,24.8,1.0,7.199999999999999,43.0
15,89.0,16,23.9,0.8823529411764706,6.1,41.66666666666666
14,90.0,17,23.0,0.7777777777777778,5.0,40.333333333333336
13,91.0,18,22.1,0.6842105263157895,3.9,39.0
24,80.0,19,32.0,1.2,16.0,49.66666666666666
23,81.0,20,31.1,1.0952380952380951,14.9,48.333333333333336
22,82.0,21,30.200000000000003,1.0,13.8,47.0
21,83.0,22,29.3,0.9130434782608696,12.7,45.66666666666666
20,84.0,23,28.4,0.8333333333333334,11.6,44.333333333333336
19,85.0,24,27.5,0.76,10.5,43.0
18,86.0,25,26.6,0.6923076923076923,9.4,41.66666666666666
17,87.0,26,25.700000000000003,0.6296296296296297,8.3,40.333333333333336
16,88.0,27,24.8,0.5714285714285714,7.199999999999999,39.0
15,89.0,28,23.9,0.5172413793103449,6.1,37.66666666666666
14,90.0,29,23.0,0.4666666666666667,5.0,36.333333333333336
13,91.0,30,22.1,0.4193548387096774,3.9,35.0
24,80.0,31,32.0,0.75,16.0,45.66666666666666
23,81.0,32,31.1,0.696969696969697,14.9,44.333333333333336
22,82.0,33,30.200000000000003,0.6470588235294118,13.8,43.0
21,83.0,34,29.3,0.6,12.7,41.66666666666666
20,84.0,35,28.4,0.5555555555555556,11.6,40.333333333333336
19,85.0,36,27.5,0.5135135135135135,10.5,39.0
18,86.0,37,26.6,0.4736842105263157,9.4,37.66666666666666
17,87.0,38,25.700000000000003,0.4358974358974359,8.3,36.333333333333336
16,88.0,39,24.8,0.4,7.199999999999999,35.0
15,89.0,40,23.9,0.3658536585365853,6.1,33.666666666666664
14,90.0,41,23.0,0.3333333333333333,5.0,32.333333333333336
24,80.0,42,32.0,0.5581395348837209,16.0,42.0
23,81.0,43,31.1,0.5227272727272727,14.9,40.66666666666666
22,82.0,44,30.200000000000003,0.4888888888888889,13.8,39.333333333333336
21,83.0,45,29.3,0.4565217391304347,12.7,38.0
20,84.0,46,28.4,0.425531914893617,11.6,36.66666666666666
19,85.0,47,27.5,0.3958333333333333,10.5,35.333333333333336
18,86.0,48,26.6,0.3673469387755102,9.4,34.0
17,87.0,49,25.700000000000003,0.34,8.3,32.666666666666664
16,88.0,50,24.8,0.3137254901960784,7.199999999999999,31.33333333333333
15,89.0,51,23.9,0.2884615384615384,6.1,30.0
14,90.0,52,23.0,0.2641509433962264,5.0,28.666666666666668
13,91.0,53,22.1,0.2407407407407407,3.9,27.33333333333333
24,80.0,54,32.0,0.4363636363636363,16.0,38.0
23,81.0,55,31.1,0.4107142857142857,14.9,36.66666666666666
22,82.0,56,30.200000000000003,0.3859649122807017,13.8,35.333333333333336
21,83.0,57,29.3,0.3620689655172414,12.7,34.0
20,84.0,58,28.4,0.3389830508474576,11.6,32.666666666666664
19,85.0,59,27.5,0.3166666666666666,10.5,31.33333333333333
18,86.0,60,26.6,0.2950819672131147,9.4,30.0
17,87.0,61,25.700000000000003,0.2741935483870967,8.3,28.666666666666668
16,88.0,62,24.8,0.2539682539682539,7.199999999999999,27.33333333333333
15,89.0,63,23.9,0.234375,6.1,26.0
14,90.0,64,23.0,0.2153846153846154,5.0,24.666666666666668
13,91.0,65,22.1,0.1969696969696969,3.9,23.33333333333333
24,80.0,66,32.0,0.3582089552238806,16.0,34.0
23,81.0,67,31.1,0.3382352941176471,14.9,32.666666666666664
22,82.0,68,30.200000000000003,0.3188405797101449,13.8,31.33333333333333
21,83.0,69,29.3,0.3,12.7,30.0
18,86.0,1,26.6,9.0,9.4,49.66666666666666
17,87.0,2,25.700000000000003,5.666666666666667,8.3,48.333333333333336
16,88.0,3,24.8,4.0,7.199999999999999,47.0
15,89.0,4,23.9,3.0,6.1,45.66666666666666
14,90.0,5,23.0,2.333333333333333,5.0,44.333333333333336
13,91.0,6,22.1,1.8571428571428568,3.9,43.0
24,80.0,7,32.0,3.0,16.0,53.66666666666666
23,81.0,8,31.1,2.555555555555556,14.9,52.333333333333336
22,82.0,9,30.200000000000003,2.2,13.8,51.0
21,83.0,10,29.3,1.9090909090909087,12.7,49.66666666666666
20,84.0,11,28.4,1.6666666666666667,11.6,48.333333333333336
19,85.0,12,27.5,1.4615384615384617,10.5,47.0
18,86.0,13,26.6,1.2857142857142858,9.4,45.66666666666666
17,87.0,14,25.700000000000003,1.1333333333333333,8.3,44.333333333333336
16,88.0,15,24.8,1.0,7.199999999999999,43.0
15,89.0,16,23.9,0.8823529411764706,6.1,41.66666666666666
14,90.0,17,23.0,0.7777777777777778,5.0,40.333333333333336
13,91.0,18,22.1,0.6842105263157895,3.9,39.0
24,80.0,19,32.0,1.2,16.0,49.66666666666666
23,81.0,20,31.1,1.0952380952380951,14.9,48.333333333333336
22,82.0,21,30.200000000000003,1.0,13.8,47.0
21,83.0,22,29.3,0.9130434782608696,12.7,45.66666666666666
20,84.0,23,28.4,0.8333333333333334,11.6,44.333333333333336
19,85.0,24,27.5,0.76,10.5,43.0
18,86.0,25,26.6,0.6923076923076923,9.4,41.66666666666666
17,87.0,26,25.700000000000003,0.6296296296296297,8.3,40.333333333333336
16,88.0,27,24.8,0.5714285714285714,7.199999999999999,39.0
15,89.0,28,23.9,0.5172413793103449,6.1,37.66666666666666
14,90.0,29,23.0,0.4666666666666667,5.0,36.333333333333336
13,91.0,30,22.1,0.4193548387096774,3.9,35.0
24,80.0,31,32.0,0.75,16.0,45.66666666666666
23,81.0,32,31.1,0.696969696969697,14.9,44.333333333333336
22,82.0,33,30.200000000000003,0.6470588235294118,13.8,43.0
21,83.0,34,29.3,0.6,12.7,41.66666666666666
20,84.0,35,28.4,0.5555555555555556,11.6,40.333333333333336
19,85.0,36,27.5,0.5135135135135135,10.5,39.0
18,86.0,37,26.6,0.4736842105263157,9.4,37.66666666666666
17,87.0,38,25.700000000000003,0.4358974358974359,8.3,36.333333333333336
16,88.0,39,24.8,0.4,7.199999999999999,35.0
15,89.0,40,23.9,0.3658536585365853,6.1,33.666666666666664
14,90.0,41,23.0,0.3333333333333333,5.0,32.333333333333336
24,80.0,42,32.0,0.5581395348837209,16.0,42.0
23,81.0,43,31.1,0.5227272727272727,14.9,40.66666666666666
22,82.0,44,30.200000000000003,0.4888888888888889,13.8,39.333333333333336
21,83.0,45,29.3,0.4565217391304347,12.7,38.0
20,84.0,46,28.4,0.425531914893617,11.6,36.66666666666666
19,85.0,47,27.5,0.3958333333333333,10.5,35.333333333333336
18,86.0,48,26.6,0.3673469387755102,9.4,34.0
17,87.0,49,25.700000000000003,0.34,8.3,32.666666666666664
16,88.0,50,24.8,0.3137254901960784,7.199999999999999,31.33333333333333
15,89.0,51,23.9,0.2884615384615384,6.1,30.0
14,90.0,52,23.0,0.2641509433962264,5.0,28.666666666666668
13,91.0,53,22.1,0.2407407407407407,3.9,27.33333333333333
24,80.0,54,32.0,0.4363636363636363,16.0,38.0
23,81.0,55,31.1,0.4107142857142857,14.9,36.66666666666666
22,82.0,56,30.200000000000003,0.3859649122807017,13.8,35.333333333333336
21,83.0,57,29.3,0.3620689655172414,12.7,34.0
20,84.0,58,28.4,0.3389830508474576,11.6,32.666666666666664
19,85.0,59,27.5,0.3166666666666666,10.5,31.33333333333333
18,86.0,60,26.6,0.2950819672131147,9.4,30.0
17,87.0,61,25.700000000000003,0.2741935483870967,8.3,28.666666666666668
16,88.0,62,24.8,0.2539682539682539,7.199999999999999,27.33333333333333
15,89.0,63,23.9,0.234375,6.1,26.0
14,90.0,64,23.0,0.2153846153846154,5.0,24.666666666666668
13,91.0,65,22.1,0.1969696969696969,3.9,23.33333333333333
24,80.0,66,32.0,0.3582089552238806,16.0,34.0
23,81.0,67,31.1,0.3382352941176471,14.9,32.666666666666664
22,82.0,68,30.200000000000003,0.3188405797101449,13.8,31.33333333333333
21,83.0,69,29.3,0.3,12.7,30.0
18,86.0,1,26.6,9.0,9.4,49.66666666666666
17,87.0,2,25.700000000000003,5.666666666666667,8.3,48.333333333333336
16,88.0,3,24.8,4.0,7.199999999999999,47.0
15,89.0,4,23.9,3.0,6.1,45.66666666666666
14,90.0,5,23.0,2.333333333333333,5.0,44.333333333333336
13,91.0,6,22.1,1.8571428571428568,3.9,43.0
24,80.0,7,32.0,3.0,16.0,53.66666666666666
23,81.0,8,31.1,2.555555555555556,14.9,52.333333333333336
22,82.0,9,30.200000000000003,2.2,13.8,51.0
21,83.0,10,29.3,1.9090909090909087,12.7,49.66666666666666
20,84.0,11,28.4,1.6666666666666667,11.6,48.333333333333336
19,85.0,12,27.5,1.4615384615384617,10.5,47.0
18,86.0,13,26.6,1.2857142857142858,9.4,45.66666666666666
17,87.0,14,25.700000000000003,1.1333333333333333,8.3,44.333333333333336
16,88.0,15,24.8,1.0,7.199999999999999,43.0
15,89.0,16,23.9,0.8823529411764706,6.1,41.66666666666666
14,90.0,17,23.0,0.7777777777777778,5.0,40.333333333333336
13,91.0,18,22.1,0.6842105263157895,3.9,39.0
24,80.0,19,32.0,1.2,16.0,49.66666666666666
23,81.0,20,31.1,1.0952380952380951,14.9,48.333333333333336
22,82.0,21,30.200000000000003,1.0,13.8,47.0
21,83.0,22,29.3,0.9130434782608696,12.7,45.66666666666666
20,84.0,23,28.4,0.8333333333333334,11.6,44.333333333333336
19,85.0,24,27.5,0.76,10.5,43.0
18,86.0,25,26.6,0.6923076923076923,9.4,41.66666666666666
17,87.0,26,25.700000000000003,0.6296296296296297,8.3,40.333333333333336
16,88.0,27,24.8,0.5714285714285714,7.199999999999999,39.0
15,89.0,28,23.9,0.5172413793103449,6.1,37.66666666666666
14,90.0,29,23.0,0.4666666666666667,5.0,36.333333333333336
13,91.0,30,22.1,0.4193548387096774,3.9,35.0
24,80.0,31,32.0,0.75,16.0,45.66666666666666
23,81.0,32,31.1,0.696969696969697,14.9,44.333333333333336
22,82.0,33,30.200000000000003,0.6470588235294118,13.8,43.0
21,83.0,34,29.3,0.6,12.7,41.66666666666666
20,84.0,35,28.4,0.5555555555555556,11.6,40.333333333333336
19,85.0,36,27.5,0.5135135135135135,10.5,39.0
18,86.0,37,26.6,0.4736842105263157,9.4,37.66666666666666
17,87.0,38,25.700000000000003,0.4358974358974359,8.3,36.333333333333336
16,88.0,39,24.8,0.4,7.199999999999999,35.0
15,89.0,40,23.9,0.3658536585365853,6.1,33.666666666666664
14,90.0,41,23.0,0.3333333333333333,5.0,32.333333333333336
24,80.0,42,32.0,0.5581395348837209,16.0,42.0
23,81.0,43,31.1,0.5227272727272727,14.9,40.66666666666666
22,82.0,44,30.200000000000003,0.4888888888888889,13.8,39.333333333333336
21,83.0,45,29.3,0.4565217391304347,12.7,38.0
20,84.0,46,28.4,0.425531914893617,11.6,36.66666666666666
19,85.0,47,27.5,0.3958333333333333,10.5,35.333333333333336
18,86.0,48,26.6,0.3673469387755102,9.4,34.0
17,87.0,49,25.700000000000003,0.34,8.3,32.666666666666664
16,88.0,50,24.8,0.3137254901960784,7.199999999999999,31.33333333333333
15,89.0,51,23.9,0.2884615384615384,6.1,30.0
14,90.0,52,23.0,0.2641509433962264,5.0,28.666666666666668
13,91.0,53,22.1,0.2407407407407407,3.9,27.33333333333333
24,80.0,54,32.0,0.4363636363636363,16.0,38.0
23,81.0,55,31.1,0.4107142857142857,14.9,36.66666666666666
22,82.0,56,30.200000000000003,0.3859649122807017,13.8,35.333333333333336
21,83.0,57,29.3,0.3620689655172414,12.7,34.0
20,84.0,58,28.4,0.3389830508474576,11.6,32.666666666666664
19,85.0,59,27.5,0.3166666666666666,10.5,31.33333333333333
18,86.0,1,26.6,9.0,9.4,49.66666666666666
17,87.0,2,25.700000000000003,5.666666666666667,8.3,48.333333333333336
16,88.0,3,24.8,4.0,7.199999999999999,47.0
15,89.0,4,23.9,3.0,6.1,45.66666666666666
14,90.0,5,23.0,2.333333333333333,5.0,44.333333333333336
13,91.0,6,22.1,1.8571428571428568,3.9,43.0
24,80.0,7,32.0,3.0,16.0,53.66666666666666
23,81.0,8,31.1,2.555555555555556,14.9,52.333333333333336
22,82.0,9,30.200000000000003,2.2,13.8,51.0
21,83.0,10,29.3,1.9090909090909087,12.7,49.66666666666666
20,84.0,11,28.4,1.6666666666666667,11.6,48.333333333333336
19,85.0,12,27.5,1.4615384615384617,10.5,47.0
18,86.0,13,26.6,1.2857142857142858,9.4,45.66666666666666
17,87.0,14,25.700000000000003,1.1333333333333333,8.3,44.333333333333336
16,88.0,15,24.8,1.0,7.199999999999999,43.0
15,89.0,16,23.9,0.8823529411764706,6.1,41.66666666666666
14,90.0,17,23.0,0.7777777777777778,5.0,40.333333333333336
13,91.0,18,22.1,0.6842105263157895,3.9,39.0
24,80.0,19,32.0,1.2,16.0,49.66666666666666
23,81.0,20,31.1,1.0952380952380951,14.9,48.333333333333336
22,82.0,21,30.200000000000003,1.0,13.8,47.0
21,83.0,22,29.3,0.9130434782608696,12.7,45.66666666666666
20,84.0,23,28.4,0.8333333333333334,11.6,44.333333333333336
19,85.0,24,27.5,0.76,10.5,43.0
18,86.0,25,26.6,0.6923076923076923,9.4,41.66666666666666
17,87.0,26,25.700000000000003,0.6296296296296297,8.3,40.333333333333336
16,88.0,27,24.8,0.5714285714285714,7.199999999999999,39.0
15,89.0,28,23.9,0.5172413793103449,6.1,37.66666666666666
14,90.0,29,23.0,0.4666666666666667,5.0,36.333333333333336
24,80.0,1,32.0,12.0,16.0,55.66666666666666
23,81.0,2,31.1,7.666666666666667,14.9,54.333333333333336
22,82.0,3,30.200000000000003,5.5,13.8,53.0
21,83.0,4,29.3,4.2,12.7,51.66666666666666
20,84.0,5,28.4,3.333333333333333,11.6,50.333333333333336
19,85.0,6,27.5,2.7142857142857144,10.5,49.0
18,86.0,7,26.6,2.25,9.4,47.66666666666666
17,87.0,8,25.700000000000003,1.8888888888888888,8.3,46.333333333333336
16,88.0,9,24.8,1.6,7.199999999999999,45.0
15,89.0,10,23.9,1.3636363636363635,6.1,43.66666666666666
14,90.0,11,23.0,1.1666666666666667,5.0,42.333333333333336
13,91.0,12,22.1,1.0,3.9,41.0
24,80.0,13,32.0,1.7142857142857142,16.0,51.66666666666666
23,81.0,14,31.1,1.5333333333333334,14.9,50.333333333333336
22,82.0,15,30.200000000000003,1.375,13.8,49.0
21,83.0,16,29.3,1.2352941176470589,12.7,47.66666666666666
20,84.0,17,28.4,1.1111111111111112,11.6,46.333333333333336
19,85.0,18,27.5,1.0,10.5,45.0
18,86.0,19,26.6,0.9,9.4,43.66666666666666
17,87.0,20,25.700000000000003,0.8095238095238095,8.3,42.333333333333336
16,88.0,21,24.8,0.7272727272727273,7.199999999999999,41.0
15,89.0,22,23.9,0.6521739130434783,6.1,39.66666666666666
14,90.0,23,23.0,0.5833333333333334,5.0,38.333333333333336
13,91.0,24,22.1,0.52,3.9,37.0
24,80.0,25,32.0,0.9230769230769232,16.0,47.66666666666666
23,81.0,26,31.1,0.8518518518518519,14.9,46.333333333333336
22,82.0,27,30.200000000000003,0.7857142857142857,13.8,45.0
21,83.0,28,29.3,0.7241379310344828,12.7,43.66666666666666
20,84.0,29,28.4,0.6666666666666666,11.6,42.333333333333336
19,85.0,30,27.5,0.6129032258064516,10.5,41.0
18,86.0,31,26.6,0.5625,9.4,39.66666666666666
17,87.0,32,25.700000000000003,0.5151515151515151,8.3,38.333333333333336
16,88.0,33,24.8,0.4705882352941176,7.199999999999999,37.0
15,89.0,34,23.9,0.4285714285714285,6.1,35.666666666666664
14,90.0,35,23.0,0.3888888888888889,5.0,34.333333333333336
13,91.0,36,22.1,0.3513513513513513,3.9,33.0
24,80.0,37,32.0,0.631578947368421,16.0,43.66666666666666
23,81.0,38,31.1,0.5897435897435898,14.9,42.333333333333336
22,82.0,39,30.200000000000003,0.55,13.8,41.0
24,80.0,1,32.0,12.0,16.0,55.66666666666666
23,81.0,2,31.1,7.666666666666667,14.9,54.333333333333336
22,82.0,3,30.200000000000003,5.5,13.8,53.0
21,83.0,4,29.3,4.2,12.7,51.66666666666666
20,84.0,5,28.4,3.333333333333333,11.6,50.333333333333336
19,85.0,6,27.5,2.7142857142857144,10.5,49.0
18,86.0,7,26.6,2.25,9.4,47.66666666666666
17,87.0,8,25.700000000000003,1.8888888888888888,8.3,46.333333333333336
16,88.0,9,24.8,1.6,7.199999999999999,45.0
15,89.0,10,23.9,1.3636363636363635,6.1,43.66666666666666
14,90.0,11,23.0,1.1666666666666667,5.0,42.333333333333336
13,91.0,12,22.1,1.0,3.9,41.0
24,80.0,13,32.0,1.7142857142857142,16.0,51.66666666666666
23,81.0,14,31.1,1.5333333333333334,14.9,50.333333333333336
22,82.0,15,30.200000000000003,1.375,13.8,49.0
21,83.0,16,29.3,1.2352941176470589,12.7,47.66666666666666
20,84.0,17,28.4,1.1111111111111112,11.6,46.333333333333336
19,85.0,18,27.5,1.0,10.5,45.0
18,86.0,19,26.6,0.9,9.4,43.66666666666666
17,87.0,20,25.700000000000003,0.8095238095238095,8.3,42.333333333333336
16,88.0,21,24.8,0.7272727272727273,7.199999999999999,41.0
15,89.0,22,23.9,0.6521739130434783,6.1,39.66666666666666
14,90.0,23,23.0,0.5833333333333334,5.0,38.333333333333336
13,91.0,24,22.1,0.52,3.9,37.0
24,80.0,25,32.0,0.9230769230769232,16.0,47.66666666666666
23,81.0,26,31.1,0.8518518518518519,14.9,46.333333333333336
22,82.0,27,30.200000000000003,0.7857142857142857,13.8,45.0
21,83.0,28,29.3,0.7241379310344828,12.7,43.66666666666666
20,84.0,29,28.4,0.6666666666666666,11.6,42.333333333333336
19,85.0,30,27.5,0.6129032258064516,10.5,41.0
18,86.0,31,26.6,0.5625,9.4,39.66666666666666
17,87.0,32,25.700000000000003,0.5151515151515151,8.3,38.333333333333336
16,88.0,33,24.8,0.4705882352941176,7.199999999999999,37.0
15,89.0,34,23.9,0.4285714285714285,6.1,35.666666666666664
14,90.0,35,23.0,0.3888888888888889,5.0,34.333333333333336
13,91.0,36,22.1,0.3513513513513513,3.9,33.0
24,80.0,37,32.0,0.631578947368421,16.0,43.66666666666666
23,81.0,38,31.1,0.5897435897435898,14.9,42.333333333333336
22,82.0,39,30.200000000000003,0.55,13.8,41.0
21,83.0,40,29.3,0.5121951219512195,12.7,39.66666666666666
20,84.0,41,28.4,0.4761904761904761,11.6,38.333333333333336
19,85.0,42,27.5,0.4418604651162791,10.5,37.0
18,86.0,43,26.6,0.4090909090909091,9.4,35.666666666666664
17,87.0,44,25.700000000000003,0.3777777777777777,8.3,34.333333333333336
16,88.0,45,24.8,0.3478260869565217,7.199999999999999,33.0
15,89.0,46,23.9,0.3191489361702128,6.1,31.666666666666668
14,90.0,47,23.0,0.2916666666666667,5.0,30.33333333333333
13,91.0,48,22.1,0.2653061224489796,3.9,29.0
24,80.0,49,32.0,0.48,16.0,39.66666666666666
24,80.0,1,32.0,12.0,16.0,55.66666666666666
23,81.0,2,31.1,7.666666666666667,14.9,54.333333333333336
22,82.0,3,30.200000000000003,5.5,13.8,53.0
21,83.0,4,29.3,4.2,12.7,51.66666666666666
20,84.0,5,28.4,3.333333333333333,11.6,50.333333333333336
19,85.0,6,27.5,2.7142857142857144,10.5,49.0
18,86.0,7,26.6,2.25,9.4,47.66666666666666
17,87.0,8,25.700000000000003,1.8888888888888888,8.3,46.333333333333336
16,88.0,9,24.8,1.6,7.199999999999999,45.0
15,89.0,10,23.9,1.3636363636363635,6.1,43.66666666666666
14,90.0,11,23.0,1.1666666666666667,5.0,42.333333333333336
13,91.0,12,22.1,1.0,3.9,41.0
24,80.0,13,32.0,1.7142857142857142,16.0,51.66666666666666
23,81.0,14,31.1,1.5333333333333334,14.9,50.333333333333336
22,82.0,15,30.200000000000003,1.375,13.8,49.0
21,83.0,16,29.3,1.2352941176470589,12.7,47.66666666666666
20,84.0,17,28.4,1.1111111111111112,11.6,46.333333333333336
19,85.0,18,27.5,1.0,10.5,45.0
18,86.0,19,26.6,0.9,9.4,43.66666666666666
17,87.0,20,25.700000000000003,0.8095238095238095,8.3,42.333333333333336
16,88.0,21,24.8,0.7272727272727273,7.199999999999999,41.0
15,89.0,22,23.9,0.6521739130434783,6.1,39.66666666666666
14,90.0,23,23.0,0.5833333333333334,5.0,38.333333333333336
13,91.0,24,22.1,0.52,3.9,37.0
24,80.0,25,32.0,0.9230769230769232,16.0,47.66666666666666
23,81.0,26,31.1,0.8518518518518519,14.9,46.333333333333336
22,82.0,27,30.200000000000003,0.7857142857142857,13.8,45.0
21,83.0,28,29.3,0.7241379310344828,12.7,43.66666666666666
20,84.0,29,28.4,0.6666666666666666,11.6,42.333333333333336
19,85.0,30,27.5,0.6129032258064516,10.5,41.0
18,86.0,31,26.6,0.5625,9.4,39.66666666666666
17,87.0,32,25.700000000000003,0.5151515151515151,8.3,38.333333333333336
16,88.0,33,24.8,0.4705882352941176,7.199999999999999,37.0
15,89.0,34,23.9,0.4285714285714285,6.1,35.666666666666664
14,90.0,35,23.0,0.3888888888888889,5.0,34.333333333333336
13,91.0,36,22.1,0.3513513513513513,3.9,33.0
24,80.0,37,32.0,0.631578947368421,16.0,43.66666666666666
23,81.0,38,31.1,0.5897435897435898,14.9,42.333333333333336
22,82.0,39,30.200000000000003,0.55,13.8,41.0
21,83.0,40,29.3,0.5121951219512195,12.7,39.66666666666666
20,84.0,41,28.4,0.4761904761904761,11.6,38.333333333333336
19,85.0,42,27.5,0.4418604651162791,10.5,37.0
18,86.0,43,26.6,0.4090909090909091,9.4,35.666666666666664
17,87.0,44,25.700000000000003,0.3777777777777777,8.3,34.333333333333336
16,88.0,45,24.8,0.3478260869565217,7.199999999999999,33.0
15,89.0,46,23.9,0.3191489361702128,6.1,31.666666666666668
14,90.0,47,23.0,0.2916666666666667,5.0,30.33333333333333
13,91.0,48,22.1,0.2653061224489796,3.9,29.0
24,80.0,49,32.0,0.48,16.0,39.66666666666666
23,81.0,50,31.1,0.4509803921568627,14.9,38.333333333333336
22,82.0,51,30.200000000000003,0.4230769230769231,13.8,37.0
21,83.0,52,29.3,0.3962264150943396,12.7,35.666666666666664
20,84.0,53,28.4,0.3703703703703703,11.6,34.333333333333336
19,85.0,54,27.5,0.3454545454545454,10.5,33.0
18,86.0,55,26.6,0.3214285714285714,9.4,31.666666666666668
17,87.0,56,25.700000000000003,0.2982456140350877,8.3,30.33333333333333
16,88.0,57,24.8,0.2758620689655172,7.199999999999999,29.0
15,89.0,58,23.9,0.2542372881355932,6.1,27.666666666666668
14,90.0,59,23.0,0.2333333333333333,5.0,26.33333333333333
18,86.0,1,26.6,9.0,9.4,49.66666666666666
17,87.0,2,25.700000000000003,5.666666666666667,8.3,48.333333333333336
16,88.0,3,24.8,4.0,7.199999999999999,47.0
15,89.0,4,23.9,3.0,6.1,45.66666666666666
14,90.0,5,23.0,2.333333333333333,5.0,44.333333333333336
13,91.0,6,22.1,1.8571428571428568,3.9,43.0
24,80.0,7,32.0,3.0,16.0,53.66666666666666
23,81.0,8,31.1,2.555555555555556,14.9,52.333333333333336
22,82.0,9,30.200000000000003,2.2,13.8,51.0
21,83.0,10,29.3,1.9090909090909087,12.7,49.66666666666666
20,84.0,11,28.4,1.6666666666666667,11.6,48.333333333333336
19,85.0,12,27.5,1.4615384615384617,10.5,47.0
18,86.0,13,26.6,1.2857142857142858,9.4,45.66666666666666
17,87.0,14,25.700000000000003,1.1333333333333333,8.3,44.333333333333336
16,88.0,15,24.8,1.0,7.199999999999999,43.0
15,89.0,16,23.9,0.8823529411764706,6.1,41.66666666666666
14,90.0,17,23.0,0.7777777777777778,5.0,40.333333333333336
13,91.0,18,22.1,0.6842105263157895,3.9,39.0
24,80.0,19,32.0,1.2,16.0,49.66666666666666
23,81.0,20,31.1,1.0952380952380951,14.9,48.333333333333336
22,82.0,21,30.200000000000003,1.0,13.8,47.0
21,83.0,22,29.3,0.9130434782608696,12.7,45.66666666666666
20,84.0,23,28.4,0.8333333333333334,11.6,44.333333333333336
19,85.0,24,27.5,0.76,10.5,43.0
18,86.0,25,26.6,0.6923076923076923,9.4,41.66666666666666
17,87.0,26,25.700000000000003,0.6296296296296297,8.3,40.333333333333336
16,88.0,27,24.8,0.5714285714285714,7.199999999999999,39.0
15,89.0,28,23.9,0.5172413793103449,6.1,37.66666666666666
14,90.0,29,23.0,0.4666666666666667,5.0,36.333333333333336
13,91.0,30,22.1,0.4193548387096774,3.9,35.0
24,80.0,31,32.0,0.75,16.0,45.66666666666666
23,81.0,32,31.1,0.696969696969697,14.9,44.333333333333336
22,82.0,33,30.200000000000003,0.6470588235294118,13.8,43.0
21,83.0,34,29.3,0.6,12.7,41.66666666666666
20,84.0,35,28.4,0.5555555555555556,11.6,40.333333333333336
19,85.0,36,27.5,0.5135135135135135,10.5,39.0
18,86.0,37,26.6,0.4736842105263157,9.4,37.66666666666666
17,87.0,38,25.700000000000003,0.4358974358974359,8.3,36.333333333333336
16,88.0,39,24.8,0.4,7.199999999999999,35.0
15,89.0,40,23.9,0.3658536585365853,6.1,33.666666666666664
14,90.0,41,23.0,0.3333333333333333,5.0,32.333333333333336
24,80.0,42,32.0,0.5581395348837209,16.0,42.0
23,81.0,43,31.1,0.5227272727272727,14.9,40.66666666666666
22,82.0,44,30.200000000000003,0.4888888888888889,13.8,39.333333333333336
21,83.0,45,29.3,0.4565217391304347,12.7,38.0
20,84.0,46,28.4,0.425531914893617,11.6,36.66666666666666
19,85.0,47,27.5,0.3958333333333333,10.5,35.333333333333336
18,86.0,48,26.6,0.3673469387755102,9.4,34.0
17,87.0,49,25.700000000000003,0.34,8.3,32.666666666666664
16,88.0,50,24.8,0.3137254901960784,7.199999999999999,31.33333333333333
15,89.0,51,23.9,0.2884615384615384,6.1,30.0
14,90.0,52,23.0,0.2641509433962264,5.0,28.666666666666668
13,91.0,53,22.1,0.2407407407407407,3.9,27.33333333333333
24,80.0,54,32.0,0.4363636363636363,16.0,38.0
23,81.0,55,31.1,0.4107142857142857,14.9,36.66666666666666
22,82.0,56,30.200000000000003,0.3859649122807017,13.8,35.333333333333336
21,83.0,57,29.3,0.3620689655172414,12.7,34.0
20,84.0,58,28.4,0.3389830508474576,11.6,32.666666666666664
19,85.0,59,27.5,0.3166666666666666,10.5,31.33333333333333
18,86.0,60,26.6,0.2950819672131147,9.4,30.0
17,87.0,61,25.700000000000003,0.2741935483870967,8.3,28.666666666666668
16,88.0,62,24.8,0.2539682539682539,7.199999999999999,27.33333333333333
15,89.0,63,23.9,0.234375,6.1,26.0
14,90.0,64,23.0,0.2153846153846154,5.0,24.666666666666668
13,91.0,65,22.1,0.1969696969696969,3.9,23.33333333333333
24,80.0,66,32.0,0.3582089552238806,16.0,34.0
23,81.0,67,31.1,0.3382352941176471,14.9,32.666666666666664
22,82.0,68,30.200000000000003,0.3188405797101449,13.8,31.33333333333333
21,83.0,69,29.3,0.3,12.7,30.0
18,86.0,1,26.6,9.0,9.4,49.66666666666666
17,87.0,2,25.700000000000003,5.666666666666667,8.3,48.333333333333336
16,88.0,3,24.8,4.0,7.199999999999999,47.0
15,89.0,4,23.9,3.0,6.1,45.66666666666666
14,90.0,5,23.0,2.333333333333333,5.0,44.333333333333336
13,91.0,6,22.1,1.8571428571428568,3.9,43.0
24,80.0,7,32.0,3.0,16.0,53.66666666666666
23,81.0,8,31.1,2.555555555555556,14.9,52.333333333333336
22,82.0,9,30.200000000000003,2.2,13.8,51.0
21,83.0,10,29.3,1.9090909090909087,12.7,49.66666666666666
20,84.0,11,28.4,1.6666666666666667,11.6,48.333333333333336
19,85.0,12,27.5,1.4615384615384617,10.5,47.0
18,86.0,13,26.6,1.2857142857142858,9.4,45.66666666666666
17,87.0,14,25.700000000000003,1.1333333333333333,8.3,44.333333333333336
16,88.0,15,24.8,1.0,7.199999999999999,43.0
15,89.0,16,23.9,0.8823529411764706,6.1,41.66666666666666
14,90.0,17,23.0,0.7777777777777778,5.0,40.333333333333336
13,91.0,18,22.1,0.6842105263157895,3.9,39.0
24,80.0,19,32.0,1.2,16.0,49.66666666666666
23,81.0,20,31.1,1.0952380952380951,14.9,48.333333333333336
22,82.0,21,30.200000000000003,1.0,13.8,47.0
21,83.0,22,29.3,0.9130434782608696,12.7,45.66666666666666
20,84.0,23,28.4,0.8333333333333334,11.6,44.333333333333336
19,85.0,24,27.5,0.76,10.5,43.0
18,86.0,25,26.6,0.6923076923076923,9.4,41.66666666666666
17,87.0,26,25.700000000000003,0.6296296296296297,8.3,40.333333333333336
16,88.0,27,24.8,0.5714285714285714,7.199999999999999,39.0
15,89.0,28,23.9,0.5172413793103449,6.1,37.66666666666666
14,90.0,29,23.0,0.4666666666666667,5.0,36.333333333333336
13,91.0,30,22.1,0.4193548387096774,3.9,35.0
24,80.0,31,32.0,0.75,16.0,45.66666666666666
23,81.0,32,31.1,0.696969696969697,14.9,44.333333333333336
22,82.0,33,30.200000000000003,0.6470588235294118,13.8,43.0
21,83.0,34,29.3,0.6,12.7,41.66666666666666
20,84.0,35,28.4,0.5555555555555556,11.6,40.333333333333336
19,85.0,36,27.5,0.5135135135135135,10.5,39.0
18,86.0,37,26.6,0.4736842105263157,9.4,37.66666666666666
17,87.0,38,25.700000000000003,0.4358974358974359,8.3,36.333333333333336
16,88.0,39,24.8,0.4,7.199999999999999,35.0
15,89.0,40,23.9,0.3658536585365853,6.1,33.666666666666664
14,90.0,41,23.0,0.3333333333333333,5.0,32.333333333333336
24,80.0,42,32.0,0.5581395348837209,16.0,42.0
23,81.0,43,31.1,0.5227272727272727,14.9,40.66666666666666
22,82.0,44,30.200000000000003,0.4888888888888889,13.8,39.333333333333336
21,83.0,45,29.3,0.4565217391304347,12.7,38.0
20,84.0,46,28.4,0.425531914893617,11.6,36.66666666666666
19,85.0,47,27.5,0.3958333333333333,10.5,35.333333333333336
18,86.0,48,26.6,0.3673469387755102,9.4,34.0
17,87.0,49,25.700000000000003,0.34,8.3,32.666666666666664
16,88.0,50,24.8,0.3137254901960784,7.199999999999999,31.33333333333333
15,89.0,51,23.9,0.2884615384615384,6.1,30.0
14,90.0,52,23.0,0.2641509433962264,5.0,28.666666666666668
13,91.0,53,22.1,0.2407407407407407,3.9,27.33333333333333
24,80.0,54,32.0,0.4363636363636363,16.0,38.0
23,81.0,55,31.1,0.4107142857142857,14.9,36.66666666666666
22,82.0,56,30.200000000000003,0.3859649122807017,13.8,35.333333333333336
21,83.0,57,29.3,0.3620689655172414,12.7,34.0
20,84.0,58,28.4,0.3389830508474576,11.6,32.666666666666664
19,85.0,59,27.5,0.3166666666666666,10.5,31.33333333333333
18,86.0,60,26.6,0.2950819672131147,9.4,30.0
17,87.0,61,25.700000000000003,0.2741935483870967,8.3,28.666666666666668
16,88.0,62,24.8,0.2539682539682539,7.199999999999999,27.33333333333333
15,89.0,63,23.9,0.234375,6.1,26.0
14,90.0,64,23.0,0.2153846153846154,5.0,24.666666666666668
13,91.0,65,22.1,0.1969696969696969,3.9,23.33333333333333
24,80.0,66,32.0,0.3582089552238806,16.0,34.0
23,81.0,67,31.1,0.3382352941176471,14.9,32.666666666666664
22,82.0,68,30.200000000000003,0.3188405797101449,13.8,31.33333333333333
21,83.0,69,29.3,0.3,12.7,30.0
18,86.0,1,26.6,9.0,9.4,49.66666666666666
17,87.0,2,25.700000000000003,5.666666666666667,8.3,48.333333333333336
16,88.0,3,24.8,4.0,7.199999999999999,47.0
15,89.0,4,23.9,3.0,6.1,45.66666666666666
14,90.0,5,23.0,2.333333333333333,5.0,44.333333333333336
13,91.0,6,22.1,1.8571428571428568,3.9,43.0
24,80.0,7,32.0,3.0,16.0,53.66666666666666
23,81.0,8,31.1,2.555555555555556,14.9,52.333333333333336
22,82.0,9,30.200000000000003,2.2,13.8,51.0
21,83.0,10,29.3,1.9090909090909087,12.7,49.66666666666666
20,84.0,11,28.4,1.6666666666666667,11.6,48.333333333333336
19,85.0,12,27.5,1.4615384615384617,10.5,47.0
18,86.0,13,26.6,1.2857142857142858,9.4,45.66666666666666
17,87.0,14,25.700000000000003,1.1333333333333333,8.3,44.333333333333336
16,88.0,15,24.8,1.0,7.199999999999999,43.0
15,89.0,16,23.9,0.8823529411764706,6.1,41.66666666666666
14,90.0,17,23.0,0.7777777777777778,5.0,40.333333333333336
13,91.0,18,22.1,0.6842105263157895,3.9,39.0
24,80.0,19,32.0,1.2,16.0,49.66666666666666
23,81.0,20,31.1,1.0952380952380951,14.9,48.333333333333336
22,82.0,21,30.200000000000003,1.0,13.8,47.0
21,83.0,22,29.3,0.9130434782608696,12.7,45.66666666666666
20,84.0,23,28.4,0.8333333333333334,11.6,44.333333333333336
19,85.0,24,27.5,0.76,10.5,43.0
18,86.0,25,26.6,0.6923076923076923,9.4,41.66666666666666
17,87.0,26,25.700000000000003,0.6296296296296297,8.3,40.333333333333336
16,88.0,27,24.8,0.5714285714285714,7.199999999999999,39.0
15,89.0,28,23.9,0.5172413793103449,6.1,37.66666666666666
14,90.0,29,23.0,0.4666666666666667,5.0,36.333333333333336
13,91.0,30,22.1,0.4193548387096774,3.9,35.0
24,80.0,31,32.0,0.75,16.0,45.66666666666666
23,81.0,32,31.1,0.696969696969697,14.9,44.333333333333336
22,82.0,33,30.200000000000003,0.6470588235294118,13.8,43.0
21,83.0,34,29.3,0.6,12.7,41.66666666666666
20,84.0,35,28.4,0.5555555555555556,11.6,40.333333333333336
19,85.0,36,27.5,0.5135135135135135,10.5,39.0
18,86.0,37,26.6,0.4736842105263157,9.4,37.66666666666666
17,87.0,38,25.700000000000003,0.4358974358974359,8.3,36.333333333333336
16,88.0,39,24.8,0.4,7.199999999999999,35.0
15,89.0,40,23.9,0.3658536585365853,6.1,33.666666666666664
14,90.0,41,23.0,0.3333333333333333,5.0,32.333333333333336
24,80.0,42,32.0,0.5581395348837209,16.0,42.0
23,81.0,43,31.1,0.5227272727272727,14.9,40.66666666666666
22,82.0,44,30.200000000000003,0.4888888888888889,13.8,39.333333333333336
21,83.0,45,29.3,0.4565217391304347,12.7,38.0
20,84.0,46,28.4,0.425531914893617,11.6,36.66666666666666
19,85.0,47,27.5,0.3958333333333333,10.5,35.333333333333336
18,86.0,48,26.6,0.3673469387755102,9.4,34.0
17,87.0,49,25.700000000000003,0.34,8.3,32.666666666666664
16,88.0,50,24.8,0.3137254901960784,7.199999999999999,31.33333333333333
15,89.0,51,23.9,0.2884615384615384,6.1,30.0
14,90.0,52,23.0,0.2641509433962264,5.0,28.666666666666668
13,91.0,53,22.1,0.2407407407407407,3.9,27.33333333333333
24,80.0,54,32.0,0.4363636363636363,16.0,38.0
23,81.0,55,31.1,0.4107142857142857,14.9,36.66666666666666
22,82.0,56,30.200000000000003,0.3859649122807017,13.8,35.333333333333336
21,83.0,57,29.3,0.3620689655172414,12.7,34.0
20,84.0,58,28.4,0.3389830508474576,11.6,32.666666666666664
19,85.0,59,27.5,0.3166666666666666,10.5,31.33333333333333
18,86.0,60,26.6,0.2950819672131147,9.4,30.0
17,87.0,61,25.700000000000003,0.2741935483870967,8.3,28.666666666666668
16,88.0,62,24.8,0.2539682539682539,7.199999999999999,27.33333333333333
15,89.0,63,23.9,0.234375,6.1,26.0
14,90.0,64,23.0,0.2153846153846154,5.0,24.666666666666668
13,91.0,65,22.1,0.1969696969696969,3.9,23.33333333333333
24,80.0,66,32.0,0.3582089552238806,16.0,34.0
23,81.0,67,31.1,0.3382352941176471,14.9,32.666666666666664
22,82.0,68,30.200000000000003,0.3188405797101449,13.8,31.33333333333333
21,83.0,69,29.3,0.3,12.7,30.0
18,86.0,1,26.6,9.0,9.4,49.66666666666666
17,87.0,2,25.700000000000003,5.666666666666667,8.3,48.333333333333336
16,88.0,3,24.8,4.0,7.199999999999999,47.0
15,89.0,4,23.9,3.0,6.1,45.66666666666666
14,90.0,5,23.0,2.333333333333333,5.0,44.333333333333336
13,91.0,6,22.1,1.8571428571428568,3.9,43.0
24,80.0,7,32.0,3.0,16.0,53.66666666666666
23,81.0,8,31.1,2.555555555555556,14.9,52.333333333333336
22,82.0,9,30.200000000000003,2.2,13.8,51.0
21,83.0,10,29.3,1.9090909090909087,12.7,49.66666666666666
20,84.0,11,28.4,1.6666666666666667,11.6,48.333333333333336
19,85.0,12,27.5,1.4615384615384617,10.5,47.0
18,86.0,13,26.6,1.2857142857142858,9.4,45.66666666666666
17,87.0,14,25.700000000000003,1.1333333333333333,8.3,44.333333333333336
16,88.0,15,24.8,1.0,7.199999999999999,43.0
15,89.0,16,23.9,0.8823529411764706,6.1,41.66666666666666
14,90.0,17,23.0,0.7777777777777778,5.0,40.333333333333336
13,91.0,18,22.1,0.6842105263157895,3.9,39.0
24,80.0,19,32.0,1.2,16.0,49.66666666666666
23,81.0,20,31.1,1.0952380952380951,14.9,48.333333333333336
22,82.0,21,30.200000000000003,1.0,13.8,47.0
21,83.0,22,29.3,0.9130434782608696,12.7,45.66666666666666
20,84.0,23,28.4,0.8333333333333334,11.6,44.333333333333336
19,85.0,24,27.5,0.76,10.5,43.0
18,86.0,25,26.6,0.6923076923076923,9.4,41.66666666666666
17,87.0,26,25.700000000000003,0.6296296296296297,8.3,40.333333333333336
16,88.0,27,24.8,0.5714285714285714,7.199999999999999,39.0
15,89.0,28,23.9,0.5172413793103449,6.1,37.66666666666666
14,90.0,29,23.0,0.4666666666666667,5.0,36.333333333333336
13,91.0,30,22.1,0.4193548387096774,3.9,35.0
24,80.0,31,32.0,0.75,16.0,45.66666666666666
23,81.0,32,31.1,0.696969696969697,14.9,44.333333333333336
22,82.0,33,30.200000000000003,0.6470588235294118,13.8,43.0
21,83.0,34,29.3,0.6,12.7,41.66666666666666
20,84.0,35,28.4,0.5555555555555556,11.6,40.333333333333336
19,85.0,36,27.5,0.5135135135135135,10.5,39.0
18,86.0,37,26.6,0.4736842105263157,9.4,37.66666666666666
17,87.0,38,25.700000000000003,0.4358974358974359,8.3,36.333333333333336
16,88.0,39,24.8,0.4,7.199999999999999,35.0
15,89.0,40,23.9,0.3658536585365853,6.1,33.666666666666664
14,90.0,41,23.0,0.3333333333333333,5.0,32.333333333333336
24,80.0,42,32.0,0.5581395348837209,16.0,42.0
23,81.0,43,31.1,0.5227272727272727,14.9,40.66666666666666
22,82.0,44,30.200000000000003,0.4888888888888889,13.8,39.333333333333336
21,83.0,45,29.3,0.4565217391304347,12.7,38.0
20,84.0,46,28.4,0.425531914893617,11.6,36.66666666666666
19,85.0,47,27.5,0.3958333333333333,10.5,35.333333333333336
18,86.0,48,26.6,0.3673469387755102,9.4,34.0
17,87.0,49,25.700000000000003,0.34,8.3,32.666666666666664
16,88.0,50,24.8,0.3137254901960784,7.199999999999999,31.33333333333333
15,89.0,51,23.9,0.2884615384615384,6.1,30.0
14,90.0,52,23.0,0.2641509433962264,5.0,28.666666666666668
13,91.0,53,22.1,0.2407407407407407,3.9,27.33333333333333
24,80.0,54,32.0,0.4363636363636363,16.0,38.0
23,81.0,55,31.1,0.4107142857142857,14.9,36.66666666666666
22,82.0,56,30.200000000000003,0.3859649122807017,13.8,35.333333333333336
21,83.0,57,29.3,0.3620689655172414,12.7,34.0
20,84.0,58,28.4,0.3389830508474576,11.6,32.666666666666664
19,85.0,59,27.5,0.3166666666666666,10.5,31.33333333333333
18,86.0,1,26.6,9.0,9.4,49.66666666666666
17,87.0,2,25.700000000000003,5.666666666666667,8.3,48.333333333333336
16,88.0,3,24.8,4.0,7.199999999999999,47.0
15,89.0,4,23.9,3.0,6.1,45.66666666666666
14,90.0,5,23.0,2.333333333333333,5.0,44.333333333333336
13,91.0,6,22.1,1.8571428571428568,3.9,43.0
24,80.0,7,32.0,3.0,16.0,53.66666666666666
23,81.0,8,31.1,2.555555555555556,14.9,52.333333333333336
22,82.0,9,30.200000000000003,2.2,13.8,51.0
21,83.0,10,29.3,1.9090909090909087,12.7,49.66666666666666
20,84.0,11,28.4,1.6666666666666667,11.6,48.333333333333336
19,85.0,12,27.5,1.4615384615384617,10.5,47.0
18,86.0,13,26.6,1.2857142857142858,9.4,45.66666666666666
17,87.0,14,25.700000000000003,1.1333333333333333,8.3,44.333333333333336
16,88.0,15,24.8,1.0,7.199999999999999,43.0
15,89.0,16,23.9,0.8823529411764706,6.1,41.66666666666666
14,90.0,17,23.0,0.7777777777777778,5.0,40.333333333333336
13,91.0,18,22.1,0.6842105263157895,3.9,39.0
24,80.0,19,32.0,1.2,16.0,49.66666666666666
23,81.0,20,31.1,1.0952380952380951,14.9,48.333333333333336
22,82.0,21,30.200000000000003,1.0,13.8,47.0
21,83.0,22,29.3,0.9130434782608696,12.7,45.66666666666666
20,84.0,23,28.4,0.8333333333333334,11.6,44.333333333333336
19,85.0,24,27.5,0.76,10.5,43.0
18,86.0,25,26.6,0.6923076923076923,9.4,41.66666666666666
17,87.0,26,25.700000000000003,0.6296296296296297,8.3,40.333333333333336
16,88.0,27,24.8,0.5714285714285714,7.199999999999999,39.0
15,89.0,28,23.9,0.5172413793103449,6.1,37.66666666666666
14,90.0,29,23.0,0.4666666666666667,5.0,36.333333333333336
24,80.0,1,32.0,12.0,16.0,55.66666666666666
23,81.0,2,31.1,7.666666666666667,14.9,54.333333333333336
22,82.0,3,30.200000000000003,5.5,13.8,53.0
21,83.0,4,29.3,4.2,12.7,51.66666666666666
20,84.0,5,28.4,3.333333333333333,11.6,50.333333333333336
19,85.0,6,27.5,2.7142857142857144,10.5,49.0
18,86.0,7,26.6,2.25,9.4,47.66666666666666
17,87.0,8,25.700000000000003,1.8888888888888888,8.3,46.333333333333336
16,88.0,9,24.8,1.6,7.199999999999999,45.0
15,89.0,10,23.9,1.3636363636363635,6.1,43.66666666666666
14,90.0,11,23.0,1.1666666666666667,5.0,42.333333333333336
13,91.0,12,22.1,1.0,3.9,41.0
24,80.0,13,32.0,1.7142857142857142,16.0,51.66666666666666
23,81.0,14,31.1,1.5333333333333334,14.9,50.333333333333336
22,82.0,15,30.200000000000003,1.375,13.8,49.0
21,83.0,16,29.3,1.2352941176470589,12.7,47.66666666666666
20,84.0,17,28.4,1.1111111111111112,11.6,46.333333333333336
19,85.0,18,27.5,1.0,10.5,45.0
18,86.0,19,26.6,0.9,9.4,43.66666666666666
17,87.0,20,25.700000000000003,0.8095238095238095,8.3,42.333333333333336
16,88.0,21,24.8,0.7272727272727273,7.199999999999999,41.0
15,89.0,22,23.9,0.6521739130434783,6.1,39.66666666666666
14,90.0,23,23.0,0.5833333333333334,5.0,38.333333333333336
13,91.0,24,22.1,0.52,3.9,37.0
24,80.0,25,32.0,0.9230769230769232,16.0,47.66666666666666
23,81.0,26,31.1,0.8518518518518519,14.9,46.333333333333336
22,82.0,27,30.200000000000003,0.7857142857142857,13.8,45.0
21,83.0,28,29.3,0.7241379310344828,12.7,43.66666666666666
20,84.0,29,28.4,0.6666666666666666,11.6,42.333333333333336
19,85.0,30,27.5,0.6129032258064516,10.5,41.0
18,86.0,31,26.6,0.5625,9.4,39.66666666666666
17,87.0,32,25.700000000000003,0.5151515151515151,8.3,38.333333333333336
16,88.0,33,24.8,0.4705882352941176,7.199999999999999,37.0
15,89.0,34,23.9,0.4285714285714285,6.1,35.666666666666664
14,90.0,35,23.0,0.3888888888888889,5.0,34.333333333333336
13,91.0,36,22.1,0.3513513513513513,3.9,33.0
24,80.0,37,32.0,0.631578947368421,16.0,43.66666666666666
23,81.0,38,31.1,0.5897435897435898,14.9,42.333333333333336
22,82.0,39,30.200000000000003,0.55,13.8,41.0
24,80.0,1,32.0,12.0,16.0,55.66666666666666
23,81.0,2,31.1,7.666666666666667,14.9,54.333333333333336
22,82.0,3,30.200000000000003,5.5,13.8,53.0
21,83.0,4,29.3,4.2,12.7,51.66666666666666
20,84.0,5,28.4,3.333333333333333,11.6,50.333333333333336
19,85.0,6,27.5,2.7142857142857144,10.5,49.0
18,86.0,7,26.6,2.25,9.4,47.66666666666666
17,87.0,8,25.700000000000003,1.8888888888888888,8.3,46.333333333333336
16,88.0,9,24.8,1.6,7.199999999999999,45.0
15,89.0,10,23.9,1.3636363636363635,6.1,43.66666666666666
14,90.0,11,23.0,1.1666666666666667,5.0,42.333333333333336
13,91.0,12,22.1,1.0,3.9,41.0
24,80.0,13,32.0,1.7142857142857142,16.0,51.66666666666666
23,81.0,14,31.1,1.5333333333333334,14.9,50.333333333333336
22,82.0,15,30.200000000000003,1.375,13.8,49.0
21,83.0,16,29.3,1.2352941176470589,12.7,47.66666666666666
20,84.0,17,28.4,1.1111111111111112,11.6,46.333333333333336
19,85.0,18,27.5,1.0,10.5,45.0
18,86.0,19,26.6,0.9,9.4,43.66666666666666
17,87.0,20,25.700000000000003,0.8095238095238095,8.3,42.333333333333336
16,88.0,21,24.8,0.7272727272727273,7.199999999999999,41.0
15,89.0,22,23.9,0.6521739130434783,6.1,39.66666666666666
14,90.0,23,23.0,0.5833333333333334,5.0,38.333333333333336
13,91.0,24,22.1,0.52,3.9,37.0
24,80.0,25,32.0,0.9230769230769232,16.0,47.66666666666666
23,81.0,26,31.1,0.8518518518518519,14.9,46.333333333333336
22,82.0,27,30.200000000000003,0.7857142857142857,13.8,45.0
21,83.0,28,29.3,0.7241379310344828,12.7,43.66666666666666
20,84.0,29,28.4,0.6666666666666666,11.6,42.333333333333336
19,85.0,30,27.5,0.6129032258064516,10.5,41.0
18,86.0,31,26.6,0.5625,9.4,39.66666666666666
17,87.0,32,25.700000000000003,0.5151515151515151,8.3,38.333333333333336
16,88.0,33,24.8,0.4705882352941176,7.199999999999999,37.0
15,89.0,34,23.9,0.4285714285714285,6.1,35.666666666666664
14,90.0,35,23.0,0.3888888888888889,5.0,34.333333333333336
13,91.0,36,22.1,0.3513513513513513,3.9,33.0
24,80.0,37,32.0,0.631578947368421,16.0,43.66666666666666
23,81.0,38,31.1,0.5897435897435898,14.9,42.333333333333336
22,82.0,39,30.200000000000003,0.55,13.8,41.0
21,83.0,40,29.3,0.5121951219512195,12.7,39.66666666666666
20,84.0,41,28.4,0.4761904761904761,11.6,38.333333333333336
19,85.0,42,27.5,0.4418604651162791,10.5,37.0
18,86.0,43,26.6,0.4090909090909091,9.4,35.666666666666664
17,87.0,44,25.700000000000003,0.3777777777777777,8.3,34.333333333333336
16,88.0,45,24.8,0.3478260869565217,7.199999999999999,33.0
15,89.0,46,23.9,0.3191489361702128,6.1,31.666666666666668
14,90.0,47,23.0,0.2916666666666667,5.0,30.33333333333333
13,91.0,48,22.1,0.2653061224489796,3.9,29.0
24,80.0,49,32.0,0.48,16.0,39.66666666666666
24,80.0,1,32.0,12.0,16.0,55.66666666666666
23,81.0,2,31.1,7.666666666666667,14.9,54.333333333333336
22,82.0,3,30.200000000000003,5.5,13.8,53.0
21,83.0,4,29.3,4.2,12.7,51.66666666666666
20,84.0,5,28.4,3.333333333333333,11.6,50.333333333333336
19,85.0,6,27.5,2.7142857142857144,10.5,49.0
18,86.0,7,26.6,2.25,9.4,47.66666666666666
17,87.0,8,25.700000000000003,1.8888888888888888,8.3,46.333333333333336
16,88.0,9,24.8,1.6,7.199999999999999,45.0
15,89.0,10,23.9,1.3636363636363635,6.1,43.66666666666666
14,90.0,11,23.0,1.1666666666666667,5.0,42.333333333333336
13,91.0,12,22.1,1.0,3.9,41.0
24,80.0,13,32.0,1.7142857142857142,16.0,51.66666666666666
23,81.0,14,31.1,1.5333333333333334,14.9,50.333333333333336
22,82.0,15,30.200000000000003,1.375,13.8,49.0
21,83.0,16,29.3,1.2352941176470589,12.7,47.66666666666666
20,84.0,17,28.4,1.1111111111111112,11.6,46.333333333333336
19,85.0,18,27.5,1.0,10.5,45.0
18,86.0,19,26.6,0.9,9.4,43.66666666666666
17,87.0,20,25.700000000000003,0.8095238095238095,8.3,42.333333333333336
16,88.0,21,24.8,0.7272727272727273,7.199999999999999,41.0
15,89.0,22,23.9,0.6521739130434783,6.1,39.66666666666666
14,90.0,23,23.0,0.5833333333333334,5.0,38.333333333333336
13,91.0,24,22.1,0.52,3.9,37.0
24,80.0,25,32.0,0.9230769230769232,16.0,47.66666666666666
23,81.0,26,31.1,0.8518518518518519,14.9,46.333333333333336
22,82.0,27,30.200000000000003,0.7857142857142857,13.8,45.0
21,83.0,28,29.3,0.7241379310344828,12.7,43.66666666666666
20,84.0,29,28.4,0.6666666666666666,11.6,42.333333333333336
19,85.0,30,27.5,0.6129032258064516,10.5,41.0
18,86.0,31,26.6,0.5625,9.4,39.66666666666666
17,87.0,32,25.700000000000003,0.5151515151515151,8.3,38.333333333333336
16,88.0,33,24.8,0.4705882352941176,7.199999999999999,37.0
15,89.0,34,23.9,0.4285714285714285,6.1,35.666666666666664
14,90.0,35,23.0,0.3888888888888889,5.0,34.333333333333336
13,91.0,36,22.1,0.3513513513513513,3.9,33.0
24,80.0,37,32.0,0.631578947368421,16.0,43.66666666666666
23,81.0,38,31.1,0.5897435897435898,14.9,42.333333333333336
22,82.0,39,30.200000000000003,0.55,13.8,41.0
21,83.0,40,29.3,0.5121951219512195,12.7,39.66666666666666
20,84.0,41,28.4,0.4761904761904761,11.6,38.333333333333336
19,85.0,42,27.5,0.4418604651162791,10.5,37.0
18,86.0,43,26.6,0.4090909090909091,9.4,35.666666666666664
17,87.0,44,25.700000000000003,0.3777777777777777,8.3,34.333333333333336
16,88.0,45,24.8,0.3478260869565217,7.199999999999999,33.0
15,89.0,46,23.9,0.3191489361702128,6.1,31.666666666666668
14,90.0,47,23.0,0.2916666666666667,5.0,30.33333333333333
13,91.0,48,22.1,0.2653061224489796,3.9,29.0
24,80.0,49,32.0,0.48,16.0,39.66666666666666
23,81.0,50,31.1,0.4509803921568627,14.9,38.333333333333336
22,82.0,51,30.200000000000003,0.4230769230769231,13.8,37.0
21,83.0,52,29.3,0.3962264150943396,12.7,35.666666666666664
20,84.0,53,28.4,0.3703703703703703,11.6,34.333333333333336
19,85.0,54,27.5,0.3454545454545454,10.5,33.0
18,86.0,55,26.6,0.3214285714285714,9.4,31.666666666666668
17,87.0,56,25.700000000000003,0.2982456140350877,8.3,30.33333333333333
16,88.0,57,24.8,0.2758620689655172,7.199999999999999,29.0
15,89.0,58,23.9,0.2542372881355932,6.1,27.666666666666668
14,90.0,59,23.0,0.2333333333333333,5.0,26.33333333333333
18,86.0,1,26.6,9.0,9.4,49.66666666666666
17,87.0,2,25.700000000000003,5.666666666666667,8.3,48.333333333333336
16,88.0,3,24.8,4.0,7.199999999999999,47.0
15,89.0,4,23.9,3.0,6.1,45.66666666666666
14,90.0,5,23.0,2.333333333333333,5.0,44.333333333333336
13,91.0,6,22.1,1.8571428571428568,3.9,43.0
24,80.0,7,32.0,3.0,16.0,53.66666666666666
23,81.0,8,31.1,2.555555555555556,14.9,52.333333333333336
22,82.0,9,30.200000000000003,2.2,13.8,51.0
21,83.0,10,29.3,1.9090909090909087,12.7,49.66666666666666
20,84.0,11,28.4,1.6666666666666667,11.6,48.333333333333336
19,85.0,12,27.5,1.4615384615384617,10.5,47.0
18,86.0,13,26.6,1.2857142857142858,9.4,45.66666666666666
17,87.0,14,25.700000000000003,1.1333333333333333,8.3,44.333333333333336
16,88.0,15,24.8,1.0,7.199999999999999,43.0
15,89.0,16,23.9,0.8823529411764706,6.1,41.66666666666666
14,90.0,17,23.0,0.7777777777777778,5.0,40.333333333333336
13,91.0,18,22.1,0.6842105263157895,3.9,39.0
24,80.0,19,32.0,1.2,16.0,49.66666666666666
23,81.0,20,31.1,1.0952380952380951,14.9,48.333333333333336
22,82.0,21,30.200000000000003,1.0,13.8,47.0
21,83.0,22,29.3,0.9130434782608696,12.7,45.66666666666666
20,84.0,23,28.4,0.8333333333333334,11.6,44.333333333333336
19,85.0,24,27.5,0.76,10.5,43.0
18,86.0,25,26.6,0.6923076923076923,9.4,41.66666666666666
17,87.0,26,25.700000000000003,0.6296296296296297,8.3,40.333333333333336
16,88.0,27,24.8,0.5714285714285714,7.199999999999999,39.0
15,89.0,28,23.9,0.5172413793103449,6.1,37.66666666666666
14,90.0,29,23.0,0.4666666666666667,5.0,36.333333333333336
13,91.0,30,22.1,0.4193548387096774,3.9,35.0
24,80.0,31,32.0,0.75,16.0,45.66666666666666
23,81.0,32,31.1,0.696969696969697,14.9,44.333333333333336
22,82.0,33,30.200000000000003,0.6470588235294118,13.8,43.0
21,83.0,34,29.3,0.6,12.7,41.66666666666666
20,84.0,35,28.4,0.5555555555555556,11.6,40.333333333333336
19,85.0,36,27.5,0.5135135135135135,10.5,39.0
18,86.0,37,26.6,0.4736842105263157,9.4,37.66666666666666
17,87.0,38,25.700000000000003,0.4358974358974359,8.3,36.333333333333336
16,88.0,39,24.8,0.4,7.199999999999999,35.0
15,89.0,40,23.9,0.3658536585365853,6.1,33.666666666666664
14,90.0,41,23.0,0.3333333333333333,5.0,32.333333333333336
24,80.0,42,32.0,0.5581395348837209,16.0,42.0
23,81.0,43,31.1,0.5227272727272727,14.9,40.66666666666666
22,82.0,44,30.200000000000003,0.4888888888888889,13.8,39.333333333333336
21,83.0,45,29.3,0.4565217391304347,12.7,38.0
20,84.0,46,28.4,0.425531914893617,11.6,36.66666666666666
19,85.0,47,27.5,0.3958333333333333,10.5,35.333333333333336
18,86.0,48,26.6,0.3673469387755102,9.4,34.0
17,87.0,49,25.700000000000003,0.34,8.3,32.666666666666664
16,88.0,50,24.8,0.3137254901960784,7.199999999999999,31.33333333333333
15,89.0,51,23.9,0.2884615384615384,6.1,30.0
14,90.0,52,23.0,0.2641509433962264,5.0,28.666666666666668
13,91.0,53,22.1,0.2407407407407407,3.9,27.33333333333333
24,80.0,54,32.0,0.4363636363636363,16.0,38.0
23,81.0,55,31.1,0.4107142857142857,14.9,36.66666666666666
22,82.0,56,30.200000000000003,0.3859649122807017,13.8,35.333333333333336
21,83.0,57,29.3,0.3620689655172414,12.7,34.0
20,84.0,58,28.4,0.3389830508474576,11.6,32.666666666666664
19,85.0,59,27.5,0.3166666666666666,10.5,31.33333333333333
18,86.0,60,26.6,0.2950819672131147,9.4,30.0
17,87.0,61,25.700000000000003,0.2741935483870967,8.3,28.666666666666668
16,88.0,62,24.8,0.2539682539682539,7.199999999999999,27.33333333333333
15,89.0,63,23.9,0.234375,6.1,26.0
14,90.0,64,23.0,0.2153846153846154,5.0,24.666666666666668
13,91.0,65,22.1,0.1969696969696969,3.9,23.33333333333333
24,80.0,66,32.0,0.3582089552238806,16.0,34.0
23,81.0,67,31.1,0.3382352941176471,14.9,32.666666666666664
22,82.0,68,30.200000000000003,0.3188405797101449,13.8,31.33333333333333
21,83.0,69,29.3,0.3,12.7,30.0
18,86.0,1,26.6,9.0,9.4,49.66666666666666
17,87.0,2,25.700000000000003,5.666666666666667,8.3,48.333333333333336
16,88.0,3,24.8,4.0,7.199999999999999,47.0
15,89.0,4,23.9,3.0,6.1,45.66666666666666
14,90.0,5,23.0,2.333333333333333,5.0,44.333333333333336
13,91.0,6,22.1,1.8571428571428568,3.9,43.0
24,80.0,7,32.0,3.0,16.0,53.66666666666666
23,81.0,8,31.1,2.555555555555556,14.9,52.333333333333336
22,82.0,9,30.200000000000003,2.2,13.8,51.0
21,83.0,10,29.3,1.9090909090909087,12.7,49.66666666666666
20,84.0,11,28.4,1.6666666666666667,11.6,48.333333333333336
19,85.0,12,27.5,1.4615384615384617,10.5,47.0
18,86.0,13,26.6,1.2857142857142858,9.4,45.66666666666666
17,87.0,14,25.700000000000003,1.1333333333333333,8.3,44.333333333333336
16,88.0,15,24.8,1.0,7.199999999999999,43.0
15,89.0,16,23.9,0.8823529411764706,6.1,41.66666666666666
14,90.0,17,23.0,0.7777777777777778,5.0,40.333333333333336
13,91.0,18,22.1,0.6842105263157895,3.9,39.0
24,80.0,19,32.0,1.2,16.0,49.66666666666666
23,81.0,20,31.1,1.0952380952380951,14.9,48.333333333333336
22,82.0,21,30.200000000000003,1.0,13.8,47.0
21,83.0,22,29.3,0.9130434782608696,12.7,45.66666666666666
20,84.0,23,28.4,0.8333333333333334,11.6,44.333333333333336
19,85.0,24,27.5,0.76,10.5,43.0
18,86.0,25,26.6,0.6923076923076923,9.4,41.66666666666666
17,87.0,26,25.700000000000003,0.6296296296296297,8.3,40.333333333333336
16,88.0,27,24.8,0.5714285714285714,7.199999999999999,39.0
15,89.0,28,23.9,0.5172413793103449,6.1,37.66666666666666
14,90.0,29,23.0,0.4666666666666667,5.0,36.333333333333336
13,91.0,30,22.1,0.4193548387096774,3.9,35.0
24,80.0,31,32.0,0.75,16.0,45.66666666666666
23,81.0,32,31.1,0.696969696969697,14.9,44.333333333333336
22,82.0,33,30.200000000000003,0.6470588235294118,13.8,43.0
21,83.0,34,29.3,0.6,12.7,41.66666666666666
20,84.0,35,28.4,0.5555555555555556,11.6,40.333333333333336
19,85.0,36,27.5,0.5135135135135135,10.5,39.0
18,86.0,37,26.6,0.4736842105263157,9.4,37.66666666666666
17,87.0,38,25.700000000000003,0.4358974358974359,8.3,36.333333333333336
16,88.0,39,24.8,0.4,7.199999999999999,35.0
15,89.0,40,23.9,0.3658536585365853,6.1,33.666666666666664
14,90.0,41,23.0,0.3333333333333333,5.0,32.333333333333336
24,80.0,42,32.0,0.5581395348837209,16.0,42.0
23,81.0,43,31.1,0.5227272727272727,14.9,40.66666666666666
22,82.0,44,30.200000000000003,0.4888888888888889,13.8,39.333333333333336
21,83.0,45,29.3,0.4565217391304347,12.7,38.0
20,84.0,46,28.4,0.425531914893617,11.6,36.66666666666666
19,85.0,47,27.5,0.3958333333333333,10.5,35.333333333333336
18,86.0,48,26.6,0.3673469387755102,9.4,34.0
17,87.0,49,25.700000000000003,0.34,8.3,32.666666666666664
16,88.0,50,24.8,0.3137254901960784,7.199999999999999,31.33333333333333
15,89.0,51,23.9,0.2884615384615384,6.1,30.0
14,90.0,52,23.0,0.2641509433962264,5.0,28.666666666666668
13,91.0,53,22.1,0.2407407407407407,3.9,27.33333333333333
24,80.0,54,32.0,0.4363636363636363,16.0,38.0
23,81.0,55,31.1,0.4107142857142857,14.9,36.66666666666666
22,82.0,56,30.200000000000003,0.3859649122807017,13.8,35.333333333333336
21,83.0,57,29.3,0.3620689655172414,12.7,34.0
20,84.0,58,28.4,0.3389830508474576,11.6,32.666666666666664
19,85.0,59,27.5,0.3166666666666666,10.5,31.33333333333333
18,86.0,60,26.6,0.2950819672131147,9.4,30.0
17,87.0,61,25.700000000000003,0.2741935483870967,8.3,28.666666666666668
16,88.0,62,24.8,0.2539682539682539,7.199999999999999,27.33333333333333
15,89.0,63,23.9,0.234375,6.1,26.0
14,90.0,64,23.0,0.2153846153846154,5.0,24.666666666666668
13,91.0,65,22.1,0.1969696969696969,3.9,23.33333333333333
24,80.0,66,32.0,0.3582089552238806,16.0,34.0
23,81.0,67,31.1,0.3382352941176471,14.9,32.666666666666664
22,82.0,68,30.200000000000003,0.3188405797101449,13.8,31.33333333333333
21,83.0,69,29.3,0.3,12.7,30.0
18,86.0,1,26.6,9.0,9.4,49.66666666666666
17,87.0,2,25.700000000000003,5.666666666666667,8.3,48.333333333333336
16,88.0,3,24.8,4.0,7.199999999999999,47.0
15,89.0,4,23.9,3.0,6.1,45.66666666666666
14,90.0,5,23.0,2.333333333333333,5.0,44.333333333333336
13,91.0,6,22.1,1.8571428571428568,3.9,43.0
24,80.0,7,32.0,3.0,16.0,53.66666666666666
23,81.0,8,31.1,2.555555555555556,14.9,52.333333333333336
22,82.0,9,30.200000000000003,2.2,13.8,51.0
21,83.0,10,29.3,1.9090909090909087,12.7,49.66666666666666
20,84.0,11,28.4,1.6666666666666667,11.6,48.333333333333336
19,85.0,12,27.5,1.4615384615384617,10.5,47.0
18,86.0,13,26.6,1.2857142857142858,9.4,45.66666666666666
17,87.0,14,25.700000000000003,1.1333333333333333,8.3,44.333333333333336
16,88.0,15,24.8,1.0,7.199999999999999,43.0
15,89.0,16,23.9,0.8823529411764706,6.1,41.66666666666666
14,90.0,17,23.0,0.7777777777777778,5.0,40.333333333333336
13,91.0,18,22.1,0.6842105263157895,3.9,39.0
24,80.0,19,32.0,1.2,16.0,49.66666666666666
23,81.0,20,31.1,1.0952380952380951,14.9,48.333333333333336
22,82.0,21,30.200000000000003,1.0,13.8,47.0
21,83.0,22,29.3,0.9130434782608696,12.7,45.66666666666666
20,84.0,23,28.4,0.8333333333333334,11.6,44.333333333333336
19,85.0,24,27.5,0.76,10.5,43.0
18,86.0,25,26.6,0.6923076923076923,9.4,41.66666666666666
17,87.0,26,25.700000000000003,0.6296296296296297,8.3,40.333333333333336
16,88.0,27,24.8,0.5714285714285714,7.199999999999999,39.0
15,89.0,28,23.9,0.5172413793103449,6.1,37.66666666666666
14,90.0,29,23.0,0.4666666666666667,5.0,36.333333333333336
13,91.0,30,22.1,0.4193548387096774,3.9,35.0
24,80.0,31,32.0,0.75,16.0,45.66666666666666
23,81.0,32,31.1,0.696969696969697,14.9,44.333333333333336
22,82.0,33,30.200000000000003,0.6470588235294118,13.8,43.0
21,83.0,34,29.3,0.6,12.7,41.66666666666666
20,84.0,35,28.4,0.5555555555555556,11.6,40.333333333333336
19,85.0,36,27.5,0.5135135135135135,10.5,39.0
18,86.0,37,26.6,0.4736842105263157,9.4,37.66666666666666
17,87.0,38,25.700000000000003,0.4358974358974359,8.3,36.333333333333336
16,88.0,39,24.8,0.4,7.199999999999999,35.0
15,89.0,40,23.9,0.3658536585365853,6.1,33.666666666666664
14,90.0,41,23.0,0.3333333333333333,5.0,32.333333333333336
24,80.0,42,32.0,0.5581395348837209,16.0,42.0
23,81.0,43,31.1,0.5227272727272727,14.9,40.66666666666666
22,82.0,44,30.200000000000003,0.4888888888888889,13.8,39.333333333333336
21,83.0,45,29.3,0.4565217391304347,12.7,38.0
20,84.0,46,28.4,0.425531914893617,11.6,36.66666666666666
19,85.0,47,27.5,0.3958333333333333,10.5,35.333333333333336
18,86.0,48,26.6,0.3673469387755102,9.4,34.0
17,87.0,49,25.700000000000003,0.34,8.3,32.666666666666664
16,88.0,50,24.8,0.3137254901960784,7.199999999999999,31.33333333333333
15,89.0,51,23.9,0.2884615384615384,6.1,30.0
14,90.0,52,23.0,0.2641509433962264,5.0,28.666666666666668
13,91.0,53,22.1,0.2407407407407407,3.9,27.33333333333333
24,80.0,54,32.0,0.4363636363636363,16.0,38.0
23,81.0,55,31.1,0.4107142857142857,14.9,36.66666666666666
22,82.0,56,30.200000000000003,0.3859649122807017,13.8,35.333333333333336
21,83.0,57,29.3,0.3620689655172414,12.7,34.0
20,84.0,58,28.4,0.3389830508474576,11.6,32.666666666666664
19,85.0,59,27.5,0.3166666666666666,10.5,31.33333333333333
18,86.0,60,26.6,0.2950819672131147,9.4,30.0
17,87.0,61,25.700000000000003,0.2741935483870967,8.3,28.666666666666668
16,88.0,62,24.8,0.2539682539682539,7.199999999999999,27.33333333333333
15,89.0,63,23.9,0.234375,6.1,26.0
14,90.0,64,23.0,0.2153846153846154,5.0,24.666666666666668
13,91.0,65,22.1,0.1969696969696969,3.9,23.33333333333333
24,80.0,66,32.0,0.3582089552238806,16.0,34.0
23,81.0,67,31.1,0.3382352941176471,14.9,32.666666666666664
22,82.0,68,30.200000000000003,0.3188405797101449,13.8,31.33333333333333
21,83.0,69,29.3,0.3,12.7,30.0
18,86.0,1,26.6,9.0,9.4,49.66666666666666
17,87.0,2,25.700000000000003,5.666666666666667,8.3,48.333333333333336
16,88.0,3,24.8,4.0,7.199999999999999,47.0
15,89.0,4,23.9,3.0,6.1,45.66666666666666
14,90.0,5,23.0,2.333333333333333,5.0,44.333333333333336
13,91.0,6,22.1,1.8571428571428568,3.9,43.0
24,80.0,7,32.0,3.0,16.0,53.66666666666666
23,81.0,8,31.1,2.555555555555556,14.9,52.333333333333336
22,82.0,9,30.200000000000003,2.2,13.8,51.0
21,83.0,10,29.3,1.9090909090909087,12.7,49.66666666666666
20,84.0,11,28.4,1.6666666666666667,11.6,48.333333333333336
19,85.0,12,27.5,1.4615384615384617,10.5,47.0
18,86.0,13,26.6,1.2857142857142858,9.4,45.66666666666666
17,87.0,14,25.700000000000003,1.1333333333333333,8.3,44.333333333333336
16,88.0,15,24.8,1.0,7.199999999999999,43.0
15,89.0,16,23.9,0.8823529411764706,6.1,41.66666666666666
14,90.0,17,23.0,0.7777777777777778,5.0,40.333333333333336
13,91.0,18,22.1,0.6842105263157895,3.9,39.0
24,80.0,19,32.0,1.2,16.0,49.66666666666666
23,81.0,20,31.1,1.0952380952380951,14.9,48.333333333333336
22,82.0,21,30.200000000000003,1.0,13.8,47.0
21,83.0,22,29.3,0.9130434782608696,12.7,45.66666666666666
20,84.0,23,28.4,0.8333333333333334,11.6,44.333333333333336
19,85.0,24,27.5,0.76,10.5,43.0
18,86.0,25,26.6,0.6923076923076923,9.4,41.66666666666666
17,87.0,26,25.700000000000003,0.6296296296296297,8.3,40.333333333333336
16,88.0,27,24.8,0.5714285714285714,7.199999999999999,39.0
15,89.0,28,23.9,0.5172413793103449,6.1,37.66666666666666
14,90.0,29,23.0,0.4666666666666667,5.0,36.333333333333336
13,91.0,30,22.1,0.4193548387096774,3.9,35.0
24,80.0,31,32.0,0.75,16.0,45.66666666666666
23,81.0,32,31.1,0.696969696969697,14.9,44.333333333333336
22,82.0,33,30.200000000000003,0.6470588235294118,13.8,43.0
21,83.0,34,29.3,0.6,12.7,41.66666666666666
20,84.0,35,28.4,0.5555555555555556,11.6,40.333333333333336
19,85.0,36,27.5,0.5135135135135135,10.5,39.0
18,86.0,37,26.6,0.4736842105263157,9.4,37.66666666666666
17,87.0,38,25.700000000000003,0.4358974358974359,8.3,36.333333333333336
16,88.0,39,24.8,0.4,7.199999999999999,35.0
15,89.0,40,23.9,0.3658536585365853,6.1,33.666666666666664
14,90.0,41,23.0,0.3333333333333333,5.0,32.333333333333336
24,80.0,42,32.0,0.5581395348837209,16.0,42.0
23,81.0,43,31.1,0.5227272727272727,14.9,40.66666666666666
22,82.0,44,30.200000000000003,0.4888888888888889,13.8,39.333333333333336
21,83.0,45,29.3,0.4565217391304347,12.7,38.0
20,84.0,46,28.4,0.425531914893617,11.6,36.66666666666666
19,85.0,47,27.5,0.3958333333333333,10.5,35.333333333333336
18,86.0,48,26.6,0.3673469387755102,9.4,34.0
17,87.0,49,25.700000000000003,0.34,8.3,32.666666666666664
16,88.0,50,24.8,0.3137254901960784,7.199999999999999,31.33333333333333
15,89.0,51,23.9,0.2884615384615384,6.1,30.0
14,90.0,52,23.0,0.2641509433962264,5.0,28.666666666666668
13,91.0,53,22.1,0.2407407407407407,3.9,27.33333333333333
24,80.0,54,32.0,0.4363636363636363,16.0,38.0
23,81.0,55,31.1,0.4107142857142857,14.9,36.66666666666666
22,82.0,56,30.200000000000003,0.3859649122807017,13.8,35.333333333333336
21,83.0,57,29.3,0.3620689655172414,12.7,34.0
20,84.0,58,28.4,0.3389830508474576,11.6,32.666666666666664
19,85.0,59,27.5,0.3166666666666666,10.5,31.33333333333333
25,80.0,1,33.0,12.5,17.0,56.333333333333336
26,77.0,2,33.7,8.666666666666666,18.3,57.66666666666666
27,74.0,3,34.4,6.75,19.6,59.0
28,71.0,4,35.1,5.6,20.9,60.333333333333336
29,68.0,5,35.8,4.833333333333333,22.2,61.66666666666666
30,65.0,6,36.5,4.285714285714286,23.5,63.0
31,62.0,7,37.2,3.875,24.8,64.33333333333333
32,59.0,8,37.9,3.555555555555556,26.1,65.66666666666667
33,56.0,9,38.6,3.3,27.4,67.0
34,53.0,10,39.3,3.090909090909091,28.7,68.33333333333333
35,50.0,11,40.0,2.9166666666666665,30.0,69.66666666666667
36,47.0,12,40.7,2.769230769230769,31.3,71.0
37,44.0,13,41.4,2.642857142857143,32.6,72.33333333333333
38,41.0,14,42.1,2.533333333333333,33.9,73.66666666666667
39,38.0,15,42.8,2.4375,35.2,75.0
40,35.0,16,43.5,2.3529411764705883,36.5,76.33333333333333
41,32.0,17,44.2,2.2777777777777777,37.8,77.66666666666667
42,29.0,18,44.9,2.210526315789474,39.1,79.0
43,26.0,19,45.6,2.15,40.4,80.33333333333333
44,23.0,20,46.3,2.095238095238096,41.7,81.66666666666667
45,20.0,21,47.0,2.0454545454545454,43.0,83.0
46,17.0,22,47.7,2.0,44.3,84.33333333333333
25,80.0,23,33.0,1.0416666666666667,17.0,49.0
26,77.5,24,33.75,1.04,18.25,50.16666666666666
27,75.0,25,34.5,1.0384615384615383,19.5,51.333333333333336
28,72.5,26,35.25,1.037037037037037,20.75,52.5
29,70.0,27,36.0,1.0357142857142858,22.0,53.66666666666666
30,67.5,28,36.75,1.0344827586206895,23.25,54.833333333333336
31,65.0,29,37.5,1.0333333333333334,24.5,56.0
32,62.5,30,38.25,1.032258064516129,25.75,57.16666666666666
33,60.0,31,39.0,1.03125,27.0,58.333333333333336
34,57.5,32,39.75,1.0303030303030305,28.25,59.5
35,55.0,33,40.5,1.0294117647058822,29.5,60.66666666666666
36,52.5,34,41.25,1.0285714285714285,30.75,61.833333333333336
37,50.0,35,42.0,1.0277777777777777,32.0,63.0
38,47.5,36,42.75,1.027027027027027,33.25,64.16666666666667
39,45.0,37,43.5,1.0263157894736843,34.5,65.33333333333333
40,42.5,38,44.25,1.0256410256410255,35.75,66.5
41,40.0,39,45.0,1.025,37.0,67.66666666666667
42,37.5,40,45.75,1.024390243902439,38.25,68.83333333333333
43,35.0,41,46.5,1.0238095238095235,39.5,70.0
44,32.5,42,47.25,1.0232558139534884,40.75,71.16666666666667
45,30.0,43,48.0,1.0227272727272727,42.0,72.33333333333333
46,27.5,44,48.75,1.022222222222222,43.25,73.5
25,80.0,45,33.0,0.5434782608695652,17.0,41.66666666666666
26,77.3,46,33.730000000000004,0.5531914893617021,18.27,42.9
27,74.6,47,34.46,0.5625,19.54,44.13333333333333
28,71.9,48,35.19,0.5714285714285714,20.81,45.36666666666667
29,69.2,49,35.92,0.58,22.08,46.6
30,66.5,50,36.65,0.5882352941176471,23.35,47.833333333333336
31,63.8,51,37.38,0.5961538461538461,24.62,49.06666666666666
32,61.1,52,38.11,0.6037735849056604,25.89,50.3
33,58.4,53,38.84,0.6111111111111112,27.16,51.53333333333333
34,55.7,54,39.57,0.6181818181818182,28.43,52.76666666666667
35,53.0,55,40.3,0.625,29.7,54.0
36,50.3,56,41.03,0.631578947368421,30.97,55.23333333333333
37,47.6,57,41.76,0.6379310344827587,32.24,56.46666666666667
38,44.9,58,42.49,0.6440677966101694,33.51,57.7
39,42.2,59,43.22,0.65,34.78,58.93333333333334
40,39.5,60,43.95,0.6557377049180327,36.05,60.16666666666666
41,36.8,61,44.68,0.6612903225806451,37.32,61.4
42,34.1,62,45.41,0.6666666666666666,38.59,62.63333333333333
43,31.4,63,46.14,0.671875,39.86,63.86666666666667
44,28.7,64,46.87,0.676923076923077,41.13,65.10000000000001
45,26.0,65,47.6,0.6818181818181818,42.4,66.33333333333333
46,23.3,66,48.33,0.6865671641791045,43.67,67.56666666666666
25,80.0,67,33.0,0.3676470588235294,17.0,34.333333333333336
26,78.0,68,33.8,0.3768115942028985,18.2,35.333333333333336
27,76.0,69,34.6,0.3857142857142857,19.4,36.333333333333336
28,74.0,70,35.4,0.3943661971830985,20.6,37.333333333333336
29,72.0,71,36.2,0.4027777777777778,21.8,38.333333333333336
30,70.0,72,37.0,0.410958904109589,23.0,39.333333333333336
31,68.0,73,37.8,0.4189189189189189,24.2,40.333333333333336
32,66.0,74,38.6,0.4266666666666667,25.4,41.333333333333336
33,64.0,75,39.4,0.4342105263157895,26.6,42.333333333333336
34,62.0,76,40.2,0.4415584415584415,27.8,43.333333333333336
35,60.0,77,41.0,0.4487179487179487,29.0,44.333333333333336
36,58.0,78,41.8,0.4556962025316455,30.2,45.333333333333336
37,56.0,79,42.6,0.4625,31.4,46.333333333333336
38,54.0,80,43.4,0.4691358024691358,32.6,47.333333333333336
39,52.0,81,44.2,0.4756097560975609,33.8,48.333333333333336
40,50.0,82,45.0,0.4819277108433735,35.0,49.333333333333336
41,48.0,83,45.8,0.4880952380952381,36.2,50.333333333333336
42,46.0,84,46.6,0.4941176470588235,37.4,51.333333333333336
43,44.0,85,47.4,0.5,38.6,52.333333333333336
44,42.0,86,48.2,0.5057471264367817,39.8,53.333333333333336
45,40.0,87,49.0,0.5113636363636364,41.0,54.333333333333336
46,38.0,88,49.8,0.5168539325842697,42.2,55.333333333333336
25,80.0,89,33.0,0.2777777777777778,17.0,27.0
26,78.0,90,33.8,0.2857142857142857,18.2,28.0
27,76.0,91,34.6,0.2934782608695652,19.4,29.0
28,74.0,92,35.4,0.3010752688172043,20.6,30.0
29,72.0,93,36.2,0.3085106382978723,21.8,31.0
30,70.0,94,37.0,0.3157894736842105,23.0,32.0
31,68.0,95,37.8,0.3229166666666667,24.2,33.0
32,66.0,96,38.6,0.3298969072164948,25.4,34.0
33,64.0,97,39.4,0.336734693877551,26.6,35.0
34,62.0,98,40.2,0.3434343434343434,27.8,36.0
35,60.0,99,41.0,0.35,29.0,37.0
36,58.0,100,41.8,0.3564356435643564,30.2,38.0
37,56.0,1,42.6,18.5,31.4,72.33333333333333
38,54.0,2,43.4,12.666666666666666,32.6,73.33333333333333
39,52.0,3,44.2,9.75,33.8,74.33333333333333
40,50.0,4,45.0,8.0,35.0,75.33333333333333
41,48.0,5,45.8,6.833333333333333,36.2,76.33333333333333
42,46.0,6,46.6,6.0,37.4,77.33333333333333
43,44.0,7,47.4,5.375,38.6,78.33333333333333
44,42.0,8,48.2,4.888888888888889,39.8,79.33333333333333
45,40.0,9,49.0,4.5,41.0,80.33333333333333
46,38.0,10,49.8,4.181818181818182,42.2,81.33333333333333
25,80.0,11,33.0,2.083333333333333,17.0,53.0
26,77.0,12,33.7,2.0,18.3,54.333333333333336
27,74.0,13,34.4,1.9285714285714288,19.6,55.66666666666666
28,71.0,14,35.1,1.8666666666666667,20.9,57.0
29,68.0,15,35.8,1.8125,22.2,58.333333333333336
30,65.0,16,36.5,1.7647058823529411,23.5,59.66666666666666
31,62.0,17,37.2,1.7222222222222223,24.8,61.0
32,59.0,18,37.9,1.6842105263157894,26.1,62.333333333333336
33,56.0,19,38.6,1.65,27.4,63.66666666666666
34,53.0,20,39.3,1.619047619047619,28.7,65.0
35,50.0,21,40.0,1.5909090909090908,30.0,66.33333333333333
36,47.0,22,40.7,1.565217391304348,31.3,67.66666666666667
37,44.0,23,41.4,1.5416666666666667,32.6,69.0
38,41.0,24,42.1,1.52,33.9,70.33333333333333
39,38.0,25,42.8,1.5,35.2,71.66666666666667
40,35.0,26,43.5,1.4814814814814814,36.5,73.0
41,32.0,27,44.2,1.4642857142857142,37.8,74.33333333333333
42,29.0,28,44.9,1.4482758620689655,39.1,75.66666666666667
43,26.0,29,45.6,1.4333333333333331,40.4,77.0
44,23.0,30,46.3,1.4193548387096775,41.7,78.33333333333333
45,20.0,31,47.0,1.40625,43.0,79.66666666666667
46,17.0,32,47.7,1.393939393939394,44.3,81.0
25,80.0,33,33.0,0.7352941176470589,17.0,45.66666666666666
26,77.0,34,33.7,0.7428571428571429,18.3,47.0
27,74.0,35,34.4,0.75,19.6,48.333333333333336
28,71.0,36,35.1,0.7567567567567568,20.9,49.66666666666666
29,68.0,37,35.8,0.7631578947368421,22.2,51.0
30,65.0,38,36.5,0.7692307692307693,23.5,52.333333333333336
31,62.0,39,37.2,0.775,24.8,53.66666666666666
32,59.0,40,37.9,0.7804878048780488,26.1,55.0
33,56.0,41,38.6,0.7857142857142857,27.4,56.333333333333336
34,53.0,42,39.3,0.7906976744186046,28.7,57.66666666666666
35,50.0,43,40.0,0.7954545454545454,30.0,59.0
36,47.0,44,40.7,0.8,31.3,60.333333333333336
37,44.0,45,41.4,0.8043478260869565,32.6,61.66666666666666
38,41.0,46,42.1,0.8085106382978723,33.9,63.0
39,38.0,47,42.8,0.8125,35.2,64.33333333333333
40,35.0,48,43.5,0.8163265306122449,36.5,65.66666666666667
41,32.0,49,44.2,0.82,37.8,67.0
42,29.0,50,44.9,0.8235294117647058,39.1,68.33333333333333
43,26.0,51,45.6,0.8269230769230769,40.4,69.66666666666667
44,23.0,52,46.3,0.8301886792452831,41.7,71.0
45,20.0,53,47.0,0.8333333333333334,43.0,72.33333333333333
46,17.0,54,47.7,0.8363636363636363,44.3,73.66666666666667
25,80.0,55,33.0,0.4464285714285714,17.0,38.333333333333336
26,77.0,56,33.7,0.4561403508771929,18.3,39.66666666666666
27,74.0,57,34.4,0.4655172413793103,19.6,41.0
28,71.0,58,35.1,0.4745762711864407,20.9,42.333333333333336
29,68.0,59,35.8,0.4833333333333333,22.2,43.66666666666666
30,65.0,60,36.5,0.4918032786885246,23.5,45.0
31,62.0,61,37.2,0.5,24.8,46.333333333333336
32,59.0,62,37.9,0.5079365079365079,26.1,47.66666666666666
33,56.0,63,38.6,0.515625,27.4,49.0
34,53.0,64,39.3,0.5230769230769231,28.7,50.333333333333336
35,50.0,65,40.0,0.5303030303030303,30.0,51.66666666666666
36,47.0,66,40.7,0.5373134328358209,31.3,53.0
37,44.0,67,41.4,0.5441176470588235,32.6,54.333333333333336
38,41.0,68,42.1,0.5507246376811594,33.9,55.66666666666666
39,38.0,69,42.8,0.5571428571428572,35.2,57.0
40,35.0,70,43.5,0.5633802816901409,36.5,58.333333333333336
41,32.0,71,44.2,0.5694444444444444,37.8,59.66666666666666
42,29.0,72,44.9,0.5753424657534246,39.1,61.0
43,26.0,73,45.6,0.581081081081081,40.4,62.333333333333336
44,23.0,74,46.3,0.5866666666666667,41.7,63.66666666666666
45,20.0,75,47.0,0.5921052631578947,43.0,65.0
46,17.0,76,47.7,0.5974025974025974,44.3,66.33333333333333
25,80.0,77,33.0,0.3205128205128205,17.0,31.0
26,77.3,78,33.730000000000004,0.3291139240506329,18.27,32.233333333333334
27,74.6,79,34.46,0.3375,19.54,33.46666666666667
28,71.9,80,35.19,0.345679012345679,20.81,34.7
29,69.2,81,35.92,0.3536585365853658,22.08,35.93333333333333
30,66.5,82,36.65,0.3614457831325301,23.35,37.16666666666666
31,63.8,83,37.38,0.369047619047619,24.62,38.4
32,61.1,84,38.11,0.3764705882352941,25.89,39.63333333333333
33,58.4,85,38.84,0.3837209302325581,27.16,40.86666666666667
34,55.7,86,39.57,0.3908045977011494,28.43,42.1
35,53.0,87,40.3,0.3977272727272727,29.7,43.333333333333336
36,50.3,88,41.03,0.4044943820224719,30.97,44.56666666666666
37,47.6,89,41.76,0.4111111111111111,32.24,45.8
38,44.9,90,42.49,0.4175824175824176,33.51,47.03333333333333
39,42.2,91,43.22,0.4239130434782608,34.78,48.26666666666667
40,39.5,92,43.95,0.4301075268817204,36.05,49.5
41,36.8,93,44.68,0.4361702127659574,37.32,50.73333333333333
42,34.1,94,45.41,0.4421052631578947,38.59,51.96666666666667
43,31.4,95,46.14,0.4479166666666667,39.86,53.2
44,28.7,96,46.87,0.4536082474226804,41.13,54.43333333333334
45,26.0,97,47.6,0.4591836734693877,42.4,55.66666666666666
46,23.3,98,48.33,0.4646464646464646,43.67,56.9
25,80.0,99,33.0,0.25,17.0,23.666666666666668
26,77.0,100,33.7,0.2574257425742574,18.3,25.0
27,74.0,1,34.4,13.5,19.6,59.66666666666666
28,71.0,2,35.1,9.333333333333334,20.9,61.0
29,68.0,3,35.8,7.25,22.2,62.333333333333336
30,65.0,4,36.5,6.0,23.5,63.66666666666666
31,62.0,5,37.2,5.166666666666667,24.8,65.0
32,59.0,6,37.9,4.571428571428571,26.1,66.33333333333333
33,56.0,7,38.6,4.125,27.4,67.66666666666667
34,53.0,8,39.3,3.7777777777777777,28.7,69.0
35,50.0,9,40.0,3.5,30.0,70.33333333333333
36,47.0,10,40.7,3.272727272727273,31.3,71.66666666666667
37,44.0,11,41.4,3.083333333333333,32.6,73.0
38,41.0,12,42.1,2.923076923076923,33.9,74.33333333333333
39,38.0,13,42.8,2.7857142857142856,35.2,75.66666666666667
40,35.0,14,43.5,2.6666666666666665,36.5,77.0
41,32.0,15,44.2,2.5625,37.8,78.33333333333333
42,29.0,16,44.9,2.4705882352941178,39.1,79.66666666666667
43,26.0,17,45.6,2.388888888888889,40.4,81.0
44,23.0,18,46.3,2.3157894736842106,41.7,82.33333333333333
45,20.0,19,47.0,2.25,43.0,83.66666666666667
46,17.0,20,47.7,2.1904761904761907,44.3,85.0
25,80.0,21,33.0,1.1363636363636365,17.0,49.66666666666666
26,77.5,22,33.75,1.1304347826086956,18.25,50.833333333333336
27,75.0,23,34.5,1.125,19.5,52.0
28,72.5,24,35.25,1.12,20.75,53.16666666666666
29,70.0,25,36.0,1.1153846153846154,22.0,54.333333333333336
30,67.5,26,36.75,1.1111111111111112,23.25,55.5
31,65.0,27,37.5,1.1071428571428572,24.5,56.66666666666666
32,62.5,28,38.25,1.103448275862069,25.75,57.833333333333336
33,60.0,29,39.0,1.1,27.0,59.0
34,57.5,30,39.75,1.096774193548387,28.25,60.16666666666666
35,55.0,31,40.5,1.09375,29.5,61.333333333333336
36,52.5,32,41.25,1.0909090909090908,30.75,62.5
37,50.0,33,42.0,1.088235294117647,32.0,63.66666666666666
38,47.5,34,42.75,1.0857142857142856,33.25,64.83333333333333
39,45.0,35,43.5,1.0833333333333333,34.5,66.0
40,42.5,36,44.25,1.0810810810810811,35.75,67.16666666666667
41,40.0,37,45.0,1.0789473684210529,37.0,68.33333333333333
42,37.5,38,45.75,1.0769230769230769,38.25,69.5
43,35.0,39,46.5,1.075,39.5,70.66666666666667
44,32.5,40,47.25,1.0731707317073171,40.75,71.83333333333333
45,30.0,41,48.0,1.0714285714285714,42.0,73.0
46,27.5,42,48.75,1.069767441860465,43.25,74.16666666666667
25,80.0,43,33.0,0.5681818181818182,17.0,42.333333333333336
26,77.3,44,33.730000000000004,0.5777777777777777,18.27,43.56666666666666
27,74.6,45,34.46,0.5869565217391305,19.54,44.8
28,71.9,46,35.19,0.5957446808510638,20.81,46.03333333333333
29,69.2,47,35.92,0.6041666666666666,22.08,47.26666666666667
30,66.5,48,36.65,0.6122448979591837,23.35,48.5
31,63.8,49,37.38,0.62,24.62,49.73333333333333
32,61.1,50,38.11,0.6274509803921569,25.89,50.96666666666667
33,58.4,51,38.84,0.6346153846153846,27.16,52.2
34,55.7,52,39.57,0.6415094339622641,28.43,53.43333333333334
35,53.0,53,40.3,0.6481481481481481,29.7,54.66666666666666
36,50.3,54,41.03,0.6545454545454545,30.97,55.9
37,47.6,55,41.76,0.6607142857142857,32.24,57.13333333333333
38,44.9,56,42.49,0.6666666666666666,33.51,58.36666666666667
39,42.2,57,43.22,0.6724137931034483,34.78,59.6
40,39.5,58,43.95,0.6779661016949152,36.05,60.833333333333336
41,36.8,59,44.68,0.6833333333333333,37.32,62.06666666666666
42,34.1,60,45.41,0.6885245901639344,38.59,63.3
43,31.4,61,46.14,0.6935483870967742,39.86,64.53333333333333
44,28.7,62,46.87,0.6984126984126984,41.13,65.76666666666667
45,26.0,63,47.6,0.703125,42.4,67.0
46,23.3,64,48.33,0.7076923076923077,43.67,68.23333333333333
25,80.0,65,33.0,0.3787878787878788,17.0,35.0
26,77.0,66,33.7,0.3880597014925373,18.3,36.333333333333336
27,74.0,67,34.4,0.3970588235294117,19.6,37.66666666666666
28,71.0,68,35.1,0.4057971014492754,20.9,39.0
29,68.0,69,35.8,0.4142857142857143,22.2,40.333333333333336
30,65.0,70,36.5,0.4225352112676056,23.5,41.66666666666666
31,62.0,71,37.2,0.4305555555555556,24.8,43.0
32,59.0,72,37.9,0.4383561643835616,26.1,44.333333333333336
33,56.0,73,38.6,0.4459459459459459,27.4,45.66666666666666
34,53.0,74,39.3,0.4533333333333333,28.7,47.0
35,50.0,75,40.0,0.4605263157894737,30.0,48.333333333333336
36,47.0,76,40.7,0.4675324675324675,31.3,49.66666666666666
37,44.0,77,41.4,0.4743589743589743,32.6,51.0
38,41.0,78,42.1,0.4810126582278481,33.9,52.333333333333336
39,38.0,79,42.8,0.4875,35.2,53.66666666666666
40,35.0,80,43.5,0.4938271604938271,36.5,55.0
41,32.0,81,44.2,0.5,37.8,56.333333333333336
42,29.0,82,44.9,0.5060240963855421,39.1,57.66666666666666
43,26.0,83,45.6,0.5119047619047619,40.4,59.0
44,23.0,84,46.3,0.5176470588235295,41.7,60.333333333333336
45,20.0,85,47.0,0.5232558139534884,43.0,61.66666666666666
46,17.0,86,47.7,0.5287356321839081,44.3,63.0
25,80.0,87,33.0,0.2840909090909091,17.0,27.666666666666668
26,77.0,88,33.7,0.2921348314606741,18.3,29.0
27,74.0,89,34.4,0.3,19.6,30.33333333333333
28,71.0,90,35.1,0.3076923076923077,20.9,31.666666666666668
29,68.0,91,35.8,0.3152173913043478,22.2,33.0
30,65.0,92,36.5,0.3225806451612903,23.5,34.333333333333336
31,62.0,93,37.2,0.3297872340425531,24.8,35.666666666666664
32,59.0,94,37.9,0.3368421052631579,26.1,37.0
33,56.0,95,38.6,0.34375,27.4,38.333333333333336
34,53.0,96,39.3,0.3505154639175257,28.7,39.66666666666666
35,50.0,97,40.0,0.3571428571428571,30.0,41.0
36,47.0,98,40.7,0.3636363636363636,31.3,42.333333333333336
37,44.0,99,41.4,0.37,32.6,43.66666666666666
38,41.0,100,42.1,0.3762376237623762,33.9,45.0
39,38.0,1,42.8,19.5,35.2,79.66666666666667
40,35.0,2,43.5,13.333333333333334,36.5,81.0
41,32.0,3,44.2,10.25,37.8,82.33333333333333
42,29.0,4,44.9,8.4,39.1,83.66666666666667
43,26.0,5,45.6,7.166666666666667,40.4,85.0
44,23.0,6,46.3,6.285714285714286,41.7,86.33333333333333
45,20.0,7,47.0,5.625,43.0,87.66666666666667
46,17.0,8,47.7,5.111111111111111,44.3,89.0
25,80.0,9,33.0,2.5,17.0,53.66666666666666
26,77.0,10,33.7,2.363636363636364,18.3,55.0
27,74.0,11,34.4,2.25,19.6,56.333333333333336
28,71.0,12,35.1,2.1538461538461537,20.9,57.66666666666666
29,68.0,13,35.8,2.071428571428572,22.2,59.0
30,65.0,14,36.5,2.0,23.5,60.333333333333336
31,62.0,15,37.2,1.9375,24.8,61.66666666666666
32,59.0,16,37.9,1.8823529411764703,26.1,63.0
33,56.0,17,38.6,1.8333333333333333,27.4,64.33333333333333
34,53.0,18,39.3,1.7894736842105263,28.7,65.66666666666667
35,50.0,19,40.0,1.75,30.0,67.0
36,47.0,20,40.7,1.7142857142857142,31.3,68.33333333333333
37,44.0,21,41.4,1.681818181818182,32.6,69.66666666666667
38,41.0,22,42.1,1.6521739130434785,33.9,71.0
39,38.0,23,42.8,1.625,35.2,72.33333333333333
40,35.0,24,43.5,1.6,36.5,73.66666666666667
41,32.0,25,44.2,1.5769230769230769,37.8,75.0
42,29.0,26,44.9,1.5555555555555556,39.1,76.33333333333333
43,26.0,27,45.6,1.5357142857142858,40.4,77.66666666666667
44,23.0,28,46.3,1.5172413793103448,41.7,79.0
45,20.0,29,47.0,1.5,43.0,80.33333333333333
46,17.0,30,47.7,1.4838709677419355,44.3,81.66666666666667
25,80.0,31,33.0,0.78125,17.0,46.333333333333336
26,77.0,32,33.7,0.7878787878787878,18.3,47.66666666666666
27,74.0,33,34.4,0.7941176470588235,19.6,49.0
28,71.0,34,35.1,0.8,20.9,50.333333333333336
29,68.0,35,35.8,0.8055555555555556,22.2,51.66666666666666
30,65.0,36,36.5,0.8108108108108109,23.5,53.0
31,62.0,37,37.2,0.8157894736842105,24.8,54.333333333333336
32,59.0,38,37.9,0.8205128205128205,26.1,55.66666666666666
33,56.0,39,38.6,0.825,27.4,57.0
34,53.0,40,39.3,0.8292682926829268,28.7,58.333333333333336
35,50.0,41,40.0,0.8333333333333334,30.0,59.66666666666666
36,47.0,42,40.7,0.8372093023255814,31.3,61.0
37,44.0,43,41.4,0.8409090909090909,32.6,62.333333333333336
38,41.0,44,42.1,0.8444444444444444,33.9,63.66666666666666
39,38.0,45,42.8,0.8478260869565217,35.2,65.0
40,35.0,46,43.5,0.851063829787234,36.5,66.33333333333333
41,32.0,47,44.2,0.8541666666666666,37.8,67.66666666666667
42,29.0,48,44.9,0.8571428571428571,39.1,69.0
43,26.0,49,45.6,0.86,40.4,70.33333333333333
44,23.0,50,46.3,0.8627450980392157,41.7,71.66666666666667
45,20.0,51,47.0,0.8653846153846154,43.0,73.0
46,17.0,52,47.7,0.8679245283018868,44.3,74.33333333333333
25,80.0,53,33.0,0.4629629629629629,17.0,39.0
26,77.0,54,33.7,0.4727272727272727,18.3,40.333333333333336
27,74.0,55,34.4,0.4821428571428571,19.6,41.66666666666666
28,71.0,56,35.1,0.4912280701754385,20.9,43.0
29,68.0,57,35.8,0.5,22.2,44.333333333333336
30,65.0,58,36.5,0.5084745762711864,23.5,45.66666666666666
31,62.0,59,37.2,0.5166666666666667,24.8,47.0
32,59.0,60,37.9,0.5245901639344263,26.1,48.333333333333336
33,56.0,61,38.6,0.532258064516129,27.4,49.66666666666666
34,53.0,62,39.3,0.5396825396825397,28.7,51.0
35,50.0,63,40.0,0.546875,30.0,52.333333333333336
36,47.0,64,40.7,0.5538461538461539,31.3,53.66666666666666
37,44.0,65,41.4,0.5606060606060606,32.6,55.0
38,41.0,66,42.1,0.5671641791044776,33.9,56.333333333333336
39,38.0,67,42.8,0.5735294117647058,35.2,57.66666666666666
40,35.0,68,43.5,0.5797101449275363,36.5,59.0
41,32.0,69,44.2,0.5857142857142857,37.8,60.333333333333336
42,29.0,70,44.9,0.5915492957746479,39.1,61.66666666666666
43,26.0,71,45.6,0.5972222222222222,40.4,63.0
44,23.0,72,46.3,0.6027397260273972,41.7,64.33333333333333
45,20.0,73,47.0,0.6081081081081081,43.0,65.66666666666667
46,17.0,74,47.7,0.6133333333333333,44.3,67.0
25,80.0,75,33.0,0.3289473684210526,17.0,31.666666666666668
26,77.0,76,33.7,0.3376623376623376,18.3,33.0
27,74.0,77,34.4,0.3461538461538461,19.6,34.333333333333336
28,71.0,78,35.1,0.3544303797468354,20.9,35.666666666666664
29,68.0,79,35.8,0.3625,22.2,37.0
30,65.0,80,36.5,0.3703703703703703,23.5,38.333333333333336
31,62.0,81,37.2,0.3780487804878049,24.8,39.66666666666666
32,59.0,82,37.9,0.3855421686746988,26.1,41.0
33,56.0,83,38.6,0.3928571428571428,27.4,42.333333333333336
34,53.0,84,39.3,0.4,28.7,43.66666666666666
35,50.0,85,40.0,0.4069767441860465,30.0,45.0
36,47.0,86,40.7,0.4137931034482758,31.3,46.333333333333336
37,44.0,87,41.4,0.4204545454545454,32.6,47.66666666666666
38,41.0,88,42.1,0.4269662921348314,33.9,49.0
39,38.0,89,42.8,0.4333333333333333,35.2,50.333333333333336
40,35.0,90,43.5,0.4395604395604395,36.5,51.66666666666666
41,32.0,91,44.2,0.4456521739130434,37.8,53.0
42,29.0,92,44.9,0.4516129032258064,39.1,54.333333333333336
43,26.0,93,45.6,0.4574468085106383,40.4,55.66666666666666
44,23.0,94,46.3,0.4631578947368421,41.7,57.0
45,20.0,95,47.0,0.46875,43.0,58.333333333333336
46,17.0,96,47.7,0.4742268041237113,44.3,59.66666666666666
25,81.0,97,33.1,0.2551020408163265,16.9,24.0
26,79.0,98,33.9,0.2626262626262626,18.1,25.0
27,76.0,99,34.6,0.27,19.4,26.33333333333333
28,73.0,100,35.3,0.2772277227722772,20.7,27.666666666666668
29,70.0,1,36.0,14.5,22.0,62.333333333333336
30,67.0,2,36.7,10.0,23.3,63.66666666666666
31,64.0,3,37.4,7.75,24.6,65.0
32,61.0,4,38.1,6.4,25.9,66.33333333333333
33,58.0,5,38.8,5.5,27.2,67.66666666666667
34,55.0,6,39.5,4.857142857142857,28.5,69.0
35,52.0,7,40.2,4.375,29.8,70.33333333333333
36,49.0,8,40.9,4.0,31.1,71.66666666666667
37,46.0,9,41.6,3.7,32.4,73.0
38,43.0,10,42.3,3.4545454545454546,33.7,74.33333333333333
39,40.0,11,43.0,3.25,35.0,75.66666666666667
40,37.0,12,43.7,3.076923076923077,36.3,77.0
41,34.0,13,44.4,2.9285714285714284,37.6,78.33333333333333
42,31.0,14,45.1,2.8,38.9,79.66666666666667
43,28.0,15,45.8,2.6875,40.2,81.0
44,25.0,16,46.5,2.588235294117647,41.5,82.33333333333333
45,22.0,17,47.2,2.5,42.8,83.66666666666667
46,19.0,18,47.9,2.421052631578948,44.1,85.0
25,80.0,19,33.0,1.25,17.0,50.333333333333336
26,77.0,20,33.7,1.238095238095238,18.3,51.66666666666666
27,74.0,21,34.4,1.2272727272727273,19.6,53.0
28,71.0,22,35.1,1.2173913043478262,20.9,54.333333333333336
29,68.0,23,35.8,1.2083333333333333,22.2,55.66666666666666
30,65.0,24,36.5,1.2,23.5,57.0
31,62.0,25,37.2,1.1923076923076923,24.8,58.333333333333336
32,59.0,26,37.9,1.1851851851851851,26.1,59.66666666666666
33,56.0,27,38.6,1.1785714285714286,27.4,61.0
34,53.0,28,39.3,1.1724137931034482,28.7,62.333333333333336
35,50.0,29,40.0,1.1666666666666667,30.0,63.66666666666666
36,47.0,30,40.7,1.1612903225806452,31.3,65.0
37,44.0,31,41.4,1.15625,32.6,66.33333333333333
38,41.0,32,42.1,1.1515151515151516,33.9,67.66666666666667
39,38.0,33,42.8,1.1470588235294117,35.2,69.0
40,35.0,34,43.5,1.1428571428571428,36.5,70.33333333333333
41,32.0,35,44.2,1.1388888888888888,37.8,71.66666666666667
42,29.0,36,44.9,1.135135135135135,39.1,73.0
43,26.0,37,45.6,1.131578947368421,40.4,74.33333333333333
44,23.0,38,46.3,1.1282051282051282,41.7,75.66666666666667
45,20.0,39,47.0,1.125,43.0,77.0
46,17.0,40,47.7,1.1219512195121952,44.3,78.33333333333333
25,80.0,41,33.0,0.5952380952380952,17.0,43.0
26,77.0,42,33.7,0.6046511627906976,18.3,44.333333333333336
27,74.0,43,34.4,0.6136363636363636,19.6,45.66666666666666
28,71.0,44,35.1,0.6222222222222222,20.9,47.0
29,68.0,45,35.8,0.6304347826086957,22.2,48.333333333333336
30,65.0,46,36.5,0.6382978723404256,23.5,49.66666666666666
31,62.0,47,37.2,0.6458333333333334,24.8,51.0
32,59.0,48,37.9,0.6530612244897959,26.1,52.333333333333336
33,56.0,49,38.6,0.66,27.4,53.66666666666666
34,53.0,50,39.3,0.6666666666666666,28.7,55.0
35,50.0,51,40.0,0.6730769230769231,30.0,56.333333333333336
36,47.0,52,40.7,0.6792452830188679,31.3,57.66666666666666
37,44.0,53,41.4,0.6851851851851852,32.6,59.0
38,41.0,54,42.1,0.6909090909090909,33.9,60.333333333333336
39,38.0,55,42.8,0.6964285714285714,35.2,61.66666666666666
40,35.0,56,43.5,0.7017543859649122,36.5,63.0
41,32.0,57,44.2,0.7068965517241379,37.8,64.33333333333333
42,29.0,58,44.9,0.711864406779661,39.1,65.66666666666667
43,26.0,59,45.6,0.7166666666666667,40.4,67.0
44,23.0,60,46.3,0.7213114754098361,41.7,68.33333333333333
45,20.0,61,47.0,0.7258064516129032,43.0,69.66666666666667
46,17.0,62,47.7,0.7301587301587301,44.3,71.0
25,80.0,63,33.0,0.390625,17.0,35.666666666666664
26,77.0,64,33.7,0.4,18.3,37.0
27,74.0,65,34.4,0.4090909090909091,19.6,38.333333333333336
28,71.0,66,35.1,0.417910447761194,20.9,39.66666666666666
29,68.0,67,35.8,0.4264705882352941,22.2,41.0
30,65.0,68,36.5,0.4347826086956521,23.5,42.333333333333336
31,62.0,69,37.2,0.4428571428571428,24.8,43.66666666666666
32,59.0,70,37.9,0.4507042253521127,26.1,45.0
33,56.0,71,38.6,0.4583333333333333,27.4,46.333333333333336
34,53.0,72,39.3,0.4657534246575342,28.7,47.66666666666666
35,50.0,73,40.0,0.4729729729729729,30.0,49.0
36,47.0,74,40.7,0.48,31.3,50.333333333333336
37,44.0,75,41.4,0.4868421052631579,32.6,51.66666666666666
38,41.0,76,42.1,0.4935064935064935,33.9,53.0
39,38.0,77,42.8,0.5,35.2,54.333333333333336
40,35.0,78,43.5,0.5063291139240507,36.5,55.66666666666666
41,32.0,79,44.2,0.5125,37.8,57.0
42,29.0,80,44.9,0.5185185185185185,39.1,58.333333333333336
43,26.0,81,45.6,0.524390243902439,40.4,59.66666666666666
44,23.0,82,46.3,0.5301204819277109,41.7,61.0
45,20.0,83,47.0,0.5357142857142857,43.0,62.333333333333336
46,17.0,84,47.7,0.5411764705882353,44.3,63.66666666666666
25,80.0,85,33.0,0.2906976744186046,17.0,28.33333333333333
26,77.0,86,33.7,0.2988505747126437,18.3,29.666666666666668
27,74.0,87,34.4,0.3068181818181818,19.6,31.0
28,71.0,88,35.1,0.3146067415730337,20.9,32.333333333333336
29,68.0,89,35.8,0.3222222222222222,22.2,33.666666666666664
30,65.0,90,36.5,0.3296703296703296,23.5,35.0
31,62.0,91,37.2,0.3369565217391304,24.8,36.333333333333336
32,59.0,92,37.9,0.3440860215053763,26.1,37.66666666666666
33,56.0,93,38.6,0.351063829787234,27.4,39.0
34,53.0,94,39.3,0.3578947368421052,28.7,40.333333333333336
35,50.0,95,40.0,0.3645833333333333,30.0,41.66666666666666
36,47.0,96,40.7,0.3711340206185567,31.3,43.0
37,44.0,97,41.4,0.3775510204081632,32.6,44.333333333333336
38,41.0,98,42.1,0.3838383838383838,33.9,45.66666666666666
39,38.0,99,42.8,0.39,35.2,47.0
40,35.0,100,43.5,0.396039603960396,36.5,48.333333333333336
41,32.0,1,44.2,20.5,37.8,83.0
42,29.0,2,44.9,14.0,39.1,84.33333333333333
43,26.0,3,45.6,10.75,40.4,85.66666666666667
44,23.0,4,46.3,8.8,41.7,87.0
45,20.0,5,47.0,7.5,43.0,88.33333333333333
46,17.0,6,47.7,6.571428571428571,44.3,89.66666666666667
25,80.0,7,33.0,3.125,17.0,54.333333333333336
26,77.0,8,33.7,2.888888888888889,18.3,55.66666666666666
27,74.0,9,34.4,2.7,19.6,57.0
28,71.0,10,35.1,2.5454545454545454,20.9,58.333333333333336
29,68.0,11,35.8,2.4166666666666665,22.2,59.66666666666666
30,65.0,12,36.5,2.3076923076923075,23.5,61.0
31,62.0,13,37.2,2.2142857142857144,24.8,62.333333333333336
32,59.0,14,37.9,2.1333333333333333,26.1,63.66666666666666
33,56.0,15,38.6,2.0625,27.4,65.0
34,53.0,16,39.3,2.0,28.7,66.33333333333333
35,50.0,17,40.0,1.9444444444444444,30.0,67.66666666666667
36,47.0,18,40.7,1.894736842105263,31.3,69.0
37,44.0,19,41.4,1.85,32.6,70.33333333333333
38,41.0,20,42.1,1.809523809523809,33.9,71.66666666666667
39,38.0,21,42.8,1.7727272727272727,35.2,73.0
40,35.0,22,43.5,1.7391304347826086,36.5,74.33333333333333
41,32.0,23,44.2,1.7083333333333333,37.8,75.66666666666667
42,29.0,24,44.9,1.68,39.1,77.0
43,26.0,25,45.6,1.6538461538461535,40.4,78.33333333333333
44,23.0,26,46.3,1.6296296296296295,41.7,79.66666666666667
45,20.0,27,47.0,1.6071428571428572,43.0,81.0
46,17.0,28,47.7,1.5862068965517242,44.3,82.33333333333333
25,80.0,29,33.0,0.8333333333333334,17.0,47.0
26,77.0,30,33.7,0.8387096774193549,18.3,48.333333333333336
27,74.0,31,34.4,0.84375,19.6,49.66666666666666
28,71.0,32,35.1,0.8484848484848485,20.9,51.0
29,68.0,33,35.8,0.8529411764705882,22.2,52.333333333333336
30,65.0,34,36.5,0.8571428571428571,23.5,53.66666666666666
31,62.0,35,37.2,0.8611111111111112,24.8,55.0
32,59.0,36,37.9,0.8648648648648649,26.1,56.333333333333336
33,56.0,37,38.6,0.868421052631579,27.4,57.66666666666666
34,53.0,38,39.3,0.8717948717948718,28.7,59.0
35,50.0,39,40.0,0.875,30.0,60.333333333333336
36,47.0,40,40.7,0.8780487804878049,31.3,61.66666666666666
37,44.0,41,41.4,0.8809523809523809,32.6,63.0
38,41.0,42,42.1,0.8837209302325582,33.9,64.33333333333333
39,38.0,43,42.8,0.8863636363636364,35.2,65.66666666666667
40,35.0,44,43.5,0.8888888888888888,36.5,67.0
41,32.0,45,44.2,0.8913043478260869,37.8,68.33333333333333
42,29.0,46,44.9,0.8936170212765957,39.1,69.66666666666667
43,26.0,47,45.6,0.8958333333333334,40.4,71.0
44,23.0,48,46.3,0.8979591836734694,41.7,72.33333333333333
45,20.0,49,47.0,0.9,43.0,73.66666666666667
46,17.0,50,47.7,0.9019607843137256,44.3,75.0
25,80.0,51,33.0,0.4807692307692308,17.0,39.66666666666666
26,77.0,52,33.7,0.490566037735849,18.3,41.0
27,74.0,53,34.4,0.5,19.6,42.333333333333336
28,71.0,54,35.1,0.509090909090909,20.9,43.66666666666666
29,68.0,55,35.8,0.5178571428571429,22.2,45.0
30,65.0,56,36.5,0.5263157894736842,23.5,46.333333333333336
31,62.0,57,37.2,0.5344827586206896,24.8,47.66666666666666
32,59.0,58,37.9,0.5423728813559322,26.1,49.0
33,56.0,59,38.6,0.55,27.4,50.333333333333336
34,53.0,60,39.3,0.5573770491803278,28.7,51.66666666666666
35,50.0,61,40.0,0.5645161290322581,30.0,53.0
36,47.0,62,40.7,0.5714285714285714,31.3,54.333333333333336
37,44.0,63,41.4,0.578125,32.6,55.66666666666666
38,41.0,64,42.1,0.5846153846153846,33.9,57.0
39,38.0,65,42.8,0.5909090909090909,35.2,58.333333333333336
40,35.0,66,43.5,0.5970149253731343,36.5,59.66666666666666
41,32.0,67,44.2,0.6029411764705882,37.8,61.0
42,29.0,68,44.9,0.6086956521739131,39.1,62.333333333333336
43,26.0,69,45.6,0.6142857142857143,40.4,63.66666666666666
44,23.0,70,46.3,0.6197183098591549,41.7,65.0
45,20.0,71,47.0,0.625,43.0,66.33333333333333
46,17.0,72,47.7,0.6301369863013698,44.3,67.66666666666667
25,80.0,73,33.0,0.3378378378378378,17.0,32.333333333333336
26,77.0,74,33.7,0.3466666666666667,18.3,33.666666666666664
27,74.0,75,34.4,0.3552631578947368,19.6,35.0
28,71.0,76,35.1,0.3636363636363636,20.9,36.333333333333336
29,68.0,77,35.8,0.3717948717948718,22.2,37.66666666666666
30,65.0,78,36.5,0.379746835443038,23.5,39.0
31,62.0,79,37.2,0.3875,24.8,40.333333333333336
32,59.0,80,37.9,0.3950617283950617,26.1,41.66666666666666
33,56.0,81,38.6,0.4024390243902439,27.4,43.0
34,53.0,82,39.3,0.4096385542168674,28.7,44.333333333333336
35,50.0,83,40.0,0.4166666666666667,30.0,45.66666666666666
36,47.0,84,40.7,0.4235294117647059,31.3,47.0
37,44.0,85,41.4,0.4302325581395348,32.6,48.333333333333336
38,41.0,86,42.1,0.4367816091954023,33.9,49.66666666666666
39,38.0,87,42.8,0.4431818181818182,35.2,51.0
40,35.0,88,43.5,0.449438202247191,36.5,52.333333333333336
41,32.0,89,44.2,0.4555555555555555,37.8,53.66666666666666
42,29.0,90,44.9,0.4615384615384615,39.1,55.0
43,26.0,91,45.6,0.4673913043478261,40.4,56.333333333333336
44,23.0,92,46.3,0.4731182795698925,41.7,57.66666666666666
45,20.0,93,47.0,0.4787234042553192,43.0,59.0
46,17.0,94,47.7,0.4842105263157895,44.3,60.333333333333336
25,80.0,95,33.0,0.2604166666666667,17.0,25.0
26,77.0,96,33.7,0.268041237113402,18.3,26.33333333333333
27,74.0,97,34.4,0.2755102040816326,19.6,27.666666666666668
28,71.0,98,35.1,0.2828282828282828,20.9,29.0
29,68.0,99,35.8,0.29,22.2,30.33333333333333
30,65.0,100,36.5,0.297029702970297,23.5,31.666666666666668
31,62.0,1,37.2,15.5,24.8,66.33333333333333
32,59.0,2,37.9,10.666666666666666,26.1,67.66666666666667
33,56.0,3,38.6,8.25,27.4,69.0
34,53.0,4,39.3,6.8,28.7,70.33333333333333
35,50.0,5,40.0,5.833333333333333,30.0,71.66666666666667
36,47.0,6,40.7,5.142857142857143,31.3,73.0
37,44.0,7,41.4,4.625,32.6,74.33333333333333
38,41.0,8,42.1,4.222222222222222,33.9,75.66666666666667
39,38.0,9,42.8,3.9,35.2,77.0
40,35.0,10,43.5,3.636363636363636,36.5,78.33333333333333
41,32.0,11,44.2,3.4166666666666665,37.8,79.66666666666667
42,29.0,12,44.9,3.230769230769231,39.1,81.0
43,26.0,13,45.6,3.071428571428572,40.4,82.33333333333333
44,23.0,14,46.3,2.933333333333333,41.7,83.66666666666667
45,20.0,15,47.0,2.8125,43.0,85.0
46,17.0,16,47.7,2.7058823529411766,44.3,86.33333333333333
25,80.0,17,33.0,1.3888888888888888,17.0,51.0
26,77.0,18,33.7,1.368421052631579,18.3,52.333333333333336
27,74.0,19,34.4,1.35,19.6,53.66666666666666
28,71.0,20,35.1,1.3333333333333333,20.9,55.0
29,68.0,21,35.8,1.318181818181818,22.2,56.333333333333336
30,65.0,22,36.5,1.3043478260869563,23.5,57.66666666666666
31,62.0,23,37.2,1.2916666666666667,24.8,59.0
32,59.0,24,37.9,1.28,26.1,60.333333333333336
33,56.0,25,38.6,1.2692307692307692,27.4,61.66666666666666
34,53.0,26,39.3,1.2592592592592593,28.7,63.0
35,50.0,27,40.0,1.25,30.0,64.33333333333333
36,47.0,28,40.7,1.2413793103448276,31.3,65.66666666666667
37,44.0,29,41.4,1.2333333333333334,32.6,67.0
38,41.0,30,42.1,1.2258064516129032,33.9,68.33333333333333
39,38.0,31,42.8,1.21875,35.2,69.66666666666667
40,35.0,32,43.5,1.2121212121212122,36.5,71.0
41,32.0,33,44.2,1.2058823529411764,37.8,72.33333333333333
42,29.0,34,44.9,1.2,39.1,73.66666666666667
43,26.0,35,45.6,1.1944444444444444,40.4,75.0
44,23.0,36,46.3,1.1891891891891893,41.7,76.33333333333333
45,20.0,37,47.0,1.1842105263157894,43.0,77.66666666666667
46,17.0,38,47.7,1.1794871794871795,44.3,79.0
25,80.0,39,33.0,0.625,17.0,43.66666666666666
26,77.0,40,33.7,0.6341463414634146,18.3,45.0
27,74.0,41,34.4,0.6428571428571429,19.6,46.333333333333336
28,71.0,42,35.1,0.6511627906976745,20.9,47.66666666666666
29,68.0,43,35.8,0.6590909090909091,22.2,49.0
30,65.0,44,36.5,0.6666666666666666,23.5,50.333333333333336
31,62.0,45,37.2,0.6739130434782609,24.8,51.66666666666666
32,59.0,46,37.9,0.6808510638297872,26.1,53.0
33,56.0,47,38.6,0.6875,27.4,54.333333333333336
34,53.0,48,39.3,0.6938775510204082,28.7,55.66666666666666
35,50.0,49,40.0,0.7,30.0,57.0
36,47.0,50,40.7,0.7058823529411765,31.3,58.333333333333336
37,44.0,51,41.4,0.7115384615384616,32.6,59.66666666666666
38,41.0,52,42.1,0.7169811320754716,33.9,61.0
39,38.0,53,42.8,0.7222222222222222,35.2,62.333333333333336
40,35.0,54,43.5,0.7272727272727273,36.5,63.66666666666666
41,32.0,55,44.2,0.7321428571428571,37.8,65.0
42,29.0,56,44.9,0.7368421052631579,39.1,66.33333333333333
43,26.0,57,45.6,0.7413793103448276,40.4,67.66666666666667
44,23.0,58,46.3,0.7457627118644068,41.7,69.0
45,20.0,59,47.0,0.75,43.0,70.33333333333333
46,17.0,60,47.7,0.7540983606557377,44.3,71.66666666666667
25,80.0,61,33.0,0.4032258064516129,17.0,36.333333333333336
26,77.0,62,33.7,0.4126984126984127,18.3,37.66666666666666
27,74.0,63,34.4,0.421875,19.6,39.0
28,71.0,64,35.1,0.4307692307692308,20.9,40.333333333333336
29,68.0,65,35.8,0.4393939393939394,22.2,41.66666666666666
30,65.0,66,36.5,0.4477611940298507,23.5,43.0
31,62.0,67,37.2,0.4558823529411764,24.8,44.333333333333336
32,59.0,68,37.9,0.463768115942029,26.1,45.66666666666666
33,56.0,69,38.6,0.4714285714285714,27.4,47.0
34,53.0,70,39.3,0.4788732394366197,28.7,48.333333333333336
35,50.0,71,40.0,0.4861111111111111,30.0,49.66666666666666
36,47.0,72,40.7,0.4931506849315068,31.3,51.0
37,44.0,73,41.4,0.5,32.6,52.333333333333336
38,41.0,74,42.1,0.5066666666666667,33.9,53.66666666666666
39,38.0,75,42.8,0.5131578947368421,35.2,55.0
40,35.0,76,43.5,0.5194805194805194,36.5,56.333333333333336
41,32.0,77,44.2,0.5256410256410257,37.8,57.66666666666666
42,29.0,78,44.9,0.5316455696202531,39.1,59.0
43,26.0,79,45.6,0.5375,40.4,60.333333333333336
44,23.0,80,46.3,0.5432098765432098,41.7,61.66666666666666
45,20.0,81,47.0,0.5487804878048781,43.0,63.0
46,17.0,82,47.7,0.5542168674698795,44.3,64.33333333333333
25,80.0,83,33.0,0.2976190476190476,17.0,29.0
26,77.0,84,33.7,0.3058823529411765,18.3,30.33333333333333
27,74.0,85,34.4,0.313953488372093,19.6,31.666666666666668
28,71.0,86,35.1,0.3218390804597701,20.9,33.0
29,68.0,87,35.8,0.3295454545454545,22.2,34.333333333333336
30,65.0,88,36.5,0.3370786516853932,23.5,35.666666666666664
31,62.0,89,37.2,0.3444444444444444,24.8,37.0
32,59.0,90,37.9,0.3516483516483517,26.1,38.333333333333336
33,56.0,91,38.6,0.358695652173913,27.4,39.66666666666666
34,53.0,92,39.3,0.3655913978494624,28.7,41.0
35,50.0,93,40.0,0.3723404255319149,30.0,42.333333333333336
36,47.0,94,40.7,0.3789473684210526,31.3,43.66666666666666
37,44.0,95,41.4,0.3854166666666667,32.6,45.0
38,41.0,96,42.1,0.3917525773195876,33.9,46.333333333333336
39,38.0,97,42.8,0.3979591836734694,35.2,47.66666666666666
40,35.0,98,43.5,0.404040404040404,36.5,49.0
41,32.0,99,44.2,0.41,37.8,50.333333333333336
42,29.0,100,44.9,0.4158415841584158,39.1,51.66666666666666
43,26.0,1,45.6,21.5,40.4,86.33333333333333
44,23.0,2,46.3,14.666666666666666,41.7,87.66666666666667
45,20.0,3,47.0,11.25,43.0,89.0
46,17.0,4,47.7,9.2,44.3,90.33333333333331
25,80.0,5,33.0,4.166666666666667,17.0,55.0
26,77.0,6,33.7,3.7142857142857135,18.3,56.333333333333336
27,74.0,7,34.4,3.375,19.6,57.66666666666666
28,71.0,8,35.1,3.111111111111111,20.9,59.0
29,68.0,9,35.8,2.9,22.2,60.333333333333336
30,65.0,10,36.5,2.727272727272727,23.5,61.66666666666666
31,62.0,11,37.2,2.583333333333333,24.8,63.0
32,59.0,12,37.9,2.4615384615384617,26.1,64.33333333333333
33,56.0,13,38.6,2.357142857142857,27.4,65.66666666666667
34,53.0,14,39.3,2.2666666666666666,28.7,67.0
35,50.0,15,40.0,2.1875,30.0,68.33333333333333
36,47.0,16,40.7,2.117647058823529,31.3,69.66666666666667
37,44.0,17,41.4,2.055555555555556,32.6,71.0
38,41.0,18,42.1,2.0,33.9,72.33333333333333
39,38.0,19,42.8,1.95,35.2,73.66666666666667
40,35.0,20,43.5,1.9047619047619049,36.5,75.0
41,32.0,21,44.2,1.8636363636363635,37.8,76.33333333333333
42,29.0,22,44.9,1.826086956521739,39.1,77.66666666666667
43,26.0,23,45.6,1.7916666666666667,40.4,79.0
44,23.0,24,46.3,1.76,41.7,80.33333333333333
45,20.0,25,47.0,1.7307692307692308,43.0,81.66666666666667
46,17.0,26,47.7,1.7037037037037035,44.3,83.0
25,80.0,27,33.0,0.8928571428571429,17.0,47.66666666666666
26,77.0,28,33.7,0.896551724137931,18.3,49.0
27,74.0,29,34.4,0.9,19.6,50.333333333333336
28,71.0,30,35.1,0.9032258064516128,20.9,51.66666666666666
29,68.0,31,35.8,0.90625,22.2,53.0
30,65.0,32,36.5,0.9090909090909092,23.5,54.333333333333336
31,62.0,33,37.2,0.9117647058823528,24.8,55.66666666666666
32,59.0,34,37.9,0.9142857142857144,26.1,57.0
33,56.0,35,38.6,0.9166666666666666,27.4,58.333333333333336
34,53.0,36,39.3,0.918918918918919,28.7,59.66666666666666
35,50.0,37,40.0,0.9210526315789472,30.0,61.0
36,47.0,38,40.7,0.9230769230769232,31.3,62.333333333333336
37,44.0,39,41.4,0.925,32.6,63.66666666666666
38,41.0,40,42.1,0.926829268292683,33.9,65.0
39,38.0,41,42.8,0.9285714285714286,35.2,66.33333333333333
40,35.0,42,43.5,0.9302325581395348,36.5,67.66666666666667
41,32.0,43,44.2,0.9318181818181818,37.8,69.0
42,29.0,44,44.9,0.9333333333333332,39.1,70.33333333333333
43,26.0,45,45.6,0.9347826086956522,40.4,71.66666666666667
44,23.0,46,46.3,0.9361702127659576,41.7,73.0
45,20.0,47,47.0,0.9375,43.0,74.33333333333333
46,17.0,48,47.7,0.9387755102040816,44.3,75.66666666666667
25,80.0,49,33.0,0.5,17.0,40.333333333333336
26,77.0,50,33.7,0.5098039215686274,18.3,41.66666666666666
27,74.0,51,34.4,0.5192307692307693,19.6,43.0
28,71.0,52,35.1,0.5283018867924528,20.9,44.333333333333336
29,68.0,53,35.8,0.5370370370370371,22.2,45.66666666666666
30,65.0,54,36.5,0.5454545454545454,23.5,47.0
31,62.0,55,37.2,0.5535714285714286,24.8,48.333333333333336
32,59.0,56,37.9,0.5614035087719298,26.1,49.66666666666666
33,56.0,57,38.6,0.5689655172413793,27.4,51.0
34,53.0,58,39.3,0.576271186440678,28.7,52.333333333333336
35,50.0,59,40.0,0.5833333333333334,30.0,53.66666666666666
36,47.0,60,40.7,0.5901639344262295,31.3,55.0
37,44.0,61,41.4,0.5967741935483871,32.6,56.333333333333336
38,41.0,62,42.1,0.6031746031746031,33.9,57.66666666666666
39,38.0,63,42.8,0.609375,35.2,59.0
40,35.0,64,43.5,0.6153846153846154,36.5,60.333333333333336
41,32.0,65,44.2,0.6212121212121212,37.8,61.66666666666666
42,29.0,66,44.9,0.6268656716417911,39.1,63.0
43,26.0,67,45.6,0.6323529411764706,40.4,64.33333333333333
44,23.0,68,46.3,0.6376811594202898,41.7,65.66666666666667
45,20.0,69,47.0,0.6428571428571429,43.0,67.0
46,17.0,70,47.7,0.647887323943662,44.3,68.33333333333333
25,80.0,71,33.0,0.3472222222222222,17.0,33.0
26,77.0,72,33.7,0.3561643835616438,18.3,34.333333333333336
27,74.0,73,34.4,0.3648648648648648,19.6,35.666666666666664
28,71.0,74,35.1,0.3733333333333333,20.9,37.0
29,68.0,75,35.8,0.3815789473684211,22.2,38.333333333333336
30,65.0,76,36.5,0.3896103896103896,23.5,39.66666666666666
31,62.0,77,37.2,0.3974358974358974,24.8,41.0
32,59.0,78,37.9,0.4050632911392405,26.1,42.333333333333336
33,56.0,79,38.6,0.4125,27.4,43.66666666666666
34,53.0,80,39.3,0.419753086419753,28.7,45.0
35,50.0,81,40.0,0.4268292682926829,30.0,46.333333333333336
36,47.0,82,40.7,0.4337349397590361,31.3,47.66666666666666
37,44.0,83,41.4,0.4404761904761904,32.6,49.0
38,41.0,84,42.1,0.4470588235294118,33.9,50.333333333333336
39,38.0,85,42.8,0.4534883720930232,35.2,51.66666666666666
40,35.0,86,43.5,0.4597701149425287,36.5,53.0
41,32.0,87,44.2,0.4659090909090909,37.8,54.333333333333336
42,29.0,88,44.9,0.4719101123595505,39.1,55.66666666666666
43,26.0,89,45.6,0.4777777777777778,40.4,57.0
44,23.0,90,46.3,0.4835164835164835,41.7,58.333333333333336
45,20.0,91,47.0,0.4891304347826087,43.0,59.66666666666666
46,17.0,92,47.7,0.4946236559139785,44.3,61.0
25,80.0,93,33.0,0.2659574468085106,17.0,25.666666666666668
26,77.0,94,33.7,0.2736842105263158,18.3,27.0
27,74.0,95,34.4,0.28125,19.6,28.33333333333333
28,71.0,96,35.1,0.2886597938144329,20.9,29.666666666666668
29,68.0,97,35.8,0.2959183673469387,22.2,31.0
30,65.0,98,36.5,0.303030303030303,23.5,32.333333333333336
31,62.0,99,37.2,0.31,24.8,33.666666666666664
32,59.0,100,37.9,0.3168316831683168,26.1,35.0
33,56.0,1,38.6,16.5,27.4,69.66666666666667
34,53.0,2,39.3,11.333333333333334,28.7,71.0
35,50.0,3,40.0,8.75,30.0,72.33333333333333
36,47.0,4,40.7,7.2,31.3,73.66666666666667
37,44.0,5,41.4,6.166666666666667,32.6,75.0
38,41.0,6,42.1,5.428571428571429,33.9,76.33333333333333
39,38.0,7,42.8,4.875,35.2,77.66666666666667
40,35.0,8,43.5,4.444444444444445,36.5,79.0
41,32.0,9,44.2,4.1,37.8,80.33333333333333
42,29.0,10,44.9,3.8181818181818175,39.1,81.66666666666667
43,26.0,11,45.6,3.583333333333333,40.4,83.0
44,23.0,12,46.3,3.3846153846153846,41.7,84.33333333333333
45,20.0,13,47.0,3.2142857142857144,43.0,85.66666666666667
46,17.0,14,47.7,3.066666666666667,44.3,87.0
25,80.0,15,33.0,1.5625,17.0,51.66666666666666
26,77.0,16,33.7,1.5294117647058822,18.3,53.0
27,74.0,17,34.4,1.5,19.6,54.333333333333336
28,71.0,18,35.1,1.4736842105263157,20.9,55.66666666666666
29,68.0,19,35.8,1.45,22.2,57.0
30,65.0,20,36.5,1.4285714285714286,23.5,58.333333333333336
31,62.0,21,37.2,1.4090909090909092,24.8,59.66666666666666
32,59.0,22,37.9,1.391304347826087,26.1,61.0
33,56.0,23,38.6,1.375,27.4,62.333333333333336
34,53.0,24,39.3,1.36,28.7,63.66666666666666
35,50.0,25,40.0,1.3461538461538465,30.0,65.0
36,47.0,26,40.7,1.3333333333333333,31.3,66.33333333333333
37,44.0,27,41.4,1.3214285714285714,32.6,67.66666666666667
38,41.0,28,42.1,1.3103448275862069,33.9,69.0
39,38.0,29,42.8,1.3,35.2,70.33333333333333
40,35.0,30,43.5,1.2903225806451613,36.5,71.66666666666667
41,32.0,31,44.2,1.28125,37.8,73.0
42,29.0,32,44.9,1.2727272727272727,39.1,74.33333333333333
43,26.0,33,45.6,1.2647058823529411,40.4,75.66666666666667
44,23.0,34,46.3,1.2571428571428571,41.7,77.0
45,20.0,35,47.0,1.25,43.0,78.33333333333333
46,17.0,36,47.7,1.2432432432432432,44.3,79.66666666666667
25,80.0,37,33.0,0.6578947368421053,17.0,44.333333333333336
26,77.0,38,33.7,0.6666666666666666,18.3,45.66666666666666
27,74.0,39,34.4,0.675,19.6,47.0
28,71.0,40,35.1,0.6829268292682927,20.9,48.333333333333336
29,68.0,41,35.8,0.6904761904761905,22.2,49.66666666666666
30,65.0,42,36.5,0.6976744186046512,23.5,51.0
31,62.0,43,37.2,0.7045454545454546,24.8,52.333333333333336
32,59.0,44,37.9,0.7111111111111111,26.1,53.66666666666666
33,56.0,45,38.6,0.717391304347826,27.4,55.0
34,53.0,46,39.3,0.723404255319149,28.7,56.333333333333336
35,50.0,47,40.0,0.7291666666666666,30.0,57.66666666666666
36,47.0,48,40.7,0.7346938775510204,31.3,59.0
37,44.0,49,41.4,0.74,32.6,60.333333333333336
38,41.0,50,42.1,0.7450980392156863,33.9,61.66666666666666
39,38.0,51,42.8,0.75,35.2,63.0
40,35.0,52,43.5,0.7547169811320755,36.5,64.33333333333333
41,32.0,53,44.2,0.7592592592592593,37.8,65.66666666666667
42,29.0,54,44.9,0.7636363636363637,39.1,67.0
43,26.0,55,45.6,0.7678571428571429,40.4,68.33333333333333
44,23.0,56,46.3,0.7719298245614035,41.7,69.66666666666667
45,20.0,57,47.0,0.7758620689655172,43.0,71.0
46,17.0,58,47.7,0.7796610169491526,44.3,72.33333333333333
25,80.0,59,33.0,0.4166666666666667,17.0,37.0
26,77.0,60,33.7,0.4262295081967213,18.3,38.333333333333336
27,74.0,61,34.4,0.4354838709677419,19.6,39.66666666666666
28,71.0,62,35.1,0.4444444444444444,20.9,41.0
29,68.0,63,35.8,0.453125,22.2,42.333333333333336
30,65.0,64,36.5,0.4615384615384615,23.5,43.66666666666666
31,62.0,65,37.2,0.4696969696969697,24.8,45.0
32,59.0,66,37.9,0.4776119402985074,26.1,46.333333333333336
33,56.0,67,38.6,0.4852941176470588,27.4,47.66666666666666
34,53.0,68,39.3,0.4927536231884058,28.7,49.0
35,50.0,69,40.0,0.5,30.0,50.333333333333336
36,47.0,70,40.7,0.5070422535211268,31.3,51.66666666666666
37,44.0,71,41.4,0.5138888888888888,32.6,53.0
38,41.0,72,42.1,0.5205479452054794,33.9,54.333333333333336
39,38.0,73,42.8,0.527027027027027,35.2,55.66666666666666
40,35.0,74,43.5,0.5333333333333333,36.5,57.0
41,32.0,75,44.2,0.5394736842105263,37.8,58.333333333333336
42,29.0,76,44.9,0.5454545454545454,39.1,59.66666666666666
43,26.0,77,45.6,0.5512820512820513,40.4,61.0
44,23.0,78,46.3,0.5569620253164557,41.7,62.333333333333336
45,20.0,79,47.0,0.5625,43.0,63.66666666666666
46,17.0,80,47.7,0.5679012345679012,44.3,65.0
25,80.0,81,33.0,0.3048780487804878,17.0,29.666666666666668
26,77.0,82,33.7,0.3132530120481928,18.3,31.0
27,74.0,83,34.4,0.3214285714285714,19.6,32.333333333333336
28,71.0,84,35.1,0.3294117647058823,20.9,33.666666666666664
29,68.0,85,35.8,0.3372093023255814,22.2,35.0
30,65.0,86,36.5,0.3448275862068966,23.5,36.333333333333336
31,62.0,87,37.2,0.3522727272727273,24.8,37.66666666666666
32,59.0,88,37.9,0.3595505617977528,26.1,39.0
33,56.0,89,38.6,0.3666666666666666,27.4,40.333333333333336
34,53.0,90,39.3,0.3736263736263736,28.7,41.66666666666666
35,50.0,91,40.0,0.3804347826086957,30.0,43.0
36,47.0,92,40.7,0.3870967741935484,31.3,44.333333333333336
37,44.0,93,41.4,0.3936170212765957,32.6,45.66666666666666
38,41.0,94,42.1,0.4,33.9,47.0
39,38.0,95,42.8,0.40625,35.2,48.333333333333336
40,35.0,96,43.5,0.4123711340206185,36.5,49.66666666666666
41,32.0,97,44.2,0.4183673469387755,37.8,51.0
42,29.0,98,44.9,0.4242424242424242,39.1,52.333333333333336
43,26.0,99,45.6,0.43,40.4,53.66666666666666
44,23.0,100,46.3,0.4356435643564356,41.7,55.0
45,20.0,1,47.0,22.5,43.0,89.66666666666667
46,17.0,2,47.7,15.333333333333334,44.3,91.0
25,80.0,3,33.0,6.25,17.0,55.66666666666666
26,77.0,4,33.7,5.2,18.3,57.0
27,74.0,5,34.4,4.5,19.6,58.333333333333336
28,71.0,6,35.1,4.0,20.9,59.66666666666666
29,68.0,7,35.8,3.625,22.2,61.0
30,65.0,8,36.5,3.333333333333333,23.5,62.333333333333336
31,62.0,9,37.2,3.1,24.8,63.66666666666666
32,59.0,10,37.9,2.909090909090909,26.1,65.0
33,56.0,11,38.6,2.75,27.4,66.33333333333333
34,53.0,12,39.3,2.6153846153846154,28.7,67.66666666666667
35,50.0,13,40.0,2.5,30.0,69.0
36,47.0,14,40.7,2.4,31.3,70.33333333333333
37,44.0,15,41.4,2.3125,32.6,71.66666666666667
38,41.0,16,42.1,2.235294117647059,33.9,73.0
39,38.0,17,42.8,2.1666666666666665,35.2,74.33333333333333
40,35.0,18,43.5,2.1052631578947367,36.5,75.66666666666667
41,32.0,19,44.2,2.05,37.8,77.0
42,29.0,20,44.9,2.0,39.1,78.33333333333333
43,26.0,21,45.6,1.9545454545454544,40.4,79.66666666666667
44,23.0,22,46.3,1.9130434782608696,41.7,81.0
45,20.0,23,47.0,1.875,43.0,82.33333333333333
46,17.0,24,47.7,1.84,44.3,83.66666666666667
25,80.0,25,33.0,0.9615384615384616,17.0,48.333333333333336
26,77.0,26,33.7,0.9629629629629628,18.3,49.66666666666666
27,74.0,27,34.4,0.9642857142857144,19.6,51.0
28,71.0,28,35.1,0.9655172413793104,20.9,52.333333333333336
29,68.0,29,35.8,0.9666666666666668,22.2,53.66666666666666
30,65.0,30,36.5,0.967741935483871,23.5,55.0
31,62.0,31,37.2,0.96875,24.8,56.333333333333336
32,59.0,32,37.9,0.9696969696969696,26.1,57.66666666666666
33,56.0,33,38.6,0.9705882352941176,27.4,59.0
34,53.0,34,39.3,0.9714285714285714,28.7,60.333333333333336
35,50.0,35,40.0,0.9722222222222222,30.0,61.66666666666666
36,47.0,36,40.7,0.972972972972973,31.3,63.0
37,44.0,37,41.4,0.9736842105263158,32.6,64.33333333333333
38,41.0,38,42.1,0.9743589743589745,33.9,65.66666666666667
39,38.0,39,42.8,0.975,35.2,67.0
40,35.0,40,43.5,0.975609756097561,36.5,68.33333333333333
41,32.0,41,44.2,0.9761904761904762,37.8,69.66666666666667
42,29.0,42,44.9,0.9767441860465116,39.1,71.0
43,26.0,43,45.6,0.9772727272727272,40.4,72.33333333333333
44,23.0,44,46.3,0.9777777777777776,41.7,73.66666666666667
45,20.0,45,47.0,0.9782608695652174,43.0,75.0
46,17.0,46,47.7,0.9787234042553192,44.3,76.33333333333333
25,80.0,47,33.0,0.5208333333333334,17.0,41.0
26,77.0,48,33.7,0.5306122448979592,18.3,42.333333333333336
27,74.0,49,34.4,0.54,19.6,43.66666666666666
28,71.0,50,35.1,0.5490196078431373,20.9,45.0
29,68.0,51,35.8,0.5576923076923077,22.2,46.333333333333336
30,65.0,52,36.5,0.5660377358490566,23.5,47.66666666666666
31,62.0,53,37.2,0.5740740740740741,24.8,49.0
32,59.0,54,37.9,0.5818181818181818,26.1,50.333333333333336
33,56.0,55,38.6,0.5892857142857143,27.4,51.66666666666666
34,53.0,56,39.3,0.5964912280701754,28.7,53.0
35,50.0,57,40.0,0.603448275862069,30.0,54.333333333333336
36,47.0,58,40.7,0.6101694915254238,31.3,55.66666666666666
37,44.0,59,41.4,0.6166666666666667,32.6,57.0
38,41.0,60,42.1,0.6229508196721312,33.9,58.333333333333336
39,38.0,61,42.8,0.6290322580645161,35.2,59.66666666666666
40,35.0,62,43.5,0.6349206349206349,36.5,61.0
41,32.0,63,44.2,0.640625,37.8,62.333333333333336
42,29.0,64,44.9,0.6461538461538462,39.1,63.66666666666666
43,26.0,65,45.6,0.6515151515151515,40.4,65.0
44,23.0,66,46.3,0.6567164179104478,41.7,66.33333333333333
45,20.0,67,47.0,0.6617647058823529,43.0,67.66666666666667
46,17.0,68,47.7,0.6666666666666666,44.3,69.0
25,80.0,69,33.0,0.3571428571428571,17.0,33.666666666666664
26,77.0,70,33.7,0.3661971830985915,18.3,35.0
27,74.0,71,34.4,0.375,19.6,36.333333333333336
28,71.0,72,35.1,0.3835616438356164,20.9,37.66666666666666
29,68.0,73,35.8,0.3918918918918919,22.2,39.0
30,65.0,74,36.5,0.4,23.5,40.333333333333336
31,62.0,75,37.2,0.4078947368421052,24.8,41.66666666666666
32,59.0,76,37.9,0.4155844155844156,26.1,43.0
33,56.0,77,38.6,0.4230769230769231,27.4,44.333333333333336
34,53.0,78,39.3,0.430379746835443,28.7,45.66666666666666
35,50.0,79,40.0,0.4375,30.0,47.0
36,47.0,80,40.7,0.4444444444444444,31.3,48.333333333333336
37,44.0,81,41.4,0.4512195121951219,32.6,49.66666666666666
38,41.0,82,42.1,0.4578313253012048,33.9,51.0
39,38.0,83,42.8,0.4642857142857143,35.2,52.333333333333336
40,35.0,84,43.5,0.4705882352941176,36.5,53.66666666666666
41,32.0,85,44.2,0.4767441860465116,37.8,55.0
42,29.0,86,44.9,0.4827586206896552,39.1,56.333333333333336
43,26.0,87,45.6,0.4886363636363636,40.4,57.66666666666666
44,23.0,88,46.3,0.4943820224719101,41.7,59.0
45,20.0,89,47.0,0.5,43.0,60.333333333333336
46,17.0,90,47.7,0.5054945054945055,44.3,61.66666666666666
25,80.0,91,33.0,0.2717391304347826,17.0,26.33333333333333
26,77.0,92,33.7,0.2795698924731182,18.3,27.666666666666668
27,74.0,93,34.4,0.2872340425531915,19.6,29.0
28,71.0,94,35.1,0.2947368421052631,20.9,30.33333333333333
29,68.0,95,35.8,0.3020833333333333,22.2,31.666666666666668
30,65.0,96,36.5,0.3092783505154639,23.5,33.0
31,62.0,97,37.2,0.3163265306122449,24.8,34.333333333333336
32,59.0,98,37.9,0.3232323232323232,26.1,35.666666666666664
33,56.0,99,38.6,0.33,27.4,37.0
34,53.0,100,39.3,0.3366336633663366,28.7,38.333333333333336
35,50.0,1,40.0,17.5,30.0,73.0
36,47.0,2,40.7,12.0,31.3,74.33333333333333
37,44.0,3,41.4,9.25,32.6,75.66666666666667
38,41.0,4,42.1,7.6,33.9,77.0
39,38.0,5,42.8,6.5,35.2,78.33333333333333
40,35.0,6,43.5,5.714285714285714,36.5,79.66666666666667
41,32.0,7,44.2,5.125,37.8,81.0
42,29.0,8,44.9,4.666666666666667,39.1,82.33333333333333
43,26.0,9,45.6,4.3,40.4,83.66666666666667
44,23.0,10,46.3,4.0,41.7,85.0
45,20.0,11,47.0,3.75,43.0,86.33333333333333
46,17.0,12,47.7,3.5384615384615383,44.3,87.66666666666667
25,80.0,13,33.0,1.7857142857142858,17.0,52.333333333333336
26,77.0,14,33.7,1.7333333333333334,18.3,53.66666666666666
27,74.0,15,34.4,1.6875,19.6,55.0
28,71.0,16,35.1,1.6470588235294117,20.9,56.333333333333336
29,68.0,17,35.8,1.6111111111111112,22.2,57.66666666666666
30,65.0,18,36.5,1.5789473684210529,23.5,59.0
31,62.0,19,37.2,1.55,24.8,60.333333333333336
32,59.0,20,37.9,1.5238095238095235,26.1,61.66666666666666
33,56.0,21,38.6,1.5,27.4,63.0
34,53.0,22,39.3,1.4782608695652173,28.7,64.33333333333333
35,50.0,23,40.0,1.4583333333333333,30.0,65.66666666666667
36,47.0,24,40.7,1.44,31.3,67.0
37,44.0,25,41.4,1.4230769230769231,32.6,68.33333333333333
38,41.0,26,42.1,1.4074074074074074,33.9,69.66666666666667
39,38.0,27,42.8,1.3928571428571428,35.2,71.0
40,35.0,28,43.5,1.3793103448275863,36.5,72.33333333333333
41,32.0,29,44.2,1.3666666666666667,37.8,73.66666666666667
42,29.0,30,44.9,1.3548387096774193,39.1,75.0
43,26.0,31,45.6,1.34375,40.4,76.33333333333333
44,23.0,32,46.3,1.3333333333333333,41.7,77.66666666666667
45,20.0,33,47.0,1.3235294117647058,43.0,79.0
46,17.0,34,47.7,1.3142857142857145,44.3,80.33333333333333
25,80.0,35,33.0,0.6944444444444444,17.0,45.0
26,77.0,36,33.7,0.7027027027027027,18.3,46.333333333333336
27,74.0,37,34.4,0.7105263157894737,19.6,47.66666666666666
28,71.0,38,35.1,0.717948717948718,20.9,49.0
29,68.0,39,35.8,0.725,22.2,50.333333333333336
30,65.0,40,36.5,0.7317073170731707,23.5,51.66666666666666
31,62.0,41,37.2,0.7380952380952381,24.8,53.0
32,59.0,42,37.9,0.7441860465116279,26.1,54.333333333333336
33,56.0,43,38.6,0.75,27.4,55.66666666666666
34,53.0,44,39.3,0.7555555555555555,28.7,57.0
35,50.0,45,40.0,0.7608695652173914,30.0,58.333333333333336
36,47.0,46,40.7,0.7659574468085106,31.3,59.66666666666666
37,44.0,47,41.4,0.7708333333333334,32.6,61.0
38,41.0,48,42.1,0.7755102040816326,33.9,62.333333333333336
39,38.0,49,42.8,0.78,35.2,63.66666666666666
40,35.0,50,43.5,0.7843137254901961,36.5,65.0
41,32.0,51,44.2,0.7884615384615384,37.8,66.33333333333333
42,29.0,52,44.9,0.7924528301886793,39.1,67.66666666666667
43,26.0,53,45.6,0.7962962962962963,40.4,69.0
44,23.0,54,46.3,0.8,41.7,70.33333333333333
45,20.0,55,47.0,0.8035714285714286,43.0,71.66666666666667
46,17.0,56,47.7,0.8070175438596491,44.3,73.0
25,80.0,57,33.0,0.4310344827586206,17.0,37.66666666666666
26,77.0,58,33.7,0.4406779661016949,18.3,39.0
27,74.0,59,34.4,0.45,19.6,40.333333333333336
28,71.0,60,35.1,0.4590163934426229,20.9,41.66666666666666
29,68.0,61,35.8,0.4677419354838709,22.2,43.0
30,65.0,62,36.5,0.4761904761904761,23.5,44.333333333333336
31,62.0,63,37.2,0.484375,24.8,45.66666666666666
32,59.0,64,37.9,0.4923076923076923,26.1,47.0
33,56.0,65,38.6,0.5,27.4,48.333333333333336
34,53.0,66,39.3,0.5074626865671642,28.7,49.66666666666666
35,50.0,67,40.0,0.5147058823529411,30.0,51.0
36,47.0,68,40.7,0.5217391304347826,31.3,52.333333333333336
37,44.0,69,41.4,0.5285714285714286,32.6,53.66666666666666
38,41.0,70,42.1,0.5352112676056338,33.9,55.0
39,38.0,71,42.8,0.5416666666666666,35.2,56.333333333333336
40,35.0,72,43.5,0.547945205479452,36.5,57.66666666666666
41,32.0,73,44.2,0.5540540540540541,37.8,59.0
42,29.0,74,44.9,0.56,39.1,60.333333333333336
43,26.0,75,45.6,0.5657894736842105,40.4,61.66666666666666
44,23.0,76,46.3,0.5714285714285714,41.7,63.0
45,20.0,77,47.0,0.5769230769230769,43.0,64.33333333333333
46,17.0,78,47.7,0.5822784810126582,44.3,65.66666666666667
25,80.0,79,33.0,0.3125,17.0,30.33333333333333
26,77.0,80,33.7,0.3209876543209876,18.3,31.666666666666668
27,74.0,81,34.4,0.3292682926829268,19.6,33.0
28,71.0,82,35.1,0.3373493975903614,20.9,34.333333333333336
29,68.0,83,35.8,0.3452380952380952,22.2,35.666666666666664
30,65.0,84,36.5,0.3529411764705882,23.5,37.0
31,62.0,85,37.2,0.3604651162790697,24.8,38.333333333333336
32,59.0,86,37.9,0.367816091954023,26.1,39.66666666666666
33,56.0,87,38.6,0.375,27.4,41.0
34,53.0,88,39.3,0.3820224719101123,28.7,42.333333333333336
35,50.0,89,40.0,0.3888888888888889,30.0,43.66666666666666
36,47.0,90,40.7,0.3956043956043956,31.3,45.0
37,44.0,91,41.4,0.4021739130434782,32.6,46.333333333333336
38,41.0,92,42.1,0.4086021505376344,33.9,47.66666666666666
39,38.0,93,42.8,0.4148936170212766,35.2,49.0
40,35.0,94,43.5,0.4210526315789473,36.5,50.333333333333336
41,32.0,95,44.2,0.4270833333333333,37.8,51.66666666666666
42,29.0,96,44.9,0.4329896907216495,39.1,53.0
43,26.0,97,45.6,0.4387755102040816,40.4,54.333333333333336
44,23.0,98,46.3,0.4444444444444444,41.7,55.66666666666666
45,20.0,99,47.0,0.45,43.0,57.0
46,17.0,100,47.7,0.4554455445544554,44.3,58.333333333333336
25,80.0,1,33.0,12.5,17.0,56.333333333333336
26,77.0,2,33.7,8.666666666666666,18.3,57.66666666666666
27,74.0,3,34.4,6.75,19.6,59.0
28,71.0,4,35.1,5.6,20.9,60.333333333333336
29,68.0,5,35.8,4.833333333333333,22.2,61.66666666666666
30,65.0,6,36.5,4.285714285714286,23.5,63.0
31,62.0,7,37.2,3.875,24.8,64.33333333333333
32,59.0,8,37.9,3.555555555555556,26.1,65.66666666666667
33,56.0,9,38.6,3.3,27.4,67.0
34,53.0,10,39.3,3.090909090909091,28.7,68.33333333333333
35,50.0,11,40.0,2.9166666666666665,30.0,69.66666666666667
36,47.0,12,40.7,2.769230769230769,31.3,71.0
37,44.0,13,41.4,2.642857142857143,32.6,72.33333333333333
38,41.0,14,42.1,2.533333333333333,33.9,73.66666666666667
39,38.0,15,42.8,2.4375,35.2,75.0
40,35.0,16,43.5,2.3529411764705883,36.5,76.33333333333333
41,32.0,17,44.2,2.2777777777777777,37.8,77.66666666666667
42,29.0,18,44.9,2.210526315789474,39.1,79.0
43,26.0,19,45.6,2.15,40.4,80.33333333333333
44,23.0,20,46.3,2.095238095238096,41.7,81.66666666666667
45,20.0,21,47.0,2.0454545454545454,43.0,83.0
46,17.0,22,47.7,2.0,44.3,84.33333333333333
25,80.0,23,33.0,1.0416666666666667,17.0,49.0
26,77.0,24,33.7,1.04,18.3,50.333333333333336
27,74.0,25,34.4,1.0384615384615383,19.6,51.66666666666666
28,71.0,26,35.1,1.037037037037037,20.9,53.0
29,68.0,27,35.8,1.0357142857142858,22.2,54.333333333333336
30,65.0,28,36.5,1.0344827586206895,23.5,55.66666666666666
31,62.0,29,37.2,1.0333333333333334,24.8,57.0
32,59.0,30,37.9,1.032258064516129,26.1,58.333333333333336
33,56.0,31,38.6,1.03125,27.4,59.66666666666666
34,53.0,32,39.3,1.0303030303030305,28.7,61.0
35,50.0,33,40.0,1.0294117647058822,30.0,62.333333333333336
36,47.0,34,40.7,1.0285714285714285,31.3,63.66666666666666
37,44.0,35,41.4,1.0277777777777777,32.6,65.0
38,41.0,36,42.1,1.027027027027027,33.9,66.33333333333333
39,38.0,37,42.8,1.0263157894736843,35.2,67.66666666666667
40,35.0,38,43.5,1.0256410256410255,36.5,69.0
41,32.0,39,44.2,1.025,37.8,70.33333333333333
42,29.0,40,44.9,1.024390243902439,39.1,71.66666666666667
43,26.0,41,45.6,1.0238095238095235,40.4,73.0
44,23.0,42,46.3,1.0232558139534884,41.7,74.33333333333333
45,20.0,43,47.0,1.0227272727272727,43.0,75.66666666666667
46,17.0,44,47.7,1.022222222222222,44.3,77.0
25,80.0,45,33.0,0.5434782608695652,17.0,41.66666666666666
26,77.0,46,33.7,0.5531914893617021,18.3,43.0
27,74.0,47,34.4,0.5625,19.6,44.333333333333336
28,71.0,48,35.1,0.5714285714285714,20.9,45.66666666666666
29,68.0,49,35.8,0.58,22.2,47.0
30,65.0,50,36.5,0.5882352941176471,23.5,48.333333333333336
31,62.0,51,37.2,0.5961538461538461,24.8,49.66666666666666
32,59.0,52,37.9,0.6037735849056604,26.1,51.0
33,56.0,53,38.6,0.6111111111111112,27.4,52.333333333333336
34,53.0,54,39.3,0.6181818181818182,28.7,53.66666666666666
35,50.0,55,40.0,0.625,30.0,55.0
36,47.0,56,40.7,0.631578947368421,31.3,56.333333333333336
37,44.0,57,41.4,0.6379310344827587,32.6,57.66666666666666
38,41.0,58,42.1,0.6440677966101694,33.9,59.0
39,38.0,59,42.8,0.65,35.2,60.333333333333336
40,35.0,60,43.5,0.6557377049180327,36.5,61.66666666666666
41,32.0,61,44.2,0.6612903225806451,37.8,63.0
42,29.0,62,44.9,0.6666666666666666,39.1,64.33333333333333
43,26.0,63,45.6,0.671875,40.4,65.66666666666667
44,23.0,64,46.3,0.676923076923077,41.7,67.0
45,20.0,65,47.0,0.6818181818181818,43.0,68.33333333333333
46,17.0,66,47.7,0.6865671641791045,44.3,69.66666666666667
25,80.0,67,33.0,0.3676470588235294,17.0,34.333333333333336
26,77.0,68,33.7,0.3768115942028985,18.3,35.666666666666664
27,74.0,69,34.4,0.3857142857142857,19.6,37.0
28,71.0,70,35.1,0.3943661971830985,20.9,38.333333333333336
29,68.0,71,35.8,0.4027777777777778,22.2,39.66666666666666
30,65.0,72,36.5,0.410958904109589,23.5,41.0
31,62.0,73,37.2,0.4189189189189189,24.8,42.333333333333336
32,59.0,74,37.9,0.4266666666666667,26.1,43.66666666666666
33,56.0,75,38.6,0.4342105263157895,27.4,45.0
34,53.0,76,39.3,0.4415584415584415,28.7,46.333333333333336
35,50.0,77,40.0,0.4487179487179487,30.0,47.66666666666666
36,47.0,78,40.7,0.4556962025316455,31.3,49.0
37,44.0,79,41.4,0.4625,32.6,50.333333333333336
38,41.0,80,42.1,0.4691358024691358,33.9,51.66666666666666
39,38.0,81,42.8,0.4756097560975609,35.2,53.0
40,35.0,82,43.5,0.4819277108433735,36.5,54.333333333333336
41,32.0,83,44.2,0.4880952380952381,37.8,55.66666666666666
42,29.0,84,44.9,0.4941176470588235,39.1,57.0
43,26.0,85,45.6,0.5,40.4,58.333333333333336
44,23.0,86,46.3,0.5057471264367817,41.7,59.66666666666666
45,20.0,87,47.0,0.5113636363636364,43.0,61.0
46,17.0,88,47.7,0.5168539325842697,44.3,62.333333333333336
25,80.0,89,33.0,0.2777777777777778,17.0,27.0
26,77.0,90,33.7,0.2857142857142857,18.3,28.33333333333333
27,74.0,91,34.4,0.2934782608695652,19.6,29.666666666666668
28,71.0,92,35.1,0.3010752688172043,20.9,31.0
29,68.0,93,35.8,0.3085106382978723,22.2,32.333333333333336
30,65.0,94,36.5,0.3157894736842105,23.5,33.666666666666664
31,62.0,95,37.2,0.3229166666666667,24.8,35.0
32,59.0,96,37.9,0.3298969072164948,26.1,36.333333333333336
33,56.0,97,38.6,0.336734693877551,27.4,37.66666666666666
34,53.0,98,39.3,0.3434343434343434,28.7,39.0
35,50.0,99,40.0,0.35,30.0,40.333333333333336
36,47.0,100,40.7,0.3564356435643564,31.3,41.66666666666666
37,44.0,1,41.4,18.5,32.6,76.33333333333333
38,41.0,2,42.1,12.666666666666666,33.9,77.66666666666667
39,38.0,3,42.8,9.75,35.2,79.0
40,35.0,4,43.5,8.0,36.5,80.33333333333333
41,32.0,5,44.2,6.833333333333333,37.8,81.66666666666667
42,29.0,6,44.9,6.0,39.1,83.0
43,26.0,7,45.6,5.375,40.4,84.33333333333333
44,23.0,8,46.3,4.888888888888889,41.7,85.66666666666667
45,20.0,9,47.0,4.5,43.0,87.0
46,17.0,10,47.7,4.181818181818182,44.3,88.33333333333333
25,80.0,11,33.0,2.083333333333333,17.0,53.0
26,77.0,12,33.7,2.0,18.3,54.333333333333336
27,74.0,13,34.4,1.9285714285714288,19.6,55.66666666666666
28,71.0,14,35.1,1.8666666666666667,20.9,57.0
29,68.0,15,35.8,1.8125,22.2,58.333333333333336
30,65.0,16,36.5,1.7647058823529411,23.5,59.66666666666666
31,62.0,17,37.2,1.7222222222222223,24.8,61.0
32,59.0,18,37.9,1.6842105263157894,26.1,62.333333333333336
33,56.0,19,38.6,1.65,27.4,63.66666666666666
34,53.0,20,39.3,1.619047619047619,28.7,65.0
35,50.0,21,40.0,1.5909090909090908,30.0,66.33333333333333
36,47.0,22,40.7,1.565217391304348,31.3,67.66666666666667
37,44.0,23,41.4,1.5416666666666667,32.6,69.0
38,41.0,24,42.1,1.52,33.9,70.33333333333333
39,38.0,25,42.8,1.5,35.2,71.66666666666667
40,35.0,26,43.5,1.4814814814814814,36.5,73.0
41,32.0,27,44.2,1.4642857142857142,37.8,74.33333333333333
42,29.0,28,44.9,1.4482758620689655,39.1,75.66666666666667
43,26.0,29,45.6,1.4333333333333331,40.4,77.0
44,23.0,30,46.3,1.4193548387096775,41.7,78.33333333333333
45,20.0,31,47.0,1.40625,43.0,79.66666666666667
46,17.0,32,47.7,1.393939393939394,44.3,81.0
25,80.0,33,33.0,0.7352941176470589,17.0,45.66666666666666
26,77.0,34,33.7,0.7428571428571429,18.3,47.0
27,74.0,35,34.4,0.75,19.6,48.333333333333336
28,71.0,36,35.1,0.7567567567567568,20.9,49.66666666666666
29,68.0,37,35.8,0.7631578947368421,22.2,51.0
30,65.0,38,36.5,0.7692307692307693,23.5,52.333333333333336
31,62.0,39,37.2,0.775,24.8,53.66666666666666
32,59.0,40,37.9,0.7804878048780488,26.1,55.0
33,56.0,41,38.6,0.7857142857142857,27.4,56.333333333333336
34,53.0,42,39.3,0.7906976744186046,28.7,57.66666666666666
35,50.0,43,40.0,0.7954545454545454,30.0,59.0
36,47.0,44,40.7,0.8,31.3,60.333333333333336
37,44.0,45,41.4,0.8043478260869565,32.6,61.66666666666666
38,41.0,46,42.1,0.8085106382978723,33.9,63.0
39,38.0,47,42.8,0.8125,35.2,64.33333333333333
40,35.0,48,43.5,0.8163265306122449,36.5,65.66666666666667
41,32.0,49,44.2,0.82,37.8,67.0
42,29.0,50,44.9,0.8235294117647058,39.1,68.33333333333333
43,26.0,51,45.6,0.8269230769230769,40.4,69.66666666666667
44,23.0,52,46.3,0.8301886792452831,41.7,71.0
45,20.0,53,47.0,0.8333333333333334,43.0,72.33333333333333
46,17.0,54,47.7,0.8363636363636363,44.3,73.66666666666667
25,80.0,55,33.0,0.4464285714285714,17.0,38.333333333333336
26,77.0,56,33.7,0.4561403508771929,18.3,39.66666666666666
27,74.0,57,34.4,0.4655172413793103,19.6,41.0
28,71.0,58,35.1,0.4745762711864407,20.9,42.333333333333336
29,68.0,59,35.8,0.4833333333333333,22.2,43.66666666666666
30,65.0,60,36.5,0.4918032786885246,23.5,45.0
31,62.0,61,37.2,0.5,24.8,46.333333333333336
32,59.0,62,37.9,0.5079365079365079,26.1,47.66666666666666
33,56.0,63,38.6,0.515625,27.4,49.0
34,53.0,64,39.3,0.5230769230769231,28.7,50.333333333333336
35,50.0,65,40.0,0.5303030303030303,30.0,51.66666666666666
36,47.0,66,40.7,0.5373134328358209,31.3,53.0
37,44.0,67,41.4,0.5441176470588235,32.6,54.333333333333336
38,41.0,68,42.1,0.5507246376811594,33.9,55.66666666666666
39,38.0,69,42.8,0.5571428571428572,35.2,57.0
40,35.0,70,43.5,0.5633802816901409,36.5,58.333333333333336
41,32.0,71,44.2,0.5694444444444444,37.8,59.66666666666666
42,29.0,72,44.9,0.5753424657534246,39.1,61.0
43,26.0,73,45.6,0.581081081081081,40.4,62.333333333333336
44,23.0,74,46.3,0.5866666666666667,41.7,63.66666666666666
45,20.0,75,47.0,0.5921052631578947,43.0,65.0
46,17.0,76,47.7,0.5974025974025974,44.3,66.33333333333333
25,80.0,77,33.0,0.3205128205128205,17.0,31.0
26,77.0,78,33.7,0.3291139240506329,18.3,32.333333333333336
27,74.0,79,34.4,0.3375,19.6,33.666666666666664
28,71.0,80,35.1,0.345679012345679,20.9,35.0
29,68.0,81,35.8,0.3536585365853658,22.2,36.333333333333336
30,65.0,82,36.5,0.3614457831325301,23.5,37.66666666666666
31,62.0,83,37.2,0.369047619047619,24.8,39.0
32,59.0,84,37.9,0.3764705882352941,26.1,40.333333333333336
33,56.0,85,38.6,0.3837209302325581,27.4,41.66666666666666
34,53.0,86,39.3,0.3908045977011494,28.7,43.0
35,50.0,87,40.0,0.3977272727272727,30.0,44.333333333333336
36,47.0,88,40.7,0.4044943820224719,31.3,45.66666666666666
37,44.0,89,41.4,0.4111111111111111,32.6,47.0
38,41.0,90,42.1,0.4175824175824176,33.9,48.333333333333336
39,38.0,91,42.8,0.4239130434782608,35.2,49.66666666666666
40,35.0,92,43.5,0.4301075268817204,36.5,51.0
41,32.0,93,44.2,0.4361702127659574,37.8,52.333333333333336
42,29.0,94,44.9,0.4421052631578947,39.1,53.66666666666666
43,26.0,95,45.6,0.4479166666666667,40.4,55.0
44,23.0,96,46.3,0.4536082474226804,41.7,56.333333333333336
45,20.0,97,47.0,0.4591836734693877,43.0,57.66666666666666
46,17.0,98,47.7,0.4646464646464646,44.3,59.0
25,80.0,99,33.0,0.25,17.0,23.666666666666668
26,77.0,100,33.7,0.2574257425742574,18.3,25.0
27,74.0,1,34.4,13.5,19.6,59.66666666666666
28,71.0,2,35.1,9.333333333333334,20.9,61.0
29,68.0,3,35.8,7.25,22.2,62.333333333333336
30,65.0,4,36.5,6.0,23.5,63.66666666666666
31,62.0,5,37.2,5.166666666666667,24.8,65.0
32,59.0,6,37.9,4.571428571428571,26.1,66.33333333333333
33,56.0,7,38.6,4.125,27.4,67.66666666666667
34,53.0,8,39.3,3.7777777777777777,28.7,69.0
35,50.0,9,40.0,3.5,30.0,70.33333333333333
36,47.0,10,40.7,3.272727272727273,31.3,71.66666666666667
37,44.0,11,41.4,3.083333333333333,32.6,73.0
38,41.0,12,42.1,2.923076923076923,33.9,74.33333333333333
39,38.0,13,42.8,2.7857142857142856,35.2,75.66666666666667
40,35.0,14,43.5,2.6666666666666665,36.5,77.0
41,32.0,15,44.2,2.5625,37.8,78.33333333333333
42,29.0,16,44.9,2.4705882352941178,39.1,79.66666666666667
43,26.0,17,45.6,2.388888888888889,40.4,81.0
44,23.0,18,46.3,2.3157894736842106,41.7,82.33333333333333
45,20.0,19,47.0,2.25,43.0,83.66666666666667
46,17.0,20,47.7,2.1904761904761907,44.3,85.0
25,80.0,21,33.0,1.1363636363636365,17.0,49.66666666666666
26,77.0,22,33.7,1.1304347826086956,18.3,51.0
27,74.0,23,34.4,1.125,19.6,52.333333333333336
28,71.0,24,35.1,1.12,20.9,53.66666666666666
29,68.0,25,35.8,1.1153846153846154,22.2,55.0
30,65.0,26,36.5,1.1111111111111112,23.5,56.333333333333336
31,62.0,27,37.2,1.1071428571428572,24.8,57.66666666666666
32,59.0,28,37.9,1.103448275862069,26.1,59.0
33,56.0,29,38.6,1.1,27.4,60.333333333333336
34,53.0,30,39.3,1.096774193548387,28.7,61.66666666666666
35,50.0,31,40.0,1.09375,30.0,63.0
36,47.0,32,40.7,1.0909090909090908,31.3,64.33333333333333
37,44.0,33,41.4,1.088235294117647,32.6,65.66666666666667
38,41.0,34,42.1,1.0857142857142856,33.9,67.0
39,38.0,35,42.8,1.0833333333333333,35.2,68.33333333333333
40,35.0,36,43.5,1.0810810810810811,36.5,69.66666666666667
41,32.0,37,44.2,1.0789473684210529,37.8,71.0
42,29.0,38,44.9,1.0769230769230769,39.1,72.33333333333333
43,26.0,39,45.6,1.075,40.4,73.66666666666667
44,23.0,40,46.3,1.0731707317073171,41.7,75.0
45,20.0,41,47.0,1.0714285714285714,43.0,76.33333333333333
46,17.0,42,47.7,1.069767441860465,44.3,77.66666666666667
25,80.0,43,33.0,0.5681818181818182,17.0,42.333333333333336
26,77.0,44,33.7,0.5777777777777777,18.3,43.66666666666666
27,74.0,45,34.4,0.5869565217391305,19.6,45.0
28,71.0,46,35.1,0.5957446808510638,20.9,46.333333333333336
29,68.0,47,35.8,0.6041666666666666,22.2,47.66666666666666
30,65.0,48,36.5,0.6122448979591837,23.5,49.0
31,62.0,49,37.2,0.62,24.8,50.333333333333336
32,59.0,50,37.9,0.6274509803921569,26.1,51.66666666666666
33,56.0,51,38.6,0.6346153846153846,27.4,53.0
34,53.0,52,39.3,0.6415094339622641,28.7,54.333333333333336
35,50.0,53,40.0,0.6481481481481481,30.0,55.66666666666666
36,47.0,54,40.7,0.6545454545454545,31.3,57.0
37,44.0,55,41.4,0.6607142857142857,32.6,58.333333333333336
38,41.0,56,42.1,0.6666666666666666,33.9,59.66666666666666
39,38.0,57,42.8,0.6724137931034483,35.2,61.0
40,35.0,58,43.5,0.6779661016949152,36.5,62.333333333333336
41,32.0,59,44.2,0.6833333333333333,37.8,63.66666666666666
42,29.0,60,44.9,0.6885245901639344,39.1,65.0
43,26.0,61,45.6,0.6935483870967742,40.4,66.33333333333333
44,23.0,62,46.3,0.6984126984126984,41.7,67.66666666666667
45,20.0,63,47.0,0.703125,43.0,69.0
46,17.0,64,47.7,0.7076923076923077,44.3,70.33333333333333
25,80.0,65,33.0,0.3787878787878788,17.0,35.0
26,77.0,66,33.7,0.3880597014925373,18.3,36.333333333333336
27,74.0,67,34.4,0.3970588235294117,19.6,37.66666666666666
28,71.0,68,35.1,0.4057971014492754,20.9,39.0
29,68.0,69,35.8,0.4142857142857143,22.2,40.333333333333336
30,65.0,70,36.5,0.4225352112676056,23.5,41.66666666666666
31,62.0,71,37.2,0.4305555555555556,24.8,43.0
32,59.0,72,37.9,0.4383561643835616,26.1,44.333333333333336
33,56.0,73,38.6,0.4459459459459459,27.4,45.66666666666666
34,53.0,74,39.3,0.4533333333333333,28.7,47.0
35,50.0,75,40.0,0.4605263157894737,30.0,48.333333333333336
36,47.0,76,40.7,0.4675324675324675,31.3,49.66666666666666
37,44.0,77,41.4,0.4743589743589743,32.6,51.0
38,41.0,78,42.1,0.4810126582278481,33.9,52.333333333333336
39,38.0,79,42.8,0.4875,35.2,53.66666666666666
40,35.0,80,43.5,0.4938271604938271,36.5,55.0
41,32.0,81,44.2,0.5,37.8,56.333333333333336
42,29.0,82,44.9,0.5060240963855421,39.1,57.66666666666666
43,26.0,83,45.6,0.5119047619047619,40.4,59.0
44,23.0,84,46.3,0.5176470588235295,41.7,60.333333333333336
45,20.0,85,47.0,0.5232558139534884,43.0,61.66666666666666
46,17.0,86,47.7,0.5287356321839081,44.3,63.0
25,80.0,87,33.0,0.2840909090909091,17.0,27.666666666666668
26,77.0,88,33.7,0.2921348314606741,18.3,29.0
27,74.0,89,34.4,0.3,19.6,30.33333333333333
28,71.0,90,35.1,0.3076923076923077,20.9,31.666666666666668
29,68.0,91,35.8,0.3152173913043478,22.2,33.0
30,65.0,92,36.5,0.3225806451612903,23.5,34.333333333333336
31,62.0,93,37.2,0.3297872340425531,24.8,35.666666666666664
32,59.0,94,37.9,0.3368421052631579,26.1,37.0
33,56.0,95,38.6,0.34375,27.4,38.333333333333336
34,53.0,96,39.3,0.3505154639175257,28.7,39.66666666666666
35,50.0,97,40.0,0.3571428571428571,30.0,41.0
36,47.0,98,40.7,0.3636363636363636,31.3,42.333333333333336
37,44.0,99,41.4,0.37,32.6,43.66666666666666
38,41.0,100,42.1,0.3762376237623762,33.9,45.0
39,38.0,1,42.8,19.5,35.2,79.66666666666667
40,35.0,2,43.5,13.333333333333334,36.5,81.0
41,32.0,3,44.2,10.25,37.8,82.33333333333333
42,29.0,4,44.9,8.4,39.1,83.66666666666667
43,26.0,5,45.6,7.166666666666667,40.4,85.0
44,23.0,6,46.3,6.285714285714286,41.7,86.33333333333333
45,20.0,7,47.0,5.625,43.0,87.66666666666667
46,17.0,8,47.7,5.111111111111111,44.3,89.0
25,80.0,9,33.0,2.5,17.0,53.66666666666666
26,77.0,10,33.7,2.363636363636364,18.3,55.0
27,74.0,11,34.4,2.25,19.6,56.333333333333336
28,71.0,12,35.1,2.1538461538461537,20.9,57.66666666666666
29,68.0,13,35.8,2.071428571428572,22.2,59.0
30,65.0,14,36.5,2.0,23.5,60.333333333333336
31,62.0,15,37.2,1.9375,24.8,61.66666666666666
32,59.0,16,37.9,1.8823529411764703,26.1,63.0
33,56.0,17,38.6,1.8333333333333333,27.4,64.33333333333333
34,53.0,18,39.3,1.7894736842105263,28.7,65.66666666666667
35,50.0,19,40.0,1.75,30.0,67.0
36,47.0,20,40.7,1.7142857142857142,31.3,68.33333333333333
37,44.0,21,41.4,1.681818181818182,32.6,69.66666666666667
38,41.0,22,42.1,1.6521739130434785,33.9,71.0
39,38.0,23,42.8,1.625,35.2,72.33333333333333
40,35.0,24,43.5,1.6,36.5,73.66666666666667
41,32.0,25,44.2,1.5769230769230769,37.8,75.0
42,29.0,26,44.9,1.5555555555555556,39.1,76.33333333333333
43,26.0,27,45.6,1.5357142857142858,40.4,77.66666666666667
44,23.0,28,46.3,1.5172413793103448,41.7,79.0
45,20.0,29,47.0,1.5,43.0,80.33333333333333
46,17.0,30,47.7,1.4838709677419355,44.3,81.66666666666667
25,80.0,31,33.0,0.78125,17.0,46.333333333333336
26,77.0,32,33.7,0.7878787878787878,18.3,47.66666666666666
27,74.0,33,34.4,0.7941176470588235,19.6,49.0
28,71.0,34,35.1,0.8,20.9,50.333333333333336
29,68.0,35,35.8,0.8055555555555556,22.2,51.66666666666666
30,65.0,36,36.5,0.8108108108108109,23.5,53.0
31,62.0,37,37.2,0.8157894736842105,24.8,54.333333333333336
32,59.0,38,37.9,0.8205128205128205,26.1,55.66666666666666
33,56.0,39,38.6,0.825,27.4,57.0
34,53.0,40,39.3,0.8292682926829268,28.7,58.333333333333336
35,50.0,41,40.0,0.8333333333333334,30.0,59.66666666666666
36,47.0,42,40.7,0.8372093023255814,31.3,61.0
37,44.0,43,41.4,0.8409090909090909,32.6,62.333333333333336
38,41.0,44,42.1,0.8444444444444444,33.9,63.66666666666666
39,38.0,45,42.8,0.8478260869565217,35.2,65.0
40,35.0,46,43.5,0.851063829787234,36.5,66.33333333333333
41,32.0,47,44.2,0.8541666666666666,37.8,67.66666666666667
42,29.0,48,44.9,0.8571428571428571,39.1,69.0
43,26.0,49,45.6,0.86,40.4,70.33333333333333
44,23.0,50,46.3,0.8627450980392157,41.7,71.66666666666667
45,20.0,51,47.0,0.8653846153846154,43.0,73.0
46,17.0,52,47.7,0.8679245283018868,44.3,74.33333333333333
25,80.0,53,33.0,0.4629629629629629,17.0,39.0
26,77.0,54,33.7,0.4727272727272727,18.3,40.333333333333336
27,74.0,55,34.4,0.4821428571428571,19.6,41.66666666666666
28,71.0,56,35.1,0.4912280701754385,20.9,43.0
29,68.0,57,35.8,0.5,22.2,44.333333333333336
30,65.0,58,36.5,0.5084745762711864,23.5,45.66666666666666
31,62.0,59,37.2,0.5166666666666667,24.8,47.0
32,59.0,60,37.9,0.5245901639344263,26.1,48.333333333333336
33,56.0,61,38.6,0.532258064516129,27.4,49.66666666666666
34,53.0,62,39.3,0.5396825396825397,28.7,51.0
35,50.0,63,40.0,0.546875,30.0,52.333333333333336
36,47.0,64,40.7,0.5538461538461539,31.3,53.66666666666666
37,44.0,65,41.4,0.5606060606060606,32.6,55.0
38,41.0,66,42.1,0.5671641791044776,33.9,56.333333333333336
39,38.0,67,42.8,0.5735294117647058,35.2,57.66666666666666
40,35.0,68,43.5,0.5797101449275363,36.5,59.0
41,32.0,69,44.2,0.5857142857142857,37.8,60.333333333333336
42,29.0,70,44.9,0.5915492957746479,39.1,61.66666666666666
43,26.0,71,45.6,0.5972222222222222,40.4,63.0
44,23.0,72,46.3,0.6027397260273972,41.7,64.33333333333333
45,20.0,73,47.0,0.6081081081081081,43.0,65.66666666666667
46,17.0,74,47.7,0.6133333333333333,44.3,67.0
25,80.0,75,33.0,0.3289473684210526,17.0,31.666666666666668
26,77.0,76,33.7,0.3376623376623376,18.3,33.0
27,74.0,77,34.4,0.3461538461538461,19.6,34.333333333333336
28,71.0,78,35.1,0.3544303797468354,20.9,35.666666666666664
29,68.0,79,35.8,0.3625,22.2,37.0
30,65.0,80,36.5,0.3703703703703703,23.5,38.333333333333336
31,62.0,81,37.2,0.3780487804878049,24.8,39.66666666666666
32,59.0,82,37.9,0.3855421686746988,26.1,41.0
33,56.0,83,38.6,0.3928571428571428,27.4,42.333333333333336
34,53.0,84,39.3,0.4,28.7,43.66666666666666
35,50.0,85,40.0,0.4069767441860465,30.0,45.0
36,47.0,86,40.7,0.4137931034482758,31.3,46.333333333333336
37,44.0,87,41.4,0.4204545454545454,32.6,47.66666666666666
38,41.0,88,42.1,0.4269662921348314,33.9,49.0
39,38.0,89,42.8,0.4333333333333333,35.2,50.333333333333336
40,35.0,90,43.5,0.4395604395604395,36.5,51.66666666666666
41,32.0,91,44.2,0.4456521739130434,37.8,53.0
42,29.0,92,44.9,0.4516129032258064,39.1,54.333333333333336
43,26.0,93,45.6,0.4574468085106383,40.4,55.66666666666666
44,23.0,94,46.3,0.4631578947368421,41.7,57.0
45,20.0,95,47.0,0.46875,43.0,58.333333333333336
46,17.0,96,47.7,0.4742268041237113,44.3,59.66666666666666
25,80.0,97,33.0,0.2551020408163265,17.0,24.33333333333333
26,77.0,98,33.7,0.2626262626262626,18.3,25.666666666666668
27,74.0,99,34.4,0.27,19.6,27.0
28,71.0,100,35.1,0.2772277227722772,20.9,28.33333333333333
18,86.0,1,26.6,9.0,9.4,49.66666666666666
17,87.0,2,25.700000000000003,5.666666666666667,8.3,48.333333333333336
16,88.0,3,24.8,4.0,7.199999999999999,47.0
15,89.0,4,23.9,3.0,6.1,45.66666666666666
14,90.0,5,23.0,2.333333333333333,5.0,44.333333333333336
13,91.0,6,22.1,1.8571428571428568,3.9,43.0
24,80.0,7,32.0,3.0,16.0,53.66666666666666
23,81.0,8,31.1,2.555555555555556,14.9,52.333333333333336
22,82.0,9,30.200000000000003,2.2,13.8,51.0
21,83.0,10,29.3,1.9090909090909087,12.7,49.66666666666666
20,84.0,11,28.4,1.6666666666666667,11.6,48.333333333333336
19,85.0,12,27.5,1.4615384615384617,10.5,47.0
18,86.0,13,26.6,1.2857142857142858,9.4,45.66666666666666
17,87.0,14,25.700000000000003,1.1333333333333333,8.3,44.333333333333336
16,88.0,15,24.8,1.0,7.199999999999999,43.0
15,89.0,16,23.9,0.8823529411764706,6.1,41.66666666666666
14,90.0,17,23.0,0.7777777777777778,5.0,40.333333333333336
13,91.0,18,22.1,0.6842105263157895,3.9,39.0
24,80.0,19,32.0,1.2,16.0,49.66666666666666
23,81.0,20,31.1,1.0952380952380951,14.9,48.333333333333336
22,82.0,21,30.200000000000003,1.0,13.8,47.0
21,83.0,22,29.3,0.9130434782608696,12.7,45.66666666666666
20,84.0,23,28.4,0.8333333333333334,11.6,44.333333333333336
19,85.0,24,27.5,0.76,10.5,43.0
18,86.0,25,26.6,0.6923076923076923,9.4,41.66666666666666
17,87.0,26,25.700000000000003,0.6296296296296297,8.3,40.333333333333336
16,88.0,27,24.8,0.5714285714285714,7.199999999999999,39.0
15,89.0,28,23.9,0.5172413793103449,6.1,37.66666666666666
14,90.0,29,23.0,0.4666666666666667,5.0,36.333333333333336
13,91.0,30,22.1,0.4193548387096774,3.9,35.0
24,80.0,31,32.0,0.75,16.0,45.66666666666666
23,81.0,32,31.1,0.696969696969697,14.9,44.333333333333336
22,82.0,33,30.200000000000003,0.6470588235294118,13.8,43.0
21,83.0,34,29.3,0.6,12.7,41.66666666666666
20,84.0,35,28.4,0.5555555555555556,11.6,40.333333333333336
19,85.0,36,27.5,0.5135135135135135,10.5,39.0
18,86.0,37,26.6,0.4736842105263157,9.4,37.66666666666666
17,87.0,38,25.700000000000003,0.4358974358974359,8.3,36.333333333333336
16,88.0,39,24.8,0.4,7.199999999999999,35.0
15,89.0,40,23.9,0.3658536585365853,6.1,33.666666666666664
14,90.0,41,23.0,0.3333333333333333,5.0,32.333333333333336
24,80.0,42,32.0,0.5581395348837209,16.0,42.0
23,81.0,43,31.1,0.5227272727272727,14.9,40.66666666666666
22,82.0,44,30.200000000000003,0.4888888888888889,13.8,39.333333333333336
21,83.0,45,29.3,0.4565217391304347,12.7,38.0
20,84.0,46,28.4,0.425531914893617,11.6,36.66666666666666
19,85.0,47,27.5,0.3958333333333333,10.5,35.333333333333336
18,86.0,48,26.6,0.3673469387755102,9.4,34.0
17,87.0,49,25.700000000000003,0.34,8.3,32.666666666666664
16,88.0,50,24.8,0.3137254901960784,7.199999999999999,31.33333333333333
15,89.0,51,23.9,0.2884615384615384,6.1,30.0
14,90.0,52,23.0,0.2641509433962264,5.0,28.666666666666668
13,91.0,53,22.1,0.2407407407407407,3.9,27.33333333333333
24,80.0,54,32.0,0.4363636363636363,16.0,38.0
23,81.0,55,31.1,0.4107142857142857,14.9,36.66666666666666
22,82.0,56,30.200000000000003,0.3859649122807017,13.8,35.333333333333336
21,83.0,57,29.3,0.3620689655172414,12.7,34.0
20,84.0,58,28.4,0.3389830508474576,11.6,32.666666666666664
19,85.0,59,27.5,0.3166666666666666,10.5,31.33333333333333
18,86.0,60,26.6,0.2950819672131147,9.4,30.0
17,87.0,61,25.700000000000003,0.2741935483870967,8.3,28.666666666666668
16,88.0,62,24.8,0.2539682539682539,7.199999999999999,27.33333333333333
15,89.0,63,23.9,0.234375,6.1,26.0
14,90.0,64,23.0,0.2153846153846154,5.0,24.666666666666668
13,91.0,65,22.1,0.1969696969696969,3.9,23.33333333333333
24,80.0,66,32.0,0.3582089552238806,16.0,34.0
23,81.0,67,31.1,0.3382352941176471,14.9,32.666666666666664
22,82.0,68,30.200000000000003,0.3188405797101449,13.8,31.33333333333333
21,83.0,69,29.3,0.3,12.7,30.0
24,80.0,70,32.0,0.3380281690140845,16.0,32.666666666666664
23,81.0,71,31.1,0.3194444444444444,14.9,31.33333333333333
22,82.0,72,30.200000000000003,0.3013698630136986,13.8,30.0
21,83.0,73,29.3,0.2837837837837837,12.7,28.666666666666668
20,84.0,74,28.4,0.2666666666666666,11.6,27.33333333333333
19,85.0,75,27.5,0.25,10.5,26.0
18,86.0,76,26.6,0.2337662337662337,9.4,24.666666666666668
17,87.0,77,25.700000000000003,0.2179487179487179,8.3,23.33333333333333
16,88.0,78,24.8,0.2025316455696202,7.199999999999999,22.0
15,89.0,79,23.9,0.1875,6.1,20.666666666666668
18,86.0,1,26.6,9.0,9.4,49.66666666666666
17,87.0,2,25.700000000000003,5.666666666666667,8.3,48.333333333333336
16,88.0,3,24.8,4.0,7.199999999999999,47.0
15,89.0,4,23.9,3.0,6.1,45.66666666666666
14,90.0,5,23.0,2.333333333333333,5.0,44.333333333333336
13,91.0,6,22.1,1.8571428571428568,3.9,43.0
24,80.0,7,32.0,3.0,16.0,53.66666666666666
23,81.0,8,31.1,2.555555555555556,14.9,52.333333333333336
22,82.0,9,30.200000000000003,2.2,13.8,51.0
21,83.0,10,29.3,1.9090909090909087,12.7,49.66666666666666
20,84.0,11,28.4,1.6666666666666667,11.6,48.333333333333336
19,85.0,12,27.5,1.4615384615384617,10.5,47.0
18,86.0,13,26.6,1.2857142857142858,9.4,45.66666666666666
17,87.0,14,25.700000000000003,1.1333333333333333,8.3,44.333333333333336
16,88.0,15,24.8,1.0,7.199999999999999,43.0
15,89.0,16,23.9,0.8823529411764706,6.1,41.66666666666666
14,90.0,17,23.0,0.7777777777777778,5.0,40.333333333333336
13,91.0,18,22.1,0.6842105263157895,3.9,39.0
24,80.0,19,32.0,1.2,16.0,49.66666666666666
23,81.0,20,31.1,1.0952380952380951,14.9,48.333333333333336
22,82.0,21,30.200000000000003,1.0,13.8,47.0
21,83.0,22,29.3,0.9130434782608696,12.7,45.66666666666666
20,84.0,23,28.4,0.8333333333333334,11.6,44.333333333333336
19,85.0,24,27.5,0.76,10.5,43.0
18,86.0,25,26.6,0.6923076923076923,9.4,41.66666666666666
17,87.0,26,25.700000000000003,0.6296296296296297,8.3,40.333333333333336
16,88.0,27,24.8,0.5714285714285714,7.199999999999999,39.0
15,89.0,28,23.9,0.5172413793103449,6.1,37.66666666666666
14,90.0,29,23.0,0.4666666666666667,5.0,36.333333333333336
13,91.0,30,22.1,0.4193548387096774,3.9,35.0
24,80.0,31,32.0,0.75,16.0,45.66666666666666
23,81.0,32,31.1,0.696969696969697,14.9,44.333333333333336
22,82.0,33,30.200000000000003,0.6470588235294118,13.8,43.0
21,83.0,34,29.3,0.6,12.7,41.66666666666666
20,84.0,35,28.4,0.5555555555555556,11.6,40.333333333333336
19,85.0,36,27.5,0.5135135135135135,10.5,39.0
18,86.0,37,26.6,0.4736842105263157,9.4,37.66666666666666
17,87.0,38,25.700000000000003,0.4358974358974359,8.3,36.333333333333336
16,88.0,39,24.8,0.4,7.199999999999999,35.0
15,89.0,40,23.9,0.3658536585365853,6.1,33.666666666666664
14,90.0,41,23.0,0.3333333333333333,5.0,32.333333333333336
24,80.0,42,32.0,0.5581395348837209,16.0,42.0
23,81.0,43,31.1,0.5227272727272727,14.9,40.66666666666666
22,82.0,44,30.200000000000003,0.4888888888888889,13.8,39.333333333333336
21,83.0,45,29.3,0.4565217391304347,12.7,38.0
20,84.0,46,28.4,0.425531914893617,11.6,36.66666666666666
19,85.0,47,27.5,0.3958333333333333,10.5,35.333333333333336
18,86.0,48,26.6,0.3673469387755102,9.4,34.0
17,87.0,49,25.700000000000003,0.34,8.3,32.666666666666664
16,88.0,50,24.8,0.3137254901960784,7.199999999999999,31.33333333333333
15,89.0,51,23.9,0.2884615384615384,6.1,30.0
14,90.0,52,23.0,0.2641509433962264,5.0,28.666666666666668
13,91.0,53,22.1,0.2407407407407407,3.9,27.33333333333333
24,80.0,54,32.0,0.4363636363636363,16.0,38.0
23,81.0,55,31.1,0.4107142857142857,14.9,36.66666666666666
22,82.0,56,30.200000000000003,0.3859649122807017,13.8,35.333333333333336
21,83.0,57,29.3,0.3620689655172414,12.7,34.0
20,84.0,58,28.4,0.3389830508474576,11.6,32.666666666666664
19,85.0,59,27.5,0.3166666666666666,10.5,31.33333333333333
18,86.0,60,26.6,0.2950819672131147,9.4,30.0
17,87.0,61,25.700000000000003,0.2741935483870967,8.3,28.666666666666668
16,88.0,62,24.8,0.2539682539682539,7.199999999999999,27.33333333333333
15,89.0,63,23.9,0.234375,6.1,26.0
14,90.0,64,23.0,0.2153846153846154,5.0,24.666666666666668
13,91.0,65,22.1,0.1969696969696969,3.9,23.33333333333333
24,80.0,66,32.0,0.3582089552238806,16.0,34.0
23,81.0,67,31.1,0.3382352941176471,14.9,32.666666666666664
22,82.0,68,30.200000000000003,0.3188405797101449,13.8,31.33333333333333
21,83.0,69,29.3,0.3,12.7,30.0
18,86.0,1,26.6,9.0,9.4,49.66666666666666
17,87.0,2,25.700000000000003,5.666666666666667,8.3,48.333333333333336
16,88.0,3,24.8,4.0,7.199999999999999,47.0
15,89.0,4,23.9,3.0,6.1,45.66666666666666
14,90.0,5,23.0,2.333333333333333,5.0,44.333333333333336
13,91.0,6,22.1,1.8571428571428568,3.9,43.0
24,80.0,7,32.0,3.0,16.0,53.66666666666666
23,81.0,8,31.1,2.555555555555556,14.9,52.333333333333336
22,82.0,9,30.200000000000003,2.2,13.8,51.0
21,83.0,10,29.3,1.9090909090909087,12.7,49.66666666666666
20,84.0,11,28.4,1.6666666666666667,11.6,48.333333333333336
19,85.0,12,27.5,1.4615384615384617,10.5,47.0
18,86.0,13,26.6,1.2857142857142858,9.4,45.66666666666666
17,87.0,14,25.700000000000003,1.1333333333333333,8.3,44.333333333333336
16,88.0,15,24.8,1.0,7.199999999999999,43.0
15,89.0,16,23.9,0.8823529411764706,6.1,41.66666666666666
14,90.0,17,23.0,0.7777777777777778,5.0,40.333333333333336
13,91.0,18,22.1,0.6842105263157895,3.9,39.0
24,80.0,19,32.0,1.2,16.0,49.66666666666666
23,81.0,20,31.1,1.0952380952380951,14.9,48.333333333333336
22,82.0,21,30.200000000000003,1.0,13.8,47.0
21,83.0,22,29.3,0.9130434782608696,12.7,45.66666666666666
20,84.0,23,28.4,0.8333333333333334,11.6,44.333333333333336
19,85.0,24,27.5,0.76,10.5,43.0
18,86.0,25,26.6,0.6923076923076923,9.4,41.66666666666666
17,87.0,26,25.700000000000003,0.6296296296296297,8.3,40.333333333333336
16,88.0,27,24.8,0.5714285714285714,7.199999999999999,39.0
15,89.0,28,23.9,0.5172413793103449,6.1,37.66666666666666
14,90.0,29,23.0,0.4666666666666667,5.0,36.333333333333336
13,91.0,30,22.1,0.4193548387096774,3.9,35.0
24,80.0,31,32.0,0.75,16.0,45.66666666666666
23,81.0,32,31.1,0.696969696969697,14.9,44.333333333333336
22,82.0,33,30.200000000000003,0.6470588235294118,13.8,43.0
21,83.0,34,29.3,0.6,12.7,41.66666666666666
20,84.0,35,28.4,0.5555555555555556,11.6,40.333333333333336
19,85.0,36,27.5,0.5135135135135135,10.5,39.0
18,86.0,37,26.6,0.4736842105263157,9.4,37.66666666666666
17,87.0,38,25.700000000000003,0.4358974358974359,8.3,36.333333333333336
16,88.0,39,24.8,0.4,7.199999999999999,35.0
15,89.0,40,23.9,0.3658536585365853,6.1,33.666666666666664
14,90.0,41,23.0,0.3333333333333333,5.0,32.333333333333336
24,80.0,42,32.0,0.5581395348837209,16.0,42.0
23,81.0,43,31.1,0.5227272727272727,14.9,40.66666666666666
22,82.0,44,30.200000000000003,0.4888888888888889,13.8,39.333333333333336
21,83.0,45,29.3,0.4565217391304347,12.7,38.0
20,84.0,46,28.4,0.425531914893617,11.6,36.66666666666666
19,85.0,47,27.5,0.3958333333333333,10.5,35.333333333333336
18,86.0,48,26.6,0.3673469387755102,9.4,34.0
17,87.0,49,25.700000000000003,0.34,8.3,32.666666666666664
16,88.0,50,24.8,0.3137254901960784,7.199999999999999,31.33333333333333
15,89.0,51,23.9,0.2884615384615384,6.1,30.0
14,90.0,52,23.0,0.2641509433962264,5.0,28.666666666666668
13,91.0,53,22.1,0.2407407407407407,3.9,27.33333333333333
24,80.0,54,32.0,0.4363636363636363,16.0,38.0
23,81.0,55,31.1,0.4107142857142857,14.9,36.66666666666666
22,82.0,56,30.200000000000003,0.3859649122807017,13.8,35.333333333333336
21,83.0,57,29.3,0.3620689655172414,12.7,34.0
20,84.0,58,28.4,0.3389830508474576,11.6,32.666666666666664
19,85.0,59,27.5,0.3166666666666666,10.5,31.33333333333333
18,86.0,60,26.6,0.2950819672131147,9.4,30.0
17,87.0,61,25.700000000000003,0.2741935483870967,8.3,28.666666666666668
16,88.0,62,24.8,0.2539682539682539,7.199999999999999,27.33333333333333
15,89.0,63,23.9,0.234375,6.1,26.0
14,90.0,64,23.0,0.2153846153846154,5.0,24.666666666666668
13,91.0,65,22.1,0.1969696969696969,3.9,23.33333333333333
24,80.0,66,32.0,0.3582089552238806,16.0,34.0
23,81.0,67,31.1,0.3382352941176471,14.9,32.666666666666664
22,82.0,68,30.200000000000003,0.3188405797101449,13.8,31.33333333333333
21,83.0,69,29.3,0.3,12.7,30.0
18,86.0,1,26.6,9.0,9.4,49.66666666666666
17,87.0,2,25.700000000000003,5.666666666666667,8.3,48.333333333333336
16,88.0,3,24.8,4.0,7.199999999999999,47.0
15,89.0,4,23.9,3.0,6.1,45.66666666666666
14,90.0,5,23.0,2.333333333333333,5.0,44.333333333333336
13,91.0,6,22.1,1.8571428571428568,3.9,43.0
24,80.0,7,32.0,3.0,16.0,53.66666666666666
23,81.0,8,31.1,2.555555555555556,14.9,52.333333333333336
22,82.0,9,30.200000000000003,2.2,13.8,51.0
21,83.0,10,29.3,1.9090909090909087,12.7,49.66666666666666
20,84.0,11,28.4,1.6666666666666667,11.6,48.333333333333336
19,85.0,12,27.5,1.4615384615384617,10.5,47.0
18,86.0,13,26.6,1.2857142857142858,9.4,45.66666666666666
17,87.0,14,25.700000000000003,1.1333333333333333,8.3,44.333333333333336
16,88.0,15,24.8,1.0,7.199999999999999,43.0
15,89.0,16,23.9,0.8823529411764706,6.1,41.66666666666666
14,90.0,17,23.0,0.7777777777777778,5.0,40.333333333333336
13,91.0,18,22.1,0.6842105263157895,3.9,39.0
24,80.0,19,32.0,1.2,16.0,49.66666666666666
23,81.0,20,31.1,1.0952380952380951,14.9,48.333333333333336
22,82.0,21,30.200000000000003,1.0,13.8,47.0
21,83.0,22,29.3,0.9130434782608696,12.7,45.66666666666666
20,84.0,23,28.4,0.8333333333333334,11.6,44.333333333333336
19,85.0,24,27.5,0.76,10.5,43.0
18,86.0,25,26.6,0.6923076923076923,9.4,41.66666666666666
17,87.0,26,25.700000000000003,0.6296296296296297,8.3,40.333333333333336
16,88.0,27,24.8,0.5714285714285714,7.199999999999999,39.0
15,89.0,28,23.9,0.5172413793103449,6.1,37.66666666666666
14,90.0,29,23.0,0.4666666666666667,5.0,36.333333333333336
13,91.0,30,22.1,0.4193548387096774,3.9,35.0
24,80.0,31,32.0,0.75,16.0,45.66666666666666
23,81.0,32,31.1,0.696969696969697,14.9,44.333333333333336
22,82.0,33,30.200000000000003,0.6470588235294118,13.8,43.0
21,83.0,34,29.3,0.6,12.7,41.66666666666666
20,84.0,35,28.4,0.5555555555555556,11.6,40.333333333333336
19,85.0,36,27.5,0.5135135135135135,10.5,39.0
18,86.0,37,26.6,0.4736842105263157,9.4,37.66666666666666
17,87.0,38,25.700000000000003,0.4358974358974359,8.3,36.333333333333336
16,88.0,39,24.8,0.4,7.199999999999999,35.0
15,89.0,40,23.9,0.3658536585365853,6.1,33.666666666666664
14,90.0,41,23.0,0.3333333333333333,5.0,32.333333333333336
24,80.0,42,32.0,0.5581395348837209,16.0,42.0
23,81.0,43,31.1,0.5227272727272727,14.9,40.66666666666666
22,82.0,44,30.200000000000003,0.4888888888888889,13.8,39.333333333333336
21,83.0,45,29.3,0.4565217391304347,12.7,38.0
20,84.0,46,28.4,0.425531914893617,11.6,36.66666666666666
19,85.0,47,27.5,0.3958333333333333,10.5,35.333333333333336
18,86.0,48,26.6,0.3673469387755102,9.4,34.0
17,87.0,49,25.700000000000003,0.34,8.3,32.666666666666664
16,88.0,50,24.8,0.3137254901960784,7.199999999999999,31.33333333333333
15,89.0,51,23.9,0.2884615384615384,6.1,30.0
14,90.0,52,23.0,0.2641509433962264,5.0,28.666666666666668
13,91.0,53,22.1,0.2407407407407407,3.9,27.33333333333333
24,80.0,54,32.0,0.4363636363636363,16.0,38.0
23,81.0,55,31.1,0.4107142857142857,14.9,36.66666666666666
22,82.0,56,30.200000000000003,0.3859649122807017,13.8,35.333333333333336
21,83.0,57,29.3,0.3620689655172414,12.7,34.0
20,84.0,58,28.4,0.3389830508474576,11.6,32.666666666666664
19,85.0,59,27.5,0.3166666666666666,10.5,31.33333333333333
18,86.0,60,26.6,0.2950819672131147,9.4,30.0
17,87.0,61,25.700000000000003,0.2741935483870967,8.3,28.666666666666668
16,88.0,62,24.8,0.2539682539682539,7.199999999999999,27.33333333333333
15,89.0,63,23.9,0.234375,6.1,26.0
14,90.0,64,23.0,0.2153846153846154,5.0,24.666666666666668
13,91.0,65,22.1,0.1969696969696969,3.9,23.33333333333333
24,80.0,66,32.0,0.3582089552238806,16.0,34.0
23,81.0,67,31.1,0.3382352941176471,14.9,32.666666666666664
22,82.0,68,30.200000000000003,0.3188405797101449,13.8,31.33333333333333
21,83.0,69,29.3,0.3,12.7,30.0
18,86.0,1,26.6,9.0,9.4,49.66666666666666
17,87.0,2,25.700000000000003,5.666666666666667,8.3,48.333333333333336
16,88.0,3,24.8,4.0,7.199999999999999,47.0
15,89.0,4,23.9,3.0,6.1,45.66666666666666
14,90.0,5,23.0,2.333333333333333,5.0,44.333333333333336
13,91.0,6,22.1,1.8571428571428568,3.9,43.0
24,80.0,7,32.0,3.0,16.0,53.66666666666666
23,81.0,8,31.1,2.555555555555556,14.9,52.333333333333336
22,82.0,9,30.200000000000003,2.2,13.8,51.0
21,83.0,10,29.3,1.9090909090909087,12.7,49.66666666666666
20,84.0,11,28.4,1.6666666666666667,11.6,48.333333333333336
19,85.0,12,27.5,1.4615384615384617,10.5,47.0
18,86.0,13,26.6,1.2857142857142858,9.4,45.66666666666666
17,87.0,14,25.700000000000003,1.1333333333333333,8.3,44.333333333333336
16,88.0,15,24.8,1.0,7.199999999999999,43.0
15,89.0,16,23.9,0.8823529411764706,6.1,41.66666666666666
14,90.0,17,23.0,0.7777777777777778,5.0,40.333333333333336
13,91.0,18,22.1,0.6842105263157895,3.9,39.0
24,80.0,19,32.0,1.2,16.0,49.66666666666666
23,81.0,20,31.1,1.0952380952380951,14.9,48.333333333333336
22,82.0,21,30.200000000000003,1.0,13.8,47.0
21,83.0,22,29.3,0.9130434782608696,12.7,45.66666666666666
20,84.0,23,28.4,0.8333333333333334,11.6,44.333333333333336
19,85.0,24,27.5,0.76,10.5,43.0
18,86.0,25,26.6,0.6923076923076923,9.4,41.66666666666666
17,87.0,26,25.700000000000003,0.6296296296296297,8.3,40.333333333333336
16,88.0,27,24.8,0.5714285714285714,7.199999999999999,39.0
15,89.0,28,23.9,0.5172413793103449,6.1,37.66666666666666
14,90.0,29,23.0,0.4666666666666667,5.0,36.333333333333336
13,91.0,30,22.1,0.4193548387096774,3.9,35.0
24,80.0,31,32.0,0.75,16.0,45.66666666666666
23,81.0,32,31.1,0.696969696969697,14.9,44.333333333333336
22,82.0,33,30.200000000000003,0.6470588235294118,13.8,43.0
21,83.0,34,29.3,0.6,12.7,41.66666666666666
20,84.0,35,28.4,0.5555555555555556,11.6,40.333333333333336
19,85.0,36,27.5,0.5135135135135135,10.5,39.0
18,86.0,37,26.6,0.4736842105263157,9.4,37.66666666666666
17,87.0,38,25.700000000000003,0.4358974358974359,8.3,36.333333333333336
16,88.0,39,24.8,0.4,7.199999999999999,35.0
15,89.0,40,23.9,0.3658536585365853,6.1,33.666666666666664
14,90.0,41,23.0,0.3333333333333333,5.0,32.333333333333336
24,80.0,42,32.0,0.5581395348837209,16.0,42.0
23,81.0,43,31.1,0.5227272727272727,14.9,40.66666666666666
22,82.0,44,30.200000000000003,0.4888888888888889,13.8,39.333333333333336
21,83.0,45,29.3,0.4565217391304347,12.7,38.0
20,84.0,46,28.4,0.425531914893617,11.6,36.66666666666666
19,85.0,47,27.5,0.3958333333333333,10.5,35.333333333333336
18,86.0,48,26.6,0.3673469387755102,9.4,34.0
17,87.0,49,25.700000000000003,0.34,8.3,32.666666666666664
18,86.0,1,26.6,9.0,9.4,49.66666666666666
17,87.0,2,25.700000000000003,5.666666666666667,8.3,48.333333333333336
16,88.0,3,24.8,4.0,7.199999999999999,47.0
15,89.0,4,23.9,3.0,6.1,45.66666666666666
14,90.0,5,23.0,2.333333333333333,5.0,44.333333333333336
13,91.0,6,22.1,1.8571428571428568,3.9,43.0
24,80.0,7,32.0,3.0,16.0,53.66666666666666
23,81.0,8,31.1,2.555555555555556,14.9,52.333333333333336
22,82.0,9,30.200000000000003,2.2,13.8,51.0
21,83.0,10,29.3,1.9090909090909087,12.7,49.66666666666666
20,84.0,11,28.4,1.6666666666666667,11.6,48.333333333333336
19,85.0,12,27.5,1.4615384615384617,10.5,47.0
18,86.0,13,26.6,1.2857142857142858,9.4,45.66666666666666
17,87.0,14,25.700000000000003,1.1333333333333333,8.3,44.333333333333336
16,88.0,15,24.8,1.0,7.199999999999999,43.0
15,89.0,16,23.9,0.8823529411764706,6.1,41.66666666666666
14,90.0,17,23.0,0.7777777777777778,5.0,40.333333333333336
13,91.0,18,22.1,0.6842105263157895,3.9,39.0
24,80.0,19,32.0,1.2,16.0,49.66666666666666
23,81.0,20,31.1,1.0952380952380951,14.9,48.333333333333336
22,82.0,21,30.200000000000003,1.0,13.8,47.0
21,83.0,22,29.3,0.9130434782608696,12.7,45.66666666666666
20,84.0,23,28.4,0.8333333333333334,11.6,44.333333333333336
19,85.0,24,27.5,0.76,10.5,43.0
18,86.0,25,26.6,0.6923076923076923,9.4,41.66666666666666
17,87.0,26,25.700000000000003,0.6296296296296297,8.3,40.333333333333336
16,88.0,27,24.8,0.5714285714285714,7.199999999999999,39.0
15,89.0,28,23.9,0.5172413793103449,6.1,37.66666666666666
14,90.0,29,23.0,0.4666666666666667,5.0,36.333333333333336
13,91.0,30,22.1,0.4193548387096774,3.9,35.0
24,80.0,31,32.0,0.75,16.0,45.66666666666666
23,81.0,32,31.1,0.696969696969697,14.9,44.333333333333336
22,82.0,33,30.200000000000003,0.6470588235294118,13.8,43.0
21,83.0,34,29.3,0.6,12.7,41.66666666666666
20,84.0,35,28.4,0.5555555555555556,11.6,40.333333333333336
19,85.0,36,27.5,0.5135135135135135,10.5,39.0
18,86.0,37,26.6,0.4736842105263157,9.4,37.66666666666666
17,87.0,38,25.700000000000003,0.4358974358974359,8.3,36.333333333333336
16,88.0,39,24.8,0.4,7.199999999999999,35.0
15,89.0,40,23.9,0.3658536585365853,6.1,33.666666666666664
14,90.0,41,23.0,0.3333333333333333,5.0,32.333333333333336
24,80.0,42,32.0,0.5581395348837209,16.0,42.0
23,81.0,43,31.1,0.5227272727272727,14.9,40.66666666666666
22,82.0,44,30.200000000000003,0.4888888888888889,13.8,39.333333333333336
21,83.0,45,29.3,0.4565217391304347,12.7,38.0
20,84.0,46,28.4,0.425531914893617,11.6,36.66666666666666
19,85.0,47,27.5,0.3958333333333333,10.5,35.333333333333336
18,86.0,48,26.6,0.3673469387755102,9.4,34.0
17,87.0,49,25.700000000000003,0.34,8.3,32.666666666666664
16,88.0,50,24.8,0.3137254901960784,7.199999999999999,31.33333333333333
15,89.0,51,23.9,0.2884615384615384,6.1,30.0
14,90.0,52,23.0,0.2641509433962264,5.0,28.666666666666668
13,91.0,53,22.1,0.2407407407407407,3.9,27.33333333333333
24,80.0,54,32.0,0.4363636363636363,16.0,38.0
23,81.0,55,31.1,0.4107142857142857,14.9,36.66666666666666
22,82.0,56,30.200000000000003,0.3859649122807017,13.8,35.333333333333336
21,83.0,57,29.3,0.3620689655172414,12.7,34.0
20,84.0,58,28.4,0.3389830508474576,11.6,32.666666666666664
19,85.0,59,27.5,0.3166666666666666,10.5,31.33333333333333
18,86.0,60,26.6,0.2950819672131147,9.4,30.0
17,87.0,61,25.700000000000003,0.2741935483870967,8.3,28.666666666666668
16,88.0,62,24.8,0.2539682539682539,7.199999999999999,27.33333333333333
15,89.0,63,23.9,0.234375,6.1,26.0
14,90.0,64,23.0,0.2153846153846154,5.0,24.666666666666668
13,91.0,65,22.1,0.1969696969696969,3.9,23.33333333333333
24,80.0,66,32.0,0.3582089552238806,16.0,34.0
23,81.0,67,31.1,0.3382352941176471,14.9,32.666666666666664
22,82.0,68,30.200000000000003,0.3188405797101449,13.8,31.33333333333333
21,83.0,69,29.3,0.3,12.7,30.0
24,80.0,70,32.0,0.3380281690140845,16.0,32.666666666666664
23,81.0,71,31.1,0.3194444444444444,14.9,31.33333333333333
22,82.0,72,30.200000000000003,0.3013698630136986,13.8,30.0
21,83.0,73,29.3,0.2837837837837837,12.7,28.666666666666668
20,84.0,74,28.4,0.2666666666666666,11.6,27.33333333333333
19,85.0,75,27.5,0.25,10.5,26.0
18,86.0,76,26.6,0.2337662337662337,9.4,24.666666666666668
17,87.0,77,25.700000000000003,0.2179487179487179,8.3,23.33333333333333
16,88.0,78,24.8,0.2025316455696202,7.199999999999999,22.0
15,89.0,79,23.9,0.1875,6.1,20.666666666666668
18,86.0,1,26.6,9.0,9.4,49.66666666666666
17,87.0,2,25.700000000000003,5.666666666666667,8.3,48.333333333333336
16,88.0,3,24.8,4.0,7.199999999999999,47.0
15,89.0,4,23.9,3.0,6.1,45.66666666666666
14,90.0,5,23.0,2.333333333333333,5.0,44.333333333333336
13,91.0,6,22.1,1.8571428571428568,3.9,43.0
24,80.0,7,32.0,3.0,16.0,53.66666666666666
23,81.0,8,31.1,2.555555555555556,14.9,52.333333333333336
22,82.0,9,30.200000000000003,2.2,13.8,51.0
21,83.0,10,29.3,1.9090909090909087,12.7,49.66666666666666
20,84.0,11,28.4,1.6666666666666667,11.6,48.333333333333336
19,85.0,12,27.5,1.4615384615384617,10.5,47.0
18,86.0,13,26.6,1.2857142857142858,9.4,45.66666666666666
17,87.0,14,25.700000000000003,1.1333333333333333,8.3,44.333333333333336
16,88.0,15,24.8,1.0,7.199999999999999,43.0
15,89.0,16,23.9,0.8823529411764706,6.1,41.66666666666666
14,90.0,17,23.0,0.7777777777777778,5.0,40.333333333333336
13,91.0,18,22.1,0.6842105263157895,3.9,39.0
24,80.0,19,32.0,1.2,16.0,49.66666666666666
23,81.0,20,31.1,1.0952380952380951,14.9,48.333333333333336
22,82.0,21,30.200000000000003,1.0,13.8,47.0
21,83.0,22,29.3,0.9130434782608696,12.7,45.66666666666666
20,84.0,23,28.4,0.8333333333333334,11.6,44.333333333333336
19,85.0,24,27.5,0.76,10.5,43.0
18,86.0,25,26.6,0.6923076923076923,9.4,41.66666666666666
17,87.0,26,25.700000000000003,0.6296296296296297,8.3,40.333333333333336
16,88.0,27,24.8,0.5714285714285714,7.199999999999999,39.0
15,89.0,28,23.9,0.5172413793103449,6.1,37.66666666666666
14,90.0,29,23.0,0.4666666666666667,5.0,36.333333333333336
13,91.0,30,22.1,0.4193548387096774,3.9,35.0
24,80.0,31,32.0,0.75,16.0,45.66666666666666
23,81.0,32,31.1,0.696969696969697,14.9,44.333333333333336
22,82.0,33,30.200000000000003,0.6470588235294118,13.8,43.0
21,83.0,34,29.3,0.6,12.7,41.66666666666666
20,84.0,35,28.4,0.5555555555555556,11.6,40.333333333333336
19,85.0,36,27.5,0.5135135135135135,10.5,39.0
18,86.0,37,26.6,0.4736842105263157,9.4,37.66666666666666
17,87.0,38,25.700000000000003,0.4358974358974359,8.3,36.333333333333336
16,88.0,39,24.8,0.4,7.199999999999999,35.0
15,89.0,40,23.9,0.3658536585365853,6.1,33.666666666666664
14,90.0,41,23.0,0.3333333333333333,5.0,32.333333333333336
24,80.0,42,32.0,0.5581395348837209,16.0,42.0
23,81.0,43,31.1,0.5227272727272727,14.9,40.66666666666666
22,82.0,44,30.200000000000003,0.4888888888888889,13.8,39.333333333333336
21,83.0,45,29.3,0.4565217391304347,12.7,38.0
20,84.0,46,28.4,0.425531914893617,11.6,36.66666666666666
19,85.0,47,27.5,0.3958333333333333,10.5,35.333333333333336
18,86.0,48,26.6,0.3673469387755102,9.4,34.0
17,87.0,49,25.700000000000003,0.34,8.3,32.666666666666664
16,88.0,50,24.8,0.3137254901960784,7.199999999999999,31.33333333333333
15,89.0,51,23.9,0.2884615384615384,6.1,30.0
14,90.0,52,23.0,0.2641509433962264,5.0,28.666666666666668
13,91.0,53,22.1,0.2407407407407407,3.9,27.33333333333333
24,80.0,54,32.0,0.4363636363636363,16.0,38.0
23,81.0,55,31.1,0.4107142857142857,14.9,36.66666666666666
22,82.0,56,30.200000000000003,0.3859649122807017,13.8,35.333333333333336
21,83.0,57,29.3,0.3620689655172414,12.7,34.0
20,84.0,58,28.4,0.3389830508474576,11.6,32.666666666666664
19,85.0,59,27.5,0.3166666666666666,10.5,31.33333333333333
18,86.0,60,26.6,0.2950819672131147,9.4,30.0
17,87.0,61,25.700000000000003,0.2741935483870967,8.3,28.666666666666668
16,88.0,62,24.8,0.2539682539682539,7.199999999999999,27.33333333333333
15,89.0,63,23.9,0.234375,6.1,26.0
14,90.0,64,23.0,0.2153846153846154,5.0,24.666666666666668
13,91.0,65,22.1,0.1969696969696969,3.9,23.33333333333333
24,80.0,66,32.0,0.3582089552238806,16.0,34.0
23,81.0,67,31.1,0.3382352941176471,14.9,32.666666666666664
22,82.0,68,30.200000000000003,0.3188405797101449,13.8,31.33333333333333
21,83.0,69,29.3,0.3,12.7,30.0
18,86.0,1,26.6,9.0,9.4,49.66666666666666
17,87.0,2,25.700000000000003,5.666666666666667,8.3,48.333333333333336
16,88.0,3,24.8,4.0,7.199999999999999,47.0
15,89.0,4,23.9,3.0,6.1,45.66666666666666
14,90.0,5,23.0,2.333333333333333,5.0,44.333333333333336
13,91.0,6,22.1,1.8571428571428568,3.9,43.0
24,80.0,7,32.0,3.0,16.0,53.66666666666666
23,81.0,8,31.1,2.555555555555556,14.9,52.333333333333336
22,82.0,9,30.200000000000003,2.2,13.8,51.0
21,83.0,10,29.3,1.9090909090909087,12.7,49.66666666666666
20,84.0,11,28.4,1.6666666666666667,11.6,48.333333333333336
19,85.0,12,27.5,1.4615384615384617,10.5,47.0
18,86.0,13,26.6,1.2857142857142858,9.4,45.66666666666666
17,87.0,14,25.700000000000003,1.1333333333333333,8.3,44.333333333333336
16,88.0,15,24.8,1.0,7.199999999999999,43.0
15,89.0,16,23.9,0.8823529411764706,6.1,41.66666666666666
14,90.0,17,23.0,0.7777777777777778,5.0,40.333333333333336
13,91.0,18,22.1,0.6842105263157895,3.9,39.0
24,80.0,19,32.0,1.2,16.0,49.66666666666666
23,81.0,20,31.1,1.0952380952380951,14.9,48.333333333333336
22,82.0,21,30.200000000000003,1.0,13.8,47.0
21,83.0,22,29.3,0.9130434782608696,12.7,45.66666666666666
20,84.0,23,28.4,0.8333333333333334,11.6,44.333333333333336
19,85.0,24,27.5,0.76,10.5,43.0
18,86.0,25,26.6,0.6923076923076923,9.4,41.66666666666666
17,87.0,26,25.700000000000003,0.6296296296296297,8.3,40.333333333333336
16,88.0,27,24.8,0.5714285714285714,7.199999999999999,39.0
15,89.0,28,23.9,0.5172413793103449,6.1,37.66666666666666
14,90.0,29,23.0,0.4666666666666667,5.0,36.333333333333336
13,91.0,30,22.1,0.4193548387096774,3.9,35.0
24,80.0,31,32.0,0.75,16.0,45.66666666666666
23,81.0,32,31.1,0.696969696969697,14.9,44.333333333333336
22,82.0,33,30.200000000000003,0.6470588235294118,13.8,43.0
21,83.0,34,29.3,0.6,12.7,41.66666666666666
20,84.0,35,28.4,0.5555555555555556,11.6,40.333333333333336
19,85.0,36,27.5,0.5135135135135135,10.5,39.0
18,86.0,37,26.6,0.4736842105263157,9.4,37.66666666666666
17,87.0,38,25.700000000000003,0.4358974358974359,8.3,36.333333333333336
16,88.0,39,24.8,0.4,7.199999999999999,35.0
15,89.0,40,23.9,0.3658536585365853,6.1,33.666666666666664
14,90.0,41,23.0,0.3333333333333333,5.0,32.333333333333336
24,80.0,42,32.0,0.5581395348837209,16.0,42.0
23,81.0,43,31.1,0.5227272727272727,14.9,40.66666666666666
22,82.0,44,30.200000000000003,0.4888888888888889,13.8,39.333333333333336
21,83.0,45,29.3,0.4565217391304347,12.7,38.0
20,84.0,46,28.4,0.425531914893617,11.6,36.66666666666666
19,85.0,47,27.5,0.3958333333333333,10.5,35.333333333333336
18,86.0,48,26.6,0.3673469387755102,9.4,34.0
17,87.0,49,25.700000000000003,0.34,8.3,32.666666666666664
16,88.0,50,24.8,0.3137254901960784,7.199999999999999,31.33333333333333
15,89.0,51,23.9,0.2884615384615384,6.1,30.0
14,90.0,52,23.0,0.2641509433962264,5.0,28.666666666666668
13,91.0,53,22.1,0.2407407407407407,3.9,27.33333333333333
24,80.0,54,32.0,0.4363636363636363,16.0,38.0
23,81.0,55,31.1,0.4107142857142857,14.9,36.66666666666666
22,82.0,56,30.200000000000003,0.3859649122807017,13.8,35.333333333333336
21,83.0,57,29.3,0.3620689655172414,12.7,34.0
20,84.0,58,28.4,0.3389830508474576,11.6,32.666666666666664
19,85.0,59,27.5,0.3166666666666666,10.5,31.33333333333333
18,86.0,60,26.6,0.2950819672131147,9.4,30.0
17,87.0,61,25.700000000000003,0.2741935483870967,8.3,28.666666666666668
16,88.0,62,24.8,0.2539682539682539,7.199999999999999,27.33333333333333
15,89.0,63,23.9,0.234375,6.1,26.0
14,90.0,64,23.0,0.2153846153846154,5.0,24.666666666666668
13,91.0,65,22.1,0.1969696969696969,3.9,23.33333333333333
24,80.0,66,32.0,0.3582089552238806,16.0,34.0
23,81.0,67,31.1,0.3382352941176471,14.9,32.666666666666664
22,82.0,68,30.200000000000003,0.3188405797101449,13.8,31.33333333333333
21,83.0,69,29.3,0.3,12.7,30.0
18,86.0,1,26.6,9.0,9.4,49.66666666666666
17,87.0,2,25.700000000000003,5.666666666666667,8.3,48.333333333333336
16,88.0,3,24.8,4.0,7.199999999999999,47.0
15,89.0,4,23.9,3.0,6.1,45.66666666666666
14,90.0,5,23.0,2.333333333333333,5.0,44.333333333333336
13,91.0,6,22.1,1.8571428571428568,3.9,43.0
24,80.0,7,32.0,3.0,16.0,53.66666666666666
23,81.0,8,31.1,2.555555555555556,14.9,52.333333333333336
22,82.0,9,30.200000000000003,2.2,13.8,51.0
21,83.0,10,29.3,1.9090909090909087,12.7,49.66666666666666
20,84.0,11,28.4,1.6666666666666667,11.6,48.333333333333336
19,85.0,12,27.5,1.4615384615384617,10.5,47.0
18,86.0,13,26.6,1.2857142857142858,9.4,45.66666666666666
17,87.0,14,25.700000000000003,1.1333333333333333,8.3,44.333333333333336
16,88.0,15,24.8,1.0,7.199999999999999,43.0
15,89.0,16,23.9,0.8823529411764706,6.1,41.66666666666666
14,90.0,17,23.0,0.7777777777777778,5.0,40.333333333333336
13,91.0,18,22.1,0.6842105263157895,3.9,39.0
24,80.0,19,32.0,1.2,16.0,49.66666666666666
23,81.0,20,31.1,1.0952380952380951,14.9,48.333333333333336
22,82.0,21,30.200000000000003,1.0,13.8,47.0
21,83.0,22,29.3,0.9130434782608696,12.7,45.66666666666666
20,84.0,23,28.4,0.8333333333333334,11.6,44.333333333333336
19,85.0,24,27.5,0.76,10.5,43.0
18,86.0,25,26.6,0.6923076923076923,9.4,41.66666666666666
17,87.0,26,25.700000000000003,0.6296296296296297,8.3,40.333333333333336
16,88.0,27,24.8,0.5714285714285714,7.199999999999999,39.0
15,89.0,28,23.9,0.5172413793103449,6.1,37.66666666666666
14,90.0,29,23.0,0.4666666666666667,5.0,36.333333333333336
13,91.0,30,22.1,0.4193548387096774,3.9,35.0
24,80.0,31,32.0,0.75,16.0,45.66666666666666
23,81.0,32,31.1,0.696969696969697,14.9,44.333333333333336
22,82.0,33,30.200000000000003,0.6470588235294118,13.8,43.0
21,83.0,34,29.3,0.6,12.7,41.66666666666666
20,84.0,35,28.4,0.5555555555555556,11.6,40.333333333333336
19,85.0,36,27.5,0.5135135135135135,10.5,39.0
18,86.0,37,26.6,0.4736842105263157,9.4,37.66666666666666
17,87.0,38,25.700000000000003,0.4358974358974359,8.3,36.333333333333336
16,88.0,39,24.8,0.4,7.199999999999999,35.0
15,89.0,40,23.9,0.3658536585365853,6.1,33.666666666666664
14,90.0,41,23.0,0.3333333333333333,5.0,32.333333333333336
24,80.0,42,32.0,0.5581395348837209,16.0,42.0
23,81.0,43,31.1,0.5227272727272727,14.9,40.66666666666666
22,82.0,44,30.200000000000003,0.4888888888888889,13.8,39.333333333333336
21,83.0,45,29.3,0.4565217391304347,12.7,38.0
20,84.0,46,28.4,0.425531914893617,11.6,36.66666666666666
19,85.0,47,27.5,0.3958333333333333,10.5,35.333333333333336
18,86.0,48,26.6,0.3673469387755102,9.4,34.0
17,87.0,49,25.700000000000003,0.34,8.3,32.666666666666664
16,88.0,50,24.8,0.3137254901960784,7.199999999999999,31.33333333333333
15,89.0,51,23.9,0.2884615384615384,6.1,30.0
14,90.0,52,23.0,0.2641509433962264,5.0,28.666666666666668
13,91.0,53,22.1,0.2407407407407407,3.9,27.33333333333333
24,80.0,54,32.0,0.4363636363636363,16.0,38.0
23,81.0,55,31.1,0.4107142857142857,14.9,36.66666666666666
22,82.0,56,30.200000000000003,0.3859649122807017,13.8,35.333333333333336
21,83.0,57,29.3,0.3620689655172414,12.7,34.0
20,84.0,58,28.4,0.3389830508474576,11.6,32.666666666666664
19,85.0,59,27.5,0.3166666666666666,10.5,31.33333333333333
18,86.0,60,26.6,0.2950819672131147,9.4,30.0
17,87.0,61,25.700000000000003,0.2741935483870967,8.3,28.666666666666668
16,88.0,62,24.8,0.2539682539682539,7.199999999999999,27.33333333333333
15,89.0,63,23.9,0.234375,6.1,26.0
14,90.0,64,23.0,0.2153846153846154,5.0,24.666666666666668
13,91.0,65,22.1,0.1969696969696969,3.9,23.33333333333333
24,80.0,66,32.0,0.3582089552238806,16.0,34.0
23,81.0,67,31.1,0.3382352941176471,14.9,32.666666666666664
22,82.0,68,30.200000000000003,0.3188405797101449,13.8,31.33333333333333
21,83.0,69,29.3,0.3,12.7,30.0
18,86.0,1,26.6,9.0,9.4,49.66666666666666
17,87.0,2,25.700000000000003,5.666666666666667,8.3,48.333333333333336
16,88.0,3,24.8,4.0,7.199999999999999,47.0
15,89.0,4,23.9,3.0,6.1,45.66666666666666
14,90.0,5,23.0,2.333333333333333,5.0,44.333333333333336
13,91.0,6,22.1,1.8571428571428568,3.9,43.0
24,80.0,7,32.0,3.0,16.0,53.66666666666666
23,81.0,8,31.1,2.555555555555556,14.9,52.333333333333336
22,82.0,9,30.200000000000003,2.2,13.8,51.0
21,83.0,10,29.3,1.9090909090909087,12.7,49.66666666666666
20,84.0,11,28.4,1.6666666666666667,11.6,48.333333333333336
19,85.0,12,27.5,1.4615384615384617,10.5,47.0
18,86.0,13,26.6,1.2857142857142858,9.4,45.66666666666666
17,87.0,14,25.700000000000003,1.1333333333333333,8.3,44.333333333333336
16,88.0,15,24.8,1.0,7.199999999999999,43.0
15,89.0,16,23.9,0.8823529411764706,6.1,41.66666666666666
14,90.0,17,23.0,0.7777777777777778,5.0,40.333333333333336
13,91.0,18,22.1,0.6842105263157895,3.9,39.0
24,80.0,19,32.0,1.2,16.0,49.66666666666666
23,81.0,20,31.1,1.0952380952380951,14.9,48.333333333333336
22,82.0,21,30.200000000000003,1.0,13.8,47.0
21,83.0,22,29.3,0.9130434782608696,12.7,45.66666666666666
20,84.0,23,28.4,0.8333333333333334,11.6,44.333333333333336
19,85.0,24,27.5,0.76,10.5,43.0
18,86.0,25,26.6,0.6923076923076923,9.4,41.66666666666666
17,87.0,26,25.700000000000003,0.6296296296296297,8.3,40.333333333333336
16,88.0,27,24.8,0.5714285714285714,7.199999999999999,39.0
15,89.0,28,23.9,0.5172413793103449,6.1,37.66666666666666
14,90.0,29,23.0,0.4666666666666667,5.0,36.333333333333336
13,91.0,30,22.1,0.4193548387096774,3.9,35.0
24,80.0,31,32.0,0.75,16.0,45.66666666666666
23,81.0,32,31.1,0.696969696969697,14.9,44.333333333333336
22,82.0,33,30.200000000000003,0.6470588235294118,13.8,43.0
21,83.0,34,29.3,0.6,12.7,41.66666666666666
20,84.0,35,28.4,0.5555555555555556,11.6,40.333333333333336
19,85.0,36,27.5,0.5135135135135135,10.5,39.0
18,86.0,37,26.6,0.4736842105263157,9.4,37.66666666666666
17,87.0,38,25.700000000000003,0.4358974358974359,8.3,36.333333333333336
16,88.0,39,24.8,0.4,7.199999999999999,35.0
15,89.0,40,23.9,0.3658536585365853,6.1,33.666666666666664
14,90.0,41,23.0,0.3333333333333333,5.0,32.333333333333336
24,80.0,42,32.0,0.5581395348837209,16.0,42.0
23,81.0,43,31.1,0.5227272727272727,14.9,40.66666666666666
22,82.0,44,30.200000000000003,0.4888888888888889,13.8,39.333333333333336
21,83.0,45,29.3,0.4565217391304347,12.7,38.0
20,84.0,46,28.4,0.425531914893617,11.6,36.66666666666666
19,85.0,47,27.5,0.3958333333333333,10.5,35.333333333333336
18,86.0,48,26.6,0.3673469387755102,9.4,34.0
17,87.0,49,25.700000000000003,0.34,8.3,32.666666666666664
18,86.0,1,26.6,9.0,9.4,49.66666666666666
17,87.0,2,25.700000000000003,5.666666666666667,8.3,48.333333333333336
16,88.0,3,24.8,4.0,7.199999999999999,47.0
15,89.0,4,23.9,3.0,6.1,45.66666666666666
14,90.0,5,23.0,2.333333333333333,5.0,44.333333333333336
13,91.0,6,22.1,1.8571428571428568,3.9,43.0
24,80.0,7,32.0,3.0,16.0,53.66666666666666
23,81.0,8,31.1,2.555555555555556,14.9,52.333333333333336
22,82.0,9,30.200000000000003,2.2,13.8,51.0
21,83.0,10,29.3,1.9090909090909087,12.7,49.66666666666666
20,84.0,11,28.4,1.6666666666666667,11.6,48.333333333333336
19,85.0,12,27.5,1.4615384615384617,10.5,47.0
18,86.0,13,26.6,1.2857142857142858,9.4,45.66666666666666
17,87.0,14,25.700000000000003,1.1333333333333333,8.3,44.333333333333336
16,88.0,15,24.8,1.0,7.199999999999999,43.0
15,89.0,16,23.9,0.8823529411764706,6.1,41.66666666666666
14,90.0,17,23.0,0.7777777777777778,5.0,40.333333333333336
13,91.0,18,22.1,0.6842105263157895,3.9,39.0
24,80.0,19,32.0,1.2,16.0,49.66666666666666
23,81.0,20,31.1,1.0952380952380951,14.9,48.333333333333336
22,82.0,21,30.200000000000003,1.0,13.8,47.0
21,83.0,22,29.3,0.9130434782608696,12.7,45.66666666666666
20,84.0,23,28.4,0.8333333333333334,11.6,44.333333333333336
19,85.0,24,27.5,0.76,10.5,43.0
18,86.0,25,26.6,0.6923076923076923,9.4,41.66666666666666
17,87.0,26,25.700000000000003,0.6296296296296297,8.3,40.333333333333336
16,88.0,27,24.8,0.5714285714285714,7.199999999999999,39.0
15,89.0,28,23.9,0.5172413793103449,6.1,37.66666666666666
14,90.0,29,23.0,0.4666666666666667,5.0,36.333333333333336
13,91.0,30,22.1,0.4193548387096774,3.9,35.0
24,80.0,31,32.0,0.75,16.0,45.66666666666666
23,81.0,32,31.1,0.696969696969697,14.9,44.333333333333336
22,82.0,33,30.200000000000003,0.6470588235294118,13.8,43.0
21,83.0,34,29.3,0.6,12.7,41.66666666666666
20,84.0,35,28.4,0.5555555555555556,11.6,40.333333333333336
19,85.0,36,27.5,0.5135135135135135,10.5,39.0
18,86.0,37,26.6,0.4736842105263157,9.4,37.66666666666666
17,87.0,38,25.700000000000003,0.4358974358974359,8.3,36.333333333333336
16,88.0,39,24.8,0.4,7.199999999999999,35.0
15,89.0,40,23.9,0.3658536585365853,6.1,33.666666666666664
14,90.0,41,23.0,0.3333333333333333,5.0,32.333333333333336
24,80.0,42,32.0,0.5581395348837209,16.0,42.0
23,81.0,43,31.1,0.5227272727272727,14.9,40.66666666666666
22,82.0,44,30.200000000000003,0.4888888888888889,13.8,39.333333333333336
21,83.0,45,29.3,0.4565217391304347,12.7,38.0
20,84.0,46,28.4,0.425531914893617,11.6,36.66666666666666
19,85.0,47,27.5,0.3958333333333333,10.5,35.333333333333336
18,86.0,48,26.6,0.3673469387755102,9.4,34.0
17,87.0,49,25.700000000000003,0.34,8.3,32.666666666666664
16,88.0,50,24.8,0.3137254901960784,7.199999999999999,31.33333333333333
15,89.0,51,23.9,0.2884615384615384,6.1,30.0
14,90.0,52,23.0,0.2641509433962264,5.0,28.666666666666668
13,91.0,53,22.1,0.2407407407407407,3.9,27.33333333333333
24,80.0,54,32.0,0.4363636363636363,16.0,38.0
23,81.0,55,31.1,0.4107142857142857,14.9,36.66666666666666
22,82.0,56,30.200000000000003,0.3859649122807017,13.8,35.333333333333336
21,83.0,57,29.3,0.3620689655172414,12.7,34.0
20,84.0,58,28.4,0.3389830508474576,11.6,32.666666666666664
19,85.0,59,27.5,0.3166666666666666,10.5,31.33333333333333
18,86.0,60,26.6,0.2950819672131147,9.4,30.0
17,87.0,61,25.700000000000003,0.2741935483870967,8.3,28.666666666666668
16,88.0,62,24.8,0.2539682539682539,7.199999999999999,27.33333333333333
15,89.0,63,23.9,0.234375,6.1,26.0
14,90.0,64,23.0,0.2153846153846154,5.0,24.666666666666668
13,91.0,65,22.1,0.1969696969696969,3.9,23.33333333333333
24,80.0,66,32.0,0.3582089552238806,16.0,34.0
23,81.0,67,31.1,0.3382352941176471,14.9,32.666666666666664
22,82.0,68,30.200000000000003,0.3188405797101449,13.8,31.33333333333333
21,83.0,69,29.3,0.3,12.7,30.0
18,86.0,1,26.6,9.0,9.4,49.66666666666666
17,87.0,2,25.700000000000003,5.666666666666667,8.3,48.333333333333336
16,88.0,3,24.8,4.0,7.199999999999999,47.0
15,89.0,4,23.9,3.0,6.1,45.66666666666666
14,90.0,5,23.0,2.333333333333333,5.0,44.333333333333336
13,91.0,6,22.1,1.8571428571428568,3.9,43.0
24,80.0,7,32.0,3.0,16.0,53.66666666666666
23,81.0,8,31.1,2.555555555555556,14.9,52.333333333333336
22,82.0,9,30.200000000000003,2.2,13.8,51.0
21,83.0,10,29.3,1.9090909090909087,12.7,49.66666666666666
20,84.0,11,28.4,1.6666666666666667,11.6,48.333333333333336
19,85.0,12,27.5,1.4615384615384617,10.5,47.0
18,86.0,13,26.6,1.2857142857142858,9.4,45.66666666666666
17,87.0,14,25.700000000000003,1.1333333333333333,8.3,44.333333333333336
16,88.0,15,24.8,1.0,7.199999999999999,43.0
15,89.0,16,23.9,0.8823529411764706,6.1,41.66666666666666
14,90.0,17,23.0,0.7777777777777778,5.0,40.333333333333336
13,91.0,18,22.1,0.6842105263157895,3.9,39.0
24,80.0,19,32.0,1.2,16.0,49.66666666666666
23,81.0,20,31.1,1.0952380952380951,14.9,48.333333333333336
22,82.0,21,30.200000000000003,1.0,13.8,47.0
21,83.0,22,29.3,0.9130434782608696,12.7,45.66666666666666
20,84.0,23,28.4,0.8333333333333334,11.6,44.333333333333336
19,85.0,24,27.5,0.76,10.5,43.0
18,86.0,25,26.6,0.6923076923076923,9.4,41.66666666666666
17,87.0,26,25.700000000000003,0.6296296296296297,8.3,40.333333333333336
16,88.0,27,24.8,0.5714285714285714,7.199999999999999,39.0
15,89.0,28,23.9,0.5172413793103449,6.1,37.66666666666666
14,90.0,29,23.0,0.4666666666666667,5.0,36.333333333333336
13,91.0,30,22.1,0.4193548387096774,3.9,35.0
24,80.0,31,32.0,0.75,16.0,45.66666666666666
23,81.0,32,31.1,0.696969696969697,14.9,44.333333333333336
22,82.0,33,30.200000000000003,0.6470588235294118,13.8,43.0
21,83.0,34,29.3,0.6,12.7,41.66666666666666
20,84.0,35,28.4,0.5555555555555556,11.6,40.333333333333336
19,85.0,36,27.5,0.5135135135135135,10.5,39.0
18,86.0,37,26.6,0.4736842105263157,9.4,37.66666666666666
17,87.0,38,25.700000000000003,0.4358974358974359,8.3,36.333333333333336
16,88.0,39,24.8,0.4,7.199999999999999,35.0
15,89.0,40,23.9,0.3658536585365853,6.1,33.666666666666664
14,90.0,41,23.0,0.3333333333333333,5.0,32.333333333333336
24,80.0,42,32.0,0.5581395348837209,16.0,42.0
23,81.0,43,31.1,0.5227272727272727,14.9,40.66666666666666
22,82.0,44,30.200000000000003,0.4888888888888889,13.8,39.333333333333336
21,83.0,45,29.3,0.4565217391304347,12.7,38.0
20,84.0,46,28.4,0.425531914893617,11.6,36.66666666666666
19,85.0,47,27.5,0.3958333333333333,10.5,35.333333333333336
18,86.0,48,26.6,0.3673469387755102,9.4,34.0
17,87.0,49,25.700000000000003,0.34,8.3,32.666666666666664
16,88.0,50,24.8,0.3137254901960784,7.199999999999999,31.33333333333333
15,89.0,51,23.9,0.2884615384615384,6.1,30.0
14,90.0,52,23.0,0.2641509433962264,5.0,28.666666666666668
13,91.0,53,22.1,0.2407407407407407,3.9,27.33333333333333
24,80.0,54,32.0,0.4363636363636363,16.0,38.0
23,81.0,55,31.1,0.4107142857142857,14.9,36.66666666666666
22,82.0,56,30.200000000000003,0.3859649122807017,13.8,35.333333333333336
21,83.0,57,29.3,0.3620689655172414,12.7,34.0
20,84.0,58,28.4,0.3389830508474576,11.6,32.666666666666664
19,85.0,59,27.5,0.3166666666666666,10.5,31.33333333333333
18,86.0,1,26.6,9.0,9.4,49.66666666666666
17,87.0,2,25.700000000000003,5.666666666666667,8.3,48.333333333333336
16,88.0,3,24.8,4.0,7.199999999999999,47.0
15,89.0,4,23.9,3.0,6.1,45.66666666666666
14,90.0,5,23.0,2.333333333333333,5.0,44.333333333333336
13,91.0,6,22.1,1.8571428571428568,3.9,43.0
24,80.0,7,32.0,3.0,16.0,53.66666666666666
23,81.0,8,31.1,2.555555555555556,14.9,52.333333333333336
22,82.0,9,30.200000000000003,2.2,13.8,51.0
21,83.0,10,29.3,1.9090909090909087,12.7,49.66666666666666
20,84.0,11,28.4,1.6666666666666667,11.6,48.333333333333336
19,85.0,12,27.5,1.4615384615384617,10.5,47.0
18,86.0,13,26.6,1.2857142857142858,9.4,45.66666666666666
17,87.0,14,25.700000000000003,1.1333333333333333,8.3,44.333333333333336
16,88.0,15,24.8,1.0,7.199999999999999,43.0
15,89.0,16,23.9,0.8823529411764706,6.1,41.66666666666666
14,90.0,17,23.0,0.7777777777777778,5.0,40.333333333333336
13,91.0,18,22.1,0.6842105263157895,3.9,39.0
24,80.0,19,32.0,1.2,16.0,49.66666666666666
23,81.0,20,31.1,1.0952380952380951,14.9,48.333333333333336
22,82.0,21,30.200000000000003,1.0,13.8,47.0
21,83.0,22,29.3,0.9130434782608696,12.7,45.66666666666666
20,84.0,23,28.4,0.8333333333333334,11.6,44.333333333333336
19,85.0,24,27.5,0.76,10.5,43.0
18,86.0,25,26.6,0.6923076923076923,9.4,41.66666666666666
17,87.0,26,25.700000000000003,0.6296296296296297,8.3,40.333333333333336
16,88.0,27,24.8,0.5714285714285714,7.199999999999999,39.0
15,89.0,28,23.9,0.5172413793103449,6.1,37.66666666666666
14,90.0,29,23.0,0.4666666666666667,5.0,36.333333333333336
13,91.0,30,22.1,0.4193548387096774,3.9,35.0
24,80.0,31,32.0,0.75,16.0,45.66666666666666
23,81.0,32,31.1,0.696969696969697,14.9,44.333333333333336
22,82.0,33,30.200000000000003,0.6470588235294118,13.8,43.0
21,83.0,34,29.3,0.6,12.7,41.66666666666666
20,84.0,35,28.4,0.5555555555555556,11.6,40.333333333333336
19,85.0,36,27.5,0.5135135135135135,10.5,39.0
18,86.0,37,26.6,0.4736842105263157,9.4,37.66666666666666
17,87.0,38,25.700000000000003,0.4358974358974359,8.3,36.333333333333336
16,88.0,39,24.8,0.4,7.199999999999999,35.0
15,89.0,40,23.9,0.3658536585365853,6.1,33.666666666666664
14,90.0,41,23.0,0.3333333333333333,5.0,32.333333333333336
24,80.0,42,32.0,0.5581395348837209,16.0,42.0
23,81.0,43,31.1,0.5227272727272727,14.9,40.66666666666666
22,82.0,44,30.200000000000003,0.4888888888888889,13.8,39.333333333333336
21,83.0,45,29.3,0.4565217391304347,12.7,38.0
20,84.0,46,28.4,0.425531914893617,11.6,36.66666666666666
19,85.0,47,27.5,0.3958333333333333,10.5,35.333333333333336
18,86.0,48,26.6,0.3673469387755102,9.4,34.0
17,87.0,49,25.700000000000003,0.34,8.3,32.666666666666664
16,88.0,50,24.8,0.3137254901960784,7.199999999999999,31.33333333333333
15,89.0,51,23.9,0.2884615384615384,6.1,30.0
14,90.0,52,23.0,0.2641509433962264,5.0,28.666666666666668
13,91.0,53,22.1,0.2407407407407407,3.9,27.33333333333333
24,80.0,54,32.0,0.4363636363636363,16.0,38.0
23,81.0,55,31.1,0.4107142857142857,14.9,36.66666666666666
22,82.0,56,30.200000000000003,0.3859649122807017,13.8,35.333333333333336
21,83.0,57,29.3,0.3620689655172414,12.7,34.0
20,84.0,58,28.4,0.3389830508474576,11.6,32.666666666666664
19,85.0,59,27.5,0.3166666666666666,10.5,31.33333333333333
18,86.0,1,26.6,9.0,9.4,49.66666666666666
17,87.0,2,25.700000000000003,5.666666666666667,8.3,48.333333333333336
16,88.0,3,24.8,4.0,7.199999999999999,47.0
15,89.0,4,23.9,3.0,6.1,45.66666666666666
14,90.0,5,23.0,2.333333333333333,5.0,44.333333333333336
13,91.0,6,22.1,1.8571428571428568,3.9,43.0
24,80.0,7,32.0,3.0,16.0,53.66666666666666
23,81.0,8,31.1,2.555555555555556,14.9,52.333333333333336
22,82.0,9,30.200000000000003,2.2,13.8,51.0
21,83.0,10,29.3,1.9090909090909087,12.7,49.66666666666666
20,84.0,11,28.4,1.6666666666666667,11.6,48.333333333333336
19,85.0,12,27.5,1.4615384615384617,10.5,47.0
18,86.0,13,26.6,1.2857142857142858,9.4,45.66666666666666
17,87.0,14,25.700000000000003,1.1333333333333333,8.3,44.333333333333336
16,88.0,15,24.8,1.0,7.199999999999999,43.0
15,89.0,16,23.9,0.8823529411764706,6.1,41.66666666666666
14,90.0,17,23.0,0.7777777777777778,5.0,40.333333333333336
13,91.0,18,22.1,0.6842105263157895,3.9,39.0
24,80.0,19,32.0,1.2,16.0,49.66666666666666
23,81.0,20,31.1,1.0952380952380951,14.9,48.333333333333336
22,82.0,21,30.200000000000003,1.0,13.8,47.0
21,83.0,22,29.3,0.9130434782608696,12.7,45.66666666666666
20,84.0,23,28.4,0.8333333333333334,11.6,44.333333333333336
19,85.0,24,27.5,0.76,10.5,43.0
18,86.0,25,26.6,0.6923076923076923,9.4,41.66666666666666
17,87.0,26,25.700000000000003,0.6296296296296297,8.3,40.333333333333336
16,88.0,27,24.8,0.5714285714285714,7.199999999999999,39.0
15,89.0,28,23.9,0.5172413793103449,6.1,37.66666666666666
14,90.0,29,23.0,0.4666666666666667,5.0,36.333333333333336
13,91.0,30,22.1,0.4193548387096774,3.9,35.0
24,80.0,31,32.0,0.75,16.0,45.66666666666666
23,81.0,32,31.1,0.696969696969697,14.9,44.333333333333336
22,82.0,33,30.200000000000003,0.6470588235294118,13.8,43.0
21,83.0,34,29.3,0.6,12.7,41.66666666666666
20,84.0,35,28.4,0.5555555555555556,11.6,40.333333333333336
19,85.0,36,27.5,0.5135135135135135,10.5,39.0
18,86.0,37,26.6,0.4736842105263157,9.4,37.66666666666666
17,87.0,38,25.700000000000003,0.4358974358974359,8.3,36.333333333333336
16,88.0,39,24.8,0.4,7.199999999999999,35.0
15,89.0,40,23.9,0.3658536585365853,6.1,33.666666666666664
14,90.0,41,23.0,0.3333333333333333,5.0,32.333333333333336
24,80.0,42,32.0,0.5581395348837209,16.0,42.0
23,81.0,43,31.1,0.5227272727272727,14.9,40.66666666666666
22,82.0,44,30.200000000000003,0.4888888888888889,13.8,39.333333333333336
21,83.0,45,29.3,0.4565217391304347,12.7,38.0
20,84.0,46,28.4,0.425531914893617,11.6,36.66666666666666
19,85.0,47,27.5,0.3958333333333333,10.5,35.333333333333336
18,86.0,48,26.6,0.3673469387755102,9.4,34.0
17,87.0,49,25.700000000000003,0.34,8.3,32.666666666666664
18,86.0,1,26.6,9.0,9.4,49.66666666666666
17,87.0,2,25.700000000000003,5.666666666666667,8.3,48.333333333333336
16,88.0,3,24.8,4.0,7.199999999999999,47.0
15,89.0,4,23.9,3.0,6.1,45.66666666666666
14,90.0,5,23.0,2.333333333333333,5.0,44.333333333333336
13,91.0,6,22.1,1.8571428571428568,3.9,43.0
24,80.0,7,32.0,3.0,16.0,53.66666666666666
23,81.0,8,31.1,2.555555555555556,14.9,52.333333333333336
22,82.0,9,30.200000000000003,2.2,13.8,51.0
21,83.0,10,29.3,1.9090909090909087,12.7,49.66666666666666
20,84.0,11,28.4,1.6666666666666667,11.6,48.333333333333336
19,85.0,12,27.5,1.4615384615384617,10.5,47.0
18,86.0,13,26.6,1.2857142857142858,9.4,45.66666666666666
17,87.0,14,25.700000000000003,1.1333333333333333,8.3,44.333333333333336
16,88.0,15,24.8,1.0,7.199999999999999,43.0
15,89.0,16,23.9,0.8823529411764706,6.1,41.66666666666666
14,90.0,17,23.0,0.7777777777777778,5.0,40.333333333333336
13,91.0,18,22.1,0.6842105263157895,3.9,39.0
24,80.0,19,32.0,1.2,16.0,49.66666666666666
23,81.0,20,31.1,1.0952380952380951,14.9,48.333333333333336
22,82.0,21,30.200000000000003,1.0,13.8,47.0
21,83.0,22,29.3,0.9130434782608696,12.7,45.66666666666666
20,84.0,23,28.4,0.8333333333333334,11.6,44.333333333333336
19,85.0,24,27.5,0.76,10.5,43.0
18,86.0,25,26.6,0.6923076923076923,9.4,41.66666666666666
17,87.0,26,25.700000000000003,0.6296296296296297,8.3,40.333333333333336
16,88.0,27,24.8,0.5714285714285714,7.199999999999999,39.0
15,89.0,28,23.9,0.5172413793103449,6.1,37.66666666666666
14,90.0,29,23.0,0.4666666666666667,5.0,36.333333333333336
13,91.0,30,22.1,0.4193548387096774,3.9,35.0
24,80.0,31,32.0,0.75,16.0,45.66666666666666
23,81.0,32,31.1,0.696969696969697,14.9,44.333333333333336
22,82.0,33,30.200000000000003,0.6470588235294118,13.8,43.0
21,83.0,34,29.3,0.6,12.7,41.66666666666666
20,84.0,35,28.4,0.5555555555555556,11.6,40.333333333333336
19,85.0,36,27.5,0.5135135135135135,10.5,39.0
18,86.0,37,26.6,0.4736842105263157,9.4,37.66666666666666
17,87.0,38,25.700000000000003,0.4358974358974359,8.3,36.333333333333336
16,88.0,39,24.8,0.4,7.199999999999999,35.0
25,80.0,1,33.0,12.5,17.0,56.333333333333336
26,77.0,2,33.7,8.666666666666666,18.3,57.66666666666666
27,74.0,3,34.4,6.75,19.6,59.0
28,71.0,4,35.1,5.6,20.9,60.333333333333336
29,68.0,5,35.8,4.833333333333333,22.2,61.66666666666666
30,65.0,6,36.5,4.285714285714286,23.5,63.0
31,62.0,7,37.2,3.875,24.8,64.33333333333333
32,59.0,8,37.9,3.555555555555556,26.1,65.66666666666667
33,56.0,9,38.6,3.3,27.4,67.0
34,53.0,10,39.3,3.090909090909091,28.7,68.33333333333333
35,50.0,11,40.0,2.9166666666666665,30.0,69.66666666666667
36,47.0,12,40.7,2.769230769230769,31.3,71.0
37,44.0,13,41.4,2.642857142857143,32.6,72.33333333333333
38,41.0,14,42.1,2.533333333333333,33.9,73.66666666666667
39,38.0,15,42.8,2.4375,35.2,75.0
40,35.0,16,43.5,2.3529411764705883,36.5,76.33333333333333
41,32.0,17,44.2,2.2777777777777777,37.8,77.66666666666667
42,29.0,18,44.9,2.210526315789474,39.1,79.0
43,26.0,19,45.6,2.15,40.4,80.33333333333333
44,23.0,20,46.3,2.095238095238096,41.7,81.66666666666667
45,20.0,21,47.0,2.0454545454545454,43.0,83.0
46,17.0,22,47.7,2.0,44.3,84.33333333333333
25,78.0,23,32.8,1.0416666666666667,17.2,49.66666666666666
26,75.0,24,33.5,1.04,18.5,51.0
27,72.0,25,34.2,1.0384615384615383,19.8,52.333333333333336
28,69.0,26,34.9,1.037037037037037,21.1,53.66666666666666
29,66.0,27,35.6,1.0357142857142858,22.4,55.0
30,63.0,28,36.3,1.0344827586206895,23.7,56.333333333333336
31,60.0,29,37.0,1.0333333333333334,25.0,57.66666666666666
32,57.0,30,37.7,1.032258064516129,26.3,59.0
33,54.0,31,38.4,1.03125,27.6,60.333333333333336
34,51.0,32,39.1,1.0303030303030305,28.9,61.66666666666666
35,48.0,33,39.8,1.0294117647058822,30.2,63.0
36,45.0,34,40.5,1.0285714285714285,31.5,64.33333333333333
37,42.0,35,41.2,1.0277777777777777,32.8,65.66666666666667
38,39.0,36,41.9,1.027027027027027,34.1,67.0
39,36.0,37,42.6,1.0263157894736843,35.4,68.33333333333333
40,33.0,38,43.3,1.0256410256410255,36.7,69.66666666666667
41,30.0,39,44.0,1.025,38.0,71.0
42,27.0,40,44.7,1.024390243902439,39.3,72.33333333333333
43,24.0,41,45.4,1.0238095238095235,40.6,73.66666666666667
44,21.0,42,46.1,1.0232558139534884,41.9,75.0
45,18.0,43,46.8,1.0227272727272727,43.2,76.33333333333333
46,15.0,44,47.5,1.022222222222222,44.5,77.66666666666667
25,76.0,45,32.6,0.5434782608695652,17.4,43.0
26,73.0,46,33.3,0.5531914893617021,18.7,44.333333333333336
27,70.0,47,34.0,0.5625,20.0,45.66666666666666
28,67.0,48,34.7,0.5714285714285714,21.3,47.0
29,64.0,49,35.4,0.58,22.6,48.333333333333336
30,61.0,50,36.1,0.5882352941176471,23.9,49.66666666666666
31,58.0,51,36.8,0.5961538461538461,25.2,51.0
32,55.0,52,37.5,0.6037735849056604,26.5,52.333333333333336
33,52.0,53,38.2,0.6111111111111112,27.8,53.66666666666666
34,49.0,54,38.9,0.6181818181818182,29.1,55.0
35,46.0,55,39.6,0.625,30.4,56.333333333333336
36,43.0,56,40.3,0.631578947368421,31.7,57.66666666666666
37,40.0,57,41.0,0.6379310344827587,33.0,59.0
38,37.0,58,41.7,0.6440677966101694,34.3,60.333333333333336
39,34.0,59,42.4,0.65,35.6,61.66666666666666
40,31.0,60,43.1,0.6557377049180327,36.9,63.0
25,80.0,61,33.0,0.4032258064516129,17.0,36.333333333333336
26,77.0,62,33.7,0.4126984126984127,18.3,37.66666666666666
27,74.0,63,34.4,0.421875,19.6,39.0
28,71.0,64,35.1,0.4307692307692308,20.9,40.333333333333336
29,68.0,65,35.8,0.4393939393939394,22.2,41.66666666666666
30,65.0,66,36.5,0.4477611940298507,23.5,43.0
31,62.0,67,37.2,0.4558823529411764,24.8,44.333333333333336
32,59.0,68,37.9,0.463768115942029,26.1,45.66666666666666
33,56.0,69,38.6,0.4714285714285714,27.4,47.0
34,53.0,70,39.3,0.4788732394366197,28.7,48.333333333333336
35,50.0,71,40.0,0.4861111111111111,30.0,49.66666666666666
36,47.0,72,40.7,0.4931506849315068,31.3,51.0
37,44.0,73,41.4,0.5,32.6,52.333333333333336
38,41.0,74,42.1,0.5066666666666667,33.9,53.66666666666666
39,38.0,75,42.8,0.5131578947368421,35.2,55.0
40,35.0,76,43.5,0.5194805194805194,36.5,56.333333333333336
41,32.0,77,44.2,0.5256410256410257,37.8,57.66666666666666
42,29.0,78,44.9,0.5316455696202531,39.1,59.0
43,26.0,79,45.6,0.5375,40.4,60.333333333333336
44,23.0,80,46.3,0.5432098765432098,41.7,61.66666666666666
45,20.0,81,47.0,0.5487804878048781,43.0,63.0
46,17.0,82,47.7,0.5542168674698795,44.3,64.33333333333333
25,78.0,83,32.8,0.2976190476190476,17.2,29.666666666666668
26,75.0,84,33.5,0.3058823529411765,18.5,31.0
27,72.0,85,34.2,0.313953488372093,19.8,32.333333333333336
28,69.0,86,34.9,0.3218390804597701,21.1,33.666666666666664
29,66.0,87,35.6,0.3295454545454545,22.4,35.0
30,63.0,88,36.3,0.3370786516853932,23.7,36.333333333333336
31,60.0,89,37.0,0.3444444444444444,25.0,37.66666666666666
32,57.0,90,37.7,0.3516483516483517,26.3,39.0
33,54.0,91,38.4,0.358695652173913,27.6,40.333333333333336
34,51.0,92,39.1,0.3655913978494624,28.9,41.66666666666666
35,48.0,93,39.8,0.3723404255319149,30.2,43.0
36,45.0,94,40.5,0.3789473684210526,31.5,44.333333333333336
37,42.0,95,41.2,0.3854166666666667,32.8,45.66666666666666
38,39.0,96,41.9,0.3917525773195876,34.1,47.0
39,36.0,97,42.6,0.3979591836734694,35.4,48.333333333333336
40,33.0,98,43.3,0.404040404040404,36.7,49.66666666666666
41,30.0,99,44.0,0.41,38.0,51.0
42,27.0,100,44.7,0.4158415841584158,39.3,52.333333333333336
43,24.0,1,45.4,21.5,40.6,87.0
44,21.0,2,46.1,14.666666666666666,41.9,88.33333333333333
45,18.0,3,46.8,11.25,43.2,89.66666666666667
46,15.0,4,47.5,9.2,44.5,91.0
25,76.0,5,32.6,4.166666666666667,17.4,56.333333333333336
26,73.0,6,33.3,3.7142857142857135,18.7,57.66666666666666
27,70.0,7,34.0,3.375,20.0,59.0
28,67.0,8,34.7,3.111111111111111,21.3,60.333333333333336
29,64.0,9,35.4,2.9,22.6,61.66666666666666
30,61.0,10,36.1,2.727272727272727,23.9,63.0
31,58.0,11,36.8,2.583333333333333,25.2,64.33333333333333
32,55.0,12,37.5,2.4615384615384617,26.5,65.66666666666667
33,52.0,13,38.2,2.357142857142857,27.8,67.0
34,49.0,14,38.9,2.2666666666666666,29.1,68.33333333333333
35,46.0,15,39.6,2.1875,30.4,69.66666666666667
36,43.0,16,40.3,2.117647058823529,31.7,71.0
37,40.0,17,41.0,2.055555555555556,33.0,72.33333333333333
38,37.0,18,41.7,2.0,34.3,73.66666666666667
39,34.0,19,42.4,1.95,35.6,75.0
40,31.0,20,43.1,1.9047619047619049,36.9,76.33333333333333
25,80.0,21,33.0,1.1363636363636365,17.0,49.66666666666666
26,77.0,22,33.7,1.1304347826086956,18.3,51.0
27,74.0,23,34.4,1.125,19.6,52.333333333333336
28,71.0,24,35.1,1.12,20.9,53.66666666666666
29,68.0,25,35.8,1.1153846153846154,22.2,55.0
30,65.0,26,36.5,1.1111111111111112,23.5,56.333333333333336
31,62.0,27,37.2,1.1071428571428572,24.8,57.66666666666666
32,59.0,28,37.9,1.103448275862069,26.1,59.0
33,56.0,29,38.6,1.1,27.4,60.333333333333336
34,53.0,30,39.3,1.096774193548387,28.7,61.66666666666666
35,50.0,31,40.0,1.09375,30.0,63.0
36,47.0,32,40.7,1.0909090909090908,31.3,64.33333333333333
37,44.0,33,41.4,1.088235294117647,32.6,65.66666666666667
38,41.0,34,42.1,1.0857142857142856,33.9,67.0
39,38.0,35,42.8,1.0833333333333333,35.2,68.33333333333333
40,35.0,36,43.5,1.0810810810810811,36.5,69.66666666666667
41,32.0,37,44.2,1.0789473684210529,37.8,71.0
42,29.0,38,44.9,1.0769230769230769,39.1,72.33333333333333
43,26.0,39,45.6,1.075,40.4,73.66666666666667
44,23.0,40,46.3,1.0731707317073171,41.7,75.0
45,20.0,41,47.0,1.0714285714285714,43.0,76.33333333333333
46,17.0,42,47.7,1.069767441860465,44.3,77.66666666666667
25,78.0,43,32.8,0.5681818181818182,17.2,43.0
26,75.0,44,33.5,0.5777777777777777,18.5,44.333333333333336
27,72.0,45,34.2,0.5869565217391305,19.8,45.66666666666666
28,69.0,46,34.9,0.5957446808510638,21.1,47.0
29,66.0,47,35.6,0.6041666666666666,22.4,48.333333333333336
30,63.0,48,36.3,0.6122448979591837,23.7,49.66666666666666
31,60.0,49,37.0,0.62,25.0,51.0
32,57.0,50,37.7,0.6274509803921569,26.3,52.333333333333336
33,54.0,51,38.4,0.6346153846153846,27.6,53.66666666666666
34,51.0,52,39.1,0.6415094339622641,28.9,55.0
35,48.0,53,39.8,0.6481481481481481,30.2,56.333333333333336
36,45.0,54,40.5,0.6545454545454545,31.5,57.66666666666666
37,42.0,55,41.2,0.6607142857142857,32.8,59.0
38,39.0,56,41.9,0.6666666666666666,34.1,60.333333333333336
39,36.0,57,42.6,0.6724137931034483,35.4,61.66666666666666
40,33.0,58,43.3,0.6779661016949152,36.7,63.0
41,30.0,59,44.0,0.6833333333333333,38.0,64.33333333333333
42,27.0,60,44.7,0.6885245901639344,39.3,65.66666666666667
43,24.0,61,45.4,0.6935483870967742,40.6,67.0
44,21.0,62,46.1,0.6984126984126984,41.9,68.33333333333333
45,18.0,63,46.8,0.703125,43.2,69.66666666666667
46,15.0,64,47.5,0.7076923076923077,44.5,71.0
25,76.0,65,32.6,0.3787878787878788,17.4,36.333333333333336
26,73.0,66,33.3,0.3880597014925373,18.7,37.66666666666666
27,70.0,67,34.0,0.3970588235294117,20.0,39.0
28,67.0,68,34.7,0.4057971014492754,21.3,40.333333333333336
29,64.0,69,35.4,0.4142857142857143,22.6,41.66666666666666
30,61.0,70,36.1,0.4225352112676056,23.9,43.0
31,58.0,71,36.8,0.4305555555555556,25.2,44.333333333333336
32,55.0,72,37.5,0.4383561643835616,26.5,45.66666666666666
33,52.0,73,38.2,0.4459459459459459,27.8,47.0
34,49.0,74,38.9,0.4533333333333333,29.1,48.333333333333336
35,46.0,75,39.6,0.4605263157894737,30.4,49.66666666666666
36,43.0,76,40.3,0.4675324675324675,31.7,51.0
37,40.0,77,41.0,0.4743589743589743,33.0,52.333333333333336
38,37.0,78,41.7,0.4810126582278481,34.3,53.66666666666666
39,34.0,79,42.4,0.4875,35.6,55.0
40,31.0,80,43.1,0.4938271604938271,36.9,56.333333333333336
25,80.0,81,33.0,0.3048780487804878,17.0,29.666666666666668
26,77.0,82,33.7,0.3132530120481928,18.3,31.0
27,74.0,83,34.4,0.3214285714285714,19.6,32.333333333333336
28,71.0,84,35.1,0.3294117647058823,20.9,33.666666666666664
29,68.0,85,35.8,0.3372093023255814,22.2,35.0
30,65.0,86,36.5,0.3448275862068966,23.5,36.333333333333336
31,62.0,87,37.2,0.3522727272727273,24.8,37.66666666666666
32,59.0,88,37.9,0.3595505617977528,26.1,39.0
33,56.0,89,38.6,0.3666666666666666,27.4,40.333333333333336
34,53.0,90,39.3,0.3736263736263736,28.7,41.66666666666666
35,50.0,91,40.0,0.3804347826086957,30.0,43.0
36,47.0,92,40.7,0.3870967741935484,31.3,44.333333333333336
37,44.0,93,41.4,0.3936170212765957,32.6,45.66666666666666
38,41.0,94,42.1,0.4,33.9,47.0
39,38.0,95,42.8,0.40625,35.2,48.333333333333336
40,35.0,96,43.5,0.4123711340206185,36.5,49.66666666666666
41,32.0,97,44.2,0.4183673469387755,37.8,51.0
42,29.0,98,44.9,0.4242424242424242,39.1,52.333333333333336
43,26.0,99,45.6,0.43,40.4,53.66666666666666
44,23.0,100,46.3,0.4356435643564356,41.7,55.0
45,20.0,1,47.0,22.5,43.0,89.66666666666667
46,17.0,2,47.7,15.333333333333334,44.3,91.0
25,78.0,3,32.8,6.25,17.2,56.333333333333336
26,75.0,4,33.5,5.2,18.5,57.66666666666666
27,72.0,5,34.2,4.5,19.8,59.0
28,69.0,6,34.9,4.0,21.1,60.333333333333336
29,66.0,7,35.6,3.625,22.4,61.66666666666666
30,63.0,8,36.3,3.333333333333333,23.7,63.0
31,60.0,9,37.0,3.1,25.0,64.33333333333333
32,57.0,10,37.7,2.909090909090909,26.3,65.66666666666667
33,54.0,11,38.4,2.75,27.6,67.0
34,51.0,12,39.1,2.6153846153846154,28.9,68.33333333333333
35,48.0,13,39.8,2.5,30.2,69.66666666666667
36,45.0,14,40.5,2.4,31.5,71.0
37,42.0,15,41.2,2.3125,32.8,72.33333333333333
38,39.0,16,41.9,2.235294117647059,34.1,73.66666666666667
39,36.0,17,42.6,2.1666666666666665,35.4,75.0
40,33.0,18,43.3,2.1052631578947367,36.7,76.33333333333333
41,30.0,19,44.0,2.05,38.0,77.66666666666667
42,27.0,20,44.7,2.0,39.3,79.0
43,24.0,21,45.4,1.9545454545454544,40.6,80.33333333333333
44,21.0,22,46.1,1.9130434782608696,41.9,81.66666666666667
45,18.0,23,46.8,1.875,43.2,83.0
46,15.0,24,47.5,1.84,44.5,84.33333333333333
25,76.0,25,32.6,0.9615384615384616,17.4,49.66666666666666
26,73.0,26,33.3,0.9629629629629628,18.7,51.0
27,70.0,27,34.0,0.9642857142857144,20.0,52.333333333333336
28,67.0,28,34.7,0.9655172413793104,21.3,53.66666666666666
29,64.0,29,35.4,0.9666666666666668,22.6,55.0
30,61.0,30,36.1,0.967741935483871,23.9,56.333333333333336
31,58.0,31,36.8,0.96875,25.2,57.66666666666666
32,55.0,32,37.5,0.9696969696969696,26.5,59.0
33,52.0,33,38.2,0.9705882352941176,27.8,60.333333333333336
34,49.0,34,38.9,0.9714285714285714,29.1,61.66666666666666
35,46.0,35,39.6,0.9722222222222222,30.4,63.0
36,43.0,36,40.3,0.972972972972973,31.7,64.33333333333333
37,40.0,37,41.0,0.9736842105263158,33.0,65.66666666666667
38,37.0,38,41.7,0.9743589743589745,34.3,67.0
39,34.0,39,42.4,0.975,35.6,68.33333333333333
40,31.0,40,43.1,0.975609756097561,36.9,69.66666666666667
25,80.0,41,33.0,0.5952380952380952,17.0,43.0
26,77.0,42,33.7,0.6046511627906976,18.3,44.333333333333336
27,74.0,43,34.4,0.6136363636363636,19.6,45.66666666666666
28,71.0,44,35.1,0.6222222222222222,20.9,47.0
29,68.0,45,35.8,0.6304347826086957,22.2,48.333333333333336
30,65.0,46,36.5,0.6382978723404256,23.5,49.66666666666666
31,62.0,47,37.2,0.6458333333333334,24.8,51.0
32,59.0,48,37.9,0.6530612244897959,26.1,52.333333333333336
33,56.0,49,38.6,0.66,27.4,53.66666666666666
34,53.0,50,39.3,0.6666666666666666,28.7,55.0
35,50.0,51,40.0,0.6730769230769231,30.0,56.333333333333336
36,47.0,52,40.7,0.6792452830188679,31.3,57.66666666666666
37,44.0,53,41.4,0.6851851851851852,32.6,59.0
38,41.0,54,42.1,0.6909090909090909,33.9,60.333333333333336
39,38.0,55,42.8,0.6964285714285714,35.2,61.66666666666666
40,35.0,56,43.5,0.7017543859649122,36.5,63.0
41,32.0,57,44.2,0.7068965517241379,37.8,64.33333333333333
42,29.0,58,44.9,0.711864406779661,39.1,65.66666666666667
43,26.0,59,45.6,0.7166666666666667,40.4,67.0
44,23.0,60,46.3,0.7213114754098361,41.7,68.33333333333333
45,20.0,61,47.0,0.7258064516129032,43.0,69.66666666666667
46,17.0,62,47.7,0.7301587301587301,44.3,71.0
25,78.0,63,32.8,0.390625,17.2,36.333333333333336
26,75.0,64,33.5,0.4,18.5,37.66666666666666
27,72.0,65,34.2,0.4090909090909091,19.8,39.0
28,69.0,66,34.9,0.417910447761194,21.1,40.333333333333336
29,66.0,67,35.6,0.4264705882352941,22.4,41.66666666666666
30,63.0,68,36.3,0.4347826086956521,23.7,43.0
31,60.0,69,37.0,0.4428571428571428,25.0,44.333333333333336
32,57.0,70,37.7,0.4507042253521127,26.3,45.66666666666666
33,54.0,71,38.4,0.4583333333333333,27.6,47.0
34,51.0,72,39.1,0.4657534246575342,28.9,48.333333333333336
35,48.0,73,39.8,0.4729729729729729,30.2,49.66666666666666
36,45.0,74,40.5,0.48,31.5,51.0
37,42.0,75,41.2,0.4868421052631579,32.8,52.333333333333336
38,39.0,76,41.9,0.4935064935064935,34.1,53.66666666666666
39,36.0,77,42.6,0.5,35.4,55.0
40,33.0,78,43.3,0.5063291139240507,36.7,56.333333333333336
41,30.0,79,44.0,0.5125,38.0,57.66666666666666
42,27.0,80,44.7,0.5185185185185185,39.3,59.0
43,24.0,81,45.4,0.524390243902439,40.6,60.333333333333336
44,21.0,82,46.1,0.5301204819277109,41.9,61.66666666666666
45,18.0,83,46.8,0.5357142857142857,43.2,63.0
46,15.0,84,47.5,0.5411764705882353,44.5,64.33333333333333
25,76.0,85,32.6,0.2906976744186046,17.4,29.666666666666668
26,73.0,86,33.3,0.2988505747126437,18.7,31.0
27,70.0,87,34.0,0.3068181818181818,20.0,32.333333333333336
28,67.0,88,34.7,0.3146067415730337,21.3,33.666666666666664
29,64.0,89,35.4,0.3222222222222222,22.6,35.0
30,61.0,90,36.1,0.3296703296703296,23.9,36.333333333333336
31,58.0,91,36.8,0.3369565217391304,25.2,37.66666666666666
32,55.0,92,37.5,0.3440860215053763,26.5,39.0
33,52.0,93,38.2,0.351063829787234,27.8,40.333333333333336
34,49.0,94,38.9,0.3578947368421052,29.1,41.66666666666666
35,46.0,95,39.6,0.3645833333333333,30.4,43.0
36,43.0,96,40.3,0.3711340206185567,31.7,44.333333333333336
37,40.0,97,41.0,0.3775510204081632,33.0,45.66666666666666
38,37.0,98,41.7,0.3838383838383838,34.3,47.0
39,34.0,99,42.4,0.39,35.6,48.333333333333336
40,31.0,100,43.1,0.396039603960396,36.9,49.66666666666666
25,80.0,1,33.0,12.5,17.0,56.333333333333336
26,77.0,2,33.7,8.666666666666666,18.3,57.66666666666666
27,74.0,3,34.4,6.75,19.6,59.0
28,71.0,4,35.1,5.6,20.9,60.333333333333336
29,68.0,5,35.8,4.833333333333333,22.2,61.66666666666666
30,65.0,6,36.5,4.285714285714286,23.5,63.0
31,62.0,7,37.2,3.875,24.8,64.33333333333333
32,59.0,8,37.9,3.555555555555556,26.1,65.66666666666667
33,56.0,9,38.6,3.3,27.4,67.0
34,53.0,10,39.3,3.090909090909091,28.7,68.33333333333333
35,50.0,11,40.0,2.9166666666666665,30.0,69.66666666666667
36,47.0,12,40.7,2.769230769230769,31.3,71.0
37,44.0,13,41.4,2.642857142857143,32.6,72.33333333333333
38,41.0,14,42.1,2.533333333333333,33.9,73.66666666666667
39,38.0,15,42.8,2.4375,35.2,75.0
40,35.0,16,43.5,2.3529411764705883,36.5,76.33333333333333
41,32.0,17,44.2,2.2777777777777777,37.8,77.66666666666667
42,29.0,18,44.9,2.210526315789474,39.1,79.0
43,26.0,19,45.6,2.15,40.4,80.33333333333333
44,23.0,20,46.3,2.095238095238096,41.7,81.66666666666667
45,20.0,21,47.0,2.0454545454545454,43.0,83.0
46,17.0,22,47.7,2.0,44.3,84.33333333333333
25,78.0,23,32.8,1.0416666666666667,17.2,49.66666666666666
26,75.0,24,33.5,1.04,18.5,51.0
27,72.0,25,34.2,1.0384615384615383,19.8,52.333333333333336
28,69.0,26,34.9,1.037037037037037,21.1,53.66666666666666
29,66.0,27,35.6,1.0357142857142858,22.4,55.0
30,63.0,28,36.3,1.0344827586206895,23.7,56.333333333333336
31,60.0,29,37.0,1.0333333333333334,25.0,57.66666666666666
32,57.0,30,37.7,1.032258064516129,26.3,59.0
33,54.0,31,38.4,1.03125,27.6,60.333333333333336
34,51.0,32,39.1,1.0303030303030305,28.9,61.66666666666666
35,48.0,33,39.8,1.0294117647058822,30.2,63.0
36,45.0,34,40.5,1.0285714285714285,31.5,64.33333333333333
37,42.0,35,41.2,1.0277777777777777,32.8,65.66666666666667
38,39.0,36,41.9,1.027027027027027,34.1,67.0
39,36.0,37,42.6,1.0263157894736843,35.4,68.33333333333333
40,33.0,38,43.3,1.0256410256410255,36.7,69.66666666666667
41,30.0,39,44.0,1.025,38.0,71.0
42,27.0,40,44.7,1.024390243902439,39.3,72.33333333333333
43,24.0,41,45.4,1.0238095238095235,40.6,73.66666666666667
44,21.0,42,46.1,1.0232558139534884,41.9,75.0
45,18.0,43,46.8,1.0227272727272727,43.2,76.33333333333333
46,15.0,44,47.5,1.022222222222222,44.5,77.66666666666667
25,76.0,45,32.6,0.5434782608695652,17.4,43.0
26,73.0,46,33.3,0.5531914893617021,18.7,44.333333333333336
27,70.0,47,34.0,0.5625,20.0,45.66666666666666
28,67.0,48,34.7,0.5714285714285714,21.3,47.0
29,64.0,49,35.4,0.58,22.6,48.333333333333336
30,61.0,50,36.1,0.5882352941176471,23.9,49.66666666666666
31,58.0,51,36.8,0.5961538461538461,25.2,51.0
32,55.0,52,37.5,0.6037735849056604,26.5,52.333333333333336
33,52.0,53,38.2,0.6111111111111112,27.8,53.66666666666666
34,49.0,54,38.9,0.6181818181818182,29.1,55.0
35,46.0,55,39.6,0.625,30.4,56.333333333333336
36,43.0,56,40.3,0.631578947368421,31.7,57.66666666666666
37,40.0,57,41.0,0.6379310344827587,33.0,59.0
38,37.0,58,41.7,0.6440677966101694,34.3,60.333333333333336
39,34.0,59,42.4,0.65,35.6,61.66666666666666
40,31.0,60,43.1,0.6557377049180327,36.9,63.0
25,80.0,61,33.0,0.4032258064516129,17.0,36.333333333333336
26,77.0,62,33.7,0.4126984126984127,18.3,37.66666666666666
27,74.0,63,34.4,0.421875,19.6,39.0
28,71.0,64,35.1,0.4307692307692308,20.9,40.333333333333336
29,68.0,65,35.8,0.4393939393939394,22.2,41.66666666666666
30,65.0,66,36.5,0.4477611940298507,23.5,43.0
31,62.0,67,37.2,0.4558823529411764,24.8,44.333333333333336
32,59.0,68,37.9,0.463768115942029,26.1,45.66666666666666
33,56.0,69,38.6,0.4714285714285714,27.4,47.0
34,53.0,70,39.3,0.4788732394366197,28.7,48.333333333333336
35,50.0,71,40.0,0.4861111111111111,30.0,49.66666666666666
36,47.0,72,40.7,0.4931506849315068,31.3,51.0
37,44.0,73,41.4,0.5,32.6,52.333333333333336
38,41.0,74,42.1,0.5066666666666667,33.9,53.66666666666666
39,38.0,75,42.8,0.5131578947368421,35.2,55.0
40,35.0,76,43.5,0.5194805194805194,36.5,56.333333333333336
41,32.0,77,44.2,0.5256410256410257,37.8,57.66666666666666
42,29.0,78,44.9,0.5316455696202531,39.1,59.0
43,26.0,79,45.6,0.5375,40.4,60.333333333333336
44,23.0,80,46.3,0.5432098765432098,41.7,61.66666666666666
45,20.0,81,47.0,0.5487804878048781,43.0,63.0
46,17.0,82,47.7,0.5542168674698795,44.3,64.33333333333333
25,78.0,83,32.8,0.2976190476190476,17.2,29.666666666666668
26,75.0,84,33.5,0.3058823529411765,18.5,31.0
27,72.0,85,34.2,0.313953488372093,19.8,32.333333333333336
28,69.0,86,34.9,0.3218390804597701,21.1,33.666666666666664
29,66.0,87,35.6,0.3295454545454545,22.4,35.0
30,63.0,88,36.3,0.3370786516853932,23.7,36.333333333333336
31,60.0,89,37.0,0.3444444444444444,25.0,37.66666666666666
32,57.0,90,37.7,0.3516483516483517,26.3,39.0
33,54.0,91,38.4,0.358695652173913,27.6,40.333333333333336
34,51.0,92,39.1,0.3655913978494624,28.9,41.66666666666666
35,48.0,93,39.8,0.3723404255319149,30.2,43.0
36,45.0,94,40.5,0.3789473684210526,31.5,44.333333333333336
37,42.0,95,41.2,0.3854166666666667,32.8,45.66666666666666
38,39.0,96,41.9,0.3917525773195876,34.1,47.0
39,36.0,97,42.6,0.3979591836734694,35.4,48.333333333333336
40,33.0,98,43.3,0.404040404040404,36.7,49.66666666666666
41,30.0,99,44.0,0.41,38.0,51.0
42,27.0,100,44.7,0.4158415841584158,39.3,52.333333333333336
43,24.0,1,45.4,21.5,40.6,87.0
44,21.0,2,46.1,14.666666666666666,41.9,88.33333333333333
45,18.0,3,46.8,11.25,43.2,89.66666666666667
46,15.0,4,47.5,9.2,44.5,91.0
25,76.0,5,32.6,4.166666666666667,17.4,56.333333333333336
26,73.0,6,33.3,3.7142857142857135,18.7,57.66666666666666
27,70.0,7,34.0,3.375,20.0,59.0
28,67.0,8,34.7,3.111111111111111,21.3,60.333333333333336
29,64.0,9,35.4,2.9,22.6,61.66666666666666
30,61.0,10,36.1,2.727272727272727,23.9,63.0
31,58.0,11,36.8,2.583333333333333,25.2,64.33333333333333
32,55.0,12,37.5,2.4615384615384617,26.5,65.66666666666667
33,52.0,13,38.2,2.357142857142857,27.8,67.0
34,49.0,14,38.9,2.2666666666666666,29.1,68.33333333333333
35,46.0,15,39.6,2.1875,30.4,69.66666666666667
36,43.0,16,40.3,2.117647058823529,31.7,71.0
37,40.0,17,41.0,2.055555555555556,33.0,72.33333333333333
38,37.0,18,41.7,2.0,34.3,73.66666666666667
39,34.0,19,42.4,1.95,35.6,75.0
40,31.0,20,43.1,1.9047619047619049,36.9,76.33333333333333
25,80.0,21,33.0,1.1363636363636365,17.0,49.66666666666666
26,77.0,22,33.7,1.1304347826086956,18.3,51.0
27,74.0,23,34.4,1.125,19.6,52.333333333333336
28,71.0,24,35.1,1.12,20.9,53.66666666666666
29,68.0,25,35.8,1.1153846153846154,22.2,55.0
30,65.0,26,36.5,1.1111111111111112,23.5,56.333333333333336
31,62.0,27,37.2,1.1071428571428572,24.8,57.66666666666666
32,59.0,28,37.9,1.103448275862069,26.1,59.0
33,56.0,29,38.6,1.1,27.4,60.333333333333336
34,53.0,30,39.3,1.096774193548387,28.7,61.66666666666666
35,50.0,31,40.0,1.09375,30.0,63.0
36,47.0,32,40.7,1.0909090909090908,31.3,64.33333333333333
37,44.0,33,41.4,1.088235294117647,32.6,65.66666666666667
38,41.0,34,42.1,1.0857142857142856,33.9,67.0
39,38.0,35,42.8,1.0833333333333333,35.2,68.33333333333333
40,35.0,36,43.5,1.0810810810810811,36.5,69.66666666666667
41,32.0,37,44.2,1.0789473684210529,37.8,71.0
42,29.0,38,44.9,1.0769230769230769,39.1,72.33333333333333
43,26.0,39,45.6,1.075,40.4,73.66666666666667
44,23.0,40,46.3,1.0731707317073171,41.7,75.0
45,20.0,41,47.0,1.0714285714285714,43.0,76.33333333333333
46,17.0,42,47.7,1.069767441860465,44.3,77.66666666666667
25,78.0,43,32.8,0.5681818181818182,17.2,43.0
26,75.0,44,33.5,0.5777777777777777,18.5,44.333333333333336
27,72.0,45,34.2,0.5869565217391305,19.8,45.66666666666666
28,69.0,46,34.9,0.5957446808510638,21.1,47.0
29,66.0,47,35.6,0.6041666666666666,22.4,48.333333333333336
30,63.0,48,36.3,0.6122448979591837,23.7,49.66666666666666
31,60.0,49,37.0,0.62,25.0,51.0
32,57.0,50,37.7,0.6274509803921569,26.3,52.333333333333336
33,54.0,51,38.4,0.6346153846153846,27.6,53.66666666666666
34,51.0,52,39.1,0.6415094339622641,28.9,55.0
35,48.0,53,39.8,0.6481481481481481,30.2,56.333333333333336
36,45.0,54,40.5,0.6545454545454545,31.5,57.66666666666666
37,42.0,55,41.2,0.6607142857142857,32.8,59.0
38,39.0,56,41.9,0.6666666666666666,34.1,60.333333333333336
39,36.0,57,42.6,0.6724137931034483,35.4,61.66666666666666
40,33.0,58,43.3,0.6779661016949152,36.7,63.0
41,30.0,59,44.0,0.6833333333333333,38.0,64.33333333333333
42,27.0,60,44.7,0.6885245901639344,39.3,65.66666666666667
43,24.0,61,45.4,0.6935483870967742,40.6,67.0
44,21.0,62,46.1,0.6984126984126984,41.9,68.33333333333333
45,18.0,63,46.8,0.703125,43.2,69.66666666666667
46,15.0,64,47.5,0.7076923076923077,44.5,71.0
25,76.0,65,32.6,0.3787878787878788,17.4,36.333333333333336
26,73.0,66,33.3,0.3880597014925373,18.7,37.66666666666666
27,70.0,67,34.0,0.3970588235294117,20.0,39.0
28,67.0,68,34.7,0.4057971014492754,21.3,40.333333333333336
29,64.0,69,35.4,0.4142857142857143,22.6,41.66666666666666
30,61.0,70,36.1,0.4225352112676056,23.9,43.0
31,58.0,71,36.8,0.4305555555555556,25.2,44.333333333333336
32,55.0,72,37.5,0.4383561643835616,26.5,45.66666666666666
33,52.0,73,38.2,0.4459459459459459,27.8,47.0
34,49.0,74,38.9,0.4533333333333333,29.1,48.333333333333336
35,46.0,75,39.6,0.4605263157894737,30.4,49.66666666666666
36,43.0,76,40.3,0.4675324675324675,31.7,51.0
37,40.0,77,41.0,0.4743589743589743,33.0,52.333333333333336
38,37.0,78,41.7,0.4810126582278481,34.3,53.66666666666666
39,34.0,79,42.4,0.4875,35.6,55.0
40,31.0,80,43.1,0.4938271604938271,36.9,56.333333333333336
25,80.0,81,33.0,0.3048780487804878,17.0,29.666666666666668
26,77.0,82,33.7,0.3132530120481928,18.3,31.0
27,74.0,83,34.4,0.3214285714285714,19.6,32.333333333333336
28,71.0,84,35.1,0.3294117647058823,20.9,33.666666666666664
29,68.0,85,35.8,0.3372093023255814,22.2,35.0
30,65.0,86,36.5,0.3448275862068966,23.5,36.333333333333336
31,62.0,87,37.2,0.3522727272727273,24.8,37.66666666666666
32,59.0,88,37.9,0.3595505617977528,26.1,39.0
33,56.0,89,38.6,0.3666666666666666,27.4,40.333333333333336
34,53.0,90,39.3,0.3736263736263736,28.7,41.66666666666666
35,50.0,91,40.0,0.3804347826086957,30.0,43.0
36,47.0,92,40.7,0.3870967741935484,31.3,44.333333333333336
37,44.0,93,41.4,0.3936170212765957,32.6,45.66666666666666
38,41.0,94,42.1,0.4,33.9,47.0
39,38.0,95,42.8,0.40625,35.2,48.333333333333336
40,35.0,96,43.5,0.4123711340206185,36.5,49.66666666666666
41,32.0,97,44.2,0.4183673469387755,37.8,51.0
42,29.0,98,44.9,0.4242424242424242,39.1,52.333333333333336
43,26.0,99,45.6,0.43,40.4,53.66666666666666
44,23.0,100,46.3,0.4356435643564356,41.7,55.0
45,20.0,1,47.0,22.5,43.0,89.66666666666667
46,17.0,2,47.7,15.333333333333334,44.3,91.0
25,78.0,3,32.8,6.25,17.2,56.333333333333336
26,75.0,4,33.5,5.2,18.5,57.66666666666666
27,72.0,5,34.2,4.5,19.8,59.0
28,69.0,6,34.9,4.0,21.1,60.333333333333336
29,66.0,7,35.6,3.625,22.4,61.66666666666666
30,63.0,8,36.3,3.333333333333333,23.7,63.0
31,60.0,9,37.0,3.1,25.0,64.33333333333333
32,57.0,10,37.7,2.909090909090909,26.3,65.66666666666667
33,54.0,11,38.4,2.75,27.6,67.0
34,51.0,12,39.1,2.6153846153846154,28.9,68.33333333333333
35,48.0,13,39.8,2.5,30.2,69.66666666666667
36,45.0,14,40.5,2.4,31.5,71.0
37,42.0,15,41.2,2.3125,32.8,72.33333333333333
38,39.0,16,41.9,2.235294117647059,34.1,73.66666666666667
39,36.0,17,42.6,2.1666666666666665,35.4,75.0
40,33.0,18,43.3,2.1052631578947367,36.7,76.33333333333333
41,30.0,19,44.0,2.05,38.0,77.66666666666667
42,27.0,20,44.7,2.0,39.3,79.0
43,24.0,21,45.4,1.9545454545454544,40.6,80.33333333333333
44,21.0,22,46.1,1.9130434782608696,41.9,81.66666666666667
45,18.0,23,46.8,1.875,43.2,83.0
46,15.0,24,47.5,1.84,44.5,84.33333333333333
25,76.0,25,32.6,0.9615384615384616,17.4,49.66666666666666
26,73.0,26,33.3,0.9629629629629628,18.7,51.0
27,70.0,27,34.0,0.9642857142857144,20.0,52.333333333333336
28,67.0,28,34.7,0.9655172413793104,21.3,53.66666666666666
29,64.0,29,35.4,0.9666666666666668,22.6,55.0
30,61.0,30,36.1,0.967741935483871,23.9,56.333333333333336
31,58.0,31,36.8,0.96875,25.2,57.66666666666666
32,55.0,32,37.5,0.9696969696969696,26.5,59.0
33,52.0,33,38.2,0.9705882352941176,27.8,60.333333333333336
34,49.0,34,38.9,0.9714285714285714,29.1,61.66666666666666
35,46.0,35,39.6,0.9722222222222222,30.4,63.0
36,43.0,36,40.3,0.972972972972973,31.7,64.33333333333333
37,40.0,37,41.0,0.9736842105263158,33.0,65.66666666666667
38,37.0,38,41.7,0.9743589743589745,34.3,67.0
39,34.0,39,42.4,0.975,35.6,68.33333333333333
40,31.0,40,43.1,0.975609756097561,36.9,69.66666666666667
25,80.0,41,33.0,0.5952380952380952,17.0,43.0
26,77.0,42,33.7,0.6046511627906976,18.3,44.333333333333336
27,74.0,43,34.4,0.6136363636363636,19.6,45.66666666666666
28,71.0,44,35.1,0.6222222222222222,20.9,47.0
29,68.0,45,35.8,0.6304347826086957,22.2,48.333333333333336
30,65.0,46,36.5,0.6382978723404256,23.5,49.66666666666666
31,62.0,47,37.2,0.6458333333333334,24.8,51.0
32,59.0,48,37.9,0.6530612244897959,26.1,52.333333333333336
33,56.0,49,38.6,0.66,27.4,53.66666666666666
34,53.0,50,39.3,0.6666666666666666,28.7,55.0
35,50.0,51,40.0,0.6730769230769231,30.0,56.333333333333336
36,47.0,52,40.7,0.6792452830188679,31.3,57.66666666666666
37,44.0,53,41.4,0.6851851851851852,32.6,59.0
38,41.0,54,42.1,0.6909090909090909,33.9,60.333333333333336
39,38.0,55,42.8,0.6964285714285714,35.2,61.66666666666666
40,35.0,56,43.5,0.7017543859649122,36.5,63.0
41,32.0,57,44.2,0.7068965517241379,37.8,64.33333333333333
42,29.0,58,44.9,0.711864406779661,39.1,65.66666666666667
43,26.0,59,45.6,0.7166666666666667,40.4,67.0
44,23.0,60,46.3,0.7213114754098361,41.7,68.33333333333333
45,20.0,61,47.0,0.7258064516129032,43.0,69.66666666666667
46,17.0,62,47.7,0.7301587301587301,44.3,71.0
25,78.0,63,32.8,0.390625,17.2,36.333333333333336
26,75.0,64,33.5,0.4,18.5,37.66666666666666
27,72.0,65,34.2,0.4090909090909091,19.8,39.0
28,69.0,66,34.9,0.417910447761194,21.1,40.333333333333336
29,66.0,67,35.6,0.4264705882352941,22.4,41.66666666666666
30,63.0,68,36.3,0.4347826086956521,23.7,43.0
31,60.0,69,37.0,0.4428571428571428,25.0,44.333333333333336
32,57.0,70,37.7,0.4507042253521127,26.3,45.66666666666666
33,54.0,71,38.4,0.4583333333333333,27.6,47.0
34,51.0,72,39.1,0.4657534246575342,28.9,48.333333333333336
35,48.0,73,39.8,0.4729729729729729,30.2,49.66666666666666
36,45.0,74,40.5,0.48,31.5,51.0
37,42.0,75,41.2,0.4868421052631579,32.8,52.333333333333336
38,39.0,76,41.9,0.4935064935064935,34.1,53.66666666666666
39,36.0,77,42.6,0.5,35.4,55.0
40,33.0,78,43.3,0.5063291139240507,36.7,56.333333333333336
41,30.0,79,44.0,0.5125,38.0,57.66666666666666
42,27.0,80,44.7,0.5185185185185185,39.3,59.0
43,24.0,81,45.4,0.524390243902439,40.6,60.333333333333336
44,21.0,82,46.1,0.5301204819277109,41.9,61.66666666666666
45,18.0,83,46.8,0.5357142857142857,43.2,63.0
46,15.0,84,47.5,0.5411764705882353,44.5,64.33333333333333
25,76.0,85,32.6,0.2906976744186046,17.4,29.666666666666668
26,73.0,86,33.3,0.2988505747126437,18.7,31.0
27,70.0,87,34.0,0.3068181818181818,20.0,32.333333333333336
28,67.0,88,34.7,0.3146067415730337,21.3,33.666666666666664
29,64.0,89,35.4,0.3222222222222222,22.6,35.0
30,61.0,90,36.1,0.3296703296703296,23.9,36.333333333333336
31,58.0,91,36.8,0.3369565217391304,25.2,37.66666666666666
32,55.0,92,37.5,0.3440860215053763,26.5,39.0
33,52.0,93,38.2,0.351063829787234,27.8,40.333333333333336
34,49.0,94,38.9,0.3578947368421052,29.1,41.66666666666666
35,46.0,95,39.6,0.3645833333333333,30.4,43.0
36,43.0,96,40.3,0.3711340206185567,31.7,44.333333333333336
37,40.0,97,41.0,0.3775510204081632,33.0,45.66666666666666
38,37.0,98,41.7,0.3838383838383838,34.3,47.0
39,34.0,99,42.4,0.39,35.6,48.333333333333336
40,31.0,100,43.1,0.396039603960396,36.9,49.66666666666666
25,80.0,1,33.0,12.5,17.0,56.333333333333336
26,77.0,2,33.7,8.666666666666666,18.3,57.66666666666666
27,74.0,3,34.4,6.75,19.6,59.0
28,71.0,4,35.1,5.6,20.9,60.333333333333336
29,68.0,5,35.8,4.833333333333333,22.2,61.66666666666666
30,65.0,6,36.5,4.285714285714286,23.5,63.0
31,62.0,7,37.2,3.875,24.8,64.33333333333333
32,59.0,8,37.9,3.555555555555556,26.1,65.66666666666667
33,56.0,9,38.6,3.3,27.4,67.0
34,53.0,10,39.3,3.090909090909091,28.7,68.33333333333333
35,50.0,11,40.0,2.9166666666666665,30.0,69.66666666666667
36,47.0,12,40.7,2.769230769230769,31.3,71.0
37,44.0,13,41.4,2.642857142857143,32.6,72.33333333333333
38,41.0,14,42.1,2.533333333333333,33.9,73.66666666666667
39,38.0,15,42.8,2.4375,35.2,75.0
40,35.0,16,43.5,2.3529411764705883,36.5,76.33333333333333
41,32.0,17,44.2,2.2777777777777777,37.8,77.66666666666667
42,29.0,18,44.9,2.210526315789474,39.1,79.0
43,26.0,19,45.6,2.15,40.4,80.33333333333333
44,23.0,20,46.3,2.095238095238096,41.7,81.66666666666667
45,20.0,21,47.0,2.0454545454545454,43.0,83.0
46,17.0,22,47.7,2.0,44.3,84.33333333333333
25,78.0,23,32.8,1.0416666666666667,17.2,49.66666666666666
26,75.0,24,33.5,1.04,18.5,51.0
27,72.0,25,34.2,1.0384615384615383,19.8,52.333333333333336
28,69.0,26,34.9,1.037037037037037,21.1,53.66666666666666
29,66.0,27,35.6,1.0357142857142858,22.4,55.0
30,63.0,28,36.3,1.0344827586206895,23.7,56.333333333333336
31,60.0,29,37.0,1.0333333333333334,25.0,57.66666666666666
32,57.0,30,37.7,1.032258064516129,26.3,59.0
33,54.0,31,38.4,1.03125,27.6,60.333333333333336
34,51.0,32,39.1,1.0303030303030305,28.9,61.66666666666666
35,48.0,33,39.8,1.0294117647058822,30.2,63.0
36,45.0,34,40.5,1.0285714285714285,31.5,64.33333333333333
37,42.0,35,41.2,1.0277777777777777,32.8,65.66666666666667
38,39.0,36,41.9,1.027027027027027,34.1,67.0
39,36.0,37,42.6,1.0263157894736843,35.4,68.33333333333333
40,33.0,38,43.3,1.0256410256410255,36.7,69.66666666666667
41,30.0,39,44.0,1.025,38.0,71.0
42,27.0,40,44.7,1.024390243902439,39.3,72.33333333333333
43,24.0,41,45.4,1.0238095238095235,40.6,73.66666666666667
44,21.0,42,46.1,1.0232558139534884,41.9,75.0
45,18.0,43,46.8,1.0227272727272727,43.2,76.33333333333333
46,15.0,44,47.5,1.022222222222222,44.5,77.66666666666667
25,76.0,45,32.6,0.5434782608695652,17.4,43.0
26,73.0,46,33.3,0.5531914893617021,18.7,44.333333333333336
27,70.0,47,34.0,0.5625,20.0,45.66666666666666
28,67.0,48,34.7,0.5714285714285714,21.3,47.0
29,64.0,49,35.4,0.58,22.6,48.333333333333336
30,61.0,50,36.1,0.5882352941176471,23.9,49.66666666666666
31,58.0,51,36.8,0.5961538461538461,25.2,51.0
32,55.0,52,37.5,0.6037735849056604,26.5,52.333333333333336
33,52.0,53,38.2,0.6111111111111112,27.8,53.66666666666666
34,49.0,54,38.9,0.6181818181818182,29.1,55.0
35,46.0,55,39.6,0.625,30.4,56.333333333333336
36,43.0,56,40.3,0.631578947368421,31.7,57.66666666666666
37,40.0,57,41.0,0.6379310344827587,33.0,59.0
38,37.0,58,41.7,0.6440677966101694,34.3,60.333333333333336
39,34.0,59,42.4,0.65,35.6,61.66666666666666
40,31.0,60,43.1,0.6557377049180327,36.9,63.0
25,80.0,61,33.0,0.4032258064516129,17.0,36.333333333333336
26,77.0,62,33.7,0.4126984126984127,18.3,37.66666666666666
27,74.0,63,34.4,0.421875,19.6,39.0
28,71.0,64,35.1,0.4307692307692308,20.9,40.333333333333336
29,68.0,65,35.8,0.4393939393939394,22.2,41.66666666666666
30,65.0,66,36.5,0.4477611940298507,23.5,43.0
31,62.0,67,37.2,0.4558823529411764,24.8,44.333333333333336
32,59.0,68,37.9,0.463768115942029,26.1,45.66666666666666
33,56.0,69,38.6,0.4714285714285714,27.4,47.0
34,53.0,70,39.3,0.4788732394366197,28.7,48.333333333333336
35,50.0,71,40.0,0.4861111111111111,30.0,49.66666666666666
36,47.0,72,40.7,0.4931506849315068,31.3,51.0
37,44.0,73,41.4,0.5,32.6,52.333333333333336
38,41.0,74,42.1,0.5066666666666667,33.9,53.66666666666666
39,38.0,75,42.8,0.5131578947368421,35.2,55.0
40,35.0,76,43.5,0.5194805194805194,36.5,56.333333333333336
41,32.0,77,44.2,0.5256410256410257,37.8,57.66666666666666
42,29.0,78,44.9,0.5316455696202531,39.1,59.0
43,26.0,79,45.6,0.5375,40.4,60.333333333333336
44,23.0,80,46.3,0.5432098765432098,41.7,61.66666666666666
45,20.0,81,47.0,0.5487804878048781,43.0,63.0
46,17.0,82,47.7,0.5542168674698795,44.3,64.33333333333333
25,78.0,83,32.8,0.2976190476190476,17.2,29.666666666666668
26,75.0,84,33.5,0.3058823529411765,18.5,31.0
27,72.0,85,34.2,0.313953488372093,19.8,32.333333333333336
28,69.0,86,34.9,0.3218390804597701,21.1,33.666666666666664
29,66.0,87,35.6,0.3295454545454545,22.4,35.0
30,63.0,88,36.3,0.3370786516853932,23.7,36.333333333333336
31,60.0,89,37.0,0.3444444444444444,25.0,37.66666666666666
32,57.0,90,37.7,0.3516483516483517,26.3,39.0
33,54.0,91,38.4,0.358695652173913,27.6,40.333333333333336
34,51.0,92,39.1,0.3655913978494624,28.9,41.66666666666666
35,48.0,93,39.8,0.3723404255319149,30.2,43.0
36,45.0,94,40.5,0.3789473684210526,31.5,44.333333333333336
37,42.0,95,41.2,0.3854166666666667,32.8,45.66666666666666
38,39.0,96,41.9,0.3917525773195876,34.1,47.0
39,36.0,97,42.6,0.3979591836734694,35.4,48.333333333333336
40,33.0,98,43.3,0.404040404040404,36.7,49.66666666666666
41,30.0,99,44.0,0.41,38.0,51.0
42,27.0,100,44.7,0.4158415841584158,39.3,52.333333333333336
43,24.0,1,45.4,21.5,40.6,87.0
44,21.0,2,46.1,14.666666666666666,41.9,88.33333333333333
45,18.0,3,46.8,11.25,43.2,89.66666666666667
46,15.0,4,47.5,9.2,44.5,91.0
25,76.0,5,32.6,4.166666666666667,17.4,56.333333333333336
26,73.0,6,33.3,3.7142857142857135,18.7,57.66666666666666
27,70.0,7,34.0,3.375,20.0,59.0
28,67.0,8,34.7,3.111111111111111,21.3,60.333333333333336
29,64.0,9,35.4,2.9,22.6,61.66666666666666
30,61.0,10,36.1,2.727272727272727,23.9,63.0
31,58.0,11,36.8,2.583333333333333,25.2,64.33333333333333
32,55.0,12,37.5,2.4615384615384617,26.5,65.66666666666667
33,52.0,13,38.2,2.357142857142857,27.8,67.0
34,49.0,14,38.9,2.2666666666666666,29.1,68.33333333333333
35,46.0,15,39.6,2.1875,30.4,69.66666666666667
36,43.0,16,40.3,2.117647058823529,31.7,71.0
37,40.0,17,41.0,2.055555555555556,33.0,72.33333333333333
38,37.0,18,41.7,2.0,34.3,73.66666666666667
39,34.0,19,42.4,1.95,35.6,75.0
40,31.0,20,43.1,1.9047619047619049,36.9,76.33333333333333
25,80.0,21,33.0,1.1363636363636365,17.0,49.66666666666666
26,77.0,22,33.7,1.1304347826086956,18.3,51.0
27,74.0,23,34.4,1.125,19.6,52.333333333333336
28,71.0,24,35.1,1.12,20.9,53.66666666666666
29,68.0,25,35.8,1.1153846153846154,22.2,55.0
30,65.0,26,36.5,1.1111111111111112,23.5,56.333333333333336
31,62.0,27,37.2,1.1071428571428572,24.8,57.66666666666666
32,59.0,28,37.9,1.103448275862069,26.1,59.0
33,56.0,29,38.6,1.1,27.4,60.333333333333336
34,53.0,30,39.3,1.096774193548387,28.7,61.66666666666666
35,50.0,31,40.0,1.09375,30.0,63.0
36,47.0,32,40.7,1.0909090909090908,31.3,64.33333333333333
37,44.0,33,41.4,1.088235294117647,32.6,65.66666666666667
38,41.0,34,42.1,1.0857142857142856,33.9,67.0
39,38.0,35,42.8,1.0833333333333333,35.2,68.33333333333333
40,35.0,36,43.5,1.0810810810810811,36.5,69.66666666666667
41,32.0,37,44.2,1.0789473684210529,37.8,71.0
42,29.0,38,44.9,1.0769230769230769,39.1,72.33333333333333
43,26.0,39,45.6,1.075,40.4,73.66666666666667
44,23.0,40,46.3,1.0731707317073171,41.7,75.0
45,20.0,41,47.0,1.0714285714285714,43.0,76.33333333333333
46,17.0,42,47.7,1.069767441860465,44.3,77.66666666666667
25,78.0,43,32.8,0.5681818181818182,17.2,43.0
26,75.0,44,33.5,0.5777777777777777,18.5,44.333333333333336
27,72.0,45,34.2,0.5869565217391305,19.8,45.66666666666666
28,69.0,46,34.9,0.5957446808510638,21.1,47.0
29,66.0,47,35.6,0.6041666666666666,22.4,48.333333333333336
30,63.0,48,36.3,0.6122448979591837,23.7,49.66666666666666
31,60.0,49,37.0,0.62,25.0,51.0
32,57.0,50,37.7,0.6274509803921569,26.3,52.333333333333336
33,54.0,51,38.4,0.6346153846153846,27.6,53.66666666666666
34,51.0,52,39.1,0.6415094339622641,28.9,55.0
35,48.0,53,39.8,0.6481481481481481,30.2,56.333333333333336
36,45.0,54,40.5,0.6545454545454545,31.5,57.66666666666666
37,42.0,55,41.2,0.6607142857142857,32.8,59.0
38,39.0,56,41.9,0.6666666666666666,34.1,60.333333333333336
39,36.0,57,42.6,0.6724137931034483,35.4,61.66666666666666
40,33.0,58,43.3,0.6779661016949152,36.7,63.0
41,30.0,59,44.0,0.6833333333333333,38.0,64.33333333333333
42,27.0,60,44.7,0.6885245901639344,39.3,65.66666666666667
43,24.0,61,45.4,0.6935483870967742,40.6,67.0
44,21.0,62,46.1,0.6984126984126984,41.9,68.33333333333333
45,18.0,63,46.8,0.703125,43.2,69.66666666666667
46,15.0,64,47.5,0.7076923076923077,44.5,71.0
25,76.0,65,32.6,0.3787878787878788,17.4,36.333333333333336
26,73.0,66,33.3,0.3880597014925373,18.7,37.66666666666666
27,70.0,67,34.0,0.3970588235294117,20.0,39.0
28,67.0,68,34.7,0.4057971014492754,21.3,40.333333333333336
29,64.0,69,35.4,0.4142857142857143,22.6,41.66666666666666
30,61.0,70,36.1,0.4225352112676056,23.9,43.0
31,58.0,71,36.8,0.4305555555555556,25.2,44.333333333333336
32,55.0,72,37.5,0.4383561643835616,26.5,45.66666666666666
33,52.0,73,38.2,0.4459459459459459,27.8,47.0
34,49.0,74,38.9,0.4533333333333333,29.1,48.333333333333336
35,46.0,75,39.6,0.4605263157894737,30.4,49.66666666666666
36,43.0,76,40.3,0.4675324675324675,31.7,51.0
37,40.0,77,41.0,0.4743589743589743,33.0,52.333333333333336
38,37.0,78,41.7,0.4810126582278481,34.3,53.66666666666666
39,34.0,79,42.4,0.4875,35.6,55.0
40,31.0,80,43.1,0.4938271604938271,36.9,56.333333333333336
25,80.0,81,33.0,0.3048780487804878,17.0,29.666666666666668
26,77.0,82,33.7,0.3132530120481928,18.3,31.0
27,74.0,83,34.4,0.3214285714285714,19.6,32.333333333333336
28,71.0,84,35.1,0.3294117647058823,20.9,33.666666666666664
29,68.0,85,35.8,0.3372093023255814,22.2,35.0
30,65.0,86,36.5,0.3448275862068966,23.5,36.333333333333336
31,62.0,87,37.2,0.3522727272727273,24.8,37.66666666666666
32,59.0,88,37.9,0.3595505617977528,26.1,39.0
33,56.0,89,38.6,0.3666666666666666,27.4,40.333333333333336
34,53.0,90,39.3,0.3736263736263736,28.7,41.66666666666666
35,50.0,91,40.0,0.3804347826086957,30.0,43.0
36,47.0,92,40.7,0.3870967741935484,31.3,44.333333333333336
37,44.0,93,41.4,0.3936170212765957,32.6,45.66666666666666
38,41.0,94,42.1,0.4,33.9,47.0
39,38.0,95,42.8,0.40625,35.2,48.333333333333336
40,35.0,96,43.5,0.4123711340206185,36.5,49.66666666666666
41,32.0,97,44.2,0.4183673469387755,37.8,51.0
42,29.0,98,44.9,0.4242424242424242,39.1,52.333333333333336
43,26.0,99,45.6,0.43,40.4,53.66666666666666
44,23.0,100,46.3,0.4356435643564356,41.7,55.0
45,20.0,1,47.0,22.5,43.0,89.66666666666667
46,17.0,2,47.7,15.333333333333334,44.3,91.0
25,78.0,3,32.8,6.25,17.2,56.333333333333336
26,75.0,4,33.5,5.2,18.5,57.66666666666666
27,72.0,5,34.2,4.5,19.8,59.0
28,69.0,6,34.9,4.0,21.1,60.333333333333336
29,66.0,7,35.6,3.625,22.4,61.66666666666666
30,63.0,8,36.3,3.333333333333333,23.7,63.0
31,60.0,9,37.0,3.1,25.0,64.33333333333333
32,57.0,10,37.7,2.909090909090909,26.3,65.66666666666667
33,54.0,11,38.4,2.75,27.6,67.0
34,51.0,12,39.1,2.6153846153846154,28.9,68.33333333333333
35,48.0,13,39.8,2.5,30.2,69.66666666666667
36,45.0,14,40.5,2.4,31.5,71.0
37,42.0,15,41.2,2.3125,32.8,72.33333333333333
38,39.0,16,41.9,2.235294117647059,34.1,73.66666666666667
39,36.0,17,42.6,2.1666666666666665,35.4,75.0
40,33.0,18,43.3,2.1052631578947367,36.7,76.33333333333333
41,30.0,19,44.0,2.05,38.0,77.66666666666667
42,27.0,20,44.7,2.0,39.3,79.0
43,24.0,21,45.4,1.9545454545454544,40.6,80.33333333333333
44,21.0,22,46.1,1.9130434782608696,41.9,81.66666666666667
45,18.0,23,46.8,1.875,43.2,83.0
46,15.0,24,47.5,1.84,44.5,84.33333333333333
25,76.0,25,32.6,0.9615384615384616,17.4,49.66666666666666
26,73.0,26,33.3,0.9629629629629628,18.7,51.0
27,70.0,27,34.0,0.9642857142857144,20.0,52.333333333333336
28,67.0,28,34.7,0.9655172413793104,21.3,53.66666666666666
29,64.0,29,35.4,0.9666666666666668,22.6,55.0
30,61.0,30,36.1,0.967741935483871,23.9,56.333333333333336
31,58.0,31,36.8,0.96875,25.2,57.66666666666666
32,55.0,32,37.5,0.9696969696969696,26.5,59.0
33,52.0,33,38.2,0.9705882352941176,27.8,60.333333333333336
34,49.0,34,38.9,0.9714285714285714,29.1,61.66666666666666
35,46.0,35,39.6,0.9722222222222222,30.4,63.0
36,43.0,36,40.3,0.972972972972973,31.7,64.33333333333333
37,40.0,37,41.0,0.9736842105263158,33.0,65.66666666666667
38,37.0,38,41.7,0.9743589743589745,34.3,67.0
39,34.0,39,42.4,0.975,35.6,68.33333333333333
40,31.0,40,43.1,0.975609756097561,36.9,69.66666666666667
25,80.0,41,33.0,0.5952380952380952,17.0,43.0
26,77.0,42,33.7,0.6046511627906976,18.3,44.333333333333336
27,74.0,43,34.4,0.6136363636363636,19.6,45.66666666666666
28,71.0,44,35.1,0.6222222222222222,20.9,47.0
29,68.0,45,35.8,0.6304347826086957,22.2,48.333333333333336
30,65.0,46,36.5,0.6382978723404256,23.5,49.66666666666666
31,62.0,47,37.2,0.6458333333333334,24.8,51.0
32,59.0,48,37.9,0.6530612244897959,26.1,52.333333333333336
33,56.0,49,38.6,0.66,27.4,53.66666666666666
34,53.0,50,39.3,0.6666666666666666,28.7,55.0
35,50.0,51,40.0,0.6730769230769231,30.0,56.333333333333336
36,47.0,52,40.7,0.6792452830188679,31.3,57.66666666666666
37,44.0,53,41.4,0.6851851851851852,32.6,59.0
38,41.0,54,42.1,0.6909090909090909,33.9,60.333333333333336
39,38.0,55,42.8,0.6964285714285714,35.2,61.66666666666666
40,35.0,56,43.5,0.7017543859649122,36.5,63.0
41,32.0,57,44.2,0.7068965517241379,37.8,64.33333333333333
42,29.0,58,44.9,0.711864406779661,39.1,65.66666666666667
43,26.0,59,45.6,0.7166666666666667,40.4,67.0
44,23.0,60,46.3,0.7213114754098361,41.7,68.33333333333333
45,20.0,61,47.0,0.7258064516129032,43.0,69.66666666666667
46,17.0,62,47.7,0.7301587301587301,44.3,71.0
25,78.0,63,32.8,0.390625,17.2,36.333333333333336
26,75.0,64,33.5,0.4,18.5,37.66666666666666
27,72.0,65,34.2,0.4090909090909091,19.8,39.0
28,69.0,66,34.9,0.417910447761194,21.1,40.333333333333336
29,66.0,67,35.6,0.4264705882352941,22.4,41.66666666666666
30,63.0,68,36.3,0.4347826086956521,23.7,43.0
31,60.0,69,37.0,0.4428571428571428,25.0,44.333333333333336
32,57.0,70,37.7,0.4507042253521127,26.3,45.66666666666666
33,54.0,71,38.4,0.4583333333333333,27.6,47.0
34,51.0,72,39.1,0.4657534246575342,28.9,48.333333333333336
35,48.0,73,39.8,0.4729729729729729,30.2,49.66666666666666
36,45.0,74,40.5,0.48,31.5,51.0
37,42.0,75,41.2,0.4868421052631579,32.8,52.333333333333336
38,39.0,76,41.9,0.4935064935064935,34.1,53.66666666666666
39,36.0,77,42.6,0.5,35.4,55.0
40,33.0,78,43.3,0.5063291139240507,36.7,56.333333333333336
41,30.0,79,44.0,0.5125,38.0,57.66666666666666
42,27.0,80,44.7,0.5185185185185185,39.3,59.0
43,24.0,81,45.4,0.524390243902439,40.6,60.333333333333336
44,21.0,82,46.1,0.5301204819277109,41.9,61.66666666666666
45,18.0,83,46.8,0.5357142857142857,43.2,63.0
46,15.0,84,47.5,0.5411764705882353,44.5,64.33333333333333
25,76.0,85,32.6,0.2906976744186046,17.4,29.666666666666668
26,73.0,86,33.3,0.2988505747126437,18.7,31.0
27,70.0,87,34.0,0.3068181818181818,20.0,32.333333333333336
28,67.0,88,34.7,0.3146067415730337,21.3,33.666666666666664
29,64.0,89,35.4,0.3222222222222222,22.6,35.0
30,61.0,90,36.1,0.3296703296703296,23.9,36.333333333333336
31,58.0,91,36.8,0.3369565217391304,25.2,37.66666666666666
32,55.0,92,37.5,0.3440860215053763,26.5,39.0
33,52.0,93,38.2,0.351063829787234,27.8,40.333333333333336
34,49.0,94,38.9,0.3578947368421052,29.1,41.66666666666666
35,46.0,95,39.6,0.3645833333333333,30.4,43.0
36,43.0,96,40.3,0.3711340206185567,31.7,44.333333333333336
37,40.0,97,41.0,0.3775510204081632,33.0,45.66666666666666
38,37.0,98,41.7,0.3838383838383838,34.3,47.0
39,34.0,99,42.4,0.39,35.6,48.333333333333336
40,31.0,100,43.1,0.396039603960396,36.9,49.66666666666666
25,80.0,1,33.0,12.5,17.0,56.333333333333336
26,77.0,2,33.7,8.666666666666666,18.3,57.66666666666666
27,74.0,3,34.4,6.75,19.6,59.0
28,71.0,4,35.1,5.6,20.9,60.333333333333336
29,68.0,5,35.8,4.833333333333333,22.2,61.66666666666666
30,65.0,6,36.5,4.285714285714286,23.5,63.0
31,62.0,7,37.2,3.875,24.8,64.33333333333333
32,59.0,8,37.9,3.555555555555556,26.1,65.66666666666667
33,56.0,9,38.6,3.3,27.4,67.0
34,53.0,10,39.3,3.090909090909091,28.7,68.33333333333333
35,50.0,11,40.0,2.9166666666666665,30.0,69.66666666666667
36,47.0,12,40.7,2.769230769230769,31.3,71.0
37,44.0,13,41.4,2.642857142857143,32.6,72.33333333333333
38,41.0,14,42.1,2.533333333333333,33.9,73.66666666666667
39,38.0,15,42.8,2.4375,35.2,75.0
40,35.0,16,43.5,2.3529411764705883,36.5,76.33333333333333
41,32.0,17,44.2,2.2777777777777777,37.8,77.66666666666667
42,29.0,18,44.9,2.210526315789474,39.1,79.0
43,26.0,19,45.6,2.15,40.4,80.33333333333333
44,23.0,20,46.3,2.095238095238096,41.7,81.66666666666667
45,20.0,21,47.0,2.0454545454545454,43.0,83.0
46,17.0,22,47.7,2.0,44.3,84.33333333333333
25,78.0,23,32.8,1.0416666666666667,17.2,49.66666666666666
26,75.0,24,33.5,1.04,18.5,51.0
27,72.0,25,34.2,1.0384615384615383,19.8,52.333333333333336
28,69.0,26,34.9,1.037037037037037,21.1,53.66666666666666
29,66.0,27,35.6,1.0357142857142858,22.4,55.0
30,63.0,28,36.3,1.0344827586206895,23.7,56.333333333333336
31,60.0,29,37.0,1.0333333333333334,25.0,57.66666666666666
32,57.0,30,37.7,1.032258064516129,26.3,59.0
33,54.0,31,38.4,1.03125,27.6,60.333333333333336
34,51.0,32,39.1,1.0303030303030305,28.9,61.66666666666666
35,48.0,33,39.8,1.0294117647058822,30.2,63.0
36,45.0,34,40.5,1.0285714285714285,31.5,64.33333333333333
37,42.0,35,41.2,1.0277777777777777,32.8,65.66666666666667
38,39.0,36,41.9,1.027027027027027,34.1,67.0
39,36.0,37,42.6,1.0263157894736843,35.4,68.33333333333333
40,33.0,38,43.3,1.0256410256410255,36.7,69.66666666666667
41,30.0,39,44.0,1.025,38.0,71.0
42,27.0,40,44.7,1.024390243902439,39.3,72.33333333333333
43,24.0,41,45.4,1.0238095238095235,40.6,73.66666666666667
44,21.0,42,46.1,1.0232558139534884,41.9,75.0
45,18.0,43,46.8,1.0227272727272727,43.2,76.33333333333333
46,15.0,44,47.5,1.022222222222222,44.5,77.66666666666667
25,76.0,45,32.6,0.5434782608695652,17.4,43.0
26,73.0,46,33.3,0.5531914893617021,18.7,44.333333333333336
27,70.0,47,34.0,0.5625,20.0,45.66666666666666
28,67.0,48,34.7,0.5714285714285714,21.3,47.0
29,64.0,49,35.4,0.58,22.6,48.333333333333336
30,61.0,50,36.1,0.5882352941176471,23.9,49.66666666666666
31,58.0,51,36.8,0.5961538461538461,25.2,51.0
32,55.0,52,37.5,0.6037735849056604,26.5,52.333333333333336
33,52.0,53,38.2,0.6111111111111112,27.8,53.66666666666666
34,49.0,54,38.9,0.6181818181818182,29.1,55.0
35,46.0,55,39.6,0.625,30.4,56.333333333333336
36,43.0,56,40.3,0.631578947368421,31.7,57.66666666666666
37,40.0,57,41.0,0.6379310344827587,33.0,59.0
38,37.0,58,41.7,0.6440677966101694,34.3,60.333333333333336
39,34.0,59,42.4,0.65,35.6,61.66666666666666
40,31.0,60,43.1,0.6557377049180327,36.9,63.0
25,80.0,61,33.0,0.4032258064516129,17.0,36.333333333333336
26,77.0,62,33.7,0.4126984126984127,18.3,37.66666666666666
27,74.0,63,34.4,0.421875,19.6,39.0
28,71.0,64,35.1,0.4307692307692308,20.9,40.333333333333336
29,68.0,65,35.8,0.4393939393939394,22.2,41.66666666666666
30,65.0,66,36.5,0.4477611940298507,23.5,43.0
31,62.0,67,37.2,0.4558823529411764,24.8,44.333333333333336
32,59.0,68,37.9,0.463768115942029,26.1,45.66666666666666
33,56.0,69,38.6,0.4714285714285714,27.4,47.0
34,53.0,70,39.3,0.4788732394366197,28.7,48.333333333333336
35,50.0,71,40.0,0.4861111111111111,30.0,49.66666666666666
36,47.0,72,40.7,0.4931506849315068,31.3,51.0
37,44.0,73,41.4,0.5,32.6,52.333333333333336
38,41.0,74,42.1,0.5066666666666667,33.9,53.66666666666666
39,38.0,75,42.8,0.5131578947368421,35.2,55.0
40,35.0,76,43.5,0.5194805194805194,36.5,56.333333333333336
41,32.0,77,44.2,0.5256410256410257,37.8,57.66666666666666
42,29.0,78,44.9,0.5316455696202531,39.1,59.0
43,26.0,79,45.6,0.5375,40.4,60.333333333333336
44,23.0,80,46.3,0.5432098765432098,41.7,61.66666666666666
45,20.0,81,47.0,0.5487804878048781,43.0,63.0
46,17.0,82,47.7,0.5542168674698795,44.3,64.33333333333333
25,78.0,83,32.8,0.2976190476190476,17.2,29.666666666666668
26,75.0,84,33.5,0.3058823529411765,18.5,31.0
27,72.0,85,34.2,0.313953488372093,19.8,32.333333333333336
28,69.0,86,34.9,0.3218390804597701,21.1,33.666666666666664
29,66.0,87,35.6,0.3295454545454545,22.4,35.0
30,63.0,88,36.3,0.3370786516853932,23.7,36.333333333333336
31,60.0,89,37.0,0.3444444444444444,25.0,37.66666666666666
32,57.0,90,37.7,0.3516483516483517,26.3,39.0
33,54.0,91,38.4,0.358695652173913,27.6,40.333333333333336
34,51.0,92,39.1,0.3655913978494624,28.9,41.66666666666666
35,48.0,93,39.8,0.3723404255319149,30.2,43.0
36,45.0,94,40.5,0.3789473684210526,31.5,44.333333333333336
37,42.0,95,41.2,0.3854166666666667,32.8,45.66666666666666
38,39.0,96,41.9,0.3917525773195876,34.1,47.0
39,36.0,97,42.6,0.3979591836734694,35.4,48.333333333333336
40,33.0,98,43.3,0.404040404040404,36.7,49.66666666666666
41,30.0,99,44.0,0.41,38.0,51.0
42,27.0,100,44.7,0.4158415841584158,39.3,52.333333333333336
43,24.0,1,45.4,21.5,40.6,87.0
44,21.0,2,46.1,14.666666666666666,41.9,88.33333333333333
45,18.0,3,46.8,11.25,43.2,89.66666666666667
46,15.0,4,47.5,9.2,44.5,91.0
25,76.0,5,32.6,4.166666666666667,17.4,56.333333333333336
26,73.0,6,33.3,3.7142857142857135,18.7,57.66666666666666
27,70.0,7,34.0,3.375,20.0,59.0
28,67.0,8,34.7,3.111111111111111,21.3,60.333333333333336
29,64.0,9,35.4,2.9,22.6,61.66666666666666
30,61.0,10,36.1,2.727272727272727,23.9,63.0
31,58.0,11,36.8,2.583333333333333,25.2,64.33333333333333
32,55.0,12,37.5,2.4615384615384617,26.5,65.66666666666667
33,52.0,13,38.2,2.357142857142857,27.8,67.0
34,49.0,14,38.9,2.2666666666666666,29.1,68.33333333333333
35,46.0,15,39.6,2.1875,30.4,69.66666666666667
36,43.0,16,40.3,2.117647058823529,31.7,71.0
37,40.0,17,41.0,2.055555555555556,33.0,72.33333333333333
38,37.0,18,41.7,2.0,34.3,73.66666666666667
39,34.0,19,42.4,1.95,35.6,75.0
40,31.0,20,43.1,1.9047619047619049,36.9,76.33333333333333
25,80.0,21,33.0,1.1363636363636365,17.0,49.66666666666666
26,77.0,22,33.7,1.1304347826086956,18.3,51.0
27,74.0,23,34.4,1.125,19.6,52.333333333333336
28,71.0,24,35.1,1.12,20.9,53.66666666666666
29,68.0,25,35.8,1.1153846153846154,22.2,55.0
30,65.0,26,36.5,1.1111111111111112,23.5,56.333333333333336
31,62.0,27,37.2,1.1071428571428572,24.8,57.66666666666666
32,59.0,28,37.9,1.103448275862069,26.1,59.0
33,56.0,29,38.6,1.1,27.4,60.333333333333336
34,53.0,30,39.3,1.096774193548387,28.7,61.66666666666666
35,50.0,31,40.0,1.09375,30.0,63.0
36,47.0,32,40.7,1.0909090909090908,31.3,64.33333333333333
37,44.0,33,41.4,1.088235294117647,32.6,65.66666666666667
38,41.0,34,42.1,1.0857142857142856,33.9,67.0
39,38.0,35,42.8,1.0833333333333333,35.2,68.33333333333333
40,35.0,36,43.5,1.0810810810810811,36.5,69.66666666666667
41,32.0,37,44.2,1.0789473684210529,37.8,71.0
42,29.0,38,44.9,1.0769230769230769,39.1,72.33333333333333
43,26.0,39,45.6,1.075,40.4,73.66666666666667
44,23.0,40,46.3,1.0731707317073171,41.7,75.0
45,20.0,41,47.0,1.0714285714285714,43.0,76.33333333333333
46,17.0,42,47.7,1.069767441860465,44.3,77.66666666666667
25,78.0,43,32.8,0.5681818181818182,17.2,43.0
26,75.0,44,33.5,0.5777777777777777,18.5,44.333333333333336
27,72.0,45,34.2,0.5869565217391305,19.8,45.66666666666666
28,69.0,46,34.9,0.5957446808510638,21.1,47.0
29,66.0,47,35.6,0.6041666666666666,22.4,48.333333333333336
30,63.0,48,36.3,0.6122448979591837,23.7,49.66666666666666
31,60.0,49,37.0,0.62,25.0,51.0
32,57.0,50,37.7,0.6274509803921569,26.3,52.333333333333336
33,54.0,51,38.4,0.6346153846153846,27.6,53.66666666666666
34,51.0,52,39.1,0.6415094339622641,28.9,55.0
35,48.0,53,39.8,0.6481481481481481,30.2,56.333333333333336
36,45.0,54,40.5,0.6545454545454545,31.5,57.66666666666666
37,42.0,55,41.2,0.6607142857142857,32.8,59.0
38,39.0,56,41.9,0.6666666666666666,34.1,60.333333333333336
39,36.0,57,42.6,0.6724137931034483,35.4,61.66666666666666
40,33.0,58,43.3,0.6779661016949152,36.7,63.0
41,30.0,59,44.0,0.6833333333333333,38.0,64.33333333333333
42,27.0,60,44.7,0.6885245901639344,39.3,65.66666666666667
43,24.0,61,45.4,0.6935483870967742,40.6,67.0
44,21.0,62,46.1,0.6984126984126984,41.9,68.33333333333333
45,18.0,63,46.8,0.703125,43.2,69.66666666666667
46,15.0,64,47.5,0.7076923076923077,44.5,71.0
25,76.0,65,32.6,0.3787878787878788,17.4,36.333333333333336
26,73.0,66,33.3,0.3880597014925373,18.7,37.66666666666666
27,70.0,67,34.0,0.3970588235294117,20.0,39.0
28,67.0,68,34.7,0.4057971014492754,21.3,40.333333333333336
29,64.0,69,35.4,0.4142857142857143,22.6,41.66666666666666
30,61.0,70,36.1,0.4225352112676056,23.9,43.0
31,58.0,71,36.8,0.4305555555555556,25.2,44.333333333333336
32,55.0,72,37.5,0.4383561643835616,26.5,45.66666666666666
33,52.0,73,38.2,0.4459459459459459,27.8,47.0
34,49.0,74,38.9,0.4533333333333333,29.1,48.333333333333336
35,46.0,75,39.6,0.4605263157894737,30.4,49.66666666666666
36,43.0,76,40.3,0.4675324675324675,31.7,51.0
37,40.0,77,41.0,0.4743589743589743,33.0,52.333333333333336
38,37.0,78,41.7,0.4810126582278481,34.3,53.66666666666666
39,34.0,79,42.4,0.4875,35.6,55.0
40,31.0,80,43.1,0.4938271604938271,36.9,56.333333333333336
25,80.0,81,33.0,0.3048780487804878,17.0,29.666666666666668
26,77.0,82,33.7,0.3132530120481928,18.3,31.0
27,74.0,83,34.4,0.3214285714285714,19.6,32.333333333333336
28,71.0,84,35.1,0.3294117647058823,20.9,33.666666666666664
29,68.0,85,35.8,0.3372093023255814,22.2,35.0
30,65.0,86,36.5,0.3448275862068966,23.5,36.333333333333336
31,62.0,87,37.2,0.3522727272727273,24.8,37.66666666666666
32,59.0,88,37.9,0.3595505617977528,26.1,39.0
33,56.0,89,38.6,0.3666666666666666,27.4,40.333333333333336
34,53.0,90,39.3,0.3736263736263736,28.7,41.66666666666666
35,50.0,91,40.0,0.3804347826086957,30.0,43.0
36,47.0,92,40.7,0.3870967741935484,31.3,44.333333333333336
37,44.0,93,41.4,0.3936170212765957,32.6,45.66666666666666
38,41.0,94,42.1,0.4,33.9,47.0
39,38.0,95,42.8,0.40625,35.2,48.333333333333336
40,35.0,96,43.5,0.4123711340206185,36.5,49.66666666666666
41,32.0,97,44.2,0.4183673469387755,37.8,51.0
42,29.0,98,44.9,0.4242424242424242,39.1,52.333333333333336
43,26.0,99,45.6,0.43,40.4,53.66666666666666
44,23.0,100,46.3,0.4356435643564356,41.7,55.0
45,20.0,1,47.0,22.5,43.0,89.66666666666667
46,17.0,2,47.7,15.333333333333334,44.3,91.0
25,78.0,3,32.8,6.25,17.2,56.333333333333336
26,75.0,4,33.5,5.2,18.5,57.66666666666666
27,72.0,5,34.2,4.5,19.8,59.0
28,69.0,6,34.9,4.0,21.1,60.333333333333336
29,66.0,7,35.6,3.625,22.4,61.66666666666666
30,63.0,8,36.3,3.333333333333333,23.7,63.0
31,60.0,9,37.0,3.1,25.0,64.33333333333333
32,57.0,10,37.7,2.909090909090909,26.3,65.66666666666667
33,54.0,11,38.4,2.75,27.6,67.0
34,51.0,12,39.1,2.6153846153846154,28.9,68.33333333333333
35,48.0,13,39.8,2.5,30.2,69.66666666666667
36,45.0,14,40.5,2.4,31.5,71.0
37,42.0,15,41.2,2.3125,32.8,72.33333333333333
38,39.0,16,41.9,2.235294117647059,34.1,73.66666666666667
39,36.0,17,42.6,2.1666666666666665,35.4,75.0
40,33.0,18,43.3,2.1052631578947367,36.7,76.33333333333333
41,30.0,19,44.0,2.05,38.0,77.66666666666667
42,27.0,20,44.7,2.0,39.3,79.0
43,24.0,21,45.4,1.9545454545454544,40.6,80.33333333333333
44,21.0,22,46.1,1.9130434782608696,41.9,81.66666666666667
45,18.0,23,46.8,1.875,43.2,83.0
46,15.0,24,47.5,1.84,44.5,84.33333333333333
25,76.0,25,32.6,0.9615384615384616,17.4,49.66666666666666
26,73.0,26,33.3,0.9629629629629628,18.7,51.0
27,70.0,27,34.0,0.9642857142857144,20.0,52.333333333333336
28,67.0,28,34.7,0.9655172413793104,21.3,53.66666666666666
29,64.0,29,35.4,0.9666666666666668,22.6,55.0
30,61.0,30,36.1,0.967741935483871,23.9,56.333333333333336
31,58.0,31,36.8,0.96875,25.2,57.66666666666666
32,55.0,32,37.5,0.9696969696969696,26.5,59.0
33,52.0,33,38.2,0.9705882352941176,27.8,60.333333333333336
34,49.0,34,38.9,0.9714285714285714,29.1,61.66666666666666
35,46.0,35,39.6,0.9722222222222222,30.4,63.0
36,43.0,36,40.3,0.972972972972973,31.7,64.33333333333333
37,40.0,37,41.0,0.9736842105263158,33.0,65.66666666666667
38,37.0,38,41.7,0.9743589743589745,34.3,67.0
39,34.0,39,42.4,0.975,35.6,68.33333333333333
40,31.0,40,43.1,0.975609756097561,36.9,69.66666666666667
25,80.0,41,33.0,0.5952380952380952,17.0,43.0
26,77.0,42,33.7,0.6046511627906976,18.3,44.333333333333336
27,74.0,43,34.4,0.6136363636363636,19.6,45.66666666666666
28,71.0,44,35.1,0.6222222222222222,20.9,47.0
29,68.0,45,35.8,0.6304347826086957,22.2,48.333333333333336
30,65.0,46,36.5,0.6382978723404256,23.5,49.66666666666666
31,62.0,47,37.2,0.6458333333333334,24.8,51.0
32,59.0,48,37.9,0.6530612244897959,26.1,52.333333333333336
33,56.0,49,38.6,0.66,27.4,53.66666666666666
34,53.0,50,39.3,0.6666666666666666,28.7,55.0
35,50.0,51,40.0,0.6730769230769231,30.0,56.333333333333336
36,47.0,52,40.7,0.6792452830188679,31.3,57.66666666666666
37,44.0,53,41.4,0.6851851851851852,32.6,59.0
38,41.0,54,42.1,0.6909090909090909,33.9,60.333333333333336
39,38.0,55,42.8,0.6964285714285714,35.2,61.66666666666666
40,35.0,56,43.5,0.7017543859649122,36.5,63.0
41,32.0,57,44.2,0.7068965517241379,37.8,64.33333333333333
42,29.0,58,44.9,0.711864406779661,39.1,65.66666666666667
43,26.0,59,45.6,0.7166666666666667,40.4,67.0
44,23.0,60,46.3,0.7213114754098361,41.7,68.33333333333333
45,20.0,61,47.0,0.7258064516129032,43.0,69.66666666666667
46,17.0,62,47.7,0.7301587301587301,44.3,71.0
25,78.0,63,32.8,0.390625,17.2,36.333333333333336
26,75.0,64,33.5,0.4,18.5,37.66666666666666
27,72.0,65,34.2,0.4090909090909091,19.8,39.0
28,69.0,66,34.9,0.417910447761194,21.1,40.333333333333336
29,66.0,67,35.6,0.4264705882352941,22.4,41.66666666666666
30,63.0,68,36.3,0.4347826086956521,23.7,43.0
31,60.0,69,37.0,0.4428571428571428,25.0,44.333333333333336
32,57.0,70,37.7,0.4507042253521127,26.3,45.66666666666666
33,54.0,71,38.4,0.4583333333333333,27.6,47.0
34,51.0,72,39.1,0.4657534246575342,28.9,48.333333333333336
35,48.0,73,39.8,0.4729729729729729,30.2,49.66666666666666
36,45.0,74,40.5,0.48,31.5,51.0
37,42.0,75,41.2,0.4868421052631579,32.8,52.333333333333336
38,39.0,76,41.9,0.4935064935064935,34.1,53.66666666666666
39,36.0,77,42.6,0.5,35.4,55.0
40,33.0,78,43.3,0.5063291139240507,36.7,56.333333333333336
41,30.0,79,44.0,0.5125,38.0,57.66666666666666
42,27.0,80,44.7,0.5185185185185185,39.3,59.0
43,24.0,81,45.4,0.524390243902439,40.6,60.333333333333336
44,21.0,82,46.1,0.5301204819277109,41.9,61.66666666666666
45,18.0,83,46.8,0.5357142857142857,43.2,63.0
46,15.0,84,47.5,0.5411764705882353,44.5,64.33333333333333
25,76.0,85,32.6,0.2906976744186046,17.4,29.666666666666668
26,73.0,86,33.3,0.2988505747126437,18.7,31.0
27,70.0,87,34.0,0.3068181818181818,20.0,32.333333333333336
28,67.0,88,34.7,0.3146067415730337,21.3,33.666666666666664
29,64.0,89,35.4,0.3222222222222222,22.6,35.0
30,61.0,90,36.1,0.3296703296703296,23.9,36.333333333333336
31,58.0,91,36.8,0.3369565217391304,25.2,37.66666666666666
32,55.0,92,37.5,0.3440860215053763,26.5,39.0
33,52.0,93,38.2,0.351063829787234,27.8,40.333333333333336
34,49.0,94,38.9,0.3578947368421052,29.1,41.66666666666666
35,46.0,95,39.6,0.3645833333333333,30.4,43.0
36,43.0,96,40.3,0.3711340206185567,31.7,44.333333333333336
37,40.0,97,41.0,0.3775510204081632,33.0,45.66666666666666
38,37.0,98,41.7,0.3838383838383838,34.3,47.0
39,34.0,99,42.4,0.39,35.6,48.333333333333336
40,31.0,100,43.1,0.396039603960396,36.9,49.66666666666666
25,80.0,1,33.0,12.5,17.0,56.333333333333336
26,77.0,2,33.7,8.666666666666666,18.3,57.66666666666666
27,74.0,3,34.4,6.75,19.6,59.0
28,71.0,4,35.1,5.6,20.9,60.333333333333336
29,68.0,5,35.8,4.833333333333333,22.2,61.66666666666666
30,65.0,6,36.5,4.285714285714286,23.5,63.0
31,62.0,7,37.2,3.875,24.8,64.33333333333333
32,59.0,8,37.9,3.555555555555556,26.1,65.66666666666667
33,56.0,9,38.6,3.3,27.4,67.0
34,53.0,10,39.3,3.090909090909091,28.7,68.33333333333333
35,50.0,11,40.0,2.9166666666666665,30.0,69.66666666666667
36,47.0,12,40.7,2.769230769230769,31.3,71.0
37,44.0,13,41.4,2.642857142857143,32.6,72.33333333333333
38,41.0,14,42.1,2.533333333333333,33.9,73.66666666666667
39,38.0,15,42.8,2.4375,35.2,75.0
40,35.0,16,43.5,2.3529411764705883,36.5,76.33333333333333
41,32.0,17,44.2,2.2777777777777777,37.8,77.66666666666667
42,29.0,18,44.9,2.210526315789474,39.1,79.0
43,26.0,19,45.6,2.15,40.4,80.33333333333333
44,23.0,20,46.3,2.095238095238096,41.7,81.66666666666667
45,20.0,21,47.0,2.0454545454545454,43.0,83.0
46,17.0,22,47.7,2.0,44.3,84.33333333333333
25,78.0,23,32.8,1.0416666666666667,17.2,49.66666666666666
26,75.0,24,33.5,1.04,18.5,51.0
27,72.0,25,34.2,1.0384615384615383,19.8,52.333333333333336
28,69.0,26,34.9,1.037037037037037,21.1,53.66666666666666
29,66.0,27,35.6,1.0357142857142858,22.4,55.0
30,63.0,28,36.3,1.0344827586206895,23.7,56.333333333333336
31,60.0,29,37.0,1.0333333333333334,25.0,57.66666666666666
32,57.0,30,37.7,1.032258064516129,26.3,59.0
33,54.0,31,38.4,1.03125,27.6,60.333333333333336
34,51.0,32,39.1,1.0303030303030305,28.9,61.66666666666666
35,48.0,33,39.8,1.0294117647058822,30.2,63.0
36,45.0,34,40.5,1.0285714285714285,31.5,64.33333333333333
37,42.0,35,41.2,1.0277777777777777,32.8,65.66666666666667
38,39.0,36,41.9,1.027027027027027,34.1,67.0
39,36.0,37,42.6,1.0263157894736843,35.4,68.33333333333333
40,33.0,38,43.3,1.0256410256410255,36.7,69.66666666666667
41,30.0,39,44.0,1.025,38.0,71.0
42,27.0,40,44.7,1.024390243902439,39.3,72.33333333333333
43,24.0,41,45.4,1.0238095238095235,40.6,73.66666666666667
44,21.0,42,46.1,1.0232558139534884,41.9,75.0
45,18.0,43,46.8,1.0227272727272727,43.2,76.33333333333333
46,15.0,44,47.5,1.022222222222222,44.5,77.66666666666667
25,76.0,45,32.6,0.5434782608695652,17.4,43.0
26,73.0,46,33.3,0.5531914893617021,18.7,44.333333333333336
27,70.0,47,34.0,0.5625,20.0,45.66666666666666
28,67.0,48,34.7,0.5714285714285714,21.3,47.0
29,64.0,49,35.4,0.58,22.6,48.333333333333336
30,61.0,50,36.1,0.5882352941176471,23.9,49.66666666666666
31,58.0,51,36.8,0.5961538461538461,25.2,51.0
32,55.0,52,37.5,0.6037735849056604,26.5,52.333333333333336
33,52.0,53,38.2,0.6111111111111112,27.8,53.66666666666666
34,49.0,54,38.9,0.6181818181818182,29.1,55.0
35,46.0,55,39.6,0.625,30.4,56.333333333333336
36,43.0,56,40.3,0.631578947368421,31.7,57.66666666666666
37,40.0,57,41.0,0.6379310344827587,33.0,59.0
38,37.0,58,41.7,0.6440677966101694,34.3,60.333333333333336
39,34.0,59,42.4,0.65,35.6,61.66666666666666
40,31.0,60,43.1,0.6557377049180327,36.9,63.0
25,80.0,61,33.0,0.4032258064516129,17.0,36.333333333333336
26,77.0,62,33.7,0.4126984126984127,18.3,37.66666666666666
27,74.0,63,34.4,0.421875,19.6,39.0
28,71.0,64,35.1,0.4307692307692308,20.9,40.333333333333336
29,68.0,65,35.8,0.4393939393939394,22.2,41.66666666666666
30,65.0,66,36.5,0.4477611940298507,23.5,43.0
31,62.0,67,37.2,0.4558823529411764,24.8,44.333333333333336
32,59.0,68,37.9,0.463768115942029,26.1,45.66666666666666
33,56.0,69,38.6,0.4714285714285714,27.4,47.0
34,53.0,70,39.3,0.4788732394366197,28.7,48.333333333333336
35,50.0,71,40.0,0.4861111111111111,30.0,49.66666666666666
36,47.0,72,40.7,0.4931506849315068,31.3,51.0
37,44.0,73,41.4,0.5,32.6,52.333333333333336
38,41.0,74,42.1,0.5066666666666667,33.9,53.66666666666666
39,38.0,75,42.8,0.5131578947368421,35.2,55.0
40,35.0,76,43.5,0.5194805194805194,36.5,56.333333333333336
41,32.0,77,44.2,0.5256410256410257,37.8,57.66666666666666
42,29.0,78,44.9,0.5316455696202531,39.1,59.0
43,26.0,79,45.6,0.5375,40.4,60.333333333333336
44,23.0,80,46.3,0.5432098765432098,41.7,61.66666666666666
45,20.0,81,47.0,0.5487804878048781,43.0,63.0
46,17.0,82,47.7,0.5542168674698795,44.3,64.33333333333333
25,78.0,83,32.8,0.2976190476190476,17.2,29.666666666666668
26,75.0,84,33.5,0.3058823529411765,18.5,31.0
27,72.0,85,34.2,0.313953488372093,19.8,32.333333333333336
28,69.0,86,34.9,0.3218390804597701,21.1,33.666666666666664
29,66.0,87,35.6,0.3295454545454545,22.4,35.0
30,63.0,88,36.3,0.3370786516853932,23.7,36.333333333333336
31,60.0,89,37.0,0.3444444444444444,25.0,37.66666666666666
32,57.0,90,37.7,0.3516483516483517,26.3,39.0
33,54.0,91,38.4,0.358695652173913,27.6,40.333333333333336
34,51.0,92,39.1,0.3655913978494624,28.9,41.66666666666666
35,48.0,93,39.8,0.3723404255319149,30.2,43.0
36,45.0,94,40.5,0.3789473684210526,31.5,44.333333333333336
37,42.0,95,41.2,0.3854166666666667,32.8,45.66666666666666
38,39.0,96,41.9,0.3917525773195876,34.1,47.0
39,36.0,97,42.6,0.3979591836734694,35.4,48.333333333333336
40,33.0,98,43.3,0.404040404040404,36.7,49.66666666666666
41,30.0,99,44.0,0.41,38.0,51.0
42,27.0,100,44.7,0.4158415841584158,39.3,52.333333333333336
43,24.0,1,45.4,21.5,40.6,87.0
44,21.0,2,46.1,14.666666666666666,41.9,88.33333333333333
45,18.0,3,46.8,11.25,43.2,89.66666666666667
46,15.0,4,47.5,9.2,44.5,91.0
25,76.0,5,32.6,4.166666666666667,17.4,56.333333333333336
26,73.0,6,33.3,3.7142857142857135,18.7,57.66666666666666
27,70.0,7,34.0,3.375,20.0,59.0
28,67.0,8,34.7,3.111111111111111,21.3,60.333333333333336
29,64.0,9,35.4,2.9,22.6,61.66666666666666
30,61.0,10,36.1,2.727272727272727,23.9,63.0
31,58.0,11,36.8,2.583333333333333,25.2,64.33333333333333
32,55.0,12,37.5,2.4615384615384617,26.5,65.66666666666667
33,52.0,13,38.2,2.357142857142857,27.8,67.0
34,49.0,14,38.9,2.2666666666666666,29.1,68.33333333333333
35,46.0,15,39.6,2.1875,30.4,69.66666666666667
36,43.0,16,40.3,2.117647058823529,31.7,71.0
37,40.0,17,41.0,2.055555555555556,33.0,72.33333333333333
38,37.0,18,41.7,2.0,34.3,73.66666666666667
39,34.0,19,42.4,1.95,35.6,75.0
40,31.0,20,43.1,1.9047619047619049,36.9,76.33333333333333
25,80.0,21,33.0,1.1363636363636365,17.0,49.66666666666666
26,77.0,22,33.7,1.1304347826086956,18.3,51.0
27,74.0,23,34.4,1.125,19.6,52.333333333333336
28,71.0,24,35.1,1.12,20.9,53.66666666666666
29,68.0,25,35.8,1.1153846153846154,22.2,55.0
30,65.0,26,36.5,1.1111111111111112,23.5,56.333333333333336
31,62.0,27,37.2,1.1071428571428572,24.8,57.66666666666666
32,59.0,28,37.9,1.103448275862069,26.1,59.0
33,56.0,29,38.6,1.1,27.4,60.333333333333336
34,53.0,30,39.3,1.096774193548387,28.7,61.66666666666666
35,50.0,31,40.0,1.09375,30.0,63.0
36,47.0,32,40.7,1.0909090909090908,31.3,64.33333333333333
37,44.0,33,41.4,1.088235294117647,32.6,65.66666666666667
38,41.0,34,42.1,1.0857142857142856,33.9,67.0
39,38.0,35,42.8,1.0833333333333333,35.2,68.33333333333333
40,35.0,36,43.5,1.0810810810810811,36.5,69.66666666666667
41,32.0,37,44.2,1.0789473684210529,37.8,71.0
42,29.0,38,44.9,1.0769230769230769,39.1,72.33333333333333
43,26.0,39,45.6,1.075,40.4,73.66666666666667
44,23.0,40,46.3,1.0731707317073171,41.7,75.0
45,20.0,41,47.0,1.0714285714285714,43.0,76.33333333333333
46,17.0,42,47.7,1.069767441860465,44.3,77.66666666666667
25,78.0,43,32.8,0.5681818181818182,17.2,43.0
26,75.0,44,33.5,0.5777777777777777,18.5,44.333333333333336
27,72.0,45,34.2,0.5869565217391305,19.8,45.66666666666666
28,69.0,46,34.9,0.5957446808510638,21.1,47.0
29,66.0,47,35.6,0.6041666666666666,22.4,48.333333333333336
30,63.0,48,36.3,0.6122448979591837,23.7,49.66666666666666
31,60.0,49,37.0,0.62,25.0,51.0
32,57.0,50,37.7,0.6274509803921569,26.3,52.333333333333336
33,54.0,51,38.4,0.6346153846153846,27.6,53.66666666666666
34,51.0,52,39.1,0.6415094339622641,28.9,55.0
35,48.0,53,39.8,0.6481481481481481,30.2,56.333333333333336
36,45.0,54,40.5,0.6545454545454545,31.5,57.66666666666666
37,42.0,55,41.2,0.6607142857142857,32.8,59.0
38,39.0,56,41.9,0.6666666666666666,34.1,60.333333333333336
39,36.0,57,42.6,0.6724137931034483,35.4,61.66666666666666
40,33.0,58,43.3,0.6779661016949152,36.7,63.0
41,30.0,59,44.0,0.6833333333333333,38.0,64.33333333333333
42,27.0,60,44.7,0.6885245901639344,39.3,65.66666666666667
43,24.0,61,45.4,0.6935483870967742,40.6,67.0
44,21.0,62,46.1,0.6984126984126984,41.9,68.33333333333333
45,18.0,63,46.8,0.703125,43.2,69.66666666666667
46,15.0,64,47.5,0.7076923076923077,44.5,71.0
25,76.0,65,32.6,0.3787878787878788,17.4,36.333333333333336
26,73.0,66,33.3,0.3880597014925373,18.7,37.66666666666666
27,70.0,67,34.0,0.3970588235294117,20.0,39.0
28,67.0,68,34.7,0.4057971014492754,21.3,40.333333333333336
29,64.0,69,35.4,0.4142857142857143,22.6,41.66666666666666
30,61.0,70,36.1,0.4225352112676056,23.9,43.0
31,58.0,71,36.8,0.4305555555555556,25.2,44.333333333333336
32,55.0,72,37.5,0.4383561643835616,26.5,45.66666666666666
33,52.0,73,38.2,0.4459459459459459,27.8,47.0
34,49.0,74,38.9,0.4533333333333333,29.1,48.333333333333336
35,46.0,75,39.6,0.4605263157894737,30.4,49.66666666666666
36,43.0,76,40.3,0.4675324675324675,31.7,51.0
37,40.0,77,41.0,0.4743589743589743,33.0,52.333333333333336
38,37.0,78,41.7,0.4810126582278481,34.3,53.66666666666666
39,34.0,79,42.4,0.4875,35.6,55.0
40,31.0,80,43.1,0.4938271604938271,36.9,56.333333333333336
25,80.0,81,33.0,0.3048780487804878,17.0,29.666666666666668
26,77.0,82,33.7,0.3132530120481928,18.3,31.0
27,74.0,83,34.4,0.3214285714285714,19.6,32.333333333333336
28,71.0,84,35.1,0.3294117647058823,20.9,33.666666666666664
29,68.0,85,35.8,0.3372093023255814,22.2,35.0
30,65.0,86,36.5,0.3448275862068966,23.5,36.333333333333336
31,62.0,87,37.2,0.3522727272727273,24.8,37.66666666666666
32,59.0,88,37.9,0.3595505617977528,26.1,39.0
33,56.0,89,38.6,0.3666666666666666,27.4,40.333333333333336
34,53.0,90,39.3,0.3736263736263736,28.7,41.66666666666666
35,50.0,91,40.0,0.3804347826086957,30.0,43.0
36,47.0,92,40.7,0.3870967741935484,31.3,44.333333333333336
37,44.0,93,41.4,0.3936170212765957,32.6,45.66666666666666
38,41.0,94,42.1,0.4,33.9,47.0
39,38.0,95,42.8,0.40625,35.2,48.333333333333336
40,35.0,96,43.5,0.4123711340206185,36.5,49.66666666666666
41,32.0,97,44.2,0.4183673469387755,37.8,51.0
42,29.0,98,44.9,0.4242424242424242,39.1,52.333333333333336
43,26.0,99,45.6,0.43,40.4,53.66666666666666
44,23.0,100,46.3,0.4356435643564356,41.7,55.0
45,20.0,1,47.0,22.5,43.0,89.66666666666667
46,17.0,2,47.7,15.333333333333334,44.3,91.0
25,78.0,3,32.8,6.25,17.2,56.333333333333336
26,75.0,4,33.5,5.2,18.5,57.66666666666666
27,72.0,5,34.2,4.5,19.8,59.0
28,69.0,6,34.9,4.0,21.1,60.333333333333336
29,66.0,7,35.6,3.625,22.4,61.66666666666666
30,63.0,8,36.3,3.333333333333333,23.7,63.0
31,60.0,9,37.0,3.1,25.0,64.33333333333333
32,57.0,10,37.7,2.909090909090909,26.3,65.66666666666667
33,54.0,11,38.4,2.75,27.6,67.0
34,51.0,12,39.1,2.6153846153846154,28.9,68.33333333333333
35,48.0,13,39.8,2.5,30.2,69.66666666666667
36,45.0,14,40.5,2.4,31.5,71.0
37,42.0,15,41.2,2.3125,32.8,72.33333333333333
38,39.0,16,41.9,2.235294117647059,34.1,73.66666666666667
39,36.0,17,42.6,2.1666666666666665,35.4,75.0
40,33.0,18,43.3,2.1052631578947367,36.7,76.33333333333333
41,30.0,19,44.0,2.05,38.0,77.66666666666667
42,27.0,20,44.7,2.0,39.3,79.0
43,24.0,21,45.4,1.9545454545454544,40.6,80.33333333333333
44,21.0,22,46.1,1.9130434782608696,41.9,81.66666666666667
45,18.0,23,46.8,1.875,43.2,83.0
46,15.0,24,47.5,1.84,44.5,84.33333333333333
25,76.0,25,32.6,0.9615384615384616,17.4,49.66666666666666
26,73.0,26,33.3,0.9629629629629628,18.7,51.0
27,70.0,27,34.0,0.9642857142857144,20.0,52.333333333333336
28,67.0,28,34.7,0.9655172413793104,21.3,53.66666666666666
29,64.0,29,35.4,0.9666666666666668,22.6,55.0
30,61.0,30,36.1,0.967741935483871,23.9,56.333333333333336
31,58.0,31,36.8,0.96875,25.2,57.66666666666666
32,55.0,32,37.5,0.9696969696969696,26.5,59.0
33,52.0,33,38.2,0.9705882352941176,27.8,60.333333333333336
34,49.0,34,38.9,0.9714285714285714,29.1,61.66666666666666
35,46.0,35,39.6,0.9722222222222222,30.4,63.0
36,43.0,36,40.3,0.972972972972973,31.7,64.33333333333333
37,40.0,37,41.0,0.9736842105263158,33.0,65.66666666666667
38,37.0,38,41.7,0.9743589743589745,34.3,67.0
39,34.0,39,42.4,0.975,35.6,68.33333333333333
40,31.0,40,43.1,0.975609756097561,36.9,69.66666666666667
25,80.0,41,33.0,0.5952380952380952,17.0,43.0
26,77.0,42,33.7,0.6046511627906976,18.3,44.333333333333336
27,74.0,43,34.4,0.6136363636363636,19.6,45.66666666666666
28,71.0,44,35.1,0.6222222222222222,20.9,47.0
29,68.0,45,35.8,0.6304347826086957,22.2,48.333333333333336
30,65.0,46,36.5,0.6382978723404256,23.5,49.66666666666666
31,62.0,47,37.2,0.6458333333333334,24.8,51.0
32,59.0,48,37.9,0.6530612244897959,26.1,52.333333333333336
33,56.0,49,38.6,0.66,27.4,53.66666666666666
34,53.0,50,39.3,0.6666666666666666,28.7,55.0
35,50.0,51,40.0,0.6730769230769231,30.0,56.333333333333336
36,47.0,52,40.7,0.6792452830188679,31.3,57.66666666666666
37,44.0,53,41.4,0.6851851851851852,32.6,59.0
38,41.0,54,42.1,0.6909090909090909,33.9,60.333333333333336
39,38.0,55,42.8,0.6964285714285714,35.2,61.66666666666666
40,35.0,56,43.5,0.7017543859649122,36.5,63.0
41,32.0,57,44.2,0.7068965517241379,37.8,64.33333333333333
42,29.0,58,44.9,0.711864406779661,39.1,65.66666666666667
43,26.0,59,45.6,0.7166666666666667,40.4,67.0
44,23.0,60,46.3,0.7213114754098361,41.7,68.33333333333333
45,20.0,61,47.0,0.7258064516129032,43.0,69.66666666666667
46,17.0,62,47.7,0.7301587301587301,44.3,71.0
25,78.0,63,32.8,0.390625,17.2,36.333333333333336
26,75.0,64,33.5,0.4,18.5,37.66666666666666
27,72.0,65,34.2,0.4090909090909091,19.8,39.0
28,69.0,66,34.9,0.417910447761194,21.1,40.333333333333336
29,66.0,67,35.6,0.4264705882352941,22.4,41.66666666666666
30,63.0,68,36.3,0.4347826086956521,23.7,43.0
31,60.0,69,37.0,0.4428571428571428,25.0,44.333333333333336
32,57.0,70,37.7,0.4507042253521127,26.3,45.66666666666666
33,54.0,71,38.4,0.4583333333333333,27.6,47.0
34,51.0,72,39.1,0.4657534246575342,28.9,48.333333333333336
35,48.0,73,39.8,0.4729729729729729,30.2,49.66666666666666
36,45.0,74,40.5,0.48,31.5,51.0
37,42.0,75,41.2,0.4868421052631579,32.8,52.333333333333336
38,39.0,76,41.9,0.4935064935064935,34.1,53.66666666666666
39,36.0,77,42.6,0.5,35.4,55.0
40,33.0,78,43.3,0.5063291139240507,36.7,56.333333333333336
41,30.0,79,44.0,0.5125,38.0,57.66666666666666
42,27.0,80,44.7,0.5185185185185185,39.3,59.0
43,24.0,81,45.4,0.524390243902439,40.6,60.333333333333336
44,21.0,82,46.1,0.5301204819277109,41.9,61.66666666666666
45,18.0,83,46.8,0.5357142857142857,43.2,63.0
46,15.0,84,47.5,0.5411764705882353,44.5,64.33333333333333
25,76.0,85,32.6,0.2906976744186046,17.4,29.666666666666668
26,73.0,86,33.3,0.2988505747126437,18.7,31.0
27,70.0,87,34.0,0.3068181818181818,20.0,32.333333333333336
28,67.0,88,34.7,0.3146067415730337,21.3,33.666666666666664
29,64.0,89,35.4,0.3222222222222222,22.6,35.0
30,61.0,90,36.1,0.3296703296703296,23.9,36.333333333333336
31,58.0,91,36.8,0.3369565217391304,25.2,37.66666666666666
32,55.0,92,37.5,0.3440860215053763,26.5,39.0
33,52.0,93,38.2,0.351063829787234,27.8,40.333333333333336
34,49.0,94,38.9,0.3578947368421052,29.1,41.66666666666666
35,46.0,95,39.6,0.3645833333333333,30.4,43.0
36,43.0,96,40.3,0.3711340206185567,31.7,44.333333333333336
37,40.0,97,41.0,0.3775510204081632,33.0,45.66666666666666
38,37.0,98,41.7,0.3838383838383838,34.3,47.0
39,34.0,99,42.4,0.39,35.6,48.333333333333336
40,31.0,100,43.1,0.396039603960396,36.9,49.66666666666666
25,80.0,1,33.0,12.5,17.0,56.333333333333336
26,77.0,2,33.7,8.666666666666666,18.3,57.66666666666666
27,74.0,3,34.4,6.75,19.6,59.0
28,71.0,4,35.1,5.6,20.9,60.333333333333336
29,68.0,5,35.8,4.833333333333333,22.2,61.66666666666666
30,65.0,6,36.5,4.285714285714286,23.5,63.0
31,62.0,7,37.2,3.875,24.8,64.33333333333333
32,59.0,8,37.9,3.555555555555556,26.1,65.66666666666667
33,56.0,9,38.6,3.3,27.4,67.0
34,53.0,10,39.3,3.090909090909091,28.7,68.33333333333333
35,50.0,11,40.0,2.9166666666666665,30.0,69.66666666666667
36,47.0,12,40.7,2.769230769230769,31.3,71.0
37,44.0,13,41.4,2.642857142857143,32.6,72.33333333333333
38,41.0,14,42.1,2.533333333333333,33.9,73.66666666666667
39,38.0,15,42.8,2.4375,35.2,75.0
40,35.0,16,43.5,2.3529411764705883,36.5,76.33333333333333
41,32.0,17,44.2,2.2777777777777777,37.8,77.66666666666667
42,29.0,18,44.9,2.210526315789474,39.1,79.0
43,26.0,19,45.6,2.15,40.4,80.33333333333333
44,23.0,20,46.3,2.095238095238096,41.7,81.66666666666667
45,20.0,21,47.0,2.0454545454545454,43.0,83.0
46,17.0,22,47.7,2.0,44.3,84.33333333333333
25,78.0,23,32.8,1.0416666666666667,17.2,49.66666666666666
26,75.0,24,33.5,1.04,18.5,51.0
27,72.0,25,34.2,1.0384615384615383,19.8,52.333333333333336
28,69.0,26,34.9,1.037037037037037,21.1,53.66666666666666
29,66.0,27,35.6,1.0357142857142858,22.4,55.0
30,63.0,28,36.3,1.0344827586206895,23.7,56.333333333333336
31,60.0,29,37.0,1.0333333333333334,25.0,57.66666666666666
32,57.0,30,37.7,1.032258064516129,26.3,59.0
33,54.0,31,38.4,1.03125,27.6,60.333333333333336
34,51.0,32,39.1,1.0303030303030305,28.9,61.66666666666666
35,48.0,33,39.8,1.0294117647058822,30.2,63.0
36,45.0,34,40.5,1.0285714285714285,31.5,64.33333333333333
37,42.0,35,41.2,1.0277777777777777,32.8,65.66666666666667
38,39.0,36,41.9,1.027027027027027,34.1,67.0
39,36.0,37,42.6,1.0263157894736843,35.4,68.33333333333333
40,33.0,38,43.3,1.0256410256410255,36.7,69.66666666666667
41,30.0,39,44.0,1.025,38.0,71.0
42,27.0,40,44.7,1.024390243902439,39.3,72.33333333333333
43,24.0,41,45.4,1.0238095238095235,40.6,73.66666666666667
44,21.0,42,46.1,1.0232558139534884,41.9,75.0
45,18.0,43,46.8,1.0227272727272727,43.2,76.33333333333333
46,15.0,44,47.5,1.022222222222222,44.5,77.66666666666667
25,76.0,45,32.6,0.5434782608695652,17.4,43.0
26,73.0,46,33.3,0.5531914893617021,18.7,44.333333333333336
27,70.0,47,34.0,0.5625,20.0,45.66666666666666
28,67.0,48,34.7,0.5714285714285714,21.3,47.0
29,64.0,49,35.4,0.58,22.6,48.333333333333336
30,61.0,50,36.1,0.5882352941176471,23.9,49.66666666666666
31,58.0,51,36.8,0.5961538461538461,25.2,51.0
32,55.0,52,37.5,0.6037735849056604,26.5,52.333333333333336
33,52.0,53,38.2,0.6111111111111112,27.8,53.66666666666666
34,49.0,54,38.9,0.6181818181818182,29.1,55.0
35,46.0,55,39.6,0.625,30.4,56.333333333333336
36,43.0,56,40.3,0.631578947368421,31.7,57.66666666666666
37,40.0,57,41.0,0.6379310344827587,33.0,59.0
38,37.0,58,41.7,0.6440677966101694,34.3,60.333333333333336
39,34.0,59,42.4,0.65,35.6,61.66666666666666
40,31.0,60,43.1,0.6557377049180327,36.9,63.0
25,80.0,61,33.0,0.4032258064516129,17.0,36.333333333333336
26,77.0,62,33.7,0.4126984126984127,18.3,37.66666666666666
27,74.0,63,34.4,0.421875,19.6,39.0
28,71.0,64,35.1,0.4307692307692308,20.9,40.333333333333336
29,68.0,65,35.8,0.4393939393939394,22.2,41.66666666666666
30,65.0,66,36.5,0.4477611940298507,23.5,43.0
31,62.0,67,37.2,0.4558823529411764,24.8,44.333333333333336
32,59.0,68,37.9,0.463768115942029,26.1,45.66666666666666
33,56.0,69,38.6,0.4714285714285714,27.4,47.0
34,53.0,70,39.3,0.4788732394366197,28.7,48.333333333333336
35,50.0,71,40.0,0.4861111111111111,30.0,49.66666666666666
36,47.0,72,40.7,0.4931506849315068,31.3,51.0
37,44.0,73,41.4,0.5,32.6,52.333333333333336
38,41.0,74,42.1,0.5066666666666667,33.9,53.66666666666666
39,38.0,75,42.8,0.5131578947368421,35.2,55.0
40,35.0,76,43.5,0.5194805194805194,36.5,56.333333333333336
41,32.0,77,44.2,0.5256410256410257,37.8,57.66666666666666
42,29.0,78,44.9,0.5316455696202531,39.1,59.0
43,26.0,79,45.6,0.5375,40.4,60.333333333333336
44,23.0,80,46.3,0.5432098765432098,41.7,61.66666666666666
45,20.0,81,47.0,0.5487804878048781,43.0,63.0
46,17.0,82,47.7,0.5542168674698795,44.3,64.33333333333333
25,78.0,83,32.8,0.2976190476190476,17.2,29.666666666666668
26,75.0,84,33.5,0.3058823529411765,18.5,31.0
27,72.0,85,34.2,0.313953488372093,19.8,32.333333333333336
28,69.0,86,34.9,0.3218390804597701,21.1,33.666666666666664
29,66.0,87,35.6,0.3295454545454545,22.4,35.0
30,63.0,88,36.3,0.3370786516853932,23.7,36.333333333333336
31,60.0,89,37.0,0.3444444444444444,25.0,37.66666666666666
32,57.0,90,37.7,0.3516483516483517,26.3,39.0
33,54.0,91,38.4,0.358695652173913,27.6,40.333333333333336
34,51.0,92,39.1,0.3655913978494624,28.9,41.66666666666666
35,48.0,93,39.8,0.3723404255319149,30.2,43.0
36,45.0,94,40.5,0.3789473684210526,31.5,44.333333333333336
37,42.0,95,41.2,0.3854166666666667,32.8,45.66666666666666
38,39.0,96,41.9,0.3917525773195876,34.1,47.0
39,36.0,97,42.6,0.3979591836734694,35.4,48.333333333333336
40,33.0,98,43.3,0.404040404040404,36.7,49.66666666666666
41,30.0,99,44.0,0.41,38.0,51.0
42,27.0,100,44.7,0.4158415841584158,39.3,52.333333333333336
43,24.0,1,45.4,21.5,40.6,87.0
44,21.0,2,46.1,14.666666666666666,41.9,88.33333333333333
45,18.0,3,46.8,11.25,43.2,89.66666666666667
46,15.0,4,47.5,9.2,44.5,91.0
25,76.0,5,32.6,4.166666666666667,17.4,56.333333333333336
26,73.0,6,33.3,3.7142857142857135,18.7,57.66666666666666
27,70.0,7,34.0,3.375,20.0,59.0
28,67.0,8,34.7,3.111111111111111,21.3,60.333333333333336
29,64.0,9,35.4,2.9,22.6,61.66666666666666
30,61.0,10,36.1,2.727272727272727,23.9,63.0
31,58.0,11,36.8,2.583333333333333,25.2,64.33333333333333
32,55.0,12,37.5,2.4615384615384617,26.5,65.66666666666667
33,52.0,13,38.2,2.357142857142857,27.8,67.0
34,49.0,14,38.9,2.2666666666666666,29.1,68.33333333333333
35,46.0,15,39.6,2.1875,30.4,69.66666666666667
36,43.0,16,40.3,2.117647058823529,31.7,71.0
37,40.0,17,41.0,2.055555555555556,33.0,72.33333333333333
38,37.0,18,41.7,2.0,34.3,73.66666666666667
39,34.0,19,42.4,1.95,35.6,75.0
40,31.0,20,43.1,1.9047619047619049,36.9,76.33333333333333
25,80.0,21,33.0,1.1363636363636365,17.0,49.66666666666666
26,77.0,22,33.7,1.1304347826086956,18.3,51.0
27,74.0,23,34.4,1.125,19.6,52.333333333333336
28,71.0,24,35.1,1.12,20.9,53.66666666666666
29,68.0,25,35.8,1.1153846153846154,22.2,55.0
30,65.0,26,36.5,1.1111111111111112,23.5,56.333333333333336
31,62.0,27,37.2,1.1071428571428572,24.8,57.66666666666666
32,59.0,28,37.9,1.103448275862069,26.1,59.0
33,56.0,29,38.6,1.1,27.4,60.333333333333336
34,53.0,30,39.3,1.096774193548387,28.7,61.66666666666666
35,50.0,31,40.0,1.09375,30.0,63.0
36,47.0,32,40.7,1.0909090909090908,31.3,64.33333333333333
37,44.0,33,41.4,1.088235294117647,32.6,65.66666666666667
38,41.0,34,42.1,1.0857142857142856,33.9,67.0
39,38.0,35,42.8,1.0833333333333333,35.2,68.33333333333333
40,35.0,36,43.5,1.0810810810810811,36.5,69.66666666666667
41,32.0,37,44.2,1.0789473684210529,37.8,71.0
42,29.0,38,44.9,1.0769230769230769,39.1,72.33333333333333
43,26.0,39,45.6,1.075,40.4,73.66666666666667
44,23.0,40,46.3,1.0731707317073171,41.7,75.0
45,20.0,41,47.0,1.0714285714285714,43.0,76.33333333333333
46,17.0,42,47.7,1.069767441860465,44.3,77.66666666666667
25,78.0,43,32.8,0.5681818181818182,17.2,43.0
26,75.0,44,33.5,0.5777777777777777,18.5,44.333333333333336
27,72.0,45,34.2,0.5869565217391305,19.8,45.66666666666666
28,69.0,46,34.9,0.5957446808510638,21.1,47.0
29,66.0,47,35.6,0.6041666666666666,22.4,48.333333333333336
30,63.0,48,36.3,0.6122448979591837,23.7,49.66666666666666
31,60.0,49,37.0,0.62,25.0,51.0
32,57.0,50,37.7,0.6274509803921569,26.3,52.333333333333336
33,54.0,51,38.4,0.6346153846153846,27.6,53.66666666666666
34,51.0,52,39.1,0.6415094339622641,28.9,55.0
35,48.0,53,39.8,0.6481481481481481,30.2,56.333333333333336
36,45.0,54,40.5,0.6545454545454545,31.5,57.66666666666666
37,42.0,55,41.2,0.6607142857142857,32.8,59.0
38,39.0,56,41.9,0.6666666666666666,34.1,60.333333333333336
39,36.0,57,42.6,0.6724137931034483,35.4,61.66666666666666
40,33.0,58,43.3,0.6779661016949152,36.7,63.0
41,30.0,59,44.0,0.6833333333333333,38.0,64.33333333333333
42,27.0,60,44.7,0.6885245901639344,39.3,65.66666666666667
43,24.0,61,45.4,0.6935483870967742,40.6,67.0
44,21.0,62,46.1,0.6984126984126984,41.9,68.33333333333333
45,18.0,63,46.8,0.703125,43.2,69.66666666666667
46,15.0,64,47.5,0.7076923076923077,44.5,71.0
25,76.0,65,32.6,0.3787878787878788,17.4,36.333333333333336
26,73.0,66,33.3,0.3880597014925373,18.7,37.66666666666666
27,70.0,67,34.0,0.3970588235294117,20.0,39.0
28,67.0,68,34.7,0.4057971014492754,21.3,40.333333333333336
29,64.0,69,35.4,0.4142857142857143,22.6,41.66666666666666
30,61.0,70,36.1,0.4225352112676056,23.9,43.0
31,58.0,71,36.8,0.4305555555555556,25.2,44.333333333333336
32,55.0,72,37.5,0.4383561643835616,26.5,45.66666666666666
33,52.0,73,38.2,0.4459459459459459,27.8,47.0
34,49.0,74,38.9,0.4533333333333333,29.1,48.333333333333336
35,46.0,75,39.6,0.4605263157894737,30.4,49.66666666666666
36,43.0,76,40.3,0.4675324675324675,31.7,51.0
37,40.0,77,41.0,0.4743589743589743,33.0,52.333333333333336
38,37.0,78,41.7,0.4810126582278481,34.3,53.66666666666666
39,34.0,79,42.4,0.4875,35.6,55.0
40,31.0,80,43.1,0.4938271604938271,36.9,56.333333333333336
25,80.0,81,33.0,0.3048780487804878,17.0,29.666666666666668
26,77.0,82,33.7,0.3132530120481928,18.3,31.0
27,74.0,83,34.4,0.3214285714285714,19.6,32.333333333333336
28,71.0,84,35.1,0.3294117647058823,20.9,33.666666666666664
29,68.0,85,35.8,0.3372093023255814,22.2,35.0
30,65.0,86,36.5,0.3448275862068966,23.5,36.333333333333336
31,62.0,87,37.2,0.3522727272727273,24.8,37.66666666666666
32,59.0,88,37.9,0.3595505617977528,26.1,39.0
33,56.0,89,38.6,0.3666666666666666,27.4,40.333333333333336
34,53.0,90,39.3,0.3736263736263736,28.7,41.66666666666666
35,50.0,91,40.0,0.3804347826086957,30.0,43.0
36,47.0,92,40.7,0.3870967741935484,31.3,44.333333333333336
37,44.0,93,41.4,0.3936170212765957,32.6,45.66666666666666
38,41.0,94,42.1,0.4,33.9,47.0
39,38.0,95,42.8,0.40625,35.2,48.333333333333336
40,35.0,96,43.5,0.4123711340206185,36.5,49.66666666666666
41,32.0,97,44.2,0.4183673469387755,37.8,51.0
42,29.0,98,44.9,0.4242424242424242,39.1,52.333333333333336
43,26.0,99,45.6,0.43,40.4,53.66666666666666
44,23.0,100,46.3,0.4356435643564356,41.7,55.0
45,20.0,1,47.0,22.5,43.0,89.66666666666667
46,17.0,2,47.7,15.333333333333334,44.3,91.0
25,78.0,3,32.8,6.25,17.2,56.333333333333336
26,75.0,4,33.5,5.2,18.5,57.66666666666666
27,72.0,5,34.2,4.5,19.8,59.0
28,69.0,6,34.9,4.0,21.1,60.333333333333336
29,66.0,7,35.6,3.625,22.4,61.66666666666666
30,63.0,8,36.3,3.333333333333333,23.7,63.0
31,60.0,9,37.0,3.1,25.0,64.33333333333333
32,57.0,10,37.7,2.909090909090909,26.3,65.66666666666667
33,54.0,11,38.4,2.75,27.6,67.0
34,51.0,12,39.1,2.6153846153846154,28.9,68.33333333333333
35,48.0,13,39.8,2.5,30.2,69.66666666666667
36,45.0,14,40.5,2.4,31.5,71.0
37,42.0,15,41.2,2.3125,32.8,72.33333333333333
38,39.0,16,41.9,2.235294117647059,34.1,73.66666666666667
39,36.0,17,42.6,2.1666666666666665,35.4,75.0
40,33.0,18,43.3,2.1052631578947367,36.7,76.33333333333333
41,30.0,19,44.0,2.05,38.0,77.66666666666667
42,27.0,20,44.7,2.0,39.3,79.0
43,24.0,21,45.4,1.9545454545454544,40.6,80.33333333333333
44,21.0,22,46.1,1.9130434782608696,41.9,81.66666666666667
45,18.0,23,46.8,1.875,43.2,83.0
46,15.0,24,47.5,1.84,44.5,84.33333333333333
25,76.0,25,32.6,0.9615384615384616,17.4,49.66666666666666
26,73.0,26,33.3,0.9629629629629628,18.7,51.0
27,70.0,27,34.0,0.9642857142857144,20.0,52.333333333333336
28,67.0,28,34.7,0.9655172413793104,21.3,53.66666666666666
29,64.0,29,35.4,0.9666666666666668,22.6,55.0
30,61.0,30,36.1,0.967741935483871,23.9,56.333333333333336
31,58.0,31,36.8,0.96875,25.2,57.66666666666666
32,55.0,32,37.5,0.9696969696969696,26.5,59.0
33,52.0,33,38.2,0.9705882352941176,27.8,60.333333333333336
34,49.0,34,38.9,0.9714285714285714,29.1,61.66666666666666
35,46.0,35,39.6,0.9722222222222222,30.4,63.0
36,43.0,36,40.3,0.972972972972973,31.7,64.33333333333333
37,40.0,37,41.0,0.9736842105263158,33.0,65.66666666666667
38,37.0,38,41.7,0.9743589743589745,34.3,67.0
39,34.0,39,42.4,0.975,35.6,68.33333333333333
40,31.0,40,43.1,0.975609756097561,36.9,69.66666666666667
25,80.0,41,33.0,0.5952380952380952,17.0,43.0
26,77.0,42,33.7,0.6046511627906976,18.3,44.333333333333336
27,74.0,43,34.4,0.6136363636363636,19.6,45.66666666666666
28,71.0,44,35.1,0.6222222222222222,20.9,47.0
29,68.0,45,35.8,0.6304347826086957,22.2,48.333333333333336
30,65.0,46,36.5,0.6382978723404256,23.5,49.66666666666666
31,62.0,47,37.2,0.6458333333333334,24.8,51.0
32,59.0,48,37.9,0.6530612244897959,26.1,52.333333333333336
33,56.0,49,38.6,0.66,27.4,53.66666666666666
34,53.0,50,39.3,0.6666666666666666,28.7,55.0
35,50.0,51,40.0,0.6730769230769231,30.0,56.333333333333336
36,47.0,52,40.7,0.6792452830188679,31.3,57.66666666666666
37,44.0,53,41.4,0.6851851851851852,32.6,59.0
38,41.0,54,42.1,0.6909090909090909,33.9,60.333333333333336
39,38.0,55,42.8,0.6964285714285714,35.2,61.66666666666666
40,35.0,56,43.5,0.7017543859649122,36.5,63.0
41,32.0,57,44.2,0.7068965517241379,37.8,64.33333333333333
42,29.0,58,44.9,0.711864406779661,39.1,65.66666666666667
43,26.0,59,45.6,0.7166666666666667,40.4,67.0
44,23.0,60,46.3,0.7213114754098361,41.7,68.33333333333333
45,20.0,61,47.0,0.7258064516129032,43.0,69.66666666666667
46,17.0,62,47.7,0.7301587301587301,44.3,71.0
25,78.0,63,32.8,0.390625,17.2,36.333333333333336
26,75.0,64,33.5,0.4,18.5,37.66666666666666
27,72.0,65,34.2,0.4090909090909091,19.8,39.0
28,69.0,66,34.9,0.417910447761194,21.1,40.333333333333336
29,66.0,67,35.6,0.4264705882352941,22.4,41.66666666666666
30,63.0,68,36.3,0.4347826086956521,23.7,43.0
31,60.0,69,37.0,0.4428571428571428,25.0,44.333333333333336
32,57.0,70,37.7,0.4507042253521127,26.3,45.66666666666666
33,54.0,71,38.4,0.4583333333333333,27.6,47.0
34,51.0,72,39.1,0.4657534246575342,28.9,48.333333333333336
35,48.0,73,39.8,0.4729729729729729,30.2,49.66666666666666
36,45.0,74,40.5,0.48,31.5,51.0
37,42.0,75,41.2,0.4868421052631579,32.8,52.333333333333336
38,39.0,76,41.9,0.4935064935064935,34.1,53.66666666666666
39,36.0,77,42.6,0.5,35.4,55.0
40,33.0,78,43.3,0.5063291139240507,36.7,56.333333333333336
41,30.0,79,44.0,0.5125,38.0,57.66666666666666
42,27.0,80,44.7,0.5185185185185185,39.3,59.0
43,24.0,81,45.4,0.524390243902439,40.6,60.333333333333336
44,21.0,82,46.1,0.5301204819277109,41.9,61.66666666666666
45,18.0,83,46.8,0.5357142857142857,43.2,63.0
46,15.0,84,47.5,0.5411764705882353,44.5,64.33333333333333
25,76.0,85,32.6,0.2906976744186046,17.4,29.666666666666668
26,73.0,86,33.3,0.2988505747126437,18.7,31.0
27,70.0,87,34.0,0.3068181818181818,20.0,32.333333333333336
28,67.0,88,34.7,0.3146067415730337,21.3,33.666666666666664
29,64.0,89,35.4,0.3222222222222222,22.6,35.0
30,61.0,90,36.1,0.3296703296703296,23.9,36.333333333333336
31,58.0,91,36.8,0.3369565217391304,25.2,37.66666666666666
32,55.0,92,37.5,0.3440860215053763,26.5,39.0
33,52.0,93,38.2,0.351063829787234,27.8,40.333333333333336
34,49.0,94,38.9,0.3578947368421052,29.1,41.66666666666666
35,46.0,95,39.6,0.3645833333333333,30.4,43.0
36,43.0,96,40.3,0.3711340206185567,31.7,44.333333333333336
37,40.0,97,41.0,0.3775510204081632,33.0,45.66666666666666
38,37.0,98,41.7,0.3838383838383838,34.3,47.0
39,34.0,99,42.4,0.39,35.6,48.333333333333336
40,31.0,100,43.1,0.396039603960396,36.9,49.66666666666666
25,80.0,1,33.0,12.5,17.0,56.333333333333336
26,77.0,2,33.7,8.666666666666666,18.3,57.66666666666666
27,74.0,3,34.4,6.75,19.6,59.0
28,71.0,4,35.1,5.6,20.9,60.333333333333336
29,68.0,5,35.8,4.833333333333333,22.2,61.66666666666666
30,65.0,6,36.5,4.285714285714286,23.5,63.0
31,62.0,7,37.2,3.875,24.8,64.33333333333333
32,59.0,8,37.9,3.555555555555556,26.1,65.66666666666667
33,56.0,9,38.6,3.3,27.4,67.0
34,53.0,10,39.3,3.090909090909091,28.7,68.33333333333333
35,50.0,11,40.0,2.9166666666666665,30.0,69.66666666666667
36,47.0,12,40.7,2.769230769230769,31.3,71.0
37,44.0,13,41.4,2.642857142857143,32.6,72.33333333333333
38,41.0,14,42.1,2.533333333333333,33.9,73.66666666666667
39,38.0,15,42.8,2.4375,35.2,75.0
40,35.0,16,43.5,2.3529411764705883,36.5,76.33333333333333
41,32.0,17,44.2,2.2777777777777777,37.8,77.66666666666667
42,29.0,18,44.9,2.210526315789474,39.1,79.0
43,26.0,19,45.6,2.15,40.4,80.33333333333333
44,23.0,20,46.3,2.095238095238096,41.7,81.66666666666667
45,20.0,21,47.0,2.0454545454545454,43.0,83.0
46,17.0,22,47.7,2.0,44.3,84.33333333333333
25,78.0,23,32.8,1.0416666666666667,17.2,49.66666666666666
26,75.0,24,33.5,1.04,18.5,51.0
27,72.0,25,34.2,1.0384615384615383,19.8,52.333333333333336
28,69.0,26,34.9,1.037037037037037,21.1,53.66666666666666
29,66.0,27,35.6,1.0357142857142858,22.4,55.0
30,63.0,28,36.3,1.0344827586206895,23.7,56.333333333333336
31,60.0,29,37.0,1.0333333333333334,25.0,57.66666666666666
32,57.0,30,37.7,1.032258064516129,26.3,59.0
33,54.0,31,38.4,1.03125,27.6,60.333333333333336
34,51.0,32,39.1,1.0303030303030305,28.9,61.66666666666666
35,48.0,33,39.8,1.0294117647058822,30.2,63.0
36,45.0,34,40.5,1.0285714285714285,31.5,64.33333333333333
37,42.0,35,41.2,1.0277777777777777,32.8,65.66666666666667
38,39.0,36,41.9,1.027027027027027,34.1,67.0
39,36.0,37,42.6,1.0263157894736843,35.4,68.33333333333333
40,33.0,38,43.3,1.0256410256410255,36.7,69.66666666666667
41,30.0,39,44.0,1.025,38.0,71.0
42,27.0,40,44.7,1.024390243902439,39.3,72.33333333333333
43,24.0,41,45.4,1.0238095238095235,40.6,73.66666666666667
44,21.0,42,46.1,1.0232558139534884,41.9,75.0
45,18.0,43,46.8,1.0227272727272727,43.2,76.33333333333333
46,15.0,44,47.5,1.022222222222222,44.5,77.66666666666667
25,76.0,45,32.6,0.5434782608695652,17.4,43.0
26,73.0,46,33.3,0.5531914893617021,18.7,44.333333333333336
27,70.0,47,34.0,0.5625,20.0,45.66666666666666
28,67.0,48,34.7,0.5714285714285714,21.3,47.0
29,64.0,49,35.4,0.58,22.6,48.333333333333336
30,61.0,50,36.1,0.5882352941176471,23.9,49.66666666666666
31,58.0,51,36.8,0.5961538461538461,25.2,51.0
32,55.0,52,37.5,0.6037735849056604,26.5,52.333333333333336
33,52.0,53,38.2,0.6111111111111112,27.8,53.66666666666666
34,49.0,54,38.9,0.6181818181818182,29.1,55.0
35,46.0,55,39.6,0.625,30.4,56.333333333333336
36,43.0,56,40.3,0.631578947368421,31.7,57.66666666666666
37,40.0,57,41.0,0.6379310344827587,33.0,59.0
38,37.0,58,41.7,0.6440677966101694,34.3,60.333333333333336
39,34.0,59,42.4,0.65,35.6,61.66666666666666
40,31.0,60,43.1,0.6557377049180327,36.9,63.0
25,80.0,61,33.0,0.4032258064516129,17.0,36.333333333333336
26,77.0,62,33.7,0.4126984126984127,18.3,37.66666666666666
27,74.0,63,34.4,0.421875,19.6,39.0
28,71.0,64,35.1,0.4307692307692308,20.9,40.333333333333336
29,68.0,65,35.8,0.4393939393939394,22.2,41.66666666666666
30,65.0,66,36.5,0.4477611940298507,23.5,43.0
31,62.0,67,37.2,0.4558823529411764,24.8,44.333333333333336
32,59.0,68,37.9,0.463768115942029,26.1,45.66666666666666
33,56.0,69,38.6,0.4714285714285714,27.4,47.0
34,53.0,70,39.3,0.4788732394366197,28.7,48.333333333333336
35,50.0,71,40.0,0.4861111111111111,30.0,49.66666666666666
36,47.0,72,40.7,0.4931506849315068,31.3,51.0
37,44.0,73,41.4,0.5,32.6,52.333333333333336
38,41.0,74,42.1,0.5066666666666667,33.9,53.66666666666666
39,38.0,75,42.8,0.5131578947368421,35.2,55.0
40,35.0,76,43.5,0.5194805194805194,36.5,56.333333333333336
41,32.0,77,44.2,0.5256410256410257,37.8,57.66666666666666
42,29.0,78,44.9,0.5316455696202531,39.1,59.0
43,26.0,79,45.6,0.5375,40.4,60.333333333333336
44,23.0,80,46.3,0.5432098765432098,41.7,61.66666666666666
45,20.0,81,47.0,0.5487804878048781,43.0,63.0
46,17.0,82,47.7,0.5542168674698795,44.3,64.33333333333333
25,78.0,83,32.8,0.2976190476190476,17.2,29.666666666666668
26,75.0,84,33.5,0.3058823529411765,18.5,31.0
27,72.0,85,34.2,0.313953488372093,19.8,32.333333333333336
28,69.0,86,34.9,0.3218390804597701,21.1,33.666666666666664
29,66.0,87,35.6,0.3295454545454545,22.4,35.0
30,63.0,88,36.3,0.3370786516853932,23.7,36.333333333333336
31,60.0,89,37.0,0.3444444444444444,25.0,37.66666666666666
32,57.0,90,37.7,0.3516483516483517,26.3,39.0
33,54.0,91,38.4,0.358695652173913,27.6,40.333333333333336
34,51.0,92,39.1,0.3655913978494624,28.9,41.66666666666666
35,48.0,93,39.8,0.3723404255319149,30.2,43.0
36,45.0,94,40.5,0.3789473684210526,31.5,44.333333333333336
37,42.0,95,41.2,0.3854166666666667,32.8,45.66666666666666
38,39.0,96,41.9,0.3917525773195876,34.1,47.0
39,36.0,97,42.6,0.3979591836734694,35.4,48.333333333333336
40,33.0,98,43.3,0.404040404040404,36.7,49.66666666666666
41,30.0,99,44.0,0.41,38.0,51.0
42,27.0,100,44.7,0.4158415841584158,39.3,52.333333333333336
43,24.0,1,45.4,21.5,40.6,87.0
44,21.0,2,46.1,14.666666666666666,41.9,88.33333333333333
45,18.0,3,46.8,11.25,43.2,89.66666666666667
46,15.0,4,47.5,9.2,44.5,91.0
25,76.0,5,32.6,4.166666666666667,17.4,56.333333333333336
26,73.0,6,33.3,3.7142857142857135,18.7,57.66666666666666
27,70.0,7,34.0,3.375,20.0,59.0
28,67.0,8,34.7,3.111111111111111,21.3,60.333333333333336
29,64.0,9,35.4,2.9,22.6,61.66666666666666
30,61.0,10,36.1,2.727272727272727,23.9,63.0
31,58.0,11,36.8,2.583333333333333,25.2,64.33333333333333
32,55.0,12,37.5,2.4615384615384617,26.5,65.66666666666667
33,52.0,13,38.2,2.357142857142857,27.8,67.0
34,49.0,14,38.9,2.2666666666666666,29.1,68.33333333333333
35,46.0,15,39.6,2.1875,30.4,69.66666666666667
36,43.0,16,40.3,2.117647058823529,31.7,71.0
37,40.0,17,41.0,2.055555555555556,33.0,72.33333333333333
38,37.0,18,41.7,2.0,34.3,73.66666666666667
39,34.0,19,42.4,1.95,35.6,75.0
40,31.0,20,43.1,1.9047619047619049,36.9,76.33333333333333
25,80.0,21,33.0,1.1363636363636365,17.0,49.66666666666666
26,77.0,22,33.7,1.1304347826086956,18.3,51.0
27,74.0,23,34.4,1.125,19.6,52.333333333333336
28,71.0,24,35.1,1.12,20.9,53.66666666666666
29,68.0,25,35.8,1.1153846153846154,22.2,55.0
30,65.0,26,36.5,1.1111111111111112,23.5,56.333333333333336
31,62.0,27,37.2,1.1071428571428572,24.8,57.66666666666666
32,59.0,28,37.9,1.103448275862069,26.1,59.0
33,56.0,29,38.6,1.1,27.4,60.333333333333336
34,53.0,30,39.3,1.096774193548387,28.7,61.66666666666666
35,50.0,31,40.0,1.09375,30.0,63.0
36,47.0,32,40.7,1.0909090909090908,31.3,64.33333333333333
37,44.0,33,41.4,1.088235294117647,32.6,65.66666666666667
38,41.0,34,42.1,1.0857142857142856,33.9,67.0
39,38.0,35,42.8,1.0833333333333333,35.2,68.33333333333333
40,35.0,36,43.5,1.0810810810810811,36.5,69.66666666666667
41,32.0,37,44.2,1.0789473684210529,37.8,71.0
42,29.0,38,44.9,1.0769230769230769,39.1,72.33333333333333
43,26.0,39,45.6,1.075,40.4,73.66666666666667
44,23.0,40,46.3,1.0731707317073171,41.7,75.0
45,20.0,41,47.0,1.0714285714285714,43.0,76.33333333333333
46,17.0,42,47.7,1.069767441860465,44.3,77.66666666666667
25,78.0,43,32.8,0.5681818181818182,17.2,43.0
26,75.0,44,33.5,0.5777777777777777,18.5,44.333333333333336
27,72.0,45,34.2,0.5869565217391305,19.8,45.66666666666666
28,69.0,46,34.9,0.5957446808510638,21.1,47.0
29,66.0,47,35.6,0.6041666666666666,22.4,48.333333333333336
30,63.0,48,36.3,0.6122448979591837,23.7,49.66666666666666
31,60.0,49,37.0,0.62,25.0,51.0
32,57.0,50,37.7,0.6274509803921569,26.3,52.333333333333336
33,54.0,51,38.4,0.6346153846153846,27.6,53.66666666666666
34,51.0,52,39.1,0.6415094339622641,28.9,55.0
35,48.0,53,39.8,0.6481481481481481,30.2,56.333333333333336
36,45.0,54,40.5,0.6545454545454545,31.5,57.66666666666666
37,42.0,55,41.2,0.6607142857142857,32.8,59.0
38,39.0,56,41.9,0.6666666666666666,34.1,60.333333333333336
39,36.0,57,42.6,0.6724137931034483,35.4,61.66666666666666
40,33.0,58,43.3,0.6779661016949152,36.7,63.0
41,30.0,59,44.0,0.6833333333333333,38.0,64.33333333333333
42,27.0,60,44.7,0.6885245901639344,39.3,65.66666666666667
43,24.0,61,45.4,0.6935483870967742,40.6,67.0
44,21.0,62,46.1,0.6984126984126984,41.9,68.33333333333333
45,18.0,63,46.8,0.703125,43.2,69.66666666666667
46,15.0,64,47.5,0.7076923076923077,44.5,71.0
25,76.0,65,32.6,0.3787878787878788,17.4,36.333333333333336
26,73.0,66,33.3,0.3880597014925373,18.7,37.66666666666666
27,70.0,67,34.0,0.3970588235294117,20.0,39.0
28,67.0,68,34.7,0.4057971014492754,21.3,40.333333333333336
29,64.0,69,35.4,0.4142857142857143,22.6,41.66666666666666
30,61.0,70,36.1,0.4225352112676056,23.9,43.0
31,58.0,71,36.8,0.4305555555555556,25.2,44.333333333333336
32,55.0,72,37.5,0.4383561643835616,26.5,45.66666666666666
33,52.0,73,38.2,0.4459459459459459,27.8,47.0
34,49.0,74,38.9,0.4533333333333333,29.1,48.333333333333336
35,46.0,75,39.6,0.4605263157894737,30.4,49.66666666666666
36,43.0,76,40.3,0.4675324675324675,31.7,51.0
37,40.0,77,41.0,0.4743589743589743,33.0,52.333333333333336
38,37.0,78,41.7,0.4810126582278481,34.3,53.66666666666666
39,34.0,79,42.4,0.4875,35.6,55.0
40,31.0,80,43.1,0.4938271604938271,36.9,56.333333333333336
25,80.0,81,33.0,0.3048780487804878,17.0,29.666666666666668
26,77.0,82,33.7,0.3132530120481928,18.3,31.0
27,74.0,83,34.4,0.3214285714285714,19.6,32.333333333333336
28,71.0,84,35.1,0.3294117647058823,20.9,33.666666666666664
29,68.0,85,35.8,0.3372093023255814,22.2,35.0
30,65.0,86,36.5,0.3448275862068966,23.5,36.333333333333336
31,62.0,87,37.2,0.3522727272727273,24.8,37.66666666666666
32,59.0,88,37.9,0.3595505617977528,26.1,39.0
33,56.0,89,38.6,0.3666666666666666,27.4,40.333333333333336
34,53.0,90,39.3,0.3736263736263736,28.7,41.66666666666666
35,50.0,91,40.0,0.3804347826086957,30.0,43.0
36,47.0,92,40.7,0.3870967741935484,31.3,44.333333333333336
37,44.0,93,41.4,0.3936170212765957,32.6,45.66666666666666
38,41.0,94,42.1,0.4,33.9,47.0
39,38.0,95,42.8,0.40625,35.2,48.333333333333336
40,35.0,96,43.5,0.4123711340206185,36.5,49.66666666666666
41,32.0,97,44.2,0.4183673469387755,37.8,51.0
42,29.0,98,44.9,0.4242424242424242,39.1,52.333333333333336
43,26.0,99,45.6,0.43,40.4,53.66666666666666
44,23.0,100,46.3,0.4356435643564356,41.7,55.0
45,20.0,1,47.0,22.5,43.0,89.66666666666667
46,17.0,2,47.7,15.333333333333334,44.3,91.0
25,78.0,3,32.8,6.25,17.2,56.333333333333336
26,75.0,4,33.5,5.2,18.5,57.66666666666666
27,72.0,5,34.2,4.5,19.8,59.0
28,69.0,6,34.9,4.0,21.1,60.333333333333336
29,66.0,7,35.6,3.625,22.4,61.66666666666666
30,63.0,8,36.3,3.333333333333333,23.7,63.0
31,60.0,9,37.0,3.1,25.0,64.33333333333333
32,57.0,10,37.7,2.909090909090909,26.3,65.66666666666667
33,54.0,11,38.4,2.75,27.6,67.0
34,51.0,12,39.1,2.6153846153846154,28.9,68.33333333333333
35,48.0,13,39.8,2.5,30.2,69.66666666666667
36,45.0,14,40.5,2.4,31.5,71.0
37,42.0,15,41.2,2.3125,32.8,72.33333333333333
38,39.0,16,41.9,2.235294117647059,34.1,73.66666666666667
39,36.0,17,42.6,2.1666666666666665,35.4,75.0
40,33.0,18,43.3,2.1052631578947367,36.7,76.33333333333333
41,30.0,19,44.0,2.05,38.0,77.66666666666667
42,27.0,20,44.7,2.0,39.3,79.0
43,24.0,21,45.4,1.9545454545454544,40.6,80.33333333333333
44,21.0,22,46.1,1.9130434782608696,41.9,81.66666666666667
45,18.0,23,46.8,1.875,43.2,83.0
46,15.0,24,47.5,1.84,44.5,84.33333333333333
25,76.0,25,32.6,0.9615384615384616,17.4,49.66666666666666
26,73.0,26,33.3,0.9629629629629628,18.7,51.0
27,70.0,27,34.0,0.9642857142857144,20.0,52.333333333333336
28,67.0,28,34.7,0.9655172413793104,21.3,53.66666666666666
29,64.0,29,35.4,0.9666666666666668,22.6,55.0
30,61.0,30,36.1,0.967741935483871,23.9,56.333333333333336
31,58.0,31,36.8,0.96875,25.2,57.66666666666666
32,55.0,32,37.5,0.9696969696969696,26.5,59.0
33,52.0,33,38.2,0.9705882352941176,27.8,60.333333333333336
34,49.0,34,38.9,0.9714285714285714,29.1,61.66666666666666
35,46.0,35,39.6,0.9722222222222222,30.4,63.0
36,43.0,36,40.3,0.972972972972973,31.7,64.33333333333333
37,40.0,37,41.0,0.9736842105263158,33.0,65.66666666666667
38,37.0,38,41.7,0.9743589743589745,34.3,67.0
39,34.0,39,42.4,0.975,35.6,68.33333333333333
40,31.0,40,43.1,0.975609756097561,36.9,69.66666666666667
25,80.0,41,33.0,0.5952380952380952,17.0,43.0
26,77.0,42,33.7,0.6046511627906976,18.3,44.333333333333336
27,74.0,43,34.4,0.6136363636363636,19.6,45.66666666666666
28,71.0,44,35.1,0.6222222222222222,20.9,47.0
29,68.0,45,35.8,0.6304347826086957,22.2,48.333333333333336
30,65.0,46,36.5,0.6382978723404256,23.5,49.66666666666666
31,62.0,47,37.2,0.6458333333333334,24.8,51.0
32,59.0,48,37.9,0.6530612244897959,26.1,52.333333333333336
33,56.0,49,38.6,0.66,27.4,53.66666666666666
34,53.0,50,39.3,0.6666666666666666,28.7,55.0
35,50.0,51,40.0,0.6730769230769231,30.0,56.333333333333336
36,47.0,52,40.7,0.6792452830188679,31.3,57.66666666666666
37,44.0,53,41.4,0.6851851851851852,32.6,59.0
38,41.0,54,42.1,0.6909090909090909,33.9,60.333333333333336
39,38.0,55,42.8,0.6964285714285714,35.2,61.66666666666666
40,35.0,56,43.5,0.7017543859649122,36.5,63.0
41,32.0,57,44.2,0.7068965517241379,37.8,64.33333333333333
42,29.0,58,44.9,0.711864406779661,39.1,65.66666666666667
43,26.0,59,45.6,0.7166666666666667,40.4,67.0
44,23.0,60,46.3,0.7213114754098361,41.7,68.33333333333333
45,20.0,61,47.0,0.7258064516129032,43.0,69.66666666666667
46,17.0,62,47.7,0.7301587301587301,44.3,71.0
25,78.0,63,32.8,0.390625,17.2,36.333333333333336
26,75.0,64,33.5,0.4,18.5,37.66666666666666
27,72.0,65,34.2,0.4090909090909091,19.8,39.0
28,69.0,66,34.9,0.417910447761194,21.1,40.333333333333336
29,66.0,67,35.6,0.4264705882352941,22.4,41.66666666666666
30,63.0,68,36.3,0.4347826086956521,23.7,43.0
31,60.0,69,37.0,0.4428571428571428,25.0,44.333333333333336
32,57.0,70,37.7,0.4507042253521127,26.3,45.66666666666666
33,54.0,71,38.4,0.4583333333333333,27.6,47.0
34,51.0,72,39.1,0.4657534246575342,28.9,48.333333333333336
35,48.0,73,39.8,0.4729729729729729,30.2,49.66666666666666
36,45.0,74,40.5,0.48,31.5,51.0
37,42.0,75,41.2,0.4868421052631579,32.8,52.333333333333336
38,39.0,76,41.9,0.4935064935064935,34.1,53.66666666666666
39,36.0,77,42.6,0.5,35.4,55.0
40,33.0,78,43.3,0.5063291139240507,36.7,56.333333333333336
41,30.0,79,44.0,0.5125,38.0,57.66666666666666
42,27.0,80,44.7,0.5185185185185185,39.3,59.0
43,24.0,81,45.4,0.524390243902439,40.6,60.333333333333336
44,21.0,82,46.1,0.5301204819277109,41.9,61.66666666666666
45,18.0,83,46.8,0.5357142857142857,43.2,63.0
46,15.0,84,47.5,0.5411764705882353,44.5,64.33333333333333
25,76.0,85,32.6,0.2906976744186046,17.4,29.666666666666668
26,73.0,86,33.3,0.2988505747126437,18.7,31.0
27,70.0,87,34.0,0.3068181818181818,20.0,32.333333333333336
28,67.0,88,34.7,0.3146067415730337,21.3,33.666666666666664
29,64.0,89,35.4,0.3222222222222222,22.6,35.0
30,61.0,90,36.1,0.3296703296703296,23.9,36.333333333333336
31,58.0,91,36.8,0.3369565217391304,25.2,37.66666666666666
32,55.0,92,37.5,0.3440860215053763,26.5,39.0
33,52.0,93,38.2,0.351063829787234,27.8,40.333333333333336
34,49.0,94,38.9,0.3578947368421052,29.1,41.66666666666666
35,46.0,95,39.6,0.3645833333333333,30.4,43.0
36,43.0,96,40.3,0.3711340206185567,31.7,44.333333333333336
37,40.0,97,41.0,0.3775510204081632,33.0,45.66666666666666
38,37.0,98,41.7,0.3838383838383838,34.3,47.0
39,34.0,99,42.4,0.39,35.6,48.333333333333336
40,31.0,100,43.1,0.396039603960396,36.9,49.66666666666666
25,80.0,1,33.0,12.5,17.0,56.333333333333336
26,77.0,2,33.7,8.666666666666666,18.3,57.66666666666666
27,74.0,3,34.4,6.75,19.6,59.0
28,71.0,4,35.1,5.6,20.9,60.333333333333336
29,68.0,5,35.8,4.833333333333333,22.2,61.66666666666666
30,65.0,6,36.5,4.285714285714286,23.5,63.0
31,62.0,7,37.2,3.875,24.8,64.33333333333333
32,59.0,8,37.9,3.555555555555556,26.1,65.66666666666667
33,56.0,9,38.6,3.3,27.4,67.0
34,53.0,10,39.3,3.090909090909091,28.7,68.33333333333333
35,50.0,11,40.0,2.9166666666666665,30.0,69.66666666666667
36,47.0,12,40.7,2.769230769230769,31.3,71.0
37,44.0,13,41.4,2.642857142857143,32.6,72.33333333333333
38,41.0,14,42.1,2.533333333333333,33.9,73.66666666666667
39,38.0,15,42.8,2.4375,35.2,75.0
40,35.0,16,43.5,2.3529411764705883,36.5,76.33333333333333
41,32.0,17,44.2,2.2777777777777777,37.8,77.66666666666667
42,29.0,18,44.9,2.210526315789474,39.1,79.0
43,26.0,19,45.6,2.15,40.4,80.33333333333333
44,23.0,20,46.3,2.095238095238096,41.7,81.66666666666667
45,20.0,21,47.0,2.0454545454545454,43.0,83.0
46,17.0,22,47.7,2.0,44.3,84.33333333333333
25,78.0,23,32.8,1.0416666666666667,17.2,49.66666666666666
26,75.0,24,33.5,1.04,18.5,51.0
27,72.0,25,34.2,1.0384615384615383,19.8,52.333333333333336
28,69.0,26,34.9,1.037037037037037,21.1,53.66666666666666
29,66.0,27,35.6,1.0357142857142858,22.4,55.0
30,63.0,28,36.3,1.0344827586206895,23.7,56.333333333333336
31,60.0,29,37.0,1.0333333333333334,25.0,57.66666666666666
32,57.0,30,37.7,1.032258064516129,26.3,59.0
33,54.0,31,38.4,1.03125,27.6,60.333333333333336
34,51.0,32,39.1,1.0303030303030305,28.9,61.66666666666666
35,48.0,33,39.8,1.0294117647058822,30.2,63.0
36,45.0,34,40.5,1.0285714285714285,31.5,64.33333333333333
37,42.0,35,41.2,1.0277777777777777,32.8,65.66666666666667
38,39.0,36,41.9,1.027027027027027,34.1,67.0
39,36.0,37,42.6,1.0263157894736843,35.4,68.33333333333333
40,33.0,38,43.3,1.0256410256410255,36.7,69.66666666666667
41,30.0,39,44.0,1.025,38.0,71.0
42,27.0,40,44.7,1.024390243902439,39.3,72.33333333333333
43,24.0,41,45.4,1.0238095238095235,40.6,73.66666666666667
44,21.0,42,46.1,1.0232558139534884,41.9,75.0
45,18.0,43,46.8,1.0227272727272727,43.2,76.33333333333333
46,15.0,44,47.5,1.022222222222222,44.5,77.66666666666667
25,76.0,45,32.6,0.5434782608695652,17.4,43.0
26,73.0,46,33.3,0.5531914893617021,18.7,44.333333333333336
27,70.0,47,34.0,0.5625,20.0,45.66666666666666
28,67.0,48,34.7,0.5714285714285714,21.3,47.0
29,64.0,49,35.4,0.58,22.6,48.333333333333336
30,61.0,50,36.1,0.5882352941176471,23.9,49.66666666666666
31,58.0,51,36.8,0.5961538461538461,25.2,51.0
32,55.0,52,37.5,0.6037735849056604,26.5,52.333333333333336
33,52.0,53,38.2,0.6111111111111112,27.8,53.66666666666666
34,49.0,54,38.9,0.6181818181818182,29.1,55.0
35,46.0,55,39.6,0.625,30.4,56.333333333333336
36,43.0,56,40.3,0.631578947368421,31.7,57.66666666666666
37,40.0,57,41.0,0.6379310344827587,33.0,59.0
38,37.0,58,41.7,0.6440677966101694,34.3,60.333333333333336
39,34.0,59,42.4,0.65,35.6,61.66666666666666
40,31.0,60,43.1,0.6557377049180327,36.9,63.0
25,80.0,61,33.0,0.4032258064516129,17.0,36.333333333333336
26,77.0,62,33.7,0.4126984126984127,18.3,37.66666666666666
27,74.0,63,34.4,0.421875,19.6,39.0
28,71.0,64,35.1,0.4307692307692308,20.9,40.333333333333336
29,68.0,65,35.8,0.4393939393939394,22.2,41.66666666666666
30,65.0,66,36.5,0.4477611940298507,23.5,43.0
31,62.0,67,37.2,0.4558823529411764,24.8,44.333333333333336
32,59.0,68,37.9,0.463768115942029,26.1,45.66666666666666
33,56.0,69,38.6,0.4714285714285714,27.4,47.0
34,53.0,70,39.3,0.4788732394366197,28.7,48.333333333333336
35,50.0,71,40.0,0.4861111111111111,30.0,49.66666666666666
36,47.0,72,40.7,0.4931506849315068,31.3,51.0
37,44.0,73,41.4,0.5,32.6,52.333333333333336
38,41.0,74,42.1,0.5066666666666667,33.9,53.66666666666666
39,38.0,75,42.8,0.5131578947368421,35.2,55.0
40,35.0,76,43.5,0.5194805194805194,36.5,56.333333333333336
41,32.0,77,44.2,0.5256410256410257,37.8,57.66666666666666
42,29.0,78,44.9,0.5316455696202531,39.1,59.0
43,26.0,79,45.6,0.5375,40.4,60.333333333333336
44,23.0,80,46.3,0.5432098765432098,41.7,61.66666666666666
45,20.0,81,47.0,0.5487804878048781,43.0,63.0
46,17.0,82,47.7,0.5542168674698795,44.3,64.33333333333333
25,78.0,83,32.8,0.2976190476190476,17.2,29.666666666666668
26,75.0,84,33.5,0.3058823529411765,18.5,31.0
27,72.0,85,34.2,0.313953488372093,19.8,32.333333333333336
28,69.0,86,34.9,0.3218390804597701,21.1,33.666666666666664
29,66.0,87,35.6,0.3295454545454545,22.4,35.0
30,63.0,88,36.3,0.3370786516853932,23.7,36.333333333333336
31,60.0,89,37.0,0.3444444444444444,25.0,37.66666666666666
32,57.0,90,37.7,0.3516483516483517,26.3,39.0
33,54.0,91,38.4,0.358695652173913,27.6,40.333333333333336
34,51.0,92,39.1,0.3655913978494624,28.9,41.66666666666666
35,48.0,93,39.8,0.3723404255319149,30.2,43.0
36,45.0,94,40.5,0.3789473684210526,31.5,44.333333333333336
37,42.0,95,41.2,0.3854166666666667,32.8,45.66666666666666
38,39.0,96,41.9,0.3917525773195876,34.1,47.0
39,36.0,97,42.6,0.3979591836734694,35.4,48.333333333333336
40,33.0,98,43.3,0.404040404040404,36.7,49.66666666666666
41,30.0,99,44.0,0.41,38.0,51.0
42,27.0,100,44.7,0.4158415841584158,39.3,52.333333333333336
43,24.0,1,45.4,21.5,40.6,87.0
44,21.0,2,46.1,14.666666666666666,41.9,88.33333333333333
45,18.0,3,46.8,11.25,43.2,89.66666666666667
46,15.0,4,47.5,9.2,44.5,91.0
25,76.0,5,32.6,4.166666666666667,17.4,56.333333333333336
26,73.0,6,33.3,3.7142857142857135,18.7,57.66666666666666
27,70.0,7,34.0,3.375,20.0,59.0
28,67.0,8,34.7,3.111111111111111,21.3,60.333333333333336
29,64.0,9,35.4,2.9,22.6,61.66666666666666
30,61.0,10,36.1,2.727272727272727,23.9,63.0
31,58.0,11,36.8,2.583333333333333,25.2,64.33333333333333
32,55.0,12,37.5,2.4615384615384617,26.5,65.66666666666667
33,52.0,13,38.2,2.357142857142857,27.8,67.0
34,49.0,14,38.9,2.2666666666666666,29.1,68.33333333333333
35,46.0,15,39.6,2.1875,30.4,69.66666666666667
36,43.0,16,40.3,2.117647058823529,31.7,71.0
37,40.0,17,41.0,2.055555555555556,33.0,72.33333333333333
38,37.0,18,41.7,2.0,34.3,73.66666666666667
39,34.0,19,42.4,1.95,35.6,75.0
40,31.0,20,43.1,1.9047619047619049,36.9,76.33333333333333
25,80.0,21,33.0,1.1363636363636365,17.0,49.66666666666666
26,77.0,22,33.7,1.1304347826086956,18.3,51.0
27,74.0,23,34.4,1.125,19.6,52.333333333333336
28,71.0,24,35.1,1.12,20.9,53.66666666666666
29,68.0,25,35.8,1.1153846153846154,22.2,55.0
30,65.0,26,36.5,1.1111111111111112,23.5,56.333333333333336
31,62.0,27,37.2,1.1071428571428572,24.8,57.66666666666666
32,59.0,28,37.9,1.103448275862069,26.1,59.0
33,56.0,29,38.6,1.1,27.4,60.333333333333336
34,53.0,30,39.3,1.096774193548387,28.7,61.66666666666666
35,50.0,31,40.0,1.09375,30.0,63.0
36,47.0,32,40.7,1.0909090909090908,31.3,64.33333333333333
37,44.0,33,41.4,1.088235294117647,32.6,65.66666666666667
38,41.0,34,42.1,1.0857142857142856,33.9,67.0
39,38.0,35,42.8,1.0833333333333333,35.2,68.33333333333333
40,35.0,36,43.5,1.0810810810810811,36.5,69.66666666666667
41,32.0,37,44.2,1.0789473684210529,37.8,71.0
42,29.0,38,44.9,1.0769230769230769,39.1,72.33333333333333
43,26.0,39,45.6,1.075,40.4,73.66666666666667
44,23.0,40,46.3,1.0731707317073171,41.7,75.0
45,20.0,41,47.0,1.0714285714285714,43.0,76.33333333333333
46,17.0,42,47.7,1.069767441860465,44.3,77.66666666666667
25,78.0,43,32.8,0.5681818181818182,17.2,43.0
26,75.0,44,33.5,0.5777777777777777,18.5,44.333333333333336
27,72.0,45,34.2,0.5869565217391305,19.8,45.66666666666666
28,69.0,46,34.9,0.5957446808510638,21.1,47.0
29,66.0,47,35.6,0.6041666666666666,22.4,48.333333333333336
30,63.0,48,36.3,0.6122448979591837,23.7,49.66666666666666
31,60.0,49,37.0,0.62,25.0,51.0
32,57.0,50,37.7,0.6274509803921569,26.3,52.333333333333336
33,54.0,51,38.4,0.6346153846153846,27.6,53.66666666666666
34,51.0,52,39.1,0.6415094339622641,28.9,55.0
35,48.0,53,39.8,0.6481481481481481,30.2,56.333333333333336
36,45.0,54,40.5,0.6545454545454545,31.5,57.66666666666666
37,42.0,55,41.2,0.6607142857142857,32.8,59.0
38,39.0,56,41.9,0.6666666666666666,34.1,60.333333333333336
39,36.0,57,42.6,0.6724137931034483,35.4,61.66666666666666
40,33.0,58,43.3,0.6779661016949152,36.7,63.0
41,30.0,59,44.0,0.6833333333333333,38.0,64.33333333333333
42,27.0,60,44.7,0.6885245901639344,39.3,65.66666666666667
43,24.0,61,45.4,0.6935483870967742,40.6,67.0
44,21.0,62,46.1,0.6984126984126984,41.9,68.33333333333333
45,18.0,63,46.8,0.703125,43.2,69.66666666666667
46,15.0,64,47.5,0.7076923076923077,44.5,71.0
25,76.0,65,32.6,0.3787878787878788,17.4,36.333333333333336
26,73.0,66,33.3,0.3880597014925373,18.7,37.66666666666666
27,70.0,67,34.0,0.3970588235294117,20.0,39.0
28,67.0,68,34.7,0.4057971014492754,21.3,40.333333333333336
29,64.0,69,35.4,0.4142857142857143,22.6,41.66666666666666
30,61.0,70,36.1,0.4225352112676056,23.9,43.0
31,58.0,71,36.8,0.4305555555555556,25.2,44.333333333333336
32,55.0,72,37.5,0.4383561643835616,26.5,45.66666666666666
33,52.0,73,38.2,0.4459459459459459,27.8,47.0
34,49.0,74,38.9,0.4533333333333333,29.1,48.333333333333336
35,46.0,75,39.6,0.4605263157894737,30.4,49.66666666666666
36,43.0,76,40.3,0.4675324675324675,31.7,51.0
37,40.0,77,41.0,0.4743589743589743,33.0,52.333333333333336
38,37.0,78,41.7,0.4810126582278481,34.3,53.66666666666666
39,34.0,79,42.4,0.4875,35.6,55.0
40,31.0,80,43.1,0.4938271604938271,36.9,56.333333333333336
25,80.0,81,33.0,0.3048780487804878,17.0,29.666666666666668
26,77.0,82,33.7,0.3132530120481928,18.3,31.0
27,74.0,83,34.4,0.3214285714285714,19.6,32.333333333333336
28,71.0,84,35.1,0.3294117647058823,20.9,33.666666666666664
29,68.0,85,35.8,0.3372093023255814,22.2,35.0
30,65.0,86,36.5,0.3448275862068966,23.5,36.333333333333336
31,62.0,87,37.2,0.3522727272727273,24.8,37.66666666666666
32,59.0,88,37.9,0.3595505617977528,26.1,39.0
33,56.0,89,38.6,0.3666666666666666,27.4,40.333333333333336
34,53.0,90,39.3,0.3736263736263736,28.7,41.66666666666666
35,50.0,91,40.0,0.3804347826086957,30.0,43.0
36,47.0,92,40.7,0.3870967741935484,31.3,44.333333333333336
37,44.0,93,41.4,0.3936170212765957,32.6,45.66666666666666
38,41.0,94,42.1,0.4,33.9,47.0
39,38.0,95,42.8,0.40625,35.2,48.333333333333336
40,35.0,96,43.5,0.4123711340206185,36.5,49.66666666666666
41,32.0,97,44.2,0.4183673469387755,37.8,51.0
42,29.0,98,44.9,0.4242424242424242,39.1,52.333333333333336
43,26.0,99,45.6,0.43,40.4,53.66666666666666
44,23.0,100,46.3,0.4356435643564356,41.7,55.0
45,20.0,1,47.0,22.5,43.0,89.66666666666667
46,17.0,2,47.7,15.333333333333334,44.3,91.0
25,78.0,3,32.8,6.25,17.2,56.333333333333336
26,75.0,4,33.5,5.2,18.5,57.66666666666666
27,72.0,5,34.2,4.5,19.8,59.0
28,69.0,6,34.9,4.0,21.1,60.333333333333336
29,66.0,7,35.6,3.625,22.4,61.66666666666666
30,63.0,8,36.3,3.333333333333333,23.7,63.0
31,60.0,9,37.0,3.1,25.0,64.33333333333333
32,57.0,10,37.7,2.909090909090909,26.3,65.66666666666667
33,54.0,11,38.4,2.75,27.6,67.0
34,51.0,12,39.1,2.6153846153846154,28.9,68.33333333333333
35,48.0,13,39.8,2.5,30.2,69.66666666666667
36,45.0,14,40.5,2.4,31.5,71.0
37,42.0,15,41.2,2.3125,32.8,72.33333333333333
38,39.0,16,41.9,2.235294117647059,34.1,73.66666666666667
39,36.0,17,42.6,2.1666666666666665,35.4,75.0
40,33.0,18,43.3,2.1052631578947367,36.7,76.33333333333333
41,30.0,19,44.0,2.05,38.0,77.66666666666667
42,27.0,20,44.7,2.0,39.3,79.0
43,24.0,21,45.4,1.9545454545454544,40.6,80.33333333333333
44,21.0,22,46.1,1.9130434782608696,41.9,81.66666666666667
45,18.0,23,46.8,1.875,43.2,83.0
46,15.0,24,47.5,1.84,44.5,84.33333333333333
25,76.0,25,32.6,0.9615384615384616,17.4,49.66666666666666
26,73.0,26,33.3,0.9629629629629628,18.7,51.0
27,70.0,27,34.0,0.9642857142857144,20.0,52.333333333333336
28,67.0,28,34.7,0.9655172413793104,21.3,53.66666666666666
29,64.0,29,35.4,0.9666666666666668,22.6,55.0
30,61.0,30,36.1,0.967741935483871,23.9,56.333333333333336
31,58.0,31,36.8,0.96875,25.2,57.66666666666666
32,55.0,32,37.5,0.9696969696969696,26.5,59.0
33,52.0,33,38.2,0.9705882352941176,27.8,60.333333333333336
34,49.0,34,38.9,0.9714285714285714,29.1,61.66666666666666
35,46.0,35,39.6,0.9722222222222222,30.4,63.0
36,43.0,36,40.3,0.972972972972973,31.7,64.33333333333333
37,40.0,37,41.0,0.9736842105263158,33.0,65.66666666666667
38,37.0,38,41.7,0.9743589743589745,34.3,67.0
39,34.0,39,42.4,0.975,35.6,68.33333333333333
40,31.0,40,43.1,0.975609756097561,36.9,69.66666666666667
25,80.0,41,33.0,0.5952380952380952,17.0,43.0
26,77.0,42,33.7,0.6046511627906976,18.3,44.333333333333336
27,74.0,43,34.4,0.6136363636363636,19.6,45.66666666666666
28,71.0,44,35.1,0.6222222222222222,20.9,47.0
29,68.0,45,35.8,0.6304347826086957,22.2,48.333333333333336
30,65.0,46,36.5,0.6382978723404256,23.5,49.66666666666666
31,62.0,47,37.2,0.6458333333333334,24.8,51.0
32,59.0,48,37.9,0.6530612244897959,26.1,52.333333333333336
33,56.0,49,38.6,0.66,27.4,53.66666666666666
34,53.0,50,39.3,0.6666666666666666,28.7,55.0
35,50.0,51,40.0,0.6730769230769231,30.0,56.333333333333336
36,47.0,52,40.7,0.6792452830188679,31.3,57.66666666666666
37,44.0,53,41.4,0.6851851851851852,32.6,59.0
38,41.0,54,42.1,0.6909090909090909,33.9,60.333333333333336
39,38.0,55,42.8,0.6964285714285714,35.2,61.66666666666666
40,35.0,56,43.5,0.7017543859649122,36.5,63.0
41,32.0,57,44.2,0.7068965517241379,37.8,64.33333333333333
42,29.0,58,44.9,0.711864406779661,39.1,65.66666666666667
43,26.0,59,45.6,0.7166666666666667,40.4,67.0
44,23.0,60,46.3,0.7213114754098361,41.7,68.33333333333333
45,20.0,61,47.0,0.7258064516129032,43.0,69.66666666666667
46,17.0,62,47.7,0.7301587301587301,44.3,71.0
25,78.0,63,32.8,0.390625,17.2,36.333333333333336
26,75.0,64,33.5,0.4,18.5,37.66666666666666
27,72.0,65,34.2,0.4090909090909091,19.8,39.0
28,69.0,66,34.9,0.417910447761194,21.1,40.333333333333336
29,66.0,67,35.6,0.4264705882352941,22.4,41.66666666666666
30,63.0,68,36.3,0.4347826086956521,23.7,43.0
31,60.0,69,37.0,0.4428571428571428,25.0,44.333333333333336
32,57.0,70,37.7,0.4507042253521127,26.3,45.66666666666666
33,54.0,71,38.4,0.4583333333333333,27.6,47.0
34,51.0,72,39.1,0.4657534246575342,28.9,48.333333333333336
35,48.0,73,39.8,0.4729729729729729,30.2,49.66666666666666
36,45.0,74,40.5,0.48,31.5,51.0
37,42.0,75,41.2,0.4868421052631579,32.8,52.333333333333336
38,39.0,76,41.9,0.4935064935064935,34.1,53.66666666666666
39,36.0,77,42.6,0.5,35.4,55.0
40,33.0,78,43.3,0.5063291139240507,36.7,56.333333333333336
41,30.0,79,44.0,0.5125,38.0,57.66666666666666
42,27.0,80,44.7,0.5185185185185185,39.3,59.0
43,24.0,81,45.4,0.524390243902439,40.6,60.333333333333336
44,21.0,82,46.1,0.5301204819277109,41.9,61.66666666666666
45,18.0,83,46.8,0.5357142857142857,43.2,63.0
46,15.0,84,47.5,0.5411764705882353,44.5,64.33333333333333
25,76.0,85,32.6,0.2906976744186046,17.4,29.666666666666668
26,73.0,86,33.3,0.2988505747126437,18.7,31.0
27,70.0,87,34.0,0.3068181818181818,20.0,32.333333333333336
28,67.0,88,34.7,0.3146067415730337,21.3,33.666666666666664
29,64.0,89,35.4,0.3222222222222222,22.6,35.0
30,61.0,90,36.1,0.3296703296703296,23.9,36.333333333333336
31,58.0,91,36.8,0.3369565217391304,25.2,37.66666666666666
32,55.0,92,37.5,0.3440860215053763,26.5,39.0
33,52.0,93,38.2,0.351063829787234,27.8,40.333333333333336
34,49.0,94,38.9,0.3578947368421052,29.1,41.66666666666666
35,46.0,95,39.6,0.3645833333333333,30.4,43.0
36,43.0,96,40.3,0.3711340206185567,31.7,44.333333333333336
37,40.0,97,41.0,0.3775510204081632,33.0,45.66666666666666
38,37.0,98,41.7,0.3838383838383838,34.3,47.0
39,34.0,99,42.4,0.39,35.6,48.333333333333336
40,31.0,100,43.1,0.396039603960396,36.9,49.66666666666666
25,80.0,1,33.0,12.5,17.0,56.333333333333336
26,77.0,2,33.7,8.666666666666666,18.3,57.66666666666666
27,74.0,3,34.4,6.75,19.6,59.0
28,71.0,4,35.1,5.6,20.9,60.333333333333336
29,68.0,5,35.8,4.833333333333333,22.2,61.66666666666666
30,65.0,6,36.5,4.285714285714286,23.5,63.0
31,62.0,7,37.2,3.875,24.8,64.33333333333333
32,59.0,8,37.9,3.555555555555556,26.1,65.66666666666667
33,56.0,9,38.6,3.3,27.4,67.0
34,53.0,10,39.3,3.090909090909091,28.7,68.33333333333333
35,50.0,11,40.0,2.9166666666666665,30.0,69.66666666666667
36,47.0,12,40.7,2.769230769230769,31.3,71.0
37,44.0,13,41.4,2.642857142857143,32.6,72.33333333333333
38,41.0,14,42.1,2.533333333333333,33.9,73.66666666666667
39,38.0,15,42.8,2.4375,35.2,75.0
40,35.0,16,43.5,2.3529411764705883,36.5,76.33333333333333
41,32.0,17,44.2,2.2777777777777777,37.8,77.66666666666667
42,29.0,18,44.9,2.210526315789474,39.1,79.0
43,26.0,19,45.6,2.15,40.4,80.33333333333333
44,23.0,20,46.3,2.095238095238096,41.7,81.66666666666667
45,20.0,21,47.0,2.0454545454545454,43.0,83.0
46,17.0,22,47.7,2.0,44.3,84.33333333333333
25,78.0,23,32.8,1.0416666666666667,17.2,49.66666666666666
26,75.0,24,33.5,1.04,18.5,51.0
27,72.0,25,34.2,1.0384615384615383,19.8,52.333333333333336
28,69.0,26,34.9,1.037037037037037,21.1,53.66666666666666
29,66.0,27,35.6,1.0357142857142858,22.4,55.0
30,63.0,28,36.3,1.0344827586206895,23.7,56.333333333333336
31,60.0,29,37.0,1.0333333333333334,25.0,57.66666666666666
32,57.0,30,37.7,1.032258064516129,26.3,59.0
33,54.0,31,38.4,1.03125,27.6,60.333333333333336
34,51.0,32,39.1,1.0303030303030305,28.9,61.66666666666666
35,48.0,33,39.8,1.0294117647058822,30.2,63.0
36,45.0,34,40.5,1.0285714285714285,31.5,64.33333333333333
37,42.0,35,41.2,1.0277777777777777,32.8,65.66666666666667
38,39.0,36,41.9,1.027027027027027,34.1,67.0
39,36.0,37,42.6,1.0263157894736843,35.4,68.33333333333333
40,33.0,38,43.3,1.0256410256410255,36.7,69.66666666666667
41,30.0,39,44.0,1.025,38.0,71.0
42,27.0,40,44.7,1.024390243902439,39.3,72.33333333333333
43,24.0,41,45.4,1.0238095238095235,40.6,73.66666666666667
44,21.0,42,46.1,1.0232558139534884,41.9,75.0
45,18.0,43,46.8,1.0227272727272727,43.2,76.33333333333333
46,15.0,44,47.5,1.022222222222222,44.5,77.66666666666667
25,76.0,45,32.6,0.5434782608695652,17.4,43.0
26,73.0,46,33.3,0.5531914893617021,18.7,44.333333333333336
27,70.0,47,34.0,0.5625,20.0,45.66666666666666
28,67.0,48,34.7,0.5714285714285714,21.3,47.0
29,64.0,49,35.4,0.58,22.6,48.333333333333336
30,61.0,50,36.1,0.5882352941176471,23.9,49.66666666666666
31,58.0,51,36.8,0.5961538461538461,25.2,51.0
32,55.0,52,37.5,0.6037735849056604,26.5,52.333333333333336
33,52.0,53,38.2,0.6111111111111112,27.8,53.66666666666666
34,49.0,54,38.9,0.6181818181818182,29.1,55.0
35,46.0,55,39.6,0.625,30.4,56.333333333333336
36,43.0,56,40.3,0.631578947368421,31.7,57.66666666666666
37,40.0,57,41.0,0.6379310344827587,33.0,59.0
38,37.0,58,41.7,0.6440677966101694,34.3,60.333333333333336
39,34.0,59,42.4,0.65,35.6,61.66666666666666
40,31.0,60,43.1,0.6557377049180327,36.9,63.0
25,80.0,61,33.0,0.4032258064516129,17.0,36.333333333333336
26,77.0,62,33.7,0.4126984126984127,18.3,37.66666666666666
27,74.0,63,34.4,0.421875,19.6,39.0
28,71.0,64,35.1,0.4307692307692308,20.9,40.333333333333336
29,68.0,65,35.8,0.4393939393939394,22.2,41.66666666666666
30,65.0,66,36.5,0.4477611940298507,23.5,43.0
31,62.0,67,37.2,0.4558823529411764,24.8,44.333333333333336
32,59.0,68,37.9,0.463768115942029,26.1,45.66666666666666
33,56.0,69,38.6,0.4714285714285714,27.4,47.0
34,53.0,70,39.3,0.4788732394366197,28.7,48.333333333333336
35,50.0,71,40.0,0.4861111111111111,30.0,49.66666666666666
36,47.0,72,40.7,0.4931506849315068,31.3,51.0
37,44.0,73,41.4,0.5,32.6,52.333333333333336
38,41.0,74,42.1,0.5066666666666667,33.9,53.66666666666666
39,38.0,75,42.8,0.5131578947368421,35.2,55.0
40,35.0,76,43.5,0.5194805194805194,36.5,56.333333333333336
41,32.0,77,44.2,0.5256410256410257,37.8,57.66666666666666
42,29.0,78,44.9,0.5316455696202531,39.1,59.0
43,26.0,79,45.6,0.5375,40.4,60.333333333333336
44,23.0,80,46.3,0.5432098765432098,41.7,61.66666666666666
45,20.0,81,47.0,0.5487804878048781,43.0,63.0
46,17.0,82,47.7,0.5542168674698795,44.3,64.33333333333333
25,78.0,83,32.8,0.2976190476190476,17.2,29.666666666666668
26,75.0,84,33.5,0.3058823529411765,18.5,31.0
27,72.0,85,34.2,0.313953488372093,19.8,32.333333333333336
28,69.0,86,34.9,0.3218390804597701,21.1,33.666666666666664
29,66.0,87,35.6,0.3295454545454545,22.4,35.0
30,63.0,88,36.3,0.3370786516853932,23.7,36.333333333333336
31,60.0,89,37.0,0.3444444444444444,25.0,37.66666666666666
32,57.0,90,37.7,0.3516483516483517,26.3,39.0
33,54.0,91,38.4,0.358695652173913,27.6,40.333333333333336
34,51.0,92,39.1,0.3655913978494624,28.9,41.66666666666666
35,48.0,93,39.8,0.3723404255319149,30.2,43.0
36,45.0,94,40.5,0.3789473684210526,31.5,44.333333333333336
37,42.0,95,41.2,0.3854166666666667,32.8,45.66666666666666
38,39.0,96,41.9,0.3917525773195876,34.1,47.0
39,36.0,97,42.6,0.3979591836734694,35.4,48.333333333333336
40,33.0,98,43.3,0.404040404040404,36.7,49.66666666666666
41,30.0,99,44.0,0.41,38.0,51.0
42,27.0,100,44.7,0.4158415841584158,39.3,52.333333333333336
43,24.0,1,45.4,21.5,40.6,87.0
44,21.0,2,46.1,14.666666666666666,41.9,88.33333333333333
45,18.0,3,46.8,11.25,43.2,89.66666666666667
46,15.0,4,47.5,9.2,44.5,91.0
25,76.0,5,32.6,4.166666666666667,17.4,56.333333333333336
26,73.0,6,33.3,3.7142857142857135,18.7,57.66666666666666
27,70.0,7,34.0,3.375,20.0,59.0
28,67.0,8,34.7,3.111111111111111,21.3,60.333333333333336
29,64.0,9,35.4,2.9,22.6,61.66666666666666
30,61.0,10,36.1,2.727272727272727,23.9,63.0
31,58.0,11,36.8,2.583333333333333,25.2,64.33333333333333
32,55.0,12,37.5,2.4615384615384617,26.5,65.66666666666667
33,52.0,13,38.2,2.357142857142857,27.8,67.0
34,49.0,14,38.9,2.2666666666666666,29.1,68.33333333333333
35,46.0,15,39.6,2.1875,30.4,69.66666666666667
36,43.0,16,40.3,2.117647058823529,31.7,71.0
37,40.0,17,41.0,2.055555555555556,33.0,72.33333333333333
38,37.0,18,41.7,2.0,34.3,73.66666666666667
39,34.0,19,42.4,1.95,35.6,75.0
40,31.0,20,43.1,1.9047619047619049,36.9,76.33333333333333
25,80.0,21,33.0,1.1363636363636365,17.0,49.66666666666666
26,77.0,22,33.7,1.1304347826086956,18.3,51.0
27,74.0,23,34.4,1.125,19.6,52.333333333333336
28,71.0,24,35.1,1.12,20.9,53.66666666666666
29,68.0,25,35.8,1.1153846153846154,22.2,55.0
30,65.0,26,36.5,1.1111111111111112,23.5,56.333333333333336
31,62.0,27,37.2,1.1071428571428572,24.8,57.66666666666666
32,59.0,28,37.9,1.103448275862069,26.1,59.0
33,56.0,29,38.6,1.1,27.4,60.333333333333336
34,53.0,30,39.3,1.096774193548387,28.7,61.66666666666666
35,50.0,31,40.0,1.09375,30.0,63.0
36,47.0,32,40.7,1.0909090909090908,31.3,64.33333333333333
37,44.0,33,41.4,1.088235294117647,32.6,65.66666666666667
38,41.0,34,42.1,1.0857142857142856,33.9,67.0
39,38.0,35,42.8,1.0833333333333333,35.2,68.33333333333333
40,35.0,36,43.5,1.0810810810810811,36.5,69.66666666666667
41,32.0,37,44.2,1.0789473684210529,37.8,71.0
42,29.0,38,44.9,1.0769230769230769,39.1,72.33333333333333
43,26.0,39,45.6,1.075,40.4,73.66666666666667
44,23.0,40,46.3,1.0731707317073171,41.7,75.0
45,20.0,41,47.0,1.0714285714285714,43.0,76.33333333333333
46,17.0,42,47.7,1.069767441860465,44.3,77.66666666666667
25,78.0,43,32.8,0.5681818181818182,17.2,43.0
26,75.0,44,33.5,0.5777777777777777,18.5,44.333333333333336
27,72.0,45,34.2,0.5869565217391305,19.8,45.66666666666666
28,69.0,46,34.9,0.5957446808510638,21.1,47.0
29,66.0,47,35.6,0.6041666666666666,22.4,48.333333333333336
30,63.0,48,36.3,0.6122448979591837,23.7,49.66666666666666
31,60.0,49,37.0,0.62,25.0,51.0
32,57.0,50,37.7,0.6274509803921569,26.3,52.333333333333336
33,54.0,51,38.4,0.6346153846153846,27.6,53.66666666666666
34,51.0,52,39.1,0.6415094339622641,28.9,55.0
35,48.0,53,39.8,0.6481481481481481,30.2,56.333333333333336
36,45.0,54,40.5,0.6545454545454545,31.5,57.66666666666666
37,42.0,55,41.2,0.6607142857142857,32.8,59.0
38,39.0,56,41.9,0.6666666666666666,34.1,60.333333333333336
39,36.0,57,42.6,0.6724137931034483,35.4,61.66666666666666
40,33.0,58,43.3,0.6779661016949152,36.7,63.0
41,30.0,59,44.0,0.6833333333333333,38.0,64.33333333333333
42,27.0,60,44.7,0.6885245901639344,39.3,65.66666666666667
43,24.0,61,45.4,0.6935483870967742,40.6,67.0
44,21.0,62,46.1,0.6984126984126984,41.9,68.33333333333333
45,18.0,63,46.8,0.703125,43.2,69.66666666666667
46,15.0,64,47.5,0.7076923076923077,44.5,71.0
25,76.0,65,32.6,0.3787878787878788,17.4,36.333333333333336
26,73.0,66,33.3,0.3880597014925373,18.7,37.66666666666666
27,70.0,67,34.0,0.3970588235294117,20.0,39.0
28,67.0,68,34.7,0.4057971014492754,21.3,40.333333333333336
29,64.0,69,35.4,0.4142857142857143,22.6,41.66666666666666
30,61.0,70,36.1,0.4225352112676056,23.9,43.0
31,58.0,71,36.8,0.4305555555555556,25.2,44.333333333333336
32,55.0,72,37.5,0.4383561643835616,26.5,45.66666666666666
33,52.0,73,38.2,0.4459459459459459,27.8,47.0
34,49.0,74,38.9,0.4533333333333333,29.1,48.333333333333336
35,46.0,75,39.6,0.4605263157894737,30.4,49.66666666666666
36,43.0,76,40.3,0.4675324675324675,31.7,51.0
37,40.0,77,41.0,0.4743589743589743,33.0,52.333333333333336
38,37.0,78,41.7,0.4810126582278481,34.3,53.66666666666666
39,34.0,79,42.4,0.4875,35.6,55.0
40,31.0,80,43.1,0.4938271604938271,36.9,56.333333333333336
25,80.0,81,33.0,0.3048780487804878,17.0,29.666666666666668
26,77.0,82,33.7,0.3132530120481928,18.3,31.0
27,74.0,83,34.4,0.3214285714285714,19.6,32.333333333333336
28,71.0,84,35.1,0.3294117647058823,20.9,33.666666666666664
29,68.0,85,35.8,0.3372093023255814,22.2,35.0
30,65.0,86,36.5,0.3448275862068966,23.5,36.333333333333336
31,62.0,87,37.2,0.3522727272727273,24.8,37.66666666666666
32,59.0,88,37.9,0.3595505617977528,26.1,39.0
33,56.0,89,38.6,0.3666666666666666,27.4,40.333333333333336
34,53.0,90,39.3,0.3736263736263736,28.7,41.66666666666666
35,50.0,91,40.0,0.3804347826086957,30.0,43.0
36,47.0,92,40.7,0.3870967741935484,31.3,44.333333333333336
37,44.0,93,41.4,0.3936170212765957,32.6,45.66666666666666
38,41.0,94,42.1,0.4,33.9,47.0
39,38.0,95,42.8,0.40625,35.2,48.333333333333336
40,35.0,96,43.5,0.4123711340206185,36.5,49.66666666666666
41,32.0,97,44.2,0.4183673469387755,37.8,51.0
42,29.0,98,44.9,0.4242424242424242,39.1,52.333333333333336
43,26.0,99,45.6,0.43,40.4,53.66666666666666
44,23.0,100,46.3,0.4356435643564356,41.7,55.0
45,20.0,1,47.0,22.5,43.0,89.66666666666667
46,17.0,2,47.7,15.333333333333334,44.3,91.0
25,78.0,3,32.8,6.25,17.2,56.333333333333336
26,75.0,4,33.5,5.2,18.5,57.66666666666666
27,72.0,5,34.2,4.5,19.8,59.0
28,69.0,6,34.9,4.0,21.1,60.333333333333336
29,66.0,7,35.6,3.625,22.4,61.66666666666666
30,63.0,8,36.3,3.333333333333333,23.7,63.0
31,60.0,9,37.0,3.1,25.0,64.33333333333333
32,57.0,10,37.7,2.909090909090909,26.3,65.66666666666667
33,54.0,11,38.4,2.75,27.6,67.0
34,51.0,12,39.1,2.6153846153846154,28.9,68.33333333333333
35,48.0,13,39.8,2.5,30.2,69.66666666666667
36,45.0,14,40.5,2.4,31.5,71.0
37,42.0,15,41.2,2.3125,32.8,72.33333333333333
38,39.0,16,41.9,2.235294117647059,34.1,73.66666666666667
39,36.0,17,42.6,2.1666666666666665,35.4,75.0
40,33.0,18,43.3,2.1052631578947367,36.7,76.33333333333333
41,30.0,19,44.0,2.05,38.0,77.66666666666667
42,27.0,20,44.7,2.0,39.3,79.0
43,24.0,21,45.4,1.9545454545454544,40.6,80.33333333333333
44,21.0,22,46.1,1.9130434782608696,41.9,81.66666666666667
45,18.0,23,46.8,1.875,43.2,83.0
46,15.0,24,47.5,1.84,44.5,84.33333333333333
25,76.0,25,32.6,0.9615384615384616,17.4,49.66666666666666
26,73.0,26,33.3,0.9629629629629628,18.7,51.0
27,70.0,27,34.0,0.9642857142857144,20.0,52.333333333333336
28,67.0,28,34.7,0.9655172413793104,21.3,53.66666666666666
29,64.0,29,35.4,0.9666666666666668,22.6,55.0
30,61.0,30,36.1,0.967741935483871,23.9,56.333333333333336
31,58.0,31,36.8,0.96875,25.2,57.66666666666666
32,55.0,32,37.5,0.9696969696969696,26.5,59.0
33,52.0,33,38.2,0.9705882352941176,27.8,60.333333333333336
34,49.0,34,38.9,0.9714285714285714,29.1,61.66666666666666
35,46.0,35,39.6,0.9722222222222222,30.4,63.0
36,43.0,36,40.3,0.972972972972973,31.7,64.33333333333333
37,40.0,37,41.0,0.9736842105263158,33.0,65.66666666666667
38,37.0,38,41.7,0.9743589743589745,34.3,67.0
39,34.0,39,42.4,0.975,35.6,68.33333333333333
40,31.0,40,43.1,0.975609756097561,36.9,69.66666666666667
25,80.0,41,33.0,0.5952380952380952,17.0,43.0
26,77.0,42,33.7,0.6046511627906976,18.3,44.333333333333336
27,74.0,43,34.4,0.6136363636363636,19.6,45.66666666666666
28,71.0,44,35.1,0.6222222222222222,20.9,47.0
29,68.0,45,35.8,0.6304347826086957,22.2,48.333333333333336
30,65.0,46,36.5,0.6382978723404256,23.5,49.66666666666666
31,62.0,47,37.2,0.6458333333333334,24.8,51.0
32,59.0,48,37.9,0.6530612244897959,26.1,52.333333333333336
33,56.0,49,38.6,0.66,27.4,53.66666666666666
34,53.0,50,39.3,0.6666666666666666,28.7,55.0
35,50.0,51,40.0,0.6730769230769231,30.0,56.333333333333336
36,47.0,52,40.7,0.6792452830188679,31.3,57.66666666666666
37,44.0,53,41.4,0.6851851851851852,32.6,59.0
38,41.0,54,42.1,0.6909090909090909,33.9,60.333333333333336
39,38.0,55,42.8,0.6964285714285714,35.2,61.66666666666666
40,35.0,56,43.5,0.7017543859649122,36.5,63.0
41,32.0,57,44.2,0.7068965517241379,37.8,64.33333333333333
42,29.0,58,44.9,0.711864406779661,39.1,65.66666666666667
43,26.0,59,45.6,0.7166666666666667,40.4,67.0
44,23.0,60,46.3,0.7213114754098361,41.7,68.33333333333333
45,20.0,61,47.0,0.7258064516129032,43.0,69.66666666666667
46,17.0,62,47.7,0.7301587301587301,44.3,71.0
25,78.0,63,32.8,0.390625,17.2,36.333333333333336
26,75.0,64,33.5,0.4,18.5,37.66666666666666
27,72.0,65,34.2,0.4090909090909091,19.8,39.0
28,69.0,66,34.9,0.417910447761194,21.1,40.333333333333336
29,66.0,67,35.6,0.4264705882352941,22.4,41.66666666666666
30,63.0,68,36.3,0.4347826086956521,23.7,43.0
31,60.0,69,37.0,0.4428571428571428,25.0,44.333333333333336
32,57.0,70,37.7,0.4507042253521127,26.3,45.66666666666666
33,54.0,71,38.4,0.4583333333333333,27.6,47.0
34,51.0,72,39.1,0.4657534246575342,28.9,48.333333333333336
35,48.0,73,39.8,0.4729729729729729,30.2,49.66666666666666
36,45.0,74,40.5,0.48,31.5,51.0
37,42.0,75,41.2,0.4868421052631579,32.8,52.333333333333336
38,39.0,76,41.9,0.4935064935064935,34.1,53.66666666666666
39,36.0,77,42.6,0.5,35.4,55.0
40,33.0,78,43.3,0.5063291139240507,36.7,56.333333333333336
41,30.0,79,44.0,0.5125,38.0,57.66666666666666
42,27.0,80,44.7,0.5185185185185185,39.3,59.0
43,24.0,81,45.4,0.524390243902439,40.6,60.333333333333336
44,21.0,82,46.1,0.5301204819277109,41.9,61.66666666666666
45,18.0,83,46.8,0.5357142857142857,43.2,63.0
46,15.0,84,47.5,0.5411764705882353,44.5,64.33333333333333
25,76.0,85,32.6,0.2906976744186046,17.4,29.666666666666668
26,73.0,86,33.3,0.2988505747126437,18.7,31.0
27,70.0,87,34.0,0.3068181818181818,20.0,32.333333333333336
28,67.0,88,34.7,0.3146067415730337,21.3,33.666666666666664
29,64.0,89,35.4,0.3222222222222222,22.6,35.0
30,61.0,90,36.1,0.3296703296703296,23.9,36.333333333333336
31,58.0,91,36.8,0.3369565217391304,25.2,37.66666666666666
32,55.0,92,37.5,0.3440860215053763,26.5,39.0
33,52.0,93,38.2,0.351063829787234,27.8,40.333333333333336
34,49.0,94,38.9,0.3578947368421052,29.1,41.66666666666666
35,46.0,95,39.6,0.3645833333333333,30.4,43.0
36,43.0,96,40.3,0.3711340206185567,31.7,44.333333333333336
37,40.0,97,41.0,0.3775510204081632,33.0,45.66666666666666
38,37.0,98,41.7,0.3838383838383838,34.3,47.0
39,34.0,99,42.4,0.39,35.6,48.333333333333336
40,31.0,100,43.1,0.396039603960396,36.9,49.66666666666666
25,80.0,1,33.0,12.5,17.0,56.333333333333336
26,77.0,2,33.7,8.666666666666666,18.3,57.66666666666666
27,74.0,3,34.4,6.75,19.6,59.0
28,71.0,4,35.1,5.6,20.9,60.333333333333336
29,68.0,5,35.8,4.833333333333333,22.2,61.66666666666666
30,65.0,6,36.5,4.285714285714286,23.5,63.0
31,62.0,7,37.2,3.875,24.8,64.33333333333333
32,59.0,8,37.9,3.555555555555556,26.1,65.66666666666667
33,56.0,9,38.6,3.3,27.4,67.0
34,53.0,10,39.3,3.090909090909091,28.7,68.33333333333333
35,50.0,11,40.0,2.9166666666666665,30.0,69.66666666666667
36,47.0,12,40.7,2.769230769230769,31.3,71.0
37,44.0,13,41.4,2.642857142857143,32.6,72.33333333333333
38,41.0,14,42.1,2.533333333333333,33.9,73.66666666666667
39,38.0,15,42.8,2.4375,35.2,75.0
40,35.0,16,43.5,2.3529411764705883,36.5,76.33333333333333
41,32.0,17,44.2,2.2777777777777777,37.8,77.66666666666667
42,29.0,18,44.9,2.210526315789474,39.1,79.0
43,26.0,19,45.6,2.15,40.4,80.33333333333333
44,23.0,20,46.3,2.095238095238096,41.7,81.66666666666667
45,20.0,21,47.0,2.0454545454545454,43.0,83.0
46,17.0,22,47.7,2.0,44.3,84.33333333333333
25,78.0,23,32.8,1.0416666666666667,17.2,49.66666666666666
26,75.0,24,33.5,1.04,18.5,51.0
27,72.0,25,34.2,1.0384615384615383,19.8,52.333333333333336
28,69.0,26,34.9,1.037037037037037,21.1,53.66666666666666
29,66.0,27,35.6,1.0357142857142858,22.4,55.0
30,63.0,28,36.3,1.0344827586206895,23.7,56.333333333333336
31,60.0,29,37.0,1.0333333333333334,25.0,57.66666666666666
32,57.0,30,37.7,1.032258064516129,26.3,59.0
33,54.0,31,38.4,1.03125,27.6,60.333333333333336
34,51.0,32,39.1,1.0303030303030305,28.9,61.66666666666666
35,48.0,33,39.8,1.0294117647058822,30.2,63.0
36,45.0,34,40.5,1.0285714285714285,31.5,64.33333333333333
37,42.0,35,41.2,1.0277777777777777,32.8,65.66666666666667
38,39.0,36,41.9,1.027027027027027,34.1,67.0
39,36.0,37,42.6,1.0263157894736843,35.4,68.33333333333333
40,33.0,38,43.3,1.0256410256410255,36.7,69.66666666666667
41,30.0,39,44.0,1.025,38.0,71.0
42,27.0,40,44.7,1.024390243902439,39.3,72.33333333333333
43,24.0,41,45.4,1.0238095238095235,40.6,73.66666666666667
44,21.0,42,46.1,1.0232558139534884,41.9,75.0
45,18.0,43,46.8,1.0227272727272727,43.2,76.33333333333333
46,15.0,44,47.5,1.022222222222222,44.5,77.66666666666667
25,76.0,45,32.6,0.5434782608695652,17.4,43.0
26,73.0,46,33.3,0.5531914893617021,18.7,44.333333333333336
27,70.0,47,34.0,0.5625,20.0,45.66666666666666
28,67.0,48,34.7,0.5714285714285714,21.3,47.0
29,64.0,49,35.4,0.58,22.6,48.333333333333336
30,61.0,50,36.1,0.5882352941176471,23.9,49.66666666666666
31,58.0,51,36.8,0.5961538461538461,25.2,51.0
32,55.0,52,37.5,0.6037735849056604,26.5,52.333333333333336
33,52.0,53,38.2,0.6111111111111112,27.8,53.66666666666666
34,49.0,54,38.9,0.6181818181818182,29.1,55.0
35,46.0,55,39.6,0.625,30.4,56.333333333333336
36,43.0,56,40.3,0.631578947368421,31.7,57.66666666666666
37,40.0,57,41.0,0.6379310344827587,33.0,59.0
38,37.0,58,41.7,0.6440677966101694,34.3,60.333333333333336
39,34.0,59,42.4,0.65,35.6,61.66666666666666
40,31.0,60,43.1,0.6557377049180327,36.9,63.0
25,80.0,61,33.0,0.4032258064516129,17.0,36.333333333333336
26,77.0,62,33.7,0.4126984126984127,18.3,37.66666666666666
27,74.0,63,34.4,0.421875,19.6,39.0
28,71.0,64,35.1,0.4307692307692308,20.9,40.333333333333336
29,68.0,65,35.8,0.4393939393939394,22.2,41.66666666666666
30,65.0,66,36.5,0.4477611940298507,23.5,43.0
31,62.0,67,37.2,0.4558823529411764,24.8,44.333333333333336
32,59.0,68,37.9,0.463768115942029,26.1,45.66666666666666
33,56.0,69,38.6,0.4714285714285714,27.4,47.0
34,53.0,70,39.3,0.4788732394366197,28.7,48.333333333333336
35,50.0,71,40.0,0.4861111111111111,30.0,49.66666666666666
36,47.0,72,40.7,0.4931506849315068,31.3,51.0
37,44.0,73,41.4,0.5,32.6,52.333333333333336
38,41.0,74,42.1,0.5066666666666667,33.9,53.66666666666666
39,38.0,75,42.8,0.5131578947368421,35.2,55.0
40,35.0,76,43.5,0.5194805194805194,36.5,56.333333333333336
41,32.0,77,44.2,0.5256410256410257,37.8,57.66666666666666
42,29.0,78,44.9,0.5316455696202531,39.1,59.0
43,26.0,79,45.6,0.5375,40.4,60.333333333333336
44,23.0,80,46.3,0.5432098765432098,41.7,61.66666666666666
45,20.0,81,47.0,0.5487804878048781,43.0,63.0
46,17.0,82,47.7,0.5542168674698795,44.3,64.33333333333333
25,78.0,83,32.8,0.2976190476190476,17.2,29.666666666666668
26,75.0,84,33.5,0.3058823529411765,18.5,31.0
27,72.0,85,34.2,0.313953488372093,19.8,32.333333333333336
28,69.0,86,34.9,0.3218390804597701,21.1,33.666666666666664
29,66.0,87,35.6,0.3295454545454545,22.4,35.0
30,63.0,88,36.3,0.3370786516853932,23.7,36.333333333333336
31,60.0,89,37.0,0.3444444444444444,25.0,37.66666666666666
32,57.0,90,37.7,0.3516483516483517,26.3,39.0
33,54.0,91,38.4,0.358695652173913,27.6,40.333333333333336
34,51.0,92,39.1,0.3655913978494624,28.9,41.66666666666666
35,48.0,93,39.8,0.3723404255319149,30.2,43.0
36,45.0,94,40.5,0.3789473684210526,31.5,44.333333333333336
37,42.0,95,41.2,0.3854166666666667,32.8,45.66666666666666
38,39.0,96,41.9,0.3917525773195876,34.1,47.0
39,36.0,97,42.6,0.3979591836734694,35.4,48.333333333333336
40,33.0,98,43.3,0.404040404040404,36.7,49.66666666666666
41,30.0,99,44.0,0.41,38.0,51.0
42,27.0,100,44.7,0.4158415841584158,39.3,52.333333333333336
43,24.0,1,45.4,21.5,40.6,87.0
44,21.0,2,46.1,14.666666666666666,41.9,88.33333333333333
45,18.0,3,46.8,11.25,43.2,89.66666666666667
46,15.0,4,47.5,9.2,44.5,91.0
25,76.0,5,32.6,4.166666666666667,17.4,56.333333333333336
26,73.0,6,33.3,3.7142857142857135,18.7,57.66666666666666
27,70.0,7,34.0,3.375,20.0,59.0
28,67.0,8,34.7,3.111111111111111,21.3,60.333333333333336
29,64.0,9,35.4,2.9,22.6,61.66666666666666
30,61.0,10,36.1,2.727272727272727,23.9,63.0
31,58.0,11,36.8,2.583333333333333,25.2,64.33333333333333
32,55.0,12,37.5,2.4615384615384617,26.5,65.66666666666667
33,52.0,13,38.2,2.357142857142857,27.8,67.0
34,49.0,14,38.9,2.2666666666666666,29.1,68.33333333333333
35,46.0,15,39.6,2.1875,30.4,69.66666666666667
36,43.0,16,40.3,2.117647058823529,31.7,71.0
37,40.0,17,41.0,2.055555555555556,33.0,72.33333333333333
38,37.0,18,41.7,2.0,34.3,73.66666666666667
39,34.0,19,42.4,1.95,35.6,75.0
40,31.0,20,43.1,1.9047619047619049,36.9,76.33333333333333
25,80.0,21,33.0,1.1363636363636365,17.0,49.66666666666666
26,77.0,22,33.7,1.1304347826086956,18.3,51.0
27,74.0,23,34.4,1.125,19.6,52.333333333333336
28,71.0,24,35.1,1.12,20.9,53.66666666666666
29,68.0,25,35.8,1.1153846153846154,22.2,55.0
30,65.0,26,36.5,1.1111111111111112,23.5,56.333333333333336
31,62.0,27,37.2,1.1071428571428572,24.8,57.66666666666666
32,59.0,28,37.9,1.103448275862069,26.1,59.0
33,56.0,29,38.6,1.1,27.4,60.333333333333336
34,53.0,30,39.3,1.096774193548387,28.7,61.66666666666666
35,50.0,31,40.0,1.09375,30.0,63.0
36,47.0,32,40.7,1.0909090909090908,31.3,64.33333333333333
37,44.0,33,41.4,1.088235294117647,32.6,65.66666666666667
38,41.0,34,42.1,1.0857142857142856,33.9,67.0
39,38.0,35,42.8,1.0833333333333333,35.2,68.33333333333333
40,35.0,36,43.5,1.0810810810810811,36.5,69.66666666666667
41,32.0,37,44.2,1.0789473684210529,37.8,71.0
42,29.0,38,44.9,1.0769230769230769,39.1,72.33333333333333
43,26.0,39,45.6,1.075,40.4,73.66666666666667
44,23.0,40,46.3,1.0731707317073171,41.7,75.0
45,20.0,41,47.0,1.0714285714285714,43.0,76.33333333333333
46,17.0,42,47.7,1.069767441860465,44.3,77.66666666666667
25,78.0,43,32.8,0.5681818181818182,17.2,43.0
26,75.0,44,33.5,0.5777777777777777,18.5,44.333333333333336
27,72.0,45,34.2,0.5869565217391305,19.8,45.66666666666666
28,69.0,46,34.9,0.5957446808510638,21.1,47.0
29,66.0,47,35.6,0.6041666666666666,22.4,48.333333333333336
30,63.0,48,36.3,0.6122448979591837,23.7,49.66666666666666
31,60.0,49,37.0,0.62,25.0,51.0
32,57.0,50,37.7,0.6274509803921569,26.3,52.333333333333336
33,54.0,51,38.4,0.6346153846153846,27.6,53.66666666666666
34,51.0,52,39.1,0.6415094339622641,28.9,55.0
35,48.0,53,39.8,0.6481481481481481,30.2,56.333333333333336
36,45.0,54,40.5,0.6545454545454545,31.5,57.66666666666666
37,42.0,55,41.2,0.6607142857142857,32.8,59.0
38,39.0,56,41.9,0.6666666666666666,34.1,60.333333333333336
39,36.0,57,42.6,0.6724137931034483,35.4,61.66666666666666
40,33.0,58,43.3,0.6779661016949152,36.7,63.0
41,30.0,59,44.0,0.6833333333333333,38.0,64.33333333333333
42,27.0,60,44.7,0.6885245901639344,39.3,65.66666666666667
43,24.0,61,45.4,0.6935483870967742,40.6,67.0
44,21.0,62,46.1,0.6984126984126984,41.9,68.33333333333333
45,18.0,63,46.8,0.703125,43.2,69.66666666666667
46,15.0,64,47.5,0.7076923076923077,44.5,71.0
25,76.0,65,32.6,0.3787878787878788,17.4,36.333333333333336
26,73.0,66,33.3,0.3880597014925373,18.7,37.66666666666666
27,70.0,67,34.0,0.3970588235294117,20.0,39.0
28,67.0,68,34.7,0.4057971014492754,21.3,40.333333333333336
29,64.0,69,35.4,0.4142857142857143,22.6,41.66666666666666
30,61.0,70,36.1,0.4225352112676056,23.9,43.0
31,58.0,71,36.8,0.4305555555555556,25.2,44.333333333333336
32,55.0,72,37.5,0.4383561643835616,26.5,45.66666666666666
33,52.0,73,38.2,0.4459459459459459,27.8,47.0
34,49.0,74,38.9,0.4533333333333333,29.1,48.333333333333336
35,46.0,75,39.6,0.4605263157894737,30.4,49.66666666666666
36,43.0,76,40.3,0.4675324675324675,31.7,51.0
37,40.0,77,41.0,0.4743589743589743,33.0,52.333333333333336
38,37.0,78,41.7,0.4810126582278481,34.3,53.66666666666666
39,34.0,79,42.4,0.4875,35.6,55.0
40,31.0,80,43.1,0.4938271604938271,36.9,56.333333333333336
25,80.0,81,33.0,0.3048780487804878,17.0,29.666666666666668
26,77.0,82,33.7,0.3132530120481928,18.3,31.0
27,74.0,83,34.4,0.3214285714285714,19.6,32.333333333333336
28,71.0,84,35.1,0.3294117647058823,20.9,33.666666666666664
29,68.0,85,35.8,0.3372093023255814,22.2,35.0
30,65.0,86,36.5,0.3448275862068966,23.5,36.333333333333336
31,62.0,87,37.2,0.3522727272727273,24.8,37.66666666666666
32,59.0,88,37.9,0.3595505617977528,26.1,39.0
33,56.0,89,38.6,0.3666666666666666,27.4,40.333333333333336
34,53.0,90,39.3,0.3736263736263736,28.7,41.66666666666666
35,50.0,91,40.0,0.3804347826086957,30.0,43.0
36,47.0,92,40.7,0.3870967741935484,31.3,44.333333333333336
37,44.0,93,41.4,0.3936170212765957,32.6,45.66666666666666
38,41.0,94,42.1,0.4,33.9,47.0
39,38.0,95,42.8,0.40625,35.2,48.333333333333336
40,35.0,96,43.5,0.4123711340206185,36.5,49.66666666666666
41,32.0,97,44.2,0.4183673469387755,37.8,51.0
42,29.0,98,44.9,0.4242424242424242,39.1,52.333333333333336
43,26.0,99,45.6,0.43,40.4,53.66666666666666
44,23.0,100,46.3,0.4356435643564356,41.7,55.0
45,20.0,1,47.0,22.5,43.0,89.66666666666667
46,17.0,2,47.7,15.333333333333334,44.3,91.0
25,78.0,3,32.8,6.25,17.2,56.333333333333336
26,75.0,4,33.5,5.2,18.5,57.66666666666666
27,72.0,5,34.2,4.5,19.8,59.0
28,69.0,6,34.9,4.0,21.1,60.333333333333336
29,66.0,7,35.6,3.625,22.4,61.66666666666666
30,63.0,8,36.3,3.333333333333333,23.7,63.0
31,60.0,9,37.0,3.1,25.0,64.33333333333333
32,57.0,10,37.7,2.909090909090909,26.3,65.66666666666667
33,54.0,11,38.4,2.75,27.6,67.0
34,51.0,12,39.1,2.6153846153846154,28.9,68.33333333333333
35,48.0,13,39.8,2.5,30.2,69.66666666666667
36,45.0,14,40.5,2.4,31.5,71.0
37,42.0,15,41.2,2.3125,32.8,72.33333333333333
38,39.0,16,41.9,2.235294117647059,34.1,73.66666666666667
39,36.0,17,42.6,2.1666666666666665,35.4,75.0
40,33.0,18,43.3,2.1052631578947367,36.7,76.33333333333333
41,30.0,19,44.0,2.05,38.0,77.66666666666667
42,27.0,20,44.7,2.0,39.3,79.0
43,24.0,21,45.4,1.9545454545454544,40.6,80.33333333333333
44,21.0,22,46.1,1.9130434782608696,41.9,81.66666666666667
45,18.0,23,46.8,1.875,43.2,83.0
46,15.0,24,47.5,1.84,44.5,84.33333333333333
25,76.0,25,32.6,0.9615384615384616,17.4,49.66666666666666
26,73.0,26,33.3,0.9629629629629628,18.7,51.0
27,70.0,27,34.0,0.9642857142857144,20.0,52.333333333333336
28,67.0,28,34.7,0.9655172413793104,21.3,53.66666666666666
29,64.0,29,35.4,0.9666666666666668,22.6,55.0
30,61.0,30,36.1,0.967741935483871,23.9,56.333333333333336
31,58.0,31,36.8,0.96875,25.2,57.66666666666666
32,55.0,32,37.5,0.9696969696969696,26.5,59.0
33,52.0,33,38.2,0.9705882352941176,27.8,60.333333333333336
34,49.0,34,38.9,0.9714285714285714,29.1,61.66666666666666
35,46.0,35,39.6,0.9722222222222222,30.4,63.0
36,43.0,36,40.3,0.972972972972973,31.7,64.33333333333333
37,40.0,37,41.0,0.9736842105263158,33.0,65.66666666666667
38,37.0,38,41.7,0.9743589743589745,34.3,67.0
39,34.0,39,42.4,0.975,35.6,68.33333333333333
40,31.0,40,43.1,0.975609756097561,36.9,69.66666666666667
25,80.0,41,33.0,0.5952380952380952,17.0,43.0
26,77.0,42,33.7,0.6046511627906976,18.3,44.333333333333336
27,74.0,43,34.4,0.6136363636363636,19.6,45.66666666666666
28,71.0,44,35.1,0.6222222222222222,20.9,47.0
29,68.0,45,35.8,0.6304347826086957,22.2,48.333333333333336
30,65.0,46,36.5,0.6382978723404256,23.5,49.66666666666666
31,62.0,47,37.2,0.6458333333333334,24.8,51.0
32,59.0,48,37.9,0.6530612244897959,26.1,52.333333333333336
33,56.0,49,38.6,0.66,27.4,53.66666666666666
34,53.0,50,39.3,0.6666666666666666,28.7,55.0
35,50.0,51,40.0,0.6730769230769231,30.0,56.333333333333336
36,47.0,52,40.7,0.6792452830188679,31.3,57.66666666666666
37,44.0,53,41.4,0.6851851851851852,32.6,59.0
38,41.0,54,42.1,0.6909090909090909,33.9,60.333333333333336
39,38.0,55,42.8,0.6964285714285714,35.2,61.66666666666666
40,35.0,56,43.5,0.7017543859649122,36.5,63.0
41,32.0,57,44.2,0.7068965517241379,37.8,64.33333333333333
42,29.0,58,44.9,0.711864406779661,39.1,65.66666666666667
43,26.0,59,45.6,0.7166666666666667,40.4,67.0
44,23.0,60,46.3,0.7213114754098361,41.7,68.33333333333333
45,20.0,61,47.0,0.7258064516129032,43.0,69.66666666666667
46,17.0,62,47.7,0.7301587301587301,44.3,71.0
25,78.0,63,32.8,0.390625,17.2,36.333333333333336
26,75.0,64,33.5,0.4,18.5,37.66666666666666
27,72.0,65,34.2,0.4090909090909091,19.8,39.0
28,69.0,66,34.9,0.417910447761194,21.1,40.333333333333336
29,66.0,67,35.6,0.4264705882352941,22.4,41.66666666666666
30,63.0,68,36.3,0.4347826086956521,23.7,43.0
31,60.0,69,37.0,0.4428571428571428,25.0,44.333333333333336
32,57.0,70,37.7,0.4507042253521127,26.3,45.66666666666666
33,54.0,71,38.4,0.4583333333333333,27.6,47.0
34,51.0,72,39.1,0.4657534246575342,28.9,48.333333333333336
35,48.0,73,39.8,0.4729729729729729,30.2,49.66666666666666
36,45.0,74,40.5,0.48,31.5,51.0
37,42.0,75,41.2,0.4868421052631579,32.8,52.333333333333336
38,39.0,76,41.9,0.4935064935064935,34.1,53.66666666666666
39,36.0,77,42.6,0.5,35.4,55.0
40,33.0,78,43.3,0.5063291139240507,36.7,56.333333333333336
41,30.0,79,44.0,0.5125,38.0,57.66666666666666
42,27.0,80,44.7,0.5185185185185185,39.3,59.0
43,24.0,81,45.4,0.524390243902439,40.6,60.333333333333336
44,21.0,82,46.1,0.5301204819277109,41.9,61.66666666666666
45,18.0,83,46.8,0.5357142857142857,43.2,63.0
46,15.0,84,47.5,0.5411764705882353,44.5,64.33333333333333
25,76.0,85,32.6,0.2906976744186046,17.4,29.666666666666668
26,73.0,86,33.3,0.2988505747126437,18.7,31.0
27,70.0,87,34.0,0.3068181818181818,20.0,32.333333333333336
28,67.0,88,34.7,0.3146067415730337,21.3,33.666666666666664
29,64.0,89,35.4,0.3222222222222222,22.6,35.0
30,61.0,90,36.1,0.3296703296703296,23.9,36.333333333333336
31,58.0,91,36.8,0.3369565217391304,25.2,37.66666666666666
32,55.0,92,37.5,0.3440860215053763,26.5,39.0
33,52.0,93,38.2,0.351063829787234,27.8,40.333333333333336
34,49.0,94,38.9,0.3578947368421052,29.1,41.66666666666666
35,46.0,95,39.6,0.3645833333333333,30.4,43.0
36,43.0,96,40.3,0.3711340206185567,31.7,44.333333333333336
37,40.0,97,41.0,0.3775510204081632,33.0,45.66666666666666
38,37.0,98,41.7,0.3838383838383838,34.3,47.0
39,34.0,99,42.4,0.39,35.6,48.333333333333336
40,31.0,100,43.1,0.396039603960396,36.9,49.66666666666666
24,80.0,1,32.0,12.0,16.0,55.66666666666666
23,81.0,2,31.1,7.666666666666667,14.9,54.333333333333336
22,82.0,3,30.200000000000003,5.5,13.8,53.0
21,83.0,4,29.3,4.2,12.7,51.66666666666666
20,84.0,5,28.4,3.333333333333333,11.6,50.333333333333336
19,85.0,6,27.5,2.7142857142857144,10.5,49.0
18,86.0,7,26.6,2.25,9.4,47.66666666666666
17,87.0,8,25.700000000000003,1.8888888888888888,8.3,46.333333333333336
16,88.0,9,24.8,1.6,7.199999999999999,45.0
15,89.0,10,23.9,1.3636363636363635,6.1,43.66666666666666
14,90.0,11,23.0,1.1666666666666667,5.0,42.333333333333336
13,91.0,12,22.1,1.0,3.9,41.0
24,80.0,13,32.0,1.7142857142857142,16.0,51.66666666666666
23,81.0,14,31.1,1.5333333333333334,14.9,50.333333333333336
22,82.0,15,30.200000000000003,1.375,13.8,49.0
21,83.0,16,29.3,1.2352941176470589,12.7,47.66666666666666
20,84.0,17,28.4,1.1111111111111112,11.6,46.333333333333336
19,85.0,18,27.5,1.0,10.5,45.0
18,86.0,19,26.6,0.9,9.4,43.66666666666666
17,87.0,20,25.700000000000003,0.8095238095238095,8.3,42.333333333333336
16,88.0,21,24.8,0.7272727272727273,7.199999999999999,41.0
15,89.0,22,23.9,0.6521739130434783,6.1,39.66666666666666
14,90.0,23,23.0,0.5833333333333334,5.0,38.333333333333336
13,91.0,24,22.1,0.52,3.9,37.0
24,80.0,25,32.0,0.9230769230769232,16.0,47.66666666666666
23,81.0,26,31.1,0.8518518518518519,14.9,46.333333333333336
22,82.0,27,30.200000000000003,0.7857142857142857,13.8,45.0
21,83.0,28,29.3,0.7241379310344828,12.7,43.66666666666666
20,84.0,29,28.4,0.6666666666666666,11.6,42.333333333333336
19,85.0,30,27.5,0.6129032258064516,10.5,41.0
18,86.0,31,26.6,0.5625,9.4,39.66666666666666
17,87.0,32,25.700000000000003,0.5151515151515151,8.3,38.333333333333336
16,88.0,33,24.8,0.4705882352941176,7.199999999999999,37.0
15,89.0,34,23.9,0.4285714285714285,6.1,35.666666666666664
14,90.0,35,23.0,0.3888888888888889,5.0,34.333333333333336
13,91.0,36,22.1,0.3513513513513513,3.9,33.0
24,80.0,37,32.0,0.631578947368421,16.0,43.66666666666666
23,81.0,38,31.1,0.5897435897435898,14.9,42.333333333333336
22,82.0,39,30.200000000000003,0.55,13.8,41.0
21,83.0,40,29.3,0.5121951219512195,12.7,39.66666666666666
20,84.0,41,28.4,0.4761904761904761,11.6,38.333333333333336
19,85.0,42,27.5,0.4418604651162791,10.5,37.0
18,86.0,43,26.6,0.4090909090909091,9.4,35.666666666666664
17,87.0,44,25.700000000000003,0.3777777777777777,8.3,34.333333333333336
16,88.0,45,24.8,0.3478260869565217,7.199999999999999,33.0
15,89.0,46,23.9,0.3191489361702128,6.1,31.666666666666668
14,90.0,47,23.0,0.2916666666666667,5.0,30.33333333333333
13,91.0,48,22.1,0.2653061224489796,3.9,29.0
24,80.0,49,32.0,0.48,16.0,39.66666666666666
23,81.0,50,31.1,0.4509803921568627,14.9,38.333333333333336
22,82.0,51,30.200000000000003,0.4230769230769231,13.8,37.0
21,83.0,52,29.3,0.3962264150943396,12.7,35.666666666666664
20,84.0,53,28.4,0.3703703703703703,11.6,34.333333333333336
19,85.0,54,27.5,0.3454545454545454,10.5,33.0
18,86.0,55,26.6,0.3214285714285714,9.4,31.666666666666668
17,87.0,56,25.700000000000003,0.2982456140350877,8.3,30.33333333333333
16,88.0,57,24.8,0.2758620689655172,7.199999999999999,29.0
15,89.0,58,23.9,0.2542372881355932,6.1,27.666666666666668
14,90.0,59,23.0,0.2333333333333333,5.0,26.33333333333333
13,91.0,60,22.1,0.2131147540983606,3.9,25.0
24,80.0,61,32.0,0.3870967741935484,16.0,35.666666666666664
23,81.0,62,31.1,0.365079365079365,14.9,34.333333333333336
22,82.0,63,30.200000000000003,0.34375,13.8,33.0
21,83.0,64,29.3,0.3230769230769231,12.7,31.666666666666668
20,84.0,65,28.4,0.303030303030303,11.6,30.33333333333333
19,85.0,66,27.5,0.2835820895522388,10.5,29.0
18,86.0,67,26.6,0.2647058823529412,9.4,27.666666666666668
17,87.0,68,25.700000000000003,0.2463768115942029,8.3,26.33333333333333
16,88.0,69,24.8,0.2285714285714285,7.199999999999999,25.0
15,89.0,70,23.9,0.2112676056338028,6.1,23.666666666666668
14,90.0,71,23.0,0.1944444444444444,5.0,22.33333333333333
13,91.0,72,22.1,0.1780821917808219,3.9,21.0
24,80.0,73,32.0,0.3243243243243243,16.0,31.666666666666668
23,81.0,74,31.1,0.3066666666666666,14.9,30.33333333333333
22,82.0,75,30.200000000000003,0.2894736842105263,13.8,29.0
21,83.0,76,29.3,0.2727272727272727,12.7,27.666666666666668
20,84.0,77,28.4,0.2564102564102564,11.6,26.33333333333333
19,85.0,78,27.5,0.240506329113924,10.5,25.0
18,86.0,79,26.6,0.225,9.4,23.666666666666668
24,80.0,1,32.0,12.0,16.0,55.66666666666666
23,81.0,2,31.1,7.666666666666667,14.9,54.333333333333336
22,82.0,3,30.200000000000003,5.5,13.8,53.0
21,83.0,4,29.3,4.2,12.7,51.66666666666666
20,84.0,5,28.4,3.333333333333333,11.6,50.333333333333336
19,85.0,6,27.5,2.7142857142857144,10.5,49.0
18,86.0,7,26.6,2.25,9.4,47.66666666666666
17,87.0,8,25.700000000000003,1.8888888888888888,8.3,46.333333333333336
16,88.0,9,24.8,1.6,7.199999999999999,45.0
15,89.0,10,23.9,1.3636363636363635,6.1,43.66666666666666
14,90.0,11,23.0,1.1666666666666667,5.0,42.333333333333336
13,91.0,12,22.1,1.0,3.9,41.0
24,80.0,13,32.0,1.7142857142857142,16.0,51.66666666666666
23,81.0,14,31.1,1.5333333333333334,14.9,50.333333333333336
22,82.0,15,30.200000000000003,1.375,13.8,49.0
21,83.0,16,29.3,1.2352941176470589,12.7,47.66666666666666
20,84.0,17,28.4,1.1111111111111112,11.6,46.333333333333336
19,85.0,18,27.5,1.0,10.5,45.0
18,86.0,19,26.6,0.9,9.4,43.66666666666666
17,87.0,20,25.700000000000003,0.8095238095238095,8.3,42.333333333333336
16,88.0,21,24.8,0.7272727272727273,7.199999999999999,41.0
15,89.0,22,23.9,0.6521739130434783,6.1,39.66666666666666
14,90.0,23,23.0,0.5833333333333334,5.0,38.333333333333336
13,91.0,24,22.1,0.52,3.9,37.0
24,80.0,25,32.0,0.9230769230769232,16.0,47.66666666666666
23,81.0,26,31.1,0.8518518518518519,14.9,46.333333333333336
22,82.0,27,30.200000000000003,0.7857142857142857,13.8,45.0
21,83.0,28,29.3,0.7241379310344828,12.7,43.66666666666666
20,84.0,29,28.4,0.6666666666666666,11.6,42.333333333333336
19,85.0,30,27.5,0.6129032258064516,10.5,41.0
18,86.0,31,26.6,0.5625,9.4,39.66666666666666
17,87.0,32,25.700000000000003,0.5151515151515151,8.3,38.333333333333336
16,88.0,33,24.8,0.4705882352941176,7.199999999999999,37.0
15,89.0,34,23.9,0.4285714285714285,6.1,35.666666666666664
14,90.0,35,23.0,0.3888888888888889,5.0,34.333333333333336
13,91.0,36,22.1,0.3513513513513513,3.9,33.0
24,80.0,37,32.0,0.631578947368421,16.0,43.66666666666666
23,81.0,38,31.1,0.5897435897435898,14.9,42.333333333333336
22,82.0,39,30.200000000000003,0.55,13.8,41.0
21,83.0,40,29.3,0.5121951219512195,12.7,39.66666666666666
20,84.0,41,28.4,0.4761904761904761,11.6,38.333333333333336
19,85.0,42,27.5,0.4418604651162791,10.5,37.0
18,86.0,43,26.6,0.4090909090909091,9.4,35.666666666666664
17,87.0,44,25.700000000000003,0.3777777777777777,8.3,34.333333333333336
16,88.0,45,24.8,0.3478260869565217,7.199999999999999,33.0
15,89.0,46,23.9,0.3191489361702128,6.1,31.666666666666668
14,90.0,47,23.0,0.2916666666666667,5.0,30.33333333333333
13,91.0,48,22.1,0.2653061224489796,3.9,29.0
24,80.0,49,32.0,0.48,16.0,39.66666666666666
23,81.0,50,31.1,0.4509803921568627,14.9,38.333333333333336
22,82.0,51,30.200000000000003,0.4230769230769231,13.8,37.0
21,83.0,52,29.3,0.3962264150943396,12.7,35.666666666666664
20,84.0,53,28.4,0.3703703703703703,11.6,34.333333333333336
19,85.0,54,27.5,0.3454545454545454,10.5,33.0
18,86.0,55,26.6,0.3214285714285714,9.4,31.666666666666668
17,87.0,56,25.700000000000003,0.2982456140350877,8.3,30.33333333333333
16,88.0,57,24.8,0.2758620689655172,7.199999999999999,29.0
15,89.0,58,23.9,0.2542372881355932,6.1,27.666666666666668
14,90.0,59,23.0,0.2333333333333333,5.0,26.33333333333333
13,91.0,60,22.1,0.2131147540983606,3.9,25.0
24,80.0,61,32.0,0.3870967741935484,16.0,35.666666666666664
23,81.0,62,31.1,0.365079365079365,14.9,34.333333333333336
22,82.0,63,30.200000000000003,0.34375,13.8,33.0
21,83.0,64,29.3,0.3230769230769231,12.7,31.666666666666668
20,84.0,65,28.4,0.303030303030303,11.6,30.33333333333333
19,85.0,66,27.5,0.2835820895522388,10.5,29.0
18,86.0,67,26.6,0.2647058823529412,9.4,27.666666666666668
17,87.0,68,25.700000000000003,0.2463768115942029,8.3,26.33333333333333
16,88.0,69,24.8,0.2285714285714285,7.199999999999999,25.0
24,80.0,1,32.0,12.0,16.0,55.66666666666666
23,81.0,2,31.1,7.666666666666667,14.9,54.333333333333336
22,82.0,3,30.200000000000003,5.5,13.8,53.0
21,83.0,4,29.3,4.2,12.7,51.66666666666666
20,84.0,5,28.4,3.333333333333333,11.6,50.333333333333336
19,85.0,6,27.5,2.7142857142857144,10.5,49.0
18,86.0,7,26.6,2.25,9.4,47.66666666666666
17,87.0,8,25.700000000000003,1.8888888888888888,8.3,46.333333333333336
16,88.0,9,24.8,1.6,7.199999999999999,45.0
15,89.0,10,23.9,1.3636363636363635,6.1,43.66666666666666
14,90.0,11,23.0,1.1666666666666667,5.0,42.333333333333336
13,91.0,12,22.1,1.0,3.9,41.0
24,80.0,13,32.0,1.7142857142857142,16.0,51.66666666666666
23,81.0,14,31.1,1.5333333333333334,14.9,50.333333333333336
22,82.0,15,30.200000000000003,1.375,13.8,49.0
21,83.0,16,29.3,1.2352941176470589,12.7,47.66666666666666
20,84.0,17,28.4,1.1111111111111112,11.6,46.333333333333336
19,85.0,18,27.5,1.0,10.5,45.0
18,86.0,19,26.6,0.9,9.4,43.66666666666666
17,87.0,20,25.700000000000003,0.8095238095238095,8.3,42.333333333333336
16,88.0,21,24.8,0.7272727272727273,7.199999999999999,41.0
15,89.0,22,23.9,0.6521739130434783,6.1,39.66666666666666
14,90.0,23,23.0,0.5833333333333334,5.0,38.333333333333336
13,91.0,24,22.1,0.52,3.9,37.0
24,80.0,25,32.0,0.9230769230769232,16.0,47.66666666666666
23,81.0,26,31.1,0.8518518518518519,14.9,46.333333333333336
22,82.0,27,30.200000000000003,0.7857142857142857,13.8,45.0
21,83.0,28,29.3,0.7241379310344828,12.7,43.66666666666666
20,84.0,29,28.4,0.6666666666666666,11.6,42.333333333333336
19,85.0,30,27.5,0.6129032258064516,10.5,41.0
18,86.0,31,26.6,0.5625,9.4,39.66666666666666
17,87.0,32,25.700000000000003,0.5151515151515151,8.3,38.333333333333336
16,88.0,33,24.8,0.4705882352941176,7.199999999999999,37.0
15,89.0,34,23.9,0.4285714285714285,6.1,35.666666666666664
14,90.0,35,23.0,0.3888888888888889,5.0,34.333333333333336
13,91.0,36,22.1,0.3513513513513513,3.9,33.0
24,80.0,37,32.0,0.631578947368421,16.0,43.66666666666666
23,81.0,38,31.1,0.5897435897435898,14.9,42.333333333333336
22,82.0,39,30.200000000000003,0.55,13.8,41.0
21,83.0,40,29.3,0.5121951219512195,12.7,39.66666666666666
20,84.0,41,28.4,0.4761904761904761,11.6,38.333333333333336
19,85.0,42,27.5,0.4418604651162791,10.5,37.0
18,86.0,43,26.6,0.4090909090909091,9.4,35.666666666666664
17,87.0,44,25.700000000000003,0.3777777777777777,8.3,34.333333333333336
16,88.0,45,24.8,0.3478260869565217,7.199999999999999,33.0
15,89.0,46,23.9,0.3191489361702128,6.1,31.666666666666668
14,90.0,47,23.0,0.2916666666666667,5.0,30.33333333333333
13,91.0,48,22.1,0.2653061224489796,3.9,29.0
24,80.0,49,32.0,0.48,16.0,39.66666666666666
23,81.0,50,31.1,0.4509803921568627,14.9,38.333333333333336
22,82.0,51,30.200000000000003,0.4230769230769231,13.8,37.0
21,83.0,52,29.3,0.3962264150943396,12.7,35.666666666666664
20,84.0,53,28.4,0.3703703703703703,11.6,34.333333333333336
19,85.0,54,27.5,0.3454545454545454,10.5,33.0
18,86.0,55,26.6,0.3214285714285714,9.4,31.666666666666668
17,87.0,56,25.700000000000003,0.2982456140350877,8.3,30.33333333333333
16,88.0,57,24.8,0.2758620689655172,7.199999999999999,29.0
15,89.0,58,23.9,0.2542372881355932,6.1,27.666666666666668
14,90.0,59,23.0,0.2333333333333333,5.0,26.33333333333333
24,80.0,1,32.0,12.0,16.0,55.66666666666666
23,81.0,2,31.1,7.666666666666667,14.9,54.333333333333336
22,82.0,3,30.200000000000003,5.5,13.8,53.0
21,83.0,4,29.3,4.2,12.7,51.66666666666666
20,84.0,5,28.4,3.333333333333333,11.6,50.333333333333336
19,85.0,6,27.5,2.7142857142857144,10.5,49.0
18,86.0,7,26.6,2.25,9.4,47.66666666666666
17,87.0,8,25.700000000000003,1.8888888888888888,8.3,46.333333333333336
16,88.0,9,24.8,1.6,7.199999999999999,45.0
15,89.0,10,23.9,1.3636363636363635,6.1,43.66666666666666
14,90.0,11,23.0,1.1666666666666667,5.0,42.333333333333336
13,91.0,12,22.1,1.0,3.9,41.0
24,80.0,13,32.0,1.7142857142857142,16.0,51.66666666666666
23,81.0,14,31.1,1.5333333333333334,14.9,50.333333333333336
22,82.0,15,30.200000000000003,1.375,13.8,49.0
21,83.0,16,29.3,1.2352941176470589,12.7,47.66666666666666
20,84.0,17,28.4,1.1111111111111112,11.6,46.333333333333336
19,85.0,18,27.5,1.0,10.5,45.0
18,86.0,19,26.6,0.9,9.4,43.66666666666666
17,87.0,20,25.700000000000003,0.8095238095238095,8.3,42.333333333333336
16,88.0,21,24.8,0.7272727272727273,7.199999999999999,41.0
15,89.0,22,23.9,0.6521739130434783,6.1,39.66666666666666
14,90.0,23,23.0,0.5833333333333334,5.0,38.333333333333336
13,91.0,24,22.1,0.52,3.9,37.0
24,80.0,25,32.0,0.9230769230769232,16.0,47.66666666666666
23,81.0,26,31.1,0.8518518518518519,14.9,46.333333333333336
22,82.0,27,30.200000000000003,0.7857142857142857,13.8,45.0
21,83.0,28,29.3,0.7241379310344828,12.7,43.66666666666666
20,84.0,29,28.4,0.6666666666666666,11.6,42.333333333333336
19,85.0,30,27.5,0.6129032258064516,10.5,41.0
18,86.0,31,26.6,0.5625,9.4,39.66666666666666
17,87.0,32,25.700000000000003,0.5151515151515151,8.3,38.333333333333336
16,88.0,33,24.8,0.4705882352941176,7.199999999999999,37.0
15,89.0,34,23.9,0.4285714285714285,6.1,35.666666666666664
14,90.0,35,23.0,0.3888888888888889,5.0,34.333333333333336
13,91.0,36,22.1,0.3513513513513513,3.9,33.0
24,80.0,37,32.0,0.631578947368421,16.0,43.66666666666666
23,81.0,38,31.1,0.5897435897435898,14.9,42.333333333333336
22,82.0,39,30.200000000000003,0.55,13.8,41.0
21,83.0,40,29.3,0.5121951219512195,12.7,39.66666666666666
20,84.0,41,28.4,0.4761904761904761,11.6,38.333333333333336
19,85.0,42,27.5,0.4418604651162791,10.5,37.0
18,86.0,43,26.6,0.4090909090909091,9.4,35.666666666666664
17,87.0,44,25.700000000000003,0.3777777777777777,8.3,34.333333333333336
16,88.0,45,24.8,0.3478260869565217,7.199999999999999,33.0
15,89.0,46,23.9,0.3191489361702128,6.1,31.666666666666668
14,90.0,47,23.0,0.2916666666666667,5.0,30.33333333333333
13,91.0,48,22.1,0.2653061224489796,3.9,29.0
24,80.0,49,32.0,0.48,16.0,39.66666666666666
23,81.0,50,31.1,0.4509803921568627,14.9,38.333333333333336
22,82.0,51,30.200000000000003,0.4230769230769231,13.8,37.0
21,83.0,52,29.3,0.3962264150943396,12.7,35.666666666666664
20,84.0,53,28.4,0.3703703703703703,11.6,34.333333333333336
19,85.0,54,27.5,0.3454545454545454,10.5,33.0
18,86.0,55,26.6,0.3214285714285714,9.4,31.666666666666668
17,87.0,56,25.700000000000003,0.2982456140350877,8.3,30.33333333333333
16,88.0,57,24.8,0.2758620689655172,7.199999999999999,29.0
15,89.0,58,23.9,0.2542372881355932,6.1,27.666666666666668
14,90.0,59,23.0,0.2333333333333333,5.0,26.33333333333333
24,80.0,60,32.0,0.3934426229508196,16.0,36.0
23,81.0,61,31.1,0.3709677419354839,14.9,34.666666666666664
22,82.0,62,30.200000000000003,0.3492063492063492,13.8,33.333333333333336
21,83.0,63,29.3,0.328125,12.7,32.0
20,84.0,64,28.4,0.3076923076923077,11.6,30.666666666666668
19,85.0,65,27.5,0.2878787878787879,10.5,29.33333333333333
18,86.0,66,26.6,0.2686567164179104,9.4,28.0
17,87.0,67,25.700000000000003,0.25,8.3,26.666666666666668
16,88.0,68,24.8,0.2318840579710145,7.199999999999999,25.33333333333333
15,89.0,69,23.9,0.2142857142857142,6.1,24.0
24,80.0,1,32.0,12.0,16.0,55.66666666666666
23,81.0,2,31.1,7.666666666666667,14.9,54.333333333333336
22,82.0,3,30.200000000000003,5.5,13.8,53.0
21,83.0,4,29.3,4.2,12.7,51.66666666666666
20,84.0,5,28.4,3.333333333333333,11.6,50.333333333333336
19,85.0,6,27.5,2.7142857142857144,10.5,49.0
18,86.0,7,26.6,2.25,9.4,47.66666666666666
17,87.0,8,25.700000000000003,1.8888888888888888,8.3,46.333333333333336
16,88.0,9,24.8,1.6,7.199999999999999,45.0
15,89.0,10,23.9,1.3636363636363635,6.1,43.66666666666666
14,90.0,11,23.0,1.1666666666666667,5.0,42.333333333333336
13,91.0,12,22.1,1.0,3.9,41.0
24,80.0,13,32.0,1.7142857142857142,16.0,51.66666666666666
23,81.0,14,31.1,1.5333333333333334,14.9,50.333333333333336
22,82.0,15,30.200000000000003,1.375,13.8,49.0
21,83.0,16,29.3,1.2352941176470589,12.7,47.66666666666666
20,84.0,17,28.4,1.1111111111111112,11.6,46.333333333333336
19,85.0,18,27.5,1.0,10.5,45.0
18,86.0,19,26.6,0.9,9.4,43.66666666666666
17,87.0,20,25.700000000000003,0.8095238095238095,8.3,42.333333333333336
16,88.0,21,24.8,0.7272727272727273,7.199999999999999,41.0
15,89.0,22,23.9,0.6521739130434783,6.1,39.66666666666666
14,90.0,23,23.0,0.5833333333333334,5.0,38.333333333333336
13,91.0,24,22.1,0.52,3.9,37.0
24,80.0,25,32.0,0.9230769230769232,16.0,47.66666666666666
23,81.0,26,31.1,0.8518518518518519,14.9,46.333333333333336
22,82.0,27,30.200000000000003,0.7857142857142857,13.8,45.0
21,83.0,28,29.3,0.7241379310344828,12.7,43.66666666666666
20,84.0,29,28.4,0.6666666666666666,11.6,42.333333333333336
19,85.0,30,27.5,0.6129032258064516,10.5,41.0
18,86.0,31,26.6,0.5625,9.4,39.66666666666666
17,87.0,32,25.700000000000003,0.5151515151515151,8.3,38.333333333333336
16,88.0,33,24.8,0.4705882352941176,7.199999999999999,37.0
15,89.0,34,23.9,0.4285714285714285,6.1,35.666666666666664
14,90.0,35,23.0,0.3888888888888889,5.0,34.333333333333336
13,91.0,36,22.1,0.3513513513513513,3.9,33.0
24,80.0,37,32.0,0.631578947368421,16.0,43.66666666666666
23,81.0,38,31.1,0.5897435897435898,14.9,42.333333333333336
22,82.0,39,30.200000000000003,0.55,13.8,41.0
21,83.0,40,29.3,0.5121951219512195,12.7,39.66666666666666
20,84.0,41,28.4,0.4761904761904761,11.6,38.333333333333336
19,85.0,42,27.5,0.4418604651162791,10.5,37.0
18,86.0,43,26.6,0.4090909090909091,9.4,35.666666666666664
17,87.0,44,25.700000000000003,0.3777777777777777,8.3,34.333333333333336
16,88.0,45,24.8,0.3478260869565217,7.199999999999999,33.0
15,89.0,46,23.9,0.3191489361702128,6.1,31.666666666666668
14,90.0,47,23.0,0.2916666666666667,5.0,30.33333333333333
13,91.0,48,22.1,0.2653061224489796,3.9,29.0
24,80.0,49,32.0,0.48,16.0,39.66666666666666
24,80.0,1,32.0,12.0,16.0,55.66666666666666
23,81.0,2,31.1,7.666666666666667,14.9,54.333333333333336
22,82.0,3,30.200000000000003,5.5,13.8,53.0
21,83.0,4,29.3,4.2,12.7,51.66666666666666
20,84.0,5,28.4,3.333333333333333,11.6,50.333333333333336
19,85.0,6,27.5,2.7142857142857144,10.5,49.0
18,86.0,7,26.6,2.25,9.4,47.66666666666666
17,87.0,8,25.700000000000003,1.8888888888888888,8.3,46.333333333333336
16,88.0,9,24.8,1.6,7.199999999999999,45.0
15,89.0,10,23.9,1.3636363636363635,6.1,43.66666666666666
14,90.0,11,23.0,1.1666666666666667,5.0,42.333333333333336
13,91.0,12,22.1,1.0,3.9,41.0
24,80.0,13,32.0,1.7142857142857142,16.0,51.66666666666666
23,81.0,14,31.1,1.5333333333333334,14.9,50.333333333333336
22,82.0,15,30.200000000000003,1.375,13.8,49.0
21,83.0,16,29.3,1.2352941176470589,12.7,47.66666666666666
20,84.0,17,28.4,1.1111111111111112,11.6,46.333333333333336
19,85.0,18,27.5,1.0,10.5,45.0
18,86.0,19,26.6,0.9,9.4,43.66666666666666
17,87.0,20,25.700000000000003,0.8095238095238095,8.3,42.333333333333336
16,88.0,21,24.8,0.7272727272727273,7.199999999999999,41.0
15,89.0,22,23.9,0.6521739130434783,6.1,39.66666666666666
14,90.0,23,23.0,0.5833333333333334,5.0,38.333333333333336
13,91.0,24,22.1,0.52,3.9,37.0
24,80.0,25,32.0,0.9230769230769232,16.0,47.66666666666666
23,81.0,26,31.1,0.8518518518518519,14.9,46.333333333333336
22,82.0,27,30.200000000000003,0.7857142857142857,13.8,45.0
21,83.0,28,29.3,0.7241379310344828,12.7,43.66666666666666
20,84.0,29,28.4,0.6666666666666666,11.6,42.333333333333336
19,85.0,30,27.5,0.6129032258064516,10.5,41.0
18,86.0,31,26.6,0.5625,9.4,39.66666666666666
17,87.0,32,25.700000000000003,0.5151515151515151,8.3,38.333333333333336
16,88.0,33,24.8,0.4705882352941176,7.199999999999999,37.0
15,89.0,34,23.9,0.4285714285714285,6.1,35.666666666666664
14,90.0,35,23.0,0.3888888888888889,5.0,34.333333333333336
13,91.0,36,22.1,0.3513513513513513,3.9,33.0
24,80.0,37,32.0,0.631578947368421,16.0,43.66666666666666
23,81.0,38,31.1,0.5897435897435898,14.9,42.333333333333336
22,82.0,39,30.200000000000003,0.55,13.8,41.0
21,83.0,40,29.3,0.5121951219512195,12.7,39.66666666666666
20,84.0,41,28.4,0.4761904761904761,11.6,38.333333333333336
19,85.0,42,27.5,0.4418604651162791,10.5,37.0
18,86.0,43,26.6,0.4090909090909091,9.4,35.666666666666664
17,87.0,44,25.700000000000003,0.3777777777777777,8.3,34.333333333333336
16,88.0,45,24.8,0.3478260869565217,7.199999999999999,33.0
15,89.0,46,23.9,0.3191489361702128,6.1,31.666666666666668
14,90.0,47,23.0,0.2916666666666667,5.0,30.33333333333333
13,91.0,48,22.1,0.2653061224489796,3.9,29.0
24,80.0,49,32.0,0.48,16.0,39.66666666666666
23,81.0,50,31.1,0.4509803921568627,14.9,38.333333333333336
22,82.0,51,30.200000000000003,0.4230769230769231,13.8,37.0
21,83.0,52,29.3,0.3962264150943396,12.7,35.666666666666664
20,84.0,53,28.4,0.3703703703703703,11.6,34.333333333333336
19,85.0,54,27.5,0.3454545454545454,10.5,33.0
18,86.0,55,26.6,0.3214285714285714,9.4,31.666666666666668
17,87.0,56,25.700000000000003,0.2982456140350877,8.3,30.33333333333333
16,88.0,57,24.8,0.2758620689655172,7.199999999999999,29.0
15,89.0,58,23.9,0.2542372881355932,6.1,27.666666666666668
14,90.0,59,23.0,0.2333333333333333,5.0,26.33333333333333
13,91.0,60,22.1,0.2131147540983606,3.9,25.0
24,80.0,61,32.0,0.3870967741935484,16.0,35.666666666666664
23,81.0,62,31.1,0.365079365079365,14.9,34.333333333333336
22,82.0,63,30.200000000000003,0.34375,13.8,33.0
21,83.0,64,29.3,0.3230769230769231,12.7,31.666666666666668
20,84.0,65,28.4,0.303030303030303,11.6,30.33333333333333
19,85.0,66,27.5,0.2835820895522388,10.5,29.0
18,86.0,67,26.6,0.2647058823529412,9.4,27.666666666666668
17,87.0,68,25.700000000000003,0.2463768115942029,8.3,26.33333333333333
16,88.0,69,24.8,0.2285714285714285,7.199999999999999,25.0
15,89.0,70,23.9,0.2112676056338028,6.1,23.666666666666668
14,90.0,71,23.0,0.1944444444444444,5.0,22.33333333333333
13,91.0,72,22.1,0.1780821917808219,3.9,21.0
24,80.0,73,32.0,0.3243243243243243,16.0,31.666666666666668
23,81.0,74,31.1,0.3066666666666666,14.9,30.33333333333333
22,82.0,75,30.200000000000003,0.2894736842105263,13.8,29.0
21,83.0,76,29.3,0.2727272727272727,12.7,27.666666666666668
20,84.0,77,28.4,0.2564102564102564,11.6,26.33333333333333
19,85.0,78,27.5,0.240506329113924,10.5,25.0
18,86.0,79,26.6,0.225,9.4,23.666666666666668
24,80.0,1,32.0,12.0,16.0,55.66666666666666
23,81.0,2,31.1,7.666666666666667,14.9,54.333333333333336
22,82.0,3,30.200000000000003,5.5,13.8,53.0
21,83.0,4,29.3,4.2,12.7,51.66666666666666
20,84.0,5,28.4,3.333333333333333,11.6,50.333333333333336
19,85.0,6,27.5,2.7142857142857144,10.5,49.0
18,86.0,7,26.6,2.25,9.4,47.66666666666666
17,87.0,8,25.700000000000003,1.8888888888888888,8.3,46.333333333333336
16,88.0,9,24.8,1.6,7.199999999999999,45.0
15,89.0,10,23.9,1.3636363636363635,6.1,43.66666666666666
14,90.0,11,23.0,1.1666666666666667,5.0,42.333333333333336
13,91.0,12,22.1,1.0,3.9,41.0
24,80.0,13,32.0,1.7142857142857142,16.0,51.66666666666666
23,81.0,14,31.1,1.5333333333333334,14.9,50.333333333333336
22,82.0,15,30.200000000000003,1.375,13.8,49.0
21,83.0,16,29.3,1.2352941176470589,12.7,47.66666666666666
20,84.0,17,28.4,1.1111111111111112,11.6,46.333333333333336
19,85.0,18,27.5,1.0,10.5,45.0
18,86.0,19,26.6,0.9,9.4,43.66666666666666
17,87.0,20,25.700000000000003,0.8095238095238095,8.3,42.333333333333336
16,88.0,21,24.8,0.7272727272727273,7.199999999999999,41.0
15,89.0,22,23.9,0.6521739130434783,6.1,39.66666666666666
14,90.0,23,23.0,0.5833333333333334,5.0,38.333333333333336
13,91.0,24,22.1,0.52,3.9,37.0
24,80.0,25,32.0,0.9230769230769232,16.0,47.66666666666666
23,81.0,26,31.1,0.8518518518518519,14.9,46.333333333333336
22,82.0,27,30.200000000000003,0.7857142857142857,13.8,45.0
21,83.0,28,29.3,0.7241379310344828,12.7,43.66666666666666
20,84.0,29,28.4,0.6666666666666666,11.6,42.333333333333336
19,85.0,30,27.5,0.6129032258064516,10.5,41.0
18,86.0,31,26.6,0.5625,9.4,39.66666666666666
17,87.0,32,25.700000000000003,0.5151515151515151,8.3,38.333333333333336
16,88.0,33,24.8,0.4705882352941176,7.199999999999999,37.0
15,89.0,34,23.9,0.4285714285714285,6.1,35.666666666666664
14,90.0,35,23.0,0.3888888888888889,5.0,34.333333333333336
13,91.0,36,22.1,0.3513513513513513,3.9,33.0
24,80.0,37,32.0,0.631578947368421,16.0,43.66666666666666
23,81.0,38,31.1,0.5897435897435898,14.9,42.333333333333336
22,82.0,39,30.200000000000003,0.55,13.8,41.0
21,83.0,40,29.3,0.5121951219512195,12.7,39.66666666666666
20,84.0,41,28.4,0.4761904761904761,11.6,38.333333333333336
19,85.0,42,27.5,0.4418604651162791,10.5,37.0
18,86.0,43,26.6,0.4090909090909091,9.4,35.666666666666664
17,87.0,44,25.700000000000003,0.3777777777777777,8.3,34.333333333333336
16,88.0,45,24.8,0.3478260869565217,7.199999999999999,33.0
15,89.0,46,23.9,0.3191489361702128,6.1,31.666666666666668
14,90.0,47,23.0,0.2916666666666667,5.0,30.33333333333333
13,91.0,48,22.1,0.2653061224489796,3.9,29.0
24,80.0,49,32.0,0.48,16.0,39.66666666666666
23,81.0,50,31.1,0.4509803921568627,14.9,38.333333333333336
22,82.0,51,30.200000000000003,0.4230769230769231,13.8,37.0
21,83.0,52,29.3,0.3962264150943396,12.7,35.666666666666664
20,84.0,53,28.4,0.3703703703703703,11.6,34.333333333333336
19,85.0,54,27.5,0.3454545454545454,10.5,33.0
18,86.0,55,26.6,0.3214285714285714,9.4,31.666666666666668
17,87.0,56,25.700000000000003,0.2982456140350877,8.3,30.33333333333333
16,88.0,57,24.8,0.2758620689655172,7.199999999999999,29.0
15,89.0,58,23.9,0.2542372881355932,6.1,27.666666666666668
14,90.0,59,23.0,0.2333333333333333,5.0,26.33333333333333
13,91.0,60,22.1,0.2131147540983606,3.9,25.0
24,80.0,61,32.0,0.3870967741935484,16.0,35.666666666666664
23,81.0,62,31.1,0.365079365079365,14.9,34.333333333333336
22,82.0,63,30.200000000000003,0.34375,13.8,33.0
21,83.0,64,29.3,0.3230769230769231,12.7,31.666666666666668
20,84.0,65,28.4,0.303030303030303,11.6,30.33333333333333
19,85.0,66,27.5,0.2835820895522388,10.5,29.0
18,86.0,67,26.6,0.2647058823529412,9.4,27.666666666666668
17,87.0,68,25.700000000000003,0.2463768115942029,8.3,26.33333333333333
16,88.0,69,24.8,0.2285714285714285,7.199999999999999,25.0
24,80.0,1,32.0,12.0,16.0,55.66666666666666
23,81.0,2,31.1,7.666666666666667,14.9,54.333333333333336
22,82.0,3,30.200000000000003,5.5,13.8,53.0
21,83.0,4,29.3,4.2,12.7,51.66666666666666
20,84.0,5,28.4,3.333333333333333,11.6,50.333333333333336
19,85.0,6,27.5,2.7142857142857144,10.5,49.0
18,86.0,7,26.6,2.25,9.4,47.66666666666666
17,87.0,8,25.700000000000003,1.8888888888888888,8.3,46.333333333333336
16,88.0,9,24.8,1.6,7.199999999999999,45.0
15,89.0,10,23.9,1.3636363636363635,6.1,43.66666666666666
14,90.0,11,23.0,1.1666666666666667,5.0,42.333333333333336
13,91.0,12,22.1,1.0,3.9,41.0
24,80.0,13,32.0,1.7142857142857142,16.0,51.66666666666666
23,81.0,14,31.1,1.5333333333333334,14.9,50.333333333333336
22,82.0,15,30.200000000000003,1.375,13.8,49.0
21,83.0,16,29.3,1.2352941176470589,12.7,47.66666666666666
20,84.0,17,28.4,1.1111111111111112,11.6,46.333333333333336
19,85.0,18,27.5,1.0,10.5,45.0
18,86.0,19,26.6,0.9,9.4,43.66666666666666
17,87.0,20,25.700000000000003,0.8095238095238095,8.3,42.333333333333336
16,88.0,21,24.8,0.7272727272727273,7.199999999999999,41.0
15,89.0,22,23.9,0.6521739130434783,6.1,39.66666666666666
14,90.0,23,23.0,0.5833333333333334,5.0,38.333333333333336
13,91.0,24,22.1,0.52,3.9,37.0
24,80.0,25,32.0,0.9230769230769232,16.0,47.66666666666666
23,81.0,26,31.1,0.8518518518518519,14.9,46.333333333333336
22,82.0,27,30.200000000000003,0.7857142857142857,13.8,45.0
21,83.0,28,29.3,0.7241379310344828,12.7,43.66666666666666
20,84.0,29,28.4,0.6666666666666666,11.6,42.333333333333336
19,85.0,30,27.5,0.6129032258064516,10.5,41.0
18,86.0,31,26.6,0.5625,9.4,39.66666666666666
17,87.0,32,25.700000000000003,0.5151515151515151,8.3,38.333333333333336
16,88.0,33,24.8,0.4705882352941176,7.199999999999999,37.0
15,89.0,34,23.9,0.4285714285714285,6.1,35.666666666666664
14,90.0,35,23.0,0.3888888888888889,5.0,34.333333333333336
13,91.0,36,22.1,0.3513513513513513,3.9,33.0
24,80.0,37,32.0,0.631578947368421,16.0,43.66666666666666
23,81.0,38,31.1,0.5897435897435898,14.9,42.333333333333336
22,82.0,39,30.200000000000003,0.55,13.8,41.0
21,83.0,40,29.3,0.5121951219512195,12.7,39.66666666666666
20,84.0,41,28.4,0.4761904761904761,11.6,38.333333333333336
19,85.0,42,27.5,0.4418604651162791,10.5,37.0
18,86.0,43,26.6,0.4090909090909091,9.4,35.666666666666664
17,87.0,44,25.700000000000003,0.3777777777777777,8.3,34.333333333333336
16,88.0,45,24.8,0.3478260869565217,7.199999999999999,33.0
15,89.0,46,23.9,0.3191489361702128,6.1,31.666666666666668
14,90.0,47,23.0,0.2916666666666667,5.0,30.33333333333333
13,91.0,48,22.1,0.2653061224489796,3.9,29.0
24,80.0,49,32.0,0.48,16.0,39.66666666666666
23,81.0,50,31.1,0.4509803921568627,14.9,38.333333333333336
22,82.0,51,30.200000000000003,0.4230769230769231,13.8,37.0
21,83.0,52,29.3,0.3962264150943396,12.7,35.666666666666664
20,84.0,53,28.4,0.3703703703703703,11.6,34.333333333333336
19,85.0,54,27.5,0.3454545454545454,10.5,33.0
18,86.0,55,26.6,0.3214285714285714,9.4,31.666666666666668
17,87.0,56,25.700000000000003,0.2982456140350877,8.3,30.33333333333333
16,88.0,57,24.8,0.2758620689655172,7.199999999999999,29.0
15,89.0,58,23.9,0.2542372881355932,6.1,27.666666666666668
14,90.0,59,23.0,0.2333333333333333,5.0,26.33333333333333
24,80.0,1,32.0,12.0,16.0,55.66666666666666
23,81.0,2,31.1,7.666666666666667,14.9,54.333333333333336
22,82.0,3,30.200000000000003,5.5,13.8,53.0
21,83.0,4,29.3,4.2,12.7,51.66666666666666
20,84.0,5,28.4,3.333333333333333,11.6,50.333333333333336
19,85.0,6,27.5,2.7142857142857144,10.5,49.0
18,86.0,7,26.6,2.25,9.4,47.66666666666666
17,87.0,8,25.700000000000003,1.8888888888888888,8.3,46.333333333333336
16,88.0,9,24.8,1.6,7.199999999999999,45.0
15,89.0,10,23.9,1.3636363636363635,6.1,43.66666666666666
14,90.0,11,23.0,1.1666666666666667,5.0,42.333333333333336
13,91.0,12,22.1,1.0,3.9,41.0
24,80.0,13,32.0,1.7142857142857142,16.0,51.66666666666666
23,81.0,14,31.1,1.5333333333333334,14.9,50.333333333333336
22,82.0,15,30.200000000000003,1.375,13.8,49.0
21,83.0,16,29.3,1.2352941176470589,12.7,47.66666666666666
20,84.0,17,28.4,1.1111111111111112,11.6,46.333333333333336
19,85.0,18,27.5,1.0,10.5,45.0
18,86.0,19,26.6,0.9,9.4,43.66666666666666
17,87.0,20,25.700000000000003,0.8095238095238095,8.3,42.333333333333336
16,88.0,21,24.8,0.7272727272727273,7.199999999999999,41.0
15,89.0,22,23.9,0.6521739130434783,6.1,39.66666666666666
14,90.0,23,23.0,0.5833333333333334,5.0,38.333333333333336
13,91.0,24,22.1,0.52,3.9,37.0
24,80.0,25,32.0,0.9230769230769232,16.0,47.66666666666666
23,81.0,26,31.1,0.8518518518518519,14.9,46.333333333333336
22,82.0,27,30.200000000000003,0.7857142857142857,13.8,45.0
21,83.0,28,29.3,0.7241379310344828,12.7,43.66666666666666
20,84.0,29,28.4,0.6666666666666666,11.6,42.333333333333336
19,85.0,30,27.5,0.6129032258064516,10.5,41.0
18,86.0,31,26.6,0.5625,9.4,39.66666666666666
17,87.0,32,25.700000000000003,0.5151515151515151,8.3,38.333333333333336
16,88.0,33,24.8,0.4705882352941176,7.199999999999999,37.0
15,89.0,34,23.9,0.4285714285714285,6.1,35.666666666666664
14,90.0,35,23.0,0.3888888888888889,5.0,34.333333333333336
13,91.0,36,22.1,0.3513513513513513,3.9,33.0
24,80.0,37,32.0,0.631578947368421,16.0,43.66666666666666
23,81.0,38,31.1,0.5897435897435898,14.9,42.333333333333336
22,82.0,39,30.200000000000003,0.55,13.8,41.0
21,83.0,40,29.3,0.5121951219512195,12.7,39.66666666666666
20,84.0,41,28.4,0.4761904761904761,11.6,38.333333333333336
19,85.0,42,27.5,0.4418604651162791,10.5,37.0
18,86.0,43,26.6,0.4090909090909091,9.4,35.666666666666664
17,87.0,44,25.700000000000003,0.3777777777777777,8.3,34.333333333333336
16,88.0,45,24.8,0.3478260869565217,7.199999999999999,33.0
15,89.0,46,23.9,0.3191489361702128,6.1,31.666666666666668
14,90.0,47,23.0,0.2916666666666667,5.0,30.33333333333333
13,91.0,48,22.1,0.2653061224489796,3.9,29.0
24,80.0,49,32.0,0.48,16.0,39.66666666666666
24,80.0,50,32.0,0.4705882352941176,16.0,39.333333333333336
23,81.0,51,31.1,0.4423076923076923,14.9,38.0
22,82.0,52,30.200000000000003,0.4150943396226415,13.8,36.66666666666666
21,83.0,53,29.3,0.3888888888888889,12.7,35.333333333333336
20,84.0,54,28.4,0.3636363636363636,11.6,34.0
19,85.0,55,27.5,0.3392857142857143,10.5,32.666666666666664
18,86.0,56,26.6,0.3157894736842105,9.4,31.33333333333333
17,87.0,57,25.700000000000003,0.293103448275862,8.3,30.0
16,88.0,58,24.8,0.2711864406779661,7.199999999999999,28.666666666666668
15,89.0,59,23.9,0.25,6.1,27.33333333333333
14,90.0,1,23.0,7.0,5.0,45.66666666666666
13,91.0,2,22.1,4.333333333333333,3.9,44.333333333333336
24,80.0,3,32.0,6.0,16.0,55.0
23,81.0,4,31.1,4.6,14.9,53.66666666666666
22,82.0,5,30.200000000000003,3.6666666666666665,13.8,52.333333333333336
21,83.0,6,29.3,3.0,12.7,51.0
20,84.0,7,28.4,2.5,11.6,49.66666666666666
19,85.0,8,27.5,2.111111111111111,10.5,48.333333333333336
18,86.0,9,26.6,1.8,9.4,47.0
17,87.0,10,25.700000000000003,1.5454545454545454,8.3,45.66666666666666
16,88.0,11,24.8,1.3333333333333333,7.199999999999999,44.333333333333336
15,89.0,12,23.9,1.1538461538461535,6.1,43.0
14,90.0,13,23.0,1.0,5.0,41.66666666666666
13,91.0,14,22.1,0.8666666666666667,3.9,40.333333333333336
24,80.0,15,32.0,1.5,16.0,51.0
23,81.0,16,31.1,1.3529411764705883,14.9,49.66666666666666
22,82.0,17,30.200000000000003,1.2222222222222223,13.8,48.333333333333336
21,83.0,18,29.3,1.105263157894737,12.7,47.0
20,84.0,19,28.4,1.0,11.6,45.66666666666666
19,85.0,20,27.5,0.9047619047619048,10.5,44.333333333333336
18,86.0,21,26.6,0.8181818181818182,9.4,43.0
17,87.0,22,25.700000000000003,0.7391304347826086,8.3,41.66666666666666
16,88.0,23,24.8,0.6666666666666666,7.199999999999999,40.333333333333336
15,89.0,24,23.9,0.6,6.1,39.0
14,90.0,25,23.0,0.5384615384615384,5.0,37.66666666666666
13,91.0,26,22.1,0.4814814814814814,3.9,36.333333333333336
24,80.0,27,32.0,0.8571428571428571,16.0,47.0
23,81.0,28,31.1,0.7931034482758621,14.9,45.66666666666666
22,82.0,29,30.200000000000003,0.7333333333333333,13.8,44.333333333333336
21,83.0,30,29.3,0.6774193548387096,12.7,43.0
20,84.0,31,28.4,0.625,11.6,41.66666666666666
19,85.0,32,27.5,0.5757575757575758,10.5,40.333333333333336
18,86.0,33,26.6,0.5294117647058824,9.4,39.0
17,87.0,34,25.700000000000003,0.4857142857142857,8.3,37.66666666666666
16,88.0,35,24.8,0.4444444444444444,7.199999999999999,36.333333333333336
15,89.0,36,23.9,0.4054054054054054,6.1,35.0
14,90.0,37,23.0,0.3684210526315789,5.0,33.666666666666664
13,91.0,38,22.1,0.3333333333333333,3.9,32.333333333333336
24,80.0,39,32.0,0.6,16.0,43.0
23,81.0,40,31.1,0.5609756097560976,14.9,41.66666666666666
22,82.0,41,30.200000000000003,0.5238095238095238,13.8,40.333333333333336
21,83.0,42,29.3,0.4883720930232558,12.7,39.0
20,84.0,43,28.4,0.4545454545454545,11.6,37.66666666666666
19,85.0,44,27.5,0.4222222222222222,10.5,36.333333333333336
18,86.0,45,26.6,0.391304347826087,9.4,35.0
17,87.0,46,25.700000000000003,0.3617021276595745,8.3,33.666666666666664
16,88.0,47,24.8,0.3333333333333333,7.199999999999999,32.333333333333336
15,89.0,48,23.9,0.3061224489795918,6.1,31.0
14,90.0,49,23.0,0.28,5.0,29.666666666666668
13,91.0,50,22.1,0.2549019607843137,3.9,28.33333333333333
24,80.0,51,32.0,0.4615384615384615,16.0,39.0
23,81.0,52,31.1,0.4339622641509434,14.9,37.66666666666666
22,82.0,53,30.200000000000003,0.4074074074074074,13.8,36.333333333333336
21,83.0,54,29.3,0.3818181818181818,12.7,35.0
20,84.0,55,28.4,0.3571428571428571,11.6,33.666666666666664
19,85.0,56,27.5,0.3333333333333333,10.5,32.333333333333336
18,86.0,57,26.6,0.3103448275862069,9.4,31.0
17,87.0,58,25.700000000000003,0.288135593220339,8.3,29.666666666666668
16,88.0,59,24.8,0.2666666666666666,7.199999999999999,28.33333333333333
15,89.0,60,23.9,0.2459016393442623,6.1,27.0
14,90.0,61,23.0,0.2258064516129032,5.0,25.666666666666668
13,91.0,62,22.1,0.2063492063492063,3.9,24.33333333333333
24,80.0,63,32.0,0.375,16.0,35.0
23,81.0,64,31.1,0.3538461538461538,14.9,33.666666666666664
22,82.0,65,30.200000000000003,0.3333333333333333,13.8,32.333333333333336
21,83.0,66,29.3,0.3134328358208955,12.7,31.0
20,84.0,67,28.4,0.2941176470588235,11.6,29.666666666666668
19,85.0,68,27.5,0.2753623188405797,10.5,28.33333333333333
18,86.0,69,26.6,0.2571428571428571,9.4,27.0
24,80.0,70,32.0,0.3380281690140845,16.0,32.666666666666664
23,81.0,71,31.1,0.3194444444444444,14.9,31.33333333333333
22,82.0,72,30.200000000000003,0.3013698630136986,13.8,30.0
21,83.0,73,29.3,0.2837837837837837,12.7,28.666666666666668
20,84.0,74,28.4,0.2666666666666666,11.6,27.33333333333333
19,85.0,75,27.5,0.25,10.5,26.0
18,86.0,76,26.6,0.2337662337662337,9.4,24.666666666666668
17,87.0,77,25.700000000000003,0.2179487179487179,8.3,23.33333333333333
16,88.0,78,24.8,0.2025316455696202,7.199999999999999,22.0
15,89.0,79,23.9,0.1875,6.1,20.666666666666668
14,90.0,1,23.0,7.0,5.0,45.66666666666666
13,91.0,2,22.1,4.333333333333333,3.9,44.333333333333336
24,80.0,3,32.0,6.0,16.0,55.0
23,81.0,4,31.1,4.6,14.9,53.66666666666666
22,82.0,5,30.200000000000003,3.6666666666666665,13.8,52.333333333333336
21,83.0,6,29.3,3.0,12.7,51.0
20,84.0,7,28.4,2.5,11.6,49.66666666666666
19,85.0,8,27.5,2.111111111111111,10.5,48.333333333333336
18,86.0,9,26.6,1.8,9.4,47.0
17,87.0,10,25.700000000000003,1.5454545454545454,8.3,45.66666666666666
16,88.0,11,24.8,1.3333333333333333,7.199999999999999,44.333333333333336
15,89.0,12,23.9,1.1538461538461535,6.1,43.0
14,90.0,13,23.0,1.0,5.0,41.66666666666666
13,91.0,14,22.1,0.8666666666666667,3.9,40.333333333333336
24,80.0,15,32.0,1.5,16.0,51.0
23,81.0,16,31.1,1.3529411764705883,14.9,49.66666666666666
22,82.0,17,30.200000000000003,1.2222222222222223,13.8,48.333333333333336
21,83.0,18,29.3,1.105263157894737,12.7,47.0
20,84.0,19,28.4,1.0,11.6,45.66666666666666
19,85.0,20,27.5,0.9047619047619048,10.5,44.333333333333336
18,86.0,21,26.6,0.8181818181818182,9.4,43.0
17,87.0,22,25.700000000000003,0.7391304347826086,8.3,41.66666666666666
16,88.0,23,24.8,0.6666666666666666,7.199999999999999,40.333333333333336
15,89.0,24,23.9,0.6,6.1,39.0
14,90.0,25,23.0,0.5384615384615384,5.0,37.66666666666666
13,91.0,26,22.1,0.4814814814814814,3.9,36.333333333333336
24,80.0,27,32.0,0.8571428571428571,16.0,47.0
23,81.0,28,31.1,0.7931034482758621,14.9,45.66666666666666
22,82.0,29,30.200000000000003,0.7333333333333333,13.8,44.333333333333336
21,83.0,30,29.3,0.6774193548387096,12.7,43.0
20,84.0,31,28.4,0.625,11.6,41.66666666666666
19,85.0,32,27.5,0.5757575757575758,10.5,40.333333333333336
18,86.0,33,26.6,0.5294117647058824,9.4,39.0
17,87.0,34,25.700000000000003,0.4857142857142857,8.3,37.66666666666666
16,88.0,35,24.8,0.4444444444444444,7.199999999999999,36.333333333333336
15,89.0,36,23.9,0.4054054054054054,6.1,35.0
14,90.0,37,23.0,0.3684210526315789,5.0,33.666666666666664
13,91.0,38,22.1,0.3333333333333333,3.9,32.333333333333336
24,80.0,39,32.0,0.6,16.0,43.0
23,81.0,40,31.1,0.5609756097560976,14.9,41.66666666666666
22,82.0,41,30.200000000000003,0.5238095238095238,13.8,40.333333333333336
21,83.0,42,29.3,0.4883720930232558,12.7,39.0
20,84.0,43,28.4,0.4545454545454545,11.6,37.66666666666666
19,85.0,44,27.5,0.4222222222222222,10.5,36.333333333333336
18,86.0,45,26.6,0.391304347826087,9.4,35.0
17,87.0,46,25.700000000000003,0.3617021276595745,8.3,33.666666666666664
16,88.0,47,24.8,0.3333333333333333,7.199999999999999,32.333333333333336
15,89.0,48,23.9,0.3061224489795918,6.1,31.0
14,90.0,49,23.0,0.28,5.0,29.666666666666668
13,91.0,50,22.1,0.2549019607843137,3.9,28.33333333333333
24,80.0,51,32.0,0.4615384615384615,16.0,39.0
23,81.0,52,31.1,0.4339622641509434,14.9,37.66666666666666
22,82.0,53,30.200000000000003,0.4074074074074074,13.8,36.333333333333336
21,83.0,54,29.3,0.3818181818181818,12.7,35.0
20,84.0,55,28.4,0.3571428571428571,11.6,33.666666666666664
19,85.0,56,27.5,0.3333333333333333,10.5,32.333333333333336
18,86.0,57,26.6,0.3103448275862069,9.4,31.0
17,87.0,58,25.700000000000003,0.288135593220339,8.3,29.666666666666668
16,88.0,59,24.8,0.2666666666666666,7.199999999999999,28.33333333333333
24,80.0,60,32.0,0.3934426229508196,16.0,36.0
23,81.0,61,31.1,0.3709677419354839,14.9,34.666666666666664
22,82.0,62,30.200000000000003,0.3492063492063492,13.8,33.333333333333336
21,83.0,63,29.3,0.328125,12.7,32.0
20,84.0,64,28.4,0.3076923076923077,11.6,30.666666666666668
19,85.0,65,27.5,0.2878787878787879,10.5,29.33333333333333
18,86.0,66,26.6,0.2686567164179104,9.4,28.0
17,87.0,67,25.700000000000003,0.25,8.3,26.666666666666668
16,88.0,68,24.8,0.2318840579710145,7.199999999999999,25.33333333333333
15,89.0,69,23.9,0.2142857142857142,6.1,24.0
14,90.0,1,23.0,7.0,5.0,45.66666666666666
13,91.0,2,22.1,4.333333333333333,3.9,44.333333333333336
24,80.0,3,32.0,6.0,16.0,55.0
23,81.0,4,31.1,4.6,14.9,53.66666666666666
22,82.0,5,30.200000000000003,3.6666666666666665,13.8,52.333333333333336
21,83.0,6,29.3,3.0,12.7,51.0
20,84.0,7,28.4,2.5,11.6,49.66666666666666
19,85.0,8,27.5,2.111111111111111,10.5,48.333333333333336
18,86.0,9,26.6,1.8,9.4,47.0
17,87.0,10,25.700000000000003,1.5454545454545454,8.3,45.66666666666666
16,88.0,11,24.8,1.3333333333333333,7.199999999999999,44.333333333333336
15,89.0,12,23.9,1.1538461538461535,6.1,43.0
14,90.0,13,23.0,1.0,5.0,41.66666666666666
13,91.0,14,22.1,0.8666666666666667,3.9,40.333333333333336
24,80.0,15,32.0,1.5,16.0,51.0
23,81.0,16,31.1,1.3529411764705883,14.9,49.66666666666666
22,82.0,17,30.200000000000003,1.2222222222222223,13.8,48.333333333333336
21,83.0,18,29.3,1.105263157894737,12.7,47.0
20,84.0,19,28.4,1.0,11.6,45.66666666666666
19,85.0,20,27.5,0.9047619047619048,10.5,44.333333333333336
18,86.0,21,26.6,0.8181818181818182,9.4,43.0
17,87.0,22,25.700000000000003,0.7391304347826086,8.3,41.66666666666666
16,88.0,23,24.8,0.6666666666666666,7.199999999999999,40.333333333333336
15,89.0,24,23.9,0.6,6.1,39.0
14,90.0,25,23.0,0.5384615384615384,5.0,37.66666666666666
13,91.0,26,22.1,0.4814814814814814,3.9,36.333333333333336
24,80.0,27,32.0,0.8571428571428571,16.0,47.0
23,81.0,28,31.1,0.7931034482758621,14.9,45.66666666666666
22,82.0,29,30.200000000000003,0.7333333333333333,13.8,44.333333333333336
21,83.0,30,29.3,0.6774193548387096,12.7,43.0
20,84.0,31,28.4,0.625,11.6,41.66666666666666
19,85.0,32,27.5,0.5757575757575758,10.5,40.333333333333336
18,86.0,33,26.6,0.5294117647058824,9.4,39.0
17,87.0,34,25.700000000000003,0.4857142857142857,8.3,37.66666666666666
16,88.0,35,24.8,0.4444444444444444,7.199999999999999,36.333333333333336
15,89.0,36,23.9,0.4054054054054054,6.1,35.0
14,90.0,37,23.0,0.3684210526315789,5.0,33.666666666666664
13,91.0,38,22.1,0.3333333333333333,3.9,32.333333333333336
24,80.0,39,32.0,0.6,16.0,43.0
23,81.0,40,31.1,0.5609756097560976,14.9,41.66666666666666
22,82.0,41,30.200000000000003,0.5238095238095238,13.8,40.333333333333336
21,83.0,42,29.3,0.4883720930232558,12.7,39.0
20,84.0,43,28.4,0.4545454545454545,11.6,37.66666666666666
19,85.0,44,27.5,0.4222222222222222,10.5,36.333333333333336
18,86.0,45,26.6,0.391304347826087,9.4,35.0
17,87.0,46,25.700000000000003,0.3617021276595745,8.3,33.666666666666664
16,88.0,47,24.8,0.3333333333333333,7.199999999999999,32.333333333333336
15,89.0,48,23.9,0.3061224489795918,6.1,31.0
14,90.0,49,23.0,0.28,5.0,29.666666666666668
24,80.0,50,32.0,0.4705882352941176,16.0,39.333333333333336
23,81.0,51,31.1,0.4423076923076923,14.9,38.0
22,82.0,52,30.200000000000003,0.4150943396226415,13.8,36.66666666666666
21,83.0,53,29.3,0.3888888888888889,12.7,35.333333333333336
20,84.0,54,28.4,0.3636363636363636,11.6,34.0
19,85.0,55,27.5,0.3392857142857143,10.5,32.666666666666664
18,86.0,56,26.6,0.3157894736842105,9.4,31.33333333333333
17,87.0,57,25.700000000000003,0.293103448275862,8.3,30.0
16,88.0,58,24.8,0.2711864406779661,7.199999999999999,28.666666666666668
15,89.0,59,23.9,0.25,6.1,27.33333333333333
14,90.0,1,23.0,7.0,5.0,45.66666666666666
13,91.0,2,22.1,4.333333333333333,3.9,44.333333333333336
24,80.0,3,32.0,6.0,16.0,55.0
23,81.0,4,31.1,4.6,14.9,53.66666666666666
22,82.0,5,30.200000000000003,3.6666666666666665,13.8,52.333333333333336
21,83.0,6,29.3,3.0,12.7,51.0
20,84.0,7,28.4,2.5,11.6,49.66666666666666
19,85.0,8,27.5,2.111111111111111,10.5,48.333333333333336
18,86.0,9,26.6,1.8,9.4,47.0
17,87.0,10,25.700000000000003,1.5454545454545454,8.3,45.66666666666666
16,88.0,11,24.8,1.3333333333333333,7.199999999999999,44.333333333333336
15,89.0,12,23.9,1.1538461538461535,6.1,43.0
14,90.0,13,23.0,1.0,5.0,41.66666666666666
13,91.0,14,22.1,0.8666666666666667,3.9,40.333333333333336
24,80.0,15,32.0,1.5,16.0,51.0
23,81.0,16,31.1,1.3529411764705883,14.9,49.66666666666666
22,82.0,17,30.200000000000003,1.2222222222222223,13.8,48.333333333333336
21,83.0,18,29.3,1.105263157894737,12.7,47.0
20,84.0,19,28.4,1.0,11.6,45.66666666666666
19,85.0,20,27.5,0.9047619047619048,10.5,44.333333333333336
18,86.0,21,26.6,0.8181818181818182,9.4,43.0
17,87.0,22,25.700000000000003,0.7391304347826086,8.3,41.66666666666666
16,88.0,23,24.8,0.6666666666666666,7.199999999999999,40.333333333333336
15,89.0,24,23.9,0.6,6.1,39.0
14,90.0,25,23.0,0.5384615384615384,5.0,37.66666666666666
13,91.0,26,22.1,0.4814814814814814,3.9,36.333333333333336
24,80.0,27,32.0,0.8571428571428571,16.0,47.0
23,81.0,28,31.1,0.7931034482758621,14.9,45.66666666666666
22,82.0,29,30.200000000000003,0.7333333333333333,13.8,44.333333333333336
21,83.0,30,29.3,0.6774193548387096,12.7,43.0
20,84.0,31,28.4,0.625,11.6,41.66666666666666
19,85.0,32,27.5,0.5757575757575758,10.5,40.333333333333336
18,86.0,33,26.6,0.5294117647058824,9.4,39.0
17,87.0,34,25.700000000000003,0.4857142857142857,8.3,37.66666666666666
16,88.0,35,24.8,0.4444444444444444,7.199999999999999,36.333333333333336
15,89.0,36,23.9,0.4054054054054054,6.1,35.0
14,90.0,37,23.0,0.3684210526315789,5.0,33.666666666666664
13,91.0,38,22.1,0.3333333333333333,3.9,32.333333333333336
24,80.0,39,32.0,0.6,16.0,43.0
23,81.0,40,31.1,0.5609756097560976,14.9,41.66666666666666
22,82.0,41,30.200000000000003,0.5238095238095238,13.8,40.333333333333336
21,83.0,42,29.3,0.4883720930232558,12.7,39.0
20,84.0,43,28.4,0.4545454545454545,11.6,37.66666666666666
19,85.0,44,27.5,0.4222222222222222,10.5,36.333333333333336
18,86.0,45,26.6,0.391304347826087,9.4,35.0
17,87.0,46,25.700000000000003,0.3617021276595745,8.3,33.666666666666664
16,88.0,47,24.8,0.3333333333333333,7.199999999999999,32.333333333333336
15,89.0,48,23.9,0.3061224489795918,6.1,31.0
14,90.0,49,23.0,0.28,5.0,29.666666666666668
24,80.0,50,32.0,0.4705882352941176,16.0,39.333333333333336
23,81.0,51,31.1,0.4423076923076923,14.9,38.0
22,82.0,52,30.200000000000003,0.4150943396226415,13.8,36.66666666666666
21,83.0,53,29.3,0.3888888888888889,12.7,35.333333333333336
20,84.0,54,28.4,0.3636363636363636,11.6,34.0
19,85.0,55,27.5,0.3392857142857143,10.5,32.666666666666664
18,86.0,56,26.6,0.3157894736842105,9.4,31.33333333333333
17,87.0,57,25.700000000000003,0.293103448275862,8.3,30.0
16,88.0,58,24.8,0.2711864406779661,7.199999999999999,28.666666666666668
15,89.0,59,23.9,0.25,6.1,27.33333333333333
24,80.0,60,32.0,0.3934426229508196,16.0,36.0
23,81.0,61,31.1,0.3709677419354839,14.9,34.666666666666664
22,82.0,62,30.200000000000003,0.3492063492063492,13.8,33.333333333333336
21,83.0,63,29.3,0.328125,12.7,32.0
20,84.0,64,28.4,0.3076923076923077,11.6,30.666666666666668
19,85.0,65,27.5,0.2878787878787879,10.5,29.33333333333333
18,86.0,66,26.6,0.2686567164179104,9.4,28.0
17,87.0,67,25.700000000000003,0.25,8.3,26.666666666666668
16,88.0,68,24.8,0.2318840579710145,7.199999999999999,25.33333333333333
15,89.0,69,23.9,0.2142857142857142,6.1,24.0
14,90.0,1,23.0,7.0,5.0,45.66666666666666
13,91.0,2,22.1,4.333333333333333,3.9,44.333333333333336
24,80.0,3,32.0,6.0,16.0,55.0
23,81.0,4,31.1,4.6,14.9,53.66666666666666
22,82.0,5,30.200000000000003,3.6666666666666665,13.8,52.333333333333336
21,83.0,6,29.3,3.0,12.7,51.0
20,84.0,7,28.4,2.5,11.6,49.66666666666666
19,85.0,8,27.5,2.111111111111111,10.5,48.333333333333336
18,86.0,9,26.6,1.8,9.4,47.0
17,87.0,10,25.700000000000003,1.5454545454545454,8.3,45.66666666666666
16,88.0,11,24.8,1.3333333333333333,7.199999999999999,44.333333333333336
15,89.0,12,23.9,1.1538461538461535,6.1,43.0
14,90.0,13,23.0,1.0,5.0,41.66666666666666
13,91.0,14,22.1,0.8666666666666667,3.9,40.333333333333336
24,80.0,15,32.0,1.5,16.0,51.0
23,81.0,16,31.1,1.3529411764705883,14.9,49.66666666666666
22,82.0,17,30.200000000000003,1.2222222222222223,13.8,48.333333333333336
21,83.0,18,29.3,1.105263157894737,12.7,47.0
20,84.0,19,28.4,1.0,11.6,45.66666666666666
19,85.0,20,27.5,0.9047619047619048,10.5,44.333333333333336
18,86.0,21,26.6,0.8181818181818182,9.4,43.0
17,87.0,22,25.700000000000003,0.7391304347826086,8.3,41.66666666666666
16,88.0,23,24.8,0.6666666666666666,7.199999999999999,40.333333333333336
15,89.0,24,23.9,0.6,6.1,39.0
14,90.0,25,23.0,0.5384615384615384,5.0,37.66666666666666
13,91.0,26,22.1,0.4814814814814814,3.9,36.333333333333336
24,80.0,27,32.0,0.8571428571428571,16.0,47.0
23,81.0,28,31.1,0.7931034482758621,14.9,45.66666666666666
22,82.0,29,30.200000000000003,0.7333333333333333,13.8,44.333333333333336
21,83.0,30,29.3,0.6774193548387096,12.7,43.0
20,84.0,31,28.4,0.625,11.6,41.66666666666666
19,85.0,32,27.5,0.5757575757575758,10.5,40.333333333333336
18,86.0,33,26.6,0.5294117647058824,9.4,39.0
17,87.0,34,25.700000000000003,0.4857142857142857,8.3,37.66666666666666
16,88.0,35,24.8,0.4444444444444444,7.199999999999999,36.333333333333336
15,89.0,36,23.9,0.4054054054054054,6.1,35.0
14,90.0,37,23.0,0.3684210526315789,5.0,33.666666666666664
13,91.0,38,22.1,0.3333333333333333,3.9,32.333333333333336
24,80.0,39,32.0,0.6,16.0,43.0
24,80.0,1,32.0,12.0,16.0,55.66666666666666
23,81.0,2,31.1,7.666666666666667,14.9,54.333333333333336
22,82.0,3,30.200000000000003,5.5,13.8,53.0
21,83.0,4,29.3,4.2,12.7,51.66666666666666
20,84.0,5,28.4,3.333333333333333,11.6,50.333333333333336
19,85.0,6,27.5,2.7142857142857144,10.5,49.0
18,86.0,7,26.6,2.25,9.4,47.66666666666666
17,87.0,8,25.700000000000003,1.8888888888888888,8.3,46.333333333333336
16,88.0,9,24.8,1.6,7.199999999999999,45.0
15,89.0,10,23.9,1.3636363636363635,6.1,43.66666666666666
14,90.0,11,23.0,1.1666666666666667,5.0,42.333333333333336
13,91.0,12,22.1,1.0,3.9,41.0
24,80.0,13,32.0,1.7142857142857142,16.0,51.66666666666666
23,81.0,14,31.1,1.5333333333333334,14.9,50.333333333333336
22,82.0,15,30.200000000000003,1.375,13.8,49.0
21,83.0,16,29.3,1.2352941176470589,12.7,47.66666666666666
20,84.0,17,28.4,1.1111111111111112,11.6,46.333333333333336
19,85.0,18,27.5,1.0,10.5,45.0
18,86.0,19,26.6,0.9,9.4,43.66666666666666
17,87.0,20,25.700000000000003,0.8095238095238095,8.3,42.333333333333336
16,88.0,21,24.8,0.7272727272727273,7.199999999999999,41.0
15,89.0,22,23.9,0.6521739130434783,6.1,39.66666666666666
14,90.0,23,23.0,0.5833333333333334,5.0,38.333333333333336
13,91.0,24,22.1,0.52,3.9,37.0
24,80.0,25,32.0,0.9230769230769232,16.0,47.66666666666666
23,81.0,26,31.1,0.8518518518518519,14.9,46.333333333333336
22,82.0,27,30.200000000000003,0.7857142857142857,13.8,45.0
21,83.0,28,29.3,0.7241379310344828,12.7,43.66666666666666
20,84.0,29,28.4,0.6666666666666666,11.6,42.333333333333336
19,85.0,30,27.5,0.6129032258064516,10.5,41.0
18,86.0,31,26.6,0.5625,9.4,39.66666666666666
17,87.0,32,25.700000000000003,0.5151515151515151,8.3,38.333333333333336
16,88.0,33,24.8,0.4705882352941176,7.199999999999999,37.0
15,89.0,34,23.9,0.4285714285714285,6.1,35.666666666666664
14,90.0,35,23.0,0.3888888888888889,5.0,34.333333333333336
13,91.0,36,22.1,0.3513513513513513,3.9,33.0
24,80.0,37,32.0,0.631578947368421,16.0,43.66666666666666
23,81.0,38,31.1,0.5897435897435898,14.9,42.333333333333336
22,82.0,39,30.200000000000003,0.55,13.8,41.0
21,83.0,40,29.3,0.5121951219512195,12.7,39.66666666666666
20,84.0,41,28.4,0.4761904761904761,11.6,38.333333333333336
19,85.0,42,27.5,0.4418604651162791,10.5,37.0
18,86.0,43,26.6,0.4090909090909091,9.4,35.666666666666664
17,87.0,44,25.700000000000003,0.3777777777777777,8.3,34.333333333333336
16,88.0,45,24.8,0.3478260869565217,7.199999999999999,33.0
15,89.0,46,23.9,0.3191489361702128,6.1,31.666666666666668
14,90.0,47,23.0,0.2916666666666667,5.0,30.33333333333333
13,91.0,48,22.1,0.2653061224489796,3.9,29.0
24,80.0,49,32.0,0.48,16.0,39.66666666666666
23,81.0,50,31.1,0.4509803921568627,14.9,38.333333333333336
22,82.0,51,30.200000000000003,0.4230769230769231,13.8,37.0
21,83.0,52,29.3,0.3962264150943396,12.7,35.666666666666664
20,84.0,53,28.4,0.3703703703703703,11.6,34.333333333333336
19,85.0,54,27.5,0.3454545454545454,10.5,33.0
18,86.0,55,26.6,0.3214285714285714,9.4,31.666666666666668
17,87.0,56,25.700000000000003,0.2982456140350877,8.3,30.33333333333333
16,88.0,57,24.8,0.2758620689655172,7.199999999999999,29.0
15,89.0,58,23.9,0.2542372881355932,6.1,27.666666666666668
14,90.0,59,23.0,0.2333333333333333,5.0,26.33333333333333
13,91.0,60,22.1,0.2131147540983606,3.9,25.0
24,80.0,61,32.0,0.3870967741935484,16.0,35.666666666666664
23,81.0,62,31.1,0.365079365079365,14.9,34.333333333333336
22,82.0,63,30.200000000000003,0.34375,13.8,33.0
21,83.0,64,29.3,0.3230769230769231,12.7,31.666666666666668
20,84.0,65,28.4,0.303030303030303,11.6,30.33333333333333
19,85.0,66,27.5,0.2835820895522388,10.5,29.0
18,86.0,67,26.6,0.2647058823529412,9.4,27.666666666666668
17,87.0,68,25.700000000000003,0.2463768115942029,8.3,26.33333333333333
16,88.0,69,24.8,0.2285714285714285,7.199999999999999,25.0
15,89.0,1,23.9,7.5,6.1,46.66666666666666
14,90.0,2,23.0,4.666666666666667,5.0,45.333333333333336
13,91.0,3,22.1,3.25,3.9,44.0
24,80.0,4,32.0,4.8,16.0,54.66666666666666
23,81.0,5,31.1,3.8333333333333335,14.9,53.333333333333336
22,82.0,6,30.200000000000003,3.142857142857143,13.8,52.0
21,83.0,7,29.3,2.625,12.7,50.66666666666666
20,84.0,8,28.4,2.2222222222222223,11.6,49.333333333333336
19,85.0,9,27.5,1.9,10.5,48.0
18,86.0,10,26.6,1.6363636363636365,9.4,46.66666666666666
24,80.0,11,32.0,2.0,16.0,52.333333333333336
23,81.0,12,31.1,1.7692307692307692,14.9,51.0
22,82.0,13,30.200000000000003,1.5714285714285714,13.8,49.66666666666666
21,83.0,14,29.3,1.4,12.7,48.333333333333336
20,84.0,15,28.4,1.25,11.6,47.0
19,85.0,16,27.5,1.1176470588235294,10.5,45.66666666666666
18,86.0,17,26.6,1.0,9.4,44.333333333333336
17,87.0,18,25.700000000000003,0.8947368421052632,8.3,43.0
16,88.0,19,24.8,0.8,7.199999999999999,41.66666666666666
15,89.0,20,23.9,0.7142857142857143,6.1,40.333333333333336
14,90.0,21,23.0,0.6363636363636364,5.0,39.0
13,91.0,22,22.1,0.5652173913043478,3.9,37.66666666666666
24,80.0,23,32.0,1.0,16.0,48.333333333333336
23,81.0,24,31.1,0.92,14.9,47.0
22,82.0,25,30.200000000000003,0.8461538461538461,13.8,45.66666666666666
21,83.0,26,29.3,0.7777777777777778,12.7,44.333333333333336
20,84.0,27,28.4,0.7142857142857143,11.6,43.0
19,85.0,28,27.5,0.6551724137931034,10.5,41.66666666666666
18,86.0,29,26.6,0.6,9.4,40.333333333333336
17,87.0,30,25.700000000000003,0.5483870967741935,8.3,39.0
16,88.0,31,24.8,0.5,7.199999999999999,37.66666666666666
15,89.0,32,23.9,0.4545454545454545,6.1,36.333333333333336
14,90.0,33,23.0,0.4117647058823529,5.0,35.0
13,91.0,34,22.1,0.3714285714285714,3.9,33.666666666666664
24,80.0,35,32.0,0.6666666666666666,16.0,44.333333333333336
23,81.0,36,31.1,0.6216216216216216,14.9,43.0
22,82.0,37,30.200000000000003,0.5789473684210527,13.8,41.66666666666666
21,83.0,38,29.3,0.5384615384615384,12.7,40.333333333333336
20,84.0,39,28.4,0.5,11.6,39.0
19,85.0,40,27.5,0.4634146341463415,10.5,37.66666666666666
18,86.0,41,26.6,0.4285714285714285,9.4,36.333333333333336
17,87.0,42,25.700000000000003,0.3953488372093023,8.3,35.0
16,88.0,43,24.8,0.3636363636363636,7.199999999999999,33.666666666666664
15,89.0,44,23.9,0.3333333333333333,6.1,32.333333333333336
14,90.0,45,23.0,0.3043478260869565,5.0,31.0
13,91.0,46,22.1,0.2765957446808511,3.9,29.666666666666668
24,80.0,47,32.0,0.5,16.0,40.333333333333336
23,81.0,48,31.1,0.4693877551020408,14.9,39.0
22,82.0,49,30.200000000000003,0.44,13.8,37.66666666666666
21,83.0,50,29.3,0.4117647058823529,12.7,36.333333333333336
20,84.0,51,28.4,0.3846153846153846,11.6,35.0
19,85.0,52,27.5,0.3584905660377358,10.5,33.666666666666664
18,86.0,53,26.6,0.3333333333333333,9.4,32.333333333333336
17,87.0,54,25.700000000000003,0.3090909090909091,8.3,31.0
16,88.0,55,24.8,0.2857142857142857,7.199999999999999,29.666666666666668
15,89.0,56,23.9,0.2631578947368421,6.1,28.33333333333333
14,90.0,57,23.0,0.2413793103448276,5.0,27.0
13,91.0,58,22.1,0.2203389830508474,3.9,25.666666666666668
24,80.0,59,32.0,0.4,16.0,36.333333333333336
23,81.0,1,31.1,11.5,14.9,54.66666666666666
22,82.0,2,30.200000000000003,7.333333333333333,13.8,53.333333333333336
21,83.0,3,29.3,5.25,12.7,52.0
20,84.0,4,28.4,4.0,11.6,50.66666666666666
19,85.0,5,27.5,3.1666666666666665,10.5,49.333333333333336
18,86.0,6,26.6,2.571428571428572,9.4,48.0
17,87.0,7,25.700000000000003,2.125,8.3,46.66666666666666
16,88.0,8,24.8,1.7777777777777777,7.199999999999999,45.333333333333336
15,89.0,9,23.9,1.5,6.1,44.0
14,90.0,10,23.0,1.2727272727272727,5.0,42.66666666666666
13,91.0,11,22.1,1.0833333333333333,3.9,41.333333333333336
24,80.0,12,32.0,1.8461538461538465,16.0,52.0
23,81.0,13,31.1,1.6428571428571428,14.9,50.66666666666666
22,82.0,14,30.200000000000003,1.4666666666666666,13.8,49.333333333333336
21,83.0,15,29.3,1.3125,12.7,48.0
20,84.0,16,28.4,1.1764705882352942,11.6,46.66666666666666
19,85.0,17,27.5,1.0555555555555556,10.5,45.333333333333336
18,86.0,18,26.6,0.9473684210526316,9.4,44.0
17,87.0,19,25.700000000000003,0.85,8.3,42.66666666666666
16,88.0,20,24.8,0.7619047619047619,7.199999999999999,41.333333333333336
24,80.0,21,32.0,1.0909090909090908,16.0,49.0
23,81.0,22,31.1,1.0,14.9,47.66666666666666
22,82.0,23,30.200000000000003,0.9166666666666666,13.8,46.333333333333336
21,83.0,24,29.3,0.84,12.7,45.0
20,84.0,25,28.4,0.7692307692307693,11.6,43.66666666666666
19,85.0,26,27.5,0.7037037037037037,10.5,42.333333333333336
18,86.0,27,26.6,0.6428571428571429,9.4,41.0
17,87.0,28,25.700000000000003,0.5862068965517241,8.3,39.66666666666666
16,88.0,29,24.8,0.5333333333333333,7.199999999999999,38.333333333333336
15,89.0,30,23.9,0.4838709677419355,6.1,37.0
14,90.0,31,23.0,0.4375,5.0,35.666666666666664
13,91.0,32,22.1,0.3939393939393939,3.9,34.333333333333336
24,80.0,33,32.0,0.7058823529411765,16.0,45.0
23,81.0,34,31.1,0.6571428571428571,14.9,43.66666666666666
22,82.0,35,30.200000000000003,0.6111111111111112,13.8,42.333333333333336
21,83.0,36,29.3,0.5675675675675675,12.7,41.0
20,84.0,37,28.4,0.5263157894736842,11.6,39.66666666666666
19,85.0,38,27.5,0.4871794871794871,10.5,38.333333333333336
18,86.0,39,26.6,0.45,9.4,37.0
17,87.0,40,25.700000000000003,0.4146341463414634,8.3,35.666666666666664
16,88.0,41,24.8,0.3809523809523809,7.199999999999999,34.333333333333336
15,89.0,42,23.9,0.3488372093023256,6.1,33.0
14,90.0,43,23.0,0.3181818181818182,5.0,31.666666666666668
13,91.0,44,22.1,0.2888888888888888,3.9,30.33333333333333
24,80.0,45,32.0,0.5217391304347826,16.0,41.0
23,81.0,46,31.1,0.4893617021276595,14.9,39.66666666666666
22,82.0,47,30.200000000000003,0.4583333333333333,13.8,38.333333333333336
21,83.0,48,29.3,0.4285714285714285,12.7,37.0
20,84.0,49,28.4,0.4,11.6,35.666666666666664
19,85.0,1,27.5,9.5,10.5,50.66666666666666
18,86.0,2,26.6,6.0,9.4,49.333333333333336
17,87.0,3,25.700000000000003,4.25,8.3,48.0
16,88.0,4,24.8,3.2,7.199999999999999,46.66666666666666
15,89.0,5,23.9,2.5,6.1,45.333333333333336
14,90.0,6,23.0,2.0,5.0,44.0
13,91.0,7,22.1,1.625,3.9,42.66666666666666
24,80.0,8,32.0,2.6666666666666665,16.0,53.333333333333336
23,81.0,9,31.1,2.3,14.9,52.0
22,82.0,10,30.200000000000003,2.0,13.8,50.66666666666666
21,83.0,11,29.3,1.75,12.7,49.333333333333336
20,84.0,12,28.4,1.5384615384615383,11.6,48.0
19,85.0,13,27.5,1.3571428571428572,10.5,46.66666666666666
18,86.0,14,26.6,1.2,9.4,45.333333333333336
17,87.0,15,25.700000000000003,1.0625,8.3,44.0
16,88.0,16,24.8,0.9411764705882352,7.199999999999999,42.66666666666666
15,89.0,17,23.9,0.8333333333333334,6.1,41.333333333333336
14,90.0,18,23.0,0.7368421052631579,5.0,40.0
13,91.0,19,22.1,0.65,3.9,38.66666666666666
24,80.0,20,32.0,1.1428571428571428,16.0,49.333333333333336
23,81.0,21,31.1,1.0454545454545454,14.9,48.0
22,82.0,22,30.200000000000003,0.9565217391304348,13.8,46.66666666666666
21,83.0,23,29.3,0.875,12.7,45.333333333333336
20,84.0,24,28.4,0.8,11.6,44.0
19,85.0,25,27.5,0.7307692307692307,10.5,42.66666666666666
18,86.0,26,26.6,0.6666666666666666,9.4,41.333333333333336
17,87.0,27,25.700000000000003,0.6071428571428571,8.3,40.0
16,88.0,28,24.8,0.5517241379310345,7.199999999999999,38.66666666666666
15,89.0,29,23.9,0.5,6.1,37.333333333333336
14,90.0,30,23.0,0.4516129032258064,5.0,36.0
24,80.0,31,32.0,0.75,16.0,45.66666666666666
23,81.0,32,31.1,0.696969696969697,14.9,44.333333333333336
22,82.0,33,30.200000000000003,0.6470588235294118,13.8,43.0
21,83.0,34,29.3,0.6,12.7,41.66666666666666
20,84.0,35,28.4,0.5555555555555556,11.6,40.333333333333336
19,85.0,36,27.5,0.5135135135135135,10.5,39.0
18,86.0,37,26.6,0.4736842105263157,9.4,37.66666666666666
17,87.0,38,25.700000000000003,0.4358974358974359,8.3,36.333333333333336
16,88.0,39,24.8,0.4,7.199999999999999,35.0
15,89.0,40,23.9,0.3658536585365853,6.1,33.666666666666664
14,90.0,41,23.0,0.3333333333333333,5.0,32.333333333333336
13,91.0,42,22.1,0.3023255813953488,3.9,31.0
24,80.0,43,32.0,0.5454545454545454,16.0,41.66666666666666
23,81.0,44,31.1,0.5111111111111111,14.9,40.333333333333336
22,82.0,45,30.200000000000003,0.4782608695652174,13.8,39.0
21,83.0,46,29.3,0.4468085106382978,12.7,37.66666666666666
20,84.0,47,28.4,0.4166666666666667,11.6,36.333333333333336
19,85.0,48,27.5,0.3877551020408163,10.5,35.0
18,86.0,49,26.6,0.36,9.4,33.666666666666664
17,87.0,50,25.700000000000003,0.3333333333333333,8.3,32.333333333333336
16,88.0,51,24.8,0.3076923076923077,7.199999999999999,31.0
15,89.0,52,23.9,0.2830188679245283,6.1,29.666666666666668
14,90.0,53,23.0,0.2592592592592592,5.0,28.33333333333333
13,91.0,54,22.1,0.2363636363636363,3.9,27.0
24,80.0,55,32.0,0.4285714285714285,16.0,37.66666666666666
23,81.0,56,31.1,0.4035087719298245,14.9,36.333333333333336
22,82.0,57,30.200000000000003,0.3793103448275862,13.8,35.0
21,83.0,58,29.3,0.3559322033898305,12.7,33.666666666666664
20,84.0,59,28.4,0.3333333333333333,11.6,32.333333333333336
19,85.0,1,27.5,9.5,10.5,50.66666666666666
18,86.0,2,26.6,6.0,9.4,49.333333333333336
17,87.0,3,25.700000000000003,4.25,8.3,48.0
16,88.0,4,24.8,3.2,7.199999999999999,46.66666666666666
15,89.0,5,23.9,2.5,6.1,45.333333333333336
14,90.0,6,23.0,2.0,5.0,44.0
13,91.0,7,22.1,1.625,3.9,42.66666666666666
24,80.0,8,32.0,2.6666666666666665,16.0,53.333333333333336
23,81.0,9,31.1,2.3,14.9,52.0
22,82.0,10,30.200000000000003,2.0,13.8,50.66666666666666
21,83.0,11,29.3,1.75,12.7,49.333333333333336
20,84.0,12,28.4,1.5384615384615383,11.6,48.0
19,85.0,13,27.5,1.3571428571428572,10.5,46.66666666666666
18,86.0,14,26.6,1.2,9.4,45.333333333333336
17,87.0,15,25.700000000000003,1.0625,8.3,44.0
16,88.0,16,24.8,0.9411764705882352,7.199999999999999,42.66666666666666
15,89.0,17,23.9,0.8333333333333334,6.1,41.333333333333336
14,90.0,18,23.0,0.7368421052631579,5.0,40.0
13,91.0,19,22.1,0.65,3.9,38.66666666666666
24,80.0,20,32.0,1.1428571428571428,16.0,49.333333333333336
23,81.0,21,31.1,1.0454545454545454,14.9,48.0
22,82.0,22,30.200000000000003,0.9565217391304348,13.8,46.66666666666666
21,83.0,23,29.3,0.875,12.7,45.333333333333336
20,84.0,24,28.4,0.8,11.6,44.0
19,85.0,25,27.5,0.7307692307692307,10.5,42.66666666666666
18,86.0,26,26.6,0.6666666666666666,9.4,41.333333333333336
17,87.0,27,25.700000000000003,0.6071428571428571,8.3,40.0
16,88.0,28,24.8,0.5517241379310345,7.199999999999999,38.66666666666666
15,89.0,29,23.9,0.5,6.1,37.333333333333336
14,90.0,30,23.0,0.4516129032258064,5.0,36.0
24,80.0,31,32.0,0.75,16.0,45.66666666666666
23,81.0,32,31.1,0.696969696969697,14.9,44.333333333333336
22,82.0,33,30.200000000000003,0.6470588235294118,13.8,43.0
21,83.0,34,29.3,0.6,12.7,41.66666666666666
20,84.0,35,28.4,0.5555555555555556,11.6,40.333333333333336
19,85.0,36,27.5,0.5135135135135135,10.5,39.0
18,86.0,37,26.6,0.4736842105263157,9.4,37.66666666666666
17,87.0,38,25.700000000000003,0.4358974358974359,8.3,36.333333333333336
16,88.0,39,24.8,0.4,7.199999999999999,35.0
15,89.0,40,23.9,0.3658536585365853,6.1,33.666666666666664
24,80.0,41,32.0,0.5714285714285714,16.0,42.333333333333336
23,81.0,42,31.1,0.5348837209302325,14.9,41.0
22,82.0,43,30.200000000000003,0.5,13.8,39.66666666666666
21,83.0,44,29.3,0.4666666666666667,12.7,38.333333333333336
20,84.0,45,28.4,0.4347826086956521,11.6,37.0
19,85.0,46,27.5,0.4042553191489361,10.5,35.666666666666664
18,86.0,47,26.6,0.375,9.4,34.333333333333336
17,87.0,48,25.700000000000003,0.3469387755102041,8.3,33.0
16,88.0,49,24.8,0.32,7.199999999999999,31.666666666666668
15,89.0,1,23.9,7.5,6.1,46.66666666666666
14,90.0,2,23.0,4.666666666666667,5.0,45.333333333333336
13,91.0,3,22.1,3.25,3.9,44.0
24,80.0,4,32.0,4.8,16.0,54.66666666666666
23,81.0,5,31.1,3.8333333333333335,14.9,53.333333333333336
22,82.0,6,30.200000000000003,3.142857142857143,13.8,52.0
21,83.0,7,29.3,2.625,12.7,50.66666666666666
20,84.0,8,28.4,2.2222222222222223,11.6,49.333333333333336
19,85.0,9,27.5,1.9,10.5,48.0
18,86.0,10,26.6,1.6363636363636365,9.4,46.66666666666666
17,87.0,11,25.700000000000003,1.4166666666666667,8.3,45.333333333333336
16,88.0,12,24.8,1.2307692307692308,7.199999999999999,44.0
15,89.0,13,23.9,1.0714285714285714,6.1,42.66666666666666
14,90.0,14,23.0,0.9333333333333332,5.0,41.333333333333336
13,91.0,15,22.1,0.8125,3.9,40.0
24,80.0,16,32.0,1.411764705882353,16.0,50.66666666666666
23,81.0,17,31.1,1.2777777777777777,14.9,49.333333333333336
22,82.0,18,30.200000000000003,1.1578947368421053,13.8,48.0
21,83.0,19,29.3,1.05,12.7,46.66666666666666
20,84.0,20,28.4,0.9523809523809524,11.6,45.333333333333336
19,85.0,21,27.5,0.8636363636363636,10.5,44.0
18,86.0,22,26.6,0.782608695652174,9.4,42.66666666666666
17,87.0,23,25.700000000000003,0.7083333333333334,8.3,41.333333333333336
16,88.0,24,24.8,0.64,7.199999999999999,40.0
15,89.0,25,23.9,0.5769230769230769,6.1,38.66666666666666
14,90.0,26,23.0,0.5185185185185185,5.0,37.333333333333336
13,91.0,27,22.1,0.4642857142857143,3.9,36.0
24,80.0,28,32.0,0.8275862068965517,16.0,46.66666666666666
23,81.0,29,31.1,0.7666666666666667,14.9,45.333333333333336
22,82.0,30,30.200000000000003,0.7096774193548387,13.8,44.0
21,83.0,31,29.3,0.65625,12.7,42.66666666666666
20,84.0,32,28.4,0.6060606060606061,11.6,41.333333333333336
19,85.0,33,27.5,0.5588235294117647,10.5,40.0
18,86.0,34,26.6,0.5142857142857142,9.4,38.66666666666666
17,87.0,35,25.700000000000003,0.4722222222222222,8.3,37.333333333333336
16,88.0,36,24.8,0.4324324324324324,7.199999999999999,36.0
15,89.0,37,23.9,0.3947368421052631,6.1,34.666666666666664
14,90.0,38,23.0,0.358974358974359,5.0,33.333333333333336
13,91.0,39,22.1,0.325,3.9,32.0
24,80.0,40,32.0,0.5853658536585366,16.0,42.66666666666666
24,80.0,41,32.0,0.5714285714285714,16.0,42.333333333333336
23,81.0,42,31.1,0.5348837209302325,14.9,41.0
22,82.0,43,30.200000000000003,0.5,13.8,39.66666666666666
21,83.0,44,29.3,0.4666666666666667,12.7,38.333333333333336
20,84.0,45,28.4,0.4347826086956521,11.6,37.0
19,85.0,46,27.5,0.4042553191489361,10.5,35.666666666666664
18,86.0,47,26.6,0.375,9.4,34.333333333333336
17,87.0,48,25.700000000000003,0.3469387755102041,8.3,33.0
16,88.0,49,24.8,0.32,7.199999999999999,31.666666666666668
15,89.0,50,23.9,0.2941176470588235,6.1,30.33333333333333
14,90.0,51,23.0,0.2692307692307692,5.0,29.0
13,91.0,52,22.1,0.2452830188679245,3.9,27.666666666666668
24,80.0,53,32.0,0.4444444444444444,16.0,38.333333333333336
23,81.0,54,31.1,0.4181818181818181,14.9,37.0
22,82.0,55,30.200000000000003,0.3928571428571428,13.8,35.666666666666664
21,83.0,56,29.3,0.3684210526315789,12.7,34.333333333333336
20,84.0,57,28.4,0.3448275862068966,11.6,33.0
19,85.0,58,27.5,0.3220338983050847,10.5,31.666666666666668
18,86.0,59,26.6,0.3,9.4,30.33333333333333
17,87.0,60,25.700000000000003,0.2786885245901639,8.3,29.0
16,88.0,61,24.8,0.2580645161290322,7.199999999999999,27.666666666666668
15,89.0,62,23.9,0.238095238095238,6.1,26.33333333333333
14,90.0,63,23.0,0.21875,5.0,25.0
13,91.0,64,22.1,0.2,3.9,23.666666666666668
24,80.0,65,32.0,0.3636363636363636,16.0,34.333333333333336
23,81.0,66,31.1,0.3432835820895522,14.9,33.0
22,82.0,67,30.200000000000003,0.3235294117647059,13.8,31.666666666666668
21,83.0,68,29.3,0.3043478260869565,12.7,30.33333333333333
20,84.0,69,28.4,0.2857142857142857,11.6,29.0
19,85.0,70,27.5,0.2676056338028169,10.5,27.666666666666668
18,86.0,71,26.6,0.25,9.4,26.33333333333333
17,87.0,72,25.700000000000003,0.2328767123287671,8.3,25.0
16,88.0,73,24.8,0.2162162162162162,7.199999999999999,23.666666666666668
15,89.0,74,23.9,0.2,6.1,22.33333333333333
14,90.0,75,23.0,0.1842105263157894,5.0,21.0
13,91.0,76,22.1,0.1688311688311688,3.9,19.666666666666668
24,80.0,77,32.0,0.3076923076923077,16.0,30.33333333333333
23,81.0,78,31.1,0.2911392405063291,14.9,29.0
22,82.0,79,30.200000000000003,0.275,13.8,27.666666666666668
21,83.0,1,29.3,10.5,12.7,52.66666666666666
20,84.0,2,28.4,6.666666666666667,11.6,51.333333333333336
19,85.0,3,27.5,4.75,10.5,50.0
18,86.0,4,26.6,3.6,9.4,48.66666666666666
17,87.0,5,25.700000000000003,2.833333333333333,8.3,47.333333333333336
16,88.0,6,24.8,2.2857142857142856,7.199999999999999,46.0
15,89.0,7,23.9,1.875,6.1,44.66666666666666
14,90.0,8,23.0,1.5555555555555556,5.0,43.333333333333336
13,91.0,9,22.1,1.3,3.9,42.0
24,80.0,10,32.0,2.1818181818181817,16.0,52.66666666666666
23,81.0,11,31.1,1.9166666666666667,14.9,51.333333333333336
22,82.0,12,30.200000000000003,1.6923076923076923,13.8,50.0
21,83.0,13,29.3,1.5,12.7,48.66666666666666
20,84.0,14,28.4,1.3333333333333333,11.6,47.333333333333336
19,85.0,15,27.5,1.1875,10.5,46.0
18,86.0,16,26.6,1.0588235294117647,9.4,44.66666666666666
17,87.0,17,25.700000000000003,0.9444444444444444,8.3,43.333333333333336
16,88.0,18,24.8,0.8421052631578947,7.199999999999999,42.0
15,89.0,19,23.9,0.75,6.1,40.66666666666666
14,90.0,20,23.0,0.6666666666666666,5.0,39.333333333333336
13,91.0,21,22.1,0.5909090909090909,3.9,38.0
24,80.0,22,32.0,1.0434782608695652,16.0,48.66666666666666
23,81.0,23,31.1,0.9583333333333334,14.9,47.333333333333336
22,82.0,24,30.200000000000003,0.88,13.8,46.0
21,83.0,25,29.3,0.8076923076923077,12.7,44.66666666666666
20,84.0,26,28.4,0.7407407407407407,11.6,43.333333333333336
19,85.0,27,27.5,0.6785714285714286,10.5,42.0
18,86.0,28,26.6,0.6206896551724138,9.4,40.66666666666666
17,87.0,29,25.700000000000003,0.5666666666666667,8.3,39.333333333333336
16,88.0,30,24.8,0.5161290322580645,7.199999999999999,38.0
15,89.0,31,23.9,0.46875,6.1,36.66666666666666
14,90.0,32,23.0,0.4242424242424242,5.0,35.333333333333336
13,91.0,33,22.1,0.3823529411764705,3.9,34.0
24,80.0,34,32.0,0.6857142857142857,16.0,44.66666666666666
23,81.0,35,31.1,0.6388888888888888,14.9,43.333333333333336
22,82.0,36,30.200000000000003,0.5945945945945946,13.8,42.0
21,83.0,37,29.3,0.5526315789473685,12.7,40.66666666666666
20,84.0,38,28.4,0.5128205128205128,11.6,39.333333333333336
19,85.0,39,27.5,0.475,10.5,38.0
18,86.0,40,26.6,0.4390243902439024,9.4,36.66666666666666
24,80.0,41,32.0,0.5714285714285714,16.0,42.333333333333336
23,81.0,42,31.1,0.5348837209302325,14.9,41.0
22,82.0,43,30.200000000000003,0.5,13.8,39.66666666666666
21,83.0,44,29.3,0.4666666666666667,12.7,38.333333333333336
20,84.0,45,28.4,0.4347826086956521,11.6,37.0
19,85.0,46,27.5,0.4042553191489361,10.5,35.666666666666664
18,86.0,47,26.6,0.375,9.4,34.333333333333336
17,87.0,48,25.700000000000003,0.3469387755102041,8.3,33.0
16,88.0,49,24.8,0.32,7.199999999999999,31.666666666666668
15,89.0,50,23.9,0.2941176470588235,6.1,30.33333333333333
14,90.0,51,23.0,0.2692307692307692,5.0,29.0
13,91.0,52,22.1,0.2452830188679245,3.9,27.666666666666668
24,80.0,53,32.0,0.4444444444444444,16.0,38.333333333333336
23,81.0,54,31.1,0.4181818181818181,14.9,37.0
22,82.0,55,30.200000000000003,0.3928571428571428,13.8,35.666666666666664
21,83.0,56,29.3,0.3684210526315789,12.7,34.333333333333336
20,84.0,57,28.4,0.3448275862068966,11.6,33.0
19,85.0,58,27.5,0.3220338983050847,10.5,31.666666666666668
18,86.0,59,26.6,0.3,9.4,30.33333333333333
17,87.0,60,25.700000000000003,0.2786885245901639,8.3,29.0
16,88.0,61,24.8,0.2580645161290322,7.199999999999999,27.666666666666668
15,89.0,62,23.9,0.238095238095238,6.1,26.33333333333333
14,90.0,63,23.0,0.21875,5.0,25.0
13,91.0,64,22.1,0.2,3.9,23.666666666666668
24,80.0,65,32.0,0.3636363636363636,16.0,34.333333333333336
23,81.0,66,31.1,0.3432835820895522,14.9,33.0
22,82.0,67,30.200000000000003,0.3235294117647059,13.8,31.666666666666668
21,83.0,68,29.3,0.3043478260869565,12.7,30.33333333333333
20,84.0,69,28.4,0.2857142857142857,11.6,29.0
19,85.0,1,27.5,9.5,10.5,50.66666666666666
18,86.0,2,26.6,6.0,9.4,49.333333333333336
17,87.0,3,25.700000000000003,4.25,8.3,48.0
16,88.0,4,24.8,3.2,7.199999999999999,46.66666666666666
15,89.0,5,23.9,2.5,6.1,45.333333333333336
14,90.0,6,23.0,2.0,5.0,44.0
13,91.0,7,22.1,1.625,3.9,42.66666666666666
24,80.0,8,32.0,2.6666666666666665,16.0,53.333333333333336
23,81.0,9,31.1,2.3,14.9,52.0
22,82.0,10,30.200000000000003,2.0,13.8,50.66666666666666
21,83.0,11,29.3,1.75,12.7,49.333333333333336
20,84.0,12,28.4,1.5384615384615383,11.6,48.0
19,85.0,13,27.5,1.3571428571428572,10.5,46.66666666666666
18,86.0,14,26.6,1.2,9.4,45.333333333333336
17,87.0,15,25.700000000000003,1.0625,8.3,44.0
16,88.0,16,24.8,0.9411764705882352,7.199999999999999,42.66666666666666
15,89.0,17,23.9,0.8333333333333334,6.1,41.333333333333336
14,90.0,18,23.0,0.7368421052631579,5.0,40.0
13,91.0,19,22.1,0.65,3.9,38.66666666666666
24,80.0,20,32.0,1.1428571428571428,16.0,49.333333333333336
23,81.0,21,31.1,1.0454545454545454,14.9,48.0
22,82.0,22,30.200000000000003,0.9565217391304348,13.8,46.66666666666666
21,83.0,23,29.3,0.875,12.7,45.333333333333336
20,84.0,24,28.4,0.8,11.6,44.0
19,85.0,25,27.5,0.7307692307692307,10.5,42.66666666666666
18,86.0,26,26.6,0.6666666666666666,9.4,41.333333333333336
17,87.0,27,25.700000000000003,0.6071428571428571,8.3,40.0
16,88.0,28,24.8,0.5517241379310345,7.199999999999999,38.66666666666666
15,89.0,29,23.9,0.5,6.1,37.333333333333336
14,90.0,30,23.0,0.4516129032258064,5.0,36.0
13,91.0,31,22.1,0.40625,3.9,34.666666666666664
24,80.0,32,32.0,0.7272727272727273,16.0,45.333333333333336
23,81.0,33,31.1,0.6764705882352942,14.9,44.0
22,82.0,34,30.200000000000003,0.6285714285714286,13.8,42.66666666666666
21,83.0,35,29.3,0.5833333333333334,12.7,41.333333333333336
20,84.0,36,28.4,0.5405405405405406,11.6,40.0
19,85.0,37,27.5,0.5,10.5,38.66666666666666
18,86.0,38,26.6,0.4615384615384615,9.4,37.333333333333336
17,87.0,39,25.700000000000003,0.425,8.3,36.0
16,88.0,40,24.8,0.3902439024390244,7.199999999999999,34.666666666666664
24,80.0,41,32.0,0.5714285714285714,16.0,42.333333333333336
23,81.0,42,31.1,0.5348837209302325,14.9,41.0
22,82.0,43,30.200000000000003,0.5,13.8,39.66666666666666
21,83.0,44,29.3,0.4666666666666667,12.7,38.333333333333336
20,84.0,45,28.4,0.4347826086956521,11.6,37.0
19,85.0,46,27.5,0.4042553191489361,10.5,35.666666666666664
18,86.0,47,26.6,0.375,9.4,34.333333333333336
17,87.0,48,25.700000000000003,0.3469387755102041,8.3,33.0
16,88.0,49,24.8,0.32,7.199999999999999,31.666666666666668
15,89.0,50,23.9,0.2941176470588235,6.1,30.33333333333333
14,90.0,51,23.0,0.2692307692307692,5.0,29.0
13,91.0,52,22.1,0.2452830188679245,3.9,27.666666666666668
24,80.0,53,32.0,0.4444444444444444,16.0,38.333333333333336
23,81.0,54,31.1,0.4181818181818181,14.9,37.0
22,82.0,55,30.200000000000003,0.3928571428571428,13.8,35.666666666666664
21,83.0,56,29.3,0.3684210526315789,12.7,34.333333333333336
20,84.0,57,28.4,0.3448275862068966,11.6,33.0
19,85.0,58,27.5,0.3220338983050847,10.5,31.666666666666668
18,86.0,59,26.6,0.3,9.4,30.33333333333333
17,87.0,1,25.700000000000003,8.5,8.3,48.66666666666666
16,88.0,2,24.8,5.333333333333333,7.199999999999999,47.333333333333336
15,89.0,3,23.9,3.75,6.1,46.0
14,90.0,4,23.0,2.8,5.0,44.66666666666666
13,91.0,5,22.1,2.1666666666666665,3.9,43.333333333333336
24,80.0,6,32.0,3.4285714285714284,16.0,54.0
23,81.0,7,31.1,2.875,14.9,52.66666666666666
22,82.0,8,30.200000000000003,2.4444444444444446,13.8,51.333333333333336
21,83.0,9,29.3,2.1,12.7,50.0
20,84.0,10,28.4,1.818181818181818,11.6,48.66666666666666
19,85.0,11,27.5,1.5833333333333333,10.5,47.333333333333336
18,86.0,12,26.6,1.3846153846153846,9.4,46.0
17,87.0,13,25.700000000000003,1.2142857142857142,8.3,44.66666666666666
16,88.0,14,24.8,1.0666666666666669,7.199999999999999,43.333333333333336
15,89.0,15,23.9,0.9375,6.1,42.0
14,90.0,16,23.0,0.8235294117647058,5.0,40.66666666666666
13,91.0,17,22.1,0.7222222222222222,3.9,39.333333333333336
24,80.0,18,32.0,1.263157894736842,16.0,50.0
23,81.0,19,31.1,1.15,14.9,48.66666666666666
22,82.0,20,30.200000000000003,1.0476190476190477,13.8,47.333333333333336
21,83.0,21,29.3,0.9545454545454546,12.7,46.0
20,84.0,22,28.4,0.8695652173913043,11.6,44.66666666666666
19,85.0,23,27.5,0.7916666666666666,10.5,43.333333333333336
18,86.0,24,26.6,0.72,9.4,42.0
17,87.0,25,25.700000000000003,0.6538461538461539,8.3,40.66666666666666
16,88.0,26,24.8,0.5925925925925926,7.199999999999999,39.333333333333336
15,89.0,27,23.9,0.5357142857142857,6.1,38.0
14,90.0,28,23.0,0.4827586206896552,5.0,36.66666666666666
13,91.0,29,22.1,0.4333333333333333,3.9,35.333333333333336
24,80.0,30,32.0,0.7741935483870968,16.0,46.0
23,81.0,31,31.1,0.71875,14.9,44.66666666666666
22,82.0,32,30.200000000000003,0.6666666666666666,13.8,43.333333333333336
21,83.0,33,29.3,0.6176470588235294,12.7,42.0
20,84.0,34,28.4,0.5714285714285714,11.6,40.66666666666666
19,85.0,35,27.5,0.5277777777777778,10.5,39.333333333333336
18,86.0,36,26.6,0.4864864864864865,9.4,38.0
17,87.0,37,25.700000000000003,0.4473684210526316,8.3,36.66666666666666
16,88.0,38,24.8,0.4102564102564102,7.199999999999999,35.333333333333336
15,89.0,39,23.9,0.375,6.1,34.0
14,90.0,40,23.0,0.3414634146341463,5.0,32.666666666666664
24,80.0,41,32.0,0.5714285714285714,16.0,42.333333333333336
23,81.0,42,31.1,0.5348837209302325,14.9,41.0
22,82.0,43,30.200000000000003,0.5,13.8,39.66666666666666
21,83.0,44,29.3,0.4666666666666667,12.7,38.333333333333336
20,84.0,45,28.4,0.4347826086956521,11.6,37.0
19,85.0,46,27.5,0.4042553191489361,10.5,35.666666666666664
18,86.0,47,26.6,0.375,9.4,34.333333333333336
17,87.0,48,25.700000000000003,0.3469387755102041,8.3,33.0
16,88.0,49,24.8,0.32,7.199999999999999,31.666666666666668
15,89.0,50,23.9,0.2941176470588235,6.1,30.33333333333333
14,90.0,51,23.0,0.2692307692307692,5.0,29.0
13,91.0,52,22.1,0.2452830188679245,3.9,27.666666666666668
24,80.0,53,32.0,0.4444444444444444,16.0,38.333333333333336
23,81.0,54,31.1,0.4181818181818181,14.9,37.0
22,82.0,55,30.200000000000003,0.3928571428571428,13.8,35.666666666666664
21,83.0,56,29.3,0.3684210526315789,12.7,34.333333333333336
20,84.0,57,28.4,0.3448275862068966,11.6,33.0
19,85.0,58,27.5,0.3220338983050847,10.5,31.666666666666668
18,86.0,59,26.6,0.3,9.4,30.33333333333333
17,87.0,60,25.700000000000003,0.2786885245901639,8.3,29.0
16,88.0,61,24.8,0.2580645161290322,7.199999999999999,27.666666666666668
15,89.0,62,23.9,0.238095238095238,6.1,26.33333333333333
14,90.0,63,23.0,0.21875,5.0,25.0
13,91.0,64,22.1,0.2,3.9,23.666666666666668
24,80.0,65,32.0,0.3636363636363636,16.0,34.333333333333336
23,81.0,66,31.1,0.3432835820895522,14.9,33.0
22,82.0,67,30.200000000000003,0.3235294117647059,13.8,31.666666666666668
21,83.0,68,29.3,0.3043478260869565,12.7,30.33333333333333
20,84.0,69,28.4,0.2857142857142857,11.6,29.0
19,85.0,1,27.5,9.5,10.5,50.66666666666666
18,86.0,2,26.6,6.0,9.4,49.333333333333336
17,87.0,3,25.700000000000003,4.25,8.3,48.0
16,88.0,4,24.8,3.2,7.199999999999999,46.66666666666666
15,89.0,5,23.9,2.5,6.1,45.333333333333336
14,90.0,6,23.0,2.0,5.0,44.0
13,91.0,7,22.1,1.625,3.9,42.66666666666666
24,80.0,8,32.0,2.6666666666666665,16.0,53.333333333333336
23,81.0,9,31.1,2.3,14.9,52.0
22,82.0,10,30.200000000000003,2.0,13.8,50.66666666666666
21,83.0,11,29.3,1.75,12.7,49.333333333333336
20,84.0,12,28.4,1.5384615384615383,11.6,48.0
19,85.0,13,27.5,1.3571428571428572,10.5,46.66666666666666
18,86.0,14,26.6,1.2,9.4,45.333333333333336
17,87.0,15,25.700000000000003,1.0625,8.3,44.0
16,88.0,16,24.8,0.9411764705882352,7.199999999999999,42.66666666666666
15,89.0,17,23.9,0.8333333333333334,6.1,41.333333333333336
14,90.0,18,23.0,0.7368421052631579,5.0,40.0
13,91.0,19,22.1,0.65,3.9,38.66666666666666
24,80.0,20,32.0,1.1428571428571428,16.0,49.333333333333336
23,81.0,21,31.1,1.0454545454545454,14.9,48.0
22,82.0,22,30.200000000000003,0.9565217391304348,13.8,46.66666666666666
21,83.0,23,29.3,0.875,12.7,45.333333333333336
20,84.0,24,28.4,0.8,11.6,44.0
19,85.0,25,27.5,0.7307692307692307,10.5,42.66666666666666
18,86.0,26,26.6,0.6666666666666666,9.4,41.333333333333336
17,87.0,27,25.700000000000003,0.6071428571428571,8.3,40.0
16,88.0,28,24.8,0.5517241379310345,7.199999999999999,38.66666666666666
15,89.0,29,23.9,0.5,6.1,37.333333333333336
14,90.0,30,23.0,0.4516129032258064,5.0,36.0
24,80.0,31,32.0,0.75,16.0,45.66666666666666
23,81.0,32,31.1,0.696969696969697,14.9,44.333333333333336
22,82.0,33,30.200000000000003,0.6470588235294118,13.8,43.0
21,83.0,34,29.3,0.6,12.7,41.66666666666666
20,84.0,35,28.4,0.5555555555555556,11.6,40.333333333333336
19,85.0,36,27.5,0.5135135135135135,10.5,39.0
18,86.0,37,26.6,0.4736842105263157,9.4,37.66666666666666
17,87.0,38,25.700000000000003,0.4358974358974359,8.3,36.333333333333336
16,88.0,39,24.8,0.4,7.199999999999999,35.0
15,89.0,40,23.9,0.3658536585365853,6.1,33.666666666666664
24,80.0,41,32.0,0.5714285714285714,16.0,42.333333333333336
23,81.0,42,31.1,0.5348837209302325,14.9,41.0
22,82.0,43,30.200000000000003,0.5,13.8,39.66666666666666
21,83.0,44,29.3,0.4666666666666667,12.7,38.333333333333336
20,84.0,45,28.4,0.4347826086956521,11.6,37.0
19,85.0,46,27.5,0.4042553191489361,10.5,35.666666666666664
18,86.0,47,26.6,0.375,9.4,34.333333333333336
17,87.0,48,25.700000000000003,0.3469387755102041,8.3,33.0
16,88.0,49,24.8,0.32,7.199999999999999,31.666666666666668
15,89.0,50,23.9,0.2941176470588235,6.1,30.33333333333333
14,90.0,51,23.0,0.2692307692307692,5.0,29.0
13,91.0,52,22.1,0.2452830188679245,3.9,27.666666666666668
24,80.0,53,32.0,0.4444444444444444,16.0,38.333333333333336
23,81.0,54,31.1,0.4181818181818181,14.9,37.0
22,82.0,55,30.200000000000003,0.3928571428571428,13.8,35.666666666666664
21,83.0,56,29.3,0.3684210526315789,12.7,34.333333333333336
20,84.0,57,28.4,0.3448275862068966,11.6,33.0
19,85.0,58,27.5,0.3220338983050847,10.5,31.666666666666668
18,86.0,59,26.6,0.3,9.4,30.33333333333333
17,87.0,1,25.700000000000003,8.5,8.3,48.66666666666666
16,88.0,2,24.8,5.333333333333333,7.199999999999999,47.333333333333336
15,89.0,3,23.9,3.75,6.1,46.0
14,90.0,4,23.0,2.8,5.0,44.66666666666666
13,91.0,5,22.1,2.1666666666666665,3.9,43.333333333333336
24,80.0,6,32.0,3.4285714285714284,16.0,54.0
23,81.0,7,31.1,2.875,14.9,52.66666666666666
22,82.0,8,30.200000000000003,2.4444444444444446,13.8,51.333333333333336
21,83.0,9,29.3,2.1,12.7,50.0
20,84.0,10,28.4,1.818181818181818,11.6,48.66666666666666
19,85.0,11,27.5,1.5833333333333333,10.5,47.333333333333336
18,86.0,12,26.6,1.3846153846153846,9.4,46.0
17,87.0,13,25.700000000000003,1.2142857142857142,8.3,44.66666666666666
16,88.0,14,24.8,1.0666666666666669,7.199999999999999,43.333333333333336
15,89.0,15,23.9,0.9375,6.1,42.0
14,90.0,16,23.0,0.8235294117647058,5.0,40.66666666666666
13,91.0,17,22.1,0.7222222222222222,3.9,39.333333333333336
24,80.0,18,32.0,1.263157894736842,16.0,50.0
23,81.0,19,31.1,1.15,14.9,48.66666666666666
22,82.0,20,30.200000000000003,1.0476190476190477,13.8,47.333333333333336
21,83.0,21,29.3,0.9545454545454546,12.7,46.0
20,84.0,22,28.4,0.8695652173913043,11.6,44.66666666666666
19,85.0,23,27.5,0.7916666666666666,10.5,43.333333333333336
18,86.0,24,26.6,0.72,9.4,42.0
17,87.0,25,25.700000000000003,0.6538461538461539,8.3,40.66666666666666
16,88.0,26,24.8,0.5925925925925926,7.199999999999999,39.333333333333336
15,89.0,27,23.9,0.5357142857142857,6.1,38.0
14,90.0,28,23.0,0.4827586206896552,5.0,36.66666666666666
13,91.0,29,22.1,0.4333333333333333,3.9,35.333333333333336
24,80.0,30,32.0,0.7741935483870968,16.0,46.0
24,80.0,31,32.0,0.75,16.0,45.66666666666666
23,81.0,32,31.1,0.696969696969697,14.9,44.333333333333336
22,82.0,33,30.200000000000003,0.6470588235294118,13.8,43.0
21,83.0,34,29.3,0.6,12.7,41.66666666666666
20,84.0,35,28.4,0.5555555555555556,11.6,40.333333333333336
19,85.0,36,27.5,0.5135135135135135,10.5,39.0
18,86.0,37,26.6,0.4736842105263157,9.4,37.66666666666666
17,87.0,38,25.700000000000003,0.4358974358974359,8.3,36.333333333333336
16,88.0,39,24.8,0.4,7.199999999999999,35.0
15,89.0,40,23.9,0.3658536585365853,6.1,33.666666666666664
14,90.0,41,23.0,0.3333333333333333,5.0,32.333333333333336
13,91.0,42,22.1,0.3023255813953488,3.9,31.0
24,80.0,43,32.0,0.5454545454545454,16.0,41.66666666666666
23,81.0,44,31.1,0.5111111111111111,14.9,40.333333333333336
22,82.0,45,30.200000000000003,0.4782608695652174,13.8,39.0
21,83.0,46,29.3,0.4468085106382978,12.7,37.66666666666666
20,84.0,47,28.4,0.4166666666666667,11.6,36.333333333333336
19,85.0,48,27.5,0.3877551020408163,10.5,35.0
18,86.0,49,26.6,0.36,9.4,33.666666666666664
17,87.0,50,25.700000000000003,0.3333333333333333,8.3,32.333333333333336
16,88.0,51,24.8,0.3076923076923077,7.199999999999999,31.0
15,89.0,52,23.9,0.2830188679245283,6.1,29.666666666666668
14,90.0,53,23.0,0.2592592592592592,5.0,28.33333333333333
13,91.0,54,22.1,0.2363636363636363,3.9,27.0
24,80.0,55,32.0,0.4285714285714285,16.0,37.66666666666666
23,81.0,56,31.1,0.4035087719298245,14.9,36.333333333333336
22,82.0,57,30.200000000000003,0.3793103448275862,13.8,35.0
21,83.0,58,29.3,0.3559322033898305,12.7,33.666666666666664
20,84.0,59,28.4,0.3333333333333333,11.6,32.333333333333336
19,85.0,60,27.5,0.3114754098360656,10.5,31.0
18,86.0,61,26.6,0.2903225806451613,9.4,29.666666666666668
17,87.0,62,25.700000000000003,0.2698412698412698,8.3,28.33333333333333
16,88.0,63,24.8,0.25,7.199999999999999,27.0
15,89.0,64,23.9,0.2307692307692307,6.1,25.666666666666668
14,90.0,65,23.0,0.2121212121212121,5.0,24.33333333333333
13,91.0,66,22.1,0.1940298507462686,3.9,23.0
24,80.0,67,32.0,0.3529411764705882,16.0,33.666666666666664
23,81.0,68,31.1,0.3333333333333333,14.9,32.333333333333336
22,82.0,69,30.200000000000003,0.3142857142857143,13.8,31.0
21,83.0,70,29.3,0.2957746478873239,12.7,29.666666666666668
20,84.0,71,28.4,0.2777777777777778,11.6,28.33333333333333
19,85.0,72,27.5,0.2602739726027397,10.5,27.0
18,86.0,73,26.6,0.2432432432432432,9.4,25.666666666666668
17,87.0,74,25.700000000000003,0.2266666666666666,8.3,24.33333333333333
16,88.0,75,24.8,0.2105263157894736,7.199999999999999,23.0
15,89.0,76,23.9,0.1948051948051948,6.1,21.666666666666668
14,90.0,77,23.0,0.1794871794871795,5.0,20.33333333333333
13,91.0,78,22.1,0.1645569620253164,3.9,19.0
24,80.0,79,32.0,0.3,16.0,29.666666666666668
23,81.0,1,31.1,11.5,14.9,54.66666666666666
22,82.0,2,30.200000000000003,7.333333333333333,13.8,53.333333333333336
21,83.0,3,29.3,5.25,12.7,52.0
20,84.0,4,28.4,4.0,11.6,50.66666666666666
19,85.0,5,27.5,3.1666666666666665,10.5,49.333333333333336
18,86.0,6,26.6,2.571428571428572,9.4,48.0
17,87.0,7,25.700000000000003,2.125,8.3,46.66666666666666
16,88.0,8,24.8,1.7777777777777777,7.199999999999999,45.333333333333336
15,89.0,9,23.9,1.5,6.1,44.0
14,90.0,10,23.0,1.2727272727272727,5.0,42.66666666666666
13,91.0,11,22.1,1.0833333333333333,3.9,41.333333333333336
24,80.0,12,32.0,1.8461538461538465,16.0,52.0
23,81.0,13,31.1,1.6428571428571428,14.9,50.66666666666666
22,82.0,14,30.200000000000003,1.4666666666666666,13.8,49.333333333333336
21,83.0,15,29.3,1.3125,12.7,48.0
20,84.0,16,28.4,1.1764705882352942,11.6,46.66666666666666
19,85.0,17,27.5,1.0555555555555556,10.5,45.333333333333336
18,86.0,18,26.6,0.9473684210526316,9.4,44.0
17,87.0,19,25.700000000000003,0.85,8.3,42.66666666666666
16,88.0,20,24.8,0.7619047619047619,7.199999999999999,41.333333333333336
15,89.0,21,23.9,0.6818181818181818,6.1,40.0
14,90.0,22,23.0,0.6086956521739131,5.0,38.66666666666666
13,91.0,23,22.1,0.5416666666666666,3.9,37.333333333333336
24,80.0,24,32.0,0.96,16.0,48.0
23,81.0,25,31.1,0.8846153846153846,14.9,46.66666666666666
22,82.0,26,30.200000000000003,0.8148148148148148,13.8,45.333333333333336
21,83.0,27,29.3,0.75,12.7,44.0
20,84.0,28,28.4,0.6896551724137931,11.6,42.66666666666666
19,85.0,29,27.5,0.6333333333333333,10.5,41.333333333333336
18,86.0,30,26.6,0.5806451612903226,9.4,40.0
24,80.0,31,32.0,0.75,16.0,45.66666666666666
23,81.0,32,31.1,0.696969696969697,14.9,44.333333333333336
22,82.0,33,30.200000000000003,0.6470588235294118,13.8,43.0
21,83.0,34,29.3,0.6,12.7,41.66666666666666
20,84.0,35,28.4,0.5555555555555556,11.6,40.333333333333336
19,85.0,36,27.5,0.5135135135135135,10.5,39.0
18,86.0,37,26.6,0.4736842105263157,9.4,37.66666666666666
17,87.0,38,25.700000000000003,0.4358974358974359,8.3,36.333333333333336
16,88.0,39,24.8,0.4,7.199999999999999,35.0
15,89.0,40,23.9,0.3658536585365853,6.1,33.666666666666664
14,90.0,41,23.0,0.3333333333333333,5.0,32.333333333333336
13,91.0,42,22.1,0.3023255813953488,3.9,31.0
24,80.0,43,32.0,0.5454545454545454,16.0,41.66666666666666
23,81.0,44,31.1,0.5111111111111111,14.9,40.333333333333336
22,82.0,45,30.200000000000003,0.4782608695652174,13.8,39.0
21,83.0,46,29.3,0.4468085106382978,12.7,37.66666666666666
20,84.0,47,28.4,0.4166666666666667,11.6,36.333333333333336
19,85.0,48,27.5,0.3877551020408163,10.5,35.0
18,86.0,49,26.6,0.36,9.4,33.666666666666664
17,87.0,50,25.700000000000003,0.3333333333333333,8.3,32.333333333333336
16,88.0,51,24.8,0.3076923076923077,7.199999999999999,31.0
15,89.0,52,23.9,0.2830188679245283,6.1,29.666666666666668
14,90.0,53,23.0,0.2592592592592592,5.0,28.33333333333333
13,91.0,54,22.1,0.2363636363636363,3.9,27.0
24,80.0,55,32.0,0.4285714285714285,16.0,37.66666666666666
23,81.0,56,31.1,0.4035087719298245,14.9,36.333333333333336
22,82.0,57,30.200000000000003,0.3793103448275862,13.8,35.0
21,83.0,58,29.3,0.3559322033898305,12.7,33.666666666666664
20,84.0,59,28.4,0.3333333333333333,11.6,32.333333333333336
19,85.0,60,27.5,0.3114754098360656,10.5,31.0
18,86.0,61,26.6,0.2903225806451613,9.4,29.666666666666668
17,87.0,62,25.700000000000003,0.2698412698412698,8.3,28.33333333333333
16,88.0,63,24.8,0.25,7.199999999999999,27.0
15,89.0,64,23.9,0.2307692307692307,6.1,25.666666666666668
14,90.0,65,23.0,0.2121212121212121,5.0,24.33333333333333
13,91.0,66,22.1,0.1940298507462686,3.9,23.0
24,80.0,67,32.0,0.3529411764705882,16.0,33.666666666666664
23,81.0,68,31.1,0.3333333333333333,14.9,32.333333333333336
22,82.0,69,30.200000000000003,0.3142857142857143,13.8,31.0
21,83.0,1,29.3,10.5,12.7,52.66666666666666
20,84.0,2,28.4,6.666666666666667,11.6,51.333333333333336
19,85.0,3,27.5,4.75,10.5,50.0
18,86.0,4,26.6,3.6,9.4,48.66666666666666
17,87.0,5,25.700000000000003,2.833333333333333,8.3,47.333333333333336
16,88.0,6,24.8,2.2857142857142856,7.199999999999999,46.0
15,89.0,7,23.9,1.875,6.1,44.66666666666666
14,90.0,8,23.0,1.5555555555555556,5.0,43.333333333333336
13,91.0,9,22.1,1.3,3.9,42.0
24,80.0,10,32.0,2.1818181818181817,16.0,52.66666666666666
23,81.0,11,31.1,1.9166666666666667,14.9,51.333333333333336
22,82.0,12,30.200000000000003,1.6923076923076923,13.8,50.0
21,83.0,13,29.3,1.5,12.7,48.66666666666666
20,84.0,14,28.4,1.3333333333333333,11.6,47.333333333333336
19,85.0,15,27.5,1.1875,10.5,46.0
18,86.0,16,26.6,1.0588235294117647,9.4,44.66666666666666
17,87.0,17,25.700000000000003,0.9444444444444444,8.3,43.333333333333336
16,88.0,18,24.8,0.8421052631578947,7.199999999999999,42.0
15,89.0,19,23.9,0.75,6.1,40.66666666666666
14,90.0,20,23.0,0.6666666666666666,5.0,39.333333333333336
13,91.0,21,22.1,0.5909090909090909,3.9,38.0
24,80.0,22,32.0,1.0434782608695652,16.0,48.66666666666666
23,81.0,23,31.1,0.9583333333333334,14.9,47.333333333333336
22,82.0,24,30.200000000000003,0.88,13.8,46.0
21,83.0,25,29.3,0.8076923076923077,12.7,44.66666666666666
20,84.0,26,28.4,0.7407407407407407,11.6,43.333333333333336
19,85.0,27,27.5,0.6785714285714286,10.5,42.0
18,86.0,28,26.6,0.6206896551724138,9.4,40.66666666666666
17,87.0,29,25.700000000000003,0.5666666666666667,8.3,39.333333333333336
16,88.0,30,24.8,0.5161290322580645,7.199999999999999,38.0
24,80.0,31,32.0,0.75,16.0,45.66666666666666
23,81.0,32,31.1,0.696969696969697,14.9,44.333333333333336
22,82.0,33,30.200000000000003,0.6470588235294118,13.8,43.0
21,83.0,34,29.3,0.6,12.7,41.66666666666666
20,84.0,35,28.4,0.5555555555555556,11.6,40.333333333333336
19,85.0,36,27.5,0.5135135135135135,10.5,39.0
18,86.0,37,26.6,0.4736842105263157,9.4,37.66666666666666
17,87.0,38,25.700000000000003,0.4358974358974359,8.3,36.333333333333336
16,88.0,39,24.8,0.4,7.199999999999999,35.0
15,89.0,40,23.9,0.3658536585365853,6.1,33.666666666666664
14,90.0,41,23.0,0.3333333333333333,5.0,32.333333333333336
13,91.0,42,22.1,0.3023255813953488,3.9,31.0
24,80.0,43,32.0,0.5454545454545454,16.0,41.66666666666666
23,81.0,44,31.1,0.5111111111111111,14.9,40.333333333333336
22,82.0,45,30.200000000000003,0.4782608695652174,13.8,39.0
21,83.0,46,29.3,0.4468085106382978,12.7,37.66666666666666
20,84.0,47,28.4,0.4166666666666667,11.6,36.333333333333336
19,85.0,48,27.5,0.3877551020408163,10.5,35.0
18,86.0,49,26.6,0.36,9.4,33.666666666666664
17,87.0,50,25.700000000000003,0.3333333333333333,8.3,32.333333333333336
16,88.0,51,24.8,0.3076923076923077,7.199999999999999,31.0
15,89.0,52,23.9,0.2830188679245283,6.1,29.666666666666668
14,90.0,53,23.0,0.2592592592592592,5.0,28.33333333333333
13,91.0,54,22.1,0.2363636363636363,3.9,27.0
24,80.0,55,32.0,0.4285714285714285,16.0,37.66666666666666
23,81.0,56,31.1,0.4035087719298245,14.9,36.333333333333336
22,82.0,57,30.200000000000003,0.3793103448275862,13.8,35.0
21,83.0,58,29.3,0.3559322033898305,12.7,33.666666666666664
20,84.0,59,28.4,0.3333333333333333,11.6,32.333333333333336
19,85.0,1,27.5,9.5,10.5,50.66666666666666
18,86.0,2,26.6,6.0,9.4,49.333333333333336
17,87.0,3,25.700000000000003,4.25,8.3,48.0
16,88.0,4,24.8,3.2,7.199999999999999,46.66666666666666
15,89.0,5,23.9,2.5,6.1,45.333333333333336
14,90.0,6,23.0,2.0,5.0,44.0
13,91.0,7,22.1,1.625,3.9,42.66666666666666
24,80.0,8,32.0,2.6666666666666665,16.0,53.333333333333336
23,81.0,9,31.1,2.3,14.9,52.0
22,82.0,10,30.200000000000003,2.0,13.8,50.66666666666666
21,83.0,11,29.3,1.75,12.7,49.333333333333336
20,84.0,12,28.4,1.5384615384615383,11.6,48.0
19,85.0,13,27.5,1.3571428571428572,10.5,46.66666666666666
18,86.0,14,26.6,1.2,9.4,45.333333333333336
17,87.0,15,25.700000000000003,1.0625,8.3,44.0
16,88.0,16,24.8,0.9411764705882352,7.199999999999999,42.66666666666666
15,89.0,17,23.9,0.8333333333333334,6.1,41.333333333333336
14,90.0,18,23.0,0.7368421052631579,5.0,40.0
13,91.0,19,22.1,0.65,3.9,38.66666666666666
24,80.0,20,32.0,1.1428571428571428,16.0,49.333333333333336
23,81.0,21,31.1,1.0454545454545454,14.9,48.0
22,82.0,22,30.200000000000003,0.9565217391304348,13.8,46.66666666666666
21,83.0,23,29.3,0.875,12.7,45.333333333333336
20,84.0,24,28.4,0.8,11.6,44.0
19,85.0,25,27.5,0.7307692307692307,10.5,42.66666666666666
18,86.0,26,26.6,0.6666666666666666,9.4,41.333333333333336
17,87.0,27,25.700000000000003,0.6071428571428571,8.3,40.0
16,88.0,28,24.8,0.5517241379310345,7.199999999999999,38.66666666666666
15,89.0,29,23.9,0.5,6.1,37.333333333333336
14,90.0,30,23.0,0.4516129032258064,5.0,36.0
24,80.0,31,32.0,0.75,16.0,45.66666666666666
23,81.0,32,31.1,0.696969696969697,14.9,44.333333333333336
22,82.0,33,30.200000000000003,0.6470588235294118,13.8,43.0
21,83.0,34,29.3,0.6,12.7,41.66666666666666
20,84.0,35,28.4,0.5555555555555556,11.6,40.333333333333336
19,85.0,36,27.5,0.5135135135135135,10.5,39.0
18,86.0,37,26.6,0.4736842105263157,9.4,37.66666666666666
17,87.0,38,25.700000000000003,0.4358974358974359,8.3,36.333333333333336
16,88.0,39,24.8,0.4,7.199999999999999,35.0
15,89.0,40,23.9,0.3658536585365853,6.1,33.666666666666664
14,90.0,41,23.0,0.3333333333333333,5.0,32.333333333333336
13,91.0,42,22.1,0.3023255813953488,3.9,31.0
24,80.0,43,32.0,0.5454545454545454,16.0,41.66666666666666
23,81.0,44,31.1,0.5111111111111111,14.9,40.333333333333336
22,82.0,45,30.200000000000003,0.4782608695652174,13.8,39.0
21,83.0,46,29.3,0.4468085106382978,12.7,37.66666666666666
20,84.0,47,28.4,0.4166666666666667,11.6,36.333333333333336
19,85.0,48,27.5,0.3877551020408163,10.5,35.0
18,86.0,49,26.6,0.36,9.4,33.666666666666664
17,87.0,50,25.700000000000003,0.3333333333333333,8.3,32.333333333333336
16,88.0,51,24.8,0.3076923076923077,7.199999999999999,31.0
15,89.0,52,23.9,0.2830188679245283,6.1,29.666666666666668
14,90.0,53,23.0,0.2592592592592592,5.0,28.33333333333333
13,91.0,54,22.1,0.2363636363636363,3.9,27.0
24,80.0,55,32.0,0.4285714285714285,16.0,37.66666666666666
23,81.0,56,31.1,0.4035087719298245,14.9,36.333333333333336
22,82.0,57,30.200000000000003,0.3793103448275862,13.8,35.0
21,83.0,58,29.3,0.3559322033898305,12.7,33.666666666666664
20,84.0,59,28.4,0.3333333333333333,11.6,32.333333333333336
19,85.0,60,27.5,0.3114754098360656,10.5,31.0
18,86.0,61,26.6,0.2903225806451613,9.4,29.666666666666668
17,87.0,62,25.700000000000003,0.2698412698412698,8.3,28.33333333333333
16,88.0,63,24.8,0.25,7.199999999999999,27.0
15,89.0,64,23.9,0.2307692307692307,6.1,25.666666666666668
14,90.0,65,23.0,0.2121212121212121,5.0,24.33333333333333
13,91.0,66,22.1,0.1940298507462686,3.9,23.0
24,80.0,67,32.0,0.3529411764705882,16.0,33.666666666666664
23,81.0,68,31.1,0.3333333333333333,14.9,32.333333333333336
22,82.0,69,30.200000000000003,0.3142857142857143,13.8,31.0
21,83.0,1,29.3,10.5,12.7,52.66666666666666
20,84.0,2,28.4,6.666666666666667,11.6,51.333333333333336
19,85.0,3,27.5,4.75,10.5,50.0
18,86.0,4,26.6,3.6,9.4,48.66666666666666
17,87.0,5,25.700000000000003,2.833333333333333,8.3,47.333333333333336
16,88.0,6,24.8,2.2857142857142856,7.199999999999999,46.0
15,89.0,7,23.9,1.875,6.1,44.66666666666666
14,90.0,8,23.0,1.5555555555555556,5.0,43.333333333333336
13,91.0,9,22.1,1.3,3.9,42.0
24,80.0,10,32.0,2.1818181818181817,16.0,52.66666666666666
23,81.0,11,31.1,1.9166666666666667,14.9,51.333333333333336
22,82.0,12,30.200000000000003,1.6923076923076923,13.8,50.0
21,83.0,13,29.3,1.5,12.7,48.66666666666666
20,84.0,14,28.4,1.3333333333333333,11.6,47.333333333333336
19,85.0,15,27.5,1.1875,10.5,46.0
18,86.0,16,26.6,1.0588235294117647,9.4,44.66666666666666
17,87.0,17,25.700000000000003,0.9444444444444444,8.3,43.333333333333336
16,88.0,18,24.8,0.8421052631578947,7.199999999999999,42.0
15,89.0,19,23.9,0.75,6.1,40.66666666666666
14,90.0,20,23.0,0.6666666666666666,5.0,39.333333333333336
24,80.0,21,32.0,1.0909090909090908,16.0,49.0
23,81.0,22,31.1,1.0,14.9,47.66666666666666
22,82.0,23,30.200000000000003,0.9166666666666666,13.8,46.333333333333336
21,83.0,24,29.3,0.84,12.7,45.0
20,84.0,25,28.4,0.7692307692307693,11.6,43.66666666666666
19,85.0,26,27.5,0.7037037037037037,10.5,42.333333333333336
18,86.0,27,26.6,0.6428571428571429,9.4,41.0
17,87.0,28,25.700000000000003,0.5862068965517241,8.3,39.66666666666666
16,88.0,29,24.8,0.5333333333333333,7.199999999999999,38.333333333333336
15,89.0,30,23.9,0.4838709677419355,6.1,37.0
24,80.0,31,32.0,0.75,16.0,45.66666666666666
23,81.0,32,31.1,0.696969696969697,14.9,44.333333333333336
22,82.0,33,30.200000000000003,0.6470588235294118,13.8,43.0
21,83.0,34,29.3,0.6,12.7,41.66666666666666
20,84.0,35,28.4,0.5555555555555556,11.6,40.333333333333336
19,85.0,36,27.5,0.5135135135135135,10.5,39.0
18,86.0,37,26.6,0.4736842105263157,9.4,37.66666666666666
17,87.0,38,25.700000000000003,0.4358974358974359,8.3,36.333333333333336
16,88.0,39,24.8,0.4,7.199999999999999,35.0
15,89.0,40,23.9,0.3658536585365853,6.1,33.666666666666664
14,90.0,41,23.0,0.3333333333333333,5.0,32.333333333333336
13,91.0,42,22.1,0.3023255813953488,3.9,31.0
24,80.0,43,32.0,0.5454545454545454,16.0,41.66666666666666
23,81.0,44,31.1,0.5111111111111111,14.9,40.333333333333336
22,82.0,45,30.200000000000003,0.4782608695652174,13.8,39.0
21,83.0,46,29.3,0.4468085106382978,12.7,37.66666666666666
20,84.0,47,28.4,0.4166666666666667,11.6,36.333333333333336
19,85.0,48,27.5,0.3877551020408163,10.5,35.0
18,86.0,49,26.6,0.36,9.4,33.666666666666664
17,87.0,50,25.700000000000003,0.3333333333333333,8.3,32.333333333333336
16,88.0,51,24.8,0.3076923076923077,7.199999999999999,31.0
15,89.0,52,23.9,0.2830188679245283,6.1,29.666666666666668
14,90.0,53,23.0,0.2592592592592592,5.0,28.33333333333333
13,91.0,54,22.1,0.2363636363636363,3.9,27.0
24,80.0,55,32.0,0.4285714285714285,16.0,37.66666666666666
23,81.0,56,31.1,0.4035087719298245,14.9,36.333333333333336
22,82.0,57,30.200000000000003,0.3793103448275862,13.8,35.0
21,83.0,58,29.3,0.3559322033898305,12.7,33.666666666666664
20,84.0,59,28.4,0.3333333333333333,11.6,32.333333333333336
25,80.0,1,33.0,12.5,17.0,56.333333333333336
26,77.0,2,33.7,8.666666666666666,18.3,57.66666666666666
27,74.0,3,34.4,6.75,19.6,59.0
28,71.0,4,35.1,5.6,20.9,60.333333333333336
29,68.0,5,35.8,4.833333333333333,22.2,61.66666666666666
30,65.0,6,36.5,4.285714285714286,23.5,63.0
31,62.0,7,37.2,3.875,24.8,64.33333333333333
32,59.0,8,37.9,3.555555555555556,26.1,65.66666666666667
33,56.0,9,38.6,3.3,27.4,67.0
34,53.0,10,39.3,3.090909090909091,28.7,68.33333333333333
35,50.0,11,40.0,2.9166666666666665,30.0,69.66666666666667
36,47.0,12,40.7,2.769230769230769,31.3,71.0
37,44.0,13,41.4,2.642857142857143,32.6,72.33333333333333
38,41.0,14,42.1,2.533333333333333,33.9,73.66666666666667
39,38.0,15,42.8,2.4375,35.2,75.0
40,35.0,16,43.5,2.3529411764705883,36.5,76.33333333333333
41,32.0,17,44.2,2.2777777777777777,37.8,77.66666666666667
42,29.0,18,44.9,2.210526315789474,39.1,79.0
43,26.0,19,45.6,2.15,40.4,80.33333333333333
44,23.0,20,46.3,2.095238095238096,41.7,81.66666666666667
45,20.0,21,47.0,2.0454545454545454,43.0,83.0
46,17.0,22,47.7,2.0,44.3,84.33333333333333
25,80.0,23,33.0,1.0416666666666667,17.0,49.0
26,77.5,24,33.75,1.04,18.25,50.16666666666666
27,75.0,25,34.5,1.0384615384615383,19.5,51.333333333333336
28,72.5,26,35.25,1.037037037037037,20.75,52.5
29,70.0,27,36.0,1.0357142857142858,22.0,53.66666666666666
30,67.5,28,36.75,1.0344827586206895,23.25,54.833333333333336
31,65.0,29,37.5,1.0333333333333334,24.5,56.0
32,62.5,30,38.25,1.032258064516129,25.75,57.16666666666666
33,60.0,31,39.0,1.03125,27.0,58.333333333333336
34,57.5,32,39.75,1.0303030303030305,28.25,59.5
35,55.0,33,40.5,1.0294117647058822,29.5,60.66666666666666
36,52.5,34,41.25,1.0285714285714285,30.75,61.833333333333336
37,50.0,35,42.0,1.0277777777777777,32.0,63.0
38,47.5,36,42.75,1.027027027027027,33.25,64.16666666666667
39,45.0,37,43.5,1.0263157894736843,34.5,65.33333333333333
40,42.5,38,44.25,1.0256410256410255,35.75,66.5
41,40.0,39,45.0,1.025,37.0,67.66666666666667
42,37.5,40,45.75,1.024390243902439,38.25,68.83333333333333
43,35.0,41,46.5,1.0238095238095235,39.5,70.0
44,32.5,42,47.25,1.0232558139534884,40.75,71.16666666666667
45,30.0,43,48.0,1.0227272727272727,42.0,72.33333333333333
46,27.5,44,48.75,1.022222222222222,43.25,73.5
25,80.0,45,33.0,0.5434782608695652,17.0,41.66666666666666
26,77.3,46,33.730000000000004,0.5531914893617021,18.27,42.9
27,74.6,47,34.46,0.5625,19.54,44.13333333333333
28,71.9,48,35.19,0.5714285714285714,20.81,45.36666666666667
29,69.2,49,35.92,0.58,22.08,46.6
30,66.5,50,36.65,0.5882352941176471,23.35,47.833333333333336
31,63.8,51,37.38,0.5961538461538461,24.62,49.06666666666666
32,61.1,52,38.11,0.6037735849056604,25.89,50.3
33,58.4,53,38.84,0.6111111111111112,27.16,51.53333333333333
34,55.7,54,39.57,0.6181818181818182,28.43,52.76666666666667
35,53.0,55,40.3,0.625,29.7,54.0
36,50.3,56,41.03,0.631578947368421,30.97,55.23333333333333
37,47.6,57,41.76,0.6379310344827587,32.24,56.46666666666667
38,44.9,58,42.49,0.6440677966101694,33.51,57.7
39,42.2,59,43.22,0.65,34.78,58.93333333333334
40,39.5,60,43.95,0.6557377049180327,36.05,60.16666666666666
41,36.8,61,44.68,0.6612903225806451,37.32,61.4
42,34.1,62,45.41,0.6666666666666666,38.59,62.63333333333333
43,31.4,63,46.14,0.671875,39.86,63.86666666666667
44,28.7,64,46.87,0.676923076923077,41.13,65.10000000000001
45,26.0,65,47.6,0.6818181818181818,42.4,66.33333333333333
46,23.3,66,48.33,0.6865671641791045,43.67,67.56666666666666
25,80.0,67,33.0,0.3676470588235294,17.0,34.333333333333336
26,78.0,68,33.8,0.3768115942028985,18.2,35.333333333333336
27,76.0,69,34.6,0.3857142857142857,19.4,36.333333333333336
28,74.0,70,35.4,0.3943661971830985,20.6,37.333333333333336
29,72.0,71,36.2,0.4027777777777778,21.8,38.333333333333336
30,70.0,72,37.0,0.410958904109589,23.0,39.333333333333336
31,68.0,73,37.8,0.4189189189189189,24.2,40.333333333333336
32,66.0,74,38.6,0.4266666666666667,25.4,41.333333333333336
33,64.0,75,39.4,0.4342105263157895,26.6,42.333333333333336
34,62.0,76,40.2,0.4415584415584415,27.8,43.333333333333336
35,60.0,77,41.0,0.4487179487179487,29.0,44.333333333333336
36,58.0,78,41.8,0.4556962025316455,30.2,45.333333333333336
37,56.0,79,42.6,0.4625,31.4,46.333333333333336
38,54.0,80,43.4,0.4691358024691358,32.6,47.333333333333336
39,52.0,81,44.2,0.4756097560975609,33.8,48.333333333333336
40,50.0,82,45.0,0.4819277108433735,35.0,49.333333333333336
41,48.0,83,45.8,0.4880952380952381,36.2,50.333333333333336
42,46.0,84,46.6,0.4941176470588235,37.4,51.333333333333336
43,44.0,85,47.4,0.5,38.6,52.333333333333336
44,42.0,86,48.2,0.5057471264367817,39.8,53.333333333333336
45,40.0,87,49.0,0.5113636363636364,41.0,54.333333333333336
46,38.0,88,49.8,0.5168539325842697,42.2,55.333333333333336
25,80.0,89,33.0,0.2777777777777778,17.0,27.0
26,78.0,90,33.8,0.2857142857142857,18.2,28.0
27,76.0,91,34.6,0.2934782608695652,19.4,29.0
28,74.0,92,35.4,0.3010752688172043,20.6,30.0
29,72.0,93,36.2,0.3085106382978723,21.8,31.0
30,70.0,94,37.0,0.3157894736842105,23.0,32.0
31,68.0,95,37.8,0.3229166666666667,24.2,33.0
32,66.0,96,38.6,0.3298969072164948,25.4,34.0
33,64.0,97,39.4,0.336734693877551,26.6,35.0
34,62.0,98,40.2,0.3434343434343434,27.8,36.0
35,60.0,99,41.0,0.35,29.0,37.0
36,58.0,100,41.8,0.3564356435643564,30.2,38.0
37,56.0,1,42.6,18.5,31.4,72.33333333333333
38,54.0,2,43.4,12.666666666666666,32.6,73.33333333333333
39,52.0,3,44.2,9.75,33.8,74.33333333333333
40,50.0,4,45.0,8.0,35.0,75.33333333333333
41,48.0,5,45.8,6.833333333333333,36.2,76.33333333333333
42,46.0,6,46.6,6.0,37.4,77.33333333333333
43,44.0,7,47.4,5.375,38.6,78.33333333333333
44,42.0,8,48.2,4.888888888888889,39.8,79.33333333333333
45,40.0,9,49.0,4.5,41.0,80.33333333333333
46,38.0,10,49.8,4.181818181818182,42.2,81.33333333333333
25,80.0,11,33.0,2.083333333333333,17.0,53.0
26,77.0,12,33.7,2.0,18.3,54.333333333333336
27,74.0,13,34.4,1.9285714285714288,19.6,55.66666666666666
28,71.0,14,35.1,1.8666666666666667,20.9,57.0
29,68.0,15,35.8,1.8125,22.2,58.333333333333336
30,65.0,16,36.5,1.7647058823529411,23.5,59.66666666666666
31,62.0,17,37.2,1.7222222222222223,24.8,61.0
32,59.0,18,37.9,1.6842105263157894,26.1,62.333333333333336
33,56.0,19,38.6,1.65,27.4,63.66666666666666
34,53.0,20,39.3,1.619047619047619,28.7,65.0
35,50.0,21,40.0,1.5909090909090908,30.0,66.33333333333333
36,47.0,22,40.7,1.565217391304348,31.3,67.66666666666667
37,44.0,23,41.4,1.5416666666666667,32.6,69.0
38,41.0,24,42.1,1.52,33.9,70.33333333333333
39,38.0,25,42.8,1.5,35.2,71.66666666666667
40,35.0,26,43.5,1.4814814814814814,36.5,73.0
41,32.0,27,44.2,1.4642857142857142,37.8,74.33333333333333
42,29.0,28,44.9,1.4482758620689655,39.1,75.66666666666667
43,26.0,29,45.6,1.4333333333333331,40.4,77.0
44,23.0,30,46.3,1.4193548387096775,41.7,78.33333333333333
45,20.0,31,47.0,1.40625,43.0,79.66666666666667
46,17.0,32,47.7,1.393939393939394,44.3,81.0
25,80.0,33,33.0,0.7352941176470589,17.0,45.66666666666666
26,77.0,34,33.7,0.7428571428571429,18.3,47.0
27,74.0,35,34.4,0.75,19.6,48.333333333333336
28,71.0,36,35.1,0.7567567567567568,20.9,49.66666666666666
29,68.0,37,35.8,0.7631578947368421,22.2,51.0
30,65.0,38,36.5,0.7692307692307693,23.5,52.333333333333336
31,62.0,39,37.2,0.775,24.8,53.66666666666666
32,59.0,40,37.9,0.7804878048780488,26.1,55.0
33,56.0,41,38.6,0.7857142857142857,27.4,56.333333333333336
34,53.0,42,39.3,0.7906976744186046,28.7,57.66666666666666
35,50.0,43,40.0,0.7954545454545454,30.0,59.0
36,47.0,44,40.7,0.8,31.3,60.333333333333336
37,44.0,45,41.4,0.8043478260869565,32.6,61.66666666666666
38,41.0,46,42.1,0.8085106382978723,33.9,63.0
39,38.0,47,42.8,0.8125,35.2,64.33333333333333
40,35.0,48,43.5,0.8163265306122449,36.5,65.66666666666667
41,32.0,49,44.2,0.82,37.8,67.0
42,29.0,50,44.9,0.8235294117647058,39.1,68.33333333333333
43,26.0,51,45.6,0.8269230769230769,40.4,69.66666666666667
44,23.0,52,46.3,0.8301886792452831,41.7,71.0
45,20.0,53,47.0,0.8333333333333334,43.0,72.33333333333333
46,17.0,54,47.7,0.8363636363636363,44.3,73.66666666666667
25,80.0,55,33.0,0.4464285714285714,17.0,38.333333333333336
26,77.0,56,33.7,0.4561403508771929,18.3,39.66666666666666
27,74.0,57,34.4,0.4655172413793103,19.6,41.0
28,71.0,58,35.1,0.4745762711864407,20.9,42.333333333333336
29,68.0,59,35.8,0.4833333333333333,22.2,43.66666666666666
30,65.0,60,36.5,0.4918032786885246,23.5,45.0
31,62.0,61,37.2,0.5,24.8,46.333333333333336
32,59.0,62,37.9,0.5079365079365079,26.1,47.66666666666666
33,56.0,63,38.6,0.515625,27.4,49.0
34,53.0,64,39.3,0.5230769230769231,28.7,50.333333333333336
35,50.0,65,40.0,0.5303030303030303,30.0,51.66666666666666
36,47.0,66,40.7,0.5373134328358209,31.3,53.0
37,44.0,67,41.4,0.5441176470588235,32.6,54.333333333333336
38,41.0,68,42.1,0.5507246376811594,33.9,55.66666666666666
39,38.0,69,42.8,0.5571428571428572,35.2,57.0
40,35.0,70,43.5,0.5633802816901409,36.5,58.333333333333336
41,32.0,71,44.2,0.5694444444444444,37.8,59.66666666666666
42,29.0,72,44.9,0.5753424657534246,39.1,61.0
43,26.0,73,45.6,0.581081081081081,40.4,62.333333333333336
44,23.0,74,46.3,0.5866666666666667,41.7,63.66666666666666
45,20.0,75,47.0,0.5921052631578947,43.0,65.0
46,17.0,76,47.7,0.5974025974025974,44.3,66.33333333333333
25,80.0,77,33.0,0.3205128205128205,17.0,31.0
26,77.3,78,33.730000000000004,0.3291139240506329,18.27,32.233333333333334
27,74.6,79,34.46,0.3375,19.54,33.46666666666667
28,71.9,80,35.19,0.345679012345679,20.81,34.7
29,69.2,81,35.92,0.3536585365853658,22.08,35.93333333333333
30,66.5,82,36.65,0.3614457831325301,23.35,37.16666666666666
31,63.8,83,37.38,0.369047619047619,24.62,38.4
32,61.1,84,38.11,0.3764705882352941,25.89,39.63333333333333
33,58.4,85,38.84,0.3837209302325581,27.16,40.86666666666667
34,55.7,86,39.57,0.3908045977011494,28.43,42.1
35,53.0,87,40.3,0.3977272727272727,29.7,43.333333333333336
36,50.3,88,41.03,0.4044943820224719,30.97,44.56666666666666
37,47.6,89,41.76,0.4111111111111111,32.24,45.8
38,44.9,90,42.49,0.4175824175824176,33.51,47.03333333333333
39,42.2,91,43.22,0.4239130434782608,34.78,48.26666666666667
40,39.5,92,43.95,0.4301075268817204,36.05,49.5
41,36.8,93,44.68,0.4361702127659574,37.32,50.73333333333333
42,34.1,94,45.41,0.4421052631578947,38.59,51.96666666666667
43,31.4,95,46.14,0.4479166666666667,39.86,53.2
44,28.7,96,46.87,0.4536082474226804,41.13,54.43333333333334
45,26.0,97,47.6,0.4591836734693877,42.4,55.66666666666666
46,23.3,98,48.33,0.4646464646464646,43.67,56.9
25,80.0,99,33.0,0.25,17.0,23.666666666666668
26,77.0,100,33.7,0.2574257425742574,18.3,25.0
27,74.0,1,34.4,13.5,19.6,59.66666666666666
28,71.0,2,35.1,9.333333333333334,20.9,61.0
29,68.0,3,35.8,7.25,22.2,62.333333333333336
30,65.0,4,36.5,6.0,23.5,63.66666666666666
31,62.0,5,37.2,5.166666666666667,24.8,65.0
32,59.0,6,37.9,4.571428571428571,26.1,66.33333333333333
33,56.0,7,38.6,4.125,27.4,67.66666666666667
34,53.0,8,39.3,3.7777777777777777,28.7,69.0
35,50.0,9,40.0,3.5,30.0,70.33333333333333
36,47.0,10,40.7,3.272727272727273,31.3,71.66666666666667
37,44.0,11,41.4,3.083333333333333,32.6,73.0
38,41.0,12,42.1,2.923076923076923,33.9,74.33333333333333
39,38.0,13,42.8,2.7857142857142856,35.2,75.66666666666667
40,35.0,14,43.5,2.6666666666666665,36.5,77.0
41,32.0,15,44.2,2.5625,37.8,78.33333333333333
42,29.0,16,44.9,2.4705882352941178,39.1,79.66666666666667
43,26.0,17,45.6,2.388888888888889,40.4,81.0
44,23.0,18,46.3,2.3157894736842106,41.7,82.33333333333333
45,20.0,19,47.0,2.25,43.0,83.66666666666667
46,17.0,20,47.7,2.1904761904761907,44.3,85.0
25,80.0,21,33.0,1.1363636363636365,17.0,49.66666666666666
26,77.5,22,33.75,1.1304347826086956,18.25,50.833333333333336
27,75.0,23,34.5,1.125,19.5,52.0
28,72.5,24,35.25,1.12,20.75,53.16666666666666
29,70.0,25,36.0,1.1153846153846154,22.0,54.333333333333336
30,67.5,26,36.75,1.1111111111111112,23.25,55.5
31,65.0,27,37.5,1.1071428571428572,24.5,56.66666666666666
32,62.5,28,38.25,1.103448275862069,25.75,57.833333333333336
33,60.0,29,39.0,1.1,27.0,59.0
34,57.5,30,39.75,1.096774193548387,28.25,60.16666666666666
35,55.0,31,40.5,1.09375,29.5,61.333333333333336
36,52.5,32,41.25,1.0909090909090908,30.75,62.5
37,50.0,33,42.0,1.088235294117647,32.0,63.66666666666666
38,47.5,34,42.75,1.0857142857142856,33.25,64.83333333333333
39,45.0,35,43.5,1.0833333333333333,34.5,66.0
40,42.5,36,44.25,1.0810810810810811,35.75,67.16666666666667
41,40.0,37,45.0,1.0789473684210529,37.0,68.33333333333333
42,37.5,38,45.75,1.0769230769230769,38.25,69.5
43,35.0,39,46.5,1.075,39.5,70.66666666666667
44,32.5,40,47.25,1.0731707317073171,40.75,71.83333333333333
45,30.0,41,48.0,1.0714285714285714,42.0,73.0
46,27.5,42,48.75,1.069767441860465,43.25,74.16666666666667
25,80.0,43,33.0,0.5681818181818182,17.0,42.333333333333336
26,77.3,44,33.730000000000004,0.5777777777777777,18.27,43.56666666666666
27,74.6,45,34.46,0.5869565217391305,19.54,44.8
28,71.9,46,35.19,0.5957446808510638,20.81,46.03333333333333
29,69.2,47,35.92,0.6041666666666666,22.08,47.26666666666667
30,66.5,48,36.65,0.6122448979591837,23.35,48.5
31,63.8,49,37.38,0.62,24.62,49.73333333333333
32,61.1,50,38.11,0.6274509803921569,25.89,50.96666666666667
33,58.4,51,38.84,0.6346153846153846,27.16,52.2
34,55.7,52,39.57,0.6415094339622641,28.43,53.43333333333334
35,53.0,53,40.3,0.6481481481481481,29.7,54.66666666666666
36,50.3,54,41.03,0.6545454545454545,30.97,55.9
37,47.6,55,41.76,0.6607142857142857,32.24,57.13333333333333
38,44.9,56,42.49,0.6666666666666666,33.51,58.36666666666667
39,42.2,57,43.22,0.6724137931034483,34.78,59.6
40,39.5,58,43.95,0.6779661016949152,36.05,60.833333333333336
41,36.8,59,44.68,0.6833333333333333,37.32,62.06666666666666
42,34.1,60,45.41,0.6885245901639344,38.59,63.3
43,31.4,61,46.14,0.6935483870967742,39.86,64.53333333333333
44,28.7,62,46.87,0.6984126984126984,41.13,65.76666666666667
45,26.0,63,47.6,0.703125,42.4,67.0
46,23.3,64,48.33,0.7076923076923077,43.67,68.23333333333333
25,80.0,65,33.0,0.3787878787878788,17.0,35.0
26,77.0,66,33.7,0.3880597014925373,18.3,36.333333333333336
27,74.0,67,34.4,0.3970588235294117,19.6,37.66666666666666
28,71.0,68,35.1,0.4057971014492754,20.9,39.0
29,68.0,69,35.8,0.4142857142857143,22.2,40.333333333333336
30,65.0,70,36.5,0.4225352112676056,23.5,41.66666666666666
31,62.0,71,37.2,0.4305555555555556,24.8,43.0
32,59.0,72,37.9,0.4383561643835616,26.1,44.333333333333336
33,56.0,73,38.6,0.4459459459459459,27.4,45.66666666666666
34,53.0,74,39.3,0.4533333333333333,28.7,47.0
35,50.0,75,40.0,0.4605263157894737,30.0,48.333333333333336
36,47.0,76,40.7,0.4675324675324675,31.3,49.66666666666666
37,44.0,77,41.4,0.4743589743589743,32.6,51.0
38,41.0,78,42.1,0.4810126582278481,33.9,52.333333333333336
39,38.0,79,42.8,0.4875,35.2,53.66666666666666
40,35.0,80,43.5,0.4938271604938271,36.5,55.0
41,32.0,81,44.2,0.5,37.8,56.333333333333336
42,29.0,82,44.9,0.5060240963855421,39.1,57.66666666666666
43,26.0,83,45.6,0.5119047619047619,40.4,59.0
44,23.0,84,46.3,0.5176470588235295,41.7,60.333333333333336
45,20.0,85,47.0,0.5232558139534884,43.0,61.66666666666666
46,17.0,86,47.7,0.5287356321839081,44.3,63.0
25,80.0,87,33.0,0.2840909090909091,17.0,27.666666666666668
26,77.0,88,33.7,0.2921348314606741,18.3,29.0
27,74.0,89,34.4,0.3,19.6,30.33333333333333
28,71.0,90,35.1,0.3076923076923077,20.9,31.666666666666668
29,68.0,91,35.8,0.3152173913043478,22.2,33.0
30,65.0,92,36.5,0.3225806451612903,23.5,34.333333333333336
31,62.0,93,37.2,0.3297872340425531,24.8,35.666666666666664
32,59.0,94,37.9,0.3368421052631579,26.1,37.0
33,56.0,95,38.6,0.34375,27.4,38.333333333333336
34,53.0,96,39.3,0.3505154639175257,28.7,39.66666666666666
35,50.0,97,40.0,0.3571428571428571,30.0,41.0
36,47.0,98,40.7,0.3636363636363636,31.3,42.333333333333336
37,44.0,99,41.4,0.37,32.6,43.66666666666666
38,41.0,100,42.1,0.3762376237623762,33.9,45.0
39,38.0,1,42.8,19.5,35.2,79.66666666666667
40,35.0,2,43.5,13.333333333333334,36.5,81.0
41,32.0,3,44.2,10.25,37.8,82.33333333333333
42,29.0,4,44.9,8.4,39.1,83.66666666666667
43,26.0,5,45.6,7.166666666666667,40.4,85.0
44,23.0,6,46.3,6.285714285714286,41.7,86.33333333333333
45,20.0,7,47.0,5.625,43.0,87.66666666666667
46,17.0,8,47.7,5.111111111111111,44.3,89.0
25,80.0,9,33.0,2.5,17.0,53.66666666666666
26,77.0,10,33.7,2.363636363636364,18.3,55.0
27,74.0,11,34.4,2.25,19.6,56.333333333333336
28,71.0,12,35.1,2.1538461538461537,20.9,57.66666666666666
29,68.0,13,35.8,2.071428571428572,22.2,59.0
30,65.0,14,36.5,2.0,23.5,60.333333333333336
31,62.0,15,37.2,1.9375,24.8,61.66666666666666
32,59.0,16,37.9,1.8823529411764703,26.1,63.0
33,56.0,17,38.6,1.8333333333333333,27.4,64.33333333333333
34,53.0,18,39.3,1.7894736842105263,28.7,65.66666666666667
35,50.0,19,40.0,1.75,30.0,67.0
36,47.0,20,40.7,1.7142857142857142,31.3,68.33333333333333
37,44.0,21,41.4,1.681818181818182,32.6,69.66666666666667
38,41.0,22,42.1,1.6521739130434785,33.9,71.0
39,38.0,23,42.8,1.625,35.2,72.33333333333333
40,35.0,24,43.5,1.6,36.5,73.66666666666667
41,32.0,25,44.2,1.5769230769230769,37.8,75.0
42,29.0,26,44.9,1.5555555555555556,39.1,76.33333333333333
43,26.0,27,45.6,1.5357142857142858,40.4,77.66666666666667
44,23.0,28,46.3,1.5172413793103448,41.7,79.0
45,20.0,29,47.0,1.5,43.0,80.33333333333333
46,17.0,30,47.7,1.4838709677419355,44.3,81.66666666666667
25,80.0,31,33.0,0.78125,17.0,46.333333333333336
26,77.0,32,33.7,0.7878787878787878,18.3,47.66666666666666
27,74.0,33,34.4,0.7941176470588235,19.6,49.0
28,71.0,34,35.1,0.8,20.9,50.333333333333336
29,68.0,35,35.8,0.8055555555555556,22.2,51.66666666666666
30,65.0,36,36.5,0.8108108108108109,23.5,53.0
31,62.0,37,37.2,0.8157894736842105,24.8,54.333333333333336
32,59.0,38,37.9,0.8205128205128205,26.1,55.66666666666666
33,56.0,39,38.6,0.825,27.4,57.0
34,53.0,40,39.3,0.8292682926829268,28.7,58.333333333333336
35,50.0,41,40.0,0.8333333333333334,30.0,59.66666666666666
36,47.0,42,40.7,0.8372093023255814,31.3,61.0
37,44.0,43,41.4,0.8409090909090909,32.6,62.333333333333336
38,41.0,44,42.1,0.8444444444444444,33.9,63.66666666666666
39,38.0,45,42.8,0.8478260869565217,35.2,65.0
40,35.0,46,43.5,0.851063829787234,36.5,66.33333333333333
41,32.0,47,44.2,0.8541666666666666,37.8,67.66666666666667
42,29.0,48,44.9,0.8571428571428571,39.1,69.0
43,26.0,49,45.6,0.86,40.4,70.33333333333333
44,23.0,50,46.3,0.8627450980392157,41.7,71.66666666666667
45,20.0,51,47.0,0.8653846153846154,43.0,73.0
46,17.0,52,47.7,0.8679245283018868,44.3,74.33333333333333
25,80.0,53,33.0,0.4629629629629629,17.0,39.0
26,77.0,54,33.7,0.4727272727272727,18.3,40.333333333333336
27,74.0,55,34.4,0.4821428571428571,19.6,41.66666666666666
28,71.0,56,35.1,0.4912280701754385,20.9,43.0
29,68.0,57,35.8,0.5,22.2,44.333333333333336
30,65.0,58,36.5,0.5084745762711864,23.5,45.66666666666666
31,62.0,59,37.2,0.5166666666666667,24.8,47.0
32,59.0,60,37.9,0.5245901639344263,26.1,48.333333333333336
33,56.0,61,38.6,0.532258064516129,27.4,49.66666666666666
34,53.0,62,39.3,0.5396825396825397,28.7,51.0
35,50.0,63,40.0,0.546875,30.0,52.333333333333336
36,47.0,64,40.7,0.5538461538461539,31.3,53.66666666666666
37,44.0,65,41.4,0.5606060606060606,32.6,55.0
38,41.0,66,42.1,0.5671641791044776,33.9,56.333333333333336
39,38.0,67,42.8,0.5735294117647058,35.2,57.66666666666666
40,35.0,68,43.5,0.5797101449275363,36.5,59.0
41,32.0,69,44.2,0.5857142857142857,37.8,60.333333333333336
42,29.0,70,44.9,0.5915492957746479,39.1,61.66666666666666
43,26.0,71,45.6,0.5972222222222222,40.4,63.0
44,23.0,72,46.3,0.6027397260273972,41.7,64.33333333333333
45,20.0,73,47.0,0.6081081081081081,43.0,65.66666666666667
46,17.0,74,47.7,0.6133333333333333,44.3,67.0
25,80.0,75,33.0,0.3289473684210526,17.0,31.666666666666668
26,77.0,76,33.7,0.3376623376623376,18.3,33.0
27,74.0,77,34.4,0.3461538461538461,19.6,34.333333333333336
28,71.0,78,35.1,0.3544303797468354,20.9,35.666666666666664
29,68.0,79,35.8,0.3625,22.2,37.0
30,65.0,80,36.5,0.3703703703703703,23.5,38.333333333333336
31,62.0,81,37.2,0.3780487804878049,24.8,39.66666666666666
32,59.0,82,37.9,0.3855421686746988,26.1,41.0
33,56.0,83,38.6,0.3928571428571428,27.4,42.333333333333336
34,53.0,84,39.3,0.4,28.7,43.66666666666666
35,50.0,85,40.0,0.4069767441860465,30.0,45.0
36,47.0,86,40.7,0.4137931034482758,31.3,46.333333333333336
37,44.0,87,41.4,0.4204545454545454,32.6,47.66666666666666
38,41.0,88,42.1,0.4269662921348314,33.9,49.0
39,38.0,89,42.8,0.4333333333333333,35.2,50.333333333333336
40,35.0,90,43.5,0.4395604395604395,36.5,51.66666666666666
41,32.0,91,44.2,0.4456521739130434,37.8,53.0
42,29.0,92,44.9,0.4516129032258064,39.1,54.333333333333336
43,26.0,93,45.6,0.4574468085106383,40.4,55.66666666666666
44,23.0,94,46.3,0.4631578947368421,41.7,57.0
45,20.0,95,47.0,0.46875,43.0,58.333333333333336
46,17.0,96,47.7,0.4742268041237113,44.3,59.66666666666666
25,81.0,97,33.1,0.2551020408163265,16.9,24.0
26,79.0,98,33.9,0.2626262626262626,18.1,25.0
27,76.0,99,34.6,0.27,19.4,26.33333333333333
28,73.0,100,35.3,0.2772277227722772,20.7,27.666666666666668
25,80.0,1,33.0,12.5,17.0,56.333333333333336
26,77.0,2,33.7,8.666666666666666,18.3,57.66666666666666
27,74.0,3,34.4,6.75,19.6,59.0
28,71.0,4,35.1,5.6,20.9,60.333333333333336
29,68.0,5,35.8,4.833333333333333,22.2,61.66666666666666
30,65.0,6,36.5,4.285714285714286,23.5,63.0
31,62.0,7,37.2,3.875,24.8,64.33333333333333
32,59.0,8,37.9,3.555555555555556,26.1,65.66666666666667
33,56.0,9,38.6,3.3,27.4,67.0
34,53.0,10,39.3,3.090909090909091,28.7,68.33333333333333
35,50.0,11,40.0,2.9166666666666665,30.0,69.66666666666667
36,47.0,12,40.7,2.769230769230769,31.3,71.0
37,44.0,13,41.4,2.642857142857143,32.6,72.33333333333333
38,41.0,14,42.1,2.533333333333333,33.9,73.66666666666667
39,38.0,15,42.8,2.4375,35.2,75.0
40,35.0,16,43.5,2.3529411764705883,36.5,76.33333333333333
41,32.0,17,44.2,2.2777777777777777,37.8,77.66666666666667
42,29.0,18,44.9,2.210526315789474,39.1,79.0
43,26.0,19,45.6,2.15,40.4,80.33333333333333
44,23.0,20,46.3,2.095238095238096,41.7,81.66666666666667
45,20.0,21,47.0,2.0454545454545454,43.0,83.0
46,17.0,22,47.7,2.0,44.3,84.33333333333333
25,80.0,23,33.0,1.0416666666666667,17.0,49.0
26,77.5,24,33.75,1.04,18.25,50.16666666666666
27,75.0,25,34.5,1.0384615384615383,19.5,51.333333333333336
28,72.5,26,35.25,1.037037037037037,20.75,52.5
29,70.0,27,36.0,1.0357142857142858,22.0,53.66666666666666
30,67.5,28,36.75,1.0344827586206895,23.25,54.833333333333336
31,65.0,29,37.5,1.0333333333333334,24.5,56.0
32,62.5,30,38.25,1.032258064516129,25.75,57.16666666666666
33,60.0,31,39.0,1.03125,27.0,58.333333333333336
34,57.5,32,39.75,1.0303030303030305,28.25,59.5
35,55.0,33,40.5,1.0294117647058822,29.5,60.66666666666666
36,52.5,34,41.25,1.0285714285714285,30.75,61.833333333333336
37,50.0,35,42.0,1.0277777777777777,32.0,63.0
38,47.5,36,42.75,1.027027027027027,33.25,64.16666666666667
39,45.0,37,43.5,1.0263157894736843,34.5,65.33333333333333
40,42.5,38,44.25,1.0256410256410255,35.75,66.5
41,40.0,39,45.0,1.025,37.0,67.66666666666667
42,37.5,40,45.75,1.024390243902439,38.25,68.83333333333333
43,35.0,41,46.5,1.0238095238095235,39.5,70.0
44,32.5,42,47.25,1.0232558139534884,40.75,71.16666666666667
45,30.0,43,48.0,1.0227272727272727,42.0,72.33333333333333
46,27.5,44,48.75,1.022222222222222,43.25,73.5
25,80.0,45,33.0,0.5434782608695652,17.0,41.66666666666666
26,77.3,46,33.730000000000004,0.5531914893617021,18.27,42.9
27,74.6,47,34.46,0.5625,19.54,44.13333333333333
28,71.9,48,35.19,0.5714285714285714,20.81,45.36666666666667
29,69.2,49,35.92,0.58,22.08,46.6
30,66.5,50,36.65,0.5882352941176471,23.35,47.833333333333336
31,63.8,51,37.38,0.5961538461538461,24.62,49.06666666666666
32,61.1,52,38.11,0.6037735849056604,25.89,50.3
33,58.4,53,38.84,0.6111111111111112,27.16,51.53333333333333
34,55.7,54,39.57,0.6181818181818182,28.43,52.76666666666667
35,53.0,55,40.3,0.625,29.7,54.0
36,50.3,56,41.03,0.631578947368421,30.97,55.23333333333333
37,47.6,57,41.76,0.6379310344827587,32.24,56.46666666666667
38,44.9,58,42.49,0.6440677966101694,33.51,57.7
39,42.2,59,43.22,0.65,34.78,58.93333333333334
40,39.5,60,43.95,0.6557377049180327,36.05,60.16666666666666
41,36.8,61,44.68,0.6612903225806451,37.32,61.4
42,34.1,62,45.41,0.6666666666666666,38.59,62.63333333333333
43,31.4,63,46.14,0.671875,39.86,63.86666666666667
44,28.7,64,46.87,0.676923076923077,41.13,65.10000000000001
45,26.0,65,47.6,0.6818181818181818,42.4,66.33333333333333
46,23.3,66,48.33,0.6865671641791045,43.67,67.56666666666666
25,80.0,67,33.0,0.3676470588235294,17.0,34.333333333333336
26,78.0,68,33.8,0.3768115942028985,18.2,35.333333333333336
27,76.0,69,34.6,0.3857142857142857,19.4,36.333333333333336
28,74.0,70,35.4,0.3943661971830985,20.6,37.333333333333336
29,72.0,71,36.2,0.4027777777777778,21.8,38.333333333333336
30,70.0,72,37.0,0.410958904109589,23.0,39.333333333333336
31,68.0,73,37.8,0.4189189189189189,24.2,40.333333333333336
32,66.0,74,38.6,0.4266666666666667,25.4,41.333333333333336
33,64.0,75,39.4,0.4342105263157895,26.6,42.333333333333336
34,62.0,76,40.2,0.4415584415584415,27.8,43.333333333333336
35,60.0,77,41.0,0.4487179487179487,29.0,44.333333333333336
36,58.0,78,41.8,0.4556962025316455,30.2,45.333333333333336
37,56.0,79,42.6,0.4625,31.4,46.333333333333336
38,54.0,80,43.4,0.4691358024691358,32.6,47.333333333333336
39,52.0,81,44.2,0.4756097560975609,33.8,48.333333333333336
40,50.0,82,45.0,0.4819277108433735,35.0,49.333333333333336
41,48.0,83,45.8,0.4880952380952381,36.2,50.333333333333336
42,46.0,84,46.6,0.4941176470588235,37.4,51.333333333333336
43,44.0,85,47.4,0.5,38.6,52.333333333333336
44,42.0,86,48.2,0.5057471264367817,39.8,53.333333333333336
45,40.0,87,49.0,0.5113636363636364,41.0,54.333333333333336
46,38.0,88,49.8,0.5168539325842697,42.2,55.333333333333336
25,80.0,89,33.0,0.2777777777777778,17.0,27.0
26,78.0,90,33.8,0.2857142857142857,18.2,28.0
27,76.0,91,34.6,0.2934782608695652,19.4,29.0
28,74.0,92,35.4,0.3010752688172043,20.6,30.0
29,72.0,93,36.2,0.3085106382978723,21.8,31.0
30,70.0,94,37.0,0.3157894736842105,23.0,32.0
31,68.0,95,37.8,0.3229166666666667,24.2,33.0
32,66.0,96,38.6,0.3298969072164948,25.4,34.0
33,64.0,97,39.4,0.336734693877551,26.6,35.0
34,62.0,98,40.2,0.3434343434343434,27.8,36.0
35,60.0,99,41.0,0.35,29.0,37.0
36,58.0,100,41.8,0.3564356435643564,30.2,38.0
37,56.0,1,42.6,18.5,31.4,72.33333333333333
38,54.0,2,43.4,12.666666666666666,32.6,73.33333333333333
39,52.0,3,44.2,9.75,33.8,74.33333333333333
40,50.0,4,45.0,8.0,35.0,75.33333333333333
41,48.0,5,45.8,6.833333333333333,36.2,76.33333333333333
42,46.0,6,46.6,6.0,37.4,77.33333333333333
43,44.0,7,47.4,5.375,38.6,78.33333333333333
44,42.0,8,48.2,4.888888888888889,39.8,79.33333333333333
45,40.0,9,49.0,4.5,41.0,80.33333333333333
46,38.0,10,49.8,4.181818181818182,42.2,81.33333333333333
25,80.0,11,33.0,2.083333333333333,17.0,53.0
26,77.0,12,33.7,2.0,18.3,54.333333333333336
27,74.0,13,34.4,1.9285714285714288,19.6,55.66666666666666
28,71.0,14,35.1,1.8666666666666667,20.9,57.0
29,68.0,15,35.8,1.8125,22.2,58.333333333333336
30,65.0,16,36.5,1.7647058823529411,23.5,59.66666666666666
31,62.0,17,37.2,1.7222222222222223,24.8,61.0
32,59.0,18,37.9,1.6842105263157894,26.1,62.333333333333336
33,56.0,19,38.6,1.65,27.4,63.66666666666666
34,53.0,20,39.3,1.619047619047619,28.7,65.0
35,50.0,21,40.0,1.5909090909090908,30.0,66.33333333333333
36,47.0,22,40.7,1.565217391304348,31.3,67.66666666666667
37,44.0,23,41.4,1.5416666666666667,32.6,69.0
38,41.0,24,42.1,1.52,33.9,70.33333333333333
39,38.0,25,42.8,1.5,35.2,71.66666666666667
40,35.0,26,43.5,1.4814814814814814,36.5,73.0
41,32.0,27,44.2,1.4642857142857142,37.8,74.33333333333333
42,29.0,28,44.9,1.4482758620689655,39.1,75.66666666666667
43,26.0,29,45.6,1.4333333333333331,40.4,77.0
44,23.0,30,46.3,1.4193548387096775,41.7,78.33333333333333
45,20.0,31,47.0,1.40625,43.0,79.66666666666667
46,17.0,32,47.7,1.393939393939394,44.3,81.0
25,80.0,33,33.0,0.7352941176470589,17.0,45.66666666666666
26,77.0,34,33.7,0.7428571428571429,18.3,47.0
27,74.0,35,34.4,0.75,19.6,48.333333333333336
28,71.0,36,35.1,0.7567567567567568,20.9,49.66666666666666
29,68.0,37,35.8,0.7631578947368421,22.2,51.0
30,65.0,38,36.5,0.7692307692307693,23.5,52.333333333333336
31,62.0,39,37.2,0.775,24.8,53.66666666666666
32,59.0,40,37.9,0.7804878048780488,26.1,55.0
33,56.0,41,38.6,0.7857142857142857,27.4,56.333333333333336
34,53.0,42,39.3,0.7906976744186046,28.7,57.66666666666666
35,50.0,43,40.0,0.7954545454545454,30.0,59.0
36,47.0,44,40.7,0.8,31.3,60.333333333333336
37,44.0,45,41.4,0.8043478260869565,32.6,61.66666666666666
38,41.0,46,42.1,0.8085106382978723,33.9,63.0
39,38.0,47,42.8,0.8125,35.2,64.33333333333333
40,35.0,48,43.5,0.8163265306122449,36.5,65.66666666666667
41,32.0,49,44.2,0.82,37.8,67.0
42,29.0,50,44.9,0.8235294117647058,39.1,68.33333333333333
43,26.0,51,45.6,0.8269230769230769,40.4,69.66666666666667
44,23.0,52,46.3,0.8301886792452831,41.7,71.0
45,20.0,53,47.0,0.8333333333333334,43.0,72.33333333333333
46,17.0,54,47.7,0.8363636363636363,44.3,73.66666666666667
25,80.0,55,33.0,0.4464285714285714,17.0,38.333333333333336
26,77.0,56,33.7,0.4561403508771929,18.3,39.66666666666666
27,74.0,57,34.4,0.4655172413793103,19.6,41.0
28,71.0,58,35.1,0.4745762711864407,20.9,42.333333333333336
29,68.0,59,35.8,0.4833333333333333,22.2,43.66666666666666
30,65.0,60,36.5,0.4918032786885246,23.5,45.0
31,62.0,61,37.2,0.5,24.8,46.333333333333336
32,59.0,62,37.9,0.5079365079365079,26.1,47.66666666666666
33,56.0,63,38.6,0.515625,27.4,49.0
34,53.0,64,39.3,0.5230769230769231,28.7,50.333333333333336
35,50.0,65,40.0,0.5303030303030303,30.0,51.66666666666666
36,47.0,66,40.7,0.5373134328358209,31.3,53.0
37,44.0,67,41.4,0.5441176470588235,32.6,54.333333333333336
38,41.0,68,42.1,0.5507246376811594,33.9,55.66666666666666
39,38.0,69,42.8,0.5571428571428572,35.2,57.0
40,35.0,70,43.5,0.5633802816901409,36.5,58.333333333333336
41,32.0,71,44.2,0.5694444444444444,37.8,59.66666666666666
42,29.0,72,44.9,0.5753424657534246,39.1,61.0
43,26.0,73,45.6,0.581081081081081,40.4,62.333333333333336
44,23.0,74,46.3,0.5866666666666667,41.7,63.66666666666666
45,20.0,75,47.0,0.5921052631578947,43.0,65.0
46,17.0,76,47.7,0.5974025974025974,44.3,66.33333333333333
25,80.0,77,33.0,0.3205128205128205,17.0,31.0
26,77.3,78,33.730000000000004,0.3291139240506329,18.27,32.233333333333334
27,74.6,79,34.46,0.3375,19.54,33.46666666666667
28,71.9,80,35.19,0.345679012345679,20.81,34.7
29,69.2,81,35.92,0.3536585365853658,22.08,35.93333333333333
30,66.5,82,36.65,0.3614457831325301,23.35,37.16666666666666
31,63.8,83,37.38,0.369047619047619,24.62,38.4
32,61.1,84,38.11,0.3764705882352941,25.89,39.63333333333333
33,58.4,85,38.84,0.3837209302325581,27.16,40.86666666666667
34,55.7,86,39.57,0.3908045977011494,28.43,42.1
35,53.0,87,40.3,0.3977272727272727,29.7,43.333333333333336
36,50.3,88,41.03,0.4044943820224719,30.97,44.56666666666666
37,47.6,89,41.76,0.4111111111111111,32.24,45.8
38,44.9,90,42.49,0.4175824175824176,33.51,47.03333333333333
39,42.2,91,43.22,0.4239130434782608,34.78,48.26666666666667
40,39.5,92,43.95,0.4301075268817204,36.05,49.5
41,36.8,93,44.68,0.4361702127659574,37.32,50.73333333333333
42,34.1,94,45.41,0.4421052631578947,38.59,51.96666666666667
43,31.4,95,46.14,0.4479166666666667,39.86,53.2
44,28.7,96,46.87,0.4536082474226804,41.13,54.43333333333334
45,26.0,97,47.6,0.4591836734693877,42.4,55.66666666666666
46,23.3,98,48.33,0.4646464646464646,43.67,56.9
25,80.0,99,33.0,0.25,17.0,23.666666666666668
26,77.0,100,33.7,0.2574257425742574,18.3,25.0
27,74.0,1,34.4,13.5,19.6,59.66666666666666
28,71.0,2,35.1,9.333333333333334,20.9,61.0
29,68.0,3,35.8,7.25,22.2,62.333333333333336
30,65.0,4,36.5,6.0,23.5,63.66666666666666
31,62.0,5,37.2,5.166666666666667,24.8,65.0
32,59.0,6,37.9,4.571428571428571,26.1,66.33333333333333
33,56.0,7,38.6,4.125,27.4,67.66666666666667
34,53.0,8,39.3,3.7777777777777777,28.7,69.0
35,50.0,9,40.0,3.5,30.0,70.33333333333333
36,47.0,10,40.7,3.272727272727273,31.3,71.66666666666667
37,44.0,11,41.4,3.083333333333333,32.6,73.0
38,41.0,12,42.1,2.923076923076923,33.9,74.33333333333333
39,38.0,13,42.8,2.7857142857142856,35.2,75.66666666666667
40,35.0,14,43.5,2.6666666666666665,36.5,77.0
41,32.0,15,44.2,2.5625,37.8,78.33333333333333
42,29.0,16,44.9,2.4705882352941178,39.1,79.66666666666667
43,26.0,17,45.6,2.388888888888889,40.4,81.0
44,23.0,18,46.3,2.3157894736842106,41.7,82.33333333333333
45,20.0,19,47.0,2.25,43.0,83.66666666666667
46,17.0,20,47.7,2.1904761904761907,44.3,85.0
25,80.0,21,33.0,1.1363636363636365,17.0,49.66666666666666
26,77.5,22,33.75,1.1304347826086956,18.25,50.833333333333336
27,75.0,23,34.5,1.125,19.5,52.0
28,72.5,24,35.25,1.12,20.75,53.16666666666666
29,70.0,25,36.0,1.1153846153846154,22.0,54.333333333333336
30,67.5,26,36.75,1.1111111111111112,23.25,55.5
31,65.0,27,37.5,1.1071428571428572,24.5,56.66666666666666
32,62.5,28,38.25,1.103448275862069,25.75,57.833333333333336
33,60.0,29,39.0,1.1,27.0,59.0
34,57.5,30,39.75,1.096774193548387,28.25,60.16666666666666
35,55.0,31,40.5,1.09375,29.5,61.333333333333336
36,52.5,32,41.25,1.0909090909090908,30.75,62.5
37,50.0,33,42.0,1.088235294117647,32.0,63.66666666666666
38,47.5,34,42.75,1.0857142857142856,33.25,64.83333333333333
39,45.0,35,43.5,1.0833333333333333,34.5,66.0
40,42.5,36,44.25,1.0810810810810811,35.75,67.16666666666667
41,40.0,37,45.0,1.0789473684210529,37.0,68.33333333333333
42,37.5,38,45.75,1.0769230769230769,38.25,69.5
43,35.0,39,46.5,1.075,39.5,70.66666666666667
44,32.5,40,47.25,1.0731707317073171,40.75,71.83333333333333
45,30.0,41,48.0,1.0714285714285714,42.0,73.0
46,27.5,42,48.75,1.069767441860465,43.25,74.16666666666667
25,80.0,43,33.0,0.5681818181818182,17.0,42.333333333333336
26,77.3,44,33.730000000000004,0.5777777777777777,18.27,43.56666666666666
27,74.6,45,34.46,0.5869565217391305,19.54,44.8
28,71.9,46,35.19,0.5957446808510638,20.81,46.03333333333333
29,69.2,47,35.92,0.6041666666666666,22.08,47.26666666666667
30,66.5,48,36.65,0.6122448979591837,23.35,48.5
31,63.8,49,37.38,0.62,24.62,49.73333333333333
32,61.1,50,38.11,0.6274509803921569,25.89,50.96666666666667
33,58.4,51,38.84,0.6346153846153846,27.16,52.2
34,55.7,52,39.57,0.6415094339622641,28.43,53.43333333333334
35,53.0,53,40.3,0.6481481481481481,29.7,54.66666666666666
36,50.3,54,41.03,0.6545454545454545,30.97,55.9
37,47.6,55,41.76,0.6607142857142857,32.24,57.13333333333333
38,44.9,56,42.49,0.6666666666666666,33.51,58.36666666666667
39,42.2,57,43.22,0.6724137931034483,34.78,59.6
40,39.5,58,43.95,0.6779661016949152,36.05,60.833333333333336
41,36.8,59,44.68,0.6833333333333333,37.32,62.06666666666666
42,34.1,60,45.41,0.6885245901639344,38.59,63.3
43,31.4,61,46.14,0.6935483870967742,39.86,64.53333333333333
44,28.7,62,46.87,0.6984126984126984,41.13,65.76666666666667
45,26.0,63,47.6,0.703125,42.4,67.0
46,23.3,64,48.33,0.7076923076923077,43.67,68.23333333333333
25,80.0,65,33.0,0.3787878787878788,17.0,35.0
26,77.0,66,33.7,0.3880597014925373,18.3,36.333333333333336
27,74.0,67,34.4,0.3970588235294117,19.6,37.66666666666666
28,71.0,68,35.1,0.4057971014492754,20.9,39.0
29,68.0,69,35.8,0.4142857142857143,22.2,40.333333333333336
30,65.0,70,36.5,0.4225352112676056,23.5,41.66666666666666
31,62.0,71,37.2,0.4305555555555556,24.8,43.0
32,59.0,72,37.9,0.4383561643835616,26.1,44.333333333333336
33,56.0,73,38.6,0.4459459459459459,27.4,45.66666666666666
34,53.0,74,39.3,0.4533333333333333,28.7,47.0
35,50.0,75,40.0,0.4605263157894737,30.0,48.333333333333336
36,47.0,76,40.7,0.4675324675324675,31.3,49.66666666666666
37,44.0,77,41.4,0.4743589743589743,32.6,51.0
38,41.0,78,42.1,0.4810126582278481,33.9,52.333333333333336
39,38.0,79,42.8,0.4875,35.2,53.66666666666666
40,35.0,80,43.5,0.4938271604938271,36.5,55.0
41,32.0,81,44.2,0.5,37.8,56.333333333333336
42,29.0,82,44.9,0.5060240963855421,39.1,57.66666666666666
43,26.0,83,45.6,0.5119047619047619,40.4,59.0
44,23.0,84,46.3,0.5176470588235295,41.7,60.333333333333336
45,20.0,85,47.0,0.5232558139534884,43.0,61.66666666666666
46,17.0,86,47.7,0.5287356321839081,44.3,63.0
25,80.0,87,33.0,0.2840909090909091,17.0,27.666666666666668
26,77.0,88,33.7,0.2921348314606741,18.3,29.0
27,74.0,89,34.4,0.3,19.6,30.33333333333333
28,71.0,90,35.1,0.3076923076923077,20.9,31.666666666666668
29,68.0,91,35.8,0.3152173913043478,22.2,33.0
30,65.0,92,36.5,0.3225806451612903,23.5,34.333333333333336
31,62.0,93,37.2,0.3297872340425531,24.8,35.666666666666664
32,59.0,94,37.9,0.3368421052631579,26.1,37.0
33,56.0,95,38.6,0.34375,27.4,38.333333333333336
34,53.0,96,39.3,0.3505154639175257,28.7,39.66666666666666
35,50.0,97,40.0,0.3571428571428571,30.0,41.0
36,47.0,98,40.7,0.3636363636363636,31.3,42.333333333333336
37,44.0,99,41.4,0.37,32.6,43.66666666666666
38,41.0,100,42.1,0.3762376237623762,33.9,45.0
39,38.0,1,42.8,19.5,35.2,79.66666666666667
40,35.0,2,43.5,13.333333333333334,36.5,81.0
41,32.0,3,44.2,10.25,37.8,82.33333333333333
42,29.0,4,44.9,8.4,39.1,83.66666666666667
43,26.0,5,45.6,7.166666666666667,40.4,85.0
44,23.0,6,46.3,6.285714285714286,41.7,86.33333333333333
45,20.0,7,47.0,5.625,43.0,87.66666666666667
46,17.0,8,47.7,5.111111111111111,44.3,89.0
25,80.0,9,33.0,2.5,17.0,53.66666666666666
26,77.0,10,33.7,2.363636363636364,18.3,55.0
27,74.0,11,34.4,2.25,19.6,56.333333333333336
28,71.0,12,35.1,2.1538461538461537,20.9,57.66666666666666
29,68.0,13,35.8,2.071428571428572,22.2,59.0
30,65.0,14,36.5,2.0,23.5,60.333333333333336
31,62.0,15,37.2,1.9375,24.8,61.66666666666666
32,59.0,16,37.9,1.8823529411764703,26.1,63.0
33,56.0,17,38.6,1.8333333333333333,27.4,64.33333333333333
34,53.0,18,39.3,1.7894736842105263,28.7,65.66666666666667
35,50.0,19,40.0,1.75,30.0,67.0
36,47.0,20,40.7,1.7142857142857142,31.3,68.33333333333333
37,44.0,21,41.4,1.681818181818182,32.6,69.66666666666667
38,41.0,22,42.1,1.6521739130434785,33.9,71.0
39,38.0,23,42.8,1.625,35.2,72.33333333333333
40,35.0,24,43.5,1.6,36.5,73.66666666666667
41,32.0,25,44.2,1.5769230769230769,37.8,75.0
42,29.0,26,44.9,1.5555555555555556,39.1,76.33333333333333
43,26.0,27,45.6,1.5357142857142858,40.4,77.66666666666667
44,23.0,28,46.3,1.5172413793103448,41.7,79.0
45,20.0,29,47.0,1.5,43.0,80.33333333333333
46,17.0,30,47.7,1.4838709677419355,44.3,81.66666666666667
25,80.0,31,33.0,0.78125,17.0,46.333333333333336
26,77.0,32,33.7,0.7878787878787878,18.3,47.66666666666666
27,74.0,33,34.4,0.7941176470588235,19.6,49.0
28,71.0,34,35.1,0.8,20.9,50.333333333333336
29,68.0,35,35.8,0.8055555555555556,22.2,51.66666666666666
30,65.0,36,36.5,0.8108108108108109,23.5,53.0
31,62.0,37,37.2,0.8157894736842105,24.8,54.333333333333336
32,59.0,38,37.9,0.8205128205128205,26.1,55.66666666666666
33,56.0,39,38.6,0.825,27.4,57.0
34,53.0,40,39.3,0.8292682926829268,28.7,58.333333333333336
35,50.0,41,40.0,0.8333333333333334,30.0,59.66666666666666
36,47.0,42,40.7,0.8372093023255814,31.3,61.0
37,44.0,43,41.4,0.8409090909090909,32.6,62.333333333333336
38,41.0,44,42.1,0.8444444444444444,33.9,63.66666666666666
39,38.0,45,42.8,0.8478260869565217,35.2,65.0
40,35.0,46,43.5,0.851063829787234,36.5,66.33333333333333
41,32.0,47,44.2,0.8541666666666666,37.8,67.66666666666667
42,29.0,48,44.9,0.8571428571428571,39.1,69.0
43,26.0,49,45.6,0.86,40.4,70.33333333333333
44,23.0,50,46.3,0.8627450980392157,41.7,71.66666666666667
45,20.0,51,47.0,0.8653846153846154,43.0,73.0
46,17.0,52,47.7,0.8679245283018868,44.3,74.33333333333333
25,80.0,53,33.0,0.4629629629629629,17.0,39.0
26,77.0,54,33.7,0.4727272727272727,18.3,40.333333333333336
27,74.0,55,34.4,0.4821428571428571,19.6,41.66666666666666
28,71.0,56,35.1,0.4912280701754385,20.9,43.0
29,68.0,57,35.8,0.5,22.2,44.333333333333336
30,65.0,58,36.5,0.5084745762711864,23.5,45.66666666666666
31,62.0,59,37.2,0.5166666666666667,24.8,47.0
32,59.0,60,37.9,0.5245901639344263,26.1,48.333333333333336
33,56.0,61,38.6,0.532258064516129,27.4,49.66666666666666
34,53.0,62,39.3,0.5396825396825397,28.7,51.0
35,50.0,63,40.0,0.546875,30.0,52.333333333333336
36,47.0,64,40.7,0.5538461538461539,31.3,53.66666666666666
37,44.0,65,41.4,0.5606060606060606,32.6,55.0
38,41.0,66,42.1,0.5671641791044776,33.9,56.333333333333336
39,38.0,67,42.8,0.5735294117647058,35.2,57.66666666666666
40,35.0,68,43.5,0.5797101449275363,36.5,59.0
41,32.0,69,44.2,0.5857142857142857,37.8,60.333333333333336
42,29.0,70,44.9,0.5915492957746479,39.1,61.66666666666666
43,26.0,71,45.6,0.5972222222222222,40.4,63.0
44,23.0,72,46.3,0.6027397260273972,41.7,64.33333333333333
45,20.0,73,47.0,0.6081081081081081,43.0,65.66666666666667
46,17.0,74,47.7,0.6133333333333333,44.3,67.0
25,80.0,75,33.0,0.3289473684210526,17.0,31.666666666666668
26,77.0,76,33.7,0.3376623376623376,18.3,33.0
27,74.0,77,34.4,0.3461538461538461,19.6,34.333333333333336
28,71.0,78,35.1,0.3544303797468354,20.9,35.666666666666664
29,68.0,79,35.8,0.3625,22.2,37.0
30,65.0,80,36.5,0.3703703703703703,23.5,38.333333333333336
31,62.0,81,37.2,0.3780487804878049,24.8,39.66666666666666
32,59.0,82,37.9,0.3855421686746988,26.1,41.0
33,56.0,83,38.6,0.3928571428571428,27.4,42.333333333333336
34,53.0,84,39.3,0.4,28.7,43.66666666666666
35,50.0,85,40.0,0.4069767441860465,30.0,45.0
36,47.0,86,40.7,0.4137931034482758,31.3,46.333333333333336
37,44.0,87,41.4,0.4204545454545454,32.6,47.66666666666666
38,41.0,88,42.1,0.4269662921348314,33.9,49.0
39,38.0,89,42.8,0.4333333333333333,35.2,50.333333333333336
40,35.0,90,43.5,0.4395604395604395,36.5,51.66666666666666
41,32.0,91,44.2,0.4456521739130434,37.8,53.0
42,29.0,92,44.9,0.4516129032258064,39.1,54.333333333333336
43,26.0,93,45.6,0.4574468085106383,40.4,55.66666666666666
44,23.0,94,46.3,0.4631578947368421,41.7,57.0
45,20.0,95,47.0,0.46875,43.0,58.333333333333336
46,17.0,96,47.7,0.4742268041237113,44.3,59.66666666666666
25,81.0,97,33.1,0.2551020408163265,16.9,24.0
26,79.0,98,33.9,0.2626262626262626,18.1,25.0
27,76.0,99,34.6,0.27,19.4,26.33333333333333
28,73.0,100,35.3,0.2772277227722772,20.7,27.666666666666668
25,80.0,1,33.0,12.5,17.0,56.333333333333336
26,77.0,2,33.7,8.666666666666666,18.3,57.66666666666666
27,74.0,3,34.4,6.75,19.6,59.0
28,71.0,4,35.1,5.6,20.9,60.333333333333336
29,68.0,5,35.8,4.833333333333333,22.2,61.66666666666666
30,65.0,6,36.5,4.285714285714286,23.5,63.0
31,62.0,7,37.2,3.875,24.8,64.33333333333333
32,59.0,8,37.9,3.555555555555556,26.1,65.66666666666667
33,56.0,9,38.6,3.3,27.4,67.0
34,53.0,10,39.3,3.090909090909091,28.7,68.33333333333333
35,50.0,11,40.0,2.9166666666666665,30.0,69.66666666666667
36,47.0,12,40.7,2.769230769230769,31.3,71.0
37,44.0,13,41.4,2.642857142857143,32.6,72.33333333333333
38,41.0,14,42.1,2.533333333333333,33.9,73.66666666666667
39,38.0,15,42.8,2.4375,35.2,75.0
40,35.0,16,43.5,2.3529411764705883,36.5,76.33333333333333
41,32.0,17,44.2,2.2777777777777777,37.8,77.66666666666667
42,29.0,18,44.9,2.210526315789474,39.1,79.0
43,26.0,19,45.6,2.15,40.4,80.33333333333333
44,23.0,20,46.3,2.095238095238096,41.7,81.66666666666667
45,20.0,21,47.0,2.0454545454545454,43.0,83.0
46,17.0,22,47.7,2.0,44.3,84.33333333333333
25,80.0,23,33.0,1.0416666666666667,17.0,49.0
26,77.5,24,33.75,1.04,18.25,50.16666666666666
27,75.0,25,34.5,1.0384615384615383,19.5,51.333333333333336
28,72.5,26,35.25,1.037037037037037,20.75,52.5
29,70.0,27,36.0,1.0357142857142858,22.0,53.66666666666666
30,67.5,28,36.75,1.0344827586206895,23.25,54.833333333333336
31,65.0,29,37.5,1.0333333333333334,24.5,56.0
32,62.5,30,38.25,1.032258064516129,25.75,57.16666666666666
33,60.0,31,39.0,1.03125,27.0,58.333333333333336
34,57.5,32,39.75,1.0303030303030305,28.25,59.5
35,55.0,33,40.5,1.0294117647058822,29.5,60.66666666666666
36,52.5,34,41.25,1.0285714285714285,30.75,61.833333333333336
37,50.0,35,42.0,1.0277777777777777,32.0,63.0
38,47.5,36,42.75,1.027027027027027,33.25,64.16666666666667
39,45.0,37,43.5,1.0263157894736843,34.5,65.33333333333333
40,42.5,38,44.25,1.0256410256410255,35.75,66.5
41,40.0,39,45.0,1.025,37.0,67.66666666666667
42,37.5,40,45.75,1.024390243902439,38.25,68.83333333333333
43,35.0,41,46.5,1.0238095238095235,39.5,70.0
44,32.5,42,47.25,1.0232558139534884,40.75,71.16666666666667
45,30.0,43,48.0,1.0227272727272727,42.0,72.33333333333333
46,27.5,44,48.75,1.022222222222222,43.25,73.5
25,80.0,45,33.0,0.5434782608695652,17.0,41.66666666666666
26,77.3,46,33.730000000000004,0.5531914893617021,18.27,42.9
27,74.6,47,34.46,0.5625,19.54,44.13333333333333
28,71.9,48,35.19,0.5714285714285714,20.81,45.36666666666667
29,69.2,49,35.92,0.58,22.08,46.6
30,66.5,50,36.65,0.5882352941176471,23.35,47.833333333333336
31,63.8,51,37.38,0.5961538461538461,24.62,49.06666666666666
32,61.1,52,38.11,0.6037735849056604,25.89,50.3
33,58.4,53,38.84,0.6111111111111112,27.16,51.53333333333333
34,55.7,54,39.57,0.6181818181818182,28.43,52.76666666666667
35,53.0,55,40.3,0.625,29.7,54.0
36,50.3,56,41.03,0.631578947368421,30.97,55.23333333333333
37,47.6,57,41.76,0.6379310344827587,32.24,56.46666666666667
38,44.9,58,42.49,0.6440677966101694,33.51,57.7
39,42.2,59,43.22,0.65,34.78,58.93333333333334
40,39.5,60,43.95,0.6557377049180327,36.05,60.16666666666666
41,36.8,61,44.68,0.6612903225806451,37.32,61.4
42,34.1,62,45.41,0.6666666666666666,38.59,62.63333333333333
43,31.4,63,46.14,0.671875,39.86,63.86666666666667
44,28.7,64,46.87,0.676923076923077,41.13,65.10000000000001
45,26.0,65,47.6,0.6818181818181818,42.4,66.33333333333333
46,23.3,66,48.33,0.6865671641791045,43.67,67.56666666666666
25,80.0,67,33.0,0.3676470588235294,17.0,34.333333333333336
26,78.0,68,33.8,0.3768115942028985,18.2,35.333333333333336
27,76.0,69,34.6,0.3857142857142857,19.4,36.333333333333336
28,74.0,70,35.4,0.3943661971830985,20.6,37.333333333333336
29,72.0,71,36.2,0.4027777777777778,21.8,38.333333333333336
30,70.0,72,37.0,0.410958904109589,23.0,39.333333333333336
31,68.0,73,37.8,0.4189189189189189,24.2,40.333333333333336
32,66.0,74,38.6,0.4266666666666667,25.4,41.333333333333336
33,64.0,75,39.4,0.4342105263157895,26.6,42.333333333333336
34,62.0,76,40.2,0.4415584415584415,27.8,43.333333333333336
35,60.0,77,41.0,0.4487179487179487,29.0,44.333333333333336
36,58.0,78,41.8,0.4556962025316455,30.2,45.333333333333336
37,56.0,79,42.6,0.4625,31.4,46.333333333333336
38,54.0,80,43.4,0.4691358024691358,32.6,47.333333333333336
39,52.0,81,44.2,0.4756097560975609,33.8,48.333333333333336
40,50.0,82,45.0,0.4819277108433735,35.0,49.333333333333336
41,48.0,83,45.8,0.4880952380952381,36.2,50.333333333333336
42,46.0,84,46.6,0.4941176470588235,37.4,51.333333333333336
43,44.0,85,47.4,0.5,38.6,52.333333333333336
44,42.0,86,48.2,0.5057471264367817,39.8,53.333333333333336
45,40.0,87,49.0,0.5113636363636364,41.0,54.333333333333336
46,38.0,88,49.8,0.5168539325842697,42.2,55.333333333333336
25,80.0,89,33.0,0.2777777777777778,17.0,27.0
26,78.0,90,33.8,0.2857142857142857,18.2,28.0
27,76.0,91,34.6,0.2934782608695652,19.4,29.0
28,74.0,92,35.4,0.3010752688172043,20.6,30.0
29,72.0,93,36.2,0.3085106382978723,21.8,31.0
30,70.0,94,37.0,0.3157894736842105,23.0,32.0
31,68.0,95,37.8,0.3229166666666667,24.2,33.0
32,66.0,96,38.6,0.3298969072164948,25.4,34.0
33,64.0,97,39.4,0.336734693877551,26.6,35.0
34,62.0,98,40.2,0.3434343434343434,27.8,36.0
35,60.0,99,41.0,0.35,29.0,37.0
36,58.0,100,41.8,0.3564356435643564,30.2,38.0
37,56.0,1,42.6,18.5,31.4,72.33333333333333
38,54.0,2,43.4,12.666666666666666,32.6,73.33333333333333
39,52.0,3,44.2,9.75,33.8,74.33333333333333
40,50.0,4,45.0,8.0,35.0,75.33333333333333
41,48.0,5,45.8,6.833333333333333,36.2,76.33333333333333
42,46.0,6,46.6,6.0,37.4,77.33333333333333
43,44.0,7,47.4,5.375,38.6,78.33333333333333
44,42.0,8,48.2,4.888888888888889,39.8,79.33333333333333
45,40.0,9,49.0,4.5,41.0,80.33333333333333
46,38.0,10,49.8,4.181818181818182,42.2,81.33333333333333
25,80.0,11,33.0,2.083333333333333,17.0,53.0
26,77.0,12,33.7,2.0,18.3,54.333333333333336
27,74.0,13,34.4,1.9285714285714288,19.6,55.66666666666666
28,71.0,14,35.1,1.8666666666666667,20.9,57.0
29,68.0,15,35.8,1.8125,22.2,58.333333333333336
30,65.0,16,36.5,1.7647058823529411,23.5,59.66666666666666
31,62.0,17,37.2,1.7222222222222223,24.8,61.0
32,59.0,18,37.9,1.6842105263157894,26.1,62.333333333333336
33,56.0,19,38.6,1.65,27.4,63.66666666666666
34,53.0,20,39.3,1.619047619047619,28.7,65.0
35,50.0,21,40.0,1.5909090909090908,30.0,66.33333333333333
36,47.0,22,40.7,1.565217391304348,31.3,67.66666666666667
37,44.0,23,41.4,1.5416666666666667,32.6,69.0
38,41.0,24,42.1,1.52,33.9,70.33333333333333
39,38.0,25,42.8,1.5,35.2,71.66666666666667
40,35.0,26,43.5,1.4814814814814814,36.5,73.0
41,32.0,27,44.2,1.4642857142857142,37.8,74.33333333333333
42,29.0,28,44.9,1.4482758620689655,39.1,75.66666666666667
43,26.0,29,45.6,1.4333333333333331,40.4,77.0
44,23.0,30,46.3,1.4193548387096775,41.7,78.33333333333333
45,20.0,31,47.0,1.40625,43.0,79.66666666666667
46,17.0,32,47.7,1.393939393939394,44.3,81.0
25,80.0,33,33.0,0.7352941176470589,17.0,45.66666666666666
26,77.0,34,33.7,0.7428571428571429,18.3,47.0
27,74.0,35,34.4,0.75,19.6,48.333333333333336
28,71.0,36,35.1,0.7567567567567568,20.9,49.66666666666666
29,68.0,37,35.8,0.7631578947368421,22.2,51.0
30,65.0,38,36.5,0.7692307692307693,23.5,52.333333333333336
31,62.0,39,37.2,0.775,24.8,53.66666666666666
32,59.0,40,37.9,0.7804878048780488,26.1,55.0
33,56.0,41,38.6,0.7857142857142857,27.4,56.333333333333336
34,53.0,42,39.3,0.7906976744186046,28.7,57.66666666666666
35,50.0,43,40.0,0.7954545454545454,30.0,59.0
36,47.0,44,40.7,0.8,31.3,60.333333333333336
37,44.0,45,41.4,0.8043478260869565,32.6,61.66666666666666
38,41.0,46,42.1,0.8085106382978723,33.9,63.0
39,38.0,47,42.8,0.8125,35.2,64.33333333333333
40,35.0,48,43.5,0.8163265306122449,36.5,65.66666666666667
41,32.0,49,44.2,0.82,37.8,67.0
42,29.0,50,44.9,0.8235294117647058,39.1,68.33333333333333
43,26.0,51,45.6,0.8269230769230769,40.4,69.66666666666667
44,23.0,52,46.3,0.8301886792452831,41.7,71.0
45,20.0,53,47.0,0.8333333333333334,43.0,72.33333333333333
46,17.0,54,47.7,0.8363636363636363,44.3,73.66666666666667
25,80.0,55,33.0,0.4464285714285714,17.0,38.333333333333336
26,77.0,56,33.7,0.4561403508771929,18.3,39.66666666666666
27,74.0,57,34.4,0.4655172413793103,19.6,41.0
28,71.0,58,35.1,0.4745762711864407,20.9,42.333333333333336
29,68.0,59,35.8,0.4833333333333333,22.2,43.66666666666666
30,65.0,60,36.5,0.4918032786885246,23.5,45.0
31,62.0,61,37.2,0.5,24.8,46.333333333333336
32,59.0,62,37.9,0.5079365079365079,26.1,47.66666666666666
33,56.0,63,38.6,0.515625,27.4,49.0
34,53.0,64,39.3,0.5230769230769231,28.7,50.333333333333336
35,50.0,65,40.0,0.5303030303030303,30.0,51.66666666666666
36,47.0,66,40.7,0.5373134328358209,31.3,53.0
37,44.0,67,41.4,0.5441176470588235,32.6,54.333333333333336
38,41.0,68,42.1,0.5507246376811594,33.9,55.66666666666666
39,38.0,69,42.8,0.5571428571428572,35.2,57.0
40,35.0,70,43.5,0.5633802816901409,36.5,58.333333333333336
41,32.0,71,44.2,0.5694444444444444,37.8,59.66666666666666
42,29.0,72,44.9,0.5753424657534246,39.1,61.0
43,26.0,73,45.6,0.581081081081081,40.4,62.333333333333336
44,23.0,74,46.3,0.5866666666666667,41.7,63.66666666666666
45,20.0,75,47.0,0.5921052631578947,43.0,65.0
46,17.0,76,47.7,0.5974025974025974,44.3,66.33333333333333
25,80.0,77,33.0,0.3205128205128205,17.0,31.0
26,77.3,78,33.730000000000004,0.3291139240506329,18.27,32.233333333333334
27,74.6,79,34.46,0.3375,19.54,33.46666666666667
28,71.9,80,35.19,0.345679012345679,20.81,34.7
29,69.2,81,35.92,0.3536585365853658,22.08,35.93333333333333
30,66.5,82,36.65,0.3614457831325301,23.35,37.16666666666666
31,63.8,83,37.38,0.369047619047619,24.62,38.4
32,61.1,84,38.11,0.3764705882352941,25.89,39.63333333333333
33,58.4,85,38.84,0.3837209302325581,27.16,40.86666666666667
34,55.7,86,39.57,0.3908045977011494,28.43,42.1
35,53.0,87,40.3,0.3977272727272727,29.7,43.333333333333336
36,50.3,88,41.03,0.4044943820224719,30.97,44.56666666666666
37,47.6,89,41.76,0.4111111111111111,32.24,45.8
38,44.9,90,42.49,0.4175824175824176,33.51,47.03333333333333
39,42.2,91,43.22,0.4239130434782608,34.78,48.26666666666667
40,39.5,92,43.95,0.4301075268817204,36.05,49.5
41,36.8,93,44.68,0.4361702127659574,37.32,50.73333333333333
42,34.1,94,45.41,0.4421052631578947,38.59,51.96666666666667
43,31.4,95,46.14,0.4479166666666667,39.86,53.2
44,28.7,96,46.87,0.4536082474226804,41.13,54.43333333333334
45,26.0,97,47.6,0.4591836734693877,42.4,55.66666666666666
46,23.3,98,48.33,0.4646464646464646,43.67,56.9
25,80.0,99,33.0,0.25,17.0,23.666666666666668
26,77.0,100,33.7,0.2574257425742574,18.3,25.0
27,74.0,1,34.4,13.5,19.6,59.66666666666666
28,71.0,2,35.1,9.333333333333334,20.9,61.0
29,68.0,3,35.8,7.25,22.2,62.333333333333336
30,65.0,4,36.5,6.0,23.5,63.66666666666666
31,62.0,5,37.2,5.166666666666667,24.8,65.0
32,59.0,6,37.9,4.571428571428571,26.1,66.33333333333333
33,56.0,7,38.6,4.125,27.4,67.66666666666667
34,53.0,8,39.3,3.7777777777777777,28.7,69.0
35,50.0,9,40.0,3.5,30.0,70.33333333333333
36,47.0,10,40.7,3.272727272727273,31.3,71.66666666666667
37,44.0,11,41.4,3.083333333333333,32.6,73.0
38,41.0,12,42.1,2.923076923076923,33.9,74.33333333333333
39,38.0,13,42.8,2.7857142857142856,35.2,75.66666666666667
40,35.0,14,43.5,2.6666666666666665,36.5,77.0
41,32.0,15,44.2,2.5625,37.8,78.33333333333333
42,29.0,16,44.9,2.4705882352941178,39.1,79.66666666666667
43,26.0,17,45.6,2.388888888888889,40.4,81.0
44,23.0,18,46.3,2.3157894736842106,41.7,82.33333333333333
45,20.0,19,47.0,2.25,43.0,83.66666666666667
46,17.0,20,47.7,2.1904761904761907,44.3,85.0
25,80.0,21,33.0,1.1363636363636365,17.0,49.66666666666666
26,77.5,22,33.75,1.1304347826086956,18.25,50.833333333333336
27,75.0,23,34.5,1.125,19.5,52.0
28,72.5,24,35.25,1.12,20.75,53.16666666666666
29,70.0,25,36.0,1.1153846153846154,22.0,54.333333333333336
30,67.5,26,36.75,1.1111111111111112,23.25,55.5
31,65.0,27,37.5,1.1071428571428572,24.5,56.66666666666666
32,62.5,28,38.25,1.103448275862069,25.75,57.833333333333336
33,60.0,29,39.0,1.1,27.0,59.0
34,57.5,30,39.75,1.096774193548387,28.25,60.16666666666666
35,55.0,31,40.5,1.09375,29.5,61.333333333333336
36,52.5,32,41.25,1.0909090909090908,30.75,62.5
37,50.0,33,42.0,1.088235294117647,32.0,63.66666666666666
38,47.5,34,42.75,1.0857142857142856,33.25,64.83333333333333
39,45.0,35,43.5,1.0833333333333333,34.5,66.0
40,42.5,36,44.25,1.0810810810810811,35.75,67.16666666666667
41,40.0,37,45.0,1.0789473684210529,37.0,68.33333333333333
42,37.5,38,45.75,1.0769230769230769,38.25,69.5
43,35.0,39,46.5,1.075,39.5,70.66666666666667
44,32.5,40,47.25,1.0731707317073171,40.75,71.83333333333333
45,30.0,41,48.0,1.0714285714285714,42.0,73.0
46,27.5,42,48.75,1.069767441860465,43.25,74.16666666666667
25,80.0,43,33.0,0.5681818181818182,17.0,42.333333333333336
26,77.3,44,33.730000000000004,0.5777777777777777,18.27,43.56666666666666
27,74.6,45,34.46,0.5869565217391305,19.54,44.8
28,71.9,46,35.19,0.5957446808510638,20.81,46.03333333333333
29,69.2,47,35.92,0.6041666666666666,22.08,47.26666666666667
30,66.5,48,36.65,0.6122448979591837,23.35,48.5
31,63.8,49,37.38,0.62,24.62,49.73333333333333
32,61.1,50,38.11,0.6274509803921569,25.89,50.96666666666667
33,58.4,51,38.84,0.6346153846153846,27.16,52.2
34,55.7,52,39.57,0.6415094339622641,28.43,53.43333333333334
35,53.0,53,40.3,0.6481481481481481,29.7,54.66666666666666
36,50.3,54,41.03,0.6545454545454545,30.97,55.9
37,47.6,55,41.76,0.6607142857142857,32.24,57.13333333333333
38,44.9,56,42.49,0.6666666666666666,33.51,58.36666666666667
39,42.2,57,43.22,0.6724137931034483,34.78,59.6
40,39.5,58,43.95,0.6779661016949152,36.05,60.833333333333336
41,36.8,59,44.68,0.6833333333333333,37.32,62.06666666666666
42,34.1,60,45.41,0.6885245901639344,38.59,63.3
43,31.4,61,46.14,0.6935483870967742,39.86,64.53333333333333
44,28.7,62,46.87,0.6984126984126984,41.13,65.76666666666667
45,26.0,63,47.6,0.703125,42.4,67.0
46,23.3,64,48.33,0.7076923076923077,43.67,68.23333333333333
25,80.0,65,33.0,0.3787878787878788,17.0,35.0
26,77.0,66,33.7,0.3880597014925373,18.3,36.333333333333336
27,74.0,67,34.4,0.3970588235294117,19.6,37.66666666666666
28,71.0,68,35.1,0.4057971014492754,20.9,39.0
29,68.0,69,35.8,0.4142857142857143,22.2,40.333333333333336
30,65.0,70,36.5,0.4225352112676056,23.5,41.66666666666666
31,62.0,71,37.2,0.4305555555555556,24.8,43.0
32,59.0,72,37.9,0.4383561643835616,26.1,44.333333333333336
33,56.0,73,38.6,0.4459459459459459,27.4,45.66666666666666
34,53.0,74,39.3,0.4533333333333333,28.7,47.0
35,50.0,75,40.0,0.4605263157894737,30.0,48.333333333333336
36,47.0,76,40.7,0.4675324675324675,31.3,49.66666666666666
37,44.0,77,41.4,0.4743589743589743,32.6,51.0
38,41.0,78,42.1,0.4810126582278481,33.9,52.333333333333336
39,38.0,79,42.8,0.4875,35.2,53.66666666666666
40,35.0,80,43.5,0.4938271604938271,36.5,55.0
41,32.0,81,44.2,0.5,37.8,56.333333333333336
42,29.0,82,44.9,0.5060240963855421,39.1,57.66666666666666
43,26.0,83,45.6,0.5119047619047619,40.4,59.0
44,23.0,84,46.3,0.5176470588235295,41.7,60.333333333333336
45,20.0,85,47.0,0.5232558139534884,43.0,61.66666666666666
46,17.0,86,47.7,0.5287356321839081,44.3,63.0
25,80.0,87,33.0,0.2840909090909091,17.0,27.666666666666668
26,77.0,88,33.7,0.2921348314606741,18.3,29.0
27,74.0,89,34.4,0.3,19.6,30.33333333333333
28,71.0,90,35.1,0.3076923076923077,20.9,31.666666666666668
29,68.0,91,35.8,0.3152173913043478,22.2,33.0
30,65.0,92,36.5,0.3225806451612903,23.5,34.333333333333336
31,62.0,93,37.2,0.3297872340425531,24.8,35.666666666666664
32,59.0,94,37.9,0.3368421052631579,26.1,37.0
33,56.0,95,38.6,0.34375,27.4,38.333333333333336
34,53.0,96,39.3,0.3505154639175257,28.7,39.66666666666666
35,50.0,97,40.0,0.3571428571428571,30.0,41.0
36,47.0,98,40.7,0.3636363636363636,31.3,42.333333333333336
37,44.0,99,41.4,0.37,32.6,43.66666666666666
38,41.0,100,42.1,0.3762376237623762,33.9,45.0
39,38.0,1,42.8,19.5,35.2,79.66666666666667
40,35.0,2,43.5,13.333333333333334,36.5,81.0
41,32.0,3,44.2,10.25,37.8,82.33333333333333
42,29.0,4,44.9,8.4,39.1,83.66666666666667
43,26.0,5,45.6,7.166666666666667,40.4,85.0
44,23.0,6,46.3,6.285714285714286,41.7,86.33333333333333
45,20.0,7,47.0,5.625,43.0,87.66666666666667
46,17.0,8,47.7,5.111111111111111,44.3,89.0
25,80.0,9,33.0,2.5,17.0,53.66666666666666
26,77.0,10,33.7,2.363636363636364,18.3,55.0
27,74.0,11,34.4,2.25,19.6,56.333333333333336
28,71.0,12,35.1,2.1538461538461537,20.9,57.66666666666666
29,68.0,13,35.8,2.071428571428572,22.2,59.0
30,65.0,14,36.5,2.0,23.5,60.333333333333336
31,62.0,15,37.2,1.9375,24.8,61.66666666666666
32,59.0,16,37.9,1.8823529411764703,26.1,63.0
33,56.0,17,38.6,1.8333333333333333,27.4,64.33333333333333
34,53.0,18,39.3,1.7894736842105263,28.7,65.66666666666667
35,50.0,19,40.0,1.75,30.0,67.0
36,47.0,20,40.7,1.7142857142857142,31.3,68.33333333333333
37,44.0,21,41.4,1.681818181818182,32.6,69.66666666666667
38,41.0,22,42.1,1.6521739130434785,33.9,71.0
39,38.0,23,42.8,1.625,35.2,72.33333333333333
40,35.0,24,43.5,1.6,36.5,73.66666666666667
41,32.0,25,44.2,1.5769230769230769,37.8,75.0
42,29.0,26,44.9,1.5555555555555556,39.1,76.33333333333333
43,26.0,27,45.6,1.5357142857142858,40.4,77.66666666666667
44,23.0,28,46.3,1.5172413793103448,41.7,79.0
45,20.0,29,47.0,1.5,43.0,80.33333333333333
46,17.0,30,47.7,1.4838709677419355,44.3,81.66666666666667
25,80.0,31,33.0,0.78125,17.0,46.333333333333336
26,77.0,32,33.7,0.7878787878787878,18.3,47.66666666666666
27,74.0,33,34.4,0.7941176470588235,19.6,49.0
28,71.0,34,35.1,0.8,20.9,50.333333333333336
29,68.0,35,35.8,0.8055555555555556,22.2,51.66666666666666
30,65.0,36,36.5,0.8108108108108109,23.5,53.0
31,62.0,37,37.2,0.8157894736842105,24.8,54.333333333333336
32,59.0,38,37.9,0.8205128205128205,26.1,55.66666666666666
33,56.0,39,38.6,0.825,27.4,57.0
34,53.0,40,39.3,0.8292682926829268,28.7,58.333333333333336
35,50.0,41,40.0,0.8333333333333334,30.0,59.66666666666666
36,47.0,42,40.7,0.8372093023255814,31.3,61.0
37,44.0,43,41.4,0.8409090909090909,32.6,62.333333333333336
38,41.0,44,42.1,0.8444444444444444,33.9,63.66666666666666
39,38.0,45,42.8,0.8478260869565217,35.2,65.0
40,35.0,46,43.5,0.851063829787234,36.5,66.33333333333333
41,32.0,47,44.2,0.8541666666666666,37.8,67.66666666666667
42,29.0,48,44.9,0.8571428571428571,39.1,69.0
43,26.0,49,45.6,0.86,40.4,70.33333333333333
44,23.0,50,46.3,0.8627450980392157,41.7,71.66666666666667
45,20.0,51,47.0,0.8653846153846154,43.0,73.0
46,17.0,52,47.7,0.8679245283018868,44.3,74.33333333333333
25,80.0,53,33.0,0.4629629629629629,17.0,39.0
26,77.0,54,33.7,0.4727272727272727,18.3,40.333333333333336
27,74.0,55,34.4,0.4821428571428571,19.6,41.66666666666666
28,71.0,56,35.1,0.4912280701754385,20.9,43.0
29,68.0,57,35.8,0.5,22.2,44.333333333333336
30,65.0,58,36.5,0.5084745762711864,23.5,45.66666666666666
31,62.0,59,37.2,0.5166666666666667,24.8,47.0
32,59.0,60,37.9,0.5245901639344263,26.1,48.333333333333336
33,56.0,61,38.6,0.532258064516129,27.4,49.66666666666666
34,53.0,62,39.3,0.5396825396825397,28.7,51.0
35,50.0,63,40.0,0.546875,30.0,52.333333333333336
36,47.0,64,40.7,0.5538461538461539,31.3,53.66666666666666
37,44.0,65,41.4,0.5606060606060606,32.6,55.0
38,41.0,66,42.1,0.5671641791044776,33.9,56.333333333333336
39,38.0,67,42.8,0.5735294117647058,35.2,57.66666666666666
40,35.0,68,43.5,0.5797101449275363,36.5,59.0
41,32.0,69,44.2,0.5857142857142857,37.8,60.333333333333336
42,29.0,70,44.9,0.5915492957746479,39.1,61.66666666666666
43,26.0,71,45.6,0.5972222222222222,40.4,63.0
44,23.0,72,46.3,0.6027397260273972,41.7,64.33333333333333
45,20.0,73,47.0,0.6081081081081081,43.0,65.66666666666667
46,17.0,74,47.7,0.6133333333333333,44.3,67.0
25,80.0,75,33.0,0.3289473684210526,17.0,31.666666666666668
26,77.0,76,33.7,0.3376623376623376,18.3,33.0
27,74.0,77,34.4,0.3461538461538461,19.6,34.333333333333336
28,71.0,78,35.1,0.3544303797468354,20.9,35.666666666666664
29,68.0,79,35.8,0.3625,22.2,37.0
30,65.0,80,36.5,0.3703703703703703,23.5,38.333333333333336
31,62.0,81,37.2,0.3780487804878049,24.8,39.66666666666666
32,59.0,82,37.9,0.3855421686746988,26.1,41.0
33,56.0,83,38.6,0.3928571428571428,27.4,42.333333333333336
34,53.0,84,39.3,0.4,28.7,43.66666666666666
35,50.0,85,40.0,0.4069767441860465,30.0,45.0
36,47.0,86,40.7,0.4137931034482758,31.3,46.333333333333336
37,44.0,87,41.4,0.4204545454545454,32.6,47.66666666666666
38,41.0,88,42.1,0.4269662921348314,33.9,49.0
39,38.0,89,42.8,0.4333333333333333,35.2,50.333333333333336
40,35.0,90,43.5,0.4395604395604395,36.5,51.66666666666666
41,32.0,91,44.2,0.4456521739130434,37.8,53.0
42,29.0,92,44.9,0.4516129032258064,39.1,54.333333333333336
43,26.0,93,45.6,0.4574468085106383,40.4,55.66666666666666
44,23.0,94,46.3,0.4631578947368421,41.7,57.0
45,20.0,95,47.0,0.46875,43.0,58.333333333333336
46,17.0,96,47.7,0.4742268041237113,44.3,59.66666666666666
25,81.0,97,33.1,0.2551020408163265,16.9,24.0
26,79.0,98,33.9,0.2626262626262626,18.1,25.0
27,76.0,99,34.6,0.27,19.4,26.33333333333333
28,73.0,100,35.3,0.2772277227722772,20.7,27.666666666666668
29,70.0,1,36.0,14.5,22.0,62.333333333333336
30,67.0,2,36.7,10.0,23.3,63.66666666666666
31,64.0,3,37.4,7.75,24.6,65.0
32,61.0,4,38.1,6.4,25.9,66.33333333333333
33,58.0,5,38.8,5.5,27.2,67.66666666666667
34,55.0,6,39.5,4.857142857142857,28.5,69.0
35,52.0,7,40.2,4.375,29.8,70.33333333333333
36,49.0,8,40.9,4.0,31.1,71.66666666666667
25,80.0,9,33.0,2.5,17.0,53.66666666666666
26,77.0,10,33.7,2.363636363636364,18.3,55.0
27,74.0,11,34.4,2.25,19.6,56.333333333333336
28,71.0,12,35.1,2.1538461538461537,20.9,57.66666666666666
29,68.0,13,35.8,2.071428571428572,22.2,59.0
30,65.0,14,36.5,2.0,23.5,60.333333333333336
31,62.0,15,37.2,1.9375,24.8,61.66666666666666
32,59.0,16,37.9,1.8823529411764703,26.1,63.0
33,56.0,17,38.6,1.8333333333333333,27.4,64.33333333333333
34,53.0,18,39.3,1.7894736842105263,28.7,65.66666666666667
35,50.0,19,40.0,1.75,30.0,67.0
36,47.0,20,40.7,1.7142857142857142,31.3,68.33333333333333
37,44.0,21,41.4,1.681818181818182,32.6,69.66666666666667
38,41.0,22,42.1,1.6521739130434785,33.9,71.0
39,38.0,23,42.8,1.625,35.2,72.33333333333333
40,35.0,24,43.5,1.6,36.5,73.66666666666667
41,32.0,25,44.2,1.5769230769230769,37.8,75.0
42,29.0,26,44.9,1.5555555555555556,39.1,76.33333333333333
43,26.0,27,45.6,1.5357142857142858,40.4,77.66666666666667
44,23.0,28,46.3,1.5172413793103448,41.7,79.0
45,20.0,29,47.0,1.5,43.0,80.33333333333333
46,17.0,30,47.7,1.4838709677419355,44.3,81.66666666666667
25,80.0,31,33.0,0.78125,17.0,46.333333333333336
26,77.0,32,33.7,0.7878787878787878,18.3,47.66666666666666
27,74.0,33,34.4,0.7941176470588235,19.6,49.0
28,71.0,34,35.1,0.8,20.9,50.333333333333336
29,68.0,35,35.8,0.8055555555555556,22.2,51.66666666666666
30,65.0,36,36.5,0.8108108108108109,23.5,53.0
31,62.0,37,37.2,0.8157894736842105,24.8,54.333333333333336
32,59.0,38,37.9,0.8205128205128205,26.1,55.66666666666666
33,56.0,39,38.6,0.825,27.4,57.0
34,53.0,40,39.3,0.8292682926829268,28.7,58.333333333333336
35,50.0,41,40.0,0.8333333333333334,30.0,59.66666666666666
36,47.0,42,40.7,0.8372093023255814,31.3,61.0
37,44.0,43,41.4,0.8409090909090909,32.6,62.333333333333336
38,41.0,44,42.1,0.8444444444444444,33.9,63.66666666666666
39,38.0,45,42.8,0.8478260869565217,35.2,65.0
40,35.0,46,43.5,0.851063829787234,36.5,66.33333333333333
41,32.0,47,44.2,0.8541666666666666,37.8,67.66666666666667
42,29.0,48,44.9,0.8571428571428571,39.1,69.0
43,26.0,49,45.6,0.86,40.4,70.33333333333333
44,23.0,50,46.3,0.8627450980392157,41.7,71.66666666666667
45,20.0,51,47.0,0.8653846153846154,43.0,73.0
46,17.0,52,47.7,0.8679245283018868,44.3,74.33333333333333
25,80.0,53,33.0,0.4629629629629629,17.0,39.0
26,77.0,54,33.7,0.4727272727272727,18.3,40.333333333333336
27,74.0,55,34.4,0.4821428571428571,19.6,41.66666666666666
28,71.0,56,35.1,0.4912280701754385,20.9,43.0
29,68.0,57,35.8,0.5,22.2,44.333333333333336
30,65.0,58,36.5,0.5084745762711864,23.5,45.66666666666666
31,62.0,59,37.2,0.5166666666666667,24.8,47.0
32,59.0,60,37.9,0.5245901639344263,26.1,48.333333333333336
33,56.0,61,38.6,0.532258064516129,27.4,49.66666666666666
34,53.0,62,39.3,0.5396825396825397,28.7,51.0
35,50.0,63,40.0,0.546875,30.0,52.333333333333336
36,47.0,64,40.7,0.5538461538461539,31.3,53.66666666666666
37,44.0,65,41.4,0.5606060606060606,32.6,55.0
38,41.0,66,42.1,0.5671641791044776,33.9,56.333333333333336
39,38.0,67,42.8,0.5735294117647058,35.2,57.66666666666666
40,35.0,68,43.5,0.5797101449275363,36.5,59.0
41,32.0,69,44.2,0.5857142857142857,37.8,60.333333333333336
42,29.0,70,44.9,0.5915492957746479,39.1,61.66666666666666
43,26.0,71,45.6,0.5972222222222222,40.4,63.0
44,23.0,72,46.3,0.6027397260273972,41.7,64.33333333333333
45,20.0,73,47.0,0.6081081081081081,43.0,65.66666666666667
46,17.0,74,47.7,0.6133333333333333,44.3,67.0
25,80.0,75,33.0,0.3289473684210526,17.0,31.666666666666668
26,77.0,76,33.7,0.3376623376623376,18.3,33.0
27,74.0,77,34.4,0.3461538461538461,19.6,34.333333333333336
28,71.0,78,35.1,0.3544303797468354,20.9,35.666666666666664
29,68.0,79,35.8,0.3625,22.2,37.0
30,65.0,80,36.5,0.3703703703703703,23.5,38.333333333333336
31,62.0,81,37.2,0.3780487804878049,24.8,39.66666666666666
32,59.0,82,37.9,0.3855421686746988,26.1,41.0
33,56.0,83,38.6,0.3928571428571428,27.4,42.333333333333336
34,53.0,84,39.3,0.4,28.7,43.66666666666666
35,50.0,85,40.0,0.4069767441860465,30.0,45.0
36,47.0,86,40.7,0.4137931034482758,31.3,46.333333333333336
37,44.0,87,41.4,0.4204545454545454,32.6,47.66666666666666
38,41.0,88,42.1,0.4269662921348314,33.9,49.0
39,38.0,89,42.8,0.4333333333333333,35.2,50.333333333333336
40,35.0,90,43.5,0.4395604395604395,36.5,51.66666666666666
41,32.0,91,44.2,0.4456521739130434,37.8,53.0
42,29.0,92,44.9,0.4516129032258064,39.1,54.333333333333336
43,26.0,93,45.6,0.4574468085106383,40.4,55.66666666666666
44,23.0,94,46.3,0.4631578947368421,41.7,57.0
45,20.0,95,47.0,0.46875,43.0,58.333333333333336
46,17.0,96,47.7,0.4742268041237113,44.3,59.66666666666666
25,81.0,97,33.1,0.2551020408163265,16.9,24.0
26,79.0,98,33.9,0.2626262626262626,18.1,25.0
27,76.0,99,34.6,0.27,19.4,26.33333333333333
28,73.0,100,35.3,0.2772277227722772,20.7,27.666666666666668
29,70.0,1,36.0,14.5,22.0,62.333333333333336
30,67.0,2,36.7,10.0,23.3,63.66666666666666
31,64.0,3,37.4,7.75,24.6,65.0
32,61.0,4,38.1,6.4,25.9,66.33333333333333
33,58.0,5,38.8,5.5,27.2,67.66666666666667
34,55.0,6,39.5,4.857142857142857,28.5,69.0
35,52.0,7,40.2,4.375,29.8,70.33333333333333
36,49.0,8,40.9,4.0,31.1,71.66666666666667
25,80.0,9,33.0,2.5,17.0,53.66666666666666
26,77.0,10,33.7,2.363636363636364,18.3,55.0
27,74.0,11,34.4,2.25,19.6,56.333333333333336
28,71.0,12,35.1,2.1538461538461537,20.9,57.66666666666666
29,68.0,13,35.8,2.071428571428572,22.2,59.0
30,65.0,14,36.5,2.0,23.5,60.333333333333336
31,62.0,15,37.2,1.9375,24.8,61.66666666666666
32,59.0,16,37.9,1.8823529411764703,26.1,63.0
33,56.0,17,38.6,1.8333333333333333,27.4,64.33333333333333
34,53.0,18,39.3,1.7894736842105263,28.7,65.66666666666667
35,50.0,19,40.0,1.75,30.0,67.0
36,47.0,20,40.7,1.7142857142857142,31.3,68.33333333333333
37,44.0,21,41.4,1.681818181818182,32.6,69.66666666666667
38,41.0,22,42.1,1.6521739130434785,33.9,71.0
39,38.0,23,42.8,1.625,35.2,72.33333333333333
40,35.0,24,43.5,1.6,36.5,73.66666666666667
41,32.0,25,44.2,1.5769230769230769,37.8,75.0
42,29.0,26,44.9,1.5555555555555556,39.1,76.33333333333333
43,26.0,27,45.6,1.5357142857142858,40.4,77.66666666666667
44,23.0,28,46.3,1.5172413793103448,41.7,79.0
45,20.0,29,47.0,1.5,43.0,80.33333333333333
46,17.0,30,47.7,1.4838709677419355,44.3,81.66666666666667
25,80.0,31,33.0,0.78125,17.0,46.333333333333336
26,77.0,32,33.7,0.7878787878787878,18.3,47.66666666666666
27,74.0,33,34.4,0.7941176470588235,19.6,49.0
28,71.0,34,35.1,0.8,20.9,50.333333333333336
29,68.0,35,35.8,0.8055555555555556,22.2,51.66666666666666
30,65.0,36,36.5,0.8108108108108109,23.5,53.0
31,62.0,37,37.2,0.8157894736842105,24.8,54.333333333333336
32,59.0,38,37.9,0.8205128205128205,26.1,55.66666666666666
33,56.0,39,38.6,0.825,27.4,57.0
34,53.0,40,39.3,0.8292682926829268,28.7,58.333333333333336
35,50.0,41,40.0,0.8333333333333334,30.0,59.66666666666666
36,47.0,42,40.7,0.8372093023255814,31.3,61.0
37,44.0,43,41.4,0.8409090909090909,32.6,62.333333333333336
38,41.0,44,42.1,0.8444444444444444,33.9,63.66666666666666
39,38.0,45,42.8,0.8478260869565217,35.2,65.0
40,35.0,46,43.5,0.851063829787234,36.5,66.33333333333333
41,32.0,47,44.2,0.8541666666666666,37.8,67.66666666666667
42,29.0,48,44.9,0.8571428571428571,39.1,69.0
43,26.0,49,45.6,0.86,40.4,70.33333333333333
44,23.0,50,46.3,0.8627450980392157,41.7,71.66666666666667
45,20.0,51,47.0,0.8653846153846154,43.0,73.0
46,17.0,52,47.7,0.8679245283018868,44.3,74.33333333333333
25,80.0,53,33.0,0.4629629629629629,17.0,39.0
26,77.0,54,33.7,0.4727272727272727,18.3,40.333333333333336
27,74.0,55,34.4,0.4821428571428571,19.6,41.66666666666666
28,71.0,56,35.1,0.4912280701754385,20.9,43.0
29,68.0,57,35.8,0.5,22.2,44.333333333333336
30,65.0,58,36.5,0.5084745762711864,23.5,45.66666666666666
31,62.0,59,37.2,0.5166666666666667,24.8,47.0
32,59.0,60,37.9,0.5245901639344263,26.1,48.333333333333336
33,56.0,61,38.6,0.532258064516129,27.4,49.66666666666666
34,53.0,62,39.3,0.5396825396825397,28.7,51.0
35,50.0,63,40.0,0.546875,30.0,52.333333333333336
36,47.0,64,40.7,0.5538461538461539,31.3,53.66666666666666
37,44.0,65,41.4,0.5606060606060606,32.6,55.0
38,41.0,66,42.1,0.5671641791044776,33.9,56.333333333333336
39,38.0,67,42.8,0.5735294117647058,35.2,57.66666666666666
40,35.0,68,43.5,0.5797101449275363,36.5,59.0
41,32.0,69,44.2,0.5857142857142857,37.8,60.333333333333336
42,29.0,70,44.9,0.5915492957746479,39.1,61.66666666666666
43,26.0,71,45.6,0.5972222222222222,40.4,63.0
44,23.0,72,46.3,0.6027397260273972,41.7,64.33333333333333
45,20.0,73,47.0,0.6081081081081081,43.0,65.66666666666667
46,17.0,74,47.7,0.6133333333333333,44.3,67.0
25,80.0,75,33.0,0.3289473684210526,17.0,31.666666666666668
26,77.0,76,33.7,0.3376623376623376,18.3,33.0
27,74.0,77,34.4,0.3461538461538461,19.6,34.333333333333336
28,71.0,78,35.1,0.3544303797468354,20.9,35.666666666666664
29,68.0,79,35.8,0.3625,22.2,37.0
30,65.0,80,36.5,0.3703703703703703,23.5,38.333333333333336
31,62.0,81,37.2,0.3780487804878049,24.8,39.66666666666666
32,59.0,82,37.9,0.3855421686746988,26.1,41.0
33,56.0,83,38.6,0.3928571428571428,27.4,42.333333333333336
34,53.0,84,39.3,0.4,28.7,43.66666666666666
35,50.0,85,40.0,0.4069767441860465,30.0,45.0
36,47.0,86,40.7,0.4137931034482758,31.3,46.333333333333336
37,44.0,87,41.4,0.4204545454545454,32.6,47.66666666666666
38,41.0,88,42.1,0.4269662921348314,33.9,49.0
39,38.0,89,42.8,0.4333333333333333,35.2,50.333333333333336
40,35.0,90,43.5,0.4395604395604395,36.5,51.66666666666666
41,32.0,91,44.2,0.4456521739130434,37.8,53.0
42,29.0,92,44.9,0.4516129032258064,39.1,54.333333333333336
43,26.0,93,45.6,0.4574468085106383,40.4,55.66666666666666
44,23.0,94,46.3,0.4631578947368421,41.7,57.0
45,20.0,95,47.0,0.46875,43.0,58.333333333333336
46,17.0,96,47.7,0.4742268041237113,44.3,59.66666666666666
25,81.0,97,33.1,0.2551020408163265,16.9,24.0
26,79.0,98,33.9,0.2626262626262626,18.1,25.0
27,76.0,99,34.6,0.27,19.4,26.33333333333333
28,73.0,100,35.3,0.2772277227722772,20.7,27.666666666666668
29,70.0,1,36.0,14.5,22.0,62.333333333333336
30,67.0,2,36.7,10.0,23.3,63.66666666666666
31,64.0,3,37.4,7.75,24.6,65.0
32,61.0,4,38.1,6.4,25.9,66.33333333333333
33,58.0,5,38.8,5.5,27.2,67.66666666666667
34,55.0,6,39.5,4.857142857142857,28.5,69.0
35,52.0,7,40.2,4.375,29.8,70.33333333333333
36,49.0,8,40.9,4.0,31.1,71.66666666666667
25,80.0,9,33.0,2.5,17.0,53.66666666666666
26,77.0,10,33.7,2.363636363636364,18.3,55.0
27,74.0,11,34.4,2.25,19.6,56.333333333333336
28,71.0,12,35.1,2.1538461538461537,20.9,57.66666666666666
29,68.0,13,35.8,2.071428571428572,22.2,59.0
30,65.0,14,36.5,2.0,23.5,60.333333333333336
31,62.0,15,37.2,1.9375,24.8,61.66666666666666
32,59.0,16,37.9,1.8823529411764703,26.1,63.0
33,56.0,17,38.6,1.8333333333333333,27.4,64.33333333333333
34,53.0,18,39.3,1.7894736842105263,28.7,65.66666666666667
35,50.0,19,40.0,1.75,30.0,67.0
36,47.0,20,40.7,1.7142857142857142,31.3,68.33333333333333
37,44.0,21,41.4,1.681818181818182,32.6,69.66666666666667
38,41.0,22,42.1,1.6521739130434785,33.9,71.0
39,38.0,23,42.8,1.625,35.2,72.33333333333333
40,35.0,24,43.5,1.6,36.5,73.66666666666667
41,32.0,25,44.2,1.5769230769230769,37.8,75.0
42,29.0,26,44.9,1.5555555555555556,39.1,76.33333333333333
43,26.0,27,45.6,1.5357142857142858,40.4,77.66666666666667
44,23.0,28,46.3,1.5172413793103448,41.7,79.0
45,20.0,29,47.0,1.5,43.0,80.33333333333333
46,17.0,30,47.7,1.4838709677419355,44.3,81.66666666666667
25,80.0,31,33.0,0.78125,17.0,46.333333333333336
26,77.0,32,33.7,0.7878787878787878,18.3,47.66666666666666
27,74.0,33,34.4,0.7941176470588235,19.6,49.0
28,71.0,34,35.1,0.8,20.9,50.333333333333336
29,68.0,35,35.8,0.8055555555555556,22.2,51.66666666666666
30,65.0,36,36.5,0.8108108108108109,23.5,53.0
31,62.0,37,37.2,0.8157894736842105,24.8,54.333333333333336
32,59.0,38,37.9,0.8205128205128205,26.1,55.66666666666666
33,56.0,39,38.6,0.825,27.4,57.0
34,53.0,40,39.3,0.8292682926829268,28.7,58.333333333333336
35,50.0,41,40.0,0.8333333333333334,30.0,59.66666666666666
36,47.0,42,40.7,0.8372093023255814,31.3,61.0
37,44.0,43,41.4,0.8409090909090909,32.6,62.333333333333336
38,41.0,44,42.1,0.8444444444444444,33.9,63.66666666666666
39,38.0,45,42.8,0.8478260869565217,35.2,65.0
40,35.0,46,43.5,0.851063829787234,36.5,66.33333333333333
41,32.0,47,44.2,0.8541666666666666,37.8,67.66666666666667
42,29.0,48,44.9,0.8571428571428571,39.1,69.0
43,26.0,49,45.6,0.86,40.4,70.33333333333333
44,23.0,50,46.3,0.8627450980392157,41.7,71.66666666666667
45,20.0,51,47.0,0.8653846153846154,43.0,73.0
46,17.0,52,47.7,0.8679245283018868,44.3,74.33333333333333
25,80.0,53,33.0,0.4629629629629629,17.0,39.0
26,77.0,54,33.7,0.4727272727272727,18.3,40.333333333333336
27,74.0,55,34.4,0.4821428571428571,19.6,41.66666666666666
28,71.0,56,35.1,0.4912280701754385,20.9,43.0
29,68.0,57,35.8,0.5,22.2,44.333333333333336
30,65.0,58,36.5,0.5084745762711864,23.5,45.66666666666666
31,62.0,59,37.2,0.5166666666666667,24.8,47.0
32,59.0,60,37.9,0.5245901639344263,26.1,48.333333333333336
33,56.0,61,38.6,0.532258064516129,27.4,49.66666666666666
34,53.0,62,39.3,0.5396825396825397,28.7,51.0
35,50.0,63,40.0,0.546875,30.0,52.333333333333336
36,47.0,64,40.7,0.5538461538461539,31.3,53.66666666666666
37,44.0,65,41.4,0.5606060606060606,32.6,55.0
38,41.0,66,42.1,0.5671641791044776,33.9,56.333333333333336
39,38.0,67,42.8,0.5735294117647058,35.2,57.66666666666666
40,35.0,68,43.5,0.5797101449275363,36.5,59.0
41,32.0,69,44.2,0.5857142857142857,37.8,60.333333333333336
42,29.0,70,44.9,0.5915492957746479,39.1,61.66666666666666
43,26.0,71,45.6,0.5972222222222222,40.4,63.0
44,23.0,72,46.3,0.6027397260273972,41.7,64.33333333333333
45,20.0,73,47.0,0.6081081081081081,43.0,65.66666666666667
46,17.0,74,47.7,0.6133333333333333,44.3,67.0
25,80.0,75,33.0,0.3289473684210526,17.0,31.666666666666668
26,77.0,76,33.7,0.3376623376623376,18.3,33.0
27,74.0,77,34.4,0.3461538461538461,19.6,34.333333333333336
28,71.0,78,35.1,0.3544303797468354,20.9,35.666666666666664
29,68.0,79,35.8,0.3625,22.2,37.0
30,65.0,80,36.5,0.3703703703703703,23.5,38.333333333333336
31,62.0,81,37.2,0.3780487804878049,24.8,39.66666666666666
32,59.0,82,37.9,0.3855421686746988,26.1,41.0
33,56.0,83,38.6,0.3928571428571428,27.4,42.333333333333336
34,53.0,84,39.3,0.4,28.7,43.66666666666666
35,50.0,85,40.0,0.4069767441860465,30.0,45.0
36,47.0,86,40.7,0.4137931034482758,31.3,46.333333333333336
37,44.0,87,41.4,0.4204545454545454,32.6,47.66666666666666
38,41.0,88,42.1,0.4269662921348314,33.9,49.0
39,38.0,89,42.8,0.4333333333333333,35.2,50.333333333333336
40,35.0,90,43.5,0.4395604395604395,36.5,51.66666666666666
41,32.0,91,44.2,0.4456521739130434,37.8,53.0
42,29.0,92,44.9,0.4516129032258064,39.1,54.333333333333336
43,26.0,93,45.6,0.4574468085106383,40.4,55.66666666666666
44,23.0,94,46.3,0.4631578947368421,41.7,57.0
45,20.0,95,47.0,0.46875,43.0,58.333333333333336
46,17.0,96,47.7,0.4742268041237113,44.3,59.66666666666666
25,81.0,97,33.1,0.2551020408163265,16.9,24.0
26,79.0,98,33.9,0.2626262626262626,18.1,25.0
27,76.0,99,34.6,0.27,19.4,26.33333333333333
28,73.0,100,35.3,0.2772277227722772,20.7,27.666666666666668
29,70.0,1,36.0,14.5,22.0,62.333333333333336
30,67.0,2,36.7,10.0,23.3,63.66666666666666
31,64.0,3,37.4,7.75,24.6,65.0
32,61.0,4,38.1,6.4,25.9,66.33333333333333
33,58.0,5,38.8,5.5,27.2,67.66666666666667
34,55.0,6,39.5,4.857142857142857,28.5,69.0
35,52.0,7,40.2,4.375,29.8,70.33333333333333
36,49.0,8,40.9,4.0,31.1,71.66666666666667
25,80.0,9,33.0,2.5,17.0,53.66666666666666
26,77.0,10,33.7,2.363636363636364,18.3,55.0
27,74.0,11,34.4,2.25,19.6,56.333333333333336
28,71.0,12,35.1,2.1538461538461537,20.9,57.66666666666666
29,68.0,13,35.8,2.071428571428572,22.2,59.0
30,65.0,14,36.5,2.0,23.5,60.333333333333336
31,62.0,15,37.2,1.9375,24.8,61.66666666666666
32,59.0,16,37.9,1.8823529411764703,26.1,63.0
33,56.0,17,38.6,1.8333333333333333,27.4,64.33333333333333
34,53.0,18,39.3,1.7894736842105263,28.7,65.66666666666667
35,50.0,19,40.0,1.75,30.0,67.0
36,47.0,20,40.7,1.7142857142857142,31.3,68.33333333333333
37,44.0,21,41.4,1.681818181818182,32.6,69.66666666666667
38,41.0,22,42.1,1.6521739130434785,33.9,71.0
39,38.0,23,42.8,1.625,35.2,72.33333333333333
40,35.0,24,43.5,1.6,36.5,73.66666666666667
41,32.0,25,44.2,1.5769230769230769,37.8,75.0
42,29.0,26,44.9,1.5555555555555556,39.1,76.33333333333333
43,26.0,27,45.6,1.5357142857142858,40.4,77.66666666666667
44,23.0,28,46.3,1.5172413793103448,41.7,79.0
45,20.0,29,47.0,1.5,43.0,80.33333333333333
46,17.0,30,47.7,1.4838709677419355,44.3,81.66666666666667
25,80.0,31,33.0,0.78125,17.0,46.333333333333336
26,77.0,32,33.7,0.7878787878787878,18.3,47.66666666666666
27,74.0,33,34.4,0.7941176470588235,19.6,49.0
28,71.0,34,35.1,0.8,20.9,50.333333333333336
29,68.0,35,35.8,0.8055555555555556,22.2,51.66666666666666
30,65.0,36,36.5,0.8108108108108109,23.5,53.0
31,62.0,37,37.2,0.8157894736842105,24.8,54.333333333333336
32,59.0,38,37.9,0.8205128205128205,26.1,55.66666666666666
33,56.0,39,38.6,0.825,27.4,57.0
34,53.0,40,39.3,0.8292682926829268,28.7,58.333333333333336
35,50.0,41,40.0,0.8333333333333334,30.0,59.66666666666666
36,47.0,42,40.7,0.8372093023255814,31.3,61.0
37,44.0,43,41.4,0.8409090909090909,32.6,62.333333333333336
38,41.0,44,42.1,0.8444444444444444,33.9,63.66666666666666
39,38.0,45,42.8,0.8478260869565217,35.2,65.0
40,35.0,46,43.5,0.851063829787234,36.5,66.33333333333333
41,32.0,47,44.2,0.8541666666666666,37.8,67.66666666666667
42,29.0,48,44.9,0.8571428571428571,39.1,69.0
43,26.0,49,45.6,0.86,40.4,70.33333333333333
44,23.0,50,46.3,0.8627450980392157,41.7,71.66666666666667
45,20.0,51,47.0,0.8653846153846154,43.0,73.0
46,17.0,52,47.7,0.8679245283018868,44.3,74.33333333333333
25,80.0,53,33.0,0.4629629629629629,17.0,39.0
26,77.0,54,33.7,0.4727272727272727,18.3,40.333333333333336
27,74.0,55,34.4,0.4821428571428571,19.6,41.66666666666666
28,71.0,56,35.1,0.4912280701754385,20.9,43.0
29,68.0,57,35.8,0.5,22.2,44.333333333333336
30,65.0,58,36.5,0.5084745762711864,23.5,45.66666666666666
31,62.0,59,37.2,0.5166666666666667,24.8,47.0
32,59.0,60,37.9,0.5245901639344263,26.1,48.333333333333336
33,56.0,61,38.6,0.532258064516129,27.4,49.66666666666666
34,53.0,62,39.3,0.5396825396825397,28.7,51.0
35,50.0,63,40.0,0.546875,30.0,52.333333333333336
36,47.0,64,40.7,0.5538461538461539,31.3,53.66666666666666
37,44.0,65,41.4,0.5606060606060606,32.6,55.0
38,41.0,66,42.1,0.5671641791044776,33.9,56.333333333333336
39,38.0,67,42.8,0.5735294117647058,35.2,57.66666666666666
40,35.0,68,43.5,0.5797101449275363,36.5,59.0
41,32.0,69,44.2,0.5857142857142857,37.8,60.333333333333336
42,29.0,70,44.9,0.5915492957746479,39.1,61.66666666666666
43,26.0,71,45.6,0.5972222222222222,40.4,63.0
44,23.0,72,46.3,0.6027397260273972,41.7,64.33333333333333
45,20.0,73,47.0,0.6081081081081081,43.0,65.66666666666667
46,17.0,74,47.7,0.6133333333333333,44.3,67.0
25,80.0,75,33.0,0.3289473684210526,17.0,31.666666666666668
26,77.0,76,33.7,0.3376623376623376,18.3,33.0
27,74.0,77,34.4,0.3461538461538461,19.6,34.333333333333336
28,71.0,78,35.1,0.3544303797468354,20.9,35.666666666666664
29,68.0,79,35.8,0.3625,22.2,37.0
30,65.0,80,36.5,0.3703703703703703,23.5,38.333333333333336
31,62.0,81,37.2,0.3780487804878049,24.8,39.66666666666666
32,59.0,82,37.9,0.3855421686746988,26.1,41.0
33,56.0,83,38.6,0.3928571428571428,27.4,42.333333333333336
34,53.0,84,39.3,0.4,28.7,43.66666666666666
35,50.0,85,40.0,0.4069767441860465,30.0,45.0
36,47.0,86,40.7,0.4137931034482758,31.3,46.333333333333336
37,44.0,87,41.4,0.4204545454545454,32.6,47.66666666666666
38,41.0,88,42.1,0.4269662921348314,33.9,49.0
39,38.0,89,42.8,0.4333333333333333,35.2,50.333333333333336
40,35.0,90,43.5,0.4395604395604395,36.5,51.66666666666666
41,32.0,91,44.2,0.4456521739130434,37.8,53.0
42,29.0,92,44.9,0.4516129032258064,39.1,54.333333333333336
43,26.0,93,45.6,0.4574468085106383,40.4,55.66666666666666
44,23.0,94,46.3,0.4631578947368421,41.7,57.0
45,20.0,95,47.0,0.46875,43.0,58.333333333333336
46,17.0,96,47.7,0.4742268041237113,44.3,59.66666666666666
25,81.0,97,33.1,0.2551020408163265,16.9,24.0
26,79.0,98,33.9,0.2626262626262626,18.1,25.0
27,76.0,99,34.6,0.27,19.4,26.33333333333333
28,73.0,100,35.3,0.2772277227722772,20.7,27.666666666666668
21,83.0,1,29.3,10.5,12.7,52.66666666666666
20,84.0,2,28.4,6.666666666666667,11.6,51.333333333333336
19,85.0,3,27.5,4.75,10.5,50.0
18,86.0,4,26.6,3.6,9.4,48.66666666666666
17,87.0,5,25.700000000000003,2.833333333333333,8.3,47.333333333333336
16,88.0,6,24.8,2.2857142857142856,7.199999999999999,46.0
15,89.0,7,23.9,1.875,6.1,44.66666666666666
14,90.0,8,23.0,1.5555555555555556,5.0,43.333333333333336
13,91.0,9,22.1,1.3,3.9,42.0
24,80.0,10,32.0,2.1818181818181817,16.0,52.66666666666666
23,81.0,11,31.1,1.9166666666666667,14.9,51.333333333333336
22,82.0,12,30.200000000000003,1.6923076923076923,13.8,50.0
21,83.0,13,29.3,1.5,12.7,48.66666666666666
20,84.0,14,28.4,1.3333333333333333,11.6,47.333333333333336
19,85.0,15,27.5,1.1875,10.5,46.0
18,86.0,16,26.6,1.0588235294117647,9.4,44.66666666666666
17,87.0,17,25.700000000000003,0.9444444444444444,8.3,43.333333333333336
16,88.0,18,24.8,0.8421052631578947,7.199999999999999,42.0
15,89.0,19,23.9,0.75,6.1,40.66666666666666
14,90.0,20,23.0,0.6666666666666666,5.0,39.333333333333336
24,80.0,21,32.0,1.0909090909090908,16.0,49.0
23,81.0,22,31.1,1.0,14.9,47.66666666666666
22,82.0,23,30.200000000000003,0.9166666666666666,13.8,46.333333333333336
21,83.0,24,29.3,0.84,12.7,45.0
20,84.0,25,28.4,0.7692307692307693,11.6,43.66666666666666
19,85.0,26,27.5,0.7037037037037037,10.5,42.333333333333336
18,86.0,27,26.6,0.6428571428571429,9.4,41.0
17,87.0,28,25.700000000000003,0.5862068965517241,8.3,39.66666666666666
16,88.0,29,24.8,0.5333333333333333,7.199999999999999,38.333333333333336
15,89.0,30,23.9,0.4838709677419355,6.1,37.0
24,80.0,31,32.0,0.75,16.0,45.66666666666666
23,81.0,32,31.1,0.696969696969697,14.9,44.333333333333336
22,82.0,33,30.200000000000003,0.6470588235294118,13.8,43.0
21,83.0,34,29.3,0.6,12.7,41.66666666666666
20,84.0,35,28.4,0.5555555555555556,11.6,40.333333333333336
19,85.0,36,27.5,0.5135135135135135,10.5,39.0
18,86.0,37,26.6,0.4736842105263157,9.4,37.66666666666666
17,87.0,38,25.700000000000003,0.4358974358974359,8.3,36.333333333333336
16,88.0,39,24.8,0.4,7.199999999999999,35.0
15,89.0,40,23.9,0.3658536585365853,6.1,33.666666666666664
14,90.0,41,23.0,0.3333333333333333,5.0,32.333333333333336
13,91.0,42,22.1,0.3023255813953488,3.9,31.0
24,80.0,43,32.0,0.5454545454545454,16.0,41.66666666666666
23,81.0,44,31.1,0.5111111111111111,14.9,40.333333333333336
22,82.0,45,30.200000000000003,0.4782608695652174,13.8,39.0
21,83.0,46,29.3,0.4468085106382978,12.7,37.66666666666666
20,84.0,47,28.4,0.4166666666666667,11.6,36.333333333333336
19,85.0,48,27.5,0.3877551020408163,10.5,35.0
18,86.0,49,26.6,0.36,9.4,33.666666666666664
17,87.0,50,25.700000000000003,0.3333333333333333,8.3,32.333333333333336
16,88.0,51,24.8,0.3076923076923077,7.199999999999999,31.0
15,89.0,52,23.9,0.2830188679245283,6.1,29.666666666666668
14,90.0,53,23.0,0.2592592592592592,5.0,28.33333333333333
13,91.0,54,22.1,0.2363636363636363,3.9,27.0
24,80.0,55,32.0,0.4285714285714285,16.0,37.66666666666666
23,81.0,56,31.1,0.4035087719298245,14.9,36.333333333333336
22,82.0,57,30.200000000000003,0.3793103448275862,13.8,35.0
21,83.0,58,29.3,0.3559322033898305,12.7,33.666666666666664
20,84.0,59,28.4,0.3333333333333333,11.6,32.333333333333336
19,85.0,1,27.5,9.5,10.5,50.66666666666666
18,86.0,2,26.6,6.0,9.4,49.333333333333336
17,87.0,3,25.700000000000003,4.25,8.3,48.0
16,88.0,4,24.8,3.2,7.199999999999999,46.66666666666666
15,89.0,5,23.9,2.5,6.1,45.333333333333336
14,90.0,6,23.0,2.0,5.0,44.0
13,91.0,7,22.1,1.625,3.9,42.66666666666666
24,80.0,8,32.0,2.6666666666666665,16.0,53.333333333333336
23,81.0,9,31.1,2.3,14.9,52.0
22,82.0,10,30.200000000000003,2.0,13.8,50.66666666666666
21,83.0,11,29.3,1.75,12.7,49.333333333333336
20,84.0,12,28.4,1.5384615384615383,11.6,48.0
19,85.0,13,27.5,1.3571428571428572,10.5,46.66666666666666
18,86.0,14,26.6,1.2,9.4,45.333333333333336
17,87.0,15,25.700000000000003,1.0625,8.3,44.0
16,88.0,16,24.8,0.9411764705882352,7.199999999999999,42.66666666666666
15,89.0,17,23.9,0.8333333333333334,6.1,41.333333333333336
14,90.0,18,23.0,0.7368421052631579,5.0,40.0
13,91.0,19,22.1,0.65,3.9,38.66666666666666
24,80.0,20,32.0,1.1428571428571428,16.0,49.333333333333336
23,81.0,21,31.1,1.0454545454545454,14.9,48.0
22,82.0,22,30.200000000000003,0.9565217391304348,13.8,46.66666666666666
21,83.0,23,29.3,0.875,12.7,45.333333333333336
20,84.0,24,28.4,0.8,11.6,44.0
19,85.0,25,27.5,0.7307692307692307,10.5,42.66666666666666
18,86.0,26,26.6,0.6666666666666666,9.4,41.333333333333336
17,87.0,27,25.700000000000003,0.6071428571428571,8.3,40.0
16,88.0,28,24.8,0.5517241379310345,7.199999999999999,38.66666666666666
15,89.0,29,23.9,0.5,6.1,37.333333333333336
14,90.0,30,23.0,0.4516129032258064,5.0,36.0
24,80.0,31,32.0,0.75,16.0,45.66666666666666
23,81.0,32,31.1,0.696969696969697,14.9,44.333333333333336
22,82.0,33,30.200000000000003,0.6470588235294118,13.8,43.0
21,83.0,34,29.3,0.6,12.7,41.66666666666666
20,84.0,35,28.4,0.5555555555555556,11.6,40.333333333333336
19,85.0,36,27.5,0.5135135135135135,10.5,39.0
18,86.0,37,26.6,0.4736842105263157,9.4,37.66666666666666
17,87.0,38,25.700000000000003,0.4358974358974359,8.3,36.333333333333336
16,88.0,39,24.8,0.4,7.199999999999999,35.0
15,89.0,40,23.9,0.3658536585365853,6.1,33.666666666666664
14,90.0,41,23.0,0.3333333333333333,5.0,32.333333333333336
13,91.0,42,22.1,0.3023255813953488,3.9,31.0
24,80.0,43,32.0,0.5454545454545454,16.0,41.66666666666666
23,81.0,44,31.1,0.5111111111111111,14.9,40.333333333333336
22,82.0,45,30.200000000000003,0.4782608695652174,13.8,39.0
21,83.0,46,29.3,0.4468085106382978,12.7,37.66666666666666
20,84.0,47,28.4,0.4166666666666667,11.6,36.333333333333336
19,85.0,48,27.5,0.3877551020408163,10.5,35.0
18,86.0,49,26.6,0.36,9.4,33.666666666666664
17,87.0,50,25.700000000000003,0.3333333333333333,8.3,32.333333333333336
16,88.0,51,24.8,0.3076923076923077,7.199999999999999,31.0
15,89.0,52,23.9,0.2830188679245283,6.1,29.666666666666668
14,90.0,53,23.0,0.2592592592592592,5.0,28.33333333333333
13,91.0,54,22.1,0.2363636363636363,3.9,27.0
24,80.0,55,32.0,0.4285714285714285,16.0,37.66666666666666
23,81.0,56,31.1,0.4035087719298245,14.9,36.333333333333336
22,82.0,57,30.200000000000003,0.3793103448275862,13.8,35.0
21,83.0,58,29.3,0.3559322033898305,12.7,33.666666666666664
20,84.0,59,28.4,0.3333333333333333,11.6,32.333333333333336
19,85.0,60,27.5,0.3114754098360656,10.5,31.0
18,86.0,61,26.6,0.2903225806451613,9.4,29.666666666666668
17,87.0,62,25.700000000000003,0.2698412698412698,8.3,28.33333333333333
16,88.0,63,24.8,0.25,7.199999999999999,27.0
15,89.0,64,23.9,0.2307692307692307,6.1,25.666666666666668
14,90.0,65,23.0,0.2121212121212121,5.0,24.33333333333333
13,91.0,66,22.1,0.1940298507462686,3.9,23.0
24,80.0,67,32.0,0.3529411764705882,16.0,33.666666666666664
23,81.0,68,31.1,0.3333333333333333,14.9,32.333333333333336
22,82.0,69,30.200000000000003,0.3142857142857143,13.8,31.0
17,87.0,1,25.700000000000003,8.5,8.3,48.66666666666666
16,88.0,2,24.8,5.333333333333333,7.199999999999999,47.333333333333336
15,89.0,3,23.9,3.75,6.1,46.0
14,90.0,4,23.0,2.8,5.0,44.66666666666666
13,91.0,5,22.1,2.1666666666666665,3.9,43.333333333333336
24,80.0,6,32.0,3.4285714285714284,16.0,54.0
23,81.0,7,31.1,2.875,14.9,52.66666666666666
22,82.0,8,30.200000000000003,2.4444444444444446,13.8,51.333333333333336
21,83.0,9,29.3,2.1,12.7,50.0
20,84.0,10,28.4,1.818181818181818,11.6,48.66666666666666
19,85.0,11,27.5,1.5833333333333333,10.5,47.333333333333336
18,86.0,12,26.6,1.3846153846153846,9.4,46.0
17,87.0,13,25.700000000000003,1.2142857142857142,8.3,44.66666666666666
16,88.0,14,24.8,1.0666666666666669,7.199999999999999,43.333333333333336
15,89.0,15,23.9,0.9375,6.1,42.0
14,90.0,16,23.0,0.8235294117647058,5.0,40.66666666666666
13,91.0,17,22.1,0.7222222222222222,3.9,39.333333333333336
24,80.0,18,32.0,1.263157894736842,16.0,50.0
23,81.0,19,31.1,1.15,14.9,48.66666666666666
22,82.0,20,30.200000000000003,1.0476190476190477,13.8,47.333333333333336
21,83.0,21,29.3,0.9545454545454546,12.7,46.0
20,84.0,22,28.4,0.8695652173913043,11.6,44.66666666666666
19,85.0,23,27.5,0.7916666666666666,10.5,43.333333333333336
18,86.0,24,26.6,0.72,9.4,42.0
17,87.0,25,25.700000000000003,0.6538461538461539,8.3,40.66666666666666
16,88.0,26,24.8,0.5925925925925926,7.199999999999999,39.333333333333336
15,89.0,27,23.9,0.5357142857142857,6.1,38.0
14,90.0,28,23.0,0.4827586206896552,5.0,36.66666666666666
13,91.0,29,22.1,0.4333333333333333,3.9,35.333333333333336
24,80.0,30,32.0,0.7741935483870968,16.0,46.0
24,80.0,31,32.0,0.75,16.0,45.66666666666666
23,81.0,32,31.1,0.696969696969697,14.9,44.333333333333336
22,82.0,33,30.200000000000003,0.6470588235294118,13.8,43.0
21,83.0,34,29.3,0.6,12.7,41.66666666666666
20,84.0,35,28.4,0.5555555555555556,11.6,40.333333333333336
19,85.0,36,27.5,0.5135135135135135,10.5,39.0
18,86.0,37,26.6,0.4736842105263157,9.4,37.66666666666666
17,87.0,38,25.700000000000003,0.4358974358974359,8.3,36.333333333333336
16,88.0,39,24.8,0.4,7.199999999999999,35.0
15,89.0,40,23.9,0.3658536585365853,6.1,33.666666666666664
14,90.0,41,23.0,0.3333333333333333,5.0,32.333333333333336
13,91.0,42,22.1,0.3023255813953488,3.9,31.0
24,80.0,43,32.0,0.5454545454545454,16.0,41.66666666666666
23,81.0,44,31.1,0.5111111111111111,14.9,40.333333333333336
22,82.0,45,30.200000000000003,0.4782608695652174,13.8,39.0
21,83.0,46,29.3,0.4468085106382978,12.7,37.66666666666666
20,84.0,47,28.4,0.4166666666666667,11.6,36.333333333333336
19,85.0,48,27.5,0.3877551020408163,10.5,35.0
18,86.0,49,26.6,0.36,9.4,33.666666666666664
17,87.0,50,25.700000000000003,0.3333333333333333,8.3,32.333333333333336
16,88.0,51,24.8,0.3076923076923077,7.199999999999999,31.0
15,89.0,52,23.9,0.2830188679245283,6.1,29.666666666666668
14,90.0,53,23.0,0.2592592592592592,5.0,28.33333333333333
13,91.0,54,22.1,0.2363636363636363,3.9,27.0
24,80.0,55,32.0,0.4285714285714285,16.0,37.66666666666666
23,81.0,56,31.1,0.4035087719298245,14.9,36.333333333333336
22,82.0,57,30.200000000000003,0.3793103448275862,13.8,35.0
21,83.0,58,29.3,0.3559322033898305,12.7,33.666666666666664
20,84.0,59,28.4,0.3333333333333333,11.6,32.333333333333336
19,85.0,60,27.5,0.3114754098360656,10.5,31.0
18,86.0,61,26.6,0.2903225806451613,9.4,29.666666666666668
17,87.0,62,25.700000000000003,0.2698412698412698,8.3,28.33333333333333
16,88.0,63,24.8,0.25,7.199999999999999,27.0
15,89.0,64,23.9,0.2307692307692307,6.1,25.666666666666668
14,90.0,65,23.0,0.2121212121212121,5.0,24.33333333333333
13,91.0,66,22.1,0.1940298507462686,3.9,23.0
24,80.0,67,32.0,0.3529411764705882,16.0,33.666666666666664
23,81.0,68,31.1,0.3333333333333333,14.9,32.333333333333336
22,82.0,69,30.200000000000003,0.3142857142857143,13.8,31.0
21,83.0,70,29.3,0.2957746478873239,12.7,29.666666666666668
20,84.0,71,28.4,0.2777777777777778,11.6,28.33333333333333
19,85.0,72,27.5,0.2602739726027397,10.5,27.0
18,86.0,73,26.6,0.2432432432432432,9.4,25.666666666666668
17,87.0,74,25.700000000000003,0.2266666666666666,8.3,24.33333333333333
16,88.0,75,24.8,0.2105263157894736,7.199999999999999,23.0
15,89.0,76,23.9,0.1948051948051948,6.1,21.666666666666668
14,90.0,77,23.0,0.1794871794871795,5.0,20.33333333333333
13,91.0,78,22.1,0.1645569620253164,3.9,19.0
24,80.0,79,32.0,0.3,16.0,29.666666666666668
17,87.0,1,25.700000000000003,8.5,8.3,48.66666666666666
16,88.0,2,24.8,5.333333333333333,7.199999999999999,47.333333333333336
15,89.0,3,23.9,3.75,6.1,46.0
14,90.0,4,23.0,2.8,5.0,44.66666666666666
13,91.0,5,22.1,2.1666666666666665,3.9,43.333333333333336
24,80.0,6,32.0,3.4285714285714284,16.0,54.0
23,81.0,7,31.1,2.875,14.9,52.66666666666666
22,82.0,8,30.200000000000003,2.4444444444444446,13.8,51.333333333333336
21,83.0,9,29.3,2.1,12.7,50.0
20,84.0,10,28.4,1.818181818181818,11.6,48.66666666666666
19,85.0,11,27.5,1.5833333333333333,10.5,47.333333333333336
18,86.0,12,26.6,1.3846153846153846,9.4,46.0
17,87.0,13,25.700000000000003,1.2142857142857142,8.3,44.66666666666666
16,88.0,14,24.8,1.0666666666666669,7.199999999999999,43.333333333333336
15,89.0,15,23.9,0.9375,6.1,42.0
14,90.0,16,23.0,0.8235294117647058,5.0,40.66666666666666
13,91.0,17,22.1,0.7222222222222222,3.9,39.333333333333336
24,80.0,18,32.0,1.263157894736842,16.0,50.0
23,81.0,19,31.1,1.15,14.9,48.66666666666666
22,82.0,20,30.200000000000003,1.0476190476190477,13.8,47.333333333333336
21,83.0,21,29.3,0.9545454545454546,12.7,46.0
20,84.0,22,28.4,0.8695652173913043,11.6,44.66666666666666
19,85.0,23,27.5,0.7916666666666666,10.5,43.333333333333336
18,86.0,24,26.6,0.72,9.4,42.0
17,87.0,25,25.700000000000003,0.6538461538461539,8.3,40.66666666666666
16,88.0,26,24.8,0.5925925925925926,7.199999999999999,39.333333333333336
15,89.0,27,23.9,0.5357142857142857,6.1,38.0
14,90.0,28,23.0,0.4827586206896552,5.0,36.66666666666666
13,91.0,29,22.1,0.4333333333333333,3.9,35.333333333333336
24,80.0,30,32.0,0.7741935483870968,16.0,46.0
24,80.0,31,32.0,0.75,16.0,45.66666666666666
23,81.0,32,31.1,0.696969696969697,14.9,44.333333333333336
22,82.0,33,30.200000000000003,0.6470588235294118,13.8,43.0
21,83.0,34,29.3,0.6,12.7,41.66666666666666
20,84.0,35,28.4,0.5555555555555556,11.6,40.333333333333336
19,85.0,36,27.5,0.5135135135135135,10.5,39.0
18,86.0,37,26.6,0.4736842105263157,9.4,37.66666666666666
17,87.0,38,25.700000000000003,0.4358974358974359,8.3,36.333333333333336
16,88.0,39,24.8,0.4,7.199999999999999,35.0
15,89.0,40,23.9,0.3658536585365853,6.1,33.666666666666664
14,90.0,41,23.0,0.3333333333333333,5.0,32.333333333333336
13,91.0,42,22.1,0.3023255813953488,3.9,31.0
24,80.0,43,32.0,0.5454545454545454,16.0,41.66666666666666
23,81.0,44,31.1,0.5111111111111111,14.9,40.333333333333336
22,82.0,45,30.200000000000003,0.4782608695652174,13.8,39.0
21,83.0,46,29.3,0.4468085106382978,12.7,37.66666666666666
20,84.0,47,28.4,0.4166666666666667,11.6,36.333333333333336
19,85.0,48,27.5,0.3877551020408163,10.5,35.0
18,86.0,49,26.6,0.36,9.4,33.666666666666664
17,87.0,50,25.700000000000003,0.3333333333333333,8.3,32.333333333333336
16,88.0,51,24.8,0.3076923076923077,7.199999999999999,31.0
15,89.0,52,23.9,0.2830188679245283,6.1,29.666666666666668
14,90.0,53,23.0,0.2592592592592592,5.0,28.33333333333333
13,91.0,54,22.1,0.2363636363636363,3.9,27.0
24,80.0,55,32.0,0.4285714285714285,16.0,37.66666666666666
23,81.0,56,31.1,0.4035087719298245,14.9,36.333333333333336
22,82.0,57,30.200000000000003,0.3793103448275862,13.8,35.0
21,83.0,58,29.3,0.3559322033898305,12.7,33.666666666666664
20,84.0,59,28.4,0.3333333333333333,11.6,32.333333333333336
19,85.0,60,27.5,0.3114754098360656,10.5,31.0
18,86.0,61,26.6,0.2903225806451613,9.4,29.666666666666668
17,87.0,62,25.700000000000003,0.2698412698412698,8.3,28.33333333333333
16,88.0,63,24.8,0.25,7.199999999999999,27.0
15,89.0,64,23.9,0.2307692307692307,6.1,25.666666666666668
14,90.0,65,23.0,0.2121212121212121,5.0,24.33333333333333
13,91.0,66,22.1,0.1940298507462686,3.9,23.0
24,80.0,67,32.0,0.3529411764705882,16.0,33.666666666666664
23,81.0,68,31.1,0.3333333333333333,14.9,32.333333333333336
22,82.0,69,30.200000000000003,0.3142857142857143,13.8,31.0
21,83.0,70,29.3,0.2957746478873239,12.7,29.666666666666668
20,84.0,71,28.4,0.2777777777777778,11.6,28.33333333333333
19,85.0,72,27.5,0.2602739726027397,10.5,27.0
18,86.0,73,26.6,0.2432432432432432,9.4,25.666666666666668
17,87.0,74,25.700000000000003,0.2266666666666666,8.3,24.33333333333333
16,88.0,75,24.8,0.2105263157894736,7.199999999999999,23.0
15,89.0,76,23.9,0.1948051948051948,6.1,21.666666666666668
14,90.0,77,23.0,0.1794871794871795,5.0,20.33333333333333
13,91.0,78,22.1,0.1645569620253164,3.9,19.0
24,80.0,79,32.0,0.3,16.0,29.666666666666668
21,83.0,1,29.3,10.5,12.7,52.66666666666666
20,84.0,2,28.4,6.666666666666667,11.6,51.333333333333336
19,85.0,3,27.5,4.75,10.5,50.0
18,86.0,4,26.6,3.6,9.4,48.66666666666666
17,87.0,5,25.700000000000003,2.833333333333333,8.3,47.333333333333336
16,88.0,6,24.8,2.2857142857142856,7.199999999999999,46.0
15,89.0,7,23.9,1.875,6.1,44.66666666666666
14,90.0,8,23.0,1.5555555555555556,5.0,43.333333333333336
13,91.0,9,22.1,1.3,3.9,42.0
24,80.0,10,32.0,2.1818181818181817,16.0,52.66666666666666
23,81.0,11,31.1,1.9166666666666667,14.9,51.333333333333336
22,82.0,12,30.200000000000003,1.6923076923076923,13.8,50.0
21,83.0,13,29.3,1.5,12.7,48.66666666666666
20,84.0,14,28.4,1.3333333333333333,11.6,47.333333333333336
19,85.0,15,27.5,1.1875,10.5,46.0
18,86.0,16,26.6,1.0588235294117647,9.4,44.66666666666666
17,87.0,17,25.700000000000003,0.9444444444444444,8.3,43.333333333333336
16,88.0,18,24.8,0.8421052631578947,7.199999999999999,42.0
15,89.0,19,23.9,0.75,6.1,40.66666666666666
14,90.0,20,23.0,0.6666666666666666,5.0,39.333333333333336
24,80.0,21,32.0,1.0909090909090908,16.0,49.0
23,81.0,22,31.1,1.0,14.9,47.66666666666666
22,82.0,23,30.200000000000003,0.9166666666666666,13.8,46.333333333333336
21,83.0,24,29.3,0.84,12.7,45.0
20,84.0,25,28.4,0.7692307692307693,11.6,43.66666666666666
19,85.0,26,27.5,0.7037037037037037,10.5,42.333333333333336
18,86.0,27,26.6,0.6428571428571429,9.4,41.0
17,87.0,28,25.700000000000003,0.5862068965517241,8.3,39.66666666666666
16,88.0,29,24.8,0.5333333333333333,7.199999999999999,38.333333333333336
15,89.0,30,23.9,0.4838709677419355,6.1,37.0
24,80.0,31,32.0,0.75,16.0,45.66666666666666
23,81.0,32,31.1,0.696969696969697,14.9,44.333333333333336
22,82.0,33,30.200000000000003,0.6470588235294118,13.8,43.0
21,83.0,34,29.3,0.6,12.7,41.66666666666666
20,84.0,35,28.4,0.5555555555555556,11.6,40.333333333333336
19,85.0,36,27.5,0.5135135135135135,10.5,39.0
18,86.0,37,26.6,0.4736842105263157,9.4,37.66666666666666
17,87.0,38,25.700000000000003,0.4358974358974359,8.3,36.333333333333336
16,88.0,39,24.8,0.4,7.199999999999999,35.0
15,89.0,40,23.9,0.3658536585365853,6.1,33.666666666666664
14,90.0,41,23.0,0.3333333333333333,5.0,32.333333333333336
13,91.0,42,22.1,0.3023255813953488,3.9,31.0
24,80.0,43,32.0,0.5454545454545454,16.0,41.66666666666666
23,81.0,44,31.1,0.5111111111111111,14.9,40.333333333333336
22,82.0,45,30.200000000000003,0.4782608695652174,13.8,39.0
21,83.0,46,29.3,0.4468085106382978,12.7,37.66666666666666
20,84.0,47,28.4,0.4166666666666667,11.6,36.333333333333336
19,85.0,48,27.5,0.3877551020408163,10.5,35.0
18,86.0,49,26.6,0.36,9.4,33.666666666666664
17,87.0,50,25.700000000000003,0.3333333333333333,8.3,32.333333333333336
16,88.0,51,24.8,0.3076923076923077,7.199999999999999,31.0
15,89.0,52,23.9,0.2830188679245283,6.1,29.666666666666668
14,90.0,53,23.0,0.2592592592592592,5.0,28.33333333333333
13,91.0,54,22.1,0.2363636363636363,3.9,27.0
24,80.0,55,32.0,0.4285714285714285,16.0,37.66666666666666
23,81.0,56,31.1,0.4035087719298245,14.9,36.333333333333336
22,82.0,57,30.200000000000003,0.3793103448275862,13.8,35.0
21,83.0,58,29.3,0.3559322033898305,12.7,33.666666666666664
20,84.0,59,28.4,0.3333333333333333,11.6,32.333333333333336
19,85.0,1,27.5,9.5,10.5,50.66666666666666
18,86.0,2,26.6,6.0,9.4,49.333333333333336
17,87.0,3,25.700000000000003,4.25,8.3,48.0
16,88.0,4,24.8,3.2,7.199999999999999,46.66666666666666
15,89.0,5,23.9,2.5,6.1,45.333333333333336
14,90.0,6,23.0,2.0,5.0,44.0
13,91.0,7,22.1,1.625,3.9,42.66666666666666
24,80.0,8,32.0,2.6666666666666665,16.0,53.333333333333336
23,81.0,9,31.1,2.3,14.9,52.0
22,82.0,10,30.200000000000003,2.0,13.8,50.66666666666666
21,83.0,11,29.3,1.75,12.7,49.333333333333336
20,84.0,12,28.4,1.5384615384615383,11.6,48.0
19,85.0,13,27.5,1.3571428571428572,10.5,46.66666666666666
18,86.0,14,26.6,1.2,9.4,45.333333333333336
17,87.0,15,25.700000000000003,1.0625,8.3,44.0
16,88.0,16,24.8,0.9411764705882352,7.199999999999999,42.66666666666666
15,89.0,17,23.9,0.8333333333333334,6.1,41.333333333333336
14,90.0,18,23.0,0.7368421052631579,5.0,40.0
13,91.0,19,22.1,0.65,3.9,38.66666666666666
24,80.0,20,32.0,1.1428571428571428,16.0,49.333333333333336
23,81.0,21,31.1,1.0454545454545454,14.9,48.0
22,82.0,22,30.200000000000003,0.9565217391304348,13.8,46.66666666666666
21,83.0,23,29.3,0.875,12.7,45.333333333333336
20,84.0,24,28.4,0.8,11.6,44.0
19,85.0,25,27.5,0.7307692307692307,10.5,42.66666666666666
18,86.0,26,26.6,0.6666666666666666,9.4,41.333333333333336
17,87.0,27,25.700000000000003,0.6071428571428571,8.3,40.0
16,88.0,28,24.8,0.5517241379310345,7.199999999999999,38.66666666666666
15,89.0,29,23.9,0.5,6.1,37.333333333333336
14,90.0,30,23.0,0.4516129032258064,5.0,36.0
24,80.0,31,32.0,0.75,16.0,45.66666666666666
23,81.0,32,31.1,0.696969696969697,14.9,44.333333333333336
22,82.0,33,30.200000000000003,0.6470588235294118,13.8,43.0
21,83.0,34,29.3,0.6,12.7,41.66666666666666
20,84.0,35,28.4,0.5555555555555556,11.6,40.333333333333336
19,85.0,36,27.5,0.5135135135135135,10.5,39.0
18,86.0,37,26.6,0.4736842105263157,9.4,37.66666666666666
17,87.0,38,25.700000000000003,0.4358974358974359,8.3,36.333333333333336
16,88.0,39,24.8,0.4,7.199999999999999,35.0
15,89.0,40,23.9,0.3658536585365853,6.1,33.666666666666664
14,90.0,41,23.0,0.3333333333333333,5.0,32.333333333333336
13,91.0,42,22.1,0.3023255813953488,3.9,31.0
24,80.0,43,32.0,0.5454545454545454,16.0,41.66666666666666
23,81.0,44,31.1,0.5111111111111111,14.9,40.333333333333336
22,82.0,45,30.200000000000003,0.4782608695652174,13.8,39.0
21,83.0,46,29.3,0.4468085106382978,12.7,37.66666666666666
20,84.0,47,28.4,0.4166666666666667,11.6,36.333333333333336
19,85.0,48,27.5,0.3877551020408163,10.5,35.0
18,86.0,49,26.6,0.36,9.4,33.666666666666664
17,87.0,50,25.700000000000003,0.3333333333333333,8.3,32.333333333333336
16,88.0,51,24.8,0.3076923076923077,7.199999999999999,31.0
15,89.0,52,23.9,0.2830188679245283,6.1,29.666666666666668
14,90.0,53,23.0,0.2592592592592592,5.0,28.33333333333333
13,91.0,54,22.1,0.2363636363636363,3.9,27.0
24,80.0,55,32.0,0.4285714285714285,16.0,37.66666666666666
23,81.0,56,31.1,0.4035087719298245,14.9,36.333333333333336
22,82.0,57,30.200000000000003,0.3793103448275862,13.8,35.0
21,83.0,58,29.3,0.3559322033898305,12.7,33.666666666666664
20,84.0,59,28.4,0.3333333333333333,11.6,32.333333333333336
19,85.0,60,27.5,0.3114754098360656,10.5,31.0
18,86.0,61,26.6,0.2903225806451613,9.4,29.666666666666668
17,87.0,62,25.700000000000003,0.2698412698412698,8.3,28.33333333333333
16,88.0,63,24.8,0.25,7.199999999999999,27.0
15,89.0,64,23.9,0.2307692307692307,6.1,25.666666666666668
14,90.0,65,23.0,0.2121212121212121,5.0,24.33333333333333
13,91.0,66,22.1,0.1940298507462686,3.9,23.0
24,80.0,67,32.0,0.3529411764705882,16.0,33.666666666666664
23,81.0,68,31.1,0.3333333333333333,14.9,32.333333333333336
22,82.0,69,30.200000000000003,0.3142857142857143,13.8,31.0
17,87.0,1,25.700000000000003,8.5,8.3,48.66666666666666
16,88.0,2,24.8,5.333333333333333,7.199999999999999,47.333333333333336
15,89.0,3,23.9,3.75,6.1,46.0
14,90.0,4,23.0,2.8,5.0,44.66666666666666
13,91.0,5,22.1,2.1666666666666665,3.9,43.333333333333336
24,80.0,6,32.0,3.4285714285714284,16.0,54.0
23,81.0,7,31.1,2.875,14.9,52.66666666666666
22,82.0,8,30.200000000000003,2.4444444444444446,13.8,51.333333333333336
21,83.0,9,29.3,2.1,12.7,50.0
20,84.0,10,28.4,1.818181818181818,11.6,48.66666666666666
19,85.0,11,27.5,1.5833333333333333,10.5,47.333333333333336
18,86.0,12,26.6,1.3846153846153846,9.4,46.0
17,87.0,13,25.700000000000003,1.2142857142857142,8.3,44.66666666666666
16,88.0,14,24.8,1.0666666666666669,7.199999999999999,43.333333333333336
15,89.0,15,23.9,0.9375,6.1,42.0
14,90.0,16,23.0,0.8235294117647058,5.0,40.66666666666666
13,91.0,17,22.1,0.7222222222222222,3.9,39.333333333333336
24,80.0,18,32.0,1.263157894736842,16.0,50.0
23,81.0,19,31.1,1.15,14.9,48.66666666666666
22,82.0,20,30.200000000000003,1.0476190476190477,13.8,47.333333333333336
21,83.0,21,29.3,0.9545454545454546,12.7,46.0
20,84.0,22,28.4,0.8695652173913043,11.6,44.66666666666666
19,85.0,23,27.5,0.7916666666666666,10.5,43.333333333333336
18,86.0,24,26.6,0.72,9.4,42.0
17,87.0,25,25.700000000000003,0.6538461538461539,8.3,40.66666666666666
16,88.0,26,24.8,0.5925925925925926,7.199999999999999,39.333333333333336
15,89.0,27,23.9,0.5357142857142857,6.1,38.0
14,90.0,28,23.0,0.4827586206896552,5.0,36.66666666666666
13,91.0,29,22.1,0.4333333333333333,3.9,35.333333333333336
24,80.0,30,32.0,0.7741935483870968,16.0,46.0
24,80.0,31,32.0,0.75,16.0,45.66666666666666
23,81.0,32,31.1,0.696969696969697,14.9,44.333333333333336
22,82.0,33,30.200000000000003,0.6470588235294118,13.8,43.0
21,83.0,34,29.3,0.6,12.7,41.66666666666666
20,84.0,35,28.4,0.5555555555555556,11.6,40.333333333333336
19,85.0,36,27.5,0.5135135135135135,10.5,39.0
18,86.0,37,26.6,0.4736842105263157,9.4,37.66666666666666
17,87.0,38,25.700000000000003,0.4358974358974359,8.3,36.333333333333336
16,88.0,39,24.8,0.4,7.199999999999999,35.0
15,89.0,40,23.9,0.3658536585365853,6.1,33.666666666666664
14,90.0,41,23.0,0.3333333333333333,5.0,32.333333333333336
13,91.0,42,22.1,0.3023255813953488,3.9,31.0
24,80.0,43,32.0,0.5454545454545454,16.0,41.66666666666666
23,81.0,44,31.1,0.5111111111111111,14.9,40.333333333333336
22,82.0,45,30.200000000000003,0.4782608695652174,13.8,39.0
21,83.0,46,29.3,0.4468085106382978,12.7,37.66666666666666
20,84.0,47,28.4,0.4166666666666667,11.6,36.333333333333336
19,85.0,48,27.5,0.3877551020408163,10.5,35.0
18,86.0,49,26.6,0.36,9.4,33.666666666666664
17,87.0,50,25.700000000000003,0.3333333333333333,8.3,32.333333333333336
16,88.0,51,24.8,0.3076923076923077,7.199999999999999,31.0
15,89.0,52,23.9,0.2830188679245283,6.1,29.666666666666668
14,90.0,53,23.0,0.2592592592592592,5.0,28.33333333333333
13,91.0,54,22.1,0.2363636363636363,3.9,27.0
24,80.0,55,32.0,0.4285714285714285,16.0,37.66666666666666
23,81.0,56,31.1,0.4035087719298245,14.9,36.333333333333336
22,82.0,57,30.200000000000003,0.3793103448275862,13.8,35.0
21,83.0,58,29.3,0.3559322033898305,12.7,33.666666666666664
20,84.0,59,28.4,0.3333333333333333,11.6,32.333333333333336
19,85.0,60,27.5,0.3114754098360656,10.5,31.0
18,86.0,61,26.6,0.2903225806451613,9.4,29.666666666666668
17,87.0,62,25.700000000000003,0.2698412698412698,8.3,28.33333333333333
16,88.0,63,24.8,0.25,7.199999999999999,27.0
15,89.0,64,23.9,0.2307692307692307,6.1,25.666666666666668
14,90.0,65,23.0,0.2121212121212121,5.0,24.33333333333333
13,91.0,66,22.1,0.1940298507462686,3.9,23.0
24,80.0,67,32.0,0.3529411764705882,16.0,33.666666666666664
23,81.0,68,31.1,0.3333333333333333,14.9,32.333333333333336
22,82.0,69,30.200000000000003,0.3142857142857143,13.8,31.0
21,83.0,70,29.3,0.2957746478873239,12.7,29.666666666666668
20,84.0,71,28.4,0.2777777777777778,11.6,28.33333333333333
19,85.0,72,27.5,0.2602739726027397,10.5,27.0
18,86.0,73,26.6,0.2432432432432432,9.4,25.666666666666668
17,87.0,74,25.700000000000003,0.2266666666666666,8.3,24.33333333333333
16,88.0,75,24.8,0.2105263157894736,7.199999999999999,23.0
15,89.0,76,23.9,0.1948051948051948,6.1,21.666666666666668
14,90.0,77,23.0,0.1794871794871795,5.0,20.33333333333333
13,91.0,78,22.1,0.1645569620253164,3.9,19.0
24,80.0,79,32.0,0.3,16.0,29.666666666666668
17,87.0,1,25.700000000000003,8.5,8.3,48.66666666666666
16,88.0,2,24.8,5.333333333333333,7.199999999999999,47.333333333333336
15,89.0,3,23.9,3.75,6.1,46.0
14,90.0,4,23.0,2.8,5.0,44.66666666666666
13,91.0,5,22.1,2.1666666666666665,3.9,43.333333333333336
24,80.0,6,32.0,3.4285714285714284,16.0,54.0
23,81.0,7,31.1,2.875,14.9,52.66666666666666
22,82.0,8,30.200000000000003,2.4444444444444446,13.8,51.333333333333336
21,83.0,9,29.3,2.1,12.7,50.0
20,84.0,10,28.4,1.818181818181818,11.6,48.66666666666666
19,85.0,11,27.5,1.5833333333333333,10.5,47.333333333333336
18,86.0,12,26.6,1.3846153846153846,9.4,46.0
17,87.0,13,25.700000000000003,1.2142857142857142,8.3,44.66666666666666
16,88.0,14,24.8,1.0666666666666669,7.199999999999999,43.333333333333336
15,89.0,15,23.9,0.9375,6.1,42.0
14,90.0,16,23.0,0.8235294117647058,5.0,40.66666666666666
13,91.0,17,22.1,0.7222222222222222,3.9,39.333333333333336
24,80.0,18,32.0,1.263157894736842,16.0,50.0
23,81.0,19,31.1,1.15,14.9,48.66666666666666
22,82.0,20,30.200000000000003,1.0476190476190477,13.8,47.333333333333336
21,83.0,21,29.3,0.9545454545454546,12.7,46.0
20,84.0,22,28.4,0.8695652173913043,11.6,44.66666666666666
19,85.0,23,27.5,0.7916666666666666,10.5,43.333333333333336
18,86.0,24,26.6,0.72,9.4,42.0
17,87.0,25,25.700000000000003,0.6538461538461539,8.3,40.66666666666666
16,88.0,26,24.8,0.5925925925925926,7.199999999999999,39.333333333333336
15,89.0,27,23.9,0.5357142857142857,6.1,38.0
14,90.0,28,23.0,0.4827586206896552,5.0,36.66666666666666
13,91.0,29,22.1,0.4333333333333333,3.9,35.333333333333336
24,80.0,30,32.0,0.7741935483870968,16.0,46.0
24,80.0,31,32.0,0.75,16.0,45.66666666666666
23,81.0,32,31.1,0.696969696969697,14.9,44.333333333333336
22,82.0,33,30.200000000000003,0.6470588235294118,13.8,43.0
21,83.0,34,29.3,0.6,12.7,41.66666666666666
20,84.0,35,28.4,0.5555555555555556,11.6,40.333333333333336
19,85.0,36,27.5,0.5135135135135135,10.5,39.0
18,86.0,37,26.6,0.4736842105263157,9.4,37.66666666666666
17,87.0,38,25.700000000000003,0.4358974358974359,8.3,36.333333333333336
16,88.0,39,24.8,0.4,7.199999999999999,35.0
15,89.0,40,23.9,0.3658536585365853,6.1,33.666666666666664
14,90.0,41,23.0,0.3333333333333333,5.0,32.333333333333336
13,91.0,42,22.1,0.3023255813953488,3.9,31.0
24,80.0,43,32.0,0.5454545454545454,16.0,41.66666666666666
23,81.0,44,31.1,0.5111111111111111,14.9,40.333333333333336
22,82.0,45,30.200000000000003,0.4782608695652174,13.8,39.0
21,83.0,46,29.3,0.4468085106382978,12.7,37.66666666666666
20,84.0,47,28.4,0.4166666666666667,11.6,36.333333333333336
19,85.0,48,27.5,0.3877551020408163,10.5,35.0
18,86.0,49,26.6,0.36,9.4,33.666666666666664
17,87.0,50,25.700000000000003,0.3333333333333333,8.3,32.333333333333336
16,88.0,51,24.8,0.3076923076923077,7.199999999999999,31.0
15,89.0,52,23.9,0.2830188679245283,6.1,29.666666666666668
14,90.0,53,23.0,0.2592592592592592,5.0,28.33333333333333
13,91.0,54,22.1,0.2363636363636363,3.9,27.0
24,80.0,55,32.0,0.4285714285714285,16.0,37.66666666666666
23,81.0,56,31.1,0.4035087719298245,14.9,36.333333333333336
22,82.0,57,30.200000000000003,0.3793103448275862,13.8,35.0
21,83.0,58,29.3,0.3559322033898305,12.7,33.666666666666664
20,84.0,59,28.4,0.3333333333333333,11.6,32.333333333333336
19,85.0,60,27.5,0.3114754098360656,10.5,31.0
18,86.0,61,26.6,0.2903225806451613,9.4,29.666666666666668
17,87.0,62,25.700000000000003,0.2698412698412698,8.3,28.33333333333333
16,88.0,63,24.8,0.25,7.199999999999999,27.0
15,89.0,64,23.9,0.2307692307692307,6.1,25.666666666666668
14,90.0,65,23.0,0.2121212121212121,5.0,24.33333333333333
13,91.0,66,22.1,0.1940298507462686,3.9,23.0
24,80.0,67,32.0,0.3529411764705882,16.0,33.666666666666664
23,81.0,68,31.1,0.3333333333333333,14.9,32.333333333333336
22,82.0,69,30.200000000000003,0.3142857142857143,13.8,31.0
21,83.0,70,29.3,0.2957746478873239,12.7,29.666666666666668
20,84.0,71,28.4,0.2777777777777778,11.6,28.33333333333333
19,85.0,72,27.5,0.2602739726027397,10.5,27.0
18,86.0,73,26.6,0.2432432432432432,9.4,25.666666666666668
17,87.0,74,25.700000000000003,0.2266666666666666,8.3,24.33333333333333
16,88.0,75,24.8,0.2105263157894736,7.199999999999999,23.0
15,89.0,76,23.9,0.1948051948051948,6.1,21.666666666666668
14,90.0,77,23.0,0.1794871794871795,5.0,20.33333333333333
13,91.0,78,22.1,0.1645569620253164,3.9,19.0
24,80.0,79,32.0,0.3,16.0,29.666666666666668
19,85.0,1,27.5,9.5,10.5,50.66666666666666
18,86.0,2,26.6,6.0,9.4,49.333333333333336
17,87.0,3,25.700000000000003,4.25,8.3,48.0
16,88.0,4,24.8,3.2,7.199999999999999,46.66666666666666
15,89.0,5,23.9,2.5,6.1,45.333333333333336
14,90.0,6,23.0,2.0,5.0,44.0
13,91.0,7,22.1,1.625,3.9,42.66666666666666
24,80.0,8,32.0,2.6666666666666665,16.0,53.333333333333336
23,81.0,9,31.1,2.3,14.9,52.0
22,82.0,10,30.200000000000003,2.0,13.8,50.66666666666666
21,83.0,11,29.3,1.75,12.7,49.333333333333336
20,84.0,12,28.4,1.5384615384615383,11.6,48.0
19,85.0,13,27.5,1.3571428571428572,10.5,46.66666666666666
18,86.0,14,26.6,1.2,9.4,45.333333333333336
17,87.0,15,25.700000000000003,1.0625,8.3,44.0
16,88.0,16,24.8,0.9411764705882352,7.199999999999999,42.66666666666666
15,89.0,17,23.9,0.8333333333333334,6.1,41.333333333333336
14,90.0,18,23.0,0.7368421052631579,5.0,40.0
13,91.0,19,22.1,0.65,3.9,38.66666666666666
24,80.0,20,32.0,1.1428571428571428,16.0,49.333333333333336
23,81.0,21,31.1,1.0454545454545454,14.9,48.0
22,82.0,22,30.200000000000003,0.9565217391304348,13.8,46.66666666666666
21,83.0,23,29.3,0.875,12.7,45.333333333333336
20,84.0,24,28.4,0.8,11.6,44.0
19,85.0,25,27.5,0.7307692307692307,10.5,42.66666666666666
18,86.0,26,26.6,0.6666666666666666,9.4,41.333333333333336
17,87.0,27,25.700000000000003,0.6071428571428571,8.3,40.0
16,88.0,28,24.8,0.5517241379310345,7.199999999999999,38.66666666666666
15,89.0,29,23.9,0.5,6.1,37.333333333333336
14,90.0,30,23.0,0.4516129032258064,5.0,36.0
24,80.0,31,32.0,0.75,16.0,45.66666666666666
23,81.0,32,31.1,0.696969696969697,14.9,44.333333333333336
22,82.0,33,30.200000000000003,0.6470588235294118,13.8,43.0
21,83.0,34,29.3,0.6,12.7,41.66666666666666
20,84.0,35,28.4,0.5555555555555556,11.6,40.333333333333336
19,85.0,36,27.5,0.5135135135135135,10.5,39.0
18,86.0,37,26.6,0.4736842105263157,9.4,37.66666666666666
17,87.0,38,25.700000000000003,0.4358974358974359,8.3,36.333333333333336
16,88.0,39,24.8,0.4,7.199999999999999,35.0
15,89.0,40,23.9,0.3658536585365853,6.1,33.666666666666664
14,90.0,41,23.0,0.3333333333333333,5.0,32.333333333333336
13,91.0,42,22.1,0.3023255813953488,3.9,31.0
24,80.0,43,32.0,0.5454545454545454,16.0,41.66666666666666
23,81.0,44,31.1,0.5111111111111111,14.9,40.333333333333336
22,82.0,45,30.200000000000003,0.4782608695652174,13.8,39.0
21,83.0,46,29.3,0.4468085106382978,12.7,37.66666666666666
20,84.0,47,28.4,0.4166666666666667,11.6,36.333333333333336
19,85.0,48,27.5,0.3877551020408163,10.5,35.0
18,86.0,49,26.6,0.36,9.4,33.666666666666664
17,87.0,50,25.700000000000003,0.3333333333333333,8.3,32.333333333333336
16,88.0,51,24.8,0.3076923076923077,7.199999999999999,31.0
15,89.0,52,23.9,0.2830188679245283,6.1,29.666666666666668
14,90.0,53,23.0,0.2592592592592592,5.0,28.33333333333333
13,91.0,54,22.1,0.2363636363636363,3.9,27.0
24,80.0,55,32.0,0.4285714285714285,16.0,37.66666666666666
23,81.0,56,31.1,0.4035087719298245,14.9,36.333333333333336
22,82.0,57,30.200000000000003,0.3793103448275862,13.8,35.0
21,83.0,58,29.3,0.3559322033898305,12.7,33.666666666666664
20,84.0,59,28.4,0.3333333333333333,11.6,32.333333333333336
19,85.0,60,27.5,0.3114754098360656,10.5,31.0
18,86.0,61,26.6,0.2903225806451613,9.4,29.666666666666668
17,87.0,62,25.700000000000003,0.2698412698412698,8.3,28.33333333333333
16,88.0,63,24.8,0.25,7.199999999999999,27.0
15,89.0,64,23.9,0.2307692307692307,6.1,25.666666666666668
14,90.0,65,23.0,0.2121212121212121,5.0,24.33333333333333
13,91.0,66,22.1,0.1940298507462686,3.9,23.0
24,80.0,67,32.0,0.3529411764705882,16.0,33.666666666666664
23,81.0,68,31.1,0.3333333333333333,14.9,32.333333333333336
22,82.0,69,30.200000000000003,0.3142857142857143,13.8,31.0
19,85.0,1,27.5,9.5,10.5,50.66666666666666
18,86.0,2,26.6,6.0,9.4,49.333333333333336
17,87.0,3,25.700000000000003,4.25,8.3,48.0
16,88.0,4,24.8,3.2,7.199999999999999,46.66666666666666
15,89.0,5,23.9,2.5,6.1,45.333333333333336
14,90.0,6,23.0,2.0,5.0,44.0
13,91.0,7,22.1,1.625,3.9,42.66666666666666
24,80.0,8,32.0,2.6666666666666665,16.0,53.333333333333336
23,81.0,9,31.1,2.3,14.9,52.0
22,82.0,10,30.200000000000003,2.0,13.8,50.66666666666666
21,83.0,11,29.3,1.75,12.7,49.333333333333336
20,84.0,12,28.4,1.5384615384615383,11.6,48.0
19,85.0,13,27.5,1.3571428571428572,10.5,46.66666666666666
18,86.0,14,26.6,1.2,9.4,45.333333333333336
17,87.0,15,25.700000000000003,1.0625,8.3,44.0
16,88.0,16,24.8,0.9411764705882352,7.199999999999999,42.66666666666666
15,89.0,17,23.9,0.8333333333333334,6.1,41.333333333333336
14,90.0,18,23.0,0.7368421052631579,5.0,40.0
13,91.0,19,22.1,0.65,3.9,38.66666666666666
24,80.0,20,32.0,1.1428571428571428,16.0,49.333333333333336
23,81.0,21,31.1,1.0454545454545454,14.9,48.0
22,82.0,22,30.200000000000003,0.9565217391304348,13.8,46.66666666666666
21,83.0,23,29.3,0.875,12.7,45.333333333333336
20,84.0,24,28.4,0.8,11.6,44.0
19,85.0,25,27.5,0.7307692307692307,10.5,42.66666666666666
18,86.0,26,26.6,0.6666666666666666,9.4,41.333333333333336
17,87.0,27,25.700000000000003,0.6071428571428571,8.3,40.0
16,88.0,28,24.8,0.5517241379310345,7.199999999999999,38.66666666666666
15,89.0,29,23.9,0.5,6.1,37.333333333333336
14,90.0,30,23.0,0.4516129032258064,5.0,36.0
24,80.0,31,32.0,0.75,16.0,45.66666666666666
23,81.0,32,31.1,0.696969696969697,14.9,44.333333333333336
22,82.0,33,30.200000000000003,0.6470588235294118,13.8,43.0
21,83.0,34,29.3,0.6,12.7,41.66666666666666
20,84.0,35,28.4,0.5555555555555556,11.6,40.333333333333336
19,85.0,36,27.5,0.5135135135135135,10.5,39.0
18,86.0,37,26.6,0.4736842105263157,9.4,37.66666666666666
17,87.0,38,25.700000000000003,0.4358974358974359,8.3,36.333333333333336
16,88.0,39,24.8,0.4,7.199999999999999,35.0
15,89.0,40,23.9,0.3658536585365853,6.1,33.666666666666664
14,90.0,41,23.0,0.3333333333333333,5.0,32.333333333333336
13,91.0,42,22.1,0.3023255813953488,3.9,31.0
24,80.0,43,32.0,0.5454545454545454,16.0,41.66666666666666
23,81.0,44,31.1,0.5111111111111111,14.9,40.333333333333336
22,82.0,45,30.200000000000003,0.4782608695652174,13.8,39.0
21,83.0,46,29.3,0.4468085106382978,12.7,37.66666666666666
20,84.0,47,28.4,0.4166666666666667,11.6,36.333333333333336
19,85.0,48,27.5,0.3877551020408163,10.5,35.0
18,86.0,49,26.6,0.36,9.4,33.666666666666664
17,87.0,50,25.700000000000003,0.3333333333333333,8.3,32.333333333333336
16,88.0,51,24.8,0.3076923076923077,7.199999999999999,31.0
15,89.0,52,23.9,0.2830188679245283,6.1,29.666666666666668
14,90.0,53,23.0,0.2592592592592592,5.0,28.33333333333333
13,91.0,54,22.1,0.2363636363636363,3.9,27.0
24,80.0,55,32.0,0.4285714285714285,16.0,37.66666666666666
23,81.0,56,31.1,0.4035087719298245,14.9,36.333333333333336
22,82.0,57,30.200000000000003,0.3793103448275862,13.8,35.0
21,83.0,58,29.3,0.3559322033898305,12.7,33.666666666666664
20,84.0,59,28.4,0.3333333333333333,11.6,32.333333333333336
19,85.0,60,27.5,0.3114754098360656,10.5,31.0
18,86.0,61,26.6,0.2903225806451613,9.4,29.666666666666668
17,87.0,62,25.700000000000003,0.2698412698412698,8.3,28.33333333333333
16,88.0,63,24.8,0.25,7.199999999999999,27.0
15,89.0,64,23.9,0.2307692307692307,6.1,25.666666666666668
14,90.0,65,23.0,0.2121212121212121,5.0,24.33333333333333
13,91.0,66,22.1,0.1940298507462686,3.9,23.0
24,80.0,67,32.0,0.3529411764705882,16.0,33.666666666666664
23,81.0,68,31.1,0.3333333333333333,14.9,32.333333333333336
22,82.0,69,30.200000000000003,0.3142857142857143,13.8,31.0
17,87.0,1,25.700000000000003,8.5,8.3,48.66666666666666
16,88.0,2,24.8,5.333333333333333,7.199999999999999,47.333333333333336
15,89.0,3,23.9,3.75,6.1,46.0
14,90.0,4,23.0,2.8,5.0,44.66666666666666
13,91.0,5,22.1,2.1666666666666665,3.9,43.333333333333336
24,80.0,6,32.0,3.4285714285714284,16.0,54.0
23,81.0,7,31.1,2.875,14.9,52.66666666666666
22,82.0,8,30.200000000000003,2.4444444444444446,13.8,51.333333333333336
21,83.0,9,29.3,2.1,12.7,50.0
20,84.0,10,28.4,1.818181818181818,11.6,48.66666666666666
19,85.0,11,27.5,1.5833333333333333,10.5,47.333333333333336
18,86.0,12,26.6,1.3846153846153846,9.4,46.0
17,87.0,13,25.700000000000003,1.2142857142857142,8.3,44.66666666666666
16,88.0,14,24.8,1.0666666666666669,7.199999999999999,43.333333333333336
15,89.0,15,23.9,0.9375,6.1,42.0
14,90.0,16,23.0,0.8235294117647058,5.0,40.66666666666666
13,91.0,17,22.1,0.7222222222222222,3.9,39.333333333333336
24,80.0,18,32.0,1.263157894736842,16.0,50.0
23,81.0,19,31.1,1.15,14.9,48.66666666666666
22,82.0,20,30.200000000000003,1.0476190476190477,13.8,47.333333333333336
21,83.0,21,29.3,0.9545454545454546,12.7,46.0
20,84.0,22,28.4,0.8695652173913043,11.6,44.66666666666666
19,85.0,23,27.5,0.7916666666666666,10.5,43.333333333333336
18,86.0,24,26.6,0.72,9.4,42.0
17,87.0,25,25.700000000000003,0.6538461538461539,8.3,40.66666666666666
16,88.0,26,24.8,0.5925925925925926,7.199999999999999,39.333333333333336
15,89.0,27,23.9,0.5357142857142857,6.1,38.0
14,90.0,28,23.0,0.4827586206896552,5.0,36.66666666666666
13,91.0,29,22.1,0.4333333333333333,3.9,35.333333333333336
24,80.0,30,32.0,0.7741935483870968,16.0,46.0
24,80.0,31,32.0,0.75,16.0,45.66666666666666
23,81.0,32,31.1,0.696969696969697,14.9,44.333333333333336
22,82.0,33,30.200000000000003,0.6470588235294118,13.8,43.0
21,83.0,34,29.3,0.6,12.7,41.66666666666666
20,84.0,35,28.4,0.5555555555555556,11.6,40.333333333333336
19,85.0,36,27.5,0.5135135135135135,10.5,39.0
18,86.0,37,26.6,0.4736842105263157,9.4,37.66666666666666
17,87.0,38,25.700000000000003,0.4358974358974359,8.3,36.333333333333336
16,88.0,39,24.8,0.4,7.199999999999999,35.0
15,89.0,40,23.9,0.3658536585365853,6.1,33.666666666666664
14,90.0,41,23.0,0.3333333333333333,5.0,32.333333333333336
13,91.0,42,22.1,0.3023255813953488,3.9,31.0
24,80.0,43,32.0,0.5454545454545454,16.0,41.66666666666666
23,81.0,44,31.1,0.5111111111111111,14.9,40.333333333333336
22,82.0,45,30.200000000000003,0.4782608695652174,13.8,39.0
21,83.0,46,29.3,0.4468085106382978,12.7,37.66666666666666
20,84.0,47,28.4,0.4166666666666667,11.6,36.333333333333336
19,85.0,48,27.5,0.3877551020408163,10.5,35.0
18,86.0,49,26.6,0.36,9.4,33.666666666666664
17,87.0,50,25.700000000000003,0.3333333333333333,8.3,32.333333333333336
16,88.0,51,24.8,0.3076923076923077,7.199999999999999,31.0
15,89.0,52,23.9,0.2830188679245283,6.1,29.666666666666668
14,90.0,53,23.0,0.2592592592592592,5.0,28.33333333333333
13,91.0,54,22.1,0.2363636363636363,3.9,27.0
24,80.0,55,32.0,0.4285714285714285,16.0,37.66666666666666
23,81.0,56,31.1,0.4035087719298245,14.9,36.333333333333336
22,82.0,57,30.200000000000003,0.3793103448275862,13.8,35.0
21,83.0,58,29.3,0.3559322033898305,12.7,33.666666666666664
20,84.0,59,28.4,0.3333333333333333,11.6,32.333333333333336
19,85.0,60,27.5,0.3114754098360656,10.5,31.0
18,86.0,61,26.6,0.2903225806451613,9.4,29.666666666666668
17,87.0,62,25.700000000000003,0.2698412698412698,8.3,28.33333333333333
16,88.0,63,24.8,0.25,7.199999999999999,27.0
15,89.0,64,23.9,0.2307692307692307,6.1,25.666666666666668
14,90.0,65,23.0,0.2121212121212121,5.0,24.33333333333333
13,91.0,66,22.1,0.1940298507462686,3.9,23.0
24,80.0,67,32.0,0.3529411764705882,16.0,33.666666666666664
23,81.0,68,31.1,0.3333333333333333,14.9,32.333333333333336
22,82.0,69,30.200000000000003,0.3142857142857143,13.8,31.0
21,83.0,70,29.3,0.2957746478873239,12.7,29.666666666666668
20,84.0,71,28.4,0.2777777777777778,11.6,28.33333333333333
19,85.0,72,27.5,0.2602739726027397,10.5,27.0
18,86.0,73,26.6,0.2432432432432432,9.4,25.666666666666668
17,87.0,74,25.700000000000003,0.2266666666666666,8.3,24.33333333333333
16,88.0,75,24.8,0.2105263157894736,7.199999999999999,23.0
15,89.0,76,23.9,0.1948051948051948,6.1,21.666666666666668
14,90.0,77,23.0,0.1794871794871795,5.0,20.33333333333333
13,91.0,78,22.1,0.1645569620253164,3.9,19.0
24,80.0,79,32.0,0.3,16.0,29.666666666666668
17,87.0,1,25.700000000000003,8.5,8.3,48.66666666666666
16,88.0,2,24.8,5.333333333333333,7.199999999999999,47.333333333333336
15,89.0,3,23.9,3.75,6.1,46.0
14,90.0,4,23.0,2.8,5.0,44.66666666666666
13,91.0,5,22.1,2.1666666666666665,3.9,43.333333333333336
24,80.0,6,32.0,3.4285714285714284,16.0,54.0
23,81.0,7,31.1,2.875,14.9,52.66666666666666
22,82.0,8,30.200000000000003,2.4444444444444446,13.8,51.333333333333336
21,83.0,9,29.3,2.1,12.7,50.0
20,84.0,10,28.4,1.818181818181818,11.6,48.66666666666666
19,85.0,11,27.5,1.5833333333333333,10.5,47.333333333333336
18,86.0,12,26.6,1.3846153846153846,9.4,46.0
17,87.0,13,25.700000000000003,1.2142857142857142,8.3,44.66666666666666
16,88.0,14,24.8,1.0666666666666669,7.199999999999999,43.333333333333336
15,89.0,15,23.9,0.9375,6.1,42.0
14,90.0,16,23.0,0.8235294117647058,5.0,40.66666666666666
13,91.0,17,22.1,0.7222222222222222,3.9,39.333333333333336
24,80.0,18,32.0,1.263157894736842,16.0,50.0
23,81.0,19,31.1,1.15,14.9,48.66666666666666
22,82.0,20,30.200000000000003,1.0476190476190477,13.8,47.333333333333336
21,83.0,21,29.3,0.9545454545454546,12.7,46.0
20,84.0,22,28.4,0.8695652173913043,11.6,44.66666666666666
19,85.0,23,27.5,0.7916666666666666,10.5,43.333333333333336
18,86.0,24,26.6,0.72,9.4,42.0
17,87.0,25,25.700000000000003,0.6538461538461539,8.3,40.66666666666666
16,88.0,26,24.8,0.5925925925925926,7.199999999999999,39.333333333333336
15,89.0,27,23.9,0.5357142857142857,6.1,38.0
14,90.0,28,23.0,0.4827586206896552,5.0,36.66666666666666
13,91.0,29,22.1,0.4333333333333333,3.9,35.333333333333336
24,80.0,30,32.0,0.7741935483870968,16.0,46.0
24,80.0,31,32.0,0.75,16.0,45.66666666666666
23,81.0,32,31.1,0.696969696969697,14.9,44.333333333333336
22,82.0,33,30.200000000000003,0.6470588235294118,13.8,43.0
21,83.0,34,29.3,0.6,12.7,41.66666666666666
20,84.0,35,28.4,0.5555555555555556,11.6,40.333333333333336
19,85.0,36,27.5,0.5135135135135135,10.5,39.0
18,86.0,37,26.6,0.4736842105263157,9.4,37.66666666666666
17,87.0,38,25.700000000000003,0.4358974358974359,8.3,36.333333333333336
16,88.0,39,24.8,0.4,7.199999999999999,35.0
15,89.0,40,23.9,0.3658536585365853,6.1,33.666666666666664
14,90.0,41,23.0,0.3333333333333333,5.0,32.333333333333336
13,91.0,42,22.1,0.3023255813953488,3.9,31.0
24,80.0,43,32.0,0.5454545454545454,16.0,41.66666666666666
23,81.0,44,31.1,0.5111111111111111,14.9,40.333333333333336
22,82.0,45,30.200000000000003,0.4782608695652174,13.8,39.0
21,83.0,46,29.3,0.4468085106382978,12.7,37.66666666666666
20,84.0,47,28.4,0.4166666666666667,11.6,36.333333333333336
19,85.0,48,27.5,0.3877551020408163,10.5,35.0
18,86.0,49,26.6,0.36,9.4,33.666666666666664
17,87.0,50,25.700000000000003,0.3333333333333333,8.3,32.333333333333336
16,88.0,51,24.8,0.3076923076923077,7.199999999999999,31.0
15,89.0,52,23.9,0.2830188679245283,6.1,29.666666666666668
14,90.0,53,23.0,0.2592592592592592,5.0,28.33333333333333
13,91.0,54,22.1,0.2363636363636363,3.9,27.0
24,80.0,55,32.0,0.4285714285714285,16.0,37.66666666666666
23,81.0,56,31.1,0.4035087719298245,14.9,36.333333333333336
22,82.0,57,30.200000000000003,0.3793103448275862,13.8,35.0
21,83.0,58,29.3,0.3559322033898305,12.7,33.666666666666664
20,84.0,59,28.4,0.3333333333333333,11.6,32.333333333333336
19,85.0,60,27.5,0.3114754098360656,10.5,31.0
18,86.0,61,26.6,0.2903225806451613,9.4,29.666666666666668
17,87.0,62,25.700000000000003,0.2698412698412698,8.3,28.33333333333333
16,88.0,63,24.8,0.25,7.199999999999999,27.0
15,89.0,64,23.9,0.2307692307692307,6.1,25.666666666666668
14,90.0,65,23.0,0.2121212121212121,5.0,24.33333333333333
13,91.0,66,22.1,0.1940298507462686,3.9,23.0
24,80.0,67,32.0,0.3529411764705882,16.0,33.666666666666664
23,81.0,68,31.1,0.3333333333333333,14.9,32.333333333333336
22,82.0,69,30.200000000000003,0.3142857142857143,13.8,31.0
21,83.0,70,29.3,0.2957746478873239,12.7,29.666666666666668
20,84.0,71,28.4,0.2777777777777778,11.6,28.33333333333333
19,85.0,72,27.5,0.2602739726027397,10.5,27.0
18,86.0,73,26.6,0.2432432432432432,9.4,25.666666666666668
17,87.0,74,25.700000000000003,0.2266666666666666,8.3,24.33333333333333
16,88.0,75,24.8,0.2105263157894736,7.199999999999999,23.0
15,89.0,76,23.9,0.1948051948051948,6.1,21.666666666666668
14,90.0,77,23.0,0.1794871794871795,5.0,20.33333333333333
13,91.0,78,22.1,0.1645569620253164,3.9,19.0
24,80.0,79,32.0,0.3,16.0,29.666666666666668
19,85.0,1,27.5,9.5,10.5,50.66666666666666
18,86.0,2,26.6,6.0,9.4,49.333333333333336
17,87.0,3,25.700000000000003,4.25,8.3,48.0
16,88.0,4,24.8,3.2,7.199999999999999,46.66666666666666
15,89.0,5,23.9,2.5,6.1,45.333333333333336
14,90.0,6,23.0,2.0,5.0,44.0
13,91.0,7,22.1,1.625,3.9,42.66666666666666
24,80.0,8,32.0,2.6666666666666665,16.0,53.333333333333336
23,81.0,9,31.1,2.3,14.9,52.0
22,82.0,10,30.200000000000003,2.0,13.8,50.66666666666666
21,83.0,11,29.3,1.75,12.7,49.333333333333336
20,84.0,12,28.4,1.5384615384615383,11.6,48.0
19,85.0,13,27.5,1.3571428571428572,10.5,46.66666666666666
18,86.0,14,26.6,1.2,9.4,45.333333333333336
17,87.0,15,25.700000000000003,1.0625,8.3,44.0
16,88.0,16,24.8,0.9411764705882352,7.199999999999999,42.66666666666666
15,89.0,17,23.9,0.8333333333333334,6.1,41.333333333333336
14,90.0,18,23.0,0.7368421052631579,5.0,40.0
13,91.0,19,22.1,0.65,3.9,38.66666666666666
24,80.0,20,32.0,1.1428571428571428,16.0,49.333333333333336
23,81.0,21,31.1,1.0454545454545454,14.9,48.0
22,82.0,22,30.200000000000003,0.9565217391304348,13.8,46.66666666666666
21,83.0,23,29.3,0.875,12.7,45.333333333333336
20,84.0,24,28.4,0.8,11.6,44.0
19,85.0,25,27.5,0.7307692307692307,10.5,42.66666666666666
18,86.0,26,26.6,0.6666666666666666,9.4,41.333333333333336
17,87.0,27,25.700000000000003,0.6071428571428571,8.3,40.0
16,88.0,28,24.8,0.5517241379310345,7.199999999999999,38.66666666666666
15,89.0,29,23.9,0.5,6.1,37.333333333333336
14,90.0,30,23.0,0.4516129032258064,5.0,36.0
24,80.0,31,32.0,0.75,16.0,45.66666666666666
23,81.0,32,31.1,0.696969696969697,14.9,44.333333333333336
22,82.0,33,30.200000000000003,0.6470588235294118,13.8,43.0
21,83.0,34,29.3,0.6,12.7,41.66666666666666
20,84.0,35,28.4,0.5555555555555556,11.6,40.333333333333336
19,85.0,36,27.5,0.5135135135135135,10.5,39.0
18,86.0,37,26.6,0.4736842105263157,9.4,37.66666666666666
17,87.0,38,25.700000000000003,0.4358974358974359,8.3,36.333333333333336
16,88.0,39,24.8,0.4,7.199999999999999,35.0
15,89.0,40,23.9,0.3658536585365853,6.1,33.666666666666664
14,90.0,41,23.0,0.3333333333333333,5.0,32.333333333333336
13,91.0,42,22.1,0.3023255813953488,3.9,31.0
24,80.0,43,32.0,0.5454545454545454,16.0,41.66666666666666
23,81.0,44,31.1,0.5111111111111111,14.9,40.333333333333336
22,82.0,45,30.200000000000003,0.4782608695652174,13.8,39.0
21,83.0,46,29.3,0.4468085106382978,12.7,37.66666666666666
20,84.0,47,28.4,0.4166666666666667,11.6,36.333333333333336
19,85.0,48,27.5,0.3877551020408163,10.5,35.0
18,86.0,49,26.6,0.36,9.4,33.666666666666664
17,87.0,50,25.700000000000003,0.3333333333333333,8.3,32.333333333333336
16,88.0,51,24.8,0.3076923076923077,7.199999999999999,31.0
15,89.0,52,23.9,0.2830188679245283,6.1,29.666666666666668
14,90.0,53,23.0,0.2592592592592592,5.0,28.33333333333333
13,91.0,54,22.1,0.2363636363636363,3.9,27.0
24,80.0,55,32.0,0.4285714285714285,16.0,37.66666666666666
23,81.0,56,31.1,0.4035087719298245,14.9,36.333333333333336
22,82.0,57,30.200000000000003,0.3793103448275862,13.8,35.0
21,83.0,58,29.3,0.3559322033898305,12.7,33.666666666666664
20,84.0,59,28.4,0.3333333333333333,11.6,32.333333333333336
19,85.0,60,27.5,0.3114754098360656,10.5,31.0
18,86.0,61,26.6,0.2903225806451613,9.4,29.666666666666668
17,87.0,62,25.700000000000003,0.2698412698412698,8.3,28.33333333333333
16,88.0,63,24.8,0.25,7.199999999999999,27.0
15,89.0,64,23.9,0.2307692307692307,6.1,25.666666666666668
14,90.0,65,23.0,0.2121212121212121,5.0,24.33333333333333
13,91.0,66,22.1,0.1940298507462686,3.9,23.0
24,80.0,67,32.0,0.3529411764705882,16.0,33.666666666666664
23,81.0,68,31.1,0.3333333333333333,14.9,32.333333333333336
22,82.0,69,30.200000000000003,0.3142857142857143,13.8,31.0
19,85.0,1,27.5,9.5,10.5,50.66666666666666
18,86.0,2,26.6,6.0,9.4,49.333333333333336
17,87.0,3,25.700000000000003,4.25,8.3,48.0
16,88.0,4,24.8,3.2,7.199999999999999,46.66666666666666
15,89.0,5,23.9,2.5,6.1,45.333333333333336
14,90.0,6,23.0,2.0,5.0,44.0
13,91.0,7,22.1,1.625,3.9,42.66666666666666
24,80.0,8,32.0,2.6666666666666665,16.0,53.333333333333336
23,81.0,9,31.1,2.3,14.9,52.0
22,82.0,10,30.200000000000003,2.0,13.8,50.66666666666666
21,83.0,11,29.3,1.75,12.7,49.333333333333336
20,84.0,12,28.4,1.5384615384615383,11.6,48.0
19,85.0,13,27.5,1.3571428571428572,10.5,46.66666666666666
18,86.0,14,26.6,1.2,9.4,45.333333333333336
17,87.0,15,25.700000000000003,1.0625,8.3,44.0
16,88.0,16,24.8,0.9411764705882352,7.199999999999999,42.66666666666666
15,89.0,17,23.9,0.8333333333333334,6.1,41.333333333333336
14,90.0,18,23.0,0.7368421052631579,5.0,40.0
13,91.0,19,22.1,0.65,3.9,38.66666666666666
24,80.0,20,32.0,1.1428571428571428,16.0,49.333333333333336
23,81.0,21,31.1,1.0454545454545454,14.9,48.0
22,82.0,22,30.200000000000003,0.9565217391304348,13.8,46.66666666666666
21,83.0,23,29.3,0.875,12.7,45.333333333333336
20,84.0,24,28.4,0.8,11.6,44.0
19,85.0,25,27.5,0.7307692307692307,10.5,42.66666666666666
18,86.0,26,26.6,0.6666666666666666,9.4,41.333333333333336
17,87.0,27,25.700000000000003,0.6071428571428571,8.3,40.0
16,88.0,28,24.8,0.5517241379310345,7.199999999999999,38.66666666666666
15,89.0,29,23.9,0.5,6.1,37.333333333333336
14,90.0,30,23.0,0.4516129032258064,5.0,36.0
24,80.0,31,32.0,0.75,16.0,45.66666666666666
23,81.0,32,31.1,0.696969696969697,14.9,44.333333333333336
22,82.0,33,30.200000000000003,0.6470588235294118,13.8,43.0
21,83.0,34,29.3,0.6,12.7,41.66666666666666
20,84.0,35,28.4,0.5555555555555556,11.6,40.333333333333336
19,85.0,36,27.5,0.5135135135135135,10.5,39.0
18,86.0,37,26.6,0.4736842105263157,9.4,37.66666666666666
17,87.0,38,25.700000000000003,0.4358974358974359,8.3,36.333333333333336
16,88.0,39,24.8,0.4,7.199999999999999,35.0
15,89.0,40,23.9,0.3658536585365853,6.1,33.666666666666664
14,90.0,41,23.0,0.3333333333333333,5.0,32.333333333333336
13,91.0,42,22.1,0.3023255813953488,3.9,31.0
24,80.0,43,32.0,0.5454545454545454,16.0,41.66666666666666
23,81.0,44,31.1,0.5111111111111111,14.9,40.333333333333336
22,82.0,45,30.200000000000003,0.4782608695652174,13.8,39.0
21,83.0,46,29.3,0.4468085106382978,12.7,37.66666666666666
20,84.0,47,28.4,0.4166666666666667,11.6,36.333333333333336
19,85.0,48,27.5,0.3877551020408163,10.5,35.0
18,86.0,49,26.6,0.36,9.4,33.666666666666664
17,87.0,50,25.700000000000003,0.3333333333333333,8.3,32.333333333333336
16,88.0,51,24.8,0.3076923076923077,7.199999999999999,31.0
15,89.0,52,23.9,0.2830188679245283,6.1,29.666666666666668
14,90.0,53,23.0,0.2592592592592592,5.0,28.33333333333333
13,91.0,54,22.1,0.2363636363636363,3.9,27.0
24,80.0,55,32.0,0.4285714285714285,16.0,37.66666666666666
23,81.0,56,31.1,0.4035087719298245,14.9,36.333333333333336
22,82.0,57,30.200000000000003,0.3793103448275862,13.8,35.0
21,83.0,58,29.3,0.3559322033898305,12.7,33.666666666666664
20,84.0,59,28.4,0.3333333333333333,11.6,32.333333333333336
19,85.0,60,27.5,0.3114754098360656,10.5,31.0
18,86.0,61,26.6,0.2903225806451613,9.4,29.666666666666668
17,87.0,62,25.700000000000003,0.2698412698412698,8.3,28.33333333333333
16,88.0,63,24.8,0.25,7.199999999999999,27.0
15,89.0,64,23.9,0.2307692307692307,6.1,25.666666666666668
14,90.0,65,23.0,0.2121212121212121,5.0,24.33333333333333
13,91.0,66,22.1,0.1940298507462686,3.9,23.0
24,80.0,67,32.0,0.3529411764705882,16.0,33.666666666666664
23,81.0,68,31.1,0.3333333333333333,14.9,32.333333333333336
22,82.0,69,30.200000000000003,0.3142857142857143,13.8,31.0
17,87.0,1,25.700000000000003,8.5,8.3,48.66666666666666
16,88.0,2,24.8,5.333333333333333,7.199999999999999,47.333333333333336
15,89.0,3,23.9,3.75,6.1,46.0
14,90.0,4,23.0,2.8,5.0,44.66666666666666
13,91.0,5,22.1,2.1666666666666665,3.9,43.333333333333336
24,80.0,6,32.0,3.4285714285714284,16.0,54.0
23,81.0,7,31.1,2.875,14.9,52.66666666666666
22,82.0,8,30.200000000000003,2.4444444444444446,13.8,51.333333333333336
21,83.0,9,29.3,2.1,12.7,50.0
20,84.0,10,28.4,1.818181818181818,11.6,48.66666666666666
19,85.0,11,27.5,1.5833333333333333,10.5,47.333333333333336
18,86.0,12,26.6,1.3846153846153846,9.4,46.0
17,87.0,13,25.700000000000003,1.2142857142857142,8.3,44.66666666666666
16,88.0,14,24.8,1.0666666666666669,7.199999999999999,43.333333333333336
15,89.0,15,23.9,0.9375,6.1,42.0
14,90.0,16,23.0,0.8235294117647058,5.0,40.66666666666666
13,91.0,17,22.1,0.7222222222222222,3.9,39.333333333333336
24,80.0,18,32.0,1.263157894736842,16.0,50.0
23,81.0,19,31.1,1.15,14.9,48.66666666666666
22,82.0,20,30.200000000000003,1.0476190476190477,13.8,47.333333333333336
21,83.0,21,29.3,0.9545454545454546,12.7,46.0
20,84.0,22,28.4,0.8695652173913043,11.6,44.66666666666666
19,85.0,23,27.5,0.7916666666666666,10.5,43.333333333333336
18,86.0,24,26.6,0.72,9.4,42.0
17,87.0,25,25.700000000000003,0.6538461538461539,8.3,40.66666666666666
16,88.0,26,24.8,0.5925925925925926,7.199999999999999,39.333333333333336
15,89.0,27,23.9,0.5357142857142857,6.1,38.0
14,90.0,28,23.0,0.4827586206896552,5.0,36.66666666666666
13,91.0,29,22.1,0.4333333333333333,3.9,35.333333333333336
24,80.0,30,32.0,0.7741935483870968,16.0,46.0
24,80.0,31,32.0,0.75,16.0,45.66666666666666
23,81.0,32,31.1,0.696969696969697,14.9,44.333333333333336
22,82.0,33,30.200000000000003,0.6470588235294118,13.8,43.0
21,83.0,34,29.3,0.6,12.7,41.66666666666666
20,84.0,35,28.4,0.5555555555555556,11.6,40.333333333333336
19,85.0,36,27.5,0.5135135135135135,10.5,39.0
18,86.0,37,26.6,0.4736842105263157,9.4,37.66666666666666
17,87.0,38,25.700000000000003,0.4358974358974359,8.3,36.333333333333336
16,88.0,39,24.8,0.4,7.199999999999999,35.0
15,89.0,40,23.9,0.3658536585365853,6.1,33.666666666666664
14,90.0,41,23.0,0.3333333333333333,5.0,32.333333333333336
13,91.0,42,22.1,0.3023255813953488,3.9,31.0
24,80.0,43,32.0,0.5454545454545454,16.0,41.66666666666666
23,81.0,44,31.1,0.5111111111111111,14.9,40.333333333333336
22,82.0,45,30.200000000000003,0.4782608695652174,13.8,39.0
21,83.0,46,29.3,0.4468085106382978,12.7,37.66666666666666
20,84.0,47,28.4,0.4166666666666667,11.6,36.333333333333336
19,85.0,48,27.5,0.3877551020408163,10.5,35.0
18,86.0,49,26.6,0.36,9.4,33.666666666666664
17,87.0,50,25.700000000000003,0.3333333333333333,8.3,32.333333333333336
16,88.0,51,24.8,0.3076923076923077,7.199999999999999,31.0
15,89.0,52,23.9,0.2830188679245283,6.1,29.666666666666668
14,90.0,53,23.0,0.2592592592592592,5.0,28.33333333333333
13,91.0,54,22.1,0.2363636363636363,3.9,27.0
24,80.0,55,32.0,0.4285714285714285,16.0,37.66666666666666
23,81.0,56,31.1,0.4035087719298245,14.9,36.333333333333336
22,82.0,57,30.200000000000003,0.3793103448275862,13.8,35.0
21,83.0,58,29.3,0.3559322033898305,12.7,33.666666666666664
20,84.0,59,28.4,0.3333333333333333,11.6,32.333333333333336
19,85.0,60,27.5,0.3114754098360656,10.5,31.0
18,86.0,61,26.6,0.2903225806451613,9.4,29.666666666666668
17,87.0,62,25.700000000000003,0.2698412698412698,8.3,28.33333333333333
16,88.0,63,24.8,0.25,7.199999999999999,27.0
15,89.0,64,23.9,0.2307692307692307,6.1,25.666666666666668
14,90.0,65,23.0,0.2121212121212121,5.0,24.33333333333333
13,91.0,66,22.1,0.1940298507462686,3.9,23.0
24,80.0,67,32.0,0.3529411764705882,16.0,33.666666666666664
23,81.0,68,31.1,0.3333333333333333,14.9,32.333333333333336
22,82.0,69,30.200000000000003,0.3142857142857143,13.8,31.0
21,83.0,70,29.3,0.2957746478873239,12.7,29.666666666666668
20,84.0,71,28.4,0.2777777777777778,11.6,28.33333333333333
19,85.0,72,27.5,0.2602739726027397,10.5,27.0
18,86.0,73,26.6,0.2432432432432432,9.4,25.666666666666668
17,87.0,74,25.700000000000003,0.2266666666666666,8.3,24.33333333333333
16,88.0,75,24.8,0.2105263157894736,7.199999999999999,23.0
15,89.0,76,23.9,0.1948051948051948,6.1,21.666666666666668
14,90.0,77,23.0,0.1794871794871795,5.0,20.33333333333333
13,91.0,78,22.1,0.1645569620253164,3.9,19.0
24,80.0,79,32.0,0.3,16.0,29.666666666666668
17,87.0,1,25.700000000000003,8.5,8.3,48.66666666666666
16,88.0,2,24.8,5.333333333333333,7.199999999999999,47.333333333333336
15,89.0,3,23.9,3.75,6.1,46.0
14,90.0,4,23.0,2.8,5.0,44.66666666666666
13,91.0,5,22.1,2.1666666666666665,3.9,43.333333333333336
24,80.0,6,32.0,3.4285714285714284,16.0,54.0
23,81.0,7,31.1,2.875,14.9,52.66666666666666
22,82.0,8,30.200000000000003,2.4444444444444446,13.8,51.333333333333336
21,83.0,9,29.3,2.1,12.7,50.0
20,84.0,10,28.4,1.818181818181818,11.6,48.66666666666666
19,85.0,11,27.5,1.5833333333333333,10.5,47.333333333333336
18,86.0,12,26.6,1.3846153846153846,9.4,46.0
17,87.0,13,25.700000000000003,1.2142857142857142,8.3,44.66666666666666
16,88.0,14,24.8,1.0666666666666669,7.199999999999999,43.333333333333336
15,89.0,15,23.9,0.9375,6.1,42.0
14,90.0,16,23.0,0.8235294117647058,5.0,40.66666666666666
13,91.0,17,22.1,0.7222222222222222,3.9,39.333333333333336
24,80.0,18,32.0,1.263157894736842,16.0,50.0
23,81.0,19,31.1,1.15,14.9,48.66666666666666
22,82.0,20,30.200000000000003,1.0476190476190477,13.8,47.333333333333336
21,83.0,21,29.3,0.9545454545454546,12.7,46.0
20,84.0,22,28.4,0.8695652173913043,11.6,44.66666666666666
19,85.0,23,27.5,0.7916666666666666,10.5,43.333333333333336
18,86.0,24,26.6,0.72,9.4,42.0
17,87.0,25,25.700000000000003,0.6538461538461539,8.3,40.66666666666666
16,88.0,26,24.8,0.5925925925925926,7.199999999999999,39.333333333333336
15,89.0,27,23.9,0.5357142857142857,6.1,38.0
14,90.0,28,23.0,0.4827586206896552,5.0,36.66666666666666
13,91.0,29,22.1,0.4333333333333333,3.9,35.333333333333336
24,80.0,30,32.0,0.7741935483870968,16.0,46.0
24,80.0,31,32.0,0.75,16.0,45.66666666666666
23,81.0,32,31.1,0.696969696969697,14.9,44.333333333333336
22,82.0,33,30.200000000000003,0.6470588235294118,13.8,43.0
21,83.0,34,29.3,0.6,12.7,41.66666666666666
20,84.0,35,28.4,0.5555555555555556,11.6,40.333333333333336
19,85.0,36,27.5,0.5135135135135135,10.5,39.0
18,86.0,37,26.6,0.4736842105263157,9.4,37.66666666666666
17,87.0,38,25.700000000000003,0.4358974358974359,8.3,36.333333333333336
16,88.0,39,24.8,0.4,7.199999999999999,35.0
15,89.0,40,23.9,0.3658536585365853,6.1,33.666666666666664
14,90.0,41,23.0,0.3333333333333333,5.0,32.333333333333336
13,91.0,42,22.1,0.3023255813953488,3.9,31.0
24,80.0,43,32.0,0.5454545454545454,16.0,41.66666666666666
23,81.0,44,31.1,0.5111111111111111,14.9,40.333333333333336
22,82.0,45,30.200000000000003,0.4782608695652174,13.8,39.0
21,83.0,46,29.3,0.4468085106382978,12.7,37.66666666666666
20,84.0,47,28.4,0.4166666666666667,11.6,36.333333333333336
19,85.0,48,27.5,0.3877551020408163,10.5,35.0
18,86.0,49,26.6,0.36,9.4,33.666666666666664
17,87.0,50,25.700000000000003,0.3333333333333333,8.3,32.333333333333336
16,88.0,51,24.8,0.3076923076923077,7.199999999999999,31.0
15,89.0,52,23.9,0.2830188679245283,6.1,29.666666666666668
14,90.0,53,23.0,0.2592592592592592,5.0,28.33333333333333
13,91.0,54,22.1,0.2363636363636363,3.9,27.0
24,80.0,55,32.0,0.4285714285714285,16.0,37.66666666666666
23,81.0,56,31.1,0.4035087719298245,14.9,36.333333333333336
22,82.0,57,30.200000000000003,0.3793103448275862,13.8,35.0
21,83.0,58,29.3,0.3559322033898305,12.7,33.666666666666664
20,84.0,59,28.4,0.3333333333333333,11.6,32.333333333333336
19,85.0,60,27.5,0.3114754098360656,10.5,31.0
18,86.0,61,26.6,0.2903225806451613,9.4,29.666666666666668
17,87.0,62,25.700000000000003,0.2698412698412698,8.3,28.33333333333333
16,88.0,63,24.8,0.25,7.199999999999999,27.0
15,89.0,64,23.9,0.2307692307692307,6.1,25.666666666666668
14,90.0,65,23.0,0.2121212121212121,5.0,24.33333333333333
13,91.0,66,22.1,0.1940298507462686,3.9,23.0
24,80.0,67,32.0,0.3529411764705882,16.0,33.666666666666664
23,81.0,68,31.1,0.3333333333333333,14.9,32.333333333333336
22,82.0,69,30.200000000000003,0.3142857142857143,13.8,31.0
21,83.0,70,29.3,0.2957746478873239,12.7,29.666666666666668
20,84.0,71,28.4,0.2777777777777778,11.6,28.33333333333333
19,85.0,72,27.5,0.2602739726027397,10.5,27.0
18,86.0,73,26.6,0.2432432432432432,9.4,25.666666666666668
17,87.0,74,25.700000000000003,0.2266666666666666,8.3,24.33333333333333
16,88.0,75,24.8,0.2105263157894736,7.199999999999999,23.0
15,89.0,76,23.9,0.1948051948051948,6.1,21.666666666666668
14,90.0,77,23.0,0.1794871794871795,5.0,20.33333333333333
13,91.0,78,22.1,0.1645569620253164,3.9,19.0
24,80.0,79,32.0,0.3,16.0,29.666666666666668
