recommended_soil,temperature,humidity,soil_moisture
black soil,25,80.0,1
black soil,26,77.0,2
black soil,27,74.0,3
black soil,28,71.0,4
black soil,29,68.0,5
black soil,30,65.0,6
black soil,31,62.0,7
black soil,32,59.0,8
black soil,33,56.0,9
black soil,34,53.0,10
black soil,35,50.0,11
black soil,36,47.0,12
black soil,37,44.0,13
black soil,38,41.0,14
black soil,39,38.0,15
black soil,40,35.0,16
black soil,41,32.0,17
black soil,42,29.0,18
black soil,43,26.0,19
black soil,44,23.0,20
black soil,45,20.0,21
black soil,46,17.0,22
black soil,25,80.0,23
black soil,26,77.5,24
black soil,27,75.0,25
black soil,28,72.5,26
black soil,29,70.0,27
black soil,30,67.5,28
black soil,31,65.0,29
black soil,32,62.5,30
black soil,33,60.0,31
black soil,34,57.5,32
black soil,35,55.0,33
black soil,36,52.5,34
black soil,37,50.0,35
black soil,38,47.5,36
black soil,39,45.0,37
black soil,40,42.5,38
black soil,41,40.0,39
black soil,42,37.5,40
black soil,43,35.0,41
black soil,44,32.5,42
black soil,45,30.0,43
black soil,46,27.5,44
black soil,25,80.0,45
black soil,26,77.3,46
black soil,27,74.6,47
black soil,28,71.9,48
black soil,29,69.2,49
black soil,30,66.5,50
black soil,31,63.8,51
black soil,32,61.1,52
black soil,33,58.4,53
black soil,34,55.7,54
black soil,35,53.0,55
black soil,36,50.3,56
black soil,37,47.6,57
black soil,38,44.9,58
black soil,39,42.2,59
black soil,40,39.5,60
black soil,41,36.8,61
black soil,42,34.1,62
black soil,43,31.4,63
black soil,44,28.7,64
black soil,45,26.0,65
black soil,46,23.3,66
black soil,25,80.0,67
black soil,26,78.0,68
black soil,27,76.0,69
black soil,28,74.0,70
black soil,29,72.0,71
black soil,30,70.0,72
black soil,31,68.0,73
black soil,32,66.0,74
black soil,33,64.0,75
black soil,34,62.0,76
black soil,35,60.0,77
black soil,36,58.0,78
black soil,37,56.0,79
black soil,38,54.0,80
black soil,39,52.0,81
black soil,40,50.0,82
black soil,41,48.0,83
black soil,42,46.0,84
black soil,43,44.0,85
black soil,44,42.0,86
black soil,45,40.0,87
black soil,46,38.0,88
black soil,25,80.0,89
black soil,26,78.0,90
black soil,27,76.0,91
black soil,28,74.0,92
black soil,29,72.0,93
black soil,30,70.0,94
black soil,31,68.0,95
black soil,32,66.0,96
black soil,33,64.0,97
black soil,34,62.0,98
black soil,35,60.0,99
black soil,36,58.0,100
black soil,37,56.0,1
black soil,38,54.0,2
black soil,39,52.0,3
black soil,40,50.0,4
black soil,41,48.0,5
black soil,42,46.0,6
black soil,43,44.0,7
black soil,44,42.0,8
black soil,45,40.0,9
black soil,46,38.0,10
black soil,25,80.0,11
black soil,26,77.0,12
black soil,27,74.0,13
black soil,28,71.0,14
black soil,29,68.0,15
black soil,30,65.0,16
black soil,31,62.0,17
black soil,32,59.0,18
black soil,33,56.0,19
black soil,34,53.0,20
black soil,35,50.0,21
black soil,36,47.0,22
black soil,37,44.0,23
black soil,38,41.0,24
black soil,39,38.0,25
black soil,40,35.0,26
black soil,41,32.0,27
black soil,42,29.0,28
black soil,43,26.0,29
black soil,44,23.0,30
black soil,45,20.0,31
black soil,46,17.0,32
black soil,25,80.0,33
black soil,26,77.0,34
black soil,27,74.0,35
black soil,28,71.0,36
black soil,29,68.0,37
black soil,30,65.0,38
black soil,31,62.0,39
black soil,32,59.0,40
black soil,33,56.0,41
black soil,34,53.0,42
black soil,35,50.0,43
black soil,36,47.0,44
black soil,37,44.0,45
black soil,38,41.0,46
black soil,39,38.0,47
black soil,40,35.0,48
black soil,41,32.0,49
black soil,42,29.0,50
black soil,43,26.0,51
black soil,44,23.0,52
black soil,45,20.0,53
black soil,46,17.0,54
black soil,25,80.0,55
black soil,26,77.0,56
black soil,27,74.0,57
black soil,28,71.0,58
black soil,29,68.0,59
black soil,30,65.0,60
black soil,31,62.0,61
black soil,32,59.0,62
black soil,33,56.0,63
black soil,34,53.0,64
black soil,35,50.0,65
black soil,36,47.0,66
black soil,37,44.0,67
black soil,38,41.0,68
black soil,39,38.0,69
black soil,40,35.0,70
black soil,41,32.0,71
black soil,42,29.0,72
black soil,43,26.0,73
black soil,44,23.0,74
black soil,45,20.0,75
black soil,46,17.0,76
black soil,25,80.0,77
black soil,26,77.3,78
black soil,27,74.6,79
black soil,28,71.9,80
black soil,29,69.2,81
black soil,30,66.5,82
black soil,31,63.8,83
black soil,32,61.1,84
black soil,33,58.4,85
black soil,34,55.7,86
black soil,35,53.0,87
black soil,36,50.3,88
black soil,37,47.6,89
black soil,38,44.9,90
black soil,39,42.2,91
black soil,40,39.5,92
black soil,41,36.8,93
black soil,42,34.1,94
black soil,43,31.4,95
black soil,44,28.7,96
black soil,45,26.0,97
black soil,46,23.3,98
black soil,25,80.0,99
black soil,26,77.0,100
black soil,27,74.0,1
black soil,28,71.0,2
black soil,29,68.0,3
black soil,30,65.0,4
black soil,31,62.0,5
black soil,32,59.0,6
black soil,33,56.0,7
black soil,34,53.0,8
black soil,35,50.0,9
black soil,36,47.0,10
black soil,37,44.0,11
black soil,38,41.0,12
black soil,39,38.0,13
black soil,40,35.0,14
black soil,41,32.0,15
black soil,42,29.0,16
black soil,43,26.0,17
black soil,44,23.0,18
black soil,45,20.0,19
black soil,46,17.0,20
black soil,25,80.0,21
black soil,26,77.5,22
black soil,27,75.0,23
black soil,28,72.5,24
black soil,29,70.0,25
black soil,30,67.5,26
black soil,31,65.0,27
black soil,32,62.5,28
black soil,33,60.0,29
black soil,34,57.5,30
black soil,35,55.0,31
black soil,36,52.5,32
black soil,37,50.0,33
black soil,38,47.5,34
black soil,39,45.0,35
black soil,40,42.5,36
black soil,41,40.0,37
black soil,42,37.5,38
black soil,43,35.0,39
black soil,44,32.5,40
black soil,45,30.0,41
black soil,46,27.5,42
black soil,25,80.0,43
black soil,26,77.3,44
black soil,27,74.6,45
black soil,28,71.9,46
black soil,29,69.2,47
black soil,30,66.5,48
black soil,31,63.8,49
black soil,32,61.1,50
black soil,33,58.4,51
black soil,34,55.7,52
black soil,35,53.0,53
black soil,36,50.3,54
black soil,37,47.6,55
black soil,38,44.9,56
black soil,39,42.2,57
black soil,40,39.5,58
black soil,41,36.8,59
black soil,42,34.1,60
black soil,43,31.4,61
black soil,44,28.7,62
black soil,45,26.0,63
black soil,46,23.3,64
black soil,25,80.0,65
black soil,26,77.0,66
black soil,27,74.0,67
black soil,28,71.0,68
black soil,29,68.0,69
black soil,30,65.0,70
black soil,31,62.0,71
black soil,32,59.0,72
black soil,33,56.0,73
black soil,34,53.0,74
black soil,35,50.0,75
black soil,36,47.0,76
black soil,37,44.0,77
black soil,38,41.0,78
black soil,39,38.0,79
black soil,40,35.0,80
black soil,41,32.0,81
black soil,42,29.0,82
black soil,43,26.0,83
black soil,44,23.0,84
black soil,45,20.0,85
black soil,46,17.0,86
black soil,25,80.0,87
black soil,26,77.0,88
black soil,27,74.0,89
black soil,28,71.0,90
black soil,29,68.0,91
black soil,30,65.0,92
black soil,31,62.0,93
black soil,32,59.0,94
black soil,33,56.0,95
black soil,34,53.0,96
black soil,35,50.0,97
black soil,36,47.0,98
black soil,37,44.0,99
black soil,38,41.0,100
black soil,39,38.0,1
black soil,40,35.0,2
black soil,41,32.0,3
black soil,42,29.0,4
black soil,43,26.0,5
black soil,44,23.0,6
black soil,45,20.0,7
black soil,46,17.0,8
black soil,25,80.0,9
black soil,26,77.0,10
black soil,27,74.0,11
black soil,28,71.0,12
black soil,29,68.0,13
black soil,30,65.0,14
black soil,31,62.0,15
black soil,32,59.0,16
black soil,33,56.0,17
black soil,34,53.0,18
black soil,35,50.0,19
black soil,36,47.0,20
black soil,37,44.0,21
black soil,38,41.0,22
black soil,39,38.0,23
black soil,40,35.0,24
black soil,41,32.0,25
black soil,42,29.0,26
black soil,43,26.0,27
black soil,44,23.0,28
black soil,45,20.0,29
black soil,46,17.0,30
black soil,25,80.0,31
black soil,26,77.0,32
black soil,27,74.0,33
black soil,28,71.0,34
black soil,29,68.0,35
black soil,30,65.0,36
black soil,31,62.0,37
black soil,32,59.0,38
black soil,33,56.0,39
black soil,34,53.0,40
black soil,35,50.0,41
black soil,36,47.0,42
black soil,37,44.0,43
black soil,38,41.0,44
black soil,39,38.0,45
black soil,40,35.0,46
black soil,41,32.0,47
black soil,42,29.0,48
black soil,43,26.0,49
black soil,44,23.0,50
black soil,45,20.0,51
black soil,46,17.0,52
black soil,25,80.0,53
black soil,26,77.0,54
black soil,27,74.0,55
black soil,28,71.0,56
black soil,29,68.0,57
black soil,30,65.0,58
black soil,31,62.0,59
black soil,32,59.0,60
black soil,33,56.0,61
black soil,34,53.0,62
black soil,35,50.0,63
black soil,36,47.0,64
black soil,37,44.0,65
black soil,38,41.0,66
black soil,39,38.0,67
black soil,40,35.0,68
black soil,41,32.0,69
black soil,42,29.0,70
black soil,43,26.0,71
black soil,44,23.0,72
black soil,45,20.0,73
black soil,46,17.0,74
black soil,25,80.0,75
black soil,26,77.0,76
black soil,27,74.0,77
black soil,28,71.0,78
black soil,29,68.0,79
black soil,30,65.0,80
black soil,31,62.0,81
black soil,32,59.0,82
black soil,33,56.0,83
black soil,34,53.0,84
black soil,35,50.0,85
black soil,36,47.0,86
black soil,37,44.0,87
black soil,38,41.0,88
black soil,39,38.0,89
black soil,40,35.0,90
black soil,41,32.0,91
black soil,42,29.0,92
black soil,43,26.0,93
black soil,44,23.0,94
black soil,45,20.0,95
black soil,46,17.0,96
black soil,25,81.0,97
black soil,26,79.0,98
black soil,27,76.0,99
black soil,28,73.0,100
black soil,29,70.0,1
black soil,30,67.0,2
black soil,31,64.0,3
black soil,32,61.0,4
black soil,33,58.0,5
black soil,34,55.0,6
black soil,35,52.0,7
black soil,36,49.0,8
black soil,37,46.0,9
black soil,38,43.0,10
black soil,39,40.0,11
black soil,40,37.0,12
black soil,41,34.0,13
black soil,42,31.0,14
black soil,43,28.0,15
black soil,44,25.0,16
black soil,45,22.0,17
black soil,46,19.0,18
black soil,25,80.0,19
black soil,26,77.0,20
black soil,27,74.0,21
black soil,28,71.0,22
black soil,29,68.0,23
black soil,30,65.0,24
black soil,31,62.0,25
black soil,32,59.0,26
black soil,33,56.0,27
black soil,34,53.0,28
black soil,35,50.0,29
black soil,36,47.0,30
black soil,37,44.0,31
black soil,38,41.0,32
black soil,39,38.0,33
black soil,40,35.0,34
black soil,41,32.0,35
black soil,42,29.0,36
black soil,43,26.0,37
black soil,44,23.0,38
black soil,45,20.0,39
black soil,46,17.0,40
black soil,25,80.0,41
black soil,26,77.0,42
black soil,27,74.0,43
black soil,28,71.0,44
black soil,29,68.0,45
black soil,30,65.0,46
black soil,31,62.0,47
black soil,32,59.0,48
black soil,33,56.0,49
black soil,34,53.0,50
black soil,35,50.0,51
black soil,36,47.0,52
black soil,37,44.0,53
black soil,38,41.0,54
black soil,39,38.0,55
black soil,40,35.0,56
black soil,41,32.0,57
black soil,42,29.0,58
black soil,43,26.0,59
black soil,44,23.0,60
black soil,45,20.0,61
black soil,46,17.0,62
black soil,25,80.0,63
black soil,26,77.0,64
black soil,27,74.0,65
black soil,28,71.0,66
black soil,29,68.0,67
black soil,30,65.0,68
black soil,31,62.0,69
black soil,32,59.0,70
black soil,33,56.0,71
black soil,34,53.0,72
black soil,35,50.0,73
black soil,36,47.0,74
black soil,37,44.0,75
black soil,38,41.0,76
black soil,39,38.0,77
black soil,40,35.0,78
black soil,41,32.0,79
black soil,42,29.0,80
black soil,43,26.0,81
black soil,44,23.0,82
black soil,45,20.0,83
black soil,46,17.0,84
black soil,25,80.0,85
black soil,26,77.0,86
black soil,27,74.0,87
black soil,28,71.0,88
black soil,29,68.0,89
black soil,30,65.0,90
black soil,31,62.0,91
black soil,32,59.0,92
black soil,33,56.0,93
black soil,34,53.0,94
black soil,35,50.0,95
black soil,36,47.0,96
black soil,37,44.0,97
black soil,38,41.0,98
black soil,39,38.0,99
black soil,40,35.0,100
black soil,41,32.0,1
black soil,42,29.0,2
black soil,43,26.0,3
black soil,44,23.0,4
black soil,45,20.0,5
black soil,46,17.0,6
black soil,25,80.0,7
black soil,26,77.0,8
black soil,27,74.0,9
black soil,28,71.0,10
black soil,29,68.0,11
black soil,30,65.0,12
black soil,31,62.0,13
black soil,32,59.0,14
black soil,33,56.0,15
black soil,34,53.0,16
black soil,35,50.0,17
black soil,36,47.0,18
black soil,37,44.0,19
black soil,38,41.0,20
black soil,39,38.0,21
black soil,40,35.0,22
black soil,41,32.0,23
black soil,42,29.0,24
black soil,43,26.0,25
black soil,44,23.0,26
black soil,45,20.0,27
black soil,46,17.0,28
black soil,25,80.0,29
black soil,26,77.0,30
black soil,27,74.0,31
black soil,28,71.0,32
black soil,29,68.0,33
black soil,30,65.0,34
black soil,31,62.0,35
black soil,32,59.0,36
black soil,33,56.0,37
black soil,34,53.0,38
black soil,35,50.0,39
black soil,36,47.0,40
black soil,37,44.0,41
black soil,38,41.0,42
black soil,39,38.0,43
black soil,40,35.0,44
black soil,41,32.0,45
black soil,42,29.0,46
black soil,43,26.0,47
black soil,44,23.0,48
black soil,45,20.0,49
black soil,46,17.0,50
black soil,25,80.0,51
black soil,26,77.0,52
black soil,27,74.0,53
black soil,28,71.0,54
black soil,29,68.0,55
black soil,30,65.0,56
black soil,31,62.0,57
black soil,32,59.0,58
black soil,33,56.0,59
black soil,34,53.0,60
black soil,35,50.0,61
black soil,36,47.0,62
black soil,37,44.0,63
black soil,38,41.0,64
black soil,39,38.0,65
black soil,40,35.0,66
black soil,41,32.0,67
black soil,42,29.0,68
black soil,43,26.0,69
black soil,44,23.0,70
black soil,45,20.0,71
black soil,46,17.0,72
black soil,25,80.0,73
black soil,26,77.0,74
black soil,27,74.0,75
black soil,28,71.0,76
black soil,29,68.0,77
black soil,30,65.0,78
black soil,31,62.0,79
black soil,32,59.0,80
black soil,33,56.0,81
black soil,34,53.0,82
black soil,35,50.0,83
black soil,36,47.0,84
black soil,37,44.0,85
black soil,38,41.0,86
black soil,39,38.0,87
black soil,40,35.0,88
black soil,41,32.0,89
black soil,42,29.0,90
black soil,43,26.0,91
black soil,44,23.0,92
black soil,45,20.0,93
black soil,46,17.0,94
black soil,25,80.0,95
black soil,26,77.0,96
black soil,27,74.0,97
black soil,28,71.0,98
black soil,29,68.0,99
black soil,30,65.0,100
black soil,31,62.0,1
black soil,32,59.0,2
black soil,33,56.0,3
black soil,34,53.0,4
black soil,35,50.0,5
black soil,36,47.0,6
black soil,37,44.0,7
black soil,38,41.0,8
black soil,39,38.0,9
black soil,40,35.0,10
black soil,41,32.0,11
black soil,42,29.0,12
black soil,43,26.0,13
black soil,44,23.0,14
black soil,45,20.0,15
black soil,46,17.0,16
black soil,25,80.0,17
black soil,26,77.0,18
black soil,27,74.0,19
black soil,28,71.0,20
black soil,29,68.0,21
black soil,30,65.0,22
black soil,31,62.0,23
black soil,32,59.0,24
black soil,33,56.0,25
black soil,34,53.0,26
black soil,35,50.0,27
black soil,36,47.0,28
black soil,37,44.0,29
black soil,38,41.0,30
black soil,39,38.0,31
black soil,40,35.0,32
black soil,41,32.0,33
black soil,42,29.0,34
black soil,43,26.0,35
black soil,44,23.0,36
black soil,45,20.0,37
black soil,46,17.0,38
black soil,25,80.0,39
black soil,26,77.0,40
black soil,27,74.0,41
black soil,28,71.0,42
black soil,29,68.0,43
black soil,30,65.0,44
black soil,31,62.0,45
black soil,32,59.0,46
black soil,33,56.0,47
black soil,34,53.0,48
black soil,35,50.0,49
black soil,36,47.0,50
black soil,37,44.0,51
black soil,38,41.0,52
black soil,39,38.0,53
black soil,40,35.0,54
black soil,41,32.0,55
black soil,42,29.0,56
black soil,43,26.0,57
black soil,44,23.0,58
black soil,45,20.0,59
black soil,46,17.0,60
black soil,25,80.0,61
black soil,26,77.0,62
black soil,27,74.0,63
black soil,28,71.0,64
black soil,29,68.0,65
black soil,30,65.0,66
black soil,31,62.0,67
black soil,32,59.0,68
black soil,33,56.0,69
black soil,34,53.0,70
black soil,35,50.0,71
black soil,36,47.0,72
black soil,37,44.0,73
black soil,38,41.0,74
black soil,39,38.0,75
black soil,40,35.0,76
black soil,41,32.0,77
black soil,42,29.0,78
black soil,43,26.0,79
black soil,44,23.0,80
black soil,45,20.0,81
black soil,46,17.0,82
black soil,25,80.0,83
black soil,26,77.0,84
black soil,27,74.0,85
black soil,28,71.0,86
black soil,29,68.0,87
black soil,30,65.0,88
black soil,31,62.0,89
black soil,32,59.0,90
black soil,33,56.0,91
black soil,34,53.0,92
black soil,35,50.0,93
black soil,36,47.0,94
black soil,37,44.0,95
black soil,38,41.0,96
black soil,39,38.0,97
black soil,40,35.0,98
black soil,41,32.0,99
black soil,42,29.0,100
black soil,43,26.0,1
black soil,44,23.0,2
black soil,45,20.0,3
black soil,46,17.0,4
black soil,25,80.0,5
black soil,26,77.0,6
black soil,27,74.0,7
black soil,28,71.0,8
black soil,29,68.0,9
black soil,30,65.0,10
black soil,31,62.0,11
black soil,32,59.0,12
black soil,33,56.0,13
black soil,34,53.0,14
black soil,35,50.0,15
black soil,36,47.0,16
black soil,37,44.0,17
black soil,38,41.0,18
black soil,39,38.0,19
black soil,40,35.0,20
black soil,41,32.0,21
black soil,42,29.0,22
black soil,43,26.0,23
black soil,44,23.0,24
black soil,45,20.0,25
black soil,46,17.0,26
black soil,25,80.0,27
black soil,26,77.0,28
black soil,27,74.0,29
black soil,28,71.0,30
black soil,29,68.0,31
black soil,30,65.0,32
black soil,31,62.0,33
black soil,32,59.0,34
black soil,33,56.0,35
black soil,34,53.0,36
black soil,35,50.0,37
black soil,36,47.0,38
black soil,37,44.0,39
black soil,38,41.0,40
black soil,39,38.0,41
black soil,40,35.0,42
black soil,41,32.0,43
black soil,42,29.0,44
black soil,43,26.0,45
black soil,44,23.0,46
black soil,45,20.0,47
black soil,46,17.0,48
black soil,25,80.0,49
black soil,26,77.0,50
black soil,27,74.0,51
black soil,28,71.0,52
black soil,29,68.0,53
black soil,30,65.0,54
black soil,31,62.0,55
black soil,32,59.0,56
black soil,33,56.0,57
black soil,34,53.0,58
black soil,35,50.0,59
black soil,36,47.0,60
black soil,37,44.0,61
black soil,38,41.0,62
black soil,39,38.0,63
black soil,40,35.0,64
black soil,41,32.0,65
black soil,42,29.0,66
black soil,43,26.0,67
black soil,44,23.0,68
black soil,45,20.0,69
black soil,46,17.0,70
black soil,25,80.0,71
black soil,26,77.0,72
black soil,27,74.0,73
black soil,28,71.0,74
black soil,29,68.0,75
black soil,30,65.0,76
black soil,31,62.0,77
black soil,32,59.0,78
black soil,33,56.0,79
black soil,34,53.0,80
black soil,35,50.0,81
black soil,36,47.0,82
black soil,37,44.0,83
black soil,38,41.0,84
black soil,39,38.0,85
black soil,40,35.0,86
black soil,41,32.0,87
black soil,42,29.0,88
black soil,43,26.0,89
black soil,44,23.0,90
black soil,45,20.0,91
black soil,46,17.0,92
black soil,25,80.0,93
black soil,26,77.0,94
black soil,27,74.0,95
black soil,28,71.0,96
black soil,29,68.0,97
black soil,30,65.0,98
black soil,31,62.0,99
black soil,32,59.0,100
alluvial soil,33,56.0,1
alluvial soil,34,53.0,2
alluvial soil,35,50.0,3
alluvial soil,36,47.0,4
alluvial soil,37,44.0,5
alluvial soil,38,41.0,6
alluvial soil,39,38.0,7
alluvial soil,40,35.0,8
alluvial soil,41,32.0,9
alluvial soil,42,29.0,10
alluvial soil,43,26.0,11
alluvial soil,44,23.0,12
alluvial soil,45,20.0,13
alluvial soil,46,17.0,14
alluvial soil,25,80.0,15
alluvial soil,26,77.0,16
alluvial soil,27,74.0,17
alluvial soil,28,71.0,18
alluvial soil,29,68.0,19
alluvial soil,30,65.0,20
alluvial soil,31,62.0,21
alluvial soil,32,59.0,22
alluvial soil,33,56.0,23
alluvial soil,34,53.0,24
alluvial soil,35,50.0,25
alluvial soil,36,47.0,26
alluvial soil,37,44.0,27
alluvial soil,38,41.0,28
alluvial soil,39,38.0,29
alluvial soil,40,35.0,30
alluvial soil,41,32.0,31
alluvial soil,42,29.0,32
alluvial soil,43,26.0,33
alluvial soil,44,23.0,34
alluvial soil,45,20.0,35
alluvial soil,46,17.0,36
alluvial soil,25,80.0,37
alluvial soil,26,77.0,38
alluvial soil,27,74.0,39
alluvial soil,28,71.0,40
alluvial soil,29,68.0,41
alluvial soil,30,65.0,42
alluvial soil,31,62.0,43
alluvial soil,32,59.0,44
alluvial soil,33,56.0,45
alluvial soil,34,53.0,46
alluvial soil,35,50.0,47
alluvial soil,36,47.0,48
alluvial soil,37,44.0,49
alluvial soil,38,41.0,50
alluvial soil,39,38.0,51
alluvial soil,40,35.0,52
alluvial soil,41,32.0,53
alluvial soil,42,29.0,54
alluvial soil,43,26.0,55
alluvial soil,44,23.0,56
alluvial soil,45,20.0,57
alluvial soil,46,17.0,58
alluvial soil,25,80.0,59
alluvial soil,26,77.0,60
alluvial soil,27,74.0,61
alluvial soil,28,71.0,62
alluvial soil,29,68.0,63
alluvial soil,30,65.0,64
alluvial soil,31,62.0,65
alluvial soil,32,59.0,66
alluvial soil,33,56.0,67
alluvial soil,34,53.0,68
alluvial soil,35,50.0,69
alluvial soil,36,47.0,70
alluvial soil,37,44.0,71
alluvial soil,38,41.0,72
alluvial soil,39,38.0,73
alluvial soil,40,35.0,74
alluvial soil,41,32.0,75
alluvial soil,42,29.0,76
alluvial soil,43,26.0,77
alluvial soil,44,23.0,78
alluvial soil,45,20.0,79
alluvial soil,46,17.0,80
alluvial soil,25,80.0,81
alluvial soil,26,77.0,82
alluvial soil,27,74.0,83
alluvial soil,28,71.0,84
alluvial soil,29,68.0,85
alluvial soil,30,65.0,86
alluvial soil,31,62.0,87
alluvial soil,32,59.0,88
alluvial soil,33,56.0,89
alluvial soil,34,53.0,90
alluvial soil,35,50.0,91
alluvial soil,36,47.0,92
alluvial soil,37,44.0,93
alluvial soil,38,41.0,94
alluvial soil,39,38.0,95
alluvial soil,40,35.0,96
alluvial soil,41,32.0,97
alluvial soil,42,29.0,98
alluvial soil,43,26.0,99
alluvial soil,44,23.0,100
alluvial soil,45,20.0,1
alluvial soil,46,17.0,2
alluvial soil,25,80.0,3
alluvial soil,26,77.0,4
alluvial soil,27,74.0,5
alluvial soil,28,71.0,6
alluvial soil,29,68.0,7
alluvial soil,30,65.0,8
alluvial soil,31,62.0,9
alluvial soil,32,59.0,10
alluvial soil,33,56.0,11
alluvial soil,34,53.0,12
alluvial soil,35,50.0,13
alluvial soil,36,47.0,14
alluvial soil,37,44.0,15
alluvial soil,38,41.0,16
alluvial soil,39,38.0,17
alluvial soil,40,35.0,18
alluvial soil,41,32.0,19
alluvial soil,42,29.0,20
alluvial soil,43,26.0,21
alluvial soil,44,23.0,22
alluvial soil,45,20.0,23
alluvial soil,46,17.0,24
alluvial soil,25,80.0,25
alluvial soil,26,77.0,26
alluvial soil,27,74.0,27
alluvial soil,28,71.0,28
alluvial soil,29,68.0,29
alluvial soil,30,65.0,30
alluvial soil,31,62.0,31
alluvial soil,32,59.0,32
alluvial soil,33,56.0,33
alluvial soil,34,53.0,34
alluvial soil,35,50.0,35
alluvial soil,36,47.0,36
alluvial soil,37,44.0,37
alluvial soil,38,41.0,38
alluvial soil,39,38.0,39
alluvial soil,40,35.0,40
alluvial soil,41,32.0,41
alluvial soil,42,29.0,42
alluvial soil,43,26.0,43
alluvial soil,44,23.0,44
alluvial soil,45,20.0,45
alluvial soil,46,17.0,46
alluvial soil,25,80.0,47
alluvial soil,26,77.0,48
alluvial soil,27,74.0,49
alluvial soil,28,71.0,50
alluvial soil,29,68.0,51
alluvial soil,30,65.0,52
alluvial soil,31,62.0,53
alluvial soil,32,59.0,54
alluvial soil,33,56.0,55
alluvial soil,34,53.0,56
alluvial soil,35,50.0,57
alluvial soil,36,47.0,58
alluvial soil,37,44.0,59
alluvial soil,38,41.0,60
alluvial soil,39,38.0,61
alluvial soil,40,35.0,62
alluvial soil,41,32.0,63
alluvial soil,42,29.0,64
alluvial soil,43,26.0,65
alluvial soil,44,23.0,66
alluvial soil,45,20.0,67
alluvial soil,46,17.0,68
alluvial soil,25,80.0,69
alluvial soil,26,77.0,70
alluvial soil,27,74.0,71
alluvial soil,28,71.0,72
alluvial soil,29,68.0,73
alluvial soil,30,65.0,74
alluvial soil,31,62.0,75
alluvial soil,32,59.0,76
alluvial soil,33,56.0,77
alluvial soil,34,53.0,78
alluvial soil,35,50.0,79
alluvial soil,36,47.0,80
alluvial soil,37,44.0,81
alluvial soil,38,41.0,82
alluvial soil,39,38.0,83
alluvial soil,40,35.0,84
alluvial soil,41,32.0,85
alluvial soil,42,29.0,86
alluvial soil,43,26.0,87
alluvial soil,44,23.0,88
alluvial soil,45,20.0,89
alluvial soil,46,17.0,90
alluvial soil,25,80.0,91
alluvial soil,26,77.0,92
alluvial soil,27,74.0,93
alluvial soil,28,71.0,94
alluvial soil,29,68.0,95
alluvial soil,30,65.0,96
alluvial soil,31,62.0,97
alluvial soil,32,59.0,98
alluvial soil,33,56.0,99
alluvial soil,34,53.0,100
alluvial soil,35,50.0,1
alluvial soil,36,47.0,2
alluvial soil,37,44.0,3
alluvial soil,38,41.0,4
alluvial soil,39,38.0,5
alluvial soil,40,35.0,6
alluvial soil,41,32.0,7
alluvial soil,42,29.0,8
alluvial soil,43,26.0,9
alluvial soil,44,23.0,10
alluvial soil,45,20.0,11
alluvial soil,46,17.0,12
alluvial soil,25,80.0,13
alluvial soil,26,77.0,14
alluvial soil,27,74.0,15
alluvial soil,28,71.0,16
alluvial soil,29,68.0,17
alluvial soil,30,65.0,18
alluvial soil,31,62.0,19
alluvial soil,32,59.0,20
alluvial soil,33,56.0,21
alluvial soil,34,53.0,22
alluvial soil,35,50.0,23
alluvial soil,36,47.0,24
alluvial soil,37,44.0,25
alluvial soil,38,41.0,26
alluvial soil,39,38.0,27
alluvial soil,40,35.0,28
alluvial soil,41,32.0,29
alluvial soil,42,29.0,30
alluvial soil,43,26.0,31
alluvial soil,44,23.0,32
alluvial soil,45,20.0,33
alluvial soil,46,17.0,34
alluvial soil,25,80.0,35
alluvial soil,26,77.0,36
alluvial soil,27,74.0,37
alluvial soil,28,71.0,38
alluvial soil,29,68.0,39
alluvial soil,30,65.0,40
alluvial soil,31,62.0,41
alluvial soil,32,59.0,42
alluvial soil,33,56.0,43
alluvial soil,34,53.0,44
alluvial soil,35,50.0,45
alluvial soil,36,47.0,46
alluvial soil,37,44.0,47
alluvial soil,38,41.0,48
alluvial soil,39,38.0,49
alluvial soil,40,35.0,50
alluvial soil,41,32.0,51
alluvial soil,42,29.0,52
alluvial soil,43,26.0,53
alluvial soil,44,23.0,54
alluvial soil,45,20.0,55
alluvial soil,46,17.0,56
alluvial soil,25,80.0,57
alluvial soil,26,77.0,58
alluvial soil,27,74.0,59
alluvial soil,28,71.0,60
alluvial soil,29,68.0,61
alluvial soil,30,65.0,62
alluvial soil,31,62.0,63
alluvial soil,32,59.0,64
alluvial soil,33,56.0,65
alluvial soil,34,53.0,66
alluvial soil,35,50.0,67
alluvial soil,36,47.0,68
alluvial soil,37,44.0,69
alluvial soil,38,41.0,70
alluvial soil,39,38.0,71
alluvial soil,40,35.0,72
alluvial soil,41,32.0,73
alluvial soil,42,29.0,74
alluvial soil,43,26.0,75
alluvial soil,44,23.0,76
alluvial soil,45,20.0,77
alluvial soil,46,17.0,78
alluvial soil,25,80.0,79
alluvial soil,26,77.0,80
alluvial soil,27,74.0,81
alluvial soil,28,71.0,82
alluvial soil,29,68.0,83
alluvial soil,30,65.0,84
alluvial soil,31,62.0,85
alluvial soil,32,59.0,86
alluvial soil,33,56.0,87
alluvial soil,34,53.0,88
alluvial soil,35,50.0,89
alluvial soil,36,47.0,90
alluvial soil,37,44.0,91
alluvial soil,38,41.0,92
alluvial soil,39,38.0,93
alluvial soil,40,35.0,94
alluvial soil,41,32.0,95
alluvial soil,42,29.0,96
alluvial soil,43,26.0,97
alluvial soil,44,23.0,98
alluvial soil,45,20.0,99
alluvial soil,46,17.0,100
alluvial soil,25,80.0,1
alluvial soil,26,77.0,2
alluvial soil,27,74.0,3
alluvial soil,28,71.0,4
alluvial soil,29,68.0,5
alluvial soil,30,65.0,6
alluvial soil,31,62.0,7
alluvial soil,32,59.0,8
alluvial soil,33,56.0,9
alluvial soil,34,53.0,10
alluvial soil,35,50.0,11
alluvial soil,36,47.0,12
alluvial soil,37,44.0,13
alluvial soil,38,41.0,14
alluvial soil,39,38.0,15
alluvial soil,40,35.0,16
alluvial soil,41,32.0,17
alluvial soil,42,29.0,18
alluvial soil,43,26.0,19
alluvial soil,44,23.0,20
alluvial soil,45,20.0,21
alluvial soil,46,17.0,22
alluvial soil,25,80.0,23
alluvial soil,26,77.0,24
alluvial soil,27,74.0,25
alluvial soil,28,71.0,26
alluvial soil,29,68.0,27
alluvial soil,30,65.0,28
alluvial soil,31,62.0,29
alluvial soil,32,59.0,30
alluvial soil,33,56.0,31
alluvial soil,34,53.0,32
alluvial soil,35,50.0,33
alluvial soil,36,47.0,34
alluvial soil,37,44.0,35
alluvial soil,38,41.0,36
alluvial soil,39,38.0,37
alluvial soil,40,35.0,38
alluvial soil,41,32.0,39
alluvial soil,42,29.0,40
alluvial soil,43,26.0,41
alluvial soil,44,23.0,42
alluvial soil,45,20.0,43
alluvial soil,46,17.0,44
alluvial soil,25,80.0,45
alluvial soil,26,77.0,46
alluvial soil,27,74.0,47
alluvial soil,28,71.0,48
alluvial soil,29,68.0,49
alluvial soil,30,65.0,50
alluvial soil,31,62.0,51
alluvial soil,32,59.0,52
alluvial soil,33,56.0,53
alluvial soil,34,53.0,54
alluvial soil,35,50.0,55
alluvial soil,36,47.0,56
alluvial soil,37,44.0,57
alluvial soil,38,41.0,58
alluvial soil,39,38.0,59
alluvial soil,40,35.0,60
alluvial soil,41,32.0,61
alluvial soil,42,29.0,62
alluvial soil,43,26.0,63
alluvial soil,44,23.0,64
alluvial soil,45,20.0,65
alluvial soil,46,17.0,66
alluvial soil,25,80.0,67
alluvial soil,26,77.0,68
alluvial soil,27,74.0,69
alluvial soil,28,71.0,70
alluvial soil,29,68.0,71
alluvial soil,30,65.0,72
alluvial soil,31,62.0,73
alluvial soil,32,59.0,74
alluvial soil,33,56.0,75
alluvial soil,34,53.0,76
alluvial soil,35,50.0,77
alluvial soil,36,47.0,78
alluvial soil,37,44.0,79
alluvial soil,38,41.0,80
alluvial soil,39,38.0,81
alluvial soil,40,35.0,82
alluvial soil,41,32.0,83
alluvial soil,42,29.0,84
alluvial soil,43,26.0,85
alluvial soil,44,23.0,86
alluvial soil,45,20.0,87
alluvial soil,46,17.0,88
alluvial soil,25,80.0,89
alluvial soil,26,77.0,90
alluvial soil,27,74.0,91
alluvial soil,28,71.0,92
alluvial soil,29,68.0,93
alluvial soil,30,65.0,94
alluvial soil,31,62.0,95
alluvial soil,32,59.0,96
alluvial soil,33,56.0,97
alluvial soil,34,53.0,98
alluvial soil,35,50.0,99
alluvial soil,36,47.0,100
alluvial soil,37,44.0,1
alluvial soil,38,41.0,2
alluvial soil,39,38.0,3
alluvial soil,40,35.0,4
alluvial soil,41,32.0,5
alluvial soil,42,29.0,6
alluvial soil,43,26.0,7
alluvial soil,44,23.0,8
alluvial soil,45,20.0,9
alluvial soil,46,17.0,10
alluvial soil,25,80.0,11
alluvial soil,26,77.0,12
alluvial soil,27,74.0,13
alluvial soil,28,71.0,14
alluvial soil,29,68.0,15
alluvial soil,30,65.0,16
alluvial soil,31,62.0,17
alluvial soil,32,59.0,18
alluvial soil,33,56.0,19
alluvial soil,34,53.0,20
alluvial soil,35,50.0,21
alluvial soil,36,47.0,22
alluvial soil,37,44.0,23
alluvial soil,38,41.0,24
alluvial soil,39,38.0,25
alluvial soil,40,35.0,26
alluvial soil,41,32.0,27
alluvial soil,42,29.0,28
alluvial soil,43,26.0,29
alluvial soil,44,23.0,30
alluvial soil,45,20.0,31
alluvial soil,46,17.0,32
alluvial soil,25,80.0,33
alluvial soil,26,77.0,34
alluvial soil,27,74.0,35
alluvial soil,28,71.0,36
alluvial soil,29,68.0,37
alluvial soil,30,65.0,38
alluvial soil,31,62.0,39
alluvial soil,32,59.0,40
alluvial soil,33,56.0,41
alluvial soil,34,53.0,42
alluvial soil,35,50.0,43
alluvial soil,36,47.0,44
alluvial soil,37,44.0,45
alluvial soil,38,41.0,46
alluvial soil,39,38.0,47
alluvial soil,40,35.0,48
alluvial soil,41,32.0,49
alluvial soil,42,29.0,50
alluvial soil,43,26.0,51
alluvial soil,44,23.0,52
alluvial soil,45,20.0,53
alluvial soil,46,17.0,54
alluvial soil,25,80.0,55
alluvial soil,26,77.0,56
alluvial soil,27,74.0,57
alluvial soil,28,71.0,58
alluvial soil,29,68.0,59
alluvial soil,30,65.0,60
alluvial soil,31,62.0,61
alluvial soil,32,59.0,62
alluvial soil,33,56.0,63
alluvial soil,34,53.0,64
alluvial soil,35,50.0,65
alluvial soil,36,47.0,66
alluvial soil,37,44.0,67
alluvial soil,38,41.0,68
alluvial soil,39,38.0,69
alluvial soil,40,35.0,70
alluvial soil,41,32.0,71
alluvial soil,42,29.0,72
alluvial soil,43,26.0,73
alluvial soil,44,23.0,74
alluvial soil,45,20.0,75
alluvial soil,46,17.0,76
alluvial soil,25,80.0,77
alluvial soil,26,77.0,78
alluvial soil,27,74.0,79
alluvial soil,28,71.0,80
alluvial soil,29,68.0,81
alluvial soil,30,65.0,82
alluvial soil,31,62.0,83
alluvial soil,32,59.0,84
alluvial soil,33,56.0,85
alluvial soil,34,53.0,86
alluvial soil,35,50.0,87
alluvial soil,36,47.0,88
alluvial soil,37,44.0,89
alluvial soil,38,41.0,90
alluvial soil,39,38.0,91
alluvial soil,40,35.0,92
alluvial soil,41,32.0,93
alluvial soil,42,29.0,94
alluvial soil,43,26.0,95
alluvial soil,44,23.0,96
alluvial soil,45,20.0,97
alluvial soil,46,17.0,98
alluvial soil,25,80.0,99
alluvial soil,26,77.0,100
alluvial soil,27,74.0,1
alluvial soil,28,71.0,2
alluvial soil,29,68.0,3
alluvial soil,30,65.0,4
alluvial soil,31,62.0,5
alluvial soil,32,59.0,6
alluvial soil,33,56.0,7
alluvial soil,34,53.0,8
alluvial soil,35,50.0,9
alluvial soil,36,47.0,10
alluvial soil,37,44.0,11
alluvial soil,38,41.0,12
alluvial soil,39,38.0,13
alluvial soil,40,35.0,14
alluvial soil,41,32.0,15
alluvial soil,42,29.0,16
alluvial soil,43,26.0,17
alluvial soil,44,23.0,18
alluvial soil,45,20.0,19
alluvial soil,46,17.0,20
alluvial soil,25,80.0,21
alluvial soil,26,77.0,22
alluvial soil,27,74.0,23
alluvial soil,28,71.0,24
alluvial soil,29,68.0,25
alluvial soil,30,65.0,26
alluvial soil,31,62.0,27
alluvial soil,32,59.0,28
alluvial soil,33,56.0,29
alluvial soil,34,53.0,30
alluvial soil,35,50.0,31
alluvial soil,36,47.0,32
alluvial soil,37,44.0,33
alluvial soil,38,41.0,34
alluvial soil,39,38.0,35
alluvial soil,40,35.0,36
alluvial soil,41,32.0,37
alluvial soil,42,29.0,38
alluvial soil,43,26.0,39
alluvial soil,44,23.0,40
alluvial soil,45,20.0,41
alluvial soil,46,17.0,42
alluvial soil,25,80.0,43
alluvial soil,26,77.0,44
alluvial soil,27,74.0,45
alluvial soil,28,71.0,46
alluvial soil,29,68.0,47
alluvial soil,30,65.0,48
alluvial soil,31,62.0,49
alluvial soil,32,59.0,50
alluvial soil,33,56.0,51
alluvial soil,34,53.0,52
alluvial soil,35,50.0,53
alluvial soil,36,47.0,54
alluvial soil,37,44.0,55
alluvial soil,38,41.0,56
alluvial soil,39,38.0,57
alluvial soil,40,35.0,58
alluvial soil,41,32.0,59
alluvial soil,42,29.0,60
alluvial soil,43,26.0,61
alluvial soil,44,23.0,62
alluvial soil,45,20.0,63
alluvial soil,46,17.0,64
alluvial soil,25,80.0,65
alluvial soil,26,77.0,66
alluvial soil,27,74.0,67
alluvial soil,28,71.0,68
alluvial soil,29,68.0,69
alluvial soil,30,65.0,70
alluvial soil,31,62.0,71
alluvial soil,32,59.0,72
alluvial soil,33,56.0,73
alluvial soil,34,53.0,74
alluvial soil,35,50.0,75
alluvial soil,36,47.0,76
alluvial soil,37,44.0,77
alluvial soil,38,41.0,78
alluvial soil,39,38.0,79
alluvial soil,40,35.0,80
alluvial soil,41,32.0,81
alluvial soil,42,29.0,82
alluvial soil,43,26.0,83
alluvial soil,44,23.0,84
alluvial soil,45,20.0,85
alluvial soil,46,17.0,86
alluvial soil,25,80.0,87
alluvial soil,26,77.0,88
alluvial soil,27,74.0,89
alluvial soil,28,71.0,90
alluvial soil,29,68.0,91
alluvial soil,30,65.0,92
alluvial soil,31,62.0,93
alluvial soil,32,59.0,94
alluvial soil,33,56.0,95
alluvial soil,34,53.0,96
alluvial soil,35,50.0,97
alluvial soil,36,47.0,98
alluvial soil,37,44.0,99
alluvial soil,38,41.0,100
alluvial soil,39,38.0,1
alluvial soil,40,35.0,2
alluvial soil,41,32.0,3
alluvial soil,42,29.0,4
alluvial soil,43,26.0,5
alluvial soil,44,23.0,6
alluvial soil,45,20.0,7
alluvial soil,46,17.0,8
alluvial soil,25,80.0,9
alluvial soil,26,77.0,10
alluvial soil,27,74.0,11
alluvial soil,28,71.0,12
alluvial soil,29,68.0,13
alluvial soil,30,65.0,14
alluvial soil,31,62.0,15
alluvial soil,32,59.0,16
alluvial soil,33,56.0,17
alluvial soil,34,53.0,18
alluvial soil,35,50.0,19
alluvial soil,36,47.0,20
alluvial soil,37,44.0,21
alluvial soil,38,41.0,22
alluvial soil,39,38.0,23
alluvial soil,40,35.0,24
alluvial soil,41,32.0,25
alluvial soil,42,29.0,26
alluvial soil,43,26.0,27
alluvial soil,44,23.0,28
alluvial soil,45,20.0,29
alluvial soil,46,17.0,30
alluvial soil,25,80.0,31
alluvial soil,26,77.0,32
alluvial soil,27,74.0,33
alluvial soil,28,71.0,34
alluvial soil,29,68.0,35
alluvial soil,30,65.0,36
alluvial soil,31,62.0,37
alluvial soil,32,59.0,38
alluvial soil,33,56.0,39
alluvial soil,34,53.0,40
alluvial soil,35,50.0,41
alluvial soil,36,47.0,42
alluvial soil,37,44.0,43
alluvial soil,38,41.0,44
alluvial soil,39,38.0,45
alluvial soil,40,35.0,46
alluvial soil,41,32.0,47
alluvial soil,42,29.0,48
alluvial soil,43,26.0,49
alluvial soil,44,23.0,50
alluvial soil,45,20.0,51
alluvial soil,46,17.0,52
alluvial soil,25,80.0,53
alluvial soil,26,77.0,54
alluvial soil,27,74.0,55
alluvial soil,28,71.0,56
alluvial soil,29,68.0,57
alluvial soil,30,65.0,58
alluvial soil,31,62.0,59
alluvial soil,32,59.0,60
alluvial soil,33,56.0,61
alluvial soil,34,53.0,62
alluvial soil,35,50.0,63
alluvial soil,36,47.0,64
alluvial soil,37,44.0,65
alluvial soil,38,41.0,66
alluvial soil,39,38.0,67
alluvial soil,40,35.0,68
alluvial soil,41,32.0,69
alluvial soil,42,29.0,70
alluvial soil,43,26.0,71
alluvial soil,44,23.0,72
alluvial soil,45,20.0,73
alluvial soil,46,17.0,74
alluvial soil,25,80.0,75
alluvial soil,26,77.0,76
alluvial soil,27,74.0,77
alluvial soil,28,71.0,78
alluvial soil,29,68.0,79
alluvial soil,30,65.0,80
alluvial soil,31,62.0,81
alluvial soil,32,59.0,82
alluvial soil,33,56.0,83
alluvial soil,34,53.0,84
alluvial soil,35,50.0,85
alluvial soil,36,47.0,86
alluvial soil,37,44.0,87
alluvial soil,38,41.0,88
alluvial soil,39,38.0,89
alluvial soil,40,35.0,90
alluvial soil,41,32.0,91
alluvial soil,42,29.0,92
alluvial soil,43,26.0,93
alluvial soil,44,23.0,94
alluvial soil,45,20.0,95
alluvial soil,46,17.0,96
alluvial soil,25,80.0,97
alluvial soil,26,77.0,98
alluvial soil,27,74.0,99
alluvial soil,28,71.0,100
alluvial soil,29,68.0,1
alluvial soil,30,65.0,2
alluvial soil,31,62.0,3
alluvial soil,32,59.0,4
alluvial soil,33,56.0,5
alluvial soil,34,53.0,6
alluvial soil,35,50.0,7
alluvial soil,36,47.0,8
alluvial soil,37,44.0,9
alluvial soil,38,41.0,10
alluvial soil,39,38.0,11
alluvial soil,40,35.0,12
alluvial soil,41,32.0,13
alluvial soil,42,29.0,14
alluvial soil,43,26.0,15
alluvial soil,44,23.0,16
alluvial soil,45,20.0,17
alluvial soil,46,17.0,18
alluvial soil,25,80.0,19
alluvial soil,26,77.0,20
alluvial soil,27,74.0,21
alluvial soil,28,71.0,22
alluvial soil,29,68.0,23
alluvial soil,30,65.0,24
alluvial soil,31,62.0,25
alluvial soil,32,59.0,26
alluvial soil,33,56.0,27
alluvial soil,34,53.0,28
alluvial soil,35,50.0,29
alluvial soil,36,47.0,30
alluvial soil,37,44.0,31
alluvial soil,38,41.0,32
alluvial soil,39,38.0,33
alluvial soil,40,35.0,34
alluvial soil,41,32.0,35
alluvial soil,42,29.0,36
alluvial soil,43,26.0,37
alluvial soil,44,23.0,38
alluvial soil,45,20.0,39
alluvial soil,46,17.0,40
alluvial soil,25,80.0,41
alluvial soil,26,77.0,42
alluvial soil,27,74.0,43
alluvial soil,28,71.0,44
alluvial soil,29,68.0,45
alluvial soil,30,65.0,46
alluvial soil,31,62.0,47
alluvial soil,32,59.0,48
alluvial soil,33,56.0,49
alluvial soil,34,53.0,50
alluvial soil,35,50.0,51
alluvial soil,36,47.0,52
alluvial soil,37,44.0,53
alluvial soil,38,41.0,54
alluvial soil,39,38.0,55
alluvial soil,40,35.0,56
alluvial soil,41,32.0,57
alluvial soil,42,29.0,58
alluvial soil,43,26.0,59
alluvial soil,44,23.0,60
alluvial soil,45,20.0,61
alluvial soil,46,17.0,62
alluvial soil,25,80.0,63
alluvial soil,26,77.0,64
alluvial soil,27,74.0,65
alluvial soil,28,71.0,66
alluvial soil,29,68.0,67
alluvial soil,30,65.0,68
alluvial soil,31,62.0,69
alluvial soil,32,59.0,70
alluvial soil,33,56.0,71
alluvial soil,34,53.0,72
alluvial soil,35,50.0,73
alluvial soil,36,47.0,74
alluvial soil,37,44.0,75
alluvial soil,38,41.0,76
alluvial soil,39,38.0,77
alluvial soil,40,35.0,78
alluvial soil,41,32.0,79
alluvial soil,42,29.0,80
alluvial soil,43,26.0,81
alluvial soil,44,23.0,82
alluvial soil,45,20.0,83
alluvial soil,46,17.0,84
alluvial soil,25,80.0,85
alluvial soil,26,77.0,86
alluvial soil,27,74.0,87
alluvial soil,28,71.0,88
alluvial soil,29,68.0,89
alluvial soil,30,65.0,90
alluvial soil,31,62.0,91
alluvial soil,32,59.0,92
alluvial soil,33,56.0,93
alluvial soil,34,53.0,94
alluvial soil,35,50.0,95
alluvial soil,36,47.0,96
alluvial soil,37,44.0,97
alluvial soil,38,41.0,98
alluvial soil,39,38.0,99
alluvial soil,40,35.0,100
sandy soil,41,32.0,1
sandy soil,42,29.0,2
sandy soil,43,26.0,3
sandy soil,44,23.0,4
sandy soil,45,20.0,5
sandy soil,46,17.0,6
sandy soil,25,80.0,7
sandy soil,26,77.0,8
sandy soil,27,74.0,9
sandy soil,28,71.0,10
sandy soil,29,68.0,11
sandy soil,30,65.0,12
sandy soil,31,62.0,13
sandy soil,32,59.0,14
sandy soil,33,56.0,15
sandy soil,34,53.0,16
sandy soil,35,50.0,17
sandy soil,36,47.0,18
sandy soil,37,44.0,19
sandy soil,38,41.0,20
sandy soil,39,38.0,21
sandy soil,40,35.0,22
sandy soil,41,32.0,23
sandy soil,42,29.0,24
sandy soil,43,26.0,25
sandy soil,44,23.0,26
sandy soil,45,20.0,27
sandy soil,46,17.0,28
sandy soil,25,80.0,29
sandy soil,26,77.0,30
sandy soil,27,74.0,31
sandy soil,28,71.0,32
sandy soil,29,68.0,33
sandy soil,30,65.0,34
sandy soil,31,62.0,35
sandy soil,32,59.0,36
sandy soil,33,56.0,37
sandy soil,34,53.0,38
sandy soil,35,50.0,39
sandy soil,36,47.0,40
sandy soil,37,44.0,41
sandy soil,38,41.0,42
sandy soil,39,38.0,43
sandy soil,40,35.0,44
sandy soil,41,32.0,45
sandy soil,42,29.0,46
sandy soil,43,26.0,47
sandy soil,44,23.0,48
sandy soil,45,20.0,49
sandy soil,46,17.0,50
sandy soil,25,80.0,51
sandy soil,26,77.0,52
sandy soil,27,74.0,53
sandy soil,28,71.0,54
sandy soil,29,68.0,55
sandy soil,30,65.0,56
sandy soil,31,62.0,57
sandy soil,32,59.0,58
sandy soil,33,56.0,59
sandy soil,34,53.0,60
sandy soil,35,50.0,61
sandy soil,36,47.0,62
sandy soil,37,44.0,63
sandy soil,38,41.0,64
sandy soil,39,38.0,65
sandy soil,40,35.0,66
sandy soil,41,32.0,67
sandy soil,42,29.0,68
sandy soil,43,26.0,69
sandy soil,44,23.0,70
sandy soil,45,20.0,71
sandy soil,46,17.0,72
sandy soil,25,80.0,73
sandy soil,26,77.0,74
sandy soil,27,74.0,75
sandy soil,28,71.0,76
sandy soil,29,68.0,77
sandy soil,30,65.0,78
sandy soil,31,62.0,79
sandy soil,32,59.0,80
sandy soil,33,56.0,81
sandy soil,34,53.0,82
sandy soil,35,50.0,83
sandy soil,36,47.0,84
sandy soil,37,44.0,85
sandy soil,38,41.0,86
sandy soil,39,38.0,87
sandy soil,40,35.0,88
sandy soil,41,32.0,89
sandy soil,42,29.0,90
sandy soil,43,26.0,91
sandy soil,44,23.0,92
sandy soil,45,20.0,93
sandy soil,46,17.0,94
sandy soil,25,80.0,95
sandy soil,26,77.0,96
sandy soil,27,74.0,97
sandy soil,28,71.0,98
sandy soil,29,68.0,99
sandy soil,30,65.0,100
sandy soil,31,62.0,1
sandy soil,32,59.0,2
sandy soil,33,56.0,3
sandy soil,34,53.0,4
sandy soil,35,50.0,5
sandy soil,36,47.0,6
sandy soil,37,44.0,7
sandy soil,38,41.0,8
sandy soil,39,38.0,9
sandy soil,40,35.0,10
sandy soil,41,32.0,11
sandy soil,42,29.0,12
sandy soil,43,26.0,13
sandy soil,44,23.0,14
sandy soil,45,20.0,15
sandy soil,46,17.0,16
sandy soil,25,80.0,17
sandy soil,26,77.0,18
sandy soil,27,74.0,19
sandy soil,28,71.0,20
sandy soil,29,68.0,21
sandy soil,30,65.0,22
sandy soil,31,62.0,23
sandy soil,32,59.0,24
sandy soil,33,56.0,25
sandy soil,34,53.0,26
sandy soil,35,50.0,27
sandy soil,36,47.0,28
sandy soil,37,44.0,29
sandy soil,38,41.0,30
sandy soil,39,38.0,31
sandy soil,40,35.0,32
sandy soil,41,32.0,33
sandy soil,42,29.0,34
sandy soil,43,26.0,35
sandy soil,44,23.0,36
sandy soil,45,20.0,37
sandy soil,46,17.0,38
sandy soil,25,80.0,39
sandy soil,26,77.0,40
sandy soil,27,74.0,41
sandy soil,28,71.0,42
sandy soil,29,68.0,43
sandy soil,30,65.0,44
sandy soil,31,62.0,45
sandy soil,32,59.0,46
sandy soil,33,56.0,47
sandy soil,34,53.0,48
sandy soil,35,50.0,49
sandy soil,36,47.0,50
sandy soil,37,44.0,51
sandy soil,38,41.0,52
sandy soil,39,38.0,53
sandy soil,40,35.0,54
sandy soil,41,32.0,55
sandy soil,42,29.0,56
sandy soil,43,26.0,57
sandy soil,44,23.0,58
sandy soil,45,20.0,59
sandy soil,46,17.0,60
sandy soil,25,80.0,61
sandy soil,26,77.0,62
sandy soil,27,74.0,63
sandy soil,28,71.0,64
sandy soil,29,68.0,65
sandy soil,30,65.0,66
sandy soil,31,62.0,67
sandy soil,32,59.0,68
sandy soil,33,56.0,69
sandy soil,34,53.0,70
sandy soil,35,50.0,71
sandy soil,36,47.0,72
sandy soil,37,44.0,73
sandy soil,38,41.0,74
sandy soil,39,38.0,75
sandy soil,40,35.0,76
sandy soil,41,32.0,77
sandy soil,42,29.0,78
sandy soil,43,26.0,79
sandy soil,44,23.0,80
sandy soil,45,20.0,81
sandy soil,46,17.0,82
sandy soil,25,80.0,83
sandy soil,26,77.0,84
sandy soil,27,74.0,85
sandy soil,28,71.0,86
sandy soil,29,68.0,87
sandy soil,30,65.0,88
sandy soil,31,62.0,89
sandy soil,32,59.0,90
sandy soil,33,56.0,91
sandy soil,34,53.0,92
sandy soil,35,50.0,93
sandy soil,36,47.0,94
sandy soil,37,44.0,95
sandy soil,38,41.0,96
sandy soil,39,38.0,97
sandy soil,40,35.0,98
sandy soil,41,32.0,99
sandy soil,42,29.0,100
sandy soil,43,26.0,1
sandy soil,44,23.0,2
sandy soil,45,20.0,3
sandy soil,46,17.0,4
sandy soil,25,80.0,5
sandy soil,26,77.0,6
sandy soil,27,74.0,7
sandy soil,28,71.0,8
sandy soil,29,68.0,9
sandy soil,30,65.0,10
sandy soil,31,62.0,11
sandy soil,32,59.0,12
sandy soil,33,56.0,13
sandy soil,34,53.0,14
sandy soil,35,50.0,15
sandy soil,36,47.0,16
sandy soil,37,44.0,17
sandy soil,38,41.0,18
sandy soil,39,38.0,19
sandy soil,40,35.0,20
sandy soil,41,32.0,21
sandy soil,42,29.0,22
sandy soil,43,26.0,23
sandy soil,44,23.0,24
sandy soil,45,20.0,25
sandy soil,46,17.0,26
sandy soil,25,80.0,27
sandy soil,26,77.0,28
sandy soil,27,74.0,29
sandy soil,28,71.0,30
sandy soil,29,68.0,31
sandy soil,30,65.0,32
sandy soil,31,62.0,33
sandy soil,32,59.0,34
sandy soil,33,56.0,35
sandy soil,34,53.0,36
sandy soil,35,50.0,37
sandy soil,36,47.0,38
sandy soil,37,44.0,39
sandy soil,38,41.0,40
sandy soil,39,38.0,41
sandy soil,40,35.0,42
sandy soil,41,32.0,43
sandy soil,42,29.0,44
sandy soil,43,26.0,45
sandy soil,44,23.0,46
sandy soil,45,20.0,47
sandy soil,46,17.0,48
sandy soil,25,80.0,49
sandy soil,26,77.0,50
sandy soil,27,74.0,51
sandy soil,28,71.0,52
sandy soil,29,68.0,53
sandy soil,30,65.0,54
sandy soil,31,62.0,55
sandy soil,32,59.0,56
sandy soil,33,56.0,57
sandy soil,34,53.0,58
sandy soil,35,50.0,59
sandy soil,36,47.0,60
sandy soil,37,44.0,61
sandy soil,38,41.0,62
sandy soil,39,38.0,63
sandy soil,40,35.0,64
sandy soil,41,32.0,65
sandy soil,42,29.0,66
sandy soil,43,26.0,67
sandy soil,44,23.0,68
sandy soil,45,20.0,69
sandy soil,46,17.0,70
sandy soil,25,80.0,71
sandy soil,26,77.0,72
sandy soil,27,74.0,73
sandy soil,28,71.0,74
sandy soil,29,68.0,75
sandy soil,30,65.0,76
sandy soil,31,62.0,77
sandy soil,32,59.0,78
sandy soil,33,56.0,79
sandy soil,34,53.0,80
sandy soil,35,50.0,81
sandy soil,36,47.0,82
sandy soil,37,44.0,83
sandy soil,38,41.0,84
sandy soil,39,38.0,85
sandy soil,40,35.0,86
sandy soil,41,32.0,87
sandy soil,42,29.0,88
sandy soil,43,26.0,89
sandy soil,44,23.0,90
sandy soil,45,20.0,91
sandy soil,46,17.0,92
sandy soil,25,80.0,93
sandy soil,26,77.0,94
sandy soil,27,74.0,95
sandy soil,28,71.0,96
sandy soil,29,68.0,97
sandy soil,30,65.0,98
sandy soil,31,62.0,99
sandy soil,32,59.0,100
sandy soil,33,56.0,1
sandy soil,34,53.0,2
sandy soil,35,50.0,3
sandy soil,36,47.0,4
sandy soil,37,44.0,5
sandy soil,38,41.0,6
sandy soil,39,38.0,7
sandy soil,40,35.0,8
sandy soil,41,32.0,9
sandy soil,42,29.0,10
sandy soil,43,26.0,11
sandy soil,44,23.0,12
sandy soil,45,20.0,13
sandy soil,46,17.0,14
sandy soil,25,80.0,15
sandy soil,26,77.0,16
sandy soil,27,74.0,17
sandy soil,28,71.0,18
sandy soil,29,68.0,19
sandy soil,30,65.0,20
sandy soil,31,62.0,21
sandy soil,32,59.0,22
sandy soil,33,56.0,23
sandy soil,34,53.0,24
sandy soil,35,50.0,25
sandy soil,36,47.0,26
sandy soil,37,44.0,27
sandy soil,38,41.0,28
sandy soil,39,38.0,29
sandy soil,40,35.0,30
sandy soil,41,32.0,31
sandy soil,42,29.0,32
sandy soil,43,26.0,33
sandy soil,44,23.0,34
sandy soil,45,20.0,35
sandy soil,46,17.0,36
sandy soil,25,80.0,37
sandy soil,26,77.0,38
sandy soil,27,74.0,39
sandy soil,28,71.0,40
sandy soil,29,68.0,41
sandy soil,30,65.0,42
sandy soil,31,62.0,43
sandy soil,32,59.0,44
sandy soil,33,56.0,45
sandy soil,34,53.0,46
sandy soil,35,50.0,47
sandy soil,36,47.0,48
sandy soil,37,44.0,49
sandy soil,38,41.0,50
sandy soil,39,38.0,51
sandy soil,40,35.0,52
sandy soil,41,32.0,53
sandy soil,42,29.0,54
sandy soil,43,26.0,55
sandy soil,44,23.0,56
sandy soil,45,20.0,57
sandy soil,46,17.0,58
sandy soil,25,80.0,59
sandy soil,26,77.0,60
sandy soil,27,74.0,61
sandy soil,28,71.0,62
sandy soil,29,68.0,63
sandy soil,30,65.0,64
sandy soil,31,62.0,65
sandy soil,32,59.0,66
sandy soil,33,56.0,67
sandy soil,34,53.0,68
sandy soil,35,50.0,69
sandy soil,36,47.0,70
sandy soil,37,44.0,71
sandy soil,38,41.0,72
sandy soil,39,38.0,73
sandy soil,40,35.0,74
sandy soil,41,32.0,75
sandy soil,42,29.0,76
sandy soil,43,26.0,77
sandy soil,44,23.0,78
sandy soil,45,20.0,79
sandy soil,46,17.0,80
sandy soil,25,80.0,81
sandy soil,26,77.0,82
sandy soil,27,74.0,83
sandy soil,28,71.0,84
sandy soil,29,68.0,85
sandy soil,30,65.0,86
sandy soil,31,62.0,87
sandy soil,32,59.0,88
sandy soil,33,56.0,89
sandy soil,34,53.0,90
sandy soil,35,50.0,91
sandy soil,36,47.0,92
sandy soil,37,44.0,93
sandy soil,38,41.0,94
sandy soil,39,38.0,95
sandy soil,40,35.0,96
sandy soil,41,32.0,97
sandy soil,42,29.0,98
sandy soil,43,26.0,99
sandy soil,44,23.0,100
sandy soil,45,20.0,1
sandy soil,46,17.0,2
sandy soil,25,80.0,3
sandy soil,26,77.0,4
sandy soil,27,74.0,5
sandy soil,28,71.0,6
sandy soil,29,68.0,7
sandy soil,30,65.0,8
sandy soil,31,62.0,9
sandy soil,32,59.0,10
sandy soil,33,56.0,11
sandy soil,34,53.0,12
sandy soil,35,50.0,13
sandy soil,36,47.0,14
sandy soil,37,44.0,15
sandy soil,38,41.0,16
sandy soil,39,38.0,17
sandy soil,40,35.0,18
sandy soil,41,32.0,19
sandy soil,42,29.0,20
sandy soil,43,26.0,21
sandy soil,44,23.0,22
sandy soil,45,20.0,23
sandy soil,46,17.0,24
sandy soil,25,80.0,25
sandy soil,26,77.0,26
sandy soil,27,74.0,27
sandy soil,28,71.0,28
sandy soil,29,68.0,29
sandy soil,30,65.0,30
sandy soil,31,62.0,31
sandy soil,32,59.0,32
sandy soil,33,56.0,33
sandy soil,34,53.0,34
sandy soil,35,50.0,35
sandy soil,36,47.0,36
sandy soil,37,44.0,37
sandy soil,38,41.0,38
sandy soil,39,38.0,39
sandy soil,40,35.0,40
sandy soil,41,32.0,41
sandy soil,42,29.0,42
sandy soil,43,26.0,43
sandy soil,44,23.0,44
sandy soil,45,20.0,45
sandy soil,46,17.0,46
sandy soil,25,80.0,47
sandy soil,26,77.0,48
sandy soil,27,74.0,49
sandy soil,28,71.0,50
sandy soil,29,68.0,51
sandy soil,30,65.0,52
sandy soil,31,62.0,53
sandy soil,32,59.0,54
sandy soil,33,56.0,55
sandy soil,34,53.0,56
sandy soil,35,50.0,57
sandy soil,36,47.0,58
sandy soil,37,44.0,59
sandy soil,38,41.0,60
sandy soil,39,38.0,61
sandy soil,40,35.0,62
sandy soil,41,32.0,63
sandy soil,42,29.0,64
sandy soil,43,26.0,65
sandy soil,44,23.0,66
sandy soil,45,20.0,67
sandy soil,46,17.0,68
sandy soil,25,80.0,69
sandy soil,26,77.0,70
sandy soil,27,74.0,71
sandy soil,28,71.0,72
sandy soil,29,68.0,73
sandy soil,30,65.0,74
sandy soil,31,62.0,75
sandy soil,32,59.0,76
sandy soil,33,56.0,77
sandy soil,34,53.0,78
sandy soil,35,50.0,79
sandy soil,36,47.0,80
sandy soil,37,44.0,81
sandy soil,38,41.0,82
sandy soil,39,38.0,83
sandy soil,40,35.0,84
sandy soil,41,32.0,85
sandy soil,42,29.0,86
sandy soil,43,26.0,87
sandy soil,44,23.0,88
sandy soil,45,20.0,89
sandy soil,46,17.0,90
sandy soil,25,80.0,91
sandy soil,26,77.0,92
sandy soil,27,74.0,93
sandy soil,28,71.0,94
sandy soil,29,68.0,95
sandy soil,30,65.0,96
sandy soil,31,62.0,97
sandy soil,32,59.0,98
sandy soil,33,56.0,99
sandy soil,34,53.0,100
sandy soil,35,50.0,1
sandy soil,36,47.0,2
sandy soil,37,44.0,3
sandy soil,38,41.0,4
sandy soil,39,38.0,5
sandy soil,40,35.0,6
sandy soil,41,32.0,7
sandy soil,42,29.0,8
sandy soil,43,26.0,9
sandy soil,44,23.0,10
sandy soil,45,20.0,11
sandy soil,46,17.0,12
sandy soil,25,80.0,13
sandy soil,26,77.0,14
sandy soil,27,74.0,15
sandy soil,28,71.0,16
sandy soil,29,68.0,17
sandy soil,30,65.0,18
sandy soil,31,62.0,19
sandy soil,32,59.0,20
sandy soil,33,56.0,21
sandy soil,34,53.0,22
sandy soil,35,50.0,23
sandy soil,36,47.0,24
sandy soil,37,44.0,25
sandy soil,38,41.0,26
sandy soil,39,38.0,27
sandy soil,40,35.0,28
sandy soil,41,32.0,29
sandy soil,42,29.0,30
sandy soil,43,26.0,31
sandy soil,44,23.0,32
sandy soil,45,20.0,33
sandy soil,46,17.0,34
sandy soil,25,80.0,35
sandy soil,26,77.0,36
sandy soil,27,74.0,37
sandy soil,28,71.0,38
sandy soil,29,68.0,39
sandy soil,30,65.0,40
sandy soil,31,62.0,41
sandy soil,32,59.0,42
sandy soil,33,56.0,43
sandy soil,34,53.0,44
sandy soil,35,50.0,45
sandy soil,36,47.0,46
sandy soil,37,44.0,47
sandy soil,38,41.0,48
sandy soil,39,38.0,49
sandy soil,40,35.0,50
sandy soil,41,32.0,51
sandy soil,42,29.0,52
sandy soil,43,26.0,53
sandy soil,44,23.0,54
sandy soil,45,20.0,55
sandy soil,46,17.0,56
sandy soil,25,80.0,57
sandy soil,26,77.0,58
sandy soil,27,74.0,59
sandy soil,28,71.0,60
sandy soil,29,68.0,61
sandy soil,30,65.0,62
sandy soil,31,62.0,63
sandy soil,32,59.0,64
sandy soil,33,56.0,65
sandy soil,34,53.0,66
sandy soil,35,50.0,67
sandy soil,36,47.0,68
sandy soil,37,44.0,69
sandy soil,38,41.0,70
sandy soil,39,38.0,71
sandy soil,40,35.0,72
sandy soil,41,32.0,73
sandy soil,42,29.0,74
sandy soil,43,26.0,75
sandy soil,44,23.0,76
sandy soil,45,20.0,77
sandy soil,46,17.0,78
sandy soil,25,80.0,79
sandy soil,26,77.0,80
sandy soil,27,74.0,81
sandy soil,28,71.0,82
sandy soil,29,68.0,83
sandy soil,30,65.0,84
sandy soil,31,62.0,85
sandy soil,32,59.0,86
sandy soil,33,56.0,87
sandy soil,34,53.0,88
sandy soil,35,50.0,89
sandy soil,36,47.0,90
sandy soil,37,44.0,91
sandy soil,38,41.0,92
sandy soil,39,38.0,93
sandy soil,40,35.0,94
sandy soil,41,32.0,95
sandy soil,42,29.0,96
sandy soil,43,26.0,97
sandy soil,44,23.0,98
sandy soil,45,20.0,99
sandy soil,46,17.0,100
sandy soil,25,80.0,1
sandy soil,26,77.0,2
sandy soil,27,74.0,3
sandy soil,28,71.0,4
sandy soil,29,68.0,5
sandy soil,30,65.0,6
sandy soil,31,62.0,7
sandy soil,32,59.0,8
sandy soil,33,56.0,9
sandy soil,34,53.0,10
sandy soil,35,50.0,11
sandy soil,36,47.0,12
sandy soil,37,44.0,13
sandy soil,38,41.0,14
sandy soil,39,38.0,15
sandy soil,40,35.0,16
sandy soil,41,32.0,17
sandy soil,42,29.0,18
sandy soil,43,26.0,19
sandy soil,44,23.0,20
sandy soil,45,20.0,21
sandy soil,46,17.0,22
sandy soil,25,80.0,23
sandy soil,26,77.0,24
sandy soil,27,74.0,25
sandy soil,28,71.0,26
sandy soil,29,68.0,27
sandy soil,30,65.0,28
sandy soil,31,62.0,29
sandy soil,32,59.0,30
sandy soil,33,56.0,31
sandy soil,34,53.0,32
sandy soil,35,50.0,33
sandy soil,36,47.0,34
sandy soil,37,44.0,35
sandy soil,38,41.0,36
sandy soil,39,38.0,37
sandy soil,40,35.0,38
sandy soil,41,32.0,39
sandy soil,42,29.0,40
sandy soil,43,26.0,41
sandy soil,44,23.0,42
sandy soil,45,20.0,43
sandy soil,46,17.0,44
sandy soil,25,80.0,45
sandy soil,26,77.0,46
sandy soil,27,74.0,47
sandy soil,28,71.0,48
sandy soil,29,68.0,49
sandy soil,30,65.0,50
sandy soil,31,62.0,51
sandy soil,32,59.0,52
sandy soil,33,56.0,53
sandy soil,34,53.0,54
sandy soil,35,50.0,55
sandy soil,36,47.0,56
sandy soil,37,44.0,57
sandy soil,38,41.0,58
sandy soil,39,38.0,59
sandy soil,40,35.0,60
sandy soil,41,32.0,61
sandy soil,42,29.0,62
sandy soil,43,26.0,63
sandy soil,44,23.0,64
sandy soil,45,20.0,65
sandy soil,46,17.0,66
sandy soil,25,80.0,67
sandy soil,26,77.0,68
sandy soil,27,74.0,69
sandy soil,28,71.0,70
sandy soil,29,68.0,71
sandy soil,30,65.0,72
sandy soil,31,62.0,73
sandy soil,32,59.0,74
sandy soil,33,56.0,75
sandy soil,34,53.0,76
sandy soil,35,50.0,77
sandy soil,36,47.0,78
sandy soil,37,44.0,79
sandy soil,38,41.0,80
sandy soil,39,38.0,81
sandy soil,40,35.0,82
sandy soil,41,32.0,83
sandy soil,42,29.0,84
sandy soil,43,26.0,85
sandy soil,44,23.0,86
sandy soil,45,20.0,87
sandy soil,46,17.0,88
sandy soil,25,80.0,89
sandy soil,26,77.0,90
sandy soil,27,74.0,91
sandy soil,28,71.0,92
sandy soil,29,68.0,93
sandy soil,30,65.0,94
sandy soil,31,62.0,95
sandy soil,32,59.0,96
sandy soil,33,56.0,97
sandy soil,34,53.0,98
sandy soil,35,50.0,99
sandy soil,36,47.0,100
sandy soil,37,44.0,1
sandy soil,38,41.0,2
sandy soil,39,38.0,3
sandy soil,40,35.0,4
sandy soil,41,32.0,5
sandy soil,42,29.0,6
sandy soil,43,26.0,7
sandy soil,44,23.0,8
sandy soil,45,20.0,9
sandy soil,46,17.0,10
sandy soil,25,80.0,11
sandy soil,26,77.0,12
sandy soil,27,74.0,13
sandy soil,28,71.0,14
sandy soil,29,68.0,15
sandy soil,30,65.0,16
sandy soil,31,62.0,17
sandy soil,32,59.0,18
sandy soil,33,56.0,19
sandy soil,34,53.0,20
sandy soil,35,50.0,21
sandy soil,36,47.0,22
sandy soil,37,44.0,23
sandy soil,38,41.0,24
sandy soil,39,38.0,25
sandy soil,40,35.0,26
sandy soil,41,32.0,27
sandy soil,42,29.0,28
sandy soil,43,26.0,29
sandy soil,44,23.0,30
sandy soil,45,20.0,31
sandy soil,46,17.0,32
sandy soil,25,80.0,33
sandy soil,26,77.0,34
sandy soil,27,74.0,35
sandy soil,28,71.0,36
sandy soil,29,68.0,37
sandy soil,30,65.0,38
sandy soil,31,62.0,39
sandy soil,32,59.0,40
sandy soil,33,56.0,41
sandy soil,34,53.0,42
sandy soil,35,50.0,43
sandy soil,36,47.0,44
sandy soil,37,44.0,45
sandy soil,38,41.0,46
sandy soil,39,38.0,47
sandy soil,40,35.0,48
sandy soil,41,32.0,49
sandy soil,42,29.0,50
sandy soil,43,26.0,51
sandy soil,44,23.0,52
sandy soil,45,20.0,53
sandy soil,46,17.0,54
sandy soil,25,80.0,55
sandy soil,26,77.0,56
sandy soil,27,74.0,57
sandy soil,28,71.0,58
sandy soil,29,68.0,59
sandy soil,30,65.0,60
sandy soil,31,62.0,61
sandy soil,32,59.0,62
sandy soil,33,56.0,63
sandy soil,34,53.0,64
sandy soil,35,50.0,65
sandy soil,36,47.0,66
sandy soil,37,44.0,67
sandy soil,38,41.0,68
sandy soil,39,38.0,69
sandy soil,40,35.0,70
sandy soil,41,32.0,71
sandy soil,42,29.0,72
sandy soil,43,26.0,73
sandy soil,44,23.0,74
sandy soil,45,20.0,75
sandy soil,46,17.0,76
sandy soil,25,80.0,77
sandy soil,26,77.0,78
sandy soil,27,74.0,79
sandy soil,28,71.0,80
sandy soil,29,68.0,81
sandy soil,30,65.0,82
sandy soil,31,62.0,83
sandy soil,32,59.0,84
sandy soil,33,56.0,85
sandy soil,34,53.0,86
sandy soil,35,50.0,87
sandy soil,36,47.0,88
sandy soil,37,44.0,89
sandy soil,38,41.0,90
sandy soil,39,38.0,91
sandy soil,40,35.0,92
sandy soil,41,32.0,93
sandy soil,42,29.0,94
sandy soil,43,26.0,95
sandy soil,44,23.0,96
sandy soil,45,20.0,97
sandy soil,46,17.0,98
sandy soil,25,80.0,99
sandy soil,26,77.0,100
red soil,27,74.0,1
red soil,28,71.0,2
red soil,29,68.0,3
red soil,30,65.0,4
red soil,31,62.0,5
red soil,32,59.0,6
red soil,33,56.0,7
red soil,34,53.0,8
red soil,35,50.0,9
red soil,36,47.0,10
red soil,37,44.0,11
red soil,38,41.0,12
red soil,39,38.0,13
red soil,40,35.0,14
red soil,41,32.0,15
red soil,42,29.0,16
red soil,43,26.0,17
red soil,44,23.0,18
red soil,45,20.0,19
red soil,46,17.0,20
red soil,25,80.0,21
red soil,26,77.5,22
red soil,27,75.0,23
red soil,28,72.5,24
red soil,29,70.0,25
red soil,30,67.5,26
red soil,31,65.0,27
red soil,32,62.5,28
red soil,33,60.0,29
red soil,34,57.5,30
red soil,35,55.0,31
red soil,36,52.5,32
red soil,37,50.0,33
red soil,38,47.5,34
red soil,39,45.0,35
red soil,40,42.5,36
red soil,41,40.0,37
red soil,42,37.5,38
red soil,43,35.0,39
red soil,44,32.5,40
red soil,45,30.0,41
red soil,46,27.5,42
red soil,25,80.0,43
red soil,26,77.3,44
red soil,27,74.6,45
red soil,28,71.9,46
red soil,29,69.2,47
red soil,30,66.5,48
red soil,31,63.8,49
red soil,32,61.1,50
red soil,33,58.4,51
red soil,34,55.7,52
red soil,35,53.0,53
red soil,36,50.3,54
red soil,37,47.6,55
red soil,38,44.9,56
red soil,39,42.2,57
red soil,40,39.5,58
red soil,41,36.8,59
red soil,42,34.1,60
red soil,43,31.4,61
red soil,44,28.7,62
red soil,45,26.0,63
red soil,46,23.3,64
red soil,25,80.0,65
red soil,26,78.0,66
red soil,27,76.0,67
red soil,28,74.0,68
red soil,29,72.0,69
red soil,30,70.0,70
red soil,31,68.0,71
red soil,32,66.0,72
red soil,33,64.0,73
red soil,34,62.0,74
red soil,35,60.0,75
red soil,36,58.0,76
red soil,37,56.0,77
red soil,38,54.0,78
red soil,39,52.0,79
red soil,40,50.0,80
red soil,41,48.0,81
red soil,42,46.0,82
red soil,43,44.0,83
red soil,44,42.0,84
red soil,45,40.0,85
red soil,46,38.0,86
red soil,25,80.0,87
red soil,26,78.0,88
red soil,27,76.0,89
red soil,28,74.0,90
red soil,29,72.0,91
red soil,30,70.0,92
red soil,31,68.0,93
red soil,32,66.0,94
red soil,33,64.0,95
red soil,34,62.0,96
red soil,35,60.0,97
red soil,36,58.0,98
red soil,37,56.0,99
red soil,38,54.0,100
red soil,39,52.0,1
red soil,40,50.0,2
red soil,41,48.0,3
red soil,42,46.0,4
red soil,43,44.0,5
red soil,44,42.0,6
red soil,45,40.0,7
red soil,46,38.0,8
red soil,25,80.0,9
red soil,26,77.0,10
red soil,27,74.0,11
red soil,28,71.0,12
red soil,29,68.0,13
red soil,30,65.0,14
red soil,31,62.0,15
red soil,32,59.0,16
red soil,33,56.0,17
red soil,34,53.0,18
red soil,35,50.0,19
red soil,36,47.0,20
red soil,37,44.0,21
red soil,38,41.0,22
red soil,39,38.0,23
red soil,40,35.0,24
red soil,41,32.0,25
red soil,42,29.0,26
red soil,43,26.0,27
red soil,44,23.0,28
red soil,45,20.0,29
red soil,46,17.0,30
red soil,25,80.0,31
red soil,26,77.0,32
red soil,27,74.0,33
red soil,28,71.0,34
red soil,29,68.0,35
red soil,30,65.0,36
red soil,31,62.0,37
red soil,32,59.0,38
red soil,33,56.0,39
red soil,34,53.0,40
red soil,35,50.0,41
red soil,36,47.0,42
red soil,37,44.0,43
red soil,38,41.0,44
red soil,39,38.0,45
red soil,40,35.0,46
red soil,41,32.0,47
red soil,42,29.0,48
red soil,43,26.0,49
red soil,44,23.0,50
red soil,45,20.0,51
red soil,46,17.0,52
red soil,25,80.0,53
red soil,26,77.0,54
red soil,27,74.0,55
red soil,28,71.0,56
red soil,29,68.0,57
red soil,30,65.0,58
red soil,31,62.0,59
red soil,32,59.0,60
red soil,33,56.0,61
red soil,34,53.0,62
red soil,35,50.0,63
red soil,36,47.0,64
red soil,37,44.0,65
red soil,38,41.0,66
red soil,39,38.0,67
red soil,40,35.0,68
red soil,41,32.0,69
red soil,42,29.0,70
red soil,43,26.0,71
red soil,44,23.0,72
red soil,45,20.0,73
red soil,46,17.0,74
red soil,25,80.0,75
red soil,26,77.3,76
red soil,27,74.6,77
red soil,28,71.9,78
red soil,29,69.2,79
red soil,30,66.5,80
red soil,31,63.8,81
red soil,32,61.1,82
red soil,33,58.4,83
red soil,34,55.7,84
red soil,35,53.0,85
red soil,36,50.3,86
red soil,37,47.6,87
red soil,38,44.9,88
red soil,39,42.2,89
red soil,40,39.5,90
red soil,41,36.8,91
red soil,42,34.1,92
red soil,43,31.4,93
red soil,44,28.7,94
red soil,45,26.0,95
red soil,46,23.3,96
red soil,25,80.0,97
red soil,26,77.0,98
red soil,27,74.0,99
red soil,28,71.0,100
red soil,29,68.0,1
red soil,30,65.0,2
red soil,31,62.0,3
red soil,32,59.0,4
red soil,33,56.0,5
red soil,34,53.0,6
red soil,35,50.0,7
red soil,36,47.0,8
red soil,37,44.0,9
red soil,38,41.0,10
red soil,39,38.0,11
red soil,40,35.0,12
red soil,41,32.0,13
red soil,42,29.0,14
red soil,43,26.0,15
red soil,44,23.0,16
red soil,45,20.0,17
red soil,46,17.0,18
red soil,25,80.0,19
red soil,26,77.0,20
red soil,27,74.0,21
red soil,28,71.0,22
red soil,29,68.0,23
red soil,30,65.0,24
red soil,31,62.0,25
red soil,32,59.0,26
red soil,33,56.0,27
red soil,34,53.0,28
red soil,35,50.0,29
red soil,36,47.0,30
red soil,37,44.0,31
red soil,38,41.0,32
red soil,39,38.0,33
red soil,40,35.0,34
red soil,41,32.0,35
red soil,42,29.0,36
red soil,43,26.0,37
red soil,44,23.0,38
red soil,45,20.0,39
red soil,46,17.0,40
red soil,25,80.0,41
red soil,26,77.5,42
red soil,27,75.0,43
red soil,28,72.5,44
red soil,29,70.0,45
red soil,30,67.5,46
red soil,31,65.0,47
red soil,32,62.5,48
red soil,33,60.0,49
red soil,34,57.5,50
red soil,35,55.0,51
red soil,36,52.5,52
red soil,37,50.0,53
red soil,38,47.5,54
red soil,39,45.0,55
red soil,40,42.5,56
red soil,41,40.0,57
red soil,42,37.5,58
red soil,43,35.0,59
red soil,44,32.5,60
red soil,45,30.0,61
red soil,46,27.5,62
red soil,25,80.0,63
red soil,26,77.3,64
red soil,27,74.6,65
red soil,28,71.9,66
red soil,29,69.2,67
red soil,30,66.5,68
red soil,31,63.8,69
red soil,32,61.1,70
red soil,33,58.4,71
red soil,34,55.7,72
red soil,35,53.0,73
red soil,36,50.3,74
red soil,37,47.6,75
red soil,38,44.9,76
red soil,39,42.2,77
red soil,40,39.5,78
red soil,41,36.8,79
red soil,42,34.1,80
red soil,43,31.4,81
red soil,44,28.7,82
red soil,45,26.0,83
red soil,46,23.3,84
red soil,25,80.0,85
red soil,26,78.0,86
red soil,27,76.0,87
red soil,28,74.0,88
red soil,29,72.0,89
red soil,30,70.0,90
red soil,31,68.0,91
red soil,32,66.0,92
red soil,33,64.0,93
red soil,34,62.0,94
red soil,35,60.0,95
red soil,36,58.0,96
red soil,37,56.0,97
red soil,38,54.0,98
red soil,39,52.0,99
red soil,40,50.0,100
red soil,41,48.0,1
red soil,42,46.0,2
red soil,43,44.0,3
red soil,44,42.0,4
red soil,45,40.0,5
red soil,46,38.0,6
red soil,25,80.0,7
red soil,26,78.0,8
red soil,27,76.0,9
red soil,28,74.0,10
red soil,29,72.0,11
red soil,30,70.0,12
red soil,31,68.0,13
red soil,32,66.0,14
red soil,33,64.0,15
red soil,34,62.0,16
red soil,35,60.0,17
red soil,36,58.0,18
red soil,37,56.0,19
red soil,38,54.0,20
red soil,39,52.0,21
red soil,40,50.0,22
red soil,41,48.0,23
red soil,42,46.0,24
red soil,43,44.0,25
red soil,44,42.0,26
red soil,45,40.0,27
red soil,46,38.0,28
red soil,25,80.0,29
red soil,26,77.0,30
red soil,27,74.0,31
red soil,28,71.0,32
red soil,29,68.0,33
red soil,30,65.0,34
red soil,31,62.0,35
red soil,32,59.0,36
red soil,33,56.0,37
red soil,34,53.0,38
red soil,35,50.0,39
red soil,36,47.0,40
red soil,37,44.0,41
red soil,38,41.0,42
red soil,39,38.0,43
red soil,40,35.0,44
red soil,41,32.0,45
red soil,42,29.0,46
red soil,43,26.0,47
red soil,44,23.0,48
red soil,45,20.0,49
red soil,46,17.0,50
red soil,25,80.0,51
red soil,26,77.0,52
red soil,27,74.0,53
red soil,28,71.0,54
red soil,29,68.0,55
red soil,30,65.0,56
red soil,31,62.0,57
red soil,32,59.0,58
red soil,33,56.0,59
red soil,34,53.0,60
red soil,35,50.0,61
red soil,36,47.0,62
red soil,37,44.0,63
red soil,38,41.0,64
red soil,39,38.0,65
red soil,40,35.0,66
red soil,41,32.0,67
red soil,42,29.0,68
red soil,43,26.0,69
red soil,44,23.0,70
red soil,45,20.0,71
red soil,46,17.0,72
red soil,25,80.0,73
red soil,26,77.0,74
red soil,27,74.0,75
red soil,28,71.0,76
red soil,29,68.0,77
red soil,30,65.0,78
red soil,31,62.0,79
red soil,32,59.0,80
red soil,33,56.0,81
red soil,34,53.0,82
red soil,35,50.0,83
red soil,36,47.0,84
red soil,37,44.0,85
red soil,38,41.0,86
red soil,39,38.0,87
red soil,40,35.0,88
red soil,41,32.0,89
red soil,42,29.0,90
red soil,43,26.0,91
red soil,44,23.0,92
red soil,45,20.0,93
red soil,46,17.0,94
red soil,25,80.0,95
red soil,26,77.3,96
red soil,27,74.6,97
red soil,28,71.9,98
red soil,29,69.2,99
red soil,30,66.5,100
red soil,31,63.8,1
red soil,32,61.1,2
red soil,33,58.4,3
red soil,34,55.7,4
red soil,35,53.0,5
red soil,36,50.3,6
red soil,37,47.6,7
red soil,38,44.9,8
red soil,39,42.2,9
red soil,40,39.5,10
red soil,41,36.8,11
red soil,42,34.1,12
red soil,43,31.4,13
red soil,44,28.7,14
red soil,45,26.0,15
red soil,46,23.3,16
red soil,25,80.0,17
red soil,26,77.0,18
red soil,27,74.0,19
red soil,28,71.0,20
red soil,29,68.0,21
red soil,30,65.0,22
red soil,31,62.0,23
red soil,32,59.0,24
red soil,33,56.0,25
red soil,34,53.0,26
red soil,35,50.0,27
red soil,36,47.0,28
red soil,37,44.0,29
red soil,38,41.0,30
red soil,39,38.0,31
red soil,40,35.0,32
red soil,41,32.0,33
red soil,42,29.0,34
red soil,43,26.0,35
red soil,44,23.0,36
red soil,45,20.0,37
red soil,46,17.0,38
red soil,25,80.0,39
red soil,26,77.5,40
red soil,27,75.0,41
red soil,28,72.5,42
red soil,29,70.0,43
red soil,30,67.5,44
red soil,31,65.0,45
red soil,32,62.5,46
red soil,33,60.0,47
red soil,34,57.5,48
red soil,35,55.0,49
red soil,36,52.5,50
red soil,37,50.0,51
red soil,38,47.5,52
red soil,39,45.0,53
red soil,40,42.5,54
red soil,41,40.0,55
red soil,42,37.5,56
red soil,43,35.0,57
red soil,44,32.5,58
red soil,45,30.0,59
red soil,46,27.5,60
red soil,25,80.0,61
red soil,26,77.3,62
red soil,27,74.6,63
red soil,28,71.9,64
red soil,29,69.2,65
red soil,30,66.5,66
red soil,31,63.8,67
red soil,32,61.1,68
red soil,33,58.4,69
red soil,34,55.7,70
red soil,35,53.0,71
red soil,36,50.3,72
red soil,37,47.6,73
red soil,38,44.9,74
red soil,39,42.2,75
red soil,40,39.5,76
red soil,41,36.8,77
red soil,42,34.1,78
red soil,43,31.4,79
red soil,44,28.7,80
red soil,45,26.0,81
red soil,46,23.3,82
red soil,25,80.0,83
red soil,26,77.0,84
red soil,27,74.0,85
red soil,28,71.0,86
red soil,29,68.0,87
red soil,30,65.0,88
red soil,31,62.0,89
red soil,32,59.0,90
red soil,33,56.0,91
red soil,34,53.0,92
red soil,35,50.0,93
red soil,36,47.0,94
red soil,37,44.0,95
red soil,38,41.0,96
red soil,39,38.0,97
red soil,40,35.0,98
red soil,41,32.0,99
red soil,42,29.0,100
red soil,43,26.0,1
red soil,44,23.0,2
red soil,45,20.0,3
red soil,46,17.0,4
red soil,25,80.0,5
red soil,26,77.5,6
red soil,27,75.0,7
red soil,28,72.5,8
red soil,29,70.0,9
red soil,30,67.5,10
red soil,31,65.0,11
red soil,32,62.5,12
red soil,33,60.0,13
red soil,34,57.5,14
red soil,35,55.0,15
red soil,36,52.5,16
red soil,37,50.0,17
red soil,38,47.5,18
red soil,39,45.0,19
red soil,40,42.5,20
red soil,41,40.0,21
red soil,42,37.5,22
red soil,43,35.0,23
red soil,44,32.5,24
red soil,45,30.0,25
red soil,46,27.5,26
red soil,25,80.0,27
red soil,26,77.3,28
red soil,27,74.6,29
red soil,28,71.9,30
red soil,29,69.2,31
red soil,30,66.5,32
red soil,31,63.8,33
red soil,32,61.1,34
red soil,33,58.4,35
red soil,34,55.7,36
red soil,35,53.0,37
red soil,36,50.3,38
red soil,37,47.6,39
red soil,38,44.9,40
red soil,39,42.2,41
red soil,40,39.5,42
red soil,41,36.8,43
red soil,42,34.1,44
red soil,43,31.4,45
red soil,44,28.7,46
red soil,45,26.0,47
red soil,46,23.3,48
red soil,25,80.0,49
red soil,26,78.0,50
red soil,27,76.0,51
red soil,28,74.0,52
red soil,29,72.0,53
red soil,30,70.0,54
red soil,31,68.0,55
red soil,32,66.0,56
red soil,33,64.0,57
red soil,34,62.0,58
red soil,35,60.0,59
red soil,36,58.0,60
red soil,37,56.0,61
red soil,38,54.0,62
red soil,39,52.0,63
red soil,40,50.0,64
red soil,41,48.0,65
red soil,42,46.0,66
red soil,43,44.0,67
red soil,44,42.0,68
red soil,45,40.0,69
red soil,46,38.0,70
red soil,25,80.0,71
red soil,26,78.0,72
red soil,27,76.0,73
red soil,28,74.0,74
red soil,29,72.0,75
red soil,30,70.0,76
red soil,31,68.0,77
red soil,32,66.0,78
red soil,33,64.0,79
red soil,34,62.0,80
red soil,35,60.0,81
red soil,36,58.0,82
red soil,37,56.0,83
red soil,38,54.0,84
red soil,39,52.0,85
red soil,40,50.0,86
red soil,41,48.0,87
red soil,42,46.0,88
red soil,43,44.0,89
red soil,44,42.0,90
red soil,45,40.0,91
red soil,46,38.0,92
red soil,25,80.0,93
red soil,26,77.0,94
red soil,27,74.0,95
red soil,28,71.0,96
red soil,29,68.0,97
red soil,30,65.0,98
red soil,31,62.0,99
red soil,32,59.0,100
red soil,33,56.0,1
red soil,34,53.0,2
red soil,35,50.0,3
red soil,36,47.0,4
red soil,37,44.0,5
red soil,38,41.0,6
red soil,39,38.0,7
red soil,40,35.0,8
red soil,41,32.0,9
red soil,42,29.0,10
red soil,43,26.0,11
red soil,44,23.0,12
red soil,45,20.0,13
red soil,46,17.0,14
red soil,25,80.0,15
red soil,26,77.0,16
red soil,27,74.0,17
red soil,28,71.0,18
red soil,29,68.0,19
red soil,30,65.0,20
red soil,31,62.0,21
red soil,32,59.0,22
red soil,33,56.0,23
red soil,34,53.0,24
red soil,35,50.0,25
red soil,36,47.0,26
red soil,37,44.0,27
red soil,38,41.0,28
red soil,39,38.0,29
red soil,40,35.0,30
red soil,41,32.0,31
red soil,42,29.0,32
red soil,43,26.0,33
red soil,44,23.0,34
red soil,45,20.0,35
red soil,46,17.0,36
red soil,25,80.0,37
red soil,26,77.0,38
red soil,27,74.0,39
red soil,28,71.0,40
red soil,29,68.0,41
red soil,30,65.0,42
red soil,31,62.0,43
red soil,32,59.0,44
red soil,33,56.0,45
red soil,34,53.0,46
red soil,35,50.0,47
red soil,36,47.0,48
red soil,37,44.0,49
red soil,38,41.0,50
red soil,39,38.0,51
red soil,40,35.0,52
red soil,41,32.0,53
red soil,42,29.0,54
red soil,43,26.0,55
red soil,44,23.0,56
red soil,45,20.0,57
red soil,46,17.0,58
red soil,25,80.0,59
red soil,26,77.3,60
red soil,27,74.6,61
red soil,28,71.9,62
red soil,29,69.2,63
red soil,30,66.5,64
red soil,31,63.8,65
red soil,32,61.1,66
red soil,33,58.4,67
red soil,34,55.7,68
red soil,35,53.0,69
red soil,36,50.3,70
red soil,37,47.6,71
red soil,38,44.9,72
red soil,39,42.2,73
red soil,40,39.5,74
red soil,41,36.8,75
red soil,42,34.1,76
red soil,43,31.4,77
red soil,44,28.7,78
red soil,45,26.0,79
red soil,46,23.3,80
red soil,25,80.0,81
red soil,26,77.0,82
red soil,27,74.0,83
red soil,28,71.0,84
red soil,29,68.0,85
red soil,30,65.0,86
red soil,31,62.0,87
red soil,32,59.0,88
red soil,33,56.0,89
red soil,34,53.0,90
red soil,35,50.0,91
red soil,36,47.0,92
red soil,37,44.0,93
red soil,38,41.0,94
red soil,39,38.0,95
red soil,40,35.0,96
red soil,41,32.0,97
red soil,42,29.0,98
red soil,43,26.0,99
red soil,44,23.0,100
red soil,45,20.0,1
red soil,46,17.0,2
red soil,25,80.0,3
red soil,26,77.5,4
red soil,27,75.0,5
red soil,28,72.5,6
red soil,29,70.0,7
red soil,30,67.5,8
red soil,31,65.0,9
red soil,32,62.5,10
red soil,33,60.0,11
red soil,34,57.5,12
red soil,35,55.0,13
red soil,36,52.5,14
red soil,37,50.0,15
red soil,38,47.5,16
red soil,39,45.0,17
red soil,40,42.5,18
red soil,41,40.0,19
red soil,42,37.5,20
red soil,43,35.0,21
red soil,44,32.5,22
red soil,45,30.0,23
red soil,46,27.5,24
red soil,25,80.0,25
red soil,26,77.3,26
red soil,27,74.6,27
red soil,28,71.9,28
red soil,29,69.2,29
red soil,30,66.5,30
red soil,31,63.8,31
red soil,32,61.1,32
red soil,33,58.4,33
red soil,34,55.7,34
red soil,35,53.0,35
red soil,36,50.3,36
red soil,37,47.6,37
red soil,38,44.9,38
red soil,39,42.2,39
red soil,40,39.5,40
red soil,41,36.8,41
red soil,42,34.1,42
red soil,43,31.4,43
red soil,44,28.7,44
red soil,45,26.0,45
red soil,46,23.3,46
red soil,25,80.0,47
red soil,26,77.0,48
red soil,27,74.0,49
red soil,28,71.0,50
red soil,29,68.0,51
red soil,30,65.0,52
red soil,31,62.0,53
red soil,32,59.0,54
red soil,33,56.0,55
red soil,34,53.0,56
red soil,35,50.0,57
red soil,36,47.0,58
red soil,37,44.0,59
red soil,38,41.0,60
red soil,39,38.0,61
red soil,40,35.0,62
red soil,41,32.0,63
red soil,42,29.0,64
red soil,43,26.0,65
red soil,44,23.0,66
red soil,45,20.0,67
red soil,46,17.0,68
red soil,25,80.0,69
red soil,26,77.5,70
red soil,27,75.0,71
red soil,28,72.5,72
red soil,29,70.0,73
red soil,30,67.5,74
red soil,31,65.0,75
red soil,32,62.5,76
red soil,33,60.0,77
red soil,34,57.5,78
red soil,35,55.0,79
red soil,36,52.5,80
red soil,37,50.0,81
red soil,38,47.5,82
red soil,39,45.0,83
red soil,40,42.5,84
red soil,41,40.0,85
red soil,42,37.5,86
red soil,43,35.0,87
red soil,44,32.5,88
red soil,45,30.0,89
red soil,46,27.5,90
red soil,25,80.0,91
red soil,26,77.3,92
red soil,27,74.6,93
red soil,28,71.9,94
red soil,29,69.2,95
red soil,30,66.5,96
red soil,31,63.8,97
red soil,32,61.1,98
red soil,33,58.4,99
red soil,34,55.7,100
clay soil,35,53.0,1
clay soil,36,50.3,2
clay soil,37,47.6,3
clay soil,38,44.9,4
clay soil,39,42.2,5
clay soil,40,39.5,6
clay soil,41,36.8,7
clay soil,42,34.1,8
clay soil,43,31.4,9
clay soil,44,28.7,10
clay soil,45,26.0,11
clay soil,46,23.3,12
clay soil,25,80.0,13
clay soil,26,78.0,14
clay soil,27,76.0,15
clay soil,28,74.0,16
clay soil,29,72.0,17
clay soil,30,70.0,18
clay soil,31,68.0,19
clay soil,32,66.0,20
clay soil,33,64.0,21
clay soil,34,62.0,22
clay soil,35,60.0,23
clay soil,36,58.0,24
clay soil,37,56.0,25
clay soil,38,54.0,26
clay soil,39,52.0,27
clay soil,40,50.0,28
clay soil,41,48.0,29
clay soil,42,46.0,30
clay soil,43,44.0,31
clay soil,44,42.0,32
clay soil,45,40.0,33
clay soil,46,38.0,34
clay soil,25,80.0,35
clay soil,26,78.0,36
clay soil,27,76.0,37
clay soil,28,74.0,38
clay soil,29,72.0,39
clay soil,30,70.0,40
clay soil,31,68.0,41
clay soil,32,66.0,42
clay soil,33,64.0,43
clay soil,34,62.0,44
clay soil,35,60.0,45
clay soil,36,58.0,46
clay soil,37,56.0,47
clay soil,38,54.0,48
clay soil,39,52.0,49
clay soil,40,50.0,50
clay soil,41,48.0,51
clay soil,42,46.0,52
clay soil,43,44.0,53
clay soil,44,42.0,54
clay soil,45,40.0,55
clay soil,46,38.0,56
clay soil,25,80.0,57
clay soil,26,77.0,58
clay soil,27,74.0,59
clay soil,28,71.0,60
clay soil,29,68.0,61
clay soil,30,65.0,62
clay soil,31,62.0,63
clay soil,32,59.0,64
clay soil,33,56.0,65
clay soil,34,53.0,66
clay soil,35,50.0,67
clay soil,36,47.0,68
clay soil,37,44.0,69
clay soil,38,41.0,70
clay soil,39,38.0,71
clay soil,40,35.0,72
clay soil,41,32.0,73
clay soil,42,29.0,74
clay soil,43,26.0,75
clay soil,44,23.0,76
clay soil,45,20.0,77
clay soil,46,17.0,78
clay soil,25,80.0,79
clay soil,26,77.0,80
clay soil,27,74.0,81
clay soil,28,71.0,82
clay soil,29,68.0,83
clay soil,30,65.0,84
clay soil,31,62.0,85
clay soil,32,59.0,86
clay soil,33,56.0,87
clay soil,34,53.0,88
clay soil,35,50.0,89
clay soil,36,47.0,90
clay soil,37,44.0,91
clay soil,38,41.0,92
clay soil,39,38.0,93
clay soil,40,35.0,94
clay soil,41,32.0,95
clay soil,42,29.0,96
clay soil,43,26.0,97
clay soil,44,23.0,98
clay soil,45,20.0,99
clay soil,46,17.0,100
clay soil,25,80.0,1
clay soil,26,77.0,2
clay soil,27,74.0,3
clay soil,28,71.0,4
clay soil,29,68.0,5
clay soil,30,65.0,6
clay soil,31,62.0,7
clay soil,32,59.0,8
clay soil,33,56.0,9
clay soil,34,53.0,10
clay soil,35,50.0,11
clay soil,36,47.0,12
clay soil,37,44.0,13
clay soil,38,41.0,14
clay soil,39,38.0,15
clay soil,40,35.0,16
clay soil,41,32.0,17
clay soil,42,29.0,18
clay soil,43,26.0,19
clay soil,44,23.0,20
clay soil,45,20.0,21
clay soil,46,17.0,22
clay soil,25,80.0,23
clay soil,26,77.3,24
clay soil,27,74.6,25
clay soil,28,71.9,26
clay soil,29,69.2,27
clay soil,30,66.5,28
clay soil,31,63.8,29
clay soil,32,61.1,30
clay soil,33,58.4,31
clay soil,34,55.7,32
clay soil,35,53.0,33
clay soil,36,50.3,34
clay soil,37,47.6,35
clay soil,38,44.9,36
clay soil,39,42.2,37
clay soil,40,39.5,38
clay soil,41,36.8,39
clay soil,42,34.1,40
clay soil,43,31.4,41
clay soil,44,28.7,42
clay soil,45,26.0,43
clay soil,46,23.3,44
clay soil,25,80.0,45
clay soil,26,77.0,46
clay soil,27,74.0,47
clay soil,28,71.0,48
clay soil,29,68.0,49
clay soil,30,65.0,50
clay soil,31,62.0,51
clay soil,32,59.0,52
clay soil,33,56.0,53
clay soil,34,53.0,54
clay soil,35,50.0,55
clay soil,36,47.0,56
clay soil,37,44.0,57
clay soil,38,41.0,58
clay soil,39,38.0,59
clay soil,40,35.0,60
clay soil,41,32.0,61
clay soil,42,29.0,62
clay soil,43,26.0,63
clay soil,44,23.0,64
clay soil,45,20.0,65
clay soil,46,17.0,66
clay soil,25,80.0,67
clay soil,26,77.5,68
clay soil,27,75.0,69
clay soil,28,72.5,70
clay soil,29,70.0,71
clay soil,30,67.5,72
clay soil,31,65.0,73
clay soil,32,62.5,74
clay soil,33,60.0,75
clay soil,34,57.5,76
clay soil,35,55.0,77
clay soil,36,52.5,78
clay soil,37,50.0,79
clay soil,38,47.5,80
clay soil,39,45.0,81
clay soil,40,42.5,82
clay soil,41,40.0,83
clay soil,42,37.5,84
clay soil,43,35.0,85
clay soil,44,32.5,86
clay soil,45,30.0,87
clay soil,46,27.5,88
clay soil,25,80.0,89
clay soil,26,77.3,90
clay soil,27,74.6,91
clay soil,28,71.9,92
clay soil,29,69.2,93
clay soil,30,66.5,94
clay soil,31,63.8,95
clay soil,32,61.1,96
clay soil,33,58.4,97
clay soil,34,55.7,98
clay soil,35,53.0,99
clay soil,36,50.3,100
clay soil,37,47.6,1
clay soil,38,44.9,2
clay soil,39,42.2,3
clay soil,40,39.5,4
clay soil,41,36.8,5
clay soil,42,34.1,6
clay soil,43,31.4,7
clay soil,44,28.7,8
clay soil,45,26.0,9
clay soil,46,23.3,10
clay soil,25,80.0,11
clay soil,26,77.0,12
clay soil,27,74.0,13
clay soil,28,71.0,14
clay soil,29,68.0,15
clay soil,30,65.0,16
clay soil,31,62.0,17
clay soil,32,59.0,18
clay soil,33,56.0,19
clay soil,34,53.0,20
clay soil,35,50.0,21
clay soil,36,47.0,22
clay soil,37,44.0,23
clay soil,38,41.0,24
clay soil,39,38.0,25
clay soil,40,35.0,26
clay soil,41,32.0,27
clay soil,42,29.0,28
clay soil,43,26.0,29
clay soil,44,23.0,30
clay soil,45,20.0,31
clay soil,46,17.0,32
clay soil,25,80.0,33
clay soil,26,77.5,34
clay soil,27,75.0,35
clay soil,28,72.5,36
clay soil,29,70.0,37
clay soil,30,67.5,38
clay soil,31,65.0,39
clay soil,32,62.5,40
clay soil,33,60.0,41
clay soil,34,57.5,42
clay soil,35,55.0,43
clay soil,36,52.5,44
clay soil,37,50.0,45
clay soil,38,47.5,46
clay soil,39,45.0,47
clay soil,40,42.5,48
clay soil,41,40.0,49
clay soil,42,37.5,50
clay soil,43,35.0,51
clay soil,44,32.5,52
clay soil,45,30.0,53
clay soil,46,27.5,54
clay soil,25,80.0,55
clay soil,26,77.3,56
clay soil,27,74.6,57
clay soil,28,71.9,58
clay soil,29,69.2,59
clay soil,30,66.5,60
clay soil,31,63.8,61
clay soil,32,61.1,62
clay soil,33,58.4,63
clay soil,34,55.7,64
clay soil,35,53.0,65
clay soil,36,50.3,66
clay soil,37,47.6,67
clay soil,38,44.9,68
clay soil,39,42.2,69
clay soil,40,39.5,70
clay soil,41,36.8,71
clay soil,42,34.1,72
clay soil,43,31.4,73
clay soil,44,28.7,74
clay soil,45,26.0,75
clay soil,46,23.3,76
clay soil,25,80.0,77
clay soil,26,78.0,78
clay soil,27,76.0,79
clay soil,28,74.0,80
clay soil,29,72.0,81
clay soil,30,70.0,82
clay soil,31,68.0,83
clay soil,32,66.0,84
clay soil,33,64.0,85
clay soil,34,62.0,86
clay soil,35,60.0,87
clay soil,36,58.0,88
clay soil,37,56.0,89
clay soil,38,54.0,90
clay soil,39,52.0,91
clay soil,40,50.0,92
clay soil,41,48.0,93
clay soil,42,46.0,94
clay soil,43,44.0,95
clay soil,44,42.0,96
clay soil,45,40.0,97
clay soil,46,38.0,98
clay soil,25,80.0,99
clay soil,26,78.0,100
clay soil,27,76.0,1
clay soil,28,74.0,2
clay soil,29,72.0,3
clay soil,30,70.0,4
clay soil,31,68.0,5
clay soil,32,66.0,6
clay soil,33,64.0,7
clay soil,34,62.0,8
clay soil,35,60.0,9
clay soil,36,58.0,10
clay soil,37,56.0,11
clay soil,38,54.0,12
clay soil,39,52.0,13
clay soil,40,50.0,14
clay soil,41,48.0,15
clay soil,42,46.0,16
clay soil,43,44.0,17
clay soil,44,42.0,18
clay soil,45,40.0,19
clay soil,46,38.0,20
clay soil,25,80.0,21
clay soil,26,77.0,22
clay soil,27,74.0,23
clay soil,28,71.0,24
clay soil,29,68.0,25
clay soil,30,65.0,26
clay soil,31,62.0,27
clay soil,32,59.0,28
clay soil,33,56.0,29
clay soil,34,53.0,30
clay soil,35,50.0,31
clay soil,36,47.0,32
clay soil,37,44.0,33
clay soil,38,41.0,34
clay soil,39,38.0,35
clay soil,40,35.0,36
clay soil,41,32.0,37
clay soil,42,29.0,38
clay soil,43,26.0,39
clay soil,44,23.0,40
clay soil,45,20.0,41
clay soil,46,17.0,42
clay soil,25,80.0,43
clay soil,26,77.0,44
clay soil,27,74.0,45
clay soil,28,71.0,46
clay soil,29,68.0,47
clay soil,30,65.0,48
clay soil,31,62.0,49
clay soil,32,59.0,50
clay soil,33,56.0,51
clay soil,34,53.0,52
clay soil,35,50.0,53
clay soil,36,47.0,54
clay soil,37,44.0,55
clay soil,38,41.0,56
clay soil,39,38.0,57
clay soil,40,35.0,58
clay soil,41,32.0,59
clay soil,42,29.0,60
clay soil,43,26.0,61
clay soil,44,23.0,62
clay soil,45,20.0,63
clay soil,46,17.0,64
clay soil,25,80.0,65
clay soil,26,77.0,66
clay soil,27,74.0,67
clay soil,28,71.0,68
clay soil,29,68.0,69
clay soil,30,65.0,70
clay soil,31,62.0,71
clay soil,32,59.0,72
clay soil,33,56.0,73
clay soil,34,53.0,74
clay soil,35,50.0,75
clay soil,36,47.0,76
clay soil,37,44.0,77
clay soil,38,41.0,78
clay soil,39,38.0,79
clay soil,40,35.0,80
clay soil,41,32.0,81
clay soil,42,29.0,82
clay soil,43,26.0,83
clay soil,44,23.0,84
clay soil,45,20.0,85
clay soil,46,17.0,86
clay soil,25,80.0,87
clay soil,26,77.3,88
clay soil,27,74.6,89
clay soil,28,71.9,90
clay soil,29,69.2,91
clay soil,30,66.5,92
clay soil,31,63.8,93
clay soil,32,61.1,94
clay soil,33,58.4,95
clay soil,34,55.7,96
clay soil,35,53.0,97
clay soil,36,50.3,98
clay soil,37,47.6,99
clay soil,38,44.9,100
clay soil,39,42.2,1
clay soil,40,39.5,2
clay soil,41,36.8,3
clay soil,42,34.1,4
clay soil,43,31.4,5
clay soil,44,28.7,6
clay soil,45,26.0,7
clay soil,46,23.3,8
clay soil,25,80.0,9
clay soil,26,77.0,10
clay soil,27,74.0,11
clay soil,28,71.0,12
clay soil,29,68.0,13
clay soil,30,65.0,14
clay soil,31,62.0,15
clay soil,32,59.0,16
clay soil,33,56.0,17
clay soil,34,53.0,18
clay soil,35,50.0,19
clay soil,36,47.0,20
clay soil,37,44.0,21
clay soil,38,41.0,22
clay soil,39,38.0,23
clay soil,40,35.0,24
clay soil,41,32.0,25
clay soil,42,29.0,26
clay soil,43,26.0,27
clay soil,44,23.0,28
clay soil,45,20.0,29
clay soil,46,17.0,30
clay soil,25,80.0,31
clay soil,26,77.5,32
clay soil,27,75.0,33
clay soil,28,72.5,34
clay soil,29,70.0,35
clay soil,30,67.5,36
clay soil,31,65.0,37
clay soil,32,62.5,38
clay soil,33,60.0,39
clay soil,34,57.5,40
clay soil,35,55.0,41
clay soil,36,52.5,42
clay soil,37,50.0,43
clay soil,38,47.5,44
clay soil,39,45.0,45
clay soil,40,42.5,46
clay soil,41,40.0,47
clay soil,42,37.5,48
clay soil,43,35.0,49
clay soil,44,32.5,50
clay soil,45,30.0,51
clay soil,46,27.5,52
clay soil,25,80.0,53
clay soil,26,77.3,54
clay soil,27,74.6,55
clay soil,28,71.9,56
clay soil,29,69.2,57
clay soil,30,66.5,58
clay soil,31,63.8,59
clay soil,32,61.1,60
clay soil,33,58.4,61
clay soil,34,55.7,62
clay soil,35,53.0,63
clay soil,36,50.3,64
clay soil,37,47.6,65
clay soil,38,44.9,66
clay soil,39,42.2,67
clay soil,40,39.5,68
clay soil,41,36.8,69
clay soil,42,34.1,70
clay soil,43,31.4,71
clay soil,44,28.7,72
clay soil,45,26.0,73
clay soil,46,23.3,74
clay soil,25,80.0,75
clay soil,26,77.0,76
clay soil,27,74.0,77
clay soil,28,71.0,78
clay soil,29,68.0,79
clay soil,30,65.0,80
clay soil,31,62.0,81
clay soil,32,59.0,82
clay soil,33,56.0,83
clay soil,34,53.0,84
clay soil,35,50.0,85
clay soil,36,47.0,86
clay soil,37,44.0,87
clay soil,38,41.0,88
clay soil,39,38.0,89
clay soil,40,35.0,90
clay soil,41,32.0,91
clay soil,42,29.0,92
clay soil,43,26.0,93
clay soil,44,23.0,94
clay soil,45,20.0,95
clay soil,46,17.0,96
clay soil,25,80.0,97
clay soil,26,77.5,98
clay soil,27,75.0,99
clay soil,28,72.5,100
clay soil,29,70.0,1
clay soil,30,67.5,2
clay soil,31,65.0,3
clay soil,32,62.5,4
clay soil,33,60.0,5
clay soil,34,57.5,6
clay soil,35,55.0,7
clay soil,36,52.5,8
clay soil,37,50.0,9
clay soil,38,47.5,10
clay soil,39,45.0,11
clay soil,40,42.5,12
clay soil,41,40.0,13
clay soil,42,37.5,14
clay soil,43,35.0,15
clay soil,44,32.5,16
clay soil,45,30.0,17
clay soil,46,27.5,18
clay soil,25,80.0,19
clay soil,26,77.3,20
clay soil,27,74.6,21
clay soil,28,71.9,22
clay soil,29,69.2,23
clay soil,30,66.5,24
clay soil,31,63.8,25
clay soil,32,61.1,26
clay soil,33,58.4,27
clay soil,34,55.7,28
clay soil,35,53.0,29
clay soil,36,50.3,30
clay soil,37,47.6,31
clay soil,38,44.9,32
clay soil,39,42.2,33
clay soil,40,39.5,34
clay soil,41,36.8,35
clay soil,42,34.1,36
clay soil,43,31.4,37
clay soil,44,28.7,38
clay soil,45,26.0,39
clay soil,46,23.3,40
clay soil,25,80.0,41
clay soil,26,78.0,42
clay soil,27,76.0,43
clay soil,28,74.0,44
clay soil,29,72.0,45
clay soil,30,70.0,46
clay soil,31,68.0,47
clay soil,32,66.0,48
clay soil,33,64.0,49
clay soil,34,62.0,50
clay soil,35,60.0,51
clay soil,36,58.0,52
clay soil,37,56.0,53
clay soil,38,54.0,54
clay soil,39,52.0,55
clay soil,40,50.0,56
clay soil,41,48.0,57
clay soil,42,46.0,58
clay soil,43,44.0,59
clay soil,44,42.0,60
clay soil,45,40.0,61
clay soil,46,38.0,62
clay soil,25,80.0,63
clay soil,26,78.0,64
clay soil,27,76.0,65
clay soil,28,74.0,66
clay soil,29,72.0,67
clay soil,30,70.0,68
clay soil,31,68.0,69
clay soil,32,66.0,70
clay soil,33,64.0,71
clay soil,34,62.0,72
clay soil,35,60.0,73
clay soil,36,58.0,74
clay soil,37,56.0,75
clay soil,38,54.0,76
clay soil,39,52.0,77
clay soil,40,50.0,78
clay soil,41,48.0,79
clay soil,42,46.0,80
clay soil,43,44.0,81
clay soil,44,42.0,82
clay soil,45,40.0,83
clay soil,46,38.0,84
clay soil,25,80.0,85
clay soil,26,77.0,86
clay soil,27,74.0,87
clay soil,28,71.0,88
clay soil,29,68.0,89
clay soil,30,65.0,90
clay soil,31,62.0,91
clay soil,32,59.0,92
clay soil,33,56.0,93
clay soil,34,53.0,94
clay soil,35,50.0,95
clay soil,36,47.0,96
clay soil,37,44.0,97
clay soil,38,41.0,98
clay soil,39,38.0,99
clay soil,40,35.0,100
clay soil,41,32.0,1
clay soil,42,29.0,2
clay soil,43,26.0,3
clay soil,44,23.0,4
clay soil,45,20.0,5
clay soil,46,17.0,6
clay soil,25,80.0,7
clay soil,26,77.0,8
clay soil,27,74.0,9
clay soil,28,71.0,10
clay soil,29,68.0,11
clay soil,30,65.0,12
clay soil,31,62.0,13
clay soil,32,59.0,14
clay soil,33,56.0,15
clay soil,34,53.0,16
clay soil,35,50.0,17
clay soil,36,47.0,18
clay soil,37,44.0,19
clay soil,38,41.0,20
clay soil,39,38.0,21
clay soil,40,35.0,22
clay soil,41,32.0,23
clay soil,42,29.0,24
clay soil,43,26.0,25
clay soil,44,23.0,26
clay soil,45,20.0,27
clay soil,46,17.0,28
clay soil,25,80.0,29
clay soil,26,77.0,30
clay soil,27,74.0,31
clay soil,28,71.0,32
clay soil,29,68.0,33
clay soil,30,65.0,34
clay soil,31,62.0,35
clay soil,32,59.0,36
clay soil,33,56.0,37
clay soil,34,53.0,38
clay soil,35,50.0,39
clay soil,36,47.0,40
clay soil,37,44.0,41
clay soil,38,41.0,42
clay soil,39,38.0,43
clay soil,40,35.0,44
clay soil,41,32.0,45
clay soil,42,29.0,46
clay soil,43,26.0,47
clay soil,44,23.0,48
clay soil,45,20.0,49
clay soil,46,17.0,50
clay soil,25,80.0,51
clay soil,26,77.3,52
clay soil,27,74.6,53
clay soil,28,71.9,54
clay soil,29,69.2,55
clay soil,30,66.5,56
clay soil,31,63.8,57
clay soil,32,61.1,58
clay soil,33,58.4,59
clay soil,34,55.7,60
clay soil,35,53.0,61
clay soil,36,50.3,62
clay soil,37,47.6,63
clay soil,38,44.9,64
clay soil,39,42.2,65
clay soil,40,39.5,66
clay soil,41,36.8,67
clay soil,42,34.1,68
clay soil,43,31.4,69
clay soil,44,28.7,70
clay soil,45,26.0,71
clay soil,46,23.3,72
clay soil,25,80.0,73
clay soil,26,77.0,74
clay soil,27,74.0,75
clay soil,28,71.0,76
clay soil,29,68.0,77
clay soil,30,65.0,78
clay soil,31,62.0,79
clay soil,32,59.0,80
clay soil,33,56.0,81
clay soil,34,53.0,82
clay soil,35,50.0,83
clay soil,36,47.0,84
clay soil,37,44.0,85
clay soil,38,41.0,86
clay soil,39,38.0,87
clay soil,40,35.0,88
clay soil,41,32.0,89
clay soil,42,29.0,90
clay soil,43,26.0,91
clay soil,44,23.0,92
clay soil,45,20.0,93
clay soil,46,17.0,94
clay soil,25,80.0,95
clay soil,26,77.5,96
clay soil,27,75.0,97
clay soil,28,72.5,98
clay soil,29,70.0,99
clay soil,30,67.5,100
clay soil,31,65.0,1
clay soil,32,62.5,2
clay soil,33,60.0,3
clay soil,34,57.5,4
clay soil,35,55.0,5
clay soil,36,52.5,6
clay soil,37,50.0,7
clay soil,38,47.5,8
clay soil,39,45.0,9
clay soil,40,42.5,10
clay soil,41,40.0,11
clay soil,42,37.5,12
clay soil,43,35.0,13
clay soil,44,32.5,14
clay soil,45,30.0,15
clay soil,46,27.5,16
clay soil,25,80.0,17
clay soil,26,77.3,18
clay soil,27,74.6,19
clay soil,28,71.9,20
clay soil,29,69.2,21
clay soil,30,66.5,22
clay soil,31,63.8,23
clay soil,32,61.1,24
clay soil,33,58.4,25
clay soil,34,55.7,26
clay soil,35,53.0,27
clay soil,36,50.3,28
clay soil,37,47.6,29
clay soil,38,44.9,30
clay soil,39,42.2,31
clay soil,40,39.5,32
clay soil,41,36.8,33
clay soil,42,34.1,34
clay soil,43,31.4,35
clay soil,44,28.7,36
clay soil,45,26.0,37
clay soil,46,23.3,38
clay soil,25,80.0,39
clay soil,26,77.0,40
clay soil,27,74.0,41
clay soil,28,71.0,42
clay soil,29,68.0,43
clay soil,30,65.0,44
clay soil,31,62.0,45
clay soil,32,59.0,46
clay soil,33,56.0,47
clay soil,34,53.0,48
clay soil,35,50.0,49
clay soil,36,47.0,50
clay soil,37,44.0,51
clay soil,38,41.0,52
clay soil,39,38.0,53
clay soil,40,35.0,54
clay soil,41,32.0,55
clay soil,42,29.0,56
clay soil,43,26.0,57
clay soil,44,23.0,58
clay soil,45,20.0,59
clay soil,46,17.0,60
clay soil,25,80.0,61
clay soil,26,77.5,62
clay soil,27,75.0,63
clay soil,28,72.5,64
clay soil,29,70.0,65
clay soil,30,67.5,66
clay soil,31,65.0,67
clay soil,32,62.5,68
clay soil,33,60.0,69
clay soil,34,57.5,70
clay soil,35,55.0,71
clay soil,36,52.5,72
clay soil,37,50.0,73
clay soil,38,47.5,74
clay soil,39,45.0,75
clay soil,40,42.5,76
clay soil,41,40.0,77
clay soil,42,37.5,78
clay soil,43,35.0,79
clay soil,44,32.5,80
clay soil,45,30.0,81
clay soil,46,27.5,82
clay soil,25,80.0,83
clay soil,26,77.3,84
clay soil,27,74.6,85
clay soil,28,71.9,86
clay soil,29,69.2,87
clay soil,30,66.5,88
clay soil,31,63.8,89
clay soil,32,61.1,90
clay soil,33,58.4,91
clay soil,34,55.7,92
clay soil,35,53.0,93
clay soil,36,50.3,94
clay soil,37,47.6,95
clay soil,38,44.9,96
clay soil,39,42.2,97
clay soil,40,39.5,98
clay soil,41,36.8,99
clay soil,42,34.1,100
black soil,24,80.0,1
black soil,23,81.0,2
black soil,22,82.0,3
black soil,21,83.0,4
black soil,20,84.0,5
black soil,19,85.0,6
black soil,18,86.0,7
black soil,17,87.0,8
black soil,16,88.0,9
black soil,15,89.0,10
black soil,14,90.0,11
black soil,13,91.0,12
black soil,24,80.0,13
black soil,23,81.0,14
black soil,22,82.0,15
black soil,21,83.0,16
black soil,20,84.0,17
black soil,19,85.0,18
black soil,18,86.0,19
black soil,17,87.0,20
black soil,16,88.0,21
black soil,15,89.0,22
black soil,14,90.0,23
black soil,13,91.0,24
black soil,24,80.0,25
black soil,23,81.0,26
black soil,22,82.0,27
black soil,21,83.0,28
black soil,20,84.0,29
black soil,19,85.0,30
black soil,24,80.0,1
black soil,23,81.0,2
black soil,22,82.0,3
black soil,21,83.0,4
black soil,20,84.0,5
black soil,19,85.0,6
black soil,18,86.0,7
black soil,17,87.0,8
black soil,16,88.0,9
black soil,15,89.0,10
black soil,14,90.0,11
black soil,13,91.0,12
black soil,24,80.0,13
black soil,23,81.0,14
black soil,22,82.0,15
black soil,21,83.0,16
black soil,20,84.0,17
black soil,19,85.0,18
black soil,18,86.0,19
black soil,17,87.0,20
black soil,16,88.0,21
black soil,15,89.0,22
black soil,14,90.0,23
black soil,13,91.0,24
black soil,24,80.0,25
black soil,23,81.0,26
black soil,22,82.0,27
black soil,21,83.0,28
black soil,20,84.0,29
black soil,19,85.0,30
black soil,18,86.0,31
black soil,17,87.0,32
black soil,16,88.0,33
black soil,15,89.0,34
black soil,14,90.0,35
black soil,13,91.0,36
black soil,24,80.0,37
black soil,23,81.0,38
black soil,22,82.0,39
black soil,24,80.0,1
black soil,23,81.0,2
black soil,22,82.0,3
black soil,21,83.0,4
black soil,20,84.0,5
black soil,19,85.0,6
black soil,18,86.0,7
black soil,17,87.0,8
black soil,16,88.0,9
black soil,15,89.0,10
black soil,14,90.0,11
black soil,13,91.0,12
black soil,24,80.0,13
black soil,23,81.0,14
black soil,22,82.0,15
black soil,21,83.0,16
black soil,20,84.0,17
black soil,19,85.0,18
black soil,18,86.0,19
black soil,17,87.0,20
black soil,16,88.0,21
black soil,15,89.0,22
black soil,14,90.0,23
black soil,13,91.0,24
black soil,24,80.0,25
black soil,23,81.0,26
black soil,22,82.0,27
black soil,21,83.0,28
black soil,20,84.0,29
black soil,19,85.0,30
black soil,18,86.0,31
black soil,17,87.0,32
black soil,16,88.0,33
black soil,15,89.0,34
black soil,14,90.0,35
black soil,13,91.0,36
black soil,24,80.0,37
black soil,23,81.0,38
black soil,22,82.0,39
black soil,21,83.0,40
black soil,20,84.0,41
black soil,19,85.0,42
black soil,18,86.0,43
black soil,17,87.0,44
black soil,16,88.0,45
black soil,15,89.0,46
black soil,14,90.0,47
black soil,13,91.0,48
black soil,24,80.0,49
black soil,24,80.0,1
black soil,23,81.0,2
black soil,22,82.0,3
black soil,21,83.0,4
black soil,20,84.0,5
black soil,19,85.0,6
black soil,18,86.0,7
black soil,17,87.0,8
black soil,16,88.0,9
black soil,15,89.0,10
black soil,14,90.0,11
black soil,13,91.0,12
black soil,24,80.0,13
black soil,23,81.0,14
black soil,22,82.0,15
black soil,21,83.0,16
black soil,20,84.0,17
black soil,19,85.0,18
black soil,18,86.0,19
black soil,17,87.0,20
black soil,16,88.0,21
black soil,15,89.0,22
black soil,14,90.0,23
black soil,13,91.0,24
black soil,24,80.0,25
black soil,23,81.0,26
black soil,22,82.0,27
black soil,21,83.0,28
black soil,20,84.0,29
black soil,19,85.0,30
black soil,18,86.0,31
black soil,17,87.0,32
black soil,16,88.0,33
black soil,15,89.0,34
black soil,14,90.0,35
black soil,13,91.0,36
black soil,24,80.0,37
black soil,23,81.0,38
black soil,22,82.0,39
black soil,21,83.0,40
black soil,20,84.0,41
black soil,19,85.0,42
black soil,18,86.0,43
black soil,17,87.0,44
black soil,16,88.0,45
black soil,15,89.0,46
black soil,14,90.0,47
black soil,13,91.0,48
black soil,24,80.0,49
black soil,23,81.0,50
black soil,22,82.0,51
black soil,21,83.0,52
black soil,20,84.0,53
black soil,19,85.0,54
black soil,18,86.0,55
black soil,17,87.0,56
black soil,16,88.0,57
black soil,15,89.0,58
black soil,14,90.0,59
black soil,24,80.0,1
black soil,23,81.0,2
black soil,22,82.0,3
black soil,21,83.0,4
black soil,20,84.0,5
black soil,19,85.0,6
black soil,18,86.0,7
black soil,17,87.0,8
black soil,16,88.0,9
black soil,15,89.0,10
black soil,14,90.0,11
black soil,13,91.0,12
black soil,24,80.0,13
black soil,23,81.0,14
black soil,22,82.0,15
black soil,21,83.0,16
black soil,20,84.0,17
black soil,19,85.0,18
black soil,18,86.0,19
black soil,17,87.0,20
black soil,16,88.0,21
black soil,15,89.0,22
black soil,14,90.0,23
black soil,13,91.0,24
black soil,24,80.0,25
black soil,23,81.0,26
black soil,22,82.0,27
black soil,21,83.0,28
black soil,20,84.0,29
black soil,19,85.0,30
black soil,18,86.0,31
black soil,17,87.0,32
black soil,16,88.0,33
black soil,15,89.0,34
black soil,14,90.0,35
black soil,13,91.0,36
black soil,24,80.0,37
black soil,23,81.0,38
black soil,22,82.0,39
black soil,21,83.0,40
black soil,20,84.0,41
black soil,19,85.0,42
black soil,18,86.0,43
black soil,17,87.0,44
black soil,16,88.0,45
black soil,15,89.0,46
black soil,14,90.0,47
black soil,13,91.0,48
black soil,24,80.0,49
black soil,23,81.0,50
black soil,22,82.0,51
black soil,21,83.0,52
black soil,20,84.0,53
black soil,19,85.0,54
black soil,18,86.0,55
black soil,17,87.0,56
black soil,16,88.0,57
black soil,15,89.0,58
black soil,14,90.0,59
black soil,13,91.0,60
black soil,24,80.0,61
black soil,23,81.0,62
black soil,22,82.0,63
black soil,21,83.0,64
black soil,20,84.0,65
black soil,19,85.0,66
black soil,18,86.0,67
black soil,17,87.0,68
black soil,16,88.0,69
black soil,24,80.0,1
black soil,23,81.0,2
black soil,22,82.0,3
black soil,21,83.0,4
black soil,20,84.0,5
black soil,19,85.0,6
black soil,18,86.0,7
black soil,17,87.0,8
black soil,16,88.0,9
black soil,15,89.0,10
black soil,14,90.0,11
black soil,13,91.0,12
black soil,24,80.0,13
black soil,23,81.0,14
black soil,22,82.0,15
black soil,21,83.0,16
black soil,20,84.0,17
black soil,19,85.0,18
black soil,18,86.0,19
black soil,17,87.0,20
black soil,16,88.0,21
black soil,15,89.0,22
black soil,14,90.0,23
black soil,13,91.0,24
black soil,24,80.0,25
black soil,23,81.0,26
black soil,22,82.0,27
black soil,21,83.0,28
black soil,20,84.0,29
black soil,19,85.0,30
black soil,18,86.0,31
black soil,17,87.0,32
black soil,16,88.0,33
black soil,15,89.0,34
black soil,14,90.0,35
black soil,13,91.0,36
black soil,24,80.0,37
black soil,23,81.0,38
black soil,22,82.0,39
black soil,21,83.0,40
black soil,20,84.0,41
black soil,19,85.0,42
black soil,18,86.0,43
black soil,17,87.0,44
black soil,16,88.0,45
black soil,15,89.0,46
black soil,14,90.0,47
black soil,13,91.0,48
black soil,24,80.0,49
black soil,23,81.0,50
black soil,22,82.0,51
black soil,21,83.0,52
black soil,20,84.0,53
black soil,19,85.0,54
black soil,18,86.0,55
black soil,17,87.0,56
black soil,16,88.0,57
black soil,15,89.0,58
black soil,14,90.0,59
black soil,13,91.0,60
black soil,24,80.0,61
black soil,23,81.0,62
black soil,22,82.0,63
black soil,21,83.0,64
black soil,20,84.0,65
black soil,19,85.0,66
black soil,18,86.0,67
black soil,17,87.0,68
black soil,16,88.0,69
black soil,24,80.0,1
black soil,23,81.0,2
black soil,22,82.0,3
black soil,21,83.0,4
black soil,20,84.0,5
black soil,19,85.0,6
black soil,18,86.0,7
black soil,17,87.0,8
black soil,16,88.0,9
black soil,15,89.0,10
black soil,14,90.0,11
black soil,13,91.0,12
black soil,24,80.0,13
black soil,23,81.0,14
black soil,22,82.0,15
black soil,21,83.0,16
black soil,20,84.0,17
black soil,19,85.0,18
black soil,18,86.0,19
black soil,17,87.0,20
black soil,16,88.0,21
black soil,15,89.0,22
black soil,14,90.0,23
black soil,13,91.0,24
black soil,24,80.0,25
black soil,23,81.0,26
black soil,22,82.0,27
black soil,21,83.0,28
black soil,20,84.0,29
black soil,19,85.0,30
black soil,18,86.0,31
black soil,17,87.0,32
black soil,16,88.0,33
black soil,15,89.0,34
black soil,14,90.0,35
black soil,13,91.0,36
black soil,24,80.0,37
black soil,23,81.0,38
black soil,22,82.0,39
black soil,21,83.0,40
black soil,20,84.0,41
black soil,19,85.0,42
black soil,18,86.0,43
black soil,17,87.0,44
black soil,16,88.0,45
black soil,15,89.0,46
black soil,14,90.0,47
black soil,13,91.0,48
black soil,24,80.0,49
black soil,23,81.0,50
black soil,22,82.0,51
black soil,21,83.0,52
black soil,20,84.0,53
black soil,19,85.0,54
black soil,18,86.0,55
black soil,17,87.0,56
black soil,16,88.0,57
black soil,15,89.0,58
black soil,14,90.0,59
black soil,13,91.0,60
black soil,24,80.0,61
black soil,23,81.0,62
black soil,22,82.0,63
black soil,21,83.0,64
black soil,20,84.0,65
black soil,19,85.0,66
black soil,18,86.0,67
black soil,17,87.0,68
black soil,16,88.0,69
black soil,24,80.0,1
black soil,23,81.0,2
black soil,22,82.0,3
black soil,21,83.0,4
black soil,20,84.0,5
black soil,19,85.0,6
black soil,18,86.0,7
black soil,17,87.0,8
black soil,16,88.0,9
black soil,15,89.0,10
black soil,14,90.0,11
black soil,13,91.0,12
black soil,24,80.0,13
black soil,23,81.0,14
black soil,22,82.0,15
black soil,21,83.0,16
black soil,20,84.0,17
black soil,19,85.0,18
black soil,18,86.0,19
black soil,17,87.0,20
black soil,16,88.0,21
black soil,15,89.0,22
black soil,14,90.0,23
black soil,13,91.0,24
black soil,24,80.0,25
black soil,23,81.0,26
black soil,22,82.0,27
black soil,21,83.0,28
black soil,20,84.0,29
black soil,19,85.0,30
black soil,18,86.0,31
black soil,17,87.0,32
black soil,16,88.0,33
black soil,15,89.0,34
black soil,14,90.0,35
black soil,13,91.0,36
black soil,24,80.0,37
black soil,23,81.0,38
black soil,22,82.0,39
black soil,21,83.0,40
black soil,20,84.0,41
black soil,19,85.0,42
black soil,18,86.0,43
black soil,17,87.0,44
black soil,16,88.0,45
black soil,15,89.0,46
black soil,14,90.0,47
black soil,13,91.0,48
black soil,24,80.0,49
black soil,23,81.0,50
black soil,22,82.0,51
black soil,21,83.0,52
black soil,20,84.0,53
black soil,19,85.0,54
black soil,18,86.0,55
black soil,17,87.0,56
black soil,16,88.0,57
black soil,15,89.0,58
black soil,14,90.0,59
alluvial soil,24,80.0,1
alluvial soil,23,81.0,2
alluvial soil,22,82.0,3
alluvial soil,21,83.0,4
alluvial soil,20,84.0,5
alluvial soil,19,85.0,6
alluvial soil,18,86.0,7
alluvial soil,17,87.0,8
alluvial soil,16,88.0,9
alluvial soil,15,89.0,10
alluvial soil,14,90.0,11
alluvial soil,13,91.0,12
alluvial soil,24,80.0,13
alluvial soil,23,81.0,14
alluvial soil,22,82.0,15
alluvial soil,21,83.0,16
alluvial soil,20,84.0,17
alluvial soil,19,85.0,18
alluvial soil,18,86.0,19
alluvial soil,17,87.0,20
alluvial soil,16,88.0,21
alluvial soil,15,89.0,22
alluvial soil,14,90.0,23
alluvial soil,13,91.0,24
alluvial soil,24,80.0,25
alluvial soil,23,81.0,26
alluvial soil,22,82.0,27
alluvial soil,21,83.0,28
alluvial soil,20,84.0,29
alluvial soil,19,85.0,30
alluvial soil,24,80.0,1
alluvial soil,23,81.0,2
alluvial soil,22,82.0,3
alluvial soil,21,83.0,4
alluvial soil,20,84.0,5
alluvial soil,19,85.0,6
alluvial soil,18,86.0,7
alluvial soil,17,87.0,8
alluvial soil,16,88.0,9
alluvial soil,15,89.0,10
alluvial soil,14,90.0,11
alluvial soil,13,91.0,12
alluvial soil,24,80.0,13
alluvial soil,23,81.0,14
alluvial soil,22,82.0,15
alluvial soil,21,83.0,16
alluvial soil,20,84.0,17
alluvial soil,19,85.0,18
alluvial soil,18,86.0,19
alluvial soil,17,87.0,20
alluvial soil,16,88.0,21
alluvial soil,15,89.0,22
alluvial soil,14,90.0,23
alluvial soil,13,91.0,24
alluvial soil,24,80.0,25
alluvial soil,23,81.0,26
alluvial soil,22,82.0,27
alluvial soil,21,83.0,28
alluvial soil,20,84.0,29
alluvial soil,19,85.0,30
alluvial soil,18,86.0,31
alluvial soil,17,87.0,32
alluvial soil,16,88.0,33
alluvial soil,15,89.0,34
alluvial soil,14,90.0,35
alluvial soil,13,91.0,36
alluvial soil,24,80.0,37
alluvial soil,23,81.0,38
alluvial soil,22,82.0,39
alluvial soil,24,80.0,1
alluvial soil,23,81.0,2
alluvial soil,22,82.0,3
alluvial soil,21,83.0,4
alluvial soil,20,84.0,5
alluvial soil,19,85.0,6
alluvial soil,18,86.0,7
alluvial soil,17,87.0,8
alluvial soil,16,88.0,9
alluvial soil,15,89.0,10
alluvial soil,14,90.0,11
alluvial soil,13,91.0,12
alluvial soil,24,80.0,13
alluvial soil,23,81.0,14
alluvial soil,22,82.0,15
alluvial soil,21,83.0,16
alluvial soil,20,84.0,17
alluvial soil,19,85.0,18
alluvial soil,18,86.0,19
alluvial soil,17,87.0,20
alluvial soil,16,88.0,21
alluvial soil,15,89.0,22
alluvial soil,14,90.0,23
alluvial soil,13,91.0,24
alluvial soil,24,80.0,25
alluvial soil,23,81.0,26
alluvial soil,22,82.0,27
alluvial soil,21,83.0,28
alluvial soil,20,84.0,29
alluvial soil,19,85.0,30
alluvial soil,18,86.0,31
alluvial soil,17,87.0,32
alluvial soil,16,88.0,33
alluvial soil,15,89.0,34
alluvial soil,14,90.0,35
alluvial soil,13,91.0,36
alluvial soil,24,80.0,37
alluvial soil,23,81.0,38
alluvial soil,22,82.0,39
alluvial soil,21,83.0,40
alluvial soil,20,84.0,41
alluvial soil,19,85.0,42
alluvial soil,18,86.0,43
alluvial soil,17,87.0,44
alluvial soil,16,88.0,45
alluvial soil,15,89.0,46
alluvial soil,14,90.0,47
alluvial soil,13,91.0,48
alluvial soil,24,80.0,49
alluvial soil,24,80.0,1
alluvial soil,23,81.0,2
alluvial soil,22,82.0,3
alluvial soil,21,83.0,4
alluvial soil,20,84.0,5
alluvial soil,19,85.0,6
alluvial soil,18,86.0,7
alluvial soil,17,87.0,8
alluvial soil,16,88.0,9
alluvial soil,15,89.0,10
alluvial soil,14,90.0,11
alluvial soil,13,91.0,12
alluvial soil,24,80.0,13
alluvial soil,23,81.0,14
alluvial soil,22,82.0,15
alluvial soil,21,83.0,16
alluvial soil,20,84.0,17
alluvial soil,19,85.0,18
alluvial soil,18,86.0,19
alluvial soil,17,87.0,20
alluvial soil,16,88.0,21
alluvial soil,15,89.0,22
alluvial soil,14,90.0,23
alluvial soil,13,91.0,24
alluvial soil,24,80.0,25
alluvial soil,23,81.0,26
alluvial soil,22,82.0,27
alluvial soil,21,83.0,28
alluvial soil,20,84.0,29
alluvial soil,19,85.0,30
alluvial soil,18,86.0,31
alluvial soil,17,87.0,32
alluvial soil,16,88.0,33
alluvial soil,15,89.0,34
alluvial soil,14,90.0,35
alluvial soil,13,91.0,36
alluvial soil,24,80.0,37
alluvial soil,23,81.0,38
alluvial soil,22,82.0,39
alluvial soil,21,83.0,40
alluvial soil,20,84.0,41
alluvial soil,19,85.0,42
alluvial soil,18,86.0,43
alluvial soil,17,87.0,44
alluvial soil,16,88.0,45
alluvial soil,15,89.0,46
alluvial soil,14,90.0,47
alluvial soil,13,91.0,48
alluvial soil,24,80.0,49
alluvial soil,23,81.0,50
alluvial soil,22,82.0,51
alluvial soil,21,83.0,52
alluvial soil,20,84.0,53
alluvial soil,19,85.0,54
alluvial soil,18,86.0,55
alluvial soil,17,87.0,56
alluvial soil,16,88.0,57
alluvial soil,15,89.0,58
alluvial soil,14,90.0,59
alluvial soil,18,86.0,1
alluvial soil,17,87.0,2
alluvial soil,16,88.0,3
alluvial soil,15,89.0,4
alluvial soil,14,90.0,5
alluvial soil,13,91.0,6
alluvial soil,24,80.0,7
alluvial soil,23,81.0,8
alluvial soil,22,82.0,9
alluvial soil,21,83.0,10
alluvial soil,20,84.0,11
alluvial soil,19,85.0,12
alluvial soil,18,86.0,13
alluvial soil,17,87.0,14
alluvial soil,16,88.0,15
alluvial soil,15,89.0,16
alluvial soil,14,90.0,17
alluvial soil,13,91.0,18
alluvial soil,24,80.0,19
alluvial soil,23,81.0,20
alluvial soil,22,82.0,21
alluvial soil,21,83.0,22
alluvial soil,20,84.0,23
alluvial soil,19,85.0,24
alluvial soil,18,86.0,25
alluvial soil,17,87.0,26
alluvial soil,16,88.0,27
alluvial soil,15,89.0,28
alluvial soil,14,90.0,29
alluvial soil,13,91.0,30
alluvial soil,24,80.0,31
alluvial soil,23,81.0,32
alluvial soil,22,82.0,33
alluvial soil,21,83.0,34
alluvial soil,20,84.0,35
alluvial soil,19,85.0,36
alluvial soil,18,86.0,37
alluvial soil,17,87.0,38
alluvial soil,16,88.0,39
alluvial soil,15,89.0,40
alluvial soil,14,90.0,41
alluvial soil,24,80.0,42
alluvial soil,23,81.0,43
alluvial soil,22,82.0,44
alluvial soil,21,83.0,45
alluvial soil,20,84.0,46
alluvial soil,19,85.0,47
alluvial soil,18,86.0,48
alluvial soil,17,87.0,49
alluvial soil,16,88.0,50
alluvial soil,15,89.0,51
alluvial soil,14,90.0,52
alluvial soil,13,91.0,53
alluvial soil,24,80.0,54
alluvial soil,23,81.0,55
alluvial soil,22,82.0,56
alluvial soil,21,83.0,57
alluvial soil,20,84.0,58
alluvial soil,19,85.0,59
alluvial soil,18,86.0,60
alluvial soil,17,87.0,61
alluvial soil,16,88.0,62
alluvial soil,15,89.0,63
alluvial soil,14,90.0,64
alluvial soil,13,91.0,65
alluvial soil,24,80.0,66
alluvial soil,23,81.0,67
alluvial soil,22,82.0,68
alluvial soil,21,83.0,69
alluvial soil,18,86.0,1
alluvial soil,17,87.0,2
alluvial soil,16,88.0,3
alluvial soil,15,89.0,4
alluvial soil,14,90.0,5
alluvial soil,13,91.0,6
alluvial soil,24,80.0,7
alluvial soil,23,81.0,8
alluvial soil,22,82.0,9
alluvial soil,21,83.0,10
alluvial soil,20,84.0,11
alluvial soil,19,85.0,12
alluvial soil,18,86.0,13
alluvial soil,17,87.0,14
alluvial soil,16,88.0,15
alluvial soil,15,89.0,16
alluvial soil,14,90.0,17
alluvial soil,13,91.0,18
alluvial soil,24,80.0,19
alluvial soil,23,81.0,20
alluvial soil,22,82.0,21
alluvial soil,21,83.0,22
alluvial soil,20,84.0,23
alluvial soil,19,85.0,24
alluvial soil,18,86.0,25
alluvial soil,17,87.0,26
alluvial soil,16,88.0,27
alluvial soil,15,89.0,28
alluvial soil,14,90.0,29
alluvial soil,13,91.0,30
alluvial soil,24,80.0,31
alluvial soil,23,81.0,32
alluvial soil,22,82.0,33
alluvial soil,21,83.0,34
alluvial soil,20,84.0,35
alluvial soil,19,85.0,36
alluvial soil,18,86.0,37
alluvial soil,17,87.0,38
alluvial soil,16,88.0,39
alluvial soil,15,89.0,40
alluvial soil,14,90.0,41
alluvial soil,24,80.0,42
alluvial soil,23,81.0,43
alluvial soil,22,82.0,44
alluvial soil,21,83.0,45
alluvial soil,20,84.0,46
alluvial soil,19,85.0,47
alluvial soil,18,86.0,48
alluvial soil,17,87.0,49
alluvial soil,16,88.0,50
alluvial soil,15,89.0,51
alluvial soil,14,90.0,52
alluvial soil,13,91.0,53
alluvial soil,24,80.0,54
alluvial soil,23,81.0,55
alluvial soil,22,82.0,56
alluvial soil,21,83.0,57
alluvial soil,20,84.0,58
alluvial soil,19,85.0,59
alluvial soil,18,86.0,60
alluvial soil,17,87.0,61
alluvial soil,16,88.0,62
alluvial soil,15,89.0,63
alluvial soil,14,90.0,64
alluvial soil,13,91.0,65
alluvial soil,24,80.0,66
alluvial soil,23,81.0,67
alluvial soil,22,82.0,68
alluvial soil,21,83.0,69
alluvial soil,18,86.0,1
alluvial soil,17,87.0,2
alluvial soil,16,88.0,3
alluvial soil,15,89.0,4
alluvial soil,14,90.0,5
alluvial soil,13,91.0,6
alluvial soil,24,80.0,7
alluvial soil,23,81.0,8
alluvial soil,22,82.0,9
alluvial soil,21,83.0,10
alluvial soil,20,84.0,11
alluvial soil,19,85.0,12
alluvial soil,18,86.0,13
alluvial soil,17,87.0,14
alluvial soil,16,88.0,15
alluvial soil,15,89.0,16
alluvial soil,14,90.0,17
alluvial soil,13,91.0,18
alluvial soil,24,80.0,19
alluvial soil,23,81.0,20
alluvial soil,22,82.0,21
alluvial soil,21,83.0,22
alluvial soil,20,84.0,23
alluvial soil,19,85.0,24
alluvial soil,18,86.0,25
alluvial soil,17,87.0,26
alluvial soil,16,88.0,27
alluvial soil,15,89.0,28
alluvial soil,14,90.0,29
alluvial soil,13,91.0,30
alluvial soil,24,80.0,31
alluvial soil,23,81.0,32
alluvial soil,22,82.0,33
alluvial soil,21,83.0,34
alluvial soil,20,84.0,35
alluvial soil,19,85.0,36
alluvial soil,18,86.0,37
alluvial soil,17,87.0,38
alluvial soil,16,88.0,39
alluvial soil,15,89.0,40
alluvial soil,14,90.0,41
alluvial soil,24,80.0,42
alluvial soil,23,81.0,43
alluvial soil,22,82.0,44
alluvial soil,21,83.0,45
alluvial soil,20,84.0,46
alluvial soil,19,85.0,47
alluvial soil,18,86.0,48
alluvial soil,17,87.0,49
alluvial soil,16,88.0,50
alluvial soil,15,89.0,51
alluvial soil,14,90.0,52
alluvial soil,13,91.0,53
alluvial soil,24,80.0,54
alluvial soil,23,81.0,55
alluvial soil,22,82.0,56
alluvial soil,21,83.0,57
alluvial soil,20,84.0,58
alluvial soil,19,85.0,59
alluvial soil,18,86.0,60
alluvial soil,17,87.0,61
alluvial soil,16,88.0,62
alluvial soil,15,89.0,63
alluvial soil,14,90.0,64
alluvial soil,13,91.0,65
alluvial soil,24,80.0,66
alluvial soil,23,81.0,67
alluvial soil,22,82.0,68
alluvial soil,21,83.0,69
alluvial soil,18,86.0,1
alluvial soil,17,87.0,2
alluvial soil,16,88.0,3
alluvial soil,15,89.0,4
alluvial soil,14,90.0,5
alluvial soil,13,91.0,6
alluvial soil,24,80.0,7
alluvial soil,23,81.0,8
alluvial soil,22,82.0,9
alluvial soil,21,83.0,10
alluvial soil,20,84.0,11
alluvial soil,19,85.0,12
alluvial soil,18,86.0,13
alluvial soil,17,87.0,14
alluvial soil,16,88.0,15
alluvial soil,15,89.0,16
alluvial soil,14,90.0,17
alluvial soil,13,91.0,18
alluvial soil,24,80.0,19
alluvial soil,23,81.0,20
alluvial soil,22,82.0,21
alluvial soil,21,83.0,22
alluvial soil,20,84.0,23
alluvial soil,19,85.0,24
alluvial soil,18,86.0,25
alluvial soil,17,87.0,26
alluvial soil,16,88.0,27
alluvial soil,15,89.0,28
alluvial soil,14,90.0,29
alluvial soil,13,91.0,30
alluvial soil,24,80.0,31
alluvial soil,23,81.0,32
alluvial soil,22,82.0,33
alluvial soil,21,83.0,34
alluvial soil,20,84.0,35
alluvial soil,19,85.0,36
alluvial soil,18,86.0,37
alluvial soil,17,87.0,38
alluvial soil,16,88.0,39
alluvial soil,15,89.0,40
alluvial soil,14,90.0,41
alluvial soil,24,80.0,42
alluvial soil,23,81.0,43
alluvial soil,22,82.0,44
alluvial soil,21,83.0,45
alluvial soil,20,84.0,46
alluvial soil,19,85.0,47
alluvial soil,18,86.0,48
alluvial soil,17,87.0,49
alluvial soil,16,88.0,50
alluvial soil,15,89.0,51
alluvial soil,14,90.0,52
alluvial soil,13,91.0,53
alluvial soil,24,80.0,54
alluvial soil,23,81.0,55
alluvial soil,22,82.0,56
alluvial soil,21,83.0,57
alluvial soil,20,84.0,58
alluvial soil,19,85.0,59
sandy soil,24,80.0,1
sandy soil,23,81.0,2
sandy soil,22,82.0,3
sandy soil,21,83.0,4
sandy soil,20,84.0,5
sandy soil,19,85.0,6
sandy soil,18,86.0,7
sandy soil,17,87.0,8
sandy soil,16,88.0,9
sandy soil,15,89.0,10
sandy soil,14,90.0,11
sandy soil,13,91.0,12
sandy soil,24,80.0,13
sandy soil,23,81.0,14
sandy soil,22,82.0,15
sandy soil,21,83.0,16
sandy soil,20,84.0,17
sandy soil,19,85.0,18
sandy soil,18,86.0,19
sandy soil,17,87.0,20
sandy soil,16,88.0,21
sandy soil,15,89.0,22
sandy soil,14,90.0,23
sandy soil,13,91.0,24
sandy soil,24,80.0,25
sandy soil,23,81.0,26
sandy soil,22,82.0,27
sandy soil,21,83.0,28
sandy soil,20,84.0,29
sandy soil,19,85.0,30
sandy soil,24,80.0,1
sandy soil,23,81.0,2
sandy soil,22,82.0,3
sandy soil,21,83.0,4
sandy soil,20,84.0,5
sandy soil,19,85.0,6
sandy soil,18,86.0,7
sandy soil,17,87.0,8
sandy soil,16,88.0,9
sandy soil,15,89.0,10
sandy soil,14,90.0,11
sandy soil,13,91.0,12
sandy soil,24,80.0,13
sandy soil,23,81.0,14
sandy soil,22,82.0,15
sandy soil,21,83.0,16
sandy soil,20,84.0,17
sandy soil,19,85.0,18
sandy soil,18,86.0,19
sandy soil,17,87.0,20
sandy soil,16,88.0,21
sandy soil,15,89.0,22
sandy soil,14,90.0,23
sandy soil,13,91.0,24
sandy soil,24,80.0,25
sandy soil,23,81.0,26
sandy soil,22,82.0,27
sandy soil,21,83.0,28
sandy soil,20,84.0,29
sandy soil,19,85.0,30
sandy soil,18,86.0,31
sandy soil,17,87.0,32
sandy soil,16,88.0,33
sandy soil,15,89.0,34
sandy soil,14,90.0,35
sandy soil,13,91.0,36
sandy soil,24,80.0,37
sandy soil,23,81.0,38
sandy soil,22,82.0,39
sandy soil,24,80.0,1
sandy soil,23,81.0,2
sandy soil,22,82.0,3
sandy soil,21,83.0,4
sandy soil,20,84.0,5
sandy soil,19,85.0,6
sandy soil,18,86.0,7
sandy soil,17,87.0,8
sandy soil,16,88.0,9
sandy soil,15,89.0,10
sandy soil,14,90.0,11
sandy soil,13,91.0,12
sandy soil,24,80.0,13
sandy soil,23,81.0,14
sandy soil,22,82.0,15
sandy soil,21,83.0,16
sandy soil,20,84.0,17
sandy soil,19,85.0,18
sandy soil,18,86.0,19
sandy soil,17,87.0,20
sandy soil,16,88.0,21
sandy soil,15,89.0,22
sandy soil,14,90.0,23
sandy soil,13,91.0,24
sandy soil,24,80.0,25
sandy soil,23,81.0,26
sandy soil,22,82.0,27
sandy soil,21,83.0,28
sandy soil,20,84.0,29
sandy soil,19,85.0,30
sandy soil,18,86.0,31
sandy soil,17,87.0,32
sandy soil,16,88.0,33
sandy soil,15,89.0,34
sandy soil,14,90.0,35
sandy soil,13,91.0,36
sandy soil,24,80.0,37
sandy soil,23,81.0,38
sandy soil,22,82.0,39
sandy soil,21,83.0,40
sandy soil,20,84.0,41
sandy soil,19,85.0,42
sandy soil,18,86.0,43
sandy soil,17,87.0,44
sandy soil,16,88.0,45
sandy soil,15,89.0,46
sandy soil,14,90.0,47
sandy soil,13,91.0,48
sandy soil,24,80.0,49
sandy soil,24,80.0,1
sandy soil,23,81.0,2
sandy soil,22,82.0,3
sandy soil,21,83.0,4
sandy soil,20,84.0,5
sandy soil,19,85.0,6
sandy soil,18,86.0,7
sandy soil,17,87.0,8
sandy soil,16,88.0,9
sandy soil,15,89.0,10
sandy soil,14,90.0,11
sandy soil,13,91.0,12
sandy soil,24,80.0,13
sandy soil,23,81.0,14
sandy soil,22,82.0,15
sandy soil,21,83.0,16
sandy soil,20,84.0,17
sandy soil,19,85.0,18
sandy soil,18,86.0,19
sandy soil,17,87.0,20
sandy soil,16,88.0,21
sandy soil,15,89.0,22
sandy soil,14,90.0,23
sandy soil,13,91.0,24
sandy soil,24,80.0,25
sandy soil,23,81.0,26
sandy soil,22,82.0,27
sandy soil,21,83.0,28
sandy soil,20,84.0,29
sandy soil,19,85.0,30
sandy soil,18,86.0,31
sandy soil,17,87.0,32
sandy soil,16,88.0,33
sandy soil,15,89.0,34
sandy soil,14,90.0,35
sandy soil,13,91.0,36
sandy soil,24,80.0,37
sandy soil,23,81.0,38
sandy soil,22,82.0,39
sandy soil,21,83.0,40
sandy soil,20,84.0,41
sandy soil,19,85.0,42
sandy soil,18,86.0,43
sandy soil,17,87.0,44
sandy soil,16,88.0,45
sandy soil,15,89.0,46
sandy soil,14,90.0,47
sandy soil,13,91.0,48
sandy soil,24,80.0,49
sandy soil,23,81.0,50
sandy soil,22,82.0,51
sandy soil,21,83.0,52
sandy soil,20,84.0,53
sandy soil,19,85.0,54
sandy soil,18,86.0,55
sandy soil,17,87.0,56
sandy soil,16,88.0,57
sandy soil,15,89.0,58
sandy soil,14,90.0,59
sandy soil,18,86.0,1
sandy soil,17,87.0,2
sandy soil,16,88.0,3
sandy soil,15,89.0,4
sandy soil,14,90.0,5
sandy soil,13,91.0,6
sandy soil,24,80.0,7
sandy soil,23,81.0,8
sandy soil,22,82.0,9
sandy soil,21,83.0,10
sandy soil,20,84.0,11
sandy soil,19,85.0,12
sandy soil,18,86.0,13
sandy soil,17,87.0,14
sandy soil,16,88.0,15
sandy soil,15,89.0,16
sandy soil,14,90.0,17
sandy soil,13,91.0,18
sandy soil,24,80.0,19
sandy soil,23,81.0,20
sandy soil,22,82.0,21
sandy soil,21,83.0,22
sandy soil,20,84.0,23
sandy soil,19,85.0,24
sandy soil,18,86.0,25
sandy soil,17,87.0,26
sandy soil,16,88.0,27
sandy soil,15,89.0,28
sandy soil,14,90.0,29
sandy soil,13,91.0,30
sandy soil,24,80.0,31
sandy soil,23,81.0,32
sandy soil,22,82.0,33
sandy soil,21,83.0,34
sandy soil,20,84.0,35
sandy soil,19,85.0,36
sandy soil,18,86.0,37
sandy soil,17,87.0,38
sandy soil,16,88.0,39
sandy soil,15,89.0,40
sandy soil,14,90.0,41
sandy soil,24,80.0,42
sandy soil,23,81.0,43
sandy soil,22,82.0,44
sandy soil,21,83.0,45
sandy soil,20,84.0,46
sandy soil,19,85.0,47
sandy soil,18,86.0,48
sandy soil,17,87.0,49
sandy soil,16,88.0,50
sandy soil,15,89.0,51
sandy soil,14,90.0,52
sandy soil,13,91.0,53
sandy soil,24,80.0,54
sandy soil,23,81.0,55
sandy soil,22,82.0,56
sandy soil,21,83.0,57
sandy soil,20,84.0,58
sandy soil,19,85.0,59
sandy soil,18,86.0,60
sandy soil,17,87.0,61
sandy soil,16,88.0,62
sandy soil,15,89.0,63
sandy soil,14,90.0,64
sandy soil,13,91.0,65
sandy soil,24,80.0,66
sandy soil,23,81.0,67
sandy soil,22,82.0,68
sandy soil,21,83.0,69
sandy soil,18,86.0,1
sandy soil,17,87.0,2
sandy soil,16,88.0,3
sandy soil,15,89.0,4
sandy soil,14,90.0,5
sandy soil,13,91.0,6
sandy soil,24,80.0,7
sandy soil,23,81.0,8
sandy soil,22,82.0,9
sandy soil,21,83.0,10
sandy soil,20,84.0,11
sandy soil,19,85.0,12
sandy soil,18,86.0,13
sandy soil,17,87.0,14
sandy soil,16,88.0,15
sandy soil,15,89.0,16
sandy soil,14,90.0,17
sandy soil,13,91.0,18
sandy soil,24,80.0,19
sandy soil,23,81.0,20
sandy soil,22,82.0,21
sandy soil,21,83.0,22
sandy soil,20,84.0,23
sandy soil,19,85.0,24
sandy soil,18,86.0,25
sandy soil,17,87.0,26
sandy soil,16,88.0,27
sandy soil,15,89.0,28
sandy soil,14,90.0,29
sandy soil,13,91.0,30
sandy soil,24,80.0,31
sandy soil,23,81.0,32
sandy soil,22,82.0,33
sandy soil,21,83.0,34
sandy soil,20,84.0,35
sandy soil,19,85.0,36
sandy soil,18,86.0,37
sandy soil,17,87.0,38
sandy soil,16,88.0,39
sandy soil,15,89.0,40
sandy soil,14,90.0,41
sandy soil,24,80.0,42
sandy soil,23,81.0,43
sandy soil,22,82.0,44
sandy soil,21,83.0,45
sandy soil,20,84.0,46
sandy soil,19,85.0,47
sandy soil,18,86.0,48
sandy soil,17,87.0,49
sandy soil,16,88.0,50
sandy soil,15,89.0,51
sandy soil,14,90.0,52
sandy soil,13,91.0,53
sandy soil,24,80.0,54
sandy soil,23,81.0,55
sandy soil,22,82.0,56
sandy soil,21,83.0,57
sandy soil,20,84.0,58
sandy soil,19,85.0,59
sandy soil,18,86.0,60
sandy soil,17,87.0,61
sandy soil,16,88.0,62
sandy soil,15,89.0,63
sandy soil,14,90.0,64
sandy soil,13,91.0,65
sandy soil,24,80.0,66
sandy soil,23,81.0,67
sandy soil,22,82.0,68
sandy soil,21,83.0,69
sandy soil,18,86.0,1
sandy soil,17,87.0,2
sandy soil,16,88.0,3
sandy soil,15,89.0,4
sandy soil,14,90.0,5
sandy soil,13,91.0,6
sandy soil,24,80.0,7
sandy soil,23,81.0,8
sandy soil,22,82.0,9
sandy soil,21,83.0,10
sandy soil,20,84.0,11
sandy soil,19,85.0,12
sandy soil,18,86.0,13
sandy soil,17,87.0,14
sandy soil,16,88.0,15
sandy soil,15,89.0,16
sandy soil,14,90.0,17
sandy soil,13,91.0,18
sandy soil,24,80.0,19
sandy soil,23,81.0,20
sandy soil,22,82.0,21
sandy soil,21,83.0,22
sandy soil,20,84.0,23
sandy soil,19,85.0,24
sandy soil,18,86.0,25
sandy soil,17,87.0,26
sandy soil,16,88.0,27
sandy soil,15,89.0,28
sandy soil,14,90.0,29
sandy soil,13,91.0,30
sandy soil,24,80.0,31
sandy soil,23,81.0,32
sandy soil,22,82.0,33
sandy soil,21,83.0,34
sandy soil,20,84.0,35
sandy soil,19,85.0,36
sandy soil,18,86.0,37
sandy soil,17,87.0,38
sandy soil,16,88.0,39
sandy soil,15,89.0,40
sandy soil,14,90.0,41
sandy soil,24,80.0,42
sandy soil,23,81.0,43
sandy soil,22,82.0,44
sandy soil,21,83.0,45
sandy soil,20,84.0,46
sandy soil,19,85.0,47
sandy soil,18,86.0,48
sandy soil,17,87.0,49
sandy soil,16,88.0,50
sandy soil,15,89.0,51
sandy soil,14,90.0,52
sandy soil,13,91.0,53
sandy soil,24,80.0,54
sandy soil,23,81.0,55
sandy soil,22,82.0,56
sandy soil,21,83.0,57
sandy soil,20,84.0,58
sandy soil,19,85.0,59
sandy soil,18,86.0,60
sandy soil,17,87.0,61
sandy soil,16,88.0,62
sandy soil,15,89.0,63
sandy soil,14,90.0,64
sandy soil,13,91.0,65
sandy soil,24,80.0,66
sandy soil,23,81.0,67
sandy soil,22,82.0,68
sandy soil,21,83.0,69
sandy soil,18,86.0,1
sandy soil,17,87.0,2
sandy soil,16,88.0,3
sandy soil,15,89.0,4
sandy soil,14,90.0,5
sandy soil,13,91.0,6
sandy soil,24,80.0,7
sandy soil,23,81.0,8
sandy soil,22,82.0,9
sandy soil,21,83.0,10
sandy soil,20,84.0,11
sandy soil,19,85.0,12
sandy soil,18,86.0,13
sandy soil,17,87.0,14
sandy soil,16,88.0,15
sandy soil,15,89.0,16
sandy soil,14,90.0,17
sandy soil,13,91.0,18
sandy soil,24,80.0,19
sandy soil,23,81.0,20
sandy soil,22,82.0,21
sandy soil,21,83.0,22
sandy soil,20,84.0,23
sandy soil,19,85.0,24
sandy soil,18,86.0,25
sandy soil,17,87.0,26
sandy soil,16,88.0,27
sandy soil,15,89.0,28
sandy soil,14,90.0,29
sandy soil,13,91.0,30
sandy soil,24,80.0,31
sandy soil,23,81.0,32
sandy soil,22,82.0,33
sandy soil,21,83.0,34
sandy soil,20,84.0,35
sandy soil,19,85.0,36
sandy soil,18,86.0,37
sandy soil,17,87.0,38
sandy soil,16,88.0,39
sandy soil,15,89.0,40
sandy soil,14,90.0,41
sandy soil,24,80.0,42
sandy soil,23,81.0,43
sandy soil,22,82.0,44
sandy soil,21,83.0,45
sandy soil,20,84.0,46
sandy soil,19,85.0,47
sandy soil,18,86.0,48
sandy soil,17,87.0,49
sandy soil,16,88.0,50
sandy soil,15,89.0,51
sandy soil,14,90.0,52
sandy soil,13,91.0,53
sandy soil,24,80.0,54
sandy soil,23,81.0,55
sandy soil,22,82.0,56
sandy soil,21,83.0,57
sandy soil,20,84.0,58
sandy soil,19,85.0,59
red soil,18,86.0,1
red soil,17,87.0,2
red soil,16,88.0,3
red soil,15,89.0,4
red soil,14,90.0,5
red soil,13,91.0,6
red soil,24,80.0,7
red soil,23,81.0,8
red soil,22,82.0,9
red soil,21,83.0,10
red soil,20,84.0,11
red soil,19,85.0,12
red soil,18,86.0,13
red soil,17,87.0,14
red soil,16,88.0,15
red soil,15,89.0,16
red soil,14,90.0,17
red soil,13,91.0,18
red soil,24,80.0,19
red soil,23,81.0,20
red soil,22,82.0,21
red soil,21,83.0,22
red soil,20,84.0,23
red soil,19,85.0,24
red soil,18,86.0,25
red soil,17,87.0,26
red soil,16,88.0,27
red soil,15,89.0,28
red soil,14,90.0,29
red soil,24,80.0,1
red soil,23,81.0,2
red soil,22,82.0,3
red soil,21,83.0,4
red soil,20,84.0,5
red soil,19,85.0,6
red soil,18,86.0,7
red soil,17,87.0,8
red soil,16,88.0,9
red soil,15,89.0,10
red soil,14,90.0,11
red soil,13,91.0,12
red soil,24,80.0,13
red soil,23,81.0,14
red soil,22,82.0,15
red soil,21,83.0,16
red soil,20,84.0,17
red soil,19,85.0,18
red soil,18,86.0,19
red soil,17,87.0,20
red soil,16,88.0,21
red soil,15,89.0,22
red soil,14,90.0,23
red soil,13,91.0,24
red soil,24,80.0,25
red soil,23,81.0,26
red soil,22,82.0,27
red soil,21,83.0,28
red soil,20,84.0,29
red soil,19,85.0,30
red soil,18,86.0,31
red soil,17,87.0,32
red soil,16,88.0,33
red soil,15,89.0,34
red soil,14,90.0,35
red soil,13,91.0,36
red soil,24,80.0,37
red soil,23,81.0,38
red soil,22,82.0,39
red soil,24,80.0,1
red soil,23,81.0,2
red soil,22,82.0,3
red soil,21,83.0,4
red soil,20,84.0,5
red soil,19,85.0,6
red soil,18,86.0,7
red soil,17,87.0,8
red soil,16,88.0,9
red soil,15,89.0,10
red soil,14,90.0,11
red soil,13,91.0,12
red soil,24,80.0,13
red soil,23,81.0,14
red soil,22,82.0,15
red soil,21,83.0,16
red soil,20,84.0,17
red soil,19,85.0,18
red soil,18,86.0,19
red soil,17,87.0,20
red soil,16,88.0,21
red soil,15,89.0,22
red soil,14,90.0,23
red soil,13,91.0,24
red soil,24,80.0,25
red soil,23,81.0,26
red soil,22,82.0,27
red soil,21,83.0,28
red soil,20,84.0,29
red soil,19,85.0,30
red soil,18,86.0,31
red soil,17,87.0,32
red soil,16,88.0,33
red soil,15,89.0,34
red soil,14,90.0,35
red soil,13,91.0,36
red soil,24,80.0,37
red soil,23,81.0,38
red soil,22,82.0,39
red soil,21,83.0,40
red soil,20,84.0,41
red soil,19,85.0,42
red soil,18,86.0,43
red soil,17,87.0,44
red soil,16,88.0,45
red soil,15,89.0,46
red soil,14,90.0,47
red soil,13,91.0,48
red soil,24,80.0,49
red soil,24,80.0,1
red soil,23,81.0,2
red soil,22,82.0,3
red soil,21,83.0,4
red soil,20,84.0,5
red soil,19,85.0,6
red soil,18,86.0,7
red soil,17,87.0,8
red soil,16,88.0,9
red soil,15,89.0,10
red soil,14,90.0,11
red soil,13,91.0,12
red soil,24,80.0,13
red soil,23,81.0,14
red soil,22,82.0,15
red soil,21,83.0,16
red soil,20,84.0,17
red soil,19,85.0,18
red soil,18,86.0,19
red soil,17,87.0,20
red soil,16,88.0,21
red soil,15,89.0,22
red soil,14,90.0,23
red soil,13,91.0,24
red soil,24,80.0,25
red soil,23,81.0,26
red soil,22,82.0,27
red soil,21,83.0,28
red soil,20,84.0,29
red soil,19,85.0,30
red soil,18,86.0,31
red soil,17,87.0,32
red soil,16,88.0,33
red soil,15,89.0,34
red soil,14,90.0,35
red soil,13,91.0,36
red soil,24,80.0,37
red soil,23,81.0,38
red soil,22,82.0,39
red soil,21,83.0,40
red soil,20,84.0,41
red soil,19,85.0,42
red soil,18,86.0,43
red soil,17,87.0,44
red soil,16,88.0,45
red soil,15,89.0,46
red soil,14,90.0,47
red soil,13,91.0,48
red soil,24,80.0,49
red soil,23,81.0,50
red soil,22,82.0,51
red soil,21,83.0,52
red soil,20,84.0,53
red soil,19,85.0,54
red soil,18,86.0,55
red soil,17,87.0,56
red soil,16,88.0,57
red soil,15,89.0,58
red soil,14,90.0,59
red soil,18,86.0,1
red soil,17,87.0,2
red soil,16,88.0,3
red soil,15,89.0,4
red soil,14,90.0,5
red soil,13,91.0,6
red soil,24,80.0,7
red soil,23,81.0,8
red soil,22,82.0,9
red soil,21,83.0,10
red soil,20,84.0,11
red soil,19,85.0,12
red soil,18,86.0,13
red soil,17,87.0,14
red soil,16,88.0,15
red soil,15,89.0,16
red soil,14,90.0,17
red soil,13,91.0,18
red soil,24,80.0,19
red soil,23,81.0,20
red soil,22,82.0,21
red soil,21,83.0,22
red soil,20,84.0,23
red soil,19,85.0,24
red soil,18,86.0,25
red soil,17,87.0,26
red soil,16,88.0,27
red soil,15,89.0,28
red soil,14,90.0,29
red soil,13,91.0,30
red soil,24,80.0,31
red soil,23,81.0,32
red soil,22,82.0,33
red soil,21,83.0,34
red soil,20,84.0,35
red soil,19,85.0,36
red soil,18,86.0,37
red soil,17,87.0,38
red soil,16,88.0,39
red soil,15,89.0,40
red soil,14,90.0,41
red soil,24,80.0,42
red soil,23,81.0,43
red soil,22,82.0,44
red soil,21,83.0,45
red soil,20,84.0,46
red soil,19,85.0,47
red soil,18,86.0,48
red soil,17,87.0,49
red soil,16,88.0,50
red soil,15,89.0,51
red soil,14,90.0,52
red soil,13,91.0,53
red soil,24,80.0,54
red soil,23,81.0,55
red soil,22,82.0,56
red soil,21,83.0,57
red soil,20,84.0,58
red soil,19,85.0,59
red soil,18,86.0,60
red soil,17,87.0,61
red soil,16,88.0,62
red soil,15,89.0,63
red soil,14,90.0,64
red soil,13,91.0,65
red soil,24,80.0,66
red soil,23,81.0,67
red soil,22,82.0,68
red soil,21,83.0,69
red soil,18,86.0,1
red soil,17,87.0,2
red soil,16,88.0,3
red soil,15,89.0,4
red soil,14,90.0,5
red soil,13,91.0,6
red soil,24,80.0,7
red soil,23,81.0,8
red soil,22,82.0,9
red soil,21,83.0,10
red soil,20,84.0,11
red soil,19,85.0,12
red soil,18,86.0,13
red soil,17,87.0,14
red soil,16,88.0,15
red soil,15,89.0,16
red soil,14,90.0,17
red soil,13,91.0,18
red soil,24,80.0,19
red soil,23,81.0,20
red soil,22,82.0,21
red soil,21,83.0,22
red soil,20,84.0,23
red soil,19,85.0,24
red soil,18,86.0,25
red soil,17,87.0,26
red soil,16,88.0,27
red soil,15,89.0,28
red soil,14,90.0,29
red soil,13,91.0,30
red soil,24,80.0,31
red soil,23,81.0,32
red soil,22,82.0,33
red soil,21,83.0,34
red soil,20,84.0,35
red soil,19,85.0,36
red soil,18,86.0,37
red soil,17,87.0,38
red soil,16,88.0,39
red soil,15,89.0,40
red soil,14,90.0,41
red soil,24,80.0,42
red soil,23,81.0,43
red soil,22,82.0,44
red soil,21,83.0,45
red soil,20,84.0,46
red soil,19,85.0,47
red soil,18,86.0,48
red soil,17,87.0,49
red soil,16,88.0,50
red soil,15,89.0,51
red soil,14,90.0,52
red soil,13,91.0,53
red soil,24,80.0,54
red soil,23,81.0,55
red soil,22,82.0,56
red soil,21,83.0,57
red soil,20,84.0,58
red soil,19,85.0,59
red soil,18,86.0,60
red soil,17,87.0,61
red soil,16,88.0,62
red soil,15,89.0,63
red soil,14,90.0,64
red soil,13,91.0,65
red soil,24,80.0,66
red soil,23,81.0,67
red soil,22,82.0,68
red soil,21,83.0,69
red soil,18,86.0,1
red soil,17,87.0,2
red soil,16,88.0,3
red soil,15,89.0,4
red soil,14,90.0,5
red soil,13,91.0,6
red soil,24,80.0,7
red soil,23,81.0,8
red soil,22,82.0,9
red soil,21,83.0,10
red soil,20,84.0,11
red soil,19,85.0,12
red soil,18,86.0,13
red soil,17,87.0,14
red soil,16,88.0,15
red soil,15,89.0,16
red soil,14,90.0,17
red soil,13,91.0,18
red soil,24,80.0,19
red soil,23,81.0,20
red soil,22,82.0,21
red soil,21,83.0,22
red soil,20,84.0,23
red soil,19,85.0,24
red soil,18,86.0,25
red soil,17,87.0,26
red soil,16,88.0,27
red soil,15,89.0,28
red soil,14,90.0,29
red soil,13,91.0,30
red soil,24,80.0,31
red soil,23,81.0,32
red soil,22,82.0,33
red soil,21,83.0,34
red soil,20,84.0,35
red soil,19,85.0,36
red soil,18,86.0,37
red soil,17,87.0,38
red soil,16,88.0,39
red soil,15,89.0,40
red soil,14,90.0,41
red soil,24,80.0,42
red soil,23,81.0,43
red soil,22,82.0,44
red soil,21,83.0,45
red soil,20,84.0,46
red soil,19,85.0,47
red soil,18,86.0,48
red soil,17,87.0,49
red soil,16,88.0,50
red soil,15,89.0,51
red soil,14,90.0,52
red soil,13,91.0,53
red soil,24,80.0,54
red soil,23,81.0,55
red soil,22,82.0,56
red soil,21,83.0,57
red soil,20,84.0,58
red soil,19,85.0,59
red soil,18,86.0,60
red soil,17,87.0,61
red soil,16,88.0,62
red soil,15,89.0,63
red soil,14,90.0,64
red soil,13,91.0,65
red soil,24,80.0,66
red soil,23,81.0,67
red soil,22,82.0,68
red soil,21,83.0,69
red soil,18,86.0,1
red soil,17,87.0,2
red soil,16,88.0,3
red soil,15,89.0,4
red soil,14,90.0,5
red soil,13,91.0,6
red soil,24,80.0,7
red soil,23,81.0,8
red soil,22,82.0,9
red soil,21,83.0,10
red soil,20,84.0,11
red soil,19,85.0,12
red soil,18,86.0,13
red soil,17,87.0,14
red soil,16,88.0,15
red soil,15,89.0,16
red soil,14,90.0,17
red soil,13,91.0,18
red soil,24,80.0,19
red soil,23,81.0,20
red soil,22,82.0,21
red soil,21,83.0,22
red soil,20,84.0,23
red soil,19,85.0,24
red soil,18,86.0,25
red soil,17,87.0,26
red soil,16,88.0,27
red soil,15,89.0,28
red soil,14,90.0,29
red soil,13,91.0,30
red soil,24,80.0,31
red soil,23,81.0,32
red soil,22,82.0,33
red soil,21,83.0,34
red soil,20,84.0,35
red soil,19,85.0,36
red soil,18,86.0,37
red soil,17,87.0,38
red soil,16,88.0,39
red soil,15,89.0,40
red soil,14,90.0,41
red soil,24,80.0,42
red soil,23,81.0,43
red soil,22,82.0,44
red soil,21,83.0,45
red soil,20,84.0,46
red soil,19,85.0,47
red soil,18,86.0,48
red soil,17,87.0,49
red soil,16,88.0,50
red soil,15,89.0,51
red soil,14,90.0,52
red soil,13,91.0,53
red soil,24,80.0,54
red soil,23,81.0,55
red soil,22,82.0,56
red soil,21,83.0,57
red soil,20,84.0,58
red soil,19,85.0,59
clay soil,18,86.0,1
clay soil,17,87.0,2
clay soil,16,88.0,3
clay soil,15,89.0,4
clay soil,14,90.0,5
clay soil,13,91.0,6
clay soil,24,80.0,7
clay soil,23,81.0,8
clay soil,22,82.0,9
clay soil,21,83.0,10
clay soil,20,84.0,11
clay soil,19,85.0,12
clay soil,18,86.0,13
clay soil,17,87.0,14
clay soil,16,88.0,15
clay soil,15,89.0,16
clay soil,14,90.0,17
clay soil,13,91.0,18
clay soil,24,80.0,19
clay soil,23,81.0,20
clay soil,22,82.0,21
clay soil,21,83.0,22
clay soil,20,84.0,23
clay soil,19,85.0,24
clay soil,18,86.0,25
clay soil,17,87.0,26
clay soil,16,88.0,27
clay soil,15,89.0,28
clay soil,14,90.0,29
clay soil,24,80.0,1
clay soil,23,81.0,2
clay soil,22,82.0,3
clay soil,21,83.0,4
clay soil,20,84.0,5
clay soil,19,85.0,6
clay soil,18,86.0,7
clay soil,17,87.0,8
clay soil,16,88.0,9
clay soil,15,89.0,10
clay soil,14,90.0,11
clay soil,13,91.0,12
clay soil,24,80.0,13
clay soil,23,81.0,14
clay soil,22,82.0,15
clay soil,21,83.0,16
clay soil,20,84.0,17
clay soil,19,85.0,18
clay soil,18,86.0,19
clay soil,17,87.0,20
clay soil,16,88.0,21
clay soil,15,89.0,22
clay soil,14,90.0,23
clay soil,13,91.0,24
clay soil,24,80.0,25
clay soil,23,81.0,26
clay soil,22,82.0,27
clay soil,21,83.0,28
clay soil,20,84.0,29
clay soil,19,85.0,30
clay soil,18,86.0,31
clay soil,17,87.0,32
clay soil,16,88.0,33
clay soil,15,89.0,34
clay soil,14,90.0,35
clay soil,13,91.0,36
clay soil,24,80.0,37
clay soil,23,81.0,38
clay soil,22,82.0,39
clay soil,24,80.0,1
clay soil,23,81.0,2
clay soil,22,82.0,3
clay soil,21,83.0,4
clay soil,20,84.0,5
clay soil,19,85.0,6
clay soil,18,86.0,7
clay soil,17,87.0,8
clay soil,16,88.0,9
clay soil,15,89.0,10
clay soil,14,90.0,11
clay soil,13,91.0,12
clay soil,24,80.0,13
clay soil,23,81.0,14
clay soil,22,82.0,15
clay soil,21,83.0,16
clay soil,20,84.0,17
clay soil,19,85.0,18
clay soil,18,86.0,19
clay soil,17,87.0,20
clay soil,16,88.0,21
clay soil,15,89.0,22
clay soil,14,90.0,23
clay soil,13,91.0,24
clay soil,24,80.0,25
clay soil,23,81.0,26
clay soil,22,82.0,27
clay soil,21,83.0,28
clay soil,20,84.0,29
clay soil,19,85.0,30
clay soil,18,86.0,31
clay soil,17,87.0,32
clay soil,16,88.0,33
clay soil,15,89.0,34
clay soil,14,90.0,35
clay soil,13,91.0,36
clay soil,24,80.0,37
clay soil,23,81.0,38
clay soil,22,82.0,39
clay soil,21,83.0,40
clay soil,20,84.0,41
clay soil,19,85.0,42
clay soil,18,86.0,43
clay soil,17,87.0,44
clay soil,16,88.0,45
clay soil,15,89.0,46
clay soil,14,90.0,47
clay soil,13,91.0,48
clay soil,24,80.0,49
clay soil,24,80.0,1
clay soil,23,81.0,2
clay soil,22,82.0,3
clay soil,21,83.0,4
clay soil,20,84.0,5
clay soil,19,85.0,6
clay soil,18,86.0,7
clay soil,17,87.0,8
clay soil,16,88.0,9
clay soil,15,89.0,10
clay soil,14,90.0,11
clay soil,13,91.0,12
clay soil,24,80.0,13
clay soil,23,81.0,14
clay soil,22,82.0,15
clay soil,21,83.0,16
clay soil,20,84.0,17
clay soil,19,85.0,18
clay soil,18,86.0,19
clay soil,17,87.0,20
clay soil,16,88.0,21
clay soil,15,89.0,22
clay soil,14,90.0,23
clay soil,13,91.0,24
clay soil,24,80.0,25
clay soil,23,81.0,26
clay soil,22,82.0,27
clay soil,21,83.0,28
clay soil,20,84.0,29
clay soil,19,85.0,30
clay soil,18,86.0,31
clay soil,17,87.0,32
clay soil,16,88.0,33
clay soil,15,89.0,34
clay soil,14,90.0,35
clay soil,13,91.0,36
clay soil,24,80.0,37
clay soil,23,81.0,38
clay soil,22,82.0,39
clay soil,21,83.0,40
clay soil,20,84.0,41
clay soil,19,85.0,42
clay soil,18,86.0,43
clay soil,17,87.0,44
clay soil,16,88.0,45
clay soil,15,89.0,46
clay soil,14,90.0,47
clay soil,13,91.0,48
clay soil,24,80.0,49
clay soil,23,81.0,50
clay soil,22,82.0,51
clay soil,21,83.0,52
clay soil,20,84.0,53
clay soil,19,85.0,54
clay soil,18,86.0,55
clay soil,17,87.0,56
clay soil,16,88.0,57
clay soil,15,89.0,58
clay soil,14,90.0,59
clay soil,18,86.0,1
clay soil,17,87.0,2
clay soil,16,88.0,3
clay soil,15,89.0,4
clay soil,14,90.0,5
clay soil,13,91.0,6
clay soil,24,80.0,7
clay soil,23,81.0,8
clay soil,22,82.0,9
clay soil,21,83.0,10
clay soil,20,84.0,11
clay soil,19,85.0,12
clay soil,18,86.0,13
clay soil,17,87.0,14
clay soil,16,88.0,15
clay soil,15,89.0,16
clay soil,14,90.0,17
clay soil,13,91.0,18
clay soil,24,80.0,19
clay soil,23,81.0,20
clay soil,22,82.0,21
clay soil,21,83.0,22
clay soil,20,84.0,23
clay soil,19,85.0,24
clay soil,18,86.0,25
clay soil,17,87.0,26
clay soil,16,88.0,27
clay soil,15,89.0,28
clay soil,14,90.0,29
clay soil,13,91.0,30
clay soil,24,80.0,31
clay soil,23,81.0,32
clay soil,22,82.0,33
clay soil,21,83.0,34
clay soil,20,84.0,35
clay soil,19,85.0,36
clay soil,18,86.0,37
clay soil,17,87.0,38
clay soil,16,88.0,39
clay soil,15,89.0,40
clay soil,14,90.0,41
clay soil,24,80.0,42
clay soil,23,81.0,43
clay soil,22,82.0,44
clay soil,21,83.0,45
clay soil,20,84.0,46
clay soil,19,85.0,47
clay soil,18,86.0,48
clay soil,17,87.0,49
clay soil,16,88.0,50
clay soil,15,89.0,51
clay soil,14,90.0,52
clay soil,13,91.0,53
clay soil,24,80.0,54
clay soil,23,81.0,55
clay soil,22,82.0,56
clay soil,21,83.0,57
clay soil,20,84.0,58
clay soil,19,85.0,59
clay soil,18,86.0,60
clay soil,17,87.0,61
clay soil,16,88.0,62
clay soil,15,89.0,63
clay soil,14,90.0,64
clay soil,13,91.0,65
clay soil,24,80.0,66
clay soil,23,81.0,67
clay soil,22,82.0,68
clay soil,21,83.0,69
clay soil,18,86.0,1
clay soil,17,87.0,2
clay soil,16,88.0,3
clay soil,15,89.0,4
clay soil,14,90.0,5
clay soil,13,91.0,6
clay soil,24,80.0,7
clay soil,23,81.0,8
clay soil,22,82.0,9
clay soil,21,83.0,10
clay soil,20,84.0,11
clay soil,19,85.0,12
clay soil,18,86.0,13
clay soil,17,87.0,14
clay soil,16,88.0,15
clay soil,15,89.0,16
clay soil,14,90.0,17
clay soil,13,91.0,18
clay soil,24,80.0,19
clay soil,23,81.0,20
clay soil,22,82.0,21
clay soil,21,83.0,22
clay soil,20,84.0,23
clay soil,19,85.0,24
clay soil,18,86.0,25
clay soil,17,87.0,26
clay soil,16,88.0,27
clay soil,15,89.0,28
clay soil,14,90.0,29
clay soil,13,91.0,30
clay soil,24,80.0,31
clay soil,23,81.0,32
clay soil,22,82.0,33
clay soil,21,83.0,34
clay soil,20,84.0,35
clay soil,19,85.0,36
clay soil,18,86.0,37
clay soil,17,87.0,38
clay soil,16,88.0,39
clay soil,15,89.0,40
clay soil,14,90.0,41
clay soil,24,80.0,42
clay soil,23,81.0,43
clay soil,22,82.0,44
clay soil,21,83.0,45
clay soil,20,84.0,46
clay soil,19,85.0,47
clay soil,18,86.0,48
clay soil,17,87.0,49
clay soil,16,88.0,50
clay soil,15,89.0,51
clay soil,14,90.0,52
clay soil,13,91.0,53
clay soil,24,80.0,54
clay soil,23,81.0,55
clay soil,22,82.0,56
clay soil,21,83.0,57
clay soil,20,84.0,58
clay soil,19,85.0,59
clay soil,18,86.0,60
clay soil,17,87.0,61
clay soil,16,88.0,62
clay soil,15,89.0,63
clay soil,14,90.0,64
clay soil,13,91.0,65
clay soil,24,80.0,66
clay soil,23,81.0,67
clay soil,22,82.0,68
clay soil,21,83.0,69
clay soil,18,86.0,1
clay soil,17,87.0,2
clay soil,16,88.0,3
clay soil,15,89.0,4
clay soil,14,90.0,5
clay soil,13,91.0,6
clay soil,24,80.0,7
clay soil,23,81.0,8
clay soil,22,82.0,9
clay soil,21,83.0,10
clay soil,20,84.0,11
clay soil,19,85.0,12
clay soil,18,86.0,13
clay soil,17,87.0,14
clay soil,16,88.0,15
clay soil,15,89.0,16
clay soil,14,90.0,17
clay soil,13,91.0,18
clay soil,24,80.0,19
clay soil,23,81.0,20
clay soil,22,82.0,21
clay soil,21,83.0,22
clay soil,20,84.0,23
clay soil,19,85.0,24
clay soil,18,86.0,25
clay soil,17,87.0,26
clay soil,16,88.0,27
clay soil,15,89.0,28
clay soil,14,90.0,29
clay soil,13,91.0,30
clay soil,24,80.0,31
clay soil,23,81.0,32
clay soil,22,82.0,33
clay soil,21,83.0,34
clay soil,20,84.0,35
clay soil,19,85.0,36
clay soil,18,86.0,37
clay soil,17,87.0,38
clay soil,16,88.0,39
clay soil,15,89.0,40
clay soil,14,90.0,41
clay soil,24,80.0,42
clay soil,23,81.0,43
clay soil,22,82.0,44
clay soil,21,83.0,45
clay soil,20,84.0,46
clay soil,19,85.0,47
clay soil,18,86.0,48
clay soil,17,87.0,49
clay soil,16,88.0,50
clay soil,15,89.0,51
clay soil,14,90.0,52
clay soil,13,91.0,53
clay soil,24,80.0,54
clay soil,23,81.0,55
clay soil,22,82.0,56
clay soil,21,83.0,57
clay soil,20,84.0,58
clay soil,19,85.0,59
clay soil,18,86.0,60
clay soil,17,87.0,61
clay soil,16,88.0,62
clay soil,15,89.0,63
clay soil,14,90.0,64
clay soil,13,91.0,65
clay soil,24,80.0,66
clay soil,23,81.0,67
clay soil,22,82.0,68
clay soil,21,83.0,69
clay soil,18,86.0,1
clay soil,17,87.0,2
clay soil,16,88.0,3
clay soil,15,89.0,4
clay soil,14,90.0,5
clay soil,13,91.0,6
clay soil,24,80.0,7
clay soil,23,81.0,8
clay soil,22,82.0,9
clay soil,21,83.0,10
clay soil,20,84.0,11
clay soil,19,85.0,12
clay soil,18,86.0,13
clay soil,17,87.0,14
clay soil,16,88.0,15
clay soil,15,89.0,16
clay soil,14,90.0,17
clay soil,13,91.0,18
clay soil,24,80.0,19
clay soil,23,81.0,20
clay soil,22,82.0,21
clay soil,21,83.0,22
clay soil,20,84.0,23
clay soil,19,85.0,24
clay soil,18,86.0,25
clay soil,17,87.0,26
clay soil,16,88.0,27
clay soil,15,89.0,28
clay soil,14,90.0,29
clay soil,13,91.0,30
clay soil,24,80.0,31
clay soil,23,81.0,32
clay soil,22,82.0,33
clay soil,21,83.0,34
clay soil,20,84.0,35
clay soil,19,85.0,36
clay soil,18,86.0,37
clay soil,17,87.0,38
clay soil,16,88.0,39
clay soil,15,89.0,40
clay soil,14,90.0,41
clay soil,24,80.0,42
clay soil,23,81.0,43
clay soil,22,82.0,44
clay soil,21,83.0,45
clay soil,20,84.0,46
clay soil,19,85.0,47
clay soil,18,86.0,48
clay soil,17,87.0,49
clay soil,16,88.0,50
clay soil,15,89.0,51
clay soil,14,90.0,52
clay soil,13,91.0,53
clay soil,24,80.0,54
clay soil,23,81.0,55
clay soil,22,82.0,56
clay soil,21,83.0,57
clay soil,20,84.0,58
clay soil,19,85.0,59
sandy soil,25,80.0,1
sandy soil,26,77.0,2
sandy soil,27,74.0,3
sandy soil,28,71.0,4
sandy soil,29,68.0,5
sandy soil,30,65.0,6
sandy soil,31,62.0,7
sandy soil,32,59.0,8
sandy soil,33,56.0,9
sandy soil,34,53.0,10
sandy soil,35,50.0,11
sandy soil,36,47.0,12
sandy soil,37,44.0,13
sandy soil,38,41.0,14
sandy soil,39,38.0,15
sandy soil,40,35.0,16
sandy soil,41,32.0,17
sandy soil,42,29.0,18
sandy soil,43,26.0,19
sandy soil,44,23.0,20
sandy soil,45,20.0,21
sandy soil,46,17.0,22
sandy soil,25,80.0,23
sandy soil,26,77.5,24
sandy soil,27,75.0,25
sandy soil,28,72.5,26
sandy soil,29,70.0,27
sandy soil,30,67.5,28
sandy soil,31,65.0,29
sandy soil,32,62.5,30
sandy soil,33,60.0,31
sandy soil,34,57.5,32
sandy soil,35,55.0,33
sandy soil,36,52.5,34
sandy soil,37,50.0,35
sandy soil,38,47.5,36
sandy soil,39,45.0,37
sandy soil,40,42.5,38
sandy soil,41,40.0,39
sandy soil,42,37.5,40
sandy soil,43,35.0,41
sandy soil,44,32.5,42
sandy soil,45,30.0,43
sandy soil,46,27.5,44
sandy soil,25,80.0,45
sandy soil,26,77.3,46
sandy soil,27,74.6,47
sandy soil,28,71.9,48
sandy soil,29,69.2,49
sandy soil,30,66.5,50
sandy soil,31,63.8,51
sandy soil,32,61.1,52
sandy soil,33,58.4,53
sandy soil,34,55.7,54
sandy soil,35,53.0,55
sandy soil,36,50.3,56
sandy soil,37,47.6,57
sandy soil,38,44.9,58
sandy soil,39,42.2,59
sandy soil,40,39.5,60
sandy soil,41,36.8,61
sandy soil,42,34.1,62
sandy soil,43,31.4,63
sandy soil,44,28.7,64
sandy soil,45,26.0,65
sandy soil,46,23.3,66
sandy soil,25,80.0,67
sandy soil,26,78.0,68
sandy soil,27,76.0,69
sandy soil,28,74.0,70
sandy soil,29,72.0,71
sandy soil,30,70.0,72
sandy soil,31,68.0,73
sandy soil,32,66.0,74
sandy soil,33,64.0,75
sandy soil,34,62.0,76
sandy soil,35,60.0,77
sandy soil,36,58.0,78
sandy soil,37,56.0,79
sandy soil,38,54.0,80
sandy soil,39,52.0,81
sandy soil,40,50.0,82
sandy soil,41,48.0,83
sandy soil,42,46.0,84
sandy soil,43,44.0,85
sandy soil,44,42.0,86
sandy soil,45,40.0,87
sandy soil,46,38.0,88
sandy soil,25,80.0,89
sandy soil,26,78.0,90
sandy soil,27,76.0,91
sandy soil,28,74.0,92
sandy soil,29,72.0,93
sandy soil,30,70.0,94
sandy soil,31,68.0,95
sandy soil,32,66.0,96
sandy soil,33,64.0,97
sandy soil,34,62.0,98
sandy soil,35,60.0,99
sandy soil,36,58.0,100
sandy soil,37,56.0,1
sandy soil,38,54.0,2
sandy soil,39,52.0,3
sandy soil,40,50.0,4
sandy soil,41,48.0,5
sandy soil,42,46.0,6
sandy soil,43,44.0,7
sandy soil,44,42.0,8
sandy soil,45,40.0,9
sandy soil,46,38.0,10
sandy soil,25,80.0,11
sandy soil,26,77.0,12
sandy soil,27,74.0,13
sandy soil,28,71.0,14
sandy soil,29,68.0,15
sandy soil,30,65.0,16
sandy soil,31,62.0,17
sandy soil,32,59.0,18
sandy soil,33,56.0,19
sandy soil,34,53.0,20
sandy soil,35,50.0,21
sandy soil,36,47.0,22
sandy soil,37,44.0,23
sandy soil,38,41.0,24
sandy soil,39,38.0,25
sandy soil,40,35.0,26
sandy soil,41,32.0,27
sandy soil,42,29.0,28
sandy soil,43,26.0,29
sandy soil,44,23.0,30
sandy soil,45,20.0,31
sandy soil,46,17.0,32
sandy soil,25,80.0,33
sandy soil,26,77.0,34
sandy soil,27,74.0,35
sandy soil,28,71.0,36
sandy soil,29,68.0,37
sandy soil,30,65.0,38
sandy soil,31,62.0,39
sandy soil,32,59.0,40
sandy soil,33,56.0,41
sandy soil,34,53.0,42
sandy soil,35,50.0,43
sandy soil,36,47.0,44
sandy soil,37,44.0,45
sandy soil,38,41.0,46
sandy soil,39,38.0,47
sandy soil,40,35.0,48
sandy soil,41,32.0,49
sandy soil,42,29.0,50
sandy soil,43,26.0,51
sandy soil,44,23.0,52
sandy soil,45,20.0,53
sandy soil,46,17.0,54
sandy soil,25,80.0,55
sandy soil,26,77.0,56
sandy soil,27,74.0,57
sandy soil,28,71.0,58
sandy soil,29,68.0,59
sandy soil,30,65.0,60
sandy soil,31,62.0,61
sandy soil,32,59.0,62
sandy soil,33,56.0,63
sandy soil,34,53.0,64
sandy soil,35,50.0,65
sandy soil,36,47.0,66
sandy soil,37,44.0,67
sandy soil,38,41.0,68
sandy soil,39,38.0,69
sandy soil,40,35.0,70
sandy soil,41,32.0,71
sandy soil,42,29.0,72
sandy soil,43,26.0,73
sandy soil,44,23.0,74
sandy soil,45,20.0,75
sandy soil,46,17.0,76
sandy soil,25,80.0,77
sandy soil,26,77.3,78
sandy soil,27,74.6,79
sandy soil,28,71.9,80
sandy soil,29,69.2,81
sandy soil,30,66.5,82
sandy soil,31,63.8,83
sandy soil,32,61.1,84
sandy soil,33,58.4,85
sandy soil,34,55.7,86
sandy soil,35,53.0,87
sandy soil,36,50.3,88
sandy soil,37,47.6,89
sandy soil,38,44.9,90
sandy soil,39,42.2,91
sandy soil,40,39.5,92
sandy soil,41,36.8,93
sandy soil,42,34.1,94
sandy soil,43,31.4,95
sandy soil,44,28.7,96
sandy soil,45,26.0,97
sandy soil,46,23.3,98
sandy soil,25,80.0,99
sandy soil,26,77.0,100
sandy soil,27,74.0,1
sandy soil,28,71.0,2
sandy soil,29,68.0,3
sandy soil,30,65.0,4
sandy soil,31,62.0,5
sandy soil,32,59.0,6
sandy soil,33,56.0,7
sandy soil,34,53.0,8
sandy soil,35,50.0,9
sandy soil,36,47.0,10
sandy soil,37,44.0,11
sandy soil,38,41.0,12
sandy soil,39,38.0,13
sandy soil,40,35.0,14
sandy soil,41,32.0,15
sandy soil,42,29.0,16
sandy soil,43,26.0,17
sandy soil,44,23.0,18
sandy soil,45,20.0,19
sandy soil,46,17.0,20
sandy soil,25,80.0,21
sandy soil,26,77.5,22
sandy soil,27,75.0,23
sandy soil,28,72.5,24
sandy soil,29,70.0,25
sandy soil,30,67.5,26
sandy soil,31,65.0,27
sandy soil,32,62.5,28
sandy soil,33,60.0,29
sandy soil,34,57.5,30
sandy soil,35,55.0,31
sandy soil,36,52.5,32
sandy soil,37,50.0,33
sandy soil,38,47.5,34
sandy soil,39,45.0,35
sandy soil,40,42.5,36
sandy soil,41,40.0,37
sandy soil,42,37.5,38
sandy soil,43,35.0,39
sandy soil,44,32.5,40
sandy soil,45,30.0,41
sandy soil,46,27.5,42
sandy soil,25,80.0,43
sandy soil,26,77.3,44
sandy soil,27,74.6,45
sandy soil,28,71.9,46
sandy soil,29,69.2,47
sandy soil,30,66.5,48
sandy soil,31,63.8,49
sandy soil,32,61.1,50
sandy soil,33,58.4,51
sandy soil,34,55.7,52
sandy soil,35,53.0,53
sandy soil,36,50.3,54
sandy soil,37,47.6,55
sandy soil,38,44.9,56
sandy soil,39,42.2,57
sandy soil,40,39.5,58
sandy soil,41,36.8,59
sandy soil,42,34.1,60
sandy soil,43,31.4,61
sandy soil,44,28.7,62
sandy soil,45,26.0,63
sandy soil,46,23.3,64
sandy soil,25,80.0,65
sandy soil,26,77.0,66
sandy soil,27,74.0,67
sandy soil,28,71.0,68
sandy soil,29,68.0,69
sandy soil,30,65.0,70
sandy soil,31,62.0,71
sandy soil,32,59.0,72
sandy soil,33,56.0,73
sandy soil,34,53.0,74
sandy soil,35,50.0,75
sandy soil,36,47.0,76
sandy soil,37,44.0,77
sandy soil,38,41.0,78
sandy soil,39,38.0,79
sandy soil,40,35.0,80
sandy soil,41,32.0,81
sandy soil,42,29.0,82
sandy soil,43,26.0,83
sandy soil,44,23.0,84
sandy soil,45,20.0,85
sandy soil,46,17.0,86
sandy soil,25,80.0,87
sandy soil,26,77.0,88
sandy soil,27,74.0,89
sandy soil,28,71.0,90
sandy soil,29,68.0,91
sandy soil,30,65.0,92
sandy soil,31,62.0,93
sandy soil,32,59.0,94
sandy soil,33,56.0,95
sandy soil,34,53.0,96
sandy soil,35,50.0,97
sandy soil,36,47.0,98
sandy soil,37,44.0,99
sandy soil,38,41.0,100
sandy soil,39,38.0,1
sandy soil,40,35.0,2
sandy soil,41,32.0,3
sandy soil,42,29.0,4
sandy soil,43,26.0,5
sandy soil,44,23.0,6
sandy soil,45,20.0,7
sandy soil,46,17.0,8
sandy soil,25,80.0,9
sandy soil,26,77.0,10
sandy soil,27,74.0,11
sandy soil,28,71.0,12
sandy soil,29,68.0,13
sandy soil,30,65.0,14
sandy soil,31,62.0,15
sandy soil,32,59.0,16
sandy soil,33,56.0,17
sandy soil,34,53.0,18
sandy soil,35,50.0,19
sandy soil,36,47.0,20
sandy soil,37,44.0,21
sandy soil,38,41.0,22
sandy soil,39,38.0,23
sandy soil,40,35.0,24
sandy soil,41,32.0,25
sandy soil,42,29.0,26
sandy soil,43,26.0,27
sandy soil,44,23.0,28
sandy soil,45,20.0,29
sandy soil,46,17.0,30
sandy soil,25,80.0,31
sandy soil,26,77.0,32
sandy soil,27,74.0,33
sandy soil,28,71.0,34
sandy soil,29,68.0,35
sandy soil,30,65.0,36
sandy soil,31,62.0,37
sandy soil,32,59.0,38
sandy soil,33,56.0,39
sandy soil,34,53.0,40
sandy soil,35,50.0,41
sandy soil,36,47.0,42
sandy soil,37,44.0,43
sandy soil,38,41.0,44
sandy soil,39,38.0,45
sandy soil,40,35.0,46
sandy soil,41,32.0,47
sandy soil,42,29.0,48
sandy soil,43,26.0,49
sandy soil,44,23.0,50
sandy soil,45,20.0,51
sandy soil,46,17.0,52
sandy soil,25,80.0,53
sandy soil,26,77.0,54
sandy soil,27,74.0,55
sandy soil,28,71.0,56
sandy soil,29,68.0,57
sandy soil,30,65.0,58
sandy soil,31,62.0,59
sandy soil,32,59.0,60
sandy soil,33,56.0,61
sandy soil,34,53.0,62
sandy soil,35,50.0,63
sandy soil,36,47.0,64
sandy soil,37,44.0,65
sandy soil,38,41.0,66
sandy soil,39,38.0,67
sandy soil,40,35.0,68
sandy soil,41,32.0,69
sandy soil,42,29.0,70
sandy soil,43,26.0,71
sandy soil,44,23.0,72
sandy soil,45,20.0,73
sandy soil,46,17.0,74
sandy soil,25,80.0,75
sandy soil,26,77.0,76
sandy soil,27,74.0,77
sandy soil,28,71.0,78
sandy soil,29,68.0,79
sandy soil,30,65.0,80
sandy soil,31,62.0,81
sandy soil,32,59.0,82
sandy soil,33,56.0,83
sandy soil,34,53.0,84
sandy soil,35,50.0,85
sandy soil,36,47.0,86
sandy soil,37,44.0,87
sandy soil,38,41.0,88
sandy soil,39,38.0,89
sandy soil,40,35.0,90
sandy soil,41,32.0,91
sandy soil,42,29.0,92
sandy soil,43,26.0,93
sandy soil,44,23.0,94
sandy soil,45,20.0,95
sandy soil,46,17.0,96
sandy soil,25,81.0,97
sandy soil,26,79.0,98
sandy soil,27,76.0,99
sandy soil,28,73.0,100
sandy soil,29,70.0,1
sandy soil,30,67.0,2
sandy soil,31,64.0,3
sandy soil,32,61.0,4
sandy soil,33,58.0,5
sandy soil,34,55.0,6
sandy soil,35,52.0,7
sandy soil,36,49.0,8
sandy soil,37,46.0,9
sandy soil,38,43.0,10
sandy soil,39,40.0,11
sandy soil,40,37.0,12
sandy soil,41,34.0,13
sandy soil,42,31.0,14
sandy soil,43,28.0,15
sandy soil,44,25.0,16
sandy soil,45,22.0,17
sandy soil,46,19.0,18
sandy soil,25,80.0,19
sandy soil,26,77.0,20
sandy soil,27,74.0,21
sandy soil,28,71.0,22
sandy soil,29,68.0,23
sandy soil,30,65.0,24
sandy soil,31,62.0,25
sandy soil,32,59.0,26
sandy soil,33,56.0,27
sandy soil,34,53.0,28
sandy soil,35,50.0,29
sandy soil,36,47.0,30
sandy soil,37,44.0,31
sandy soil,38,41.0,32
sandy soil,39,38.0,33
sandy soil,40,35.0,34
sandy soil,41,32.0,35
sandy soil,42,29.0,36
sandy soil,43,26.0,37
sandy soil,44,23.0,38
sandy soil,45,20.0,39
sandy soil,46,17.0,40
sandy soil,25,80.0,41
sandy soil,26,77.0,42
sandy soil,27,74.0,43
sandy soil,28,71.0,44
sandy soil,29,68.0,45
sandy soil,30,65.0,46
sandy soil,31,62.0,47
sandy soil,32,59.0,48
sandy soil,33,56.0,49
sandy soil,34,53.0,50
sandy soil,35,50.0,51
sandy soil,36,47.0,52
sandy soil,37,44.0,53
sandy soil,38,41.0,54
sandy soil,39,38.0,55
sandy soil,40,35.0,56
sandy soil,41,32.0,57
sandy soil,42,29.0,58
sandy soil,43,26.0,59
sandy soil,44,23.0,60
sandy soil,45,20.0,61
sandy soil,46,17.0,62
sandy soil,25,80.0,63
sandy soil,26,77.0,64
sandy soil,27,74.0,65
sandy soil,28,71.0,66
sandy soil,29,68.0,67
sandy soil,30,65.0,68
sandy soil,31,62.0,69
sandy soil,32,59.0,70
sandy soil,33,56.0,71
sandy soil,34,53.0,72
sandy soil,35,50.0,73
sandy soil,36,47.0,74
sandy soil,37,44.0,75
sandy soil,38,41.0,76
sandy soil,39,38.0,77
sandy soil,40,35.0,78
sandy soil,41,32.0,79
sandy soil,42,29.0,80
sandy soil,43,26.0,81
sandy soil,44,23.0,82
sandy soil,45,20.0,83
sandy soil,46,17.0,84
sandy soil,25,80.0,85
sandy soil,26,77.0,86
sandy soil,27,74.0,87
sandy soil,28,71.0,88
sandy soil,29,68.0,89
sandy soil,30,65.0,90
sandy soil,31,62.0,91
sandy soil,32,59.0,92
sandy soil,33,56.0,93
sandy soil,34,53.0,94
sandy soil,35,50.0,95
sandy soil,36,47.0,96
sandy soil,37,44.0,97
sandy soil,38,41.0,98
sandy soil,39,38.0,99
sandy soil,40,35.0,100
loam soil,41,32.0,1
loam soil,42,29.0,2
loam soil,43,26.0,3
loam soil,44,23.0,4
loam soil,45,20.0,5
loam soil,46,17.0,6
loam soil,25,80.0,7
loam soil,26,77.0,8
loam soil,27,74.0,9
loam soil,28,71.0,10
loam soil,29,68.0,11
loam soil,30,65.0,12
loam soil,31,62.0,13
loam soil,32,59.0,14
loam soil,33,56.0,15
loam soil,34,53.0,16
loam soil,35,50.0,17
loam soil,36,47.0,18
loam soil,37,44.0,19
loam soil,38,41.0,20
loam soil,39,38.0,21
loam soil,40,35.0,22
loam soil,41,32.0,23
loam soil,42,29.0,24
loam soil,43,26.0,25
loam soil,44,23.0,26
loam soil,45,20.0,27
loam soil,46,17.0,28
loam soil,25,80.0,29
loam soil,26,77.0,30
loam soil,27,74.0,31
loam soil,28,71.0,32
loam soil,29,68.0,33
loam soil,30,65.0,34
loam soil,31,62.0,35
loam soil,32,59.0,36
loam soil,33,56.0,37
loam soil,34,53.0,38
loam soil,35,50.0,39
loam soil,36,47.0,40
loam soil,37,44.0,41
loam soil,38,41.0,42
loam soil,39,38.0,43
loam soil,40,35.0,44
loam soil,41,32.0,45
loam soil,42,29.0,46
loam soil,43,26.0,47
loam soil,44,23.0,48
loam soil,45,20.0,49
loam soil,46,17.0,50
loam soil,25,80.0,51
loam soil,26,77.0,52
loam soil,27,74.0,53
loam soil,28,71.0,54
loam soil,29,68.0,55
loam soil,30,65.0,56
loam soil,31,62.0,57
loam soil,32,59.0,58
loam soil,33,56.0,59
loam soil,34,53.0,60
loam soil,35,50.0,61
loam soil,36,47.0,62
loam soil,37,44.0,63
loam soil,38,41.0,64
loam soil,39,38.0,65
loam soil,40,35.0,66
loam soil,41,32.0,67
loam soil,42,29.0,68
loam soil,43,26.0,69
loam soil,44,23.0,70
loam soil,45,20.0,71
loam soil,46,17.0,72
loam soil,25,80.0,73
loam soil,26,77.0,74
loam soil,27,74.0,75
loam soil,28,71.0,76
loam soil,29,68.0,77
loam soil,30,65.0,78
loam soil,31,62.0,79
loam soil,32,59.0,80
loam soil,33,56.0,81
loam soil,34,53.0,82
loam soil,35,50.0,83
loam soil,36,47.0,84
loam soil,37,44.0,85
loam soil,38,41.0,86
loam soil,39,38.0,87
loam soil,40,35.0,88
loam soil,41,32.0,89
loam soil,42,29.0,90
loam soil,43,26.0,91
loam soil,44,23.0,92
loam soil,45,20.0,93
loam soil,46,17.0,94
loam soil,25,80.0,95
loam soil,26,77.0,96
loam soil,27,74.0,97
loam soil,28,71.0,98
loam soil,29,68.0,99
loam soil,30,65.0,100
loam soil,31,62.0,1
loam soil,32,59.0,2
loam soil,33,56.0,3
loam soil,34,53.0,4
loam soil,35,50.0,5
loam soil,36,47.0,6
loam soil,37,44.0,7
loam soil,38,41.0,8
loam soil,39,38.0,9
loam soil,40,35.0,10
loam soil,41,32.0,11
loam soil,42,29.0,12
loam soil,43,26.0,13
loam soil,44,23.0,14
loam soil,45,20.0,15
loam soil,46,17.0,16
loam soil,25,80.0,17
loam soil,26,77.0,18
loam soil,27,74.0,19
loam soil,28,71.0,20
loam soil,29,68.0,21
loam soil,30,65.0,22
loam soil,31,62.0,23
loam soil,32,59.0,24
loam soil,33,56.0,25
loam soil,34,53.0,26
loam soil,35,50.0,27
loam soil,36,47.0,28
loam soil,37,44.0,29
loam soil,38,41.0,30
loam soil,39,38.0,31
loam soil,40,35.0,32
loam soil,41,32.0,33
loam soil,42,29.0,34
loam soil,43,26.0,35
loam soil,44,23.0,36
loam soil,45,20.0,37
loam soil,46,17.0,38
loam soil,25,80.0,39
loam soil,26,77.0,40
loam soil,27,74.0,41
loam soil,28,71.0,42
loam soil,29,68.0,43
loam soil,30,65.0,44
loam soil,31,62.0,45
loam soil,32,59.0,46
loam soil,33,56.0,47
loam soil,34,53.0,48
loam soil,35,50.0,49
loam soil,36,47.0,50
loam soil,37,44.0,51
loam soil,38,41.0,52
loam soil,39,38.0,53
loam soil,40,35.0,54
loam soil,41,32.0,55
loam soil,42,29.0,56
loam soil,43,26.0,57
loam soil,44,23.0,58
loam soil,45,20.0,59
loam soil,46,17.0,60
loam soil,25,80.0,61
loam soil,26,77.0,62
loam soil,27,74.0,63
loam soil,28,71.0,64
loam soil,29,68.0,65
loam soil,30,65.0,66
loam soil,31,62.0,67
loam soil,32,59.0,68
loam soil,33,56.0,69
loam soil,34,53.0,70
loam soil,35,50.0,71
loam soil,36,47.0,72
loam soil,37,44.0,73
loam soil,38,41.0,74
loam soil,39,38.0,75
loam soil,40,35.0,76
loam soil,41,32.0,77
loam soil,42,29.0,78
loam soil,43,26.0,79
loam soil,44,23.0,80
loam soil,45,20.0,81
loam soil,46,17.0,82
loam soil,25,80.0,83
loam soil,26,77.0,84
loam soil,27,74.0,85
loam soil,28,71.0,86
loam soil,29,68.0,87
loam soil,30,65.0,88
loam soil,31,62.0,89
loam soil,32,59.0,90
loam soil,33,56.0,91
loam soil,34,53.0,92
loam soil,35,50.0,93
loam soil,36,47.0,94
loam soil,37,44.0,95
loam soil,38,41.0,96
loam soil,39,38.0,97
loam soil,40,35.0,98
loam soil,41,32.0,99
loam soil,42,29.0,100
loam soil,43,26.0,1
loam soil,44,23.0,2
loam soil,45,20.0,3
loam soil,46,17.0,4
loam soil,25,80.0,5
loam soil,26,77.0,6
loam soil,27,74.0,7
loam soil,28,71.0,8
loam soil,29,68.0,9
loam soil,30,65.0,10
loam soil,31,62.0,11
loam soil,32,59.0,12
loam soil,33,56.0,13
loam soil,34,53.0,14
loam soil,35,50.0,15
loam soil,36,47.0,16
loam soil,37,44.0,17
loam soil,38,41.0,18
loam soil,39,38.0,19
loam soil,40,35.0,20
loam soil,41,32.0,21
loam soil,42,29.0,22
loam soil,43,26.0,23
loam soil,44,23.0,24
loam soil,45,20.0,25
loam soil,46,17.0,26
loam soil,25,80.0,27
loam soil,26,77.0,28
loam soil,27,74.0,29
loam soil,28,71.0,30
loam soil,29,68.0,31
loam soil,30,65.0,32
loam soil,31,62.0,33
loam soil,32,59.0,34
loam soil,33,56.0,35
loam soil,34,53.0,36
loam soil,35,50.0,37
loam soil,36,47.0,38
loam soil,37,44.0,39
loam soil,38,41.0,40
loam soil,39,38.0,41
loam soil,40,35.0,42
loam soil,41,32.0,43
loam soil,42,29.0,44
loam soil,43,26.0,45
loam soil,44,23.0,46
loam soil,45,20.0,47
loam soil,46,17.0,48
loam soil,25,80.0,49
loam soil,26,77.0,50
loam soil,27,74.0,51
loam soil,28,71.0,52
loam soil,29,68.0,53
loam soil,30,65.0,54
loam soil,31,62.0,55
loam soil,32,59.0,56
loam soil,33,56.0,57
loam soil,34,53.0,58
loam soil,35,50.0,59
loam soil,36,47.0,60
loam soil,37,44.0,61
loam soil,38,41.0,62
loam soil,39,38.0,63
loam soil,40,35.0,64
loam soil,41,32.0,65
loam soil,42,29.0,66
loam soil,43,26.0,67
loam soil,44,23.0,68
loam soil,45,20.0,69
loam soil,46,17.0,70
loam soil,25,80.0,71
loam soil,26,77.0,72
loam soil,27,74.0,73
loam soil,28,71.0,74
loam soil,29,68.0,75
loam soil,30,65.0,76
loam soil,31,62.0,77
loam soil,32,59.0,78
loam soil,33,56.0,79
loam soil,34,53.0,80
loam soil,35,50.0,81
loam soil,36,47.0,82
loam soil,37,44.0,83
loam soil,38,41.0,84
loam soil,39,38.0,85
loam soil,40,35.0,86
loam soil,41,32.0,87
loam soil,42,29.0,88
loam soil,43,26.0,89
loam soil,44,23.0,90
loam soil,45,20.0,91
loam soil,46,17.0,92
loam soil,25,80.0,93
loam soil,26,77.0,94
loam soil,27,74.0,95
loam soil,28,71.0,96
loam soil,29,68.0,97
loam soil,30,65.0,98
loam soil,31,62.0,99
loam soil,32,59.0,100
loam soil,33,56.0,1
loam soil,34,53.0,2
loam soil,35,50.0,3
loam soil,36,47.0,4
loam soil,37,44.0,5
loam soil,38,41.0,6
loam soil,39,38.0,7
loam soil,40,35.0,8
loam soil,41,32.0,9
loam soil,42,29.0,10
loam soil,43,26.0,11
loam soil,44,23.0,12
loam soil,45,20.0,13
loam soil,46,17.0,14
loam soil,25,80.0,15
loam soil,26,77.0,16
loam soil,27,74.0,17
loam soil,28,71.0,18
loam soil,29,68.0,19
loam soil,30,65.0,20
loam soil,31,62.0,21
loam soil,32,59.0,22
loam soil,33,56.0,23
loam soil,34,53.0,24
loam soil,35,50.0,25
loam soil,36,47.0,26
loam soil,37,44.0,27
loam soil,38,41.0,28
loam soil,39,38.0,29
loam soil,40,35.0,30
loam soil,41,32.0,31
loam soil,42,29.0,32
loam soil,43,26.0,33
loam soil,44,23.0,34
loam soil,45,20.0,35
loam soil,46,17.0,36
loam soil,25,80.0,37
loam soil,26,77.0,38
loam soil,27,74.0,39
loam soil,28,71.0,40
loam soil,29,68.0,41
loam soil,30,65.0,42
loam soil,31,62.0,43
loam soil,32,59.0,44
loam soil,33,56.0,45
loam soil,34,53.0,46
loam soil,35,50.0,47
loam soil,36,47.0,48
loam soil,37,44.0,49
loam soil,38,41.0,50
loam soil,39,38.0,51
loam soil,40,35.0,52
loam soil,41,32.0,53
loam soil,42,29.0,54
loam soil,43,26.0,55
loam soil,44,23.0,56
loam soil,45,20.0,57
loam soil,46,17.0,58
loam soil,25,80.0,59
loam soil,26,77.0,60
loam soil,27,74.0,61
loam soil,28,71.0,62
loam soil,29,68.0,63
loam soil,30,65.0,64
loam soil,31,62.0,65
loam soil,32,59.0,66
loam soil,33,56.0,67
loam soil,34,53.0,68
loam soil,35,50.0,69
loam soil,36,47.0,70
loam soil,37,44.0,71
loam soil,38,41.0,72
loam soil,39,38.0,73
loam soil,40,35.0,74
loam soil,41,32.0,75
loam soil,42,29.0,76
loam soil,43,26.0,77
loam soil,44,23.0,78
loam soil,45,20.0,79
loam soil,46,17.0,80
loam soil,25,80.0,81
loam soil,26,77.0,82
loam soil,27,74.0,83
loam soil,28,71.0,84
loam soil,29,68.0,85
loam soil,30,65.0,86
loam soil,31,62.0,87
loam soil,32,59.0,88
loam soil,33,56.0,89
loam soil,34,53.0,90
loam soil,35,50.0,91
loam soil,36,47.0,92
loam soil,37,44.0,93
loam soil,38,41.0,94
loam soil,39,38.0,95
loam soil,40,35.0,96
loam soil,41,32.0,97
loam soil,42,29.0,98
loam soil,43,26.0,99
loam soil,44,23.0,100
loam soil,45,20.0,1
loam soil,46,17.0,2
loam soil,25,80.0,3
loam soil,26,77.0,4
loam soil,27,74.0,5
loam soil,28,71.0,6
loam soil,29,68.0,7
loam soil,30,65.0,8
loam soil,31,62.0,9
loam soil,32,59.0,10
loam soil,33,56.0,11
loam soil,34,53.0,12
loam soil,35,50.0,13
loam soil,36,47.0,14
loam soil,37,44.0,15
loam soil,38,41.0,16
loam soil,39,38.0,17
loam soil,40,35.0,18
loam soil,41,32.0,19
loam soil,42,29.0,20
loam soil,43,26.0,21
loam soil,44,23.0,22
loam soil,45,20.0,23
loam soil,46,17.0,24
loam soil,25,80.0,25
loam soil,26,77.0,26
loam soil,27,74.0,27
loam soil,28,71.0,28
loam soil,29,68.0,29
loam soil,30,65.0,30
loam soil,31,62.0,31
loam soil,32,59.0,32
loam soil,33,56.0,33
loam soil,34,53.0,34
loam soil,35,50.0,35
loam soil,36,47.0,36
loam soil,37,44.0,37
loam soil,38,41.0,38
loam soil,39,38.0,39
loam soil,40,35.0,40
loam soil,41,32.0,41
loam soil,42,29.0,42
loam soil,43,26.0,43
loam soil,44,23.0,44
loam soil,45,20.0,45
loam soil,46,17.0,46
loam soil,25,80.0,47
loam soil,26,77.0,48
loam soil,27,74.0,49
loam soil,28,71.0,50
loam soil,29,68.0,51
loam soil,30,65.0,52
loam soil,31,62.0,53
loam soil,32,59.0,54
loam soil,33,56.0,55
loam soil,34,53.0,56
loam soil,35,50.0,57
loam soil,36,47.0,58
loam soil,37,44.0,59
loam soil,38,41.0,60
loam soil,39,38.0,61
loam soil,40,35.0,62
loam soil,41,32.0,63
loam soil,42,29.0,64
loam soil,43,26.0,65
loam soil,44,23.0,66
loam soil,45,20.0,67
loam soil,46,17.0,68
loam soil,25,80.0,69
loam soil,26,77.0,70
loam soil,27,74.0,71
loam soil,28,71.0,72
loam soil,29,68.0,73
loam soil,30,65.0,74
loam soil,31,62.0,75
loam soil,32,59.0,76
loam soil,33,56.0,77
loam soil,34,53.0,78
loam soil,35,50.0,79
loam soil,36,47.0,80
loam soil,37,44.0,81
loam soil,38,41.0,82
loam soil,39,38.0,83
loam soil,40,35.0,84
loam soil,41,32.0,85
loam soil,42,29.0,86
loam soil,43,26.0,87
loam soil,44,23.0,88
loam soil,45,20.0,89
loam soil,46,17.0,90
loam soil,25,80.0,91
loam soil,26,77.0,92
loam soil,27,74.0,93
loam soil,28,71.0,94
loam soil,29,68.0,95
loam soil,30,65.0,96
loam soil,31,62.0,97
loam soil,32,59.0,98
loam soil,33,56.0,99
loam soil,34,53.0,100
clay soil,35,50.0,1
clay soil,36,47.0,2
clay soil,37,44.0,3
clay soil,38,41.0,4
clay soil,39,38.0,5
clay soil,40,35.0,6
clay soil,41,32.0,7
clay soil,42,29.0,8
clay soil,43,26.0,9
clay soil,44,23.0,10
clay soil,45,20.0,11
clay soil,46,17.0,12
clay soil,25,80.0,13
clay soil,26,77.0,14
clay soil,27,74.0,15
clay soil,28,71.0,16
clay soil,29,68.0,17
clay soil,30,65.0,18
clay soil,31,62.0,19
clay soil,32,59.0,20
clay soil,33,56.0,21
clay soil,34,53.0,22
clay soil,35,50.0,23
clay soil,36,47.0,24
clay soil,37,44.0,25
clay soil,38,41.0,26
clay soil,39,38.0,27
clay soil,40,35.0,28
clay soil,41,32.0,29
clay soil,42,29.0,30
clay soil,43,26.0,31
clay soil,44,23.0,32
clay soil,45,20.0,33
clay soil,46,17.0,34
clay soil,25,80.0,35
clay soil,26,77.0,36
clay soil,27,74.0,37
clay soil,28,71.0,38
clay soil,29,68.0,39
clay soil,30,65.0,40
clay soil,31,62.0,41
clay soil,32,59.0,42
clay soil,33,56.0,43
clay soil,34,53.0,44
clay soil,35,50.0,45
clay soil,36,47.0,46
clay soil,37,44.0,47
clay soil,38,41.0,48
clay soil,39,38.0,49
clay soil,40,35.0,50
clay soil,41,32.0,51
clay soil,42,29.0,52
clay soil,43,26.0,53
clay soil,44,23.0,54
clay soil,45,20.0,55
clay soil,46,17.0,56
clay soil,25,80.0,57
clay soil,26,77.0,58
clay soil,27,74.0,59
clay soil,28,71.0,60
clay soil,29,68.0,61
clay soil,30,65.0,62
clay soil,31,62.0,63
clay soil,32,59.0,64
clay soil,33,56.0,65
clay soil,34,53.0,66
clay soil,35,50.0,67
clay soil,36,47.0,68
clay soil,37,44.0,69
clay soil,38,41.0,70
clay soil,39,38.0,71
clay soil,40,35.0,72
clay soil,41,32.0,73
clay soil,42,29.0,74
clay soil,43,26.0,75
clay soil,44,23.0,76
clay soil,45,20.0,77
clay soil,46,17.0,78
clay soil,25,80.0,79
clay soil,26,77.0,80
clay soil,27,74.0,81
clay soil,28,71.0,82
clay soil,29,68.0,83
clay soil,30,65.0,84
clay soil,31,62.0,85
clay soil,32,59.0,86
clay soil,33,56.0,87
clay soil,34,53.0,88
clay soil,35,50.0,89
clay soil,36,47.0,90
clay soil,37,44.0,91
clay soil,38,41.0,92
clay soil,39,38.0,93
clay soil,40,35.0,94
clay soil,41,32.0,95
clay soil,42,29.0,96
clay soil,43,26.0,97
clay soil,44,23.0,98
clay soil,45,20.0,99
clay soil,46,17.0,100
clay soil,25,80.0,1
clay soil,26,77.0,2
clay soil,27,74.0,3
clay soil,28,71.0,4
clay soil,29,68.0,5
clay soil,30,65.0,6
clay soil,31,62.0,7
clay soil,32,59.0,8
clay soil,33,56.0,9
clay soil,34,53.0,10
clay soil,35,50.0,11
clay soil,36,47.0,12
clay soil,37,44.0,13
clay soil,38,41.0,14
clay soil,39,38.0,15
clay soil,40,35.0,16
clay soil,41,32.0,17
clay soil,42,29.0,18
clay soil,43,26.0,19
clay soil,44,23.0,20
clay soil,45,20.0,21
clay soil,46,17.0,22
clay soil,25,80.0,23
clay soil,26,77.0,24
clay soil,27,74.0,25
clay soil,28,71.0,26
clay soil,29,68.0,27
clay soil,30,65.0,28
clay soil,31,62.0,29
clay soil,32,59.0,30
clay soil,33,56.0,31
clay soil,34,53.0,32
clay soil,35,50.0,33
clay soil,36,47.0,34
clay soil,37,44.0,35
clay soil,38,41.0,36
clay soil,39,38.0,37
clay soil,40,35.0,38
clay soil,41,32.0,39
clay soil,42,29.0,40
clay soil,43,26.0,41
clay soil,44,23.0,42
clay soil,45,20.0,43
clay soil,46,17.0,44
clay soil,25,80.0,45
clay soil,26,77.0,46
clay soil,27,74.0,47
clay soil,28,71.0,48
clay soil,29,68.0,49
clay soil,30,65.0,50
clay soil,31,62.0,51
clay soil,32,59.0,52
clay soil,33,56.0,53
clay soil,34,53.0,54
clay soil,35,50.0,55
clay soil,36,47.0,56
clay soil,37,44.0,57
clay soil,38,41.0,58
clay soil,39,38.0,59
clay soil,40,35.0,60
clay soil,41,32.0,61
clay soil,42,29.0,62
clay soil,43,26.0,63
clay soil,44,23.0,64
clay soil,45,20.0,65
clay soil,46,17.0,66
clay soil,25,80.0,67
clay soil,26,77.0,68
clay soil,27,74.0,69
clay soil,28,71.0,70
clay soil,29,68.0,71
clay soil,30,65.0,72
clay soil,31,62.0,73
clay soil,32,59.0,74
clay soil,33,56.0,75
clay soil,34,53.0,76
clay soil,35,50.0,77
clay soil,36,47.0,78
clay soil,37,44.0,79
clay soil,38,41.0,80
clay soil,39,38.0,81
clay soil,40,35.0,82
clay soil,41,32.0,83
clay soil,42,29.0,84
clay soil,43,26.0,85
clay soil,44,23.0,86
clay soil,45,20.0,87
clay soil,46,17.0,88
clay soil,25,80.0,89
clay soil,26,77.0,90
clay soil,27,74.0,91
clay soil,28,71.0,92
clay soil,29,68.0,93
clay soil,30,65.0,94
clay soil,31,62.0,95
clay soil,32,59.0,96
clay soil,33,56.0,97
clay soil,34,53.0,98
clay soil,35,50.0,99
clay soil,36,47.0,100
clay soil,37,44.0,1
clay soil,38,41.0,2
clay soil,39,38.0,3
clay soil,40,35.0,4
clay soil,41,32.0,5
clay soil,42,29.0,6
clay soil,43,26.0,7
clay soil,44,23.0,8
clay soil,45,20.0,9
clay soil,46,17.0,10
clay soil,25,80.0,11
clay soil,26,77.0,12
clay soil,27,74.0,13
clay soil,28,71.0,14
clay soil,29,68.0,15
clay soil,30,65.0,16
clay soil,31,62.0,17
clay soil,32,59.0,18
clay soil,33,56.0,19
clay soil,34,53.0,20
clay soil,35,50.0,21
clay soil,36,47.0,22
clay soil,37,44.0,23
clay soil,38,41.0,24
clay soil,39,38.0,25
clay soil,40,35.0,26
clay soil,41,32.0,27
clay soil,42,29.0,28
clay soil,43,26.0,29
clay soil,44,23.0,30
clay soil,45,20.0,31
clay soil,46,17.0,32
clay soil,25,80.0,33
clay soil,26,77.0,34
clay soil,27,74.0,35
clay soil,28,71.0,36
clay soil,29,68.0,37
clay soil,30,65.0,38
clay soil,31,62.0,39
clay soil,32,59.0,40
clay soil,33,56.0,41
clay soil,34,53.0,42
clay soil,35,50.0,43
clay soil,36,47.0,44
clay soil,37,44.0,45
clay soil,38,41.0,46
clay soil,39,38.0,47
clay soil,40,35.0,48
clay soil,41,32.0,49
clay soil,42,29.0,50
clay soil,43,26.0,51
clay soil,44,23.0,52
clay soil,45,20.0,53
clay soil,46,17.0,54
clay soil,25,80.0,55
clay soil,26,77.0,56
clay soil,27,74.0,57
clay soil,28,71.0,58
clay soil,29,68.0,59
clay soil,30,65.0,60
clay soil,31,62.0,61
clay soil,32,59.0,62
clay soil,33,56.0,63
clay soil,34,53.0,64
clay soil,35,50.0,65
clay soil,36,47.0,66
clay soil,37,44.0,67
clay soil,38,41.0,68
clay soil,39,38.0,69
clay soil,40,35.0,70
clay soil,41,32.0,71
clay soil,42,29.0,72
clay soil,43,26.0,73
clay soil,44,23.0,74
clay soil,45,20.0,75
clay soil,46,17.0,76
clay soil,25,80.0,77
clay soil,26,77.0,78
clay soil,27,74.0,79
clay soil,28,71.0,80
clay soil,29,68.0,81
clay soil,30,65.0,82
clay soil,31,62.0,83
clay soil,32,59.0,84
clay soil,33,56.0,85
clay soil,34,53.0,86
clay soil,35,50.0,87
clay soil,36,47.0,88
clay soil,37,44.0,89
clay soil,38,41.0,90
clay soil,39,38.0,91
clay soil,40,35.0,92
clay soil,41,32.0,93
clay soil,42,29.0,94
clay soil,43,26.0,95
clay soil,44,23.0,96
clay soil,45,20.0,97
clay soil,46,17.0,98
clay soil,25,80.0,99
clay soil,26,77.0,100
clay soil,27,74.0,1
clay soil,28,71.0,2
clay soil,29,68.0,3
clay soil,30,65.0,4
clay soil,31,62.0,5
clay soil,32,59.0,6
clay soil,33,56.0,7
clay soil,34,53.0,8
clay soil,35,50.0,9
clay soil,36,47.0,10
clay soil,37,44.0,11
clay soil,38,41.0,12
clay soil,39,38.0,13
clay soil,40,35.0,14
clay soil,41,32.0,15
clay soil,42,29.0,16
clay soil,43,26.0,17
clay soil,44,23.0,18
clay soil,45,20.0,19
clay soil,46,17.0,20
clay soil,25,80.0,21
clay soil,26,77.0,22
clay soil,27,74.0,23
clay soil,28,71.0,24
clay soil,29,68.0,25
clay soil,30,65.0,26
clay soil,31,62.0,27
clay soil,32,59.0,28
clay soil,33,56.0,29
clay soil,34,53.0,30
clay soil,35,50.0,31
clay soil,36,47.0,32
clay soil,37,44.0,33
clay soil,38,41.0,34
clay soil,39,38.0,35
clay soil,40,35.0,36
clay soil,41,32.0,37
clay soil,42,29.0,38
clay soil,43,26.0,39
clay soil,44,23.0,40
clay soil,45,20.0,41
clay soil,46,17.0,42
clay soil,25,80.0,43
clay soil,26,77.0,44
clay soil,27,74.0,45
clay soil,28,71.0,46
clay soil,29,68.0,47
clay soil,30,65.0,48
clay soil,31,62.0,49
clay soil,32,59.0,50
clay soil,33,56.0,51
clay soil,34,53.0,52
clay soil,35,50.0,53
clay soil,36,47.0,54
clay soil,37,44.0,55
clay soil,38,41.0,56
clay soil,39,38.0,57
clay soil,40,35.0,58
clay soil,41,32.0,59
clay soil,42,29.0,60
clay soil,43,26.0,61
clay soil,44,23.0,62
clay soil,45,20.0,63
clay soil,46,17.0,64
clay soil,25,80.0,65
clay soil,26,77.0,66
clay soil,27,74.0,67
clay soil,28,71.0,68
clay soil,29,68.0,69
clay soil,30,65.0,70
clay soil,31,62.0,71
clay soil,32,59.0,72
clay soil,33,56.0,73
clay soil,34,53.0,74
clay soil,35,50.0,75
clay soil,36,47.0,76
clay soil,37,44.0,77
clay soil,38,41.0,78
clay soil,39,38.0,79
clay soil,40,35.0,80
clay soil,41,32.0,81
clay soil,42,29.0,82
clay soil,43,26.0,83
clay soil,44,23.0,84
clay soil,45,20.0,85
clay soil,46,17.0,86
clay soil,25,80.0,87
clay soil,26,77.0,88
clay soil,27,74.0,89
clay soil,28,71.0,90
clay soil,29,68.0,91
clay soil,30,65.0,92
clay soil,31,62.0,93
clay soil,32,59.0,94
clay soil,33,56.0,95
clay soil,34,53.0,96
clay soil,35,50.0,97
clay soil,36,47.0,98
clay soil,37,44.0,99
clay soil,38,41.0,100
clay soil,39,38.0,1
clay soil,40,35.0,2
clay soil,41,32.0,3
clay soil,42,29.0,4
clay soil,43,26.0,5
clay soil,44,23.0,6
clay soil,45,20.0,7
clay soil,46,17.0,8
clay soil,25,80.0,9
clay soil,26,77.0,10
clay soil,27,74.0,11
clay soil,28,71.0,12
clay soil,29,68.0,13
clay soil,30,65.0,14
clay soil,31,62.0,15
clay soil,32,59.0,16
clay soil,33,56.0,17
clay soil,34,53.0,18
clay soil,35,50.0,19
clay soil,36,47.0,20
clay soil,37,44.0,21
clay soil,38,41.0,22
clay soil,39,38.0,23
clay soil,40,35.0,24
clay soil,41,32.0,25
clay soil,42,29.0,26
clay soil,43,26.0,27
clay soil,44,23.0,28
clay soil,45,20.0,29
clay soil,46,17.0,30
clay soil,25,80.0,31
clay soil,26,77.0,32
clay soil,27,74.0,33
clay soil,28,71.0,34
clay soil,29,68.0,35
clay soil,30,65.0,36
clay soil,31,62.0,37
clay soil,32,59.0,38
clay soil,33,56.0,39
clay soil,34,53.0,40
clay soil,35,50.0,41
clay soil,36,47.0,42
clay soil,37,44.0,43
clay soil,38,41.0,44
clay soil,39,38.0,45
clay soil,40,35.0,46
clay soil,41,32.0,47
clay soil,42,29.0,48
clay soil,43,26.0,49
clay soil,44,23.0,50
clay soil,45,20.0,51
clay soil,46,17.0,52
clay soil,25,80.0,53
clay soil,26,77.0,54
clay soil,27,74.0,55
clay soil,28,71.0,56
clay soil,29,68.0,57
clay soil,30,65.0,58
clay soil,31,62.0,59
clay soil,32,59.0,60
clay soil,33,56.0,61
clay soil,34,53.0,62
clay soil,35,50.0,63
clay soil,36,47.0,64
clay soil,37,44.0,65
clay soil,38,41.0,66
clay soil,39,38.0,67
clay soil,40,35.0,68
clay soil,41,32.0,69
clay soil,42,29.0,70
clay soil,43,26.0,71
clay soil,44,23.0,72
clay soil,45,20.0,73
clay soil,46,17.0,74
clay soil,25,80.0,75
clay soil,26,77.0,76
clay soil,27,74.0,77
clay soil,28,71.0,78
clay soil,29,68.0,79
clay soil,30,65.0,80
clay soil,31,62.0,81
clay soil,32,59.0,82
clay soil,33,56.0,83
clay soil,34,53.0,84
clay soil,35,50.0,85
clay soil,36,47.0,86
clay soil,37,44.0,87
clay soil,38,41.0,88
clay soil,39,38.0,89
clay soil,40,35.0,90
clay soil,41,32.0,91
clay soil,42,29.0,92
clay soil,43,26.0,93
clay soil,44,23.0,94
clay soil,45,20.0,95
clay soil,46,17.0,96
clay soil,25,80.0,97
clay soil,26,77.0,98
clay soil,27,74.0,99
clay soil,28,71.0,100
sandy soil,18,86.0,1
sandy soil,17,87.0,2
sandy soil,16,88.0,3
sandy soil,15,89.0,4
sandy soil,14,90.0,5
sandy soil,13,91.0,6
sandy soil,24,80.0,7
sandy soil,23,81.0,8
sandy soil,22,82.0,9
sandy soil,21,83.0,10
sandy soil,20,84.0,11
sandy soil,19,85.0,12
sandy soil,18,86.0,13
sandy soil,17,87.0,14
sandy soil,16,88.0,15
sandy soil,15,89.0,16
sandy soil,14,90.0,17
sandy soil,13,91.0,18
sandy soil,24,80.0,19
sandy soil,23,81.0,20
sandy soil,22,82.0,21
sandy soil,21,83.0,22
sandy soil,20,84.0,23
sandy soil,19,85.0,24
sandy soil,18,86.0,25
sandy soil,17,87.0,26
sandy soil,16,88.0,27
sandy soil,15,89.0,28
sandy soil,14,90.0,29
sandy soil,13,91.0,30
sandy soil,24,80.0,31
sandy soil,23,81.0,32
sandy soil,22,82.0,33
sandy soil,21,83.0,34
sandy soil,20,84.0,35
sandy soil,19,85.0,36
sandy soil,18,86.0,37
sandy soil,17,87.0,38
sandy soil,16,88.0,39
sandy soil,15,89.0,40
sandy soil,14,90.0,41
sandy soil,24,80.0,42
sandy soil,23,81.0,43
sandy soil,22,82.0,44
sandy soil,21,83.0,45
sandy soil,20,84.0,46
sandy soil,19,85.0,47
sandy soil,18,86.0,48
sandy soil,17,87.0,49
sandy soil,16,88.0,50
sandy soil,15,89.0,51
sandy soil,14,90.0,52
sandy soil,13,91.0,53
sandy soil,24,80.0,54
sandy soil,23,81.0,55
sandy soil,22,82.0,56
sandy soil,21,83.0,57
sandy soil,20,84.0,58
sandy soil,19,85.0,59
sandy soil,18,86.0,60
sandy soil,17,87.0,61
sandy soil,16,88.0,62
sandy soil,15,89.0,63
sandy soil,14,90.0,64
sandy soil,13,91.0,65
sandy soil,24,80.0,66
sandy soil,23,81.0,67
sandy soil,22,82.0,68
sandy soil,21,83.0,69
sandy soil,24,80.0,70
sandy soil,23,81.0,71
sandy soil,22,82.0,72
sandy soil,21,83.0,73
sandy soil,20,84.0,74
sandy soil,19,85.0,75
sandy soil,18,86.0,76
sandy soil,17,87.0,77
sandy soil,16,88.0,78
sandy soil,15,89.0,79
sandy soil,18,86.0,1
sandy soil,17,87.0,2
sandy soil,16,88.0,3
sandy soil,15,89.0,4
sandy soil,14,90.0,5
sandy soil,13,91.0,6
sandy soil,24,80.0,7
sandy soil,23,81.0,8
sandy soil,22,82.0,9
sandy soil,21,83.0,10
sandy soil,20,84.0,11
sandy soil,19,85.0,12
sandy soil,18,86.0,13
sandy soil,17,87.0,14
sandy soil,16,88.0,15
sandy soil,15,89.0,16
sandy soil,14,90.0,17
sandy soil,13,91.0,18
sandy soil,24,80.0,19
sandy soil,23,81.0,20
sandy soil,22,82.0,21
sandy soil,21,83.0,22
sandy soil,20,84.0,23
sandy soil,19,85.0,24
sandy soil,18,86.0,25
sandy soil,17,87.0,26
sandy soil,16,88.0,27
sandy soil,15,89.0,28
sandy soil,14,90.0,29
sandy soil,13,91.0,30
sandy soil,24,80.0,31
sandy soil,23,81.0,32
sandy soil,22,82.0,33
sandy soil,21,83.0,34
sandy soil,20,84.0,35
sandy soil,19,85.0,36
sandy soil,18,86.0,37
sandy soil,17,87.0,38
sandy soil,16,88.0,39
sandy soil,15,89.0,40
sandy soil,14,90.0,41
sandy soil,24,80.0,42
sandy soil,23,81.0,43
sandy soil,22,82.0,44
sandy soil,21,83.0,45
sandy soil,20,84.0,46
sandy soil,19,85.0,47
sandy soil,18,86.0,48
sandy soil,17,87.0,49
sandy soil,16,88.0,50
sandy soil,15,89.0,51
sandy soil,14,90.0,52
sandy soil,13,91.0,53
sandy soil,24,80.0,54
sandy soil,23,81.0,55
sandy soil,22,82.0,56
sandy soil,21,83.0,57
sandy soil,20,84.0,58
sandy soil,19,85.0,59
sandy soil,18,86.0,60
sandy soil,17,87.0,61
sandy soil,16,88.0,62
sandy soil,15,89.0,63
sandy soil,14,90.0,64
sandy soil,13,91.0,65
sandy soil,24,80.0,66
sandy soil,23,81.0,67
sandy soil,22,82.0,68
sandy soil,21,83.0,69
sandy soil,18,86.0,1
sandy soil,17,87.0,2
sandy soil,16,88.0,3
sandy soil,15,89.0,4
sandy soil,14,90.0,5
sandy soil,13,91.0,6
sandy soil,24,80.0,7
sandy soil,23,81.0,8
sandy soil,22,82.0,9
sandy soil,21,83.0,10
sandy soil,20,84.0,11
sandy soil,19,85.0,12
sandy soil,18,86.0,13
sandy soil,17,87.0,14
sandy soil,16,88.0,15
sandy soil,15,89.0,16
sandy soil,14,90.0,17
sandy soil,13,91.0,18
sandy soil,24,80.0,19
sandy soil,23,81.0,20
sandy soil,22,82.0,21
sandy soil,21,83.0,22
sandy soil,20,84.0,23
sandy soil,19,85.0,24
sandy soil,18,86.0,25
sandy soil,17,87.0,26
sandy soil,16,88.0,27
sandy soil,15,89.0,28
sandy soil,14,90.0,29
sandy soil,13,91.0,30
sandy soil,24,80.0,31
sandy soil,23,81.0,32
sandy soil,22,82.0,33
sandy soil,21,83.0,34
sandy soil,20,84.0,35
sandy soil,19,85.0,36
sandy soil,18,86.0,37
sandy soil,17,87.0,38
sandy soil,16,88.0,39
sandy soil,15,89.0,40
sandy soil,14,90.0,41
sandy soil,24,80.0,42
sandy soil,23,81.0,43
sandy soil,22,82.0,44
sandy soil,21,83.0,45
sandy soil,20,84.0,46
sandy soil,19,85.0,47
sandy soil,18,86.0,48
sandy soil,17,87.0,49
sandy soil,16,88.0,50
sandy soil,15,89.0,51
sandy soil,14,90.0,52
sandy soil,13,91.0,53
sandy soil,24,80.0,54
sandy soil,23,81.0,55
sandy soil,22,82.0,56
sandy soil,21,83.0,57
sandy soil,20,84.0,58
sandy soil,19,85.0,59
sandy soil,18,86.0,60
sandy soil,17,87.0,61
sandy soil,16,88.0,62
sandy soil,15,89.0,63
sandy soil,14,90.0,64
sandy soil,13,91.0,65
sandy soil,24,80.0,66
sandy soil,23,81.0,67
sandy soil,22,82.0,68
sandy soil,21,83.0,69
sandy soil,18,86.0,1
sandy soil,17,87.0,2
sandy soil,16,88.0,3
sandy soil,15,89.0,4
sandy soil,14,90.0,5
sandy soil,13,91.0,6
sandy soil,24,80.0,7
sandy soil,23,81.0,8
sandy soil,22,82.0,9
sandy soil,21,83.0,10
sandy soil,20,84.0,11
sandy soil,19,85.0,12
sandy soil,18,86.0,13
sandy soil,17,87.0,14
sandy soil,16,88.0,15
sandy soil,15,89.0,16
sandy soil,14,90.0,17
sandy soil,13,91.0,18
sandy soil,24,80.0,19
sandy soil,23,81.0,20
sandy soil,22,82.0,21
sandy soil,21,83.0,22
sandy soil,20,84.0,23
sandy soil,19,85.0,24
sandy soil,18,86.0,25
sandy soil,17,87.0,26
sandy soil,16,88.0,27
sandy soil,15,89.0,28
sandy soil,14,90.0,29
sandy soil,13,91.0,30
sandy soil,24,80.0,31
sandy soil,23,81.0,32
sandy soil,22,82.0,33
sandy soil,21,83.0,34
sandy soil,20,84.0,35
sandy soil,19,85.0,36
sandy soil,18,86.0,37
sandy soil,17,87.0,38
sandy soil,16,88.0,39
sandy soil,15,89.0,40
sandy soil,14,90.0,41
sandy soil,24,80.0,42
sandy soil,23,81.0,43
sandy soil,22,82.0,44
sandy soil,21,83.0,45
sandy soil,20,84.0,46
sandy soil,19,85.0,47
sandy soil,18,86.0,48
sandy soil,17,87.0,49
sandy soil,16,88.0,50
sandy soil,15,89.0,51
sandy soil,14,90.0,52
sandy soil,13,91.0,53
sandy soil,24,80.0,54
sandy soil,23,81.0,55
sandy soil,22,82.0,56
sandy soil,21,83.0,57
sandy soil,20,84.0,58
sandy soil,19,85.0,59
sandy soil,18,86.0,60
sandy soil,17,87.0,61
sandy soil,16,88.0,62
sandy soil,15,89.0,63
sandy soil,14,90.0,64
sandy soil,13,91.0,65
sandy soil,24,80.0,66
sandy soil,23,81.0,67
sandy soil,22,82.0,68
sandy soil,21,83.0,69
sandy soil,18,86.0,1
sandy soil,17,87.0,2
sandy soil,16,88.0,3
sandy soil,15,89.0,4
sandy soil,14,90.0,5
sandy soil,13,91.0,6
sandy soil,24,80.0,7
sandy soil,23,81.0,8
sandy soil,22,82.0,9
sandy soil,21,83.0,10
sandy soil,20,84.0,11
sandy soil,19,85.0,12
sandy soil,18,86.0,13
sandy soil,17,87.0,14
sandy soil,16,88.0,15
sandy soil,15,89.0,16
sandy soil,14,90.0,17
sandy soil,13,91.0,18
sandy soil,24,80.0,19
sandy soil,23,81.0,20
sandy soil,22,82.0,21
sandy soil,21,83.0,22
sandy soil,20,84.0,23
sandy soil,19,85.0,24
sandy soil,18,86.0,25
sandy soil,17,87.0,26
sandy soil,16,88.0,27
sandy soil,15,89.0,28
sandy soil,14,90.0,29
sandy soil,13,91.0,30
sandy soil,24,80.0,31
sandy soil,23,81.0,32
sandy soil,22,82.0,33
sandy soil,21,83.0,34
sandy soil,20,84.0,35
sandy soil,19,85.0,36
sandy soil,18,86.0,37
sandy soil,17,87.0,38
sandy soil,16,88.0,39
sandy soil,15,89.0,40
sandy soil,14,90.0,41
sandy soil,24,80.0,42
sandy soil,23,81.0,43
sandy soil,22,82.0,44
sandy soil,21,83.0,45
sandy soil,20,84.0,46
sandy soil,19,85.0,47
sandy soil,18,86.0,48
sandy soil,17,87.0,49
loam soil,18,86.0,1
loam soil,17,87.0,2
loam soil,16,88.0,3
loam soil,15,89.0,4
loam soil,14,90.0,5
loam soil,13,91.0,6
loam soil,24,80.0,7
loam soil,23,81.0,8
loam soil,22,82.0,9
loam soil,21,83.0,10
loam soil,20,84.0,11
loam soil,19,85.0,12
loam soil,18,86.0,13
loam soil,17,87.0,14
loam soil,16,88.0,15
loam soil,15,89.0,16
loam soil,14,90.0,17
loam soil,13,91.0,18
loam soil,24,80.0,19
loam soil,23,81.0,20
loam soil,22,82.0,21
loam soil,21,83.0,22
loam soil,20,84.0,23
loam soil,19,85.0,24
loam soil,18,86.0,25
loam soil,17,87.0,26
loam soil,16,88.0,27
loam soil,15,89.0,28
loam soil,14,90.0,29
loam soil,13,91.0,30
loam soil,24,80.0,31
loam soil,23,81.0,32
loam soil,22,82.0,33
loam soil,21,83.0,34
loam soil,20,84.0,35
loam soil,19,85.0,36
loam soil,18,86.0,37
loam soil,17,87.0,38
loam soil,16,88.0,39
loam soil,15,89.0,40
loam soil,14,90.0,41
loam soil,24,80.0,42
loam soil,23,81.0,43
loam soil,22,82.0,44
loam soil,21,83.0,45
loam soil,20,84.0,46
loam soil,19,85.0,47
loam soil,18,86.0,48
loam soil,17,87.0,49
loam soil,16,88.0,50
loam soil,15,89.0,51
loam soil,14,90.0,52
loam soil,13,91.0,53
loam soil,24,80.0,54
loam soil,23,81.0,55
loam soil,22,82.0,56
loam soil,21,83.0,57
loam soil,20,84.0,58
loam soil,19,85.0,59
loam soil,18,86.0,60
loam soil,17,87.0,61
loam soil,16,88.0,62
loam soil,15,89.0,63
loam soil,14,90.0,64
loam soil,13,91.0,65
loam soil,24,80.0,66
loam soil,23,81.0,67
loam soil,22,82.0,68
loam soil,21,83.0,69
loam soil,24,80.0,70
loam soil,23,81.0,71
loam soil,22,82.0,72
loam soil,21,83.0,73
loam soil,20,84.0,74
loam soil,19,85.0,75
loam soil,18,86.0,76
loam soil,17,87.0,77
loam soil,16,88.0,78
loam soil,15,89.0,79
loam soil,18,86.0,1
loam soil,17,87.0,2
loam soil,16,88.0,3
loam soil,15,89.0,4
loam soil,14,90.0,5
loam soil,13,91.0,6
loam soil,24,80.0,7
loam soil,23,81.0,8
loam soil,22,82.0,9
loam soil,21,83.0,10
loam soil,20,84.0,11
loam soil,19,85.0,12
loam soil,18,86.0,13
loam soil,17,87.0,14
loam soil,16,88.0,15
loam soil,15,89.0,16
loam soil,14,90.0,17
loam soil,13,91.0,18
loam soil,24,80.0,19
loam soil,23,81.0,20
loam soil,22,82.0,21
loam soil,21,83.0,22
loam soil,20,84.0,23
loam soil,19,85.0,24
loam soil,18,86.0,25
loam soil,17,87.0,26
loam soil,16,88.0,27
loam soil,15,89.0,28
loam soil,14,90.0,29
loam soil,13,91.0,30
loam soil,24,80.0,31
loam soil,23,81.0,32
loam soil,22,82.0,33
loam soil,21,83.0,34
loam soil,20,84.0,35
loam soil,19,85.0,36
loam soil,18,86.0,37
loam soil,17,87.0,38
loam soil,16,88.0,39
loam soil,15,89.0,40
loam soil,14,90.0,41
loam soil,24,80.0,42
loam soil,23,81.0,43
loam soil,22,82.0,44
loam soil,21,83.0,45
loam soil,20,84.0,46
loam soil,19,85.0,47
loam soil,18,86.0,48
loam soil,17,87.0,49
loam soil,16,88.0,50
loam soil,15,89.0,51
loam soil,14,90.0,52
loam soil,13,91.0,53
loam soil,24,80.0,54
loam soil,23,81.0,55
loam soil,22,82.0,56
loam soil,21,83.0,57
loam soil,20,84.0,58
loam soil,19,85.0,59
loam soil,18,86.0,60
loam soil,17,87.0,61
loam soil,16,88.0,62
loam soil,15,89.0,63
loam soil,14,90.0,64
loam soil,13,91.0,65
loam soil,24,80.0,66
loam soil,23,81.0,67
loam soil,22,82.0,68
loam soil,21,83.0,69
loam soil,18,86.0,1
loam soil,17,87.0,2
loam soil,16,88.0,3
loam soil,15,89.0,4
loam soil,14,90.0,5
loam soil,13,91.0,6
loam soil,24,80.0,7
loam soil,23,81.0,8
loam soil,22,82.0,9
loam soil,21,83.0,10
loam soil,20,84.0,11
loam soil,19,85.0,12
loam soil,18,86.0,13
loam soil,17,87.0,14
loam soil,16,88.0,15
loam soil,15,89.0,16
loam soil,14,90.0,17
loam soil,13,91.0,18
loam soil,24,80.0,19
loam soil,23,81.0,20
loam soil,22,82.0,21
loam soil,21,83.0,22
loam soil,20,84.0,23
loam soil,19,85.0,24
loam soil,18,86.0,25
loam soil,17,87.0,26
loam soil,16,88.0,27
loam soil,15,89.0,28
loam soil,14,90.0,29
loam soil,13,91.0,30
loam soil,24,80.0,31
loam soil,23,81.0,32
loam soil,22,82.0,33
loam soil,21,83.0,34
loam soil,20,84.0,35
loam soil,19,85.0,36
loam soil,18,86.0,37
loam soil,17,87.0,38
loam soil,16,88.0,39
loam soil,15,89.0,40
loam soil,14,90.0,41
loam soil,24,80.0,42
loam soil,23,81.0,43
loam soil,22,82.0,44
loam soil,21,83.0,45
loam soil,20,84.0,46
loam soil,19,85.0,47
loam soil,18,86.0,48
loam soil,17,87.0,49
loam soil,16,88.0,50
loam soil,15,89.0,51
loam soil,14,90.0,52
loam soil,13,91.0,53
loam soil,24,80.0,54
loam soil,23,81.0,55
loam soil,22,82.0,56
loam soil,21,83.0,57
loam soil,20,84.0,58
loam soil,19,85.0,59
loam soil,18,86.0,60
loam soil,17,87.0,61
loam soil,16,88.0,62
loam soil,15,89.0,63
loam soil,14,90.0,64
loam soil,13,91.0,65
loam soil,24,80.0,66
loam soil,23,81.0,67
loam soil,22,82.0,68
loam soil,21,83.0,69
loam soil,18,86.0,1
loam soil,17,87.0,2
loam soil,16,88.0,3
loam soil,15,89.0,4
loam soil,14,90.0,5
loam soil,13,91.0,6
loam soil,24,80.0,7
loam soil,23,81.0,8
loam soil,22,82.0,9
loam soil,21,83.0,10
loam soil,20,84.0,11
loam soil,19,85.0,12
loam soil,18,86.0,13
loam soil,17,87.0,14
loam soil,16,88.0,15
loam soil,15,89.0,16
loam soil,14,90.0,17
loam soil,13,91.0,18
loam soil,24,80.0,19
loam soil,23,81.0,20
loam soil,22,82.0,21
loam soil,21,83.0,22
loam soil,20,84.0,23
loam soil,19,85.0,24
loam soil,18,86.0,25
loam soil,17,87.0,26
loam soil,16,88.0,27
loam soil,15,89.0,28
loam soil,14,90.0,29
loam soil,13,91.0,30
loam soil,24,80.0,31
loam soil,23,81.0,32
loam soil,22,82.0,33
loam soil,21,83.0,34
loam soil,20,84.0,35
loam soil,19,85.0,36
loam soil,18,86.0,37
loam soil,17,87.0,38
loam soil,16,88.0,39
loam soil,15,89.0,40
loam soil,14,90.0,41
loam soil,24,80.0,42
loam soil,23,81.0,43
loam soil,22,82.0,44
loam soil,21,83.0,45
loam soil,20,84.0,46
loam soil,19,85.0,47
loam soil,18,86.0,48
loam soil,17,87.0,49
loam soil,16,88.0,50
loam soil,15,89.0,51
loam soil,14,90.0,52
loam soil,13,91.0,53
loam soil,24,80.0,54
loam soil,23,81.0,55
loam soil,22,82.0,56
loam soil,21,83.0,57
loam soil,20,84.0,58
loam soil,19,85.0,59
loam soil,18,86.0,60
loam soil,17,87.0,61
loam soil,16,88.0,62
loam soil,15,89.0,63
loam soil,14,90.0,64
loam soil,13,91.0,65
loam soil,24,80.0,66
loam soil,23,81.0,67
loam soil,22,82.0,68
loam soil,21,83.0,69
loam soil,18,86.0,1
loam soil,17,87.0,2
loam soil,16,88.0,3
loam soil,15,89.0,4
loam soil,14,90.0,5
loam soil,13,91.0,6
loam soil,24,80.0,7
loam soil,23,81.0,8
loam soil,22,82.0,9
loam soil,21,83.0,10
loam soil,20,84.0,11
loam soil,19,85.0,12
loam soil,18,86.0,13
loam soil,17,87.0,14
loam soil,16,88.0,15
loam soil,15,89.0,16
loam soil,14,90.0,17
loam soil,13,91.0,18
loam soil,24,80.0,19
loam soil,23,81.0,20
loam soil,22,82.0,21
loam soil,21,83.0,22
loam soil,20,84.0,23
loam soil,19,85.0,24
loam soil,18,86.0,25
loam soil,17,87.0,26
loam soil,16,88.0,27
loam soil,15,89.0,28
loam soil,14,90.0,29
loam soil,13,91.0,30
loam soil,24,80.0,31
loam soil,23,81.0,32
loam soil,22,82.0,33
loam soil,21,83.0,34
loam soil,20,84.0,35
loam soil,19,85.0,36
loam soil,18,86.0,37
loam soil,17,87.0,38
loam soil,16,88.0,39
loam soil,15,89.0,40
loam soil,14,90.0,41
loam soil,24,80.0,42
loam soil,23,81.0,43
loam soil,22,82.0,44
loam soil,21,83.0,45
loam soil,20,84.0,46
loam soil,19,85.0,47
loam soil,18,86.0,48
loam soil,17,87.0,49
clay soil,18,86.0,1
clay soil,17,87.0,2
clay soil,16,88.0,3
clay soil,15,89.0,4
clay soil,14,90.0,5
clay soil,13,91.0,6
clay soil,24,80.0,7
clay soil,23,81.0,8
clay soil,22,82.0,9
clay soil,21,83.0,10
clay soil,20,84.0,11
clay soil,19,85.0,12
clay soil,18,86.0,13
clay soil,17,87.0,14
clay soil,16,88.0,15
clay soil,15,89.0,16
clay soil,14,90.0,17
clay soil,13,91.0,18
clay soil,24,80.0,19
clay soil,23,81.0,20
clay soil,22,82.0,21
clay soil,21,83.0,22
clay soil,20,84.0,23
clay soil,19,85.0,24
clay soil,18,86.0,25
clay soil,17,87.0,26
clay soil,16,88.0,27
clay soil,15,89.0,28
clay soil,14,90.0,29
clay soil,13,91.0,30
clay soil,24,80.0,31
clay soil,23,81.0,32
clay soil,22,82.0,33
clay soil,21,83.0,34
clay soil,20,84.0,35
clay soil,19,85.0,36
clay soil,18,86.0,37
clay soil,17,87.0,38
clay soil,16,88.0,39
clay soil,15,89.0,40
clay soil,14,90.0,41
clay soil,24,80.0,42
clay soil,23,81.0,43
clay soil,22,82.0,44
clay soil,21,83.0,45
clay soil,20,84.0,46
clay soil,19,85.0,47
clay soil,18,86.0,48
clay soil,17,87.0,49
clay soil,16,88.0,50
clay soil,15,89.0,51
clay soil,14,90.0,52
clay soil,13,91.0,53
clay soil,24,80.0,54
clay soil,23,81.0,55
clay soil,22,82.0,56
clay soil,21,83.0,57
clay soil,20,84.0,58
clay soil,19,85.0,59
clay soil,18,86.0,60
clay soil,17,87.0,61
clay soil,16,88.0,62
clay soil,15,89.0,63
clay soil,14,90.0,64
clay soil,13,91.0,65
clay soil,24,80.0,66
clay soil,23,81.0,67
clay soil,22,82.0,68
clay soil,21,83.0,69
clay soil,18,86.0,1
clay soil,17,87.0,2
clay soil,16,88.0,3
clay soil,15,89.0,4
clay soil,14,90.0,5
clay soil,13,91.0,6
clay soil,24,80.0,7
clay soil,23,81.0,8
clay soil,22,82.0,9
clay soil,21,83.0,10
clay soil,20,84.0,11
clay soil,19,85.0,12
clay soil,18,86.0,13
clay soil,17,87.0,14
clay soil,16,88.0,15
clay soil,15,89.0,16
clay soil,14,90.0,17
clay soil,13,91.0,18
clay soil,24,80.0,19
clay soil,23,81.0,20
clay soil,22,82.0,21
clay soil,21,83.0,22
clay soil,20,84.0,23
clay soil,19,85.0,24
clay soil,18,86.0,25
clay soil,17,87.0,26
clay soil,16,88.0,27
clay soil,15,89.0,28
clay soil,14,90.0,29
clay soil,13,91.0,30
clay soil,24,80.0,31
clay soil,23,81.0,32
clay soil,22,82.0,33
clay soil,21,83.0,34
clay soil,20,84.0,35
clay soil,19,85.0,36
clay soil,18,86.0,37
clay soil,17,87.0,38
clay soil,16,88.0,39
clay soil,15,89.0,40
clay soil,14,90.0,41
clay soil,24,80.0,42
clay soil,23,81.0,43
clay soil,22,82.0,44
clay soil,21,83.0,45
clay soil,20,84.0,46
clay soil,19,85.0,47
clay soil,18,86.0,48
clay soil,17,87.0,49
clay soil,16,88.0,50
clay soil,15,89.0,51
clay soil,14,90.0,52
clay soil,13,91.0,53
clay soil,24,80.0,54
clay soil,23,81.0,55
clay soil,22,82.0,56
clay soil,21,83.0,57
clay soil,20,84.0,58
clay soil,19,85.0,59
clay soil,18,86.0,1
clay soil,17,87.0,2
clay soil,16,88.0,3
clay soil,15,89.0,4
clay soil,14,90.0,5
clay soil,13,91.0,6
clay soil,24,80.0,7
clay soil,23,81.0,8
clay soil,22,82.0,9
clay soil,21,83.0,10
clay soil,20,84.0,11
clay soil,19,85.0,12
clay soil,18,86.0,13
clay soil,17,87.0,14
clay soil,16,88.0,15
clay soil,15,89.0,16
clay soil,14,90.0,17
clay soil,13,91.0,18
clay soil,24,80.0,19
clay soil,23,81.0,20
clay soil,22,82.0,21
clay soil,21,83.0,22
clay soil,20,84.0,23
clay soil,19,85.0,24
clay soil,18,86.0,25
clay soil,17,87.0,26
clay soil,16,88.0,27
clay soil,15,89.0,28
clay soil,14,90.0,29
clay soil,13,91.0,30
clay soil,24,80.0,31
clay soil,23,81.0,32
clay soil,22,82.0,33
clay soil,21,83.0,34
clay soil,20,84.0,35
clay soil,19,85.0,36
clay soil,18,86.0,37
clay soil,17,87.0,38
clay soil,16,88.0,39
clay soil,15,89.0,40
clay soil,14,90.0,41
clay soil,24,80.0,42
clay soil,23,81.0,43
clay soil,22,82.0,44
clay soil,21,83.0,45
clay soil,20,84.0,46
clay soil,19,85.0,47
clay soil,18,86.0,48
clay soil,17,87.0,49
clay soil,16,88.0,50
clay soil,15,89.0,51
clay soil,14,90.0,52
clay soil,13,91.0,53
clay soil,24,80.0,54
clay soil,23,81.0,55
clay soil,22,82.0,56
clay soil,21,83.0,57
clay soil,20,84.0,58
clay soil,19,85.0,59
clay soil,18,86.0,1
clay soil,17,87.0,2
clay soil,16,88.0,3
clay soil,15,89.0,4
clay soil,14,90.0,5
clay soil,13,91.0,6
clay soil,24,80.0,7
clay soil,23,81.0,8
clay soil,22,82.0,9
clay soil,21,83.0,10
clay soil,20,84.0,11
clay soil,19,85.0,12
clay soil,18,86.0,13
clay soil,17,87.0,14
clay soil,16,88.0,15
clay soil,15,89.0,16
clay soil,14,90.0,17
clay soil,13,91.0,18
clay soil,24,80.0,19
clay soil,23,81.0,20
clay soil,22,82.0,21
clay soil,21,83.0,22
clay soil,20,84.0,23
clay soil,19,85.0,24
clay soil,18,86.0,25
clay soil,17,87.0,26
clay soil,16,88.0,27
clay soil,15,89.0,28
clay soil,14,90.0,29
clay soil,13,91.0,30
clay soil,24,80.0,31
clay soil,23,81.0,32
clay soil,22,82.0,33
clay soil,21,83.0,34
clay soil,20,84.0,35
clay soil,19,85.0,36
clay soil,18,86.0,37
clay soil,17,87.0,38
clay soil,16,88.0,39
clay soil,15,89.0,40
clay soil,14,90.0,41
clay soil,24,80.0,42
clay soil,23,81.0,43
clay soil,22,82.0,44
clay soil,21,83.0,45
clay soil,20,84.0,46
clay soil,19,85.0,47
clay soil,18,86.0,48
clay soil,17,87.0,49
clay soil,18,86.0,1
clay soil,17,87.0,2
clay soil,16,88.0,3
clay soil,15,89.0,4
clay soil,14,90.0,5
clay soil,13,91.0,6
clay soil,24,80.0,7
clay soil,23,81.0,8
clay soil,22,82.0,9
clay soil,21,83.0,10
clay soil,20,84.0,11
clay soil,19,85.0,12
clay soil,18,86.0,13
clay soil,17,87.0,14
clay soil,16,88.0,15
clay soil,15,89.0,16
clay soil,14,90.0,17
clay soil,13,91.0,18
clay soil,24,80.0,19
clay soil,23,81.0,20
clay soil,22,82.0,21
clay soil,21,83.0,22
clay soil,20,84.0,23
clay soil,19,85.0,24
clay soil,18,86.0,25
clay soil,17,87.0,26
clay soil,16,88.0,27
clay soil,15,89.0,28
clay soil,14,90.0,29
clay soil,13,91.0,30
clay soil,24,80.0,31
clay soil,23,81.0,32
clay soil,22,82.0,33
clay soil,21,83.0,34
clay soil,20,84.0,35
clay soil,19,85.0,36
clay soil,18,86.0,37
clay soil,17,87.0,38
clay soil,16,88.0,39
loam soil,25,80.0,1
loam soil,26,77.0,2
loam soil,27,74.0,3
loam soil,28,71.0,4
loam soil,29,68.0,5
loam soil,30,65.0,6
loam soil,31,62.0,7
loam soil,32,59.0,8
loam soil,33,56.0,9
loam soil,34,53.0,10
loam soil,35,50.0,11
loam soil,36,47.0,12
loam soil,37,44.0,13
loam soil,38,41.0,14
loam soil,39,38.0,15
loam soil,40,35.0,16
loam soil,41,32.0,17
loam soil,42,29.0,18
loam soil,43,26.0,19
loam soil,44,23.0,20
loam soil,45,20.0,21
loam soil,46,17.0,22
loam soil,25,78.0,23
loam soil,26,75.0,24
loam soil,27,72.0,25
loam soil,28,69.0,26
loam soil,29,66.0,27
loam soil,30,63.0,28
loam soil,31,60.0,29
loam soil,32,57.0,30
loam soil,33,54.0,31
loam soil,34,51.0,32
loam soil,35,48.0,33
loam soil,36,45.0,34
loam soil,37,42.0,35
loam soil,38,39.0,36
loam soil,39,36.0,37
loam soil,40,33.0,38
loam soil,41,30.0,39
loam soil,42,27.0,40
loam soil,43,24.0,41
loam soil,44,21.0,42
loam soil,45,18.0,43
loam soil,46,15.0,44
loam soil,25,76.0,45
loam soil,26,73.0,46
loam soil,27,70.0,47
loam soil,28,67.0,48
loam soil,29,64.0,49
loam soil,30,61.0,50
loam soil,31,58.0,51
loam soil,32,55.0,52
loam soil,33,52.0,53
loam soil,34,49.0,54
loam soil,35,46.0,55
loam soil,36,43.0,56
loam soil,37,40.0,57
loam soil,38,37.0,58
loam soil,39,34.0,59
loam soil,40,31.0,60
loam soil,25,80.0,61
loam soil,26,77.0,62
loam soil,27,74.0,63
loam soil,28,71.0,64
loam soil,29,68.0,65
loam soil,30,65.0,66
loam soil,31,62.0,67
loam soil,32,59.0,68
loam soil,33,56.0,69
loam soil,34,53.0,70
loam soil,35,50.0,71
loam soil,36,47.0,72
loam soil,37,44.0,73
loam soil,38,41.0,74
loam soil,39,38.0,75
loam soil,40,35.0,76
loam soil,41,32.0,77
loam soil,42,29.0,78
loam soil,43,26.0,79
loam soil,44,23.0,80
loam soil,45,20.0,81
loam soil,46,17.0,82
loam soil,25,78.0,83
loam soil,26,75.0,84
loam soil,27,72.0,85
loam soil,28,69.0,86
loam soil,29,66.0,87
loam soil,30,63.0,88
loam soil,31,60.0,89
loam soil,32,57.0,90
loam soil,33,54.0,91
loam soil,34,51.0,92
loam soil,35,48.0,93
loam soil,36,45.0,94
loam soil,37,42.0,95
loam soil,38,39.0,96
loam soil,39,36.0,97
loam soil,40,33.0,98
loam soil,41,30.0,99
loam soil,42,27.0,100
loam soil,43,24.0,1
loam soil,44,21.0,2
loam soil,45,18.0,3
loam soil,46,15.0,4
loam soil,25,76.0,5
loam soil,26,73.0,6
loam soil,27,70.0,7
loam soil,28,67.0,8
loam soil,29,64.0,9
loam soil,30,61.0,10
loam soil,31,58.0,11
loam soil,32,55.0,12
loam soil,33,52.0,13
loam soil,34,49.0,14
loam soil,35,46.0,15
loam soil,36,43.0,16
loam soil,37,40.0,17
loam soil,38,37.0,18
loam soil,39,34.0,19
loam soil,40,31.0,20
loam soil,25,80.0,21
loam soil,26,77.0,22
loam soil,27,74.0,23
loam soil,28,71.0,24
loam soil,29,68.0,25
loam soil,30,65.0,26
loam soil,31,62.0,27
loam soil,32,59.0,28
loam soil,33,56.0,29
loam soil,34,53.0,30
loam soil,35,50.0,31
loam soil,36,47.0,32
loam soil,37,44.0,33
loam soil,38,41.0,34
loam soil,39,38.0,35
loam soil,40,35.0,36
loam soil,41,32.0,37
loam soil,42,29.0,38
loam soil,43,26.0,39
loam soil,44,23.0,40
loam soil,45,20.0,41
loam soil,46,17.0,42
loam soil,25,78.0,43
loam soil,26,75.0,44
loam soil,27,72.0,45
loam soil,28,69.0,46
loam soil,29,66.0,47
loam soil,30,63.0,48
loam soil,31,60.0,49
loam soil,32,57.0,50
loam soil,33,54.0,51
loam soil,34,51.0,52
loam soil,35,48.0,53
loam soil,36,45.0,54
loam soil,37,42.0,55
loam soil,38,39.0,56
loam soil,39,36.0,57
loam soil,40,33.0,58
loam soil,41,30.0,59
loam soil,42,27.0,60
loam soil,43,24.0,61
loam soil,44,21.0,62
loam soil,45,18.0,63
loam soil,46,15.0,64
loam soil,25,76.0,65
loam soil,26,73.0,66
loam soil,27,70.0,67
loam soil,28,67.0,68
loam soil,29,64.0,69
loam soil,30,61.0,70
loam soil,31,58.0,71
loam soil,32,55.0,72
loam soil,33,52.0,73
loam soil,34,49.0,74
loam soil,35,46.0,75
loam soil,36,43.0,76
loam soil,37,40.0,77
loam soil,38,37.0,78
loam soil,39,34.0,79
loam soil,40,31.0,80
loam soil,25,80.0,81
loam soil,26,77.0,82
loam soil,27,74.0,83
loam soil,28,71.0,84
loam soil,29,68.0,85
loam soil,30,65.0,86
loam soil,31,62.0,87
loam soil,32,59.0,88
loam soil,33,56.0,89
loam soil,34,53.0,90
loam soil,35,50.0,91
loam soil,36,47.0,92
loam soil,37,44.0,93
loam soil,38,41.0,94
loam soil,39,38.0,95
loam soil,40,35.0,96
loam soil,41,32.0,97
loam soil,42,29.0,98
loam soil,43,26.0,99
loam soil,44,23.0,100
loam soil,45,20.0,1
loam soil,46,17.0,2
loam soil,25,78.0,3
loam soil,26,75.0,4
loam soil,27,72.0,5
loam soil,28,69.0,6
loam soil,29,66.0,7
loam soil,30,63.0,8
loam soil,31,60.0,9
loam soil,32,57.0,10
loam soil,33,54.0,11
loam soil,34,51.0,12
loam soil,35,48.0,13
loam soil,36,45.0,14
loam soil,37,42.0,15
loam soil,38,39.0,16
loam soil,39,36.0,17
loam soil,40,33.0,18
loam soil,41,30.0,19
loam soil,42,27.0,20
loam soil,43,24.0,21
loam soil,44,21.0,22
loam soil,45,18.0,23
loam soil,46,15.0,24
loam soil,25,76.0,25
loam soil,26,73.0,26
loam soil,27,70.0,27
loam soil,28,67.0,28
loam soil,29,64.0,29
loam soil,30,61.0,30
loam soil,31,58.0,31
loam soil,32,55.0,32
loam soil,33,52.0,33
loam soil,34,49.0,34
loam soil,35,46.0,35
loam soil,36,43.0,36
loam soil,37,40.0,37
loam soil,38,37.0,38
loam soil,39,34.0,39
loam soil,40,31.0,40
loam soil,25,80.0,41
loam soil,26,77.0,42
loam soil,27,74.0,43
loam soil,28,71.0,44
loam soil,29,68.0,45
loam soil,30,65.0,46
loam soil,31,62.0,47
loam soil,32,59.0,48
loam soil,33,56.0,49
loam soil,34,53.0,50
loam soil,35,50.0,51
loam soil,36,47.0,52
loam soil,37,44.0,53
loam soil,38,41.0,54
loam soil,39,38.0,55
loam soil,40,35.0,56
loam soil,41,32.0,57
loam soil,42,29.0,58
loam soil,43,26.0,59
loam soil,44,23.0,60
loam soil,45,20.0,61
loam soil,46,17.0,62
loam soil,25,78.0,63
loam soil,26,75.0,64
loam soil,27,72.0,65
loam soil,28,69.0,66
loam soil,29,66.0,67
loam soil,30,63.0,68
loam soil,31,60.0,69
loam soil,32,57.0,70
loam soil,33,54.0,71
loam soil,34,51.0,72
loam soil,35,48.0,73
loam soil,36,45.0,74
loam soil,37,42.0,75
loam soil,38,39.0,76
loam soil,39,36.0,77
loam soil,40,33.0,78
loam soil,41,30.0,79
loam soil,42,27.0,80
loam soil,43,24.0,81
loam soil,44,21.0,82
loam soil,45,18.0,83
loam soil,46,15.0,84
loam soil,25,76.0,85
loam soil,26,73.0,86
loam soil,27,70.0,87
loam soil,28,67.0,88
loam soil,29,64.0,89
loam soil,30,61.0,90
loam soil,31,58.0,91
loam soil,32,55.0,92
loam soil,33,52.0,93
loam soil,34,49.0,94
loam soil,35,46.0,95
loam soil,36,43.0,96
loam soil,37,40.0,97
loam soil,38,37.0,98
loam soil,39,34.0,99
loam soil,40,31.0,100
loam soil,25,80.0,1
loam soil,26,77.0,2
loam soil,27,74.0,3
loam soil,28,71.0,4
loam soil,29,68.0,5
loam soil,30,65.0,6
loam soil,31,62.0,7
loam soil,32,59.0,8
loam soil,33,56.0,9
loam soil,34,53.0,10
loam soil,35,50.0,11
loam soil,36,47.0,12
loam soil,37,44.0,13
loam soil,38,41.0,14
loam soil,39,38.0,15
loam soil,40,35.0,16
loam soil,41,32.0,17
loam soil,42,29.0,18
loam soil,43,26.0,19
loam soil,44,23.0,20
loam soil,45,20.0,21
loam soil,46,17.0,22
loam soil,25,78.0,23
loam soil,26,75.0,24
loam soil,27,72.0,25
loam soil,28,69.0,26
loam soil,29,66.0,27
loam soil,30,63.0,28
loam soil,31,60.0,29
loam soil,32,57.0,30
loam soil,33,54.0,31
loam soil,34,51.0,32
loam soil,35,48.0,33
loam soil,36,45.0,34
loam soil,37,42.0,35
loam soil,38,39.0,36
loam soil,39,36.0,37
loam soil,40,33.0,38
loam soil,41,30.0,39
loam soil,42,27.0,40
loam soil,43,24.0,41
loam soil,44,21.0,42
loam soil,45,18.0,43
loam soil,46,15.0,44
loam soil,25,76.0,45
loam soil,26,73.0,46
loam soil,27,70.0,47
loam soil,28,67.0,48
loam soil,29,64.0,49
loam soil,30,61.0,50
loam soil,31,58.0,51
loam soil,32,55.0,52
loam soil,33,52.0,53
loam soil,34,49.0,54
loam soil,35,46.0,55
loam soil,36,43.0,56
loam soil,37,40.0,57
loam soil,38,37.0,58
loam soil,39,34.0,59
loam soil,40,31.0,60
loam soil,25,80.0,61
loam soil,26,77.0,62
loam soil,27,74.0,63
loam soil,28,71.0,64
loam soil,29,68.0,65
loam soil,30,65.0,66
loam soil,31,62.0,67
loam soil,32,59.0,68
loam soil,33,56.0,69
loam soil,34,53.0,70
loam soil,35,50.0,71
loam soil,36,47.0,72
loam soil,37,44.0,73
loam soil,38,41.0,74
loam soil,39,38.0,75
loam soil,40,35.0,76
loam soil,41,32.0,77
loam soil,42,29.0,78
loam soil,43,26.0,79
loam soil,44,23.0,80
loam soil,45,20.0,81
loam soil,46,17.0,82
loam soil,25,78.0,83
loam soil,26,75.0,84
loam soil,27,72.0,85
loam soil,28,69.0,86
loam soil,29,66.0,87
loam soil,30,63.0,88
loam soil,31,60.0,89
loam soil,32,57.0,90
loam soil,33,54.0,91
loam soil,34,51.0,92
loam soil,35,48.0,93
loam soil,36,45.0,94
loam soil,37,42.0,95
loam soil,38,39.0,96
loam soil,39,36.0,97
loam soil,40,33.0,98
loam soil,41,30.0,99
loam soil,42,27.0,100
loam soil,43,24.0,1
loam soil,44,21.0,2
loam soil,45,18.0,3
loam soil,46,15.0,4
loam soil,25,76.0,5
loam soil,26,73.0,6
loam soil,27,70.0,7
loam soil,28,67.0,8
loam soil,29,64.0,9
loam soil,30,61.0,10
loam soil,31,58.0,11
loam soil,32,55.0,12
loam soil,33,52.0,13
loam soil,34,49.0,14
loam soil,35,46.0,15
loam soil,36,43.0,16
loam soil,37,40.0,17
loam soil,38,37.0,18
loam soil,39,34.0,19
loam soil,40,31.0,20
loam soil,25,80.0,21
loam soil,26,77.0,22
loam soil,27,74.0,23
loam soil,28,71.0,24
loam soil,29,68.0,25
loam soil,30,65.0,26
loam soil,31,62.0,27
loam soil,32,59.0,28
loam soil,33,56.0,29
loam soil,34,53.0,30
loam soil,35,50.0,31
loam soil,36,47.0,32
loam soil,37,44.0,33
loam soil,38,41.0,34
loam soil,39,38.0,35
loam soil,40,35.0,36
loam soil,41,32.0,37
loam soil,42,29.0,38
loam soil,43,26.0,39
loam soil,44,23.0,40
loam soil,45,20.0,41
loam soil,46,17.0,42
loam soil,25,78.0,43
loam soil,26,75.0,44
loam soil,27,72.0,45
loam soil,28,69.0,46
loam soil,29,66.0,47
loam soil,30,63.0,48
loam soil,31,60.0,49
loam soil,32,57.0,50
loam soil,33,54.0,51
loam soil,34,51.0,52
loam soil,35,48.0,53
loam soil,36,45.0,54
loam soil,37,42.0,55
loam soil,38,39.0,56
loam soil,39,36.0,57
loam soil,40,33.0,58
loam soil,41,30.0,59
loam soil,42,27.0,60
loam soil,43,24.0,61
loam soil,44,21.0,62
loam soil,45,18.0,63
loam soil,46,15.0,64
loam soil,25,76.0,65
loam soil,26,73.0,66
loam soil,27,70.0,67
loam soil,28,67.0,68
loam soil,29,64.0,69
loam soil,30,61.0,70
loam soil,31,58.0,71
loam soil,32,55.0,72
loam soil,33,52.0,73
loam soil,34,49.0,74
loam soil,35,46.0,75
loam soil,36,43.0,76
loam soil,37,40.0,77
loam soil,38,37.0,78
loam soil,39,34.0,79
loam soil,40,31.0,80
loam soil,25,80.0,81
loam soil,26,77.0,82
loam soil,27,74.0,83
loam soil,28,71.0,84
loam soil,29,68.0,85
loam soil,30,65.0,86
loam soil,31,62.0,87
loam soil,32,59.0,88
loam soil,33,56.0,89
loam soil,34,53.0,90
loam soil,35,50.0,91
loam soil,36,47.0,92
loam soil,37,44.0,93
loam soil,38,41.0,94
loam soil,39,38.0,95
loam soil,40,35.0,96
loam soil,41,32.0,97
loam soil,42,29.0,98
loam soil,43,26.0,99
loam soil,44,23.0,100
sandy soil,45,20.0,1
sandy soil,46,17.0,2
sandy soil,25,78.0,3
sandy soil,26,75.0,4
sandy soil,27,72.0,5
sandy soil,28,69.0,6
sandy soil,29,66.0,7
sandy soil,30,63.0,8
sandy soil,31,60.0,9
sandy soil,32,57.0,10
sandy soil,33,54.0,11
sandy soil,34,51.0,12
sandy soil,35,48.0,13
sandy soil,36,45.0,14
sandy soil,37,42.0,15
sandy soil,38,39.0,16
sandy soil,39,36.0,17
sandy soil,40,33.0,18
sandy soil,41,30.0,19
sandy soil,42,27.0,20
sandy soil,43,24.0,21
sandy soil,44,21.0,22
sandy soil,45,18.0,23
sandy soil,46,15.0,24
sandy soil,25,76.0,25
sandy soil,26,73.0,26
sandy soil,27,70.0,27
sandy soil,28,67.0,28
sandy soil,29,64.0,29
sandy soil,30,61.0,30
sandy soil,31,58.0,31
sandy soil,32,55.0,32
sandy soil,33,52.0,33
sandy soil,34,49.0,34
sandy soil,35,46.0,35
sandy soil,36,43.0,36
sandy soil,37,40.0,37
sandy soil,38,37.0,38
sandy soil,39,34.0,39
sandy soil,40,31.0,40
sandy soil,25,80.0,41
sandy soil,26,77.0,42
sandy soil,27,74.0,43
sandy soil,28,71.0,44
sandy soil,29,68.0,45
sandy soil,30,65.0,46
sandy soil,31,62.0,47
sandy soil,32,59.0,48
sandy soil,33,56.0,49
sandy soil,34,53.0,50
sandy soil,35,50.0,51
sandy soil,36,47.0,52
sandy soil,37,44.0,53
sandy soil,38,41.0,54
sandy soil,39,38.0,55
sandy soil,40,35.0,56
sandy soil,41,32.0,57
sandy soil,42,29.0,58
sandy soil,43,26.0,59
sandy soil,44,23.0,60
sandy soil,45,20.0,61
sandy soil,46,17.0,62
sandy soil,25,78.0,63
sandy soil,26,75.0,64
sandy soil,27,72.0,65
sandy soil,28,69.0,66
sandy soil,29,66.0,67
sandy soil,30,63.0,68
sandy soil,31,60.0,69
sandy soil,32,57.0,70
sandy soil,33,54.0,71
sandy soil,34,51.0,72
sandy soil,35,48.0,73
sandy soil,36,45.0,74
sandy soil,37,42.0,75
sandy soil,38,39.0,76
sandy soil,39,36.0,77
sandy soil,40,33.0,78
sandy soil,41,30.0,79
sandy soil,42,27.0,80
sandy soil,43,24.0,81
sandy soil,44,21.0,82
sandy soil,45,18.0,83
sandy soil,46,15.0,84
sandy soil,25,76.0,85
sandy soil,26,73.0,86
sandy soil,27,70.0,87
sandy soil,28,67.0,88
sandy soil,29,64.0,89
sandy soil,30,61.0,90
sandy soil,31,58.0,91
sandy soil,32,55.0,92
sandy soil,33,52.0,93
sandy soil,34,49.0,94
sandy soil,35,46.0,95
sandy soil,36,43.0,96
sandy soil,37,40.0,97
sandy soil,38,37.0,98
sandy soil,39,34.0,99
sandy soil,40,31.0,100
sandy soil,25,80.0,1
sandy soil,26,77.0,2
sandy soil,27,74.0,3
sandy soil,28,71.0,4
sandy soil,29,68.0,5
sandy soil,30,65.0,6
sandy soil,31,62.0,7
sandy soil,32,59.0,8
sandy soil,33,56.0,9
sandy soil,34,53.0,10
sandy soil,35,50.0,11
sandy soil,36,47.0,12
sandy soil,37,44.0,13
sandy soil,38,41.0,14
sandy soil,39,38.0,15
sandy soil,40,35.0,16
sandy soil,41,32.0,17
sandy soil,42,29.0,18
sandy soil,43,26.0,19
sandy soil,44,23.0,20
sandy soil,45,20.0,21
sandy soil,46,17.0,22
sandy soil,25,78.0,23
sandy soil,26,75.0,24
sandy soil,27,72.0,25
sandy soil,28,69.0,26
sandy soil,29,66.0,27
sandy soil,30,63.0,28
sandy soil,31,60.0,29
sandy soil,32,57.0,30
sandy soil,33,54.0,31
sandy soil,34,51.0,32
sandy soil,35,48.0,33
sandy soil,36,45.0,34
sandy soil,37,42.0,35
sandy soil,38,39.0,36
sandy soil,39,36.0,37
sandy soil,40,33.0,38
sandy soil,41,30.0,39
sandy soil,42,27.0,40
sandy soil,43,24.0,41
sandy soil,44,21.0,42
sandy soil,45,18.0,43
sandy soil,46,15.0,44
sandy soil,25,76.0,45
sandy soil,26,73.0,46
sandy soil,27,70.0,47
sandy soil,28,67.0,48
sandy soil,29,64.0,49
sandy soil,30,61.0,50
sandy soil,31,58.0,51
sandy soil,32,55.0,52
sandy soil,33,52.0,53
sandy soil,34,49.0,54
sandy soil,35,46.0,55
sandy soil,36,43.0,56
sandy soil,37,40.0,57
sandy soil,38,37.0,58
sandy soil,39,34.0,59
sandy soil,40,31.0,60
sandy soil,25,80.0,61
sandy soil,26,77.0,62
sandy soil,27,74.0,63
sandy soil,28,71.0,64
sandy soil,29,68.0,65
sandy soil,30,65.0,66
sandy soil,31,62.0,67
sandy soil,32,59.0,68
sandy soil,33,56.0,69
sandy soil,34,53.0,70
sandy soil,35,50.0,71
sandy soil,36,47.0,72
sandy soil,37,44.0,73
sandy soil,38,41.0,74
sandy soil,39,38.0,75
sandy soil,40,35.0,76
sandy soil,41,32.0,77
sandy soil,42,29.0,78
sandy soil,43,26.0,79
sandy soil,44,23.0,80
sandy soil,45,20.0,81
sandy soil,46,17.0,82
sandy soil,25,78.0,83
sandy soil,26,75.0,84
sandy soil,27,72.0,85
sandy soil,28,69.0,86
sandy soil,29,66.0,87
sandy soil,30,63.0,88
sandy soil,31,60.0,89
sandy soil,32,57.0,90
sandy soil,33,54.0,91
sandy soil,34,51.0,92
sandy soil,35,48.0,93
sandy soil,36,45.0,94
sandy soil,37,42.0,95
sandy soil,38,39.0,96
sandy soil,39,36.0,97
sandy soil,40,33.0,98
sandy soil,41,30.0,99
sandy soil,42,27.0,100
sandy soil,43,24.0,1
sandy soil,44,21.0,2
sandy soil,45,18.0,3
sandy soil,46,15.0,4
sandy soil,25,76.0,5
sandy soil,26,73.0,6
sandy soil,27,70.0,7
sandy soil,28,67.0,8
sandy soil,29,64.0,9
sandy soil,30,61.0,10
sandy soil,31,58.0,11
sandy soil,32,55.0,12
sandy soil,33,52.0,13
sandy soil,34,49.0,14
sandy soil,35,46.0,15
sandy soil,36,43.0,16
sandy soil,37,40.0,17
sandy soil,38,37.0,18
sandy soil,39,34.0,19
sandy soil,40,31.0,20
sandy soil,25,80.0,21
sandy soil,26,77.0,22
sandy soil,27,74.0,23
sandy soil,28,71.0,24
sandy soil,29,68.0,25
sandy soil,30,65.0,26
sandy soil,31,62.0,27
sandy soil,32,59.0,28
sandy soil,33,56.0,29
sandy soil,34,53.0,30
sandy soil,35,50.0,31
sandy soil,36,47.0,32
sandy soil,37,44.0,33
sandy soil,38,41.0,34
sandy soil,39,38.0,35
sandy soil,40,35.0,36
sandy soil,41,32.0,37
sandy soil,42,29.0,38
sandy soil,43,26.0,39
sandy soil,44,23.0,40
sandy soil,45,20.0,41
sandy soil,46,17.0,42
sandy soil,25,78.0,43
sandy soil,26,75.0,44
sandy soil,27,72.0,45
sandy soil,28,69.0,46
sandy soil,29,66.0,47
sandy soil,30,63.0,48
sandy soil,31,60.0,49
sandy soil,32,57.0,50
sandy soil,33,54.0,51
sandy soil,34,51.0,52
sandy soil,35,48.0,53
sandy soil,36,45.0,54
sandy soil,37,42.0,55
sandy soil,38,39.0,56
sandy soil,39,36.0,57
sandy soil,40,33.0,58
sandy soil,41,30.0,59
sandy soil,42,27.0,60
sandy soil,43,24.0,61
sandy soil,44,21.0,62
sandy soil,45,18.0,63
sandy soil,46,15.0,64
sandy soil,25,76.0,65
sandy soil,26,73.0,66
sandy soil,27,70.0,67
sandy soil,28,67.0,68
sandy soil,29,64.0,69
sandy soil,30,61.0,70
sandy soil,31,58.0,71
sandy soil,32,55.0,72
sandy soil,33,52.0,73
sandy soil,34,49.0,74
sandy soil,35,46.0,75
sandy soil,36,43.0,76
sandy soil,37,40.0,77
sandy soil,38,37.0,78
sandy soil,39,34.0,79
sandy soil,40,31.0,80
sandy soil,25,80.0,81
sandy soil,26,77.0,82
sandy soil,27,74.0,83
sandy soil,28,71.0,84
sandy soil,29,68.0,85
sandy soil,30,65.0,86
sandy soil,31,62.0,87
sandy soil,32,59.0,88
sandy soil,33,56.0,89
sandy soil,34,53.0,90
sandy soil,35,50.0,91
sandy soil,36,47.0,92
sandy soil,37,44.0,93
sandy soil,38,41.0,94
sandy soil,39,38.0,95
sandy soil,40,35.0,96
sandy soil,41,32.0,97
sandy soil,42,29.0,98
sandy soil,43,26.0,99
sandy soil,44,23.0,100
sandy soil,45,20.0,1
sandy soil,46,17.0,2
sandy soil,25,78.0,3
sandy soil,26,75.0,4
sandy soil,27,72.0,5
sandy soil,28,69.0,6
sandy soil,29,66.0,7
sandy soil,30,63.0,8
sandy soil,31,60.0,9
sandy soil,32,57.0,10
sandy soil,33,54.0,11
sandy soil,34,51.0,12
sandy soil,35,48.0,13
sandy soil,36,45.0,14
sandy soil,37,42.0,15
sandy soil,38,39.0,16
sandy soil,39,36.0,17
sandy soil,40,33.0,18
sandy soil,41,30.0,19
sandy soil,42,27.0,20
sandy soil,43,24.0,21
sandy soil,44,21.0,22
sandy soil,45,18.0,23
sandy soil,46,15.0,24
sandy soil,25,76.0,25
sandy soil,26,73.0,26
sandy soil,27,70.0,27
sandy soil,28,67.0,28
sandy soil,29,64.0,29
sandy soil,30,61.0,30
sandy soil,31,58.0,31
sandy soil,32,55.0,32
sandy soil,33,52.0,33
sandy soil,34,49.0,34
sandy soil,35,46.0,35
sandy soil,36,43.0,36
sandy soil,37,40.0,37
sandy soil,38,37.0,38
sandy soil,39,34.0,39
sandy soil,40,31.0,40
sandy soil,25,80.0,41
sandy soil,26,77.0,42
sandy soil,27,74.0,43
sandy soil,28,71.0,44
sandy soil,29,68.0,45
sandy soil,30,65.0,46
sandy soil,31,62.0,47
sandy soil,32,59.0,48
sandy soil,33,56.0,49
sandy soil,34,53.0,50
sandy soil,35,50.0,51
sandy soil,36,47.0,52
sandy soil,37,44.0,53
sandy soil,38,41.0,54
sandy soil,39,38.0,55
sandy soil,40,35.0,56
sandy soil,41,32.0,57
sandy soil,42,29.0,58
sandy soil,43,26.0,59
sandy soil,44,23.0,60
sandy soil,45,20.0,61
sandy soil,46,17.0,62
sandy soil,25,78.0,63
sandy soil,26,75.0,64
sandy soil,27,72.0,65
sandy soil,28,69.0,66
sandy soil,29,66.0,67
sandy soil,30,63.0,68
sandy soil,31,60.0,69
sandy soil,32,57.0,70
sandy soil,33,54.0,71
sandy soil,34,51.0,72
sandy soil,35,48.0,73
sandy soil,36,45.0,74
sandy soil,37,42.0,75
sandy soil,38,39.0,76
sandy soil,39,36.0,77
sandy soil,40,33.0,78
sandy soil,41,30.0,79
sandy soil,42,27.0,80
sandy soil,43,24.0,81
sandy soil,44,21.0,82
sandy soil,45,18.0,83
sandy soil,46,15.0,84
sandy soil,25,76.0,85
sandy soil,26,73.0,86
sandy soil,27,70.0,87
sandy soil,28,67.0,88
sandy soil,29,64.0,89
sandy soil,30,61.0,90
sandy soil,31,58.0,91
sandy soil,32,55.0,92
sandy soil,33,52.0,93
sandy soil,34,49.0,94
sandy soil,35,46.0,95
sandy soil,36,43.0,96
sandy soil,37,40.0,97
sandy soil,38,37.0,98
sandy soil,39,34.0,99
sandy soil,40,31.0,100
sandy soil,25,80.0,1
sandy soil,26,77.0,2
sandy soil,27,74.0,3
sandy soil,28,71.0,4
sandy soil,29,68.0,5
sandy soil,30,65.0,6
sandy soil,31,62.0,7
sandy soil,32,59.0,8
sandy soil,33,56.0,9
sandy soil,34,53.0,10
sandy soil,35,50.0,11
sandy soil,36,47.0,12
sandy soil,37,44.0,13
sandy soil,38,41.0,14
sandy soil,39,38.0,15
sandy soil,40,35.0,16
sandy soil,41,32.0,17
sandy soil,42,29.0,18
sandy soil,43,26.0,19
sandy soil,44,23.0,20
sandy soil,45,20.0,21
sandy soil,46,17.0,22
sandy soil,25,78.0,23
sandy soil,26,75.0,24
sandy soil,27,72.0,25
sandy soil,28,69.0,26
sandy soil,29,66.0,27
sandy soil,30,63.0,28
sandy soil,31,60.0,29
sandy soil,32,57.0,30
sandy soil,33,54.0,31
sandy soil,34,51.0,32
sandy soil,35,48.0,33
sandy soil,36,45.0,34
sandy soil,37,42.0,35
sandy soil,38,39.0,36
sandy soil,39,36.0,37
sandy soil,40,33.0,38
sandy soil,41,30.0,39
sandy soil,42,27.0,40
sandy soil,43,24.0,41
sandy soil,44,21.0,42
sandy soil,45,18.0,43
sandy soil,46,15.0,44
sandy soil,25,76.0,45
sandy soil,26,73.0,46
sandy soil,27,70.0,47
sandy soil,28,67.0,48
sandy soil,29,64.0,49
sandy soil,30,61.0,50
sandy soil,31,58.0,51
sandy soil,32,55.0,52
sandy soil,33,52.0,53
sandy soil,34,49.0,54
sandy soil,35,46.0,55
sandy soil,36,43.0,56
sandy soil,37,40.0,57
sandy soil,38,37.0,58
sandy soil,39,34.0,59
sandy soil,40,31.0,60
sandy soil,25,80.0,61
sandy soil,26,77.0,62
sandy soil,27,74.0,63
sandy soil,28,71.0,64
sandy soil,29,68.0,65
sandy soil,30,65.0,66
sandy soil,31,62.0,67
sandy soil,32,59.0,68
sandy soil,33,56.0,69
sandy soil,34,53.0,70
sandy soil,35,50.0,71
sandy soil,36,47.0,72
sandy soil,37,44.0,73
sandy soil,38,41.0,74
sandy soil,39,38.0,75
sandy soil,40,35.0,76
sandy soil,41,32.0,77
sandy soil,42,29.0,78
sandy soil,43,26.0,79
sandy soil,44,23.0,80
sandy soil,45,20.0,81
sandy soil,46,17.0,82
sandy soil,25,78.0,83
sandy soil,26,75.0,84
sandy soil,27,72.0,85
sandy soil,28,69.0,86
sandy soil,29,66.0,87
sandy soil,30,63.0,88
sandy soil,31,60.0,89
sandy soil,32,57.0,90
sandy soil,33,54.0,91
sandy soil,34,51.0,92
sandy soil,35,48.0,93
sandy soil,36,45.0,94
sandy soil,37,42.0,95
sandy soil,38,39.0,96
sandy soil,39,36.0,97
sandy soil,40,33.0,98
sandy soil,41,30.0,99
sandy soil,42,27.0,100
clay soil,43,24.0,1
clay soil,44,21.0,2
clay soil,45,18.0,3
clay soil,46,15.0,4
clay soil,25,76.0,5
clay soil,26,73.0,6
clay soil,27,70.0,7
clay soil,28,67.0,8
clay soil,29,64.0,9
clay soil,30,61.0,10
clay soil,31,58.0,11
clay soil,32,55.0,12
clay soil,33,52.0,13
clay soil,34,49.0,14
clay soil,35,46.0,15
clay soil,36,43.0,16
clay soil,37,40.0,17
clay soil,38,37.0,18
clay soil,39,34.0,19
clay soil,40,31.0,20
clay soil,25,80.0,21
clay soil,26,77.0,22
clay soil,27,74.0,23
clay soil,28,71.0,24
clay soil,29,68.0,25
clay soil,30,65.0,26
clay soil,31,62.0,27
clay soil,32,59.0,28
clay soil,33,56.0,29
clay soil,34,53.0,30
clay soil,35,50.0,31
clay soil,36,47.0,32
clay soil,37,44.0,33
clay soil,38,41.0,34
clay soil,39,38.0,35
clay soil,40,35.0,36
clay soil,41,32.0,37
clay soil,42,29.0,38
clay soil,43,26.0,39
clay soil,44,23.0,40
clay soil,45,20.0,41
clay soil,46,17.0,42
clay soil,25,78.0,43
clay soil,26,75.0,44
clay soil,27,72.0,45
clay soil,28,69.0,46
clay soil,29,66.0,47
clay soil,30,63.0,48
clay soil,31,60.0,49
clay soil,32,57.0,50
clay soil,33,54.0,51
clay soil,34,51.0,52
clay soil,35,48.0,53
clay soil,36,45.0,54
clay soil,37,42.0,55
clay soil,38,39.0,56
clay soil,39,36.0,57
clay soil,40,33.0,58
clay soil,41,30.0,59
clay soil,42,27.0,60
clay soil,43,24.0,61
clay soil,44,21.0,62
clay soil,45,18.0,63
clay soil,46,15.0,64
clay soil,25,76.0,65
clay soil,26,73.0,66
clay soil,27,70.0,67
clay soil,28,67.0,68
clay soil,29,64.0,69
clay soil,30,61.0,70
clay soil,31,58.0,71
clay soil,32,55.0,72
clay soil,33,52.0,73
clay soil,34,49.0,74
clay soil,35,46.0,75
clay soil,36,43.0,76
clay soil,37,40.0,77
clay soil,38,37.0,78
clay soil,39,34.0,79
clay soil,40,31.0,80
clay soil,25,80.0,81
clay soil,26,77.0,82
clay soil,27,74.0,83
clay soil,28,71.0,84
clay soil,29,68.0,85
clay soil,30,65.0,86
clay soil,31,62.0,87
clay soil,32,59.0,88
clay soil,33,56.0,89
clay soil,34,53.0,90
clay soil,35,50.0,91
clay soil,36,47.0,92
clay soil,37,44.0,93
clay soil,38,41.0,94
clay soil,39,38.0,95
clay soil,40,35.0,96
clay soil,41,32.0,97
clay soil,42,29.0,98
clay soil,43,26.0,99
clay soil,44,23.0,100
clay soil,45,20.0,1
clay soil,46,17.0,2
clay soil,25,78.0,3
clay soil,26,75.0,4
clay soil,27,72.0,5
clay soil,28,69.0,6
clay soil,29,66.0,7
clay soil,30,63.0,8
clay soil,31,60.0,9
clay soil,32,57.0,10
clay soil,33,54.0,11
clay soil,34,51.0,12
clay soil,35,48.0,13
clay soil,36,45.0,14
clay soil,37,42.0,15
clay soil,38,39.0,16
clay soil,39,36.0,17
clay soil,40,33.0,18
clay soil,41,30.0,19
clay soil,42,27.0,20
clay soil,43,24.0,21
clay soil,44,21.0,22
clay soil,45,18.0,23
clay soil,46,15.0,24
clay soil,25,76.0,25
clay soil,26,73.0,26
clay soil,27,70.0,27
clay soil,28,67.0,28
clay soil,29,64.0,29
clay soil,30,61.0,30
clay soil,31,58.0,31
clay soil,32,55.0,32
clay soil,33,52.0,33
clay soil,34,49.0,34
clay soil,35,46.0,35
clay soil,36,43.0,36
clay soil,37,40.0,37
clay soil,38,37.0,38
clay soil,39,34.0,39
clay soil,40,31.0,40
clay soil,25,80.0,41
clay soil,26,77.0,42
clay soil,27,74.0,43
clay soil,28,71.0,44
clay soil,29,68.0,45
clay soil,30,65.0,46
clay soil,31,62.0,47
clay soil,32,59.0,48
clay soil,33,56.0,49
clay soil,34,53.0,50
clay soil,35,50.0,51
clay soil,36,47.0,52
clay soil,37,44.0,53
clay soil,38,41.0,54
clay soil,39,38.0,55
clay soil,40,35.0,56
clay soil,41,32.0,57
clay soil,42,29.0,58
clay soil,43,26.0,59
clay soil,44,23.0,60
clay soil,45,20.0,61
clay soil,46,17.0,62
clay soil,25,78.0,63
clay soil,26,75.0,64
clay soil,27,72.0,65
clay soil,28,69.0,66
clay soil,29,66.0,67
clay soil,30,63.0,68
clay soil,31,60.0,69
clay soil,32,57.0,70
clay soil,33,54.0,71
clay soil,34,51.0,72
clay soil,35,48.0,73
clay soil,36,45.0,74
clay soil,37,42.0,75
clay soil,38,39.0,76
clay soil,39,36.0,77
clay soil,40,33.0,78
clay soil,41,30.0,79
clay soil,42,27.0,80
clay soil,43,24.0,81
clay soil,44,21.0,82
clay soil,45,18.0,83
clay soil,46,15.0,84
clay soil,25,76.0,85
clay soil,26,73.0,86
clay soil,27,70.0,87
clay soil,28,67.0,88
clay soil,29,64.0,89
clay soil,30,61.0,90
clay soil,31,58.0,91
clay soil,32,55.0,92
clay soil,33,52.0,93
clay soil,34,49.0,94
clay soil,35,46.0,95
clay soil,36,43.0,96
clay soil,37,40.0,97
clay soil,38,37.0,98
clay soil,39,34.0,99
clay soil,40,31.0,100
clay soil,25,80.0,1
clay soil,26,77.0,2
clay soil,27,74.0,3
clay soil,28,71.0,4
clay soil,29,68.0,5
clay soil,30,65.0,6
clay soil,31,62.0,7
clay soil,32,59.0,8
clay soil,33,56.0,9
clay soil,34,53.0,10
clay soil,35,50.0,11
clay soil,36,47.0,12
clay soil,37,44.0,13
clay soil,38,41.0,14
clay soil,39,38.0,15
clay soil,40,35.0,16
clay soil,41,32.0,17
clay soil,42,29.0,18
clay soil,43,26.0,19
clay soil,44,23.0,20
clay soil,45,20.0,21
clay soil,46,17.0,22
clay soil,25,78.0,23
clay soil,26,75.0,24
clay soil,27,72.0,25
clay soil,28,69.0,26
clay soil,29,66.0,27
clay soil,30,63.0,28
clay soil,31,60.0,29
clay soil,32,57.0,30
clay soil,33,54.0,31
clay soil,34,51.0,32
clay soil,35,48.0,33
clay soil,36,45.0,34
clay soil,37,42.0,35
clay soil,38,39.0,36
clay soil,39,36.0,37
clay soil,40,33.0,38
clay soil,41,30.0,39
clay soil,42,27.0,40
clay soil,43,24.0,41
clay soil,44,21.0,42
clay soil,45,18.0,43
clay soil,46,15.0,44
clay soil,25,76.0,45
clay soil,26,73.0,46
clay soil,27,70.0,47
clay soil,28,67.0,48
clay soil,29,64.0,49
clay soil,30,61.0,50
clay soil,31,58.0,51
clay soil,32,55.0,52
clay soil,33,52.0,53
clay soil,34,49.0,54
clay soil,35,46.0,55
clay soil,36,43.0,56
clay soil,37,40.0,57
clay soil,38,37.0,58
clay soil,39,34.0,59
clay soil,40,31.0,60
clay soil,25,80.0,61
clay soil,26,77.0,62
clay soil,27,74.0,63
clay soil,28,71.0,64
clay soil,29,68.0,65
clay soil,30,65.0,66
clay soil,31,62.0,67
clay soil,32,59.0,68
clay soil,33,56.0,69
clay soil,34,53.0,70
clay soil,35,50.0,71
clay soil,36,47.0,72
clay soil,37,44.0,73
clay soil,38,41.0,74
clay soil,39,38.0,75
clay soil,40,35.0,76
clay soil,41,32.0,77
clay soil,42,29.0,78
clay soil,43,26.0,79
clay soil,44,23.0,80
clay soil,45,20.0,81
clay soil,46,17.0,82
clay soil,25,78.0,83
clay soil,26,75.0,84
clay soil,27,72.0,85
clay soil,28,69.0,86
clay soil,29,66.0,87
clay soil,30,63.0,88
clay soil,31,60.0,89
clay soil,32,57.0,90
clay soil,33,54.0,91
clay soil,34,51.0,92
clay soil,35,48.0,93
clay soil,36,45.0,94
clay soil,37,42.0,95
clay soil,38,39.0,96
clay soil,39,36.0,97
clay soil,40,33.0,98
clay soil,41,30.0,99
clay soil,42,27.0,100
clay soil,43,24.0,1
clay soil,44,21.0,2
clay soil,45,18.0,3
clay soil,46,15.0,4
clay soil,25,76.0,5
clay soil,26,73.0,6
clay soil,27,70.0,7
clay soil,28,67.0,8
clay soil,29,64.0,9
clay soil,30,61.0,10
clay soil,31,58.0,11
clay soil,32,55.0,12
clay soil,33,52.0,13
clay soil,34,49.0,14
clay soil,35,46.0,15
clay soil,36,43.0,16
clay soil,37,40.0,17
clay soil,38,37.0,18
clay soil,39,34.0,19
clay soil,40,31.0,20
clay soil,25,80.0,21
clay soil,26,77.0,22
clay soil,27,74.0,23
clay soil,28,71.0,24
clay soil,29,68.0,25
clay soil,30,65.0,26
clay soil,31,62.0,27
clay soil,32,59.0,28
clay soil,33,56.0,29
clay soil,34,53.0,30
clay soil,35,50.0,31
clay soil,36,47.0,32
clay soil,37,44.0,33
clay soil,38,41.0,34
clay soil,39,38.0,35
clay soil,40,35.0,36
clay soil,41,32.0,37
clay soil,42,29.0,38
clay soil,43,26.0,39
clay soil,44,23.0,40
clay soil,45,20.0,41
clay soil,46,17.0,42
clay soil,25,78.0,43
clay soil,26,75.0,44
clay soil,27,72.0,45
clay soil,28,69.0,46
clay soil,29,66.0,47
clay soil,30,63.0,48
clay soil,31,60.0,49
clay soil,32,57.0,50
clay soil,33,54.0,51
clay soil,34,51.0,52
clay soil,35,48.0,53
clay soil,36,45.0,54
clay soil,37,42.0,55
clay soil,38,39.0,56
clay soil,39,36.0,57
clay soil,40,33.0,58
clay soil,41,30.0,59
clay soil,42,27.0,60
clay soil,43,24.0,61
clay soil,44,21.0,62
clay soil,45,18.0,63
clay soil,46,15.0,64
clay soil,25,76.0,65
clay soil,26,73.0,66
clay soil,27,70.0,67
clay soil,28,67.0,68
clay soil,29,64.0,69
clay soil,30,61.0,70
clay soil,31,58.0,71
clay soil,32,55.0,72
clay soil,33,52.0,73
clay soil,34,49.0,74
clay soil,35,46.0,75
clay soil,36,43.0,76
clay soil,37,40.0,77
clay soil,38,37.0,78
clay soil,39,34.0,79
clay soil,40,31.0,80
clay soil,25,80.0,81
clay soil,26,77.0,82
clay soil,27,74.0,83
clay soil,28,71.0,84
clay soil,29,68.0,85
clay soil,30,65.0,86
clay soil,31,62.0,87
clay soil,32,59.0,88
clay soil,33,56.0,89
clay soil,34,53.0,90
clay soil,35,50.0,91
clay soil,36,47.0,92
clay soil,37,44.0,93
clay soil,38,41.0,94
clay soil,39,38.0,95
clay soil,40,35.0,96
clay soil,41,32.0,97
clay soil,42,29.0,98
clay soil,43,26.0,99
clay soil,44,23.0,100
clay soil,45,20.0,1
clay soil,46,17.0,2
clay soil,25,78.0,3
clay soil,26,75.0,4
clay soil,27,72.0,5
clay soil,28,69.0,6
clay soil,29,66.0,7
clay soil,30,63.0,8
clay soil,31,60.0,9
clay soil,32,57.0,10
clay soil,33,54.0,11
clay soil,34,51.0,12
clay soil,35,48.0,13
clay soil,36,45.0,14
clay soil,37,42.0,15
clay soil,38,39.0,16
clay soil,39,36.0,17
clay soil,40,33.0,18
clay soil,41,30.0,19
clay soil,42,27.0,20
clay soil,43,24.0,21
clay soil,44,21.0,22
clay soil,45,18.0,23
clay soil,46,15.0,24
clay soil,25,76.0,25
clay soil,26,73.0,26
clay soil,27,70.0,27
clay soil,28,67.0,28
clay soil,29,64.0,29
clay soil,30,61.0,30
clay soil,31,58.0,31
clay soil,32,55.0,32
clay soil,33,52.0,33
clay soil,34,49.0,34
clay soil,35,46.0,35
clay soil,36,43.0,36
clay soil,37,40.0,37
clay soil,38,37.0,38
clay soil,39,34.0,39
clay soil,40,31.0,40
clay soil,25,80.0,41
clay soil,26,77.0,42
clay soil,27,74.0,43
clay soil,28,71.0,44
clay soil,29,68.0,45
clay soil,30,65.0,46
clay soil,31,62.0,47
clay soil,32,59.0,48
clay soil,33,56.0,49
clay soil,34,53.0,50
clay soil,35,50.0,51
clay soil,36,47.0,52
clay soil,37,44.0,53
clay soil,38,41.0,54
clay soil,39,38.0,55
clay soil,40,35.0,56
clay soil,41,32.0,57
clay soil,42,29.0,58
clay soil,43,26.0,59
clay soil,44,23.0,60
clay soil,45,20.0,61
clay soil,46,17.0,62
clay soil,25,78.0,63
clay soil,26,75.0,64
clay soil,27,72.0,65
clay soil,28,69.0,66
clay soil,29,66.0,67
clay soil,30,63.0,68
clay soil,31,60.0,69
clay soil,32,57.0,70
clay soil,33,54.0,71
clay soil,34,51.0,72
clay soil,35,48.0,73
clay soil,36,45.0,74
clay soil,37,42.0,75
clay soil,38,39.0,76
clay soil,39,36.0,77
clay soil,40,33.0,78
clay soil,41,30.0,79
clay soil,42,27.0,80
clay soil,43,24.0,81
clay soil,44,21.0,82
clay soil,45,18.0,83
clay soil,46,15.0,84
clay soil,25,76.0,85
clay soil,26,73.0,86
clay soil,27,70.0,87
clay soil,28,67.0,88
clay soil,29,64.0,89
clay soil,30,61.0,90
clay soil,31,58.0,91
clay soil,32,55.0,92
clay soil,33,52.0,93
clay soil,34,49.0,94
clay soil,35,46.0,95
clay soil,36,43.0,96
clay soil,37,40.0,97
clay soil,38,37.0,98
clay soil,39,34.0,99
clay soil,40,31.0,100
loam soil,25,80.0,1
loam soil,26,77.0,2
loam soil,27,74.0,3
loam soil,28,71.0,4
loam soil,29,68.0,5
loam soil,30,65.0,6
loam soil,31,62.0,7
loam soil,32,59.0,8
loam soil,33,56.0,9
loam soil,34,53.0,10
loam soil,35,50.0,11
loam soil,36,47.0,12
loam soil,37,44.0,13
loam soil,38,41.0,14
loam soil,39,38.0,15
loam soil,40,35.0,16
loam soil,41,32.0,17
loam soil,42,29.0,18
loam soil,43,26.0,19
loam soil,44,23.0,20
loam soil,45,20.0,21
loam soil,46,17.0,22
loam soil,25,78.0,23
loam soil,26,75.0,24
loam soil,27,72.0,25
loam soil,28,69.0,26
loam soil,29,66.0,27
loam soil,30,63.0,28
loam soil,31,60.0,29
loam soil,32,57.0,30
loam soil,33,54.0,31
loam soil,34,51.0,32
loam soil,35,48.0,33
loam soil,36,45.0,34
loam soil,37,42.0,35
loam soil,38,39.0,36
loam soil,39,36.0,37
loam soil,40,33.0,38
loam soil,41,30.0,39
loam soil,42,27.0,40
loam soil,43,24.0,41
loam soil,44,21.0,42
loam soil,45,18.0,43
loam soil,46,15.0,44
loam soil,25,76.0,45
loam soil,26,73.0,46
loam soil,27,70.0,47
loam soil,28,67.0,48
loam soil,29,64.0,49
loam soil,30,61.0,50
loam soil,31,58.0,51
loam soil,32,55.0,52
loam soil,33,52.0,53
loam soil,34,49.0,54
loam soil,35,46.0,55
loam soil,36,43.0,56
loam soil,37,40.0,57
loam soil,38,37.0,58
loam soil,39,34.0,59
loam soil,40,31.0,60
loam soil,25,80.0,61
loam soil,26,77.0,62
loam soil,27,74.0,63
loam soil,28,71.0,64
loam soil,29,68.0,65
loam soil,30,65.0,66
loam soil,31,62.0,67
loam soil,32,59.0,68
loam soil,33,56.0,69
loam soil,34,53.0,70
loam soil,35,50.0,71
loam soil,36,47.0,72
loam soil,37,44.0,73
loam soil,38,41.0,74
loam soil,39,38.0,75
loam soil,40,35.0,76
loam soil,41,32.0,77
loam soil,42,29.0,78
loam soil,43,26.0,79
loam soil,44,23.0,80
loam soil,45,20.0,81
loam soil,46,17.0,82
loam soil,25,78.0,83
loam soil,26,75.0,84
loam soil,27,72.0,85
loam soil,28,69.0,86
loam soil,29,66.0,87
loam soil,30,63.0,88
loam soil,31,60.0,89
loam soil,32,57.0,90
loam soil,33,54.0,91
loam soil,34,51.0,92
loam soil,35,48.0,93
loam soil,36,45.0,94
loam soil,37,42.0,95
loam soil,38,39.0,96
loam soil,39,36.0,97
loam soil,40,33.0,98
loam soil,41,30.0,99
loam soil,42,27.0,100
loam soil,43,24.0,1
loam soil,44,21.0,2
loam soil,45,18.0,3
loam soil,46,15.0,4
loam soil,25,76.0,5
loam soil,26,73.0,6
loam soil,27,70.0,7
loam soil,28,67.0,8
loam soil,29,64.0,9
loam soil,30,61.0,10
loam soil,31,58.0,11
loam soil,32,55.0,12
loam soil,33,52.0,13
loam soil,34,49.0,14
loam soil,35,46.0,15
loam soil,36,43.0,16
loam soil,37,40.0,17
loam soil,38,37.0,18
loam soil,39,34.0,19
loam soil,40,31.0,20
loam soil,25,80.0,21
loam soil,26,77.0,22
loam soil,27,74.0,23
loam soil,28,71.0,24
loam soil,29,68.0,25
loam soil,30,65.0,26
loam soil,31,62.0,27
loam soil,32,59.0,28
loam soil,33,56.0,29
loam soil,34,53.0,30
loam soil,35,50.0,31
loam soil,36,47.0,32
loam soil,37,44.0,33
loam soil,38,41.0,34
loam soil,39,38.0,35
loam soil,40,35.0,36
loam soil,41,32.0,37
loam soil,42,29.0,38
loam soil,43,26.0,39
loam soil,44,23.0,40
loam soil,45,20.0,41
loam soil,46,17.0,42
loam soil,25,78.0,43
loam soil,26,75.0,44
loam soil,27,72.0,45
loam soil,28,69.0,46
loam soil,29,66.0,47
loam soil,30,63.0,48
loam soil,31,60.0,49
loam soil,32,57.0,50
loam soil,33,54.0,51
loam soil,34,51.0,52
loam soil,35,48.0,53
loam soil,36,45.0,54
loam soil,37,42.0,55
loam soil,38,39.0,56
loam soil,39,36.0,57
loam soil,40,33.0,58
loam soil,41,30.0,59
loam soil,42,27.0,60
loam soil,43,24.0,61
loam soil,44,21.0,62
loam soil,45,18.0,63
loam soil,46,15.0,64
loam soil,25,76.0,65
loam soil,26,73.0,66
loam soil,27,70.0,67
loam soil,28,67.0,68
loam soil,29,64.0,69
loam soil,30,61.0,70
loam soil,31,58.0,71
loam soil,32,55.0,72
loam soil,33,52.0,73
loam soil,34,49.0,74
loam soil,35,46.0,75
loam soil,36,43.0,76
loam soil,37,40.0,77
loam soil,38,37.0,78
loam soil,39,34.0,79
loam soil,40,31.0,80
loam soil,25,80.0,81
loam soil,26,77.0,82
loam soil,27,74.0,83
loam soil,28,71.0,84
loam soil,29,68.0,85
loam soil,30,65.0,86
loam soil,31,62.0,87
loam soil,32,59.0,88
loam soil,33,56.0,89
loam soil,34,53.0,90
loam soil,35,50.0,91
loam soil,36,47.0,92
loam soil,37,44.0,93
loam soil,38,41.0,94
loam soil,39,38.0,95
loam soil,40,35.0,96
loam soil,41,32.0,97
loam soil,42,29.0,98
loam soil,43,26.0,99
loam soil,44,23.0,100
loam soil,45,20.0,1
loam soil,46,17.0,2
loam soil,25,78.0,3
loam soil,26,75.0,4
loam soil,27,72.0,5
loam soil,28,69.0,6
loam soil,29,66.0,7
loam soil,30,63.0,8
loam soil,31,60.0,9
loam soil,32,57.0,10
loam soil,33,54.0,11
loam soil,34,51.0,12
loam soil,35,48.0,13
loam soil,36,45.0,14
loam soil,37,42.0,15
loam soil,38,39.0,16
loam soil,39,36.0,17
loam soil,40,33.0,18
loam soil,41,30.0,19
loam soil,42,27.0,20
loam soil,43,24.0,21
loam soil,44,21.0,22
loam soil,45,18.0,23
loam soil,46,15.0,24
loam soil,25,76.0,25
loam soil,26,73.0,26
loam soil,27,70.0,27
loam soil,28,67.0,28
loam soil,29,64.0,29
loam soil,30,61.0,30
loam soil,31,58.0,31
loam soil,32,55.0,32
loam soil,33,52.0,33
loam soil,34,49.0,34
loam soil,35,46.0,35
loam soil,36,43.0,36
loam soil,37,40.0,37
loam soil,38,37.0,38
loam soil,39,34.0,39
loam soil,40,31.0,40
loam soil,25,80.0,41
loam soil,26,77.0,42
loam soil,27,74.0,43
loam soil,28,71.0,44
loam soil,29,68.0,45
loam soil,30,65.0,46
loam soil,31,62.0,47
loam soil,32,59.0,48
loam soil,33,56.0,49
loam soil,34,53.0,50
loam soil,35,50.0,51
loam soil,36,47.0,52
loam soil,37,44.0,53
loam soil,38,41.0,54
loam soil,39,38.0,55
loam soil,40,35.0,56
loam soil,41,32.0,57
loam soil,42,29.0,58
loam soil,43,26.0,59
loam soil,44,23.0,60
loam soil,45,20.0,61
loam soil,46,17.0,62
loam soil,25,78.0,63
loam soil,26,75.0,64
loam soil,27,72.0,65
loam soil,28,69.0,66
loam soil,29,66.0,67
loam soil,30,63.0,68
loam soil,31,60.0,69
loam soil,32,57.0,70
loam soil,33,54.0,71
loam soil,34,51.0,72
loam soil,35,48.0,73
loam soil,36,45.0,74
loam soil,37,42.0,75
loam soil,38,39.0,76
loam soil,39,36.0,77
loam soil,40,33.0,78
loam soil,41,30.0,79
loam soil,42,27.0,80
loam soil,43,24.0,81
loam soil,44,21.0,82
loam soil,45,18.0,83
loam soil,46,15.0,84
loam soil,25,76.0,85
loam soil,26,73.0,86
loam soil,27,70.0,87
loam soil,28,67.0,88
loam soil,29,64.0,89
loam soil,30,61.0,90
loam soil,31,58.0,91
loam soil,32,55.0,92
loam soil,33,52.0,93
loam soil,34,49.0,94
loam soil,35,46.0,95
loam soil,36,43.0,96
loam soil,37,40.0,97
loam soil,38,37.0,98
loam soil,39,34.0,99
loam soil,40,31.0,100
loam soil,25,80.0,1
loam soil,26,77.0,2
loam soil,27,74.0,3
loam soil,28,71.0,4
loam soil,29,68.0,5
loam soil,30,65.0,6
loam soil,31,62.0,7
loam soil,32,59.0,8
loam soil,33,56.0,9
loam soil,34,53.0,10
loam soil,35,50.0,11
loam soil,36,47.0,12
loam soil,37,44.0,13
loam soil,38,41.0,14
loam soil,39,38.0,15
loam soil,40,35.0,16
loam soil,41,32.0,17
loam soil,42,29.0,18
loam soil,43,26.0,19
loam soil,44,23.0,20
loam soil,45,20.0,21
loam soil,46,17.0,22
loam soil,25,78.0,23
loam soil,26,75.0,24
loam soil,27,72.0,25
loam soil,28,69.0,26
loam soil,29,66.0,27
loam soil,30,63.0,28
loam soil,31,60.0,29
loam soil,32,57.0,30
loam soil,33,54.0,31
loam soil,34,51.0,32
loam soil,35,48.0,33
loam soil,36,45.0,34
loam soil,37,42.0,35
loam soil,38,39.0,36
loam soil,39,36.0,37
loam soil,40,33.0,38
loam soil,41,30.0,39
loam soil,42,27.0,40
loam soil,43,24.0,41
loam soil,44,21.0,42
loam soil,45,18.0,43
loam soil,46,15.0,44
loam soil,25,76.0,45
loam soil,26,73.0,46
loam soil,27,70.0,47
loam soil,28,67.0,48
loam soil,29,64.0,49
loam soil,30,61.0,50
loam soil,31,58.0,51
loam soil,32,55.0,52
loam soil,33,52.0,53
loam soil,34,49.0,54
loam soil,35,46.0,55
loam soil,36,43.0,56
loam soil,37,40.0,57
loam soil,38,37.0,58
loam soil,39,34.0,59
loam soil,40,31.0,60
loam soil,25,80.0,61
loam soil,26,77.0,62
loam soil,27,74.0,63
loam soil,28,71.0,64
loam soil,29,68.0,65
loam soil,30,65.0,66
loam soil,31,62.0,67
loam soil,32,59.0,68
loam soil,33,56.0,69
loam soil,34,53.0,70
loam soil,35,50.0,71
loam soil,36,47.0,72
loam soil,37,44.0,73
loam soil,38,41.0,74
loam soil,39,38.0,75
loam soil,40,35.0,76
loam soil,41,32.0,77
loam soil,42,29.0,78
loam soil,43,26.0,79
loam soil,44,23.0,80
loam soil,45,20.0,81
loam soil,46,17.0,82
loam soil,25,78.0,83
loam soil,26,75.0,84
loam soil,27,72.0,85
loam soil,28,69.0,86
loam soil,29,66.0,87
loam soil,30,63.0,88
loam soil,31,60.0,89
loam soil,32,57.0,90
loam soil,33,54.0,91
loam soil,34,51.0,92
loam soil,35,48.0,93
loam soil,36,45.0,94
loam soil,37,42.0,95
loam soil,38,39.0,96
loam soil,39,36.0,97
loam soil,40,33.0,98
loam soil,41,30.0,99
loam soil,42,27.0,100
loam soil,43,24.0,1
loam soil,44,21.0,2
loam soil,45,18.0,3
loam soil,46,15.0,4
loam soil,25,76.0,5
loam soil,26,73.0,6
loam soil,27,70.0,7
loam soil,28,67.0,8
loam soil,29,64.0,9
loam soil,30,61.0,10
loam soil,31,58.0,11
loam soil,32,55.0,12
loam soil,33,52.0,13
loam soil,34,49.0,14
loam soil,35,46.0,15
loam soil,36,43.0,16
loam soil,37,40.0,17
loam soil,38,37.0,18
loam soil,39,34.0,19
loam soil,40,31.0,20
loam soil,25,80.0,21
loam soil,26,77.0,22
loam soil,27,74.0,23
loam soil,28,71.0,24
loam soil,29,68.0,25
loam soil,30,65.0,26
loam soil,31,62.0,27
loam soil,32,59.0,28
loam soil,33,56.0,29
loam soil,34,53.0,30
loam soil,35,50.0,31
loam soil,36,47.0,32
loam soil,37,44.0,33
loam soil,38,41.0,34
loam soil,39,38.0,35
loam soil,40,35.0,36
loam soil,41,32.0,37
loam soil,42,29.0,38
loam soil,43,26.0,39
loam soil,44,23.0,40
loam soil,45,20.0,41
loam soil,46,17.0,42
loam soil,25,78.0,43
loam soil,26,75.0,44
loam soil,27,72.0,45
loam soil,28,69.0,46
loam soil,29,66.0,47
loam soil,30,63.0,48
loam soil,31,60.0,49
loam soil,32,57.0,50
loam soil,33,54.0,51
loam soil,34,51.0,52
loam soil,35,48.0,53
loam soil,36,45.0,54
loam soil,37,42.0,55
loam soil,38,39.0,56
loam soil,39,36.0,57
loam soil,40,33.0,58
loam soil,41,30.0,59
loam soil,42,27.0,60
loam soil,43,24.0,61
loam soil,44,21.0,62
loam soil,45,18.0,63
loam soil,46,15.0,64
loam soil,25,76.0,65
loam soil,26,73.0,66
loam soil,27,70.0,67
loam soil,28,67.0,68
loam soil,29,64.0,69
loam soil,30,61.0,70
loam soil,31,58.0,71
loam soil,32,55.0,72
loam soil,33,52.0,73
loam soil,34,49.0,74
loam soil,35,46.0,75
loam soil,36,43.0,76
loam soil,37,40.0,77
loam soil,38,37.0,78
loam soil,39,34.0,79
loam soil,40,31.0,80
loam soil,25,80.0,81
loam soil,26,77.0,82
loam soil,27,74.0,83
loam soil,28,71.0,84
loam soil,29,68.0,85
loam soil,30,65.0,86
loam soil,31,62.0,87
loam soil,32,59.0,88
loam soil,33,56.0,89
loam soil,34,53.0,90
loam soil,35,50.0,91
loam soil,36,47.0,92
loam soil,37,44.0,93
loam soil,38,41.0,94
loam soil,39,38.0,95
loam soil,40,35.0,96
loam soil,41,32.0,97
loam soil,42,29.0,98
loam soil,43,26.0,99
loam soil,44,23.0,100
red soil,45,20.0,1
red soil,46,17.0,2
red soil,25,78.0,3
red soil,26,75.0,4
red soil,27,72.0,5
red soil,28,69.0,6
red soil,29,66.0,7
red soil,30,63.0,8
red soil,31,60.0,9
red soil,32,57.0,10
red soil,33,54.0,11
red soil,34,51.0,12
red soil,35,48.0,13
red soil,36,45.0,14
red soil,37,42.0,15
red soil,38,39.0,16
red soil,39,36.0,17
red soil,40,33.0,18
red soil,41,30.0,19
red soil,42,27.0,20
red soil,43,24.0,21
red soil,44,21.0,22
red soil,45,18.0,23
red soil,46,15.0,24
red soil,25,76.0,25
red soil,26,73.0,26
red soil,27,70.0,27
red soil,28,67.0,28
red soil,29,64.0,29
red soil,30,61.0,30
red soil,31,58.0,31
red soil,32,55.0,32
red soil,33,52.0,33
red soil,34,49.0,34
red soil,35,46.0,35
red soil,36,43.0,36
red soil,37,40.0,37
red soil,38,37.0,38
red soil,39,34.0,39
red soil,40,31.0,40
red soil,25,80.0,41
red soil,26,77.0,42
red soil,27,74.0,43
red soil,28,71.0,44
red soil,29,68.0,45
red soil,30,65.0,46
red soil,31,62.0,47
red soil,32,59.0,48
red soil,33,56.0,49
red soil,34,53.0,50
red soil,35,50.0,51
red soil,36,47.0,52
red soil,37,44.0,53
red soil,38,41.0,54
red soil,39,38.0,55
red soil,40,35.0,56
red soil,41,32.0,57
red soil,42,29.0,58
red soil,43,26.0,59
red soil,44,23.0,60
red soil,45,20.0,61
red soil,46,17.0,62
red soil,25,78.0,63
red soil,26,75.0,64
red soil,27,72.0,65
red soil,28,69.0,66
red soil,29,66.0,67
red soil,30,63.0,68
red soil,31,60.0,69
red soil,32,57.0,70
red soil,33,54.0,71
red soil,34,51.0,72
red soil,35,48.0,73
red soil,36,45.0,74
red soil,37,42.0,75
red soil,38,39.0,76
red soil,39,36.0,77
red soil,40,33.0,78
red soil,41,30.0,79
red soil,42,27.0,80
red soil,43,24.0,81
red soil,44,21.0,82
red soil,45,18.0,83
red soil,46,15.0,84
red soil,25,76.0,85
red soil,26,73.0,86
red soil,27,70.0,87
red soil,28,67.0,88
red soil,29,64.0,89
red soil,30,61.0,90
red soil,31,58.0,91
red soil,32,55.0,92
red soil,33,52.0,93
red soil,34,49.0,94
red soil,35,46.0,95
red soil,36,43.0,96
red soil,37,40.0,97
red soil,38,37.0,98
red soil,39,34.0,99
red soil,40,31.0,100
red soil,25,80.0,1
red soil,26,77.0,2
red soil,27,74.0,3
red soil,28,71.0,4
red soil,29,68.0,5
red soil,30,65.0,6
red soil,31,62.0,7
red soil,32,59.0,8
red soil,33,56.0,9
red soil,34,53.0,10
red soil,35,50.0,11
red soil,36,47.0,12
red soil,37,44.0,13
red soil,38,41.0,14
red soil,39,38.0,15
red soil,40,35.0,16
red soil,41,32.0,17
red soil,42,29.0,18
red soil,43,26.0,19
red soil,44,23.0,20
red soil,45,20.0,21
red soil,46,17.0,22
red soil,25,78.0,23
red soil,26,75.0,24
red soil,27,72.0,25
red soil,28,69.0,26
red soil,29,66.0,27
red soil,30,63.0,28
red soil,31,60.0,29
red soil,32,57.0,30
red soil,33,54.0,31
red soil,34,51.0,32
red soil,35,48.0,33
red soil,36,45.0,34
red soil,37,42.0,35
red soil,38,39.0,36
red soil,39,36.0,37
red soil,40,33.0,38
red soil,41,30.0,39
red soil,42,27.0,40
red soil,43,24.0,41
red soil,44,21.0,42
red soil,45,18.0,43
red soil,46,15.0,44
red soil,25,76.0,45
red soil,26,73.0,46
red soil,27,70.0,47
red soil,28,67.0,48
red soil,29,64.0,49
red soil,30,61.0,50
red soil,31,58.0,51
red soil,32,55.0,52
red soil,33,52.0,53
red soil,34,49.0,54
red soil,35,46.0,55
red soil,36,43.0,56
red soil,37,40.0,57
red soil,38,37.0,58
red soil,39,34.0,59
red soil,40,31.0,60
red soil,25,80.0,61
red soil,26,77.0,62
red soil,27,74.0,63
red soil,28,71.0,64
red soil,29,68.0,65
red soil,30,65.0,66
red soil,31,62.0,67
red soil,32,59.0,68
red soil,33,56.0,69
red soil,34,53.0,70
red soil,35,50.0,71
red soil,36,47.0,72
red soil,37,44.0,73
red soil,38,41.0,74
red soil,39,38.0,75
red soil,40,35.0,76
red soil,41,32.0,77
red soil,42,29.0,78
red soil,43,26.0,79
red soil,44,23.0,80
red soil,45,20.0,81
red soil,46,17.0,82
red soil,25,78.0,83
red soil,26,75.0,84
red soil,27,72.0,85
red soil,28,69.0,86
red soil,29,66.0,87
red soil,30,63.0,88
red soil,31,60.0,89
red soil,32,57.0,90
red soil,33,54.0,91
red soil,34,51.0,92
red soil,35,48.0,93
red soil,36,45.0,94
red soil,37,42.0,95
red soil,38,39.0,96
red soil,39,36.0,97
red soil,40,33.0,98
red soil,41,30.0,99
red soil,42,27.0,100
red soil,43,24.0,1
red soil,44,21.0,2
red soil,45,18.0,3
red soil,46,15.0,4
red soil,25,76.0,5
red soil,26,73.0,6
red soil,27,70.0,7
red soil,28,67.0,8
red soil,29,64.0,9
red soil,30,61.0,10
red soil,31,58.0,11
red soil,32,55.0,12
red soil,33,52.0,13
red soil,34,49.0,14
red soil,35,46.0,15
red soil,36,43.0,16
red soil,37,40.0,17
red soil,38,37.0,18
red soil,39,34.0,19
red soil,40,31.0,20
red soil,25,80.0,21
red soil,26,77.0,22
red soil,27,74.0,23
red soil,28,71.0,24
red soil,29,68.0,25
red soil,30,65.0,26
red soil,31,62.0,27
red soil,32,59.0,28
red soil,33,56.0,29
red soil,34,53.0,30
red soil,35,50.0,31
red soil,36,47.0,32
red soil,37,44.0,33
red soil,38,41.0,34
red soil,39,38.0,35
red soil,40,35.0,36
red soil,41,32.0,37
red soil,42,29.0,38
red soil,43,26.0,39
red soil,44,23.0,40
red soil,45,20.0,41
red soil,46,17.0,42
red soil,25,78.0,43
red soil,26,75.0,44
red soil,27,72.0,45
red soil,28,69.0,46
red soil,29,66.0,47
red soil,30,63.0,48
red soil,31,60.0,49
red soil,32,57.0,50
red soil,33,54.0,51
red soil,34,51.0,52
red soil,35,48.0,53
red soil,36,45.0,54
red soil,37,42.0,55
red soil,38,39.0,56
red soil,39,36.0,57
red soil,40,33.0,58
red soil,41,30.0,59
red soil,42,27.0,60
red soil,43,24.0,61
red soil,44,21.0,62
red soil,45,18.0,63
red soil,46,15.0,64
red soil,25,76.0,65
red soil,26,73.0,66
red soil,27,70.0,67
red soil,28,67.0,68
red soil,29,64.0,69
red soil,30,61.0,70
red soil,31,58.0,71
red soil,32,55.0,72
red soil,33,52.0,73
red soil,34,49.0,74
red soil,35,46.0,75
red soil,36,43.0,76
red soil,37,40.0,77
red soil,38,37.0,78
red soil,39,34.0,79
red soil,40,31.0,80
red soil,25,80.0,81
red soil,26,77.0,82
red soil,27,74.0,83
red soil,28,71.0,84
red soil,29,68.0,85
red soil,30,65.0,86
red soil,31,62.0,87
red soil,32,59.0,88
red soil,33,56.0,89
red soil,34,53.0,90
red soil,35,50.0,91
red soil,36,47.0,92
red soil,37,44.0,93
red soil,38,41.0,94
red soil,39,38.0,95
red soil,40,35.0,96
red soil,41,32.0,97
red soil,42,29.0,98
red soil,43,26.0,99
red soil,44,23.0,100
red soil,45,20.0,1
red soil,46,17.0,2
red soil,25,78.0,3
red soil,26,75.0,4
red soil,27,72.0,5
red soil,28,69.0,6
red soil,29,66.0,7
red soil,30,63.0,8
red soil,31,60.0,9
red soil,32,57.0,10
red soil,33,54.0,11
red soil,34,51.0,12
red soil,35,48.0,13
red soil,36,45.0,14
red soil,37,42.0,15
red soil,38,39.0,16
red soil,39,36.0,17
red soil,40,33.0,18
red soil,41,30.0,19
red soil,42,27.0,20
red soil,43,24.0,21
red soil,44,21.0,22
red soil,45,18.0,23
red soil,46,15.0,24
red soil,25,76.0,25
red soil,26,73.0,26
red soil,27,70.0,27
red soil,28,67.0,28
red soil,29,64.0,29
red soil,30,61.0,30
red soil,31,58.0,31
red soil,32,55.0,32
red soil,33,52.0,33
red soil,34,49.0,34
red soil,35,46.0,35
red soil,36,43.0,36
red soil,37,40.0,37
red soil,38,37.0,38
red soil,39,34.0,39
red soil,40,31.0,40
red soil,25,80.0,41
red soil,26,77.0,42
red soil,27,74.0,43
red soil,28,71.0,44
red soil,29,68.0,45
red soil,30,65.0,46
red soil,31,62.0,47
red soil,32,59.0,48
red soil,33,56.0,49
red soil,34,53.0,50
red soil,35,50.0,51
red soil,36,47.0,52
red soil,37,44.0,53
red soil,38,41.0,54
red soil,39,38.0,55
red soil,40,35.0,56
red soil,41,32.0,57
red soil,42,29.0,58
red soil,43,26.0,59
red soil,44,23.0,60
red soil,45,20.0,61
red soil,46,17.0,62
red soil,25,78.0,63
red soil,26,75.0,64
red soil,27,72.0,65
red soil,28,69.0,66
red soil,29,66.0,67
red soil,30,63.0,68
red soil,31,60.0,69
red soil,32,57.0,70
red soil,33,54.0,71
red soil,34,51.0,72
red soil,35,48.0,73
red soil,36,45.0,74
red soil,37,42.0,75
red soil,38,39.0,76
red soil,39,36.0,77
red soil,40,33.0,78
red soil,41,30.0,79
red soil,42,27.0,80
red soil,43,24.0,81
red soil,44,21.0,82
red soil,45,18.0,83
red soil,46,15.0,84
red soil,25,76.0,85
red soil,26,73.0,86
red soil,27,70.0,87
red soil,28,67.0,88
red soil,29,64.0,89
red soil,30,61.0,90
red soil,31,58.0,91
red soil,32,55.0,92
red soil,33,52.0,93
red soil,34,49.0,94
red soil,35,46.0,95
red soil,36,43.0,96
red soil,37,40.0,97
red soil,38,37.0,98
red soil,39,34.0,99
red soil,40,31.0,100
red soil,25,80.0,1
red soil,26,77.0,2
red soil,27,74.0,3
red soil,28,71.0,4
red soil,29,68.0,5
red soil,30,65.0,6
red soil,31,62.0,7
red soil,32,59.0,8
red soil,33,56.0,9
red soil,34,53.0,10
red soil,35,50.0,11
red soil,36,47.0,12
red soil,37,44.0,13
red soil,38,41.0,14
red soil,39,38.0,15
red soil,40,35.0,16
red soil,41,32.0,17
red soil,42,29.0,18
red soil,43,26.0,19
red soil,44,23.0,20
red soil,45,20.0,21
red soil,46,17.0,22
red soil,25,78.0,23
red soil,26,75.0,24
red soil,27,72.0,25
red soil,28,69.0,26
red soil,29,66.0,27
red soil,30,63.0,28
red soil,31,60.0,29
red soil,32,57.0,30
red soil,33,54.0,31
red soil,34,51.0,32
red soil,35,48.0,33
red soil,36,45.0,34
red soil,37,42.0,35
red soil,38,39.0,36
red soil,39,36.0,37
red soil,40,33.0,38
red soil,41,30.0,39
red soil,42,27.0,40
red soil,43,24.0,41
red soil,44,21.0,42
red soil,45,18.0,43
red soil,46,15.0,44
red soil,25,76.0,45
red soil,26,73.0,46
red soil,27,70.0,47
red soil,28,67.0,48
red soil,29,64.0,49
red soil,30,61.0,50
red soil,31,58.0,51
red soil,32,55.0,52
red soil,33,52.0,53
red soil,34,49.0,54
red soil,35,46.0,55
red soil,36,43.0,56
red soil,37,40.0,57
red soil,38,37.0,58
red soil,39,34.0,59
red soil,40,31.0,60
red soil,25,80.0,61
red soil,26,77.0,62
red soil,27,74.0,63
red soil,28,71.0,64
red soil,29,68.0,65
red soil,30,65.0,66
red soil,31,62.0,67
red soil,32,59.0,68
red soil,33,56.0,69
red soil,34,53.0,70
red soil,35,50.0,71
red soil,36,47.0,72
red soil,37,44.0,73
red soil,38,41.0,74
red soil,39,38.0,75
red soil,40,35.0,76
red soil,41,32.0,77
red soil,42,29.0,78
red soil,43,26.0,79
red soil,44,23.0,80
red soil,45,20.0,81
red soil,46,17.0,82
red soil,25,78.0,83
red soil,26,75.0,84
red soil,27,72.0,85
red soil,28,69.0,86
red soil,29,66.0,87
red soil,30,63.0,88
red soil,31,60.0,89
red soil,32,57.0,90
red soil,33,54.0,91
red soil,34,51.0,92
red soil,35,48.0,93
red soil,36,45.0,94
red soil,37,42.0,95
red soil,38,39.0,96
red soil,39,36.0,97
red soil,40,33.0,98
red soil,41,30.0,99
red soil,42,27.0,100
clay soil,43,24.0,1
clay soil,44,21.0,2
clay soil,45,18.0,3
clay soil,46,15.0,4
clay soil,25,76.0,5
clay soil,26,73.0,6
clay soil,27,70.0,7
clay soil,28,67.0,8
clay soil,29,64.0,9
clay soil,30,61.0,10
clay soil,31,58.0,11
clay soil,32,55.0,12
clay soil,33,52.0,13
clay soil,34,49.0,14
clay soil,35,46.0,15
clay soil,36,43.0,16
clay soil,37,40.0,17
clay soil,38,37.0,18
clay soil,39,34.0,19
clay soil,40,31.0,20
clay soil,25,80.0,21
clay soil,26,77.0,22
clay soil,27,74.0,23
clay soil,28,71.0,24
clay soil,29,68.0,25
clay soil,30,65.0,26
clay soil,31,62.0,27
clay soil,32,59.0,28
clay soil,33,56.0,29
clay soil,34,53.0,30
clay soil,35,50.0,31
clay soil,36,47.0,32
clay soil,37,44.0,33
clay soil,38,41.0,34
clay soil,39,38.0,35
clay soil,40,35.0,36
clay soil,41,32.0,37
clay soil,42,29.0,38
clay soil,43,26.0,39
clay soil,44,23.0,40
clay soil,45,20.0,41
clay soil,46,17.0,42
clay soil,25,78.0,43
clay soil,26,75.0,44
clay soil,27,72.0,45
clay soil,28,69.0,46
clay soil,29,66.0,47
clay soil,30,63.0,48
clay soil,31,60.0,49
clay soil,32,57.0,50
clay soil,33,54.0,51
clay soil,34,51.0,52
clay soil,35,48.0,53
clay soil,36,45.0,54
clay soil,37,42.0,55
clay soil,38,39.0,56
clay soil,39,36.0,57
clay soil,40,33.0,58
clay soil,41,30.0,59
clay soil,42,27.0,60
clay soil,43,24.0,61
clay soil,44,21.0,62
clay soil,45,18.0,63
clay soil,46,15.0,64
clay soil,25,76.0,65
clay soil,26,73.0,66
clay soil,27,70.0,67
clay soil,28,67.0,68
clay soil,29,64.0,69
clay soil,30,61.0,70
clay soil,31,58.0,71
clay soil,32,55.0,72
clay soil,33,52.0,73
clay soil,34,49.0,74
clay soil,35,46.0,75
clay soil,36,43.0,76
clay soil,37,40.0,77
clay soil,38,37.0,78
clay soil,39,34.0,79
clay soil,40,31.0,80
clay soil,25,80.0,81
clay soil,26,77.0,82
clay soil,27,74.0,83
clay soil,28,71.0,84
clay soil,29,68.0,85
clay soil,30,65.0,86
clay soil,31,62.0,87
clay soil,32,59.0,88
clay soil,33,56.0,89
clay soil,34,53.0,90
clay soil,35,50.0,91
clay soil,36,47.0,92
clay soil,37,44.0,93
clay soil,38,41.0,94
clay soil,39,38.0,95
clay soil,40,35.0,96
clay soil,41,32.0,97
clay soil,42,29.0,98
clay soil,43,26.0,99
clay soil,44,23.0,100
clay soil,45,20.0,1
clay soil,46,17.0,2
clay soil,25,78.0,3
clay soil,26,75.0,4
clay soil,27,72.0,5
clay soil,28,69.0,6
clay soil,29,66.0,7
clay soil,30,63.0,8
clay soil,31,60.0,9
clay soil,32,57.0,10
clay soil,33,54.0,11
clay soil,34,51.0,12
clay soil,35,48.0,13
clay soil,36,45.0,14
clay soil,37,42.0,15
clay soil,38,39.0,16
clay soil,39,36.0,17
clay soil,40,33.0,18
clay soil,41,30.0,19
clay soil,42,27.0,20
clay soil,43,24.0,21
clay soil,44,21.0,22
clay soil,45,18.0,23
clay soil,46,15.0,24
clay soil,25,76.0,25
clay soil,26,73.0,26
clay soil,27,70.0,27
clay soil,28,67.0,28
clay soil,29,64.0,29
clay soil,30,61.0,30
clay soil,31,58.0,31
clay soil,32,55.0,32
clay soil,33,52.0,33
clay soil,34,49.0,34
clay soil,35,46.0,35
clay soil,36,43.0,36
clay soil,37,40.0,37
clay soil,38,37.0,38
clay soil,39,34.0,39
clay soil,40,31.0,40
clay soil,25,80.0,41
clay soil,26,77.0,42
clay soil,27,74.0,43
clay soil,28,71.0,44
clay soil,29,68.0,45
clay soil,30,65.0,46
clay soil,31,62.0,47
clay soil,32,59.0,48
clay soil,33,56.0,49
clay soil,34,53.0,50
clay soil,35,50.0,51
clay soil,36,47.0,52
clay soil,37,44.0,53
clay soil,38,41.0,54
clay soil,39,38.0,55
clay soil,40,35.0,56
clay soil,41,32.0,57
clay soil,42,29.0,58
clay soil,43,26.0,59
clay soil,44,23.0,60
clay soil,45,20.0,61
clay soil,46,17.0,62
clay soil,25,78.0,63
clay soil,26,75.0,64
clay soil,27,72.0,65
clay soil,28,69.0,66
clay soil,29,66.0,67
clay soil,30,63.0,68
clay soil,31,60.0,69
clay soil,32,57.0,70
clay soil,33,54.0,71
clay soil,34,51.0,72
clay soil,35,48.0,73
clay soil,36,45.0,74
clay soil,37,42.0,75
clay soil,38,39.0,76
clay soil,39,36.0,77
clay soil,40,33.0,78
clay soil,41,30.0,79
clay soil,42,27.0,80
clay soil,43,24.0,81
clay soil,44,21.0,82
clay soil,45,18.0,83
clay soil,46,15.0,84
clay soil,25,76.0,85
clay soil,26,73.0,86
clay soil,27,70.0,87
clay soil,28,67.0,88
clay soil,29,64.0,89
clay soil,30,61.0,90
clay soil,31,58.0,91
clay soil,32,55.0,92
clay soil,33,52.0,93
clay soil,34,49.0,94
clay soil,35,46.0,95
clay soil,36,43.0,96
clay soil,37,40.0,97
clay soil,38,37.0,98
clay soil,39,34.0,99
clay soil,40,31.0,100
clay soil,25,80.0,1
clay soil,26,77.0,2
clay soil,27,74.0,3
clay soil,28,71.0,4
clay soil,29,68.0,5
clay soil,30,65.0,6
clay soil,31,62.0,7
clay soil,32,59.0,8
clay soil,33,56.0,9
clay soil,34,53.0,10
clay soil,35,50.0,11
clay soil,36,47.0,12
clay soil,37,44.0,13
clay soil,38,41.0,14
clay soil,39,38.0,15
clay soil,40,35.0,16
clay soil,41,32.0,17
clay soil,42,29.0,18
clay soil,43,26.0,19
clay soil,44,23.0,20
clay soil,45,20.0,21
clay soil,46,17.0,22
clay soil,25,78.0,23
clay soil,26,75.0,24
clay soil,27,72.0,25
clay soil,28,69.0,26
clay soil,29,66.0,27
clay soil,30,63.0,28
clay soil,31,60.0,29
clay soil,32,57.0,30
clay soil,33,54.0,31
clay soil,34,51.0,32
clay soil,35,48.0,33
clay soil,36,45.0,34
clay soil,37,42.0,35
clay soil,38,39.0,36
clay soil,39,36.0,37
clay soil,40,33.0,38
clay soil,41,30.0,39
clay soil,42,27.0,40
clay soil,43,24.0,41
clay soil,44,21.0,42
clay soil,45,18.0,43
clay soil,46,15.0,44
clay soil,25,76.0,45
clay soil,26,73.0,46
clay soil,27,70.0,47
clay soil,28,67.0,48
clay soil,29,64.0,49
clay soil,30,61.0,50
clay soil,31,58.0,51
clay soil,32,55.0,52
clay soil,33,52.0,53
clay soil,34,49.0,54
clay soil,35,46.0,55
clay soil,36,43.0,56
clay soil,37,40.0,57
clay soil,38,37.0,58
clay soil,39,34.0,59
clay soil,40,31.0,60
clay soil,25,80.0,61
clay soil,26,77.0,62
clay soil,27,74.0,63
clay soil,28,71.0,64
clay soil,29,68.0,65
clay soil,30,65.0,66
clay soil,31,62.0,67
clay soil,32,59.0,68
clay soil,33,56.0,69
clay soil,34,53.0,70
clay soil,35,50.0,71
clay soil,36,47.0,72
clay soil,37,44.0,73
clay soil,38,41.0,74
clay soil,39,38.0,75
clay soil,40,35.0,76
clay soil,41,32.0,77
clay soil,42,29.0,78
clay soil,43,26.0,79
clay soil,44,23.0,80
clay soil,45,20.0,81
clay soil,46,17.0,82
clay soil,25,78.0,83
clay soil,26,75.0,84
clay soil,27,72.0,85
clay soil,28,69.0,86
clay soil,29,66.0,87
clay soil,30,63.0,88
clay soil,31,60.0,89
clay soil,32,57.0,90
clay soil,33,54.0,91
clay soil,34,51.0,92
clay soil,35,48.0,93
clay soil,36,45.0,94
clay soil,37,42.0,95
clay soil,38,39.0,96
clay soil,39,36.0,97
clay soil,40,33.0,98
clay soil,41,30.0,99
clay soil,42,27.0,100
clay soil,43,24.0,1
clay soil,44,21.0,2
clay soil,45,18.0,3
clay soil,46,15.0,4
clay soil,25,76.0,5
clay soil,26,73.0,6
clay soil,27,70.0,7
clay soil,28,67.0,8
clay soil,29,64.0,9
clay soil,30,61.0,10
clay soil,31,58.0,11
clay soil,32,55.0,12
clay soil,33,52.0,13
clay soil,34,49.0,14
clay soil,35,46.0,15
clay soil,36,43.0,16
clay soil,37,40.0,17
clay soil,38,37.0,18
clay soil,39,34.0,19
clay soil,40,31.0,20
clay soil,25,80.0,21
clay soil,26,77.0,22
clay soil,27,74.0,23
clay soil,28,71.0,24
clay soil,29,68.0,25
clay soil,30,65.0,26
clay soil,31,62.0,27
clay soil,32,59.0,28
clay soil,33,56.0,29
clay soil,34,53.0,30
clay soil,35,50.0,31
clay soil,36,47.0,32
clay soil,37,44.0,33
clay soil,38,41.0,34
clay soil,39,38.0,35
clay soil,40,35.0,36
clay soil,41,32.0,37
clay soil,42,29.0,38
clay soil,43,26.0,39
clay soil,44,23.0,40
clay soil,45,20.0,41
clay soil,46,17.0,42
clay soil,25,78.0,43
clay soil,26,75.0,44
clay soil,27,72.0,45
clay soil,28,69.0,46
clay soil,29,66.0,47
clay soil,30,63.0,48
clay soil,31,60.0,49
clay soil,32,57.0,50
clay soil,33,54.0,51
clay soil,34,51.0,52
clay soil,35,48.0,53
clay soil,36,45.0,54
clay soil,37,42.0,55
clay soil,38,39.0,56
clay soil,39,36.0,57
clay soil,40,33.0,58
clay soil,41,30.0,59
clay soil,42,27.0,60
clay soil,43,24.0,61
clay soil,44,21.0,62
clay soil,45,18.0,63
clay soil,46,15.0,64
clay soil,25,76.0,65
clay soil,26,73.0,66
clay soil,27,70.0,67
clay soil,28,67.0,68
clay soil,29,64.0,69
clay soil,30,61.0,70
clay soil,31,58.0,71
clay soil,32,55.0,72
clay soil,33,52.0,73
clay soil,34,49.0,74
clay soil,35,46.0,75
clay soil,36,43.0,76
clay soil,37,40.0,77
clay soil,38,37.0,78
clay soil,39,34.0,79
clay soil,40,31.0,80
clay soil,25,80.0,81
clay soil,26,77.0,82
clay soil,27,74.0,83
clay soil,28,71.0,84
clay soil,29,68.0,85
clay soil,30,65.0,86
clay soil,31,62.0,87
clay soil,32,59.0,88
clay soil,33,56.0,89
clay soil,34,53.0,90
clay soil,35,50.0,91
clay soil,36,47.0,92
clay soil,37,44.0,93
clay soil,38,41.0,94
clay soil,39,38.0,95
clay soil,40,35.0,96
clay soil,41,32.0,97
clay soil,42,29.0,98
clay soil,43,26.0,99
clay soil,44,23.0,100
clay soil,45,20.0,1
clay soil,46,17.0,2
clay soil,25,78.0,3
clay soil,26,75.0,4
clay soil,27,72.0,5
clay soil,28,69.0,6
clay soil,29,66.0,7
clay soil,30,63.0,8
clay soil,31,60.0,9
clay soil,32,57.0,10
clay soil,33,54.0,11
clay soil,34,51.0,12
clay soil,35,48.0,13
clay soil,36,45.0,14
clay soil,37,42.0,15
clay soil,38,39.0,16
clay soil,39,36.0,17
clay soil,40,33.0,18
clay soil,41,30.0,19
clay soil,42,27.0,20
clay soil,43,24.0,21
clay soil,44,21.0,22
clay soil,45,18.0,23
clay soil,46,15.0,24
clay soil,25,76.0,25
clay soil,26,73.0,26
clay soil,27,70.0,27
clay soil,28,67.0,28
clay soil,29,64.0,29
clay soil,30,61.0,30
clay soil,31,58.0,31
clay soil,32,55.0,32
clay soil,33,52.0,33
clay soil,34,49.0,34
clay soil,35,46.0,35
clay soil,36,43.0,36
clay soil,37,40.0,37
clay soil,38,37.0,38
clay soil,39,34.0,39
clay soil,40,31.0,40
clay soil,25,80.0,41
clay soil,26,77.0,42
clay soil,27,74.0,43
clay soil,28,71.0,44
clay soil,29,68.0,45
clay soil,30,65.0,46
clay soil,31,62.0,47
clay soil,32,59.0,48
clay soil,33,56.0,49
clay soil,34,53.0,50
clay soil,35,50.0,51
clay soil,36,47.0,52
clay soil,37,44.0,53
clay soil,38,41.0,54
clay soil,39,38.0,55
clay soil,40,35.0,56
clay soil,41,32.0,57
clay soil,42,29.0,58
clay soil,43,26.0,59
clay soil,44,23.0,60
clay soil,45,20.0,61
clay soil,46,17.0,62
clay soil,25,78.0,63
clay soil,26,75.0,64
clay soil,27,72.0,65
clay soil,28,69.0,66
clay soil,29,66.0,67
clay soil,30,63.0,68
clay soil,31,60.0,69
clay soil,32,57.0,70
clay soil,33,54.0,71
clay soil,34,51.0,72
clay soil,35,48.0,73
clay soil,36,45.0,74
clay soil,37,42.0,75
clay soil,38,39.0,76
clay soil,39,36.0,77
clay soil,40,33.0,78
clay soil,41,30.0,79
clay soil,42,27.0,80
clay soil,43,24.0,81
clay soil,44,21.0,82
clay soil,45,18.0,83
clay soil,46,15.0,84
clay soil,25,76.0,85
clay soil,26,73.0,86
clay soil,27,70.0,87
clay soil,28,67.0,88
clay soil,29,64.0,89
clay soil,30,61.0,90
clay soil,31,58.0,91
clay soil,32,55.0,92
clay soil,33,52.0,93
clay soil,34,49.0,94
clay soil,35,46.0,95
clay soil,36,43.0,96
clay soil,37,40.0,97
clay soil,38,37.0,98
clay soil,39,34.0,99
clay soil,40,31.0,100
loam soil,24,80.0,1
loam soil,23,81.0,2
loam soil,22,82.0,3
loam soil,21,83.0,4
loam soil,20,84.0,5
loam soil,19,85.0,6
loam soil,18,86.0,7
loam soil,17,87.0,8
loam soil,16,88.0,9
loam soil,15,89.0,10
loam soil,14,90.0,11
loam soil,13,91.0,12
loam soil,24,80.0,13
loam soil,23,81.0,14
loam soil,22,82.0,15
loam soil,21,83.0,16
loam soil,20,84.0,17
loam soil,19,85.0,18
loam soil,18,86.0,19
loam soil,17,87.0,20
loam soil,16,88.0,21
loam soil,15,89.0,22
loam soil,14,90.0,23
loam soil,13,91.0,24
loam soil,24,80.0,25
loam soil,23,81.0,26
loam soil,22,82.0,27
loam soil,21,83.0,28
loam soil,20,84.0,29
loam soil,19,85.0,30
loam soil,18,86.0,31
loam soil,17,87.0,32
loam soil,16,88.0,33
loam soil,15,89.0,34
loam soil,14,90.0,35
loam soil,13,91.0,36
loam soil,24,80.0,37
loam soil,23,81.0,38
loam soil,22,82.0,39
loam soil,21,83.0,40
loam soil,20,84.0,41
loam soil,19,85.0,42
loam soil,18,86.0,43
loam soil,17,87.0,44
loam soil,16,88.0,45
loam soil,15,89.0,46
loam soil,14,90.0,47
loam soil,13,91.0,48
loam soil,24,80.0,49
loam soil,23,81.0,50
loam soil,22,82.0,51
loam soil,21,83.0,52
loam soil,20,84.0,53
loam soil,19,85.0,54
loam soil,18,86.0,55
loam soil,17,87.0,56
loam soil,16,88.0,57
loam soil,15,89.0,58
loam soil,14,90.0,59
loam soil,13,91.0,60
loam soil,24,80.0,61
loam soil,23,81.0,62
loam soil,22,82.0,63
loam soil,21,83.0,64
loam soil,20,84.0,65
loam soil,19,85.0,66
loam soil,18,86.0,67
loam soil,17,87.0,68
loam soil,16,88.0,69
loam soil,15,89.0,70
loam soil,14,90.0,71
loam soil,13,91.0,72
loam soil,24,80.0,73
loam soil,23,81.0,74
loam soil,22,82.0,75
loam soil,21,83.0,76
loam soil,20,84.0,77
loam soil,19,85.0,78
loam soil,18,86.0,79
loam soil,24,80.0,1
loam soil,23,81.0,2
loam soil,22,82.0,3
loam soil,21,83.0,4
loam soil,20,84.0,5
loam soil,19,85.0,6
loam soil,18,86.0,7
loam soil,17,87.0,8
loam soil,16,88.0,9
loam soil,15,89.0,10
loam soil,14,90.0,11
loam soil,13,91.0,12
loam soil,24,80.0,13
loam soil,23,81.0,14
loam soil,22,82.0,15
loam soil,21,83.0,16
loam soil,20,84.0,17
loam soil,19,85.0,18
loam soil,18,86.0,19
loam soil,17,87.0,20
loam soil,16,88.0,21
loam soil,15,89.0,22
loam soil,14,90.0,23
loam soil,13,91.0,24
loam soil,24,80.0,25
loam soil,23,81.0,26
loam soil,22,82.0,27
loam soil,21,83.0,28
loam soil,20,84.0,29
loam soil,19,85.0,30
loam soil,18,86.0,31
loam soil,17,87.0,32
loam soil,16,88.0,33
loam soil,15,89.0,34
loam soil,14,90.0,35
loam soil,13,91.0,36
loam soil,24,80.0,37
loam soil,23,81.0,38
loam soil,22,82.0,39
loam soil,21,83.0,40
loam soil,20,84.0,41
loam soil,19,85.0,42
loam soil,18,86.0,43
loam soil,17,87.0,44
loam soil,16,88.0,45
loam soil,15,89.0,46
loam soil,14,90.0,47
loam soil,13,91.0,48
loam soil,24,80.0,49
loam soil,23,81.0,50
loam soil,22,82.0,51
loam soil,21,83.0,52
loam soil,20,84.0,53
loam soil,19,85.0,54
loam soil,18,86.0,55
loam soil,17,87.0,56
loam soil,16,88.0,57
loam soil,15,89.0,58
loam soil,14,90.0,59
loam soil,13,91.0,60
loam soil,24,80.0,61
loam soil,23,81.0,62
loam soil,22,82.0,63
loam soil,21,83.0,64
loam soil,20,84.0,65
loam soil,19,85.0,66
loam soil,18,86.0,67
loam soil,17,87.0,68
loam soil,16,88.0,69
loam soil,24,80.0,1
loam soil,23,81.0,2
loam soil,22,82.0,3
loam soil,21,83.0,4
loam soil,20,84.0,5
loam soil,19,85.0,6
loam soil,18,86.0,7
loam soil,17,87.0,8
loam soil,16,88.0,9
loam soil,15,89.0,10
loam soil,14,90.0,11
loam soil,13,91.0,12
loam soil,24,80.0,13
loam soil,23,81.0,14
loam soil,22,82.0,15
loam soil,21,83.0,16
loam soil,20,84.0,17
loam soil,19,85.0,18
loam soil,18,86.0,19
loam soil,17,87.0,20
loam soil,16,88.0,21
loam soil,15,89.0,22
loam soil,14,90.0,23
loam soil,13,91.0,24
loam soil,24,80.0,25
loam soil,23,81.0,26
loam soil,22,82.0,27
loam soil,21,83.0,28
loam soil,20,84.0,29
loam soil,19,85.0,30
loam soil,18,86.0,31
loam soil,17,87.0,32
loam soil,16,88.0,33
loam soil,15,89.0,34
loam soil,14,90.0,35
loam soil,13,91.0,36
loam soil,24,80.0,37
loam soil,23,81.0,38
loam soil,22,82.0,39
loam soil,21,83.0,40
loam soil,20,84.0,41
loam soil,19,85.0,42
loam soil,18,86.0,43
loam soil,17,87.0,44
loam soil,16,88.0,45
loam soil,15,89.0,46
loam soil,14,90.0,47
loam soil,13,91.0,48
loam soil,24,80.0,49
loam soil,23,81.0,50
loam soil,22,82.0,51
loam soil,21,83.0,52
loam soil,20,84.0,53
loam soil,19,85.0,54
loam soil,18,86.0,55
loam soil,17,87.0,56
loam soil,16,88.0,57
loam soil,15,89.0,58
loam soil,14,90.0,59
sandy soil,24,80.0,1
sandy soil,23,81.0,2
sandy soil,22,82.0,3
sandy soil,21,83.0,4
sandy soil,20,84.0,5
sandy soil,19,85.0,6
sandy soil,18,86.0,7
sandy soil,17,87.0,8
sandy soil,16,88.0,9
sandy soil,15,89.0,10
sandy soil,14,90.0,11
sandy soil,13,91.0,12
sandy soil,24,80.0,13
sandy soil,23,81.0,14
sandy soil,22,82.0,15
sandy soil,21,83.0,16
sandy soil,20,84.0,17
sandy soil,19,85.0,18
sandy soil,18,86.0,19
sandy soil,17,87.0,20
sandy soil,16,88.0,21
sandy soil,15,89.0,22
sandy soil,14,90.0,23
sandy soil,13,91.0,24
sandy soil,24,80.0,25
sandy soil,23,81.0,26
sandy soil,22,82.0,27
sandy soil,21,83.0,28
sandy soil,20,84.0,29
sandy soil,19,85.0,30
sandy soil,18,86.0,31
sandy soil,17,87.0,32
sandy soil,16,88.0,33
sandy soil,15,89.0,34
sandy soil,14,90.0,35
sandy soil,13,91.0,36
sandy soil,24,80.0,37
sandy soil,23,81.0,38
sandy soil,22,82.0,39
sandy soil,21,83.0,40
sandy soil,20,84.0,41
sandy soil,19,85.0,42
sandy soil,18,86.0,43
sandy soil,17,87.0,44
sandy soil,16,88.0,45
sandy soil,15,89.0,46
sandy soil,14,90.0,47
sandy soil,13,91.0,48
sandy soil,24,80.0,49
sandy soil,23,81.0,50
sandy soil,22,82.0,51
sandy soil,21,83.0,52
sandy soil,20,84.0,53
sandy soil,19,85.0,54
sandy soil,18,86.0,55
sandy soil,17,87.0,56
sandy soil,16,88.0,57
sandy soil,15,89.0,58
sandy soil,14,90.0,59
sandy soil,24,80.0,60
sandy soil,23,81.0,61
sandy soil,22,82.0,62
sandy soil,21,83.0,63
sandy soil,20,84.0,64
sandy soil,19,85.0,65
sandy soil,18,86.0,66
sandy soil,17,87.0,67
sandy soil,16,88.0,68
sandy soil,15,89.0,69
loam soil,24,80.0,1
loam soil,23,81.0,2
loam soil,22,82.0,3
loam soil,21,83.0,4
loam soil,20,84.0,5
loam soil,19,85.0,6
loam soil,18,86.0,7
loam soil,17,87.0,8
loam soil,16,88.0,9
loam soil,15,89.0,10
loam soil,14,90.0,11
loam soil,13,91.0,12
loam soil,24,80.0,13
loam soil,23,81.0,14
loam soil,22,82.0,15
loam soil,21,83.0,16
loam soil,20,84.0,17
loam soil,19,85.0,18
loam soil,18,86.0,19
loam soil,17,87.0,20
loam soil,16,88.0,21
loam soil,15,89.0,22
loam soil,14,90.0,23
loam soil,13,91.0,24
loam soil,24,80.0,25
loam soil,23,81.0,26
loam soil,22,82.0,27
loam soil,21,83.0,28
loam soil,20,84.0,29
loam soil,19,85.0,30
loam soil,18,86.0,31
loam soil,17,87.0,32
loam soil,16,88.0,33
loam soil,15,89.0,34
loam soil,14,90.0,35
loam soil,13,91.0,36
loam soil,24,80.0,37
loam soil,23,81.0,38
loam soil,22,82.0,39
loam soil,21,83.0,40
loam soil,20,84.0,41
loam soil,19,85.0,42
loam soil,18,86.0,43
loam soil,17,87.0,44
loam soil,16,88.0,45
loam soil,15,89.0,46
loam soil,14,90.0,47
loam soil,13,91.0,48
loam soil,24,80.0,49
sandy soil,24,80.0,1
sandy soil,23,81.0,2
sandy soil,22,82.0,3
sandy soil,21,83.0,4
sandy soil,20,84.0,5
sandy soil,19,85.0,6
sandy soil,18,86.0,7
sandy soil,17,87.0,8
sandy soil,16,88.0,9
sandy soil,15,89.0,10
sandy soil,14,90.0,11
sandy soil,13,91.0,12
sandy soil,24,80.0,13
sandy soil,23,81.0,14
sandy soil,22,82.0,15
sandy soil,21,83.0,16
sandy soil,20,84.0,17
sandy soil,19,85.0,18
sandy soil,18,86.0,19
sandy soil,17,87.0,20
sandy soil,16,88.0,21
sandy soil,15,89.0,22
sandy soil,14,90.0,23
sandy soil,13,91.0,24
sandy soil,24,80.0,25
sandy soil,23,81.0,26
sandy soil,22,82.0,27
sandy soil,21,83.0,28
sandy soil,20,84.0,29
sandy soil,19,85.0,30
sandy soil,18,86.0,31
sandy soil,17,87.0,32
sandy soil,16,88.0,33
sandy soil,15,89.0,34
sandy soil,14,90.0,35
sandy soil,13,91.0,36
sandy soil,24,80.0,37
sandy soil,23,81.0,38
sandy soil,22,82.0,39
sandy soil,21,83.0,40
sandy soil,20,84.0,41
sandy soil,19,85.0,42
sandy soil,18,86.0,43
sandy soil,17,87.0,44
sandy soil,16,88.0,45
sandy soil,15,89.0,46
sandy soil,14,90.0,47
sandy soil,13,91.0,48
sandy soil,24,80.0,49
sandy soil,23,81.0,50
sandy soil,22,82.0,51
sandy soil,21,83.0,52
sandy soil,20,84.0,53
sandy soil,19,85.0,54
sandy soil,18,86.0,55
sandy soil,17,87.0,56
sandy soil,16,88.0,57
sandy soil,15,89.0,58
sandy soil,14,90.0,59
sandy soil,13,91.0,60
sandy soil,24,80.0,61
sandy soil,23,81.0,62
sandy soil,22,82.0,63
sandy soil,21,83.0,64
sandy soil,20,84.0,65
sandy soil,19,85.0,66
sandy soil,18,86.0,67
sandy soil,17,87.0,68
sandy soil,16,88.0,69
sandy soil,15,89.0,70
sandy soil,14,90.0,71
sandy soil,13,91.0,72
sandy soil,24,80.0,73
sandy soil,23,81.0,74
sandy soil,22,82.0,75
sandy soil,21,83.0,76
sandy soil,20,84.0,77
sandy soil,19,85.0,78
sandy soil,18,86.0,79
sandy soil,24,80.0,1
sandy soil,23,81.0,2
sandy soil,22,82.0,3
sandy soil,21,83.0,4
sandy soil,20,84.0,5
sandy soil,19,85.0,6
sandy soil,18,86.0,7
sandy soil,17,87.0,8
sandy soil,16,88.0,9
sandy soil,15,89.0,10
sandy soil,14,90.0,11
sandy soil,13,91.0,12
sandy soil,24,80.0,13
sandy soil,23,81.0,14
sandy soil,22,82.0,15
sandy soil,21,83.0,16
sandy soil,20,84.0,17
sandy soil,19,85.0,18
sandy soil,18,86.0,19
sandy soil,17,87.0,20
sandy soil,16,88.0,21
sandy soil,15,89.0,22
sandy soil,14,90.0,23
sandy soil,13,91.0,24
sandy soil,24,80.0,25
sandy soil,23,81.0,26
sandy soil,22,82.0,27
sandy soil,21,83.0,28
sandy soil,20,84.0,29
sandy soil,19,85.0,30
sandy soil,18,86.0,31
sandy soil,17,87.0,32
sandy soil,16,88.0,33
sandy soil,15,89.0,34
sandy soil,14,90.0,35
sandy soil,13,91.0,36
sandy soil,24,80.0,37
sandy soil,23,81.0,38
sandy soil,22,82.0,39
sandy soil,21,83.0,40
sandy soil,20,84.0,41
sandy soil,19,85.0,42
sandy soil,18,86.0,43
sandy soil,17,87.0,44
sandy soil,16,88.0,45
sandy soil,15,89.0,46
sandy soil,14,90.0,47
sandy soil,13,91.0,48
sandy soil,24,80.0,49
sandy soil,23,81.0,50
sandy soil,22,82.0,51
sandy soil,21,83.0,52
sandy soil,20,84.0,53
sandy soil,19,85.0,54
sandy soil,18,86.0,55
sandy soil,17,87.0,56
sandy soil,16,88.0,57
sandy soil,15,89.0,58
sandy soil,14,90.0,59
sandy soil,13,91.0,60
sandy soil,24,80.0,61
sandy soil,23,81.0,62
sandy soil,22,82.0,63
sandy soil,21,83.0,64
sandy soil,20,84.0,65
sandy soil,19,85.0,66
sandy soil,18,86.0,67
sandy soil,17,87.0,68
sandy soil,16,88.0,69
sandy soil,24,80.0,1
sandy soil,23,81.0,2
sandy soil,22,82.0,3
sandy soil,21,83.0,4
sandy soil,20,84.0,5
sandy soil,19,85.0,6
sandy soil,18,86.0,7
sandy soil,17,87.0,8
sandy soil,16,88.0,9
sandy soil,15,89.0,10
sandy soil,14,90.0,11
sandy soil,13,91.0,12
sandy soil,24,80.0,13
sandy soil,23,81.0,14
sandy soil,22,82.0,15
sandy soil,21,83.0,16
sandy soil,20,84.0,17
sandy soil,19,85.0,18
sandy soil,18,86.0,19
sandy soil,17,87.0,20
sandy soil,16,88.0,21
sandy soil,15,89.0,22
sandy soil,14,90.0,23
sandy soil,13,91.0,24
sandy soil,24,80.0,25
sandy soil,23,81.0,26
sandy soil,22,82.0,27
sandy soil,21,83.0,28
sandy soil,20,84.0,29
sandy soil,19,85.0,30
sandy soil,18,86.0,31
sandy soil,17,87.0,32
sandy soil,16,88.0,33
sandy soil,15,89.0,34
sandy soil,14,90.0,35
sandy soil,13,91.0,36
sandy soil,24,80.0,37
sandy soil,23,81.0,38
sandy soil,22,82.0,39
sandy soil,21,83.0,40
sandy soil,20,84.0,41
sandy soil,19,85.0,42
sandy soil,18,86.0,43
sandy soil,17,87.0,44
sandy soil,16,88.0,45
sandy soil,15,89.0,46
sandy soil,14,90.0,47
sandy soil,13,91.0,48
sandy soil,24,80.0,49
sandy soil,23,81.0,50
sandy soil,22,82.0,51
sandy soil,21,83.0,52
sandy soil,20,84.0,53
sandy soil,19,85.0,54
sandy soil,18,86.0,55
sandy soil,17,87.0,56
sandy soil,16,88.0,57
sandy soil,15,89.0,58
sandy soil,14,90.0,59
sandy soil,24,80.0,1
sandy soil,23,81.0,2
sandy soil,22,82.0,3
sandy soil,21,83.0,4
sandy soil,20,84.0,5
sandy soil,19,85.0,6
sandy soil,18,86.0,7
sandy soil,17,87.0,8
sandy soil,16,88.0,9
sandy soil,15,89.0,10
sandy soil,14,90.0,11
sandy soil,13,91.0,12
sandy soil,24,80.0,13
sandy soil,23,81.0,14
sandy soil,22,82.0,15
sandy soil,21,83.0,16
sandy soil,20,84.0,17
sandy soil,19,85.0,18
sandy soil,18,86.0,19
sandy soil,17,87.0,20
sandy soil,16,88.0,21
sandy soil,15,89.0,22
sandy soil,14,90.0,23
sandy soil,13,91.0,24
sandy soil,24,80.0,25
sandy soil,23,81.0,26
sandy soil,22,82.0,27
sandy soil,21,83.0,28
sandy soil,20,84.0,29
sandy soil,19,85.0,30
sandy soil,18,86.0,31
sandy soil,17,87.0,32
sandy soil,16,88.0,33
sandy soil,15,89.0,34
sandy soil,14,90.0,35
sandy soil,13,91.0,36
sandy soil,24,80.0,37
sandy soil,23,81.0,38
sandy soil,22,82.0,39
sandy soil,21,83.0,40
sandy soil,20,84.0,41
sandy soil,19,85.0,42
sandy soil,18,86.0,43
sandy soil,17,87.0,44
sandy soil,16,88.0,45
sandy soil,15,89.0,46
sandy soil,14,90.0,47
sandy soil,13,91.0,48
sandy soil,24,80.0,49
sandy soil,24,80.0,50
sandy soil,23,81.0,51
sandy soil,22,82.0,52
sandy soil,21,83.0,53
sandy soil,20,84.0,54
sandy soil,19,85.0,55
sandy soil,18,86.0,56
sandy soil,17,87.0,57
sandy soil,16,88.0,58
sandy soil,15,89.0,59
clay soil,14,90.0,1
clay soil,13,91.0,2
clay soil,24,80.0,3
clay soil,23,81.0,4
clay soil,22,82.0,5
clay soil,21,83.0,6
clay soil,20,84.0,7
clay soil,19,85.0,8
clay soil,18,86.0,9
clay soil,17,87.0,10
clay soil,16,88.0,11
clay soil,15,89.0,12
clay soil,14,90.0,13
clay soil,13,91.0,14
clay soil,24,80.0,15
clay soil,23,81.0,16
clay soil,22,82.0,17
clay soil,21,83.0,18
clay soil,20,84.0,19
clay soil,19,85.0,20
clay soil,18,86.0,21
clay soil,17,87.0,22
clay soil,16,88.0,23
clay soil,15,89.0,24
clay soil,14,90.0,25
clay soil,13,91.0,26
clay soil,24,80.0,27
clay soil,23,81.0,28
clay soil,22,82.0,29
clay soil,21,83.0,30
clay soil,20,84.0,31
clay soil,19,85.0,32
clay soil,18,86.0,33
clay soil,17,87.0,34
clay soil,16,88.0,35
clay soil,15,89.0,36
clay soil,14,90.0,37
clay soil,13,91.0,38
clay soil,24,80.0,39
clay soil,23,81.0,40
clay soil,22,82.0,41
clay soil,21,83.0,42
clay soil,20,84.0,43
clay soil,19,85.0,44
clay soil,18,86.0,45
clay soil,17,87.0,46
clay soil,16,88.0,47
clay soil,15,89.0,48
clay soil,14,90.0,49
clay soil,13,91.0,50
clay soil,24,80.0,51
clay soil,23,81.0,52
clay soil,22,82.0,53
clay soil,21,83.0,54
clay soil,20,84.0,55
clay soil,19,85.0,56
clay soil,18,86.0,57
clay soil,17,87.0,58
clay soil,16,88.0,59
clay soil,15,89.0,60
clay soil,14,90.0,61
clay soil,13,91.0,62
clay soil,24,80.0,63
clay soil,23,81.0,64
clay soil,22,82.0,65
clay soil,21,83.0,66
clay soil,20,84.0,67
clay soil,19,85.0,68
clay soil,18,86.0,69
clay soil,24,80.0,70
clay soil,23,81.0,71
clay soil,22,82.0,72
clay soil,21,83.0,73
clay soil,20,84.0,74
clay soil,19,85.0,75
clay soil,18,86.0,76
clay soil,17,87.0,77
clay soil,16,88.0,78
clay soil,15,89.0,79
clay soil,14,90.0,1
clay soil,13,91.0,2
clay soil,24,80.0,3
clay soil,23,81.0,4
clay soil,22,82.0,5
clay soil,21,83.0,6
clay soil,20,84.0,7
clay soil,19,85.0,8
clay soil,18,86.0,9
clay soil,17,87.0,10
clay soil,16,88.0,11
clay soil,15,89.0,12
clay soil,14,90.0,13
clay soil,13,91.0,14
clay soil,24,80.0,15
clay soil,23,81.0,16
clay soil,22,82.0,17
clay soil,21,83.0,18
clay soil,20,84.0,19
clay soil,19,85.0,20
clay soil,18,86.0,21
clay soil,17,87.0,22
clay soil,16,88.0,23
clay soil,15,89.0,24
clay soil,14,90.0,25
clay soil,13,91.0,26
clay soil,24,80.0,27
clay soil,23,81.0,28
clay soil,22,82.0,29
clay soil,21,83.0,30
clay soil,20,84.0,31
clay soil,19,85.0,32
clay soil,18,86.0,33
clay soil,17,87.0,34
clay soil,16,88.0,35
clay soil,15,89.0,36
clay soil,14,90.0,37
clay soil,13,91.0,38
clay soil,24,80.0,39
clay soil,23,81.0,40
clay soil,22,82.0,41
clay soil,21,83.0,42
clay soil,20,84.0,43
clay soil,19,85.0,44
clay soil,18,86.0,45
clay soil,17,87.0,46
clay soil,16,88.0,47
clay soil,15,89.0,48
clay soil,14,90.0,49
clay soil,13,91.0,50
clay soil,24,80.0,51
clay soil,23,81.0,52
clay soil,22,82.0,53
clay soil,21,83.0,54
clay soil,20,84.0,55
clay soil,19,85.0,56
clay soil,18,86.0,57
clay soil,17,87.0,58
clay soil,16,88.0,59
clay soil,24,80.0,60
clay soil,23,81.0,61
clay soil,22,82.0,62
clay soil,21,83.0,63
clay soil,20,84.0,64
clay soil,19,85.0,65
clay soil,18,86.0,66
clay soil,17,87.0,67
clay soil,16,88.0,68
clay soil,15,89.0,69
clay soil,14,90.0,1
clay soil,13,91.0,2
clay soil,24,80.0,3
clay soil,23,81.0,4
clay soil,22,82.0,5
clay soil,21,83.0,6
clay soil,20,84.0,7
clay soil,19,85.0,8
clay soil,18,86.0,9
clay soil,17,87.0,10
clay soil,16,88.0,11
clay soil,15,89.0,12
clay soil,14,90.0,13
clay soil,13,91.0,14
clay soil,24,80.0,15
clay soil,23,81.0,16
clay soil,22,82.0,17
clay soil,21,83.0,18
clay soil,20,84.0,19
clay soil,19,85.0,20
clay soil,18,86.0,21
clay soil,17,87.0,22
clay soil,16,88.0,23
clay soil,15,89.0,24
clay soil,14,90.0,25
clay soil,13,91.0,26
clay soil,24,80.0,27
clay soil,23,81.0,28
clay soil,22,82.0,29
clay soil,21,83.0,30
clay soil,20,84.0,31
clay soil,19,85.0,32
clay soil,18,86.0,33
clay soil,17,87.0,34
clay soil,16,88.0,35
clay soil,15,89.0,36
clay soil,14,90.0,37
clay soil,13,91.0,38
clay soil,24,80.0,39
clay soil,23,81.0,40
clay soil,22,82.0,41
clay soil,21,83.0,42
clay soil,20,84.0,43
clay soil,19,85.0,44
clay soil,18,86.0,45
clay soil,17,87.0,46
clay soil,16,88.0,47
clay soil,15,89.0,48
clay soil,14,90.0,49
clay soil,24,80.0,50
clay soil,23,81.0,51
clay soil,22,82.0,52
clay soil,21,83.0,53
clay soil,20,84.0,54
clay soil,19,85.0,55
clay soil,18,86.0,56
clay soil,17,87.0,57
clay soil,16,88.0,58
clay soil,15,89.0,59
clay soil,14,90.0,1
clay soil,13,91.0,2
clay soil,24,80.0,3
clay soil,23,81.0,4
clay soil,22,82.0,5
clay soil,21,83.0,6
clay soil,20,84.0,7
clay soil,19,85.0,8
clay soil,18,86.0,9
clay soil,17,87.0,10
clay soil,16,88.0,11
clay soil,15,89.0,12
clay soil,14,90.0,13
clay soil,13,91.0,14
clay soil,24,80.0,15
clay soil,23,81.0,16
clay soil,22,82.0,17
clay soil,21,83.0,18
clay soil,20,84.0,19
clay soil,19,85.0,20
clay soil,18,86.0,21
clay soil,17,87.0,22
clay soil,16,88.0,23
clay soil,15,89.0,24
clay soil,14,90.0,25
clay soil,13,91.0,26
clay soil,24,80.0,27
clay soil,23,81.0,28
clay soil,22,82.0,29
clay soil,21,83.0,30
clay soil,20,84.0,31
clay soil,19,85.0,32
clay soil,18,86.0,33
clay soil,17,87.0,34
clay soil,16,88.0,35
clay soil,15,89.0,36
clay soil,14,90.0,37
clay soil,13,91.0,38
clay soil,24,80.0,39
clay soil,23,81.0,40
clay soil,22,82.0,41
clay soil,21,83.0,42
clay soil,20,84.0,43
clay soil,19,85.0,44
clay soil,18,86.0,45
clay soil,17,87.0,46
clay soil,16,88.0,47
clay soil,15,89.0,48
clay soil,14,90.0,49
clay soil,24,80.0,50
clay soil,23,81.0,51
clay soil,22,82.0,52
clay soil,21,83.0,53
clay soil,20,84.0,54
clay soil,19,85.0,55
clay soil,18,86.0,56
clay soil,17,87.0,57
clay soil,16,88.0,58
clay soil,15,89.0,59
clay soil,24,80.0,60
clay soil,23,81.0,61
clay soil,22,82.0,62
clay soil,21,83.0,63
clay soil,20,84.0,64
clay soil,19,85.0,65
clay soil,18,86.0,66
clay soil,17,87.0,67
clay soil,16,88.0,68
clay soil,15,89.0,69
clay soil,14,90.0,1
clay soil,13,91.0,2
clay soil,24,80.0,3
clay soil,23,81.0,4
clay soil,22,82.0,5
clay soil,21,83.0,6
clay soil,20,84.0,7
clay soil,19,85.0,8
clay soil,18,86.0,9
clay soil,17,87.0,10
clay soil,16,88.0,11
clay soil,15,89.0,12
clay soil,14,90.0,13
clay soil,13,91.0,14
clay soil,24,80.0,15
clay soil,23,81.0,16
clay soil,22,82.0,17
clay soil,21,83.0,18
clay soil,20,84.0,19
clay soil,19,85.0,20
clay soil,18,86.0,21
clay soil,17,87.0,22
clay soil,16,88.0,23
clay soil,15,89.0,24
clay soil,14,90.0,25
clay soil,13,91.0,26
clay soil,24,80.0,27
clay soil,23,81.0,28
clay soil,22,82.0,29
clay soil,21,83.0,30
clay soil,20,84.0,31
clay soil,19,85.0,32
clay soil,18,86.0,33
clay soil,17,87.0,34
clay soil,16,88.0,35
clay soil,15,89.0,36
clay soil,14,90.0,37
clay soil,13,91.0,38
clay soil,24,80.0,39
loam soil,24,80.0,1
loam soil,23,81.0,2
loam soil,22,82.0,3
loam soil,21,83.0,4
loam soil,20,84.0,5
loam soil,19,85.0,6
loam soil,18,86.0,7
loam soil,17,87.0,8
loam soil,16,88.0,9
loam soil,15,89.0,10
loam soil,14,90.0,11
loam soil,13,91.0,12
loam soil,24,80.0,13
loam soil,23,81.0,14
loam soil,22,82.0,15
loam soil,21,83.0,16
loam soil,20,84.0,17
loam soil,19,85.0,18
loam soil,18,86.0,19
loam soil,17,87.0,20
loam soil,16,88.0,21
loam soil,15,89.0,22
loam soil,14,90.0,23
loam soil,13,91.0,24
loam soil,24,80.0,25
loam soil,23,81.0,26
loam soil,22,82.0,27
loam soil,21,83.0,28
loam soil,20,84.0,29
loam soil,19,85.0,30
loam soil,18,86.0,31
loam soil,17,87.0,32
loam soil,16,88.0,33
loam soil,15,89.0,34
loam soil,14,90.0,35
loam soil,13,91.0,36
loam soil,24,80.0,37
loam soil,23,81.0,38
loam soil,22,82.0,39
loam soil,21,83.0,40
loam soil,20,84.0,41
loam soil,19,85.0,42
loam soil,18,86.0,43
loam soil,17,87.0,44
loam soil,16,88.0,45
loam soil,15,89.0,46
loam soil,14,90.0,47
loam soil,13,91.0,48
loam soil,24,80.0,49
loam soil,23,81.0,50
loam soil,22,82.0,51
loam soil,21,83.0,52
loam soil,20,84.0,53
loam soil,19,85.0,54
loam soil,18,86.0,55
loam soil,17,87.0,56
loam soil,16,88.0,57
loam soil,15,89.0,58
loam soil,14,90.0,59
loam soil,13,91.0,60
loam soil,24,80.0,61
loam soil,23,81.0,62
loam soil,22,82.0,63
loam soil,21,83.0,64
loam soil,20,84.0,65
loam soil,19,85.0,66
loam soil,18,86.0,67
loam soil,17,87.0,68
loam soil,16,88.0,69
loam soil,15,89.0,1
loam soil,14,90.0,2
loam soil,13,91.0,3
loam soil,24,80.0,4
loam soil,23,81.0,5
loam soil,22,82.0,6
loam soil,21,83.0,7
loam soil,20,84.0,8
loam soil,19,85.0,9
loam soil,18,86.0,10
loam soil,24,80.0,11
loam soil,23,81.0,12
loam soil,22,82.0,13
loam soil,21,83.0,14
loam soil,20,84.0,15
loam soil,19,85.0,16
loam soil,18,86.0,17
loam soil,17,87.0,18
loam soil,16,88.0,19
loam soil,15,89.0,20
loam soil,14,90.0,21
loam soil,13,91.0,22
loam soil,24,80.0,23
loam soil,23,81.0,24
loam soil,22,82.0,25
loam soil,21,83.0,26
loam soil,20,84.0,27
loam soil,19,85.0,28
loam soil,18,86.0,29
loam soil,17,87.0,30
loam soil,16,88.0,31
loam soil,15,89.0,32
loam soil,14,90.0,33
loam soil,13,91.0,34
loam soil,24,80.0,35
loam soil,23,81.0,36
loam soil,22,82.0,37
loam soil,21,83.0,38
loam soil,20,84.0,39
loam soil,19,85.0,40
loam soil,18,86.0,41
loam soil,17,87.0,42
loam soil,16,88.0,43
loam soil,15,89.0,44
loam soil,14,90.0,45
loam soil,13,91.0,46
loam soil,24,80.0,47
loam soil,23,81.0,48
loam soil,22,82.0,49
loam soil,21,83.0,50
loam soil,20,84.0,51
loam soil,19,85.0,52
loam soil,18,86.0,53
loam soil,17,87.0,54
loam soil,16,88.0,55
loam soil,15,89.0,56
loam soil,14,90.0,57
loam soil,13,91.0,58
loam soil,24,80.0,59
loam soil,23,81.0,1
loam soil,22,82.0,2
loam soil,21,83.0,3
loam soil,20,84.0,4
loam soil,19,85.0,5
loam soil,18,86.0,6
loam soil,17,87.0,7
loam soil,16,88.0,8
loam soil,15,89.0,9
loam soil,14,90.0,10
loam soil,13,91.0,11
loam soil,24,80.0,12
loam soil,23,81.0,13
loam soil,22,82.0,14
loam soil,21,83.0,15
loam soil,20,84.0,16
loam soil,19,85.0,17
loam soil,18,86.0,18
loam soil,17,87.0,19
loam soil,16,88.0,20
loam soil,24,80.0,21
loam soil,23,81.0,22
loam soil,22,82.0,23
loam soil,21,83.0,24
loam soil,20,84.0,25
loam soil,19,85.0,26
loam soil,18,86.0,27
loam soil,17,87.0,28
loam soil,16,88.0,29
loam soil,15,89.0,30
loam soil,14,90.0,31
loam soil,13,91.0,32
loam soil,24,80.0,33
loam soil,23,81.0,34
loam soil,22,82.0,35
loam soil,21,83.0,36
loam soil,20,84.0,37
loam soil,19,85.0,38
loam soil,18,86.0,39
loam soil,17,87.0,40
loam soil,16,88.0,41
loam soil,15,89.0,42
loam soil,14,90.0,43
loam soil,13,91.0,44
loam soil,24,80.0,45
loam soil,23,81.0,46
loam soil,22,82.0,47
loam soil,21,83.0,48
loam soil,20,84.0,49
loam soil,19,85.0,1
loam soil,18,86.0,2
loam soil,17,87.0,3
loam soil,16,88.0,4
loam soil,15,89.0,5
loam soil,14,90.0,6
loam soil,13,91.0,7
loam soil,24,80.0,8
loam soil,23,81.0,9
loam soil,22,82.0,10
loam soil,21,83.0,11
loam soil,20,84.0,12
loam soil,19,85.0,13
loam soil,18,86.0,14
loam soil,17,87.0,15
loam soil,16,88.0,16
loam soil,15,89.0,17
loam soil,14,90.0,18
loam soil,13,91.0,19
loam soil,24,80.0,20
loam soil,23,81.0,21
loam soil,22,82.0,22
loam soil,21,83.0,23
loam soil,20,84.0,24
loam soil,19,85.0,25
loam soil,18,86.0,26
loam soil,17,87.0,27
loam soil,16,88.0,28
loam soil,15,89.0,29
loam soil,14,90.0,30
loam soil,24,80.0,31
loam soil,23,81.0,32
loam soil,22,82.0,33
loam soil,21,83.0,34
loam soil,20,84.0,35
loam soil,19,85.0,36
loam soil,18,86.0,37
loam soil,17,87.0,38
loam soil,16,88.0,39
loam soil,15,89.0,40
loam soil,14,90.0,41
loam soil,13,91.0,42
loam soil,24,80.0,43
loam soil,23,81.0,44
loam soil,22,82.0,45
loam soil,21,83.0,46
loam soil,20,84.0,47
loam soil,19,85.0,48
loam soil,18,86.0,49
loam soil,17,87.0,50
loam soil,16,88.0,51
loam soil,15,89.0,52
loam soil,14,90.0,53
loam soil,13,91.0,54
loam soil,24,80.0,55
loam soil,23,81.0,56
loam soil,22,82.0,57
loam soil,21,83.0,58
loam soil,20,84.0,59
loam soil,19,85.0,1
loam soil,18,86.0,2
loam soil,17,87.0,3
loam soil,16,88.0,4
loam soil,15,89.0,5
loam soil,14,90.0,6
loam soil,13,91.0,7
loam soil,24,80.0,8
loam soil,23,81.0,9
loam soil,22,82.0,10
loam soil,21,83.0,11
loam soil,20,84.0,12
loam soil,19,85.0,13
loam soil,18,86.0,14
loam soil,17,87.0,15
loam soil,16,88.0,16
loam soil,15,89.0,17
loam soil,14,90.0,18
loam soil,13,91.0,19
loam soil,24,80.0,20
loam soil,23,81.0,21
loam soil,22,82.0,22
loam soil,21,83.0,23
loam soil,20,84.0,24
loam soil,19,85.0,25
loam soil,18,86.0,26
loam soil,17,87.0,27
loam soil,16,88.0,28
loam soil,15,89.0,29
loam soil,14,90.0,30
loam soil,24,80.0,31
loam soil,23,81.0,32
loam soil,22,82.0,33
loam soil,21,83.0,34
loam soil,20,84.0,35
loam soil,19,85.0,36
loam soil,18,86.0,37
loam soil,17,87.0,38
loam soil,16,88.0,39
loam soil,15,89.0,40
loam soil,24,80.0,41
loam soil,23,81.0,42
loam soil,22,82.0,43
loam soil,21,83.0,44
loam soil,20,84.0,45
loam soil,19,85.0,46
loam soil,18,86.0,47
loam soil,17,87.0,48
loam soil,16,88.0,49
red soil,15,89.0,1
red soil,14,90.0,2
red soil,13,91.0,3
red soil,24,80.0,4
red soil,23,81.0,5
red soil,22,82.0,6
red soil,21,83.0,7
red soil,20,84.0,8
red soil,19,85.0,9
red soil,18,86.0,10
red soil,17,87.0,11
red soil,16,88.0,12
red soil,15,89.0,13
red soil,14,90.0,14
red soil,13,91.0,15
red soil,24,80.0,16
red soil,23,81.0,17
red soil,22,82.0,18
red soil,21,83.0,19
red soil,20,84.0,20
red soil,19,85.0,21
red soil,18,86.0,22
red soil,17,87.0,23
red soil,16,88.0,24
red soil,15,89.0,25
red soil,14,90.0,26
red soil,13,91.0,27
red soil,24,80.0,28
red soil,23,81.0,29
red soil,22,82.0,30
red soil,21,83.0,31
red soil,20,84.0,32
red soil,19,85.0,33
red soil,18,86.0,34
red soil,17,87.0,35
red soil,16,88.0,36
red soil,15,89.0,37
red soil,14,90.0,38
red soil,13,91.0,39
red soil,24,80.0,40
red soil,24,80.0,41
red soil,23,81.0,42
red soil,22,82.0,43
red soil,21,83.0,44
red soil,20,84.0,45
red soil,19,85.0,46
red soil,18,86.0,47
red soil,17,87.0,48
red soil,16,88.0,49
red soil,15,89.0,50
red soil,14,90.0,51
red soil,13,91.0,52
red soil,24,80.0,53
red soil,23,81.0,54
red soil,22,82.0,55
red soil,21,83.0,56
red soil,20,84.0,57
red soil,19,85.0,58
red soil,18,86.0,59
red soil,17,87.0,60
red soil,16,88.0,61
red soil,15,89.0,62
red soil,14,90.0,63
red soil,13,91.0,64
red soil,24,80.0,65
red soil,23,81.0,66
red soil,22,82.0,67
red soil,21,83.0,68
red soil,20,84.0,69
red soil,19,85.0,70
red soil,18,86.0,71
red soil,17,87.0,72
red soil,16,88.0,73
red soil,15,89.0,74
red soil,14,90.0,75
red soil,13,91.0,76
red soil,24,80.0,77
red soil,23,81.0,78
red soil,22,82.0,79
red soil,21,83.0,1
red soil,20,84.0,2
red soil,19,85.0,3
red soil,18,86.0,4
red soil,17,87.0,5
red soil,16,88.0,6
red soil,15,89.0,7
red soil,14,90.0,8
red soil,13,91.0,9
red soil,24,80.0,10
red soil,23,81.0,11
red soil,22,82.0,12
red soil,21,83.0,13
red soil,20,84.0,14
red soil,19,85.0,15
red soil,18,86.0,16
red soil,17,87.0,17
red soil,16,88.0,18
red soil,15,89.0,19
red soil,14,90.0,20
red soil,13,91.0,21
red soil,24,80.0,22
red soil,23,81.0,23
red soil,22,82.0,24
red soil,21,83.0,25
red soil,20,84.0,26
red soil,19,85.0,27
red soil,18,86.0,28
red soil,17,87.0,29
red soil,16,88.0,30
red soil,15,89.0,31
red soil,14,90.0,32
red soil,13,91.0,33
red soil,24,80.0,34
red soil,23,81.0,35
red soil,22,82.0,36
red soil,21,83.0,37
red soil,20,84.0,38
red soil,19,85.0,39
red soil,18,86.0,40
red soil,24,80.0,41
red soil,23,81.0,42
red soil,22,82.0,43
red soil,21,83.0,44
red soil,20,84.0,45
red soil,19,85.0,46
red soil,18,86.0,47
red soil,17,87.0,48
red soil,16,88.0,49
red soil,15,89.0,50
red soil,14,90.0,51
red soil,13,91.0,52
red soil,24,80.0,53
red soil,23,81.0,54
red soil,22,82.0,55
red soil,21,83.0,56
red soil,20,84.0,57
red soil,19,85.0,58
red soil,18,86.0,59
red soil,17,87.0,60
red soil,16,88.0,61
red soil,15,89.0,62
red soil,14,90.0,63
red soil,13,91.0,64
red soil,24,80.0,65
red soil,23,81.0,66
red soil,22,82.0,67
red soil,21,83.0,68
red soil,20,84.0,69
red soil,19,85.0,1
red soil,18,86.0,2
red soil,17,87.0,3
red soil,16,88.0,4
red soil,15,89.0,5
red soil,14,90.0,6
red soil,13,91.0,7
red soil,24,80.0,8
red soil,23,81.0,9
red soil,22,82.0,10
red soil,21,83.0,11
red soil,20,84.0,12
red soil,19,85.0,13
red soil,18,86.0,14
red soil,17,87.0,15
red soil,16,88.0,16
red soil,15,89.0,17
red soil,14,90.0,18
red soil,13,91.0,19
red soil,24,80.0,20
red soil,23,81.0,21
red soil,22,82.0,22
red soil,21,83.0,23
red soil,20,84.0,24
red soil,19,85.0,25
red soil,18,86.0,26
red soil,17,87.0,27
red soil,16,88.0,28
red soil,15,89.0,29
red soil,14,90.0,30
red soil,13,91.0,31
red soil,24,80.0,32
red soil,23,81.0,33
red soil,22,82.0,34
red soil,21,83.0,35
red soil,20,84.0,36
red soil,19,85.0,37
red soil,18,86.0,38
red soil,17,87.0,39
red soil,16,88.0,40
red soil,24,80.0,41
red soil,23,81.0,42
red soil,22,82.0,43
red soil,21,83.0,44
red soil,20,84.0,45
red soil,19,85.0,46
red soil,18,86.0,47
red soil,17,87.0,48
red soil,16,88.0,49
red soil,15,89.0,50
red soil,14,90.0,51
red soil,13,91.0,52
red soil,24,80.0,53
red soil,23,81.0,54
red soil,22,82.0,55
red soil,21,83.0,56
red soil,20,84.0,57
red soil,19,85.0,58
red soil,18,86.0,59
red soil,17,87.0,1
red soil,16,88.0,2
red soil,15,89.0,3
red soil,14,90.0,4
red soil,13,91.0,5
red soil,24,80.0,6
red soil,23,81.0,7
red soil,22,82.0,8
red soil,21,83.0,9
red soil,20,84.0,10
red soil,19,85.0,11
red soil,18,86.0,12
red soil,17,87.0,13
red soil,16,88.0,14
red soil,15,89.0,15
red soil,14,90.0,16
red soil,13,91.0,17
red soil,24,80.0,18
red soil,23,81.0,19
red soil,22,82.0,20
red soil,21,83.0,21
red soil,20,84.0,22
red soil,19,85.0,23
red soil,18,86.0,24
red soil,17,87.0,25
red soil,16,88.0,26
red soil,15,89.0,27
red soil,14,90.0,28
red soil,13,91.0,29
red soil,24,80.0,30
red soil,23,81.0,31
red soil,22,82.0,32
red soil,21,83.0,33
red soil,20,84.0,34
red soil,19,85.0,35
red soil,18,86.0,36
red soil,17,87.0,37
red soil,16,88.0,38
red soil,15,89.0,39
red soil,14,90.0,40
red soil,24,80.0,41
red soil,23,81.0,42
red soil,22,82.0,43
red soil,21,83.0,44
red soil,20,84.0,45
red soil,19,85.0,46
red soil,18,86.0,47
red soil,17,87.0,48
red soil,16,88.0,49
red soil,15,89.0,50
red soil,14,90.0,51
red soil,13,91.0,52
red soil,24,80.0,53
red soil,23,81.0,54
red soil,22,82.0,55
red soil,21,83.0,56
red soil,20,84.0,57
red soil,19,85.0,58
red soil,18,86.0,59
red soil,17,87.0,60
red soil,16,88.0,61
red soil,15,89.0,62
red soil,14,90.0,63
red soil,13,91.0,64
red soil,24,80.0,65
red soil,23,81.0,66
red soil,22,82.0,67
red soil,21,83.0,68
red soil,20,84.0,69
red soil,19,85.0,1
red soil,18,86.0,2
red soil,17,87.0,3
red soil,16,88.0,4
red soil,15,89.0,5
red soil,14,90.0,6
red soil,13,91.0,7
red soil,24,80.0,8
red soil,23,81.0,9
red soil,22,82.0,10
red soil,21,83.0,11
red soil,20,84.0,12
red soil,19,85.0,13
red soil,18,86.0,14
red soil,17,87.0,15
red soil,16,88.0,16
red soil,15,89.0,17
red soil,14,90.0,18
red soil,13,91.0,19
red soil,24,80.0,20
red soil,23,81.0,21
red soil,22,82.0,22
red soil,21,83.0,23
red soil,20,84.0,24
red soil,19,85.0,25
red soil,18,86.0,26
red soil,17,87.0,27
red soil,16,88.0,28
red soil,15,89.0,29
red soil,14,90.0,30
red soil,24,80.0,31
red soil,23,81.0,32
red soil,22,82.0,33
red soil,21,83.0,34
red soil,20,84.0,35
red soil,19,85.0,36
red soil,18,86.0,37
red soil,17,87.0,38
red soil,16,88.0,39
red soil,15,89.0,40
red soil,24,80.0,41
red soil,23,81.0,42
red soil,22,82.0,43
red soil,21,83.0,44
red soil,20,84.0,45
red soil,19,85.0,46
red soil,18,86.0,47
red soil,17,87.0,48
red soil,16,88.0,49
red soil,15,89.0,50
red soil,14,90.0,51
red soil,13,91.0,52
red soil,24,80.0,53
red soil,23,81.0,54
red soil,22,82.0,55
red soil,21,83.0,56
red soil,20,84.0,57
red soil,19,85.0,58
red soil,18,86.0,59
clay soil,17,87.0,1
clay soil,16,88.0,2
clay soil,15,89.0,3
clay soil,14,90.0,4
clay soil,13,91.0,5
clay soil,24,80.0,6
clay soil,23,81.0,7
clay soil,22,82.0,8
clay soil,21,83.0,9
clay soil,20,84.0,10
clay soil,19,85.0,11
clay soil,18,86.0,12
clay soil,17,87.0,13
clay soil,16,88.0,14
clay soil,15,89.0,15
clay soil,14,90.0,16
clay soil,13,91.0,17
clay soil,24,80.0,18
clay soil,23,81.0,19
clay soil,22,82.0,20
clay soil,21,83.0,21
clay soil,20,84.0,22
clay soil,19,85.0,23
clay soil,18,86.0,24
clay soil,17,87.0,25
clay soil,16,88.0,26
clay soil,15,89.0,27
clay soil,14,90.0,28
clay soil,13,91.0,29
clay soil,24,80.0,30
clay soil,24,80.0,31
clay soil,23,81.0,32
clay soil,22,82.0,33
clay soil,21,83.0,34
clay soil,20,84.0,35
clay soil,19,85.0,36
clay soil,18,86.0,37
clay soil,17,87.0,38
clay soil,16,88.0,39
clay soil,15,89.0,40
clay soil,14,90.0,41
clay soil,13,91.0,42
clay soil,24,80.0,43
clay soil,23,81.0,44
clay soil,22,82.0,45
clay soil,21,83.0,46
clay soil,20,84.0,47
clay soil,19,85.0,48
clay soil,18,86.0,49
clay soil,17,87.0,50
clay soil,16,88.0,51
clay soil,15,89.0,52
clay soil,14,90.0,53
clay soil,13,91.0,54
clay soil,24,80.0,55
clay soil,23,81.0,56
clay soil,22,82.0,57
clay soil,21,83.0,58
clay soil,20,84.0,59
clay soil,19,85.0,60
clay soil,18,86.0,61
clay soil,17,87.0,62
clay soil,16,88.0,63
clay soil,15,89.0,64
clay soil,14,90.0,65
clay soil,13,91.0,66
clay soil,24,80.0,67
clay soil,23,81.0,68
clay soil,22,82.0,69
clay soil,21,83.0,70
clay soil,20,84.0,71
clay soil,19,85.0,72
clay soil,18,86.0,73
clay soil,17,87.0,74
clay soil,16,88.0,75
clay soil,15,89.0,76
clay soil,14,90.0,77
clay soil,13,91.0,78
clay soil,24,80.0,79
clay soil,23,81.0,1
clay soil,22,82.0,2
clay soil,21,83.0,3
clay soil,20,84.0,4
clay soil,19,85.0,5
clay soil,18,86.0,6
clay soil,17,87.0,7
clay soil,16,88.0,8
clay soil,15,89.0,9
clay soil,14,90.0,10
clay soil,13,91.0,11
clay soil,24,80.0,12
clay soil,23,81.0,13
clay soil,22,82.0,14
clay soil,21,83.0,15
clay soil,20,84.0,16
clay soil,19,85.0,17
clay soil,18,86.0,18
clay soil,17,87.0,19
clay soil,16,88.0,20
clay soil,15,89.0,21
clay soil,14,90.0,22
clay soil,13,91.0,23
clay soil,24,80.0,24
clay soil,23,81.0,25
clay soil,22,82.0,26
clay soil,21,83.0,27
clay soil,20,84.0,28
clay soil,19,85.0,29
clay soil,18,86.0,30
clay soil,24,80.0,31
clay soil,23,81.0,32
clay soil,22,82.0,33
clay soil,21,83.0,34
clay soil,20,84.0,35
clay soil,19,85.0,36
clay soil,18,86.0,37
clay soil,17,87.0,38
clay soil,16,88.0,39
clay soil,15,89.0,40
clay soil,14,90.0,41
clay soil,13,91.0,42
clay soil,24,80.0,43
clay soil,23,81.0,44
clay soil,22,82.0,45
clay soil,21,83.0,46
clay soil,20,84.0,47
clay soil,19,85.0,48
clay soil,18,86.0,49
clay soil,17,87.0,50
clay soil,16,88.0,51
clay soil,15,89.0,52
clay soil,14,90.0,53
clay soil,13,91.0,54
clay soil,24,80.0,55
clay soil,23,81.0,56
clay soil,22,82.0,57
clay soil,21,83.0,58
clay soil,20,84.0,59
clay soil,19,85.0,60
clay soil,18,86.0,61
clay soil,17,87.0,62
clay soil,16,88.0,63
clay soil,15,89.0,64
clay soil,14,90.0,65
clay soil,13,91.0,66
clay soil,24,80.0,67
clay soil,23,81.0,68
clay soil,22,82.0,69
clay soil,21,83.0,1
clay soil,20,84.0,2
clay soil,19,85.0,3
clay soil,18,86.0,4
clay soil,17,87.0,5
clay soil,16,88.0,6
clay soil,15,89.0,7
clay soil,14,90.0,8
clay soil,13,91.0,9
clay soil,24,80.0,10
clay soil,23,81.0,11
clay soil,22,82.0,12
clay soil,21,83.0,13
clay soil,20,84.0,14
clay soil,19,85.0,15
clay soil,18,86.0,16
clay soil,17,87.0,17
clay soil,16,88.0,18
clay soil,15,89.0,19
clay soil,14,90.0,20
clay soil,13,91.0,21
clay soil,24,80.0,22
clay soil,23,81.0,23
clay soil,22,82.0,24
clay soil,21,83.0,25
clay soil,20,84.0,26
clay soil,19,85.0,27
clay soil,18,86.0,28
clay soil,17,87.0,29
clay soil,16,88.0,30
clay soil,24,80.0,31
clay soil,23,81.0,32
clay soil,22,82.0,33
clay soil,21,83.0,34
clay soil,20,84.0,35
clay soil,19,85.0,36
clay soil,18,86.0,37
clay soil,17,87.0,38
clay soil,16,88.0,39
clay soil,15,89.0,40
clay soil,14,90.0,41
clay soil,13,91.0,42
clay soil,24,80.0,43
clay soil,23,81.0,44
clay soil,22,82.0,45
clay soil,21,83.0,46
clay soil,20,84.0,47
clay soil,19,85.0,48
clay soil,18,86.0,49
clay soil,17,87.0,50
clay soil,16,88.0,51
clay soil,15,89.0,52
clay soil,14,90.0,53
clay soil,13,91.0,54
clay soil,24,80.0,55
clay soil,23,81.0,56
clay soil,22,82.0,57
clay soil,21,83.0,58
clay soil,20,84.0,59
clay soil,19,85.0,1
clay soil,18,86.0,2
clay soil,17,87.0,3
clay soil,16,88.0,4
clay soil,15,89.0,5
clay soil,14,90.0,6
clay soil,13,91.0,7
clay soil,24,80.0,8
clay soil,23,81.0,9
clay soil,22,82.0,10
clay soil,21,83.0,11
clay soil,20,84.0,12
clay soil,19,85.0,13
clay soil,18,86.0,14
clay soil,17,87.0,15
clay soil,16,88.0,16
clay soil,15,89.0,17
clay soil,14,90.0,18
clay soil,13,91.0,19
clay soil,24,80.0,20
clay soil,23,81.0,21
clay soil,22,82.0,22
clay soil,21,83.0,23
clay soil,20,84.0,24
clay soil,19,85.0,25
clay soil,18,86.0,26
clay soil,17,87.0,27
clay soil,16,88.0,28
clay soil,15,89.0,29
clay soil,14,90.0,30
clay soil,24,80.0,31
clay soil,23,81.0,32
clay soil,22,82.0,33
clay soil,21,83.0,34
clay soil,20,84.0,35
clay soil,19,85.0,36
clay soil,18,86.0,37
clay soil,17,87.0,38
clay soil,16,88.0,39
clay soil,15,89.0,40
clay soil,14,90.0,41
clay soil,13,91.0,42
clay soil,24,80.0,43
clay soil,23,81.0,44
clay soil,22,82.0,45
clay soil,21,83.0,46
clay soil,20,84.0,47
clay soil,19,85.0,48
clay soil,18,86.0,49
clay soil,17,87.0,50
clay soil,16,88.0,51
clay soil,15,89.0,52
clay soil,14,90.0,53
clay soil,13,91.0,54
clay soil,24,80.0,55
clay soil,23,81.0,56
clay soil,22,82.0,57
clay soil,21,83.0,58
clay soil,20,84.0,59
clay soil,19,85.0,60
clay soil,18,86.0,61
clay soil,17,87.0,62
clay soil,16,88.0,63
clay soil,15,89.0,64
clay soil,14,90.0,65
clay soil,13,91.0,66
clay soil,24,80.0,67
clay soil,23,81.0,68
clay soil,22,82.0,69
clay soil,21,83.0,1
clay soil,20,84.0,2
clay soil,19,85.0,3
clay soil,18,86.0,4
clay soil,17,87.0,5
clay soil,16,88.0,6
clay soil,15,89.0,7
clay soil,14,90.0,8
clay soil,13,91.0,9
clay soil,24,80.0,10
clay soil,23,81.0,11
clay soil,22,82.0,12
clay soil,21,83.0,13
clay soil,20,84.0,14
clay soil,19,85.0,15
clay soil,18,86.0,16
clay soil,17,87.0,17
clay soil,16,88.0,18
clay soil,15,89.0,19
clay soil,14,90.0,20
clay soil,24,80.0,21
clay soil,23,81.0,22
clay soil,22,82.0,23
clay soil,21,83.0,24
clay soil,20,84.0,25
clay soil,19,85.0,26
clay soil,18,86.0,27
clay soil,17,87.0,28
clay soil,16,88.0,29
clay soil,15,89.0,30
clay soil,24,80.0,31
clay soil,23,81.0,32
clay soil,22,82.0,33
clay soil,21,83.0,34
clay soil,20,84.0,35
clay soil,19,85.0,36
clay soil,18,86.0,37
clay soil,17,87.0,38
clay soil,16,88.0,39
clay soil,15,89.0,40
clay soil,14,90.0,41
clay soil,13,91.0,42
clay soil,24,80.0,43
clay soil,23,81.0,44
clay soil,22,82.0,45
clay soil,21,83.0,46
clay soil,20,84.0,47
clay soil,19,85.0,48
clay soil,18,86.0,49
clay soil,17,87.0,50
clay soil,16,88.0,51
clay soil,15,89.0,52
clay soil,14,90.0,53
clay soil,13,91.0,54
clay soil,24,80.0,55
clay soil,23,81.0,56
clay soil,22,82.0,57
clay soil,21,83.0,58
clay soil,20,84.0,59
red soil,25,80.0,1
red soil,26,77.0,2
red soil,27,74.0,3
red soil,28,71.0,4
red soil,29,68.0,5
red soil,30,65.0,6
red soil,31,62.0,7
red soil,32,59.0,8
red soil,33,56.0,9
red soil,34,53.0,10
red soil,35,50.0,11
red soil,36,47.0,12
red soil,37,44.0,13
red soil,38,41.0,14
red soil,39,38.0,15
red soil,40,35.0,16
red soil,41,32.0,17
red soil,42,29.0,18
red soil,43,26.0,19
red soil,44,23.0,20
red soil,45,20.0,21
red soil,46,17.0,22
red soil,25,80.0,23
red soil,26,77.5,24
red soil,27,75.0,25
red soil,28,72.5,26
red soil,29,70.0,27
red soil,30,67.5,28
red soil,31,65.0,29
red soil,32,62.5,30
red soil,33,60.0,31
red soil,34,57.5,32
red soil,35,55.0,33
red soil,36,52.5,34
red soil,37,50.0,35
red soil,38,47.5,36
red soil,39,45.0,37
red soil,40,42.5,38
red soil,41,40.0,39
red soil,42,37.5,40
red soil,43,35.0,41
red soil,44,32.5,42
red soil,45,30.0,43
red soil,46,27.5,44
red soil,25,80.0,45
red soil,26,77.3,46
red soil,27,74.6,47
red soil,28,71.9,48
red soil,29,69.2,49
red soil,30,66.5,50
red soil,31,63.8,51
red soil,32,61.1,52
red soil,33,58.4,53
red soil,34,55.7,54
red soil,35,53.0,55
red soil,36,50.3,56
red soil,37,47.6,57
red soil,38,44.9,58
red soil,39,42.2,59
red soil,40,39.5,60
red soil,41,36.8,61
red soil,42,34.1,62
red soil,43,31.4,63
red soil,44,28.7,64
red soil,45,26.0,65
red soil,46,23.3,66
red soil,25,80.0,67
red soil,26,78.0,68
red soil,27,76.0,69
red soil,28,74.0,70
red soil,29,72.0,71
red soil,30,70.0,72
red soil,31,68.0,73
red soil,32,66.0,74
red soil,33,64.0,75
red soil,34,62.0,76
red soil,35,60.0,77
red soil,36,58.0,78
red soil,37,56.0,79
red soil,38,54.0,80
red soil,39,52.0,81
red soil,40,50.0,82
red soil,41,48.0,83
red soil,42,46.0,84
red soil,43,44.0,85
red soil,44,42.0,86
red soil,45,40.0,87
red soil,46,38.0,88
red soil,25,80.0,89
red soil,26,78.0,90
red soil,27,76.0,91
red soil,28,74.0,92
red soil,29,72.0,93
red soil,30,70.0,94
red soil,31,68.0,95
red soil,32,66.0,96
red soil,33,64.0,97
red soil,34,62.0,98
red soil,35,60.0,99
red soil,36,58.0,100
red soil,37,56.0,1
red soil,38,54.0,2
red soil,39,52.0,3
red soil,40,50.0,4
red soil,41,48.0,5
red soil,42,46.0,6
red soil,43,44.0,7
red soil,44,42.0,8
red soil,45,40.0,9
red soil,46,38.0,10
red soil,25,80.0,11
red soil,26,77.0,12
red soil,27,74.0,13
red soil,28,71.0,14
red soil,29,68.0,15
red soil,30,65.0,16
red soil,31,62.0,17
red soil,32,59.0,18
red soil,33,56.0,19
red soil,34,53.0,20
red soil,35,50.0,21
red soil,36,47.0,22
red soil,37,44.0,23
red soil,38,41.0,24
red soil,39,38.0,25
red soil,40,35.0,26
red soil,41,32.0,27
red soil,42,29.0,28
red soil,43,26.0,29
red soil,44,23.0,30
red soil,45,20.0,31
red soil,46,17.0,32
red soil,25,80.0,33
red soil,26,77.0,34
red soil,27,74.0,35
red soil,28,71.0,36
red soil,29,68.0,37
red soil,30,65.0,38
red soil,31,62.0,39
red soil,32,59.0,40
red soil,33,56.0,41
red soil,34,53.0,42
red soil,35,50.0,43
red soil,36,47.0,44
red soil,37,44.0,45
red soil,38,41.0,46
red soil,39,38.0,47
red soil,40,35.0,48
red soil,41,32.0,49
red soil,42,29.0,50
red soil,43,26.0,51
red soil,44,23.0,52
red soil,45,20.0,53
red soil,46,17.0,54
red soil,25,80.0,55
red soil,26,77.0,56
red soil,27,74.0,57
red soil,28,71.0,58
red soil,29,68.0,59
red soil,30,65.0,60
red soil,31,62.0,61
red soil,32,59.0,62
red soil,33,56.0,63
red soil,34,53.0,64
red soil,35,50.0,65
red soil,36,47.0,66
red soil,37,44.0,67
red soil,38,41.0,68
red soil,39,38.0,69
red soil,40,35.0,70
red soil,41,32.0,71
red soil,42,29.0,72
red soil,43,26.0,73
red soil,44,23.0,74
red soil,45,20.0,75
red soil,46,17.0,76
red soil,25,80.0,77
red soil,26,77.3,78
red soil,27,74.6,79
red soil,28,71.9,80
red soil,29,69.2,81
red soil,30,66.5,82
red soil,31,63.8,83
red soil,32,61.1,84
red soil,33,58.4,85
red soil,34,55.7,86
red soil,35,53.0,87
red soil,36,50.3,88
red soil,37,47.6,89
red soil,38,44.9,90
red soil,39,42.2,91
red soil,40,39.5,92
red soil,41,36.8,93
red soil,42,34.1,94
red soil,43,31.4,95
red soil,44,28.7,96
red soil,45,26.0,97
red soil,46,23.3,98
red soil,25,80.0,99
red soil,26,77.0,100
red soil,27,74.0,1
red soil,28,71.0,2
red soil,29,68.0,3
red soil,30,65.0,4
red soil,31,62.0,5
red soil,32,59.0,6
red soil,33,56.0,7
red soil,34,53.0,8
red soil,35,50.0,9
red soil,36,47.0,10
red soil,37,44.0,11
red soil,38,41.0,12
red soil,39,38.0,13
red soil,40,35.0,14
red soil,41,32.0,15
red soil,42,29.0,16
red soil,43,26.0,17
red soil,44,23.0,18
red soil,45,20.0,19
red soil,46,17.0,20
red soil,25,80.0,21
red soil,26,77.5,22
red soil,27,75.0,23
red soil,28,72.5,24
red soil,29,70.0,25
red soil,30,67.5,26
red soil,31,65.0,27
red soil,32,62.5,28
red soil,33,60.0,29
red soil,34,57.5,30
red soil,35,55.0,31
red soil,36,52.5,32
red soil,37,50.0,33
red soil,38,47.5,34
red soil,39,45.0,35
red soil,40,42.5,36
red soil,41,40.0,37
red soil,42,37.5,38
red soil,43,35.0,39
red soil,44,32.5,40
red soil,45,30.0,41
red soil,46,27.5,42
red soil,25,80.0,43
red soil,26,77.3,44
red soil,27,74.6,45
red soil,28,71.9,46
red soil,29,69.2,47
red soil,30,66.5,48
red soil,31,63.8,49
red soil,32,61.1,50
red soil,33,58.4,51
red soil,34,55.7,52
red soil,35,53.0,53
red soil,36,50.3,54
red soil,37,47.6,55
red soil,38,44.9,56
red soil,39,42.2,57
red soil,40,39.5,58
red soil,41,36.8,59
red soil,42,34.1,60
red soil,43,31.4,61
red soil,44,28.7,62
red soil,45,26.0,63
red soil,46,23.3,64
red soil,25,80.0,65
red soil,26,77.0,66
red soil,27,74.0,67
red soil,28,71.0,68
red soil,29,68.0,69
red soil,30,65.0,70
red soil,31,62.0,71
red soil,32,59.0,72
red soil,33,56.0,73
red soil,34,53.0,74
red soil,35,50.0,75
red soil,36,47.0,76
red soil,37,44.0,77
red soil,38,41.0,78
red soil,39,38.0,79
red soil,40,35.0,80
red soil,41,32.0,81
red soil,42,29.0,82
red soil,43,26.0,83
red soil,44,23.0,84
red soil,45,20.0,85
red soil,46,17.0,86
red soil,25,80.0,87
red soil,26,77.0,88
red soil,27,74.0,89
red soil,28,71.0,90
red soil,29,68.0,91
red soil,30,65.0,92
red soil,31,62.0,93
red soil,32,59.0,94
red soil,33,56.0,95
red soil,34,53.0,96
red soil,35,50.0,97
red soil,36,47.0,98
red soil,37,44.0,99
red soil,38,41.0,100
red soil,39,38.0,1
red soil,40,35.0,2
red soil,41,32.0,3
red soil,42,29.0,4
red soil,43,26.0,5
red soil,44,23.0,6
red soil,45,20.0,7
red soil,46,17.0,8
red soil,25,80.0,9
red soil,26,77.0,10
red soil,27,74.0,11
red soil,28,71.0,12
red soil,29,68.0,13
red soil,30,65.0,14
red soil,31,62.0,15
red soil,32,59.0,16
red soil,33,56.0,17
red soil,34,53.0,18
red soil,35,50.0,19
red soil,36,47.0,20
red soil,37,44.0,21
red soil,38,41.0,22
red soil,39,38.0,23
red soil,40,35.0,24
red soil,41,32.0,25
red soil,42,29.0,26
red soil,43,26.0,27
red soil,44,23.0,28
red soil,45,20.0,29
red soil,46,17.0,30
red soil,25,80.0,31
red soil,26,77.0,32
red soil,27,74.0,33
red soil,28,71.0,34
red soil,29,68.0,35
red soil,30,65.0,36
red soil,31,62.0,37
red soil,32,59.0,38
red soil,33,56.0,39
red soil,34,53.0,40
red soil,35,50.0,41
red soil,36,47.0,42
red soil,37,44.0,43
red soil,38,41.0,44
red soil,39,38.0,45
red soil,40,35.0,46
red soil,41,32.0,47
red soil,42,29.0,48
red soil,43,26.0,49
red soil,44,23.0,50
red soil,45,20.0,51
red soil,46,17.0,52
red soil,25,80.0,53
red soil,26,77.0,54
red soil,27,74.0,55
red soil,28,71.0,56
red soil,29,68.0,57
red soil,30,65.0,58
red soil,31,62.0,59
red soil,32,59.0,60
red soil,33,56.0,61
red soil,34,53.0,62
red soil,35,50.0,63
red soil,36,47.0,64
red soil,37,44.0,65
red soil,38,41.0,66
red soil,39,38.0,67
red soil,40,35.0,68
red soil,41,32.0,69
red soil,42,29.0,70
red soil,43,26.0,71
red soil,44,23.0,72
red soil,45,20.0,73
red soil,46,17.0,74
red soil,25,80.0,75
red soil,26,77.0,76
red soil,27,74.0,77
red soil,28,71.0,78
red soil,29,68.0,79
red soil,30,65.0,80
red soil,31,62.0,81
red soil,32,59.0,82
red soil,33,56.0,83
red soil,34,53.0,84
red soil,35,50.0,85
red soil,36,47.0,86
red soil,37,44.0,87
red soil,38,41.0,88
red soil,39,38.0,89
red soil,40,35.0,90
red soil,41,32.0,91
red soil,42,29.0,92
red soil,43,26.0,93
red soil,44,23.0,94
red soil,45,20.0,95
red soil,46,17.0,96
red soil,25,81.0,97
red soil,26,79.0,98
red soil,27,76.0,99
red soil,28,73.0,100
sandy soil,25,80.0,1
sandy soil,26,77.0,2
sandy soil,27,74.0,3
sandy soil,28,71.0,4
sandy soil,29,68.0,5
sandy soil,30,65.0,6
sandy soil,31,62.0,7
sandy soil,32,59.0,8
sandy soil,33,56.0,9
sandy soil,34,53.0,10
sandy soil,35,50.0,11
sandy soil,36,47.0,12
sandy soil,37,44.0,13
sandy soil,38,41.0,14
sandy soil,39,38.0,15
sandy soil,40,35.0,16
sandy soil,41,32.0,17
sandy soil,42,29.0,18
sandy soil,43,26.0,19
sandy soil,44,23.0,20
sandy soil,45,20.0,21
sandy soil,46,17.0,22
sandy soil,25,80.0,23
sandy soil,26,77.5,24
sandy soil,27,75.0,25
sandy soil,28,72.5,26
sandy soil,29,70.0,27
sandy soil,30,67.5,28
sandy soil,31,65.0,29
sandy soil,32,62.5,30
sandy soil,33,60.0,31
sandy soil,34,57.5,32
sandy soil,35,55.0,33
sandy soil,36,52.5,34
sandy soil,37,50.0,35
sandy soil,38,47.5,36
sandy soil,39,45.0,37
sandy soil,40,42.5,38
sandy soil,41,40.0,39
sandy soil,42,37.5,40
sandy soil,43,35.0,41
sandy soil,44,32.5,42
sandy soil,45,30.0,43
sandy soil,46,27.5,44
sandy soil,25,80.0,45
sandy soil,26,77.3,46
sandy soil,27,74.6,47
sandy soil,28,71.9,48
sandy soil,29,69.2,49
sandy soil,30,66.5,50
sandy soil,31,63.8,51
sandy soil,32,61.1,52
sandy soil,33,58.4,53
sandy soil,34,55.7,54
sandy soil,35,53.0,55
sandy soil,36,50.3,56
sandy soil,37,47.6,57
sandy soil,38,44.9,58
sandy soil,39,42.2,59
sandy soil,40,39.5,60
sandy soil,41,36.8,61
sandy soil,42,34.1,62
sandy soil,43,31.4,63
sandy soil,44,28.7,64
sandy soil,45,26.0,65
sandy soil,46,23.3,66
sandy soil,25,80.0,67
sandy soil,26,78.0,68
sandy soil,27,76.0,69
sandy soil,28,74.0,70
sandy soil,29,72.0,71
sandy soil,30,70.0,72
sandy soil,31,68.0,73
sandy soil,32,66.0,74
sandy soil,33,64.0,75
sandy soil,34,62.0,76
sandy soil,35,60.0,77
sandy soil,36,58.0,78
sandy soil,37,56.0,79
sandy soil,38,54.0,80
sandy soil,39,52.0,81
sandy soil,40,50.0,82
sandy soil,41,48.0,83
sandy soil,42,46.0,84
sandy soil,43,44.0,85
sandy soil,44,42.0,86
sandy soil,45,40.0,87
sandy soil,46,38.0,88
sandy soil,25,80.0,89
sandy soil,26,78.0,90
sandy soil,27,76.0,91
sandy soil,28,74.0,92
sandy soil,29,72.0,93
sandy soil,30,70.0,94
sandy soil,31,68.0,95
sandy soil,32,66.0,96
sandy soil,33,64.0,97
sandy soil,34,62.0,98
sandy soil,35,60.0,99
sandy soil,36,58.0,100
sandy soil,37,56.0,1
sandy soil,38,54.0,2
sandy soil,39,52.0,3
sandy soil,40,50.0,4
sandy soil,41,48.0,5
sandy soil,42,46.0,6
sandy soil,43,44.0,7
sandy soil,44,42.0,8
sandy soil,45,40.0,9
sandy soil,46,38.0,10
sandy soil,25,80.0,11
sandy soil,26,77.0,12
sandy soil,27,74.0,13
sandy soil,28,71.0,14
sandy soil,29,68.0,15
sandy soil,30,65.0,16
sandy soil,31,62.0,17
sandy soil,32,59.0,18
sandy soil,33,56.0,19
sandy soil,34,53.0,20
sandy soil,35,50.0,21
sandy soil,36,47.0,22
sandy soil,37,44.0,23
sandy soil,38,41.0,24
sandy soil,39,38.0,25
sandy soil,40,35.0,26
sandy soil,41,32.0,27
sandy soil,42,29.0,28
sandy soil,43,26.0,29
sandy soil,44,23.0,30
sandy soil,45,20.0,31
sandy soil,46,17.0,32
sandy soil,25,80.0,33
sandy soil,26,77.0,34
sandy soil,27,74.0,35
sandy soil,28,71.0,36
sandy soil,29,68.0,37
sandy soil,30,65.0,38
sandy soil,31,62.0,39
sandy soil,32,59.0,40
sandy soil,33,56.0,41
sandy soil,34,53.0,42
sandy soil,35,50.0,43
sandy soil,36,47.0,44
sandy soil,37,44.0,45
sandy soil,38,41.0,46
sandy soil,39,38.0,47
sandy soil,40,35.0,48
sandy soil,41,32.0,49
sandy soil,42,29.0,50
sandy soil,43,26.0,51
sandy soil,44,23.0,52
sandy soil,45,20.0,53
sandy soil,46,17.0,54
sandy soil,25,80.0,55
sandy soil,26,77.0,56
sandy soil,27,74.0,57
sandy soil,28,71.0,58
sandy soil,29,68.0,59
sandy soil,30,65.0,60
sandy soil,31,62.0,61
sandy soil,32,59.0,62
sandy soil,33,56.0,63
sandy soil,34,53.0,64
sandy soil,35,50.0,65
sandy soil,36,47.0,66
sandy soil,37,44.0,67
sandy soil,38,41.0,68
sandy soil,39,38.0,69
sandy soil,40,35.0,70
sandy soil,41,32.0,71
sandy soil,42,29.0,72
sandy soil,43,26.0,73
sandy soil,44,23.0,74
sandy soil,45,20.0,75
sandy soil,46,17.0,76
sandy soil,25,80.0,77
sandy soil,26,77.3,78
sandy soil,27,74.6,79
sandy soil,28,71.9,80
sandy soil,29,69.2,81
sandy soil,30,66.5,82
sandy soil,31,63.8,83
sandy soil,32,61.1,84
sandy soil,33,58.4,85
sandy soil,34,55.7,86
sandy soil,35,53.0,87
sandy soil,36,50.3,88
sandy soil,37,47.6,89
sandy soil,38,44.9,90
sandy soil,39,42.2,91
sandy soil,40,39.5,92
sandy soil,41,36.8,93
sandy soil,42,34.1,94
sandy soil,43,31.4,95
sandy soil,44,28.7,96
sandy soil,45,26.0,97
sandy soil,46,23.3,98
sandy soil,25,80.0,99
sandy soil,26,77.0,100
sandy soil,27,74.0,1
sandy soil,28,71.0,2
sandy soil,29,68.0,3
sandy soil,30,65.0,4
sandy soil,31,62.0,5
sandy soil,32,59.0,6
sandy soil,33,56.0,7
sandy soil,34,53.0,8
sandy soil,35,50.0,9
sandy soil,36,47.0,10
sandy soil,37,44.0,11
sandy soil,38,41.0,12
sandy soil,39,38.0,13
sandy soil,40,35.0,14
sandy soil,41,32.0,15
sandy soil,42,29.0,16
sandy soil,43,26.0,17
sandy soil,44,23.0,18
sandy soil,45,20.0,19
sandy soil,46,17.0,20
sandy soil,25,80.0,21
sandy soil,26,77.5,22
sandy soil,27,75.0,23
sandy soil,28,72.5,24
sandy soil,29,70.0,25
sandy soil,30,67.5,26
sandy soil,31,65.0,27
sandy soil,32,62.5,28
sandy soil,33,60.0,29
sandy soil,34,57.5,30
sandy soil,35,55.0,31
sandy soil,36,52.5,32
sandy soil,37,50.0,33
sandy soil,38,47.5,34
sandy soil,39,45.0,35
sandy soil,40,42.5,36
sandy soil,41,40.0,37
sandy soil,42,37.5,38
sandy soil,43,35.0,39
sandy soil,44,32.5,40
sandy soil,45,30.0,41
sandy soil,46,27.5,42
sandy soil,25,80.0,43
sandy soil,26,77.3,44
sandy soil,27,74.6,45
sandy soil,28,71.9,46
sandy soil,29,69.2,47
sandy soil,30,66.5,48
sandy soil,31,63.8,49
sandy soil,32,61.1,50
sandy soil,33,58.4,51
sandy soil,34,55.7,52
sandy soil,35,53.0,53
sandy soil,36,50.3,54
sandy soil,37,47.6,55
sandy soil,38,44.9,56
sandy soil,39,42.2,57
sandy soil,40,39.5,58
sandy soil,41,36.8,59
sandy soil,42,34.1,60
sandy soil,43,31.4,61
sandy soil,44,28.7,62
sandy soil,45,26.0,63
sandy soil,46,23.3,64
sandy soil,25,80.0,65
sandy soil,26,77.0,66
sandy soil,27,74.0,67
sandy soil,28,71.0,68
sandy soil,29,68.0,69
sandy soil,30,65.0,70
sandy soil,31,62.0,71
sandy soil,32,59.0,72
sandy soil,33,56.0,73
sandy soil,34,53.0,74
sandy soil,35,50.0,75
sandy soil,36,47.0,76
sandy soil,37,44.0,77
sandy soil,38,41.0,78
sandy soil,39,38.0,79
sandy soil,40,35.0,80
sandy soil,41,32.0,81
sandy soil,42,29.0,82
sandy soil,43,26.0,83
sandy soil,44,23.0,84
sandy soil,45,20.0,85
sandy soil,46,17.0,86
sandy soil,25,80.0,87
sandy soil,26,77.0,88
sandy soil,27,74.0,89
sandy soil,28,71.0,90
sandy soil,29,68.0,91
sandy soil,30,65.0,92
sandy soil,31,62.0,93
sandy soil,32,59.0,94
sandy soil,33,56.0,95
sandy soil,34,53.0,96
sandy soil,35,50.0,97
sandy soil,36,47.0,98
sandy soil,37,44.0,99
sandy soil,38,41.0,100
sandy soil,39,38.0,1
sandy soil,40,35.0,2
sandy soil,41,32.0,3
sandy soil,42,29.0,4
sandy soil,43,26.0,5
sandy soil,44,23.0,6
sandy soil,45,20.0,7
sandy soil,46,17.0,8
sandy soil,25,80.0,9
sandy soil,26,77.0,10
sandy soil,27,74.0,11
sandy soil,28,71.0,12
sandy soil,29,68.0,13
sandy soil,30,65.0,14
sandy soil,31,62.0,15
sandy soil,32,59.0,16
sandy soil,33,56.0,17
sandy soil,34,53.0,18
sandy soil,35,50.0,19
sandy soil,36,47.0,20
sandy soil,37,44.0,21
sandy soil,38,41.0,22
sandy soil,39,38.0,23
sandy soil,40,35.0,24
sandy soil,41,32.0,25
sandy soil,42,29.0,26
sandy soil,43,26.0,27
sandy soil,44,23.0,28
sandy soil,45,20.0,29
sandy soil,46,17.0,30
sandy soil,25,80.0,31
sandy soil,26,77.0,32
sandy soil,27,74.0,33
sandy soil,28,71.0,34
sandy soil,29,68.0,35
sandy soil,30,65.0,36
sandy soil,31,62.0,37
sandy soil,32,59.0,38
sandy soil,33,56.0,39
sandy soil,34,53.0,40
sandy soil,35,50.0,41
sandy soil,36,47.0,42
sandy soil,37,44.0,43
sandy soil,38,41.0,44
sandy soil,39,38.0,45
sandy soil,40,35.0,46
sandy soil,41,32.0,47
sandy soil,42,29.0,48
sandy soil,43,26.0,49
sandy soil,44,23.0,50
sandy soil,45,20.0,51
sandy soil,46,17.0,52
sandy soil,25,80.0,53
sandy soil,26,77.0,54
sandy soil,27,74.0,55
sandy soil,28,71.0,56
sandy soil,29,68.0,57
sandy soil,30,65.0,58
sandy soil,31,62.0,59
sandy soil,32,59.0,60
sandy soil,33,56.0,61
sandy soil,34,53.0,62
sandy soil,35,50.0,63
sandy soil,36,47.0,64
sandy soil,37,44.0,65
sandy soil,38,41.0,66
sandy soil,39,38.0,67
sandy soil,40,35.0,68
sandy soil,41,32.0,69
sandy soil,42,29.0,70
sandy soil,43,26.0,71
sandy soil,44,23.0,72
sandy soil,45,20.0,73
sandy soil,46,17.0,74
sandy soil,25,80.0,75
sandy soil,26,77.0,76
sandy soil,27,74.0,77
sandy soil,28,71.0,78
sandy soil,29,68.0,79
sandy soil,30,65.0,80
sandy soil,31,62.0,81
sandy soil,32,59.0,82
sandy soil,33,56.0,83
sandy soil,34,53.0,84
sandy soil,35,50.0,85
sandy soil,36,47.0,86
sandy soil,37,44.0,87
sandy soil,38,41.0,88
sandy soil,39,38.0,89
sandy soil,40,35.0,90
sandy soil,41,32.0,91
sandy soil,42,29.0,92
sandy soil,43,26.0,93
sandy soil,44,23.0,94
sandy soil,45,20.0,95
sandy soil,46,17.0,96
sandy soil,25,81.0,97
sandy soil,26,79.0,98
sandy soil,27,76.0,99
sandy soil,28,73.0,100
chalky soil,25,80.0,1
chalky soil,26,77.0,2
chalky soil,27,74.0,3
chalky soil,28,71.0,4
chalky soil,29,68.0,5
chalky soil,30,65.0,6
chalky soil,31,62.0,7
chalky soil,32,59.0,8
chalky soil,33,56.0,9
chalky soil,34,53.0,10
chalky soil,35,50.0,11
chalky soil,36,47.0,12
chalky soil,37,44.0,13
chalky soil,38,41.0,14
chalky soil,39,38.0,15
chalky soil,40,35.0,16
chalky soil,41,32.0,17
chalky soil,42,29.0,18
chalky soil,43,26.0,19
chalky soil,44,23.0,20
chalky soil,45,20.0,21
chalky soil,46,17.0,22
chalky soil,25,80.0,23
chalky soil,26,77.5,24
chalky soil,27,75.0,25
chalky soil,28,72.5,26
chalky soil,29,70.0,27
chalky soil,30,67.5,28
chalky soil,31,65.0,29
chalky soil,32,62.5,30
chalky soil,33,60.0,31
chalky soil,34,57.5,32
chalky soil,35,55.0,33
chalky soil,36,52.5,34
chalky soil,37,50.0,35
chalky soil,38,47.5,36
chalky soil,39,45.0,37
chalky soil,40,42.5,38
chalky soil,41,40.0,39
chalky soil,42,37.5,40
chalky soil,43,35.0,41
chalky soil,44,32.5,42
chalky soil,45,30.0,43
chalky soil,46,27.5,44
chalky soil,25,80.0,45
chalky soil,26,77.3,46
chalky soil,27,74.6,47
chalky soil,28,71.9,48
chalky soil,29,69.2,49
chalky soil,30,66.5,50
chalky soil,31,63.8,51
chalky soil,32,61.1,52
chalky soil,33,58.4,53
chalky soil,34,55.7,54
chalky soil,35,53.0,55
chalky soil,36,50.3,56
chalky soil,37,47.6,57
chalky soil,38,44.9,58
chalky soil,39,42.2,59
chalky soil,40,39.5,60
chalky soil,41,36.8,61
chalky soil,42,34.1,62
chalky soil,43,31.4,63
chalky soil,44,28.7,64
chalky soil,45,26.0,65
chalky soil,46,23.3,66
chalky soil,25,80.0,67
chalky soil,26,78.0,68
chalky soil,27,76.0,69
chalky soil,28,74.0,70
chalky soil,29,72.0,71
chalky soil,30,70.0,72
chalky soil,31,68.0,73
chalky soil,32,66.0,74
chalky soil,33,64.0,75
chalky soil,34,62.0,76
chalky soil,35,60.0,77
chalky soil,36,58.0,78
chalky soil,37,56.0,79
chalky soil,38,54.0,80
chalky soil,39,52.0,81
chalky soil,40,50.0,82
chalky soil,41,48.0,83
chalky soil,42,46.0,84
chalky soil,43,44.0,85
chalky soil,44,42.0,86
chalky soil,45,40.0,87
chalky soil,46,38.0,88
chalky soil,25,80.0,89
chalky soil,26,78.0,90
chalky soil,27,76.0,91
chalky soil,28,74.0,92
chalky soil,29,72.0,93
chalky soil,30,70.0,94
chalky soil,31,68.0,95
chalky soil,32,66.0,96
chalky soil,33,64.0,97
chalky soil,34,62.0,98
chalky soil,35,60.0,99
chalky soil,36,58.0,100
chalky soil,37,56.0,1
chalky soil,38,54.0,2
chalky soil,39,52.0,3
chalky soil,40,50.0,4
chalky soil,41,48.0,5
chalky soil,42,46.0,6
chalky soil,43,44.0,7
chalky soil,44,42.0,8
chalky soil,45,40.0,9
chalky soil,46,38.0,10
chalky soil,25,80.0,11
chalky soil,26,77.0,12
chalky soil,27,74.0,13
chalky soil,28,71.0,14
chalky soil,29,68.0,15
chalky soil,30,65.0,16
chalky soil,31,62.0,17
chalky soil,32,59.0,18
chalky soil,33,56.0,19
chalky soil,34,53.0,20
chalky soil,35,50.0,21
chalky soil,36,47.0,22
chalky soil,37,44.0,23
chalky soil,38,41.0,24
chalky soil,39,38.0,25
chalky soil,40,35.0,26
chalky soil,41,32.0,27
chalky soil,42,29.0,28
chalky soil,43,26.0,29
chalky soil,44,23.0,30
chalky soil,45,20.0,31
chalky soil,46,17.0,32
chalky soil,25,80.0,33
chalky soil,26,77.0,34
chalky soil,27,74.0,35
chalky soil,28,71.0,36
chalky soil,29,68.0,37
chalky soil,30,65.0,38
chalky soil,31,62.0,39
chalky soil,32,59.0,40
chalky soil,33,56.0,41
chalky soil,34,53.0,42
chalky soil,35,50.0,43
chalky soil,36,47.0,44
chalky soil,37,44.0,45
chalky soil,38,41.0,46
chalky soil,39,38.0,47
chalky soil,40,35.0,48
chalky soil,41,32.0,49
chalky soil,42,29.0,50
chalky soil,43,26.0,51
chalky soil,44,23.0,52
chalky soil,45,20.0,53
chalky soil,46,17.0,54
chalky soil,25,80.0,55
chalky soil,26,77.0,56
chalky soil,27,74.0,57
chalky soil,28,71.0,58
chalky soil,29,68.0,59
chalky soil,30,65.0,60
chalky soil,31,62.0,61
chalky soil,32,59.0,62
chalky soil,33,56.0,63
chalky soil,34,53.0,64
chalky soil,35,50.0,65
chalky soil,36,47.0,66
chalky soil,37,44.0,67
chalky soil,38,41.0,68
chalky soil,39,38.0,69
chalky soil,40,35.0,70
chalky soil,41,32.0,71
chalky soil,42,29.0,72
chalky soil,43,26.0,73
chalky soil,44,23.0,74
chalky soil,45,20.0,75
chalky soil,46,17.0,76
chalky soil,25,80.0,77
chalky soil,26,77.3,78
chalky soil,27,74.6,79
chalky soil,28,71.9,80
chalky soil,29,69.2,81
chalky soil,30,66.5,82
chalky soil,31,63.8,83
chalky soil,32,61.1,84
chalky soil,33,58.4,85
chalky soil,34,55.7,86
chalky soil,35,53.0,87
chalky soil,36,50.3,88
chalky soil,37,47.6,89
chalky soil,38,44.9,90
chalky soil,39,42.2,91
chalky soil,40,39.5,92
chalky soil,41,36.8,93
chalky soil,42,34.1,94
chalky soil,43,31.4,95
chalky soil,44,28.7,96
chalky soil,45,26.0,97
chalky soil,46,23.3,98
chalky soil,25,80.0,99
chalky soil,26,77.0,100
chalky soil,27,74.0,1
chalky soil,28,71.0,2
chalky soil,29,68.0,3
chalky soil,30,65.0,4
chalky soil,31,62.0,5
chalky soil,32,59.0,6
chalky soil,33,56.0,7
chalky soil,34,53.0,8
chalky soil,35,50.0,9
chalky soil,36,47.0,10
chalky soil,37,44.0,11
chalky soil,38,41.0,12
chalky soil,39,38.0,13
chalky soil,40,35.0,14
chalky soil,41,32.0,15
chalky soil,42,29.0,16
chalky soil,43,26.0,17
chalky soil,44,23.0,18
chalky soil,45,20.0,19
chalky soil,46,17.0,20
chalky soil,25,80.0,21
chalky soil,26,77.5,22
chalky soil,27,75.0,23
chalky soil,28,72.5,24
chalky soil,29,70.0,25
chalky soil,30,67.5,26
chalky soil,31,65.0,27
chalky soil,32,62.5,28
chalky soil,33,60.0,29
chalky soil,34,57.5,30
chalky soil,35,55.0,31
chalky soil,36,52.5,32
chalky soil,37,50.0,33
chalky soil,38,47.5,34
chalky soil,39,45.0,35
chalky soil,40,42.5,36
chalky soil,41,40.0,37
chalky soil,42,37.5,38
chalky soil,43,35.0,39
chalky soil,44,32.5,40
chalky soil,45,30.0,41
chalky soil,46,27.5,42
chalky soil,25,80.0,43
chalky soil,26,77.3,44
chalky soil,27,74.6,45
chalky soil,28,71.9,46
chalky soil,29,69.2,47
chalky soil,30,66.5,48
chalky soil,31,63.8,49
chalky soil,32,61.1,50
chalky soil,33,58.4,51
chalky soil,34,55.7,52
chalky soil,35,53.0,53
chalky soil,36,50.3,54
chalky soil,37,47.6,55
chalky soil,38,44.9,56
chalky soil,39,42.2,57
chalky soil,40,39.5,58
chalky soil,41,36.8,59
chalky soil,42,34.1,60
chalky soil,43,31.4,61
chalky soil,44,28.7,62
chalky soil,45,26.0,63
chalky soil,46,23.3,64
chalky soil,25,80.0,65
chalky soil,26,77.0,66
chalky soil,27,74.0,67
chalky soil,28,71.0,68
chalky soil,29,68.0,69
chalky soil,30,65.0,70
chalky soil,31,62.0,71
chalky soil,32,59.0,72
chalky soil,33,56.0,73
chalky soil,34,53.0,74
chalky soil,35,50.0,75
chalky soil,36,47.0,76
chalky soil,37,44.0,77
chalky soil,38,41.0,78
chalky soil,39,38.0,79
chalky soil,40,35.0,80
chalky soil,41,32.0,81
chalky soil,42,29.0,82
chalky soil,43,26.0,83
chalky soil,44,23.0,84
chalky soil,45,20.0,85
chalky soil,46,17.0,86
chalky soil,25,80.0,87
chalky soil,26,77.0,88
chalky soil,27,74.0,89
chalky soil,28,71.0,90
chalky soil,29,68.0,91
chalky soil,30,65.0,92
chalky soil,31,62.0,93
chalky soil,32,59.0,94
chalky soil,33,56.0,95
chalky soil,34,53.0,96
chalky soil,35,50.0,97
chalky soil,36,47.0,98
chalky soil,37,44.0,99
chalky soil,38,41.0,100
chalky soil,39,38.0,1
chalky soil,40,35.0,2
chalky soil,41,32.0,3
chalky soil,42,29.0,4
chalky soil,43,26.0,5
chalky soil,44,23.0,6
chalky soil,45,20.0,7
chalky soil,46,17.0,8
chalky soil,25,80.0,9
chalky soil,26,77.0,10
chalky soil,27,74.0,11
chalky soil,28,71.0,12
chalky soil,29,68.0,13
chalky soil,30,65.0,14
chalky soil,31,62.0,15
chalky soil,32,59.0,16
chalky soil,33,56.0,17
chalky soil,34,53.0,18
chalky soil,35,50.0,19
chalky soil,36,47.0,20
chalky soil,37,44.0,21
chalky soil,38,41.0,22
chalky soil,39,38.0,23
chalky soil,40,35.0,24
chalky soil,41,32.0,25
chalky soil,42,29.0,26
chalky soil,43,26.0,27
chalky soil,44,23.0,28
chalky soil,45,20.0,29
chalky soil,46,17.0,30
chalky soil,25,80.0,31
chalky soil,26,77.0,32
chalky soil,27,74.0,33
chalky soil,28,71.0,34
chalky soil,29,68.0,35
chalky soil,30,65.0,36
chalky soil,31,62.0,37
chalky soil,32,59.0,38
chalky soil,33,56.0,39
chalky soil,34,53.0,40
chalky soil,35,50.0,41
chalky soil,36,47.0,42
chalky soil,37,44.0,43
chalky soil,38,41.0,44
chalky soil,39,38.0,45
chalky soil,40,35.0,46
chalky soil,41,32.0,47
chalky soil,42,29.0,48
chalky soil,43,26.0,49
chalky soil,44,23.0,50
chalky soil,45,20.0,51
chalky soil,46,17.0,52
chalky soil,25,80.0,53
chalky soil,26,77.0,54
chalky soil,27,74.0,55
chalky soil,28,71.0,56
chalky soil,29,68.0,57
chalky soil,30,65.0,58
chalky soil,31,62.0,59
chalky soil,32,59.0,60
chalky soil,33,56.0,61
chalky soil,34,53.0,62
chalky soil,35,50.0,63
chalky soil,36,47.0,64
chalky soil,37,44.0,65
chalky soil,38,41.0,66
chalky soil,39,38.0,67
chalky soil,40,35.0,68
chalky soil,41,32.0,69
chalky soil,42,29.0,70
chalky soil,43,26.0,71
chalky soil,44,23.0,72
chalky soil,45,20.0,73
chalky soil,46,17.0,74
chalky soil,25,80.0,75
chalky soil,26,77.0,76
chalky soil,27,74.0,77
chalky soil,28,71.0,78
chalky soil,29,68.0,79
chalky soil,30,65.0,80
chalky soil,31,62.0,81
chalky soil,32,59.0,82
chalky soil,33,56.0,83
chalky soil,34,53.0,84
chalky soil,35,50.0,85
chalky soil,36,47.0,86
chalky soil,37,44.0,87
chalky soil,38,41.0,88
chalky soil,39,38.0,89
chalky soil,40,35.0,90
chalky soil,41,32.0,91
chalky soil,42,29.0,92
chalky soil,43,26.0,93
chalky soil,44,23.0,94
chalky soil,45,20.0,95
chalky soil,46,17.0,96
chalky soil,25,81.0,97
chalky soil,26,79.0,98
chalky soil,27,76.0,99
chalky soil,28,73.0,100
black soil,29,70.0,1
black soil,30,67.0,2
black soil,31,64.0,3
black soil,32,61.0,4
black soil,33,58.0,5
black soil,34,55.0,6
black soil,35,52.0,7
black soil,36,49.0,8
black soil,25,80.0,9
black soil,26,77.0,10
black soil,27,74.0,11
black soil,28,71.0,12
black soil,29,68.0,13
black soil,30,65.0,14
black soil,31,62.0,15
black soil,32,59.0,16
black soil,33,56.0,17
black soil,34,53.0,18
black soil,35,50.0,19
black soil,36,47.0,20
black soil,37,44.0,21
black soil,38,41.0,22
black soil,39,38.0,23
black soil,40,35.0,24
black soil,41,32.0,25
black soil,42,29.0,26
black soil,43,26.0,27
black soil,44,23.0,28
black soil,45,20.0,29
black soil,46,17.0,30
black soil,25,80.0,31
black soil,26,77.0,32
black soil,27,74.0,33
black soil,28,71.0,34
black soil,29,68.0,35
black soil,30,65.0,36
black soil,31,62.0,37
black soil,32,59.0,38
black soil,33,56.0,39
black soil,34,53.0,40
black soil,35,50.0,41
black soil,36,47.0,42
black soil,37,44.0,43
black soil,38,41.0,44
black soil,39,38.0,45
black soil,40,35.0,46
black soil,41,32.0,47
black soil,42,29.0,48
black soil,43,26.0,49
black soil,44,23.0,50
black soil,45,20.0,51
black soil,46,17.0,52
black soil,25,80.0,53
black soil,26,77.0,54
black soil,27,74.0,55
black soil,28,71.0,56
black soil,29,68.0,57
black soil,30,65.0,58
black soil,31,62.0,59
black soil,32,59.0,60
black soil,33,56.0,61
black soil,34,53.0,62
black soil,35,50.0,63
black soil,36,47.0,64
black soil,37,44.0,65
black soil,38,41.0,66
black soil,39,38.0,67
black soil,40,35.0,68
black soil,41,32.0,69
black soil,42,29.0,70
black soil,43,26.0,71
black soil,44,23.0,72
black soil,45,20.0,73
black soil,46,17.0,74
black soil,25,80.0,75
black soil,26,77.0,76
black soil,27,74.0,77
black soil,28,71.0,78
black soil,29,68.0,79
black soil,30,65.0,80
black soil,31,62.0,81
black soil,32,59.0,82
black soil,33,56.0,83
black soil,34,53.0,84
black soil,35,50.0,85
black soil,36,47.0,86
black soil,37,44.0,87
black soil,38,41.0,88
black soil,39,38.0,89
black soil,40,35.0,90
black soil,41,32.0,91
black soil,42,29.0,92
black soil,43,26.0,93
black soil,44,23.0,94
black soil,45,20.0,95
black soil,46,17.0,96
black soil,25,81.0,97
black soil,26,79.0,98
black soil,27,76.0,99
black soil,28,73.0,100
black soil,29,70.0,1
black soil,30,67.0,2
black soil,31,64.0,3
black soil,32,61.0,4
black soil,33,58.0,5
black soil,34,55.0,6
black soil,35,52.0,7
black soil,36,49.0,8
black soil,25,80.0,9
black soil,26,77.0,10
black soil,27,74.0,11
black soil,28,71.0,12
black soil,29,68.0,13
black soil,30,65.0,14
black soil,31,62.0,15
black soil,32,59.0,16
black soil,33,56.0,17
black soil,34,53.0,18
black soil,35,50.0,19
black soil,36,47.0,20
black soil,37,44.0,21
black soil,38,41.0,22
black soil,39,38.0,23
black soil,40,35.0,24
black soil,41,32.0,25
black soil,42,29.0,26
black soil,43,26.0,27
black soil,44,23.0,28
black soil,45,20.0,29
black soil,46,17.0,30
black soil,25,80.0,31
black soil,26,77.0,32
black soil,27,74.0,33
black soil,28,71.0,34
black soil,29,68.0,35
black soil,30,65.0,36
black soil,31,62.0,37
black soil,32,59.0,38
black soil,33,56.0,39
black soil,34,53.0,40
black soil,35,50.0,41
black soil,36,47.0,42
black soil,37,44.0,43
black soil,38,41.0,44
black soil,39,38.0,45
black soil,40,35.0,46
black soil,41,32.0,47
black soil,42,29.0,48
black soil,43,26.0,49
black soil,44,23.0,50
black soil,45,20.0,51
black soil,46,17.0,52
black soil,25,80.0,53
black soil,26,77.0,54
black soil,27,74.0,55
black soil,28,71.0,56
black soil,29,68.0,57
black soil,30,65.0,58
black soil,31,62.0,59
black soil,32,59.0,60
black soil,33,56.0,61
black soil,34,53.0,62
black soil,35,50.0,63
black soil,36,47.0,64
black soil,37,44.0,65
black soil,38,41.0,66
black soil,39,38.0,67
black soil,40,35.0,68
black soil,41,32.0,69
black soil,42,29.0,70
black soil,43,26.0,71
black soil,44,23.0,72
black soil,45,20.0,73
black soil,46,17.0,74
black soil,25,80.0,75
black soil,26,77.0,76
black soil,27,74.0,77
black soil,28,71.0,78
black soil,29,68.0,79
black soil,30,65.0,80
black soil,31,62.0,81
black soil,32,59.0,82
black soil,33,56.0,83
black soil,34,53.0,84
black soil,35,50.0,85
black soil,36,47.0,86
black soil,37,44.0,87
black soil,38,41.0,88
black soil,39,38.0,89
black soil,40,35.0,90
black soil,41,32.0,91
black soil,42,29.0,92
black soil,43,26.0,93
black soil,44,23.0,94
black soil,45,20.0,95
black soil,46,17.0,96
black soil,25,81.0,97
black soil,26,79.0,98
black soil,27,76.0,99
black soil,28,73.0,100
black soil,29,70.0,1
black soil,30,67.0,2
black soil,31,64.0,3
black soil,32,61.0,4
black soil,33,58.0,5
black soil,34,55.0,6
black soil,35,52.0,7
black soil,36,49.0,8
black soil,25,80.0,9
black soil,26,77.0,10
black soil,27,74.0,11
black soil,28,71.0,12
black soil,29,68.0,13
black soil,30,65.0,14
black soil,31,62.0,15
black soil,32,59.0,16
black soil,33,56.0,17
black soil,34,53.0,18
black soil,35,50.0,19
black soil,36,47.0,20
black soil,37,44.0,21
black soil,38,41.0,22
black soil,39,38.0,23
black soil,40,35.0,24
black soil,41,32.0,25
black soil,42,29.0,26
black soil,43,26.0,27
black soil,44,23.0,28
black soil,45,20.0,29
black soil,46,17.0,30
black soil,25,80.0,31
black soil,26,77.0,32
black soil,27,74.0,33
black soil,28,71.0,34
black soil,29,68.0,35
black soil,30,65.0,36
black soil,31,62.0,37
black soil,32,59.0,38
black soil,33,56.0,39
black soil,34,53.0,40
black soil,35,50.0,41
black soil,36,47.0,42
black soil,37,44.0,43
black soil,38,41.0,44
black soil,39,38.0,45
black soil,40,35.0,46
black soil,41,32.0,47
black soil,42,29.0,48
black soil,43,26.0,49
black soil,44,23.0,50
black soil,45,20.0,51
black soil,46,17.0,52
black soil,25,80.0,53
black soil,26,77.0,54
black soil,27,74.0,55
black soil,28,71.0,56
black soil,29,68.0,57
black soil,30,65.0,58
black soil,31,62.0,59
black soil,32,59.0,60
black soil,33,56.0,61
black soil,34,53.0,62
black soil,35,50.0,63
black soil,36,47.0,64
black soil,37,44.0,65
black soil,38,41.0,66
black soil,39,38.0,67
black soil,40,35.0,68
black soil,41,32.0,69
black soil,42,29.0,70
black soil,43,26.0,71
black soil,44,23.0,72
black soil,45,20.0,73
black soil,46,17.0,74
black soil,25,80.0,75
black soil,26,77.0,76
black soil,27,74.0,77
black soil,28,71.0,78
black soil,29,68.0,79
black soil,30,65.0,80
black soil,31,62.0,81
black soil,32,59.0,82
black soil,33,56.0,83
black soil,34,53.0,84
black soil,35,50.0,85
black soil,36,47.0,86
black soil,37,44.0,87
black soil,38,41.0,88
black soil,39,38.0,89
black soil,40,35.0,90
black soil,41,32.0,91
black soil,42,29.0,92
black soil,43,26.0,93
black soil,44,23.0,94
black soil,45,20.0,95
black soil,46,17.0,96
black soil,25,81.0,97
black soil,26,79.0,98
black soil,27,76.0,99
black soil,28,73.0,100
black soil,29,70.0,1
black soil,30,67.0,2
black soil,31,64.0,3
black soil,32,61.0,4
black soil,33,58.0,5
black soil,34,55.0,6
black soil,35,52.0,7
black soil,36,49.0,8
black soil,25,80.0,9
black soil,26,77.0,10
black soil,27,74.0,11
black soil,28,71.0,12
black soil,29,68.0,13
black soil,30,65.0,14
black soil,31,62.0,15
black soil,32,59.0,16
black soil,33,56.0,17
black soil,34,53.0,18
black soil,35,50.0,19
black soil,36,47.0,20
black soil,37,44.0,21
black soil,38,41.0,22
black soil,39,38.0,23
black soil,40,35.0,24
black soil,41,32.0,25
black soil,42,29.0,26
black soil,43,26.0,27
black soil,44,23.0,28
black soil,45,20.0,29
black soil,46,17.0,30
black soil,25,80.0,31
black soil,26,77.0,32
black soil,27,74.0,33
black soil,28,71.0,34
black soil,29,68.0,35
black soil,30,65.0,36
black soil,31,62.0,37
black soil,32,59.0,38
black soil,33,56.0,39
black soil,34,53.0,40
black soil,35,50.0,41
black soil,36,47.0,42
black soil,37,44.0,43
black soil,38,41.0,44
black soil,39,38.0,45
black soil,40,35.0,46
black soil,41,32.0,47
black soil,42,29.0,48
black soil,43,26.0,49
black soil,44,23.0,50
black soil,45,20.0,51
black soil,46,17.0,52
black soil,25,80.0,53
black soil,26,77.0,54
black soil,27,74.0,55
black soil,28,71.0,56
black soil,29,68.0,57
black soil,30,65.0,58
black soil,31,62.0,59
black soil,32,59.0,60
black soil,33,56.0,61
black soil,34,53.0,62
black soil,35,50.0,63
black soil,36,47.0,64
black soil,37,44.0,65
black soil,38,41.0,66
black soil,39,38.0,67
black soil,40,35.0,68
black soil,41,32.0,69
black soil,42,29.0,70
black soil,43,26.0,71
black soil,44,23.0,72
black soil,45,20.0,73
black soil,46,17.0,74
black soil,25,80.0,75
black soil,26,77.0,76
black soil,27,74.0,77
black soil,28,71.0,78
black soil,29,68.0,79
black soil,30,65.0,80
black soil,31,62.0,81
black soil,32,59.0,82
black soil,33,56.0,83
black soil,34,53.0,84
black soil,35,50.0,85
black soil,36,47.0,86
black soil,37,44.0,87
black soil,38,41.0,88
black soil,39,38.0,89
black soil,40,35.0,90
black soil,41,32.0,91
black soil,42,29.0,92
black soil,43,26.0,93
black soil,44,23.0,94
black soil,45,20.0,95
black soil,46,17.0,96
black soil,25,81.0,97
black soil,26,79.0,98
black soil,27,76.0,99
black soil,28,73.0,100
black soil,21,83.0,1
black soil,20,84.0,2
black soil,19,85.0,3
black soil,18,86.0,4
black soil,17,87.0,5
black soil,16,88.0,6
black soil,15,89.0,7
black soil,14,90.0,8
black soil,13,91.0,9
black soil,24,80.0,10
black soil,23,81.0,11
black soil,22,82.0,12
black soil,21,83.0,13
black soil,20,84.0,14
black soil,19,85.0,15
black soil,18,86.0,16
black soil,17,87.0,17
black soil,16,88.0,18
black soil,15,89.0,19
black soil,14,90.0,20
black soil,24,80.0,21
black soil,23,81.0,22
black soil,22,82.0,23
black soil,21,83.0,24
black soil,20,84.0,25
black soil,19,85.0,26
black soil,18,86.0,27
black soil,17,87.0,28
black soil,16,88.0,29
black soil,15,89.0,30
black soil,24,80.0,31
black soil,23,81.0,32
black soil,22,82.0,33
black soil,21,83.0,34
black soil,20,84.0,35
black soil,19,85.0,36
black soil,18,86.0,37
black soil,17,87.0,38
black soil,16,88.0,39
black soil,15,89.0,40
black soil,14,90.0,41
black soil,13,91.0,42
black soil,24,80.0,43
black soil,23,81.0,44
black soil,22,82.0,45
black soil,21,83.0,46
black soil,20,84.0,47
black soil,19,85.0,48
black soil,18,86.0,49
black soil,17,87.0,50
black soil,16,88.0,51
black soil,15,89.0,52
black soil,14,90.0,53
black soil,13,91.0,54
black soil,24,80.0,55
black soil,23,81.0,56
black soil,22,82.0,57
black soil,21,83.0,58
black soil,20,84.0,59
black soil,19,85.0,1
black soil,18,86.0,2
black soil,17,87.0,3
black soil,16,88.0,4
black soil,15,89.0,5
black soil,14,90.0,6
black soil,13,91.0,7
black soil,24,80.0,8
black soil,23,81.0,9
black soil,22,82.0,10
black soil,21,83.0,11
black soil,20,84.0,12
black soil,19,85.0,13
black soil,18,86.0,14
black soil,17,87.0,15
black soil,16,88.0,16
black soil,15,89.0,17
black soil,14,90.0,18
black soil,13,91.0,19
black soil,24,80.0,20
black soil,23,81.0,21
black soil,22,82.0,22
black soil,21,83.0,23
black soil,20,84.0,24
black soil,19,85.0,25
black soil,18,86.0,26
black soil,17,87.0,27
black soil,16,88.0,28
black soil,15,89.0,29
black soil,14,90.0,30
black soil,24,80.0,31
black soil,23,81.0,32
black soil,22,82.0,33
black soil,21,83.0,34
black soil,20,84.0,35
black soil,19,85.0,36
black soil,18,86.0,37
black soil,17,87.0,38
black soil,16,88.0,39
black soil,15,89.0,40
black soil,14,90.0,41
black soil,13,91.0,42
black soil,24,80.0,43
black soil,23,81.0,44
black soil,22,82.0,45
black soil,21,83.0,46
black soil,20,84.0,47
black soil,19,85.0,48
black soil,18,86.0,49
black soil,17,87.0,50
black soil,16,88.0,51
black soil,15,89.0,52
black soil,14,90.0,53
black soil,13,91.0,54
black soil,24,80.0,55
black soil,23,81.0,56
black soil,22,82.0,57
black soil,21,83.0,58
black soil,20,84.0,59
black soil,19,85.0,60
black soil,18,86.0,61
black soil,17,87.0,62
black soil,16,88.0,63
black soil,15,89.0,64
black soil,14,90.0,65
black soil,13,91.0,66
black soil,24,80.0,67
black soil,23,81.0,68
black soil,22,82.0,69
black soil,17,87.0,1
black soil,16,88.0,2
black soil,15,89.0,3
black soil,14,90.0,4
black soil,13,91.0,5
black soil,24,80.0,6
black soil,23,81.0,7
black soil,22,82.0,8
black soil,21,83.0,9
black soil,20,84.0,10
black soil,19,85.0,11
black soil,18,86.0,12
black soil,17,87.0,13
black soil,16,88.0,14
black soil,15,89.0,15
black soil,14,90.0,16
black soil,13,91.0,17
black soil,24,80.0,18
black soil,23,81.0,19
black soil,22,82.0,20
black soil,21,83.0,21
black soil,20,84.0,22
black soil,19,85.0,23
black soil,18,86.0,24
black soil,17,87.0,25
black soil,16,88.0,26
black soil,15,89.0,27
black soil,14,90.0,28
black soil,13,91.0,29
black soil,24,80.0,30
black soil,24,80.0,31
black soil,23,81.0,32
black soil,22,82.0,33
black soil,21,83.0,34
black soil,20,84.0,35
black soil,19,85.0,36
black soil,18,86.0,37
black soil,17,87.0,38
black soil,16,88.0,39
black soil,15,89.0,40
black soil,14,90.0,41
black soil,13,91.0,42
black soil,24,80.0,43
black soil,23,81.0,44
black soil,22,82.0,45
black soil,21,83.0,46
black soil,20,84.0,47
black soil,19,85.0,48
black soil,18,86.0,49
black soil,17,87.0,50
black soil,16,88.0,51
black soil,15,89.0,52
black soil,14,90.0,53
black soil,13,91.0,54
black soil,24,80.0,55
black soil,23,81.0,56
black soil,22,82.0,57
black soil,21,83.0,58
black soil,20,84.0,59
black soil,19,85.0,60
black soil,18,86.0,61
black soil,17,87.0,62
black soil,16,88.0,63
black soil,15,89.0,64
black soil,14,90.0,65
black soil,13,91.0,66
black soil,24,80.0,67
black soil,23,81.0,68
black soil,22,82.0,69
black soil,21,83.0,70
black soil,20,84.0,71
black soil,19,85.0,72
black soil,18,86.0,73
black soil,17,87.0,74
black soil,16,88.0,75
black soil,15,89.0,76
black soil,14,90.0,77
black soil,13,91.0,78
black soil,24,80.0,79
black soil,17,87.0,1
black soil,16,88.0,2
black soil,15,89.0,3
black soil,14,90.0,4
black soil,13,91.0,5
black soil,24,80.0,6
black soil,23,81.0,7
black soil,22,82.0,8
black soil,21,83.0,9
black soil,20,84.0,10
black soil,19,85.0,11
black soil,18,86.0,12
black soil,17,87.0,13
black soil,16,88.0,14
black soil,15,89.0,15
black soil,14,90.0,16
black soil,13,91.0,17
black soil,24,80.0,18
black soil,23,81.0,19
black soil,22,82.0,20
black soil,21,83.0,21
black soil,20,84.0,22
black soil,19,85.0,23
black soil,18,86.0,24
black soil,17,87.0,25
black soil,16,88.0,26
black soil,15,89.0,27
black soil,14,90.0,28
black soil,13,91.0,29
black soil,24,80.0,30
black soil,24,80.0,31
black soil,23,81.0,32
black soil,22,82.0,33
black soil,21,83.0,34
black soil,20,84.0,35
black soil,19,85.0,36
black soil,18,86.0,37
black soil,17,87.0,38
black soil,16,88.0,39
black soil,15,89.0,40
black soil,14,90.0,41
black soil,13,91.0,42
black soil,24,80.0,43
black soil,23,81.0,44
black soil,22,82.0,45
black soil,21,83.0,46
black soil,20,84.0,47
black soil,19,85.0,48
black soil,18,86.0,49
black soil,17,87.0,50
black soil,16,88.0,51
black soil,15,89.0,52
black soil,14,90.0,53
black soil,13,91.0,54
black soil,24,80.0,55
black soil,23,81.0,56
black soil,22,82.0,57
black soil,21,83.0,58
black soil,20,84.0,59
black soil,19,85.0,60
black soil,18,86.0,61
black soil,17,87.0,62
black soil,16,88.0,63
black soil,15,89.0,64
black soil,14,90.0,65
black soil,13,91.0,66
black soil,24,80.0,67
black soil,23,81.0,68
black soil,22,82.0,69
black soil,21,83.0,70
black soil,20,84.0,71
black soil,19,85.0,72
black soil,18,86.0,73
black soil,17,87.0,74
black soil,16,88.0,75
black soil,15,89.0,76
black soil,14,90.0,77
black soil,13,91.0,78
black soil,24,80.0,79
red soil,21,83.0,1
red soil,20,84.0,2
red soil,19,85.0,3
red soil,18,86.0,4
red soil,17,87.0,5
red soil,16,88.0,6
red soil,15,89.0,7
red soil,14,90.0,8
red soil,13,91.0,9
red soil,24,80.0,10
red soil,23,81.0,11
red soil,22,82.0,12
red soil,21,83.0,13
red soil,20,84.0,14
red soil,19,85.0,15
red soil,18,86.0,16
red soil,17,87.0,17
red soil,16,88.0,18
red soil,15,89.0,19
red soil,14,90.0,20
red soil,24,80.0,21
red soil,23,81.0,22
red soil,22,82.0,23
red soil,21,83.0,24
red soil,20,84.0,25
red soil,19,85.0,26
red soil,18,86.0,27
red soil,17,87.0,28
red soil,16,88.0,29
red soil,15,89.0,30
red soil,24,80.0,31
red soil,23,81.0,32
red soil,22,82.0,33
red soil,21,83.0,34
red soil,20,84.0,35
red soil,19,85.0,36
red soil,18,86.0,37
red soil,17,87.0,38
red soil,16,88.0,39
red soil,15,89.0,40
red soil,14,90.0,41
red soil,13,91.0,42
red soil,24,80.0,43
red soil,23,81.0,44
red soil,22,82.0,45
red soil,21,83.0,46
red soil,20,84.0,47
red soil,19,85.0,48
red soil,18,86.0,49
red soil,17,87.0,50
red soil,16,88.0,51
red soil,15,89.0,52
red soil,14,90.0,53
red soil,13,91.0,54
red soil,24,80.0,55
red soil,23,81.0,56
red soil,22,82.0,57
red soil,21,83.0,58
red soil,20,84.0,59
red soil,19,85.0,1
red soil,18,86.0,2
red soil,17,87.0,3
red soil,16,88.0,4
red soil,15,89.0,5
red soil,14,90.0,6
red soil,13,91.0,7
red soil,24,80.0,8
red soil,23,81.0,9
red soil,22,82.0,10
red soil,21,83.0,11
red soil,20,84.0,12
red soil,19,85.0,13
red soil,18,86.0,14
red soil,17,87.0,15
red soil,16,88.0,16
red soil,15,89.0,17
red soil,14,90.0,18
red soil,13,91.0,19
red soil,24,80.0,20
red soil,23,81.0,21
red soil,22,82.0,22
red soil,21,83.0,23
red soil,20,84.0,24
red soil,19,85.0,25
red soil,18,86.0,26
red soil,17,87.0,27
red soil,16,88.0,28
red soil,15,89.0,29
red soil,14,90.0,30
red soil,24,80.0,31
red soil,23,81.0,32
red soil,22,82.0,33
red soil,21,83.0,34
red soil,20,84.0,35
red soil,19,85.0,36
red soil,18,86.0,37
red soil,17,87.0,38
red soil,16,88.0,39
red soil,15,89.0,40
red soil,14,90.0,41
red soil,13,91.0,42
red soil,24,80.0,43
red soil,23,81.0,44
red soil,22,82.0,45
red soil,21,83.0,46
red soil,20,84.0,47
red soil,19,85.0,48
red soil,18,86.0,49
red soil,17,87.0,50
red soil,16,88.0,51
red soil,15,89.0,52
red soil,14,90.0,53
red soil,13,91.0,54
red soil,24,80.0,55
red soil,23,81.0,56
red soil,22,82.0,57
red soil,21,83.0,58
red soil,20,84.0,59
red soil,19,85.0,60
red soil,18,86.0,61
red soil,17,87.0,62
red soil,16,88.0,63
red soil,15,89.0,64
red soil,14,90.0,65
red soil,13,91.0,66
red soil,24,80.0,67
red soil,23,81.0,68
red soil,22,82.0,69
red soil,17,87.0,1
red soil,16,88.0,2
red soil,15,89.0,3
red soil,14,90.0,4
red soil,13,91.0,5
red soil,24,80.0,6
red soil,23,81.0,7
red soil,22,82.0,8
red soil,21,83.0,9
red soil,20,84.0,10
red soil,19,85.0,11
red soil,18,86.0,12
red soil,17,87.0,13
red soil,16,88.0,14
red soil,15,89.0,15
red soil,14,90.0,16
red soil,13,91.0,17
red soil,24,80.0,18
red soil,23,81.0,19
red soil,22,82.0,20
red soil,21,83.0,21
red soil,20,84.0,22
red soil,19,85.0,23
red soil,18,86.0,24
red soil,17,87.0,25
red soil,16,88.0,26
red soil,15,89.0,27
red soil,14,90.0,28
red soil,13,91.0,29
red soil,24,80.0,30
red soil,24,80.0,31
red soil,23,81.0,32
red soil,22,82.0,33
red soil,21,83.0,34
red soil,20,84.0,35
red soil,19,85.0,36
red soil,18,86.0,37
red soil,17,87.0,38
red soil,16,88.0,39
red soil,15,89.0,40
red soil,14,90.0,41
red soil,13,91.0,42
red soil,24,80.0,43
red soil,23,81.0,44
red soil,22,82.0,45
red soil,21,83.0,46
red soil,20,84.0,47
red soil,19,85.0,48
red soil,18,86.0,49
red soil,17,87.0,50
red soil,16,88.0,51
red soil,15,89.0,52
red soil,14,90.0,53
red soil,13,91.0,54
red soil,24,80.0,55
red soil,23,81.0,56
red soil,22,82.0,57
red soil,21,83.0,58
red soil,20,84.0,59
red soil,19,85.0,60
red soil,18,86.0,61
red soil,17,87.0,62
red soil,16,88.0,63
red soil,15,89.0,64
red soil,14,90.0,65
red soil,13,91.0,66
red soil,24,80.0,67
red soil,23,81.0,68
red soil,22,82.0,69
red soil,21,83.0,70
red soil,20,84.0,71
red soil,19,85.0,72
red soil,18,86.0,73
red soil,17,87.0,74
red soil,16,88.0,75
red soil,15,89.0,76
red soil,14,90.0,77
red soil,13,91.0,78
red soil,24,80.0,79
red soil,17,87.0,1
red soil,16,88.0,2
red soil,15,89.0,3
red soil,14,90.0,4
red soil,13,91.0,5
red soil,24,80.0,6
red soil,23,81.0,7
red soil,22,82.0,8
red soil,21,83.0,9
red soil,20,84.0,10
red soil,19,85.0,11
red soil,18,86.0,12
red soil,17,87.0,13
red soil,16,88.0,14
red soil,15,89.0,15
red soil,14,90.0,16
red soil,13,91.0,17
red soil,24,80.0,18
red soil,23,81.0,19
red soil,22,82.0,20
red soil,21,83.0,21
red soil,20,84.0,22
red soil,19,85.0,23
red soil,18,86.0,24
red soil,17,87.0,25
red soil,16,88.0,26
red soil,15,89.0,27
red soil,14,90.0,28
red soil,13,91.0,29
red soil,24,80.0,30
red soil,24,80.0,31
red soil,23,81.0,32
red soil,22,82.0,33
red soil,21,83.0,34
red soil,20,84.0,35
red soil,19,85.0,36
red soil,18,86.0,37
red soil,17,87.0,38
red soil,16,88.0,39
red soil,15,89.0,40
red soil,14,90.0,41
red soil,13,91.0,42
red soil,24,80.0,43
red soil,23,81.0,44
red soil,22,82.0,45
red soil,21,83.0,46
red soil,20,84.0,47
red soil,19,85.0,48
red soil,18,86.0,49
red soil,17,87.0,50
red soil,16,88.0,51
red soil,15,89.0,52
red soil,14,90.0,53
red soil,13,91.0,54
red soil,24,80.0,55
red soil,23,81.0,56
red soil,22,82.0,57
red soil,21,83.0,58
red soil,20,84.0,59
red soil,19,85.0,60
red soil,18,86.0,61
red soil,17,87.0,62
red soil,16,88.0,63
red soil,15,89.0,64
red soil,14,90.0,65
red soil,13,91.0,66
red soil,24,80.0,67
red soil,23,81.0,68
red soil,22,82.0,69
red soil,21,83.0,70
red soil,20,84.0,71
red soil,19,85.0,72
red soil,18,86.0,73
red soil,17,87.0,74
red soil,16,88.0,75
red soil,15,89.0,76
red soil,14,90.0,77
red soil,13,91.0,78
red soil,24,80.0,79
sandy soil,19,85.0,1
sandy soil,18,86.0,2
sandy soil,17,87.0,3
sandy soil,16,88.0,4
sandy soil,15,89.0,5
sandy soil,14,90.0,6
sandy soil,13,91.0,7
sandy soil,24,80.0,8
sandy soil,23,81.0,9
sandy soil,22,82.0,10
sandy soil,21,83.0,11
sandy soil,20,84.0,12
sandy soil,19,85.0,13
sandy soil,18,86.0,14
sandy soil,17,87.0,15
sandy soil,16,88.0,16
sandy soil,15,89.0,17
sandy soil,14,90.0,18
sandy soil,13,91.0,19
sandy soil,24,80.0,20
sandy soil,23,81.0,21
sandy soil,22,82.0,22
sandy soil,21,83.0,23
sandy soil,20,84.0,24
sandy soil,19,85.0,25
sandy soil,18,86.0,26
sandy soil,17,87.0,27
sandy soil,16,88.0,28
sandy soil,15,89.0,29
sandy soil,14,90.0,30
sandy soil,24,80.0,31
sandy soil,23,81.0,32
sandy soil,22,82.0,33
sandy soil,21,83.0,34
sandy soil,20,84.0,35
sandy soil,19,85.0,36
sandy soil,18,86.0,37
sandy soil,17,87.0,38
sandy soil,16,88.0,39
sandy soil,15,89.0,40
sandy soil,14,90.0,41
sandy soil,13,91.0,42
sandy soil,24,80.0,43
sandy soil,23,81.0,44
sandy soil,22,82.0,45
sandy soil,21,83.0,46
sandy soil,20,84.0,47
sandy soil,19,85.0,48
sandy soil,18,86.0,49
sandy soil,17,87.0,50
sandy soil,16,88.0,51
sandy soil,15,89.0,52
sandy soil,14,90.0,53
sandy soil,13,91.0,54
sandy soil,24,80.0,55
sandy soil,23,81.0,56
sandy soil,22,82.0,57
sandy soil,21,83.0,58
sandy soil,20,84.0,59
sandy soil,19,85.0,60
sandy soil,18,86.0,61
sandy soil,17,87.0,62
sandy soil,16,88.0,63
sandy soil,15,89.0,64
sandy soil,14,90.0,65
sandy soil,13,91.0,66
sandy soil,24,80.0,67
sandy soil,23,81.0,68
sandy soil,22,82.0,69
sandy soil,19,85.0,1
sandy soil,18,86.0,2
sandy soil,17,87.0,3
sandy soil,16,88.0,4
sandy soil,15,89.0,5
sandy soil,14,90.0,6
sandy soil,13,91.0,7
sandy soil,24,80.0,8
sandy soil,23,81.0,9
sandy soil,22,82.0,10
sandy soil,21,83.0,11
sandy soil,20,84.0,12
sandy soil,19,85.0,13
sandy soil,18,86.0,14
sandy soil,17,87.0,15
sandy soil,16,88.0,16
sandy soil,15,89.0,17
sandy soil,14,90.0,18
sandy soil,13,91.0,19
sandy soil,24,80.0,20
sandy soil,23,81.0,21
sandy soil,22,82.0,22
sandy soil,21,83.0,23
sandy soil,20,84.0,24
sandy soil,19,85.0,25
sandy soil,18,86.0,26
sandy soil,17,87.0,27
sandy soil,16,88.0,28
sandy soil,15,89.0,29
sandy soil,14,90.0,30
sandy soil,24,80.0,31
sandy soil,23,81.0,32
sandy soil,22,82.0,33
sandy soil,21,83.0,34
sandy soil,20,84.0,35
sandy soil,19,85.0,36
sandy soil,18,86.0,37
sandy soil,17,87.0,38
sandy soil,16,88.0,39
sandy soil,15,89.0,40
sandy soil,14,90.0,41
sandy soil,13,91.0,42
sandy soil,24,80.0,43
sandy soil,23,81.0,44
sandy soil,22,82.0,45
sandy soil,21,83.0,46
sandy soil,20,84.0,47
sandy soil,19,85.0,48
sandy soil,18,86.0,49
sandy soil,17,87.0,50
sandy soil,16,88.0,51
sandy soil,15,89.0,52
sandy soil,14,90.0,53
sandy soil,13,91.0,54
sandy soil,24,80.0,55
sandy soil,23,81.0,56
sandy soil,22,82.0,57
sandy soil,21,83.0,58
sandy soil,20,84.0,59
sandy soil,19,85.0,60
sandy soil,18,86.0,61
sandy soil,17,87.0,62
sandy soil,16,88.0,63
sandy soil,15,89.0,64
sandy soil,14,90.0,65
sandy soil,13,91.0,66
sandy soil,24,80.0,67
sandy soil,23,81.0,68
sandy soil,22,82.0,69
sandy soil,17,87.0,1
sandy soil,16,88.0,2
sandy soil,15,89.0,3
sandy soil,14,90.0,4
sandy soil,13,91.0,5
sandy soil,24,80.0,6
sandy soil,23,81.0,7
sandy soil,22,82.0,8
sandy soil,21,83.0,9
sandy soil,20,84.0,10
sandy soil,19,85.0,11
sandy soil,18,86.0,12
sandy soil,17,87.0,13
sandy soil,16,88.0,14
sandy soil,15,89.0,15
sandy soil,14,90.0,16
sandy soil,13,91.0,17
sandy soil,24,80.0,18
sandy soil,23,81.0,19
sandy soil,22,82.0,20
sandy soil,21,83.0,21
sandy soil,20,84.0,22
sandy soil,19,85.0,23
sandy soil,18,86.0,24
sandy soil,17,87.0,25
sandy soil,16,88.0,26
sandy soil,15,89.0,27
sandy soil,14,90.0,28
sandy soil,13,91.0,29
sandy soil,24,80.0,30
sandy soil,24,80.0,31
sandy soil,23,81.0,32
sandy soil,22,82.0,33
sandy soil,21,83.0,34
sandy soil,20,84.0,35
sandy soil,19,85.0,36
sandy soil,18,86.0,37
sandy soil,17,87.0,38
sandy soil,16,88.0,39
sandy soil,15,89.0,40
sandy soil,14,90.0,41
sandy soil,13,91.0,42
sandy soil,24,80.0,43
sandy soil,23,81.0,44
sandy soil,22,82.0,45
sandy soil,21,83.0,46
sandy soil,20,84.0,47
sandy soil,19,85.0,48
sandy soil,18,86.0,49
sandy soil,17,87.0,50
sandy soil,16,88.0,51
sandy soil,15,89.0,52
sandy soil,14,90.0,53
sandy soil,13,91.0,54
sandy soil,24,80.0,55
sandy soil,23,81.0,56
sandy soil,22,82.0,57
sandy soil,21,83.0,58
sandy soil,20,84.0,59
sandy soil,19,85.0,60
sandy soil,18,86.0,61
sandy soil,17,87.0,62
sandy soil,16,88.0,63
sandy soil,15,89.0,64
sandy soil,14,90.0,65
sandy soil,13,91.0,66
sandy soil,24,80.0,67
sandy soil,23,81.0,68
sandy soil,22,82.0,69
sandy soil,21,83.0,70
sandy soil,20,84.0,71
sandy soil,19,85.0,72
sandy soil,18,86.0,73
sandy soil,17,87.0,74
sandy soil,16,88.0,75
sandy soil,15,89.0,76
sandy soil,14,90.0,77
sandy soil,13,91.0,78
sandy soil,24,80.0,79
sandy soil,17,87.0,1
sandy soil,16,88.0,2
sandy soil,15,89.0,3
sandy soil,14,90.0,4
sandy soil,13,91.0,5
sandy soil,24,80.0,6
sandy soil,23,81.0,7
sandy soil,22,82.0,8
sandy soil,21,83.0,9
sandy soil,20,84.0,10
sandy soil,19,85.0,11
sandy soil,18,86.0,12
sandy soil,17,87.0,13
sandy soil,16,88.0,14
sandy soil,15,89.0,15
sandy soil,14,90.0,16
sandy soil,13,91.0,17
sandy soil,24,80.0,18
sandy soil,23,81.0,19
sandy soil,22,82.0,20
sandy soil,21,83.0,21
sandy soil,20,84.0,22
sandy soil,19,85.0,23
sandy soil,18,86.0,24
sandy soil,17,87.0,25
sandy soil,16,88.0,26
sandy soil,15,89.0,27
sandy soil,14,90.0,28
sandy soil,13,91.0,29
sandy soil,24,80.0,30
sandy soil,24,80.0,31
sandy soil,23,81.0,32
sandy soil,22,82.0,33
sandy soil,21,83.0,34
sandy soil,20,84.0,35
sandy soil,19,85.0,36
sandy soil,18,86.0,37
sandy soil,17,87.0,38
sandy soil,16,88.0,39
sandy soil,15,89.0,40
sandy soil,14,90.0,41
sandy soil,13,91.0,42
sandy soil,24,80.0,43
sandy soil,23,81.0,44
sandy soil,22,82.0,45
sandy soil,21,83.0,46
sandy soil,20,84.0,47
sandy soil,19,85.0,48
sandy soil,18,86.0,49
sandy soil,17,87.0,50
sandy soil,16,88.0,51
sandy soil,15,89.0,52
sandy soil,14,90.0,53
sandy soil,13,91.0,54
sandy soil,24,80.0,55
sandy soil,23,81.0,56
sandy soil,22,82.0,57
sandy soil,21,83.0,58
sandy soil,20,84.0,59
sandy soil,19,85.0,60
sandy soil,18,86.0,61
sandy soil,17,87.0,62
sandy soil,16,88.0,63
sandy soil,15,89.0,64
sandy soil,14,90.0,65
sandy soil,13,91.0,66
sandy soil,24,80.0,67
sandy soil,23,81.0,68
sandy soil,22,82.0,69
sandy soil,21,83.0,70
sandy soil,20,84.0,71
sandy soil,19,85.0,72
sandy soil,18,86.0,73
sandy soil,17,87.0,74
sandy soil,16,88.0,75
sandy soil,15,89.0,76
sandy soil,14,90.0,77
sandy soil,13,91.0,78
sandy soil,24,80.0,79
chalky soil,19,85.0,1
chalky soil,18,86.0,2
chalky soil,17,87.0,3
chalky soil,16,88.0,4
chalky soil,15,89.0,5
chalky soil,14,90.0,6
chalky soil,13,91.0,7
chalky soil,24,80.0,8
chalky soil,23,81.0,9
chalky soil,22,82.0,10
chalky soil,21,83.0,11
chalky soil,20,84.0,12
chalky soil,19,85.0,13
chalky soil,18,86.0,14
chalky soil,17,87.0,15
chalky soil,16,88.0,16
chalky soil,15,89.0,17
chalky soil,14,90.0,18
chalky soil,13,91.0,19
chalky soil,24,80.0,20
chalky soil,23,81.0,21
chalky soil,22,82.0,22
chalky soil,21,83.0,23
chalky soil,20,84.0,24
chalky soil,19,85.0,25
chalky soil,18,86.0,26
chalky soil,17,87.0,27
chalky soil,16,88.0,28
chalky soil,15,89.0,29
chalky soil,14,90.0,30
chalky soil,24,80.0,31
chalky soil,23,81.0,32
chalky soil,22,82.0,33
chalky soil,21,83.0,34
chalky soil,20,84.0,35
chalky soil,19,85.0,36
chalky soil,18,86.0,37
chalky soil,17,87.0,38
chalky soil,16,88.0,39
chalky soil,15,89.0,40
chalky soil,14,90.0,41
chalky soil,13,91.0,42
chalky soil,24,80.0,43
chalky soil,23,81.0,44
chalky soil,22,82.0,45
chalky soil,21,83.0,46
chalky soil,20,84.0,47
chalky soil,19,85.0,48
chalky soil,18,86.0,49
chalky soil,17,87.0,50
chalky soil,16,88.0,51
chalky soil,15,89.0,52
chalky soil,14,90.0,53
chalky soil,13,91.0,54
chalky soil,24,80.0,55
chalky soil,23,81.0,56
chalky soil,22,82.0,57
chalky soil,21,83.0,58
chalky soil,20,84.0,59
chalky soil,19,85.0,60
chalky soil,18,86.0,61
chalky soil,17,87.0,62
chalky soil,16,88.0,63
chalky soil,15,89.0,64
chalky soil,14,90.0,65
chalky soil,13,91.0,66
chalky soil,24,80.0,67
chalky soil,23,81.0,68
chalky soil,22,82.0,69
chalky soil,19,85.0,1
chalky soil,18,86.0,2
chalky soil,17,87.0,3
chalky soil,16,88.0,4
chalky soil,15,89.0,5
chalky soil,14,90.0,6
chalky soil,13,91.0,7
chalky soil,24,80.0,8
chalky soil,23,81.0,9
chalky soil,22,82.0,10
chalky soil,21,83.0,11
chalky soil,20,84.0,12
chalky soil,19,85.0,13
chalky soil,18,86.0,14
chalky soil,17,87.0,15
chalky soil,16,88.0,16
chalky soil,15,89.0,17
chalky soil,14,90.0,18
chalky soil,13,91.0,19
chalky soil,24,80.0,20
chalky soil,23,81.0,21
chalky soil,22,82.0,22
chalky soil,21,83.0,23
chalky soil,20,84.0,24
chalky soil,19,85.0,25
chalky soil,18,86.0,26
chalky soil,17,87.0,27
chalky soil,16,88.0,28
chalky soil,15,89.0,29
chalky soil,14,90.0,30
chalky soil,24,80.0,31
chalky soil,23,81.0,32
chalky soil,22,82.0,33
chalky soil,21,83.0,34
chalky soil,20,84.0,35
chalky soil,19,85.0,36
chalky soil,18,86.0,37
chalky soil,17,87.0,38
chalky soil,16,88.0,39
chalky soil,15,89.0,40
chalky soil,14,90.0,41
chalky soil,13,91.0,42
chalky soil,24,80.0,43
chalky soil,23,81.0,44
chalky soil,22,82.0,45
chalky soil,21,83.0,46
chalky soil,20,84.0,47
chalky soil,19,85.0,48
chalky soil,18,86.0,49
chalky soil,17,87.0,50
chalky soil,16,88.0,51
chalky soil,15,89.0,52
chalky soil,14,90.0,53
chalky soil,13,91.0,54
chalky soil,24,80.0,55
chalky soil,23,81.0,56
chalky soil,22,82.0,57
chalky soil,21,83.0,58
chalky soil,20,84.0,59
chalky soil,19,85.0,60
chalky soil,18,86.0,61
chalky soil,17,87.0,62
chalky soil,16,88.0,63
chalky soil,15,89.0,64
chalky soil,14,90.0,65
chalky soil,13,91.0,66
chalky soil,24,80.0,67
chalky soil,23,81.0,68
chalky soil,22,82.0,69
chalky soil,17,87.0,1
chalky soil,16,88.0,2
chalky soil,15,89.0,3
chalky soil,14,90.0,4
chalky soil,13,91.0,5
chalky soil,24,80.0,6
chalky soil,23,81.0,7
chalky soil,22,82.0,8
chalky soil,21,83.0,9
chalky soil,20,84.0,10
chalky soil,19,85.0,11
chalky soil,18,86.0,12
chalky soil,17,87.0,13
chalky soil,16,88.0,14
chalky soil,15,89.0,15
chalky soil,14,90.0,16
chalky soil,13,91.0,17
chalky soil,24,80.0,18
chalky soil,23,81.0,19
chalky soil,22,82.0,20
chalky soil,21,83.0,21
chalky soil,20,84.0,22
chalky soil,19,85.0,23
chalky soil,18,86.0,24
chalky soil,17,87.0,25
chalky soil,16,88.0,26
chalky soil,15,89.0,27
chalky soil,14,90.0,28
chalky soil,13,91.0,29
chalky soil,24,80.0,30
chalky soil,24,80.0,31
chalky soil,23,81.0,32
chalky soil,22,82.0,33
chalky soil,21,83.0,34
chalky soil,20,84.0,35
chalky soil,19,85.0,36
chalky soil,18,86.0,37
chalky soil,17,87.0,38
chalky soil,16,88.0,39
chalky soil,15,89.0,40
chalky soil,14,90.0,41
chalky soil,13,91.0,42
chalky soil,24,80.0,43
chalky soil,23,81.0,44
chalky soil,22,82.0,45
chalky soil,21,83.0,46
chalky soil,20,84.0,47
chalky soil,19,85.0,48
chalky soil,18,86.0,49
chalky soil,17,87.0,50
chalky soil,16,88.0,51
chalky soil,15,89.0,52
chalky soil,14,90.0,53
chalky soil,13,91.0,54
chalky soil,24,80.0,55
chalky soil,23,81.0,56
chalky soil,22,82.0,57
chalky soil,21,83.0,58
chalky soil,20,84.0,59
chalky soil,19,85.0,60
chalky soil,18,86.0,61
chalky soil,17,87.0,62
chalky soil,16,88.0,63
chalky soil,15,89.0,64
chalky soil,14,90.0,65
chalky soil,13,91.0,66
chalky soil,24,80.0,67
chalky soil,23,81.0,68
chalky soil,22,82.0,69
chalky soil,21,83.0,70
chalky soil,20,84.0,71
chalky soil,19,85.0,72
chalky soil,18,86.0,73
chalky soil,17,87.0,74
chalky soil,16,88.0,75
chalky soil,15,89.0,76
chalky soil,14,90.0,77
chalky soil,13,91.0,78
chalky soil,24,80.0,79
chalky soil,17,87.0,1
chalky soil,16,88.0,2
chalky soil,15,89.0,3
chalky soil,14,90.0,4
chalky soil,13,91.0,5
chalky soil,24,80.0,6
chalky soil,23,81.0,7
chalky soil,22,82.0,8
chalky soil,21,83.0,9
chalky soil,20,84.0,10
chalky soil,19,85.0,11
chalky soil,18,86.0,12
chalky soil,17,87.0,13
chalky soil,16,88.0,14
chalky soil,15,89.0,15
chalky soil,14,90.0,16
chalky soil,13,91.0,17
chalky soil,24,80.0,18
chalky soil,23,81.0,19
chalky soil,22,82.0,20
chalky soil,21,83.0,21
chalky soil,20,84.0,22
chalky soil,19,85.0,23
chalky soil,18,86.0,24
chalky soil,17,87.0,25
chalky soil,16,88.0,26
chalky soil,15,89.0,27
chalky soil,14,90.0,28
chalky soil,13,91.0,29
chalky soil,24,80.0,30
chalky soil,24,80.0,31
chalky soil,23,81.0,32
chalky soil,22,82.0,33
chalky soil,21,83.0,34
chalky soil,20,84.0,35
chalky soil,19,85.0,36
chalky soil,18,86.0,37
chalky soil,17,87.0,38
chalky soil,16,88.0,39
chalky soil,15,89.0,40
chalky soil,14,90.0,41
chalky soil,13,91.0,42
chalky soil,24,80.0,43
chalky soil,23,81.0,44
chalky soil,22,82.0,45
chalky soil,21,83.0,46
chalky soil,20,84.0,47
chalky soil,19,85.0,48
chalky soil,18,86.0,49
chalky soil,17,87.0,50
chalky soil,16,88.0,51
chalky soil,15,89.0,52
chalky soil,14,90.0,53
chalky soil,13,91.0,54
chalky soil,24,80.0,55
chalky soil,23,81.0,56
chalky soil,22,82.0,57
chalky soil,21,83.0,58
chalky soil,20,84.0,59
chalky soil,19,85.0,60
chalky soil,18,86.0,61
chalky soil,17,87.0,62
chalky soil,16,88.0,63
chalky soil,15,89.0,64
chalky soil,14,90.0,65
chalky soil,13,91.0,66
chalky soil,24,80.0,67
chalky soil,23,81.0,68
chalky soil,22,82.0,69
chalky soil,21,83.0,70
chalky soil,20,84.0,71
chalky soil,19,85.0,72
chalky soil,18,86.0,73
chalky soil,17,87.0,74
chalky soil,16,88.0,75
chalky soil,15,89.0,76
chalky soil,14,90.0,77
chalky soil,13,91.0,78
chalky soil,24,80.0,79
