temperature,humidity,soil_moisture
25,80.0,1
26,77.0,2
27,74.0,3
28,71.0,4
29,68.0,5
30,65.0,6
31,62.0,7
32,59.0,8
33,56.0,9
34,53.0,10
35,50.0,11
36,47.0,12
37,44.0,13
38,41.0,14
39,38.0,15
40,35.0,16
41,32.0,17
42,29.0,18
43,26.0,19
44,23.0,20
45,20.0,21
46,17.0,22
25,80.0,23
26,77.5,24
27,75.0,25
28,72.5,26
29,70.0,27
30,67.5,28
31,65.0,29
32,62.5,30
33,60.0,31
34,57.5,32
35,55.0,33
36,52.5,34
37,50.0,35
38,47.5,36
39,45.0,37
40,42.5,38
41,40.0,39
42,37.5,40
43,35.0,41
44,32.5,42
45,30.0,43
46,27.5,44
25,80.0,45
26,77.3,46
27,74.6,47
28,71.9,48
29,69.2,49
30,66.5,50
31,63.8,51
32,61.1,52
33,58.4,53
34,55.7,54
35,53.0,55
36,50.3,56
37,47.6,57
38,44.9,58
39,42.2,59
40,39.5,60
41,36.8,61
42,34.1,62
43,31.4,63
44,28.7,64
45,26.0,65
46,23.3,66
25,80.0,67
26,78.0,68
27,76.0,69
28,74.0,70
29,72.0,71
30,70.0,72
31,68.0,73
32,66.0,74
33,64.0,75
34,62.0,76
35,60.0,77
36,58.0,78
37,56.0,79
38,54.0,80
39,52.0,81
40,50.0,82
41,48.0,83
42,46.0,84
43,44.0,85
44,42.0,86
45,40.0,87
46,38.0,88
25,80.0,89
26,78.0,90
27,76.0,91
28,74.0,92
29,72.0,93
30,70.0,94
31,68.0,95
32,66.0,96
33,64.0,97
34,62.0,98
35,60.0,99
36,58.0,100
37,56.0,1
38,54.0,2
39,52.0,3
40,50.0,4
41,48.0,5
42,46.0,6
43,44.0,7
44,42.0,8
45,40.0,9
46,38.0,10
25,80.0,11
26,77.0,12
27,74.0,13
28,71.0,14
29,68.0,15
30,65.0,16
31,62.0,17
32,59.0,18
33,56.0,19
34,53.0,20
35,50.0,21
36,47.0,22
37,44.0,23
38,41.0,24
39,38.0,25
40,35.0,26
41,32.0,27
42,29.0,28
43,26.0,29
44,23.0,30
45,20.0,31
46,17.0,32
25,80.0,33
26,77.0,34
27,74.0,35
28,71.0,36
29,68.0,37
30,65.0,38
31,62.0,39
32,59.0,40
33,56.0,41
34,53.0,42
35,50.0,43
36,47.0,44
37,44.0,45
38,41.0,46
39,38.0,47
40,35.0,48
41,32.0,49
42,29.0,50
43,26.0,51
44,23.0,52
45,20.0,53
46,17.0,54
25,80.0,55
26,77.0,56
27,74.0,57
28,71.0,58
29,68.0,59
30,65.0,60
31,62.0,61
32,59.0,62
33,56.0,63
34,53.0,64
35,50.0,65
36,47.0,66
37,44.0,67
38,41.0,68
39,38.0,69
40,35.0,70
41,32.0,71
42,29.0,72
43,26.0,73
44,23.0,74
45,20.0,75
46,17.0,76
25,80.0,77
26,77.3,78
27,74.6,79
28,71.9,80
29,69.2,81
30,66.5,82
31,63.8,83
32,61.1,84
33,58.4,85
34,55.7,86
35,53.0,87
36,50.3,88
37,47.6,89
38,44.9,90
39,42.2,91
40,39.5,92
41,36.8,93
42,34.1,94
43,31.4,95
44,28.7,96
45,26.0,97
46,23.3,98
25,80.0,99
26,77.0,100
27,74.0,1
28,71.0,2
29,68.0,3
30,65.0,4
31,62.0,5
32,59.0,6
33,56.0,7
34,53.0,8
35,50.0,9
36,47.0,10
37,44.0,11
38,41.0,12
39,38.0,13
40,35.0,14
41,32.0,15
42,29.0,16
43,26.0,17
44,23.0,18
45,20.0,19
46,17.0,20
25,80.0,21
26,77.5,22
27,75.0,23
28,72.5,24
29,70.0,25
30,67.5,26
31,65.0,27
32,62.5,28
33,60.0,29
34,57.5,30
35,55.0,31
36,52.5,32
37,50.0,33
38,47.5,34
39,45.0,35
40,42.5,36
41,40.0,37
42,37.5,38
43,35.0,39
44,32.5,40
45,30.0,41
46,27.5,42
25,80.0,43
26,77.3,44
27,74.6,45
28,71.9,46
29,69.2,47
30,66.5,48
31,63.8,49
32,61.1,50
33,58.4,51
34,55.7,52
35,53.0,53
36,50.3,54
37,47.6,55
38,44.9,56
39,42.2,57
40,39.5,58
41,36.8,59
42,34.1,60
43,31.4,61
44,28.7,62
45,26.0,63
46,23.3,64
25,80.0,65
26,77.0,66
27,74.0,67
28,71.0,68
29,68.0,69
30,65.0,70
31,62.0,71
32,59.0,72
33,56.0,73
34,53.0,74
35,50.0,75
36,47.0,76
37,44.0,77
38,41.0,78
39,38.0,79
40,35.0,80
41,32.0,81
42,29.0,82
43,26.0,83
44,23.0,84
45,20.0,85
46,17.0,86
25,80.0,87
26,77.0,88
27,74.0,89
28,71.0,90
29,68.0,91
30,65.0,92
31,62.0,93
32,59.0,94
33,56.0,95
34,53.0,96
35,50.0,97
36,47.0,98
37,44.0,99
38,41.0,100
39,38.0,1
40,35.0,2
41,32.0,3
42,29.0,4
43,26.0,5
44,23.0,6
45,20.0,7
46,17.0,8
25,80.0,9
26,77.0,10
27,74.0,11
28,71.0,12
29,68.0,13
30,65.0,14
31,62.0,15
32,59.0,16
33,56.0,17
34,53.0,18
35,50.0,19
36,47.0,20
37,44.0,21
38,41.0,22
39,38.0,23
40,35.0,24
41,32.0,25
42,29.0,26
43,26.0,27
44,23.0,28
45,20.0,29
46,17.0,30
25,80.0,31
26,77.0,32
27,74.0,33
28,71.0,34
29,68.0,35
30,65.0,36
31,62.0,37
32,59.0,38
33,56.0,39
34,53.0,40
35,50.0,41
36,47.0,42
37,44.0,43
38,41.0,44
39,38.0,45
40,35.0,46
41,32.0,47
42,29.0,48
43,26.0,49
44,23.0,50
45,20.0,51
46,17.0,52
25,80.0,53
26,77.0,54
27,74.0,55
28,71.0,56
29,68.0,57
30,65.0,58
31,62.0,59
32,59.0,60
33,56.0,61
34,53.0,62
35,50.0,63
36,47.0,64
37,44.0,65
38,41.0,66
39,38.0,67
40,35.0,68
41,32.0,69
42,29.0,70
43,26.0,71
44,23.0,72
45,20.0,73
46,17.0,74
25,80.0,75
26,77.0,76
27,74.0,77
28,71.0,78
29,68.0,79
30,65.0,80
31,62.0,81
32,59.0,82
33,56.0,83
34,53.0,84
35,50.0,85
36,47.0,86
37,44.0,87
38,41.0,88
39,38.0,89
40,35.0,90
41,32.0,91
42,29.0,92
43,26.0,93
44,23.0,94
45,20.0,95
46,17.0,96
25,81.0,97
26,79.0,98
27,76.0,99
28,73.0,100
29,70.0,1
30,67.0,2
31,64.0,3
32,61.0,4
33,58.0,5
34,55.0,6
35,52.0,7
36,49.0,8
37,46.0,9
38,43.0,10
39,40.0,11
40,37.0,12
41,34.0,13
42,31.0,14
43,28.0,15
44,25.0,16
45,22.0,17
46,19.0,18
25,80.0,19
26,77.0,20
27,74.0,21
28,71.0,22
29,68.0,23
30,65.0,24
31,62.0,25
32,59.0,26
33,56.0,27
34,53.0,28
35,50.0,29
36,47.0,30
37,44.0,31
38,41.0,32
39,38.0,33
40,35.0,34
41,32.0,35
42,29.0,36
43,26.0,37
44,23.0,38
45,20.0,39
46,17.0,40
25,80.0,41
26,77.0,42
27,74.0,43
28,71.0,44
29,68.0,45
30,65.0,46
31,62.0,47
32,59.0,48
33,56.0,49
34,53.0,50
35,50.0,51
36,47.0,52
37,44.0,53
38,41.0,54
39,38.0,55
40,35.0,56
41,32.0,57
42,29.0,58
43,26.0,59
44,23.0,60
45,20.0,61
46,17.0,62
25,80.0,63
26,77.0,64
27,74.0,65
28,71.0,66
29,68.0,67
30,65.0,68
31,62.0,69
32,59.0,70
33,56.0,71
34,53.0,72
35,50.0,73
36,47.0,74
37,44.0,75
38,41.0,76
39,38.0,77
40,35.0,78
41,32.0,79
42,29.0,80
43,26.0,81
44,23.0,82
45,20.0,83
46,17.0,84
25,80.0,85
26,77.0,86
27,74.0,87
28,71.0,88
29,68.0,89
30,65.0,90
31,62.0,91
32,59.0,92
33,56.0,93
34,53.0,94
35,50.0,95
36,47.0,96
37,44.0,97
38,41.0,98
39,38.0,99
40,35.0,100
41,32.0,1
42,29.0,2
43,26.0,3
44,23.0,4
45,20.0,5
46,17.0,6
25,80.0,7
26,77.0,8
27,74.0,9
28,71.0,10
29,68.0,11
30,65.0,12
31,62.0,13
32,59.0,14
33,56.0,15
34,53.0,16
35,50.0,17
36,47.0,18
37,44.0,19
38,41.0,20
39,38.0,21
40,35.0,22
41,32.0,23
42,29.0,24
43,26.0,25
44,23.0,26
45,20.0,27
46,17.0,28
25,80.0,29
26,77.0,30
27,74.0,31
28,71.0,32
29,68.0,33
30,65.0,34
31,62.0,35
32,59.0,36
33,56.0,37
34,53.0,38
35,50.0,39
36,47.0,40
37,44.0,41
38,41.0,42
39,38.0,43
40,35.0,44
41,32.0,45
42,29.0,46
43,26.0,47
44,23.0,48
45,20.0,49
46,17.0,50
25,80.0,51
26,77.0,52
27,74.0,53
28,71.0,54
29,68.0,55
30,65.0,56
31,62.0,57
32,59.0,58
33,56.0,59
34,53.0,60
35,50.0,61
36,47.0,62
37,44.0,63
38,41.0,64
39,38.0,65
40,35.0,66
41,32.0,67
42,29.0,68
43,26.0,69
44,23.0,70
45,20.0,71
46,17.0,72
25,80.0,73
26,77.0,74
27,74.0,75
28,71.0,76
29,68.0,77
30,65.0,78
31,62.0,79
32,59.0,80
33,56.0,81
34,53.0,82
35,50.0,83
36,47.0,84
37,44.0,85
38,41.0,86
39,38.0,87
40,35.0,88
41,32.0,89
42,29.0,90
43,26.0,91
44,23.0,92
45,20.0,93
46,17.0,94
25,80.0,95
26,77.0,96
27,74.0,97
28,71.0,98
29,68.0,99
30,65.0,100
31,62.0,1
32,59.0,2
33,56.0,3
34,53.0,4
35,50.0,5
36,47.0,6
37,44.0,7
38,41.0,8
39,38.0,9
40,35.0,10
41,32.0,11
42,29.0,12
43,26.0,13
44,23.0,14
45,20.0,15
46,17.0,16
25,80.0,17
26,77.0,18
27,74.0,19
28,71.0,20
29,68.0,21
30,65.0,22
31,62.0,23
32,59.0,24
33,56.0,25
34,53.0,26
35,50.0,27
36,47.0,28
37,44.0,29
38,41.0,30
39,38.0,31
40,35.0,32
41,32.0,33
42,29.0,34
43,26.0,35
44,23.0,36
45,20.0,37
46,17.0,38
25,80.0,39
26,77.0,40
27,74.0,41
28,71.0,42
29,68.0,43
30,65.0,44
31,62.0,45
32,59.0,46
33,56.0,47
34,53.0,48
35,50.0,49
36,47.0,50
37,44.0,51
38,41.0,52
39,38.0,53
40,35.0,54
41,32.0,55
42,29.0,56
43,26.0,57
44,23.0,58
45,20.0,59
46,17.0,60
25,80.0,61
26,77.0,62
27,74.0,63
28,71.0,64
29,68.0,65
30,65.0,66
31,62.0,67
32,59.0,68
33,56.0,69
34,53.0,70
35,50.0,71
36,47.0,72
37,44.0,73
38,41.0,74
39,38.0,75
40,35.0,76
41,32.0,77
42,29.0,78
43,26.0,79
44,23.0,80
45,20.0,81
46,17.0,82
25,80.0,83
26,77.0,84
27,74.0,85
28,71.0,86
29,68.0,87
30,65.0,88
31,62.0,89
32,59.0,90
33,56.0,91
34,53.0,92
35,50.0,93
36,47.0,94
37,44.0,95
38,41.0,96
39,38.0,97
40,35.0,98
41,32.0,99
42,29.0,100
43,26.0,1
44,23.0,2
45,20.0,3
46,17.0,4
25,80.0,5
26,77.0,6
27,74.0,7
28,71.0,8
29,68.0,9
30,65.0,10
31,62.0,11
32,59.0,12
33,56.0,13
34,53.0,14
35,50.0,15
36,47.0,16
37,44.0,17
38,41.0,18
39,38.0,19
40,35.0,20
41,32.0,21
42,29.0,22
43,26.0,23
44,23.0,24
45,20.0,25
46,17.0,26
25,80.0,27
26,77.0,28
27,74.0,29
28,71.0,30
29,68.0,31
30,65.0,32
31,62.0,33
32,59.0,34
33,56.0,35
34,53.0,36
35,50.0,37
36,47.0,38
37,44.0,39
38,41.0,40
39,38.0,41
40,35.0,42
41,32.0,43
42,29.0,44
43,26.0,45
44,23.0,46
45,20.0,47
46,17.0,48
25,80.0,49
26,77.0,50
27,74.0,51
28,71.0,52
29,68.0,53
30,65.0,54
31,62.0,55
32,59.0,56
33,56.0,57
34,53.0,58
35,50.0,59
36,47.0,60
37,44.0,61
38,41.0,62
39,38.0,63
40,35.0,64
41,32.0,65
42,29.0,66
43,26.0,67
44,23.0,68
45,20.0,69
46,17.0,70
25,80.0,71
26,77.0,72
27,74.0,73
28,71.0,74
29,68.0,75
30,65.0,76
31,62.0,77
32,59.0,78
33,56.0,79
34,53.0,80
35,50.0,81
36,47.0,82
37,44.0,83
38,41.0,84
39,38.0,85
40,35.0,86
41,32.0,87
42,29.0,88
43,26.0,89
44,23.0,90
45,20.0,91
46,17.0,92
25,80.0,93
26,77.0,94
27,74.0,95
28,71.0,96
29,68.0,97
30,65.0,98
31,62.0,99
32,59.0,100
33,56.0,1
34,53.0,2
35,50.0,3
36,47.0,4
37,44.0,5
38,41.0,6
39,38.0,7
40,35.0,8
41,32.0,9
42,29.0,10
43,26.0,11
44,23.0,12
45,20.0,13
46,17.0,14
25,80.0,15
26,77.0,16
27,74.0,17
28,71.0,18
29,68.0,19
30,65.0,20
31,62.0,21
32,59.0,22
33,56.0,23
34,53.0,24
35,50.0,25
36,47.0,26
37,44.0,27
38,41.0,28
39,38.0,29
40,35.0,30
41,32.0,31
42,29.0,32
43,26.0,33
44,23.0,34
45,20.0,35
46,17.0,36
25,80.0,37
26,77.0,38
27,74.0,39
28,71.0,40
29,68.0,41
30,65.0,42
31,62.0,43
32,59.0,44
33,56.0,45
34,53.0,46
35,50.0,47
36,47.0,48
37,44.0,49
38,41.0,50
39,38.0,51
40,35.0,52
41,32.0,53
42,29.0,54
43,26.0,55
44,23.0,56
45,20.0,57
46,17.0,58
25,80.0,59
26,77.0,60
27,74.0,61
28,71.0,62
29,68.0,63
30,65.0,64
31,62.0,65
32,59.0,66
33,56.0,67
34,53.0,68
35,50.0,69
36,47.0,70
37,44.0,71
38,41.0,72
39,38.0,73
40,35.0,74
41,32.0,75
42,29.0,76
43,26.0,77
44,23.0,78
45,20.0,79
46,17.0,80
25,80.0,81
26,77.0,82
27,74.0,83
28,71.0,84
29,68.0,85
30,65.0,86
31,62.0,87
32,59.0,88
33,56.0,89
34,53.0,90
35,50.0,91
36,47.0,92
37,44.0,93
38,41.0,94
39,38.0,95
40,35.0,96
41,32.0,97
42,29.0,98
43,26.0,99
44,23.0,100
45,20.0,1
46,17.0,2
25,80.0,3
26,77.0,4
27,74.0,5
28,71.0,6
29,68.0,7
30,65.0,8
31,62.0,9
32,59.0,10
33,56.0,11
34,53.0,12
35,50.0,13
36,47.0,14
37,44.0,15
38,41.0,16
39,38.0,17
40,35.0,18
41,32.0,19
42,29.0,20
43,26.0,21
44,23.0,22
45,20.0,23
46,17.0,24
25,80.0,25
26,77.0,26
27,74.0,27
28,71.0,28
29,68.0,29
30,65.0,30
31,62.0,31
32,59.0,32
33,56.0,33
34,53.0,34
35,50.0,35
36,47.0,36
37,44.0,37
38,41.0,38
39,38.0,39
40,35.0,40
41,32.0,41
42,29.0,42
43,26.0,43
44,23.0,44
45,20.0,45
46,17.0,46
25,80.0,47
26,77.0,48
27,74.0,49
28,71.0,50
29,68.0,51
30,65.0,52
31,62.0,53
32,59.0,54
33,56.0,55
34,53.0,56
35,50.0,57
36,47.0,58
37,44.0,59
38,41.0,60
39,38.0,61
40,35.0,62
41,32.0,63
42,29.0,64
43,26.0,65
44,23.0,66
45,20.0,67
46,17.0,68
25,80.0,69
26,77.0,70
27,74.0,71
28,71.0,72
29,68.0,73
30,65.0,74
31,62.0,75
32,59.0,76
33,56.0,77
34,53.0,78
35,50.0,79
36,47.0,80
37,44.0,81
38,41.0,82
39,38.0,83
40,35.0,84
41,32.0,85
42,29.0,86
43,26.0,87
44,23.0,88
45,20.0,89
46,17.0,90
25,80.0,91
26,77.0,92
27,74.0,93
28,71.0,94
29,68.0,95
30,65.0,96
31,62.0,97
32,59.0,98
33,56.0,99
34,53.0,100
35,50.0,1
36,47.0,2
37,44.0,3
38,41.0,4
39,38.0,5
40,35.0,6
41,32.0,7
42,29.0,8
43,26.0,9
44,23.0,10
45,20.0,11
46,17.0,12
25,80.0,13
26,77.0,14
27,74.0,15
28,71.0,16
29,68.0,17
30,65.0,18
31,62.0,19
32,59.0,20
33,56.0,21
34,53.0,22
35,50.0,23
36,47.0,24
37,44.0,25
38,41.0,26
39,38.0,27
40,35.0,28
41,32.0,29
42,29.0,30
43,26.0,31
44,23.0,32
45,20.0,33
46,17.0,34
25,80.0,35
26,77.0,36
27,74.0,37
28,71.0,38
29,68.0,39
30,65.0,40
31,62.0,41
32,59.0,42
33,56.0,43
34,53.0,44
35,50.0,45
36,47.0,46
37,44.0,47
38,41.0,48
39,38.0,49
40,35.0,50
41,32.0,51
42,29.0,52
43,26.0,53
44,23.0,54
45,20.0,55
46,17.0,56
25,80.0,57
26,77.0,58
27,74.0,59
28,71.0,60
29,68.0,61
30,65.0,62
31,62.0,63
32,59.0,64
33,56.0,65
34,53.0,66
35,50.0,67
36,47.0,68
37,44.0,69
38,41.0,70
39,38.0,71
40,35.0,72
41,32.0,73
42,29.0,74
43,26.0,75
44,23.0,76
45,20.0,77
46,17.0,78
25,80.0,79
26,77.0,80
27,74.0,81
28,71.0,82
29,68.0,83
30,65.0,84
31,62.0,85
32,59.0,86
33,56.0,87
34,53.0,88
35,50.0,89
36,47.0,90
37,44.0,91
38,41.0,92
39,38.0,93
40,35.0,94
41,32.0,95
42,29.0,96
43,26.0,97
44,23.0,98
45,20.0,99
46,17.0,100
25,80.0,1
26,77.0,2
27,74.0,3
28,71.0,4
29,68.0,5
30,65.0,6
31,62.0,7
32,59.0,8
33,56.0,9
34,53.0,10
35,50.0,11
36,47.0,12
37,44.0,13
38,41.0,14
39,38.0,15
40,35.0,16
41,32.0,17
42,29.0,18
43,26.0,19
44,23.0,20
45,20.0,21
46,17.0,22
25,80.0,23
26,77.0,24
27,74.0,25
28,71.0,26
29,68.0,27
30,65.0,28
31,62.0,29
32,59.0,30
33,56.0,31
34,53.0,32
35,50.0,33
36,47.0,34
37,44.0,35
38,41.0,36
39,38.0,37
40,35.0,38
41,32.0,39
42,29.0,40
43,26.0,41
44,23.0,42
45,20.0,43
46,17.0,44
25,80.0,45
26,77.0,46
27,74.0,47
28,71.0,48
29,68.0,49
30,65.0,50
31,62.0,51
32,59.0,52
33,56.0,53
34,53.0,54
35,50.0,55
36,47.0,56
37,44.0,57
38,41.0,58
39,38.0,59
40,35.0,60
41,32.0,61
42,29.0,62
43,26.0,63
44,23.0,64
45,20.0,65
46,17.0,66
25,80.0,67
26,77.0,68
27,74.0,69
28,71.0,70
29,68.0,71
30,65.0,72
31,62.0,73
32,59.0,74
33,56.0,75
34,53.0,76
35,50.0,77
36,47.0,78
37,44.0,79
38,41.0,80
39,38.0,81
40,35.0,82
41,32.0,83
42,29.0,84
43,26.0,85
44,23.0,86
45,20.0,87
46,17.0,88
25,80.0,89
26,77.0,90
27,74.0,91
28,71.0,92
29,68.0,93
30,65.0,94
31,62.0,95
32,59.0,96
33,56.0,97
34,53.0,98
35,50.0,99
36,47.0,100
37,44.0,1
38,41.0,2
39,38.0,3
40,35.0,4
41,32.0,5
42,29.0,6
43,26.0,7
44,23.0,8
45,20.0,9
46,17.0,10
25,80.0,11
26,77.0,12
27,74.0,13
28,71.0,14
29,68.0,15
30,65.0,16
31,62.0,17
32,59.0,18
33,56.0,19
34,53.0,20
35,50.0,21
36,47.0,22
37,44.0,23
38,41.0,24
39,38.0,25
40,35.0,26
41,32.0,27
42,29.0,28
43,26.0,29
44,23.0,30
45,20.0,31
46,17.0,32
25,80.0,33
26,77.0,34
27,74.0,35
28,71.0,36
29,68.0,37
30,65.0,38
31,62.0,39
32,59.0,40
33,56.0,41
34,53.0,42
35,50.0,43
36,47.0,44
37,44.0,45
38,41.0,46
39,38.0,47
40,35.0,48
41,32.0,49
42,29.0,50
43,26.0,51
44,23.0,52
45,20.0,53
46,17.0,54
25,80.0,55
26,77.0,56
27,74.0,57
28,71.0,58
29,68.0,59
30,65.0,60
31,62.0,61
32,59.0,62
33,56.0,63
34,53.0,64
35,50.0,65
36,47.0,66
37,44.0,67
38,41.0,68
39,38.0,69
40,35.0,70
41,32.0,71
42,29.0,72
43,26.0,73
44,23.0,74
45,20.0,75
46,17.0,76
25,80.0,77
26,77.0,78
27,74.0,79
28,71.0,80
29,68.0,81
30,65.0,82
31,62.0,83
32,59.0,84
33,56.0,85
34,53.0,86
35,50.0,87
36,47.0,88
37,44.0,89
38,41.0,90
39,38.0,91
40,35.0,92
41,32.0,93
42,29.0,94
43,26.0,95
44,23.0,96
45,20.0,97
46,17.0,98
25,80.0,99
26,77.0,100
27,74.0,1
28,71.0,2
29,68.0,3
30,65.0,4
31,62.0,5
32,59.0,6
33,56.0,7
34,53.0,8
35,50.0,9
36,47.0,10
37,44.0,11
38,41.0,12
39,38.0,13
40,35.0,14
41,32.0,15
42,29.0,16
43,26.0,17
44,23.0,18
45,20.0,19
46,17.0,20
25,80.0,21
26,77.0,22
27,74.0,23
28,71.0,24
29,68.0,25
30,65.0,26
31,62.0,27
32,59.0,28
33,56.0,29
34,53.0,30
35,50.0,31
36,47.0,32
37,44.0,33
38,41.0,34
39,38.0,35
40,35.0,36
41,32.0,37
42,29.0,38
43,26.0,39
44,23.0,40
45,20.0,41
46,17.0,42
25,80.0,43
26,77.0,44
27,74.0,45
28,71.0,46
29,68.0,47
30,65.0,48
31,62.0,49
32,59.0,50
33,56.0,51
34,53.0,52
35,50.0,53
36,47.0,54
37,44.0,55
38,41.0,56
39,38.0,57
40,35.0,58
41,32.0,59
42,29.0,60
43,26.0,61
44,23.0,62
45,20.0,63
46,17.0,64
25,80.0,65
26,77.0,66
27,74.0,67
28,71.0,68
29,68.0,69
30,65.0,70
31,62.0,71
32,59.0,72
33,56.0,73
34,53.0,74
35,50.0,75
36,47.0,76
37,44.0,77
38,41.0,78
39,38.0,79
40,35.0,80
41,32.0,81
42,29.0,82
43,26.0,83
44,23.0,84
45,20.0,85
46,17.0,86
25,80.0,87
26,77.0,88
27,74.0,89
28,71.0,90
29,68.0,91
30,65.0,92
31,62.0,93
32,59.0,94
33,56.0,95
34,53.0,96
35,50.0,97
36,47.0,98
37,44.0,99
38,41.0,100
39,38.0,1
40,35.0,2
41,32.0,3
42,29.0,4
43,26.0,5
44,23.0,6
45,20.0,7
46,17.0,8
25,80.0,9
26,77.0,10
27,74.0,11
28,71.0,12
29,68.0,13
30,65.0,14
31,62.0,15
32,59.0,16
33,56.0,17
34,53.0,18
35,50.0,19
36,47.0,20
37,44.0,21
38,41.0,22
39,38.0,23
40,35.0,24
41,32.0,25
42,29.0,26
43,26.0,27
44,23.0,28
45,20.0,29
46,17.0,30
25,80.0,31
26,77.0,32
27,74.0,33
28,71.0,34
29,68.0,35
30,65.0,36
31,62.0,37
32,59.0,38
33,56.0,39
34,53.0,40
35,50.0,41
36,47.0,42
37,44.0,43
38,41.0,44
39,38.0,45
40,35.0,46
41,32.0,47
42,29.0,48
43,26.0,49
44,23.0,50
45,20.0,51
46,17.0,52
25,80.0,53
26,77.0,54
27,74.0,55
28,71.0,56
29,68.0,57
30,65.0,58
31,62.0,59
32,59.0,60
33,56.0,61
34,53.0,62
35,50.0,63
36,47.0,64
37,44.0,65
38,41.0,66
39,38.0,67
40,35.0,68
41,32.0,69
42,29.0,70
43,26.0,71
44,23.0,72
45,20.0,73
46,17.0,74
25,80.0,75
26,77.0,76
27,74.0,77
28,71.0,78
29,68.0,79
30,65.0,80
31,62.0,81
32,59.0,82
33,56.0,83
34,53.0,84
35,50.0,85
36,47.0,86
37,44.0,87
38,41.0,88
39,38.0,89
40,35.0,90
41,32.0,91
42,29.0,92
43,26.0,93
44,23.0,94
45,20.0,95
46,17.0,96
25,80.0,97
26,77.0,98
27,74.0,99
28,71.0,100
29,68.0,1
30,65.0,2
31,62.0,3
32,59.0,4
33,56.0,5
34,53.0,6
35,50.0,7
36,47.0,8
37,44.0,9
38,41.0,10
39,38.0,11
40,35.0,12
41,32.0,13
42,29.0,14
43,26.0,15
44,23.0,16
45,20.0,17
46,17.0,18
25,80.0,19
26,77.0,20
27,74.0,21
28,71.0,22
29,68.0,23
30,65.0,24
31,62.0,25
32,59.0,26
33,56.0,27
34,53.0,28
35,50.0,29
36,47.0,30
37,44.0,31
38,41.0,32
39,38.0,33
40,35.0,34
41,32.0,35
42,29.0,36
43,26.0,37
44,23.0,38
45,20.0,39
46,17.0,40
25,80.0,41
26,77.0,42
27,74.0,43
28,71.0,44
29,68.0,45
30,65.0,46
31,62.0,47
32,59.0,48
33,56.0,49
34,53.0,50
35,50.0,51
36,47.0,52
37,44.0,53
38,41.0,54
39,38.0,55
40,35.0,56
41,32.0,57
42,29.0,58
43,26.0,59
44,23.0,60
45,20.0,61
46,17.0,62
25,80.0,63
26,77.0,64
27,74.0,65
28,71.0,66
29,68.0,67
30,65.0,68
31,62.0,69
32,59.0,70
33,56.0,71
34,53.0,72
35,50.0,73
36,47.0,74
37,44.0,75
38,41.0,76
39,38.0,77
40,35.0,78
41,32.0,79
42,29.0,80
43,26.0,81
44,23.0,82
45,20.0,83
46,17.0,84
25,80.0,85
26,77.0,86
27,74.0,87
28,71.0,88
29,68.0,89
30,65.0,90
31,62.0,91
32,59.0,92
33,56.0,93
34,53.0,94
35,50.0,95
36,47.0,96
37,44.0,97
38,41.0,98
39,38.0,99
40,35.0,100
41,32.0,1
42,29.0,2
43,26.0,3
44,23.0,4
45,20.0,5
46,17.0,6
25,80.0,7
26,77.0,8
27,74.0,9
28,71.0,10
29,68.0,11
30,65.0,12
31,62.0,13
32,59.0,14
33,56.0,15
34,53.0,16
35,50.0,17
36,47.0,18
37,44.0,19
38,41.0,20
39,38.0,21
40,35.0,22
41,32.0,23
42,29.0,24
43,26.0,25
44,23.0,26
45,20.0,27
46,17.0,28
25,80.0,29
26,77.0,30
27,74.0,31
28,71.0,32
29,68.0,33
30,65.0,34
31,62.0,35
32,59.0,36
33,56.0,37
34,53.0,38
35,50.0,39
36,47.0,40
37,44.0,41
38,41.0,42
39,38.0,43
40,35.0,44
41,32.0,45
42,29.0,46
43,26.0,47
44,23.0,48
45,20.0,49
46,17.0,50
25,80.0,51
26,77.0,52
27,74.0,53
28,71.0,54
29,68.0,55
30,65.0,56
31,62.0,57
32,59.0,58
33,56.0,59
34,53.0,60
35,50.0,61
36,47.0,62
37,44.0,63
38,41.0,64
39,38.0,65
40,35.0,66
41,32.0,67
42,29.0,68
43,26.0,69
44,23.0,70
45,20.0,71
46,17.0,72
25,80.0,73
26,77.0,74
27,74.0,75
28,71.0,76
29,68.0,77
30,65.0,78
31,62.0,79
32,59.0,80
33,56.0,81
34,53.0,82
35,50.0,83
36,47.0,84
37,44.0,85
38,41.0,86
39,38.0,87
40,35.0,88
41,32.0,89
42,29.0,90
43,26.0,91
44,23.0,92
45,20.0,93
46,17.0,94
25,80.0,95
26,77.0,96
27,74.0,97
28,71.0,98
29,68.0,99
30,65.0,100
31,62.0,1
32,59.0,2
33,56.0,3
34,53.0,4
35,50.0,5
36,47.0,6
37,44.0,7
38,41.0,8
39,38.0,9
40,35.0,10
41,32.0,11
42,29.0,12
43,26.0,13
44,23.0,14
45,20.0,15
46,17.0,16
25,80.0,17
26,77.0,18
27,74.0,19
28,71.0,20
29,68.0,21
30,65.0,22
31,62.0,23
32,59.0,24
33,56.0,25
34,53.0,26
35,50.0,27
36,47.0,28
37,44.0,29
38,41.0,30
39,38.0,31
40,35.0,32
41,32.0,33
42,29.0,34
43,26.0,35
44,23.0,36
45,20.0,37
46,17.0,38
25,80.0,39
26,77.0,40
27,74.0,41
28,71.0,42
29,68.0,43
30,65.0,44
31,62.0,45
32,59.0,46
33,56.0,47
34,53.0,48
35,50.0,49
36,47.0,50
37,44.0,51
38,41.0,52
39,38.0,53
40,35.0,54
41,32.0,55
42,29.0,56
43,26.0,57
44,23.0,58
45,20.0,59
46,17.0,60
25,80.0,61
26,77.0,62
27,74.0,63
28,71.0,64
29,68.0,65
30,65.0,66
31,62.0,67
32,59.0,68
33,56.0,69
34,53.0,70
35,50.0,71
36,47.0,72
37,44.0,73
38,41.0,74
39,38.0,75
40,35.0,76
41,32.0,77
42,29.0,78
43,26.0,79
44,23.0,80
45,20.0,81
46,17.0,82
25,80.0,83
26,77.0,84
27,74.0,85
28,71.0,86
29,68.0,87
30,65.0,88
31,62.0,89
32,59.0,90
33,56.0,91
34,53.0,92
35,50.0,93
36,47.0,94
37,44.0,95
38,41.0,96
39,38.0,97
40,35.0,98
41,32.0,99
42,29.0,100
43,26.0,1
44,23.0,2
45,20.0,3
46,17.0,4
25,80.0,5
26,77.0,6
27,74.0,7
28,71.0,8
29,68.0,9
30,65.0,10
31,62.0,11
32,59.0,12
33,56.0,13
34,53.0,14
35,50.0,15
36,47.0,16
37,44.0,17
38,41.0,18
39,38.0,19
40,35.0,20
41,32.0,21
42,29.0,22
43,26.0,23
44,23.0,24
45,20.0,25
46,17.0,26
25,80.0,27
26,77.0,28
27,74.0,29
28,71.0,30
29,68.0,31
30,65.0,32
31,62.0,33
32,59.0,34
33,56.0,35
34,53.0,36
35,50.0,37
36,47.0,38
37,44.0,39
38,41.0,40
39,38.0,41
40,35.0,42
41,32.0,43
42,29.0,44
43,26.0,45
44,23.0,46
45,20.0,47
46,17.0,48
25,80.0,49
26,77.0,50
27,74.0,51
28,71.0,52
29,68.0,53
30,65.0,54
31,62.0,55
32,59.0,56
33,56.0,57
34,53.0,58
35,50.0,59
36,47.0,60
37,44.0,61
38,41.0,62
39,38.0,63
40,35.0,64
41,32.0,65
42,29.0,66
43,26.0,67
44,23.0,68
45,20.0,69
46,17.0,70
25,80.0,71
26,77.0,72
27,74.0,73
28,71.0,74
29,68.0,75
30,65.0,76
31,62.0,77
32,59.0,78
33,56.0,79
34,53.0,80
35,50.0,81
36,47.0,82
37,44.0,83
38,41.0,84
39,38.0,85
40,35.0,86
41,32.0,87
42,29.0,88
43,26.0,89
44,23.0,90
45,20.0,91
46,17.0,92
25,80.0,93
26,77.0,94
27,74.0,95
28,71.0,96
29,68.0,97
30,65.0,98
31,62.0,99
32,59.0,100
33,56.0,1
34,53.0,2
35,50.0,3
36,47.0,4
37,44.0,5
38,41.0,6
39,38.0,7
40,35.0,8
41,32.0,9
42,29.0,10
43,26.0,11
44,23.0,12
45,20.0,13
46,17.0,14
25,80.0,15
26,77.0,16
27,74.0,17
28,71.0,18
29,68.0,19
30,65.0,20
31,62.0,21
32,59.0,22
33,56.0,23
34,53.0,24
35,50.0,25
36,47.0,26
37,44.0,27
38,41.0,28
39,38.0,29
40,35.0,30
41,32.0,31
42,29.0,32
43,26.0,33
44,23.0,34
45,20.0,35
46,17.0,36
25,80.0,37
26,77.0,38
27,74.0,39
28,71.0,40
29,68.0,41
30,65.0,42
31,62.0,43
32,59.0,44
33,56.0,45
34,53.0,46
35,50.0,47
36,47.0,48
37,44.0,49
38,41.0,50
39,38.0,51
40,35.0,52
41,32.0,53
42,29.0,54
43,26.0,55
44,23.0,56
45,20.0,57
46,17.0,58
25,80.0,59
26,77.0,60
27,74.0,61
28,71.0,62
29,68.0,63
30,65.0,64
31,62.0,65
32,59.0,66
33,56.0,67
34,53.0,68
35,50.0,69
36,47.0,70
37,44.0,71
38,41.0,72
39,38.0,73
40,35.0,74
41,32.0,75
42,29.0,76
43,26.0,77
44,23.0,78
45,20.0,79
46,17.0,80
25,80.0,81
26,77.0,82
27,74.0,83
28,71.0,84
29,68.0,85
30,65.0,86
31,62.0,87
32,59.0,88
33,56.0,89
34,53.0,90
35,50.0,91
36,47.0,92
37,44.0,93
38,41.0,94
39,38.0,95
40,35.0,96
41,32.0,97
42,29.0,98
43,26.0,99
44,23.0,100
45,20.0,1
46,17.0,2
25,80.0,3
26,77.0,4
27,74.0,5
28,71.0,6
29,68.0,7
30,65.0,8
31,62.0,9
32,59.0,10
33,56.0,11
34,53.0,12
35,50.0,13
36,47.0,14
37,44.0,15
38,41.0,16
39,38.0,17
40,35.0,18
41,32.0,19
42,29.0,20
43,26.0,21
44,23.0,22
45,20.0,23
46,17.0,24
25,80.0,25
26,77.0,26
27,74.0,27
28,71.0,28
29,68.0,29
30,65.0,30
31,62.0,31
32,59.0,32
33,56.0,33
34,53.0,34
35,50.0,35
36,47.0,36
37,44.0,37
38,41.0,38
39,38.0,39
40,35.0,40
41,32.0,41
42,29.0,42
43,26.0,43
44,23.0,44
45,20.0,45
46,17.0,46
25,80.0,47
26,77.0,48
27,74.0,49
28,71.0,50
29,68.0,51
30,65.0,52
31,62.0,53
32,59.0,54
33,56.0,55
34,53.0,56
35,50.0,57
36,47.0,58
37,44.0,59
38,41.0,60
39,38.0,61
40,35.0,62
41,32.0,63
42,29.0,64
43,26.0,65
44,23.0,66
45,20.0,67
46,17.0,68
25,80.0,69
26,77.0,70
27,74.0,71
28,71.0,72
29,68.0,73
30,65.0,74
31,62.0,75
32,59.0,76
33,56.0,77
34,53.0,78
35,50.0,79
36,47.0,80
37,44.0,81
38,41.0,82
39,38.0,83
40,35.0,84
41,32.0,85
42,29.0,86
43,26.0,87
44,23.0,88
45,20.0,89
46,17.0,90
25,80.0,91
26,77.0,92
27,74.0,93
28,71.0,94
29,68.0,95
30,65.0,96
31,62.0,97
32,59.0,98
33,56.0,99
34,53.0,100
35,50.0,1
36,47.0,2
37,44.0,3
38,41.0,4
39,38.0,5
40,35.0,6
41,32.0,7
42,29.0,8
43,26.0,9
44,23.0,10
45,20.0,11
46,17.0,12
25,80.0,13
26,77.0,14
27,74.0,15
28,71.0,16
29,68.0,17
30,65.0,18
31,62.0,19
32,59.0,20
33,56.0,21
34,53.0,22
35,50.0,23
36,47.0,24
37,44.0,25
38,41.0,26
39,38.0,27
40,35.0,28
41,32.0,29
42,29.0,30
43,26.0,31
44,23.0,32
45,20.0,33
46,17.0,34
25,80.0,35
26,77.0,36
27,74.0,37
28,71.0,38
29,68.0,39
30,65.0,40
31,62.0,41
32,59.0,42
33,56.0,43
34,53.0,44
35,50.0,45
36,47.0,46
37,44.0,47
38,41.0,48
39,38.0,49
40,35.0,50
41,32.0,51
42,29.0,52
43,26.0,53
44,23.0,54
45,20.0,55
46,17.0,56
25,80.0,57
26,77.0,58
27,74.0,59
28,71.0,60
29,68.0,61
30,65.0,62
31,62.0,63
32,59.0,64
33,56.0,65
34,53.0,66
35,50.0,67
36,47.0,68
37,44.0,69
38,41.0,70
39,38.0,71
40,35.0,72
41,32.0,73
42,29.0,74
43,26.0,75
44,23.0,76
45,20.0,77
46,17.0,78
25,80.0,79
26,77.0,80
27,74.0,81
28,71.0,82
29,68.0,83
30,65.0,84
31,62.0,85
32,59.0,86
33,56.0,87
34,53.0,88
35,50.0,89
36,47.0,90
37,44.0,91
38,41.0,92
39,38.0,93
40,35.0,94
41,32.0,95
42,29.0,96
43,26.0,97
44,23.0,98
45,20.0,99
46,17.0,100
25,80.0,1
26,77.0,2
27,74.0,3
28,71.0,4
29,68.0,5
30,65.0,6
31,62.0,7
32,59.0,8
33,56.0,9
34,53.0,10
35,50.0,11
36,47.0,12
37,44.0,13
38,41.0,14
39,38.0,15
40,35.0,16
41,32.0,17
42,29.0,18
43,26.0,19
44,23.0,20
45,20.0,21
46,17.0,22
25,80.0,23
26,77.0,24
27,74.0,25
28,71.0,26
29,68.0,27
30,65.0,28
31,62.0,29
32,59.0,30
33,56.0,31
34,53.0,32
35,50.0,33
36,47.0,34
37,44.0,35
38,41.0,36
39,38.0,37
40,35.0,38
41,32.0,39
42,29.0,40
43,26.0,41
44,23.0,42
45,20.0,43
46,17.0,44
25,80.0,45
26,77.0,46
27,74.0,47
28,71.0,48
29,68.0,49
30,65.0,50
31,62.0,51
32,59.0,52
33,56.0,53
34,53.0,54
35,50.0,55
36,47.0,56
37,44.0,57
38,41.0,58
39,38.0,59
40,35.0,60
41,32.0,61
42,29.0,62
43,26.0,63
44,23.0,64
45,20.0,65
46,17.0,66
25,80.0,67
26,77.0,68
27,74.0,69
28,71.0,70
29,68.0,71
30,65.0,72
31,62.0,73
32,59.0,74
33,56.0,75
34,53.0,76
35,50.0,77
36,47.0,78
37,44.0,79
38,41.0,80
39,38.0,81
40,35.0,82
41,32.0,83
42,29.0,84
43,26.0,85
44,23.0,86
45,20.0,87
46,17.0,88
25,80.0,89
26,77.0,90
27,74.0,91
28,71.0,92
29,68.0,93
30,65.0,94
31,62.0,95
32,59.0,96
33,56.0,97
34,53.0,98
35,50.0,99
36,47.0,100
37,44.0,1
38,41.0,2
39,38.0,3
40,35.0,4
41,32.0,5
42,29.0,6
43,26.0,7
44,23.0,8
45,20.0,9
46,17.0,10
25,80.0,11
26,77.0,12
27,74.0,13
28,71.0,14
29,68.0,15
30,65.0,16
31,62.0,17
32,59.0,18
33,56.0,19
34,53.0,20
35,50.0,21
36,47.0,22
37,44.0,23
38,41.0,24
39,38.0,25
40,35.0,26
41,32.0,27
42,29.0,28
43,26.0,29
44,23.0,30
45,20.0,31
46,17.0,32
25,80.0,33
26,77.0,34
27,74.0,35
28,71.0,36
29,68.0,37
30,65.0,38
31,62.0,39
32,59.0,40
33,56.0,41
34,53.0,42
35,50.0,43
36,47.0,44
37,44.0,45
38,41.0,46
39,38.0,47
40,35.0,48
41,32.0,49
42,29.0,50
43,26.0,51
44,23.0,52
45,20.0,53
46,17.0,54
25,80.0,55
26,77.0,56
27,74.0,57
28,71.0,58
29,68.0,59
30,65.0,60
31,62.0,61
32,59.0,62
33,56.0,63
34,53.0,64
35,50.0,65
36,47.0,66
37,44.0,67
38,41.0,68
39,38.0,69
40,35.0,70
41,32.0,71
42,29.0,72
43,26.0,73
44,23.0,74
45,20.0,75
46,17.0,76
25,80.0,77
26,77.0,78
27,74.0,79
28,71.0,80
29,68.0,81
30,65.0,82
31,62.0,83
32,59.0,84
33,56.0,85
34,53.0,86
35,50.0,87
36,47.0,88
37,44.0,89
38,41.0,90
39,38.0,91
40,35.0,92
41,32.0,93
42,29.0,94
43,26.0,95
44,23.0,96
45,20.0,97
46,17.0,98
25,80.0,99
26,77.0,100
27,74.0,1
28,71.0,2
29,68.0,3
30,65.0,4
31,62.0,5
32,59.0,6
33,56.0,7
34,53.0,8
35,50.0,9
36,47.0,10
37,44.0,11
38,41.0,12
39,38.0,13
40,35.0,14
41,32.0,15
42,29.0,16
43,26.0,17
44,23.0,18
45,20.0,19
46,17.0,20
25,80.0,21
26,77.5,22
27,75.0,23
28,72.5,24
29,70.0,25
30,67.5,26
31,65.0,27
32,62.5,28
33,60.0,29
34,57.5,30
35,55.0,31
36,52.5,32
37,50.0,33
38,47.5,34
39,45.0,35
40,42.5,36
41,40.0,37
42,37.5,38
43,35.0,39
44,32.5,40
45,30.0,41
46,27.5,42
25,80.0,43
26,77.3,44
27,74.6,45
28,71.9,46
29,69.2,47
30,66.5,48
31,63.8,49
32,61.1,50
33,58.4,51
34,55.7,52
35,53.0,53
36,50.3,54
37,47.6,55
38,44.9,56
39,42.2,57
40,39.5,58
41,36.8,59
42,34.1,60
43,31.4,61
44,28.7,62
45,26.0,63
46,23.3,64
25,80.0,65
26,78.0,66
27,76.0,67
28,74.0,68
29,72.0,69
30,70.0,70
31,68.0,71
32,66.0,72
33,64.0,73
34,62.0,74
35,60.0,75
36,58.0,76
37,56.0,77
38,54.0,78
39,52.0,79
40,50.0,80
41,48.0,81
42,46.0,82
43,44.0,83
44,42.0,84
45,40.0,85
46,38.0,86
25,80.0,87
26,78.0,88
27,76.0,89
28,74.0,90
29,72.0,91
30,70.0,92
31,68.0,93
32,66.0,94
33,64.0,95
34,62.0,96
35,60.0,97
36,58.0,98
37,56.0,99
38,54.0,100
39,52.0,1
40,50.0,2
41,48.0,3
42,46.0,4
43,44.0,5
44,42.0,6
45,40.0,7
46,38.0,8
25,80.0,9
26,77.0,10
27,74.0,11
28,71.0,12
29,68.0,13
30,65.0,14
31,62.0,15
32,59.0,16
33,56.0,17
34,53.0,18
35,50.0,19
36,47.0,20
37,44.0,21
38,41.0,22
39,38.0,23
40,35.0,24
41,32.0,25
42,29.0,26
43,26.0,27
44,23.0,28
45,20.0,29
46,17.0,30
25,80.0,31
26,77.0,32
27,74.0,33
28,71.0,34
29,68.0,35
30,65.0,36
31,62.0,37
32,59.0,38
33,56.0,39
34,53.0,40
35,50.0,41
36,47.0,42
37,44.0,43
38,41.0,44
39,38.0,45
40,35.0,46
41,32.0,47
42,29.0,48
43,26.0,49
44,23.0,50
45,20.0,51
46,17.0,52
25,80.0,53
26,77.0,54
27,74.0,55
28,71.0,56
29,68.0,57
30,65.0,58
31,62.0,59
32,59.0,60
33,56.0,61
34,53.0,62
35,50.0,63
36,47.0,64
37,44.0,65
38,41.0,66
39,38.0,67
40,35.0,68
41,32.0,69
42,29.0,70
43,26.0,71
44,23.0,72
45,20.0,73
46,17.0,74
25,80.0,75
26,77.3,76
27,74.6,77
28,71.9,78
29,69.2,79
30,66.5,80
31,63.8,81
32,61.1,82
33,58.4,83
34,55.7,84
35,53.0,85
36,50.3,86
37,47.6,87
38,44.9,88
39,42.2,89
40,39.5,90
41,36.8,91
42,34.1,92
43,31.4,93
44,28.7,94
45,26.0,95
46,23.3,96
25,80.0,97
26,77.0,98
27,74.0,99
28,71.0,100
29,68.0,1
30,65.0,2
31,62.0,3
32,59.0,4
33,56.0,5
34,53.0,6
35,50.0,7
36,47.0,8
37,44.0,9
38,41.0,10
39,38.0,11
40,35.0,12
41,32.0,13
42,29.0,14
43,26.0,15
44,23.0,16
45,20.0,17
46,17.0,18
25,80.0,19
26,77.0,20
27,74.0,21
28,71.0,22
29,68.0,23
30,65.0,24
31,62.0,25
32,59.0,26
33,56.0,27
34,53.0,28
35,50.0,29
36,47.0,30
37,44.0,31
38,41.0,32
39,38.0,33
40,35.0,34
41,32.0,35
42,29.0,36
43,26.0,37
44,23.0,38
45,20.0,39
46,17.0,40
25,80.0,41
26,77.5,42
27,75.0,43
28,72.5,44
29,70.0,45
30,67.5,46
31,65.0,47
32,62.5,48
33,60.0,49
34,57.5,50
35,55.0,51
36,52.5,52
37,50.0,53
38,47.5,54
39,45.0,55
40,42.5,56
41,40.0,57
42,37.5,58
43,35.0,59
44,32.5,60
45,30.0,61
46,27.5,62
25,80.0,63
26,77.3,64
27,74.6,65
28,71.9,66
29,69.2,67
30,66.5,68
31,63.8,69
32,61.1,70
33,58.4,71
34,55.7,72
35,53.0,73
36,50.3,74
37,47.6,75
38,44.9,76
39,42.2,77
40,39.5,78
41,36.8,79
42,34.1,80
43,31.4,81
44,28.7,82
45,26.0,83
46,23.3,84
25,80.0,85
26,78.0,86
27,76.0,87
28,74.0,88
29,72.0,89
30,70.0,90
31,68.0,91
32,66.0,92
33,64.0,93
34,62.0,94
35,60.0,95
36,58.0,96
37,56.0,97
38,54.0,98
39,52.0,99
40,50.0,100
41,48.0,1
42,46.0,2
43,44.0,3
44,42.0,4
45,40.0,5
46,38.0,6
25,80.0,7
26,78.0,8
27,76.0,9
28,74.0,10
29,72.0,11
30,70.0,12
31,68.0,13
32,66.0,14
33,64.0,15
34,62.0,16
35,60.0,17
36,58.0,18
37,56.0,19
38,54.0,20
39,52.0,21
40,50.0,22
41,48.0,23
42,46.0,24
43,44.0,25
44,42.0,26
45,40.0,27
46,38.0,28
25,80.0,29
26,77.0,30
27,74.0,31
28,71.0,32
29,68.0,33
30,65.0,34
31,62.0,35
32,59.0,36
33,56.0,37
34,53.0,38
35,50.0,39
36,47.0,40
37,44.0,41
38,41.0,42
39,38.0,43
40,35.0,44
41,32.0,45
42,29.0,46
43,26.0,47
44,23.0,48
45,20.0,49
46,17.0,50
25,80.0,51
26,77.0,52
27,74.0,53
28,71.0,54
29,68.0,55
30,65.0,56
31,62.0,57
32,59.0,58
33,56.0,59
34,53.0,60
35,50.0,61
36,47.0,62
37,44.0,63
38,41.0,64
39,38.0,65
40,35.0,66
41,32.0,67
42,29.0,68
43,26.0,69
44,23.0,70
45,20.0,71
46,17.0,72
25,80.0,73
26,77.0,74
27,74.0,75
28,71.0,76
29,68.0,77
30,65.0,78
31,62.0,79
32,59.0,80
33,56.0,81
34,53.0,82
35,50.0,83
36,47.0,84
37,44.0,85
38,41.0,86
39,38.0,87
40,35.0,88
41,32.0,89
42,29.0,90
43,26.0,91
44,23.0,92
45,20.0,93
46,17.0,94
25,80.0,95
26,77.3,96
27,74.6,97
28,71.9,98
29,69.2,99
30,66.5,100
31,63.8,1
32,61.1,2
33,58.4,3
34,55.7,4
35,53.0,5
36,50.3,6
37,47.6,7
38,44.9,8
39,42.2,9
40,39.5,10
41,36.8,11
42,34.1,12
43,31.4,13
44,28.7,14
45,26.0,15
46,23.3,16
25,80.0,17
26,77.0,18
27,74.0,19
28,71.0,20
29,68.0,21
30,65.0,22
31,62.0,23
32,59.0,24
33,56.0,25
34,53.0,26
35,50.0,27
36,47.0,28
37,44.0,29
38,41.0,30
39,38.0,31
40,35.0,32
41,32.0,33
42,29.0,34
43,26.0,35
44,23.0,36
45,20.0,37
46,17.0,38
25,80.0,39
26,77.5,40
27,75.0,41
28,72.5,42
29,70.0,43
30,67.5,44
31,65.0,45
32,62.5,46
33,60.0,47
34,57.5,48
35,55.0,49
36,52.5,50
37,50.0,51
38,47.5,52
39,45.0,53
40,42.5,54
41,40.0,55
42,37.5,56
43,35.0,57
44,32.5,58
45,30.0,59
46,27.5,60
25,80.0,61
26,77.3,62
27,74.6,63
28,71.9,64
29,69.2,65
30,66.5,66
31,63.8,67
32,61.1,68
33,58.4,69
34,55.7,70
35,53.0,71
36,50.3,72
37,47.6,73
38,44.9,74
39,42.2,75
40,39.5,76
41,36.8,77
42,34.1,78
43,31.4,79
44,28.7,80
45,26.0,81
46,23.3,82
25,80.0,83
26,77.0,84
27,74.0,85
28,71.0,86
29,68.0,87
30,65.0,88
31,62.0,89
32,59.0,90
33,56.0,91
34,53.0,92
35,50.0,93
36,47.0,94
37,44.0,95
38,41.0,96
39,38.0,97
40,35.0,98
41,32.0,99
42,29.0,100
43,26.0,1
44,23.0,2
45,20.0,3
46,17.0,4
25,80.0,5
26,77.5,6
27,75.0,7
28,72.5,8
29,70.0,9
30,67.5,10
31,65.0,11
32,62.5,12
33,60.0,13
34,57.5,14
35,55.0,15
36,52.5,16
37,50.0,17
38,47.5,18
39,45.0,19
40,42.5,20
41,40.0,21
42,37.5,22
43,35.0,23
44,32.5,24
45,30.0,25
46,27.5,26
25,80.0,27
26,77.3,28
27,74.6,29
28,71.9,30
29,69.2,31
30,66.5,32
31,63.8,33
32,61.1,34
33,58.4,35
34,55.7,36
35,53.0,37
36,50.3,38
37,47.6,39
38,44.9,40
39,42.2,41
40,39.5,42
41,36.8,43
42,34.1,44
43,31.4,45
44,28.7,46
45,26.0,47
46,23.3,48
25,80.0,49
26,78.0,50
27,76.0,51
28,74.0,52
29,72.0,53
30,70.0,54
31,68.0,55
32,66.0,56
33,64.0,57
34,62.0,58
35,60.0,59
36,58.0,60
37,56.0,61
38,54.0,62
39,52.0,63
40,50.0,64
41,48.0,65
42,46.0,66
43,44.0,67
44,42.0,68
45,40.0,69
46,38.0,70
25,80.0,71
26,78.0,72
27,76.0,73
28,74.0,74
29,72.0,75
30,70.0,76
31,68.0,77
32,66.0,78
33,64.0,79
34,62.0,80
35,60.0,81
36,58.0,82
37,56.0,83
38,54.0,84
39,52.0,85
40,50.0,86
41,48.0,87
42,46.0,88
43,44.0,89
44,42.0,90
45,40.0,91
46,38.0,92
25,80.0,93
26,77.0,94
27,74.0,95
28,71.0,96
29,68.0,97
30,65.0,98
31,62.0,99
32,59.0,100
33,56.0,1
34,53.0,2
35,50.0,3
36,47.0,4
37,44.0,5
38,41.0,6
39,38.0,7
40,35.0,8
41,32.0,9
42,29.0,10
43,26.0,11
44,23.0,12
45,20.0,13
46,17.0,14
25,80.0,15
26,77.0,16
27,74.0,17
28,71.0,18
29,68.0,19
30,65.0,20
31,62.0,21
32,59.0,22
33,56.0,23
34,53.0,24
35,50.0,25
36,47.0,26
37,44.0,27
38,41.0,28
39,38.0,29
40,35.0,30
41,32.0,31
42,29.0,32
43,26.0,33
44,23.0,34
45,20.0,35
46,17.0,36
25,80.0,37
26,77.0,38
27,74.0,39
28,71.0,40
29,68.0,41
30,65.0,42
31,62.0,43
32,59.0,44
33,56.0,45
34,53.0,46
35,50.0,47
36,47.0,48
37,44.0,49
38,41.0,50
39,38.0,51
40,35.0,52
41,32.0,53
42,29.0,54
43,26.0,55
44,23.0,56
45,20.0,57
46,17.0,58
25,80.0,59
26,77.3,60
27,74.6,61
28,71.9,62
29,69.2,63
30,66.5,64
31,63.8,65
32,61.1,66
33,58.4,67
34,55.7,68
35,53.0,69
36,50.3,70
37,47.6,71
38,44.9,72
39,42.2,73
40,39.5,74
41,36.8,75
42,34.1,76
43,31.4,77
44,28.7,78
45,26.0,79
46,23.3,80
25,80.0,81
26,77.0,82
27,74.0,83
28,71.0,84
29,68.0,85
30,65.0,86
31,62.0,87
32,59.0,88
33,56.0,89
34,53.0,90
35,50.0,91
36,47.0,92
37,44.0,93
38,41.0,94
39,38.0,95
40,35.0,96
41,32.0,97
42,29.0,98
43,26.0,99
44,23.0,100
45,20.0,1
46,17.0,2
25,80.0,3
26,77.5,4
27,75.0,5
28,72.5,6
29,70.0,7
30,67.5,8
31,65.0,9
32,62.5,10
33,60.0,11
34,57.5,12
35,55.0,13
36,52.5,14
37,50.0,15
38,47.5,16
39,45.0,17
40,42.5,18
41,40.0,19
42,37.5,20
43,35.0,21
44,32.5,22
45,30.0,23
46,27.5,24
25,80.0,25
26,77.3,26
27,74.6,27
28,71.9,28
29,69.2,29
30,66.5,30
31,63.8,31
32,61.1,32
33,58.4,33
34,55.7,34
35,53.0,35
36,50.3,36
37,47.6,37
38,44.9,38
39,42.2,39
40,39.5,40
41,36.8,41
42,34.1,42
43,31.4,43
44,28.7,44
45,26.0,45
46,23.3,46
25,80.0,47
26,77.0,48
27,74.0,49
28,71.0,50
29,68.0,51
30,65.0,52
31,62.0,53
32,59.0,54
33,56.0,55
34,53.0,56
35,50.0,57
36,47.0,58
37,44.0,59
38,41.0,60
39,38.0,61
40,35.0,62
41,32.0,63
42,29.0,64
43,26.0,65
44,23.0,66
45,20.0,67
46,17.0,68
25,80.0,69
26,77.5,70
27,75.0,71
28,72.5,72
29,70.0,73
30,67.5,74
31,65.0,75
32,62.5,76
33,60.0,77
34,57.5,78
35,55.0,79
36,52.5,80
37,50.0,81
38,47.5,82
39,45.0,83
40,42.5,84
41,40.0,85
42,37.5,86
43,35.0,87
44,32.5,88
45,30.0,89
46,27.5,90
25,80.0,91
26,77.3,92
27,74.6,93
28,71.9,94
29,69.2,95
30,66.5,96
31,63.8,97
32,61.1,98
33,58.4,99
34,55.7,100
35,53.0,1
36,50.3,2
37,47.6,3
38,44.9,4
39,42.2,5
40,39.5,6
41,36.8,7
42,34.1,8
43,31.4,9
44,28.7,10
45,26.0,11
46,23.3,12
25,80.0,13
26,78.0,14
27,76.0,15
28,74.0,16
29,72.0,17
30,70.0,18
31,68.0,19
32,66.0,20
33,64.0,21
34,62.0,22
35,60.0,23
36,58.0,24
37,56.0,25
38,54.0,26
39,52.0,27
40,50.0,28
41,48.0,29
42,46.0,30
43,44.0,31
44,42.0,32
45,40.0,33
46,38.0,34
25,80.0,35
26,78.0,36
27,76.0,37
28,74.0,38
29,72.0,39
30,70.0,40
31,68.0,41
32,66.0,42
33,64.0,43
34,62.0,44
35,60.0,45
36,58.0,46
37,56.0,47
38,54.0,48
39,52.0,49
40,50.0,50
41,48.0,51
42,46.0,52
43,44.0,53
44,42.0,54
45,40.0,55
46,38.0,56
25,80.0,57
26,77.0,58
27,74.0,59
28,71.0,60
29,68.0,61
30,65.0,62
31,62.0,63
32,59.0,64
33,56.0,65
34,53.0,66
35,50.0,67
36,47.0,68
37,44.0,69
38,41.0,70
39,38.0,71
40,35.0,72
41,32.0,73
42,29.0,74
43,26.0,75
44,23.0,76
45,20.0,77
46,17.0,78
25,80.0,79
26,77.0,80
27,74.0,81
28,71.0,82
29,68.0,83
30,65.0,84
31,62.0,85
32,59.0,86
33,56.0,87
34,53.0,88
35,50.0,89
36,47.0,90
37,44.0,91
38,41.0,92
39,38.0,93
40,35.0,94
41,32.0,95
42,29.0,96
43,26.0,97
44,23.0,98
45,20.0,99
46,17.0,100
25,80.0,1
26,77.0,2
27,74.0,3
28,71.0,4
29,68.0,5
30,65.0,6
31,62.0,7
32,59.0,8
33,56.0,9
34,53.0,10
35,50.0,11
36,47.0,12
37,44.0,13
38,41.0,14
39,38.0,15
40,35.0,16
41,32.0,17
42,29.0,18
43,26.0,19
44,23.0,20
45,20.0,21
46,17.0,22
25,80.0,23
26,77.3,24
27,74.6,25
28,71.9,26
29,69.2,27
30,66.5,28
31,63.8,29
32,61.1,30
33,58.4,31
34,55.7,32
35,53.0,33
36,50.3,34
37,47.6,35
38,44.9,36
39,42.2,37
40,39.5,38
41,36.8,39
42,34.1,40
43,31.4,41
44,28.7,42
45,26.0,43
46,23.3,44
25,80.0,45
26,77.0,46
27,74.0,47
28,71.0,48
29,68.0,49
30,65.0,50
31,62.0,51
32,59.0,52
33,56.0,53
34,53.0,54
35,50.0,55
36,47.0,56
37,44.0,57
38,41.0,58
39,38.0,59
40,35.0,60
41,32.0,61
42,29.0,62
43,26.0,63
44,23.0,64
45,20.0,65
46,17.0,66
25,80.0,67
26,77.5,68
27,75.0,69
28,72.5,70
29,70.0,71
30,67.5,72
31,65.0,73
32,62.5,74
33,60.0,75
34,57.5,76
35,55.0,77
36,52.5,78
37,50.0,79
38,47.5,80
39,45.0,81
40,42.5,82
41,40.0,83
42,37.5,84
43,35.0,85
44,32.5,86
45,30.0,87
46,27.5,88
25,80.0,89
26,77.3,90
27,74.6,91
28,71.9,92
29,69.2,93
30,66.5,94
31,63.8,95
32,61.1,96
33,58.4,97
34,55.7,98
35,53.0,99
36,50.3,100
37,47.6,1
38,44.9,2
39,42.2,3
40,39.5,4
41,36.8,5
42,34.1,6
43,31.4,7
44,28.7,8
45,26.0,9
46,23.3,10
25,80.0,11
26,77.0,12
27,74.0,13
28,71.0,14
29,68.0,15
30,65.0,16
31,62.0,17
32,59.0,18
33,56.0,19
34,53.0,20
35,50.0,21
36,47.0,22
37,44.0,23
38,41.0,24
39,38.0,25
40,35.0,26
41,32.0,27
42,29.0,28
43,26.0,29
44,23.0,30
45,20.0,31
46,17.0,32
25,80.0,33
26,77.5,34
27,75.0,35
28,72.5,36
29,70.0,37
30,67.5,38
31,65.0,39
32,62.5,40
33,60.0,41
34,57.5,42
35,55.0,43
36,52.5,44
37,50.0,45
38,47.5,46
39,45.0,47
40,42.5,48
41,40.0,49
42,37.5,50
43,35.0,51
44,32.5,52
45,30.0,53
46,27.5,54
25,80.0,55
26,77.3,56
27,74.6,57
28,71.9,58
29,69.2,59
30,66.5,60
31,63.8,61
32,61.1,62
33,58.4,63
34,55.7,64
35,53.0,65
36,50.3,66
37,47.6,67
38,44.9,68
39,42.2,69
40,39.5,70
41,36.8,71
42,34.1,72
43,31.4,73
44,28.7,74
45,26.0,75
46,23.3,76
25,80.0,77
26,78.0,78
27,76.0,79
28,74.0,80
29,72.0,81
30,70.0,82
31,68.0,83
32,66.0,84
33,64.0,85
34,62.0,86
35,60.0,87
36,58.0,88
37,56.0,89
38,54.0,90
39,52.0,91
40,50.0,92
41,48.0,93
42,46.0,94
43,44.0,95
44,42.0,96
45,40.0,97
46,38.0,98
25,80.0,99
26,78.0,100
27,76.0,1
28,74.0,2
29,72.0,3
30,70.0,4
31,68.0,5
32,66.0,6
33,64.0,7
34,62.0,8
35,60.0,9
36,58.0,10
37,56.0,11
38,54.0,12
39,52.0,13
40,50.0,14
41,48.0,15
42,46.0,16
43,44.0,17
44,42.0,18
45,40.0,19
46,38.0,20
25,80.0,21
26,77.0,22
27,74.0,23
28,71.0,24
29,68.0,25
30,65.0,26
31,62.0,27
32,59.0,28
33,56.0,29
34,53.0,30
35,50.0,31
36,47.0,32
37,44.0,33
38,41.0,34
39,38.0,35
40,35.0,36
41,32.0,37
42,29.0,38
43,26.0,39
44,23.0,40
45,20.0,41
46,17.0,42
25,80.0,43
26,77.0,44
27,74.0,45
28,71.0,46
29,68.0,47
30,65.0,48
31,62.0,49
32,59.0,50
33,56.0,51
34,53.0,52
35,50.0,53
36,47.0,54
37,44.0,55
38,41.0,56
39,38.0,57
40,35.0,58
41,32.0,59
42,29.0,60
43,26.0,61
44,23.0,62
45,20.0,63
46,17.0,64
25,80.0,65
26,77.0,66
27,74.0,67
28,71.0,68
29,68.0,69
30,65.0,70
31,62.0,71
32,59.0,72
33,56.0,73
34,53.0,74
35,50.0,75
36,47.0,76
37,44.0,77
38,41.0,78
39,38.0,79
40,35.0,80
41,32.0,81
42,29.0,82
43,26.0,83
44,23.0,84
45,20.0,85
46,17.0,86
25,80.0,87
26,77.3,88
27,74.6,89
28,71.9,90
29,69.2,91
30,66.5,92
31,63.8,93
32,61.1,94
33,58.4,95
34,55.7,96
35,53.0,97
36,50.3,98
37,47.6,99
38,44.9,100
39,42.2,1
40,39.5,2
41,36.8,3
42,34.1,4
43,31.4,5
44,28.7,6
45,26.0,7
46,23.3,8
25,80.0,9
26,77.0,10
27,74.0,11
28,71.0,12
29,68.0,13
30,65.0,14
31,62.0,15
32,59.0,16
33,56.0,17
34,53.0,18
35,50.0,19
36,47.0,20
37,44.0,21
38,41.0,22
39,38.0,23
40,35.0,24
41,32.0,25
42,29.0,26
43,26.0,27
44,23.0,28
45,20.0,29
46,17.0,30
25,80.0,31
26,77.5,32
27,75.0,33
28,72.5,34
29,70.0,35
30,67.5,36
31,65.0,37
32,62.5,38
33,60.0,39
34,57.5,40
35,55.0,41
36,52.5,42
37,50.0,43
38,47.5,44
39,45.0,45
40,42.5,46
41,40.0,47
42,37.5,48
43,35.0,49
44,32.5,50
45,30.0,51
46,27.5,52
25,80.0,53
26,77.3,54
27,74.6,55
28,71.9,56
29,69.2,57
30,66.5,58
31,63.8,59
32,61.1,60
33,58.4,61
34,55.7,62
35,53.0,63
36,50.3,64
37,47.6,65
38,44.9,66
39,42.2,67
40,39.5,68
41,36.8,69
42,34.1,70
43,31.4,71
44,28.7,72
45,26.0,73
46,23.3,74
25,80.0,75
26,77.0,76
27,74.0,77
28,71.0,78
29,68.0,79
30,65.0,80
31,62.0,81
32,59.0,82
33,56.0,83
34,53.0,84
35,50.0,85
36,47.0,86
37,44.0,87
38,41.0,88
39,38.0,89
40,35.0,90
41,32.0,91
42,29.0,92
43,26.0,93
44,23.0,94
45,20.0,95
46,17.0,96
25,80.0,97
26,77.5,98
27,75.0,99
28,72.5,100
29,70.0,1
30,67.5,2
31,65.0,3
32,62.5,4
33,60.0,5
34,57.5,6
35,55.0,7
36,52.5,8
37,50.0,9
38,47.5,10
39,45.0,11
40,42.5,12
41,40.0,13
42,37.5,14
43,35.0,15
44,32.5,16
45,30.0,17
46,27.5,18
25,80.0,19
26,77.3,20
27,74.6,21
28,71.9,22
29,69.2,23
30,66.5,24
31,63.8,25
32,61.1,26
33,58.4,27
34,55.7,28
35,53.0,29
36,50.3,30
37,47.6,31
38,44.9,32
39,42.2,33
40,39.5,34
41,36.8,35
42,34.1,36
43,31.4,37
44,28.7,38
45,26.0,39
46,23.3,40
25,80.0,41
26,78.0,42
27,76.0,43
28,74.0,44
29,72.0,45
30,70.0,46
31,68.0,47
32,66.0,48
33,64.0,49
34,62.0,50
35,60.0,51
36,58.0,52
37,56.0,53
38,54.0,54
39,52.0,55
40,50.0,56
41,48.0,57
42,46.0,58
43,44.0,59
44,42.0,60
45,40.0,61
46,38.0,62
25,80.0,63
26,78.0,64
27,76.0,65
28,74.0,66
29,72.0,67
30,70.0,68
31,68.0,69
32,66.0,70
33,64.0,71
34,62.0,72
35,60.0,73
36,58.0,74
37,56.0,75
38,54.0,76
39,52.0,77
40,50.0,78
41,48.0,79
42,46.0,80
43,44.0,81
44,42.0,82
45,40.0,83
46,38.0,84
25,80.0,85
26,77.0,86
27,74.0,87
28,71.0,88
29,68.0,89
30,65.0,90
31,62.0,91
32,59.0,92
33,56.0,93
34,53.0,94
35,50.0,95
36,47.0,96
37,44.0,97
38,41.0,98
39,38.0,99
40,35.0,100
41,32.0,1
42,29.0,2
43,26.0,3
44,23.0,4
45,20.0,5
46,17.0,6
25,80.0,7
26,77.0,8
27,74.0,9
28,71.0,10
29,68.0,11
30,65.0,12
31,62.0,13
32,59.0,14
33,56.0,15
34,53.0,16
35,50.0,17
36,47.0,18
37,44.0,19
38,41.0,20
39,38.0,21
40,35.0,22
41,32.0,23
42,29.0,24
43,26.0,25
44,23.0,26
45,20.0,27
46,17.0,28
25,80.0,29
26,77.0,30
27,74.0,31
28,71.0,32
29,68.0,33
30,65.0,34
31,62.0,35
32,59.0,36
33,56.0,37
34,53.0,38
35,50.0,39
36,47.0,40
37,44.0,41
38,41.0,42
39,38.0,43
40,35.0,44
41,32.0,45
42,29.0,46
43,26.0,47
44,23.0,48
45,20.0,49
46,17.0,50
25,80.0,51
26,77.3,52
27,74.6,53
28,71.9,54
29,69.2,55
30,66.5,56
31,63.8,57
32,61.1,58
33,58.4,59
34,55.7,60
35,53.0,61
36,50.3,62
37,47.6,63
38,44.9,64
39,42.2,65
40,39.5,66
41,36.8,67
42,34.1,68
43,31.4,69
44,28.7,70
45,26.0,71
46,23.3,72
25,80.0,73
26,77.0,74
27,74.0,75
28,71.0,76
29,68.0,77
30,65.0,78
31,62.0,79
32,59.0,80
33,56.0,81
34,53.0,82
35,50.0,83
36,47.0,84
37,44.0,85
38,41.0,86
39,38.0,87
40,35.0,88
41,32.0,89
42,29.0,90
43,26.0,91
44,23.0,92
45,20.0,93
46,17.0,94
25,80.0,95
26,77.5,96
27,75.0,97
28,72.5,98
29,70.0,99
30,67.5,100
31,65.0,1
32,62.5,2
33,60.0,3
34,57.5,4
35,55.0,5
36,52.5,6
37,50.0,7
38,47.5,8
39,45.0,9
40,42.5,10
41,40.0,11
42,37.5,12
43,35.0,13
44,32.5,14
45,30.0,15
46,27.5,16
25,80.0,17
26,77.3,18
27,74.6,19
28,71.9,20
29,69.2,21
30,66.5,22
31,63.8,23
32,61.1,24
33,58.4,25
34,55.7,26
35,53.0,27
36,50.3,28
37,47.6,29
38,44.9,30
39,42.2,31
40,39.5,32
41,36.8,33
42,34.1,34
43,31.4,35
44,28.7,36
45,26.0,37
46,23.3,38
25,80.0,39
26,77.0,40
27,74.0,41
28,71.0,42
29,68.0,43
30,65.0,44
31,62.0,45
32,59.0,46
33,56.0,47
34,53.0,48
35,50.0,49
36,47.0,50
37,44.0,51
38,41.0,52
39,38.0,53
40,35.0,54
41,32.0,55
42,29.0,56
43,26.0,57
44,23.0,58
45,20.0,59
46,17.0,60
25,80.0,61
26,77.5,62
27,75.0,63
28,72.5,64
29,70.0,65
30,67.5,66
31,65.0,67
32,62.5,68
33,60.0,69
34,57.5,70
35,55.0,71
36,52.5,72
37,50.0,73
38,47.5,74
39,45.0,75
40,42.5,76
41,40.0,77
42,37.5,78
43,35.0,79
44,32.5,80
45,30.0,81
46,27.5,82
25,80.0,83
26,77.3,84
27,74.6,85
28,71.9,86
29,69.2,87
30,66.5,88
31,63.8,89
32,61.1,90
33,58.4,91
34,55.7,92
35,53.0,93
36,50.3,94
37,47.6,95
38,44.9,96
39,42.2,97
40,39.5,98
41,36.8,99
42,34.1,100
24,80.0,1
23,81.0,2
22,82.0,3
21,83.0,4
20,84.0,5
19,85.0,6
18,86.0,7
17,87.0,8
16,88.0,9
15,89.0,10
14,90.0,11
13,91.0,12
24,80.0,13
23,81.0,14
22,82.0,15
21,83.0,16
20,84.0,17
19,85.0,18
18,86.0,19
17,87.0,20
16,88.0,21
15,89.0,22
14,90.0,23
13,91.0,24
24,80.0,25
23,81.0,26
22,82.0,27
21,83.0,28
20,84.0,29
19,85.0,30
24,80.0,1
23,81.0,2
22,82.0,3
21,83.0,4
20,84.0,5
19,85.0,6
18,86.0,7
17,87.0,8
16,88.0,9
15,89.0,10
14,90.0,11
13,91.0,12
24,80.0,13
23,81.0,14
22,82.0,15
21,83.0,16
20,84.0,17
19,85.0,18
18,86.0,19
17,87.0,20
16,88.0,21
15,89.0,22
14,90.0,23
13,91.0,24
24,80.0,25
23,81.0,26
22,82.0,27
21,83.0,28
20,84.0,29
19,85.0,30
18,86.0,31
17,87.0,32
16,88.0,33
15,89.0,34
14,90.0,35
13,91.0,36
24,80.0,37
23,81.0,38
22,82.0,39
24,80.0,1
23,81.0,2
22,82.0,3
21,83.0,4
20,84.0,5
19,85.0,6
18,86.0,7
17,87.0,8
16,88.0,9
15,89.0,10
14,90.0,11
13,91.0,12
24,80.0,13
23,81.0,14
22,82.0,15
21,83.0,16
20,84.0,17
19,85.0,18
18,86.0,19
17,87.0,20
16,88.0,21
15,89.0,22
14,90.0,23
13,91.0,24
24,80.0,25
23,81.0,26
22,82.0,27
21,83.0,28
20,84.0,29
19,85.0,30
18,86.0,31
17,87.0,32
16,88.0,33
15,89.0,34
14,90.0,35
13,91.0,36
24,80.0,37
23,81.0,38
22,82.0,39
21,83.0,40
20,84.0,41
19,85.0,42
18,86.0,43
17,87.0,44
16,88.0,45
15,89.0,46
14,90.0,47
13,91.0,48
24,80.0,49
24,80.0,1
23,81.0,2
22,82.0,3
21,83.0,4
20,84.0,5
19,85.0,6
18,86.0,7
17,87.0,8
16,88.0,9
15,89.0,10
14,90.0,11
13,91.0,12
24,80.0,13
23,81.0,14
22,82.0,15
21,83.0,16
20,84.0,17
19,85.0,18
18,86.0,19
17,87.0,20
16,88.0,21
15,89.0,22
14,90.0,23
13,91.0,24
24,80.0,25
23,81.0,26
22,82.0,27
21,83.0,28
20,84.0,29
19,85.0,30
18,86.0,31
17,87.0,32
16,88.0,33
15,89.0,34
14,90.0,35
13,91.0,36
24,80.0,37
23,81.0,38
22,82.0,39
21,83.0,40
20,84.0,41
19,85.0,42
18,86.0,43
17,87.0,44
16,88.0,45
15,89.0,46
14,90.0,47
13,91.0,48
24,80.0,49
23,81.0,50
22,82.0,51
21,83.0,52
20,84.0,53
19,85.0,54
18,86.0,55
17,87.0,56
16,88.0,57
15,89.0,58
14,90.0,59
24,80.0,1
23,81.0,2
22,82.0,3
21,83.0,4
20,84.0,5
19,85.0,6
18,86.0,7
17,87.0,8
16,88.0,9
15,89.0,10
14,90.0,11
13,91.0,12
24,80.0,13
23,81.0,14
22,82.0,15
21,83.0,16
20,84.0,17
19,85.0,18
18,86.0,19
17,87.0,20
16,88.0,21
15,89.0,22
14,90.0,23
13,91.0,24
24,80.0,25
23,81.0,26
22,82.0,27
21,83.0,28
20,84.0,29
19,85.0,30
18,86.0,31
17,87.0,32
16,88.0,33
15,89.0,34
14,90.0,35
13,91.0,36
24,80.0,37
23,81.0,38
22,82.0,39
21,83.0,40
20,84.0,41
19,85.0,42
18,86.0,43
17,87.0,44
16,88.0,45
15,89.0,46
14,90.0,47
13,91.0,48
24,80.0,49
23,81.0,50
22,82.0,51
21,83.0,52
20,84.0,53
19,85.0,54
18,86.0,55
17,87.0,56
16,88.0,57
15,89.0,58
14,90.0,59
13,91.0,60
24,80.0,61
23,81.0,62
22,82.0,63
21,83.0,64
20,84.0,65
19,85.0,66
18,86.0,67
17,87.0,68
16,88.0,69
24,80.0,1
23,81.0,2
22,82.0,3
21,83.0,4
20,84.0,5
19,85.0,6
18,86.0,7
17,87.0,8
16,88.0,9
15,89.0,10
14,90.0,11
13,91.0,12
24,80.0,13
23,81.0,14
22,82.0,15
21,83.0,16
20,84.0,17
19,85.0,18
18,86.0,19
17,87.0,20
16,88.0,21
15,89.0,22
14,90.0,23
13,91.0,24
24,80.0,25
23,81.0,26
22,82.0,27
21,83.0,28
20,84.0,29
19,85.0,30
18,86.0,31
17,87.0,32
16,88.0,33
15,89.0,34
14,90.0,35
13,91.0,36
24,80.0,37
23,81.0,38
22,82.0,39
21,83.0,40
20,84.0,41
19,85.0,42
18,86.0,43
17,87.0,44
16,88.0,45
15,89.0,46
14,90.0,47
13,91.0,48
24,80.0,49
23,81.0,50
22,82.0,51
21,83.0,52
20,84.0,53
19,85.0,54
18,86.0,55
17,87.0,56
16,88.0,57
15,89.0,58
14,90.0,59
13,91.0,60
24,80.0,61
23,81.0,62
22,82.0,63
21,83.0,64
20,84.0,65
19,85.0,66
18,86.0,67
17,87.0,68
16,88.0,69
24,80.0,1
23,81.0,2
22,82.0,3
21,83.0,4
20,84.0,5
19,85.0,6
18,86.0,7
17,87.0,8
16,88.0,9
15,89.0,10
14,90.0,11
13,91.0,12
24,80.0,13
23,81.0,14
22,82.0,15
21,83.0,16
20,84.0,17
19,85.0,18
18,86.0,19
17,87.0,20
16,88.0,21
15,89.0,22
14,90.0,23
13,91.0,24
24,80.0,25
23,81.0,26
22,82.0,27
21,83.0,28
20,84.0,29
19,85.0,30
18,86.0,31
17,87.0,32
16,88.0,33
15,89.0,34
14,90.0,35
13,91.0,36
24,80.0,37
23,81.0,38
22,82.0,39
21,83.0,40
20,84.0,41
19,85.0,42
18,86.0,43
17,87.0,44
16,88.0,45
15,89.0,46
14,90.0,47
13,91.0,48
24,80.0,49
23,81.0,50
22,82.0,51
21,83.0,52
20,84.0,53
19,85.0,54
18,86.0,55
17,87.0,56
16,88.0,57
15,89.0,58
14,90.0,59
13,91.0,60
24,80.0,61
23,81.0,62
22,82.0,63
21,83.0,64
20,84.0,65
19,85.0,66
18,86.0,67
17,87.0,68
16,88.0,69
24,80.0,1
23,81.0,2
22,82.0,3
21,83.0,4
20,84.0,5
19,85.0,6
18,86.0,7
17,87.0,8
16,88.0,9
15,89.0,10
14,90.0,11
13,91.0,12
24,80.0,13
23,81.0,14
22,82.0,15
21,83.0,16
20,84.0,17
19,85.0,18
18,86.0,19
17,87.0,20
16,88.0,21
15,89.0,22
14,90.0,23
13,91.0,24
24,80.0,25
23,81.0,26
22,82.0,27
21,83.0,28
20,84.0,29
19,85.0,30
18,86.0,31
17,87.0,32
16,88.0,33
15,89.0,34
14,90.0,35
13,91.0,36
24,80.0,37
23,81.0,38
22,82.0,39
21,83.0,40
20,84.0,41
19,85.0,42
18,86.0,43
17,87.0,44
16,88.0,45
15,89.0,46
14,90.0,47
13,91.0,48
24,80.0,49
23,81.0,50
22,82.0,51
21,83.0,52
20,84.0,53
19,85.0,54
18,86.0,55
17,87.0,56
16,88.0,57
15,89.0,58
14,90.0,59
24,80.0,1
23,81.0,2
22,82.0,3
21,83.0,4
20,84.0,5
19,85.0,6
18,86.0,7
17,87.0,8
16,88.0,9
15,89.0,10
14,90.0,11
13,91.0,12
24,80.0,13
23,81.0,14
22,82.0,15
21,83.0,16
20,84.0,17
19,85.0,18
18,86.0,19
17,87.0,20
16,88.0,21
15,89.0,22
14,90.0,23
13,91.0,24
24,80.0,25
23,81.0,26
22,82.0,27
21,83.0,28
20,84.0,29
19,85.0,30
24,80.0,1
23,81.0,2
22,82.0,3
21,83.0,4
20,84.0,5
19,85.0,6
18,86.0,7
17,87.0,8
16,88.0,9
15,89.0,10
14,90.0,11
13,91.0,12
24,80.0,13
23,81.0,14
22,82.0,15
21,83.0,16
20,84.0,17
19,85.0,18
18,86.0,19
17,87.0,20
16,88.0,21
15,89.0,22
14,90.0,23
13,91.0,24
24,80.0,25
23,81.0,26
22,82.0,27
21,83.0,28
20,84.0,29
19,85.0,30
18,86.0,31
17,87.0,32
16,88.0,33
15,89.0,34
14,90.0,35
13,91.0,36
24,80.0,37
23,81.0,38
22,82.0,39
24,80.0,1
23,81.0,2
22,82.0,3
21,83.0,4
20,84.0,5
19,85.0,6
18,86.0,7
17,87.0,8
16,88.0,9
15,89.0,10
14,90.0,11
13,91.0,12
24,80.0,13
23,81.0,14
22,82.0,15
21,83.0,16
20,84.0,17
19,85.0,18
18,86.0,19
17,87.0,20
16,88.0,21
15,89.0,22
14,90.0,23
13,91.0,24
24,80.0,25
23,81.0,26
22,82.0,27
21,83.0,28
20,84.0,29
19,85.0,30
18,86.0,31
17,87.0,32
16,88.0,33
15,89.0,34
14,90.0,35
13,91.0,36
24,80.0,37
23,81.0,38
22,82.0,39
21,83.0,40
20,84.0,41
19,85.0,42
18,86.0,43
17,87.0,44
16,88.0,45
15,89.0,46
14,90.0,47
13,91.0,48
24,80.0,49
24,80.0,1
23,81.0,2
22,82.0,3
21,83.0,4
20,84.0,5
19,85.0,6
18,86.0,7
17,87.0,8
16,88.0,9
15,89.0,10
14,90.0,11
13,91.0,12
24,80.0,13
23,81.0,14
22,82.0,15
21,83.0,16
20,84.0,17
19,85.0,18
18,86.0,19
17,87.0,20
16,88.0,21
15,89.0,22
14,90.0,23
13,91.0,24
24,80.0,25
23,81.0,26
22,82.0,27
21,83.0,28
20,84.0,29
19,85.0,30
18,86.0,31
17,87.0,32
16,88.0,33
15,89.0,34
14,90.0,35
13,91.0,36
24,80.0,37
23,81.0,38
22,82.0,39
21,83.0,40
20,84.0,41
19,85.0,42
18,86.0,43
17,87.0,44
16,88.0,45
15,89.0,46
14,90.0,47
13,91.0,48
24,80.0,49
23,81.0,50
22,82.0,51
21,83.0,52
20,84.0,53
19,85.0,54
18,86.0,55
17,87.0,56
16,88.0,57
15,89.0,58
14,90.0,59
18,86.0,1
17,87.0,2
16,88.0,3
15,89.0,4
14,90.0,5
13,91.0,6
24,80.0,7
23,81.0,8
22,82.0,9
21,83.0,10
20,84.0,11
19,85.0,12
18,86.0,13
17,87.0,14
16,88.0,15
15,89.0,16
14,90.0,17
13,91.0,18
24,80.0,19
23,81.0,20
22,82.0,21
21,83.0,22
20,84.0,23
19,85.0,24
18,86.0,25
17,87.0,26
16,88.0,27
15,89.0,28
14,90.0,29
13,91.0,30
24,80.0,31
23,81.0,32
22,82.0,33
21,83.0,34
20,84.0,35
19,85.0,36
18,86.0,37
17,87.0,38
16,88.0,39
15,89.0,40
14,90.0,41
24,80.0,42
23,81.0,43
22,82.0,44
21,83.0,45
20,84.0,46
19,85.0,47
18,86.0,48
17,87.0,49
16,88.0,50
15,89.0,51
14,90.0,52
13,91.0,53
24,80.0,54
23,81.0,55
22,82.0,56
21,83.0,57
20,84.0,58
19,85.0,59
18,86.0,60
17,87.0,61
16,88.0,62
15,89.0,63
14,90.0,64
13,91.0,65
24,80.0,66
23,81.0,67
22,82.0,68
21,83.0,69
18,86.0,1
17,87.0,2
16,88.0,3
15,89.0,4
14,90.0,5
13,91.0,6
24,80.0,7
23,81.0,8
22,82.0,9
21,83.0,10
20,84.0,11
19,85.0,12
18,86.0,13
17,87.0,14
16,88.0,15
15,89.0,16
14,90.0,17
13,91.0,18
24,80.0,19
23,81.0,20
22,82.0,21
21,83.0,22
20,84.0,23
19,85.0,24
18,86.0,25
17,87.0,26
16,88.0,27
15,89.0,28
14,90.0,29
13,91.0,30
24,80.0,31
23,81.0,32
22,82.0,33
21,83.0,34
20,84.0,35
19,85.0,36
18,86.0,37
17,87.0,38
16,88.0,39
15,89.0,40
14,90.0,41
24,80.0,42
23,81.0,43
22,82.0,44
21,83.0,45
20,84.0,46
19,85.0,47
18,86.0,48
17,87.0,49
16,88.0,50
15,89.0,51
14,90.0,52
13,91.0,53
24,80.0,54
23,81.0,55
22,82.0,56
21,83.0,57
20,84.0,58
19,85.0,59
18,86.0,60
17,87.0,61
16,88.0,62
15,89.0,63
14,90.0,64
13,91.0,65
24,80.0,66
23,81.0,67
22,82.0,68
21,83.0,69
18,86.0,1
17,87.0,2
16,88.0,3
15,89.0,4
14,90.0,5
13,91.0,6
24,80.0,7
23,81.0,8
22,82.0,9
21,83.0,10
20,84.0,11
19,85.0,12
18,86.0,13
17,87.0,14
16,88.0,15
15,89.0,16
14,90.0,17
13,91.0,18
24,80.0,19
23,81.0,20
22,82.0,21
21,83.0,22
20,84.0,23
19,85.0,24
18,86.0,25
17,87.0,26
16,88.0,27
15,89.0,28
14,90.0,29
13,91.0,30
24,80.0,31
23,81.0,32
22,82.0,33
21,83.0,34
20,84.0,35
19,85.0,36
18,86.0,37
17,87.0,38
16,88.0,39
15,89.0,40
14,90.0,41
24,80.0,42
23,81.0,43
22,82.0,44
21,83.0,45
20,84.0,46
19,85.0,47
18,86.0,48
17,87.0,49
16,88.0,50
15,89.0,51
14,90.0,52
13,91.0,53
24,80.0,54
23,81.0,55
22,82.0,56
21,83.0,57
20,84.0,58
19,85.0,59
18,86.0,60
17,87.0,61
16,88.0,62
15,89.0,63
14,90.0,64
13,91.0,65
24,80.0,66
23,81.0,67
22,82.0,68
21,83.0,69
18,86.0,1
17,87.0,2
16,88.0,3
15,89.0,4
14,90.0,5
13,91.0,6
24,80.0,7
23,81.0,8
22,82.0,9
21,83.0,10
20,84.0,11
19,85.0,12
18,86.0,13
17,87.0,14
16,88.0,15
15,89.0,16
14,90.0,17
13,91.0,18
24,80.0,19
23,81.0,20
22,82.0,21
21,83.0,22
20,84.0,23
19,85.0,24
18,86.0,25
17,87.0,26
16,88.0,27
15,89.0,28
14,90.0,29
13,91.0,30
24,80.0,31
23,81.0,32
22,82.0,33
21,83.0,34
20,84.0,35
19,85.0,36
18,86.0,37
17,87.0,38
16,88.0,39
15,89.0,40
14,90.0,41
24,80.0,42
23,81.0,43
22,82.0,44
21,83.0,45
20,84.0,46
19,85.0,47
18,86.0,48
17,87.0,49
16,88.0,50
15,89.0,51
14,90.0,52
13,91.0,53
24,80.0,54
23,81.0,55
22,82.0,56
21,83.0,57
20,84.0,58
19,85.0,59
24,80.0,1
23,81.0,2
22,82.0,3
21,83.0,4
20,84.0,5
19,85.0,6
18,86.0,7
17,87.0,8
16,88.0,9
15,89.0,10
14,90.0,11
13,91.0,12
24,80.0,13
23,81.0,14
22,82.0,15
21,83.0,16
20,84.0,17
19,85.0,18
18,86.0,19
17,87.0,20
16,88.0,21
15,89.0,22
14,90.0,23
13,91.0,24
24,80.0,25
23,81.0,26
22,82.0,27
21,83.0,28
20,84.0,29
19,85.0,30
24,80.0,1
23,81.0,2
22,82.0,3
21,83.0,4
20,84.0,5
19,85.0,6
18,86.0,7
17,87.0,8
16,88.0,9
15,89.0,10
14,90.0,11
13,91.0,12
24,80.0,13
23,81.0,14
22,82.0,15
21,83.0,16
20,84.0,17
19,85.0,18
18,86.0,19
17,87.0,20
16,88.0,21
15,89.0,22
14,90.0,23
13,91.0,24
24,80.0,25
23,81.0,26
22,82.0,27
21,83.0,28
20,84.0,29
19,85.0,30
18,86.0,31
17,87.0,32
16,88.0,33
15,89.0,34
14,90.0,35
13,91.0,36
24,80.0,37
23,81.0,38
22,82.0,39
24,80.0,1
23,81.0,2
22,82.0,3
21,83.0,4
20,84.0,5
19,85.0,6
18,86.0,7
17,87.0,8
16,88.0,9
15,89.0,10
14,90.0,11
13,91.0,12
24,80.0,13
23,81.0,14
22,82.0,15
21,83.0,16
20,84.0,17
19,85.0,18
18,86.0,19
17,87.0,20
16,88.0,21
15,89.0,22
14,90.0,23
13,91.0,24
24,80.0,25
23,81.0,26
22,82.0,27
21,83.0,28
20,84.0,29
19,85.0,30
18,86.0,31
17,87.0,32
16,88.0,33
15,89.0,34
14,90.0,35
13,91.0,36
24,80.0,37
23,81.0,38
22,82.0,39
21,83.0,40
20,84.0,41
19,85.0,42
18,86.0,43
17,87.0,44
16,88.0,45
15,89.0,46
14,90.0,47
13,91.0,48
24,80.0,49
24,80.0,1
23,81.0,2
22,82.0,3
21,83.0,4
20,84.0,5
19,85.0,6
18,86.0,7
17,87.0,8
16,88.0,9
15,89.0,10
14,90.0,11
13,91.0,12
24,80.0,13
23,81.0,14
22,82.0,15
21,83.0,16
20,84.0,17
19,85.0,18
18,86.0,19
17,87.0,20
16,88.0,21
15,89.0,22
14,90.0,23
13,91.0,24
24,80.0,25
23,81.0,26
22,82.0,27
21,83.0,28
20,84.0,29
19,85.0,30
18,86.0,31
17,87.0,32
16,88.0,33
15,89.0,34
14,90.0,35
13,91.0,36
24,80.0,37
23,81.0,38
22,82.0,39
21,83.0,40
20,84.0,41
19,85.0,42
18,86.0,43
17,87.0,44
16,88.0,45
15,89.0,46
14,90.0,47
13,91.0,48
24,80.0,49
23,81.0,50
22,82.0,51
21,83.0,52
20,84.0,53
19,85.0,54
18,86.0,55
17,87.0,56
16,88.0,57
15,89.0,58
14,90.0,59
18,86.0,1
17,87.0,2
16,88.0,3
15,89.0,4
14,90.0,5
13,91.0,6
24,80.0,7
23,81.0,8
22,82.0,9
21,83.0,10
20,84.0,11
19,85.0,12
18,86.0,13
17,87.0,14
16,88.0,15
15,89.0,16
14,90.0,17
13,91.0,18
24,80.0,19
23,81.0,20
22,82.0,21
21,83.0,22
20,84.0,23
19,85.0,24
18,86.0,25
17,87.0,26
16,88.0,27
15,89.0,28
14,90.0,29
13,91.0,30
24,80.0,31
23,81.0,32
22,82.0,33
21,83.0,34
20,84.0,35
19,85.0,36
18,86.0,37
17,87.0,38
16,88.0,39
15,89.0,40
14,90.0,41
24,80.0,42
23,81.0,43
22,82.0,44
21,83.0,45
20,84.0,46
19,85.0,47
18,86.0,48
17,87.0,49
16,88.0,50
15,89.0,51
14,90.0,52
13,91.0,53
24,80.0,54
23,81.0,55
22,82.0,56
21,83.0,57
20,84.0,58
19,85.0,59
18,86.0,60
17,87.0,61
16,88.0,62
15,89.0,63
14,90.0,64
13,91.0,65
24,80.0,66
23,81.0,67
22,82.0,68
21,83.0,69
18,86.0,1
17,87.0,2
16,88.0,3
15,89.0,4
14,90.0,5
13,91.0,6
24,80.0,7
23,81.0,8
22,82.0,9
21,83.0,10
20,84.0,11
19,85.0,12
18,86.0,13
17,87.0,14
16,88.0,15
15,89.0,16
14,90.0,17
13,91.0,18
24,80.0,19
23,81.0,20
22,82.0,21
21,83.0,22
20,84.0,23
19,85.0,24
18,86.0,25
17,87.0,26
16,88.0,27
15,89.0,28
14,90.0,29
13,91.0,30
24,80.0,31
23,81.0,32
22,82.0,33
21,83.0,34
20,84.0,35
19,85.0,36
18,86.0,37
17,87.0,38
16,88.0,39
15,89.0,40
14,90.0,41
24,80.0,42
23,81.0,43
22,82.0,44
21,83.0,45
20,84.0,46
19,85.0,47
18,86.0,48
17,87.0,49
16,88.0,50
15,89.0,51
14,90.0,52
13,91.0,53
24,80.0,54
23,81.0,55
22,82.0,56
21,83.0,57
20,84.0,58
19,85.0,59
18,86.0,60
17,87.0,61
16,88.0,62
15,89.0,63
14,90.0,64
13,91.0,65
24,80.0,66
23,81.0,67
22,82.0,68
21,83.0,69
18,86.0,1
17,87.0,2
16,88.0,3
15,89.0,4
14,90.0,5
13,91.0,6
24,80.0,7
23,81.0,8
22,82.0,9
21,83.0,10
20,84.0,11
19,85.0,12
18,86.0,13
17,87.0,14
16,88.0,15
15,89.0,16
14,90.0,17
13,91.0,18
24,80.0,19
23,81.0,20
22,82.0,21
21,83.0,22
20,84.0,23
19,85.0,24
18,86.0,25
17,87.0,26
16,88.0,27
15,89.0,28
14,90.0,29
13,91.0,30
24,80.0,31
23,81.0,32
22,82.0,33
21,83.0,34
20,84.0,35
19,85.0,36
18,86.0,37
17,87.0,38
16,88.0,39
15,89.0,40
14,90.0,41
24,80.0,42
23,81.0,43
22,82.0,44
21,83.0,45
20,84.0,46
19,85.0,47
18,86.0,48
17,87.0,49
16,88.0,50
15,89.0,51
14,90.0,52
13,91.0,53
24,80.0,54
23,81.0,55
22,82.0,56
21,83.0,57
20,84.0,58
19,85.0,59
18,86.0,60
17,87.0,61
16,88.0,62
15,89.0,63
14,90.0,64
13,91.0,65
24,80.0,66
23,81.0,67
22,82.0,68
21,83.0,69
18,86.0,1
17,87.0,2
16,88.0,3
15,89.0,4
14,90.0,5
13,91.0,6
24,80.0,7
23,81.0,8
22,82.0,9
21,83.0,10
20,84.0,11
19,85.0,12
18,86.0,13
17,87.0,14
16,88.0,15
15,89.0,16
14,90.0,17
13,91.0,18
24,80.0,19
23,81.0,20
22,82.0,21
21,83.0,22
20,84.0,23
19,85.0,24
18,86.0,25
17,87.0,26
16,88.0,27
15,89.0,28
14,90.0,29
13,91.0,30
24,80.0,31
23,81.0,32
22,82.0,33
21,83.0,34
20,84.0,35
19,85.0,36
18,86.0,37
17,87.0,38
16,88.0,39
15,89.0,40
14,90.0,41
24,80.0,42
23,81.0,43
22,82.0,44
21,83.0,45
20,84.0,46
19,85.0,47
18,86.0,48
17,87.0,49
16,88.0,50
15,89.0,51
14,90.0,52
13,91.0,53
24,80.0,54
23,81.0,55
22,82.0,56
21,83.0,57
20,84.0,58
19,85.0,59
18,86.0,1
17,87.0,2
16,88.0,3
15,89.0,4
14,90.0,5
13,91.0,6
24,80.0,7
23,81.0,8
22,82.0,9
21,83.0,10
20,84.0,11
19,85.0,12
18,86.0,13
17,87.0,14
16,88.0,15
15,89.0,16
14,90.0,17
13,91.0,18
24,80.0,19
23,81.0,20
22,82.0,21
21,83.0,22
20,84.0,23
19,85.0,24
18,86.0,25
17,87.0,26
16,88.0,27
15,89.0,28
14,90.0,29
24,80.0,1
23,81.0,2
22,82.0,3
21,83.0,4
20,84.0,5
19,85.0,6
18,86.0,7
17,87.0,8
16,88.0,9
15,89.0,10
14,90.0,11
13,91.0,12
24,80.0,13
23,81.0,14
22,82.0,15
21,83.0,16
20,84.0,17
19,85.0,18
18,86.0,19
17,87.0,20
16,88.0,21
15,89.0,22
14,90.0,23
13,91.0,24
24,80.0,25
23,81.0,26
22,82.0,27
21,83.0,28
20,84.0,29
19,85.0,30
18,86.0,31
17,87.0,32
16,88.0,33
15,89.0,34
14,90.0,35
13,91.0,36
24,80.0,37
23,81.0,38
22,82.0,39
24,80.0,1
23,81.0,2
22,82.0,3
21,83.0,4
20,84.0,5
19,85.0,6
18,86.0,7
17,87.0,8
16,88.0,9
15,89.0,10
14,90.0,11
13,91.0,12
24,80.0,13
23,81.0,14
22,82.0,15
21,83.0,16
20,84.0,17
19,85.0,18
18,86.0,19
17,87.0,20
16,88.0,21
15,89.0,22
14,90.0,23
13,91.0,24
24,80.0,25
23,81.0,26
22,82.0,27
21,83.0,28
20,84.0,29
19,85.0,30
18,86.0,31
17,87.0,32
16,88.0,33
15,89.0,34
14,90.0,35
13,91.0,36
24,80.0,37
23,81.0,38
22,82.0,39
21,83.0,40
20,84.0,41
19,85.0,42
18,86.0,43
17,87.0,44
16,88.0,45
15,89.0,46
14,90.0,47
13,91.0,48
24,80.0,49
24,80.0,1
23,81.0,2
22,82.0,3
21,83.0,4
20,84.0,5
19,85.0,6
18,86.0,7
17,87.0,8
16,88.0,9
15,89.0,10
14,90.0,11
13,91.0,12
24,80.0,13
23,81.0,14
22,82.0,15
21,83.0,16
20,84.0,17
19,85.0,18
18,86.0,19
17,87.0,20
16,88.0,21
15,89.0,22
14,90.0,23
13,91.0,24
24,80.0,25
23,81.0,26
22,82.0,27
21,83.0,28
20,84.0,29
19,85.0,30
18,86.0,31
17,87.0,32
16,88.0,33
15,89.0,34
14,90.0,35
13,91.0,36
24,80.0,37
23,81.0,38
22,82.0,39
21,83.0,40
20,84.0,41
19,85.0,42
18,86.0,43
17,87.0,44
16,88.0,45
15,89.0,46
14,90.0,47
13,91.0,48
24,80.0,49
23,81.0,50
22,82.0,51
21,83.0,52
20,84.0,53
19,85.0,54
18,86.0,55
17,87.0,56
16,88.0,57
15,89.0,58
14,90.0,59
18,86.0,1
17,87.0,2
16,88.0,3
15,89.0,4
14,90.0,5
13,91.0,6
24,80.0,7
23,81.0,8
22,82.0,9
21,83.0,10
20,84.0,11
19,85.0,12
18,86.0,13
17,87.0,14
16,88.0,15
15,89.0,16
14,90.0,17
13,91.0,18
24,80.0,19
23,81.0,20
22,82.0,21
21,83.0,22
20,84.0,23
19,85.0,24
18,86.0,25
17,87.0,26
16,88.0,27
15,89.0,28
14,90.0,29
13,91.0,30
24,80.0,31
23,81.0,32
22,82.0,33
21,83.0,34
20,84.0,35
19,85.0,36
18,86.0,37
17,87.0,38
16,88.0,39
15,89.0,40
14,90.0,41
24,80.0,42
23,81.0,43
22,82.0,44
21,83.0,45
20,84.0,46
19,85.0,47
18,86.0,48
17,87.0,49
16,88.0,50
15,89.0,51
14,90.0,52
13,91.0,53
24,80.0,54
23,81.0,55
22,82.0,56
21,83.0,57
20,84.0,58
19,85.0,59
18,86.0,60
17,87.0,61
16,88.0,62
15,89.0,63
14,90.0,64
13,91.0,65
24,80.0,66
23,81.0,67
22,82.0,68
21,83.0,69
18,86.0,1
17,87.0,2
16,88.0,3
15,89.0,4
14,90.0,5
13,91.0,6
24,80.0,7
23,81.0,8
22,82.0,9
21,83.0,10
20,84.0,11
19,85.0,12
18,86.0,13
17,87.0,14
16,88.0,15
15,89.0,16
14,90.0,17
13,91.0,18
24,80.0,19
23,81.0,20
22,82.0,21
21,83.0,22
20,84.0,23
19,85.0,24
18,86.0,25
17,87.0,26
16,88.0,27
15,89.0,28
14,90.0,29
13,91.0,30
24,80.0,31
23,81.0,32
22,82.0,33
21,83.0,34
20,84.0,35
19,85.0,36
18,86.0,37
17,87.0,38
16,88.0,39
15,89.0,40
14,90.0,41
24,80.0,42
23,81.0,43
22,82.0,44
21,83.0,45
20,84.0,46
19,85.0,47
18,86.0,48
17,87.0,49
16,88.0,50
15,89.0,51
14,90.0,52
13,91.0,53
24,80.0,54
23,81.0,55
22,82.0,56
21,83.0,57
20,84.0,58
19,85.0,59
18,86.0,60
17,87.0,61
16,88.0,62
15,89.0,63
14,90.0,64
13,91.0,65
24,80.0,66
23,81.0,67
22,82.0,68
21,83.0,69
18,86.0,1
17,87.0,2
16,88.0,3
15,89.0,4
14,90.0,5
13,91.0,6
24,80.0,7
23,81.0,8
22,82.0,9
21,83.0,10
20,84.0,11
19,85.0,12
18,86.0,13
17,87.0,14
16,88.0,15
15,89.0,16
14,90.0,17
13,91.0,18
24,80.0,19
23,81.0,20
22,82.0,21
21,83.0,22
20,84.0,23
19,85.0,24
18,86.0,25
17,87.0,26
16,88.0,27
15,89.0,28
14,90.0,29
13,91.0,30
24,80.0,31
23,81.0,32
22,82.0,33
21,83.0,34
20,84.0,35
19,85.0,36
18,86.0,37
17,87.0,38
16,88.0,39
15,89.0,40
14,90.0,41
24,80.0,42
23,81.0,43
22,82.0,44
21,83.0,45
20,84.0,46
19,85.0,47
18,86.0,48
17,87.0,49
16,88.0,50
15,89.0,51
14,90.0,52
13,91.0,53
24,80.0,54
23,81.0,55
22,82.0,56
21,83.0,57
20,84.0,58
19,85.0,59
18,86.0,60
17,87.0,61
16,88.0,62
15,89.0,63
14,90.0,64
13,91.0,65
24,80.0,66
23,81.0,67
22,82.0,68
21,83.0,69
18,86.0,1
17,87.0,2
16,88.0,3
15,89.0,4
14,90.0,5
13,91.0,6
24,80.0,7
23,81.0,8
22,82.0,9
21,83.0,10
20,84.0,11
19,85.0,12
18,86.0,13
17,87.0,14
16,88.0,15
15,89.0,16
14,90.0,17
13,91.0,18
24,80.0,19
23,81.0,20
22,82.0,21
21,83.0,22
20,84.0,23
19,85.0,24
18,86.0,25
17,87.0,26
16,88.0,27
15,89.0,28
14,90.0,29
13,91.0,30
24,80.0,31
23,81.0,32
22,82.0,33
21,83.0,34
20,84.0,35
19,85.0,36
18,86.0,37
17,87.0,38
16,88.0,39
15,89.0,40
14,90.0,41
24,80.0,42
23,81.0,43
22,82.0,44
21,83.0,45
20,84.0,46
19,85.0,47
18,86.0,48
17,87.0,49
16,88.0,50
15,89.0,51
14,90.0,52
13,91.0,53
24,80.0,54
23,81.0,55
22,82.0,56
21,83.0,57
20,84.0,58
19,85.0,59
18,86.0,1
17,87.0,2
16,88.0,3
15,89.0,4
14,90.0,5
13,91.0,6
24,80.0,7
23,81.0,8
22,82.0,9
21,83.0,10
20,84.0,11
19,85.0,12
18,86.0,13
17,87.0,14
16,88.0,15
15,89.0,16
14,90.0,17
13,91.0,18
24,80.0,19
23,81.0,20
22,82.0,21
21,83.0,22
20,84.0,23
19,85.0,24
18,86.0,25
17,87.0,26
16,88.0,27
15,89.0,28
14,90.0,29
24,80.0,1
23,81.0,2
22,82.0,3
21,83.0,4
20,84.0,5
19,85.0,6
18,86.0,7
17,87.0,8
16,88.0,9
15,89.0,10
14,90.0,11
13,91.0,12
24,80.0,13
23,81.0,14
22,82.0,15
21,83.0,16
20,84.0,17
19,85.0,18
18,86.0,19
17,87.0,20
16,88.0,21
15,89.0,22
14,90.0,23
13,91.0,24
24,80.0,25
23,81.0,26
22,82.0,27
21,83.0,28
20,84.0,29
19,85.0,30
18,86.0,31
17,87.0,32
16,88.0,33
15,89.0,34
14,90.0,35
13,91.0,36
24,80.0,37
23,81.0,38
22,82.0,39
24,80.0,1
23,81.0,2
22,82.0,3
21,83.0,4
20,84.0,5
19,85.0,6
18,86.0,7
17,87.0,8
16,88.0,9
15,89.0,10
14,90.0,11
13,91.0,12
24,80.0,13
23,81.0,14
22,82.0,15
21,83.0,16
20,84.0,17
19,85.0,18
18,86.0,19
17,87.0,20
16,88.0,21
15,89.0,22
14,90.0,23
13,91.0,24
24,80.0,25
23,81.0,26
22,82.0,27
21,83.0,28
20,84.0,29
19,85.0,30
18,86.0,31
17,87.0,32
16,88.0,33
15,89.0,34
14,90.0,35
13,91.0,36
24,80.0,37
23,81.0,38
22,82.0,39
21,83.0,40
20,84.0,41
19,85.0,42
18,86.0,43
17,87.0,44
16,88.0,45
15,89.0,46
14,90.0,47
13,91.0,48
24,80.0,49
24,80.0,1
23,81.0,2
22,82.0,3
21,83.0,4
20,84.0,5
19,85.0,6
18,86.0,7
17,87.0,8
16,88.0,9
15,89.0,10
14,90.0,11
13,91.0,12
24,80.0,13
23,81.0,14
22,82.0,15
21,83.0,16
20,84.0,17
19,85.0,18
18,86.0,19
17,87.0,20
16,88.0,21
15,89.0,22
14,90.0,23
13,91.0,24
24,80.0,25
23,81.0,26
22,82.0,27
21,83.0,28
20,84.0,29
19,85.0,30
18,86.0,31
17,87.0,32
16,88.0,33
15,89.0,34
14,90.0,35
13,91.0,36
24,80.0,37
23,81.0,38
22,82.0,39
21,83.0,40
20,84.0,41
19,85.0,42
18,86.0,43
17,87.0,44
16,88.0,45
15,89.0,46
14,90.0,47
13,91.0,48
24,80.0,49
23,81.0,50
22,82.0,51
21,83.0,52
20,84.0,53
19,85.0,54
18,86.0,55
17,87.0,56
16,88.0,57
15,89.0,58
14,90.0,59
18,86.0,1
17,87.0,2
16,88.0,3
15,89.0,4
14,90.0,5
13,91.0,6
24,80.0,7
23,81.0,8
22,82.0,9
21,83.0,10
20,84.0,11
19,85.0,12
18,86.0,13
17,87.0,14
16,88.0,15
15,89.0,16
14,90.0,17
13,91.0,18
24,80.0,19
23,81.0,20
22,82.0,21
21,83.0,22
20,84.0,23
19,85.0,24
18,86.0,25
17,87.0,26
16,88.0,27
15,89.0,28
14,90.0,29
13,91.0,30
24,80.0,31
23,81.0,32
22,82.0,33
21,83.0,34
20,84.0,35
19,85.0,36
18,86.0,37
17,87.0,38
16,88.0,39
15,89.0,40
14,90.0,41
24,80.0,42
23,81.0,43
22,82.0,44
21,83.0,45
20,84.0,46
19,85.0,47
18,86.0,48
17,87.0,49
16,88.0,50
15,89.0,51
14,90.0,52
13,91.0,53
24,80.0,54
23,81.0,55
22,82.0,56
21,83.0,57
20,84.0,58
19,85.0,59
18,86.0,60
17,87.0,61
16,88.0,62
15,89.0,63
14,90.0,64
13,91.0,65
24,80.0,66
23,81.0,67
22,82.0,68
21,83.0,69
18,86.0,1
17,87.0,2
16,88.0,3
15,89.0,4
14,90.0,5
13,91.0,6
24,80.0,7
23,81.0,8
22,82.0,9
21,83.0,10
20,84.0,11
19,85.0,12
18,86.0,13
17,87.0,14
16,88.0,15
15,89.0,16
14,90.0,17
13,91.0,18
24,80.0,19
23,81.0,20
22,82.0,21
21,83.0,22
20,84.0,23
19,85.0,24
18,86.0,25
17,87.0,26
16,88.0,27
15,89.0,28
14,90.0,29
13,91.0,30
24,80.0,31
23,81.0,32
22,82.0,33
21,83.0,34
20,84.0,35
19,85.0,36
18,86.0,37
17,87.0,38
16,88.0,39
15,89.0,40
14,90.0,41
24,80.0,42
23,81.0,43
22,82.0,44
21,83.0,45
20,84.0,46
19,85.0,47
18,86.0,48
17,87.0,49
16,88.0,50
15,89.0,51
14,90.0,52
13,91.0,53
24,80.0,54
23,81.0,55
22,82.0,56
21,83.0,57
20,84.0,58
19,85.0,59
18,86.0,60
17,87.0,61
16,88.0,62
15,89.0,63
14,90.0,64
13,91.0,65
24,80.0,66
23,81.0,67
22,82.0,68
21,83.0,69
18,86.0,1
17,87.0,2
16,88.0,3
15,89.0,4
14,90.0,5
13,91.0,6
24,80.0,7
23,81.0,8
22,82.0,9
21,83.0,10
20,84.0,11
19,85.0,12
18,86.0,13
17,87.0,14
16,88.0,15
15,89.0,16
14,90.0,17
13,91.0,18
24,80.0,19
23,81.0,20
22,82.0,21
21,83.0,22
20,84.0,23
19,85.0,24
18,86.0,25
17,87.0,26
16,88.0,27
15,89.0,28
14,90.0,29
13,91.0,30
24,80.0,31
23,81.0,32
22,82.0,33
21,83.0,34
20,84.0,35
19,85.0,36
18,86.0,37
17,87.0,38
16,88.0,39
15,89.0,40
14,90.0,41
24,80.0,42
23,81.0,43
22,82.0,44
21,83.0,45
20,84.0,46
19,85.0,47
18,86.0,48
17,87.0,49
16,88.0,50
15,89.0,51
14,90.0,52
13,91.0,53
24,80.0,54
23,81.0,55
22,82.0,56
21,83.0,57
20,84.0,58
19,85.0,59
18,86.0,60
17,87.0,61
16,88.0,62
15,89.0,63
14,90.0,64
13,91.0,65
24,80.0,66
23,81.0,67
22,82.0,68
21,83.0,69
18,86.0,1
17,87.0,2
16,88.0,3
15,89.0,4
14,90.0,5
13,91.0,6
24,80.0,7
23,81.0,8
22,82.0,9
21,83.0,10
20,84.0,11
19,85.0,12
18,86.0,13
17,87.0,14
16,88.0,15
15,89.0,16
14,90.0,17
13,91.0,18
24,80.0,19
23,81.0,20
22,82.0,21
21,83.0,22
20,84.0,23
19,85.0,24
18,86.0,25
17,87.0,26
16,88.0,27
15,89.0,28
14,90.0,29
13,91.0,30
24,80.0,31
23,81.0,32
22,82.0,33
21,83.0,34
20,84.0,35
19,85.0,36
18,86.0,37
17,87.0,38
16,88.0,39
15,89.0,40
14,90.0,41
24,80.0,42
23,81.0,43
22,82.0,44
21,83.0,45
20,84.0,46
19,85.0,47
18,86.0,48
17,87.0,49
16,88.0,50
15,89.0,51
14,90.0,52
13,91.0,53
24,80.0,54
23,81.0,55
22,82.0,56
21,83.0,57
20,84.0,58
19,85.0,59
25,80.0,1
26,77.0,2
27,74.0,3
28,71.0,4
29,68.0,5
30,65.0,6
31,62.0,7
32,59.0,8
33,56.0,9
34,53.0,10
35,50.0,11
36,47.0,12
37,44.0,13
38,41.0,14
39,38.0,15
40,35.0,16
41,32.0,17
42,29.0,18
43,26.0,19
44,23.0,20
45,20.0,21
46,17.0,22
25,80.0,23
26,77.5,24
27,75.0,25
28,72.5,26
29,70.0,27
30,67.5,28
31,65.0,29
32,62.5,30
33,60.0,31
34,57.5,32
35,55.0,33
36,52.5,34
37,50.0,35
38,47.5,36
39,45.0,37
40,42.5,38
41,40.0,39
42,37.5,40
43,35.0,41
44,32.5,42
45,30.0,43
46,27.5,44
25,80.0,45
26,77.3,46
27,74.6,47
28,71.9,48
29,69.2,49
30,66.5,50
31,63.8,51
32,61.1,52
33,58.4,53
34,55.7,54
35,53.0,55
36,50.3,56
37,47.6,57
38,44.9,58
39,42.2,59
40,39.5,60
41,36.8,61
42,34.1,62
43,31.4,63
44,28.7,64
45,26.0,65
46,23.3,66
25,80.0,67
26,78.0,68
27,76.0,69
28,74.0,70
29,72.0,71
30,70.0,72
31,68.0,73
32,66.0,74
33,64.0,75
34,62.0,76
35,60.0,77
36,58.0,78
37,56.0,79
38,54.0,80
39,52.0,81
40,50.0,82
41,48.0,83
42,46.0,84
43,44.0,85
44,42.0,86
45,40.0,87
46,38.0,88
25,80.0,89
26,78.0,90
27,76.0,91
28,74.0,92
29,72.0,93
30,70.0,94
31,68.0,95
32,66.0,96
33,64.0,97
34,62.0,98
35,60.0,99
36,58.0,100
37,56.0,1
38,54.0,2
39,52.0,3
40,50.0,4
41,48.0,5
42,46.0,6
43,44.0,7
44,42.0,8
45,40.0,9
46,38.0,10
25,80.0,11
26,77.0,12
27,74.0,13
28,71.0,14
29,68.0,15
30,65.0,16
31,62.0,17
32,59.0,18
33,56.0,19
34,53.0,20
35,50.0,21
36,47.0,22
37,44.0,23
38,41.0,24
39,38.0,25
40,35.0,26
41,32.0,27
42,29.0,28
43,26.0,29
44,23.0,30
45,20.0,31
46,17.0,32
25,80.0,33
26,77.0,34
27,74.0,35
28,71.0,36
29,68.0,37
30,65.0,38
31,62.0,39
32,59.0,40
33,56.0,41
34,53.0,42
35,50.0,43
36,47.0,44
37,44.0,45
38,41.0,46
39,38.0,47
40,35.0,48
41,32.0,49
42,29.0,50
43,26.0,51
44,23.0,52
45,20.0,53
46,17.0,54
25,80.0,55
26,77.0,56
27,74.0,57
28,71.0,58
29,68.0,59
30,65.0,60
31,62.0,61
32,59.0,62
33,56.0,63
34,53.0,64
35,50.0,65
36,47.0,66
37,44.0,67
38,41.0,68
39,38.0,69
40,35.0,70
41,32.0,71
42,29.0,72
43,26.0,73
44,23.0,74
45,20.0,75
46,17.0,76
25,80.0,77
26,77.3,78
27,74.6,79
28,71.9,80
29,69.2,81
30,66.5,82
31,63.8,83
32,61.1,84
33,58.4,85
34,55.7,86
35,53.0,87
36,50.3,88
37,47.6,89
38,44.9,90
39,42.2,91
40,39.5,92
41,36.8,93
42,34.1,94
43,31.4,95
44,28.7,96
45,26.0,97
46,23.3,98
25,80.0,99
26,77.0,100
27,74.0,1
28,71.0,2
29,68.0,3
30,65.0,4
31,62.0,5
32,59.0,6
33,56.0,7
34,53.0,8
35,50.0,9
36,47.0,10
37,44.0,11
38,41.0,12
39,38.0,13
40,35.0,14
41,32.0,15
42,29.0,16
43,26.0,17
44,23.0,18
45,20.0,19
46,17.0,20
25,80.0,21
26,77.5,22
27,75.0,23
28,72.5,24
29,70.0,25
30,67.5,26
31,65.0,27
32,62.5,28
33,60.0,29
34,57.5,30
35,55.0,31
36,52.5,32
37,50.0,33
38,47.5,34
39,45.0,35
40,42.5,36
41,40.0,37
42,37.5,38
43,35.0,39
44,32.5,40
45,30.0,41
46,27.5,42
25,80.0,43
26,77.3,44
27,74.6,45
28,71.9,46
29,69.2,47
30,66.5,48
31,63.8,49
32,61.1,50
33,58.4,51
34,55.7,52
35,53.0,53
36,50.3,54
37,47.6,55
38,44.9,56
39,42.2,57
40,39.5,58
41,36.8,59
42,34.1,60
43,31.4,61
44,28.7,62
45,26.0,63
46,23.3,64
25,80.0,65
26,77.0,66
27,74.0,67
28,71.0,68
29,68.0,69
30,65.0,70
31,62.0,71
32,59.0,72
33,56.0,73
34,53.0,74
35,50.0,75
36,47.0,76
37,44.0,77
38,41.0,78
39,38.0,79
40,35.0,80
41,32.0,81
42,29.0,82
43,26.0,83
44,23.0,84
45,20.0,85
46,17.0,86
25,80.0,87
26,77.0,88
27,74.0,89
28,71.0,90
29,68.0,91
30,65.0,92
31,62.0,93
32,59.0,94
33,56.0,95
34,53.0,96
35,50.0,97
36,47.0,98
37,44.0,99
38,41.0,100
39,38.0,1
40,35.0,2
41,32.0,3
42,29.0,4
43,26.0,5
44,23.0,6
45,20.0,7
46,17.0,8
25,80.0,9
26,77.0,10
27,74.0,11
28,71.0,12
29,68.0,13
30,65.0,14
31,62.0,15
32,59.0,16
33,56.0,17
34,53.0,18
35,50.0,19
36,47.0,20
37,44.0,21
38,41.0,22
39,38.0,23
40,35.0,24
41,32.0,25
42,29.0,26
43,26.0,27
44,23.0,28
45,20.0,29
46,17.0,30
25,80.0,31
26,77.0,32
27,74.0,33
28,71.0,34
29,68.0,35
30,65.0,36
31,62.0,37
32,59.0,38
33,56.0,39
34,53.0,40
35,50.0,41
36,47.0,42
37,44.0,43
38,41.0,44
39,38.0,45
40,35.0,46
41,32.0,47
42,29.0,48
43,26.0,49
44,23.0,50
45,20.0,51
46,17.0,52
25,80.0,53
26,77.0,54
27,74.0,55
28,71.0,56
29,68.0,57
30,65.0,58
31,62.0,59
32,59.0,60
33,56.0,61
34,53.0,62
35,50.0,63
36,47.0,64
37,44.0,65
38,41.0,66
39,38.0,67
40,35.0,68
41,32.0,69
42,29.0,70
43,26.0,71
44,23.0,72
45,20.0,73
46,17.0,74
25,80.0,75
26,77.0,76
27,74.0,77
28,71.0,78
29,68.0,79
30,65.0,80
31,62.0,81
32,59.0,82
33,56.0,83
34,53.0,84
35,50.0,85
36,47.0,86
37,44.0,87
38,41.0,88
39,38.0,89
40,35.0,90
41,32.0,91
42,29.0,92
43,26.0,93
44,23.0,94
45,20.0,95
46,17.0,96
25,81.0,97
26,79.0,98
27,76.0,99
28,73.0,100
29,70.0,1
30,67.0,2
31,64.0,3
32,61.0,4
33,58.0,5
34,55.0,6
35,52.0,7
36,49.0,8
37,46.0,9
38,43.0,10
39,40.0,11
40,37.0,12
41,34.0,13
42,31.0,14
43,28.0,15
44,25.0,16
45,22.0,17
46,19.0,18
25,80.0,19
26,77.0,20
27,74.0,21
28,71.0,22
29,68.0,23
30,65.0,24
31,62.0,25
32,59.0,26
33,56.0,27
34,53.0,28
35,50.0,29
36,47.0,30
37,44.0,31
38,41.0,32
39,38.0,33
40,35.0,34
41,32.0,35
42,29.0,36
43,26.0,37
44,23.0,38
45,20.0,39
46,17.0,40
25,80.0,41
26,77.0,42
27,74.0,43
28,71.0,44
29,68.0,45
30,65.0,46
31,62.0,47
32,59.0,48
33,56.0,49
34,53.0,50
35,50.0,51
36,47.0,52
37,44.0,53
38,41.0,54
39,38.0,55
40,35.0,56
41,32.0,57
42,29.0,58
43,26.0,59
44,23.0,60
45,20.0,61
46,17.0,62
25,80.0,63
26,77.0,64
27,74.0,65
28,71.0,66
29,68.0,67
30,65.0,68
31,62.0,69
32,59.0,70
33,56.0,71
34,53.0,72
35,50.0,73
36,47.0,74
37,44.0,75
38,41.0,76
39,38.0,77
40,35.0,78
41,32.0,79
42,29.0,80
43,26.0,81
44,23.0,82
45,20.0,83
46,17.0,84
25,80.0,85
26,77.0,86
27,74.0,87
28,71.0,88
29,68.0,89
30,65.0,90
31,62.0,91
32,59.0,92
33,56.0,93
34,53.0,94
35,50.0,95
36,47.0,96
37,44.0,97
38,41.0,98
39,38.0,99
40,35.0,100
41,32.0,1
42,29.0,2
43,26.0,3
44,23.0,4
45,20.0,5
46,17.0,6
25,80.0,7
26,77.0,8
27,74.0,9
28,71.0,10
29,68.0,11
30,65.0,12
31,62.0,13
32,59.0,14
33,56.0,15
34,53.0,16
35,50.0,17
36,47.0,18
37,44.0,19
38,41.0,20
39,38.0,21
40,35.0,22
41,32.0,23
42,29.0,24
43,26.0,25
44,23.0,26
45,20.0,27
46,17.0,28
25,80.0,29
26,77.0,30
27,74.0,31
28,71.0,32
29,68.0,33
30,65.0,34
31,62.0,35
32,59.0,36
33,56.0,37
34,53.0,38
35,50.0,39
36,47.0,40
37,44.0,41
38,41.0,42
39,38.0,43
40,35.0,44
41,32.0,45
42,29.0,46
43,26.0,47
44,23.0,48
45,20.0,49
46,17.0,50
25,80.0,51
26,77.0,52
27,74.0,53
28,71.0,54
29,68.0,55
30,65.0,56
31,62.0,57
32,59.0,58
33,56.0,59
34,53.0,60
35,50.0,61
36,47.0,62
37,44.0,63
38,41.0,64
39,38.0,65
40,35.0,66
41,32.0,67
42,29.0,68
43,26.0,69
44,23.0,70
45,20.0,71
46,17.0,72
25,80.0,73
26,77.0,74
27,74.0,75
28,71.0,76
29,68.0,77
30,65.0,78
31,62.0,79
32,59.0,80
33,56.0,81
34,53.0,82
35,50.0,83
36,47.0,84
37,44.0,85
38,41.0,86
39,38.0,87
40,35.0,88
41,32.0,89
42,29.0,90
43,26.0,91
44,23.0,92
45,20.0,93
46,17.0,94
25,80.0,95
26,77.0,96
27,74.0,97
28,71.0,98
29,68.0,99
30,65.0,100
31,62.0,1
32,59.0,2
33,56.0,3
34,53.0,4
35,50.0,5
36,47.0,6
37,44.0,7
38,41.0,8
39,38.0,9
40,35.0,10
41,32.0,11
42,29.0,12
43,26.0,13
44,23.0,14
45,20.0,15
46,17.0,16
25,80.0,17
26,77.0,18
27,74.0,19
28,71.0,20
29,68.0,21
30,65.0,22
31,62.0,23
32,59.0,24
33,56.0,25
34,53.0,26
35,50.0,27
36,47.0,28
37,44.0,29
38,41.0,30
39,38.0,31
40,35.0,32
41,32.0,33
42,29.0,34
43,26.0,35
44,23.0,36
45,20.0,37
46,17.0,38
25,80.0,39
26,77.0,40
27,74.0,41
28,71.0,42
29,68.0,43
30,65.0,44
31,62.0,45
32,59.0,46
33,56.0,47
34,53.0,48
35,50.0,49
36,47.0,50
37,44.0,51
38,41.0,52
39,38.0,53
40,35.0,54
41,32.0,55
42,29.0,56
43,26.0,57
44,23.0,58
45,20.0,59
46,17.0,60
25,80.0,61
26,77.0,62
27,74.0,63
28,71.0,64
29,68.0,65
30,65.0,66
31,62.0,67
32,59.0,68
33,56.0,69
34,53.0,70
35,50.0,71
36,47.0,72
37,44.0,73
38,41.0,74
39,38.0,75
40,35.0,76
41,32.0,77
42,29.0,78
43,26.0,79
44,23.0,80
45,20.0,81
46,17.0,82
25,80.0,83
26,77.0,84
27,74.0,85
28,71.0,86
29,68.0,87
30,65.0,88
31,62.0,89
32,59.0,90
33,56.0,91
34,53.0,92
35,50.0,93
36,47.0,94
37,44.0,95
38,41.0,96
39,38.0,97
40,35.0,98
41,32.0,99
42,29.0,100
43,26.0,1
44,23.0,2
45,20.0,3
46,17.0,4
25,80.0,5
26,77.0,6
27,74.0,7
28,71.0,8
29,68.0,9
30,65.0,10
31,62.0,11
32,59.0,12
33,56.0,13
34,53.0,14
35,50.0,15
36,47.0,16
37,44.0,17
38,41.0,18
39,38.0,19
40,35.0,20
41,32.0,21
42,29.0,22
43,26.0,23
44,23.0,24
45,20.0,25
46,17.0,26
25,80.0,27
26,77.0,28
27,74.0,29
28,71.0,30
29,68.0,31
30,65.0,32
31,62.0,33
32,59.0,34
33,56.0,35
34,53.0,36
35,50.0,37
36,47.0,38
37,44.0,39
38,41.0,40
39,38.0,41
40,35.0,42
41,32.0,43
42,29.0,44
43,26.0,45
44,23.0,46
45,20.0,47
46,17.0,48
25,80.0,49
26,77.0,50
27,74.0,51
28,71.0,52
29,68.0,53
30,65.0,54
31,62.0,55
32,59.0,56
33,56.0,57
34,53.0,58
35,50.0,59
36,47.0,60
37,44.0,61
38,41.0,62
39,38.0,63
40,35.0,64
41,32.0,65
42,29.0,66
43,26.0,67
44,23.0,68
45,20.0,69
46,17.0,70
25,80.0,71
26,77.0,72
27,74.0,73
28,71.0,74
29,68.0,75
30,65.0,76
31,62.0,77
32,59.0,78
33,56.0,79
34,53.0,80
35,50.0,81
36,47.0,82
37,44.0,83
38,41.0,84
39,38.0,85
40,35.0,86
41,32.0,87
42,29.0,88
43,26.0,89
44,23.0,90
45,20.0,91
46,17.0,92
25,80.0,93
26,77.0,94
27,74.0,95
28,71.0,96
29,68.0,97
30,65.0,98
31,62.0,99
32,59.0,100
33,56.0,1
34,53.0,2
35,50.0,3
36,47.0,4
37,44.0,5
38,41.0,6
39,38.0,7
40,35.0,8
41,32.0,9
42,29.0,10
43,26.0,11
44,23.0,12
45,20.0,13
46,17.0,14
25,80.0,15
26,77.0,16
27,74.0,17
28,71.0,18
29,68.0,19
30,65.0,20
31,62.0,21
32,59.0,22
33,56.0,23
34,53.0,24
35,50.0,25
36,47.0,26
37,44.0,27
38,41.0,28
39,38.0,29
40,35.0,30
41,32.0,31
42,29.0,32
43,26.0,33
44,23.0,34
45,20.0,35
46,17.0,36
25,80.0,37
26,77.0,38
27,74.0,39
28,71.0,40
29,68.0,41
30,65.0,42
31,62.0,43
32,59.0,44
33,56.0,45
34,53.0,46
35,50.0,47
36,47.0,48
37,44.0,49
38,41.0,50
39,38.0,51
40,35.0,52
41,32.0,53
42,29.0,54
43,26.0,55
44,23.0,56
45,20.0,57
46,17.0,58
25,80.0,59
26,77.0,60
27,74.0,61
28,71.0,62
29,68.0,63
30,65.0,64
31,62.0,65
32,59.0,66
33,56.0,67
34,53.0,68
35,50.0,69
36,47.0,70
37,44.0,71
38,41.0,72
39,38.0,73
40,35.0,74
41,32.0,75
42,29.0,76
43,26.0,77
44,23.0,78
45,20.0,79
46,17.0,80
25,80.0,81
26,77.0,82
27,74.0,83
28,71.0,84
29,68.0,85
30,65.0,86
31,62.0,87
32,59.0,88
33,56.0,89
34,53.0,90
35,50.0,91
36,47.0,92
37,44.0,93
38,41.0,94
39,38.0,95
40,35.0,96
41,32.0,97
42,29.0,98
43,26.0,99
44,23.0,100
45,20.0,1
46,17.0,2
25,80.0,3
26,77.0,4
27,74.0,5
28,71.0,6
29,68.0,7
30,65.0,8
31,62.0,9
32,59.0,10
33,56.0,11
34,53.0,12
35,50.0,13
36,47.0,14
37,44.0,15
38,41.0,16
39,38.0,17
40,35.0,18
41,32.0,19
42,29.0,20
43,26.0,21
44,23.0,22
45,20.0,23
46,17.0,24
25,80.0,25
26,77.0,26
27,74.0,27
28,71.0,28
29,68.0,29
30,65.0,30
31,62.0,31
32,59.0,32
33,56.0,33
34,53.0,34
35,50.0,35
36,47.0,36
37,44.0,37
38,41.0,38
39,38.0,39
40,35.0,40
41,32.0,41
42,29.0,42
43,26.0,43
44,23.0,44
45,20.0,45
46,17.0,46
25,80.0,47
26,77.0,48
27,74.0,49
28,71.0,50
29,68.0,51
30,65.0,52
31,62.0,53
32,59.0,54
33,56.0,55
34,53.0,56
35,50.0,57
36,47.0,58
37,44.0,59
38,41.0,60
39,38.0,61
40,35.0,62
41,32.0,63
42,29.0,64
43,26.0,65
44,23.0,66
45,20.0,67
46,17.0,68
25,80.0,69
26,77.0,70
27,74.0,71
28,71.0,72
29,68.0,73
30,65.0,74
31,62.0,75
32,59.0,76
33,56.0,77
34,53.0,78
35,50.0,79
36,47.0,80
37,44.0,81
38,41.0,82
39,38.0,83
40,35.0,84
41,32.0,85
42,29.0,86
43,26.0,87
44,23.0,88
45,20.0,89
46,17.0,90
25,80.0,91
26,77.0,92
27,74.0,93
28,71.0,94
29,68.0,95
30,65.0,96
31,62.0,97
32,59.0,98
33,56.0,99
34,53.0,100
35,50.0,1
36,47.0,2
37,44.0,3
38,41.0,4
39,38.0,5
40,35.0,6
41,32.0,7
42,29.0,8
43,26.0,9
44,23.0,10
45,20.0,11
46,17.0,12
25,80.0,13
26,77.0,14
27,74.0,15
28,71.0,16
29,68.0,17
30,65.0,18
31,62.0,19
32,59.0,20
33,56.0,21
34,53.0,22
35,50.0,23
36,47.0,24
37,44.0,25
38,41.0,26
39,38.0,27
40,35.0,28
41,32.0,29
42,29.0,30
43,26.0,31
44,23.0,32
45,20.0,33
46,17.0,34
25,80.0,35
26,77.0,36
27,74.0,37
28,71.0,38
29,68.0,39
30,65.0,40
31,62.0,41
32,59.0,42
33,56.0,43
34,53.0,44
35,50.0,45
36,47.0,46
37,44.0,47
38,41.0,48
39,38.0,49
40,35.0,50
41,32.0,51
42,29.0,52
43,26.0,53
44,23.0,54
45,20.0,55
46,17.0,56
25,80.0,57
26,77.0,58
27,74.0,59
28,71.0,60
29,68.0,61
30,65.0,62
31,62.0,63
32,59.0,64
33,56.0,65
34,53.0,66
35,50.0,67
36,47.0,68
37,44.0,69
38,41.0,70
39,38.0,71
40,35.0,72
41,32.0,73
42,29.0,74
43,26.0,75
44,23.0,76
45,20.0,77
46,17.0,78
25,80.0,79
26,77.0,80
27,74.0,81
28,71.0,82
29,68.0,83
30,65.0,84
31,62.0,85
32,59.0,86
33,56.0,87
34,53.0,88
35,50.0,89
36,47.0,90
37,44.0,91
38,41.0,92
39,38.0,93
40,35.0,94
41,32.0,95
42,29.0,96
43,26.0,97
44,23.0,98
45,20.0,99
46,17.0,100
25,80.0,1
26,77.0,2
27,74.0,3
28,71.0,4
29,68.0,5
30,65.0,6
31,62.0,7
32,59.0,8
33,56.0,9
34,53.0,10
35,50.0,11
36,47.0,12
37,44.0,13
38,41.0,14
39,38.0,15
40,35.0,16
41,32.0,17
42,29.0,18
43,26.0,19
44,23.0,20
45,20.0,21
46,17.0,22
25,80.0,23
26,77.0,24
27,74.0,25
28,71.0,26
29,68.0,27
30,65.0,28
31,62.0,29
32,59.0,30
33,56.0,31
34,53.0,32
35,50.0,33
36,47.0,34
37,44.0,35
38,41.0,36
39,38.0,37
40,35.0,38
41,32.0,39
42,29.0,40
43,26.0,41
44,23.0,42
45,20.0,43
46,17.0,44
25,80.0,45
26,77.0,46
27,74.0,47
28,71.0,48
29,68.0,49
30,65.0,50
31,62.0,51
32,59.0,52
33,56.0,53
34,53.0,54
35,50.0,55
36,47.0,56
37,44.0,57
38,41.0,58
39,38.0,59
40,35.0,60
41,32.0,61
42,29.0,62
43,26.0,63
44,23.0,64
45,20.0,65
46,17.0,66
25,80.0,67
26,77.0,68
27,74.0,69
28,71.0,70
29,68.0,71
30,65.0,72
31,62.0,73
32,59.0,74
33,56.0,75
34,53.0,76
35,50.0,77
36,47.0,78
37,44.0,79
38,41.0,80
39,38.0,81
40,35.0,82
41,32.0,83
42,29.0,84
43,26.0,85
44,23.0,86
45,20.0,87
46,17.0,88
25,80.0,89
26,77.0,90
27,74.0,91
28,71.0,92
29,68.0,93
30,65.0,94
31,62.0,95
32,59.0,96
33,56.0,97
34,53.0,98
35,50.0,99
36,47.0,100
37,44.0,1
38,41.0,2
39,38.0,3
40,35.0,4
41,32.0,5
42,29.0,6
43,26.0,7
44,23.0,8
45,20.0,9
46,17.0,10
25,80.0,11
26,77.0,12
27,74.0,13
28,71.0,14
29,68.0,15
30,65.0,16
31,62.0,17
32,59.0,18
33,56.0,19
34,53.0,20
35,50.0,21
36,47.0,22
37,44.0,23
38,41.0,24
39,38.0,25
40,35.0,26
41,32.0,27
42,29.0,28
43,26.0,29
44,23.0,30
45,20.0,31
46,17.0,32
25,80.0,33
26,77.0,34
27,74.0,35
28,71.0,36
29,68.0,37
30,65.0,38
31,62.0,39
32,59.0,40
33,56.0,41
34,53.0,42
35,50.0,43
36,47.0,44
37,44.0,45
38,41.0,46
39,38.0,47
40,35.0,48
41,32.0,49
42,29.0,50
43,26.0,51
44,23.0,52
45,20.0,53
46,17.0,54
25,80.0,55
26,77.0,56
27,74.0,57
28,71.0,58
29,68.0,59
30,65.0,60
31,62.0,61
32,59.0,62
33,56.0,63
34,53.0,64
35,50.0,65
36,47.0,66
37,44.0,67
38,41.0,68
39,38.0,69
40,35.0,70
41,32.0,71
42,29.0,72
43,26.0,73
44,23.0,74
45,20.0,75
46,17.0,76
25,80.0,77
26,77.0,78
27,74.0,79
28,71.0,80
29,68.0,81
30,65.0,82
31,62.0,83
32,59.0,84
33,56.0,85
34,53.0,86
35,50.0,87
36,47.0,88
37,44.0,89
38,41.0,90
39,38.0,91
40,35.0,92
41,32.0,93
42,29.0,94
43,26.0,95
44,23.0,96
45,20.0,97
46,17.0,98
25,80.0,99
26,77.0,100
27,74.0,1
28,71.0,2
29,68.0,3
30,65.0,4
31,62.0,5
32,59.0,6
33,56.0,7
34,53.0,8
35,50.0,9
36,47.0,10
37,44.0,11
38,41.0,12
39,38.0,13
40,35.0,14
41,32.0,15
42,29.0,16
43,26.0,17
44,23.0,18
45,20.0,19
46,17.0,20
25,80.0,21
26,77.0,22
27,74.0,23
28,71.0,24
29,68.0,25
30,65.0,26
31,62.0,27
32,59.0,28
33,56.0,29
34,53.0,30
35,50.0,31
36,47.0,32
37,44.0,33
38,41.0,34
39,38.0,35
40,35.0,36
41,32.0,37
42,29.0,38
43,26.0,39
44,23.0,40
45,20.0,41
46,17.0,42
25,80.0,43
26,77.0,44
27,74.0,45
28,71.0,46
29,68.0,47
30,65.0,48
31,62.0,49
32,59.0,50
33,56.0,51
34,53.0,52
35,50.0,53
36,47.0,54
37,44.0,55
38,41.0,56
39,38.0,57
40,35.0,58
41,32.0,59
42,29.0,60
43,26.0,61
44,23.0,62
45,20.0,63
46,17.0,64
25,80.0,65
26,77.0,66
27,74.0,67
28,71.0,68
29,68.0,69
30,65.0,70
31,62.0,71
32,59.0,72
33,56.0,73
34,53.0,74
35,50.0,75
36,47.0,76
37,44.0,77
38,41.0,78
39,38.0,79
40,35.0,80
41,32.0,81
42,29.0,82
43,26.0,83
44,23.0,84
45,20.0,85
46,17.0,86
25,80.0,87
26,77.0,88
27,74.0,89
28,71.0,90
29,68.0,91
30,65.0,92
31,62.0,93
32,59.0,94
33,56.0,95
34,53.0,96
35,50.0,97
36,47.0,98
37,44.0,99
38,41.0,100
39,38.0,1
40,35.0,2
41,32.0,3
42,29.0,4
43,26.0,5
44,23.0,6
45,20.0,7
46,17.0,8
25,80.0,9
26,77.0,10
27,74.0,11
28,71.0,12
29,68.0,13
30,65.0,14
31,62.0,15
32,59.0,16
33,56.0,17
34,53.0,18
35,50.0,19
36,47.0,20
37,44.0,21
38,41.0,22
39,38.0,23
40,35.0,24
41,32.0,25
42,29.0,26
43,26.0,27
44,23.0,28
45,20.0,29
46,17.0,30
25,80.0,31
26,77.0,32
27,74.0,33
28,71.0,34
29,68.0,35
30,65.0,36
31,62.0,37
32,59.0,38
33,56.0,39
34,53.0,40
35,50.0,41
36,47.0,42
37,44.0,43
38,41.0,44
39,38.0,45
40,35.0,46
41,32.0,47
42,29.0,48
43,26.0,49
44,23.0,50
45,20.0,51
46,17.0,52
25,80.0,53
26,77.0,54
27,74.0,55
28,71.0,56
29,68.0,57
30,65.0,58
31,62.0,59
32,59.0,60
33,56.0,61
34,53.0,62
35,50.0,63
36,47.0,64
37,44.0,65
38,41.0,66
39,38.0,67
40,35.0,68
41,32.0,69
42,29.0,70
43,26.0,71
44,23.0,72
45,20.0,73
46,17.0,74
25,80.0,75
26,77.0,76
27,74.0,77
28,71.0,78
29,68.0,79
30,65.0,80
31,62.0,81
32,59.0,82
33,56.0,83
34,53.0,84
35,50.0,85
36,47.0,86
37,44.0,87
38,41.0,88
39,38.0,89
40,35.0,90
41,32.0,91
42,29.0,92
43,26.0,93
44,23.0,94
45,20.0,95
46,17.0,96
25,80.0,97
26,77.0,98
27,74.0,99
28,71.0,100
18,86.0,1
17,87.0,2
16,88.0,3
15,89.0,4
14,90.0,5
13,91.0,6
24,80.0,7
23,81.0,8
22,82.0,9
21,83.0,10
20,84.0,11
19,85.0,12
18,86.0,13
17,87.0,14
16,88.0,15
15,89.0,16
14,90.0,17
13,91.0,18
24,80.0,19
23,81.0,20
22,82.0,21
21,83.0,22
20,84.0,23
19,85.0,24
18,86.0,25
17,87.0,26
16,88.0,27
15,89.0,28
14,90.0,29
13,91.0,30
24,80.0,31
23,81.0,32
22,82.0,33
21,83.0,34
20,84.0,35
19,85.0,36
18,86.0,37
17,87.0,38
16,88.0,39
15,89.0,40
14,90.0,41
24,80.0,42
23,81.0,43
22,82.0,44
21,83.0,45
20,84.0,46
19,85.0,47
18,86.0,48
17,87.0,49
16,88.0,50
15,89.0,51
14,90.0,52
13,91.0,53
24,80.0,54
23,81.0,55
22,82.0,56
21,83.0,57
20,84.0,58
19,85.0,59
18,86.0,60
17,87.0,61
16,88.0,62
15,89.0,63
14,90.0,64
13,91.0,65
24,80.0,66
23,81.0,67
22,82.0,68
21,83.0,69
24,80.0,70
23,81.0,71
22,82.0,72
21,83.0,73
20,84.0,74
19,85.0,75
18,86.0,76
17,87.0,77
16,88.0,78
15,89.0,79
18,86.0,1
17,87.0,2
16,88.0,3
15,89.0,4
14,90.0,5
13,91.0,6
24,80.0,7
23,81.0,8
22,82.0,9
21,83.0,10
20,84.0,11
19,85.0,12
18,86.0,13
17,87.0,14
16,88.0,15
15,89.0,16
14,90.0,17
13,91.0,18
24,80.0,19
23,81.0,20
22,82.0,21
21,83.0,22
20,84.0,23
19,85.0,24
18,86.0,25
17,87.0,26
16,88.0,27
15,89.0,28
14,90.0,29
13,91.0,30
24,80.0,31
23,81.0,32
22,82.0,33
21,83.0,34
20,84.0,35
19,85.0,36
18,86.0,37
17,87.0,38
16,88.0,39
15,89.0,40
14,90.0,41
24,80.0,42
23,81.0,43
22,82.0,44
21,83.0,45
20,84.0,46
19,85.0,47
18,86.0,48
17,87.0,49
16,88.0,50
15,89.0,51
14,90.0,52
13,91.0,53
24,80.0,54
23,81.0,55
22,82.0,56
21,83.0,57
20,84.0,58
19,85.0,59
18,86.0,60
17,87.0,61
16,88.0,62
15,89.0,63
14,90.0,64
13,91.0,65
24,80.0,66
23,81.0,67
22,82.0,68
21,83.0,69
18,86.0,1
17,87.0,2
16,88.0,3
15,89.0,4
14,90.0,5
13,91.0,6
24,80.0,7
23,81.0,8
22,82.0,9
21,83.0,10
20,84.0,11
19,85.0,12
18,86.0,13
17,87.0,14
16,88.0,15
15,89.0,16
14,90.0,17
13,91.0,18
24,80.0,19
23,81.0,20
22,82.0,21
21,83.0,22
20,84.0,23
19,85.0,24
18,86.0,25
17,87.0,26
16,88.0,27
15,89.0,28
14,90.0,29
13,91.0,30
24,80.0,31
23,81.0,32
22,82.0,33
21,83.0,34
20,84.0,35
19,85.0,36
18,86.0,37
17,87.0,38
16,88.0,39
15,89.0,40
14,90.0,41
24,80.0,42
23,81.0,43
22,82.0,44
21,83.0,45
20,84.0,46
19,85.0,47
18,86.0,48
17,87.0,49
16,88.0,50
15,89.0,51
14,90.0,52
13,91.0,53
24,80.0,54
23,81.0,55
22,82.0,56
21,83.0,57
20,84.0,58
19,85.0,59
18,86.0,60
17,87.0,61
16,88.0,62
15,89.0,63
14,90.0,64
13,91.0,65
24,80.0,66
23,81.0,67
22,82.0,68
21,83.0,69
18,86.0,1
17,87.0,2
16,88.0,3
15,89.0,4
14,90.0,5
13,91.0,6
24,80.0,7
23,81.0,8
22,82.0,9
21,83.0,10
20,84.0,11
19,85.0,12
18,86.0,13
17,87.0,14
16,88.0,15
15,89.0,16
14,90.0,17
13,91.0,18
24,80.0,19
23,81.0,20
22,82.0,21
21,83.0,22
20,84.0,23
19,85.0,24
18,86.0,25
17,87.0,26
16,88.0,27
15,89.0,28
14,90.0,29
13,91.0,30
24,80.0,31
23,81.0,32
22,82.0,33
21,83.0,34
20,84.0,35
19,85.0,36
18,86.0,37
17,87.0,38
16,88.0,39
15,89.0,40
14,90.0,41
24,80.0,42
23,81.0,43
22,82.0,44
21,83.0,45
20,84.0,46
19,85.0,47
18,86.0,48
17,87.0,49
16,88.0,50
15,89.0,51
14,90.0,52
13,91.0,53
24,80.0,54
23,81.0,55
22,82.0,56
21,83.0,57
20,84.0,58
19,85.0,59
18,86.0,60
17,87.0,61
16,88.0,62
15,89.0,63
14,90.0,64
13,91.0,65
24,80.0,66
23,81.0,67
22,82.0,68
21,83.0,69
18,86.0,1
17,87.0,2
16,88.0,3
15,89.0,4
14,90.0,5
13,91.0,6
24,80.0,7
23,81.0,8
22,82.0,9
21,83.0,10
20,84.0,11
19,85.0,12
18,86.0,13
17,87.0,14
16,88.0,15
15,89.0,16
14,90.0,17
13,91.0,18
24,80.0,19
23,81.0,20
22,82.0,21
21,83.0,22
20,84.0,23
19,85.0,24
18,86.0,25
17,87.0,26
16,88.0,27
15,89.0,28
14,90.0,29
13,91.0,30
24,80.0,31
23,81.0,32
22,82.0,33
21,83.0,34
20,84.0,35
19,85.0,36
18,86.0,37
17,87.0,38
16,88.0,39
15,89.0,40
14,90.0,41
24,80.0,42
23,81.0,43
22,82.0,44
21,83.0,45
20,84.0,46
19,85.0,47
18,86.0,48
17,87.0,49
18,86.0,1
17,87.0,2
16,88.0,3
15,89.0,4
14,90.0,5
13,91.0,6
24,80.0,7
23,81.0,8
22,82.0,9
21,83.0,10
20,84.0,11
19,85.0,12
18,86.0,13
17,87.0,14
16,88.0,15
15,89.0,16
14,90.0,17
13,91.0,18
24,80.0,19
23,81.0,20
22,82.0,21
21,83.0,22
20,84.0,23
19,85.0,24
18,86.0,25
17,87.0,26
16,88.0,27
15,89.0,28
14,90.0,29
13,91.0,30
24,80.0,31
23,81.0,32
22,82.0,33
21,83.0,34
20,84.0,35
19,85.0,36
18,86.0,37
17,87.0,38
16,88.0,39
15,89.0,40
14,90.0,41
24,80.0,42
23,81.0,43
22,82.0,44
21,83.0,45
20,84.0,46
19,85.0,47
18,86.0,48
17,87.0,49
16,88.0,50
15,89.0,51
14,90.0,52
13,91.0,53
24,80.0,54
23,81.0,55
22,82.0,56
21,83.0,57
20,84.0,58
19,85.0,59
18,86.0,60
17,87.0,61
16,88.0,62
15,89.0,63
14,90.0,64
13,91.0,65
24,80.0,66
23,81.0,67
22,82.0,68
21,83.0,69
24,80.0,70
23,81.0,71
22,82.0,72
21,83.0,73
20,84.0,74
19,85.0,75
18,86.0,76
17,87.0,77
16,88.0,78
15,89.0,79
18,86.0,1
17,87.0,2
16,88.0,3
15,89.0,4
14,90.0,5
13,91.0,6
24,80.0,7
23,81.0,8
22,82.0,9
21,83.0,10
20,84.0,11
19,85.0,12
18,86.0,13
17,87.0,14
16,88.0,15
15,89.0,16
14,90.0,17
13,91.0,18
24,80.0,19
23,81.0,20
22,82.0,21
21,83.0,22
20,84.0,23
19,85.0,24
18,86.0,25
17,87.0,26
16,88.0,27
15,89.0,28
14,90.0,29
13,91.0,30
24,80.0,31
23,81.0,32
22,82.0,33
21,83.0,34
20,84.0,35
19,85.0,36
18,86.0,37
17,87.0,38
16,88.0,39
15,89.0,40
14,90.0,41
24,80.0,42
23,81.0,43
22,82.0,44
21,83.0,45
20,84.0,46
19,85.0,47
18,86.0,48
17,87.0,49
16,88.0,50
15,89.0,51
14,90.0,52
13,91.0,53
24,80.0,54
23,81.0,55
22,82.0,56
21,83.0,57
20,84.0,58
19,85.0,59
18,86.0,60
17,87.0,61
16,88.0,62
15,89.0,63
14,90.0,64
13,91.0,65
24,80.0,66
23,81.0,67
22,82.0,68
21,83.0,69
18,86.0,1
17,87.0,2
16,88.0,3
15,89.0,4
14,90.0,5
13,91.0,6
24,80.0,7
23,81.0,8
22,82.0,9
21,83.0,10
20,84.0,11
19,85.0,12
18,86.0,13
17,87.0,14
16,88.0,15
15,89.0,16
14,90.0,17
13,91.0,18
24,80.0,19
23,81.0,20
22,82.0,21
21,83.0,22
20,84.0,23
19,85.0,24
18,86.0,25
17,87.0,26
16,88.0,27
15,89.0,28
14,90.0,29
13,91.0,30
24,80.0,31
23,81.0,32
22,82.0,33
21,83.0,34
20,84.0,35
19,85.0,36
18,86.0,37
17,87.0,38
16,88.0,39
15,89.0,40
14,90.0,41
24,80.0,42
23,81.0,43
22,82.0,44
21,83.0,45
20,84.0,46
19,85.0,47
18,86.0,48
17,87.0,49
16,88.0,50
15,89.0,51
14,90.0,52
13,91.0,53
24,80.0,54
23,81.0,55
22,82.0,56
21,83.0,57
20,84.0,58
19,85.0,59
18,86.0,60
17,87.0,61
16,88.0,62
15,89.0,63
14,90.0,64
13,91.0,65
24,80.0,66
23,81.0,67
22,82.0,68
21,83.0,69
18,86.0,1
17,87.0,2
16,88.0,3
15,89.0,4
14,90.0,5
13,91.0,6
24,80.0,7
23,81.0,8
22,82.0,9
21,83.0,10
20,84.0,11
19,85.0,12
18,86.0,13
17,87.0,14
16,88.0,15
15,89.0,16
14,90.0,17
13,91.0,18
24,80.0,19
23,81.0,20
22,82.0,21
21,83.0,22
20,84.0,23
19,85.0,24
18,86.0,25
17,87.0,26
16,88.0,27
15,89.0,28
14,90.0,29
13,91.0,30
24,80.0,31
23,81.0,32
22,82.0,33
21,83.0,34
20,84.0,35
19,85.0,36
18,86.0,37
17,87.0,38
16,88.0,39
15,89.0,40
14,90.0,41
24,80.0,42
23,81.0,43
22,82.0,44
21,83.0,45
20,84.0,46
19,85.0,47
18,86.0,48
17,87.0,49
16,88.0,50
15,89.0,51
14,90.0,52
13,91.0,53
24,80.0,54
23,81.0,55
22,82.0,56
21,83.0,57
20,84.0,58
19,85.0,59
18,86.0,60
17,87.0,61
16,88.0,62
15,89.0,63
14,90.0,64
13,91.0,65
24,80.0,66
23,81.0,67
22,82.0,68
21,83.0,69
18,86.0,1
17,87.0,2
16,88.0,3
15,89.0,4
14,90.0,5
13,91.0,6
24,80.0,7
23,81.0,8
22,82.0,9
21,83.0,10
20,84.0,11
19,85.0,12
18,86.0,13
17,87.0,14
16,88.0,15
15,89.0,16
14,90.0,17
13,91.0,18
24,80.0,19
23,81.0,20
22,82.0,21
21,83.0,22
20,84.0,23
19,85.0,24
18,86.0,25
17,87.0,26
16,88.0,27
15,89.0,28
14,90.0,29
13,91.0,30
24,80.0,31
23,81.0,32
22,82.0,33
21,83.0,34
20,84.0,35
19,85.0,36
18,86.0,37
17,87.0,38
16,88.0,39
15,89.0,40
14,90.0,41
24,80.0,42
23,81.0,43
22,82.0,44
21,83.0,45
20,84.0,46
19,85.0,47
18,86.0,48
17,87.0,49
18,86.0,1
17,87.0,2
16,88.0,3
15,89.0,4
14,90.0,5
13,91.0,6
24,80.0,7
23,81.0,8
22,82.0,9
21,83.0,10
20,84.0,11
19,85.0,12
18,86.0,13
17,87.0,14
16,88.0,15
15,89.0,16
14,90.0,17
13,91.0,18
24,80.0,19
23,81.0,20
22,82.0,21
21,83.0,22
20,84.0,23
19,85.0,24
18,86.0,25
17,87.0,26
16,88.0,27
15,89.0,28
14,90.0,29
13,91.0,30
24,80.0,31
23,81.0,32
22,82.0,33
21,83.0,34
20,84.0,35
19,85.0,36
18,86.0,37
17,87.0,38
16,88.0,39
15,89.0,40
14,90.0,41
24,80.0,42
23,81.0,43
22,82.0,44
21,83.0,45
20,84.0,46
19,85.0,47
18,86.0,48
17,87.0,49
16,88.0,50
15,89.0,51
14,90.0,52
13,91.0,53
24,80.0,54
23,81.0,55
22,82.0,56
21,83.0,57
20,84.0,58
19,85.0,59
18,86.0,60
17,87.0,61
16,88.0,62
15,89.0,63
14,90.0,64
13,91.0,65
24,80.0,66
23,81.0,67
22,82.0,68
21,83.0,69
18,86.0,1
17,87.0,2
16,88.0,3
15,89.0,4
14,90.0,5
13,91.0,6
24,80.0,7
23,81.0,8
22,82.0,9
21,83.0,10
20,84.0,11
19,85.0,12
18,86.0,13
17,87.0,14
16,88.0,15
15,89.0,16
14,90.0,17
13,91.0,18
24,80.0,19
23,81.0,20
22,82.0,21
21,83.0,22
20,84.0,23
19,85.0,24
18,86.0,25
17,87.0,26
16,88.0,27
15,89.0,28
14,90.0,29
13,91.0,30
24,80.0,31
23,81.0,32
22,82.0,33
21,83.0,34
20,84.0,35
19,85.0,36
18,86.0,37
17,87.0,38
16,88.0,39
15,89.0,40
14,90.0,41
24,80.0,42
23,81.0,43
22,82.0,44
21,83.0,45
20,84.0,46
19,85.0,47
18,86.0,48
17,87.0,49
16,88.0,50
15,89.0,51
14,90.0,52
13,91.0,53
24,80.0,54
23,81.0,55
22,82.0,56
21,83.0,57
20,84.0,58
19,85.0,59
18,86.0,1
17,87.0,2
16,88.0,3
15,89.0,4
14,90.0,5
13,91.0,6
24,80.0,7
23,81.0,8
22,82.0,9
21,83.0,10
20,84.0,11
19,85.0,12
18,86.0,13
17,87.0,14
16,88.0,15
15,89.0,16
14,90.0,17
13,91.0,18
24,80.0,19
23,81.0,20
22,82.0,21
21,83.0,22
20,84.0,23
19,85.0,24
18,86.0,25
17,87.0,26
16,88.0,27
15,89.0,28
14,90.0,29
13,91.0,30
24,80.0,31
23,81.0,32
22,82.0,33
21,83.0,34
20,84.0,35
19,85.0,36
18,86.0,37
17,87.0,38
16,88.0,39
15,89.0,40
14,90.0,41
24,80.0,42
23,81.0,43
22,82.0,44
21,83.0,45
20,84.0,46
19,85.0,47
18,86.0,48
17,87.0,49
16,88.0,50
15,89.0,51
14,90.0,52
13,91.0,53
24,80.0,54
23,81.0,55
22,82.0,56
21,83.0,57
20,84.0,58
19,85.0,59
18,86.0,1
17,87.0,2
16,88.0,3
15,89.0,4
14,90.0,5
13,91.0,6
24,80.0,7
23,81.0,8
22,82.0,9
21,83.0,10
20,84.0,11
19,85.0,12
18,86.0,13
17,87.0,14
16,88.0,15
15,89.0,16
14,90.0,17
13,91.0,18
24,80.0,19
23,81.0,20
22,82.0,21
21,83.0,22
20,84.0,23
19,85.0,24
18,86.0,25
17,87.0,26
16,88.0,27
15,89.0,28
14,90.0,29
13,91.0,30
24,80.0,31
23,81.0,32
22,82.0,33
21,83.0,34
20,84.0,35
19,85.0,36
18,86.0,37
17,87.0,38
16,88.0,39
15,89.0,40
14,90.0,41
24,80.0,42
23,81.0,43
22,82.0,44
21,83.0,45
20,84.0,46
19,85.0,47
18,86.0,48
17,87.0,49
18,86.0,1
17,87.0,2
16,88.0,3
15,89.0,4
14,90.0,5
13,91.0,6
24,80.0,7
23,81.0,8
22,82.0,9
21,83.0,10
20,84.0,11
19,85.0,12
18,86.0,13
17,87.0,14
16,88.0,15
15,89.0,16
14,90.0,17
13,91.0,18
24,80.0,19
23,81.0,20
22,82.0,21
21,83.0,22
20,84.0,23
19,85.0,24
18,86.0,25
17,87.0,26
16,88.0,27
15,89.0,28
14,90.0,29
13,91.0,30
24,80.0,31
23,81.0,32
22,82.0,33
21,83.0,34
20,84.0,35
19,85.0,36
18,86.0,37
17,87.0,38
16,88.0,39
25,80.0,1
26,77.0,2
27,74.0,3
28,71.0,4
29,68.0,5
30,65.0,6
31,62.0,7
32,59.0,8
33,56.0,9
34,53.0,10
35,50.0,11
36,47.0,12
37,44.0,13
38,41.0,14
39,38.0,15
40,35.0,16
41,32.0,17
42,29.0,18
43,26.0,19
44,23.0,20
45,20.0,21
46,17.0,22
25,78.0,23
26,75.0,24
27,72.0,25
28,69.0,26
29,66.0,27
30,63.0,28
31,60.0,29
32,57.0,30
33,54.0,31
34,51.0,32
35,48.0,33
36,45.0,34
37,42.0,35
38,39.0,36
39,36.0,37
40,33.0,38
41,30.0,39
42,27.0,40
43,24.0,41
44,21.0,42
45,18.0,43
46,15.0,44
25,76.0,45
26,73.0,46
27,70.0,47
28,67.0,48
29,64.0,49
30,61.0,50
31,58.0,51
32,55.0,52
33,52.0,53
34,49.0,54
35,46.0,55
36,43.0,56
37,40.0,57
38,37.0,58
39,34.0,59
40,31.0,60
25,80.0,61
26,77.0,62
27,74.0,63
28,71.0,64
29,68.0,65
30,65.0,66
31,62.0,67
32,59.0,68
33,56.0,69
34,53.0,70
35,50.0,71
36,47.0,72
37,44.0,73
38,41.0,74
39,38.0,75
40,35.0,76
41,32.0,77
42,29.0,78
43,26.0,79
44,23.0,80
45,20.0,81
46,17.0,82
25,78.0,83
26,75.0,84
27,72.0,85
28,69.0,86
29,66.0,87
30,63.0,88
31,60.0,89
32,57.0,90
33,54.0,91
34,51.0,92
35,48.0,93
36,45.0,94
37,42.0,95
38,39.0,96
39,36.0,97
40,33.0,98
41,30.0,99
42,27.0,100
43,24.0,1
44,21.0,2
45,18.0,3
46,15.0,4
25,76.0,5
26,73.0,6
27,70.0,7
28,67.0,8
29,64.0,9
30,61.0,10
31,58.0,11
32,55.0,12
33,52.0,13
34,49.0,14
35,46.0,15
36,43.0,16
37,40.0,17
38,37.0,18
39,34.0,19
40,31.0,20
25,80.0,21
26,77.0,22
27,74.0,23
28,71.0,24
29,68.0,25
30,65.0,26
31,62.0,27
32,59.0,28
33,56.0,29
34,53.0,30
35,50.0,31
36,47.0,32
37,44.0,33
38,41.0,34
39,38.0,35
40,35.0,36
41,32.0,37
42,29.0,38
43,26.0,39
44,23.0,40
45,20.0,41
46,17.0,42
25,78.0,43
26,75.0,44
27,72.0,45
28,69.0,46
29,66.0,47
30,63.0,48
31,60.0,49
32,57.0,50
33,54.0,51
34,51.0,52
35,48.0,53
36,45.0,54
37,42.0,55
38,39.0,56
39,36.0,57
40,33.0,58
41,30.0,59
42,27.0,60
43,24.0,61
44,21.0,62
45,18.0,63
46,15.0,64
25,76.0,65
26,73.0,66
27,70.0,67
28,67.0,68
29,64.0,69
30,61.0,70
31,58.0,71
32,55.0,72
33,52.0,73
34,49.0,74
35,46.0,75
36,43.0,76
37,40.0,77
38,37.0,78
39,34.0,79
40,31.0,80
25,80.0,81
26,77.0,82
27,74.0,83
28,71.0,84
29,68.0,85
30,65.0,86
31,62.0,87
32,59.0,88
33,56.0,89
34,53.0,90
35,50.0,91
36,47.0,92
37,44.0,93
38,41.0,94
39,38.0,95
40,35.0,96
41,32.0,97
42,29.0,98
43,26.0,99
44,23.0,100
45,20.0,1
46,17.0,2
25,78.0,3
26,75.0,4
27,72.0,5
28,69.0,6
29,66.0,7
30,63.0,8
31,60.0,9
32,57.0,10
33,54.0,11
34,51.0,12
35,48.0,13
36,45.0,14
37,42.0,15
38,39.0,16
39,36.0,17
40,33.0,18
41,30.0,19
42,27.0,20
43,24.0,21
44,21.0,22
45,18.0,23
46,15.0,24
25,76.0,25
26,73.0,26
27,70.0,27
28,67.0,28
29,64.0,29
30,61.0,30
31,58.0,31
32,55.0,32
33,52.0,33
34,49.0,34
35,46.0,35
36,43.0,36
37,40.0,37
38,37.0,38
39,34.0,39
40,31.0,40
25,80.0,41
26,77.0,42
27,74.0,43
28,71.0,44
29,68.0,45
30,65.0,46
31,62.0,47
32,59.0,48
33,56.0,49
34,53.0,50
35,50.0,51
36,47.0,52
37,44.0,53
38,41.0,54
39,38.0,55
40,35.0,56
41,32.0,57
42,29.0,58
43,26.0,59
44,23.0,60
45,20.0,61
46,17.0,62
25,78.0,63
26,75.0,64
27,72.0,65
28,69.0,66
29,66.0,67
30,63.0,68
31,60.0,69
32,57.0,70
33,54.0,71
34,51.0,72
35,48.0,73
36,45.0,74
37,42.0,75
38,39.0,76
39,36.0,77
40,33.0,78
41,30.0,79
42,27.0,80
43,24.0,81
44,21.0,82
45,18.0,83
46,15.0,84
25,76.0,85
26,73.0,86
27,70.0,87
28,67.0,88
29,64.0,89
30,61.0,90
31,58.0,91
32,55.0,92
33,52.0,93
34,49.0,94
35,46.0,95
36,43.0,96
37,40.0,97
38,37.0,98
39,34.0,99
40,31.0,100
25,80.0,1
26,77.0,2
27,74.0,3
28,71.0,4
29,68.0,5
30,65.0,6
31,62.0,7
32,59.0,8
33,56.0,9
34,53.0,10
35,50.0,11
36,47.0,12
37,44.0,13
38,41.0,14
39,38.0,15
40,35.0,16
41,32.0,17
42,29.0,18
43,26.0,19
44,23.0,20
45,20.0,21
46,17.0,22
25,78.0,23
26,75.0,24
27,72.0,25
28,69.0,26
29,66.0,27
30,63.0,28
31,60.0,29
32,57.0,30
33,54.0,31
34,51.0,32
35,48.0,33
36,45.0,34
37,42.0,35
38,39.0,36
39,36.0,37
40,33.0,38
41,30.0,39
42,27.0,40
43,24.0,41
44,21.0,42
45,18.0,43
46,15.0,44
25,76.0,45
26,73.0,46
27,70.0,47
28,67.0,48
29,64.0,49
30,61.0,50
31,58.0,51
32,55.0,52
33,52.0,53
34,49.0,54
35,46.0,55
36,43.0,56
37,40.0,57
38,37.0,58
39,34.0,59
40,31.0,60
25,80.0,61
26,77.0,62
27,74.0,63
28,71.0,64
29,68.0,65
30,65.0,66
31,62.0,67
32,59.0,68
33,56.0,69
34,53.0,70
35,50.0,71
36,47.0,72
37,44.0,73
38,41.0,74
39,38.0,75
40,35.0,76
41,32.0,77
42,29.0,78
43,26.0,79
44,23.0,80
45,20.0,81
46,17.0,82
25,78.0,83
26,75.0,84
27,72.0,85
28,69.0,86
29,66.0,87
30,63.0,88
31,60.0,89
32,57.0,90
33,54.0,91
34,51.0,92
35,48.0,93
36,45.0,94
37,42.0,95
38,39.0,96
39,36.0,97
40,33.0,98
41,30.0,99
42,27.0,100
43,24.0,1
44,21.0,2
45,18.0,3
46,15.0,4
25,76.0,5
26,73.0,6
27,70.0,7
28,67.0,8
29,64.0,9
30,61.0,10
31,58.0,11
32,55.0,12
33,52.0,13
34,49.0,14
35,46.0,15
36,43.0,16
37,40.0,17
38,37.0,18
39,34.0,19
40,31.0,20
25,80.0,21
26,77.0,22
27,74.0,23
28,71.0,24
29,68.0,25
30,65.0,26
31,62.0,27
32,59.0,28
33,56.0,29
34,53.0,30
35,50.0,31
36,47.0,32
37,44.0,33
38,41.0,34
39,38.0,35
40,35.0,36
41,32.0,37
42,29.0,38
43,26.0,39
44,23.0,40
45,20.0,41
46,17.0,42
25,78.0,43
26,75.0,44
27,72.0,45
28,69.0,46
29,66.0,47
30,63.0,48
31,60.0,49
32,57.0,50
33,54.0,51
34,51.0,52
35,48.0,53
36,45.0,54
37,42.0,55
38,39.0,56
39,36.0,57
40,33.0,58
41,30.0,59
42,27.0,60
43,24.0,61
44,21.0,62
45,18.0,63
46,15.0,64
25,76.0,65
26,73.0,66
27,70.0,67
28,67.0,68
29,64.0,69
30,61.0,70
31,58.0,71
32,55.0,72
33,52.0,73
34,49.0,74
35,46.0,75
36,43.0,76
37,40.0,77
38,37.0,78
39,34.0,79
40,31.0,80
25,80.0,81
26,77.0,82
27,74.0,83
28,71.0,84
29,68.0,85
30,65.0,86
31,62.0,87
32,59.0,88
33,56.0,89
34,53.0,90
35,50.0,91
36,47.0,92
37,44.0,93
38,41.0,94
39,38.0,95
40,35.0,96
41,32.0,97
42,29.0,98
43,26.0,99
44,23.0,100
45,20.0,1
46,17.0,2
25,78.0,3
26,75.0,4
27,72.0,5
28,69.0,6
29,66.0,7
30,63.0,8
31,60.0,9
32,57.0,10
33,54.0,11
34,51.0,12
35,48.0,13
36,45.0,14
37,42.0,15
38,39.0,16
39,36.0,17
40,33.0,18
41,30.0,19
42,27.0,20
43,24.0,21
44,21.0,22
45,18.0,23
46,15.0,24
25,76.0,25
26,73.0,26
27,70.0,27
28,67.0,28
29,64.0,29
30,61.0,30
31,58.0,31
32,55.0,32
33,52.0,33
34,49.0,34
35,46.0,35
36,43.0,36
37,40.0,37
38,37.0,38
39,34.0,39
40,31.0,40
25,80.0,41
26,77.0,42
27,74.0,43
28,71.0,44
29,68.0,45
30,65.0,46
31,62.0,47
32,59.0,48
33,56.0,49
34,53.0,50
35,50.0,51
36,47.0,52
37,44.0,53
38,41.0,54
39,38.0,55
40,35.0,56
41,32.0,57
42,29.0,58
43,26.0,59
44,23.0,60
45,20.0,61
46,17.0,62
25,78.0,63
26,75.0,64
27,72.0,65
28,69.0,66
29,66.0,67
30,63.0,68
31,60.0,69
32,57.0,70
33,54.0,71
34,51.0,72
35,48.0,73
36,45.0,74
37,42.0,75
38,39.0,76
39,36.0,77
40,33.0,78
41,30.0,79
42,27.0,80
43,24.0,81
44,21.0,82
45,18.0,83
46,15.0,84
25,76.0,85
26,73.0,86
27,70.0,87
28,67.0,88
29,64.0,89
30,61.0,90
31,58.0,91
32,55.0,92
33,52.0,93
34,49.0,94
35,46.0,95
36,43.0,96
37,40.0,97
38,37.0,98
39,34.0,99
40,31.0,100
25,80.0,1
26,77.0,2
27,74.0,3
28,71.0,4
29,68.0,5
30,65.0,6
31,62.0,7
32,59.0,8
33,56.0,9
34,53.0,10
35,50.0,11
36,47.0,12
37,44.0,13
38,41.0,14
39,38.0,15
40,35.0,16
41,32.0,17
42,29.0,18
43,26.0,19
44,23.0,20
45,20.0,21
46,17.0,22
25,78.0,23
26,75.0,24
27,72.0,25
28,69.0,26
29,66.0,27
30,63.0,28
31,60.0,29
32,57.0,30
33,54.0,31
34,51.0,32
35,48.0,33
36,45.0,34
37,42.0,35
38,39.0,36
39,36.0,37
40,33.0,38
41,30.0,39
42,27.0,40
43,24.0,41
44,21.0,42
45,18.0,43
46,15.0,44
25,76.0,45
26,73.0,46
27,70.0,47
28,67.0,48
29,64.0,49
30,61.0,50
31,58.0,51
32,55.0,52
33,52.0,53
34,49.0,54
35,46.0,55
36,43.0,56
37,40.0,57
38,37.0,58
39,34.0,59
40,31.0,60
25,80.0,61
26,77.0,62
27,74.0,63
28,71.0,64
29,68.0,65
30,65.0,66
31,62.0,67
32,59.0,68
33,56.0,69
34,53.0,70
35,50.0,71
36,47.0,72
37,44.0,73
38,41.0,74
39,38.0,75
40,35.0,76
41,32.0,77
42,29.0,78
43,26.0,79
44,23.0,80
45,20.0,81
46,17.0,82
25,78.0,83
26,75.0,84
27,72.0,85
28,69.0,86
29,66.0,87
30,63.0,88
31,60.0,89
32,57.0,90
33,54.0,91
34,51.0,92
35,48.0,93
36,45.0,94
37,42.0,95
38,39.0,96
39,36.0,97
40,33.0,98
41,30.0,99
42,27.0,100
43,24.0,1
44,21.0,2
45,18.0,3
46,15.0,4
25,76.0,5
26,73.0,6
27,70.0,7
28,67.0,8
29,64.0,9
30,61.0,10
31,58.0,11
32,55.0,12
33,52.0,13
34,49.0,14
35,46.0,15
36,43.0,16
37,40.0,17
38,37.0,18
39,34.0,19
40,31.0,20
25,80.0,21
26,77.0,22
27,74.0,23
28,71.0,24
29,68.0,25
30,65.0,26
31,62.0,27
32,59.0,28
33,56.0,29
34,53.0,30
35,50.0,31
36,47.0,32
37,44.0,33
38,41.0,34
39,38.0,35
40,35.0,36
41,32.0,37
42,29.0,38
43,26.0,39
44,23.0,40
45,20.0,41
46,17.0,42
25,78.0,43
26,75.0,44
27,72.0,45
28,69.0,46
29,66.0,47
30,63.0,48
31,60.0,49
32,57.0,50
33,54.0,51
34,51.0,52
35,48.0,53
36,45.0,54
37,42.0,55
38,39.0,56
39,36.0,57
40,33.0,58
41,30.0,59
42,27.0,60
43,24.0,61
44,21.0,62
45,18.0,63
46,15.0,64
25,76.0,65
26,73.0,66
27,70.0,67
28,67.0,68
29,64.0,69
30,61.0,70
31,58.0,71
32,55.0,72
33,52.0,73
34,49.0,74
35,46.0,75
36,43.0,76
37,40.0,77
38,37.0,78
39,34.0,79
40,31.0,80
25,80.0,81
26,77.0,82
27,74.0,83
28,71.0,84
29,68.0,85
30,65.0,86
31,62.0,87
32,59.0,88
33,56.0,89
34,53.0,90
35,50.0,91
36,47.0,92
37,44.0,93
38,41.0,94
39,38.0,95
40,35.0,96
41,32.0,97
42,29.0,98
43,26.0,99
44,23.0,100
45,20.0,1
46,17.0,2
25,78.0,3
26,75.0,4
27,72.0,5
28,69.0,6
29,66.0,7
30,63.0,8
31,60.0,9
32,57.0,10
33,54.0,11
34,51.0,12
35,48.0,13
36,45.0,14
37,42.0,15
38,39.0,16
39,36.0,17
40,33.0,18
41,30.0,19
42,27.0,20
43,24.0,21
44,21.0,22
45,18.0,23
46,15.0,24
25,76.0,25
26,73.0,26
27,70.0,27
28,67.0,28
29,64.0,29
30,61.0,30
31,58.0,31
32,55.0,32
33,52.0,33
34,49.0,34
35,46.0,35
36,43.0,36
37,40.0,37
38,37.0,38
39,34.0,39
40,31.0,40
25,80.0,41
26,77.0,42
27,74.0,43
28,71.0,44
29,68.0,45
30,65.0,46
31,62.0,47
32,59.0,48
33,56.0,49
34,53.0,50
35,50.0,51
36,47.0,52
37,44.0,53
38,41.0,54
39,38.0,55
40,35.0,56
41,32.0,57
42,29.0,58
43,26.0,59
44,23.0,60
45,20.0,61
46,17.0,62
25,78.0,63
26,75.0,64
27,72.0,65
28,69.0,66
29,66.0,67
30,63.0,68
31,60.0,69
32,57.0,70
33,54.0,71
34,51.0,72
35,48.0,73
36,45.0,74
37,42.0,75
38,39.0,76
39,36.0,77
40,33.0,78
41,30.0,79
42,27.0,80
43,24.0,81
44,21.0,82
45,18.0,83
46,15.0,84
25,76.0,85
26,73.0,86
27,70.0,87
28,67.0,88
29,64.0,89
30,61.0,90
31,58.0,91
32,55.0,92
33,52.0,93
34,49.0,94
35,46.0,95
36,43.0,96
37,40.0,97
38,37.0,98
39,34.0,99
40,31.0,100
25,80.0,1
26,77.0,2
27,74.0,3
28,71.0,4
29,68.0,5
30,65.0,6
31,62.0,7
32,59.0,8
33,56.0,9
34,53.0,10
35,50.0,11
36,47.0,12
37,44.0,13
38,41.0,14
39,38.0,15
40,35.0,16
41,32.0,17
42,29.0,18
43,26.0,19
44,23.0,20
45,20.0,21
46,17.0,22
25,78.0,23
26,75.0,24
27,72.0,25
28,69.0,26
29,66.0,27
30,63.0,28
31,60.0,29
32,57.0,30
33,54.0,31
34,51.0,32
35,48.0,33
36,45.0,34
37,42.0,35
38,39.0,36
39,36.0,37
40,33.0,38
41,30.0,39
42,27.0,40
43,24.0,41
44,21.0,42
45,18.0,43
46,15.0,44
25,76.0,45
26,73.0,46
27,70.0,47
28,67.0,48
29,64.0,49
30,61.0,50
31,58.0,51
32,55.0,52
33,52.0,53
34,49.0,54
35,46.0,55
36,43.0,56
37,40.0,57
38,37.0,58
39,34.0,59
40,31.0,60
25,80.0,61
26,77.0,62
27,74.0,63
28,71.0,64
29,68.0,65
30,65.0,66
31,62.0,67
32,59.0,68
33,56.0,69
34,53.0,70
35,50.0,71
36,47.0,72
37,44.0,73
38,41.0,74
39,38.0,75
40,35.0,76
41,32.0,77
42,29.0,78
43,26.0,79
44,23.0,80
45,20.0,81
46,17.0,82
25,78.0,83
26,75.0,84
27,72.0,85
28,69.0,86
29,66.0,87
30,63.0,88
31,60.0,89
32,57.0,90
33,54.0,91
34,51.0,92
35,48.0,93
36,45.0,94
37,42.0,95
38,39.0,96
39,36.0,97
40,33.0,98
41,30.0,99
42,27.0,100
43,24.0,1
44,21.0,2
45,18.0,3
46,15.0,4
25,76.0,5
26,73.0,6
27,70.0,7
28,67.0,8
29,64.0,9
30,61.0,10
31,58.0,11
32,55.0,12
33,52.0,13
34,49.0,14
35,46.0,15
36,43.0,16
37,40.0,17
38,37.0,18
39,34.0,19
40,31.0,20
25,80.0,21
26,77.0,22
27,74.0,23
28,71.0,24
29,68.0,25
30,65.0,26
31,62.0,27
32,59.0,28
33,56.0,29
34,53.0,30
35,50.0,31
36,47.0,32
37,44.0,33
38,41.0,34
39,38.0,35
40,35.0,36
41,32.0,37
42,29.0,38
43,26.0,39
44,23.0,40
45,20.0,41
46,17.0,42
25,78.0,43
26,75.0,44
27,72.0,45
28,69.0,46
29,66.0,47
30,63.0,48
31,60.0,49
32,57.0,50
33,54.0,51
34,51.0,52
35,48.0,53
36,45.0,54
37,42.0,55
38,39.0,56
39,36.0,57
40,33.0,58
41,30.0,59
42,27.0,60
43,24.0,61
44,21.0,62
45,18.0,63
46,15.0,64
25,76.0,65
26,73.0,66
27,70.0,67
28,67.0,68
29,64.0,69
30,61.0,70
31,58.0,71
32,55.0,72
33,52.0,73
34,49.0,74
35,46.0,75
36,43.0,76
37,40.0,77
38,37.0,78
39,34.0,79
40,31.0,80
25,80.0,81
26,77.0,82
27,74.0,83
28,71.0,84
29,68.0,85
30,65.0,86
31,62.0,87
32,59.0,88
33,56.0,89
34,53.0,90
35,50.0,91
36,47.0,92
37,44.0,93
38,41.0,94
39,38.0,95
40,35.0,96
41,32.0,97
42,29.0,98
43,26.0,99
44,23.0,100
45,20.0,1
46,17.0,2
25,78.0,3
26,75.0,4
27,72.0,5
28,69.0,6
29,66.0,7
30,63.0,8
31,60.0,9
32,57.0,10
33,54.0,11
34,51.0,12
35,48.0,13
36,45.0,14
37,42.0,15
38,39.0,16
39,36.0,17
40,33.0,18
41,30.0,19
42,27.0,20
43,24.0,21
44,21.0,22
45,18.0,23
46,15.0,24
25,76.0,25
26,73.0,26
27,70.0,27
28,67.0,28
29,64.0,29
30,61.0,30
31,58.0,31
32,55.0,32
33,52.0,33
34,49.0,34
35,46.0,35
36,43.0,36
37,40.0,37
38,37.0,38
39,34.0,39
40,31.0,40
25,80.0,41
26,77.0,42
27,74.0,43
28,71.0,44
29,68.0,45
30,65.0,46
31,62.0,47
32,59.0,48
33,56.0,49
34,53.0,50
35,50.0,51
36,47.0,52
37,44.0,53
38,41.0,54
39,38.0,55
40,35.0,56
41,32.0,57
42,29.0,58
43,26.0,59
44,23.0,60
45,20.0,61
46,17.0,62
25,78.0,63
26,75.0,64
27,72.0,65
28,69.0,66
29,66.0,67
30,63.0,68
31,60.0,69
32,57.0,70
33,54.0,71
34,51.0,72
35,48.0,73
36,45.0,74
37,42.0,75
38,39.0,76
39,36.0,77
40,33.0,78
41,30.0,79
42,27.0,80
43,24.0,81
44,21.0,82
45,18.0,83
46,15.0,84
25,76.0,85
26,73.0,86
27,70.0,87
28,67.0,88
29,64.0,89
30,61.0,90
31,58.0,91
32,55.0,92
33,52.0,93
34,49.0,94
35,46.0,95
36,43.0,96
37,40.0,97
38,37.0,98
39,34.0,99
40,31.0,100
25,80.0,1
26,77.0,2
27,74.0,3
28,71.0,4
29,68.0,5
30,65.0,6
31,62.0,7
32,59.0,8
33,56.0,9
34,53.0,10
35,50.0,11
36,47.0,12
37,44.0,13
38,41.0,14
39,38.0,15
40,35.0,16
41,32.0,17
42,29.0,18
43,26.0,19
44,23.0,20
45,20.0,21
46,17.0,22
25,78.0,23
26,75.0,24
27,72.0,25
28,69.0,26
29,66.0,27
30,63.0,28
31,60.0,29
32,57.0,30
33,54.0,31
34,51.0,32
35,48.0,33
36,45.0,34
37,42.0,35
38,39.0,36
39,36.0,37
40,33.0,38
41,30.0,39
42,27.0,40
43,24.0,41
44,21.0,42
45,18.0,43
46,15.0,44
25,76.0,45
26,73.0,46
27,70.0,47
28,67.0,48
29,64.0,49
30,61.0,50
31,58.0,51
32,55.0,52
33,52.0,53
34,49.0,54
35,46.0,55
36,43.0,56
37,40.0,57
38,37.0,58
39,34.0,59
40,31.0,60
25,80.0,61
26,77.0,62
27,74.0,63
28,71.0,64
29,68.0,65
30,65.0,66
31,62.0,67
32,59.0,68
33,56.0,69
34,53.0,70
35,50.0,71
36,47.0,72
37,44.0,73
38,41.0,74
39,38.0,75
40,35.0,76
41,32.0,77
42,29.0,78
43,26.0,79
44,23.0,80
45,20.0,81
46,17.0,82
25,78.0,83
26,75.0,84
27,72.0,85
28,69.0,86
29,66.0,87
30,63.0,88
31,60.0,89
32,57.0,90
33,54.0,91
34,51.0,92
35,48.0,93
36,45.0,94
37,42.0,95
38,39.0,96
39,36.0,97
40,33.0,98
41,30.0,99
42,27.0,100
43,24.0,1
44,21.0,2
45,18.0,3
46,15.0,4
25,76.0,5
26,73.0,6
27,70.0,7
28,67.0,8
29,64.0,9
30,61.0,10
31,58.0,11
32,55.0,12
33,52.0,13
34,49.0,14
35,46.0,15
36,43.0,16
37,40.0,17
38,37.0,18
39,34.0,19
40,31.0,20
25,80.0,21
26,77.0,22
27,74.0,23
28,71.0,24
29,68.0,25
30,65.0,26
31,62.0,27
32,59.0,28
33,56.0,29
34,53.0,30
35,50.0,31
36,47.0,32
37,44.0,33
38,41.0,34
39,38.0,35
40,35.0,36
41,32.0,37
42,29.0,38
43,26.0,39
44,23.0,40
45,20.0,41
46,17.0,42
25,78.0,43
26,75.0,44
27,72.0,45
28,69.0,46
29,66.0,47
30,63.0,48
31,60.0,49
32,57.0,50
33,54.0,51
34,51.0,52
35,48.0,53
36,45.0,54
37,42.0,55
38,39.0,56
39,36.0,57
40,33.0,58
41,30.0,59
42,27.0,60
43,24.0,61
44,21.0,62
45,18.0,63
46,15.0,64
25,76.0,65
26,73.0,66
27,70.0,67
28,67.0,68
29,64.0,69
30,61.0,70
31,58.0,71
32,55.0,72
33,52.0,73
34,49.0,74
35,46.0,75
36,43.0,76
37,40.0,77
38,37.0,78
39,34.0,79
40,31.0,80
25,80.0,81
26,77.0,82
27,74.0,83
28,71.0,84
29,68.0,85
30,65.0,86
31,62.0,87
32,59.0,88
33,56.0,89
34,53.0,90
35,50.0,91
36,47.0,92
37,44.0,93
38,41.0,94
39,38.0,95
40,35.0,96
41,32.0,97
42,29.0,98
43,26.0,99
44,23.0,100
45,20.0,1
46,17.0,2
25,78.0,3
26,75.0,4
27,72.0,5
28,69.0,6
29,66.0,7
30,63.0,8
31,60.0,9
32,57.0,10
33,54.0,11
34,51.0,12
35,48.0,13
36,45.0,14
37,42.0,15
38,39.0,16
39,36.0,17
40,33.0,18
41,30.0,19
42,27.0,20
43,24.0,21
44,21.0,22
45,18.0,23
46,15.0,24
25,76.0,25
26,73.0,26
27,70.0,27
28,67.0,28
29,64.0,29
30,61.0,30
31,58.0,31
32,55.0,32
33,52.0,33
34,49.0,34
35,46.0,35
36,43.0,36
37,40.0,37
38,37.0,38
39,34.0,39
40,31.0,40
25,80.0,41
26,77.0,42
27,74.0,43
28,71.0,44
29,68.0,45
30,65.0,46
31,62.0,47
32,59.0,48
33,56.0,49
34,53.0,50
35,50.0,51
36,47.0,52
37,44.0,53
38,41.0,54
39,38.0,55
40,35.0,56
41,32.0,57
42,29.0,58
43,26.0,59
44,23.0,60
45,20.0,61
46,17.0,62
25,78.0,63
26,75.0,64
27,72.0,65
28,69.0,66
29,66.0,67
30,63.0,68
31,60.0,69
32,57.0,70
33,54.0,71
34,51.0,72
35,48.0,73
36,45.0,74
37,42.0,75
38,39.0,76
39,36.0,77
40,33.0,78
41,30.0,79
42,27.0,80
43,24.0,81
44,21.0,82
45,18.0,83
46,15.0,84
25,76.0,85
26,73.0,86
27,70.0,87
28,67.0,88
29,64.0,89
30,61.0,90
31,58.0,91
32,55.0,92
33,52.0,93
34,49.0,94
35,46.0,95
36,43.0,96
37,40.0,97
38,37.0,98
39,34.0,99
40,31.0,100
25,80.0,1
26,77.0,2
27,74.0,3
28,71.0,4
29,68.0,5
30,65.0,6
31,62.0,7
32,59.0,8
33,56.0,9
34,53.0,10
35,50.0,11
36,47.0,12
37,44.0,13
38,41.0,14
39,38.0,15
40,35.0,16
41,32.0,17
42,29.0,18
43,26.0,19
44,23.0,20
45,20.0,21
46,17.0,22
25,78.0,23
26,75.0,24
27,72.0,25
28,69.0,26
29,66.0,27
30,63.0,28
31,60.0,29
32,57.0,30
33,54.0,31
34,51.0,32
35,48.0,33
36,45.0,34
37,42.0,35
38,39.0,36
39,36.0,37
40,33.0,38
41,30.0,39
42,27.0,40
43,24.0,41
44,21.0,42
45,18.0,43
46,15.0,44
25,76.0,45
26,73.0,46
27,70.0,47
28,67.0,48
29,64.0,49
30,61.0,50
31,58.0,51
32,55.0,52
33,52.0,53
34,49.0,54
35,46.0,55
36,43.0,56
37,40.0,57
38,37.0,58
39,34.0,59
40,31.0,60
25,80.0,61
26,77.0,62
27,74.0,63
28,71.0,64
29,68.0,65
30,65.0,66
31,62.0,67
32,59.0,68
33,56.0,69
34,53.0,70
35,50.0,71
36,47.0,72
37,44.0,73
38,41.0,74
39,38.0,75
40,35.0,76
41,32.0,77
42,29.0,78
43,26.0,79
44,23.0,80
45,20.0,81
46,17.0,82
25,78.0,83
26,75.0,84
27,72.0,85
28,69.0,86
29,66.0,87
30,63.0,88
31,60.0,89
32,57.0,90
33,54.0,91
34,51.0,92
35,48.0,93
36,45.0,94
37,42.0,95
38,39.0,96
39,36.0,97
40,33.0,98
41,30.0,99
42,27.0,100
43,24.0,1
44,21.0,2
45,18.0,3
46,15.0,4
25,76.0,5
26,73.0,6
27,70.0,7
28,67.0,8
29,64.0,9
30,61.0,10
31,58.0,11
32,55.0,12
33,52.0,13
34,49.0,14
35,46.0,15
36,43.0,16
37,40.0,17
38,37.0,18
39,34.0,19
40,31.0,20
25,80.0,21
26,77.0,22
27,74.0,23
28,71.0,24
29,68.0,25
30,65.0,26
31,62.0,27
32,59.0,28
33,56.0,29
34,53.0,30
35,50.0,31
36,47.0,32
37,44.0,33
38,41.0,34
39,38.0,35
40,35.0,36
41,32.0,37
42,29.0,38
43,26.0,39
44,23.0,40
45,20.0,41
46,17.0,42
25,78.0,43
26,75.0,44
27,72.0,45
28,69.0,46
29,66.0,47
30,63.0,48
31,60.0,49
32,57.0,50
33,54.0,51
34,51.0,52
35,48.0,53
36,45.0,54
37,42.0,55
38,39.0,56
39,36.0,57
40,33.0,58
41,30.0,59
42,27.0,60
43,24.0,61
44,21.0,62
45,18.0,63
46,15.0,64
25,76.0,65
26,73.0,66
27,70.0,67
28,67.0,68
29,64.0,69
30,61.0,70
31,58.0,71
32,55.0,72
33,52.0,73
34,49.0,74
35,46.0,75
36,43.0,76
37,40.0,77
38,37.0,78
39,34.0,79
40,31.0,80
25,80.0,81
26,77.0,82
27,74.0,83
28,71.0,84
29,68.0,85
30,65.0,86
31,62.0,87
32,59.0,88
33,56.0,89
34,53.0,90
35,50.0,91
36,47.0,92
37,44.0,93
38,41.0,94
39,38.0,95
40,35.0,96
41,32.0,97
42,29.0,98
43,26.0,99
44,23.0,100
45,20.0,1
46,17.0,2
25,78.0,3
26,75.0,4
27,72.0,5
28,69.0,6
29,66.0,7
30,63.0,8
31,60.0,9
32,57.0,10
33,54.0,11
34,51.0,12
35,48.0,13
36,45.0,14
37,42.0,15
38,39.0,16
39,36.0,17
40,33.0,18
41,30.0,19
42,27.0,20
43,24.0,21
44,21.0,22
45,18.0,23
46,15.0,24
25,76.0,25
26,73.0,26
27,70.0,27
28,67.0,28
29,64.0,29
30,61.0,30
31,58.0,31
32,55.0,32
33,52.0,33
34,49.0,34
35,46.0,35
36,43.0,36
37,40.0,37
38,37.0,38
39,34.0,39
40,31.0,40
25,80.0,41
26,77.0,42
27,74.0,43
28,71.0,44
29,68.0,45
30,65.0,46
31,62.0,47
32,59.0,48
33,56.0,49
34,53.0,50
35,50.0,51
36,47.0,52
37,44.0,53
38,41.0,54
39,38.0,55
40,35.0,56
41,32.0,57
42,29.0,58
43,26.0,59
44,23.0,60
45,20.0,61
46,17.0,62
25,78.0,63
26,75.0,64
27,72.0,65
28,69.0,66
29,66.0,67
30,63.0,68
31,60.0,69
32,57.0,70
33,54.0,71
34,51.0,72
35,48.0,73
36,45.0,74
37,42.0,75
38,39.0,76
39,36.0,77
40,33.0,78
41,30.0,79
42,27.0,80
43,24.0,81
44,21.0,82
45,18.0,83
46,15.0,84
25,76.0,85
26,73.0,86
27,70.0,87
28,67.0,88
29,64.0,89
30,61.0,90
31,58.0,91
32,55.0,92
33,52.0,93
34,49.0,94
35,46.0,95
36,43.0,96
37,40.0,97
38,37.0,98
39,34.0,99
40,31.0,100
25,80.0,1
26,77.0,2
27,74.0,3
28,71.0,4
29,68.0,5
30,65.0,6
31,62.0,7
32,59.0,8
33,56.0,9
34,53.0,10
35,50.0,11
36,47.0,12
37,44.0,13
38,41.0,14
39,38.0,15
40,35.0,16
41,32.0,17
42,29.0,18
43,26.0,19
44,23.0,20
45,20.0,21
46,17.0,22
25,78.0,23
26,75.0,24
27,72.0,25
28,69.0,26
29,66.0,27
30,63.0,28
31,60.0,29
32,57.0,30
33,54.0,31
34,51.0,32
35,48.0,33
36,45.0,34
37,42.0,35
38,39.0,36
39,36.0,37
40,33.0,38
41,30.0,39
42,27.0,40
43,24.0,41
44,21.0,42
45,18.0,43
46,15.0,44
25,76.0,45
26,73.0,46
27,70.0,47
28,67.0,48
29,64.0,49
30,61.0,50
31,58.0,51
32,55.0,52
33,52.0,53
34,49.0,54
35,46.0,55
36,43.0,56
37,40.0,57
38,37.0,58
39,34.0,59
40,31.0,60
25,80.0,61
26,77.0,62
27,74.0,63
28,71.0,64
29,68.0,65
30,65.0,66
31,62.0,67
32,59.0,68
33,56.0,69
34,53.0,70
35,50.0,71
36,47.0,72
37,44.0,73
38,41.0,74
39,38.0,75
40,35.0,76
41,32.0,77
42,29.0,78
43,26.0,79
44,23.0,80
45,20.0,81
46,17.0,82
25,78.0,83
26,75.0,84
27,72.0,85
28,69.0,86
29,66.0,87
30,63.0,88
31,60.0,89
32,57.0,90
33,54.0,91
34,51.0,92
35,48.0,93
36,45.0,94
37,42.0,95
38,39.0,96
39,36.0,97
40,33.0,98
41,30.0,99
42,27.0,100
43,24.0,1
44,21.0,2
45,18.0,3
46,15.0,4
25,76.0,5
26,73.0,6
27,70.0,7
28,67.0,8
29,64.0,9
30,61.0,10
31,58.0,11
32,55.0,12
33,52.0,13
34,49.0,14
35,46.0,15
36,43.0,16
37,40.0,17
38,37.0,18
39,34.0,19
40,31.0,20
25,80.0,21
26,77.0,22
27,74.0,23
28,71.0,24
29,68.0,25
30,65.0,26
31,62.0,27
32,59.0,28
33,56.0,29
34,53.0,30
35,50.0,31
36,47.0,32
37,44.0,33
38,41.0,34
39,38.0,35
40,35.0,36
41,32.0,37
42,29.0,38
43,26.0,39
44,23.0,40
45,20.0,41
46,17.0,42
25,78.0,43
26,75.0,44
27,72.0,45
28,69.0,46
29,66.0,47
30,63.0,48
31,60.0,49
32,57.0,50
33,54.0,51
34,51.0,52
35,48.0,53
36,45.0,54
37,42.0,55
38,39.0,56
39,36.0,57
40,33.0,58
41,30.0,59
42,27.0,60
43,24.0,61
44,21.0,62
45,18.0,63
46,15.0,64
25,76.0,65
26,73.0,66
27,70.0,67
28,67.0,68
29,64.0,69
30,61.0,70
31,58.0,71
32,55.0,72
33,52.0,73
34,49.0,74
35,46.0,75
36,43.0,76
37,40.0,77
38,37.0,78
39,34.0,79
40,31.0,80
25,80.0,81
26,77.0,82
27,74.0,83
28,71.0,84
29,68.0,85
30,65.0,86
31,62.0,87
32,59.0,88
33,56.0,89
34,53.0,90
35,50.0,91
36,47.0,92
37,44.0,93
38,41.0,94
39,38.0,95
40,35.0,96
41,32.0,97
42,29.0,98
43,26.0,99
44,23.0,100
45,20.0,1
46,17.0,2
25,78.0,3
26,75.0,4
27,72.0,5
28,69.0,6
29,66.0,7
30,63.0,8
31,60.0,9
32,57.0,10
33,54.0,11
34,51.0,12
35,48.0,13
36,45.0,14
37,42.0,15
38,39.0,16
39,36.0,17
40,33.0,18
41,30.0,19
42,27.0,20
43,24.0,21
44,21.0,22
45,18.0,23
46,15.0,24
25,76.0,25
26,73.0,26
27,70.0,27
28,67.0,28
29,64.0,29
30,61.0,30
31,58.0,31
32,55.0,32
33,52.0,33
34,49.0,34
35,46.0,35
36,43.0,36
37,40.0,37
38,37.0,38
39,34.0,39
40,31.0,40
25,80.0,41
26,77.0,42
27,74.0,43
28,71.0,44
29,68.0,45
30,65.0,46
31,62.0,47
32,59.0,48
33,56.0,49
34,53.0,50
35,50.0,51
36,47.0,52
37,44.0,53
38,41.0,54
39,38.0,55
40,35.0,56
41,32.0,57
42,29.0,58
43,26.0,59
44,23.0,60
45,20.0,61
46,17.0,62
25,78.0,63
26,75.0,64
27,72.0,65
28,69.0,66
29,66.0,67
30,63.0,68
31,60.0,69
32,57.0,70
33,54.0,71
34,51.0,72
35,48.0,73
36,45.0,74
37,42.0,75
38,39.0,76
39,36.0,77
40,33.0,78
41,30.0,79
42,27.0,80
43,24.0,81
44,21.0,82
45,18.0,83
46,15.0,84
25,76.0,85
26,73.0,86
27,70.0,87
28,67.0,88
29,64.0,89
30,61.0,90
31,58.0,91
32,55.0,92
33,52.0,93
34,49.0,94
35,46.0,95
36,43.0,96
37,40.0,97
38,37.0,98
39,34.0,99
40,31.0,100
25,80.0,1
26,77.0,2
27,74.0,3
28,71.0,4
29,68.0,5
30,65.0,6
31,62.0,7
32,59.0,8
33,56.0,9
34,53.0,10
35,50.0,11
36,47.0,12
37,44.0,13
38,41.0,14
39,38.0,15
40,35.0,16
41,32.0,17
42,29.0,18
43,26.0,19
44,23.0,20
45,20.0,21
46,17.0,22
25,78.0,23
26,75.0,24
27,72.0,25
28,69.0,26
29,66.0,27
30,63.0,28
31,60.0,29
32,57.0,30
33,54.0,31
34,51.0,32
35,48.0,33
36,45.0,34
37,42.0,35
38,39.0,36
39,36.0,37
40,33.0,38
41,30.0,39
42,27.0,40
43,24.0,41
44,21.0,42
45,18.0,43
46,15.0,44
25,76.0,45
26,73.0,46
27,70.0,47
28,67.0,48
29,64.0,49
30,61.0,50
31,58.0,51
32,55.0,52
33,52.0,53
34,49.0,54
35,46.0,55
36,43.0,56
37,40.0,57
38,37.0,58
39,34.0,59
40,31.0,60
25,80.0,61
26,77.0,62
27,74.0,63
28,71.0,64
29,68.0,65
30,65.0,66
31,62.0,67
32,59.0,68
33,56.0,69
34,53.0,70
35,50.0,71
36,47.0,72
37,44.0,73
38,41.0,74
39,38.0,75
40,35.0,76
41,32.0,77
42,29.0,78
43,26.0,79
44,23.0,80
45,20.0,81
46,17.0,82
25,78.0,83
26,75.0,84
27,72.0,85
28,69.0,86
29,66.0,87
30,63.0,88
31,60.0,89
32,57.0,90
33,54.0,91
34,51.0,92
35,48.0,93
36,45.0,94
37,42.0,95
38,39.0,96
39,36.0,97
40,33.0,98
41,30.0,99
42,27.0,100
43,24.0,1
44,21.0,2
45,18.0,3
46,15.0,4
25,76.0,5
26,73.0,6
27,70.0,7
28,67.0,8
29,64.0,9
30,61.0,10
31,58.0,11
32,55.0,12
33,52.0,13
34,49.0,14
35,46.0,15
36,43.0,16
37,40.0,17
38,37.0,18
39,34.0,19
40,31.0,20
25,80.0,21
26,77.0,22
27,74.0,23
28,71.0,24
29,68.0,25
30,65.0,26
31,62.0,27
32,59.0,28
33,56.0,29
34,53.0,30
35,50.0,31
36,47.0,32
37,44.0,33
38,41.0,34
39,38.0,35
40,35.0,36
41,32.0,37
42,29.0,38
43,26.0,39
44,23.0,40
45,20.0,41
46,17.0,42
25,78.0,43
26,75.0,44
27,72.0,45
28,69.0,46
29,66.0,47
30,63.0,48
31,60.0,49
32,57.0,50
33,54.0,51
34,51.0,52
35,48.0,53
36,45.0,54
37,42.0,55
38,39.0,56
39,36.0,57
40,33.0,58
41,30.0,59
42,27.0,60
43,24.0,61
44,21.0,62
45,18.0,63
46,15.0,64
25,76.0,65
26,73.0,66
27,70.0,67
28,67.0,68
29,64.0,69
30,61.0,70
31,58.0,71
32,55.0,72
33,52.0,73
34,49.0,74
35,46.0,75
36,43.0,76
37,40.0,77
38,37.0,78
39,34.0,79
40,31.0,80
25,80.0,81
26,77.0,82
27,74.0,83
28,71.0,84
29,68.0,85
30,65.0,86
31,62.0,87
32,59.0,88
33,56.0,89
34,53.0,90
35,50.0,91
36,47.0,92
37,44.0,93
38,41.0,94
39,38.0,95
40,35.0,96
41,32.0,97
42,29.0,98
43,26.0,99
44,23.0,100
45,20.0,1
46,17.0,2
25,78.0,3
26,75.0,4
27,72.0,5
28,69.0,6
29,66.0,7
30,63.0,8
31,60.0,9
32,57.0,10
33,54.0,11
34,51.0,12
35,48.0,13
36,45.0,14
37,42.0,15
38,39.0,16
39,36.0,17
40,33.0,18
41,30.0,19
42,27.0,20
43,24.0,21
44,21.0,22
45,18.0,23
46,15.0,24
25,76.0,25
26,73.0,26
27,70.0,27
28,67.0,28
29,64.0,29
30,61.0,30
31,58.0,31
32,55.0,32
33,52.0,33
34,49.0,34
35,46.0,35
36,43.0,36
37,40.0,37
38,37.0,38
39,34.0,39
40,31.0,40
25,80.0,41
26,77.0,42
27,74.0,43
28,71.0,44
29,68.0,45
30,65.0,46
31,62.0,47
32,59.0,48
33,56.0,49
34,53.0,50
35,50.0,51
36,47.0,52
37,44.0,53
38,41.0,54
39,38.0,55
40,35.0,56
41,32.0,57
42,29.0,58
43,26.0,59
44,23.0,60
45,20.0,61
46,17.0,62
25,78.0,63
26,75.0,64
27,72.0,65
28,69.0,66
29,66.0,67
30,63.0,68
31,60.0,69
32,57.0,70
33,54.0,71
34,51.0,72
35,48.0,73
36,45.0,74
37,42.0,75
38,39.0,76
39,36.0,77
40,33.0,78
41,30.0,79
42,27.0,80
43,24.0,81
44,21.0,82
45,18.0,83
46,15.0,84
25,76.0,85
26,73.0,86
27,70.0,87
28,67.0,88
29,64.0,89
30,61.0,90
31,58.0,91
32,55.0,92
33,52.0,93
34,49.0,94
35,46.0,95
36,43.0,96
37,40.0,97
38,37.0,98
39,34.0,99
40,31.0,100
25,80.0,1
26,77.0,2
27,74.0,3
28,71.0,4
29,68.0,5
30,65.0,6
31,62.0,7
32,59.0,8
33,56.0,9
34,53.0,10
35,50.0,11
36,47.0,12
37,44.0,13
38,41.0,14
39,38.0,15
40,35.0,16
41,32.0,17
42,29.0,18
43,26.0,19
44,23.0,20
45,20.0,21
46,17.0,22
25,78.0,23
26,75.0,24
27,72.0,25
28,69.0,26
29,66.0,27
30,63.0,28
31,60.0,29
32,57.0,30
33,54.0,31
34,51.0,32
35,48.0,33
36,45.0,34
37,42.0,35
38,39.0,36
39,36.0,37
40,33.0,38
41,30.0,39
42,27.0,40
43,24.0,41
44,21.0,42
45,18.0,43
46,15.0,44
25,76.0,45
26,73.0,46
27,70.0,47
28,67.0,48
29,64.0,49
30,61.0,50
31,58.0,51
32,55.0,52
33,52.0,53
34,49.0,54
35,46.0,55
36,43.0,56
37,40.0,57
38,37.0,58
39,34.0,59
40,31.0,60
25,80.0,61
26,77.0,62
27,74.0,63
28,71.0,64
29,68.0,65
30,65.0,66
31,62.0,67
32,59.0,68
33,56.0,69
34,53.0,70
35,50.0,71
36,47.0,72
37,44.0,73
38,41.0,74
39,38.0,75
40,35.0,76
41,32.0,77
42,29.0,78
43,26.0,79
44,23.0,80
45,20.0,81
46,17.0,82
25,78.0,83
26,75.0,84
27,72.0,85
28,69.0,86
29,66.0,87
30,63.0,88
31,60.0,89
32,57.0,90
33,54.0,91
34,51.0,92
35,48.0,93
36,45.0,94
37,42.0,95
38,39.0,96
39,36.0,97
40,33.0,98
41,30.0,99
42,27.0,100
43,24.0,1
44,21.0,2
45,18.0,3
46,15.0,4
25,76.0,5
26,73.0,6
27,70.0,7
28,67.0,8
29,64.0,9
30,61.0,10
31,58.0,11
32,55.0,12
33,52.0,13
34,49.0,14
35,46.0,15
36,43.0,16
37,40.0,17
38,37.0,18
39,34.0,19
40,31.0,20
25,80.0,21
26,77.0,22
27,74.0,23
28,71.0,24
29,68.0,25
30,65.0,26
31,62.0,27
32,59.0,28
33,56.0,29
34,53.0,30
35,50.0,31
36,47.0,32
37,44.0,33
38,41.0,34
39,38.0,35
40,35.0,36
41,32.0,37
42,29.0,38
43,26.0,39
44,23.0,40
45,20.0,41
46,17.0,42
25,78.0,43
26,75.0,44
27,72.0,45
28,69.0,46
29,66.0,47
30,63.0,48
31,60.0,49
32,57.0,50
33,54.0,51
34,51.0,52
35,48.0,53
36,45.0,54
37,42.0,55
38,39.0,56
39,36.0,57
40,33.0,58
41,30.0,59
42,27.0,60
43,24.0,61
44,21.0,62
45,18.0,63
46,15.0,64
25,76.0,65
26,73.0,66
27,70.0,67
28,67.0,68
29,64.0,69
30,61.0,70
31,58.0,71
32,55.0,72
33,52.0,73
34,49.0,74
35,46.0,75
36,43.0,76
37,40.0,77
38,37.0,78
39,34.0,79
40,31.0,80
25,80.0,81
26,77.0,82
27,74.0,83
28,71.0,84
29,68.0,85
30,65.0,86
31,62.0,87
32,59.0,88
33,56.0,89
34,53.0,90
35,50.0,91
36,47.0,92
37,44.0,93
38,41.0,94
39,38.0,95
40,35.0,96
41,32.0,97
42,29.0,98
43,26.0,99
44,23.0,100
45,20.0,1
46,17.0,2
25,78.0,3
26,75.0,4
27,72.0,5
28,69.0,6
29,66.0,7
30,63.0,8
31,60.0,9
32,57.0,10
33,54.0,11
34,51.0,12
35,48.0,13
36,45.0,14
37,42.0,15
38,39.0,16
39,36.0,17
40,33.0,18
41,30.0,19
42,27.0,20
43,24.0,21
44,21.0,22
45,18.0,23
46,15.0,24
25,76.0,25
26,73.0,26
27,70.0,27
28,67.0,28
29,64.0,29
30,61.0,30
31,58.0,31
32,55.0,32
33,52.0,33
34,49.0,34
35,46.0,35
36,43.0,36
37,40.0,37
38,37.0,38
39,34.0,39
40,31.0,40
25,80.0,41
26,77.0,42
27,74.0,43
28,71.0,44
29,68.0,45
30,65.0,46
31,62.0,47
32,59.0,48
33,56.0,49
34,53.0,50
35,50.0,51
36,47.0,52
37,44.0,53
38,41.0,54
39,38.0,55
40,35.0,56
41,32.0,57
42,29.0,58
43,26.0,59
44,23.0,60
45,20.0,61
46,17.0,62
25,78.0,63
26,75.0,64
27,72.0,65
28,69.0,66
29,66.0,67
30,63.0,68
31,60.0,69
32,57.0,70
33,54.0,71
34,51.0,72
35,48.0,73
36,45.0,74
37,42.0,75
38,39.0,76
39,36.0,77
40,33.0,78
41,30.0,79
42,27.0,80
43,24.0,81
44,21.0,82
45,18.0,83
46,15.0,84
25,76.0,85
26,73.0,86
27,70.0,87
28,67.0,88
29,64.0,89
30,61.0,90
31,58.0,91
32,55.0,92
33,52.0,93
34,49.0,94
35,46.0,95
36,43.0,96
37,40.0,97
38,37.0,98
39,34.0,99
40,31.0,100
25,80.0,1
26,77.0,2
27,74.0,3
28,71.0,4
29,68.0,5
30,65.0,6
31,62.0,7
32,59.0,8
33,56.0,9
34,53.0,10
35,50.0,11
36,47.0,12
37,44.0,13
38,41.0,14
39,38.0,15
40,35.0,16
41,32.0,17
42,29.0,18
43,26.0,19
44,23.0,20
45,20.0,21
46,17.0,22
25,78.0,23
26,75.0,24
27,72.0,25
28,69.0,26
29,66.0,27
30,63.0,28
31,60.0,29
32,57.0,30
33,54.0,31
34,51.0,32
35,48.0,33
36,45.0,34
37,42.0,35
38,39.0,36
39,36.0,37
40,33.0,38
41,30.0,39
42,27.0,40
43,24.0,41
44,21.0,42
45,18.0,43
46,15.0,44
25,76.0,45
26,73.0,46
27,70.0,47
28,67.0,48
29,64.0,49
30,61.0,50
31,58.0,51
32,55.0,52
33,52.0,53
34,49.0,54
35,46.0,55
36,43.0,56
37,40.0,57
38,37.0,58
39,34.0,59
40,31.0,60
25,80.0,61
26,77.0,62
27,74.0,63
28,71.0,64
29,68.0,65
30,65.0,66
31,62.0,67
32,59.0,68
33,56.0,69
34,53.0,70
35,50.0,71
36,47.0,72
37,44.0,73
38,41.0,74
39,38.0,75
40,35.0,76
41,32.0,77
42,29.0,78
43,26.0,79
44,23.0,80
45,20.0,81
46,17.0,82
25,78.0,83
26,75.0,84
27,72.0,85
28,69.0,86
29,66.0,87
30,63.0,88
31,60.0,89
32,57.0,90
33,54.0,91
34,51.0,92
35,48.0,93
36,45.0,94
37,42.0,95
38,39.0,96
39,36.0,97
40,33.0,98
41,30.0,99
42,27.0,100
43,24.0,1
44,21.0,2
45,18.0,3
46,15.0,4
25,76.0,5
26,73.0,6
27,70.0,7
28,67.0,8
29,64.0,9
30,61.0,10
31,58.0,11
32,55.0,12
33,52.0,13
34,49.0,14
35,46.0,15
36,43.0,16
37,40.0,17
38,37.0,18
39,34.0,19
40,31.0,20
25,80.0,21
26,77.0,22
27,74.0,23
28,71.0,24
29,68.0,25
30,65.0,26
31,62.0,27
32,59.0,28
33,56.0,29
34,53.0,30
35,50.0,31
36,47.0,32
37,44.0,33
38,41.0,34
39,38.0,35
40,35.0,36
41,32.0,37
42,29.0,38
43,26.0,39
44,23.0,40
45,20.0,41
46,17.0,42
25,78.0,43
26,75.0,44
27,72.0,45
28,69.0,46
29,66.0,47
30,63.0,48
31,60.0,49
32,57.0,50
33,54.0,51
34,51.0,52
35,48.0,53
36,45.0,54
37,42.0,55
38,39.0,56
39,36.0,57
40,33.0,58
41,30.0,59
42,27.0,60
43,24.0,61
44,21.0,62
45,18.0,63
46,15.0,64
25,76.0,65
26,73.0,66
27,70.0,67
28,67.0,68
29,64.0,69
30,61.0,70
31,58.0,71
32,55.0,72
33,52.0,73
34,49.0,74
35,46.0,75
36,43.0,76
37,40.0,77
38,37.0,78
39,34.0,79
40,31.0,80
25,80.0,81
26,77.0,82
27,74.0,83
28,71.0,84
29,68.0,85
30,65.0,86
31,62.0,87
32,59.0,88
33,56.0,89
34,53.0,90
35,50.0,91
36,47.0,92
37,44.0,93
38,41.0,94
39,38.0,95
40,35.0,96
41,32.0,97
42,29.0,98
43,26.0,99
44,23.0,100
45,20.0,1
46,17.0,2
25,78.0,3
26,75.0,4
27,72.0,5
28,69.0,6
29,66.0,7
30,63.0,8
31,60.0,9
32,57.0,10
33,54.0,11
34,51.0,12
35,48.0,13
36,45.0,14
37,42.0,15
38,39.0,16
39,36.0,17
40,33.0,18
41,30.0,19
42,27.0,20
43,24.0,21
44,21.0,22
45,18.0,23
46,15.0,24
25,76.0,25
26,73.0,26
27,70.0,27
28,67.0,28
29,64.0,29
30,61.0,30
31,58.0,31
32,55.0,32
33,52.0,33
34,49.0,34
35,46.0,35
36,43.0,36
37,40.0,37
38,37.0,38
39,34.0,39
40,31.0,40
25,80.0,41
26,77.0,42
27,74.0,43
28,71.0,44
29,68.0,45
30,65.0,46
31,62.0,47
32,59.0,48
33,56.0,49
34,53.0,50
35,50.0,51
36,47.0,52
37,44.0,53
38,41.0,54
39,38.0,55
40,35.0,56
41,32.0,57
42,29.0,58
43,26.0,59
44,23.0,60
45,20.0,61
46,17.0,62
25,78.0,63
26,75.0,64
27,72.0,65
28,69.0,66
29,66.0,67
30,63.0,68
31,60.0,69
32,57.0,70
33,54.0,71
34,51.0,72
35,48.0,73
36,45.0,74
37,42.0,75
38,39.0,76
39,36.0,77
40,33.0,78
41,30.0,79
42,27.0,80
43,24.0,81
44,21.0,82
45,18.0,83
46,15.0,84
25,76.0,85
26,73.0,86
27,70.0,87
28,67.0,88
29,64.0,89
30,61.0,90
31,58.0,91
32,55.0,92
33,52.0,93
34,49.0,94
35,46.0,95
36,43.0,96
37,40.0,97
38,37.0,98
39,34.0,99
40,31.0,100
24,80.0,1
23,81.0,2
22,82.0,3
21,83.0,4
20,84.0,5
19,85.0,6
18,86.0,7
17,87.0,8
16,88.0,9
15,89.0,10
14,90.0,11
13,91.0,12
24,80.0,13
23,81.0,14
22,82.0,15
21,83.0,16
20,84.0,17
19,85.0,18
18,86.0,19
17,87.0,20
16,88.0,21
15,89.0,22
14,90.0,23
13,91.0,24
24,80.0,25
23,81.0,26
22,82.0,27
21,83.0,28
20,84.0,29
19,85.0,30
18,86.0,31
17,87.0,32
16,88.0,33
15,89.0,34
14,90.0,35
13,91.0,36
24,80.0,37
23,81.0,38
22,82.0,39
21,83.0,40
20,84.0,41
19,85.0,42
18,86.0,43
17,87.0,44
16,88.0,45
15,89.0,46
14,90.0,47
13,91.0,48
24,80.0,49
23,81.0,50
22,82.0,51
21,83.0,52
20,84.0,53
19,85.0,54
18,86.0,55
17,87.0,56
16,88.0,57
15,89.0,58
14,90.0,59
13,91.0,60
24,80.0,61
23,81.0,62
22,82.0,63
21,83.0,64
20,84.0,65
19,85.0,66
18,86.0,67
17,87.0,68
16,88.0,69
15,89.0,70
14,90.0,71
13,91.0,72
24,80.0,73
23,81.0,74
22,82.0,75
21,83.0,76
20,84.0,77
19,85.0,78
18,86.0,79
24,80.0,1
23,81.0,2
22,82.0,3
21,83.0,4
20,84.0,5
19,85.0,6
18,86.0,7
17,87.0,8
16,88.0,9
15,89.0,10
14,90.0,11
13,91.0,12
24,80.0,13
23,81.0,14
22,82.0,15
21,83.0,16
20,84.0,17
19,85.0,18
18,86.0,19
17,87.0,20
16,88.0,21
15,89.0,22
14,90.0,23
13,91.0,24
24,80.0,25
23,81.0,26
22,82.0,27
21,83.0,28
20,84.0,29
19,85.0,30
18,86.0,31
17,87.0,32
16,88.0,33
15,89.0,34
14,90.0,35
13,91.0,36
24,80.0,37
23,81.0,38
22,82.0,39
21,83.0,40
20,84.0,41
19,85.0,42
18,86.0,43
17,87.0,44
16,88.0,45
15,89.0,46
14,90.0,47
13,91.0,48
24,80.0,49
23,81.0,50
22,82.0,51
21,83.0,52
20,84.0,53
19,85.0,54
18,86.0,55
17,87.0,56
16,88.0,57
15,89.0,58
14,90.0,59
13,91.0,60
24,80.0,61
23,81.0,62
22,82.0,63
21,83.0,64
20,84.0,65
19,85.0,66
18,86.0,67
17,87.0,68
16,88.0,69
24,80.0,1
23,81.0,2
22,82.0,3
21,83.0,4
20,84.0,5
19,85.0,6
18,86.0,7
17,87.0,8
16,88.0,9
15,89.0,10
14,90.0,11
13,91.0,12
24,80.0,13
23,81.0,14
22,82.0,15
21,83.0,16
20,84.0,17
19,85.0,18
18,86.0,19
17,87.0,20
16,88.0,21
15,89.0,22
14,90.0,23
13,91.0,24
24,80.0,25
23,81.0,26
22,82.0,27
21,83.0,28
20,84.0,29
19,85.0,30
18,86.0,31
17,87.0,32
16,88.0,33
15,89.0,34
14,90.0,35
13,91.0,36
24,80.0,37
23,81.0,38
22,82.0,39
21,83.0,40
20,84.0,41
19,85.0,42
18,86.0,43
17,87.0,44
16,88.0,45
15,89.0,46
14,90.0,47
13,91.0,48
24,80.0,49
23,81.0,50
22,82.0,51
21,83.0,52
20,84.0,53
19,85.0,54
18,86.0,55
17,87.0,56
16,88.0,57
15,89.0,58
14,90.0,59
24,80.0,1
23,81.0,2
22,82.0,3
21,83.0,4
20,84.0,5
19,85.0,6
18,86.0,7
17,87.0,8
16,88.0,9
15,89.0,10
14,90.0,11
13,91.0,12
24,80.0,13
23,81.0,14
22,82.0,15
21,83.0,16
20,84.0,17
19,85.0,18
18,86.0,19
17,87.0,20
16,88.0,21
15,89.0,22
14,90.0,23
13,91.0,24
24,80.0,25
23,81.0,26
22,82.0,27
21,83.0,28
20,84.0,29
19,85.0,30
18,86.0,31
17,87.0,32
16,88.0,33
15,89.0,34
14,90.0,35
13,91.0,36
24,80.0,37
23,81.0,38
22,82.0,39
21,83.0,40
20,84.0,41
19,85.0,42
18,86.0,43
17,87.0,44
16,88.0,45
15,89.0,46
14,90.0,47
13,91.0,48
24,80.0,49
23,81.0,50
22,82.0,51
21,83.0,52
20,84.0,53
19,85.0,54
18,86.0,55
17,87.0,56
16,88.0,57
15,89.0,58
14,90.0,59
24,80.0,60
23,81.0,61
22,82.0,62
21,83.0,63
20,84.0,64
19,85.0,65
18,86.0,66
17,87.0,67
16,88.0,68
15,89.0,69
24,80.0,1
23,81.0,2
22,82.0,3
21,83.0,4
20,84.0,5
19,85.0,6
18,86.0,7
17,87.0,8
16,88.0,9
15,89.0,10
14,90.0,11
13,91.0,12
24,80.0,13
23,81.0,14
22,82.0,15
21,83.0,16
20,84.0,17
19,85.0,18
18,86.0,19
17,87.0,20
16,88.0,21
15,89.0,22
14,90.0,23
13,91.0,24
24,80.0,25
23,81.0,26
22,82.0,27
21,83.0,28
20,84.0,29
19,85.0,30
18,86.0,31
17,87.0,32
16,88.0,33
15,89.0,34
14,90.0,35
13,91.0,36
24,80.0,37
23,81.0,38
22,82.0,39
21,83.0,40
20,84.0,41
19,85.0,42
18,86.0,43
17,87.0,44
16,88.0,45
15,89.0,46
14,90.0,47
13,91.0,48
24,80.0,49
24,80.0,1
23,81.0,2
22,82.0,3
21,83.0,4
20,84.0,5
19,85.0,6
18,86.0,7
17,87.0,8
16,88.0,9
15,89.0,10
14,90.0,11
13,91.0,12
24,80.0,13
23,81.0,14
22,82.0,15
21,83.0,16
20,84.0,17
19,85.0,18
18,86.0,19
17,87.0,20
16,88.0,21
15,89.0,22
14,90.0,23
13,91.0,24
24,80.0,25
23,81.0,26
22,82.0,27
21,83.0,28
20,84.0,29
19,85.0,30
18,86.0,31
17,87.0,32
16,88.0,33
15,89.0,34
14,90.0,35
13,91.0,36
24,80.0,37
23,81.0,38
22,82.0,39
21,83.0,40
20,84.0,41
19,85.0,42
18,86.0,43
17,87.0,44
16,88.0,45
15,89.0,46
14,90.0,47
13,91.0,48
24,80.0,49
23,81.0,50
22,82.0,51
21,83.0,52
20,84.0,53
19,85.0,54
18,86.0,55
17,87.0,56
16,88.0,57
15,89.0,58
14,90.0,59
13,91.0,60
24,80.0,61
23,81.0,62
22,82.0,63
21,83.0,64
20,84.0,65
19,85.0,66
18,86.0,67
17,87.0,68
16,88.0,69
15,89.0,70
14,90.0,71
13,91.0,72
24,80.0,73
23,81.0,74
22,82.0,75
21,83.0,76
20,84.0,77
19,85.0,78
18,86.0,79
24,80.0,1
23,81.0,2
22,82.0,3
21,83.0,4
20,84.0,5
19,85.0,6
18,86.0,7
17,87.0,8
16,88.0,9
15,89.0,10
14,90.0,11
13,91.0,12
24,80.0,13
23,81.0,14
22,82.0,15
21,83.0,16
20,84.0,17
19,85.0,18
18,86.0,19
17,87.0,20
16,88.0,21
15,89.0,22
14,90.0,23
13,91.0,24
24,80.0,25
23,81.0,26
22,82.0,27
21,83.0,28
20,84.0,29
19,85.0,30
18,86.0,31
17,87.0,32
16,88.0,33
15,89.0,34
14,90.0,35
13,91.0,36
24,80.0,37
23,81.0,38
22,82.0,39
21,83.0,40
20,84.0,41
19,85.0,42
18,86.0,43
17,87.0,44
16,88.0,45
15,89.0,46
14,90.0,47
13,91.0,48
24,80.0,49
23,81.0,50
22,82.0,51
21,83.0,52
20,84.0,53
19,85.0,54
18,86.0,55
17,87.0,56
16,88.0,57
15,89.0,58
14,90.0,59
13,91.0,60
24,80.0,61
23,81.0,62
22,82.0,63
21,83.0,64
20,84.0,65
19,85.0,66
18,86.0,67
17,87.0,68
16,88.0,69
24,80.0,1
23,81.0,2
22,82.0,3
21,83.0,4
20,84.0,5
19,85.0,6
18,86.0,7
17,87.0,8
16,88.0,9
15,89.0,10
14,90.0,11
13,91.0,12
24,80.0,13
23,81.0,14
22,82.0,15
21,83.0,16
20,84.0,17
19,85.0,18
18,86.0,19
17,87.0,20
16,88.0,21
15,89.0,22
14,90.0,23
13,91.0,24
24,80.0,25
23,81.0,26
22,82.0,27
21,83.0,28
20,84.0,29
19,85.0,30
18,86.0,31
17,87.0,32
16,88.0,33
15,89.0,34
14,90.0,35
13,91.0,36
24,80.0,37
23,81.0,38
22,82.0,39
21,83.0,40
20,84.0,41
19,85.0,42
18,86.0,43
17,87.0,44
16,88.0,45
15,89.0,46
14,90.0,47
13,91.0,48
24,80.0,49
23,81.0,50
22,82.0,51
21,83.0,52
20,84.0,53
19,85.0,54
18,86.0,55
17,87.0,56
16,88.0,57
15,89.0,58
14,90.0,59
24,80.0,1
23,81.0,2
22,82.0,3
21,83.0,4
20,84.0,5
19,85.0,6
18,86.0,7
17,87.0,8
16,88.0,9
15,89.0,10
14,90.0,11
13,91.0,12
24,80.0,13
23,81.0,14
22,82.0,15
21,83.0,16
20,84.0,17
19,85.0,18
18,86.0,19
17,87.0,20
16,88.0,21
15,89.0,22
14,90.0,23
13,91.0,24
24,80.0,25
23,81.0,26
22,82.0,27
21,83.0,28
20,84.0,29
19,85.0,30
18,86.0,31
17,87.0,32
16,88.0,33
15,89.0,34
14,90.0,35
13,91.0,36
24,80.0,37
23,81.0,38
22,82.0,39
21,83.0,40
20,84.0,41
19,85.0,42
18,86.0,43
17,87.0,44
16,88.0,45
15,89.0,46
14,90.0,47
13,91.0,48
24,80.0,49
24,80.0,50
23,81.0,51
22,82.0,52
21,83.0,53
20,84.0,54
19,85.0,55
18,86.0,56
17,87.0,57
16,88.0,58
15,89.0,59
14,90.0,1
13,91.0,2
24,80.0,3
23,81.0,4
22,82.0,5
21,83.0,6
20,84.0,7
19,85.0,8
18,86.0,9
17,87.0,10
16,88.0,11
15,89.0,12
14,90.0,13
13,91.0,14
24,80.0,15
23,81.0,16
22,82.0,17
21,83.0,18
20,84.0,19
19,85.0,20
18,86.0,21
17,87.0,22
16,88.0,23
15,89.0,24
14,90.0,25
13,91.0,26
24,80.0,27
23,81.0,28
22,82.0,29
21,83.0,30
20,84.0,31
19,85.0,32
18,86.0,33
17,87.0,34
16,88.0,35
15,89.0,36
14,90.0,37
13,91.0,38
24,80.0,39
23,81.0,40
22,82.0,41
21,83.0,42
20,84.0,43
19,85.0,44
18,86.0,45
17,87.0,46
16,88.0,47
15,89.0,48
14,90.0,49
13,91.0,50
24,80.0,51
23,81.0,52
22,82.0,53
21,83.0,54
20,84.0,55
19,85.0,56
18,86.0,57
17,87.0,58
16,88.0,59
15,89.0,60
14,90.0,61
13,91.0,62
24,80.0,63
23,81.0,64
22,82.0,65
21,83.0,66
20,84.0,67
19,85.0,68
18,86.0,69
24,80.0,70
23,81.0,71
22,82.0,72
21,83.0,73
20,84.0,74
19,85.0,75
18,86.0,76
17,87.0,77
16,88.0,78
15,89.0,79
14,90.0,1
13,91.0,2
24,80.0,3
23,81.0,4
22,82.0,5
21,83.0,6
20,84.0,7
19,85.0,8
18,86.0,9
17,87.0,10
16,88.0,11
15,89.0,12
14,90.0,13
13,91.0,14
24,80.0,15
23,81.0,16
22,82.0,17
21,83.0,18
20,84.0,19
19,85.0,20
18,86.0,21
17,87.0,22
16,88.0,23
15,89.0,24
14,90.0,25
13,91.0,26
24,80.0,27
23,81.0,28
22,82.0,29
21,83.0,30
20,84.0,31
19,85.0,32
18,86.0,33
17,87.0,34
16,88.0,35
15,89.0,36
14,90.0,37
13,91.0,38
24,80.0,39
23,81.0,40
22,82.0,41
21,83.0,42
20,84.0,43
19,85.0,44
18,86.0,45
17,87.0,46
16,88.0,47
15,89.0,48
14,90.0,49
13,91.0,50
24,80.0,51
23,81.0,52
22,82.0,53
21,83.0,54
20,84.0,55
19,85.0,56
18,86.0,57
17,87.0,58
16,88.0,59
24,80.0,60
23,81.0,61
22,82.0,62
21,83.0,63
20,84.0,64
19,85.0,65
18,86.0,66
17,87.0,67
16,88.0,68
15,89.0,69
14,90.0,1
13,91.0,2
24,80.0,3
23,81.0,4
22,82.0,5
21,83.0,6
20,84.0,7
19,85.0,8
18,86.0,9
17,87.0,10
16,88.0,11
15,89.0,12
14,90.0,13
13,91.0,14
24,80.0,15
23,81.0,16
22,82.0,17
21,83.0,18
20,84.0,19
19,85.0,20
18,86.0,21
17,87.0,22
16,88.0,23
15,89.0,24
14,90.0,25
13,91.0,26
24,80.0,27
23,81.0,28
22,82.0,29
21,83.0,30
20,84.0,31
19,85.0,32
18,86.0,33
17,87.0,34
16,88.0,35
15,89.0,36
14,90.0,37
13,91.0,38
24,80.0,39
23,81.0,40
22,82.0,41
21,83.0,42
20,84.0,43
19,85.0,44
18,86.0,45
17,87.0,46
16,88.0,47
15,89.0,48
14,90.0,49
24,80.0,50
23,81.0,51
22,82.0,52
21,83.0,53
20,84.0,54
19,85.0,55
18,86.0,56
17,87.0,57
16,88.0,58
15,89.0,59
14,90.0,1
13,91.0,2
24,80.0,3
23,81.0,4
22,82.0,5
21,83.0,6
20,84.0,7
19,85.0,8
18,86.0,9
17,87.0,10
16,88.0,11
15,89.0,12
14,90.0,13
13,91.0,14
24,80.0,15
23,81.0,16
22,82.0,17
21,83.0,18
20,84.0,19
19,85.0,20
18,86.0,21
17,87.0,22
16,88.0,23
15,89.0,24
14,90.0,25
13,91.0,26
24,80.0,27
23,81.0,28
22,82.0,29
21,83.0,30
20,84.0,31
19,85.0,32
18,86.0,33
17,87.0,34
16,88.0,35
15,89.0,36
14,90.0,37
13,91.0,38
24,80.0,39
23,81.0,40
22,82.0,41
21,83.0,42
20,84.0,43
19,85.0,44
18,86.0,45
17,87.0,46
16,88.0,47
15,89.0,48
14,90.0,49
24,80.0,50
23,81.0,51
22,82.0,52
21,83.0,53
20,84.0,54
19,85.0,55
18,86.0,56
17,87.0,57
16,88.0,58
15,89.0,59
24,80.0,60
23,81.0,61
22,82.0,62
21,83.0,63
20,84.0,64
19,85.0,65
18,86.0,66
17,87.0,67
16,88.0,68
15,89.0,69
14,90.0,1
13,91.0,2
24,80.0,3
23,81.0,4
22,82.0,5
21,83.0,6
20,84.0,7
19,85.0,8
18,86.0,9
17,87.0,10
16,88.0,11
15,89.0,12
14,90.0,13
13,91.0,14
24,80.0,15
23,81.0,16
22,82.0,17
21,83.0,18
20,84.0,19
19,85.0,20
18,86.0,21
17,87.0,22
16,88.0,23
15,89.0,24
14,90.0,25
13,91.0,26
24,80.0,27
23,81.0,28
22,82.0,29
21,83.0,30
20,84.0,31
19,85.0,32
18,86.0,33
17,87.0,34
16,88.0,35
15,89.0,36
14,90.0,37
13,91.0,38
24,80.0,39
24,80.0,1
23,81.0,2
22,82.0,3
21,83.0,4
20,84.0,5
19,85.0,6
18,86.0,7
17,87.0,8
16,88.0,9
15,89.0,10
14,90.0,11
13,91.0,12
24,80.0,13
23,81.0,14
22,82.0,15
21,83.0,16
20,84.0,17
19,85.0,18
18,86.0,19
17,87.0,20
16,88.0,21
15,89.0,22
14,90.0,23
13,91.0,24
24,80.0,25
23,81.0,26
22,82.0,27
21,83.0,28
20,84.0,29
19,85.0,30
18,86.0,31
17,87.0,32
16,88.0,33
15,89.0,34
14,90.0,35
13,91.0,36
24,80.0,37
23,81.0,38
22,82.0,39
21,83.0,40
20,84.0,41
19,85.0,42
18,86.0,43
17,87.0,44
16,88.0,45
15,89.0,46
14,90.0,47
13,91.0,48
24,80.0,49
23,81.0,50
22,82.0,51
21,83.0,52
20,84.0,53
19,85.0,54
18,86.0,55
17,87.0,56
16,88.0,57
15,89.0,58
14,90.0,59
13,91.0,60
24,80.0,61
23,81.0,62
22,82.0,63
21,83.0,64
20,84.0,65
19,85.0,66
18,86.0,67
17,87.0,68
16,88.0,69
15,89.0,1
14,90.0,2
13,91.0,3
24,80.0,4
23,81.0,5
22,82.0,6
21,83.0,7
20,84.0,8
19,85.0,9
18,86.0,10
24,80.0,11
23,81.0,12
22,82.0,13
21,83.0,14
20,84.0,15
19,85.0,16
18,86.0,17
17,87.0,18
16,88.0,19
15,89.0,20
14,90.0,21
13,91.0,22
24,80.0,23
23,81.0,24
22,82.0,25
21,83.0,26
20,84.0,27
19,85.0,28
18,86.0,29
17,87.0,30
16,88.0,31
15,89.0,32
14,90.0,33
13,91.0,34
24,80.0,35
23,81.0,36
22,82.0,37
21,83.0,38
20,84.0,39
19,85.0,40
18,86.0,41
17,87.0,42
16,88.0,43
15,89.0,44
14,90.0,45
13,91.0,46
24,80.0,47
23,81.0,48
22,82.0,49
21,83.0,50
20,84.0,51
19,85.0,52
18,86.0,53
17,87.0,54
16,88.0,55
15,89.0,56
14,90.0,57
13,91.0,58
24,80.0,59
23,81.0,1
22,82.0,2
21,83.0,3
20,84.0,4
19,85.0,5
18,86.0,6
17,87.0,7
16,88.0,8
15,89.0,9
14,90.0,10
13,91.0,11
24,80.0,12
23,81.0,13
22,82.0,14
21,83.0,15
20,84.0,16
19,85.0,17
18,86.0,18
17,87.0,19
16,88.0,20
24,80.0,21
23,81.0,22
22,82.0,23
21,83.0,24
20,84.0,25
19,85.0,26
18,86.0,27
17,87.0,28
16,88.0,29
15,89.0,30
14,90.0,31
13,91.0,32
24,80.0,33
23,81.0,34
22,82.0,35
21,83.0,36
20,84.0,37
19,85.0,38
18,86.0,39
17,87.0,40
16,88.0,41
15,89.0,42
14,90.0,43
13,91.0,44
24,80.0,45
23,81.0,46
22,82.0,47
21,83.0,48
20,84.0,49
19,85.0,1
18,86.0,2
17,87.0,3
16,88.0,4
15,89.0,5
14,90.0,6
13,91.0,7
24,80.0,8
23,81.0,9
22,82.0,10
21,83.0,11
20,84.0,12
19,85.0,13
18,86.0,14
17,87.0,15
16,88.0,16
15,89.0,17
14,90.0,18
13,91.0,19
24,80.0,20
23,81.0,21
22,82.0,22
21,83.0,23
20,84.0,24
19,85.0,25
18,86.0,26
17,87.0,27
16,88.0,28
15,89.0,29
14,90.0,30
24,80.0,31
23,81.0,32
22,82.0,33
21,83.0,34
20,84.0,35
19,85.0,36
18,86.0,37
17,87.0,38
16,88.0,39
15,89.0,40
14,90.0,41
13,91.0,42
24,80.0,43
23,81.0,44
22,82.0,45
21,83.0,46
20,84.0,47
19,85.0,48
18,86.0,49
17,87.0,50
16,88.0,51
15,89.0,52
14,90.0,53
13,91.0,54
24,80.0,55
23,81.0,56
22,82.0,57
21,83.0,58
20,84.0,59
19,85.0,1
18,86.0,2
17,87.0,3
16,88.0,4
15,89.0,5
14,90.0,6
13,91.0,7
24,80.0,8
23,81.0,9
22,82.0,10
21,83.0,11
20,84.0,12
19,85.0,13
18,86.0,14
17,87.0,15
16,88.0,16
15,89.0,17
14,90.0,18
13,91.0,19
24,80.0,20
23,81.0,21
22,82.0,22
21,83.0,23
20,84.0,24
19,85.0,25
18,86.0,26
17,87.0,27
16,88.0,28
15,89.0,29
14,90.0,30
24,80.0,31
23,81.0,32
22,82.0,33
21,83.0,34
20,84.0,35
19,85.0,36
18,86.0,37
17,87.0,38
16,88.0,39
15,89.0,40
24,80.0,41
23,81.0,42
22,82.0,43
21,83.0,44
20,84.0,45
19,85.0,46
18,86.0,47
17,87.0,48
16,88.0,49
15,89.0,1
14,90.0,2
13,91.0,3
24,80.0,4
23,81.0,5
22,82.0,6
21,83.0,7
20,84.0,8
19,85.0,9
18,86.0,10
17,87.0,11
16,88.0,12
15,89.0,13
14,90.0,14
13,91.0,15
24,80.0,16
23,81.0,17
22,82.0,18
21,83.0,19
20,84.0,20
19,85.0,21
18,86.0,22
17,87.0,23
16,88.0,24
15,89.0,25
14,90.0,26
13,91.0,27
24,80.0,28
23,81.0,29
22,82.0,30
21,83.0,31
20,84.0,32
19,85.0,33
18,86.0,34
17,87.0,35
16,88.0,36
15,89.0,37
14,90.0,38
13,91.0,39
24,80.0,40
24,80.0,41
23,81.0,42
22,82.0,43
21,83.0,44
20,84.0,45
19,85.0,46
18,86.0,47
17,87.0,48
16,88.0,49
15,89.0,50
14,90.0,51
13,91.0,52
24,80.0,53
23,81.0,54
22,82.0,55
21,83.0,56
20,84.0,57
19,85.0,58
18,86.0,59
17,87.0,60
16,88.0,61
15,89.0,62
14,90.0,63
13,91.0,64
24,80.0,65
23,81.0,66
22,82.0,67
21,83.0,68
20,84.0,69
19,85.0,70
18,86.0,71
17,87.0,72
16,88.0,73
15,89.0,74
14,90.0,75
13,91.0,76
24,80.0,77
23,81.0,78
22,82.0,79
21,83.0,1
20,84.0,2
19,85.0,3
18,86.0,4
17,87.0,5
16,88.0,6
15,89.0,7
14,90.0,8
13,91.0,9
24,80.0,10
23,81.0,11
22,82.0,12
21,83.0,13
20,84.0,14
19,85.0,15
18,86.0,16
17,87.0,17
16,88.0,18
15,89.0,19
14,90.0,20
13,91.0,21
24,80.0,22
23,81.0,23
22,82.0,24
21,83.0,25
20,84.0,26
19,85.0,27
18,86.0,28
17,87.0,29
16,88.0,30
15,89.0,31
14,90.0,32
13,91.0,33
24,80.0,34
23,81.0,35
22,82.0,36
21,83.0,37
20,84.0,38
19,85.0,39
18,86.0,40
24,80.0,41
23,81.0,42
22,82.0,43
21,83.0,44
20,84.0,45
19,85.0,46
18,86.0,47
17,87.0,48
16,88.0,49
15,89.0,50
14,90.0,51
13,91.0,52
24,80.0,53
23,81.0,54
22,82.0,55
21,83.0,56
20,84.0,57
19,85.0,58
18,86.0,59
17,87.0,60
16,88.0,61
15,89.0,62
14,90.0,63
13,91.0,64
24,80.0,65
23,81.0,66
22,82.0,67
21,83.0,68
20,84.0,69
19,85.0,1
18,86.0,2
17,87.0,3
16,88.0,4
15,89.0,5
14,90.0,6
13,91.0,7
24,80.0,8
23,81.0,9
22,82.0,10
21,83.0,11
20,84.0,12
19,85.0,13
18,86.0,14
17,87.0,15
16,88.0,16
15,89.0,17
14,90.0,18
13,91.0,19
24,80.0,20
23,81.0,21
22,82.0,22
21,83.0,23
20,84.0,24
19,85.0,25
18,86.0,26
17,87.0,27
16,88.0,28
15,89.0,29
14,90.0,30
13,91.0,31
24,80.0,32
23,81.0,33
22,82.0,34
21,83.0,35
20,84.0,36
19,85.0,37
18,86.0,38
17,87.0,39
16,88.0,40
24,80.0,41
23,81.0,42
22,82.0,43
21,83.0,44
20,84.0,45
19,85.0,46
18,86.0,47
17,87.0,48
16,88.0,49
15,89.0,50
14,90.0,51
13,91.0,52
24,80.0,53
23,81.0,54
22,82.0,55
21,83.0,56
20,84.0,57
19,85.0,58
18,86.0,59
17,87.0,1
16,88.0,2
15,89.0,3
14,90.0,4
13,91.0,5
24,80.0,6
23,81.0,7
22,82.0,8
21,83.0,9
20,84.0,10
19,85.0,11
18,86.0,12
17,87.0,13
16,88.0,14
15,89.0,15
14,90.0,16
13,91.0,17
24,80.0,18
23,81.0,19
22,82.0,20
21,83.0,21
20,84.0,22
19,85.0,23
18,86.0,24
17,87.0,25
16,88.0,26
15,89.0,27
14,90.0,28
13,91.0,29
24,80.0,30
23,81.0,31
22,82.0,32
21,83.0,33
20,84.0,34
19,85.0,35
18,86.0,36
17,87.0,37
16,88.0,38
15,89.0,39
14,90.0,40
24,80.0,41
23,81.0,42
22,82.0,43
21,83.0,44
20,84.0,45
19,85.0,46
18,86.0,47
17,87.0,48
16,88.0,49
15,89.0,50
14,90.0,51
13,91.0,52
24,80.0,53
23,81.0,54
22,82.0,55
21,83.0,56
20,84.0,57
19,85.0,58
18,86.0,59
17,87.0,60
16,88.0,61
15,89.0,62
14,90.0,63
13,91.0,64
24,80.0,65
23,81.0,66
22,82.0,67
21,83.0,68
20,84.0,69
19,85.0,1
18,86.0,2
17,87.0,3
16,88.0,4
15,89.0,5
14,90.0,6
13,91.0,7
24,80.0,8
23,81.0,9
22,82.0,10
21,83.0,11
20,84.0,12
19,85.0,13
18,86.0,14
17,87.0,15
16,88.0,16
15,89.0,17
14,90.0,18
13,91.0,19
24,80.0,20
23,81.0,21
22,82.0,22
21,83.0,23
20,84.0,24
19,85.0,25
18,86.0,26
17,87.0,27
16,88.0,28
15,89.0,29
14,90.0,30
24,80.0,31
23,81.0,32
22,82.0,33
21,83.0,34
20,84.0,35
19,85.0,36
18,86.0,37
17,87.0,38
16,88.0,39
15,89.0,40
24,80.0,41
23,81.0,42
22,82.0,43
21,83.0,44
20,84.0,45
19,85.0,46
18,86.0,47
17,87.0,48
16,88.0,49
15,89.0,50
14,90.0,51
13,91.0,52
24,80.0,53
23,81.0,54
22,82.0,55
21,83.0,56
20,84.0,57
19,85.0,58
18,86.0,59
17,87.0,1
16,88.0,2
15,89.0,3
14,90.0,4
13,91.0,5
24,80.0,6
23,81.0,7
22,82.0,8
21,83.0,9
20,84.0,10
19,85.0,11
18,86.0,12
17,87.0,13
16,88.0,14
15,89.0,15
14,90.0,16
13,91.0,17
24,80.0,18
23,81.0,19
22,82.0,20
21,83.0,21
20,84.0,22
19,85.0,23
18,86.0,24
17,87.0,25
16,88.0,26
15,89.0,27
14,90.0,28
13,91.0,29
24,80.0,30
24,80.0,31
23,81.0,32
22,82.0,33
21,83.0,34
20,84.0,35
19,85.0,36
18,86.0,37
17,87.0,38
16,88.0,39
15,89.0,40
14,90.0,41
13,91.0,42
24,80.0,43
23,81.0,44
22,82.0,45
21,83.0,46
20,84.0,47
19,85.0,48
18,86.0,49
17,87.0,50
16,88.0,51
15,89.0,52
14,90.0,53
13,91.0,54
24,80.0,55
23,81.0,56
22,82.0,57
21,83.0,58
20,84.0,59
19,85.0,60
18,86.0,61
17,87.0,62
16,88.0,63
15,89.0,64
14,90.0,65
13,91.0,66
24,80.0,67
23,81.0,68
22,82.0,69
21,83.0,70
20,84.0,71
19,85.0,72
18,86.0,73
17,87.0,74
16,88.0,75
15,89.0,76
14,90.0,77
13,91.0,78
24,80.0,79
23,81.0,1
22,82.0,2
21,83.0,3
20,84.0,4
19,85.0,5
18,86.0,6
17,87.0,7
16,88.0,8
15,89.0,9
14,90.0,10
13,91.0,11
24,80.0,12
23,81.0,13
22,82.0,14
21,83.0,15
20,84.0,16
19,85.0,17
18,86.0,18
17,87.0,19
16,88.0,20
15,89.0,21
14,90.0,22
13,91.0,23
24,80.0,24
23,81.0,25
22,82.0,26
21,83.0,27
20,84.0,28
19,85.0,29
18,86.0,30
24,80.0,31
23,81.0,32
22,82.0,33
21,83.0,34
20,84.0,35
19,85.0,36
18,86.0,37
17,87.0,38
16,88.0,39
15,89.0,40
14,90.0,41
13,91.0,42
24,80.0,43
23,81.0,44
22,82.0,45
21,83.0,46
20,84.0,47
19,85.0,48
18,86.0,49
17,87.0,50
16,88.0,51
15,89.0,52
14,90.0,53
13,91.0,54
24,80.0,55
23,81.0,56
22,82.0,57
21,83.0,58
20,84.0,59
19,85.0,60
18,86.0,61
17,87.0,62
16,88.0,63
15,89.0,64
14,90.0,65
13,91.0,66
24,80.0,67
23,81.0,68
22,82.0,69
21,83.0,1
20,84.0,2
19,85.0,3
18,86.0,4
17,87.0,5
16,88.0,6
15,89.0,7
14,90.0,8
13,91.0,9
24,80.0,10
23,81.0,11
22,82.0,12
21,83.0,13
20,84.0,14
19,85.0,15
18,86.0,16
17,87.0,17
16,88.0,18
15,89.0,19
14,90.0,20
13,91.0,21
24,80.0,22
23,81.0,23
22,82.0,24
21,83.0,25
20,84.0,26
19,85.0,27
18,86.0,28
17,87.0,29
16,88.0,30
24,80.0,31
23,81.0,32
22,82.0,33
21,83.0,34
20,84.0,35
19,85.0,36
18,86.0,37
17,87.0,38
16,88.0,39
15,89.0,40
14,90.0,41
13,91.0,42
24,80.0,43
23,81.0,44
22,82.0,45
21,83.0,46
20,84.0,47
19,85.0,48
18,86.0,49
17,87.0,50
16,88.0,51
15,89.0,52
14,90.0,53
13,91.0,54
24,80.0,55
23,81.0,56
22,82.0,57
21,83.0,58
20,84.0,59
19,85.0,1
18,86.0,2
17,87.0,3
16,88.0,4
15,89.0,5
14,90.0,6
13,91.0,7
24,80.0,8
23,81.0,9
22,82.0,10
21,83.0,11
20,84.0,12
19,85.0,13
18,86.0,14
17,87.0,15
16,88.0,16
15,89.0,17
14,90.0,18
13,91.0,19
24,80.0,20
23,81.0,21
22,82.0,22
21,83.0,23
20,84.0,24
19,85.0,25
18,86.0,26
17,87.0,27
16,88.0,28
15,89.0,29
14,90.0,30
24,80.0,31
23,81.0,32
22,82.0,33
21,83.0,34
20,84.0,35
19,85.0,36
18,86.0,37
17,87.0,38
16,88.0,39
15,89.0,40
14,90.0,41
13,91.0,42
24,80.0,43
23,81.0,44
22,82.0,45
21,83.0,46
20,84.0,47
19,85.0,48
18,86.0,49
17,87.0,50
16,88.0,51
15,89.0,52
14,90.0,53
13,91.0,54
24,80.0,55
23,81.0,56
22,82.0,57
21,83.0,58
20,84.0,59
19,85.0,60
18,86.0,61
17,87.0,62
16,88.0,63
15,89.0,64
14,90.0,65
13,91.0,66
24,80.0,67
23,81.0,68
22,82.0,69
21,83.0,1
20,84.0,2
19,85.0,3
18,86.0,4
17,87.0,5
16,88.0,6
15,89.0,7
14,90.0,8
13,91.0,9
24,80.0,10
23,81.0,11
22,82.0,12
21,83.0,13
20,84.0,14
19,85.0,15
18,86.0,16
17,87.0,17
16,88.0,18
15,89.0,19
14,90.0,20
24,80.0,21
23,81.0,22
22,82.0,23
21,83.0,24
20,84.0,25
19,85.0,26
18,86.0,27
17,87.0,28
16,88.0,29
15,89.0,30
24,80.0,31
23,81.0,32
22,82.0,33
21,83.0,34
20,84.0,35
19,85.0,36
18,86.0,37
17,87.0,38
16,88.0,39
15,89.0,40
14,90.0,41
13,91.0,42
24,80.0,43
23,81.0,44
22,82.0,45
21,83.0,46
20,84.0,47
19,85.0,48
18,86.0,49
17,87.0,50
16,88.0,51
15,89.0,52
14,90.0,53
13,91.0,54
24,80.0,55
23,81.0,56
22,82.0,57
21,83.0,58
20,84.0,59
25,80.0,1
26,77.0,2
27,74.0,3
28,71.0,4
29,68.0,5
30,65.0,6
31,62.0,7
32,59.0,8
33,56.0,9
34,53.0,10
35,50.0,11
36,47.0,12
37,44.0,13
38,41.0,14
39,38.0,15
40,35.0,16
41,32.0,17
42,29.0,18
43,26.0,19
44,23.0,20
45,20.0,21
46,17.0,22
25,80.0,23
26,77.5,24
27,75.0,25
28,72.5,26
29,70.0,27
30,67.5,28
31,65.0,29
32,62.5,30
33,60.0,31
34,57.5,32
35,55.0,33
36,52.5,34
37,50.0,35
38,47.5,36
39,45.0,37
40,42.5,38
41,40.0,39
42,37.5,40
43,35.0,41
44,32.5,42
45,30.0,43
46,27.5,44
25,80.0,45
26,77.3,46
27,74.6,47
28,71.9,48
29,69.2,49
30,66.5,50
31,63.8,51
32,61.1,52
33,58.4,53
34,55.7,54
35,53.0,55
36,50.3,56
37,47.6,57
38,44.9,58
39,42.2,59
40,39.5,60
41,36.8,61
42,34.1,62
43,31.4,63
44,28.7,64
45,26.0,65
46,23.3,66
25,80.0,67
26,78.0,68
27,76.0,69
28,74.0,70
29,72.0,71
30,70.0,72
31,68.0,73
32,66.0,74
33,64.0,75
34,62.0,76
35,60.0,77
36,58.0,78
37,56.0,79
38,54.0,80
39,52.0,81
40,50.0,82
41,48.0,83
42,46.0,84
43,44.0,85
44,42.0,86
45,40.0,87
46,38.0,88
25,80.0,89
26,78.0,90
27,76.0,91
28,74.0,92
29,72.0,93
30,70.0,94
31,68.0,95
32,66.0,96
33,64.0,97
34,62.0,98
35,60.0,99
36,58.0,100
37,56.0,1
38,54.0,2
39,52.0,3
40,50.0,4
41,48.0,5
42,46.0,6
43,44.0,7
44,42.0,8
45,40.0,9
46,38.0,10
25,80.0,11
26,77.0,12
27,74.0,13
28,71.0,14
29,68.0,15
30,65.0,16
31,62.0,17
32,59.0,18
33,56.0,19
34,53.0,20
35,50.0,21
36,47.0,22
37,44.0,23
38,41.0,24
39,38.0,25
40,35.0,26
41,32.0,27
42,29.0,28
43,26.0,29
44,23.0,30
45,20.0,31
46,17.0,32
25,80.0,33
26,77.0,34
27,74.0,35
28,71.0,36
29,68.0,37
30,65.0,38
31,62.0,39
32,59.0,40
33,56.0,41
34,53.0,42
35,50.0,43
36,47.0,44
37,44.0,45
38,41.0,46
39,38.0,47
40,35.0,48
41,32.0,49
42,29.0,50
43,26.0,51
44,23.0,52
45,20.0,53
46,17.0,54
25,80.0,55
26,77.0,56
27,74.0,57
28,71.0,58
29,68.0,59
30,65.0,60
31,62.0,61
32,59.0,62
33,56.0,63
34,53.0,64
35,50.0,65
36,47.0,66
37,44.0,67
38,41.0,68
39,38.0,69
40,35.0,70
41,32.0,71
42,29.0,72
43,26.0,73
44,23.0,74
45,20.0,75
46,17.0,76
25,80.0,77
26,77.3,78
27,74.6,79
28,71.9,80
29,69.2,81
30,66.5,82
31,63.8,83
32,61.1,84
33,58.4,85
34,55.7,86
35,53.0,87
36,50.3,88
37,47.6,89
38,44.9,90
39,42.2,91
40,39.5,92
41,36.8,93
42,34.1,94
43,31.4,95
44,28.7,96
45,26.0,97
46,23.3,98
25,80.0,99
26,77.0,100
27,74.0,1
28,71.0,2
29,68.0,3
30,65.0,4
31,62.0,5
32,59.0,6
33,56.0,7
34,53.0,8
35,50.0,9
36,47.0,10
37,44.0,11
38,41.0,12
39,38.0,13
40,35.0,14
41,32.0,15
42,29.0,16
43,26.0,17
44,23.0,18
45,20.0,19
46,17.0,20
25,80.0,21
26,77.5,22
27,75.0,23
28,72.5,24
29,70.0,25
30,67.5,26
31,65.0,27
32,62.5,28
33,60.0,29
34,57.5,30
35,55.0,31
36,52.5,32
37,50.0,33
38,47.5,34
39,45.0,35
40,42.5,36
41,40.0,37
42,37.5,38
43,35.0,39
44,32.5,40
45,30.0,41
46,27.5,42
25,80.0,43
26,77.3,44
27,74.6,45
28,71.9,46
29,69.2,47
30,66.5,48
31,63.8,49
32,61.1,50
33,58.4,51
34,55.7,52
35,53.0,53
36,50.3,54
37,47.6,55
38,44.9,56
39,42.2,57
40,39.5,58
41,36.8,59
42,34.1,60
43,31.4,61
44,28.7,62
45,26.0,63
46,23.3,64
25,80.0,65
26,77.0,66
27,74.0,67
28,71.0,68
29,68.0,69
30,65.0,70
31,62.0,71
32,59.0,72
33,56.0,73
34,53.0,74
35,50.0,75
36,47.0,76
37,44.0,77
38,41.0,78
39,38.0,79
40,35.0,80
41,32.0,81
42,29.0,82
43,26.0,83
44,23.0,84
45,20.0,85
46,17.0,86
25,80.0,87
26,77.0,88
27,74.0,89
28,71.0,90
29,68.0,91
30,65.0,92
31,62.0,93
32,59.0,94
33,56.0,95
34,53.0,96
35,50.0,97
36,47.0,98
37,44.0,99
38,41.0,100
39,38.0,1
40,35.0,2
41,32.0,3
42,29.0,4
43,26.0,5
44,23.0,6
45,20.0,7
46,17.0,8
25,80.0,9
26,77.0,10
27,74.0,11
28,71.0,12
29,68.0,13
30,65.0,14
31,62.0,15
32,59.0,16
33,56.0,17
34,53.0,18
35,50.0,19
36,47.0,20
37,44.0,21
38,41.0,22
39,38.0,23
40,35.0,24
41,32.0,25
42,29.0,26
43,26.0,27
44,23.0,28
45,20.0,29
46,17.0,30
25,80.0,31
26,77.0,32
27,74.0,33
28,71.0,34
29,68.0,35
30,65.0,36
31,62.0,37
32,59.0,38
33,56.0,39
34,53.0,40
35,50.0,41
36,47.0,42
37,44.0,43
38,41.0,44
39,38.0,45
40,35.0,46
41,32.0,47
42,29.0,48
43,26.0,49
44,23.0,50
45,20.0,51
46,17.0,52
25,80.0,53
26,77.0,54
27,74.0,55
28,71.0,56
29,68.0,57
30,65.0,58
31,62.0,59
32,59.0,60
33,56.0,61
34,53.0,62
35,50.0,63
36,47.0,64
37,44.0,65
38,41.0,66
39,38.0,67
40,35.0,68
41,32.0,69
42,29.0,70
43,26.0,71
44,23.0,72
45,20.0,73
46,17.0,74
25,80.0,75
26,77.0,76
27,74.0,77
28,71.0,78
29,68.0,79
30,65.0,80
31,62.0,81
32,59.0,82
33,56.0,83
34,53.0,84
35,50.0,85
36,47.0,86
37,44.0,87
38,41.0,88
39,38.0,89
40,35.0,90
41,32.0,91
42,29.0,92
43,26.0,93
44,23.0,94
45,20.0,95
46,17.0,96
25,81.0,97
26,79.0,98
27,76.0,99
28,73.0,100
25,80.0,1
26,77.0,2
27,74.0,3
28,71.0,4
29,68.0,5
30,65.0,6
31,62.0,7
32,59.0,8
33,56.0,9
34,53.0,10
35,50.0,11
36,47.0,12
37,44.0,13
38,41.0,14
39,38.0,15
40,35.0,16
41,32.0,17
42,29.0,18
43,26.0,19
44,23.0,20
45,20.0,21
46,17.0,22
25,80.0,23
26,77.5,24
27,75.0,25
28,72.5,26
29,70.0,27
30,67.5,28
31,65.0,29
32,62.5,30
33,60.0,31
34,57.5,32
35,55.0,33
36,52.5,34
37,50.0,35
38,47.5,36
39,45.0,37
40,42.5,38
41,40.0,39
42,37.5,40
43,35.0,41
44,32.5,42
45,30.0,43
46,27.5,44
25,80.0,45
26,77.3,46
27,74.6,47
28,71.9,48
29,69.2,49
30,66.5,50
31,63.8,51
32,61.1,52
33,58.4,53
34,55.7,54
35,53.0,55
36,50.3,56
37,47.6,57
38,44.9,58
39,42.2,59
40,39.5,60
41,36.8,61
42,34.1,62
43,31.4,63
44,28.7,64
45,26.0,65
46,23.3,66
25,80.0,67
26,78.0,68
27,76.0,69
28,74.0,70
29,72.0,71
30,70.0,72
31,68.0,73
32,66.0,74
33,64.0,75
34,62.0,76
35,60.0,77
36,58.0,78
37,56.0,79
38,54.0,80
39,52.0,81
40,50.0,82
41,48.0,83
42,46.0,84
43,44.0,85
44,42.0,86
45,40.0,87
46,38.0,88
25,80.0,89
26,78.0,90
27,76.0,91
28,74.0,92
29,72.0,93
30,70.0,94
31,68.0,95
32,66.0,96
33,64.0,97
34,62.0,98
35,60.0,99
36,58.0,100
37,56.0,1
38,54.0,2
39,52.0,3
40,50.0,4
41,48.0,5
42,46.0,6
43,44.0,7
44,42.0,8
45,40.0,9
46,38.0,10
25,80.0,11
26,77.0,12
27,74.0,13
28,71.0,14
29,68.0,15
30,65.0,16
31,62.0,17
32,59.0,18
33,56.0,19
34,53.0,20
35,50.0,21
36,47.0,22
37,44.0,23
38,41.0,24
39,38.0,25
40,35.0,26
41,32.0,27
42,29.0,28
43,26.0,29
44,23.0,30
45,20.0,31
46,17.0,32
25,80.0,33
26,77.0,34
27,74.0,35
28,71.0,36
29,68.0,37
30,65.0,38
31,62.0,39
32,59.0,40
33,56.0,41
34,53.0,42
35,50.0,43
36,47.0,44
37,44.0,45
38,41.0,46
39,38.0,47
40,35.0,48
41,32.0,49
42,29.0,50
43,26.0,51
44,23.0,52
45,20.0,53
46,17.0,54
25,80.0,55
26,77.0,56
27,74.0,57
28,71.0,58
29,68.0,59
30,65.0,60
31,62.0,61
32,59.0,62
33,56.0,63
34,53.0,64
35,50.0,65
36,47.0,66
37,44.0,67
38,41.0,68
39,38.0,69
40,35.0,70
41,32.0,71
42,29.0,72
43,26.0,73
44,23.0,74
45,20.0,75
46,17.0,76
25,80.0,77
26,77.3,78
27,74.6,79
28,71.9,80
29,69.2,81
30,66.5,82
31,63.8,83
32,61.1,84
33,58.4,85
34,55.7,86
35,53.0,87
36,50.3,88
37,47.6,89
38,44.9,90
39,42.2,91
40,39.5,92
41,36.8,93
42,34.1,94
43,31.4,95
44,28.7,96
45,26.0,97
46,23.3,98
25,80.0,99
26,77.0,100
27,74.0,1
28,71.0,2
29,68.0,3
30,65.0,4
31,62.0,5
32,59.0,6
33,56.0,7
34,53.0,8
35,50.0,9
36,47.0,10
37,44.0,11
38,41.0,12
39,38.0,13
40,35.0,14
41,32.0,15
42,29.0,16
43,26.0,17
44,23.0,18
45,20.0,19
46,17.0,20
25,80.0,21
26,77.5,22
27,75.0,23
28,72.5,24
29,70.0,25
30,67.5,26
31,65.0,27
32,62.5,28
33,60.0,29
34,57.5,30
35,55.0,31
36,52.5,32
37,50.0,33
38,47.5,34
39,45.0,35
40,42.5,36
41,40.0,37
42,37.5,38
43,35.0,39
44,32.5,40
45,30.0,41
46,27.5,42
25,80.0,43
26,77.3,44
27,74.6,45
28,71.9,46
29,69.2,47
30,66.5,48
31,63.8,49
32,61.1,50
33,58.4,51
34,55.7,52
35,53.0,53
36,50.3,54
37,47.6,55
38,44.9,56
39,42.2,57
40,39.5,58
41,36.8,59
42,34.1,60
43,31.4,61
44,28.7,62
45,26.0,63
46,23.3,64
25,80.0,65
26,77.0,66
27,74.0,67
28,71.0,68
29,68.0,69
30,65.0,70
31,62.0,71
32,59.0,72
33,56.0,73
34,53.0,74
35,50.0,75
36,47.0,76
37,44.0,77
38,41.0,78
39,38.0,79
40,35.0,80
41,32.0,81
42,29.0,82
43,26.0,83
44,23.0,84
45,20.0,85
46,17.0,86
25,80.0,87
26,77.0,88
27,74.0,89
28,71.0,90
29,68.0,91
30,65.0,92
31,62.0,93
32,59.0,94
33,56.0,95
34,53.0,96
35,50.0,97
36,47.0,98
37,44.0,99
38,41.0,100
39,38.0,1
40,35.0,2
41,32.0,3
42,29.0,4
43,26.0,5
44,23.0,6
45,20.0,7
46,17.0,8
25,80.0,9
26,77.0,10
27,74.0,11
28,71.0,12
29,68.0,13
30,65.0,14
31,62.0,15
32,59.0,16
33,56.0,17
34,53.0,18
35,50.0,19
36,47.0,20
37,44.0,21
38,41.0,22
39,38.0,23
40,35.0,24
41,32.0,25
42,29.0,26
43,26.0,27
44,23.0,28
45,20.0,29
46,17.0,30
25,80.0,31
26,77.0,32
27,74.0,33
28,71.0,34
29,68.0,35
30,65.0,36
31,62.0,37
32,59.0,38
33,56.0,39
34,53.0,40
35,50.0,41
36,47.0,42
37,44.0,43
38,41.0,44
39,38.0,45
40,35.0,46
41,32.0,47
42,29.0,48
43,26.0,49
44,23.0,50
45,20.0,51
46,17.0,52
25,80.0,53
26,77.0,54
27,74.0,55
28,71.0,56
29,68.0,57
30,65.0,58
31,62.0,59
32,59.0,60
33,56.0,61
34,53.0,62
35,50.0,63
36,47.0,64
37,44.0,65
38,41.0,66
39,38.0,67
40,35.0,68
41,32.0,69
42,29.0,70
43,26.0,71
44,23.0,72
45,20.0,73
46,17.0,74
25,80.0,75
26,77.0,76
27,74.0,77
28,71.0,78
29,68.0,79
30,65.0,80
31,62.0,81
32,59.0,82
33,56.0,83
34,53.0,84
35,50.0,85
36,47.0,86
37,44.0,87
38,41.0,88
39,38.0,89
40,35.0,90
41,32.0,91
42,29.0,92
43,26.0,93
44,23.0,94
45,20.0,95
46,17.0,96
25,81.0,97
26,79.0,98
27,76.0,99
28,73.0,100
25,80.0,1
26,77.0,2
27,74.0,3
28,71.0,4
29,68.0,5
30,65.0,6
31,62.0,7
32,59.0,8
33,56.0,9
34,53.0,10
35,50.0,11
36,47.0,12
37,44.0,13
38,41.0,14
39,38.0,15
40,35.0,16
41,32.0,17
42,29.0,18
43,26.0,19
44,23.0,20
45,20.0,21
46,17.0,22
25,80.0,23
26,77.5,24
27,75.0,25
28,72.5,26
29,70.0,27
30,67.5,28
31,65.0,29
32,62.5,30
33,60.0,31
34,57.5,32
35,55.0,33
36,52.5,34
37,50.0,35
38,47.5,36
39,45.0,37
40,42.5,38
41,40.0,39
42,37.5,40
43,35.0,41
44,32.5,42
45,30.0,43
46,27.5,44
25,80.0,45
26,77.3,46
27,74.6,47
28,71.9,48
29,69.2,49
30,66.5,50
31,63.8,51
32,61.1,52
33,58.4,53
34,55.7,54
35,53.0,55
36,50.3,56
37,47.6,57
38,44.9,58
39,42.2,59
40,39.5,60
41,36.8,61
42,34.1,62
43,31.4,63
44,28.7,64
45,26.0,65
46,23.3,66
25,80.0,67
26,78.0,68
27,76.0,69
28,74.0,70
29,72.0,71
30,70.0,72
31,68.0,73
32,66.0,74
33,64.0,75
34,62.0,76
35,60.0,77
36,58.0,78
37,56.0,79
38,54.0,80
39,52.0,81
40,50.0,82
41,48.0,83
42,46.0,84
43,44.0,85
44,42.0,86
45,40.0,87
46,38.0,88
25,80.0,89
26,78.0,90
27,76.0,91
28,74.0,92
29,72.0,93
30,70.0,94
31,68.0,95
32,66.0,96
33,64.0,97
34,62.0,98
35,60.0,99
36,58.0,100
37,56.0,1
38,54.0,2
39,52.0,3
40,50.0,4
41,48.0,5
42,46.0,6
43,44.0,7
44,42.0,8
45,40.0,9
46,38.0,10
25,80.0,11
26,77.0,12
27,74.0,13
28,71.0,14
29,68.0,15
30,65.0,16
31,62.0,17
32,59.0,18
33,56.0,19
34,53.0,20
35,50.0,21
36,47.0,22
37,44.0,23
38,41.0,24
39,38.0,25
40,35.0,26
41,32.0,27
42,29.0,28
43,26.0,29
44,23.0,30
45,20.0,31
46,17.0,32
25,80.0,33
26,77.0,34
27,74.0,35
28,71.0,36
29,68.0,37
30,65.0,38
31,62.0,39
32,59.0,40
33,56.0,41
34,53.0,42
35,50.0,43
36,47.0,44
37,44.0,45
38,41.0,46
39,38.0,47
40,35.0,48
41,32.0,49
42,29.0,50
43,26.0,51
44,23.0,52
45,20.0,53
46,17.0,54
25,80.0,55
26,77.0,56
27,74.0,57
28,71.0,58
29,68.0,59
30,65.0,60
31,62.0,61
32,59.0,62
33,56.0,63
34,53.0,64
35,50.0,65
36,47.0,66
37,44.0,67
38,41.0,68
39,38.0,69
40,35.0,70
41,32.0,71
42,29.0,72
43,26.0,73
44,23.0,74
45,20.0,75
46,17.0,76
25,80.0,77
26,77.3,78
27,74.6,79
28,71.9,80
29,69.2,81
30,66.5,82
31,63.8,83
32,61.1,84
33,58.4,85
34,55.7,86
35,53.0,87
36,50.3,88
37,47.6,89
38,44.9,90
39,42.2,91
40,39.5,92
41,36.8,93
42,34.1,94
43,31.4,95
44,28.7,96
45,26.0,97
46,23.3,98
25,80.0,99
26,77.0,100
27,74.0,1
28,71.0,2
29,68.0,3
30,65.0,4
31,62.0,5
32,59.0,6
33,56.0,7
34,53.0,8
35,50.0,9
36,47.0,10
37,44.0,11
38,41.0,12
39,38.0,13
40,35.0,14
41,32.0,15
42,29.0,16
43,26.0,17
44,23.0,18
45,20.0,19
46,17.0,20
25,80.0,21
26,77.5,22
27,75.0,23
28,72.5,24
29,70.0,25
30,67.5,26
31,65.0,27
32,62.5,28
33,60.0,29
34,57.5,30
35,55.0,31
36,52.5,32
37,50.0,33
38,47.5,34
39,45.0,35
40,42.5,36
41,40.0,37
42,37.5,38
43,35.0,39
44,32.5,40
45,30.0,41
46,27.5,42
25,80.0,43
26,77.3,44
27,74.6,45
28,71.9,46
29,69.2,47
30,66.5,48
31,63.8,49
32,61.1,50
33,58.4,51
34,55.7,52
35,53.0,53
36,50.3,54
37,47.6,55
38,44.9,56
39,42.2,57
40,39.5,58
41,36.8,59
42,34.1,60
43,31.4,61
44,28.7,62
45,26.0,63
46,23.3,64
25,80.0,65
26,77.0,66
27,74.0,67
28,71.0,68
29,68.0,69
30,65.0,70
31,62.0,71
32,59.0,72
33,56.0,73
34,53.0,74
35,50.0,75
36,47.0,76
37,44.0,77
38,41.0,78
39,38.0,79
40,35.0,80
41,32.0,81
42,29.0,82
43,26.0,83
44,23.0,84
45,20.0,85
46,17.0,86
25,80.0,87
26,77.0,88
27,74.0,89
28,71.0,90
29,68.0,91
30,65.0,92
31,62.0,93
32,59.0,94
33,56.0,95
34,53.0,96
35,50.0,97
36,47.0,98
37,44.0,99
38,41.0,100
39,38.0,1
40,35.0,2
41,32.0,3
42,29.0,4
43,26.0,5
44,23.0,6
45,20.0,7
46,17.0,8
25,80.0,9
26,77.0,10
27,74.0,11
28,71.0,12
29,68.0,13
30,65.0,14
31,62.0,15
32,59.0,16
33,56.0,17
34,53.0,18
35,50.0,19
36,47.0,20
37,44.0,21
38,41.0,22
39,38.0,23
40,35.0,24
41,32.0,25
42,29.0,26
43,26.0,27
44,23.0,28
45,20.0,29
46,17.0,30
25,80.0,31
26,77.0,32
27,74.0,33
28,71.0,34
29,68.0,35
30,65.0,36
31,62.0,37
32,59.0,38
33,56.0,39
34,53.0,40
35,50.0,41
36,47.0,42
37,44.0,43
38,41.0,44
39,38.0,45
40,35.0,46
41,32.0,47
42,29.0,48
43,26.0,49
44,23.0,50
45,20.0,51
46,17.0,52
25,80.0,53
26,77.0,54
27,74.0,55
28,71.0,56
29,68.0,57
30,65.0,58
31,62.0,59
32,59.0,60
33,56.0,61
34,53.0,62
35,50.0,63
36,47.0,64
37,44.0,65
38,41.0,66
39,38.0,67
40,35.0,68
41,32.0,69
42,29.0,70
43,26.0,71
44,23.0,72
45,20.0,73
46,17.0,74
25,80.0,75
26,77.0,76
27,74.0,77
28,71.0,78
29,68.0,79
30,65.0,80
31,62.0,81
32,59.0,82
33,56.0,83
34,53.0,84
35,50.0,85
36,47.0,86
37,44.0,87
38,41.0,88
39,38.0,89
40,35.0,90
41,32.0,91
42,29.0,92
43,26.0,93
44,23.0,94
45,20.0,95
46,17.0,96
25,81.0,97
26,79.0,98
27,76.0,99
28,73.0,100
29,70.0,1
30,67.0,2
31,64.0,3
32,61.0,4
33,58.0,5
34,55.0,6
35,52.0,7
36,49.0,8
25,80.0,9
26,77.0,10
27,74.0,11
28,71.0,12
29,68.0,13
30,65.0,14
31,62.0,15
32,59.0,16
33,56.0,17
34,53.0,18
35,50.0,19
36,47.0,20
37,44.0,21
38,41.0,22
39,38.0,23
40,35.0,24
41,32.0,25
42,29.0,26
43,26.0,27
44,23.0,28
45,20.0,29
46,17.0,30
25,80.0,31
26,77.0,32
27,74.0,33
28,71.0,34
29,68.0,35
30,65.0,36
31,62.0,37
32,59.0,38
33,56.0,39
34,53.0,40
35,50.0,41
36,47.0,42
37,44.0,43
38,41.0,44
39,38.0,45
40,35.0,46
41,32.0,47
42,29.0,48
43,26.0,49
44,23.0,50
45,20.0,51
46,17.0,52
25,80.0,53
26,77.0,54
27,74.0,55
28,71.0,56
29,68.0,57
30,65.0,58
31,62.0,59
32,59.0,60
33,56.0,61
34,53.0,62
35,50.0,63
36,47.0,64
37,44.0,65
38,41.0,66
39,38.0,67
40,35.0,68
41,32.0,69
42,29.0,70
43,26.0,71
44,23.0,72
45,20.0,73
46,17.0,74
25,80.0,75
26,77.0,76
27,74.0,77
28,71.0,78
29,68.0,79
30,65.0,80
31,62.0,81
32,59.0,82
33,56.0,83
34,53.0,84
35,50.0,85
36,47.0,86
37,44.0,87
38,41.0,88
39,38.0,89
40,35.0,90
41,32.0,91
42,29.0,92
43,26.0,93
44,23.0,94
45,20.0,95
46,17.0,96
25,81.0,97
26,79.0,98
27,76.0,99
28,73.0,100
29,70.0,1
30,67.0,2
31,64.0,3
32,61.0,4
33,58.0,5
34,55.0,6
35,52.0,7
36,49.0,8
25,80.0,9
26,77.0,10
27,74.0,11
28,71.0,12
29,68.0,13
30,65.0,14
31,62.0,15
32,59.0,16
33,56.0,17
34,53.0,18
35,50.0,19
36,47.0,20
37,44.0,21
38,41.0,22
39,38.0,23
40,35.0,24
41,32.0,25
42,29.0,26
43,26.0,27
44,23.0,28
45,20.0,29
46,17.0,30
25,80.0,31
26,77.0,32
27,74.0,33
28,71.0,34
29,68.0,35
30,65.0,36
31,62.0,37
32,59.0,38
33,56.0,39
34,53.0,40
35,50.0,41
36,47.0,42
37,44.0,43
38,41.0,44
39,38.0,45
40,35.0,46
41,32.0,47
42,29.0,48
43,26.0,49
44,23.0,50
45,20.0,51
46,17.0,52
25,80.0,53
26,77.0,54
27,74.0,55
28,71.0,56
29,68.0,57
30,65.0,58
31,62.0,59
32,59.0,60
33,56.0,61
34,53.0,62
35,50.0,63
36,47.0,64
37,44.0,65
38,41.0,66
39,38.0,67
40,35.0,68
41,32.0,69
42,29.0,70
43,26.0,71
44,23.0,72
45,20.0,73
46,17.0,74
25,80.0,75
26,77.0,76
27,74.0,77
28,71.0,78
29,68.0,79
30,65.0,80
31,62.0,81
32,59.0,82
33,56.0,83
34,53.0,84
35,50.0,85
36,47.0,86
37,44.0,87
38,41.0,88
39,38.0,89
40,35.0,90
41,32.0,91
42,29.0,92
43,26.0,93
44,23.0,94
45,20.0,95
46,17.0,96
25,81.0,97
26,79.0,98
27,76.0,99
28,73.0,100
29,70.0,1
30,67.0,2
31,64.0,3
32,61.0,4
33,58.0,5
34,55.0,6
35,52.0,7
36,49.0,8
25,80.0,9
26,77.0,10
27,74.0,11
28,71.0,12
29,68.0,13
30,65.0,14
31,62.0,15
32,59.0,16
33,56.0,17
34,53.0,18
35,50.0,19
36,47.0,20
37,44.0,21
38,41.0,22
39,38.0,23
40,35.0,24
41,32.0,25
42,29.0,26
43,26.0,27
44,23.0,28
45,20.0,29
46,17.0,30
25,80.0,31
26,77.0,32
27,74.0,33
28,71.0,34
29,68.0,35
30,65.0,36
31,62.0,37
32,59.0,38
33,56.0,39
34,53.0,40
35,50.0,41
36,47.0,42
37,44.0,43
38,41.0,44
39,38.0,45
40,35.0,46
41,32.0,47
42,29.0,48
43,26.0,49
44,23.0,50
45,20.0,51
46,17.0,52
25,80.0,53
26,77.0,54
27,74.0,55
28,71.0,56
29,68.0,57
30,65.0,58
31,62.0,59
32,59.0,60
33,56.0,61
34,53.0,62
35,50.0,63
36,47.0,64
37,44.0,65
38,41.0,66
39,38.0,67
40,35.0,68
41,32.0,69
42,29.0,70
43,26.0,71
44,23.0,72
45,20.0,73
46,17.0,74
25,80.0,75
26,77.0,76
27,74.0,77
28,71.0,78
29,68.0,79
30,65.0,80
31,62.0,81
32,59.0,82
33,56.0,83
34,53.0,84
35,50.0,85
36,47.0,86
37,44.0,87
38,41.0,88
39,38.0,89
40,35.0,90
41,32.0,91
42,29.0,92
43,26.0,93
44,23.0,94
45,20.0,95
46,17.0,96
25,81.0,97
26,79.0,98
27,76.0,99
28,73.0,100
29,70.0,1
30,67.0,2
31,64.0,3
32,61.0,4
33,58.0,5
34,55.0,6
35,52.0,7
36,49.0,8
25,80.0,9
26,77.0,10
27,74.0,11
28,71.0,12
29,68.0,13
30,65.0,14
31,62.0,15
32,59.0,16
33,56.0,17
34,53.0,18
35,50.0,19
36,47.0,20
37,44.0,21
38,41.0,22
39,38.0,23
40,35.0,24
41,32.0,25
42,29.0,26
43,26.0,27
44,23.0,28
45,20.0,29
46,17.0,30
25,80.0,31
26,77.0,32
27,74.0,33
28,71.0,34
29,68.0,35
30,65.0,36
31,62.0,37
32,59.0,38
33,56.0,39
34,53.0,40
35,50.0,41
36,47.0,42
37,44.0,43
38,41.0,44
39,38.0,45
40,35.0,46
41,32.0,47
42,29.0,48
43,26.0,49
44,23.0,50
45,20.0,51
46,17.0,52
25,80.0,53
26,77.0,54
27,74.0,55
28,71.0,56
29,68.0,57
30,65.0,58
31,62.0,59
32,59.0,60
33,56.0,61
34,53.0,62
35,50.0,63
36,47.0,64
37,44.0,65
38,41.0,66
39,38.0,67
40,35.0,68
41,32.0,69
42,29.0,70
43,26.0,71
44,23.0,72
45,20.0,73
46,17.0,74
25,80.0,75
26,77.0,76
27,74.0,77
28,71.0,78
29,68.0,79
30,65.0,80
31,62.0,81
32,59.0,82
33,56.0,83
34,53.0,84
35,50.0,85
36,47.0,86
37,44.0,87
38,41.0,88
39,38.0,89
40,35.0,90
41,32.0,91
42,29.0,92
43,26.0,93
44,23.0,94
45,20.0,95
46,17.0,96
25,81.0,97
26,79.0,98
27,76.0,99
28,73.0,100
21,83.0,1
20,84.0,2
19,85.0,3
18,86.0,4
17,87.0,5
16,88.0,6
15,89.0,7
14,90.0,8
13,91.0,9
24,80.0,10
23,81.0,11
22,82.0,12
21,83.0,13
20,84.0,14
19,85.0,15
18,86.0,16
17,87.0,17
16,88.0,18
15,89.0,19
14,90.0,20
24,80.0,21
23,81.0,22
22,82.0,23
21,83.0,24
20,84.0,25
19,85.0,26
18,86.0,27
17,87.0,28
16,88.0,29
15,89.0,30
24,80.0,31
23,81.0,32
22,82.0,33
21,83.0,34
20,84.0,35
19,85.0,36
18,86.0,37
17,87.0,38
16,88.0,39
15,89.0,40
14,90.0,41
13,91.0,42
24,80.0,43
23,81.0,44
22,82.0,45
21,83.0,46
20,84.0,47
19,85.0,48
18,86.0,49
17,87.0,50
16,88.0,51
15,89.0,52
14,90.0,53
13,91.0,54
24,80.0,55
23,81.0,56
22,82.0,57
21,83.0,58
20,84.0,59
19,85.0,1
18,86.0,2
17,87.0,3
16,88.0,4
15,89.0,5
14,90.0,6
13,91.0,7
24,80.0,8
23,81.0,9
22,82.0,10
21,83.0,11
20,84.0,12
19,85.0,13
18,86.0,14
17,87.0,15
16,88.0,16
15,89.0,17
14,90.0,18
13,91.0,19
24,80.0,20
23,81.0,21
22,82.0,22
21,83.0,23
20,84.0,24
19,85.0,25
18,86.0,26
17,87.0,27
16,88.0,28
15,89.0,29
14,90.0,30
24,80.0,31
23,81.0,32
22,82.0,33
21,83.0,34
20,84.0,35
19,85.0,36
18,86.0,37
17,87.0,38
16,88.0,39
15,89.0,40
14,90.0,41
13,91.0,42
24,80.0,43
23,81.0,44
22,82.0,45
21,83.0,46
20,84.0,47
19,85.0,48
18,86.0,49
17,87.0,50
16,88.0,51
15,89.0,52
14,90.0,53
13,91.0,54
24,80.0,55
23,81.0,56
22,82.0,57
21,83.0,58
20,84.0,59
19,85.0,60
18,86.0,61
17,87.0,62
16,88.0,63
15,89.0,64
14,90.0,65
13,91.0,66
24,80.0,67
23,81.0,68
22,82.0,69
17,87.0,1
16,88.0,2
15,89.0,3
14,90.0,4
13,91.0,5
24,80.0,6
23,81.0,7
22,82.0,8
21,83.0,9
20,84.0,10
19,85.0,11
18,86.0,12
17,87.0,13
16,88.0,14
15,89.0,15
14,90.0,16
13,91.0,17
24,80.0,18
23,81.0,19
22,82.0,20
21,83.0,21
20,84.0,22
19,85.0,23
18,86.0,24
17,87.0,25
16,88.0,26
15,89.0,27
14,90.0,28
13,91.0,29
24,80.0,30
24,80.0,31
23,81.0,32
22,82.0,33
21,83.0,34
20,84.0,35
19,85.0,36
18,86.0,37
17,87.0,38
16,88.0,39
15,89.0,40
14,90.0,41
13,91.0,42
24,80.0,43
23,81.0,44
22,82.0,45
21,83.0,46
20,84.0,47
19,85.0,48
18,86.0,49
17,87.0,50
16,88.0,51
15,89.0,52
14,90.0,53
13,91.0,54
24,80.0,55
23,81.0,56
22,82.0,57
21,83.0,58
20,84.0,59
19,85.0,60
18,86.0,61
17,87.0,62
16,88.0,63
15,89.0,64
14,90.0,65
13,91.0,66
24,80.0,67
23,81.0,68
22,82.0,69
21,83.0,70
20,84.0,71
19,85.0,72
18,86.0,73
17,87.0,74
16,88.0,75
15,89.0,76
14,90.0,77
13,91.0,78
24,80.0,79
17,87.0,1
16,88.0,2
15,89.0,3
14,90.0,4
13,91.0,5
24,80.0,6
23,81.0,7
22,82.0,8
21,83.0,9
20,84.0,10
19,85.0,11
18,86.0,12
17,87.0,13
16,88.0,14
15,89.0,15
14,90.0,16
13,91.0,17
24,80.0,18
23,81.0,19
22,82.0,20
21,83.0,21
20,84.0,22
19,85.0,23
18,86.0,24
17,87.0,25
16,88.0,26
15,89.0,27
14,90.0,28
13,91.0,29
24,80.0,30
24,80.0,31
23,81.0,32
22,82.0,33
21,83.0,34
20,84.0,35
19,85.0,36
18,86.0,37
17,87.0,38
16,88.0,39
15,89.0,40
14,90.0,41
13,91.0,42
24,80.0,43
23,81.0,44
22,82.0,45
21,83.0,46
20,84.0,47
19,85.0,48
18,86.0,49
17,87.0,50
16,88.0,51
15,89.0,52
14,90.0,53
13,91.0,54
24,80.0,55
23,81.0,56
22,82.0,57
21,83.0,58
20,84.0,59
19,85.0,60
18,86.0,61
17,87.0,62
16,88.0,63
15,89.0,64
14,90.0,65
13,91.0,66
24,80.0,67
23,81.0,68
22,82.0,69
21,83.0,70
20,84.0,71
19,85.0,72
18,86.0,73
17,87.0,74
16,88.0,75
15,89.0,76
14,90.0,77
13,91.0,78
24,80.0,79
21,83.0,1
20,84.0,2
19,85.0,3
18,86.0,4
17,87.0,5
16,88.0,6
15,89.0,7
14,90.0,8
13,91.0,9
24,80.0,10
23,81.0,11
22,82.0,12
21,83.0,13
20,84.0,14
19,85.0,15
18,86.0,16
17,87.0,17
16,88.0,18
15,89.0,19
14,90.0,20
24,80.0,21
23,81.0,22
22,82.0,23
21,83.0,24
20,84.0,25
19,85.0,26
18,86.0,27
17,87.0,28
16,88.0,29
15,89.0,30
24,80.0,31
23,81.0,32
22,82.0,33
21,83.0,34
20,84.0,35
19,85.0,36
18,86.0,37
17,87.0,38
16,88.0,39
15,89.0,40
14,90.0,41
13,91.0,42
24,80.0,43
23,81.0,44
22,82.0,45
21,83.0,46
20,84.0,47
19,85.0,48
18,86.0,49
17,87.0,50
16,88.0,51
15,89.0,52
14,90.0,53
13,91.0,54
24,80.0,55
23,81.0,56
22,82.0,57
21,83.0,58
20,84.0,59
19,85.0,1
18,86.0,2
17,87.0,3
16,88.0,4
15,89.0,5
14,90.0,6
13,91.0,7
24,80.0,8
23,81.0,9
22,82.0,10
21,83.0,11
20,84.0,12
19,85.0,13
18,86.0,14
17,87.0,15
16,88.0,16
15,89.0,17
14,90.0,18
13,91.0,19
24,80.0,20
23,81.0,21
22,82.0,22
21,83.0,23
20,84.0,24
19,85.0,25
18,86.0,26
17,87.0,27
16,88.0,28
15,89.0,29
14,90.0,30
24,80.0,31
23,81.0,32
22,82.0,33
21,83.0,34
20,84.0,35
19,85.0,36
18,86.0,37
17,87.0,38
16,88.0,39
15,89.0,40
14,90.0,41
13,91.0,42
24,80.0,43
23,81.0,44
22,82.0,45
21,83.0,46
20,84.0,47
19,85.0,48
18,86.0,49
17,87.0,50
16,88.0,51
15,89.0,52
14,90.0,53
13,91.0,54
24,80.0,55
23,81.0,56
22,82.0,57
21,83.0,58
20,84.0,59
19,85.0,60
18,86.0,61
17,87.0,62
16,88.0,63
15,89.0,64
14,90.0,65
13,91.0,66
24,80.0,67
23,81.0,68
22,82.0,69
17,87.0,1
16,88.0,2
15,89.0,3
14,90.0,4
13,91.0,5
24,80.0,6
23,81.0,7
22,82.0,8
21,83.0,9
20,84.0,10
19,85.0,11
18,86.0,12
17,87.0,13
16,88.0,14
15,89.0,15
14,90.0,16
13,91.0,17
24,80.0,18
23,81.0,19
22,82.0,20
21,83.0,21
20,84.0,22
19,85.0,23
18,86.0,24
17,87.0,25
16,88.0,26
15,89.0,27
14,90.0,28
13,91.0,29
24,80.0,30
24,80.0,31
23,81.0,32
22,82.0,33
21,83.0,34
20,84.0,35
19,85.0,36
18,86.0,37
17,87.0,38
16,88.0,39
15,89.0,40
14,90.0,41
13,91.0,42
24,80.0,43
23,81.0,44
22,82.0,45
21,83.0,46
20,84.0,47
19,85.0,48
18,86.0,49
17,87.0,50
16,88.0,51
15,89.0,52
14,90.0,53
13,91.0,54
24,80.0,55
23,81.0,56
22,82.0,57
21,83.0,58
20,84.0,59
19,85.0,60
18,86.0,61
17,87.0,62
16,88.0,63
15,89.0,64
14,90.0,65
13,91.0,66
24,80.0,67
23,81.0,68
22,82.0,69
21,83.0,70
20,84.0,71
19,85.0,72
18,86.0,73
17,87.0,74
16,88.0,75
15,89.0,76
14,90.0,77
13,91.0,78
24,80.0,79
17,87.0,1
16,88.0,2
15,89.0,3
14,90.0,4
13,91.0,5
24,80.0,6
23,81.0,7
22,82.0,8
21,83.0,9
20,84.0,10
19,85.0,11
18,86.0,12
17,87.0,13
16,88.0,14
15,89.0,15
14,90.0,16
13,91.0,17
24,80.0,18
23,81.0,19
22,82.0,20
21,83.0,21
20,84.0,22
19,85.0,23
18,86.0,24
17,87.0,25
16,88.0,26
15,89.0,27
14,90.0,28
13,91.0,29
24,80.0,30
24,80.0,31
23,81.0,32
22,82.0,33
21,83.0,34
20,84.0,35
19,85.0,36
18,86.0,37
17,87.0,38
16,88.0,39
15,89.0,40
14,90.0,41
13,91.0,42
24,80.0,43
23,81.0,44
22,82.0,45
21,83.0,46
20,84.0,47
19,85.0,48
18,86.0,49
17,87.0,50
16,88.0,51
15,89.0,52
14,90.0,53
13,91.0,54
24,80.0,55
23,81.0,56
22,82.0,57
21,83.0,58
20,84.0,59
19,85.0,60
18,86.0,61
17,87.0,62
16,88.0,63
15,89.0,64
14,90.0,65
13,91.0,66
24,80.0,67
23,81.0,68
22,82.0,69
21,83.0,70
20,84.0,71
19,85.0,72
18,86.0,73
17,87.0,74
16,88.0,75
15,89.0,76
14,90.0,77
13,91.0,78
24,80.0,79
19,85.0,1
18,86.0,2
17,87.0,3
16,88.0,4
15,89.0,5
14,90.0,6
13,91.0,7
24,80.0,8
23,81.0,9
22,82.0,10
21,83.0,11
20,84.0,12
19,85.0,13
18,86.0,14
17,87.0,15
16,88.0,16
15,89.0,17
14,90.0,18
13,91.0,19
24,80.0,20
23,81.0,21
22,82.0,22
21,83.0,23
20,84.0,24
19,85.0,25
18,86.0,26
17,87.0,27
16,88.0,28
15,89.0,29
14,90.0,30
24,80.0,31
23,81.0,32
22,82.0,33
21,83.0,34
20,84.0,35
19,85.0,36
18,86.0,37
17,87.0,38
16,88.0,39
15,89.0,40
14,90.0,41
13,91.0,42
24,80.0,43
23,81.0,44
22,82.0,45
21,83.0,46
20,84.0,47
19,85.0,48
18,86.0,49
17,87.0,50
16,88.0,51
15,89.0,52
14,90.0,53
13,91.0,54
24,80.0,55
23,81.0,56
22,82.0,57
21,83.0,58
20,84.0,59
19,85.0,60
18,86.0,61
17,87.0,62
16,88.0,63
15,89.0,64
14,90.0,65
13,91.0,66
24,80.0,67
23,81.0,68
22,82.0,69
19,85.0,1
18,86.0,2
17,87.0,3
16,88.0,4
15,89.0,5
14,90.0,6
13,91.0,7
24,80.0,8
23,81.0,9
22,82.0,10
21,83.0,11
20,84.0,12
19,85.0,13
18,86.0,14
17,87.0,15
16,88.0,16
15,89.0,17
14,90.0,18
13,91.0,19
24,80.0,20
23,81.0,21
22,82.0,22
21,83.0,23
20,84.0,24
19,85.0,25
18,86.0,26
17,87.0,27
16,88.0,28
15,89.0,29
14,90.0,30
24,80.0,31
23,81.0,32
22,82.0,33
21,83.0,34
20,84.0,35
19,85.0,36
18,86.0,37
17,87.0,38
16,88.0,39
15,89.0,40
14,90.0,41
13,91.0,42
24,80.0,43
23,81.0,44
22,82.0,45
21,83.0,46
20,84.0,47
19,85.0,48
18,86.0,49
17,87.0,50
16,88.0,51
15,89.0,52
14,90.0,53
13,91.0,54
24,80.0,55
23,81.0,56
22,82.0,57
21,83.0,58
20,84.0,59
19,85.0,60
18,86.0,61
17,87.0,62
16,88.0,63
15,89.0,64
14,90.0,65
13,91.0,66
24,80.0,67
23,81.0,68
22,82.0,69
17,87.0,1
16,88.0,2
15,89.0,3
14,90.0,4
13,91.0,5
24,80.0,6
23,81.0,7
22,82.0,8
21,83.0,9
20,84.0,10
19,85.0,11
18,86.0,12
17,87.0,13
16,88.0,14
15,89.0,15
14,90.0,16
13,91.0,17
24,80.0,18
23,81.0,19
22,82.0,20
21,83.0,21
20,84.0,22
19,85.0,23
18,86.0,24
17,87.0,25
16,88.0,26
15,89.0,27
14,90.0,28
13,91.0,29
24,80.0,30
24,80.0,31
23,81.0,32
22,82.0,33
21,83.0,34
20,84.0,35
19,85.0,36
18,86.0,37
17,87.0,38
16,88.0,39
15,89.0,40
14,90.0,41
13,91.0,42
24,80.0,43
23,81.0,44
22,82.0,45
21,83.0,46
20,84.0,47
19,85.0,48
18,86.0,49
17,87.0,50
16,88.0,51
15,89.0,52
14,90.0,53
13,91.0,54
24,80.0,55
23,81.0,56
22,82.0,57
21,83.0,58
20,84.0,59
19,85.0,60
18,86.0,61
17,87.0,62
16,88.0,63
15,89.0,64
14,90.0,65
13,91.0,66
24,80.0,67
23,81.0,68
22,82.0,69
21,83.0,70
20,84.0,71
19,85.0,72
18,86.0,73
17,87.0,74
16,88.0,75
15,89.0,76
14,90.0,77
13,91.0,78
24,80.0,79
17,87.0,1
16,88.0,2
15,89.0,3
14,90.0,4
13,91.0,5
24,80.0,6
23,81.0,7
22,82.0,8
21,83.0,9
20,84.0,10
19,85.0,11
18,86.0,12
17,87.0,13
16,88.0,14
15,89.0,15
14,90.0,16
13,91.0,17
24,80.0,18
23,81.0,19
22,82.0,20
21,83.0,21
20,84.0,22
19,85.0,23
18,86.0,24
17,87.0,25
16,88.0,26
15,89.0,27
14,90.0,28
13,91.0,29
24,80.0,30
24,80.0,31
23,81.0,32
22,82.0,33
21,83.0,34
20,84.0,35
19,85.0,36
18,86.0,37
17,87.0,38
16,88.0,39
15,89.0,40
14,90.0,41
13,91.0,42
24,80.0,43
23,81.0,44
22,82.0,45
21,83.0,46
20,84.0,47
19,85.0,48
18,86.0,49
17,87.0,50
16,88.0,51
15,89.0,52
14,90.0,53
13,91.0,54
24,80.0,55
23,81.0,56
22,82.0,57
21,83.0,58
20,84.0,59
19,85.0,60
18,86.0,61
17,87.0,62
16,88.0,63
15,89.0,64
14,90.0,65
13,91.0,66
24,80.0,67
23,81.0,68
22,82.0,69
21,83.0,70
20,84.0,71
19,85.0,72
18,86.0,73
17,87.0,74
16,88.0,75
15,89.0,76
14,90.0,77
13,91.0,78
24,80.0,79
19,85.0,1
18,86.0,2
17,87.0,3
16,88.0,4
15,89.0,5
14,90.0,6
13,91.0,7
24,80.0,8
23,81.0,9
22,82.0,10
21,83.0,11
20,84.0,12
19,85.0,13
18,86.0,14
17,87.0,15
16,88.0,16
15,89.0,17
14,90.0,18
13,91.0,19
24,80.0,20
23,81.0,21
22,82.0,22
21,83.0,23
20,84.0,24
19,85.0,25
18,86.0,26
17,87.0,27
16,88.0,28
15,89.0,29
14,90.0,30
24,80.0,31
23,81.0,32
22,82.0,33
21,83.0,34
20,84.0,35
19,85.0,36
18,86.0,37
17,87.0,38
16,88.0,39
15,89.0,40
14,90.0,41
13,91.0,42
24,80.0,43
23,81.0,44
22,82.0,45
21,83.0,46
20,84.0,47
19,85.0,48
18,86.0,49
17,87.0,50
16,88.0,51
15,89.0,52
14,90.0,53
13,91.0,54
24,80.0,55
23,81.0,56
22,82.0,57
21,83.0,58
20,84.0,59
19,85.0,60
18,86.0,61
17,87.0,62
16,88.0,63
15,89.0,64
14,90.0,65
13,91.0,66
24,80.0,67
23,81.0,68
22,82.0,69
19,85.0,1
18,86.0,2
17,87.0,3
16,88.0,4
15,89.0,5
14,90.0,6
13,91.0,7
24,80.0,8
23,81.0,9
22,82.0,10
21,83.0,11
20,84.0,12
19,85.0,13
18,86.0,14
17,87.0,15
16,88.0,16
15,89.0,17
14,90.0,18
13,91.0,19
24,80.0,20
23,81.0,21
22,82.0,22
21,83.0,23
20,84.0,24
19,85.0,25
18,86.0,26
17,87.0,27
16,88.0,28
15,89.0,29
14,90.0,30
24,80.0,31
23,81.0,32
22,82.0,33
21,83.0,34
20,84.0,35
19,85.0,36
18,86.0,37
17,87.0,38
16,88.0,39
15,89.0,40
14,90.0,41
13,91.0,42
24,80.0,43
23,81.0,44
22,82.0,45
21,83.0,46
20,84.0,47
19,85.0,48
18,86.0,49
17,87.0,50
16,88.0,51
15,89.0,52
14,90.0,53
13,91.0,54
24,80.0,55
23,81.0,56
22,82.0,57
21,83.0,58
20,84.0,59
19,85.0,60
18,86.0,61
17,87.0,62
16,88.0,63
15,89.0,64
14,90.0,65
13,91.0,66
24,80.0,67
23,81.0,68
22,82.0,69
17,87.0,1
16,88.0,2
15,89.0,3
14,90.0,4
13,91.0,5
24,80.0,6
23,81.0,7
22,82.0,8
21,83.0,9
20,84.0,10
19,85.0,11
18,86.0,12
17,87.0,13
16,88.0,14
15,89.0,15
14,90.0,16
13,91.0,17
24,80.0,18
23,81.0,19
22,82.0,20
21,83.0,21
20,84.0,22
19,85.0,23
18,86.0,24
17,87.0,25
16,88.0,26
15,89.0,27
14,90.0,28
13,91.0,29
24,80.0,30
24,80.0,31
23,81.0,32
22,82.0,33
21,83.0,34
20,84.0,35
19,85.0,36
18,86.0,37
17,87.0,38
16,88.0,39
15,89.0,40
14,90.0,41
13,91.0,42
24,80.0,43
23,81.0,44
22,82.0,45
21,83.0,46
20,84.0,47
19,85.0,48
18,86.0,49
17,87.0,50
16,88.0,51
15,89.0,52
14,90.0,53
13,91.0,54
24,80.0,55
23,81.0,56
22,82.0,57
21,83.0,58
20,84.0,59
19,85.0,60
18,86.0,61
17,87.0,62
16,88.0,63
15,89.0,64
14,90.0,65
13,91.0,66
24,80.0,67
23,81.0,68
22,82.0,69
21,83.0,70
20,84.0,71
19,85.0,72
18,86.0,73
17,87.0,74
16,88.0,75
15,89.0,76
14,90.0,77
13,91.0,78
24,80.0,79
17,87.0,1
16,88.0,2
15,89.0,3
14,90.0,4
13,91.0,5
24,80.0,6
23,81.0,7
22,82.0,8
21,83.0,9
20,84.0,10
19,85.0,11
18,86.0,12
17,87.0,13
16,88.0,14
15,89.0,15
14,90.0,16
13,91.0,17
24,80.0,18
23,81.0,19
22,82.0,20
21,83.0,21
20,84.0,22
19,85.0,23
18,86.0,24
17,87.0,25
16,88.0,26
15,89.0,27
14,90.0,28
13,91.0,29
24,80.0,30
24,80.0,31
23,81.0,32
22,82.0,33
21,83.0,34
20,84.0,35
19,85.0,36
18,86.0,37
17,87.0,38
16,88.0,39
15,89.0,40
14,90.0,41
13,91.0,42
24,80.0,43
23,81.0,44
22,82.0,45
21,83.0,46
20,84.0,47
19,85.0,48
18,86.0,49
17,87.0,50
16,88.0,51
15,89.0,52
14,90.0,53
13,91.0,54
24,80.0,55
23,81.0,56
22,82.0,57
21,83.0,58
20,84.0,59
19,85.0,60
18,86.0,61
17,87.0,62
16,88.0,63
15,89.0,64
14,90.0,65
13,91.0,66
24,80.0,67
23,81.0,68
22,82.0,69
21,83.0,70
20,84.0,71
19,85.0,72
18,86.0,73
17,87.0,74
16,88.0,75
15,89.0,76
14,90.0,77
13,91.0,78
24,80.0,79
