date,air_temp_c,humidity_pct,rainfall_mm,precipitation_probability,wind_kmh,soil_temp_c,soil_moisture_pct,latitude,longitude,timezone
2026-01-01 00:00:00,22.82,91.5,4.79,63.7,3.2,22.08,63.52,-6.928572,107.628559,Asia/Jakarta
2026-01-01 03:00:00,25.36,89.2,2.99,63.2,4.21,24.32,55.37,-6.928572,107.628559,Asia/Jakarta
2026-01-01 06:00:00,25.46,87.8,2.76,45.6,4.49,23.86,54.33,-6.928572,107.628559,Asia/Jakarta
2026-01-01 09:00:00,29.9,80.2,2.76,45.0,6.58,29.15,58.32,-6.928572,107.628559,Asia/Jakarta
2026-01-01 12:00:00,31.08,74.0,0.0,49.1,7.64,29.51,44.04,-6.928572,107.628559,Asia/Jakarta
2026-01-01 15:00:00,28.65,79.8,0.0,40.7,5.85,28.05,41.07,-6.928572,107.628559,Asia/Jakarta
2026-01-01 18:00:00,22.56,91.4,9.3,57.5,4.98,21.96,68.4,-6.928572,107.628559,Asia/Jakarta
2026-01-01 21:00:00,22.59,89.1,5.73,53.4,4.2,21.01,68.23,-6.928572,107.628559,Asia/Jakarta
2026-01-02 00:00:00,25.15,86.2,0.0,44.0,3.92,23.66,48.51,-6.928572,107.628559,Asia/Jakarta
2026-01-02 03:00:00,23.56,87.8,2.26,60.6,4.79,22.97,62.31,-6.928572,107.628559,Asia/Jakarta
2026-01-02 06:00:00,24.68,89.4,4.94,44.0,4.38,23.91,60.11,-6.928572,107.628559,Asia/Jakarta
2026-01-02 09:00:00,28.84,81.4,0.0,35.2,7.26,27.36,38.67,-6.928572,107.628559,Asia/Jakarta
2026-01-02 12:00:00,31.12,68.0,0.0,22.2,5.83,29.9,39.5,-6.928572,107.628559,Asia/Jakarta
2026-01-02 15:00:00,30.04,79.1,4.0,35.1,5.63,28.37,60.72,-6.928572,107.628559,Asia/Jakarta
2026-01-02 18:00:00,23.36,91.1,0.0,60.7,4.82,22.57,54.79,-6.928572,107.628559,Asia/Jakarta
2026-01-02 21:00:00,23.15,85.2,0.43,54.8,3.6,21.94,48.75,-6.928572,107.628559,Asia/Jakarta
2026-01-03 00:00:00,25.26,85.5,0.0,38.8,5.48,24.66,48.1,-6.928572,107.628559,Asia/Jakarta
2026-01-03 03:00:00,25.09,84.6,1.34,59.2,4.53,24.46,50.58,-6.928572,107.628559,Asia/Jakarta
2026-01-03 06:00:00,24.47,87.5,4.21,47.1,4.84,23.57,61.29,-6.928572,107.628559,Asia/Jakarta
2026-01-03 09:00:00,27.84,81.2,0.0,44.2,7.54,26.41,37.25,-6.928572,107.628559,Asia/Jakarta
2026-01-03 12:00:00,31.19,68.7,0.0,33.6,5.46,30.59,38.58,-6.928572,107.628559,Asia/Jakarta
2026-01-03 15:00:00,28.18,76.9,0.0,39.4,5.33,26.47,52.84,-6.928572,107.628559,Asia/Jakarta
2026-01-03 18:00:00,24.09,89.3,0.0,54.6,2.86,23.19,61.05,-6.928572,107.628559,Asia/Jakarta
2026-01-03 21:00:00,25.17,87.8,8.73,43.5,3.24,23.64,71.69,-6.928572,107.628559,Asia/Jakarta
2026-01-04 00:00:00,25.06,85.6,0.0,43.7,2.68,23.31,57.15,-6.928572,107.628559,Asia/Jakarta
2026-01-04 03:00:00,22.63,89.0,0.0,44.1,3.07,21.07,54.07,-6.928572,107.628559,Asia/Jakarta
2026-01-04 06:00:00,24.18,83.5,0.0,58.2,3.02,23.13,47.58,-6.928572,107.628559,Asia/Jakarta
2026-01-04 09:00:00,29.11,76.4,0.0,29.4,7.53,28.55,52.66,-6.928572,107.628559,Asia/Jakarta
2026-01-04 12:00:00,30.57,75.8,2.78,43.8,6.96,28.61,53.11,-6.928572,107.628559,Asia/Jakarta
2026-01-04 15:00:00,29.7,80.1,2.12,37.8,7.07,28.58,44.6,-6.928572,107.628559,Asia/Jakarta
2026-01-04 18:00:00,23.04,94.1,3.63,64.8,4.84,22.17,66.75,-6.928572,107.628559,Asia/Jakarta
2026-01-04 21:00:00,22.98,92.0,2.01,53.1,4.15,21.1,54.62,-6.928572,107.628559,Asia/Jakarta
2026-01-05 00:00:00,23.55,92.0,2.64,64.9,4.81,22.63,59.18,-6.928572,107.628559,Asia/Jakarta
2026-01-05 03:00:00,22.71,93.2,3.3,53.7,4.88,21.71,67.76,-6.928572,107.628559,Asia/Jakarta
2026-01-05 06:00:00,22.58,94.5,0.0,52.8,5.94,21.19,47.61,-6.928572,107.628559,Asia/Jakarta
2026-01-05 09:00:00,28.49,81.2,0.0,43.7,4.67,27.7,51.49,-6.928572,107.628559,Asia/Jakarta
2026-01-05 12:00:00,29.63,75.3,0.0,39.8,7.4,28.03,48.04,-6.928572,107.628559,Asia/Jakarta
2026-01-05 15:00:00,28.04,78.6,0.0,53.4,6.45,27.35,47.71,-6.928572,107.628559,Asia/Jakarta
2026-01-05 18:00:00,25.2,85.4,1.28,53.4,4.94,24.41,58.69,-6.928572,107.628559,Asia/Jakarta
2026-01-05 21:00:00,24.49,85.6,5.94,55.5,4.49,22.74,66.57,-6.928572,107.628559,Asia/Jakarta
2026-01-06 00:00:00,23.41,86.1,0.0,57.0,3.63,21.9,54.07,-6.928572,107.628559,Asia/Jakarta
2026-01-06 03:00:00,24.03,90.7,0.0,65.7,4.81,22.54,51.54,-6.928572,107.628559,Asia/Jakarta
2026-01-06 06:00:00,24.36,83.0,1.07,57.8,3.59,23.64,62.26,-6.928572,107.628559,Asia/Jakarta
2026-01-06 09:00:00,27.59,85.1,0.0,51.8,5.86,26.22,51.28,-6.928572,107.628559,Asia/Jakarta
2026-01-06 12:00:00,31.66,70.6,0.95,32.2,7.41,29.86,49.37,-6.928572,107.628559,Asia/Jakarta
2026-01-06 15:00:00,30.11,77.8,0.0,35.0,6.7,28.77,44.53,-6.928572,107.628559,Asia/Jakarta
2026-01-06 18:00:00,25.25,81.4,0.0,36.6,4.36,24.28,55.94,-6.928572,107.628559,Asia/Jakarta
2026-01-06 21:00:00,24.77,85.6,0.0,57.2,3.99,23.6,61.51,-6.928572,107.628559,Asia/Jakarta
2026-01-07 00:00:00,22.98,93.6,0.0,56.4,5.44,21.31,51.44,-6.928572,107.628559,Asia/Jakarta
2026-01-07 03:00:00,23.95,85.3,0.0,47.8,3.32,22.11,52.37,-6.928572,107.628559,Asia/Jakarta
2026-01-07 06:00:00,22.74,87.0,3.87,48.1,3.25,21.75,62.15,-6.928572,107.628559,Asia/Jakarta
2026-01-07 09:00:00,28.85,73.2,5.63,45.2,6.96,28.32,64.62,-6.928572,107.628559,Asia/Jakarta
2026-01-07 12:00:00,32.14,71.5,0.0,34.9,6.05,30.3,39.24,-6.928572,107.628559,Asia/Jakarta
2026-01-07 15:00:00,29.96,75.7,0.0,45.3,7.41,29.05,44.91,-6.928572,107.628559,Asia/Jakarta
2026-01-07 18:00:00,23.96,86.8,0.0,54.8,5.03,22.08,60.45,-6.928572,107.628559,Asia/Jakarta
2026-01-07 21:00:00,25.44,85.1,0.0,58.9,4.82,24.3,48.34,-6.928572,107.628559,Asia/Jakarta
2026-01-08 00:00:00,25.1,82.3,3.8,40.5,4.09,23.28,60.76,-6.928572,107.628559,Asia/Jakarta
2026-01-08 03:00:00,23.33,93.7,0.0,55.8,4.15,22.76,58.98,-6.928572,107.628559,Asia/Jakarta
2026-01-08 06:00:00,25.36,82.2,0.0,35.8,2.64,24.48,47.5,-6.928572,107.628559,Asia/Jakarta
2026-01-08 09:00:00,29.97,76.5,0.0,34.2,4.67,28.77,52.26,-6.928572,107.628559,Asia/Jakarta
2026-01-08 12:00:00,30.27,73.3,0.0,39.9,7.51,29.52,45.44,-6.928572,107.628559,Asia/Jakarta
2026-01-08 15:00:00,28.38,79.4,0.0,53.7,7.45,26.47,43.11,-6.928572,107.628559,Asia/Jakarta
2026-01-08 18:00:00,23.09,90.6,3.04,62.6,4.94,21.57,58.51,-6.928572,107.628559,Asia/Jakarta
2026-01-08 21:00:00,24.92,88.8,2.61,54.4,4.36,24.31,63.33,-6.928572,107.628559,Asia/Jakarta
2026-01-09 00:00:00,24.44,82.0,0.0,44.1,4.02,22.61,52.8,-6.928572,107.628559,Asia/Jakarta
2026-01-09 03:00:00,23.88,84.6,0.0,40.8,4.78,22.0,56.85,-6.928572,107.628559,Asia/Jakarta
2026-01-09 06:00:00,24.82,85.7,0.0,57.5,3.63,22.92,50.93,-6.928572,107.628559,Asia/Jakarta
2026-01-09 09:00:00,28.29,78.3,0.0,48.3,6.61,27.05,42.48,-6.928572,107.628559,Asia/Jakarta
2026-01-09 12:00:00,30.48,74.1,2.28,34.6,5.98,28.65,47.55,-6.928572,107.628559,Asia/Jakarta
2026-01-09 15:00:00,29.12,77.2,6.88,33.8,5.69,28.26,61.12,-6.928572,107.628559,Asia/Jakarta
2026-01-09 18:00:00,23.93,90.1,4.24,52.8,3.53,23.06,62.8,-6.928572,107.628559,Asia/Jakarta
2026-01-09 21:00:00,24.49,85.5,2.43,50.7,5.99,23.46,61.15,-6.928572,107.628559,Asia/Jakarta
2026-01-10 00:00:00,23.86,86.2,0.0,43.7,3.6,21.93,58.89,-6.928572,107.628559,Asia/Jakarta
2026-01-10 03:00:00,24.57,83.5,1.87,53.2,4.56,23.18,63.28,-6.928572,107.628559,Asia/Jakarta
2026-01-10 06:00:00,25.44,88.1,5.18,47.2,3.56,24.75,69.72,-6.928572,107.628559,Asia/Jakarta
2026-01-10 09:00:00,27.59,75.8,0.0,34.8,6.5,26.93,49.15,-6.928572,107.628559,Asia/Jakarta
2026-01-10 12:00:00,29.54,74.0,6.77,37.5,8.38,27.74,51.93,-6.928572,107.628559,Asia/Jakarta
2026-01-10 15:00:00,27.79,75.5,0.0,39.3,6.67,26.08,39.53,-6.928572,107.628559,Asia/Jakarta
2026-01-10 18:00:00,25.35,80.8,0.0,38.8,3.96,23.92,56.54,-6.928572,107.628559,Asia/Jakarta
2026-01-10 21:00:00,24.83,84.9,6.36,58.7,4.56,23.47,67.85,-6.928572,107.628559,Asia/Jakarta
2026-01-11 00:00:00,22.68,95.2,0.0,49.6,4.69,22.06,51.23,-6.928572,107.628559,Asia/Jakarta
2026-01-11 03:00:00,23.22,90.0,1.6,45.7,4.91,22.67,58.04,-6.928572,107.628559,Asia/Jakarta
2026-01-11 06:00:00,23.36,87.0,2.6,59.6,3.32,21.68,56.95,-6.928572,107.628559,Asia/Jakarta
2026-01-11 09:00:00,29.22,79.9,2.24,36.6,5.05,28.32,44.41,-6.928572,107.628559,Asia/Jakarta
2026-01-11 12:00:00,29.93,71.0,0.0,42.0,7.88,28.77,47.74,-6.928572,107.628559,Asia/Jakarta
2026-01-11 15:00:00,28.86,75.6,2.88,37.3,6.16,27.46,50.44,-6.928572,107.628559,Asia/Jakarta
2026-01-11 18:00:00,25.17,87.7,5.9,54.2,3.3,23.38,70.77,-6.928572,107.628559,Asia/Jakarta
2026-01-11 21:00:00,24.26,82.5,0.0,52.8,4.52,23.5,59.21,-6.928572,107.628559,Asia/Jakarta
2026-01-12 00:00:00,24.06,87.1,0.0,45.8,4.03,22.1,60.03,-6.928572,107.628559,Asia/Jakarta
2026-01-12 03:00:00,23.91,87.1,8.2,46.8,3.06,22.67,71.63,-6.928572,107.628559,Asia/Jakarta
2026-01-12 06:00:00,24.49,85.8,4.36,56.0,2.81,23.81,60.63,-6.928572,107.628559,Asia/Jakarta
2026-01-12 09:00:00,29.77,79.3,1.93,51.1,7.31,29.19,48.74,-6.928572,107.628559,Asia/Jakarta
2026-01-12 12:00:00,31.06,74.2,0.0,38.2,5.18,30.36,37.27,-6.928572,107.628559,Asia/Jakarta
2026-01-12 15:00:00,28.31,82.5,3.24,46.2,6.47,26.75,57.02,-6.928572,107.628559,Asia/Jakarta
2026-01-12 18:00:00,23.43,84.1,9.23,45.9,5.44,21.51,69.12,-6.928572,107.628559,Asia/Jakarta
2026-01-12 21:00:00,24.44,83.4,3.56,57.8,4.97,23.22,61.48,-6.928572,107.628559,Asia/Jakarta
2026-01-13 00:00:00,23.92,87.5,2.62,43.0,4.6,23.21,64.7,-6.928572,107.628559,Asia/Jakarta
2026-01-13 03:00:00,22.71,93.2,2.8,65.7,5.26,22.21,57.43,-6.928572,107.628559,Asia/Jakarta
2026-01-13 06:00:00,24.68,89.8,0.0,55.7,5.53,23.45,54.14,-6.928572,107.628559,Asia/Jakarta
2026-01-13 09:00:00,28.45,81.1,0.0,42.1,7.31,27.59,52.79,-6.928572,107.628559,Asia/Jakarta
2026-01-13 12:00:00,30.65,77.4,4.34,39.3,6.66,29.58,57.16,-6.928572,107.628559,Asia/Jakarta
2026-01-13 15:00:00,30.41,77.3,1.65,44.9,7.64,28.47,42.75,-6.928572,107.628559,Asia/Jakarta
2026-01-13 18:00:00,23.5,84.9,2.2,57.1,5.69,22.78,52.09,-6.928572,107.628559,Asia/Jakarta
2026-01-13 21:00:00,25.11,90.2,0.0,44.0,3.43,24.02,56.97,-6.928572,107.628559,Asia/Jakarta
2026-01-14 00:00:00,22.74,88.7,6.3,56.9,5.84,20.91,70.89,-6.928572,107.628559,Asia/Jakarta
2026-01-14 03:00:00,23.96,88.3,4.26,55.1,4.9,23.12,60.97,-6.928572,107.628559,Asia/Jakarta
2026-01-14 06:00:00,22.77,95.2,0.0,65.4,2.85,21.82,49.66,-6.928572,107.628559,Asia/Jakarta
2026-01-14 09:00:00,27.54,78.6,0.0,32.0,5.78,26.42,41.01,-6.928572,107.628559,Asia/Jakarta
2026-01-14 12:00:00,31.55,68.8,0.0,25.0,6.34,30.3,43.93,-6.928572,107.628559,Asia/Jakarta
2026-01-14 15:00:00,29.2,74.2,0.0,41.5,6.6,28.0,51.48,-6.928572,107.628559,Asia/Jakarta
2026-01-14 18:00:00,23.36,89.6,0.0,43.4,5.96,21.42,51.79,-6.928572,107.628559,Asia/Jakarta
2026-01-14 21:00:00,24.57,86.2,0.0,45.4,5.49,23.5,48.71,-6.928572,107.628559,Asia/Jakarta
2026-01-15 00:00:00,23.58,86.6,3.59,55.4,5.41,23.06,61.23,-6.928572,107.628559,Asia/Jakarta
2026-01-15 03:00:00,25.1,88.3,0.0,63.6,5.11,23.24,60.33,-6.928572,107.628559,Asia/Jakarta
2026-01-15 06:00:00,24.83,83.4,6.51,54.6,3.17,23.19,65.33,-6.928572,107.628559,Asia/Jakarta
2026-01-15 09:00:00,29.75,77.5,1.83,32.8,6.46,28.07,41.76,-6.928572,107.628559,Asia/Jakarta
2026-01-15 12:00:00,29.6,74.7,0.0,29.8,6.14,28.8,39.65,-6.928572,107.628559,Asia/Jakarta
2026-01-15 15:00:00,29.81,79.4,0.0,40.1,5.22,27.94,39.73,-6.928572,107.628559,Asia/Jakarta
2026-01-15 18:00:00,25.33,89.7,0.0,48.8,5.31,24.72,54.49,-6.928572,107.628559,Asia/Jakarta
2026-01-15 21:00:00,24.76,83.5,0.0,51.7,3.89,23.43,60.53,-6.928572,107.628559,Asia/Jakarta
2026-01-16 00:00:00,22.77,89.3,2.56,47.7,3.79,21.88,64.62,-6.928572,107.628559,Asia/Jakarta
2026-01-16 03:00:00,23.64,89.9,0.0,50.9,4.15,21.73,56.91,-6.928572,107.628559,Asia/Jakarta
2026-01-16 06:00:00,23.48,90.0,0.0,57.5,4.12,22.01,58.22,-6.928572,107.628559,Asia/Jakarta
2026-01-16 09:00:00,27.8,75.3,0.0,28.2,4.67,26.49,40.86,-6.928572,107.628559,Asia/Jakarta
2026-01-16 12:00:00,30.67,72.5,0.0,47.3,6.89,29.08,42.4,-6.928572,107.628559,Asia/Jakarta
2026-01-16 15:00:00,30.11,76.5,0.0,48.5,7.55,28.57,41.58,-6.928572,107.628559,Asia/Jakarta
2026-01-16 18:00:00,23.15,89.0,4.16,46.7,5.93,21.3,62.03,-6.928572,107.628559,Asia/Jakarta
2026-01-16 21:00:00,24.43,82.5,0.0,41.1,5.82,23.8,60.19,-6.928572,107.628559,Asia/Jakarta
2026-01-17 00:00:00,23.14,91.0,4.05,66.3,3.67,21.46,71.73,-6.928572,107.628559,Asia/Jakarta
2026-01-17 03:00:00,23.12,93.0,0.0,58.3,5.35,21.45,50.73,-6.928572,107.628559,Asia/Jakarta
2026-01-17 06:00:00,24.87,86.9,0.0,45.6,5.96,23.17,55.64,-6.928572,107.628559,Asia/Jakarta
2026-01-17 09:00:00,27.78,83.5,0.85,38.7,7.03,27.26,48.39,-6.928572,107.628559,Asia/Jakarta
2026-01-17 12:00:00,30.3,70.8,2.36,32.9,5.22,29.25,45.36,-6.928572,107.628559,Asia/Jakarta
2026-01-17 15:00:00,29.23,76.3,0.0,33.7,6.81,27.74,51.64,-6.928572,107.628559,Asia/Jakarta
2026-01-17 18:00:00,23.4,90.5,0.0,43.2,5.47,22.74,53.82,-6.928572,107.628559,Asia/Jakarta
2026-01-17 21:00:00,24.64,85.9,2.93,59.5,3.02,23.2,55.47,-6.928572,107.628559,Asia/Jakarta
2026-01-18 00:00:00,24.26,89.4,0.0,50.5,3.53,23.11,55.09,-6.928572,107.628559,Asia/Jakarta
2026-01-18 03:00:00,24.88,82.1,0.0,49.8,4.43,23.73,60.85,-6.928572,107.628559,Asia/Jakarta
2026-01-18 06:00:00,25.16,84.5,4.49,56.4,5.05,24.2,61.88,-6.928572,107.628559,Asia/Jakarta
2026-01-18 09:00:00,28.21,83.5,4.04,52.0,4.59,27.07,47.35,-6.928572,107.628559,Asia/Jakarta
2026-01-18 12:00:00,31.73,70.3,3.14,25.4,8.35,30.23,48.89,-6.928572,107.628559,Asia/Jakarta
2026-01-18 15:00:00,28.68,81.7,0.43,56.3,7.47,27.75,38.87,-6.928572,107.628559,Asia/Jakarta
2026-01-18 18:00:00,23.44,85.0,3.27,49.2,4.19,22.41,67.75,-6.928572,107.628559,Asia/Jakarta
2026-01-18 21:00:00,24.17,83.6,3.49,42.3,4.0,22.52,63.65,-6.928572,107.628559,Asia/Jakarta
2026-01-19 00:00:00,24.37,88.8,0.0,54.1,4.8,23.82,58.1,-6.928572,107.628559,Asia/Jakarta
2026-01-19 03:00:00,23.32,91.9,14.6,66.0,3.13,21.83,81.41,-6.928572,107.628559,Asia/Jakarta
2026-01-19 06:00:00,22.71,92.9,2.86,68.2,4.36,21.53,59.31,-6.928572,107.628559,Asia/Jakarta
2026-01-19 09:00:00,27.92,77.7,0.0,37.5,6.35,27.19,51.23,-6.928572,107.628559,Asia/Jakarta
2026-01-19 12:00:00,31.76,67.0,0.0,21.0,6.48,30.64,42.71,-6.928572,107.628559,Asia/Jakarta
2026-01-19 15:00:00,28.1,79.3,4.17,39.6,6.64,26.81,55.76,-6.928572,107.628559,Asia/Jakarta
2026-01-19 18:00:00,23.43,86.2,7.24,61.8,3.22,21.77,78.05,-6.928572,107.628559,Asia/Jakarta
2026-01-19 21:00:00,24.79,84.0,0.0,38.9,4.01,23.49,49.07,-6.928572,107.628559,Asia/Jakarta
2026-01-20 00:00:00,23.19,90.1,5.68,58.1,3.89,22.04,71.37,-6.928572,107.628559,Asia/Jakarta
2026-01-20 03:00:00,23.88,83.8,8.43,43.3,3.92,22.94,75.79,-6.928572,107.628559,Asia/Jakarta
2026-01-20 06:00:00,23.72,93.1,0.0,49.2,4.11,22.67,58.03,-6.928572,107.628559,Asia/Jakarta
2026-01-20 09:00:00,28.76,73.9,0.0,36.3,4.54,27.14,51.03,-6.928572,107.628559,Asia/Jakarta
2026-01-20 12:00:00,30.16,77.6,0.0,31.5,6.86,28.5,36.1,-6.928572,107.628559,Asia/Jakarta
2026-01-20 15:00:00,28.5,82.9,0.87,50.4,4.63,27.74,43.11,-6.928572,107.628559,Asia/Jakarta
2026-01-20 18:00:00,22.96,92.6,0.0,46.4,4.7,21.61,54.42,-6.928572,107.628559,Asia/Jakarta
2026-01-20 21:00:00,24.24,89.1,0.0,62.3,5.95,22.28,52.17,-6.928572,107.628559,Asia/Jakarta
2026-01-21 00:00:00,23.45,88.4,0.0,51.6,5.29,22.42,56.46,-6.928572,107.628559,Asia/Jakarta
2026-01-21 03:00:00,22.72,90.1,1.37,43.0,3.5,20.76,60.33,-6.928572,107.628559,Asia/Jakarta
2026-01-21 06:00:00,22.77,91.3,0.0,52.5,5.84,22.21,58.82,-6.928572,107.628559,Asia/Jakarta
2026-01-21 09:00:00,30.18,75.5,0.0,32.1,6.02,29.0,52.42,-6.928572,107.628559,Asia/Jakarta
2026-01-21 12:00:00,31.93,74.5,2.07,50.1,7.26,30.37,38.18,-6.928572,107.628559,Asia/Jakarta
2026-01-21 15:00:00,30.42,74.6,0.72,41.2,7.48,28.76,44.88,-6.928572,107.628559,Asia/Jakarta
2026-01-21 18:00:00,24.54,82.2,3.51,49.3,3.65,23.46,63.65,-6.928572,107.628559,Asia/Jakarta
2026-01-21 21:00:00,23.26,92.9,1.48,68.0,3.03,21.76,51.56,-6.928572,107.628559,Asia/Jakarta
2026-01-22 00:00:00,25.25,83.3,0.0,51.0,2.95,24.62,58.34,-6.928572,107.628559,Asia/Jakarta
2026-01-22 03:00:00,24.18,88.9,9.15,48.7,4.96,22.18,82.28,-6.928572,107.628559,Asia/Jakarta
2026-01-22 06:00:00,25.24,81.1,0.0,49.2,2.56,23.31,51.94,-6.928572,107.628559,Asia/Jakarta
2026-01-22 09:00:00,28.47,81.1,0.0,37.7,4.81,26.79,41.83,-6.928572,107.628559,Asia/Jakarta
2026-01-22 12:00:00,31.02,73.4,0.0,43.2,7.32,29.6,47.02,-6.928572,107.628559,Asia/Jakarta
2026-01-22 15:00:00,29.24,73.3,0.0,29.7,6.45,27.66,51.54,-6.928572,107.628559,Asia/Jakarta
2026-01-22 18:00:00,22.63,89.3,0.0,58.6,4.64,20.96,59.04,-6.928572,107.628559,Asia/Jakarta
2026-01-22 21:00:00,23.2,86.9,0.0,62.0,5.66,21.68,50.1,-6.928572,107.628559,Asia/Jakarta
2026-01-23 00:00:00,24.21,86.8,0.0,57.2,4.26,23.47,53.7,-6.928572,107.628559,Asia/Jakarta
2026-01-23 03:00:00,23.1,90.7,1.69,63.7,4.18,21.2,56.66,-6.928572,107.628559,Asia/Jakarta
2026-01-23 06:00:00,24.63,86.6,2.57,41.6,3.06,23.36,59.84,-6.928572,107.628559,Asia/Jakarta
2026-01-23 09:00:00,29.94,71.2,0.0,45.1,7.36,28.82,51.99,-6.928572,107.628559,Asia/Jakarta
2026-01-23 12:00:00,30.69,72.5,5.91,33.8,5.79,30.04,51.1,-6.928572,107.628559,Asia/Jakarta
2026-01-23 15:00:00,29.59,74.4,1.06,29.9,7.48,27.85,46.99,-6.928572,107.628559,Asia/Jakarta
2026-01-23 18:00:00,24.78,85.9,0.0,52.6,2.57,24.05,50.45,-6.928572,107.628559,Asia/Jakarta
2026-01-23 21:00:00,25.32,86.1,0.0,48.3,3.33,24.46,48.95,-6.928572,107.628559,Asia/Jakarta
2026-01-24 00:00:00,24.42,88.2,0.0,41.7,4.25,22.97,55.58,-6.928572,107.628559,Asia/Jakarta
2026-01-24 03:00:00,24.23,89.5,0.67,48.5,3.73,23.44,57.6,-6.928572,107.628559,Asia/Jakarta
2026-01-24 06:00:00,24.5,87.0,0.0,47.6,4.4,23.24,59.58,-6.928572,107.628559,Asia/Jakarta
2026-01-24 09:00:00,27.51,84.2,0.0,37.2,5.57,26.48,49.06,-6.928572,107.628559,Asia/Jakarta
2026-01-24 12:00:00,29.7,73.2,3.83,41.0,7.04,29.0,53.53,-6.928572,107.628559,Asia/Jakarta
2026-01-24 15:00:00,28.51,76.7,0.0,44.1,6.66,27.29,52.79,-6.928572,107.628559,Asia/Jakarta
2026-01-24 18:00:00,23.05,86.2,0.0,55.3,2.63,21.36,50.23,-6.928572,107.628559,Asia/Jakarta
2026-01-24 21:00:00,25.16,83.5,4.05,43.0,5.35,24.6,63.48,-6.928572,107.628559,Asia/Jakarta
2026-01-25 00:00:00,24.44,84.7,5.79,57.4,4.8,22.74,64.11,-6.928572,107.628559,Asia/Jakarta
2026-01-25 03:00:00,23.81,87.2,0.0,49.8,3.69,22.27,49.99,-6.928572,107.628559,Asia/Jakarta
2026-01-25 06:00:00,23.6,91.6,4.87,50.0,3.99,21.61,64.6,-6.928572,107.628559,Asia/Jakarta
2026-01-25 09:00:00,27.99,77.4,0.0,31.8,5.3,26.41,44.24,-6.928572,107.628559,Asia/Jakarta
2026-01-25 12:00:00,30.0,74.6,0.0,37.4,8.19,28.85,42.84,-6.928572,107.628559,Asia/Jakarta
2026-01-25 15:00:00,29.37,79.4,0.0,32.8,5.69,27.74,45.31,-6.928572,107.628559,Asia/Jakarta
2026-01-25 18:00:00,22.98,85.3,0.0,57.6,4.03,22.13,49.02,-6.928572,107.628559,Asia/Jakarta
2026-01-25 21:00:00,24.44,85.5,4.16,60.3,3.04,23.38,63.35,-6.928572,107.628559,Asia/Jakarta
2026-01-26 00:00:00,23.83,83.9,1.87,39.2,3.6,21.89,55.57,-6.928572,107.628559,Asia/Jakarta
2026-01-26 03:00:00,22.58,87.6,0.0,52.1,2.91,21.02,59.4,-6.928572,107.628559,Asia/Jakarta
2026-01-26 06:00:00,23.14,90.7,0.0,59.4,3.2,22.53,49.17,-6.928572,107.628559,Asia/Jakarta
2026-01-26 09:00:00,27.97,81.6,0.0,57.5,7.65,26.47,52.89,-6.928572,107.628559,Asia/Jakarta
2026-01-26 12:00:00,31.63,72.3,3.97,31.2,5.55,30.08,53.09,-6.928572,107.628559,Asia/Jakarta
2026-01-26 15:00:00,27.97,78.1,0.0,35.5,7.04,26.73,40.89,-6.928572,107.628559,Asia/Jakarta
2026-01-26 18:00:00,23.58,89.4,0.0,52.6,2.95,22.98,61.15,-6.928572,107.628559,Asia/Jakarta
2026-01-26 21:00:00,23.69,90.6,4.15,54.1,3.93,23.01,65.33,-6.928572,107.628559,Asia/Jakarta
2026-01-27 00:00:00,23.45,84.7,0.0,47.9,2.95,22.12,60.26,-6.928572,107.628559,Asia/Jakarta
2026-01-27 03:00:00,24.26,89.9,0.0,45.0,5.54,22.99,60.3,-6.928572,107.628559,Asia/Jakarta
2026-01-27 06:00:00,23.41,85.7,1.81,60.1,5.82,22.49,59.28,-6.928572,107.628559,Asia/Jakarta
2026-01-27 09:00:00,27.69,77.0,10.84,52.0,6.46,27.05,70.78,-6.928572,107.628559,Asia/Jakarta
2026-01-27 12:00:00,31.42,73.1,4.71,39.1,7.19,30.42,57.79,-6.928572,107.628559,Asia/Jakarta
2026-01-27 15:00:00,30.22,70.1,1.4,42.9,7.59,29.32,52.52,-6.928572,107.628559,Asia/Jakarta
2026-01-27 18:00:00,23.13,90.3,5.81,57.2,5.61,21.67,68.51,-6.928572,107.628559,Asia/Jakarta
2026-01-27 21:00:00,23.41,86.5,6.49,57.9,4.09,22.67,72.3,-6.928572,107.628559,Asia/Jakarta
2026-01-28 00:00:00,23.75,88.0,4.52,48.1,5.52,21.76,62.05,-6.928572,107.628559,Asia/Jakarta
2026-01-28 03:00:00,23.54,87.8,2.74,58.0,2.87,22.85,56.9,-6.928572,107.628559,Asia/Jakarta
2026-01-28 06:00:00,23.85,84.5,0.0,37.7,5.52,21.9,53.69,-6.928572,107.628559,Asia/Jakarta
2026-01-28 09:00:00,30.16,78.0,0.0,52.4,4.93,28.16,39.65,-6.928572,107.628559,Asia/Jakarta
2026-01-28 12:00:00,30.9,77.1,1.74,41.0,6.38,30.04,44.14,-6.928572,107.628559,Asia/Jakarta
2026-01-28 15:00:00,29.2,72.4,0.0,31.1,7.22,28.27,47.86,-6.928572,107.628559,Asia/Jakarta
2026-01-28 18:00:00,22.52,87.0,3.14,42.2,3.78,21.96,60.36,-6.928572,107.628559,Asia/Jakarta
2026-01-28 21:00:00,22.65,91.2,4.29,51.9,3.85,21.33,63.64,-6.928572,107.628559,Asia/Jakarta
2026-01-29 00:00:00,24.98,87.0,3.37,53.6,2.84,23.0,60.39,-6.928572,107.628559,Asia/Jakarta
2026-01-29 03:00:00,24.17,86.1,0.0,41.6,3.9,23.62,47.64,-6.928572,107.628559,Asia/Jakarta
2026-01-29 06:00:00,24.64,89.5,8.67,54.0,5.63,22.74,68.31,-6.928572,107.628559,Asia/Jakarta
2026-01-29 09:00:00,28.41,77.5,0.0,44.3,6.35,27.14,45.22,-6.928572,107.628559,Asia/Jakarta
2026-01-29 12:00:00,30.97,73.8,5.22,37.2,6.16,29.84,46.24,-6.928572,107.628559,Asia/Jakarta
2026-01-29 15:00:00,28.37,82.6,0.0,55.5,6.36,26.89,41.35,-6.928572,107.628559,Asia/Jakarta
2026-01-29 18:00:00,25.42,85.6,1.57,43.1,4.18,23.83,58.84,-6.928572,107.628559,Asia/Jakarta
2026-01-29 21:00:00,24.82,84.9,1.26,56.6,4.5,24.04,60.98,-6.928572,107.628559,Asia/Jakarta
2026-01-30 00:00:00,23.82,87.4,4.74,49.3,4.26,22.62,67.21,-6.928572,107.628559,Asia/Jakarta
2026-01-30 03:00:00,25.05,87.9,2.79,56.8,4.46,23.83,69.11,-6.928572,107.628559,Asia/Jakarta
2026-01-30 06:00:00,23.63,93.1,5.54,56.2,4.41,21.83,70.0,-6.928572,107.628559,Asia/Jakarta
2026-01-30 09:00:00,29.49,79.3,0.0,37.6,7.62,28.54,41.56,-6.928572,107.628559,Asia/Jakarta
2026-01-30 12:00:00,32.32,75.1,0.0,45.6,7.42,31.1,40.82,-6.928572,107.628559,Asia/Jakarta
2026-01-30 15:00:00,29.13,81.4,4.71,50.7,6.27,27.29,56.15,-6.928572,107.628559,Asia/Jakarta
2026-01-30 18:00:00,23.68,86.9,3.15,57.5,2.65,23.07,69.22,-6.928572,107.628559,Asia/Jakarta
2026-01-30 21:00:00,25.27,86.7,1.59,56.6,5.4,23.93,54.84,-6.928572,107.628559,Asia/Jakarta
2026-01-31 00:00:00,23.31,85.3,0.75,55.1,2.68,22.48,63.13,-6.928572,107.628559,Asia/Jakarta
2026-01-31 03:00:00,23.2,85.5,0.0,45.4,4.88,21.25,49.2,-6.928572,107.628559,Asia/Jakarta
2026-01-31 06:00:00,25.43,81.4,0.0,49.0,4.16,23.8,57.41,-6.928572,107.628559,Asia/Jakarta
2026-01-31 09:00:00,28.31,76.6,0.0,30.0,6.55,26.7,40.82,-6.928572,107.628559,Asia/Jakarta
2026-01-31 12:00:00,32.05,66.3,0.0,40.4,7.93,31.5,47.94,-6.928572,107.628559,Asia/Jakarta
2026-01-31 15:00:00,29.96,78.2,0.0,34.6,7.32,29.4,41.73,-6.928572,107.628559,Asia/Jakarta
2026-01-31 18:00:00,23.4,90.1,3.92,64.4,4.09,22.11,65.88,-6.928572,107.628559,Asia/Jakarta
2026-01-31 21:00:00,25.17,81.7,1.04,45.8,5.33,23.57,54.58,-6.928572,107.628559,Asia/Jakarta
2026-02-01 00:00:00,24.44,89.1,1.53,41.4,3.53,23.66,61.16,-6.928572,107.628559,Asia/Jakarta
2026-02-01 03:00:00,24.33,88.5,3.75,50.2,3.65,23.69,61.66,-6.928572,107.628559,Asia/Jakarta
2026-02-01 06:00:00,25.45,84.5,3.49,59.0,3.84,24.54,61.83,-6.928572,107.628559,Asia/Jakarta
2026-02-01 09:00:00,28.44,79.3,1.17,45.1,5.53,26.94,43.46,-6.928572,107.628559,Asia/Jakarta
2026-02-01 12:00:00,30.9,69.9,0.0,38.4,8.11,29.36,45.32,-6.928572,107.628559,Asia/Jakarta
2026-02-01 15:00:00,29.37,80.9,6.98,41.8,7.62,28.18,60.11,-6.928572,107.628559,Asia/Jakarta
2026-02-01 18:00:00,25.47,83.5,0.0,52.3,5.15,23.73,59.83,-6.928572,107.628559,Asia/Jakarta
2026-02-01 21:00:00,24.79,88.0,0.0,54.3,4.34,23.74,55.45,-6.928572,107.628559,Asia/Jakarta
2026-02-02 00:00:00,25.25,81.3,0.0,53.2,3.21,24.5,55.59,-6.928572,107.628559,Asia/Jakarta
2026-02-02 03:00:00,25.06,85.0,0.0,53.3,4.21,23.9,61.38,-6.928572,107.628559,Asia/Jakarta
2026-02-02 06:00:00,22.67,86.9,0.0,48.9,4.46,21.7,57.76,-6.928572,107.628559,Asia/Jakarta
2026-02-02 09:00:00,27.52,78.0,6.86,30.0,4.52,25.96,58.97,-6.928572,107.628559,Asia/Jakarta
2026-02-02 12:00:00,31.12,68.4,0.0,41.9,6.65,30.35,37.59,-6.928572,107.628559,Asia/Jakarta
2026-02-02 15:00:00,27.86,81.1,0.0,50.6,5.58,26.68,51.36,-6.928572,107.628559,Asia/Jakarta
2026-02-02 18:00:00,25.25,83.9,0.0,37.9,5.56,23.46,49.13,-6.928572,107.628559,Asia/Jakarta
2026-02-02 21:00:00,22.86,95.1,4.85,56.6,5.93,21.22,71.03,-6.928572,107.628559,Asia/Jakarta
2026-02-03 00:00:00,25.44,84.4,4.84,53.7,3.83,24.24,61.32,-6.928572,107.628559,Asia/Jakarta
2026-02-03 03:00:00,22.97,86.9,0.0,59.9,2.61,21.54,57.56,-6.928572,107.628559,Asia/Jakarta
2026-02-03 06:00:00,25.31,88.9,4.85,46.7,4.58,23.8,64.81,-6.928572,107.628559,Asia/Jakarta
2026-02-03 09:00:00,30.07,72.5,0.0,25.6,6.16,28.4,49.17,-6.928572,107.628559,Asia/Jakarta
2026-02-03 12:00:00,29.92,80.3,0.0,37.9,7.02,28.26,42.24,-6.928572,107.628559,Asia/Jakarta
2026-02-03 15:00:00,29.9,72.8,0.0,45.8,6.09,28.99,43.72,-6.928572,107.628559,Asia/Jakarta
2026-02-03 18:00:00,24.17,88.4,6.45,58.0,4.88,23.6,70.08,-6.928572,107.628559,Asia/Jakarta
2026-02-03 21:00:00,23.53,90.2,0.0,51.4,4.94,22.58,53.53,-6.928572,107.628559,Asia/Jakarta
2026-02-04 00:00:00,23.05,90.2,5.31,48.0,5.5,21.86,60.99,-6.928572,107.628559,Asia/Jakarta
2026-02-04 03:00:00,22.67,89.7,0.0,51.7,3.86,21.68,51.08,-6.928572,107.628559,Asia/Jakarta
2026-02-04 06:00:00,22.74,89.9,0.0,50.9,5.4,21.67,47.82,-6.928572,107.628559,Asia/Jakarta
2026-02-04 09:00:00,29.26,72.1,0.0,25.9,6.32,28.44,47.84,-6.928572,107.628559,Asia/Jakarta
2026-02-04 12:00:00,30.13,79.0,0.0,38.3,5.74,28.51,36.04,-6.928572,107.628559,Asia/Jakarta
2026-02-04 15:00:00,29.69,78.4,0.0,52.3,6.73,28.83,43.45,-6.928572,107.628559,Asia/Jakarta
2026-02-04 18:00:00,23.46,86.8,0.0,49.9,3.58,21.64,52.75,-6.928572,107.628559,Asia/Jakarta
2026-02-04 21:00:00,23.9,91.0,0.0,60.4,3.62,22.93,50.25,-6.928572,107.628559,Asia/Jakarta
2026-02-05 00:00:00,22.64,94.3,1.71,64.1,4.44,21.06,60.11,-6.928572,107.628559,Asia/Jakarta
2026-02-05 03:00:00,23.39,86.1,0.0,43.6,3.36,21.47,55.81,-6.928572,107.628559,Asia/Jakarta
2026-02-05 06:00:00,23.51,91.5,0.0,55.2,5.09,21.91,54.37,-6.928572,107.628559,Asia/Jakarta
2026-02-05 09:00:00,28.51,74.7,2.76,39.9,7.38,26.57,59.02,-6.928572,107.628559,Asia/Jakarta
2026-02-05 12:00:00,31.07,76.3,0.0,30.1,5.17,30.37,33.1,-6.928572,107.628559,Asia/Jakarta
2026-02-05 15:00:00,29.34,72.3,13.59,27.9,5.86,27.89,67.97,-6.928572,107.628559,Asia/Jakarta
2026-02-05 18:00:00,25.3,89.2,0.46,57.0,4.36,24.78,54.59,-6.928572,107.628559,Asia/Jakarta
2026-02-05 21:00:00,24.67,86.8,0.0,45.6,4.94,22.76,53.89,-6.928572,107.628559,Asia/Jakarta
2026-02-06 00:00:00,23.04,94.0,2.26,58.6,4.67,22.01,56.01,-6.928572,107.628559,Asia/Jakarta
2026-02-06 03:00:00,24.88,81.7,7.01,56.8,3.35,23.93,73.58,-6.928572,107.628559,Asia/Jakarta
2026-02-06 06:00:00,24.98,81.5,0.0,57.3,2.61,23.92,53.48,-6.928572,107.628559,Asia/Jakarta
2026-02-06 09:00:00,28.88,78.9,1.81,47.8,7.23,27.88,51.4,-6.928572,107.628559,Asia/Jakarta
2026-02-06 12:00:00,32.43,74.8,0.0,48.3,5.8,30.89,47.42,-6.928572,107.628559,Asia/Jakarta
2026-02-06 15:00:00,29.15,74.7,0.0,48.9,5.25,27.66,45.79,-6.928572,107.628559,Asia/Jakarta
2026-02-06 18:00:00,23.04,93.3,5.41,45.7,3.0,21.31,72.03,-6.928572,107.628559,Asia/Jakarta
2026-02-06 21:00:00,25.29,83.1,0.0,48.6,5.47,23.98,57.83,-6.928572,107.628559,Asia/Jakarta
2026-02-07 00:00:00,23.65,90.9,0.0,61.9,2.77,22.63,58.93,-6.928572,107.628559,Asia/Jakarta
2026-02-07 03:00:00,22.79,87.7,0.0,41.5,4.65,20.84,56.53,-6.928572,107.628559,Asia/Jakarta
2026-02-07 06:00:00,23.48,90.2,3.45,61.0,3.3,22.42,63.44,-6.928572,107.628559,Asia/Jakarta
2026-02-07 09:00:00,28.01,80.2,0.0,41.4,5.3,27.4,41.04,-6.928572,107.628559,Asia/Jakarta
2026-02-07 12:00:00,30.3,73.4,1.92,44.2,6.36,29.67,43.0,-6.928572,107.628559,Asia/Jakarta
2026-02-07 15:00:00,30.28,74.1,0.36,44.3,4.57,28.94,44.79,-6.928572,107.628559,Asia/Jakarta
2026-02-07 18:00:00,24.04,83.8,0.0,37.9,4.59,22.24,59.55,-6.928572,107.628559,Asia/Jakarta
2026-02-07 21:00:00,22.54,90.0,0.0,60.7,4.46,21.67,62.88,-6.928572,107.628559,Asia/Jakarta
2026-02-08 00:00:00,24.06,89.5,3.84,45.6,3.44,23.31,57.78,-6.928572,107.628559,Asia/Jakarta
2026-02-08 03:00:00,23.33,87.2,1.68,58.0,5.8,22.08,62.23,-6.928572,107.628559,Asia/Jakarta
2026-02-08 06:00:00,24.35,86.6,3.05,41.9,3.88,23.28,67.18,-6.928572,107.628559,Asia/Jakarta
2026-02-08 09:00:00,30.04,74.5,0.0,36.9,6.55,29.09,46.61,-6.928572,107.628559,Asia/Jakarta
2026-02-08 12:00:00,31.31,74.4,4.81,37.9,6.39,29.71,48.69,-6.928572,107.628559,Asia/Jakarta
2026-02-08 15:00:00,29.35,81.2,6.11,52.0,5.25,28.3,63.12,-6.928572,107.628559,Asia/Jakarta
2026-02-08 18:00:00,25.3,82.1,2.25,58.0,5.19,23.71,52.38,-6.928572,107.628559,Asia/Jakarta
2026-02-08 21:00:00,25.33,82.1,0.0,53.3,2.74,23.64,60.56,-6.928572,107.628559,Asia/Jakarta
2026-02-09 00:00:00,24.52,83.1,1.92,42.4,3.04,23.45,57.99,-6.928572,107.628559,Asia/Jakarta
2026-02-09 03:00:00,23.85,89.1,1.02,55.1,5.73,22.72,63.16,-6.928572,107.628559,Asia/Jakarta
2026-02-09 06:00:00,22.61,95.4,0.0,64.2,4.58,21.95,61.63,-6.928572,107.628559,Asia/Jakarta
2026-02-09 09:00:00,28.19,80.6,0.0,36.6,6.24,26.72,47.42,-6.928572,107.628559,Asia/Jakarta
2026-02-09 12:00:00,32.4,68.5,6.31,39.6,5.35,30.78,50.43,-6.928572,107.628559,Asia/Jakarta
2026-02-09 15:00:00,29.12,78.9,0.0,36.2,5.89,27.59,47.97,-6.928572,107.628559,Asia/Jakarta
2026-02-09 18:00:00,22.95,95.0,12.36,58.6,5.72,21.21,75.57,-6.928572,107.628559,Asia/Jakarta
2026-02-09 21:00:00,24.69,84.8,0.0,45.1,4.32,24.04,52.57,-6.928572,107.628559,Asia/Jakarta
2026-02-10 00:00:00,24.67,85.9,6.77,39.5,4.99,23.65,62.26,-6.928572,107.628559,Asia/Jakarta
2026-02-10 03:00:00,22.83,93.3,0.0,67.6,4.31,21.83,55.83,-6.928572,107.628559,Asia/Jakarta
2026-02-10 06:00:00,23.78,87.9,0.0,59.0,3.15,22.69,57.52,-6.928572,107.628559,Asia/Jakarta
2026-02-10 09:00:00,29.66,79.7,0.0,42.5,4.28,28.74,40.54,-6.928572,107.628559,Asia/Jakarta
2026-02-10 12:00:00,31.61,74.8,0.0,40.6,6.88,30.82,38.85,-6.928572,107.628559,Asia/Jakarta
2026-02-10 15:00:00,27.79,81.5,0.0,45.3,5.36,26.7,43.32,-6.928572,107.628559,Asia/Jakarta
2026-02-10 18:00:00,22.84,88.8,7.79,51.7,4.86,20.96,76.95,-6.928572,107.628559,Asia/Jakarta
2026-02-10 21:00:00,24.27,89.0,1.82,48.5,2.91,23.56,56.98,-6.928572,107.628559,Asia/Jakarta
2026-02-11 00:00:00,23.67,89.5,4.62,55.3,4.2,21.79,65.76,-6.928572,107.628559,Asia/Jakarta
2026-02-11 03:00:00,25.29,81.8,5.76,37.8,3.15,23.86,73.14,-6.928572,107.628559,Asia/Jakarta
2026-02-11 06:00:00,25.1,90.0,1.33,53.6,3.84,23.62,58.91,-6.928572,107.628559,Asia/Jakarta
2026-02-11 09:00:00,28.68,77.9,9.57,46.9,4.85,26.98,67.2,-6.928572,107.628559,Asia/Jakarta
2026-02-11 12:00:00,30.16,70.2,0.0,27.6,7.73,28.5,42.05,-6.928572,107.628559,Asia/Jakarta
2026-02-11 15:00:00,28.94,77.5,0.84,43.3,6.17,27.62,54.8,-6.928572,107.628559,Asia/Jakarta
2026-02-11 18:00:00,24.77,88.8,8.61,51.4,3.99,23.29,77.72,-6.928572,107.628559,Asia/Jakarta
2026-02-11 21:00:00,23.24,93.1,0.83,45.9,5.52,21.44,50.22,-6.928572,107.628559,Asia/Jakarta
2026-02-12 00:00:00,22.85,93.3,0.0,50.4,4.91,21.44,60.78,-6.928572,107.628559,Asia/Jakarta
2026-02-12 03:00:00,23.78,89.4,0.0,60.3,5.32,22.49,56.12,-6.928572,107.628559,Asia/Jakarta
2026-02-12 06:00:00,24.29,83.9,1.39,59.4,4.5,23.02,65.3,-6.928572,107.628559,Asia/Jakarta
2026-02-12 09:00:00,30.15,78.0,0.0,33.3,5.71,29.23,38.05,-6.928572,107.628559,Asia/Jakarta
2026-02-12 12:00:00,31.47,74.1,4.67,29.3,6.13,29.7,47.23,-6.928572,107.628559,Asia/Jakarta
2026-02-12 15:00:00,28.63,74.5,0.0,41.7,5.58,26.94,38.31,-6.928572,107.628559,Asia/Jakarta
2026-02-12 18:00:00,24.81,85.1,0.0,55.1,5.57,23.57,54.28,-6.928572,107.628559,Asia/Jakarta
2026-02-12 21:00:00,24.25,91.0,3.52,63.3,5.9,22.7,64.9,-6.928572,107.628559,Asia/Jakarta
2026-02-13 00:00:00,25.05,88.6,0.0,50.1,5.39,24.07,54.92,-6.928572,107.628559,Asia/Jakarta
2026-02-13 03:00:00,23.35,89.6,0.0,44.8,5.26,21.71,61.31,-6.928572,107.628559,Asia/Jakarta
2026-02-13 06:00:00,22.64,91.9,2.43,64.0,5.75,21.45,54.87,-6.928572,107.628559,Asia/Jakarta
2026-02-13 09:00:00,30.43,73.6,0.0,49.5,7.36,28.61,41.93,-6.928572,107.628559,Asia/Jakarta
2026-02-13 12:00:00,32.13,66.7,9.33,27.3,7.33,31.55,63.91,-6.928572,107.628559,Asia/Jakarta
2026-02-13 15:00:00,29.33,78.9,1.05,49.0,4.59,28.51,40.93,-6.928572,107.628559,Asia/Jakarta
2026-02-13 18:00:00,22.73,91.4,2.96,55.9,2.53,22.05,59.01,-6.928572,107.628559,Asia/Jakarta
2026-02-13 21:00:00,25.08,87.5,5.09,50.9,2.81,24.43,71.09,-6.928572,107.628559,Asia/Jakarta
2026-02-14 00:00:00,23.6,86.6,0.0,47.8,5.56,22.09,57.27,-6.928572,107.628559,Asia/Jakarta
2026-02-14 03:00:00,22.71,91.2,4.11,57.8,3.73,21.08,59.45,-6.928572,107.628559,Asia/Jakarta
2026-02-14 06:00:00,25.26,86.3,1.97,48.9,5.64,24.57,53.57,-6.928572,107.628559,Asia/Jakarta
2026-02-14 09:00:00,29.64,74.5,0.0,36.8,5.14,28.77,47.41,-6.928572,107.628559,Asia/Jakarta
2026-02-14 12:00:00,31.3,74.7,0.0,33.5,5.09,29.49,46.55,-6.928572,107.628559,Asia/Jakarta
2026-02-14 15:00:00,28.07,80.3,0.0,36.9,6.53,26.38,49.64,-6.928572,107.628559,Asia/Jakarta
2026-02-14 18:00:00,23.22,88.3,0.0,46.1,2.75,22.7,61.22,-6.928572,107.628559,Asia/Jakarta
2026-02-14 21:00:00,23.58,86.8,0.0,48.1,3.97,22.82,55.74,-6.928572,107.628559,Asia/Jakarta
2026-01-01 00:00:00,23.91,92.9,0.0,46.6,2.55,22.03,50.45,-6.933752,107.608406,Asia/Jakarta
2026-01-01 03:00:00,25.35,84.0,0.0,42.8,5.18,24.24,53.78,-6.933752,107.608406,Asia/Jakarta
2026-01-01 06:00:00,24.42,87.3,2.03,43.0,2.78,22.46,66.2,-6.933752,107.608406,Asia/Jakarta
2026-01-01 09:00:00,27.92,77.8,0.0,43.9,6.54,26.95,47.39,-6.933752,107.608406,Asia/Jakarta
2026-01-01 12:00:00,30.81,78.0,6.04,35.8,8.24,29.39,48.14,-6.933752,107.608406,Asia/Jakarta
2026-01-01 15:00:00,27.61,81.9,6.24,49.7,4.31,27.1,53.02,-6.933752,107.608406,Asia/Jakarta
2026-01-01 18:00:00,23.99,86.3,0.0,50.7,3.41,22.36,52.95,-6.933752,107.608406,Asia/Jakarta
2026-01-01 21:00:00,25.12,87.8,0.0,42.6,3.67,23.83,53.87,-6.933752,107.608406,Asia/Jakarta
2026-01-02 00:00:00,23.29,94.0,4.19,61.1,4.29,21.5,57.11,-6.933752,107.608406,Asia/Jakarta
2026-01-02 03:00:00,23.0,86.5,0.0,57.0,4.86,21.39,48.85,-6.933752,107.608406,Asia/Jakarta
2026-01-02 06:00:00,22.51,94.5,1.62,46.8,3.77,21.74,65.29,-6.933752,107.608406,Asia/Jakarta
2026-01-02 09:00:00,30.33,69.9,0.0,41.1,6.56,29.46,40.69,-6.933752,107.608406,Asia/Jakarta
2026-01-02 12:00:00,32.25,68.7,0.0,40.5,5.42,31.67,43.77,-6.933752,107.608406,Asia/Jakarta
2026-01-02 15:00:00,28.12,79.3,0.0,32.4,7.34,26.46,50.96,-6.933752,107.608406,Asia/Jakarta
2026-01-02 18:00:00,23.43,84.9,2.09,47.8,3.52,21.82,64.15,-6.933752,107.608406,Asia/Jakarta
2026-01-02 21:00:00,23.23,88.1,0.0,63.4,5.22,21.91,58.72,-6.933752,107.608406,Asia/Jakarta
2026-01-03 00:00:00,24.89,82.4,3.28,56.8,4.4,23.35,64.39,-6.933752,107.608406,Asia/Jakarta
2026-01-03 03:00:00,22.53,89.2,3.65,59.5,5.08,21.72,59.95,-6.933752,107.608406,Asia/Jakarta
2026-01-03 06:00:00,25.45,84.0,0.0,59.0,3.0,24.88,51.48,-6.933752,107.608406,Asia/Jakarta
2026-01-03 09:00:00,28.14,82.6,0.0,44.5,5.87,26.77,49.07,-6.933752,107.608406,Asia/Jakarta
2026-01-03 12:00:00,31.02,74.4,0.0,35.9,5.22,30.32,43.6,-6.933752,107.608406,Asia/Jakarta
2026-01-03 15:00:00,28.32,82.2,4.95,56.5,7.18,27.15,53.21,-6.933752,107.608406,Asia/Jakarta
2026-01-03 18:00:00,23.2,93.9,0.0,49.2,2.88,22.03,48.69,-6.933752,107.608406,Asia/Jakarta
2026-01-03 21:00:00,23.44,85.2,0.0,45.8,4.08,21.66,54.41,-6.933752,107.608406,Asia/Jakarta
2026-01-04 00:00:00,22.77,93.5,0.0,52.8,4.61,20.99,50.44,-6.933752,107.608406,Asia/Jakarta
2026-01-04 03:00:00,22.94,92.1,2.84,67.4,2.67,21.21,58.03,-6.933752,107.608406,Asia/Jakarta
2026-01-04 06:00:00,23.02,94.4,5.95,66.9,4.43,22.37,61.61,-6.933752,107.608406,Asia/Jakarta
2026-01-04 09:00:00,29.83,71.8,0.0,25.2,5.05,28.73,40.27,-6.933752,107.608406,Asia/Jakarta
2026-01-04 12:00:00,31.56,76.3,0.0,30.3,8.21,29.56,34.2,-6.933752,107.608406,Asia/Jakarta
2026-01-04 15:00:00,28.04,80.8,5.91,52.2,7.23,27.36,63.04,-6.933752,107.608406,Asia/Jakarta
2026-01-04 18:00:00,25.33,80.5,7.97,54.7,5.04,24.25,72.47,-6.933752,107.608406,Asia/Jakarta
2026-01-04 21:00:00,23.78,86.8,3.39,60.6,4.06,22.36,56.84,-6.933752,107.608406,Asia/Jakarta
2026-01-05 00:00:00,24.35,88.5,0.0,52.5,4.18,23.28,48.4,-6.933752,107.608406,Asia/Jakarta
2026-01-05 03:00:00,23.76,89.7,4.24,60.9,5.98,23.23,65.03,-6.933752,107.608406,Asia/Jakarta
2026-01-05 06:00:00,23.65,90.7,0.0,54.2,3.7,22.67,56.05,-6.933752,107.608406,Asia/Jakarta
2026-01-05 09:00:00,28.26,74.1,3.01,40.4,7.11,26.55,48.22,-6.933752,107.608406,Asia/Jakarta
2026-01-05 12:00:00,30.92,71.9,1.64,37.9,5.56,30.05,40.57,-6.933752,107.608406,Asia/Jakarta
2026-01-05 15:00:00,29.05,80.1,0.0,49.8,7.59,27.08,46.31,-6.933752,107.608406,Asia/Jakarta
2026-01-05 18:00:00,23.67,92.9,12.18,68.7,3.33,22.06,78.88,-6.933752,107.608406,Asia/Jakarta
2026-01-05 21:00:00,23.58,89.6,7.31,58.5,4.49,21.65,65.36,-6.933752,107.608406,Asia/Jakarta
2026-01-06 00:00:00,25.01,88.8,5.82,64.1,3.11,24.43,60.41,-6.933752,107.608406,Asia/Jakarta
2026-01-06 03:00:00,24.3,82.4,3.3,45.8,4.65,23.29,67.16,-6.933752,107.608406,Asia/Jakarta
2026-01-06 06:00:00,23.03,92.9,1.51,65.7,3.02,22.32,61.6,-6.933752,107.608406,Asia/Jakarta
2026-01-06 09:00:00,27.78,80.1,6.54,40.9,6.73,26.4,62.08,-6.933752,107.608406,Asia/Jakarta
2026-01-06 12:00:00,30.51,72.4,0.0,47.8,6.53,29.28,43.23,-6.933752,107.608406,Asia/Jakarta
2026-01-06 15:00:00,28.4,80.6,0.0,46.1,6.42,26.9,42.81,-6.933752,107.608406,Asia/Jakarta
2026-01-06 18:00:00,24.94,84.6,2.97,54.2,3.12,23.39,53.56,-6.933752,107.608406,Asia/Jakarta
2026-01-06 21:00:00,24.22,90.8,4.52,61.3,3.14,22.51,62.04,-6.933752,107.608406,Asia/Jakarta
2026-01-07 00:00:00,24.33,88.5,0.0,43.0,3.66,23.31,48.24,-6.933752,107.608406,Asia/Jakarta
2026-01-07 03:00:00,23.46,90.3,0.0,65.4,4.85,22.45,58.67,-6.933752,107.608406,Asia/Jakarta
2026-01-07 06:00:00,22.53,88.0,2.08,56.6,5.25,21.96,63.1,-6.933752,107.608406,Asia/Jakarta
2026-01-07 09:00:00,28.76,77.0,0.0,33.0,7.35,27.7,42.72,-6.933752,107.608406,Asia/Jakarta
2026-01-07 12:00:00,31.99,73.9,0.0,39.8,5.79,30.29,40.22,-6.933752,107.608406,Asia/Jakarta
2026-01-07 15:00:00,27.55,75.5,4.01,33.8,5.46,26.81,60.13,-6.933752,107.608406,Asia/Jakarta
2026-01-07 18:00:00,22.73,94.9,2.19,70.4,5.95,21.17,66.11,-6.933752,107.608406,Asia/Jakarta
2026-01-07 21:00:00,23.79,89.8,2.26,56.3,2.69,21.83,57.27,-6.933752,107.608406,Asia/Jakarta
2026-01-08 00:00:00,23.73,88.9,3.97,63.1,4.81,23.08,60.49,-6.933752,107.608406,Asia/Jakarta
2026-01-08 03:00:00,23.68,89.0,0.82,52.8,2.51,21.94,50.21,-6.933752,107.608406,Asia/Jakarta
2026-01-08 06:00:00,24.38,86.8,0.86,41.1,4.73,23.16,64.52,-6.933752,107.608406,Asia/Jakarta
2026-01-08 09:00:00,27.8,82.7,0.0,46.0,5.2,26.71,47.37,-6.933752,107.608406,Asia/Jakarta
2026-01-08 12:00:00,30.61,72.7,1.8,29.2,6.54,28.86,41.17,-6.933752,107.608406,Asia/Jakarta
2026-01-08 15:00:00,29.14,73.5,2.81,42.2,6.61,28.02,56.21,-6.933752,107.608406,Asia/Jakarta
2026-01-08 18:00:00,24.77,83.5,0.0,36.9,4.33,23.24,62.45,-6.933752,107.608406,Asia/Jakarta
2026-01-08 21:00:00,25.31,85.8,6.07,43.4,3.88,24.76,74.02,-6.933752,107.608406,Asia/Jakarta
2026-01-09 00:00:00,24.21,87.5,0.0,53.2,3.02,23.04,62.19,-6.933752,107.608406,Asia/Jakarta
2026-01-09 03:00:00,25.35,81.6,2.94,38.7,2.65,23.82,54.72,-6.933752,107.608406,Asia/Jakarta
2026-01-09 06:00:00,23.11,92.9,0.0,48.5,3.62,21.39,58.63,-6.933752,107.608406,Asia/Jakarta
2026-01-09 09:00:00,27.71,80.6,0.0,45.8,6.09,27.19,51.78,-6.933752,107.608406,Asia/Jakarta
2026-01-09 12:00:00,31.6,72.7,3.29,43.5,5.52,30.23,49.3,-6.933752,107.608406,Asia/Jakarta
2026-01-09 15:00:00,30.34,70.5,0.0,25.0,7.02,28.52,50.98,-6.933752,107.608406,Asia/Jakarta
2026-01-09 18:00:00,25.13,83.1,0.0,50.8,4.16,24.03,49.76,-6.933752,107.608406,Asia/Jakarta
2026-01-09 21:00:00,24.35,88.9,2.64,50.5,5.58,23.78,63.86,-6.933752,107.608406,Asia/Jakarta
2026-01-10 00:00:00,23.93,85.6,4.24,46.6,5.28,22.16,61.3,-6.933752,107.608406,Asia/Jakarta
2026-01-10 03:00:00,25.07,87.4,1.62,62.7,3.55,23.41,62.46,-6.933752,107.608406,Asia/Jakarta
2026-01-10 06:00:00,23.46,91.2,3.06,57.7,4.05,22.35,68.35,-6.933752,107.608406,Asia/Jakarta
2026-01-10 09:00:00,28.9,77.7,4.48,38.6,7.04,27.34,48.01,-6.933752,107.608406,Asia/Jakarta
2026-01-10 12:00:00,30.71,76.5,0.0,41.1,5.61,29.91,47.0,-6.933752,107.608406,Asia/Jakarta
2026-01-10 15:00:00,27.62,75.5,0.0,28.7,4.96,26.43,42.99,-6.933752,107.608406,Asia/Jakarta
2026-01-10 18:00:00,23.69,92.7,3.95,61.0,4.21,21.75,62.83,-6.933752,107.608406,Asia/Jakarta
2026-01-10 21:00:00,23.92,88.5,0.0,48.7,3.41,23.29,60.29,-6.933752,107.608406,Asia/Jakarta
2026-01-11 00:00:00,22.58,86.3,0.0,58.8,3.25,21.74,50.54,-6.933752,107.608406,Asia/Jakarta
2026-01-11 03:00:00,23.12,91.2,0.0,55.5,5.88,21.91,57.92,-6.933752,107.608406,Asia/Jakarta
2026-01-11 06:00:00,22.9,86.8,3.37,58.1,4.63,21.33,69.5,-6.933752,107.608406,Asia/Jakarta
2026-01-11 09:00:00,29.58,73.8,0.0,47.3,5.87,28.62,40.59,-6.933752,107.608406,Asia/Jakarta
2026-01-11 12:00:00,31.06,74.2,3.4,40.2,8.5,29.3,55.94,-6.933752,107.608406,Asia/Jakarta
2026-01-11 15:00:00,29.13,78.0,0.0,36.7,5.95,28.22,42.48,-6.933752,107.608406,Asia/Jakarta
2026-01-11 18:00:00,23.48,86.7,0.0,54.4,4.78,22.2,50.01,-6.933752,107.608406,Asia/Jakarta
2026-01-11 21:00:00,23.22,85.0,0.0,57.6,3.91,22.51,52.11,-6.933752,107.608406,Asia/Jakarta
2026-01-12 00:00:00,22.58,90.8,0.0,49.9,3.92,21.2,58.79,-6.933752,107.608406,Asia/Jakarta
2026-01-12 03:00:00,25.48,87.8,0.0,48.1,4.9,24.27,57.21,-6.933752,107.608406,Asia/Jakarta
2026-01-12 06:00:00,25.32,83.6,4.79,42.8,4.8,24.38,66.47,-6.933752,107.608406,Asia/Jakarta
2026-01-12 09:00:00,28.86,80.0,0.0,49.4,7.46,27.01,52.25,-6.933752,107.608406,Asia/Jakarta
2026-01-12 12:00:00,31.46,69.3,0.0,26.7,6.47,30.41,47.19,-6.933752,107.608406,Asia/Jakarta
2026-01-12 15:00:00,29.21,76.5,12.56,31.3,6.49,27.78,74.02,-6.933752,107.608406,Asia/Jakarta
2026-01-12 18:00:00,23.92,84.9,0.0,39.8,4.35,22.11,53.61,-6.933752,107.608406,Asia/Jakarta
2026-01-12 21:00:00,22.95,94.9,0.0,55.1,5.62,22.24,62.79,-6.933752,107.608406,Asia/Jakarta
2026-01-13 00:00:00,25.09,82.3,1.72,36.3,5.95,24.5,55.8,-6.933752,107.608406,Asia/Jakarta
2026-01-13 03:00:00,23.86,85.2,0.0,55.8,3.05,22.19,59.56,-6.933752,107.608406,Asia/Jakarta
2026-01-13 06:00:00,22.89,89.5,12.79,51.8,4.17,21.59,75.21,-6.933752,107.608406,Asia/Jakarta
2026-01-13 09:00:00,29.64,80.5,0.0,53.9,6.13,29.14,37.39,-6.933752,107.608406,Asia/Jakarta
2026-01-13 12:00:00,31.7,68.9,1.65,41.9,5.36,30.74,44.68,-6.933752,107.608406,Asia/Jakarta
2026-01-13 15:00:00,27.65,75.6,0.31,50.4,6.09,26.5,46.17,-6.933752,107.608406,Asia/Jakarta
2026-01-13 18:00:00,24.56,83.0,2.15,58.9,5.13,22.7,54.37,-6.933752,107.608406,Asia/Jakarta
2026-01-13 21:00:00,24.94,81.0,0.0,38.4,3.24,23.68,47.35,-6.933752,107.608406,Asia/Jakarta
2026-01-14 00:00:00,22.87,92.3,4.3,63.3,4.74,21.43,68.8,-6.933752,107.608406,Asia/Jakarta
2026-01-14 03:00:00,24.28,82.7,0.0,37.3,2.67,23.12,48.85,-6.933752,107.608406,Asia/Jakarta
2026-01-14 06:00:00,22.87,87.7,10.9,56.5,4.9,21.74,71.13,-6.933752,107.608406,Asia/Jakarta
2026-01-14 09:00:00,27.75,80.1,0.0,47.1,5.73,26.49,51.48,-6.933752,107.608406,Asia/Jakarta
2026-01-14 12:00:00,31.35,70.2,0.0,41.0,7.13,29.61,45.45,-6.933752,107.608406,Asia/Jakarta
2026-01-14 15:00:00,30.37,73.0,1.51,34.8,6.19,28.84,54.99,-6.933752,107.608406,Asia/Jakarta
2026-01-14 18:00:00,23.94,85.3,4.77,37.6,2.89,22.7,66.68,-6.933752,107.608406,Asia/Jakarta
2026-01-14 21:00:00,25.35,87.8,0.0,41.6,5.67,24.16,57.31,-6.933752,107.608406,Asia/Jakarta
2026-01-15 00:00:00,25.43,82.4,0.0,35.6,5.56,24.39,60.64,-6.933752,107.608406,Asia/Jakarta
2026-01-15 03:00:00,24.53,85.9,0.0,40.7,5.62,23.82,47.15,-6.933752,107.608406,Asia/Jakarta
2026-01-15 06:00:00,24.44,85.2,0.0,58.6,3.44,23.38,58.73,-6.933752,107.608406,Asia/Jakarta
2026-01-15 09:00:00,28.48,74.5,0.0,36.1,7.19,27.26,48.14,-6.933752,107.608406,Asia/Jakarta
2026-01-15 12:00:00,30.77,77.5,0.95,33.5,7.54,29.0,50.8,-6.933752,107.608406,Asia/Jakarta
2026-01-15 15:00:00,27.76,84.0,0.0,47.6,5.8,26.09,46.88,-6.933752,107.608406,Asia/Jakarta
2026-01-15 18:00:00,24.33,90.7,0.0,63.8,5.62,23.1,54.73,-6.933752,107.608406,Asia/Jakarta
2026-01-15 21:00:00,25.16,84.8,0.0,38.3,2.54,23.88,60.89,-6.933752,107.608406,Asia/Jakarta
2026-01-16 00:00:00,24.73,88.5,0.0,45.9,5.56,23.2,55.31,-6.933752,107.608406,Asia/Jakarta
2026-01-16 03:00:00,24.35,86.4,10.65,55.8,4.82,23.63,80.69,-6.933752,107.608406,Asia/Jakarta
2026-01-16 06:00:00,24.98,89.7,7.4,56.4,5.77,23.78,71.37,-6.933752,107.608406,Asia/Jakarta
2026-01-16 09:00:00,28.94,74.1,2.26,44.1,5.43,27.68,46.52,-6.933752,107.608406,Asia/Jakarta
2026-01-16 12:00:00,31.15,71.6,8.19,43.2,6.55,30.52,60.19,-6.933752,107.608406,Asia/Jakarta
2026-01-16 15:00:00,28.95,75.6,0.0,51.1,4.33,28.39,43.56,-6.933752,107.608406,Asia/Jakarta
2026-01-16 18:00:00,24.15,90.7,0.0,61.8,4.73,22.8,61.24,-6.933752,107.608406,Asia/Jakarta
2026-01-16 21:00:00,24.46,86.4,0.0,46.6,5.36,23.47,60.51,-6.933752,107.608406,Asia/Jakarta
2026-01-17 00:00:00,24.8,87.1,3.05,56.3,4.08,23.31,55.27,-6.933752,107.608406,Asia/Jakarta
2026-01-17 03:00:00,22.51,89.5,0.0,56.7,4.42,21.85,52.98,-6.933752,107.608406,Asia/Jakarta
2026-01-17 06:00:00,25.19,85.2,0.0,56.9,3.93,24.4,51.07,-6.933752,107.608406,Asia/Jakarta
2026-01-17 09:00:00,27.81,83.3,0.0,40.5,4.93,26.18,42.51,-6.933752,107.608406,Asia/Jakarta
2026-01-17 12:00:00,29.64,77.3,7.66,45.4,8.12,28.26,57.17,-6.933752,107.608406,Asia/Jakarta
2026-01-17 15:00:00,28.96,82.0,0.0,34.1,6.2,27.58,44.03,-6.933752,107.608406,Asia/Jakarta
2026-01-17 18:00:00,25.27,87.9,0.0,61.8,3.11,24.62,60.04,-6.933752,107.608406,Asia/Jakarta
2026-01-17 21:00:00,24.47,87.9,0.0,47.6,3.97,22.93,56.74,-6.933752,107.608406,Asia/Jakarta
2026-01-18 00:00:00,23.24,88.4,3.35,48.6,5.32,21.84,56.58,-6.933752,107.608406,Asia/Jakarta
2026-01-18 03:00:00,25.16,85.5,3.46,57.7,3.6,23.83,66.4,-6.933752,107.608406,Asia/Jakarta
2026-01-18 06:00:00,23.15,86.7,0.0,55.8,5.72,21.59,49.12,-6.933752,107.608406,Asia/Jakarta
2026-01-18 09:00:00,30.38,71.2,0.0,36.2,6.75,29.03,49.27,-6.933752,107.608406,Asia/Jakarta
2026-01-18 12:00:00,31.25,77.0,0.0,46.0,8.13,29.43,41.54,-6.933752,107.608406,Asia/Jakarta
2026-01-18 15:00:00,28.72,73.0,0.0,27.6,4.45,27.82,38.01,-6.933752,107.608406,Asia/Jakarta
2026-01-18 18:00:00,24.86,90.8,2.3,59.2,2.72,24.05,64.61,-6.933752,107.608406,Asia/Jakarta
2026-01-18 21:00:00,24.12,86.1,0.0,49.0,4.86,23.29,55.99,-6.933752,107.608406,Asia/Jakarta
2026-01-19 00:00:00,24.44,85.8,0.0,50.0,4.94,23.87,58.09,-6.933752,107.608406,Asia/Jakarta
2026-01-19 03:00:00,23.64,87.7,0.0,58.6,5.88,22.03,47.86,-6.933752,107.608406,Asia/Jakarta
2026-01-19 06:00:00,23.11,93.4,5.21,66.0,3.29,21.54,68.6,-6.933752,107.608406,Asia/Jakarta
2026-01-19 09:00:00,28.55,79.1,3.65,48.8,6.8,27.38,48.23,-6.933752,107.608406,Asia/Jakarta
2026-01-19 12:00:00,32.45,65.8,0.0,40.9,5.42,31.53,33.65,-6.933752,107.608406,Asia/Jakarta
2026-01-19 15:00:00,28.24,75.5,4.85,47.8,5.9,27.68,62.77,-6.933752,107.608406,Asia/Jakarta
2026-01-19 18:00:00,25.29,86.1,0.0,56.6,5.45,23.6,51.82,-6.933752,107.608406,Asia/Jakarta
2026-01-19 21:00:00,24.15,83.2,0.0,52.2,5.85,22.47,55.33,-6.933752,107.608406,Asia/Jakarta
2026-01-20 00:00:00,22.98,90.4,0.73,52.1,5.59,21.98,59.22,-6.933752,107.608406,Asia/Jakarta
2026-01-20 03:00:00,23.38,93.6,7.84,60.4,4.46,21.91,76.28,-6.933752,107.608406,Asia/Jakarta
2026-01-20 06:00:00,22.84,88.7,0.0,46.5,5.72,22.28,50.9,-6.933752,107.608406,Asia/Jakarta
2026-01-20 09:00:00,30.11,73.8,9.16,44.9,5.17,29.57,68.84,-6.933752,107.608406,Asia/Jakarta
2026-01-20 12:00:00,31.05,75.7,0.0,40.0,6.7,29.57,37.74,-6.933752,107.608406,Asia/Jakarta
2026-01-20 15:00:00,28.41,74.4,0.0,28.7,6.97,26.97,45.63,-6.933752,107.608406,Asia/Jakarta
2026-01-20 18:00:00,23.13,90.9,0.0,48.0,5.42,21.39,50.29,-6.933752,107.608406,Asia/Jakarta
2026-01-20 21:00:00,25.14,87.8,0.0,50.3,2.75,24.6,57.98,-6.933752,107.608406,Asia/Jakarta
2026-01-21 00:00:00,24.65,81.8,3.64,35.6,3.38,22.92,56.14,-6.933752,107.608406,Asia/Jakarta
2026-01-21 03:00:00,25.23,84.3,11.99,47.1,3.61,24.56,79.61,-6.933752,107.608406,Asia/Jakarta
2026-01-21 06:00:00,22.52,93.1,0.0,46.6,2.66,21.48,60.57,-6.933752,107.608406,Asia/Jakarta
2026-01-21 09:00:00,28.96,75.3,0.0,43.7,5.25,27.89,51.93,-6.933752,107.608406,Asia/Jakarta
2026-01-21 12:00:00,31.97,66.4,10.23,22.1,7.61,30.19,68.25,-6.933752,107.608406,Asia/Jakarta
2026-01-21 15:00:00,28.33,80.0,0.0,39.2,7.65,26.86,50.97,-6.933752,107.608406,Asia/Jakarta
2026-01-21 18:00:00,25.37,80.0,5.29,53.0,2.65,24.28,67.8,-6.933752,107.608406,Asia/Jakarta
2026-01-21 21:00:00,24.14,83.4,0.0,40.4,5.04,22.28,50.39,-6.933752,107.608406,Asia/Jakarta
2026-01-22 00:00:00,25.05,82.0,0.0,38.4,3.38,23.55,48.83,-6.933752,107.608406,Asia/Jakarta
2026-01-22 03:00:00,24.2,82.9,0.0,52.9,4.42,23.59,57.31,-6.933752,107.608406,Asia/Jakarta
2026-01-22 06:00:00,24.52,84.2,0.0,41.0,5.83,23.01,52.71,-6.933752,107.608406,Asia/Jakarta
2026-01-22 09:00:00,28.15,76.9,8.26,30.6,5.97,26.66,60.53,-6.933752,107.608406,Asia/Jakarta
2026-01-22 12:00:00,31.58,68.4,0.0,34.0,8.36,30.61,35.7,-6.933752,107.608406,Asia/Jakarta
2026-01-22 15:00:00,29.81,77.7,6.88,45.1,5.53,28.81,63.11,-6.933752,107.608406,Asia/Jakarta
2026-01-22 18:00:00,23.94,87.4,0.54,58.0,2.88,23.32,58.52,-6.933752,107.608406,Asia/Jakarta
2026-01-22 21:00:00,23.34,92.4,2.68,65.8,5.07,21.75,62.92,-6.933752,107.608406,Asia/Jakarta
2026-01-23 00:00:00,25.18,88.8,0.0,56.0,4.53,24.36,59.31,-6.933752,107.608406,Asia/Jakarta
2026-01-23 03:00:00,22.61,88.3,5.55,61.8,4.79,21.52,61.59,-6.933752,107.608406,Asia/Jakarta
2026-01-23 06:00:00,25.17,86.2,9.55,58.8,4.25,24.13,69.46,-6.933752,107.608406,Asia/Jakarta
2026-01-23 09:00:00,27.48,77.9,0.0,53.0,6.66,26.77,49.22,-6.933752,107.608406,Asia/Jakarta
2026-01-23 12:00:00,29.98,75.9,0.0,41.5,5.51,28.07,44.71,-6.933752,107.608406,Asia/Jakarta
2026-01-23 15:00:00,27.57,82.9,0.89,40.5,5.09,26.29,49.76,-6.933752,107.608406,Asia/Jakarta
2026-01-23 18:00:00,24.87,84.8,0.0,58.9,2.64,24.22,57.38,-6.933752,107.608406,Asia/Jakarta
2026-01-23 21:00:00,25.41,86.2,0.0,44.7,4.53,24.34,56.12,-6.933752,107.608406,Asia/Jakarta
2026-01-24 00:00:00,23.64,89.4,0.59,63.0,3.38,22.8,63.86,-6.933752,107.608406,Asia/Jakarta
2026-01-24 03:00:00,23.72,91.6,0.0,51.8,5.61,21.89,47.11,-6.933752,107.608406,Asia/Jakarta
2026-01-24 06:00:00,23.82,85.5,3.19,49.8,3.03,22.42,56.54,-6.933752,107.608406,Asia/Jakarta
2026-01-24 09:00:00,29.9,77.0,0.34,39.0,4.66,28.68,48.65,-6.933752,107.608406,Asia/Jakarta
2026-01-24 12:00:00,31.27,74.0,3.11,35.9,5.45,30.57,49.32,-6.933752,107.608406,Asia/Jakarta
2026-01-24 15:00:00,28.99,81.2,4.37,36.8,7.5,27.88,54.98,-6.933752,107.608406,Asia/Jakarta
2026-01-24 18:00:00,25.41,86.2,0.0,59.3,5.37,24.58,62.16,-6.933752,107.608406,Asia/Jakarta
2026-01-24 21:00:00,24.32,86.8,1.45,50.4,3.94,22.95,52.47,-6.933752,107.608406,Asia/Jakarta
2026-01-25 00:00:00,24.8,87.3,3.17,51.6,4.9,23.41,68.73,-6.933752,107.608406,Asia/Jakarta
2026-01-25 03:00:00,22.71,89.3,6.46,44.5,4.33,21.18,75.76,-6.933752,107.608406,Asia/Jakarta
2026-01-25 06:00:00,24.98,86.8,0.0,43.1,4.6,23.68,61.04,-6.933752,107.608406,Asia/Jakarta
2026-01-25 09:00:00,29.71,71.7,0.0,39.6,6.16,27.8,37.12,-6.933752,107.608406,Asia/Jakarta
2026-01-25 12:00:00,31.54,71.3,0.0,33.4,7.44,29.63,39.86,-6.933752,107.608406,Asia/Jakarta
2026-01-25 15:00:00,28.9,80.2,0.0,40.6,7.45,27.53,50.5,-6.933752,107.608406,Asia/Jakarta
2026-01-25 18:00:00,23.78,85.8,0.0,56.2,2.79,22.46,56.57,-6.933752,107.608406,Asia/Jakarta
2026-01-25 21:00:00,23.27,84.4,2.14,54.2,4.33,22.21,60.02,-6.933752,107.608406,Asia/Jakarta
2026-01-26 00:00:00,23.12,92.7,1.68,54.5,3.99,22.22,60.06,-6.933752,107.608406,Asia/Jakarta
2026-01-26 03:00:00,24.11,88.2,0.0,54.9,3.89,22.78,50.26,-6.933752,107.608406,Asia/Jakarta
2026-01-26 06:00:00,24.17,84.2,3.06,49.6,5.96,22.51,62.97,-6.933752,107.608406,Asia/Jakarta
2026-01-26 09:00:00,28.64,74.4,1.31,47.2,5.07,26.72,52.51,-6.933752,107.608406,Asia/Jakarta
2026-01-26 12:00:00,29.8,75.7,0.0,46.6,7.15,29.22,43.95,-6.933752,107.608406,Asia/Jakarta
2026-01-26 15:00:00,28.62,79.5,0.0,50.8,5.92,27.98,46.7,-6.933752,107.608406,Asia/Jakarta
2026-01-26 18:00:00,23.29,88.0,0.0,54.6,5.76,21.81,53.41,-6.933752,107.608406,Asia/Jakarta
2026-01-26 21:00:00,23.36,93.8,0.0,47.2,3.11,22.84,54.91,-6.933752,107.608406,Asia/Jakarta
2026-01-27 00:00:00,25.05,89.9,11.41,54.3,5.24,23.5,80.27,-6.933752,107.608406,Asia/Jakarta
2026-01-27 03:00:00,24.35,88.8,0.0,49.4,5.91,23.43,48.39,-6.933752,107.608406,Asia/Jakarta
2026-01-27 06:00:00,23.7,90.1,3.43,51.9,2.55,21.82,65.8,-6.933752,107.608406,Asia/Jakarta
2026-01-27 09:00:00,29.1,79.4,0.0,44.8,5.48,28.26,50.15,-6.933752,107.608406,Asia/Jakarta
2026-01-27 12:00:00,32.39,69.7,1.83,31.4,5.61,31.05,45.13,-6.933752,107.608406,Asia/Jakarta
2026-01-27 15:00:00,28.96,75.8,0.0,30.6,5.17,27.27,45.71,-6.933752,107.608406,Asia/Jakarta
2026-01-27 18:00:00,23.25,88.8,3.92,49.9,3.35,21.59,61.06,-6.933752,107.608406,Asia/Jakarta
2026-01-27 21:00:00,24.54,90.6,3.05,63.3,3.4,22.86,59.83,-6.933752,107.608406,Asia/Jakarta
2026-01-28 00:00:00,23.16,91.6,2.79,62.8,3.74,21.61,61.71,-6.933752,107.608406,Asia/Jakarta
2026-01-28 03:00:00,23.29,87.2,0.0,48.7,3.7,22.52,55.87,-6.933752,107.608406,Asia/Jakarta
2026-01-28 06:00:00,23.44,86.2,2.14,51.9,5.11,22.66,66.59,-6.933752,107.608406,Asia/Jakarta
2026-01-28 09:00:00,29.66,73.3,2.06,31.1,5.07,27.91,54.99,-6.933752,107.608406,Asia/Jakarta
2026-01-28 12:00:00,30.57,76.8,0.75,31.7,8.35,30.06,42.53,-6.933752,107.608406,Asia/Jakarta
2026-01-28 15:00:00,30.02,79.7,8.25,52.1,5.37,28.2,69.62,-6.933752,107.608406,Asia/Jakarta
2026-01-28 18:00:00,24.22,85.1,0.0,41.5,4.29,22.6,53.37,-6.933752,107.608406,Asia/Jakarta
2026-01-28 21:00:00,22.88,90.4,0.0,52.6,2.61,21.09,52.56,-6.933752,107.608406,Asia/Jakarta
2026-01-29 00:00:00,24.83,85.6,0.0,40.5,3.6,23.32,47.13,-6.933752,107.608406,Asia/Jakarta
2026-01-29 03:00:00,23.64,84.6,0.0,45.2,3.16,22.73,51.21,-6.933752,107.608406,Asia/Jakarta
2026-01-29 06:00:00,25.38,83.3,0.0,39.8,3.97,24.33,59.04,-6.933752,107.608406,Asia/Jakarta
2026-01-29 09:00:00,28.65,77.5,0.0,43.3,6.67,27.07,50.13,-6.933752,107.608406,Asia/Jakarta
2026-01-29 12:00:00,31.91,71.7,5.05,44.3,7.8,30.7,55.93,-6.933752,107.608406,Asia/Jakarta
2026-01-29 15:00:00,27.48,79.7,0.0,34.9,6.48,26.51,45.64,-6.933752,107.608406,Asia/Jakarta
2026-01-29 18:00:00,23.96,85.4,4.2,58.0,2.85,23.14,58.85,-6.933752,107.608406,Asia/Jakarta
2026-01-29 21:00:00,23.26,92.7,0.0,47.0,3.41,21.93,52.76,-6.933752,107.608406,Asia/Jakarta
2026-01-30 00:00:00,24.93,84.3,3.01,46.2,4.88,23.56,63.31,-6.933752,107.608406,Asia/Jakarta
2026-01-30 03:00:00,24.45,87.2,1.42,62.7,3.64,22.79,58.29,-6.933752,107.608406,Asia/Jakarta
2026-01-30 06:00:00,23.84,83.9,1.74,50.6,5.85,22.38,64.72,-6.933752,107.608406,Asia/Jakarta
2026-01-30 09:00:00,30.24,73.9,0.84,40.6,7.44,29.22,40.21,-6.933752,107.608406,Asia/Jakarta
2026-01-30 12:00:00,30.44,75.8,0.0,44.9,6.38,28.77,47.2,-6.933752,107.608406,Asia/Jakarta
2026-01-30 15:00:00,30.27,77.1,0.0,41.6,4.85,29.58,50.77,-6.933752,107.608406,Asia/Jakarta
2026-01-30 18:00:00,23.2,87.0,0.0,56.8,3.24,22.56,53.35,-6.933752,107.608406,Asia/Jakarta
2026-01-30 21:00:00,25.31,84.8,0.0,38.1,4.33,24.65,62.94,-6.933752,107.608406,Asia/Jakarta
2026-01-31 00:00:00,24.35,82.9,1.93,57.3,3.3,23.19,63.05,-6.933752,107.608406,Asia/Jakarta
2026-01-31 03:00:00,22.88,90.4,1.25,46.5,3.75,21.08,64.39,-6.933752,107.608406,Asia/Jakarta
2026-01-31 06:00:00,23.9,91.7,9.86,66.2,2.97,22.59,83.87,-6.933752,107.608406,Asia/Jakarta
2026-01-31 09:00:00,29.22,76.4,0.0,46.4,5.79,27.92,47.34,-6.933752,107.608406,Asia/Jakarta
2026-01-31 12:00:00,32.23,70.3,6.17,27.8,6.08,31.49,53.17,-6.933752,107.608406,Asia/Jakarta
2026-01-31 15:00:00,27.48,80.7,3.54,50.9,5.27,25.95,53.45,-6.933752,107.608406,Asia/Jakarta
2026-01-31 18:00:00,23.98,90.4,0.0,49.6,5.29,22.28,56.55,-6.933752,107.608406,Asia/Jakarta
2026-01-31 21:00:00,24.14,84.4,1.57,57.6,3.37,22.68,61.89,-6.933752,107.608406,Asia/Jakarta
2026-02-01 00:00:00,24.99,82.9,0.0,36.8,4.31,23.57,59.8,-6.933752,107.608406,Asia/Jakarta
2026-02-01 03:00:00,24.58,84.3,0.0,51.9,3.44,23.98,50.01,-6.933752,107.608406,Asia/Jakarta
2026-02-01 06:00:00,22.91,86.2,1.31,49.1,4.95,21.93,57.75,-6.933752,107.608406,Asia/Jakarta
2026-02-01 09:00:00,27.91,84.3,0.0,36.8,5.26,26.75,39.1,-6.933752,107.608406,Asia/Jakarta
2026-02-01 12:00:00,29.52,72.1,2.87,24.5,6.47,28.28,51.89,-6.933752,107.608406,Asia/Jakarta
2026-02-01 15:00:00,28.56,80.2,6.34,32.9,6.89,27.66,53.39,-6.933752,107.608406,Asia/Jakarta
2026-02-01 18:00:00,23.68,88.9,0.0,45.3,3.38,23.16,53.11,-6.933752,107.608406,Asia/Jakarta
2026-02-01 21:00:00,25.42,87.0,0.0,48.2,3.37,24.63,62.91,-6.933752,107.608406,Asia/Jakarta
2026-02-02 00:00:00,24.71,82.3,0.87,50.2,3.86,22.8,64.29,-6.933752,107.608406,Asia/Jakarta
2026-02-02 03:00:00,22.98,92.2,5.01,62.1,2.93,22.03,65.72,-6.933752,107.608406,Asia/Jakarta
2026-02-02 06:00:00,23.58,84.2,0.0,52.2,3.33,23.06,53.95,-6.933752,107.608406,Asia/Jakarta
2026-02-02 09:00:00,29.83,76.4,1.92,37.9,7.66,28.3,50.62,-6.933752,107.608406,Asia/Jakarta
2026-02-02 12:00:00,31.57,68.5,2.23,39.0,6.75,30.56,48.88,-6.933752,107.608406,Asia/Jakarta
2026-02-02 15:00:00,30.36,77.0,0.0,30.5,4.81,29.7,45.68,-6.933752,107.608406,Asia/Jakarta
2026-02-02 18:00:00,23.96,86.0,0.0,51.4,3.72,22.36,61.27,-6.933752,107.608406,Asia/Jakarta
2026-02-02 21:00:00,22.56,89.6,3.46,59.0,2.64,21.23,65.92,-6.933752,107.608406,Asia/Jakarta
2026-02-03 00:00:00,24.13,87.4,0.0,53.0,3.63,22.33,54.49,-6.933752,107.608406,Asia/Jakarta
2026-02-03 03:00:00,24.3,90.8,0.0,46.6,4.07,22.98,60.11,-6.933752,107.608406,Asia/Jakarta
2026-02-03 06:00:00,23.86,90.8,0.0,55.0,5.59,22.82,56.92,-6.933752,107.608406,Asia/Jakarta
2026-02-03 09:00:00,29.31,74.9,0.0,28.4,7.13,27.79,40.14,-6.933752,107.608406,Asia/Jakarta
2026-02-03 12:00:00,31.8,68.0,0.0,26.8,6.13,30.31,34.54,-6.933752,107.608406,Asia/Jakarta
2026-02-03 15:00:00,27.58,84.7,1.62,40.9,4.64,27.03,43.73,-6.933752,107.608406,Asia/Jakarta
2026-02-03 18:00:00,24.43,85.8,0.0,49.6,4.57,23.59,47.79,-6.933752,107.608406,Asia/Jakarta
2026-02-03 21:00:00,24.65,81.6,0.0,55.7,5.75,23.45,60.31,-6.933752,107.608406,Asia/Jakarta
2026-02-04 00:00:00,24.42,85.5,0.0,55.4,5.38,23.83,59.71,-6.933752,107.608406,Asia/Jakarta
2026-02-04 03:00:00,24.35,87.4,0.0,57.0,2.77,23.07,50.45,-6.933752,107.608406,Asia/Jakarta
2026-02-04 06:00:00,22.8,87.6,2.75,48.9,4.8,20.88,62.17,-6.933752,107.608406,Asia/Jakarta
2026-02-04 09:00:00,29.13,77.6,0.0,47.5,6.29,27.57,47.89,-6.933752,107.608406,Asia/Jakarta
2026-02-04 12:00:00,30.78,69.6,0.0,40.6,6.77,29.48,43.52,-6.933752,107.608406,Asia/Jakarta
2026-02-04 15:00:00,29.25,81.1,0.0,54.8,7.76,28.13,50.62,-6.933752,107.608406,Asia/Jakarta
2026-02-04 18:00:00,24.4,90.2,1.5,50.0,4.41,23.07,56.3,-6.933752,107.608406,Asia/Jakarta
2026-02-04 21:00:00,24.73,84.9,0.0,47.7,2.5,23.81,47.55,-6.933752,107.608406,Asia/Jakarta
2026-02-05 00:00:00,22.55,87.2,2.05,60.6,5.95,21.58,54.95,-6.933752,107.608406,Asia/Jakarta
2026-02-05 03:00:00,24.81,90.5,0.0,62.3,4.29,23.46,56.13,-6.933752,107.608406,Asia/Jakarta
2026-02-05 06:00:00,22.78,90.0,5.69,45.7,5.61,21.9,63.52,-6.933752,107.608406,Asia/Jakarta
2026-02-05 09:00:00,28.35,79.4,3.6,45.0,4.54,27.13,50.22,-6.933752,107.608406,Asia/Jakarta
2026-02-05 12:00:00,30.96,77.2,0.0,46.0,5.33,30.41,43.28,-6.933752,107.608406,Asia/Jakarta
2026-02-05 15:00:00,29.87,74.3,0.0,45.0,5.44,28.72,51.18,-6.933752,107.608406,Asia/Jakarta
2026-02-05 18:00:00,25.29,81.3,0.0,51.8,5.47,23.84,61.86,-6.933752,107.608406,Asia/Jakarta
2026-02-05 21:00:00,24.4,82.5,5.67,47.1,4.48,22.85,64.7,-6.933752,107.608406,Asia/Jakarta
2026-02-06 00:00:00,22.96,91.7,0.0,67.7,5.13,22.32,56.2,-6.933752,107.608406,Asia/Jakarta
2026-02-06 03:00:00,23.8,91.1,1.9,46.6,4.17,22.47,63.11,-6.933752,107.608406,Asia/Jakarta
2026-02-06 06:00:00,23.29,88.3,0.0,50.7,5.17,22.49,54.69,-6.933752,107.608406,Asia/Jakarta
2026-02-06 09:00:00,28.64,78.8,0.0,44.2,6.1,27.74,40.98,-6.933752,107.608406,Asia/Jakarta
2026-02-06 12:00:00,30.79,75.4,5.03,41.2,6.45,30.0,49.91,-6.933752,107.608406,Asia/Jakarta
2026-02-06 15:00:00,28.48,79.9,0.65,50.4,5.49,26.78,51.68,-6.933752,107.608406,Asia/Jakarta
2026-02-06 18:00:00,24.37,86.4,3.46,60.6,4.9,22.78,57.11,-6.933752,107.608406,Asia/Jakarta
2026-02-06 21:00:00,22.76,92.8,0.0,50.6,3.02,21.83,60.32,-6.933752,107.608406,Asia/Jakarta
2026-02-07 00:00:00,23.53,91.8,5.27,51.2,3.66,22.71,70.43,-6.933752,107.608406,Asia/Jakarta
2026-02-07 03:00:00,24.14,90.0,0.0,55.2,5.97,22.64,58.12,-6.933752,107.608406,Asia/Jakarta
2026-02-07 06:00:00,23.63,92.6,0.62,57.3,2.71,22.09,51.58,-6.933752,107.608406,Asia/Jakarta
2026-02-07 09:00:00,28.26,78.5,1.92,53.2,6.58,26.39,51.93,-6.933752,107.608406,Asia/Jakarta
2026-02-07 12:00:00,30.58,70.1,0.0,29.1,6.35,29.32,48.68,-6.933752,107.608406,Asia/Jakarta
2026-02-07 15:00:00,29.58,80.1,0.0,43.8,4.58,27.63,40.28,-6.933752,107.608406,Asia/Jakarta
2026-02-07 18:00:00,24.18,89.5,0.0,42.5,3.57,22.57,54.84,-6.933752,107.608406,Asia/Jakarta
2026-02-07 21:00:00,22.56,92.7,3.46,53.2,5.99,21.64,70.27,-6.933752,107.608406,Asia/Jakarta
2026-02-08 00:00:00,22.69,88.1,0.0,49.4,5.97,20.76,62.11,-6.933752,107.608406,Asia/Jakarta
2026-02-08 03:00:00,23.18,87.9,6.67,49.4,5.05,21.66,70.01,-6.933752,107.608406,Asia/Jakarta
2026-02-08 06:00:00,25.12,87.3,0.0,49.3,3.99,23.71,52.0,-6.933752,107.608406,Asia/Jakarta
2026-02-08 09:00:00,28.8,74.0,0.0,41.7,6.66,28.09,40.34,-6.933752,107.608406,Asia/Jakarta
2026-02-08 12:00:00,31.57,75.9,2.05,49.7,8.18,30.08,49.83,-6.933752,107.608406,Asia/Jakarta
2026-02-08 15:00:00,29.14,73.6,0.0,27.2,6.79,27.38,40.05,-6.933752,107.608406,Asia/Jakarta
2026-02-08 18:00:00,22.94,85.3,0.0,45.0,5.86,21.32,51.85,-6.933752,107.608406,Asia/Jakarta
2026-02-08 21:00:00,24.97,87.1,4.9,56.9,3.16,24.43,59.88,-6.933752,107.608406,Asia/Jakarta
2026-02-09 00:00:00,25.46,85.9,0.0,52.4,4.59,24.92,50.69,-6.933752,107.608406,Asia/Jakarta
2026-02-09 03:00:00,22.74,93.2,0.0,48.5,4.14,21.96,57.39,-6.933752,107.608406,Asia/Jakarta
2026-02-09 06:00:00,23.66,88.2,8.61,44.2,3.93,21.77,81.44,-6.933752,107.608406,Asia/Jakarta
2026-02-09 09:00:00,30.3,71.8,5.06,39.9,4.98,28.37,51.07,-6.933752,107.608406,Asia/Jakarta
2026-02-09 12:00:00,30.82,74.7,0.0,43.2,8.11,29.15,39.84,-6.933752,107.608406,Asia/Jakarta
2026-02-09 15:00:00,29.27,80.0,2.84,49.3,7.55,27.97,52.5,-6.933752,107.608406,Asia/Jakarta
2026-02-09 18:00:00,24.42,89.0,4.39,41.9,4.1,22.61,70.7,-6.933752,107.608406,Asia/Jakarta
2026-02-09 21:00:00,23.24,89.8,2.0,65.4,3.86,21.29,63.64,-6.933752,107.608406,Asia/Jakarta
2026-02-10 00:00:00,23.07,89.1,0.0,62.4,3.5,22.13,49.66,-6.933752,107.608406,Asia/Jakarta
2026-02-10 03:00:00,25.26,87.1,3.56,60.7,4.76,24.01,56.28,-6.933752,107.608406,Asia/Jakarta
2026-02-10 06:00:00,23.04,90.7,2.95,64.1,3.88,22.5,58.67,-6.933752,107.608406,Asia/Jakarta
2026-02-10 09:00:00,28.81,81.7,0.0,55.2,4.58,27.34,42.29,-6.933752,107.608406,Asia/Jakarta
2026-02-10 12:00:00,31.63,68.4,4.28,38.0,7.47,31.01,52.56,-6.933752,107.608406,Asia/Jakarta
2026-02-10 15:00:00,29.57,78.4,0.0,53.8,4.83,29.01,45.91,-6.933752,107.608406,Asia/Jakarta
2026-02-10 18:00:00,23.01,88.2,0.0,61.1,3.07,21.36,49.31,-6.933752,107.608406,Asia/Jakarta
2026-02-10 21:00:00,22.65,88.7,0.0,58.2,3.51,20.81,49.89,-6.933752,107.608406,Asia/Jakarta
2026-02-11 00:00:00,25.38,79.9,2.38,50.3,4.24,23.67,60.21,-6.933752,107.608406,Asia/Jakarta
2026-02-11 03:00:00,24.32,87.1,0.0,44.3,4.09,22.92,54.07,-6.933752,107.608406,Asia/Jakarta
2026-02-11 06:00:00,22.52,94.7,0.0,53.4,5.37,21.74,50.32,-6.933752,107.608406,Asia/Jakarta
2026-02-11 09:00:00,27.61,78.7,4.46,34.2,6.29,26.62,56.57,-6.933752,107.608406,Asia/Jakarta
2026-02-11 12:00:00,29.76,71.8,2.36,47.6,6.0,28.21,48.77,-6.933752,107.608406,Asia/Jakarta
2026-02-11 15:00:00,29.17,77.6,0.0,52.8,5.53,27.51,37.67,-6.933752,107.608406,Asia/Jakarta
2026-02-11 18:00:00,23.47,92.9,0.0,64.6,5.45,22.26,48.04,-6.933752,107.608406,Asia/Jakarta
2026-02-11 21:00:00,22.87,93.8,6.13,53.7,3.23,22.28,63.83,-6.933752,107.608406,Asia/Jakarta
2026-02-12 00:00:00,24.21,92.1,2.56,56.8,5.03,22.53,62.31,-6.933752,107.608406,Asia/Jakarta
2026-02-12 03:00:00,24.62,85.8,0.35,58.1,4.51,22.73,57.74,-6.933752,107.608406,Asia/Jakarta
2026-02-12 06:00:00,24.34,87.0,1.35,56.5,5.33,23.49,64.11,-6.933752,107.608406,Asia/Jakarta
2026-02-12 09:00:00,28.32,75.7,0.0,30.5,7.06,27.51,48.9,-6.933752,107.608406,Asia/Jakarta
2026-02-12 12:00:00,31.35,71.5,0.0,24.6,7.82,29.88,36.4,-6.933752,107.608406,Asia/Jakarta
2026-02-12 15:00:00,29.52,73.8,0.0,27.4,6.19,28.85,49.37,-6.933752,107.608406,Asia/Jakarta
2026-02-12 18:00:00,23.5,87.8,0.0,53.5,5.41,21.75,50.1,-6.933752,107.608406,Asia/Jakarta
2026-02-12 21:00:00,25.27,84.9,3.38,48.3,2.98,24.08,56.92,-6.933752,107.608406,Asia/Jakarta
2026-02-13 00:00:00,25.1,89.5,0.0,52.6,5.75,23.81,47.9,-6.933752,107.608406,Asia/Jakarta
2026-02-13 03:00:00,24.19,89.2,9.81,54.5,4.52,22.32,73.89,-6.933752,107.608406,Asia/Jakarta
2026-02-13 06:00:00,24.89,81.6,0.0,37.2,3.69,23.59,53.0,-6.933752,107.608406,Asia/Jakarta
2026-02-13 09:00:00,27.95,80.6,5.97,37.1,7.01,26.16,55.17,-6.933752,107.608406,Asia/Jakarta
2026-02-13 12:00:00,31.63,69.5,0.0,23.6,6.3,30.68,46.27,-6.933752,107.608406,Asia/Jakarta
2026-02-13 15:00:00,29.03,74.0,0.26,35.0,4.98,27.77,39.15,-6.933752,107.608406,Asia/Jakarta
2026-02-13 18:00:00,24.9,90.0,0.79,45.7,4.19,23.93,62.72,-6.933752,107.608406,Asia/Jakarta
2026-02-13 21:00:00,23.48,91.6,0.0,45.9,4.31,22.67,62.88,-6.933752,107.608406,Asia/Jakarta
2026-02-14 00:00:00,22.61,89.6,7.24,62.4,3.59,20.84,63.63,-6.933752,107.608406,Asia/Jakarta
2026-02-14 03:00:00,25.12,83.8,5.25,57.1,5.18,24.58,70.48,-6.933752,107.608406,Asia/Jakarta
2026-02-14 06:00:00,24.78,87.6,13.31,44.6,3.5,23.12,84.8,-6.933752,107.608406,Asia/Jakarta
2026-02-14 09:00:00,29.46,74.1,2.28,29.8,7.62,28.81,51.07,-6.933752,107.608406,Asia/Jakarta
2026-02-14 12:00:00,31.13,73.3,0.0,31.8,7.81,30.37,42.19,-6.933752,107.608406,Asia/Jakarta
2026-02-14 15:00:00,28.38,82.5,1.59,47.5,4.37,27.81,55.05,-6.933752,107.608406,Asia/Jakarta
2026-02-14 18:00:00,23.65,84.4,0.0,45.8,5.62,22.12,57.07,-6.933752,107.608406,Asia/Jakarta
2026-02-14 21:00:00,23.84,86.7,3.52,46.7,5.15,23.22,67.69,-6.933752,107.608406,Asia/Jakarta
2026-01-01 00:00:00,25.27,87.8,2.25,53.4,5.31,24.62,63.13,-6.919532,107.610228,Asia/Jakarta
2026-01-01 03:00:00,23.43,90.4,6.79,60.8,5.82,21.59,64.24,-6.919532,107.610228,Asia/Jakarta
2026-01-01 06:00:00,23.27,88.0,0.0,44.4,3.66,22.29,60.77,-6.919532,107.610228,Asia/Jakarta
2026-01-01 09:00:00,28.91,73.1,0.0,27.8,7.23,27.89,41.62,-6.919532,107.610228,Asia/Jakarta
2026-01-01 12:00:00,31.22,72.7,0.0,34.4,5.37,30.62,41.9,-6.919532,107.610228,Asia/Jakarta
2026-01-01 15:00:00,28.36,78.3,2.18,44.4,5.12,27.13,44.44,-6.919532,107.610228,Asia/Jakarta
2026-01-01 18:00:00,22.7,87.6,2.68,56.3,5.93,21.68,61.97,-6.919532,107.610228,Asia/Jakarta
2026-01-01 21:00:00,24.58,83.3,0.0,51.4,4.99,23.91,60.39,-6.919532,107.610228,Asia/Jakarta
2026-01-02 00:00:00,24.29,85.4,0.0,39.8,3.58,22.89,53.49,-6.919532,107.610228,Asia/Jakarta
2026-01-02 03:00:00,24.56,87.6,1.39,59.3,4.76,23.73,51.04,-6.919532,107.610228,Asia/Jakarta
2026-01-02 06:00:00,22.92,90.9,0.0,61.0,5.15,21.74,57.57,-6.919532,107.610228,Asia/Jakarta
2026-01-02 09:00:00,28.32,79.9,5.69,42.6,7.34,26.63,54.41,-6.919532,107.610228,Asia/Jakarta
2026-01-02 12:00:00,31.54,76.2,0.0,50.6,8.2,30.16,48.84,-6.919532,107.610228,Asia/Jakarta
2026-01-02 15:00:00,29.28,76.8,0.0,49.2,4.49,27.33,51.52,-6.919532,107.610228,Asia/Jakarta
2026-01-02 18:00:00,22.5,91.5,1.47,67.0,3.49,21.35,50.73,-6.919532,107.610228,Asia/Jakarta
2026-01-02 21:00:00,24.27,88.5,4.52,57.6,4.02,23.51,60.32,-6.919532,107.610228,Asia/Jakarta
2026-01-03 00:00:00,22.92,90.6,10.91,62.9,3.96,21.11,75.62,-6.919532,107.610228,Asia/Jakarta
2026-01-03 03:00:00,22.88,85.3,0.53,52.8,5.6,20.91,58.69,-6.919532,107.610228,Asia/Jakarta
2026-01-03 06:00:00,22.91,86.5,0.0,57.8,5.63,21.01,58.13,-6.919532,107.610228,Asia/Jakarta
2026-01-03 09:00:00,29.32,76.2,0.0,38.4,5.61,28.18,40.71,-6.919532,107.610228,Asia/Jakarta
2026-01-03 12:00:00,29.52,76.2,0.0,45.7,5.94,28.16,47.83,-6.919532,107.610228,Asia/Jakarta
2026-01-03 15:00:00,27.55,75.7,8.88,39.3,6.3,26.93,72.02,-6.919532,107.610228,Asia/Jakarta
2026-01-03 18:00:00,24.69,86.6,0.0,59.2,3.48,23.41,55.27,-6.919532,107.610228,Asia/Jakarta
2026-01-03 21:00:00,24.33,84.6,0.0,51.7,4.84,23.02,57.95,-6.919532,107.610228,Asia/Jakarta
2026-01-04 00:00:00,24.24,88.4,4.11,62.1,2.54,22.38,63.31,-6.919532,107.610228,Asia/Jakarta
2026-01-04 03:00:00,24.22,85.6,0.0,46.1,3.53,22.68,49.68,-6.919532,107.610228,Asia/Jakarta
2026-01-04 06:00:00,24.29,85.2,1.19,56.1,4.7,22.93,58.87,-6.919532,107.610228,Asia/Jakarta
2026-01-04 09:00:00,29.42,74.3,3.62,44.0,5.96,28.8,47.09,-6.919532,107.610228,Asia/Jakarta
2026-01-04 12:00:00,31.85,68.8,5.58,35.6,5.9,30.45,57.14,-6.919532,107.610228,Asia/Jakarta
2026-01-04 15:00:00,30.18,77.2,1.68,45.0,4.88,29.33,53.32,-6.919532,107.610228,Asia/Jakarta
2026-01-04 18:00:00,23.04,90.1,0.0,42.9,5.89,21.31,56.53,-6.919532,107.610228,Asia/Jakarta
2026-01-04 21:00:00,25.01,88.2,4.7,50.1,4.81,24.26,68.96,-6.919532,107.610228,Asia/Jakarta
2026-01-05 00:00:00,24.23,90.7,9.37,44.0,5.37,23.04,68.45,-6.919532,107.610228,Asia/Jakarta
2026-01-05 03:00:00,23.93,87.7,0.0,62.5,3.32,22.84,57.94,-6.919532,107.610228,Asia/Jakarta
2026-01-05 06:00:00,23.29,89.6,2.18,52.0,5.29,22.31,57.91,-6.919532,107.610228,Asia/Jakarta
2026-01-05 09:00:00,29.04,81.8,0.0,36.1,5.51,27.62,50.61,-6.919532,107.610228,Asia/Jakarta
2026-01-05 12:00:00,31.46,69.9,0.0,28.4,5.89,30.26,42.35,-6.919532,107.610228,Asia/Jakarta
2026-01-05 15:00:00,29.48,73.7,0.0,41.8,6.09,27.49,47.94,-6.919532,107.610228,Asia/Jakarta
2026-01-05 18:00:00,23.44,84.1,1.38,36.3,3.94,21.91,58.44,-6.919532,107.610228,Asia/Jakarta
2026-01-05 21:00:00,23.55,91.0,3.02,49.0,4.67,22.16,54.55,-6.919532,107.610228,Asia/Jakarta
2026-01-06 00:00:00,25.18,82.5,3.48,48.9,5.85,23.77,56.04,-6.919532,107.610228,Asia/Jakarta
2026-01-06 03:00:00,23.63,91.2,0.0,58.8,3.15,22.85,48.77,-6.919532,107.610228,Asia/Jakarta
2026-01-06 06:00:00,23.38,90.7,0.0,44.5,5.98,21.85,59.31,-6.919532,107.610228,Asia/Jakarta
2026-01-06 09:00:00,29.45,79.1,0.0,37.2,5.24,28.37,38.1,-6.919532,107.610228,Asia/Jakarta
2026-01-06 12:00:00,32.49,67.6,7.03,39.1,5.24,31.69,64.14,-6.919532,107.610228,Asia/Jakarta
2026-01-06 15:00:00,28.63,79.5,0.0,34.1,5.78,27.97,46.92,-6.919532,107.610228,Asia/Jakarta
2026-01-06 18:00:00,23.82,85.8,2.94,38.6,5.05,23.3,65.9,-6.919532,107.610228,Asia/Jakarta
2026-01-06 21:00:00,23.99,89.3,2.35,41.4,3.87,23.0,54.6,-6.919532,107.610228,Asia/Jakarta
2026-01-07 00:00:00,23.67,83.5,0.0,52.5,4.17,22.08,53.46,-6.919532,107.610228,Asia/Jakarta
2026-01-07 03:00:00,24.94,81.5,1.34,39.0,4.91,24.26,62.43,-6.919532,107.610228,Asia/Jakarta
2026-01-07 06:00:00,24.11,92.5,0.63,52.5,2.69,22.64,64.34,-6.919532,107.610228,Asia/Jakarta
2026-01-07 09:00:00,28.55,81.8,0.0,41.9,6.93,27.74,41.74,-6.919532,107.610228,Asia/Jakarta
2026-01-07 12:00:00,31.16,77.4,0.99,45.3,6.37,29.63,36.89,-6.919532,107.610228,Asia/Jakarta
2026-01-07 15:00:00,28.91,81.3,0.98,43.9,4.39,26.91,39.66,-6.919532,107.610228,Asia/Jakarta
2026-01-07 18:00:00,23.22,88.3,0.0,59.4,4.25,21.5,62.44,-6.919532,107.610228,Asia/Jakarta
2026-01-07 21:00:00,25.4,80.0,2.71,40.2,5.02,24.58,59.45,-6.919532,107.610228,Asia/Jakarta
2026-01-08 00:00:00,24.46,87.1,0.0,61.6,4.38,23.61,58.86,-6.919532,107.610228,Asia/Jakarta
2026-01-08 03:00:00,22.72,92.9,0.76,56.6,5.68,21.85,58.57,-6.919532,107.610228,Asia/Jakarta
2026-01-08 06:00:00,24.45,82.0,0.0,49.2,5.37,23.03,48.56,-6.919532,107.610228,Asia/Jakarta
2026-01-08 09:00:00,29.96,70.9,3.2,42.6,6.35,29.36,53.99,-6.919532,107.610228,Asia/Jakarta
2026-01-08 12:00:00,30.11,73.3,0.0,45.4,6.41,28.58,34.93,-6.919532,107.610228,Asia/Jakarta
2026-01-08 15:00:00,29.09,75.3,10.75,50.5,4.43,28.49,63.53,-6.919532,107.610228,Asia/Jakarta
2026-01-08 18:00:00,23.32,91.8,7.17,47.8,3.08,21.95,66.67,-6.919532,107.610228,Asia/Jakarta
2026-01-08 21:00:00,22.9,93.0,2.69,60.2,3.05,22.28,66.99,-6.919532,107.610228,Asia/Jakarta
2026-01-09 00:00:00,22.52,95.2,15.37,64.1,3.49,20.83,91.91,-6.919532,107.610228,Asia/Jakarta
2026-01-09 03:00:00,23.93,84.2,3.49,39.7,4.08,23.17,58.51,-6.919532,107.610228,Asia/Jakarta
2026-01-09 06:00:00,24.58,87.6,0.0,56.8,2.81,23.62,60.22,-6.919532,107.610228,Asia/Jakarta
2026-01-09 09:00:00,28.71,78.5,0.0,35.1,7.69,26.91,47.0,-6.919532,107.610228,Asia/Jakarta
2026-01-09 12:00:00,32.46,70.1,0.0,33.2,5.73,31.79,33.85,-6.919532,107.610228,Asia/Jakarta
2026-01-09 15:00:00,27.9,83.1,3.87,56.9,4.83,27.32,60.38,-6.919532,107.610228,Asia/Jakarta
2026-01-09 18:00:00,23.59,85.8,0.0,43.8,5.62,22.94,54.25,-6.919532,107.610228,Asia/Jakarta
2026-01-09 21:00:00,22.66,91.0,2.97,46.8,4.3,21.8,54.67,-6.919532,107.610228,Asia/Jakarta
2026-01-10 00:00:00,23.83,88.9,0.0,51.0,5.64,23.17,50.68,-6.919532,107.610228,Asia/Jakarta
2026-01-10 03:00:00,23.18,86.9,3.25,48.8,5.62,21.81,55.33,-6.919532,107.610228,Asia/Jakarta
2026-01-10 06:00:00,22.66,90.0,0.0,47.2,3.12,21.48,52.98,-6.919532,107.610228,Asia/Jakarta
2026-01-10 09:00:00,28.03,77.9,2.12,36.4,4.38,27.11,50.86,-6.919532,107.610228,Asia/Jakarta
2026-01-10 12:00:00,29.83,75.2,0.0,37.2,5.77,29.1,37.72,-6.919532,107.610228,Asia/Jakarta
2026-01-10 15:00:00,29.83,80.1,0.0,53.8,6.2,28.72,40.78,-6.919532,107.610228,Asia/Jakarta
2026-01-10 18:00:00,24.07,91.3,2.72,48.5,4.12,22.92,53.22,-6.919532,107.610228,Asia/Jakarta
2026-01-10 21:00:00,25.12,82.9,8.92,45.4,5.75,23.25,81.76,-6.919532,107.610228,Asia/Jakarta
2026-01-11 00:00:00,25.19,84.5,0.0,37.5,5.07,24.06,55.07,-6.919532,107.610228,Asia/Jakarta
2026-01-11 03:00:00,23.68,91.6,7.7,60.3,4.23,22.05,65.27,-6.919532,107.610228,Asia/Jakarta
2026-01-11 06:00:00,24.58,85.6,0.33,42.9,3.34,24.06,63.71,-6.919532,107.610228,Asia/Jakarta
2026-01-11 09:00:00,29.46,73.0,0.0,36.0,6.31,28.26,52.72,-6.919532,107.610228,Asia/Jakarta
2026-01-11 12:00:00,29.92,77.4,0.0,33.8,7.19,29.41,44.26,-6.919532,107.610228,Asia/Jakarta
2026-01-11 15:00:00,29.33,75.5,0.0,44.0,5.31,27.78,49.15,-6.919532,107.610228,Asia/Jakarta
2026-01-11 18:00:00,24.34,87.8,0.0,44.8,4.67,22.44,52.37,-6.919532,107.610228,Asia/Jakarta
2026-01-11 21:00:00,24.04,91.8,0.86,52.5,3.84,23.48,56.34,-6.919532,107.610228,Asia/Jakarta
2026-01-12 00:00:00,23.6,90.1,1.7,59.0,5.21,22.6,52.95,-6.919532,107.610228,Asia/Jakarta
2026-01-12 03:00:00,24.12,89.0,0.0,58.7,5.55,22.49,58.25,-6.919532,107.610228,Asia/Jakarta
2026-01-12 06:00:00,24.78,84.4,6.38,57.9,3.98,23.72,61.91,-6.919532,107.610228,Asia/Jakarta
2026-01-12 09:00:00,28.81,77.7,7.81,49.6,6.13,26.96,67.49,-6.919532,107.610228,Asia/Jakarta
2026-01-12 12:00:00,30.86,72.1,0.0,40.2,8.42,30.07,47.13,-6.919532,107.610228,Asia/Jakarta
2026-01-12 15:00:00,30.1,70.9,5.57,32.2,7.62,29.35,50.59,-6.919532,107.610228,Asia/Jakarta
2026-01-12 18:00:00,22.84,86.7,1.19,42.3,5.83,21.71,49.98,-6.919532,107.610228,Asia/Jakarta
2026-01-12 21:00:00,24.55,91.0,2.15,54.3,5.08,23.76,52.07,-6.919532,107.610228,Asia/Jakarta
2026-01-13 00:00:00,22.57,93.8,4.76,65.9,3.68,21.08,66.73,-6.919532,107.610228,Asia/Jakarta
2026-01-13 03:00:00,24.86,85.9,2.75,53.8,4.42,23.51,60.38,-6.919532,107.610228,Asia/Jakarta
2026-01-13 06:00:00,25.19,83.4,2.46,54.3,3.8,23.43,57.02,-6.919532,107.610228,Asia/Jakarta
2026-01-13 09:00:00,27.89,77.5,0.0,52.4,4.83,27.12,45.67,-6.919532,107.610228,Asia/Jakarta
2026-01-13 12:00:00,30.03,77.2,0.0,50.9,5.56,28.04,34.87,-6.919532,107.610228,Asia/Jakarta
2026-01-13 15:00:00,29.17,76.3,2.49,37.2,6.74,27.21,53.23,-6.919532,107.610228,Asia/Jakarta
2026-01-13 18:00:00,22.94,89.5,7.31,64.9,2.93,21.05,63.48,-6.919532,107.610228,Asia/Jakarta
2026-01-13 21:00:00,24.81,90.6,5.11,64.9,5.9,23.54,66.98,-6.919532,107.610228,Asia/Jakarta
2026-01-14 00:00:00,24.44,84.8,0.0,58.3,5.14,22.94,62.91,-6.919532,107.610228,Asia/Jakarta
2026-01-14 03:00:00,24.9,88.2,2.6,62.3,2.89,24.34,60.38,-6.919532,107.610228,Asia/Jakarta
2026-01-14 06:00:00,24.53,82.8,0.0,35.4,3.27,23.54,52.72,-6.919532,107.610228,Asia/Jakarta
2026-01-14 09:00:00,29.27,73.7,0.0,38.3,6.95,28.65,40.23,-6.919532,107.610228,Asia/Jakarta
2026-01-14 12:00:00,32.05,72.7,0.0,47.7,6.38,30.64,40.85,-6.919532,107.610228,Asia/Jakarta
2026-01-14 15:00:00,28.98,72.9,4.25,40.9,6.77,27.91,53.29,-6.919532,107.610228,Asia/Jakarta
2026-01-14 18:00:00,22.54,89.3,1.03,48.7,4.46,20.7,52.72,-6.919532,107.610228,Asia/Jakarta
2026-01-14 21:00:00,24.72,85.4,2.16,48.1,5.05,23.13,66.12,-6.919532,107.610228,Asia/Jakarta
2026-01-15 00:00:00,23.74,91.7,6.84,58.0,3.56,22.45,77.86,-6.919532,107.610228,Asia/Jakarta
2026-01-15 03:00:00,23.51,93.2,0.71,59.3,2.52,22.6,58.78,-6.919532,107.610228,Asia/Jakarta
2026-01-15 06:00:00,23.02,89.5,0.0,55.1,3.2,22.09,60.32,-6.919532,107.610228,Asia/Jakarta
2026-01-15 09:00:00,28.92,80.7,0.0,39.9,6.0,28.08,48.94,-6.919532,107.610228,Asia/Jakarta
2026-01-15 12:00:00,31.87,67.8,0.0,27.0,7.23,30.37,34.99,-6.919532,107.610228,Asia/Jakarta
2026-01-15 15:00:00,28.31,75.5,0.0,49.3,4.37,27.07,49.34,-6.919532,107.610228,Asia/Jakarta
2026-01-15 18:00:00,25.41,85.8,0.0,46.5,4.03,23.88,51.13,-6.919532,107.610228,Asia/Jakarta
2026-01-15 21:00:00,25.42,88.0,0.0,49.0,2.56,24.05,51.15,-6.919532,107.610228,Asia/Jakarta
2026-01-16 00:00:00,22.94,89.6,5.16,58.3,2.69,21.48,64.13,-6.919532,107.610228,Asia/Jakarta
2026-01-16 03:00:00,25.37,80.4,0.0,39.4,2.77,23.92,50.1,-6.919532,107.610228,Asia/Jakarta
2026-01-16 06:00:00,24.79,87.1,0.33,43.1,3.61,23.09,61.25,-6.919532,107.610228,Asia/Jakarta
2026-01-16 09:00:00,28.26,80.8,0.0,41.5,5.5,27.56,39.4,-6.919532,107.610228,Asia/Jakarta
2026-01-16 12:00:00,30.34,77.3,0.0,39.2,5.57,29.09,36.49,-6.919532,107.610228,Asia/Jakarta
2026-01-16 15:00:00,29.94,78.3,0.0,43.7,7.6,28.38,50.64,-6.919532,107.610228,Asia/Jakarta
2026-01-16 18:00:00,24.61,89.6,0.0,51.6,2.91,24.08,49.1,-6.919532,107.610228,Asia/Jakarta
2026-01-16 21:00:00,23.54,90.7,9.91,46.0,5.96,21.59,77.17,-6.919532,107.610228,Asia/Jakarta
2026-01-17 00:00:00,23.02,87.9,2.12,57.8,2.95,21.48,62.77,-6.919532,107.610228,Asia/Jakarta
2026-01-17 03:00:00,23.42,86.1,4.47,61.7,5.17,22.89,58.62,-6.919532,107.610228,Asia/Jakarta
2026-01-17 06:00:00,23.95,87.2,3.64,43.9,4.81,22.75,64.5,-6.919532,107.610228,Asia/Jakarta
2026-01-17 09:00:00,30.18,70.3,3.74,29.5,4.61,28.77,47.31,-6.919532,107.610228,Asia/Jakarta
2026-01-17 12:00:00,31.26,69.5,4.19,37.6,5.51,30.35,54.16,-6.919532,107.610228,Asia/Jakarta
2026-01-17 15:00:00,29.19,75.4,0.0,47.9,6.41,28.59,45.18,-6.919532,107.610228,Asia/Jakarta
2026-01-17 18:00:00,24.96,88.4,0.0,53.1,5.87,23.33,49.75,-6.919532,107.610228,Asia/Jakarta
2026-01-17 21:00:00,22.51,93.2,0.0,67.4,5.48,20.97,54.6,-6.919532,107.610228,Asia/Jakarta
2026-01-18 00:00:00,23.06,91.5,0.0,46.1,5.93,21.78,53.79,-6.919532,107.610228,Asia/Jakarta
2026-01-18 03:00:00,23.72,91.0,0.58,50.5,4.32,22.68,56.21,-6.919532,107.610228,Asia/Jakarta
2026-01-18 06:00:00,23.36,91.4,0.0,45.3,3.85,21.76,54.31,-6.919532,107.610228,Asia/Jakarta
2026-01-18 09:00:00,29.51,79.6,0.0,37.1,7.72,27.73,43.95,-6.919532,107.610228,Asia/Jakarta
2026-01-18 12:00:00,32.18,73.6,3.79,48.2,5.04,30.68,52.12,-6.919532,107.610228,Asia/Jakarta
2026-01-18 15:00:00,28.64,78.3,2.88,46.5,5.65,26.67,54.56,-6.919532,107.610228,Asia/Jakarta
2026-01-18 18:00:00,24.72,90.2,2.12,46.3,3.2,22.96,54.87,-6.919532,107.610228,Asia/Jakarta
2026-01-18 21:00:00,23.71,85.7,0.0,47.9,5.18,22.32,59.26,-6.919532,107.610228,Asia/Jakarta
2026-01-19 00:00:00,24.77,89.2,1.7,63.8,4.83,22.79,65.94,-6.919532,107.610228,Asia/Jakarta
2026-01-19 03:00:00,24.03,84.2,3.87,47.1,4.21,22.12,59.21,-6.919532,107.610228,Asia/Jakarta
2026-01-19 06:00:00,22.59,93.1,1.39,65.1,2.59,21.18,52.92,-6.919532,107.610228,Asia/Jakarta
2026-01-19 09:00:00,28.43,76.5,0.0,43.5,6.58,27.19,45.42,-6.919532,107.610228,Asia/Jakarta
2026-01-19 12:00:00,30.9,71.2,0.0,35.2,6.9,29.59,45.95,-6.919532,107.610228,Asia/Jakarta
2026-01-19 15:00:00,27.5,83.1,0.0,58.9,4.68,25.72,44.3,-6.919532,107.610228,Asia/Jakarta
2026-01-19 18:00:00,23.83,83.5,0.0,39.8,5.23,23.08,61.16,-6.919532,107.610228,Asia/Jakarta
2026-01-19 21:00:00,23.79,86.4,0.0,47.7,4.49,22.46,54.85,-6.919532,107.610228,Asia/Jakarta
2026-01-20 00:00:00,24.12,87.3,6.76,52.7,2.7,22.73,66.09,-6.919532,107.610228,Asia/Jakarta
2026-01-20 03:00:00,23.63,90.3,4.71,60.7,2.71,22.94,66.81,-6.919532,107.610228,Asia/Jakarta
2026-01-20 06:00:00,23.6,91.7,0.0,57.8,4.69,22.46,53.09,-6.919532,107.610228,Asia/Jakarta
2026-01-20 09:00:00,30.43,73.4,4.04,26.8,5.09,29.8,50.98,-6.919532,107.610228,Asia/Jakarta
2026-01-20 12:00:00,31.56,75.6,6.57,30.4,6.88,30.08,48.05,-6.919532,107.610228,Asia/Jakarta
2026-01-20 15:00:00,28.72,78.0,0.48,40.1,5.91,27.74,38.51,-6.919532,107.610228,Asia/Jakarta
2026-01-20 18:00:00,24.21,85.6,0.0,39.9,4.92,22.97,50.29,-6.919532,107.610228,Asia/Jakarta
2026-01-20 21:00:00,24.93,87.5,1.0,43.5,5.89,23.48,52.43,-6.919532,107.610228,Asia/Jakarta
2026-01-21 00:00:00,25.42,80.6,4.86,53.0,3.43,24.06,62.45,-6.919532,107.610228,Asia/Jakarta
2026-01-21 03:00:00,24.91,87.1,0.0,62.1,4.52,24.0,56.47,-6.919532,107.610228,Asia/Jakarta
2026-01-21 06:00:00,24.2,87.7,1.79,49.9,2.77,22.94,64.12,-6.919532,107.610228,Asia/Jakarta
2026-01-21 09:00:00,28.35,80.3,0.0,39.8,5.15,26.84,45.35,-6.919532,107.610228,Asia/Jakarta
2026-01-21 12:00:00,31.14,76.6,0.0,43.7,5.65,29.65,40.99,-6.919532,107.610228,Asia/Jakarta
2026-01-21 15:00:00,29.92,79.7,0.0,38.2,7.1,28.06,50.74,-6.919532,107.610228,Asia/Jakarta
2026-01-21 18:00:00,25.3,87.3,1.99,40.8,4.12,23.68,55.22,-6.919532,107.610228,Asia/Jakarta
2026-01-21 21:00:00,24.8,89.6,0.0,51.4,5.69,23.03,57.14,-6.919532,107.610228,Asia/Jakarta
2026-01-22 00:00:00,23.3,87.1,0.0,43.0,3.33,22.58,50.82,-6.919532,107.610228,Asia/Jakarta
2026-01-22 03:00:00,22.58,93.7,0.86,53.2,5.97,20.72,55.64,-6.919532,107.610228,Asia/Jakarta
2026-01-22 06:00:00,23.11,87.4,0.0,40.1,3.47,21.64,55.81,-6.919532,107.610228,Asia/Jakarta
2026-01-22 09:00:00,27.58,82.5,1.4,53.3,7.41,26.63,45.2,-6.919532,107.610228,Asia/Jakarta
2026-01-22 12:00:00,29.69,80.4,0.0,53.9,8.1,27.93,39.35,-6.919532,107.610228,Asia/Jakarta
2026-01-22 15:00:00,29.98,72.6,0.0,38.3,4.69,28.61,47.73,-6.919532,107.610228,Asia/Jakarta
2026-01-22 18:00:00,24.83,86.3,6.86,50.2,4.6,23.86,74.46,-6.919532,107.610228,Asia/Jakarta
2026-01-22 21:00:00,25.0,88.1,0.0,59.4,5.77,24.34,50.49,-6.919532,107.610228,Asia/Jakarta
2026-01-23 00:00:00,23.14,87.3,0.0,49.1,2.7,21.59,55.54,-6.919532,107.610228,Asia/Jakarta
2026-01-23 03:00:00,22.84,90.7,4.78,54.1,3.47,22.12,70.06,-6.919532,107.610228,Asia/Jakarta
2026-01-23 06:00:00,23.93,86.6,0.0,46.0,5.67,22.32,47.56,-6.919532,107.610228,Asia/Jakarta
2026-01-23 09:00:00,29.85,71.1,0.0,45.1,5.15,28.39,43.26,-6.919532,107.610228,Asia/Jakarta
2026-01-23 12:00:00,31.6,75.9,0.0,44.3,5.83,31.09,40.08,-6.919532,107.610228,Asia/Jakarta
2026-01-23 15:00:00,30.33,78.8,3.83,52.8,7.54,29.39,57.63,-6.919532,107.610228,Asia/Jakarta
2026-01-23 18:00:00,25.08,82.1,2.06,44.7,5.34,23.39,61.84,-6.919532,107.610228,Asia/Jakarta
2026-01-23 21:00:00,23.32,85.0,3.66,55.7,5.08,22.32,69.88,-6.919532,107.610228,Asia/Jakarta
2026-01-24 00:00:00,23.77,92.5,7.27,46.9,3.41,22.64,64.06,-6.919532,107.610228,Asia/Jakarta
2026-01-24 03:00:00,24.69,86.8,0.0,46.7,5.17,23.91,57.26,-6.919532,107.610228,Asia/Jakarta
2026-01-24 06:00:00,23.83,89.6,1.83,41.6,3.57,23.16,60.24,-6.919532,107.610228,Asia/Jakarta
2026-01-24 09:00:00,28.2,81.1,0.0,51.5,4.72,27.08,46.6,-6.919532,107.610228,Asia/Jakarta
2026-01-24 12:00:00,32.32,69.8,3.24,42.8,5.61,31.33,49.62,-6.919532,107.610228,Asia/Jakarta
2026-01-24 15:00:00,28.3,74.6,0.0,35.4,5.59,26.94,50.46,-6.919532,107.610228,Asia/Jakarta
2026-01-24 18:00:00,22.56,86.0,0.0,51.5,3.3,21.37,48.42,-6.919532,107.610228,Asia/Jakarta
2026-01-24 21:00:00,23.29,92.8,0.0,46.0,4.6,21.35,49.39,-6.919532,107.610228,Asia/Jakarta
2026-01-25 00:00:00,23.01,90.6,0.0,42.9,5.21,21.27,61.85,-6.919532,107.610228,Asia/Jakarta
2026-01-25 03:00:00,23.98,85.1,0.0,42.0,5.35,22.36,51.26,-6.919532,107.610228,Asia/Jakarta
2026-01-25 06:00:00,23.65,87.9,10.31,44.8,5.38,22.86,81.31,-6.919532,107.610228,Asia/Jakarta
2026-01-25 09:00:00,27.99,82.3,0.0,35.0,5.09,27.12,44.32,-6.919532,107.610228,Asia/Jakarta
2026-01-25 12:00:00,31.25,74.1,0.0,28.1,8.05,30.15,48.59,-6.919532,107.610228,Asia/Jakarta
2026-01-25 15:00:00,28.09,78.1,0.0,40.2,4.52,27.51,46.01,-6.919532,107.610228,Asia/Jakarta
2026-01-25 18:00:00,25.29,84.8,0.0,45.3,4.85,23.73,59.84,-6.919532,107.610228,Asia/Jakarta
2026-01-25 21:00:00,24.93,80.9,5.52,45.0,5.92,24.23,69.88,-6.919532,107.610228,Asia/Jakarta
2026-01-26 00:00:00,25.18,80.7,2.08,37.0,4.22,23.97,57.0,-6.919532,107.610228,Asia/Jakarta
2026-01-26 03:00:00,22.77,92.5,5.21,54.9,3.6,21.52,74.12,-6.919532,107.610228,Asia/Jakarta
2026-01-26 06:00:00,25.42,82.6,0.7,43.3,5.66,23.68,52.75,-6.919532,107.610228,Asia/Jakarta
2026-01-26 09:00:00,30.23,74.9,3.14,37.3,6.85,28.3,51.87,-6.919532,107.610228,Asia/Jakarta
2026-01-26 12:00:00,31.17,77.0,5.21,44.3,5.66,30.39,45.34,-6.919532,107.610228,Asia/Jakarta
2026-01-26 15:00:00,28.86,74.2,4.41,37.4,7.4,27.7,54.72,-6.919532,107.610228,Asia/Jakarta
2026-01-26 18:00:00,25.47,85.3,5.17,48.3,5.02,24.44,60.74,-6.919532,107.610228,Asia/Jakarta
2026-01-26 21:00:00,23.11,87.5,0.0,59.5,5.38,21.62,56.01,-6.919532,107.610228,Asia/Jakarta
2026-01-27 00:00:00,23.14,94.6,0.0,46.7,3.13,22.27,61.73,-6.919532,107.610228,Asia/Jakarta
2026-01-27 03:00:00,23.99,83.8,5.98,43.6,5.93,22.93,62.11,-6.919532,107.610228,Asia/Jakarta
2026-01-27 06:00:00,25.29,81.2,4.67,40.9,4.11,24.07,68.6,-6.919532,107.610228,Asia/Jakarta
2026-01-27 09:00:00,29.33,74.3,4.57,42.1,4.42,28.16,57.11,-6.919532,107.610228,Asia/Jakarta
2026-01-27 12:00:00,32.34,75.3,0.0,49.0,5.45,30.64,46.81,-6.919532,107.610228,Asia/Jakarta
2026-01-27 15:00:00,28.3,81.8,0.0,51.6,6.38,27.42,38.58,-6.919532,107.610228,Asia/Jakarta
2026-01-27 18:00:00,23.22,92.1,3.9,53.7,3.23,22.12,61.8,-6.919532,107.610228,Asia/Jakarta
2026-01-27 21:00:00,24.44,91.4,1.25,47.1,5.3,22.56,61.52,-6.919532,107.610228,Asia/Jakarta
2026-01-28 00:00:00,25.21,86.3,6.86,46.9,3.79,24.04,65.29,-6.919532,107.610228,Asia/Jakarta
2026-01-28 03:00:00,23.66,86.2,3.23,52.6,3.98,22.88,60.0,-6.919532,107.610228,Asia/Jakarta
2026-01-28 06:00:00,24.39,82.9,0.0,47.2,4.87,22.82,57.36,-6.919532,107.610228,Asia/Jakarta
2026-01-28 09:00:00,30.24,75.0,5.42,42.5,5.91,28.54,50.29,-6.919532,107.610228,Asia/Jakarta
2026-01-28 12:00:00,30.4,79.2,6.39,47.6,5.87,29.05,53.9,-6.919532,107.610228,Asia/Jakarta
2026-01-28 15:00:00,29.1,81.3,0.0,45.6,5.71,27.52,44.54,-6.919532,107.610228,Asia/Jakarta
2026-01-28 18:00:00,24.94,84.4,0.0,50.4,2.56,23.74,58.85,-6.919532,107.610228,Asia/Jakarta
2026-01-28 21:00:00,24.86,89.4,2.17,42.5,4.97,23.27,56.8,-6.919532,107.610228,Asia/Jakarta
2026-01-29 00:00:00,24.77,85.7,2.33,57.1,5.71,23.96,65.09,-6.919532,107.610228,Asia/Jakarta
2026-01-29 03:00:00,22.73,95.3,0.0,53.5,4.02,21.64,47.29,-6.919532,107.610228,Asia/Jakarta
2026-01-29 06:00:00,22.54,92.4,2.6,55.5,4.8,20.95,64.63,-6.919532,107.610228,Asia/Jakarta
2026-01-29 09:00:00,28.36,81.8,0.0,48.6,7.64,26.65,47.9,-6.919532,107.610228,Asia/Jakarta
2026-01-29 12:00:00,29.76,72.0,0.0,28.6,7.44,29.22,36.01,-6.919532,107.610228,Asia/Jakarta
2026-01-29 15:00:00,28.89,74.0,0.0,31.8,7.27,28.26,45.72,-6.919532,107.610228,Asia/Jakarta
2026-01-29 18:00:00,24.81,82.6,7.74,44.7,5.66,23.64,75.85,-6.919532,107.610228,Asia/Jakarta
2026-01-29 21:00:00,23.96,83.1,1.52,45.9,3.53,22.87,63.62,-6.919532,107.610228,Asia/Jakarta
2026-01-30 00:00:00,23.5,84.9,8.64,57.2,3.95,22.13,73.94,-6.919532,107.610228,Asia/Jakarta
2026-01-30 03:00:00,24.69,91.3,3.87,44.2,4.3,22.79,67.11,-6.919532,107.610228,Asia/Jakarta
2026-01-30 06:00:00,25.22,88.9,4.07,46.5,2.57,23.89,65.18,-6.919532,107.610228,Asia/Jakarta
2026-01-30 09:00:00,28.25,80.4,6.2,53.7,6.45,27.08,61.08,-6.919532,107.610228,Asia/Jakarta
2026-01-30 12:00:00,30.81,70.1,0.0,39.5,6.53,29.43,41.12,-6.919532,107.610228,Asia/Jakarta
2026-01-30 15:00:00,29.5,80.5,0.0,52.9,5.91,27.92,51.23,-6.919532,107.610228,Asia/Jakarta
2026-01-30 18:00:00,23.67,87.7,0.0,62.2,3.76,21.71,54.56,-6.919532,107.610228,Asia/Jakarta
2026-01-30 21:00:00,22.99,87.0,3.55,55.6,4.19,22.25,57.58,-6.919532,107.610228,Asia/Jakarta
2026-01-31 00:00:00,23.98,90.8,6.91,65.4,3.32,21.98,71.11,-6.919532,107.610228,Asia/Jakarta
2026-01-31 03:00:00,23.58,86.3,2.17,54.5,5.51,21.87,59.83,-6.919532,107.610228,Asia/Jakarta
2026-01-31 06:00:00,23.51,85.0,0.0,42.4,4.2,21.84,62.9,-6.919532,107.610228,Asia/Jakarta
2026-01-31 09:00:00,29.76,78.4,0.0,43.8,7.25,28.35,51.08,-6.919532,107.610228,Asia/Jakarta
2026-01-31 12:00:00,29.81,71.1,0.0,45.8,8.37,27.85,45.09,-6.919532,107.610228,Asia/Jakarta
2026-01-31 15:00:00,29.79,76.7,8.46,49.3,6.24,29.04,63.83,-6.919532,107.610228,Asia/Jakarta
2026-01-31 18:00:00,22.85,87.3,0.0,47.9,4.98,21.61,59.19,-6.919532,107.610228,Asia/Jakarta
2026-01-31 21:00:00,25.11,82.0,0.0,42.7,2.93,23.16,50.23,-6.919532,107.610228,Asia/Jakarta
2026-02-01 00:00:00,24.81,81.2,2.31,53.2,3.5,23.91,54.82,-6.919532,107.610228,Asia/Jakarta
2026-02-01 03:00:00,24.65,85.6,8.67,52.7,5.14,22.96,74.55,-6.919532,107.610228,Asia/Jakarta
2026-02-01 06:00:00,22.91,89.4,0.0,63.4,5.83,21.39,55.26,-6.919532,107.610228,Asia/Jakarta
2026-02-01 09:00:00,30.28,74.0,0.0,44.5,6.08,29.27,38.21,-6.919532,107.610228,Asia/Jakarta
2026-02-01 12:00:00,30.7,76.4,0.0,38.9,5.13,29.98,47.76,-6.919532,107.610228,Asia/Jakarta
2026-02-01 15:00:00,29.17,81.7,0.0,57.2,7.33,28.04,52.66,-6.919532,107.610228,Asia/Jakarta
2026-02-01 18:00:00,25.16,87.4,0.0,60.3,3.6,23.42,52.51,-6.919532,107.610228,Asia/Jakarta
2026-02-01 21:00:00,25.2,86.4,2.36,41.9,4.75,23.76,66.39,-6.919532,107.610228,Asia/Jakarta
2026-02-02 00:00:00,24.35,86.5,0.0,46.8,4.77,22.53,59.41,-6.919532,107.610228,Asia/Jakarta
2026-02-02 03:00:00,22.75,90.8,0.0,52.2,5.58,21.44,55.33,-6.919532,107.610228,Asia/Jakarta
2026-02-02 06:00:00,23.14,89.7,2.66,49.2,4.72,21.31,53.23,-6.919532,107.610228,Asia/Jakarta
2026-02-02 09:00:00,29.07,74.7,1.35,46.7,5.75,27.47,48.15,-6.919532,107.610228,Asia/Jakarta
2026-02-02 12:00:00,32.02,68.5,1.72,32.7,7.65,30.85,51.85,-6.919532,107.610228,Asia/Jakarta
2026-02-02 15:00:00,29.17,72.0,3.24,32.1,6.88,27.6,53.53,-6.919532,107.610228,Asia/Jakarta
2026-02-02 18:00:00,25.31,86.7,3.98,59.0,3.55,23.59,66.43,-6.919532,107.610228,Asia/Jakarta
2026-02-02 21:00:00,24.22,83.7,0.0,44.8,2.87,23.43,55.26,-6.919532,107.610228,Asia/Jakarta
2026-02-03 00:00:00,24.84,85.6,0.0,41.1,3.94,23.7,48.48,-6.919532,107.610228,Asia/Jakarta
2026-02-03 03:00:00,22.89,87.3,0.0,41.2,3.91,21.22,55.94,-6.919532,107.610228,Asia/Jakarta
2026-02-03 06:00:00,25.12,86.3,0.0,53.6,4.91,23.52,62.17,-6.919532,107.610228,Asia/Jakarta
2026-02-03 09:00:00,28.7,74.6,0.0,38.7,5.87,27.43,52.59,-6.919532,107.610228,Asia/Jakarta
2026-02-03 12:00:00,31.09,74.9,6.58,37.8,5.55,29.2,56.42,-6.919532,107.610228,Asia/Jakarta
2026-02-03 15:00:00,27.81,83.3,2.81,38.0,5.28,27.13,51.65,-6.919532,107.610228,Asia/Jakarta
2026-02-03 18:00:00,23.41,87.8,4.42,46.8,3.0,22.28,69.26,-6.919532,107.610228,Asia/Jakarta
2026-02-03 21:00:00,25.31,83.1,3.78,41.9,5.09,23.99,55.35,-6.919532,107.610228,Asia/Jakarta
2026-02-04 00:00:00,22.7,86.0,4.77,49.5,4.08,21.64,62.9,-6.919532,107.610228,Asia/Jakarta
2026-02-04 03:00:00,25.0,89.0,1.94,44.2,4.73,23.5,63.45,-6.919532,107.610228,Asia/Jakarta
2026-02-04 06:00:00,22.95,92.3,0.0,46.4,4.68,21.1,53.2,-6.919532,107.610228,Asia/Jakarta
2026-02-04 09:00:00,28.47,73.9,0.0,42.0,5.24,27.72,38.52,-6.919532,107.610228,Asia/Jakarta
2026-02-04 12:00:00,29.57,77.4,2.14,47.9,7.26,28.95,48.01,-6.919532,107.610228,Asia/Jakarta
2026-02-04 15:00:00,30.32,75.0,0.0,45.1,6.09,29.06,49.11,-6.919532,107.610228,Asia/Jakarta
2026-02-04 18:00:00,22.56,92.4,0.0,57.2,3.46,20.81,50.29,-6.919532,107.610228,Asia/Jakarta
2026-02-04 21:00:00,25.02,86.5,0.0,40.5,3.62,23.78,56.42,-6.919532,107.610228,Asia/Jakarta
2026-02-05 00:00:00,25.3,83.5,1.94,39.8,4.35,24.67,57.38,-6.919532,107.610228,Asia/Jakarta
2026-02-05 03:00:00,25.44,85.2,7.44,44.0,5.19,23.51,65.84,-6.919532,107.610228,Asia/Jakarta
2026-02-05 06:00:00,24.54,82.3,8.51,57.3,5.0,23.89,70.49,-6.919532,107.610228,Asia/Jakarta
2026-02-05 09:00:00,27.88,83.6,0.0,41.8,7.42,27.02,37.93,-6.919532,107.610228,Asia/Jakarta
2026-02-05 12:00:00,31.29,69.9,0.0,34.1,8.32,30.31,37.31,-6.919532,107.610228,Asia/Jakarta
2026-02-05 15:00:00,29.11,72.7,0.0,25.4,7.47,27.78,37.4,-6.919532,107.610228,Asia/Jakarta
2026-02-05 18:00:00,24.26,83.3,0.0,53.6,2.94,23.09,56.09,-6.919532,107.610228,Asia/Jakarta
2026-02-05 21:00:00,25.04,85.6,2.07,56.4,4.39,24.17,54.25,-6.919532,107.610228,Asia/Jakarta
2026-02-06 00:00:00,25.36,89.6,2.1,54.9,5.34,23.93,67.0,-6.919532,107.610228,Asia/Jakarta
2026-02-06 03:00:00,24.46,83.5,0.0,37.0,3.46,22.94,51.01,-6.919532,107.610228,Asia/Jakarta
2026-02-06 06:00:00,25.5,88.1,0.0,45.2,3.48,24.2,49.58,-6.919532,107.610228,Asia/Jakarta
2026-02-06 09:00:00,27.66,76.0,0.0,44.8,6.81,25.84,53.08,-6.919532,107.610228,Asia/Jakarta
2026-02-06 12:00:00,30.13,75.0,0.0,46.2,8.31,28.16,43.16,-6.919532,107.610228,Asia/Jakarta
2026-02-06 15:00:00,29.57,73.8,5.25,41.7,5.0,28.58,63.99,-6.919532,107.610228,Asia/Jakarta
2026-02-06 18:00:00,25.24,81.5,0.0,55.7,2.51,24.48,47.15,-6.919532,107.610228,Asia/Jakarta
2026-02-06 21:00:00,24.17,89.4,9.14,53.1,2.78,22.69,81.14,-6.919532,107.610228,Asia/Jakarta
2026-02-07 00:00:00,24.12,91.5,10.45,63.1,2.93,23.05,85.54,-6.919532,107.610228,Asia/Jakarta
2026-02-07 03:00:00,24.3,86.0,0.0,58.2,5.94,23.25,49.0,-6.919532,107.610228,Asia/Jakarta
2026-02-07 06:00:00,23.08,84.8,0.0,54.7,4.88,22.29,58.35,-6.919532,107.610228,Asia/Jakarta
2026-02-07 09:00:00,29.9,76.7,1.99,48.1,7.7,29.34,56.96,-6.919532,107.610228,Asia/Jakarta
2026-02-07 12:00:00,30.98,75.2,2.43,41.7,8.44,30.31,48.56,-6.919532,107.610228,Asia/Jakarta
2026-02-07 15:00:00,28.28,78.8,4.13,34.9,6.85,26.88,56.94,-6.919532,107.610228,Asia/Jakarta
2026-02-07 18:00:00,23.03,90.7,4.27,60.6,5.77,21.21,70.08,-6.919532,107.610228,Asia/Jakarta
2026-02-07 21:00:00,24.69,84.1,2.9,56.4,5.89,23.27,64.22,-6.919532,107.610228,Asia/Jakarta
2026-02-08 00:00:00,24.54,90.5,0.0,42.5,4.86,22.76,57.4,-6.919532,107.610228,Asia/Jakarta
2026-02-08 03:00:00,23.47,92.4,1.67,54.1,4.31,22.19,58.6,-6.919532,107.610228,Asia/Jakarta
2026-02-08 06:00:00,22.63,92.9,0.0,46.0,4.36,21.54,52.06,-6.919532,107.610228,Asia/Jakarta
2026-02-08 09:00:00,28.45,82.2,0.0,53.6,5.06,26.52,48.13,-6.919532,107.610228,Asia/Jakarta
2026-02-08 12:00:00,32.25,67.4,3.25,27.3,7.19,31.1,40.6,-6.919532,107.610228,Asia/Jakarta
2026-02-08 15:00:00,27.52,83.4,0.0,57.8,5.13,25.58,44.68,-6.919532,107.610228,Asia/Jakarta
2026-02-08 18:00:00,25.0,88.9,10.45,53.4,2.76,23.84,79.59,-6.919532,107.610228,Asia/Jakarta
2026-02-08 21:00:00,22.79,89.8,0.0,44.8,5.71,20.95,53.04,-6.919532,107.610228,Asia/Jakarta
2026-02-09 00:00:00,24.58,89.4,0.0,42.9,2.69,23.43,56.77,-6.919532,107.610228,Asia/Jakarta
2026-02-09 03:00:00,22.81,85.9,0.0,39.1,3.91,21.69,56.88,-6.919532,107.610228,Asia/Jakarta
2026-02-09 06:00:00,25.09,88.4,2.17,55.4,4.12,23.66,58.62,-6.919532,107.610228,Asia/Jakarta
2026-02-09 09:00:00,27.75,81.4,3.95,49.6,6.08,27.09,55.2,-6.919532,107.610228,Asia/Jakarta
2026-02-09 12:00:00,29.54,78.3,0.0,44.5,8.17,28.27,35.02,-6.919532,107.610228,Asia/Jakarta
2026-02-09 15:00:00,28.52,78.1,15.04,45.0,4.75,27.82,70.89,-6.919532,107.610228,Asia/Jakarta
2026-02-09 18:00:00,24.25,87.4,2.14,55.0,4.54,23.54,60.37,-6.919532,107.610228,Asia/Jakarta
2026-02-09 21:00:00,23.91,89.0,0.0,48.0,4.31,23.19,57.52,-6.919532,107.610228,Asia/Jakarta
2026-02-10 00:00:00,23.21,92.6,5.42,58.1,3.7,21.75,74.55,-6.919532,107.610228,Asia/Jakarta
2026-02-10 03:00:00,23.1,85.4,0.0,41.9,4.92,21.57,54.48,-6.919532,107.610228,Asia/Jakarta
2026-02-10 06:00:00,25.06,86.2,10.74,46.3,3.65,23.24,72.31,-6.919532,107.610228,Asia/Jakarta
2026-02-10 09:00:00,30.18,74.8,0.0,48.9,6.69,29.36,44.57,-6.919532,107.610228,Asia/Jakarta
2026-02-10 12:00:00,30.94,75.9,0.0,47.5,6.32,29.2,39.41,-6.919532,107.610228,Asia/Jakarta
2026-02-10 15:00:00,27.47,75.6,0.0,36.2,4.77,26.02,44.15,-6.919532,107.610228,Asia/Jakarta
2026-02-10 18:00:00,25.24,83.8,5.1,59.2,3.49,24.35,61.72,-6.919532,107.610228,Asia/Jakarta
2026-02-10 21:00:00,23.02,93.3,7.09,51.2,3.12,22.37,66.79,-6.919532,107.610228,Asia/Jakarta
2026-02-11 00:00:00,24.99,82.1,0.0,49.8,3.68,23.81,50.36,-6.919532,107.610228,Asia/Jakarta
2026-02-11 03:00:00,23.61,87.3,0.0,43.5,5.3,22.46,56.97,-6.919532,107.610228,Asia/Jakarta
2026-02-11 06:00:00,24.63,82.7,5.93,55.8,3.16,23.09,68.57,-6.919532,107.610228,Asia/Jakarta
2026-02-11 09:00:00,28.4,77.8,0.0,45.1,6.94,26.62,46.5,-6.919532,107.610228,Asia/Jakarta
2026-02-11 12:00:00,30.38,70.9,0.0,28.8,5.98,29.12,35.02,-6.919532,107.610228,Asia/Jakarta
2026-02-11 15:00:00,29.2,76.8,0.0,46.2,7.04,28.45,46.94,-6.919532,107.610228,Asia/Jakarta
2026-02-11 18:00:00,23.66,92.3,4.82,62.4,4.32,22.1,60.47,-6.919532,107.610228,Asia/Jakarta
2026-02-11 21:00:00,24.08,87.5,8.33,62.4,4.53,22.39,75.54,-6.919532,107.610228,Asia/Jakarta
2026-02-12 00:00:00,24.45,83.9,5.3,57.4,3.32,23.31,62.16,-6.919532,107.610228,Asia/Jakarta
2026-02-12 03:00:00,23.63,85.1,2.92,57.4,2.8,22.69,65.45,-6.919532,107.610228,Asia/Jakarta
2026-02-12 06:00:00,24.06,85.0,0.0,38.0,3.68,22.91,54.22,-6.919532,107.610228,Asia/Jakarta
2026-02-12 09:00:00,28.55,78.2,3.73,36.8,5.81,27.94,49.56,-6.919532,107.610228,Asia/Jakarta
2026-02-12 12:00:00,32.2,68.5,0.0,32.6,5.27,31.36,37.42,-6.919532,107.610228,Asia/Jakarta
2026-02-12 15:00:00,27.81,78.4,4.38,43.5,6.63,26.19,50.74,-6.919532,107.610228,Asia/Jakarta
2026-02-12 18:00:00,24.81,89.6,0.0,46.1,2.98,23.23,60.68,-6.919532,107.610228,Asia/Jakarta
2026-02-12 21:00:00,24.13,85.1,2.42,55.6,3.71,22.21,68.27,-6.919532,107.610228,Asia/Jakarta
2026-02-13 00:00:00,24.97,88.4,0.0,40.6,5.96,23.17,62.22,-6.919532,107.610228,Asia/Jakarta
2026-02-13 03:00:00,23.18,91.7,3.85,48.8,4.55,21.98,64.31,-6.919532,107.610228,Asia/Jakarta
2026-02-13 06:00:00,24.94,84.2,0.0,38.3,4.0,23.82,62.07,-6.919532,107.610228,Asia/Jakarta
2026-02-13 09:00:00,28.77,81.3,3.45,34.0,7.33,27.16,49.58,-6.919532,107.610228,Asia/Jakarta
2026-02-13 12:00:00,31.0,74.7,5.29,35.2,6.49,29.36,56.68,-6.919532,107.610228,Asia/Jakarta
2026-02-13 15:00:00,29.52,74.2,0.0,40.3,4.38,27.56,39.33,-6.919532,107.610228,Asia/Jakarta
2026-02-13 18:00:00,25.48,85.4,0.0,56.5,4.51,24.41,53.25,-6.919532,107.610228,Asia/Jakarta
2026-02-13 21:00:00,25.35,80.6,0.0,41.9,3.65,23.89,62.39,-6.919532,107.610228,Asia/Jakarta
2026-02-14 00:00:00,23.41,85.7,12.62,53.9,5.39,22.87,84.42,-6.919532,107.610228,Asia/Jakarta
2026-02-14 03:00:00,23.1,93.8,4.02,55.1,3.52,21.92,64.23,-6.919532,107.610228,Asia/Jakarta
2026-02-14 06:00:00,23.61,83.7,0.0,43.6,3.87,22.91,62.83,-6.919532,107.610228,Asia/Jakarta
2026-02-14 09:00:00,28.7,80.4,0.0,41.7,4.99,27.74,51.03,-6.919532,107.610228,Asia/Jakarta
2026-02-14 12:00:00,31.95,72.7,0.0,28.6,6.09,30.38,36.25,-6.919532,107.610228,Asia/Jakarta
2026-02-14 15:00:00,28.83,74.7,9.29,50.5,7.15,27.96,67.22,-6.919532,107.610228,Asia/Jakarta
2026-02-14 18:00:00,23.49,89.6,5.16,53.4,2.64,22.02,59.81,-6.919532,107.610228,Asia/Jakarta
2026-02-14 21:00:00,25.26,83.6,0.0,55.9,3.87,23.48,60.17,-6.919532,107.610228,Asia/Jakarta
2026-01-01 00:00:00,23.75,85.1,3.84,52.0,3.85,22.2,65.99,-6.92389,107.605319,Asia/Jakarta
2026-01-01 03:00:00,22.79,92.3,0.0,45.4,3.05,21.48,61.12,-6.92389,107.605319,Asia/Jakarta
2026-01-01 06:00:00,24.5,82.4,0.0,51.9,5.68,22.86,53.58,-6.92389,107.605319,Asia/Jakarta
2026-01-01 09:00:00,27.81,78.5,0.0,48.6,7.0,27.07,43.66,-6.92389,107.605319,Asia/Jakarta
2026-01-01 12:00:00,30.12,70.4,0.0,23.0,7.36,29.11,40.39,-6.92389,107.605319,Asia/Jakarta
2026-01-01 15:00:00,28.65,75.0,2.31,27.9,6.75,27.14,44.37,-6.92389,107.605319,Asia/Jakarta
2026-01-01 18:00:00,23.89,87.6,0.0,41.6,5.0,22.69,54.0,-6.92389,107.605319,Asia/Jakarta
2026-01-01 21:00:00,23.34,85.8,0.0,57.9,3.12,21.73,48.99,-6.92389,107.605319,Asia/Jakarta
2026-01-02 00:00:00,23.01,91.6,3.86,43.9,4.04,21.43,58.34,-6.92389,107.605319,Asia/Jakarta
2026-01-02 03:00:00,25.18,85.6,3.69,48.3,4.72,23.68,63.48,-6.92389,107.605319,Asia/Jakarta
2026-01-02 06:00:00,24.48,82.8,1.83,51.4,4.59,23.41,51.8,-6.92389,107.605319,Asia/Jakarta
2026-01-02 09:00:00,28.05,76.8,2.09,50.6,4.32,27.53,42.15,-6.92389,107.605319,Asia/Jakarta
2026-01-02 12:00:00,31.96,72.9,0.0,26.4,5.34,30.47,46.37,-6.92389,107.605319,Asia/Jakarta
2026-01-02 15:00:00,29.62,71.4,0.0,35.7,5.4,28.18,47.13,-6.92389,107.605319,Asia/Jakarta
2026-01-02 18:00:00,25.3,84.0,4.41,46.3,2.87,24.78,61.88,-6.92389,107.605319,Asia/Jakarta
2026-01-02 21:00:00,24.46,81.9,9.23,39.1,4.8,23.03,71.76,-6.92389,107.605319,Asia/Jakarta
2026-01-03 00:00:00,22.63,94.5,0.0,56.4,4.25,21.06,62.85,-6.92389,107.605319,Asia/Jakarta
2026-01-03 03:00:00,24.87,90.2,3.17,55.8,2.83,23.43,59.16,-6.92389,107.605319,Asia/Jakarta
2026-01-03 06:00:00,23.67,92.7,0.82,63.3,3.11,22.13,60.99,-6.92389,107.605319,Asia/Jakarta
2026-01-03 09:00:00,30.38,76.1,1.33,29.7,7.46,29.12,47.21,-6.92389,107.605319,Asia/Jakarta
2026-01-03 12:00:00,31.73,71.6,5.52,40.5,5.07,31.04,57.29,-6.92389,107.605319,Asia/Jakarta
2026-01-03 15:00:00,28.16,78.4,1.0,36.2,4.75,27.36,47.28,-6.92389,107.605319,Asia/Jakarta
2026-01-03 18:00:00,23.63,90.0,0.0,47.7,5.96,21.81,54.1,-6.92389,107.605319,Asia/Jakarta
2026-01-03 21:00:00,22.9,88.3,6.13,59.2,5.27,21.18,67.12,-6.92389,107.605319,Asia/Jakarta
2026-01-04 00:00:00,24.75,83.5,5.31,53.1,3.22,22.88,59.55,-6.92389,107.605319,Asia/Jakarta
2026-01-04 03:00:00,25.47,87.7,3.08,56.4,5.55,24.69,62.12,-6.92389,107.605319,Asia/Jakarta
2026-01-04 06:00:00,24.39,82.6,0.0,46.4,2.68,22.48,62.87,-6.92389,107.605319,Asia/Jakarta
2026-01-04 09:00:00,27.83,76.5,0.0,41.7,4.98,26.69,45.22,-6.92389,107.605319,Asia/Jakarta
2026-01-04 12:00:00,30.9,69.9,0.0,26.7,7.12,29.54,37.85,-6.92389,107.605319,Asia/Jakarta
2026-01-04 15:00:00,30.35,71.5,0.0,44.2,7.6,29.29,42.85,-6.92389,107.605319,Asia/Jakarta
2026-01-04 18:00:00,23.91,87.2,1.85,53.8,3.05,22.69,66.33,-6.92389,107.605319,Asia/Jakarta
2026-01-04 21:00:00,24.79,85.4,0.0,39.4,3.55,23.46,55.6,-6.92389,107.605319,Asia/Jakarta
2026-01-05 00:00:00,23.03,88.6,2.75,48.0,4.47,22.03,60.74,-6.92389,107.605319,Asia/Jakarta
2026-01-05 03:00:00,24.64,83.4,4.33,57.4,5.52,23.58,68.21,-6.92389,107.605319,Asia/Jakarta
2026-01-05 06:00:00,23.71,87.6,0.0,49.0,3.84,21.73,51.92,-6.92389,107.605319,Asia/Jakarta
2026-01-05 09:00:00,27.66,84.0,1.03,59.8,7.53,26.02,41.96,-6.92389,107.605319,Asia/Jakarta
2026-01-05 12:00:00,32.37,72.9,8.62,43.0,7.48,31.32,62.12,-6.92389,107.605319,Asia/Jakarta
2026-01-05 15:00:00,27.62,79.0,4.3,41.2,5.94,26.58,61.3,-6.92389,107.605319,Asia/Jakarta
2026-01-05 18:00:00,24.62,81.8,4.66,49.8,4.62,23.9,72.36,-6.92389,107.605319,Asia/Jakarta
2026-01-05 21:00:00,23.24,90.2,5.28,58.1,2.91,21.67,60.09,-6.92389,107.605319,Asia/Jakarta
2026-01-06 00:00:00,23.65,90.6,8.08,66.0,5.68,22.9,78.79,-6.92389,107.605319,Asia/Jakarta
2026-01-06 03:00:00,23.78,90.2,3.87,54.2,5.6,22.18,64.89,-6.92389,107.605319,Asia/Jakarta
2026-01-06 06:00:00,24.76,90.5,5.52,63.3,4.5,23.04,71.9,-6.92389,107.605319,Asia/Jakarta
2026-01-06 09:00:00,28.26,76.0,0.0,45.9,4.29,27.02,39.79,-6.92389,107.605319,Asia/Jakarta
2026-01-06 12:00:00,29.79,78.4,0.0,40.4,6.01,29.03,39.9,-6.92389,107.605319,Asia/Jakarta
2026-01-06 15:00:00,28.01,75.7,0.0,39.4,4.65,27.19,46.17,-6.92389,107.605319,Asia/Jakarta
2026-01-06 18:00:00,23.1,92.2,1.87,63.6,5.94,21.94,65.06,-6.92389,107.605319,Asia/Jakarta
2026-01-06 21:00:00,25.24,81.3,10.48,48.6,2.8,24.64,72.05,-6.92389,107.605319,Asia/Jakarta
2026-01-07 00:00:00,22.59,88.1,0.0,51.8,2.53,20.66,51.26,-6.92389,107.605319,Asia/Jakarta
2026-01-07 03:00:00,24.5,89.7,3.68,42.7,5.27,23.22,61.11,-6.92389,107.605319,Asia/Jakarta
2026-01-07 06:00:00,25.39,82.5,0.0,46.2,4.62,23.86,52.38,-6.92389,107.605319,Asia/Jakarta
2026-01-07 09:00:00,28.48,76.5,0.0,34.3,5.66,26.52,46.87,-6.92389,107.605319,Asia/Jakarta
2026-01-07 12:00:00,32.12,73.8,0.0,25.9,6.41,30.23,46.37,-6.92389,107.605319,Asia/Jakarta
2026-01-07 15:00:00,27.53,76.6,0.0,41.4,6.9,26.35,41.08,-6.92389,107.605319,Asia/Jakarta
2026-01-07 18:00:00,24.56,90.3,0.0,54.7,2.51,22.65,57.21,-6.92389,107.605319,Asia/Jakarta
2026-01-07 21:00:00,23.47,90.3,0.0,63.2,5.08,22.62,57.85,-6.92389,107.605319,Asia/Jakarta
2026-01-08 00:00:00,23.95,90.3,1.87,61.3,5.79,22.74,66.18,-6.92389,107.605319,Asia/Jakarta
2026-01-08 03:00:00,24.48,88.8,2.31,43.2,4.63,22.67,63.47,-6.92389,107.605319,Asia/Jakarta
2026-01-08 06:00:00,25.13,88.3,0.45,57.5,4.24,23.38,49.38,-6.92389,107.605319,Asia/Jakarta
2026-01-08 09:00:00,30.44,79.2,0.0,42.4,7.61,29.13,44.82,-6.92389,107.605319,Asia/Jakarta
2026-01-08 12:00:00,30.23,71.4,0.0,46.1,5.37,29.69,48.89,-6.92389,107.605319,Asia/Jakarta
2026-01-08 15:00:00,30.24,73.0,2.3,34.2,6.78,28.31,52.82,-6.92389,107.605319,Asia/Jakarta
2026-01-08 18:00:00,24.51,88.4,0.0,62.5,4.22,23.51,59.73,-6.92389,107.605319,Asia/Jakarta
2026-01-08 21:00:00,23.17,90.3,0.17,64.5,3.7,21.56,61.94,-6.92389,107.605319,Asia/Jakarta
2026-01-09 00:00:00,24.68,87.9,0.0,58.8,4.03,23.79,50.73,-6.92389,107.605319,Asia/Jakarta
2026-01-09 03:00:00,23.37,85.2,0.0,45.4,3.16,22.01,62.07,-6.92389,107.605319,Asia/Jakarta
2026-01-09 06:00:00,22.88,88.3,0.0,49.4,3.59,22.1,56.44,-6.92389,107.605319,Asia/Jakarta
2026-01-09 09:00:00,28.61,77.3,0.0,47.9,7.54,27.12,39.12,-6.92389,107.605319,Asia/Jakarta
2026-01-09 12:00:00,31.27,68.6,0.0,20.8,6.11,30.33,46.06,-6.92389,107.605319,Asia/Jakarta
2026-01-09 15:00:00,28.11,81.0,5.8,36.5,6.88,26.36,63.45,-6.92389,107.605319,Asia/Jakarta
2026-01-09 18:00:00,22.6,88.9,0.0,53.0,3.46,21.24,60.56,-6.92389,107.605319,Asia/Jakarta
2026-01-09 21:00:00,24.39,84.1,0.0,43.1,2.71,23.66,59.96,-6.92389,107.605319,Asia/Jakarta
2026-01-10 00:00:00,24.65,89.9,4.56,64.3,5.08,22.99,71.8,-6.92389,107.605319,Asia/Jakarta
2026-01-10 03:00:00,25.07,87.8,0.0,47.0,5.69,24.54,49.55,-6.92389,107.605319,Asia/Jakarta
2026-01-10 06:00:00,23.68,87.7,1.41,51.1,3.87,22.09,51.25,-6.92389,107.605319,Asia/Jakarta
2026-01-10 09:00:00,28.3,83.0,0.0,51.8,4.61,26.61,42.28,-6.92389,107.605319,Asia/Jakarta
2026-01-10 12:00:00,32.1,66.3,3.21,40.8,7.29,30.93,49.3,-6.92389,107.605319,Asia/Jakarta
2026-01-10 15:00:00,28.9,81.5,0.0,38.5,4.95,27.85,47.52,-6.92389,107.605319,Asia/Jakarta
2026-01-10 18:00:00,25.07,81.6,0.0,52.4,3.82,23.55,62.72,-6.92389,107.605319,Asia/Jakarta
2026-01-10 21:00:00,23.0,85.5,0.0,46.0,5.81,21.73,48.88,-6.92389,107.605319,Asia/Jakarta
2026-01-11 00:00:00,23.52,88.2,0.0,43.7,3.36,22.42,48.9,-6.92389,107.605319,Asia/Jakarta
2026-01-11 03:00:00,23.41,90.0,0.0,46.1,5.22,21.9,62.86,-6.92389,107.605319,Asia/Jakarta
2026-01-11 06:00:00,22.77,90.0,3.32,61.7,4.71,22.25,61.43,-6.92389,107.605319,Asia/Jakarta
2026-01-11 09:00:00,27.8,76.0,0.0,43.4,5.06,25.82,46.49,-6.92389,107.605319,Asia/Jakarta
2026-01-11 12:00:00,30.94,75.2,0.0,29.4,6.34,29.38,49.0,-6.92389,107.605319,Asia/Jakarta
2026-01-11 15:00:00,28.34,74.9,0.0,34.7,7.29,27.24,45.7,-6.92389,107.605319,Asia/Jakarta
2026-01-11 18:00:00,24.6,85.5,0.0,57.1,4.36,22.85,48.02,-6.92389,107.605319,Asia/Jakarta
2026-01-11 21:00:00,24.12,90.7,0.0,58.4,3.23,23.44,57.54,-6.92389,107.605319,Asia/Jakarta
2026-01-12 00:00:00,25.09,87.5,0.0,39.6,3.6,23.72,47.63,-6.92389,107.605319,Asia/Jakarta
2026-01-12 03:00:00,24.46,82.7,0.0,40.9,2.8,23.51,49.0,-6.92389,107.605319,Asia/Jakarta
2026-01-12 06:00:00,25.4,81.6,0.0,57.0,3.37,23.48,47.74,-6.92389,107.605319,Asia/Jakarta
2026-01-12 09:00:00,30.16,72.8,1.15,37.6,5.98,28.3,44.64,-6.92389,107.605319,Asia/Jakarta
2026-01-12 12:00:00,32.49,71.0,0.0,35.3,7.32,31.94,33.72,-6.92389,107.605319,Asia/Jakarta
2026-01-12 15:00:00,27.87,83.2,2.79,40.4,6.2,26.96,52.71,-6.92389,107.605319,Asia/Jakarta
2026-01-12 18:00:00,24.69,85.6,3.4,50.8,4.77,23.5,57.09,-6.92389,107.605319,Asia/Jakarta
2026-01-12 21:00:00,25.33,86.8,2.73,61.3,3.21,24.43,63.08,-6.92389,107.605319,Asia/Jakarta
2026-01-13 00:00:00,24.4,88.4,1.86,57.6,4.77,23.65,59.27,-6.92389,107.605319,Asia/Jakarta
2026-01-13 03:00:00,24.96,83.9,1.36,54.8,5.87,24.06,53.95,-6.92389,107.605319,Asia/Jakarta
2026-01-13 06:00:00,24.09,89.4,2.66,51.2,2.81,22.43,67.4,-6.92389,107.605319,Asia/Jakarta
2026-01-13 09:00:00,27.89,82.6,2.07,41.2,7.7,25.96,45.21,-6.92389,107.605319,Asia/Jakarta
2026-01-13 12:00:00,31.85,67.6,0.0,32.2,7.06,31.2,45.91,-6.92389,107.605319,Asia/Jakarta
2026-01-13 15:00:00,28.5,79.1,5.04,37.8,4.61,27.52,48.96,-6.92389,107.605319,Asia/Jakarta
2026-01-13 18:00:00,24.76,83.0,0.0,54.4,5.26,22.93,55.83,-6.92389,107.605319,Asia/Jakarta
2026-01-13 21:00:00,23.71,89.3,0.0,47.6,5.0,22.99,57.52,-6.92389,107.605319,Asia/Jakarta
2026-01-14 00:00:00,24.2,85.0,0.0,59.1,3.8,22.69,59.44,-6.92389,107.605319,Asia/Jakarta
2026-01-14 03:00:00,23.75,87.9,8.41,50.4,4.14,21.83,70.09,-6.92389,107.605319,Asia/Jakarta
2026-01-14 06:00:00,24.06,89.9,6.34,64.0,4.72,23.1,62.34,-6.92389,107.605319,Asia/Jakarta
2026-01-14 09:00:00,29.76,79.2,3.49,46.4,5.11,28.4,46.28,-6.92389,107.605319,Asia/Jakarta
2026-01-14 12:00:00,29.75,73.6,0.0,47.9,5.04,28.24,48.17,-6.92389,107.605319,Asia/Jakarta
2026-01-14 15:00:00,30.25,71.0,0.0,35.0,6.64,29.56,45.62,-6.92389,107.605319,Asia/Jakarta
2026-01-14 18:00:00,22.54,87.8,1.93,59.7,3.99,21.52,59.8,-6.92389,107.605319,Asia/Jakarta
2026-01-14 21:00:00,25.48,86.3,0.0,60.4,5.81,24.92,57.95,-6.92389,107.605319,Asia/Jakarta
2026-01-15 00:00:00,23.85,84.8,0.0,59.1,5.66,22.8,49.8,-6.92389,107.605319,Asia/Jakarta
2026-01-15 03:00:00,22.9,88.6,0.0,41.9,3.1,21.89,62.52,-6.92389,107.605319,Asia/Jakarta
2026-01-15 06:00:00,24.54,90.0,0.0,62.4,3.52,23.64,54.73,-6.92389,107.605319,Asia/Jakarta
2026-01-15 09:00:00,27.46,81.9,0.0,43.3,7.52,26.18,52.45,-6.92389,107.605319,Asia/Jakarta
2026-01-15 12:00:00,32.18,75.0,0.0,48.4,5.2,30.99,33.09,-6.92389,107.605319,Asia/Jakarta
2026-01-15 15:00:00,28.34,74.7,0.0,35.1,5.68,27.2,37.24,-6.92389,107.605319,Asia/Jakarta
2026-01-15 18:00:00,23.09,90.0,6.22,63.6,5.7,21.44,60.79,-6.92389,107.605319,Asia/Jakarta
2026-01-15 21:00:00,23.25,89.1,5.26,50.1,5.62,22.35,67.15,-6.92389,107.605319,Asia/Jakarta
2026-01-16 00:00:00,25.47,86.3,8.02,48.8,5.11,23.64,64.74,-6.92389,107.605319,Asia/Jakarta
2026-01-16 03:00:00,24.63,82.6,3.87,41.4,3.97,24.08,60.81,-6.92389,107.605319,Asia/Jakarta
2026-01-16 06:00:00,24.5,91.2,0.0,66.3,2.92,23.26,54.83,-6.92389,107.605319,Asia/Jakarta
2026-01-16 09:00:00,29.49,72.5,0.0,42.6,5.67,27.88,48.72,-6.92389,107.605319,Asia/Jakarta
2026-01-16 12:00:00,31.98,67.4,0.0,42.3,5.44,31.46,38.51,-6.92389,107.605319,Asia/Jakarta
2026-01-16 15:00:00,29.5,71.8,10.12,43.7,6.36,28.28,59.49,-6.92389,107.605319,Asia/Jakarta
2026-01-16 18:00:00,23.35,85.0,0.0,47.3,5.05,22.42,49.99,-6.92389,107.605319,Asia/Jakarta
2026-01-16 21:00:00,22.85,87.9,0.0,56.7,4.0,21.17,54.58,-6.92389,107.605319,Asia/Jakarta
2026-01-17 00:00:00,22.81,92.6,3.87,59.3,5.49,22.09,65.58,-6.92389,107.605319,Asia/Jakarta
2026-01-17 03:00:00,22.86,89.2,1.92,47.8,3.01,22.06,51.51,-6.92389,107.605319,Asia/Jakarta
2026-01-17 06:00:00,25.09,84.3,0.0,48.9,5.93,23.95,50.55,-6.92389,107.605319,Asia/Jakarta
2026-01-17 09:00:00,27.63,79.4,2.23,32.7,5.54,26.07,57.09,-6.92389,107.605319,Asia/Jakarta
2026-01-17 12:00:00,30.24,78.6,4.87,35.0,7.31,29.31,48.86,-6.92389,107.605319,Asia/Jakarta
2026-01-17 15:00:00,28.29,79.9,2.06,42.2,5.99,27.62,46.98,-6.92389,107.605319,Asia/Jakarta
2026-01-17 18:00:00,24.51,88.6,10.08,59.1,3.76,22.89,82.14,-6.92389,107.605319,Asia/Jakarta
2026-01-17 21:00:00,24.27,88.3,4.59,46.0,4.55,23.61,58.49,-6.92389,107.605319,Asia/Jakarta
2026-01-18 00:00:00,24.39,88.0,0.0,41.0,5.59,23.6,60.08,-6.92389,107.605319,Asia/Jakarta
2026-01-18 03:00:00,23.84,84.1,0.0,58.7,3.56,22.2,54.59,-6.92389,107.605319,Asia/Jakarta
2026-01-18 06:00:00,24.1,84.1,0.0,39.2,4.99,22.46,61.27,-6.92389,107.605319,Asia/Jakarta
2026-01-18 09:00:00,29.99,75.8,0.0,36.2,6.47,28.83,38.98,-6.92389,107.605319,Asia/Jakarta
2026-01-18 12:00:00,30.95,73.4,0.0,48.3,5.58,29.0,37.39,-6.92389,107.605319,Asia/Jakarta
2026-01-18 15:00:00,28.32,83.3,0.0,36.7,4.93,27.08,50.13,-6.92389,107.605319,Asia/Jakarta
2026-01-18 18:00:00,24.1,87.7,0.0,41.5,4.28,23.01,56.0,-6.92389,107.605319,Asia/Jakarta
2026-01-18 21:00:00,24.32,84.2,0.0,36.3,4.57,22.43,47.14,-6.92389,107.605319,Asia/Jakarta
2026-01-19 00:00:00,24.04,87.8,3.43,57.1,5.48,23.14,59.29,-6.92389,107.605319,Asia/Jakarta
2026-01-19 03:00:00,22.86,87.4,3.65,52.2,4.74,21.94,70.1,-6.92389,107.605319,Asia/Jakarta
2026-01-19 06:00:00,22.9,93.8,0.0,47.1,5.96,22.22,50.36,-6.92389,107.605319,Asia/Jakarta
2026-01-19 09:00:00,29.4,77.8,2.71,53.1,7.58,28.5,57.21,-6.92389,107.605319,Asia/Jakarta
2026-01-19 12:00:00,29.9,79.4,0.0,38.5,7.19,28.87,33.17,-6.92389,107.605319,Asia/Jakarta
2026-01-19 15:00:00,29.64,73.8,0.61,31.9,6.57,27.73,52.33,-6.92389,107.605319,Asia/Jakarta
2026-01-19 18:00:00,24.25,89.5,0.0,58.0,3.4,22.84,57.02,-6.92389,107.605319,Asia/Jakarta
2026-01-19 21:00:00,23.12,89.1,2.23,48.9,4.7,22.03,65.64,-6.92389,107.605319,Asia/Jakarta
2026-01-20 00:00:00,23.84,90.4,9.27,52.9,4.18,22.65,75.33,-6.92389,107.605319,Asia/Jakarta
2026-01-20 03:00:00,24.95,82.6,0.0,48.2,3.13,23.98,51.51,-6.92389,107.605319,Asia/Jakarta
2026-01-20 06:00:00,25.16,88.5,3.95,57.0,3.0,23.97,62.51,-6.92389,107.605319,Asia/Jakarta
2026-01-20 09:00:00,29.39,75.5,6.83,44.9,6.89,28.74,52.32,-6.92389,107.605319,Asia/Jakarta
2026-01-20 12:00:00,30.65,69.9,0.0,22.3,8.27,29.0,35.11,-6.92389,107.605319,Asia/Jakarta
2026-01-20 15:00:00,28.25,83.3,0.0,49.6,4.3,26.94,49.77,-6.92389,107.605319,Asia/Jakarta
2026-01-20 18:00:00,24.95,89.3,6.97,43.4,5.16,23.23,76.61,-6.92389,107.605319,Asia/Jakarta
2026-01-20 21:00:00,23.42,88.8,0.0,46.7,3.44,22.89,55.7,-6.92389,107.605319,Asia/Jakarta
2026-01-21 00:00:00,22.63,91.1,0.0,45.6,3.95,21.8,47.02,-6.92389,107.605319,Asia/Jakarta
2026-01-21 03:00:00,23.18,88.4,3.23,48.9,5.73,21.65,65.06,-6.92389,107.605319,Asia/Jakarta
2026-01-21 06:00:00,24.64,90.5,0.0,54.3,3.29,23.72,62.3,-6.92389,107.605319,Asia/Jakarta
2026-01-21 09:00:00,27.68,78.4,0.0,39.1,4.56,26.95,37.79,-6.92389,107.605319,Asia/Jakarta
2026-01-21 12:00:00,30.79,71.9,0.0,28.3,8.13,29.35,43.99,-6.92389,107.605319,Asia/Jakarta
2026-01-21 15:00:00,28.31,82.5,0.0,41.0,5.56,26.45,41.35,-6.92389,107.605319,Asia/Jakarta
2026-01-21 18:00:00,24.9,88.8,0.0,61.5,5.22,24.17,49.35,-6.92389,107.605319,Asia/Jakarta
2026-01-21 21:00:00,23.84,91.1,0.0,66.5,2.9,22.25,53.84,-6.92389,107.605319,Asia/Jakarta
2026-01-22 00:00:00,22.93,88.3,0.0,43.3,3.73,21.71,54.91,-6.92389,107.605319,Asia/Jakarta
2026-01-22 03:00:00,25.42,85.8,5.32,53.1,5.8,24.34,73.45,-6.92389,107.605319,Asia/Jakarta
2026-01-22 06:00:00,24.15,87.9,0.0,51.7,3.31,22.58,48.34,-6.92389,107.605319,Asia/Jakarta
2026-01-22 09:00:00,29.03,80.0,0.7,51.5,4.57,28.23,44.43,-6.92389,107.605319,Asia/Jakarta
2026-01-22 12:00:00,32.05,69.5,8.78,32.9,5.39,31.01,66.9,-6.92389,107.605319,Asia/Jakarta
2026-01-22 15:00:00,30.0,78.0,0.0,33.3,7.19,28.1,45.92,-6.92389,107.605319,Asia/Jakarta
2026-01-22 18:00:00,23.76,85.4,0.0,42.8,2.91,23.05,58.13,-6.92389,107.605319,Asia/Jakarta
2026-01-22 21:00:00,24.7,88.3,8.32,50.5,2.87,23.48,74.61,-6.92389,107.605319,Asia/Jakarta
2026-01-23 00:00:00,24.28,83.8,4.78,39.3,3.36,22.54,57.72,-6.92389,107.605319,Asia/Jakarta
2026-01-23 03:00:00,23.75,91.0,4.05,54.3,4.35,22.54,71.09,-6.92389,107.605319,Asia/Jakarta
2026-01-23 06:00:00,24.67,85.8,3.27,53.3,2.89,23.2,55.15,-6.92389,107.605319,Asia/Jakarta
2026-01-23 09:00:00,29.26,73.5,0.0,29.3,5.75,28.08,52.27,-6.92389,107.605319,Asia/Jakarta
2026-01-23 12:00:00,31.63,69.3,7.37,35.1,5.8,30.73,64.12,-6.92389,107.605319,Asia/Jakarta
2026-01-23 15:00:00,27.73,78.8,0.0,53.6,5.67,26.64,38.0,-6.92389,107.605319,Asia/Jakarta
2026-01-23 18:00:00,24.97,90.5,5.75,57.1,4.92,23.49,67.29,-6.92389,107.605319,Asia/Jakarta
2026-01-23 21:00:00,23.72,87.2,2.48,40.5,3.98,23.06,56.77,-6.92389,107.605319,Asia/Jakarta
2026-01-24 00:00:00,23.59,91.5,1.2,51.5,3.07,22.77,51.34,-6.92389,107.605319,Asia/Jakarta
2026-01-24 03:00:00,22.53,95.0,0.98,51.5,5.75,21.91,53.0,-6.92389,107.605319,Asia/Jakarta
2026-01-24 06:00:00,24.21,82.8,7.32,58.5,2.67,23.25,64.6,-6.92389,107.605319,Asia/Jakarta
2026-01-24 09:00:00,30.39,76.9,3.21,51.9,5.37,29.36,50.41,-6.92389,107.605319,Asia/Jakarta
2026-01-24 12:00:00,29.89,77.2,0.0,37.1,6.76,28.23,41.03,-6.92389,107.605319,Asia/Jakarta
2026-01-24 15:00:00,27.52,83.4,0.0,46.8,4.4,26.0,39.68,-6.92389,107.605319,Asia/Jakarta
2026-01-24 18:00:00,22.74,91.7,4.72,66.6,3.25,22.02,68.29,-6.92389,107.605319,Asia/Jakarta
2026-01-24 21:00:00,24.66,91.4,0.0,55.4,4.63,23.0,55.37,-6.92389,107.605319,Asia/Jakarta
2026-01-25 00:00:00,23.84,84.4,0.0,43.4,5.79,22.27,47.64,-6.92389,107.605319,Asia/Jakarta
2026-01-25 03:00:00,24.55,84.0,0.0,60.0,5.85,22.56,56.07,-6.92389,107.605319,Asia/Jakarta
2026-01-25 06:00:00,22.79,85.5,3.54,55.9,5.54,20.95,67.55,-6.92389,107.605319,Asia/Jakarta
2026-01-25 09:00:00,28.95,77.0,1.0,33.0,4.51,27.92,48.52,-6.92389,107.605319,Asia/Jakarta
2026-01-25 12:00:00,29.71,77.9,0.0,41.0,8.42,28.55,45.21,-6.92389,107.605319,Asia/Jakarta
2026-01-25 15:00:00,30.22,79.1,0.71,54.5,5.54,29.11,43.25,-6.92389,107.605319,Asia/Jakarta
2026-01-25 18:00:00,24.36,88.9,2.35,51.4,4.69,23.73,57.19,-6.92389,107.605319,Asia/Jakarta
2026-01-25 21:00:00,23.74,87.8,0.0,60.9,2.65,23.15,62.64,-6.92389,107.605319,Asia/Jakarta
2026-01-26 00:00:00,24.87,88.0,2.51,53.4,2.87,23.52,58.54,-6.92389,107.605319,Asia/Jakarta
2026-01-26 03:00:00,25.06,82.8,0.0,55.8,3.72,23.76,54.5,-6.92389,107.605319,Asia/Jakarta
2026-01-26 06:00:00,24.95,81.9,2.51,38.2,5.86,23.81,58.87,-6.92389,107.605319,Asia/Jakarta
2026-01-26 09:00:00,28.65,73.7,0.0,33.9,5.01,27.98,48.96,-6.92389,107.605319,Asia/Jakarta
2026-01-26 12:00:00,30.86,73.8,2.57,48.6,5.75,28.88,47.75,-6.92389,107.605319,Asia/Jakarta
2026-01-26 15:00:00,29.77,71.3,0.0,42.7,7.69,28.96,40.52,-6.92389,107.605319,Asia/Jakarta
2026-01-26 18:00:00,22.57,93.4,12.08,55.5,3.12,21.66,75.84,-6.92389,107.605319,Asia/Jakarta
2026-01-26 21:00:00,22.75,94.2,6.76,57.0,3.25,21.97,76.16,-6.92389,107.605319,Asia/Jakarta
2026-01-27 00:00:00,22.66,94.6,0.0,56.8,3.54,20.75,50.18,-6.92389,107.605319,Asia/Jakarta
2026-01-27 03:00:00,23.94,88.3,0.0,59.1,4.03,22.59,61.6,-6.92389,107.605319,Asia/Jakarta
2026-01-27 06:00:00,24.97,86.4,3.99,59.8,5.03,24.25,65.03,-6.92389,107.605319,Asia/Jakarta
2026-01-27 09:00:00,29.44,79.6,0.0,49.2,6.83,27.6,37.33,-6.92389,107.605319,Asia/Jakarta
2026-01-27 12:00:00,32.3,70.4,0.0,30.0,7.36,30.72,37.2,-6.92389,107.605319,Asia/Jakarta
2026-01-27 15:00:00,30.41,78.8,0.0,51.3,6.5,29.86,46.35,-6.92389,107.605319,Asia/Jakarta
2026-01-27 18:00:00,24.74,83.1,0.0,51.8,4.6,23.92,50.46,-6.92389,107.605319,Asia/Jakarta
2026-01-27 21:00:00,23.07,91.5,3.15,66.5,3.77,22.11,58.76,-6.92389,107.605319,Asia/Jakarta
2026-01-28 00:00:00,24.96,82.0,0.0,46.0,3.95,23.21,52.63,-6.92389,107.605319,Asia/Jakarta
2026-01-28 03:00:00,23.78,93.0,0.0,53.1,4.11,22.45,52.97,-6.92389,107.605319,Asia/Jakarta
2026-01-28 06:00:00,22.99,89.3,0.0,48.1,4.88,21.43,57.15,-6.92389,107.605319,Asia/Jakarta
2026-01-28 09:00:00,30.26,78.7,3.24,33.1,7.2,29.74,45.66,-6.92389,107.605319,Asia/Jakarta
2026-01-28 12:00:00,32.3,66.4,0.0,36.4,6.91,31.04,43.14,-6.92389,107.605319,Asia/Jakarta
2026-01-28 15:00:00,29.87,77.2,5.61,49.6,6.99,29.2,58.27,-6.92389,107.605319,Asia/Jakarta
2026-01-28 18:00:00,25.07,90.1,0.0,50.5,4.12,23.6,61.53,-6.92389,107.605319,Asia/Jakarta
2026-01-28 21:00:00,24.85,85.0,0.0,59.5,4.28,23.37,51.28,-6.92389,107.605319,Asia/Jakarta
2026-01-29 00:00:00,23.42,93.0,0.0,66.9,2.51,22.87,61.54,-6.92389,107.605319,Asia/Jakarta
2026-01-29 03:00:00,22.58,93.7,3.13,65.9,5.09,21.82,58.97,-6.92389,107.605319,Asia/Jakarta
2026-01-29 06:00:00,24.22,86.6,6.3,52.0,4.66,23.64,67.15,-6.92389,107.605319,Asia/Jakarta
2026-01-29 09:00:00,30.25,74.0,4.31,48.5,6.82,29.27,53.03,-6.92389,107.605319,Asia/Jakarta
2026-01-29 12:00:00,29.98,72.6,12.16,41.6,5.41,28.89,68.98,-6.92389,107.605319,Asia/Jakarta
2026-01-29 15:00:00,29.74,79.9,2.99,52.0,5.4,29.2,45.17,-6.92389,107.605319,Asia/Jakarta
2026-01-29 18:00:00,22.53,93.6,0.0,49.3,4.4,21.18,62.56,-6.92389,107.605319,Asia/Jakarta
2026-01-29 21:00:00,22.58,93.1,7.09,68.7,5.22,21.1,65.58,-6.92389,107.605319,Asia/Jakarta
2026-01-30 00:00:00,23.17,86.5,0.0,58.7,5.32,22.27,53.05,-6.92389,107.605319,Asia/Jakarta
2026-01-30 03:00:00,22.66,86.5,1.3,41.9,5.95,21.99,63.73,-6.92389,107.605319,Asia/Jakarta
2026-01-30 06:00:00,25.28,81.3,1.97,36.7,3.13,23.51,52.57,-6.92389,107.605319,Asia/Jakarta
2026-01-30 09:00:00,30.19,71.9,0.0,26.3,5.72,28.75,44.88,-6.92389,107.605319,Asia/Jakarta
2026-01-30 12:00:00,30.13,74.1,0.0,47.5,6.58,29.18,35.58,-6.92389,107.605319,Asia/Jakarta
2026-01-30 15:00:00,30.16,76.5,0.0,43.6,4.68,29.14,42.59,-6.92389,107.605319,Asia/Jakarta
2026-01-30 18:00:00,25.48,85.7,0.0,37.8,3.39,24.08,48.95,-6.92389,107.605319,Asia/Jakarta
2026-01-30 21:00:00,24.11,87.8,11.12,58.0,3.78,23.56,85.84,-6.92389,107.605319,Asia/Jakarta
2026-01-31 00:00:00,22.92,85.9,6.12,54.5,3.46,22.28,63.65,-6.92389,107.605319,Asia/Jakarta
2026-01-31 03:00:00,24.62,88.0,0.0,51.2,4.03,22.74,62.14,-6.92389,107.605319,Asia/Jakarta
2026-01-31 06:00:00,23.25,86.4,0.0,58.7,5.87,21.56,48.65,-6.92389,107.605319,Asia/Jakarta
2026-01-31 09:00:00,29.21,73.5,0.0,30.5,5.78,27.82,44.24,-6.92389,107.605319,Asia/Jakarta
2026-01-31 12:00:00,30.32,72.7,0.0,27.3,5.7,28.47,38.65,-6.92389,107.605319,Asia/Jakarta
2026-01-31 15:00:00,29.91,74.9,0.0,48.2,5.15,28.5,43.66,-6.92389,107.605319,Asia/Jakarta
2026-01-31 18:00:00,25.13,89.9,4.78,54.7,2.9,23.99,70.46,-6.92389,107.605319,Asia/Jakarta
2026-01-31 21:00:00,23.06,87.2,14.19,44.4,3.01,22.54,83.25,-6.92389,107.605319,Asia/Jakarta
2026-02-01 00:00:00,24.56,88.8,0.0,45.9,3.63,23.97,50.72,-6.92389,107.605319,Asia/Jakarta
2026-02-01 03:00:00,23.35,86.3,0.0,43.5,5.01,21.64,62.14,-6.92389,107.605319,Asia/Jakarta
2026-02-01 06:00:00,24.51,87.5,0.0,55.0,4.02,23.72,60.01,-6.92389,107.605319,Asia/Jakarta
2026-02-01 09:00:00,27.6,80.2,3.19,33.3,4.69,26.2,51.36,-6.92389,107.605319,Asia/Jakarta
2026-02-01 12:00:00,31.27,69.9,7.08,22.4,7.74,30.77,57.79,-6.92389,107.605319,Asia/Jakarta
2026-02-01 15:00:00,28.84,74.0,7.43,49.2,6.13,27.83,61.89,-6.92389,107.605319,Asia/Jakarta
2026-02-01 18:00:00,22.55,90.5,9.58,62.5,3.55,21.53,73.15,-6.92389,107.605319,Asia/Jakarta
2026-02-01 21:00:00,22.74,93.2,1.16,57.0,3.54,21.5,65.3,-6.92389,107.605319,Asia/Jakarta
2026-02-02 00:00:00,24.42,91.0,0.0,63.2,2.86,22.69,50.58,-6.92389,107.605319,Asia/Jakarta
2026-02-02 03:00:00,22.92,95.0,0.0,67.7,3.29,21.33,48.41,-6.92389,107.605319,Asia/Jakarta
2026-02-02 06:00:00,24.94,89.0,3.17,53.9,4.91,23.11,54.81,-6.92389,107.605319,Asia/Jakarta
2026-02-02 09:00:00,27.58,75.8,4.26,35.1,6.68,26.51,59.14,-6.92389,107.605319,Asia/Jakarta
2026-02-02 12:00:00,31.6,76.1,9.48,42.1,6.12,30.22,56.22,-6.92389,107.605319,Asia/Jakarta
2026-02-02 15:00:00,30.0,79.2,0.0,46.4,6.09,28.78,40.95,-6.92389,107.605319,Asia/Jakarta
2026-02-02 18:00:00,23.97,85.7,4.65,56.2,2.82,22.4,69.49,-6.92389,107.605319,Asia/Jakarta
2026-02-02 21:00:00,23.56,92.1,0.0,49.9,5.5,22.95,58.12,-6.92389,107.605319,Asia/Jakarta
2026-02-03 00:00:00,23.98,85.0,7.44,53.1,3.85,22.97,71.17,-6.92389,107.605319,Asia/Jakarta
2026-02-03 03:00:00,24.94,88.4,1.06,52.8,5.81,23.46,60.67,-6.92389,107.605319,Asia/Jakarta
2026-02-03 06:00:00,25.04,81.7,0.0,36.8,3.85,23.61,54.24,-6.92389,107.605319,Asia/Jakarta
2026-02-03 09:00:00,28.06,78.3,0.0,31.9,6.67,26.69,52.32,-6.92389,107.605319,Asia/Jakarta
2026-02-03 12:00:00,29.81,75.2,2.62,29.8,5.06,28.91,46.14,-6.92389,107.605319,Asia/Jakarta
2026-02-03 15:00:00,28.88,77.9,8.3,38.3,6.19,28.06,61.03,-6.92389,107.605319,Asia/Jakarta
2026-02-03 18:00:00,23.69,87.8,2.91,47.8,3.79,22.62,54.19,-6.92389,107.605319,Asia/Jakarta
2026-02-03 21:00:00,25.28,82.0,3.37,38.6,3.47,24.01,64.13,-6.92389,107.605319,Asia/Jakarta
2026-02-04 00:00:00,22.83,85.8,9.38,43.7,2.9,21.46,81.96,-6.92389,107.605319,Asia/Jakarta
2026-02-04 03:00:00,23.22,89.8,0.0,48.4,4.95,22.13,53.47,-6.92389,107.605319,Asia/Jakarta
2026-02-04 06:00:00,23.16,92.8,1.59,61.4,3.1,21.7,53.76,-6.92389,107.605319,Asia/Jakarta
2026-02-04 09:00:00,29.57,74.0,1.94,26.1,7.45,27.96,51.32,-6.92389,107.605319,Asia/Jakarta
2026-02-04 12:00:00,32.06,72.8,0.0,28.8,5.58,30.87,38.31,-6.92389,107.605319,Asia/Jakarta
2026-02-04 15:00:00,30.34,76.2,0.95,38.4,7.68,29.58,53.29,-6.92389,107.605319,Asia/Jakarta
2026-02-04 18:00:00,24.78,81.3,0.0,41.7,2.5,23.57,60.97,-6.92389,107.605319,Asia/Jakarta
2026-02-04 21:00:00,22.64,85.8,9.62,54.2,3.3,21.0,76.21,-6.92389,107.605319,Asia/Jakarta
2026-02-05 00:00:00,24.83,82.1,6.68,53.4,4.22,23.51,67.31,-6.92389,107.605319,Asia/Jakarta
2026-02-05 03:00:00,24.49,84.3,0.0,47.3,3.55,23.21,52.34,-6.92389,107.605319,Asia/Jakarta
2026-02-05 06:00:00,24.49,90.4,6.57,62.7,3.44,23.03,69.76,-6.92389,107.605319,Asia/Jakarta
2026-02-05 09:00:00,27.89,78.7,0.0,36.0,5.52,26.53,37.59,-6.92389,107.605319,Asia/Jakarta
2026-02-05 12:00:00,31.59,71.2,2.56,28.1,8.22,30.93,44.68,-6.92389,107.605319,Asia/Jakarta
2026-02-05 15:00:00,28.27,80.1,0.0,45.2,7.72,27.51,51.12,-6.92389,107.605319,Asia/Jakarta
2026-02-05 18:00:00,25.23,83.7,0.0,43.7,5.81,24.45,51.42,-6.92389,107.605319,Asia/Jakarta
2026-02-05 21:00:00,24.24,89.3,0.88,61.3,5.28,22.55,58.0,-6.92389,107.605319,Asia/Jakarta
2026-02-06 00:00:00,23.54,84.9,0.0,37.1,3.01,22.26,57.89,-6.92389,107.605319,Asia/Jakarta
2026-02-06 03:00:00,23.37,89.7,0.0,45.6,2.73,22.19,51.72,-6.92389,107.605319,Asia/Jakarta
2026-02-06 06:00:00,23.15,92.8,0.0,47.8,2.52,21.4,52.64,-6.92389,107.605319,Asia/Jakarta
2026-02-06 09:00:00,27.6,76.6,0.0,49.7,6.02,26.26,52.44,-6.92389,107.605319,Asia/Jakarta
2026-02-06 12:00:00,32.36,72.4,0.0,27.8,6.51,31.42,47.69,-6.92389,107.605319,Asia/Jakarta
2026-02-06 15:00:00,27.55,84.7,0.0,42.7,5.62,25.69,43.49,-6.92389,107.605319,Asia/Jakarta
2026-02-06 18:00:00,25.18,89.5,0.63,55.9,4.03,23.47,62.4,-6.92389,107.605319,Asia/Jakarta
2026-02-06 21:00:00,22.92,92.7,8.34,50.8,3.2,21.97,70.23,-6.92389,107.605319,Asia/Jakarta
2026-02-07 00:00:00,25.28,84.7,0.0,41.1,5.42,23.99,48.54,-6.92389,107.605319,Asia/Jakarta
2026-02-07 03:00:00,24.58,86.6,5.01,55.1,3.74,22.64,65.49,-6.92389,107.605319,Asia/Jakarta
2026-02-07 06:00:00,23.88,92.2,0.0,44.8,2.81,22.02,49.25,-6.92389,107.605319,Asia/Jakarta
2026-02-07 09:00:00,29.81,76.4,0.0,37.4,7.42,29.23,51.15,-6.92389,107.605319,Asia/Jakarta
2026-02-07 12:00:00,32.04,67.2,0.0,35.3,7.67,30.28,41.29,-6.92389,107.605319,Asia/Jakarta
2026-02-07 15:00:00,27.7,77.7,5.7,53.4,6.35,26.36,62.79,-6.92389,107.605319,Asia/Jakarta
2026-02-07 18:00:00,24.57,90.2,0.0,45.2,4.29,23.02,58.47,-6.92389,107.605319,Asia/Jakarta
2026-02-07 21:00:00,24.05,88.3,4.11,63.5,5.63,23.32,66.28,-6.92389,107.605319,Asia/Jakarta
2026-02-08 00:00:00,24.38,89.2,0.0,63.7,4.68,23.78,50.21,-6.92389,107.605319,Asia/Jakarta
2026-02-08 03:00:00,22.96,93.8,1.74,58.3,2.86,21.7,51.22,-6.92389,107.605319,Asia/Jakarta
2026-02-08 06:00:00,23.67,92.7,2.66,51.9,3.14,21.9,56.61,-6.92389,107.605319,Asia/Jakarta
2026-02-08 09:00:00,28.23,80.0,0.0,42.6,4.7,27.7,39.44,-6.92389,107.605319,Asia/Jakarta
2026-02-08 12:00:00,29.93,77.8,0.0,35.6,7.45,28.7,36.21,-6.92389,107.605319,Asia/Jakarta
2026-02-08 15:00:00,28.32,74.7,1.38,40.9,5.23,26.62,46.31,-6.92389,107.605319,Asia/Jakarta
2026-02-08 18:00:00,23.89,91.2,1.22,46.7,2.92,22.52,55.91,-6.92389,107.605319,Asia/Jakarta
2026-02-08 21:00:00,22.6,92.2,6.31,60.0,5.68,21.89,66.56,-6.92389,107.605319,Asia/Jakarta
2026-02-09 00:00:00,25.15,85.0,0.7,37.2,4.25,24.33,62.32,-6.92389,107.605319,Asia/Jakarta
2026-02-09 03:00:00,25.21,85.5,1.39,49.8,3.03,23.86,60.55,-6.92389,107.605319,Asia/Jakarta
2026-02-09 06:00:00,23.88,91.6,0.0,47.0,4.8,23.28,61.78,-6.92389,107.605319,Asia/Jakarta
2026-02-09 09:00:00,29.97,75.1,0.0,50.2,4.9,28.71,48.44,-6.92389,107.605319,Asia/Jakarta
2026-02-09 12:00:00,31.48,69.7,0.0,38.4,7.03,29.73,42.35,-6.92389,107.605319,Asia/Jakarta
2026-02-09 15:00:00,27.65,75.4,2.79,45.0,6.6,26.13,51.23,-6.92389,107.605319,Asia/Jakarta
2026-02-09 18:00:00,23.47,86.2,0.0,56.7,5.28,21.65,48.69,-6.92389,107.605319,Asia/Jakarta
2026-02-09 21:00:00,24.68,85.2,0.0,60.6,2.72,24.13,51.01,-6.92389,107.605319,Asia/Jakarta
2026-02-10 00:00:00,24.75,85.6,0.0,46.6,2.6,24.09,49.79,-6.92389,107.605319,Asia/Jakarta
2026-02-10 03:00:00,23.85,84.5,0.0,51.7,3.19,22.33,54.86,-6.92389,107.605319,Asia/Jakarta
2026-02-10 06:00:00,23.18,92.0,3.61,54.4,5.27,22.64,56.32,-6.92389,107.605319,Asia/Jakarta
2026-02-10 09:00:00,30.33,70.5,0.94,23.3,4.29,28.98,51.56,-6.92389,107.605319,Asia/Jakarta
2026-02-10 12:00:00,32.09,69.2,0.0,37.6,7.55,31.31,41.45,-6.92389,107.605319,Asia/Jakarta
2026-02-10 15:00:00,28.07,82.5,4.6,46.5,7.42,26.37,60.88,-6.92389,107.605319,Asia/Jakarta
2026-02-10 18:00:00,23.82,89.4,3.95,62.4,2.95,23.17,63.97,-6.92389,107.605319,Asia/Jakarta
2026-02-10 21:00:00,24.0,83.3,8.24,48.3,5.37,22.25,69.77,-6.92389,107.605319,Asia/Jakarta
2026-02-11 00:00:00,23.67,87.1,3.66,60.0,3.51,22.81,63.6,-6.92389,107.605319,Asia/Jakarta
2026-02-11 03:00:00,24.05,88.8,0.0,48.3,4.41,22.68,61.27,-6.92389,107.605319,Asia/Jakarta
2026-02-11 06:00:00,25.31,89.9,4.94,57.6,3.97,23.48,61.08,-6.92389,107.605319,Asia/Jakarta
2026-02-11 09:00:00,27.63,77.2,1.83,48.8,6.92,27.03,55.72,-6.92389,107.605319,Asia/Jakarta
2026-02-11 12:00:00,30.98,76.2,0.0,41.7,7.92,29.96,45.92,-6.92389,107.605319,Asia/Jakarta
2026-02-11 15:00:00,27.66,79.3,0.0,49.0,7.37,26.97,44.76,-6.92389,107.605319,Asia/Jakarta
2026-02-11 18:00:00,24.67,82.4,1.9,46.4,3.73,23.0,58.82,-6.92389,107.605319,Asia/Jakarta
2026-02-11 21:00:00,25.13,82.7,1.04,57.1,5.24,23.72,52.43,-6.92389,107.605319,Asia/Jakarta
2026-02-12 00:00:00,23.64,90.4,0.0,42.8,3.85,22.95,53.04,-6.92389,107.605319,Asia/Jakarta
2026-02-12 03:00:00,24.6,87.0,1.85,41.8,4.65,23.58,65.53,-6.92389,107.605319,Asia/Jakarta
2026-02-12 06:00:00,23.53,93.0,2.63,50.7,2.54,21.9,59.4,-6.92389,107.605319,Asia/Jakarta
2026-02-12 09:00:00,29.87,75.8,0.0,28.9,7.32,29.29,41.1,-6.92389,107.605319,Asia/Jakarta
2026-02-12 12:00:00,29.67,75.3,7.7,34.1,7.11,27.67,64.19,-6.92389,107.605319,Asia/Jakarta
2026-02-12 15:00:00,27.84,78.7,0.0,46.5,4.54,27.03,52.11,-6.92389,107.605319,Asia/Jakarta
2026-02-12 18:00:00,24.62,89.6,0.0,63.2,4.05,23.57,51.84,-6.92389,107.605319,Asia/Jakarta
2026-02-12 21:00:00,24.15,91.2,0.0,49.0,3.62,23.5,55.66,-6.92389,107.605319,Asia/Jakarta
2026-02-13 00:00:00,23.54,87.9,1.61,62.7,2.77,21.78,65.13,-6.92389,107.605319,Asia/Jakarta
2026-02-13 03:00:00,24.06,85.7,12.51,51.0,5.04,23.51,87.13,-6.92389,107.605319,Asia/Jakarta
2026-02-13 06:00:00,23.21,88.9,0.0,59.2,2.57,22.3,60.38,-6.92389,107.605319,Asia/Jakarta
2026-02-13 09:00:00,29.21,74.9,5.25,50.0,7.26,28.69,54.79,-6.92389,107.605319,Asia/Jakarta
2026-02-13 12:00:00,30.65,73.3,0.0,30.7,7.31,29.16,41.52,-6.92389,107.605319,Asia/Jakarta
2026-02-13 15:00:00,27.54,83.0,0.0,57.5,6.91,25.8,42.48,-6.92389,107.605319,Asia/Jakarta
2026-02-13 18:00:00,23.29,91.8,4.52,49.0,5.04,21.49,66.89,-6.92389,107.605319,Asia/Jakarta
2026-02-13 21:00:00,24.85,90.3,0.0,60.4,4.44,22.95,62.24,-6.92389,107.605319,Asia/Jakarta
2026-02-14 00:00:00,23.36,94.0,3.45,58.9,5.02,22.47,66.89,-6.92389,107.605319,Asia/Jakarta
2026-02-14 03:00:00,25.38,84.6,2.97,60.4,5.68,23.86,58.03,-6.92389,107.605319,Asia/Jakarta
2026-02-14 06:00:00,23.32,94.2,2.09,64.7,4.5,22.41,52.22,-6.92389,107.605319,Asia/Jakarta
2026-02-14 09:00:00,28.26,76.4,0.0,44.0,4.31,26.76,42.01,-6.92389,107.605319,Asia/Jakarta
2026-02-14 12:00:00,32.01,74.5,0.9,37.1,5.03,30.97,35.57,-6.92389,107.605319,Asia/Jakarta
2026-02-14 15:00:00,29.36,77.1,0.0,38.9,4.55,28.04,51.45,-6.92389,107.605319,Asia/Jakarta
2026-02-14 18:00:00,25.36,84.3,0.0,42.5,3.41,24.52,54.92,-6.92389,107.605319,Asia/Jakarta
2026-02-14 21:00:00,23.02,93.6,1.66,61.3,4.79,21.76,53.6,-6.92389,107.605319,Asia/Jakarta
2026-01-01 00:00:00,23.82,86.3,9.61,51.6,5.83,21.86,84.01,-6.923141,107.612858,Asia/Jakarta
2026-01-01 03:00:00,22.55,94.3,5.03,66.7,2.66,21.88,61.82,-6.923141,107.612858,Asia/Jakarta
2026-01-01 06:00:00,24.02,83.9,9.55,37.7,4.5,22.5,81.28,-6.923141,107.612858,Asia/Jakarta
2026-01-01 09:00:00,27.66,79.4,2.05,38.2,6.39,25.7,47.38,-6.923141,107.612858,Asia/Jakarta
2026-01-01 12:00:00,32.19,69.3,1.34,44.0,5.11,31.26,41.84,-6.923141,107.612858,Asia/Jakarta
2026-01-01 15:00:00,27.9,80.5,3.42,35.1,5.36,26.29,56.08,-6.923141,107.612858,Asia/Jakarta
2026-01-01 18:00:00,24.85,88.1,1.71,62.7,4.54,24.13,61.27,-6.923141,107.612858,Asia/Jakarta
2026-01-01 21:00:00,24.79,87.6,0.0,62.6,5.97,22.79,56.05,-6.923141,107.612858,Asia/Jakarta
2026-01-02 00:00:00,24.39,89.3,3.97,54.3,5.57,22.98,68.51,-6.923141,107.612858,Asia/Jakarta
2026-01-02 03:00:00,24.48,87.0,0.71,46.6,4.51,23.48,63.14,-6.923141,107.612858,Asia/Jakarta
2026-01-02 06:00:00,24.9,90.7,0.38,48.2,5.9,23.73,58.93,-6.923141,107.612858,Asia/Jakarta
2026-01-02 09:00:00,30.32,73.6,0.0,27.5,4.54,29.1,42.9,-6.923141,107.612858,Asia/Jakarta
2026-01-02 12:00:00,30.19,77.7,0.0,35.2,8.45,29.32,47.81,-6.923141,107.612858,Asia/Jakarta
2026-01-02 15:00:00,30.18,76.6,0.0,44.5,7.05,29.5,42.57,-6.923141,107.612858,Asia/Jakarta
2026-01-02 18:00:00,23.73,88.4,0.0,44.0,5.59,22.96,50.17,-6.923141,107.612858,Asia/Jakarta
2026-01-02 21:00:00,23.86,84.8,0.0,46.8,4.99,23.21,54.52,-6.923141,107.612858,Asia/Jakarta
2026-01-03 00:00:00,25.11,88.8,4.4,41.4,2.76,23.81,64.92,-6.923141,107.612858,Asia/Jakarta
2026-01-03 03:00:00,23.66,87.7,0.0,42.8,3.35,22.66,51.69,-6.923141,107.612858,Asia/Jakarta
2026-01-03 06:00:00,24.97,84.1,9.79,50.7,5.03,23.09,69.72,-6.923141,107.612858,Asia/Jakarta
2026-01-03 09:00:00,30.3,78.7,0.0,45.8,5.79,28.75,49.22,-6.923141,107.612858,Asia/Jakarta
2026-01-03 12:00:00,31.7,73.9,0.0,40.0,6.78,31.19,35.44,-6.923141,107.612858,Asia/Jakarta
2026-01-03 15:00:00,29.23,78.6,4.54,41.4,4.89,28.31,58.65,-6.923141,107.612858,Asia/Jakarta
2026-01-03 18:00:00,24.82,83.4,4.99,47.2,4.31,23.56,66.38,-6.923141,107.612858,Asia/Jakarta
2026-01-03 21:00:00,25.28,83.0,0.0,44.2,5.84,23.37,47.67,-6.923141,107.612858,Asia/Jakarta
2026-01-04 00:00:00,25.15,87.7,3.53,50.0,5.58,24.13,59.8,-6.923141,107.612858,Asia/Jakarta
2026-01-04 03:00:00,23.0,87.8,3.79,51.5,3.09,22.11,70.37,-6.923141,107.612858,Asia/Jakarta
2026-01-04 06:00:00,24.32,83.2,0.85,40.8,2.84,23.06,57.7,-6.923141,107.612858,Asia/Jakarta
2026-01-04 09:00:00,27.96,80.5,0.0,33.4,6.15,26.72,40.22,-6.923141,107.612858,Asia/Jakarta
2026-01-04 12:00:00,31.97,69.8,0.0,28.5,6.49,31.28,40.12,-6.923141,107.612858,Asia/Jakarta
2026-01-04 15:00:00,28.81,81.9,0.0,51.1,4.69,27.57,51.32,-6.923141,107.612858,Asia/Jakarta
2026-01-04 18:00:00,22.76,86.8,0.0,45.5,5.89,21.14,59.86,-6.923141,107.612858,Asia/Jakarta
2026-01-04 21:00:00,23.17,85.3,1.77,41.1,4.09,21.66,62.66,-6.923141,107.612858,Asia/Jakarta
2026-01-05 00:00:00,22.72,92.4,7.65,65.8,2.85,21.44,75.11,-6.923141,107.612858,Asia/Jakarta
2026-01-05 03:00:00,23.07,90.3,0.0,62.4,5.82,22.2,57.04,-6.923141,107.612858,Asia/Jakarta
2026-01-05 06:00:00,24.26,91.0,2.58,48.3,4.15,23.48,60.43,-6.923141,107.612858,Asia/Jakarta
2026-01-05 09:00:00,28.94,73.7,7.55,41.0,6.07,28.12,65.28,-6.923141,107.612858,Asia/Jakarta
2026-01-05 12:00:00,30.8,73.4,0.0,40.1,5.14,29.38,44.01,-6.923141,107.612858,Asia/Jakarta
2026-01-05 15:00:00,29.34,73.9,0.0,34.3,7.61,27.58,51.15,-6.923141,107.612858,Asia/Jakarta
2026-01-05 18:00:00,25.13,87.1,0.0,50.9,4.59,24.18,55.69,-6.923141,107.612858,Asia/Jakarta
2026-01-05 21:00:00,23.16,94.2,0.0,67.7,3.97,22.29,54.15,-6.923141,107.612858,Asia/Jakarta
2026-01-06 00:00:00,23.77,85.0,0.0,60.0,3.72,23.08,53.37,-6.923141,107.612858,Asia/Jakarta
2026-01-06 03:00:00,25.15,88.8,3.71,61.5,4.91,24.24,55.63,-6.923141,107.612858,Asia/Jakarta
2026-01-06 06:00:00,23.15,93.1,0.0,54.9,3.63,22.03,57.8,-6.923141,107.612858,Asia/Jakarta
2026-01-06 09:00:00,29.88,74.7,3.85,33.0,5.97,28.42,49.07,-6.923141,107.612858,Asia/Jakarta
2026-01-06 12:00:00,29.64,75.4,0.0,32.8,6.88,28.97,45.47,-6.923141,107.612858,Asia/Jakarta
2026-01-06 15:00:00,30.35,75.6,0.0,30.7,7.59,29.29,37.44,-6.923141,107.612858,Asia/Jakarta
2026-01-06 18:00:00,24.84,84.4,0.0,44.8,2.72,24.03,47.79,-6.923141,107.612858,Asia/Jakarta
2026-01-06 21:00:00,24.11,92.4,2.6,64.5,5.01,23.36,57.36,-6.923141,107.612858,Asia/Jakarta
2026-01-07 00:00:00,23.62,87.7,5.52,53.0,2.55,21.99,72.67,-6.923141,107.612858,Asia/Jakarta
2026-01-07 03:00:00,24.08,87.6,6.46,58.6,3.49,22.63,61.6,-6.923141,107.612858,Asia/Jakarta
2026-01-07 06:00:00,24.56,82.0,0.0,52.0,3.82,22.84,53.41,-6.923141,107.612858,Asia/Jakarta
2026-01-07 09:00:00,30.08,78.7,0.0,32.5,6.73,29.55,48.82,-6.923141,107.612858,Asia/Jakarta
2026-01-07 12:00:00,31.73,72.0,1.69,46.0,7.06,29.98,42.98,-6.923141,107.612858,Asia/Jakarta
2026-01-07 15:00:00,30.03,78.0,0.0,40.2,5.33,29.38,44.44,-6.923141,107.612858,Asia/Jakarta
2026-01-07 18:00:00,25.41,85.6,0.94,46.6,3.28,24.49,55.57,-6.923141,107.612858,Asia/Jakarta
2026-01-07 21:00:00,23.35,91.2,0.48,55.3,5.98,21.43,59.7,-6.923141,107.612858,Asia/Jakarta
2026-01-08 00:00:00,24.79,88.3,0.0,51.1,2.59,23.62,59.34,-6.923141,107.612858,Asia/Jakarta
2026-01-08 03:00:00,23.93,84.0,4.82,43.5,4.7,22.59,58.94,-6.923141,107.612858,Asia/Jakarta
2026-01-08 06:00:00,23.12,94.1,4.44,60.3,3.91,21.84,70.18,-6.923141,107.612858,Asia/Jakarta
2026-01-08 09:00:00,29.97,77.9,0.0,31.3,5.71,28.22,48.95,-6.923141,107.612858,Asia/Jakarta
2026-01-08 12:00:00,29.61,77.9,0.0,44.3,5.94,28.27,36.35,-6.923141,107.612858,Asia/Jakarta
2026-01-08 15:00:00,28.92,77.5,14.8,52.5,5.88,27.58,77.39,-6.923141,107.612858,Asia/Jakarta
2026-01-08 18:00:00,24.72,88.6,3.55,62.7,2.77,24.2,56.85,-6.923141,107.612858,Asia/Jakarta
2026-01-08 21:00:00,24.06,83.9,0.0,40.6,2.9,22.82,61.17,-6.923141,107.612858,Asia/Jakarta
2026-01-09 00:00:00,24.38,87.3,0.0,42.6,3.96,23.7,47.15,-6.923141,107.612858,Asia/Jakarta
2026-01-09 03:00:00,25.49,86.9,3.08,60.0,3.63,24.14,68.01,-6.923141,107.612858,Asia/Jakarta
2026-01-09 06:00:00,23.0,87.8,0.0,56.2,5.83,21.59,52.94,-6.923141,107.612858,Asia/Jakarta
2026-01-09 09:00:00,28.87,74.7,0.0,34.6,7.75,28.12,51.95,-6.923141,107.612858,Asia/Jakarta
2026-01-09 12:00:00,31.65,71.5,4.07,31.1,6.65,31.14,57.85,-6.923141,107.612858,Asia/Jakarta
2026-01-09 15:00:00,29.55,73.1,0.0,27.4,4.6,28.16,47.1,-6.923141,107.612858,Asia/Jakarta
2026-01-09 18:00:00,22.7,91.9,4.23,65.1,2.55,21.77,59.39,-6.923141,107.612858,Asia/Jakarta
2026-01-09 21:00:00,25.23,84.5,2.9,54.0,5.18,23.89,68.33,-6.923141,107.612858,Asia/Jakarta
2026-01-10 00:00:00,24.42,83.9,1.74,50.2,3.26,23.08,53.68,-6.923141,107.612858,Asia/Jakarta
2026-01-10 03:00:00,22.88,90.4,3.41,57.9,4.51,21.47,68.16,-6.923141,107.612858,Asia/Jakarta
2026-01-10 06:00:00,25.4,87.2,0.0,54.0,3.23,24.55,47.04,-6.923141,107.612858,Asia/Jakarta
2026-01-10 09:00:00,28.1,83.5,3.31,50.2,5.93,27.48,44.39,-6.923141,107.612858,Asia/Jakarta
2026-01-10 12:00:00,32.41,66.5,0.0,37.9,6.65,30.77,37.84,-6.923141,107.612858,Asia/Jakarta
2026-01-10 15:00:00,28.17,78.0,0.0,48.5,5.51,27.2,50.52,-6.923141,107.612858,Asia/Jakarta
2026-01-10 18:00:00,22.73,91.5,3.27,48.6,4.72,22.02,58.64,-6.923141,107.612858,Asia/Jakarta
2026-01-10 21:00:00,23.81,87.6,5.92,56.3,2.92,22.33,74.42,-6.923141,107.612858,Asia/Jakarta
2026-01-11 00:00:00,23.03,93.5,0.0,66.0,3.71,21.61,53.79,-6.923141,107.612858,Asia/Jakarta
2026-01-11 03:00:00,25.13,89.6,3.36,46.2,5.77,24.34,70.32,-6.923141,107.612858,Asia/Jakarta
2026-01-11 06:00:00,23.58,85.6,0.96,51.7,5.69,22.33,63.76,-6.923141,107.612858,Asia/Jakarta
2026-01-11 09:00:00,27.49,78.2,0.0,45.7,5.66,25.93,53.03,-6.923141,107.612858,Asia/Jakarta
2026-01-11 12:00:00,30.32,70.1,1.99,35.8,7.51,28.91,44.91,-6.923141,107.612858,Asia/Jakarta
2026-01-11 15:00:00,28.81,74.4,0.0,44.4,6.18,27.76,38.76,-6.923141,107.612858,Asia/Jakarta
2026-01-11 18:00:00,24.34,89.2,2.87,58.2,5.48,22.59,54.64,-6.923141,107.612858,Asia/Jakarta
2026-01-11 21:00:00,22.86,89.6,3.48,58.7,5.5,21.08,59.1,-6.923141,107.612858,Asia/Jakarta
2026-01-12 00:00:00,24.47,89.2,0.0,49.2,5.65,23.71,61.36,-6.923141,107.612858,Asia/Jakarta
2026-01-12 03:00:00,25.46,87.0,4.9,47.7,4.83,23.96,64.44,-6.923141,107.612858,Asia/Jakarta
2026-01-12 06:00:00,22.68,87.5,3.5,57.8,3.43,22.12,57.46,-6.923141,107.612858,Asia/Jakarta
2026-01-12 09:00:00,29.28,78.6,0.0,40.4,7.22,28.31,52.16,-6.923141,107.612858,Asia/Jakarta
2026-01-12 12:00:00,31.18,68.9,0.0,32.1,5.3,30.55,47.88,-6.923141,107.612858,Asia/Jakarta
2026-01-12 15:00:00,30.2,71.6,0.0,25.7,6.46,29.45,37.42,-6.923141,107.612858,Asia/Jakarta
2026-01-12 18:00:00,22.53,92.3,0.0,55.3,5.8,21.01,51.92,-6.923141,107.612858,Asia/Jakarta
2026-01-12 21:00:00,25.33,88.7,0.0,58.6,3.59,24.4,53.07,-6.923141,107.612858,Asia/Jakarta
2026-01-13 00:00:00,23.34,89.8,0.0,51.8,3.45,21.37,50.19,-6.923141,107.612858,Asia/Jakarta
2026-01-13 03:00:00,23.28,88.7,0.39,42.9,3.77,21.99,60.22,-6.923141,107.612858,Asia/Jakarta
2026-01-13 06:00:00,24.99,87.6,0.0,43.7,4.55,23.64,49.49,-6.923141,107.612858,Asia/Jakarta
2026-01-13 09:00:00,30.43,73.6,0.0,41.1,5.28,28.48,42.58,-6.923141,107.612858,Asia/Jakarta
2026-01-13 12:00:00,31.15,75.2,0.0,33.7,5.74,30.26,36.49,-6.923141,107.612858,Asia/Jakarta
2026-01-13 15:00:00,30.22,74.9,0.0,42.1,5.9,28.87,42.27,-6.923141,107.612858,Asia/Jakarta
2026-01-13 18:00:00,24.47,90.8,1.08,50.6,3.76,23.74,63.79,-6.923141,107.612858,Asia/Jakarta
2026-01-13 21:00:00,23.93,86.3,5.13,60.0,3.75,22.61,60.89,-6.923141,107.612858,Asia/Jakarta
2026-01-14 00:00:00,24.76,85.6,0.0,52.4,4.93,23.55,58.7,-6.923141,107.612858,Asia/Jakarta
2026-01-14 03:00:00,23.23,91.6,2.81,58.1,3.9,21.34,53.82,-6.923141,107.612858,Asia/Jakarta
2026-01-14 06:00:00,23.2,93.8,3.73,68.1,3.99,21.84,59.52,-6.923141,107.612858,Asia/Jakarta
2026-01-14 09:00:00,29.23,73.5,0.0,29.5,6.36,27.94,48.26,-6.923141,107.612858,Asia/Jakarta
2026-01-14 12:00:00,32.35,70.9,0.0,26.3,7.76,31.72,33.86,-6.923141,107.612858,Asia/Jakarta
2026-01-14 15:00:00,29.83,72.0,0.0,32.3,5.88,29.03,47.64,-6.923141,107.612858,Asia/Jakarta
2026-01-14 18:00:00,23.02,87.9,0.0,44.4,4.03,22.28,58.59,-6.923141,107.612858,Asia/Jakarta
2026-01-14 21:00:00,24.17,90.2,2.54,42.3,2.85,23.07,61.39,-6.923141,107.612858,Asia/Jakarta
2026-01-15 00:00:00,23.14,89.3,1.99,50.4,3.35,22.06,66.05,-6.923141,107.612858,Asia/Jakarta
2026-01-15 03:00:00,23.46,93.3,2.61,54.9,3.49,21.65,63.54,-6.923141,107.612858,Asia/Jakarta
2026-01-15 06:00:00,24.29,87.5,0.0,47.9,5.9,22.46,47.43,-6.923141,107.612858,Asia/Jakarta
2026-01-15 09:00:00,27.98,76.8,0.0,37.5,4.27,26.89,46.69,-6.923141,107.612858,Asia/Jakarta
2026-01-15 12:00:00,29.73,73.1,3.77,37.1,6.06,28.66,42.78,-6.923141,107.612858,Asia/Jakarta
2026-01-15 15:00:00,27.99,75.9,0.0,35.4,5.95,26.06,41.28,-6.923141,107.612858,Asia/Jakarta
2026-01-15 18:00:00,23.04,88.8,3.34,53.2,5.32,21.44,59.89,-6.923141,107.612858,Asia/Jakarta
2026-01-15 21:00:00,24.47,85.9,6.44,57.2,2.95,22.94,69.28,-6.923141,107.612858,Asia/Jakarta
2026-01-16 00:00:00,22.53,92.4,0.78,60.5,2.69,20.92,55.52,-6.923141,107.612858,Asia/Jakarta
2026-01-16 03:00:00,22.85,93.3,0.9,67.1,5.23,21.08,60.37,-6.923141,107.612858,Asia/Jakarta
2026-01-16 06:00:00,25.42,80.9,0.0,37.2,5.16,24.8,60.93,-6.923141,107.612858,Asia/Jakarta
2026-01-16 09:00:00,27.47,85.0,2.79,54.0,6.07,25.66,53.07,-6.923141,107.612858,Asia/Jakarta
2026-01-16 12:00:00,30.8,73.2,0.0,26.1,6.61,29.41,33.8,-6.923141,107.612858,Asia/Jakarta
2026-01-16 15:00:00,28.56,77.5,0.0,45.7,4.35,27.62,41.38,-6.923141,107.612858,Asia/Jakarta
2026-01-16 18:00:00,23.75,87.8,4.94,46.9,2.89,22.45,69.58,-6.923141,107.612858,Asia/Jakarta
2026-01-16 21:00:00,23.69,85.2,5.7,50.0,3.01,21.85,67.44,-6.923141,107.612858,Asia/Jakarta
2026-01-17 00:00:00,23.54,88.4,0.0,55.2,5.66,21.81,61.92,-6.923141,107.612858,Asia/Jakarta
2026-01-17 03:00:00,24.21,82.8,2.06,42.6,4.63,22.49,63.11,-6.923141,107.612858,Asia/Jakarta
2026-01-17 06:00:00,22.8,90.4,0.12,59.8,4.73,21.7,52.1,-6.923141,107.612858,Asia/Jakarta
2026-01-17 09:00:00,28.0,81.9,0.0,51.2,4.55,26.05,51.7,-6.923141,107.612858,Asia/Jakarta
2026-01-17 12:00:00,31.88,72.0,0.0,47.8,6.89,30.34,45.7,-6.923141,107.612858,Asia/Jakarta
2026-01-17 15:00:00,27.6,81.0,0.0,38.1,5.23,26.82,48.12,-6.923141,107.612858,Asia/Jakarta
2026-01-17 18:00:00,24.0,83.2,2.11,44.8,3.5,23.19,51.72,-6.923141,107.612858,Asia/Jakarta
2026-01-17 21:00:00,24.85,87.6,0.0,46.2,5.27,24.2,57.16,-6.923141,107.612858,Asia/Jakarta
2026-01-18 00:00:00,23.17,91.6,0.0,48.9,5.05,21.98,56.75,-6.923141,107.612858,Asia/Jakarta
2026-01-18 03:00:00,23.76,89.3,4.45,54.2,4.45,22.78,62.28,-6.923141,107.612858,Asia/Jakarta
2026-01-18 06:00:00,24.97,82.3,3.29,54.8,4.36,23.88,56.96,-6.923141,107.612858,Asia/Jakarta
2026-01-18 09:00:00,28.66,79.6,5.06,45.3,5.97,28.03,63.99,-6.923141,107.612858,Asia/Jakarta
2026-01-18 12:00:00,31.74,71.8,0.0,31.1,6.58,31.01,40.48,-6.923141,107.612858,Asia/Jakarta
2026-01-18 15:00:00,29.2,78.1,7.48,43.7,6.95,28.28,65.58,-6.923141,107.612858,Asia/Jakarta
2026-01-18 18:00:00,24.73,91.2,0.0,52.2,3.82,24.05,62.18,-6.923141,107.612858,Asia/Jakarta
2026-01-18 21:00:00,23.69,85.6,2.94,40.2,5.53,21.71,65.74,-6.923141,107.612858,Asia/Jakarta
2026-01-19 00:00:00,25.44,85.3,2.31,45.7,5.65,23.78,56.54,-6.923141,107.612858,Asia/Jakarta
2026-01-19 03:00:00,24.39,88.6,0.0,57.1,4.73,23.09,55.04,-6.923141,107.612858,Asia/Jakarta
2026-01-19 06:00:00,23.18,88.6,1.53,58.7,5.74,21.37,52.88,-6.923141,107.612858,Asia/Jakarta
2026-01-19 09:00:00,28.65,73.1,0.0,45.0,6.56,28.0,48.03,-6.923141,107.612858,Asia/Jakarta
2026-01-19 12:00:00,31.24,71.8,0.9,33.8,5.1,29.83,38.57,-6.923141,107.612858,Asia/Jakarta
2026-01-19 15:00:00,28.96,73.2,0.0,38.9,4.35,28.21,46.86,-6.923141,107.612858,Asia/Jakarta
2026-01-19 18:00:00,24.38,88.9,0.66,63.7,4.6,23.29,61.09,-6.923141,107.612858,Asia/Jakarta
2026-01-19 21:00:00,24.03,84.7,1.89,58.6,5.03,22.83,54.99,-6.923141,107.612858,Asia/Jakarta
2026-01-20 00:00:00,24.64,83.5,6.8,38.6,2.61,23.45,71.2,-6.923141,107.612858,Asia/Jakarta
2026-01-20 03:00:00,24.55,86.1,5.41,43.9,4.11,22.85,69.16,-6.923141,107.612858,Asia/Jakarta
2026-01-20 06:00:00,25.01,89.4,2.23,63.2,5.03,23.39,53.02,-6.923141,107.612858,Asia/Jakarta
2026-01-20 09:00:00,29.5,75.3,0.0,39.8,5.62,27.56,49.63,-6.923141,107.612858,Asia/Jakarta
2026-01-20 12:00:00,32.15,71.1,0.0,40.2,8.46,30.99,44.44,-6.923141,107.612858,Asia/Jakarta
2026-01-20 15:00:00,29.93,70.9,0.0,42.4,6.81,28.83,37.74,-6.923141,107.612858,Asia/Jakarta
2026-01-20 18:00:00,25.28,86.4,0.0,49.0,2.86,23.65,60.55,-6.923141,107.612858,Asia/Jakarta
2026-01-20 21:00:00,24.24,90.2,12.58,59.5,4.8,23.37,76.95,-6.923141,107.612858,Asia/Jakarta
2026-01-21 00:00:00,23.95,85.6,0.0,45.5,4.1,22.32,58.35,-6.923141,107.612858,Asia/Jakarta
2026-01-21 03:00:00,24.77,84.6,2.0,53.1,4.08,23.86,55.53,-6.923141,107.612858,Asia/Jakarta
2026-01-21 06:00:00,22.61,87.1,7.95,51.6,5.58,21.04,73.51,-6.923141,107.612858,Asia/Jakarta
2026-01-21 09:00:00,28.37,80.8,9.21,46.4,6.76,27.64,68.13,-6.923141,107.612858,Asia/Jakarta
2026-01-21 12:00:00,31.92,67.5,0.0,34.0,5.9,30.14,36.65,-6.923141,107.612858,Asia/Jakarta
2026-01-21 15:00:00,29.2,73.4,0.0,25.7,6.05,27.92,51.02,-6.923141,107.612858,Asia/Jakarta
2026-01-21 18:00:00,23.93,91.9,4.67,67.3,4.55,22.65,65.29,-6.923141,107.612858,Asia/Jakarta
2026-01-21 21:00:00,23.63,92.8,0.0,60.4,4.19,22.56,54.74,-6.923141,107.612858,Asia/Jakarta
2026-01-22 00:00:00,24.51,82.4,1.87,39.8,3.03,22.91,60.85,-6.923141,107.612858,Asia/Jakarta
2026-01-22 03:00:00,22.86,87.2,0.0,51.1,4.74,21.24,47.2,-6.923141,107.612858,Asia/Jakarta
2026-01-22 06:00:00,24.96,88.7,0.0,62.2,3.77,23.52,47.53,-6.923141,107.612858,Asia/Jakarta
2026-01-22 09:00:00,30.31,74.6,0.0,33.1,7.23,29.69,45.7,-6.923141,107.612858,Asia/Jakarta
2026-01-22 12:00:00,31.89,70.7,2.48,35.2,7.79,29.99,41.38,-6.923141,107.612858,Asia/Jakarta
2026-01-22 15:00:00,30.02,72.4,3.83,41.7,7.7,29.11,49.78,-6.923141,107.612858,Asia/Jakarta
2026-01-22 18:00:00,24.73,88.6,0.0,62.6,2.96,23.92,51.84,-6.923141,107.612858,Asia/Jakarta
2026-01-22 21:00:00,23.23,92.0,0.92,55.5,5.59,21.55,49.84,-6.923141,107.612858,Asia/Jakarta
2026-01-23 00:00:00,22.72,90.3,1.4,52.9,2.85,21.32,59.51,-6.923141,107.612858,Asia/Jakarta
2026-01-23 03:00:00,23.4,84.2,0.0,46.5,5.02,21.94,54.08,-6.923141,107.612858,Asia/Jakarta
2026-01-23 06:00:00,24.27,88.6,0.0,58.7,3.38,23.36,53.51,-6.923141,107.612858,Asia/Jakarta
2026-01-23 09:00:00,29.34,74.9,1.3,38.5,6.53,28.04,44.19,-6.923141,107.612858,Asia/Jakarta
2026-01-23 12:00:00,30.52,75.9,0.0,40.0,5.39,29.75,45.11,-6.923141,107.612858,Asia/Jakarta
2026-01-23 15:00:00,27.47,84.4,0.0,48.7,4.89,25.96,49.27,-6.923141,107.612858,Asia/Jakarta
2026-01-23 18:00:00,22.78,94.0,0.0,54.2,5.38,22.12,50.1,-6.923141,107.612858,Asia/Jakarta
2026-01-23 21:00:00,23.2,87.6,0.0,46.9,4.15,21.3,57.96,-6.923141,107.612858,Asia/Jakarta
2026-01-24 00:00:00,23.13,91.3,4.92,51.1,3.89,22.39,60.57,-6.923141,107.612858,Asia/Jakarta
2026-01-24 03:00:00,24.49,85.0,7.43,49.4,4.58,22.9,70.02,-6.923141,107.612858,Asia/Jakarta
2026-01-24 06:00:00,23.19,87.1,0.0,61.6,3.8,21.6,51.9,-6.923141,107.612858,Asia/Jakarta
2026-01-24 09:00:00,29.94,73.5,0.0,32.9,6.94,28.03,37.19,-6.923141,107.612858,Asia/Jakarta
2026-01-24 12:00:00,29.67,75.0,5.56,42.5,6.6,27.94,49.62,-6.923141,107.612858,Asia/Jakarta
2026-01-24 15:00:00,28.06,80.9,0.0,39.0,4.35,26.98,43.94,-6.923141,107.612858,Asia/Jakarta
2026-01-24 18:00:00,24.17,89.8,0.0,61.0,4.04,23.56,51.38,-6.923141,107.612858,Asia/Jakarta
2026-01-24 21:00:00,22.98,92.2,6.62,66.8,5.83,21.31,76.71,-6.923141,107.612858,Asia/Jakarta
2026-01-25 00:00:00,23.67,93.1,1.74,62.0,5.95,23.08,60.21,-6.923141,107.612858,Asia/Jakarta
2026-01-25 03:00:00,22.67,89.0,2.57,53.9,3.49,20.85,60.2,-6.923141,107.612858,Asia/Jakarta
2026-01-25 06:00:00,22.72,95.3,0.0,64.8,5.56,21.36,56.44,-6.923141,107.612858,Asia/Jakarta
2026-01-25 09:00:00,29.14,76.4,0.0,36.3,6.58,27.41,46.01,-6.923141,107.612858,Asia/Jakarta
2026-01-25 12:00:00,31.57,68.3,0.0,38.8,7.45,29.63,44.82,-6.923141,107.612858,Asia/Jakarta
2026-01-25 15:00:00,28.53,81.0,2.73,50.9,5.39,27.49,46.75,-6.923141,107.612858,Asia/Jakarta
2026-01-25 18:00:00,23.1,94.4,0.0,52.6,5.76,21.63,49.24,-6.923141,107.612858,Asia/Jakarta
2026-01-25 21:00:00,23.78,91.3,0.0,62.5,2.71,22.72,62.83,-6.923141,107.612858,Asia/Jakarta
2026-01-26 00:00:00,24.2,92.3,0.0,67.4,3.64,23.27,55.62,-6.923141,107.612858,Asia/Jakarta
2026-01-26 03:00:00,23.5,84.5,4.65,38.3,4.45,22.76,59.03,-6.923141,107.612858,Asia/Jakarta
2026-01-26 06:00:00,24.04,91.2,1.93,57.0,4.78,23.43,54.3,-6.923141,107.612858,Asia/Jakarta
2026-01-26 09:00:00,29.5,79.4,0.0,42.6,7.75,28.51,39.54,-6.923141,107.612858,Asia/Jakarta
2026-01-26 12:00:00,30.05,75.9,0.0,38.8,7.59,28.21,48.18,-6.923141,107.612858,Asia/Jakarta
2026-01-26 15:00:00,28.65,76.0,6.35,42.9,4.3,27.93,56.23,-6.923141,107.612858,Asia/Jakarta
2026-01-26 18:00:00,25.07,86.4,9.04,56.8,4.79,23.33,70.09,-6.923141,107.612858,Asia/Jakarta
2026-01-26 21:00:00,25.28,89.1,4.82,58.2,3.16,24.31,59.98,-6.923141,107.612858,Asia/Jakarta
2026-01-27 00:00:00,22.8,90.6,2.48,65.3,2.95,22.2,58.03,-6.923141,107.612858,Asia/Jakarta
2026-01-27 03:00:00,25.11,89.8,1.6,57.5,3.07,24.26,66.38,-6.923141,107.612858,Asia/Jakarta
2026-01-27 06:00:00,25.26,87.9,0.0,40.5,5.81,23.34,48.97,-6.923141,107.612858,Asia/Jakarta
2026-01-27 09:00:00,27.53,84.1,1.3,56.6,4.44,26.73,46.98,-6.923141,107.612858,Asia/Jakarta
2026-01-27 12:00:00,31.81,72.3,0.0,27.3,6.77,30.54,42.25,-6.923141,107.612858,Asia/Jakarta
2026-01-27 15:00:00,27.94,76.6,0.0,51.2,5.52,26.82,53.03,-6.923141,107.612858,Asia/Jakarta
2026-01-27 18:00:00,23.13,85.5,0.4,49.7,4.28,22.61,63.0,-6.923141,107.612858,Asia/Jakarta
2026-01-27 21:00:00,23.64,87.8,2.79,62.8,3.76,23.04,58.1,-6.923141,107.612858,Asia/Jakarta
2026-01-28 00:00:00,25.34,86.5,0.0,44.0,4.78,23.52,59.96,-6.923141,107.612858,Asia/Jakarta
2026-01-28 03:00:00,22.55,95.5,0.0,65.0,2.66,21.78,60.56,-6.923141,107.612858,Asia/Jakarta
2026-01-28 06:00:00,22.53,91.1,0.0,46.4,2.64,21.71,56.54,-6.923141,107.612858,Asia/Jakarta
2026-01-28 09:00:00,29.67,73.8,0.0,40.6,5.74,28.39,39.89,-6.923141,107.612858,Asia/Jakarta
2026-01-28 12:00:00,29.95,78.4,2.67,46.4,8.24,29.41,51.46,-6.923141,107.612858,Asia/Jakarta
2026-01-28 15:00:00,28.06,78.3,0.0,39.3,6.44,27.52,37.56,-6.923141,107.612858,Asia/Jakarta
2026-01-28 18:00:00,22.59,90.5,6.09,60.1,3.93,20.94,69.03,-6.923141,107.612858,Asia/Jakarta
2026-01-28 21:00:00,24.67,83.1,2.04,37.5,3.28,24.07,58.21,-6.923141,107.612858,Asia/Jakarta
2026-01-29 00:00:00,25.41,84.5,0.0,46.5,4.04,23.69,60.71,-6.923141,107.612858,Asia/Jakarta
2026-01-29 03:00:00,22.5,90.7,2.92,64.3,3.63,20.57,62.06,-6.923141,107.612858,Asia/Jakarta
2026-01-29 06:00:00,24.51,82.7,0.0,46.5,4.5,23.23,49.01,-6.923141,107.612858,Asia/Jakarta
2026-01-29 09:00:00,29.87,71.9,0.0,39.7,6.78,28.44,41.62,-6.923141,107.612858,Asia/Jakarta
2026-01-29 12:00:00,30.25,72.2,4.12,41.7,7.49,28.86,49.46,-6.923141,107.612858,Asia/Jakarta
2026-01-29 15:00:00,29.0,82.2,0.0,40.6,5.42,28.28,43.1,-6.923141,107.612858,Asia/Jakarta
2026-01-29 18:00:00,24.71,89.8,0.0,59.8,4.71,22.74,59.71,-6.923141,107.612858,Asia/Jakarta
2026-01-29 21:00:00,22.54,92.2,4.77,64.3,3.89,21.32,57.68,-6.923141,107.612858,Asia/Jakarta
2026-01-30 00:00:00,25.07,82.4,0.0,55.3,3.92,23.89,62.88,-6.923141,107.612858,Asia/Jakarta
2026-01-30 03:00:00,23.29,88.7,0.0,58.6,4.3,21.29,52.4,-6.923141,107.612858,Asia/Jakarta
2026-01-30 06:00:00,23.06,88.2,0.0,61.1,4.1,21.27,48.54,-6.923141,107.612858,Asia/Jakarta
2026-01-30 09:00:00,29.74,73.4,5.61,44.1,4.36,29.1,58.14,-6.923141,107.612858,Asia/Jakarta
2026-01-30 12:00:00,32.43,73.4,0.0,28.3,5.44,31.25,38.56,-6.923141,107.612858,Asia/Jakarta
2026-01-30 15:00:00,29.11,81.5,0.0,56.7,4.91,27.28,50.22,-6.923141,107.612858,Asia/Jakarta
2026-01-30 18:00:00,24.03,84.1,0.0,52.5,3.2,22.74,58.91,-6.923141,107.612858,Asia/Jakarta
2026-01-30 21:00:00,24.84,86.7,3.82,51.4,4.37,23.3,64.04,-6.923141,107.612858,Asia/Jakarta
2026-01-31 00:00:00,25.49,81.3,0.0,37.1,4.72,24.65,60.74,-6.923141,107.612858,Asia/Jakarta
2026-01-31 03:00:00,25.29,87.2,0.0,52.2,3.98,24.72,50.24,-6.923141,107.612858,Asia/Jakarta
2026-01-31 06:00:00,25.41,83.9,0.0,45.2,3.97,24.42,54.62,-6.923141,107.612858,Asia/Jakarta
2026-01-31 09:00:00,29.61,74.0,0.0,27.8,6.61,28.01,40.44,-6.923141,107.612858,Asia/Jakarta
2026-01-31 12:00:00,31.28,68.2,0.98,38.3,6.68,29.32,37.72,-6.923141,107.612858,Asia/Jakarta
2026-01-31 15:00:00,30.38,79.2,4.48,40.6,5.73,29.51,56.42,-6.923141,107.612858,Asia/Jakarta
2026-01-31 18:00:00,23.55,86.0,1.92,60.8,3.91,22.17,62.84,-6.923141,107.612858,Asia/Jakarta
2026-01-31 21:00:00,24.52,83.8,7.66,39.2,3.65,23.24,74.04,-6.923141,107.612858,Asia/Jakarta
2026-02-01 00:00:00,24.07,90.4,3.39,56.7,4.03,22.76,67.61,-6.923141,107.612858,Asia/Jakarta
2026-02-01 03:00:00,24.33,83.6,0.0,56.8,5.02,22.41,61.0,-6.923141,107.612858,Asia/Jakarta
2026-02-01 06:00:00,22.62,94.1,0.0,52.2,3.99,21.06,49.7,-6.923141,107.612858,Asia/Jakarta
2026-02-01 09:00:00,30.05,75.0,0.0,34.0,4.58,28.11,48.81,-6.923141,107.612858,Asia/Jakarta
2026-02-01 12:00:00,32.1,68.2,0.0,40.6,7.46,31.51,39.92,-6.923141,107.612858,Asia/Jakarta
2026-02-01 15:00:00,27.77,82.6,0.0,54.8,7.43,26.77,47.34,-6.923141,107.612858,Asia/Jakarta
2026-02-01 18:00:00,24.5,84.3,3.99,44.8,5.0,23.12,63.55,-6.923141,107.612858,Asia/Jakarta
2026-02-01 21:00:00,23.16,88.9,0.0,47.3,5.39,21.75,54.81,-6.923141,107.612858,Asia/Jakarta
2026-02-02 00:00:00,24.2,88.5,0.0,61.3,2.65,22.44,48.72,-6.923141,107.612858,Asia/Jakarta
2026-02-02 03:00:00,24.43,82.9,0.0,37.2,3.34,22.86,56.28,-6.923141,107.612858,Asia/Jakarta
2026-02-02 06:00:00,24.31,90.3,15.57,59.5,4.76,23.12,88.3,-6.923141,107.612858,Asia/Jakarta
2026-02-02 09:00:00,30.04,70.5,0.0,32.1,6.87,28.18,44.01,-6.923141,107.612858,Asia/Jakarta
2026-02-02 12:00:00,30.15,71.7,5.68,38.8,6.02,29.61,52.09,-6.923141,107.612858,Asia/Jakarta
2026-02-02 15:00:00,28.82,81.6,0.0,42.2,5.5,27.9,52.55,-6.923141,107.612858,Asia/Jakarta
2026-02-02 18:00:00,24.85,84.3,0.0,53.0,5.19,23.51,49.57,-6.923141,107.612858,Asia/Jakarta
2026-02-02 21:00:00,25.09,87.0,0.0,56.8,5.23,23.84,49.75,-6.923141,107.612858,Asia/Jakarta
2026-02-03 00:00:00,22.77,88.9,0.0,53.8,5.88,21.81,52.06,-6.923141,107.612858,Asia/Jakarta
2026-02-03 03:00:00,25.24,81.1,0.0,42.8,4.74,24.44,59.11,-6.923141,107.612858,Asia/Jakarta
2026-02-03 06:00:00,25.07,85.4,4.42,45.5,3.77,24.32,59.27,-6.923141,107.612858,Asia/Jakarta
2026-02-03 09:00:00,27.5,77.4,0.0,36.8,6.52,26.16,41.84,-6.923141,107.612858,Asia/Jakarta
2026-02-03 12:00:00,30.03,76.3,2.99,30.1,7.49,28.54,54.21,-6.923141,107.612858,Asia/Jakarta
2026-02-03 15:00:00,30.01,71.6,0.0,31.8,4.73,28.24,43.26,-6.923141,107.612858,Asia/Jakarta
2026-02-03 18:00:00,24.71,90.1,0.0,61.2,5.9,23.87,52.18,-6.923141,107.612858,Asia/Jakarta
2026-02-03 21:00:00,24.98,83.2,0.0,38.9,2.59,23.44,50.59,-6.923141,107.612858,Asia/Jakarta
2026-02-04 00:00:00,23.16,93.3,0.0,55.9,3.01,21.21,51.75,-6.923141,107.612858,Asia/Jakarta
2026-02-04 03:00:00,25.07,85.4,0.0,47.9,5.99,24.29,50.08,-6.923141,107.612858,Asia/Jakarta
2026-02-04 06:00:00,24.06,86.7,0.0,52.5,3.85,22.36,51.18,-6.923141,107.612858,Asia/Jakarta
2026-02-04 09:00:00,28.54,81.3,1.07,43.6,7.51,27.23,43.21,-6.923141,107.612858,Asia/Jakarta
2026-02-04 12:00:00,29.73,77.7,0.0,37.4,7.46,28.36,45.73,-6.923141,107.612858,Asia/Jakarta
2026-02-04 15:00:00,27.74,84.1,0.0,59.8,6.14,26.0,38.78,-6.923141,107.612858,Asia/Jakarta
2026-02-04 18:00:00,23.18,88.0,0.0,56.8,5.37,22.28,50.58,-6.923141,107.612858,Asia/Jakarta
2026-02-04 21:00:00,25.01,85.3,0.0,47.8,2.73,24.48,62.93,-6.923141,107.612858,Asia/Jakarta
2026-02-05 00:00:00,23.85,89.6,2.82,63.1,4.97,22.81,54.22,-6.923141,107.612858,Asia/Jakarta
2026-02-05 03:00:00,25.36,82.7,0.0,40.7,2.6,24.22,56.56,-6.923141,107.612858,Asia/Jakarta
2026-02-05 06:00:00,24.79,82.5,0.0,44.0,3.58,23.84,58.16,-6.923141,107.612858,Asia/Jakarta
2026-02-05 09:00:00,28.15,82.1,1.58,46.3,6.95,26.77,56.26,-6.923141,107.612858,Asia/Jakarta
2026-02-05 12:00:00,32.09,75.5,0.0,28.8,7.06,31.48,45.39,-6.923141,107.612858,Asia/Jakarta
2026-02-05 15:00:00,27.64,79.3,9.77,35.2,7.7,25.66,70.97,-6.923141,107.612858,Asia/Jakarta
2026-02-05 18:00:00,25.01,81.0,0.0,55.3,3.66,23.9,48.51,-6.923141,107.612858,Asia/Jakarta
2026-02-05 21:00:00,24.6,88.4,4.46,59.7,4.16,23.83,70.37,-6.923141,107.612858,Asia/Jakarta
2026-02-06 00:00:00,23.43,85.8,7.48,48.1,2.82,22.63,67.62,-6.923141,107.612858,Asia/Jakarta
2026-02-06 03:00:00,23.55,90.2,0.0,44.2,2.83,21.73,51.12,-6.923141,107.612858,Asia/Jakarta
2026-02-06 06:00:00,22.68,91.1,1.99,59.5,2.51,22.16,67.14,-6.923141,107.612858,Asia/Jakarta
2026-02-06 09:00:00,28.43,76.6,0.0,47.8,5.58,27.67,38.21,-6.923141,107.612858,Asia/Jakarta
2026-02-06 12:00:00,31.41,72.2,0.0,37.1,5.34,30.68,43.93,-6.923141,107.612858,Asia/Jakarta
2026-02-06 15:00:00,28.57,75.0,0.0,37.5,6.97,26.85,45.22,-6.923141,107.612858,Asia/Jakarta
2026-02-06 18:00:00,23.84,89.4,0.0,63.8,5.28,21.93,48.92,-6.923141,107.612858,Asia/Jakarta
2026-02-06 21:00:00,25.31,81.1,0.0,49.5,3.09,24.52,48.6,-6.923141,107.612858,Asia/Jakarta
2026-02-07 00:00:00,22.97,91.1,1.69,51.2,4.8,21.29,64.03,-6.923141,107.612858,Asia/Jakarta
2026-02-07 03:00:00,25.33,86.7,5.3,40.3,2.99,24.1,74.03,-6.923141,107.612858,Asia/Jakarta
2026-02-07 06:00:00,24.88,81.4,0.0,34.8,4.18,23.39,60.5,-6.923141,107.612858,Asia/Jakarta
2026-02-07 09:00:00,29.71,76.7,1.53,49.1,6.56,28.37,55.06,-6.923141,107.612858,Asia/Jakarta
2026-02-07 12:00:00,31.61,72.0,0.0,42.2,5.99,29.96,35.17,-6.923141,107.612858,Asia/Jakarta
2026-02-07 15:00:00,28.33,80.0,2.33,41.7,5.98,27.35,50.09,-6.923141,107.612858,Asia/Jakarta
2026-02-07 18:00:00,23.95,86.8,0.0,50.7,3.51,23.37,57.94,-6.923141,107.612858,Asia/Jakarta
2026-02-07 21:00:00,24.99,82.6,0.0,36.7,5.12,24.23,56.14,-6.923141,107.612858,Asia/Jakarta
2026-02-08 00:00:00,23.44,84.5,0.0,37.1,3.85,22.13,52.63,-6.923141,107.612858,Asia/Jakarta
2026-02-08 03:00:00,24.97,87.6,0.0,50.0,5.47,23.45,55.14,-6.923141,107.612858,Asia/Jakarta
2026-02-08 06:00:00,22.63,87.8,10.08,50.8,3.28,21.06,74.3,-6.923141,107.612858,Asia/Jakarta
2026-02-08 09:00:00,28.94,78.1,2.4,44.9,5.6,28.26,56.79,-6.923141,107.612858,Asia/Jakarta
2026-02-08 12:00:00,30.37,78.5,0.0,46.3,6.16,29.29,35.83,-6.923141,107.612858,Asia/Jakarta
2026-02-08 15:00:00,28.13,83.3,0.85,44.9,6.36,27.25,48.92,-6.923141,107.612858,Asia/Jakarta
2026-02-08 18:00:00,25.27,86.9,0.0,56.0,3.58,23.79,62.04,-6.923141,107.612858,Asia/Jakarta
2026-02-08 21:00:00,25.24,84.3,0.0,36.5,3.82,24.46,60.48,-6.923141,107.612858,Asia/Jakarta
2026-02-09 00:00:00,24.84,83.6,0.0,35.8,2.65,24.14,59.27,-6.923141,107.612858,Asia/Jakarta
2026-02-09 03:00:00,24.57,82.3,0.54,37.1,5.27,23.26,49.25,-6.923141,107.612858,Asia/Jakarta
2026-02-09 06:00:00,23.0,92.3,0.0,67.2,4.93,22.07,51.56,-6.923141,107.612858,Asia/Jakarta
2026-02-09 09:00:00,30.02,72.8,0.74,43.0,7.37,29.39,41.96,-6.923141,107.612858,Asia/Jakarta
2026-02-09 12:00:00,32.04,67.9,7.77,32.4,6.68,31.48,51.88,-6.923141,107.612858,Asia/Jakarta
2026-02-09 15:00:00,28.61,73.9,2.1,42.6,5.79,27.01,47.65,-6.923141,107.612858,Asia/Jakarta
2026-02-09 18:00:00,23.83,90.9,15.26,58.8,5.91,22.24,92.0,-6.923141,107.612858,Asia/Jakarta
2026-02-09 21:00:00,22.63,85.8,0.0,41.5,3.38,21.44,49.81,-6.923141,107.612858,Asia/Jakarta
2026-02-10 00:00:00,25.2,80.8,0.0,42.0,4.27,23.76,50.6,-6.923141,107.612858,Asia/Jakarta
2026-02-10 03:00:00,23.51,91.0,0.0,43.7,5.45,22.58,56.63,-6.923141,107.612858,Asia/Jakarta
2026-02-10 06:00:00,22.98,90.4,9.11,50.0,2.73,22.46,75.33,-6.923141,107.612858,Asia/Jakarta
2026-02-10 09:00:00,29.61,78.3,11.66,38.0,7.42,29.1,73.7,-6.923141,107.612858,Asia/Jakarta
2026-02-10 12:00:00,29.51,71.8,0.0,33.1,8.0,28.96,45.19,-6.923141,107.612858,Asia/Jakarta
2026-02-10 15:00:00,29.09,72.3,0.0,44.1,6.27,27.56,43.28,-6.923141,107.612858,Asia/Jakarta
2026-02-10 18:00:00,23.66,92.6,6.74,50.3,3.38,22.21,77.51,-6.923141,107.612858,Asia/Jakarta
2026-02-10 21:00:00,23.94,91.9,0.0,54.8,3.28,22.34,51.59,-6.923141,107.612858,Asia/Jakarta
2026-02-11 00:00:00,25.39,83.8,5.11,41.9,5.09,24.44,65.15,-6.923141,107.612858,Asia/Jakarta
2026-02-11 03:00:00,22.63,89.8,0.0,62.9,5.96,21.19,49.0,-6.923141,107.612858,Asia/Jakarta
2026-02-11 06:00:00,23.12,88.7,1.64,61.9,4.08,21.93,65.85,-6.923141,107.612858,Asia/Jakarta
2026-02-11 09:00:00,28.46,80.1,0.0,35.3,5.13,27.11,48.5,-6.923141,107.612858,Asia/Jakarta
2026-02-11 12:00:00,32.34,72.6,3.32,43.4,6.62,30.66,54.1,-6.923141,107.612858,Asia/Jakarta
2026-02-11 15:00:00,28.57,76.3,0.0,37.7,6.17,26.72,44.34,-6.923141,107.612858,Asia/Jakarta
2026-02-11 18:00:00,25.37,88.6,5.47,50.5,3.68,23.88,73.27,-6.923141,107.612858,Asia/Jakarta
2026-02-11 21:00:00,25.31,84.4,6.46,59.0,3.22,24.55,70.29,-6.923141,107.612858,Asia/Jakarta
2026-02-12 00:00:00,25.45,86.6,0.0,57.0,4.51,24.72,59.81,-6.923141,107.612858,Asia/Jakarta
2026-02-12 03:00:00,23.45,86.4,0.0,56.1,4.2,21.8,56.77,-6.923141,107.612858,Asia/Jakarta
2026-02-12 06:00:00,24.09,88.9,1.17,41.7,2.73,22.21,49.92,-6.923141,107.612858,Asia/Jakarta
2026-02-12 09:00:00,30.06,73.4,0.0,27.6,5.52,28.12,49.0,-6.923141,107.612858,Asia/Jakarta
2026-02-12 12:00:00,30.42,70.0,2.86,36.9,8.17,29.41,46.44,-6.923141,107.612858,Asia/Jakarta
2026-02-12 15:00:00,27.98,77.5,3.12,48.7,7.35,27.3,46.58,-6.923141,107.612858,Asia/Jakarta
2026-02-12 18:00:00,25.23,84.3,0.0,49.8,4.95,23.46,51.5,-6.923141,107.612858,Asia/Jakarta
2026-02-12 21:00:00,23.25,85.5,0.0,60.2,2.84,21.43,47.63,-6.923141,107.612858,Asia/Jakarta
2026-02-13 00:00:00,23.92,87.7,0.0,58.2,5.96,22.76,52.8,-6.923141,107.612858,Asia/Jakarta
2026-02-13 03:00:00,24.22,86.8,0.0,39.3,4.85,23.21,52.5,-6.923141,107.612858,Asia/Jakarta
2026-02-13 06:00:00,22.76,89.1,0.0,45.4,4.87,22.09,61.67,-6.923141,107.612858,Asia/Jakarta
2026-02-13 09:00:00,30.25,79.3,0.0,36.0,5.29,28.57,49.79,-6.923141,107.612858,Asia/Jakarta
2026-02-13 12:00:00,30.56,78.9,0.0,42.7,7.07,29.52,48.87,-6.923141,107.612858,Asia/Jakarta
2026-02-13 15:00:00,28.21,79.1,0.0,54.7,4.35,27.46,42.2,-6.923141,107.612858,Asia/Jakarta
2026-02-13 18:00:00,24.45,88.9,0.0,47.2,3.68,22.46,51.37,-6.923141,107.612858,Asia/Jakarta
2026-02-13 21:00:00,24.47,88.4,3.03,48.4,5.55,23.95,68.49,-6.923141,107.612858,Asia/Jakarta
2026-02-14 00:00:00,24.22,85.4,0.0,42.2,3.86,23.32,58.12,-6.923141,107.612858,Asia/Jakarta
2026-02-14 03:00:00,23.63,87.3,0.0,51.6,3.99,22.93,58.32,-6.923141,107.612858,Asia/Jakarta
2026-02-14 06:00:00,23.54,86.4,1.33,43.0,2.79,22.03,57.12,-6.923141,107.612858,Asia/Jakarta
2026-02-14 09:00:00,29.87,79.6,0.0,52.3,4.35,28.22,39.16,-6.923141,107.612858,Asia/Jakarta
2026-02-14 12:00:00,30.23,71.5,0.0,25.0,5.83,29.62,34.4,-6.923141,107.612858,Asia/Jakarta
2026-02-14 15:00:00,29.62,78.4,0.0,38.6,4.51,27.67,46.42,-6.923141,107.612858,Asia/Jakarta
2026-02-14 18:00:00,25.41,86.2,0.0,46.1,4.64,24.7,47.9,-6.923141,107.612858,Asia/Jakarta
2026-02-14 21:00:00,25.25,89.4,0.0,45.9,2.82,23.73,53.93,-6.923141,107.612858,Asia/Jakarta
2026-01-01 00:00:00,23.13,91.8,0.0,53.1,3.17,21.57,60.08,-6.932507,107.635992,Asia/Jakarta
2026-01-01 03:00:00,23.99,89.9,0.0,53.2,4.57,22.82,60.77,-6.932507,107.635992,Asia/Jakarta
2026-01-01 06:00:00,24.02,83.5,10.78,58.9,5.57,23.24,79.92,-6.932507,107.635992,Asia/Jakarta
2026-01-01 09:00:00,27.82,82.4,0.0,38.9,6.91,26.73,40.74,-6.932507,107.635992,Asia/Jakarta
2026-01-01 12:00:00,32.01,69.0,0.0,30.8,5.76,30.99,37.02,-6.932507,107.635992,Asia/Jakarta
2026-01-01 15:00:00,28.17,74.1,0.0,47.5,5.25,27.58,39.68,-6.932507,107.635992,Asia/Jakarta
2026-01-01 18:00:00,23.98,91.9,0.0,45.3,4.01,22.13,57.78,-6.932507,107.635992,Asia/Jakarta
2026-01-01 21:00:00,23.84,92.9,2.78,61.1,5.2,22.29,67.75,-6.932507,107.635992,Asia/Jakarta
2026-01-02 00:00:00,24.32,91.7,0.0,57.4,3.62,22.6,52.73,-6.932507,107.635992,Asia/Jakarta
2026-01-02 03:00:00,23.61,86.6,0.0,50.4,5.11,22.86,50.65,-6.932507,107.635992,Asia/Jakarta
2026-01-02 06:00:00,24.57,85.7,1.42,58.8,5.29,23.47,65.25,-6.932507,107.635992,Asia/Jakarta
2026-01-02 09:00:00,30.06,74.7,0.0,30.4,5.62,28.25,52.29,-6.932507,107.635992,Asia/Jakarta
2026-01-02 12:00:00,31.86,70.1,10.95,43.0,6.28,30.14,64.04,-6.932507,107.635992,Asia/Jakarta
2026-01-02 15:00:00,30.17,71.4,9.12,46.1,4.33,29.26,64.72,-6.932507,107.635992,Asia/Jakarta
2026-01-02 18:00:00,23.09,89.7,0.0,45.5,5.49,22.31,51.44,-6.932507,107.635992,Asia/Jakarta
2026-01-02 21:00:00,24.32,87.1,0.0,49.6,4.21,23.29,57.65,-6.932507,107.635992,Asia/Jakarta
2026-01-03 00:00:00,22.82,94.8,3.71,63.8,3.0,21.58,63.46,-6.932507,107.635992,Asia/Jakarta
2026-01-03 03:00:00,23.15,89.5,2.27,64.5,3.69,21.72,56.96,-6.932507,107.635992,Asia/Jakarta
2026-01-03 06:00:00,24.33,88.1,0.68,52.8,3.81,23.64,59.51,-6.932507,107.635992,Asia/Jakarta
2026-01-03 09:00:00,29.15,76.7,0.0,29.2,5.13,27.61,52.21,-6.932507,107.635992,Asia/Jakarta
2026-01-03 12:00:00,32.23,74.5,0.0,41.8,6.67,31.22,37.49,-6.932507,107.635992,Asia/Jakarta
2026-01-03 15:00:00,29.83,77.5,0.0,51.2,7.0,27.96,46.26,-6.932507,107.635992,Asia/Jakarta
2026-01-03 18:00:00,24.62,87.6,4.84,59.1,4.47,23.65,71.9,-6.932507,107.635992,Asia/Jakarta
2026-01-03 21:00:00,25.14,84.2,2.14,39.8,4.35,23.29,59.11,-6.932507,107.635992,Asia/Jakarta
2026-01-04 00:00:00,25.34,87.3,3.26,40.9,3.18,23.77,66.49,-6.932507,107.635992,Asia/Jakarta
2026-01-04 03:00:00,23.59,91.4,10.32,54.8,2.51,22.16,75.4,-6.932507,107.635992,Asia/Jakarta
2026-01-04 06:00:00,24.19,90.2,2.01,65.2,3.6,23.39,65.55,-6.932507,107.635992,Asia/Jakarta
2026-01-04 09:00:00,29.88,72.3,0.0,46.5,5.3,28.05,38.07,-6.932507,107.635992,Asia/Jakarta
2026-01-04 12:00:00,31.07,73.0,0.0,31.0,7.45,30.12,46.64,-6.932507,107.635992,Asia/Jakarta
2026-01-04 15:00:00,28.06,77.2,0.0,29.9,5.74,26.4,43.0,-6.932507,107.635992,Asia/Jakarta
2026-01-04 18:00:00,25.48,84.2,4.7,45.3,4.05,23.57,62.37,-6.932507,107.635992,Asia/Jakarta
2026-01-04 21:00:00,23.87,85.1,5.73,51.6,4.55,23.34,64.77,-6.932507,107.635992,Asia/Jakarta
2026-01-05 00:00:00,22.66,88.9,7.61,52.3,5.41,22.12,69.74,-6.932507,107.635992,Asia/Jakarta
2026-01-05 03:00:00,23.8,86.5,0.0,42.7,5.16,22.82,57.3,-6.932507,107.635992,Asia/Jakarta
2026-01-05 06:00:00,24.77,81.6,0.0,45.9,5.0,22.88,54.95,-6.932507,107.635992,Asia/Jakarta
2026-01-05 09:00:00,27.87,75.7,0.0,31.6,4.59,26.83,42.87,-6.932507,107.635992,Asia/Jakarta
2026-01-05 12:00:00,29.74,74.2,0.0,27.8,5.22,28.06,39.66,-6.932507,107.635992,Asia/Jakarta
2026-01-05 15:00:00,29.53,76.7,3.08,30.8,4.82,27.73,56.08,-6.932507,107.635992,Asia/Jakarta
2026-01-05 18:00:00,23.18,85.1,2.83,53.5,4.75,21.96,64.38,-6.932507,107.635992,Asia/Jakarta
2026-01-05 21:00:00,22.63,93.3,0.0,68.1,2.98,21.55,52.11,-6.932507,107.635992,Asia/Jakarta
2026-01-06 00:00:00,24.4,85.9,2.78,50.2,2.58,23.28,64.55,-6.932507,107.635992,Asia/Jakarta
2026-01-06 03:00:00,22.7,87.5,4.37,40.4,4.22,22.08,62.2,-6.932507,107.635992,Asia/Jakarta
2026-01-06 06:00:00,25.14,85.5,8.86,57.4,3.03,23.7,66.61,-6.932507,107.635992,Asia/Jakarta
2026-01-06 09:00:00,29.32,74.3,0.0,35.3,7.19,28.43,49.17,-6.932507,107.635992,Asia/Jakarta
2026-01-06 12:00:00,30.09,79.0,0.0,40.4,6.58,28.14,40.13,-6.932507,107.635992,Asia/Jakarta
2026-01-06 15:00:00,29.47,79.0,2.68,35.9,5.62,27.57,44.7,-6.932507,107.635992,Asia/Jakarta
2026-01-06 18:00:00,23.12,92.3,0.17,61.9,4.91,21.73,50.8,-6.932507,107.635992,Asia/Jakarta
2026-01-06 21:00:00,23.41,88.7,6.18,56.2,5.62,22.58,74.09,-6.932507,107.635992,Asia/Jakarta
2026-01-07 00:00:00,22.57,85.9,0.0,57.8,3.22,21.49,62.15,-6.932507,107.635992,Asia/Jakarta
2026-01-07 03:00:00,23.48,93.7,3.51,60.2,4.22,22.55,63.7,-6.932507,107.635992,Asia/Jakarta
2026-01-07 06:00:00,25.46,88.3,0.0,46.3,5.6,24.03,60.64,-6.932507,107.635992,Asia/Jakarta
2026-01-07 09:00:00,30.02,79.6,4.85,53.9,5.6,29.28,56.86,-6.932507,107.635992,Asia/Jakarta
2026-01-07 12:00:00,29.66,73.1,0.0,29.6,8.07,28.53,34.22,-6.932507,107.635992,Asia/Jakarta
2026-01-07 15:00:00,27.52,83.1,0.71,56.7,5.19,25.69,53.54,-6.932507,107.635992,Asia/Jakarta
2026-01-07 18:00:00,24.9,83.0,0.0,57.0,4.89,23.01,47.49,-6.932507,107.635992,Asia/Jakarta
2026-01-07 21:00:00,23.93,83.1,2.15,37.2,5.54,22.59,61.01,-6.932507,107.635992,Asia/Jakarta
2026-01-08 00:00:00,23.31,91.3,0.0,54.8,3.04,21.79,48.04,-6.932507,107.635992,Asia/Jakarta
2026-01-08 03:00:00,22.59,90.7,5.83,62.7,5.91,22.02,69.05,-6.932507,107.635992,Asia/Jakarta
2026-01-08 06:00:00,22.69,93.2,1.03,52.0,4.18,22.15,62.1,-6.932507,107.635992,Asia/Jakarta
2026-01-08 09:00:00,28.27,82.6,0.0,40.2,4.27,26.46,47.5,-6.932507,107.635992,Asia/Jakarta
2026-01-08 12:00:00,32.01,70.3,0.0,45.2,5.81,31.44,46.58,-6.932507,107.635992,Asia/Jakarta
2026-01-08 15:00:00,28.54,79.2,0.0,42.2,4.84,27.48,47.64,-6.932507,107.635992,Asia/Jakarta
2026-01-08 18:00:00,24.15,83.9,4.69,53.6,3.11,22.95,63.75,-6.932507,107.635992,Asia/Jakarta
2026-01-08 21:00:00,23.54,86.7,0.0,58.2,4.23,22.5,55.68,-6.932507,107.635992,Asia/Jakarta
2026-01-09 00:00:00,23.8,89.3,3.24,62.5,3.76,22.16,61.59,-6.932507,107.635992,Asia/Jakarta
2026-01-09 03:00:00,25.09,82.2,0.0,35.2,5.51,23.69,57.0,-6.932507,107.635992,Asia/Jakarta
2026-01-09 06:00:00,24.12,90.9,0.0,46.7,2.99,23.31,60.06,-6.932507,107.635992,Asia/Jakarta
2026-01-09 09:00:00,29.53,72.0,1.77,34.1,6.02,28.87,41.67,-6.932507,107.635992,Asia/Jakarta
2026-01-09 12:00:00,29.51,80.6,1.65,48.5,5.79,28.51,47.99,-6.932507,107.635992,Asia/Jakarta
2026-01-09 15:00:00,27.8,82.1,0.0,53.3,5.65,26.71,47.61,-6.932507,107.635992,Asia/Jakarta
2026-01-09 18:00:00,24.23,89.8,0.0,58.3,3.29,23.5,57.3,-6.932507,107.635992,Asia/Jakarta
2026-01-09 21:00:00,24.58,89.1,0.0,58.3,5.89,23.34,59.8,-6.932507,107.635992,Asia/Jakarta
2026-01-10 00:00:00,25.25,87.1,0.0,46.5,3.56,23.79,50.35,-6.932507,107.635992,Asia/Jakarta
2026-01-10 03:00:00,25.35,81.9,1.34,34.3,3.22,23.83,63.19,-6.932507,107.635992,Asia/Jakarta
2026-01-10 06:00:00,22.7,90.1,0.0,44.9,4.82,21.3,47.17,-6.932507,107.635992,Asia/Jakarta
2026-01-10 09:00:00,28.48,77.1,0.0,36.4,7.49,27.09,47.26,-6.932507,107.635992,Asia/Jakarta
2026-01-10 12:00:00,31.54,76.7,3.5,40.7,5.9,29.84,48.28,-6.932507,107.635992,Asia/Jakarta
2026-01-10 15:00:00,29.71,78.5,0.0,40.7,7.35,28.18,52.29,-6.932507,107.635992,Asia/Jakarta
2026-01-10 18:00:00,25.48,83.5,0.0,58.6,2.8,24.85,51.03,-6.932507,107.635992,Asia/Jakarta
2026-01-10 21:00:00,23.24,92.7,3.81,59.9,3.83,21.83,60.78,-6.932507,107.635992,Asia/Jakarta
2026-01-11 00:00:00,23.91,86.2,0.0,51.5,4.08,23.27,56.82,-6.932507,107.635992,Asia/Jakarta
2026-01-11 03:00:00,24.55,87.6,2.47,55.8,4.27,23.78,53.54,-6.932507,107.635992,Asia/Jakarta
2026-01-11 06:00:00,23.32,89.9,1.26,61.1,5.04,22.65,53.82,-6.932507,107.635992,Asia/Jakarta
2026-01-11 09:00:00,29.0,74.0,0.0,36.9,4.41,27.86,46.72,-6.932507,107.635992,Asia/Jakarta
2026-01-11 12:00:00,31.56,76.6,0.0,30.5,5.87,29.94,39.2,-6.932507,107.635992,Asia/Jakarta
2026-01-11 15:00:00,29.41,73.2,4.59,34.2,5.05,28.04,61.05,-6.932507,107.635992,Asia/Jakarta
2026-01-11 18:00:00,23.98,90.0,0.0,61.4,2.91,23.28,49.63,-6.932507,107.635992,Asia/Jakarta
2026-01-11 21:00:00,25.44,85.8,0.0,38.4,5.28,23.87,53.88,-6.932507,107.635992,Asia/Jakarta
2026-01-12 00:00:00,25.19,84.0,6.25,49.0,2.62,23.64,67.73,-6.932507,107.635992,Asia/Jakarta
2026-01-12 03:00:00,22.7,86.4,0.0,59.5,4.16,21.84,55.11,-6.932507,107.635992,Asia/Jakarta
2026-01-12 06:00:00,25.28,81.5,5.2,34.1,3.15,23.79,61.58,-6.932507,107.635992,Asia/Jakarta
2026-01-12 09:00:00,29.09,77.7,0.0,41.2,6.56,28.41,46.41,-6.932507,107.635992,Asia/Jakarta
2026-01-12 12:00:00,29.62,73.0,0.0,32.2,6.37,28.35,38.95,-6.932507,107.635992,Asia/Jakarta
2026-01-12 15:00:00,27.49,80.7,0.0,39.1,5.33,26.51,50.08,-6.932507,107.635992,Asia/Jakarta
2026-01-12 18:00:00,23.23,89.2,0.0,46.3,4.17,22.47,50.43,-6.932507,107.635992,Asia/Jakarta
2026-01-12 21:00:00,24.16,88.7,11.97,61.3,4.83,23.44,87.06,-6.932507,107.635992,Asia/Jakarta
2026-01-13 00:00:00,24.78,85.9,2.88,61.7,3.08,23.66,63.37,-6.932507,107.635992,Asia/Jakarta
2026-01-13 03:00:00,24.38,91.4,8.29,63.3,5.13,23.4,65.92,-6.932507,107.635992,Asia/Jakarta
2026-01-13 06:00:00,23.68,85.4,1.93,54.8,4.07,22.85,64.63,-6.932507,107.635992,Asia/Jakarta
2026-01-13 09:00:00,30.17,74.6,0.0,49.4,5.69,28.72,51.05,-6.932507,107.635992,Asia/Jakarta
2026-01-13 12:00:00,30.22,74.9,1.67,38.9,7.1,28.88,43.35,-6.932507,107.635992,Asia/Jakarta
2026-01-13 15:00:00,29.56,78.9,3.66,49.4,5.24,28.09,49.65,-6.932507,107.635992,Asia/Jakarta
2026-01-13 18:00:00,25.46,83.1,0.0,55.2,5.72,24.26,60.69,-6.932507,107.635992,Asia/Jakarta
2026-01-13 21:00:00,23.96,90.5,9.53,62.6,4.46,22.56,78.88,-6.932507,107.635992,Asia/Jakarta
2026-01-14 00:00:00,24.86,82.4,0.0,42.5,5.91,23.43,55.52,-6.932507,107.635992,Asia/Jakarta
2026-01-14 03:00:00,22.69,91.8,0.0,66.3,4.58,20.8,50.65,-6.932507,107.635992,Asia/Jakarta
2026-01-14 06:00:00,23.47,86.3,0.0,42.9,3.17,21.96,52.36,-6.932507,107.635992,Asia/Jakarta
2026-01-14 09:00:00,28.29,79.8,2.64,47.9,6.41,26.58,55.5,-6.932507,107.635992,Asia/Jakarta
2026-01-14 12:00:00,31.56,68.8,0.0,37.3,6.94,30.37,36.27,-6.932507,107.635992,Asia/Jakarta
2026-01-14 15:00:00,29.01,73.5,0.71,42.8,5.13,27.56,48.23,-6.932507,107.635992,Asia/Jakarta
2026-01-14 18:00:00,23.51,92.7,6.17,64.1,3.87,21.61,72.05,-6.932507,107.635992,Asia/Jakarta
2026-01-14 21:00:00,23.88,86.5,3.14,44.6,2.94,22.55,59.93,-6.932507,107.635992,Asia/Jakarta
2026-01-15 00:00:00,23.68,84.1,4.17,55.6,4.23,22.35,71.13,-6.932507,107.635992,Asia/Jakarta
2026-01-15 03:00:00,24.96,85.9,1.74,48.0,5.94,23.73,60.88,-6.932507,107.635992,Asia/Jakarta
2026-01-15 06:00:00,22.82,89.6,3.63,49.2,2.93,20.83,67.15,-6.932507,107.635992,Asia/Jakarta
2026-01-15 09:00:00,27.57,76.0,0.0,30.6,4.71,25.96,38.63,-6.932507,107.635992,Asia/Jakarta
2026-01-15 12:00:00,30.77,69.0,0.83,36.8,5.39,29.19,50.46,-6.932507,107.635992,Asia/Jakarta
2026-01-15 15:00:00,28.3,76.2,0.0,33.5,6.9,27.27,51.95,-6.932507,107.635992,Asia/Jakarta
2026-01-15 18:00:00,23.21,84.7,0.0,50.7,3.1,22.13,62.46,-6.932507,107.635992,Asia/Jakarta
2026-01-15 21:00:00,24.13,82.7,0.0,38.6,4.65,22.41,62.59,-6.932507,107.635992,Asia/Jakarta
2026-01-16 00:00:00,22.87,87.6,10.89,49.4,4.63,21.0,85.23,-6.932507,107.635992,Asia/Jakarta
2026-01-16 03:00:00,23.34,84.2,6.97,52.3,5.51,22.17,75.93,-6.932507,107.635992,Asia/Jakarta
2026-01-16 06:00:00,23.2,93.0,3.51,54.8,3.03,21.42,68.93,-6.932507,107.635992,Asia/Jakarta
2026-01-16 09:00:00,29.7,71.1,6.06,41.4,6.62,27.89,57.42,-6.932507,107.635992,Asia/Jakarta
2026-01-16 12:00:00,30.53,69.3,0.0,33.5,6.55,29.81,36.29,-6.932507,107.635992,Asia/Jakarta
2026-01-16 15:00:00,27.68,83.4,1.93,51.8,5.68,26.65,44.83,-6.932507,107.635992,Asia/Jakarta
2026-01-16 18:00:00,23.32,91.4,6.76,64.9,5.57,21.79,77.24,-6.932507,107.635992,Asia/Jakarta
2026-01-16 21:00:00,24.19,88.9,0.0,42.4,2.58,23.15,56.15,-6.932507,107.635992,Asia/Jakarta
2026-01-17 00:00:00,22.56,90.2,2.54,52.9,4.03,21.66,58.16,-6.932507,107.635992,Asia/Jakarta
2026-01-17 03:00:00,25.23,82.8,2.4,38.6,4.55,23.94,60.55,-6.932507,107.635992,Asia/Jakarta
2026-01-17 06:00:00,23.09,85.1,1.43,46.2,3.3,22.35,61.46,-6.932507,107.635992,Asia/Jakarta
2026-01-17 09:00:00,29.3,77.2,0.0,35.2,5.16,28.58,39.48,-6.932507,107.635992,Asia/Jakarta
2026-01-17 12:00:00,30.81,77.2,0.0,33.7,5.58,29.0,34.07,-6.932507,107.635992,Asia/Jakarta
2026-01-17 15:00:00,29.31,77.4,0.0,48.2,7.3,28.38,48.96,-6.932507,107.635992,Asia/Jakarta
2026-01-17 18:00:00,23.91,87.2,4.55,43.3,5.86,23.3,66.65,-6.932507,107.635992,Asia/Jakarta
2026-01-17 21:00:00,24.82,83.8,3.4,54.6,5.23,23.77,63.34,-6.932507,107.635992,Asia/Jakarta
2026-01-18 00:00:00,23.04,90.2,0.0,46.6,3.64,22.13,49.75,-6.932507,107.635992,Asia/Jakarta
2026-01-18 03:00:00,24.94,85.8,8.47,59.3,3.08,23.17,73.14,-6.932507,107.635992,Asia/Jakarta
2026-01-18 06:00:00,23.23,90.5,0.0,51.3,4.12,21.66,54.28,-6.932507,107.635992,Asia/Jakarta
2026-01-18 09:00:00,29.59,72.7,1.27,39.2,7.71,28.66,42.07,-6.932507,107.635992,Asia/Jakarta
2026-01-18 12:00:00,31.09,72.8,0.0,42.9,7.54,29.89,47.22,-6.932507,107.635992,Asia/Jakarta
2026-01-18 15:00:00,29.39,76.7,0.0,47.5,7.2,28.51,43.58,-6.932507,107.635992,Asia/Jakarta
2026-01-18 18:00:00,25.31,81.7,4.57,54.3,2.63,23.32,58.23,-6.932507,107.635992,Asia/Jakarta
2026-01-18 21:00:00,25.03,81.8,7.44,55.5,3.55,23.8,63.75,-6.932507,107.635992,Asia/Jakarta
2026-01-19 00:00:00,24.75,83.4,0.0,54.0,4.07,23.11,56.45,-6.932507,107.635992,Asia/Jakarta
2026-01-19 03:00:00,22.92,93.0,3.86,54.5,5.65,22.04,69.95,-6.932507,107.635992,Asia/Jakarta
2026-01-19 06:00:00,23.7,90.6,2.5,51.5,2.96,22.83,67.85,-6.932507,107.635992,Asia/Jakarta
2026-01-19 09:00:00,27.89,81.0,0.0,35.5,5.49,26.06,51.65,-6.932507,107.635992,Asia/Jakarta
2026-01-19 12:00:00,32.12,66.5,0.0,25.6,6.93,30.14,33.65,-6.932507,107.635992,Asia/Jakarta
2026-01-19 15:00:00,29.99,70.9,0.0,30.9,6.04,29.34,37.28,-6.932507,107.635992,Asia/Jakarta
2026-01-19 18:00:00,24.73,86.9,0.0,40.3,4.71,23.56,52.94,-6.932507,107.635992,Asia/Jakarta
2026-01-19 21:00:00,23.5,90.0,3.79,50.3,3.79,22.12,68.16,-6.932507,107.635992,Asia/Jakarta
2026-01-20 00:00:00,25.15,88.0,0.0,50.4,4.83,23.53,55.77,-6.932507,107.635992,Asia/Jakarta
2026-01-20 03:00:00,24.02,92.7,0.0,48.4,3.66,22.42,58.43,-6.932507,107.635992,Asia/Jakarta
2026-01-20 06:00:00,24.41,83.4,8.02,53.7,4.66,23.58,69.06,-6.932507,107.635992,Asia/Jakarta
2026-01-20 09:00:00,27.58,75.4,0.0,30.6,4.95,25.76,49.89,-6.932507,107.635992,Asia/Jakarta
2026-01-20 12:00:00,30.78,74.2,8.02,50.0,8.47,30.22,53.26,-6.932507,107.635992,Asia/Jakarta
2026-01-20 15:00:00,29.63,78.8,0.0,36.1,4.85,28.96,47.86,-6.932507,107.635992,Asia/Jakarta
2026-01-20 18:00:00,24.51,89.8,0.0,50.1,3.8,22.57,54.5,-6.932507,107.635992,Asia/Jakarta
2026-01-20 21:00:00,24.23,87.8,0.0,61.4,4.71,23.5,52.22,-6.932507,107.635992,Asia/Jakarta
2026-01-21 00:00:00,24.55,88.8,3.04,53.3,4.58,23.71,68.03,-6.932507,107.635992,Asia/Jakarta
2026-01-21 03:00:00,22.57,90.6,0.0,50.5,4.25,21.46,58.59,-6.932507,107.635992,Asia/Jakarta
2026-01-21 06:00:00,25.36,83.0,7.93,55.7,3.02,23.68,68.02,-6.932507,107.635992,Asia/Jakarta
2026-01-21 09:00:00,30.09,72.5,0.0,46.2,6.71,28.97,45.19,-6.932507,107.635992,Asia/Jakarta
2026-01-21 12:00:00,30.7,74.4,3.27,33.6,7.18,29.21,55.37,-6.932507,107.635992,Asia/Jakarta
2026-01-21 15:00:00,29.77,79.9,0.0,33.3,5.78,27.81,43.73,-6.932507,107.635992,Asia/Jakarta
2026-01-21 18:00:00,23.5,87.6,0.0,46.9,5.99,22.41,61.85,-6.932507,107.635992,Asia/Jakarta
2026-01-21 21:00:00,23.14,88.9,6.01,46.5,5.32,21.75,65.6,-6.932507,107.635992,Asia/Jakarta
2026-01-22 00:00:00,24.28,90.7,4.95,45.2,5.08,23.14,60.29,-6.932507,107.635992,Asia/Jakarta
2026-01-22 03:00:00,25.19,89.6,0.0,60.7,3.03,23.98,47.82,-6.932507,107.635992,Asia/Jakarta
2026-01-22 06:00:00,22.6,88.7,0.0,60.9,5.71,21.1,58.2,-6.932507,107.635992,Asia/Jakarta
2026-01-22 09:00:00,27.71,76.7,2.42,36.1,7.75,27.15,43.74,-6.932507,107.635992,Asia/Jakarta
2026-01-22 12:00:00,29.5,80.5,0.0,51.4,7.88,28.6,40.85,-6.932507,107.635992,Asia/Jakarta
2026-01-22 15:00:00,28.32,82.1,0.0,35.8,4.75,26.55,44.5,-6.932507,107.635992,Asia/Jakarta
2026-01-22 18:00:00,22.97,92.7,1.47,57.1,3.28,21.88,54.77,-6.932507,107.635992,Asia/Jakarta
2026-01-22 21:00:00,23.52,85.4,7.57,48.8,5.83,22.04,68.56,-6.932507,107.635992,Asia/Jakarta
2026-01-23 00:00:00,24.94,85.0,0.0,59.3,5.46,24.13,57.66,-6.932507,107.635992,Asia/Jakarta
2026-01-23 03:00:00,23.88,90.1,9.01,43.0,5.56,21.89,69.18,-6.932507,107.635992,Asia/Jakarta
2026-01-23 06:00:00,22.88,92.4,4.49,51.2,3.62,21.66,60.71,-6.932507,107.635992,Asia/Jakarta
2026-01-23 09:00:00,28.68,82.3,0.0,50.3,6.82,27.12,41.94,-6.932507,107.635992,Asia/Jakarta
2026-01-23 12:00:00,32.19,72.2,0.0,32.9,6.21,30.43,33.78,-6.932507,107.635992,Asia/Jakarta
2026-01-23 15:00:00,29.86,74.4,0.0,45.9,7.65,28.07,49.64,-6.932507,107.635992,Asia/Jakarta
2026-01-23 18:00:00,23.85,91.3,0.0,61.2,4.8,22.22,62.33,-6.932507,107.635992,Asia/Jakarta
2026-01-23 21:00:00,25.1,82.3,3.27,55.2,3.38,23.29,55.69,-6.932507,107.635992,Asia/Jakarta
2026-01-24 00:00:00,23.5,84.3,0.0,39.6,4.23,22.7,51.45,-6.932507,107.635992,Asia/Jakarta
2026-01-24 03:00:00,23.04,85.2,1.12,37.4,3.7,22.04,59.3,-6.932507,107.635992,Asia/Jakarta
2026-01-24 06:00:00,22.81,93.0,7.44,68.3,3.02,21.03,74.25,-6.932507,107.635992,Asia/Jakarta
2026-01-24 09:00:00,29.68,73.6,0.0,35.0,6.33,28.89,51.93,-6.932507,107.635992,Asia/Jakarta
2026-01-24 12:00:00,31.81,73.7,0.0,26.7,7.07,29.81,37.64,-6.932507,107.635992,Asia/Jakarta
2026-01-24 15:00:00,28.82,75.5,0.0,28.0,7.65,27.07,38.11,-6.932507,107.635992,Asia/Jakarta
2026-01-24 18:00:00,23.75,88.0,4.12,61.2,5.73,22.92,69.42,-6.932507,107.635992,Asia/Jakarta
2026-01-24 21:00:00,23.29,93.2,0.0,65.6,4.84,22.2,56.27,-6.932507,107.635992,Asia/Jakarta
2026-01-25 00:00:00,22.51,88.2,0.0,45.5,3.34,21.94,47.04,-6.932507,107.635992,Asia/Jakarta
2026-01-25 03:00:00,22.73,93.5,0.0,58.3,5.79,20.93,47.26,-6.932507,107.635992,Asia/Jakarta
2026-01-25 06:00:00,24.7,89.0,0.0,59.9,4.82,23.33,54.95,-6.932507,107.635992,Asia/Jakarta
2026-01-25 09:00:00,29.05,77.7,0.0,48.4,7.51,27.46,43.32,-6.932507,107.635992,Asia/Jakarta
2026-01-25 12:00:00,30.03,76.7,0.0,29.0,6.15,28.81,36.93,-6.932507,107.635992,Asia/Jakarta
2026-01-25 15:00:00,27.75,84.2,2.71,53.8,5.29,27.01,47.18,-6.932507,107.635992,Asia/Jakarta
2026-01-25 18:00:00,23.78,90.6,0.0,51.2,3.51,22.24,62.97,-6.932507,107.635992,Asia/Jakarta
2026-01-25 21:00:00,24.42,82.7,6.13,38.4,5.78,23.82,75.74,-6.932507,107.635992,Asia/Jakarta
2026-01-26 00:00:00,24.81,88.7,0.93,47.2,5.18,23.56,54.45,-6.932507,107.635992,Asia/Jakarta
2026-01-26 03:00:00,25.01,86.0,1.36,50.3,4.65,23.97,62.56,-6.932507,107.635992,Asia/Jakarta
2026-01-26 06:00:00,22.78,87.1,1.87,58.5,3.38,20.91,51.41,-6.932507,107.635992,Asia/Jakarta
2026-01-26 09:00:00,29.86,78.4,4.84,32.5,4.78,28.14,50.31,-6.932507,107.635992,Asia/Jakarta
2026-01-26 12:00:00,31.1,72.7,0.0,46.9,5.1,29.42,46.66,-6.932507,107.635992,Asia/Jakarta
2026-01-26 15:00:00,28.75,80.9,3.82,51.5,4.85,27.52,55.44,-6.932507,107.635992,Asia/Jakarta
2026-01-26 18:00:00,24.26,89.2,0.0,64.7,5.42,22.59,61.94,-6.932507,107.635992,Asia/Jakarta
2026-01-26 21:00:00,24.17,87.0,5.26,46.7,5.65,23.39,59.15,-6.932507,107.635992,Asia/Jakarta
2026-01-27 00:00:00,24.21,82.5,7.1,50.5,3.69,23.7,74.62,-6.932507,107.635992,Asia/Jakarta
2026-01-27 03:00:00,23.45,88.6,5.39,43.8,4.32,22.06,71.12,-6.932507,107.635992,Asia/Jakarta
2026-01-27 06:00:00,23.92,88.5,0.0,53.7,2.92,22.24,59.97,-6.932507,107.635992,Asia/Jakarta
2026-01-27 09:00:00,29.36,74.0,0.0,38.9,4.4,27.46,38.81,-6.932507,107.635992,Asia/Jakarta
2026-01-27 12:00:00,31.49,77.0,0.0,45.7,8.5,29.72,37.49,-6.932507,107.635992,Asia/Jakarta
2026-01-27 15:00:00,30.39,79.1,0.0,39.9,6.85,29.85,43.61,-6.932507,107.635992,Asia/Jakarta
2026-01-27 18:00:00,23.36,86.0,11.04,40.2,4.34,22.71,80.88,-6.932507,107.635992,Asia/Jakarta
2026-01-27 21:00:00,22.84,95.0,7.09,65.4,2.93,21.47,71.82,-6.932507,107.635992,Asia/Jakarta
2026-01-28 00:00:00,22.74,85.9,0.0,45.4,5.14,22.12,61.61,-6.932507,107.635992,Asia/Jakarta
2026-01-28 03:00:00,24.64,90.8,3.03,63.7,5.67,23.99,64.19,-6.932507,107.635992,Asia/Jakarta
2026-01-28 06:00:00,23.71,92.7,0.0,52.2,2.83,22.1,52.33,-6.932507,107.635992,Asia/Jakarta
2026-01-28 09:00:00,27.86,75.6,2.13,50.3,7.39,26.15,42.47,-6.932507,107.635992,Asia/Jakarta
2026-01-28 12:00:00,30.72,69.8,0.0,25.6,8.13,29.72,36.96,-6.932507,107.635992,Asia/Jakarta
2026-01-28 15:00:00,28.01,83.6,3.1,52.4,7.11,26.41,51.45,-6.932507,107.635992,Asia/Jakarta
2026-01-28 18:00:00,22.88,92.5,0.0,64.3,3.34,21.36,53.53,-6.932507,107.635992,Asia/Jakarta
2026-01-28 21:00:00,25.13,86.2,0.0,55.7,4.22,23.98,50.81,-6.932507,107.635992,Asia/Jakarta
2026-01-29 00:00:00,24.34,86.0,5.52,57.8,2.98,23.22,74.72,-6.932507,107.635992,Asia/Jakarta
2026-01-29 03:00:00,24.23,85.0,0.0,51.8,4.97,22.83,51.08,-6.932507,107.635992,Asia/Jakarta
2026-01-29 06:00:00,22.5,87.1,0.0,53.3,4.92,20.78,56.23,-6.932507,107.635992,Asia/Jakarta
2026-01-29 09:00:00,29.19,81.6,0.0,39.5,5.08,28.62,41.1,-6.932507,107.635992,Asia/Jakarta
2026-01-29 12:00:00,29.72,74.7,2.33,49.9,5.39,28.9,38.17,-6.932507,107.635992,Asia/Jakarta
2026-01-29 15:00:00,27.78,81.8,5.63,43.7,5.83,26.31,51.84,-6.932507,107.635992,Asia/Jakarta
2026-01-29 18:00:00,22.87,88.9,5.19,64.3,4.32,21.38,62.82,-6.932507,107.635992,Asia/Jakarta
2026-01-29 21:00:00,25.07,82.0,1.45,43.3,4.83,24.21,65.34,-6.932507,107.635992,Asia/Jakarta
2026-01-30 00:00:00,23.97,85.6,7.0,38.8,4.12,22.13,63.38,-6.932507,107.635992,Asia/Jakarta
2026-01-30 03:00:00,22.68,90.2,4.37,49.1,5.58,21.76,58.87,-6.932507,107.635992,Asia/Jakarta
2026-01-30 06:00:00,23.78,83.4,10.69,54.3,4.55,22.31,76.08,-6.932507,107.635992,Asia/Jakarta
2026-01-30 09:00:00,28.8,79.6,0.0,38.2,5.63,27.97,39.67,-6.932507,107.635992,Asia/Jakarta
2026-01-30 12:00:00,32.21,65.7,0.0,23.3,5.77,30.95,48.18,-6.932507,107.635992,Asia/Jakarta
2026-01-30 15:00:00,30.25,70.8,0.0,40.1,6.68,28.76,41.45,-6.932507,107.635992,Asia/Jakarta
2026-01-30 18:00:00,24.9,88.4,0.0,40.9,5.6,23.97,50.86,-6.932507,107.635992,Asia/Jakarta
2026-01-30 21:00:00,24.93,88.4,3.28,56.5,4.65,23.63,67.0,-6.932507,107.635992,Asia/Jakarta
2026-01-31 00:00:00,23.05,89.8,2.61,54.4,2.57,21.39,65.04,-6.932507,107.635992,Asia/Jakarta
2026-01-31 03:00:00,23.76,86.7,1.29,50.3,5.06,22.62,61.37,-6.932507,107.635992,Asia/Jakarta
2026-01-31 06:00:00,24.59,84.3,1.27,41.1,5.45,23.24,59.42,-6.932507,107.635992,Asia/Jakarta
2026-01-31 09:00:00,27.74,79.7,6.44,36.4,4.43,26.53,56.65,-6.932507,107.635992,Asia/Jakarta
2026-01-31 12:00:00,30.22,73.1,0.0,30.5,5.06,28.88,34.22,-6.932507,107.635992,Asia/Jakarta
2026-01-31 15:00:00,27.86,78.8,0.0,31.9,6.14,27.21,48.92,-6.932507,107.635992,Asia/Jakarta
2026-01-31 18:00:00,25.47,85.2,9.99,54.4,3.25,24.91,74.91,-6.932507,107.635992,Asia/Jakarta
2026-01-31 21:00:00,22.54,91.8,3.07,46.6,4.56,21.72,60.95,-6.932507,107.635992,Asia/Jakarta
2026-02-01 00:00:00,23.52,86.2,0.0,41.0,5.27,22.08,55.59,-6.932507,107.635992,Asia/Jakarta
2026-02-01 03:00:00,24.78,81.6,0.0,50.1,4.8,24.27,58.13,-6.932507,107.635992,Asia/Jakarta
2026-02-01 06:00:00,25.03,88.8,2.92,46.0,3.66,23.65,54.84,-6.932507,107.635992,Asia/Jakarta
2026-02-01 09:00:00,30.22,72.5,0.0,34.8,5.52,28.68,44.34,-6.932507,107.635992,Asia/Jakarta
2026-02-01 12:00:00,29.58,72.1,3.52,39.1,5.96,28.85,43.5,-6.932507,107.635992,Asia/Jakarta
2026-02-01 15:00:00,29.66,78.2,7.32,34.9,4.73,28.17,60.58,-6.932507,107.635992,Asia/Jakarta
2026-02-01 18:00:00,23.18,85.9,0.0,40.7,3.21,21.36,57.03,-6.932507,107.635992,Asia/Jakarta
2026-02-01 21:00:00,23.4,90.9,1.47,46.6,5.65,22.89,57.81,-6.932507,107.635992,Asia/Jakarta
2026-02-02 00:00:00,23.62,88.9,0.0,57.3,2.88,22.81,59.23,-6.932507,107.635992,Asia/Jakarta
2026-02-02 03:00:00,22.96,86.1,0.0,43.6,3.43,21.63,55.32,-6.932507,107.635992,Asia/Jakarta
2026-02-02 06:00:00,24.53,91.2,0.0,65.6,5.71,22.7,62.75,-6.932507,107.635992,Asia/Jakarta
2026-02-02 09:00:00,27.92,84.5,0.0,49.3,7.61,26.51,43.9,-6.932507,107.635992,Asia/Jakarta
2026-02-02 12:00:00,31.88,69.0,3.99,27.3,7.57,31.35,54.13,-6.932507,107.635992,Asia/Jakarta
2026-02-02 15:00:00,28.67,76.8,0.0,41.6,7.33,27.13,38.95,-6.932507,107.635992,Asia/Jakarta
2026-02-02 18:00:00,25.2,82.6,0.0,51.4,2.9,23.34,54.67,-6.932507,107.635992,Asia/Jakarta
2026-02-02 21:00:00,24.24,89.7,0.0,44.9,4.39,23.55,50.71,-6.932507,107.635992,Asia/Jakarta
2026-02-03 00:00:00,25.22,85.3,0.0,51.9,3.35,24.22,55.84,-6.932507,107.635992,Asia/Jakarta
2026-02-03 03:00:00,24.11,85.2,6.54,45.1,3.12,22.34,68.23,-6.932507,107.635992,Asia/Jakarta
2026-02-03 06:00:00,23.12,92.7,0.0,50.0,4.31,22.51,57.0,-6.932507,107.635992,Asia/Jakarta
2026-02-03 09:00:00,29.61,76.5,4.8,46.2,4.84,27.84,52.08,-6.932507,107.635992,Asia/Jakarta
2026-02-03 12:00:00,29.59,78.7,0.0,49.4,7.42,28.01,46.81,-6.932507,107.635992,Asia/Jakarta
2026-02-03 15:00:00,27.7,76.7,0.0,46.5,4.55,26.48,48.11,-6.932507,107.635992,Asia/Jakarta
2026-02-03 18:00:00,24.92,85.3,0.0,58.7,2.7,22.96,57.09,-6.932507,107.635992,Asia/Jakarta
2026-02-03 21:00:00,22.58,87.3,0.09,47.8,2.9,21.11,61.83,-6.932507,107.635992,Asia/Jakarta
2026-02-04 00:00:00,24.76,83.8,0.0,37.9,4.6,23.54,56.22,-6.932507,107.635992,Asia/Jakarta
2026-02-04 03:00:00,23.97,92.0,5.41,45.8,5.17,22.29,66.92,-6.932507,107.635992,Asia/Jakarta
2026-02-04 06:00:00,23.44,88.7,4.84,52.8,2.65,21.95,58.43,-6.932507,107.635992,Asia/Jakarta
2026-02-04 09:00:00,30.11,73.8,8.29,41.0,6.8,29.38,59.74,-6.932507,107.635992,Asia/Jakarta
2026-02-04 12:00:00,30.63,70.1,0.0,32.0,6.79,29.58,48.85,-6.932507,107.635992,Asia/Jakarta
2026-02-04 15:00:00,27.6,78.3,0.0,34.4,6.82,27.04,45.94,-6.932507,107.635992,Asia/Jakarta
2026-02-04 18:00:00,23.91,87.1,0.0,44.8,4.65,22.88,54.36,-6.932507,107.635992,Asia/Jakarta
2026-02-04 21:00:00,25.5,87.4,0.0,58.1,5.5,24.81,55.41,-6.932507,107.635992,Asia/Jakarta
2026-02-05 00:00:00,22.68,93.6,0.0,67.9,3.38,20.85,55.46,-6.932507,107.635992,Asia/Jakarta
2026-02-05 03:00:00,25.25,87.6,0.0,45.8,5.87,23.92,57.3,-6.932507,107.635992,Asia/Jakarta
2026-02-05 06:00:00,23.92,91.8,9.47,49.7,5.01,22.45,70.84,-6.932507,107.635992,Asia/Jakarta
2026-02-05 09:00:00,28.65,75.5,8.01,43.6,5.67,27.06,65.57,-6.932507,107.635992,Asia/Jakarta
2026-02-05 12:00:00,31.07,74.4,3.53,42.4,6.04,29.25,41.1,-6.932507,107.635992,Asia/Jakarta
2026-02-05 15:00:00,29.72,72.1,0.0,41.4,5.78,27.78,38.77,-6.932507,107.635992,Asia/Jakarta
2026-02-05 18:00:00,23.26,89.0,0.67,42.0,5.81,22.52,58.58,-6.932507,107.635992,Asia/Jakarta
2026-02-05 21:00:00,25.34,83.7,0.0,42.7,3.15,23.76,59.62,-6.932507,107.635992,Asia/Jakarta
2026-02-06 00:00:00,23.61,89.1,2.9,45.5,5.53,22.1,65.05,-6.932507,107.635992,Asia/Jakarta
2026-02-06 03:00:00,23.91,86.1,0.0,57.1,4.3,22.61,62.36,-6.932507,107.635992,Asia/Jakarta
2026-02-06 06:00:00,25.25,80.4,3.45,37.8,3.35,23.97,65.75,-6.932507,107.635992,Asia/Jakarta
2026-02-06 09:00:00,29.94,73.1,9.9,42.5,6.4,28.43,70.04,-6.932507,107.635992,Asia/Jakarta
2026-02-06 12:00:00,30.52,72.0,0.0,39.3,6.02,29.7,36.27,-6.932507,107.635992,Asia/Jakarta
2026-02-06 15:00:00,30.36,77.7,0.0,34.3,6.32,29.68,51.24,-6.932507,107.635992,Asia/Jakarta
2026-02-06 18:00:00,24.69,89.4,1.76,60.8,4.99,23.49,58.15,-6.932507,107.635992,Asia/Jakarta
2026-02-06 21:00:00,25.14,81.7,0.0,34.8,3.34,23.62,48.46,-6.932507,107.635992,Asia/Jakarta
2026-02-07 00:00:00,23.98,84.2,0.0,51.7,2.64,23.43,53.51,-6.932507,107.635992,Asia/Jakarta
2026-02-07 03:00:00,22.73,86.3,0.0,56.3,4.24,20.74,62.39,-6.932507,107.635992,Asia/Jakarta
2026-02-07 06:00:00,22.79,95.0,0.0,67.6,5.02,22.27,55.39,-6.932507,107.635992,Asia/Jakarta
2026-02-07 09:00:00,30.18,71.9,0.0,24.5,6.32,29.06,42.45,-6.932507,107.635992,Asia/Jakarta
2026-02-07 12:00:00,31.15,76.2,0.95,40.7,7.41,29.69,40.43,-6.932507,107.635992,Asia/Jakarta
2026-02-07 15:00:00,28.94,79.7,0.0,51.5,7.63,27.07,51.63,-6.932507,107.635992,Asia/Jakarta
2026-02-07 18:00:00,25.15,87.2,0.0,48.6,3.71,24.53,61.17,-6.932507,107.635992,Asia/Jakarta
2026-02-07 21:00:00,24.31,90.2,0.0,63.1,4.51,23.37,48.74,-6.932507,107.635992,Asia/Jakarta
2026-02-08 00:00:00,23.19,89.8,2.34,50.0,2.99,22.4,68.1,-6.932507,107.635992,Asia/Jakarta
2026-02-08 03:00:00,24.94,82.4,0.0,39.6,3.02,24.03,50.84,-6.932507,107.635992,Asia/Jakarta
2026-02-08 06:00:00,23.51,84.6,1.85,42.7,5.11,22.82,62.76,-6.932507,107.635992,Asia/Jakarta
2026-02-08 09:00:00,29.06,81.6,0.0,34.6,4.34,28.2,49.77,-6.932507,107.635992,Asia/Jakarta
2026-02-08 12:00:00,32.31,69.6,0.0,44.8,6.82,30.69,34.54,-6.932507,107.635992,Asia/Jakarta
2026-02-08 15:00:00,28.73,81.3,0.0,55.9,7.33,26.9,37.99,-6.932507,107.635992,Asia/Jakarta
2026-02-08 18:00:00,23.58,87.7,0.0,54.2,5.17,22.06,53.18,-6.932507,107.635992,Asia/Jakarta
2026-02-08 21:00:00,22.72,94.9,0.0,52.0,5.19,21.71,51.06,-6.932507,107.635992,Asia/Jakarta
2026-02-09 00:00:00,22.66,89.9,0.86,55.1,2.88,21.43,58.91,-6.932507,107.635992,Asia/Jakarta
2026-02-09 03:00:00,24.79,87.6,3.12,43.0,4.34,23.16,58.08,-6.932507,107.635992,Asia/Jakarta
2026-02-09 06:00:00,22.62,88.1,3.55,61.6,4.35,21.83,61.97,-6.932507,107.635992,Asia/Jakarta
2026-02-09 09:00:00,28.35,78.4,0.0,46.5,7.4,27.78,39.28,-6.932507,107.635992,Asia/Jakarta
2026-02-09 12:00:00,30.2,73.5,0.81,42.9,7.33,28.66,42.01,-6.932507,107.635992,Asia/Jakarta
2026-02-09 15:00:00,29.27,72.2,0.0,33.1,6.74,28.34,49.95,-6.932507,107.635992,Asia/Jakarta
2026-02-09 18:00:00,23.05,85.0,0.0,60.9,4.54,21.41,49.65,-6.932507,107.635992,Asia/Jakarta
2026-02-09 21:00:00,24.62,87.7,0.0,54.8,4.5,22.95,53.01,-6.932507,107.635992,Asia/Jakarta
2026-02-10 00:00:00,23.39,89.6,0.0,56.1,5.05,21.42,57.85,-6.932507,107.635992,Asia/Jakarta
2026-02-10 03:00:00,23.87,92.0,0.0,51.1,3.78,21.94,53.15,-6.932507,107.635992,Asia/Jakarta
2026-02-10 06:00:00,23.24,87.7,2.6,42.2,4.25,21.82,57.67,-6.932507,107.635992,Asia/Jakarta
2026-02-10 09:00:00,30.37,71.4,1.74,27.6,4.92,28.65,53.41,-6.932507,107.635992,Asia/Jakarta
2026-02-10 12:00:00,30.38,70.8,3.64,46.1,6.96,29.27,56.01,-6.932507,107.635992,Asia/Jakarta
2026-02-10 15:00:00,29.55,81.0,3.91,44.4,4.68,27.59,57.92,-6.932507,107.635992,Asia/Jakarta
2026-02-10 18:00:00,22.59,90.2,1.74,60.2,5.8,21.31,62.42,-6.932507,107.635992,Asia/Jakarta
2026-02-10 21:00:00,23.16,91.3,6.95,57.7,3.35,22.45,77.49,-6.932507,107.635992,Asia/Jakarta
2026-02-11 00:00:00,25.19,87.9,0.0,59.9,5.4,23.25,61.36,-6.932507,107.635992,Asia/Jakarta
2026-02-11 03:00:00,25.16,81.5,0.0,37.0,4.64,23.84,52.46,-6.932507,107.635992,Asia/Jakarta
2026-02-11 06:00:00,25.05,82.1,3.39,48.2,4.87,24.15,61.4,-6.932507,107.635992,Asia/Jakarta
2026-02-11 09:00:00,29.8,74.4,0.0,35.5,4.52,29.28,50.37,-6.932507,107.635992,Asia/Jakarta
2026-02-11 12:00:00,30.95,72.5,0.0,40.6,5.51,29.65,36.04,-6.932507,107.635992,Asia/Jakarta
2026-02-11 15:00:00,29.16,81.8,1.82,51.8,4.94,27.85,45.38,-6.932507,107.635992,Asia/Jakarta
2026-02-11 18:00:00,23.22,92.4,0.75,51.9,4.69,22.68,49.3,-6.932507,107.635992,Asia/Jakarta
2026-02-11 21:00:00,25.38,84.7,4.07,42.1,5.48,24.29,62.9,-6.932507,107.635992,Asia/Jakarta
2026-02-12 00:00:00,25.16,81.0,0.0,34.3,5.17,24.54,55.06,-6.932507,107.635992,Asia/Jakarta
2026-02-12 03:00:00,24.5,89.9,0.0,49.9,5.49,23.91,47.77,-6.932507,107.635992,Asia/Jakarta
2026-02-12 06:00:00,24.08,88.7,4.83,47.4,4.62,23.1,71.35,-6.932507,107.635992,Asia/Jakarta
2026-02-12 09:00:00,28.81,80.4,2.24,53.1,7.32,27.35,57.22,-6.932507,107.635992,Asia/Jakarta
2026-02-12 12:00:00,31.38,67.8,0.0,28.6,5.95,30.22,47.33,-6.932507,107.635992,Asia/Jakarta
2026-02-12 15:00:00,29.25,75.7,0.0,29.1,7.37,27.6,48.72,-6.932507,107.635992,Asia/Jakarta
2026-02-12 18:00:00,23.73,84.7,3.73,39.9,5.3,22.5,67.14,-6.932507,107.635992,Asia/Jakarta
2026-02-12 21:00:00,24.38,86.8,9.47,48.0,3.06,22.97,79.02,-6.932507,107.635992,Asia/Jakarta
2026-02-13 00:00:00,24.81,83.7,0.0,45.3,4.37,24.01,48.07,-6.932507,107.635992,Asia/Jakarta
2026-02-13 03:00:00,23.11,87.0,0.0,61.5,3.6,22.35,58.44,-6.932507,107.635992,Asia/Jakarta
2026-02-13 06:00:00,23.53,93.4,0.0,48.0,2.78,21.76,47.17,-6.932507,107.635992,Asia/Jakarta
2026-02-13 09:00:00,30.15,71.5,0.0,26.0,4.27,28.52,38.9,-6.932507,107.635992,Asia/Jakarta
2026-02-13 12:00:00,30.21,74.9,6.23,43.0,6.74,29.2,55.88,-6.932507,107.635992,Asia/Jakarta
2026-02-13 15:00:00,27.81,77.0,0.0,30.8,5.31,27.24,41.33,-6.932507,107.635992,Asia/Jakarta
2026-02-13 18:00:00,25.38,88.5,0.29,48.3,3.88,23.42,55.8,-6.932507,107.635992,Asia/Jakarta
2026-02-13 21:00:00,22.78,88.1,1.8,64.0,3.22,22.13,54.96,-6.932507,107.635992,Asia/Jakarta
2026-02-14 00:00:00,23.91,84.1,0.0,39.5,5.27,23.16,57.68,-6.932507,107.635992,Asia/Jakarta
2026-02-14 03:00:00,23.06,84.9,3.01,40.8,4.22,21.76,66.75,-6.932507,107.635992,Asia/Jakarta
2026-02-14 06:00:00,23.05,91.1,0.0,49.3,3.97,22.04,56.16,-6.932507,107.635992,Asia/Jakarta
2026-02-14 09:00:00,29.94,78.2,3.54,46.7,6.92,29.09,58.75,-6.932507,107.635992,Asia/Jakarta
2026-02-14 12:00:00,31.97,68.5,0.0,23.3,6.9,30.85,48.93,-6.932507,107.635992,Asia/Jakarta
2026-02-14 15:00:00,28.47,79.1,0.0,41.9,5.99,27.15,48.35,-6.932507,107.635992,Asia/Jakarta
2026-02-14 18:00:00,24.41,86.0,3.79,60.2,4.17,22.62,56.32,-6.932507,107.635992,Asia/Jakarta
2026-02-14 21:00:00,23.99,91.8,0.0,56.3,5.51,22.34,47.25,-6.932507,107.635992,Asia/Jakarta
2026-01-01 00:00:00,23.63,85.0,4.61,52.8,3.28,22.12,62.73,-6.929808,107.601882,Asia/Jakarta
2026-01-01 03:00:00,22.76,89.3,3.09,62.3,5.22,21.59,62.42,-6.929808,107.601882,Asia/Jakarta
2026-01-01 06:00:00,22.81,87.9,0.0,53.6,4.33,22.05,59.32,-6.929808,107.601882,Asia/Jakarta
2026-01-01 09:00:00,30.39,70.8,0.0,36.4,6.91,29.06,52.38,-6.929808,107.601882,Asia/Jakarta
2026-01-01 12:00:00,31.1,74.7,0.0,32.3,6.9,29.3,45.53,-6.929808,107.601882,Asia/Jakarta
2026-01-01 15:00:00,30.31,70.8,0.0,44.9,7.06,28.77,52.32,-6.929808,107.601882,Asia/Jakarta
2026-01-01 18:00:00,23.19,92.9,0.0,55.3,5.01,21.24,51.01,-6.929808,107.601882,Asia/Jakarta
2026-01-01 21:00:00,24.45,84.8,0.0,51.4,4.63,23.85,55.86,-6.929808,107.601882,Asia/Jakarta
2026-01-02 00:00:00,22.75,88.9,3.38,55.9,5.87,22.2,66.45,-6.929808,107.601882,Asia/Jakarta
2026-01-02 03:00:00,24.46,82.7,6.45,56.9,4.4,23.25,68.35,-6.929808,107.601882,Asia/Jakarta
2026-01-02 06:00:00,24.12,92.3,0.0,48.8,4.08,23.5,53.09,-6.929808,107.601882,Asia/Jakarta
2026-01-02 09:00:00,29.29,78.9,4.13,46.8,6.4,27.98,54.07,-6.929808,107.601882,Asia/Jakarta
2026-01-02 12:00:00,32.07,71.6,0.0,34.1,7.96,31.38,46.39,-6.929808,107.601882,Asia/Jakarta
2026-01-02 15:00:00,29.0,74.3,1.17,50.1,6.52,27.71,44.77,-6.929808,107.601882,Asia/Jakarta
2026-01-02 18:00:00,23.7,85.3,3.62,52.3,2.68,23.15,59.27,-6.929808,107.601882,Asia/Jakarta
2026-01-02 21:00:00,25.18,83.9,3.01,59.8,4.67,23.83,64.59,-6.929808,107.601882,Asia/Jakarta
2026-01-03 00:00:00,22.59,87.0,0.0,45.7,5.22,21.53,52.48,-6.929808,107.601882,Asia/Jakarta
2026-01-03 03:00:00,23.25,93.7,0.0,55.1,3.19,21.53,52.65,-6.929808,107.601882,Asia/Jakarta
2026-01-03 06:00:00,23.38,90.5,0.45,57.7,4.36,22.48,57.21,-6.929808,107.601882,Asia/Jakarta
2026-01-03 09:00:00,28.62,81.8,3.76,54.5,7.63,26.72,60.15,-6.929808,107.601882,Asia/Jakarta
2026-01-03 12:00:00,30.52,70.8,0.0,24.7,6.15,29.51,41.53,-6.929808,107.601882,Asia/Jakarta
2026-01-03 15:00:00,30.42,74.2,1.32,48.1,4.85,29.31,49.21,-6.929808,107.601882,Asia/Jakarta
2026-01-03 18:00:00,24.27,90.9,0.0,48.3,5.24,23.43,52.92,-6.929808,107.601882,Asia/Jakarta
2026-01-03 21:00:00,25.47,84.7,6.52,50.2,3.78,24.24,76.57,-6.929808,107.601882,Asia/Jakarta
2026-01-04 00:00:00,23.29,88.2,4.56,60.6,4.63,21.63,69.13,-6.929808,107.601882,Asia/Jakarta
2026-01-04 03:00:00,23.36,86.8,1.1,38.9,4.68,21.52,63.46,-6.929808,107.601882,Asia/Jakarta
2026-01-04 06:00:00,24.97,81.5,0.0,53.5,4.6,24.17,49.64,-6.929808,107.601882,Asia/Jakarta
2026-01-04 09:00:00,29.95,73.6,0.0,31.3,4.57,28.86,42.93,-6.929808,107.601882,Asia/Jakarta
2026-01-04 12:00:00,29.76,73.6,0.0,28.2,5.71,29.0,36.47,-6.929808,107.601882,Asia/Jakarta
2026-01-04 15:00:00,29.31,73.8,0.0,35.9,7.59,27.61,38.66,-6.929808,107.601882,Asia/Jakarta
2026-01-04 18:00:00,23.84,86.3,0.0,38.7,5.83,22.05,49.39,-6.929808,107.601882,Asia/Jakarta
2026-01-04 21:00:00,24.91,83.7,6.31,54.2,5.22,23.83,63.72,-6.929808,107.601882,Asia/Jakarta
2026-01-05 00:00:00,24.09,92.6,8.38,61.3,4.47,22.34,75.12,-6.929808,107.601882,Asia/Jakarta
2026-01-05 03:00:00,24.77,81.2,2.73,41.9,4.3,23.12,61.93,-6.929808,107.601882,Asia/Jakarta
2026-01-05 06:00:00,23.71,92.3,3.0,66.8,5.7,22.58,66.01,-6.929808,107.601882,Asia/Jakarta
2026-01-05 09:00:00,30.32,78.2,5.9,44.2,6.91,29.4,58.7,-6.929808,107.601882,Asia/Jakarta
2026-01-05 12:00:00,32.09,67.2,0.0,36.1,8.44,31.17,47.29,-6.929808,107.601882,Asia/Jakarta
2026-01-05 15:00:00,29.35,78.9,7.96,41.0,7.3,27.58,67.21,-6.929808,107.601882,Asia/Jakarta
2026-01-05 18:00:00,23.36,89.2,0.0,48.5,2.92,21.82,48.33,-6.929808,107.601882,Asia/Jakarta
2026-01-05 21:00:00,25.46,80.0,0.62,54.4,2.64,24.5,50.86,-6.929808,107.601882,Asia/Jakarta
2026-01-06 00:00:00,24.42,87.8,1.24,60.9,3.33,22.68,60.01,-6.929808,107.601882,Asia/Jakarta
2026-01-06 03:00:00,25.47,80.9,2.38,40.7,3.23,24.25,57.42,-6.929808,107.601882,Asia/Jakarta
2026-01-06 06:00:00,24.07,89.0,0.0,51.2,4.89,23.14,51.54,-6.929808,107.601882,Asia/Jakarta
2026-01-06 09:00:00,29.01,78.4,0.0,39.7,6.78,27.06,39.41,-6.929808,107.601882,Asia/Jakarta
2026-01-06 12:00:00,31.57,76.3,0.0,38.4,7.76,30.63,44.51,-6.929808,107.601882,Asia/Jakarta
2026-01-06 15:00:00,28.69,80.4,0.0,35.5,7.71,26.81,48.36,-6.929808,107.601882,Asia/Jakarta
2026-01-06 18:00:00,23.36,93.6,2.6,47.3,5.35,21.65,64.04,-6.929808,107.601882,Asia/Jakarta
2026-01-06 21:00:00,22.82,86.6,5.78,58.7,4.62,21.35,73.77,-6.929808,107.601882,Asia/Jakarta
2026-01-07 00:00:00,24.38,88.2,0.0,41.7,5.6,23.26,55.31,-6.929808,107.601882,Asia/Jakarta
2026-01-07 03:00:00,23.97,84.9,7.99,50.2,4.36,22.86,76.85,-6.929808,107.601882,Asia/Jakarta
2026-01-07 06:00:00,24.62,88.2,8.39,44.4,3.73,23.73,72.89,-6.929808,107.601882,Asia/Jakarta
2026-01-07 09:00:00,30.37,75.0,0.6,33.4,4.81,29.82,47.56,-6.929808,107.601882,Asia/Jakarta
2026-01-07 12:00:00,29.93,71.3,0.0,42.9,7.6,28.44,39.12,-6.929808,107.601882,Asia/Jakarta
2026-01-07 15:00:00,28.17,75.1,0.0,28.3,6.78,26.7,52.47,-6.929808,107.601882,Asia/Jakarta
2026-01-07 18:00:00,23.03,89.4,1.66,46.6,5.01,21.68,54.13,-6.929808,107.601882,Asia/Jakarta
2026-01-07 21:00:00,24.25,84.1,2.03,56.3,3.14,22.31,53.95,-6.929808,107.601882,Asia/Jakarta
2026-01-08 00:00:00,25.23,82.4,1.65,44.2,2.85,24.24,57.46,-6.929808,107.601882,Asia/Jakarta
2026-01-08 03:00:00,25.06,81.3,0.0,40.6,3.0,24.07,61.35,-6.929808,107.601882,Asia/Jakarta
2026-01-08 06:00:00,23.59,93.3,0.0,64.2,4.39,21.68,52.12,-6.929808,107.601882,Asia/Jakarta
2026-01-08 09:00:00,28.25,75.1,0.0,44.5,6.87,27.51,44.99,-6.929808,107.601882,Asia/Jakarta
2026-01-08 12:00:00,30.68,71.2,0.0,23.7,8.03,28.75,42.24,-6.929808,107.601882,Asia/Jakarta
2026-01-08 15:00:00,28.94,79.6,0.0,34.4,6.38,27.57,50.67,-6.929808,107.601882,Asia/Jakarta
2026-01-08 18:00:00,22.51,91.6,4.55,54.2,3.66,21.11,67.68,-6.929808,107.601882,Asia/Jakarta
2026-01-08 21:00:00,24.78,90.3,4.95,59.5,4.98,24.07,70.97,-6.929808,107.601882,Asia/Jakarta
2026-01-09 00:00:00,25.35,89.4,3.35,53.9,2.6,23.4,65.17,-6.929808,107.601882,Asia/Jakarta
2026-01-09 03:00:00,22.9,88.7,0.0,58.2,2.69,22.35,50.02,-6.929808,107.601882,Asia/Jakarta
2026-01-09 06:00:00,22.63,93.3,0.0,57.0,4.9,21.38,54.45,-6.929808,107.601882,Asia/Jakarta
2026-01-09 09:00:00,30.04,74.5,0.0,42.9,6.79,28.54,51.16,-6.929808,107.601882,Asia/Jakarta
2026-01-09 12:00:00,30.57,71.4,0.0,36.2,7.8,28.89,47.76,-6.929808,107.601882,Asia/Jakarta
2026-01-09 15:00:00,29.89,70.8,0.0,23.3,5.09,29.27,43.31,-6.929808,107.601882,Asia/Jakarta
2026-01-09 18:00:00,24.22,90.3,3.11,50.0,3.71,22.29,67.79,-6.929808,107.601882,Asia/Jakarta
2026-01-09 21:00:00,25.12,86.2,2.47,60.4,5.23,24.36,62.72,-6.929808,107.601882,Asia/Jakarta
2026-01-10 00:00:00,25.28,89.5,0.0,59.5,2.82,24.36,50.18,-6.929808,107.601882,Asia/Jakarta
2026-01-10 03:00:00,25.1,85.6,0.0,39.0,5.69,23.12,56.22,-6.929808,107.601882,Asia/Jakarta
2026-01-10 06:00:00,22.75,92.3,0.0,56.3,2.9,21.3,53.37,-6.929808,107.601882,Asia/Jakarta
2026-01-10 09:00:00,29.65,72.1,0.0,27.9,7.5,28.53,52.46,-6.929808,107.601882,Asia/Jakarta
2026-01-10 12:00:00,31.76,67.9,0.0,22.7,7.36,30.68,34.85,-6.929808,107.601882,Asia/Jakarta
2026-01-10 15:00:00,27.76,84.0,0.0,37.0,4.38,26.75,39.28,-6.929808,107.601882,Asia/Jakarta
2026-01-10 18:00:00,24.73,86.6,2.71,49.1,5.74,23.91,64.91,-6.929808,107.601882,Asia/Jakarta
2026-01-10 21:00:00,23.38,86.0,9.4,47.2,2.55,21.9,70.54,-6.929808,107.601882,Asia/Jakarta
2026-01-11 00:00:00,24.5,84.8,5.48,49.3,5.25,23.86,61.87,-6.929808,107.601882,Asia/Jakarta
2026-01-11 03:00:00,22.57,91.4,2.54,52.9,5.73,21.2,66.35,-6.929808,107.601882,Asia/Jakarta
2026-01-11 06:00:00,23.48,85.2,3.06,51.6,2.56,22.69,66.9,-6.929808,107.601882,Asia/Jakarta
2026-01-11 09:00:00,29.99,80.2,4.63,40.6,7.04,28.39,60.25,-6.929808,107.601882,Asia/Jakarta
2026-01-11 12:00:00,29.5,80.5,0.0,49.7,6.21,28.13,45.47,-6.929808,107.601882,Asia/Jakarta
2026-01-11 15:00:00,29.92,78.1,0.0,35.6,4.76,28.02,40.15,-6.929808,107.601882,Asia/Jakarta
2026-01-11 18:00:00,24.15,87.9,0.0,49.2,2.96,23.26,60.54,-6.929808,107.601882,Asia/Jakarta
2026-01-11 21:00:00,22.72,92.9,1.1,48.7,4.19,22.04,50.28,-6.929808,107.601882,Asia/Jakarta
2026-01-12 00:00:00,24.34,86.9,3.72,52.3,3.08,23.18,65.09,-6.929808,107.601882,Asia/Jakarta
2026-01-12 03:00:00,24.66,82.3,0.0,44.5,3.94,22.87,49.08,-6.929808,107.601882,Asia/Jakarta
2026-01-12 06:00:00,24.09,92.1,5.27,46.6,5.84,22.28,61.13,-6.929808,107.601882,Asia/Jakarta
2026-01-12 09:00:00,29.34,71.7,0.0,40.5,4.38,28.82,38.04,-6.929808,107.601882,Asia/Jakarta
2026-01-12 12:00:00,30.59,78.0,0.0,53.0,7.69,29.45,40.22,-6.929808,107.601882,Asia/Jakarta
2026-01-12 15:00:00,29.81,76.8,0.0,37.7,6.99,28.88,42.67,-6.929808,107.601882,Asia/Jakarta
2026-01-12 18:00:00,25.03,90.1,0.0,48.1,2.98,23.84,59.96,-6.929808,107.601882,Asia/Jakarta
2026-01-12 21:00:00,22.51,86.4,4.8,39.8,5.24,21.7,59.52,-6.929808,107.601882,Asia/Jakarta
2026-01-13 00:00:00,24.92,88.2,1.68,50.1,4.07,23.0,55.11,-6.929808,107.601882,Asia/Jakarta
2026-01-13 03:00:00,23.97,87.1,1.97,40.1,2.84,22.92,62.96,-6.929808,107.601882,Asia/Jakarta
2026-01-13 06:00:00,22.82,91.2,0.39,64.0,3.7,22.2,48.83,-6.929808,107.601882,Asia/Jakarta
2026-01-13 09:00:00,28.97,76.4,5.66,30.9,6.76,27.02,54.87,-6.929808,107.601882,Asia/Jakarta
2026-01-13 12:00:00,31.94,69.0,0.0,44.3,6.72,30.84,36.19,-6.929808,107.601882,Asia/Jakarta
2026-01-13 15:00:00,27.79,76.8,0.0,29.2,5.49,26.28,50.85,-6.929808,107.601882,Asia/Jakarta
2026-01-13 18:00:00,23.84,90.2,12.07,56.5,3.22,22.84,82.53,-6.929808,107.601882,Asia/Jakarta
2026-01-13 21:00:00,25.5,87.7,0.0,58.3,3.05,23.59,59.96,-6.929808,107.601882,Asia/Jakarta
2026-01-14 00:00:00,25.27,88.5,1.48,61.9,3.02,24.67,55.91,-6.929808,107.601882,Asia/Jakarta
2026-01-14 03:00:00,23.22,85.8,7.06,58.3,2.7,22.1,66.79,-6.929808,107.601882,Asia/Jakarta
2026-01-14 06:00:00,22.8,95.0,11.38,62.0,2.74,21.63,73.9,-6.929808,107.601882,Asia/Jakarta
2026-01-14 09:00:00,28.91,77.2,2.27,51.1,6.89,28.05,46.3,-6.929808,107.601882,Asia/Jakarta
2026-01-14 12:00:00,31.8,71.9,0.0,43.6,7.45,30.26,44.32,-6.929808,107.601882,Asia/Jakarta
2026-01-14 15:00:00,29.17,75.1,0.0,43.1,5.38,28.29,39.85,-6.929808,107.601882,Asia/Jakarta
2026-01-14 18:00:00,24.33,82.5,0.0,48.6,4.59,22.46,54.95,-6.929808,107.601882,Asia/Jakarta
2026-01-14 21:00:00,24.85,86.3,3.07,50.1,2.73,23.69,61.17,-6.929808,107.601882,Asia/Jakarta
2026-01-15 00:00:00,22.86,89.3,0.0,55.8,2.86,20.93,61.53,-6.929808,107.601882,Asia/Jakarta
2026-01-15 03:00:00,22.95,89.9,4.03,64.7,4.5,21.2,59.84,-6.929808,107.601882,Asia/Jakarta
2026-01-15 06:00:00,24.79,85.5,0.0,42.6,4.3,23.85,56.46,-6.929808,107.601882,Asia/Jakarta
2026-01-15 09:00:00,29.16,73.1,0.0,39.8,4.5,28.26,50.26,-6.929808,107.601882,Asia/Jakarta
2026-01-15 12:00:00,32.15,74.2,4.69,49.1,5.75,30.96,44.13,-6.929808,107.601882,Asia/Jakarta
2026-01-15 15:00:00,30.16,78.3,0.0,32.8,7.21,28.67,47.67,-6.929808,107.601882,Asia/Jakarta
2026-01-15 18:00:00,24.39,88.6,0.0,46.8,5.66,22.43,55.73,-6.929808,107.601882,Asia/Jakarta
2026-01-15 21:00:00,22.75,89.1,0.0,58.0,4.3,20.76,55.07,-6.929808,107.601882,Asia/Jakarta
2026-01-16 00:00:00,24.25,91.3,4.19,64.8,4.06,22.5,56.58,-6.929808,107.601882,Asia/Jakarta
2026-01-16 03:00:00,24.01,88.7,0.0,47.6,2.61,23.41,60.13,-6.929808,107.601882,Asia/Jakarta
2026-01-16 06:00:00,24.14,86.5,0.0,44.7,3.06,22.22,48.92,-6.929808,107.601882,Asia/Jakarta
2026-01-16 09:00:00,30.1,75.2,2.42,44.9,7.71,29.04,57.98,-6.929808,107.601882,Asia/Jakarta
2026-01-16 12:00:00,32.3,70.8,5.21,24.2,6.89,31.32,51.16,-6.929808,107.601882,Asia/Jakarta
2026-01-16 15:00:00,29.45,79.6,2.47,36.0,6.24,28.34,47.33,-6.929808,107.601882,Asia/Jakarta
2026-01-16 18:00:00,24.79,87.8,4.4,62.2,4.25,23.89,69.75,-6.929808,107.601882,Asia/Jakarta
2026-01-16 21:00:00,23.0,91.6,3.26,57.0,4.12,21.63,66.21,-6.929808,107.601882,Asia/Jakarta
2026-01-17 00:00:00,25.5,89.0,0.0,52.4,3.43,24.65,56.42,-6.929808,107.601882,Asia/Jakarta
2026-01-17 03:00:00,22.85,94.3,0.0,48.4,2.89,21.61,53.83,-6.929808,107.601882,Asia/Jakarta
2026-01-17 06:00:00,24.16,85.0,0.0,48.7,5.33,23.32,55.85,-6.929808,107.601882,Asia/Jakarta
2026-01-17 09:00:00,29.62,74.5,0.0,45.2,7.06,28.11,49.98,-6.929808,107.601882,Asia/Jakarta
2026-01-17 12:00:00,30.69,71.7,0.0,24.8,6.48,28.94,43.23,-6.929808,107.601882,Asia/Jakarta
2026-01-17 15:00:00,28.58,78.7,0.0,47.9,5.77,27.31,41.35,-6.929808,107.601882,Asia/Jakarta
2026-01-17 18:00:00,22.96,89.4,0.53,45.1,3.85,21.05,50.72,-6.929808,107.601882,Asia/Jakarta
2026-01-17 21:00:00,24.24,84.7,7.77,51.9,4.41,22.29,64.1,-6.929808,107.601882,Asia/Jakarta
2026-01-18 00:00:00,25.38,87.7,2.02,46.1,4.94,24.82,55.09,-6.929808,107.601882,Asia/Jakarta
2026-01-18 03:00:00,23.81,93.1,8.29,54.5,5.96,22.4,73.67,-6.929808,107.601882,Asia/Jakarta
2026-01-18 06:00:00,22.7,85.7,6.87,57.7,2.76,22.04,78.09,-6.929808,107.601882,Asia/Jakarta
2026-01-18 09:00:00,30.14,79.9,0.0,37.8,7.72,29.39,47.34,-6.929808,107.601882,Asia/Jakarta
2026-01-18 12:00:00,31.96,68.1,3.94,29.9,6.66,31.46,48.19,-6.929808,107.601882,Asia/Jakarta
2026-01-18 15:00:00,28.01,76.9,4.87,50.9,6.06,26.34,54.22,-6.929808,107.601882,Asia/Jakarta
2026-01-18 18:00:00,24.6,90.6,0.0,51.3,5.13,23.71,54.93,-6.929808,107.601882,Asia/Jakarta
2026-01-18 21:00:00,24.35,86.4,0.0,54.0,4.94,22.67,51.38,-6.929808,107.601882,Asia/Jakarta
2026-01-19 00:00:00,23.75,91.8,0.0,55.1,5.64,23.15,61.9,-6.929808,107.601882,Asia/Jakarta
2026-01-19 03:00:00,24.05,89.7,0.0,56.0,4.41,22.74,47.67,-6.929808,107.601882,Asia/Jakarta
2026-01-19 06:00:00,25.22,80.3,0.0,41.9,3.01,24.06,51.34,-6.929808,107.601882,Asia/Jakarta
2026-01-19 09:00:00,28.69,81.4,5.29,35.9,5.41,27.6,51.69,-6.929808,107.601882,Asia/Jakarta
2026-01-19 12:00:00,30.63,71.5,0.0,33.7,7.16,29.08,47.64,-6.929808,107.601882,Asia/Jakarta
2026-01-19 15:00:00,29.2,78.9,2.85,44.0,6.04,27.66,52.45,-6.929808,107.601882,Asia/Jakarta
2026-01-19 18:00:00,25.1,83.8,0.0,49.9,5.31,24.41,47.79,-6.929808,107.601882,Asia/Jakarta
2026-01-19 21:00:00,22.9,91.1,0.0,47.4,5.23,22.03,62.91,-6.929808,107.601882,Asia/Jakarta
2026-01-20 00:00:00,25.29,89.0,2.96,42.1,4.16,23.69,60.27,-6.929808,107.601882,Asia/Jakarta
2026-01-20 03:00:00,23.18,90.5,5.11,60.5,3.88,22.31,64.98,-6.929808,107.601882,Asia/Jakarta
2026-01-20 06:00:00,25.43,86.3,0.0,40.7,3.65,24.36,56.59,-6.929808,107.601882,Asia/Jakarta
2026-01-20 09:00:00,27.47,75.8,0.0,43.5,7.09,25.52,41.88,-6.929808,107.601882,Asia/Jakarta
2026-01-20 12:00:00,30.25,70.1,0.0,44.2,7.39,28.4,37.38,-6.929808,107.601882,Asia/Jakarta
2026-01-20 15:00:00,30.03,76.3,0.0,38.6,5.41,29.29,44.07,-6.929808,107.601882,Asia/Jakarta
2026-01-20 18:00:00,24.96,90.1,0.0,49.7,4.22,23.65,54.09,-6.929808,107.601882,Asia/Jakarta
2026-01-20 21:00:00,22.59,90.3,0.0,65.1,5.88,21.33,50.08,-6.929808,107.601882,Asia/Jakarta
2026-01-21 00:00:00,24.33,86.4,0.0,44.2,3.4,23.25,53.47,-6.929808,107.601882,Asia/Jakarta
2026-01-21 03:00:00,22.89,91.5,3.29,62.0,3.51,21.44,55.97,-6.929808,107.601882,Asia/Jakarta
2026-01-21 06:00:00,24.31,85.6,2.43,59.8,5.76,22.53,59.15,-6.929808,107.601882,Asia/Jakarta
2026-01-21 09:00:00,27.8,76.3,0.0,32.7,5.85,26.59,52.53,-6.929808,107.601882,Asia/Jakarta
2026-01-21 12:00:00,31.47,70.2,0.0,25.4,5.24,30.85,33.44,-6.929808,107.601882,Asia/Jakarta
2026-01-21 15:00:00,28.29,83.6,0.0,37.8,7.25,27.42,50.15,-6.929808,107.601882,Asia/Jakarta
2026-01-21 18:00:00,24.89,87.3,1.71,63.2,5.67,24.23,59.35,-6.929808,107.601882,Asia/Jakarta
2026-01-21 21:00:00,24.27,92.1,4.5,55.6,4.46,23.65,60.03,-6.929808,107.601882,Asia/Jakarta
2026-01-22 00:00:00,24.23,91.1,0.0,51.7,5.64,23.32,61.9,-6.929808,107.601882,Asia/Jakarta
2026-01-22 03:00:00,22.9,92.3,0.0,63.3,4.74,22.18,53.8,-6.929808,107.601882,Asia/Jakarta
2026-01-22 06:00:00,22.83,86.9,1.96,43.8,5.07,21.82,65.46,-6.929808,107.601882,Asia/Jakarta
2026-01-22 09:00:00,28.74,79.8,0.0,49.3,6.13,27.71,44.48,-6.929808,107.601882,Asia/Jakarta
2026-01-22 12:00:00,31.96,67.8,0.0,43.4,5.61,30.45,35.05,-6.929808,107.601882,Asia/Jakarta
2026-01-22 15:00:00,29.53,73.5,6.09,33.3,7.06,28.63,66.18,-6.929808,107.601882,Asia/Jakarta
2026-01-22 18:00:00,22.59,95.2,0.0,53.3,3.5,20.98,54.48,-6.929808,107.601882,Asia/Jakarta
2026-01-22 21:00:00,25.11,88.9,6.45,42.8,3.18,23.13,76.14,-6.929808,107.601882,Asia/Jakarta
2026-01-23 00:00:00,23.36,89.5,0.0,59.9,4.22,21.76,62.04,-6.929808,107.601882,Asia/Jakarta
2026-01-23 03:00:00,25.45,84.3,4.84,57.9,3.22,23.98,68.28,-6.929808,107.601882,Asia/Jakarta
2026-01-23 06:00:00,24.54,83.3,5.58,39.4,5.41,23.01,67.9,-6.929808,107.601882,Asia/Jakarta
2026-01-23 09:00:00,29.91,79.4,4.85,39.9,6.17,29.31,60.59,-6.929808,107.601882,Asia/Jakarta
2026-01-23 12:00:00,31.85,75.9,5.86,47.8,7.5,30.77,49.0,-6.929808,107.601882,Asia/Jakarta
2026-01-23 15:00:00,30.43,79.1,0.0,38.9,7.17,28.59,41.37,-6.929808,107.601882,Asia/Jakarta
2026-01-23 18:00:00,23.49,86.2,5.68,45.5,5.72,22.04,70.7,-6.929808,107.601882,Asia/Jakarta
2026-01-23 21:00:00,22.81,86.0,4.33,58.9,4.27,22.21,64.75,-6.929808,107.601882,Asia/Jakarta
2026-01-24 00:00:00,23.77,93.2,6.93,51.9,4.85,22.88,68.0,-6.929808,107.601882,Asia/Jakarta
2026-01-24 03:00:00,22.66,90.9,0.0,62.6,4.91,21.23,54.6,-6.929808,107.601882,Asia/Jakarta
2026-01-24 06:00:00,23.85,91.0,0.0,45.5,4.78,22.26,61.57,-6.929808,107.601882,Asia/Jakarta
2026-01-24 09:00:00,28.41,80.0,0.0,34.9,7.63,27.53,45.3,-6.929808,107.601882,Asia/Jakarta
2026-01-24 12:00:00,31.12,71.7,0.0,38.6,8.46,29.45,41.44,-6.929808,107.601882,Asia/Jakarta
2026-01-24 15:00:00,30.1,77.6,2.93,44.0,7.72,28.55,51.25,-6.929808,107.601882,Asia/Jakarta
2026-01-24 18:00:00,25.01,81.7,0.0,53.9,3.39,23.3,50.72,-6.929808,107.601882,Asia/Jakarta
2026-01-24 21:00:00,25.09,90.4,0.0,55.4,4.99,24.39,49.8,-6.929808,107.601882,Asia/Jakarta
2026-01-25 00:00:00,23.11,90.2,1.76,47.7,4.33,21.42,54.68,-6.929808,107.601882,Asia/Jakarta
2026-01-25 03:00:00,22.95,86.1,0.0,53.6,2.61,22.22,61.72,-6.929808,107.601882,Asia/Jakarta
2026-01-25 06:00:00,25.14,82.5,0.0,38.6,5.73,23.81,58.39,-6.929808,107.601882,Asia/Jakarta
2026-01-25 09:00:00,28.09,75.7,1.68,28.8,4.92,27.58,43.61,-6.929808,107.601882,Asia/Jakarta
2026-01-25 12:00:00,29.69,76.1,2.6,39.1,5.16,27.93,39.2,-6.929808,107.601882,Asia/Jakarta
2026-01-25 15:00:00,29.24,80.5,0.0,54.5,6.77,27.92,39.05,-6.929808,107.601882,Asia/Jakarta
2026-01-25 18:00:00,24.95,82.7,0.44,43.9,2.72,23.11,59.56,-6.929808,107.601882,Asia/Jakarta
2026-01-25 21:00:00,23.37,87.3,0.0,45.2,4.56,21.69,59.08,-6.929808,107.601882,Asia/Jakarta
2026-01-26 00:00:00,23.33,92.0,3.91,62.4,2.98,22.22,60.64,-6.929808,107.601882,Asia/Jakarta
2026-01-26 03:00:00,25.45,82.9,5.34,51.2,2.51,23.46,70.48,-6.929808,107.601882,Asia/Jakarta
2026-01-26 06:00:00,23.87,90.6,6.39,64.6,5.36,22.88,65.52,-6.929808,107.601882,Asia/Jakarta
2026-01-26 09:00:00,29.68,74.7,0.67,46.7,7.43,28.53,39.31,-6.929808,107.601882,Asia/Jakarta
2026-01-26 12:00:00,32.19,69.5,1.73,27.9,8.17,31.13,43.09,-6.929808,107.601882,Asia/Jakarta
2026-01-26 15:00:00,30.05,77.2,0.0,46.1,7.57,29.55,52.89,-6.929808,107.601882,Asia/Jakarta
2026-01-26 18:00:00,23.84,86.4,0.0,47.9,5.71,22.41,51.3,-6.929808,107.601882,Asia/Jakarta
2026-01-26 21:00:00,22.63,91.8,0.0,52.7,3.18,21.82,53.72,-6.929808,107.601882,Asia/Jakarta
2026-01-27 00:00:00,24.16,86.2,0.0,55.7,3.92,22.97,53.21,-6.929808,107.601882,Asia/Jakarta
2026-01-27 03:00:00,22.55,88.2,0.0,50.6,5.64,21.34,56.05,-6.929808,107.601882,Asia/Jakarta
2026-01-27 06:00:00,25.49,86.3,0.0,49.9,3.77,24.1,52.94,-6.929808,107.601882,Asia/Jakarta
2026-01-27 09:00:00,27.99,79.0,0.0,32.8,5.59,27.14,48.19,-6.929808,107.601882,Asia/Jakarta
2026-01-27 12:00:00,29.57,72.0,0.0,34.3,8.46,27.62,40.27,-6.929808,107.601882,Asia/Jakarta
2026-01-27 15:00:00,29.02,77.9,5.97,50.8,5.33,27.23,51.49,-6.929808,107.601882,Asia/Jakarta
2026-01-27 18:00:00,24.78,91.0,0.0,56.7,5.79,23.74,59.54,-6.929808,107.601882,Asia/Jakarta
2026-01-27 21:00:00,24.03,92.4,0.0,47.3,3.52,22.41,48.44,-6.929808,107.601882,Asia/Jakarta
2026-01-28 00:00:00,23.96,86.7,2.86,43.2,4.4,22.5,66.05,-6.929808,107.601882,Asia/Jakarta
2026-01-28 03:00:00,22.93,86.0,5.26,55.1,2.98,22.19,62.83,-6.929808,107.601882,Asia/Jakarta
2026-01-28 06:00:00,24.31,86.9,1.05,51.2,2.69,22.32,60.62,-6.929808,107.601882,Asia/Jakarta
2026-01-28 09:00:00,30.1,77.2,0.0,38.0,4.64,28.58,45.96,-6.929808,107.601882,Asia/Jakarta
2026-01-28 12:00:00,30.62,77.2,0.0,30.3,6.77,29.25,33.05,-6.929808,107.601882,Asia/Jakarta
2026-01-28 15:00:00,27.83,83.5,8.23,47.4,6.28,27.25,70.22,-6.929808,107.601882,Asia/Jakarta
2026-01-28 18:00:00,24.4,84.2,0.97,53.1,3.46,23.64,49.98,-6.929808,107.601882,Asia/Jakarta
2026-01-28 21:00:00,24.98,83.5,0.0,56.3,4.26,23.57,61.71,-6.929808,107.601882,Asia/Jakarta
2026-01-29 00:00:00,25.16,89.2,3.83,47.9,4.2,23.29,65.86,-6.929808,107.601882,Asia/Jakarta
2026-01-29 03:00:00,24.05,84.3,0.0,42.6,2.82,23.44,62.9,-6.929808,107.601882,Asia/Jakarta
2026-01-29 06:00:00,25.32,85.4,0.0,59.8,2.52,23.65,48.05,-6.929808,107.601882,Asia/Jakarta
2026-01-29 09:00:00,30.28,76.0,3.9,46.1,4.67,29.78,51.63,-6.929808,107.601882,Asia/Jakarta
2026-01-29 12:00:00,30.03,74.8,0.0,46.1,7.3,28.89,38.04,-6.929808,107.601882,Asia/Jakarta
2026-01-29 15:00:00,29.69,71.3,0.0,32.0,7.29,27.96,44.15,-6.929808,107.601882,Asia/Jakarta
2026-01-29 18:00:00,22.91,85.5,0.0,48.6,4.58,22.4,57.89,-6.929808,107.601882,Asia/Jakarta
2026-01-29 21:00:00,23.95,92.0,0.0,63.9,5.57,22.98,56.18,-6.929808,107.601882,Asia/Jakarta
2026-01-30 00:00:00,24.63,88.5,0.0,45.9,5.29,23.51,55.35,-6.929808,107.601882,Asia/Jakarta
2026-01-30 03:00:00,24.17,84.6,2.22,57.2,4.58,22.96,56.35,-6.929808,107.601882,Asia/Jakarta
2026-01-30 06:00:00,22.85,93.6,0.0,47.7,5.02,20.88,61.81,-6.929808,107.601882,Asia/Jakarta
2026-01-30 09:00:00,28.06,77.4,4.72,42.3,6.96,27.5,59.86,-6.929808,107.601882,Asia/Jakarta
2026-01-30 12:00:00,30.5,70.7,0.0,41.3,6.41,29.89,43.95,-6.929808,107.601882,Asia/Jakarta
2026-01-30 15:00:00,30.13,72.1,0.0,45.2,5.53,28.48,41.2,-6.929808,107.601882,Asia/Jakarta
2026-01-30 18:00:00,24.97,84.1,4.82,58.2,2.71,23.0,71.4,-6.929808,107.601882,Asia/Jakarta
2026-01-30 21:00:00,23.81,90.7,0.0,53.4,3.27,22.93,58.48,-6.929808,107.601882,Asia/Jakarta
2026-01-31 00:00:00,23.4,89.5,4.45,46.2,3.12,22.32,69.59,-6.929808,107.601882,Asia/Jakarta
2026-01-31 03:00:00,25.44,88.8,2.18,64.1,5.7,24.45,60.44,-6.929808,107.601882,Asia/Jakarta
2026-01-31 06:00:00,22.66,93.8,0.0,68.0,3.88,21.66,54.18,-6.929808,107.601882,Asia/Jakarta
2026-01-31 09:00:00,27.69,84.7,0.0,40.5,6.82,27.14,37.26,-6.929808,107.601882,Asia/Jakarta
2026-01-31 12:00:00,32.31,74.4,1.84,34.2,7.2,31.77,42.0,-6.929808,107.601882,Asia/Jakarta
2026-01-31 15:00:00,30.42,70.3,0.0,27.9,7.76,29.16,44.5,-6.929808,107.601882,Asia/Jakarta
2026-01-31 18:00:00,23.66,89.5,2.38,58.0,5.32,22.5,63.5,-6.929808,107.601882,Asia/Jakarta
2026-01-31 21:00:00,23.67,90.4,0.0,46.6,3.92,21.79,56.94,-6.929808,107.601882,Asia/Jakarta
2026-02-01 00:00:00,23.45,93.2,0.0,51.6,4.89,21.61,62.97,-6.929808,107.601882,Asia/Jakarta
2026-02-01 03:00:00,24.5,83.6,0.0,57.2,5.65,22.56,52.72,-6.929808,107.601882,Asia/Jakarta
2026-02-01 06:00:00,22.53,94.5,0.0,64.7,2.68,21.53,52.11,-6.929808,107.601882,Asia/Jakarta
2026-02-01 09:00:00,30.04,79.4,1.63,53.2,7.06,28.66,51.67,-6.929808,107.601882,Asia/Jakarta
2026-02-01 12:00:00,30.82,77.4,0.0,37.5,5.15,30.17,46.36,-6.929808,107.601882,Asia/Jakarta
2026-02-01 15:00:00,28.78,74.7,0.0,29.8,4.44,27.16,42.76,-6.929808,107.601882,Asia/Jakarta
2026-02-01 18:00:00,24.52,88.1,0.0,62.1,5.4,22.55,47.77,-6.929808,107.601882,Asia/Jakarta
2026-02-01 21:00:00,23.36,90.9,7.15,48.1,5.02,21.52,65.98,-6.929808,107.601882,Asia/Jakarta
2026-02-02 00:00:00,22.86,88.0,2.56,43.0,3.25,21.44,53.36,-6.929808,107.601882,Asia/Jakarta
2026-02-02 03:00:00,25.42,82.7,3.75,36.4,4.65,24.58,56.75,-6.929808,107.601882,Asia/Jakarta
2026-02-02 06:00:00,24.46,90.6,5.95,57.4,4.41,22.84,65.63,-6.929808,107.601882,Asia/Jakarta
2026-02-02 09:00:00,30.18,76.7,1.56,36.9,5.63,29.07,41.06,-6.929808,107.601882,Asia/Jakarta
2026-02-02 12:00:00,30.96,77.6,0.93,29.9,7.0,29.1,50.13,-6.929808,107.601882,Asia/Jakarta
2026-02-02 15:00:00,29.09,72.8,0.0,34.1,5.19,27.25,49.55,-6.929808,107.601882,Asia/Jakarta
2026-02-02 18:00:00,25.49,84.7,1.63,53.3,5.61,24.7,54.07,-6.929808,107.601882,Asia/Jakarta
2026-02-02 21:00:00,25.04,83.7,0.0,52.4,5.52,23.96,47.33,-6.929808,107.601882,Asia/Jakarta
2026-02-03 00:00:00,23.88,90.6,4.06,63.0,2.53,22.85,58.5,-6.929808,107.601882,Asia/Jakarta
2026-02-03 03:00:00,22.53,90.8,3.86,66.5,2.96,21.6,61.75,-6.929808,107.601882,Asia/Jakarta
2026-02-03 06:00:00,23.88,85.6,0.0,51.6,4.82,22.21,56.16,-6.929808,107.601882,Asia/Jakarta
2026-02-03 09:00:00,28.11,76.4,4.45,36.3,4.32,26.75,59.49,-6.929808,107.601882,Asia/Jakarta
2026-02-03 12:00:00,31.43,76.1,3.07,48.3,5.85,29.49,49.95,-6.929808,107.601882,Asia/Jakarta
2026-02-03 15:00:00,29.12,76.2,0.17,34.3,7.37,28.04,39.34,-6.929808,107.601882,Asia/Jakarta
2026-02-03 18:00:00,23.83,91.1,3.0,57.9,5.64,21.87,58.95,-6.929808,107.601882,Asia/Jakarta
2026-02-03 21:00:00,25.24,83.5,6.5,56.6,5.26,24.25,69.99,-6.929808,107.601882,Asia/Jakarta
2026-02-04 00:00:00,24.2,84.2,0.0,40.4,5.2,23.1,51.99,-6.929808,107.601882,Asia/Jakarta
2026-02-04 03:00:00,23.19,92.9,0.0,55.0,3.13,21.65,47.14,-6.929808,107.601882,Asia/Jakarta
2026-02-04 06:00:00,23.87,86.6,7.65,43.1,5.94,22.33,78.07,-6.929808,107.601882,Asia/Jakarta
2026-02-04 09:00:00,27.83,83.8,0.0,38.6,7.21,26.2,40.71,-6.929808,107.601882,Asia/Jakarta
2026-02-04 12:00:00,29.52,73.1,3.57,41.9,7.26,28.03,50.58,-6.929808,107.601882,Asia/Jakarta
2026-02-04 15:00:00,27.65,84.2,3.87,48.8,6.27,27.15,53.44,-6.929808,107.601882,Asia/Jakarta
2026-02-04 18:00:00,23.6,84.6,5.19,39.1,4.03,22.6,66.99,-6.929808,107.601882,Asia/Jakarta
2026-02-04 21:00:00,24.15,89.8,7.51,62.9,4.12,23.4,79.09,-6.929808,107.601882,Asia/Jakarta
2026-02-05 00:00:00,24.57,85.4,0.0,49.8,5.13,22.7,59.37,-6.929808,107.601882,Asia/Jakarta
2026-02-05 03:00:00,23.94,90.6,0.0,59.4,2.74,22.52,62.67,-6.929808,107.601882,Asia/Jakarta
2026-02-05 06:00:00,22.96,94.1,3.33,57.6,4.28,21.14,59.63,-6.929808,107.601882,Asia/Jakarta
2026-02-05 09:00:00,30.05,76.7,5.14,52.6,6.8,29.55,56.04,-6.929808,107.601882,Asia/Jakarta
2026-02-05 12:00:00,30.03,72.3,2.1,31.3,8.24,29.33,53.29,-6.929808,107.601882,Asia/Jakarta
2026-02-05 15:00:00,30.29,70.2,0.0,24.3,7.72,28.69,47.58,-6.929808,107.601882,Asia/Jakarta
2026-02-05 18:00:00,25.27,88.7,1.07,58.7,5.91,23.91,64.66,-6.929808,107.601882,Asia/Jakarta
2026-02-05 21:00:00,24.63,88.5,0.0,56.6,5.07,23.18,49.04,-6.929808,107.601882,Asia/Jakarta
2026-02-06 00:00:00,25.44,82.6,2.29,51.7,5.48,24.28,54.13,-6.929808,107.601882,Asia/Jakarta
2026-02-06 03:00:00,23.58,93.0,8.67,61.7,3.81,21.73,69.18,-6.929808,107.601882,Asia/Jakarta
2026-02-06 06:00:00,24.78,86.2,0.0,48.2,3.93,24.27,53.33,-6.929808,107.601882,Asia/Jakarta
2026-02-06 09:00:00,30.4,69.9,0.0,39.1,7.54,29.21,44.14,-6.929808,107.601882,Asia/Jakarta
2026-02-06 12:00:00,30.69,74.6,5.21,41.3,7.69,29.22,55.4,-6.929808,107.601882,Asia/Jakarta
2026-02-06 15:00:00,30.42,70.2,0.0,38.6,7.69,29.47,38.28,-6.929808,107.601882,Asia/Jakarta
2026-02-06 18:00:00,25.1,80.9,0.0,55.6,5.85,23.18,50.49,-6.929808,107.601882,Asia/Jakarta
2026-02-06 21:00:00,22.59,88.2,1.17,63.4,3.47,21.5,59.5,-6.929808,107.601882,Asia/Jakarta
2026-02-07 00:00:00,22.95,85.8,0.0,58.7,3.97,22.37,47.22,-6.929808,107.601882,Asia/Jakarta
2026-02-07 03:00:00,23.72,92.2,5.38,67.5,5.89,21.79,65.13,-6.929808,107.601882,Asia/Jakarta
2026-02-07 06:00:00,25.13,80.8,0.0,38.4,3.04,23.42,56.13,-6.929808,107.601882,Asia/Jakarta
2026-02-07 09:00:00,28.54,73.9,0.0,39.8,7.01,27.98,41.91,-6.929808,107.601882,Asia/Jakarta
2026-02-07 12:00:00,32.4,69.1,0.0,25.8,7.7,31.04,44.48,-6.929808,107.601882,Asia/Jakarta
2026-02-07 15:00:00,28.48,76.4,1.26,42.9,4.93,27.4,53.42,-6.929808,107.601882,Asia/Jakarta
2026-02-07 18:00:00,23.8,91.6,0.0,45.7,3.4,22.3,59.57,-6.929808,107.601882,Asia/Jakarta
2026-02-07 21:00:00,25.26,87.5,4.4,62.1,3.62,24.61,67.46,-6.929808,107.601882,Asia/Jakarta
2026-02-08 00:00:00,24.04,87.8,1.5,61.1,5.07,22.65,65.49,-6.929808,107.601882,Asia/Jakarta
2026-02-08 03:00:00,24.56,82.6,1.11,49.5,4.74,22.7,61.03,-6.929808,107.601882,Asia/Jakarta
2026-02-08 06:00:00,24.63,88.0,9.63,53.8,3.27,22.93,77.14,-6.929808,107.601882,Asia/Jakarta
2026-02-08 09:00:00,30.11,77.2,2.55,52.3,5.88,28.28,58.04,-6.929808,107.601882,Asia/Jakarta
2026-02-08 12:00:00,31.5,70.7,5.15,28.4,8.32,30.95,59.52,-6.929808,107.601882,Asia/Jakarta
2026-02-08 15:00:00,29.52,72.0,3.44,40.9,6.61,28.98,52.66,-6.929808,107.601882,Asia/Jakarta
2026-02-08 18:00:00,25.44,82.4,0.0,55.2,3.87,23.93,58.04,-6.929808,107.601882,Asia/Jakarta
2026-02-08 21:00:00,24.0,90.8,0.0,52.4,5.02,22.42,62.85,-6.929808,107.601882,Asia/Jakarta
2026-02-09 00:00:00,25.33,89.2,1.36,49.2,5.88,23.98,56.98,-6.929808,107.601882,Asia/Jakarta
2026-02-09 03:00:00,25.47,82.4,0.0,43.7,5.22,23.76,53.12,-6.929808,107.601882,Asia/Jakarta
2026-02-09 06:00:00,23.79,92.3,2.78,47.3,3.5,22.25,53.47,-6.929808,107.601882,Asia/Jakarta
2026-02-09 09:00:00,27.47,78.8,0.0,51.0,7.56,25.75,45.23,-6.929808,107.601882,Asia/Jakarta
2026-02-09 12:00:00,30.06,74.1,0.0,29.5,6.3,29.1,39.1,-6.929808,107.601882,Asia/Jakarta
2026-02-09 15:00:00,28.79,73.9,1.37,48.0,7.31,27.93,44.53,-6.929808,107.601882,Asia/Jakarta
2026-02-09 18:00:00,24.83,86.9,14.25,41.8,2.93,24.25,91.37,-6.929808,107.601882,Asia/Jakarta
2026-02-09 21:00:00,24.5,84.4,5.8,49.5,5.27,23.38,62.28,-6.929808,107.601882,Asia/Jakarta
2026-02-10 00:00:00,22.85,93.0,3.39,66.3,5.33,21.73,61.7,-6.929808,107.601882,Asia/Jakarta
2026-02-10 03:00:00,24.47,86.4,0.0,40.9,5.66,23.0,47.48,-6.929808,107.601882,Asia/Jakarta
2026-02-10 06:00:00,24.69,86.3,4.95,51.0,3.08,24.07,72.8,-6.929808,107.601882,Asia/Jakarta
2026-02-10 09:00:00,29.64,75.4,0.0,49.4,5.38,27.92,40.45,-6.929808,107.601882,Asia/Jakarta
2026-02-10 12:00:00,31.47,74.5,0.0,30.7,6.77,30.57,40.37,-6.929808,107.601882,Asia/Jakarta
2026-02-10 15:00:00,29.49,80.2,5.54,44.1,4.95,27.69,64.73,-6.929808,107.601882,Asia/Jakarta
2026-02-10 18:00:00,25.3,86.8,5.55,55.4,3.7,24.58,71.08,-6.929808,107.601882,Asia/Jakarta
2026-02-10 21:00:00,25.21,84.9,0.0,40.0,4.89,24.42,53.51,-6.929808,107.601882,Asia/Jakarta
2026-02-11 00:00:00,22.51,88.7,0.0,42.2,5.74,21.47,57.07,-6.929808,107.601882,Asia/Jakarta
2026-02-11 03:00:00,22.96,89.4,5.39,54.3,5.78,21.68,64.07,-6.929808,107.601882,Asia/Jakarta
2026-02-11 06:00:00,25.45,80.1,5.11,54.2,4.89,24.85,69.91,-6.929808,107.601882,Asia/Jakarta
2026-02-11 09:00:00,28.01,79.0,3.6,51.3,5.76,27.17,54.69,-6.929808,107.601882,Asia/Jakarta
2026-02-11 12:00:00,31.22,75.6,9.15,46.0,6.39,29.68,66.03,-6.929808,107.601882,Asia/Jakarta
2026-02-11 15:00:00,28.93,74.1,3.78,26.9,5.59,27.37,50.95,-6.929808,107.601882,Asia/Jakarta
2026-02-11 18:00:00,24.05,86.6,3.47,60.3,4.76,22.61,63.84,-6.929808,107.601882,Asia/Jakarta
2026-02-11 21:00:00,23.95,85.4,3.8,40.4,4.65,22.16,68.6,-6.929808,107.601882,Asia/Jakarta
2026-02-12 00:00:00,24.55,90.7,4.0,46.3,4.93,23.71,68.83,-6.929808,107.601882,Asia/Jakarta
2026-02-12 03:00:00,24.35,91.0,0.67,57.5,3.51,22.81,62.12,-6.929808,107.601882,Asia/Jakarta
2026-02-12 06:00:00,24.98,88.5,1.62,45.9,2.95,24.35,57.34,-6.929808,107.601882,Asia/Jakarta
2026-02-12 09:00:00,28.5,73.7,0.0,35.2,6.2,27.23,44.45,-6.929808,107.601882,Asia/Jakarta
2026-02-12 12:00:00,30.67,73.8,0.0,48.8,7.82,29.87,46.28,-6.929808,107.601882,Asia/Jakarta
2026-02-12 15:00:00,27.57,75.5,0.0,30.4,5.51,25.83,50.63,-6.929808,107.601882,Asia/Jakarta
2026-02-12 18:00:00,24.16,91.4,3.07,56.8,5.87,22.22,65.05,-6.929808,107.601882,Asia/Jakarta
2026-02-12 21:00:00,23.98,90.8,0.0,57.9,5.17,23.09,55.55,-6.929808,107.601882,Asia/Jakarta
2026-02-13 00:00:00,23.71,85.4,0.64,48.0,3.01,21.76,64.08,-6.929808,107.601882,Asia/Jakarta
2026-02-13 03:00:00,25.45,89.6,3.39,45.0,4.99,24.79,54.73,-6.929808,107.601882,Asia/Jakarta
2026-02-13 06:00:00,24.32,84.7,0.0,40.4,4.85,23.59,58.85,-6.929808,107.601882,Asia/Jakarta
2026-02-13 09:00:00,29.9,80.3,3.97,47.5,6.84,29.31,51.49,-6.929808,107.601882,Asia/Jakarta
2026-02-13 12:00:00,30.05,79.0,1.02,54.8,6.3,28.96,36.03,-6.929808,107.601882,Asia/Jakarta
2026-02-13 15:00:00,29.95,76.7,0.0,46.0,5.12,29.28,50.78,-6.929808,107.601882,Asia/Jakarta
2026-02-13 18:00:00,22.67,89.6,1.98,60.6,5.4,21.16,51.46,-6.929808,107.601882,Asia/Jakarta
2026-02-13 21:00:00,23.19,90.1,7.86,49.4,4.47,21.35,66.67,-6.929808,107.601882,Asia/Jakarta
2026-02-14 00:00:00,22.72,93.2,0.0,49.4,4.28,21.62,51.59,-6.929808,107.601882,Asia/Jakarta
2026-02-14 03:00:00,24.21,89.6,4.99,57.3,3.6,23.0,62.41,-6.929808,107.601882,Asia/Jakarta
2026-02-14 06:00:00,23.58,86.2,4.79,39.9,4.69,22.95,58.61,-6.929808,107.601882,Asia/Jakarta
2026-02-14 09:00:00,30.38,72.1,0.0,25.9,6.62,29.47,42.38,-6.929808,107.601882,Asia/Jakarta
2026-02-14 12:00:00,31.21,74.4,7.23,40.2,8.45,30.03,58.36,-6.929808,107.601882,Asia/Jakarta
2026-02-14 15:00:00,28.94,80.5,0.0,33.9,7.11,28.19,37.39,-6.929808,107.601882,Asia/Jakarta
2026-02-14 18:00:00,25.43,86.5,0.0,40.2,4.24,23.94,49.18,-6.929808,107.601882,Asia/Jakarta
2026-02-14 21:00:00,22.95,85.7,1.65,42.6,5.01,21.52,65.12,-6.929808,107.601882,Asia/Jakarta
2026-01-01 00:00:00,23.89,88.7,1.03,51.6,5.84,23.28,56.86,-6.902841,107.614305,Asia/Jakarta
2026-01-01 03:00:00,23.78,92.2,0.0,49.7,5.95,22.62,49.97,-6.902841,107.614305,Asia/Jakarta
2026-01-01 06:00:00,23.67,91.1,6.59,54.2,4.52,22.24,69.98,-6.902841,107.614305,Asia/Jakarta
2026-01-01 09:00:00,29.4,75.7,0.0,33.4,5.0,28.04,47.2,-6.902841,107.614305,Asia/Jakarta
2026-01-01 12:00:00,32.25,72.4,0.0,29.3,7.2,31.28,39.12,-6.902841,107.614305,Asia/Jakarta
2026-01-01 15:00:00,27.54,80.5,0.0,49.9,5.44,26.83,40.83,-6.902841,107.614305,Asia/Jakarta
2026-01-01 18:00:00,22.98,90.8,3.14,51.3,3.72,22.07,66.83,-6.902841,107.614305,Asia/Jakarta
2026-01-01 21:00:00,23.35,90.6,1.61,61.8,2.52,22.64,51.34,-6.902841,107.614305,Asia/Jakarta
2026-01-02 00:00:00,25.4,84.5,0.0,43.8,5.17,24.46,54.94,-6.902841,107.614305,Asia/Jakarta
2026-01-02 03:00:00,23.84,87.6,0.0,47.1,3.97,22.01,50.22,-6.902841,107.614305,Asia/Jakarta
2026-01-02 06:00:00,23.78,93.2,0.67,51.3,2.58,22.81,52.38,-6.902841,107.614305,Asia/Jakarta
2026-01-02 09:00:00,28.11,76.2,3.83,42.3,5.22,27.33,52.35,-6.902841,107.614305,Asia/Jakarta
2026-01-02 12:00:00,30.89,69.1,0.0,42.3,6.25,29.82,42.11,-6.902841,107.614305,Asia/Jakarta
2026-01-02 15:00:00,28.41,74.0,0.0,34.9,4.3,27.75,42.99,-6.902841,107.614305,Asia/Jakarta
2026-01-02 18:00:00,24.09,87.2,2.87,55.4,3.32,23.12,54.57,-6.902841,107.614305,Asia/Jakarta
2026-01-02 21:00:00,23.37,89.4,0.0,61.8,5.17,22.35,56.79,-6.902841,107.614305,Asia/Jakarta
2026-01-03 00:00:00,23.35,90.7,0.0,48.7,5.14,21.43,60.99,-6.902841,107.614305,Asia/Jakarta
2026-01-03 03:00:00,23.38,86.3,0.0,55.3,5.27,22.69,51.89,-6.902841,107.614305,Asia/Jakarta
2026-01-03 06:00:00,24.21,88.4,0.0,46.3,5.42,23.32,62.12,-6.902841,107.614305,Asia/Jakarta
2026-01-03 09:00:00,29.18,74.8,2.49,40.6,5.7,27.55,42.85,-6.902841,107.614305,Asia/Jakarta
2026-01-03 12:00:00,32.01,73.0,0.26,29.1,7.08,31.32,41.58,-6.902841,107.614305,Asia/Jakarta
2026-01-03 15:00:00,29.62,78.2,0.0,35.5,7.13,27.8,47.38,-6.902841,107.614305,Asia/Jakarta
2026-01-03 18:00:00,24.25,91.6,9.07,46.0,5.89,22.61,82.92,-6.902841,107.614305,Asia/Jakarta
2026-01-03 21:00:00,23.84,83.8,0.0,39.9,5.17,22.88,54.66,-6.902841,107.614305,Asia/Jakarta
2026-01-04 00:00:00,25.05,84.1,0.0,43.0,3.94,23.35,52.39,-6.902841,107.614305,Asia/Jakarta
2026-01-04 03:00:00,22.9,92.9,0.84,45.8,3.56,21.12,57.91,-6.902841,107.614305,Asia/Jakarta
2026-01-04 06:00:00,23.64,84.2,2.69,53.6,2.69,21.8,53.36,-6.902841,107.614305,Asia/Jakarta
2026-01-04 09:00:00,30.07,71.1,2.34,41.8,7.29,28.98,47.58,-6.902841,107.614305,Asia/Jakarta
2026-01-04 12:00:00,30.57,76.1,5.1,37.5,6.18,29.36,55.06,-6.902841,107.614305,Asia/Jakarta
2026-01-04 15:00:00,27.46,84.9,0.68,60.2,6.28,26.85,42.09,-6.902841,107.614305,Asia/Jakarta
2026-01-04 18:00:00,24.62,87.0,0.0,43.6,3.89,24.01,50.54,-6.902841,107.614305,Asia/Jakarta
2026-01-04 21:00:00,25.3,85.6,4.67,38.7,5.62,24.19,60.32,-6.902841,107.614305,Asia/Jakarta
2026-01-05 00:00:00,25.3,87.5,3.85,40.3,3.59,24.4,60.15,-6.902841,107.614305,Asia/Jakarta
2026-01-05 03:00:00,23.12,85.7,0.0,44.9,5.0,21.51,53.65,-6.902841,107.614305,Asia/Jakarta
2026-01-05 06:00:00,24.52,88.3,1.9,59.0,2.6,22.67,60.01,-6.902841,107.614305,Asia/Jakarta
2026-01-05 09:00:00,30.3,72.7,4.56,41.7,7.28,28.92,53.24,-6.902841,107.614305,Asia/Jakarta
2026-01-05 12:00:00,29.65,79.8,0.0,47.5,8.4,28.72,40.01,-6.902841,107.614305,Asia/Jakarta
2026-01-05 15:00:00,28.85,74.5,3.38,27.4,5.38,27.54,47.02,-6.902841,107.614305,Asia/Jakarta
2026-01-05 18:00:00,24.87,84.6,10.5,37.8,4.46,23.74,85.21,-6.902841,107.614305,Asia/Jakarta
2026-01-05 21:00:00,23.52,88.3,0.0,48.4,5.73,22.71,49.55,-6.902841,107.614305,Asia/Jakarta
2026-01-06 00:00:00,24.06,84.2,2.86,55.2,2.56,22.7,58.58,-6.902841,107.614305,Asia/Jakarta
2026-01-06 03:00:00,22.82,87.3,1.42,39.6,3.19,21.66,56.66,-6.902841,107.614305,Asia/Jakarta
2026-01-06 06:00:00,24.7,82.6,0.0,56.2,3.78,23.55,60.05,-6.902841,107.614305,Asia/Jakarta
2026-01-06 09:00:00,28.73,80.6,4.71,47.3,7.12,27.11,51.45,-6.902841,107.614305,Asia/Jakarta
2026-01-06 12:00:00,30.02,76.6,2.59,33.6,8.16,28.42,53.26,-6.902841,107.614305,Asia/Jakarta
2026-01-06 15:00:00,29.12,74.6,3.33,38.3,5.03,27.19,55.89,-6.902841,107.614305,Asia/Jakarta
2026-01-06 18:00:00,22.9,86.4,1.03,45.5,5.9,21.28,58.57,-6.902841,107.614305,Asia/Jakarta
2026-01-06 21:00:00,25.5,87.4,0.0,41.5,5.85,24.8,57.59,-6.902841,107.614305,Asia/Jakarta
2026-01-07 00:00:00,22.66,89.4,0.0,51.9,3.95,21.17,60.3,-6.902841,107.614305,Asia/Jakarta
2026-01-07 03:00:00,24.14,89.8,0.0,64.8,4.17,22.9,57.18,-6.902841,107.614305,Asia/Jakarta
2026-01-07 06:00:00,24.97,84.9,0.0,51.8,5.78,24.08,49.93,-6.902841,107.614305,Asia/Jakarta
2026-01-07 09:00:00,28.61,79.5,0.0,37.0,5.81,27.4,49.72,-6.902841,107.614305,Asia/Jakarta
2026-01-07 12:00:00,29.95,75.4,5.15,49.7,6.11,28.01,44.97,-6.902841,107.614305,Asia/Jakarta
2026-01-07 15:00:00,29.8,74.1,0.0,35.5,6.76,28.21,51.74,-6.902841,107.614305,Asia/Jakarta
2026-01-07 18:00:00,22.94,87.5,2.26,45.5,4.51,21.25,67.02,-6.902841,107.614305,Asia/Jakarta
2026-01-07 21:00:00,22.8,86.2,4.07,61.7,4.1,21.95,64.17,-6.902841,107.614305,Asia/Jakarta
2026-01-08 00:00:00,23.54,90.6,0.0,52.6,4.65,21.7,57.71,-6.902841,107.614305,Asia/Jakarta
2026-01-08 03:00:00,25.2,84.8,0.0,38.0,3.52,23.75,47.58,-6.902841,107.614305,Asia/Jakarta
2026-01-08 06:00:00,23.18,86.0,0.0,40.5,4.66,22.41,58.11,-6.902841,107.614305,Asia/Jakarta
2026-01-08 09:00:00,28.4,82.4,12.23,52.8,4.87,27.17,66.28,-6.902841,107.614305,Asia/Jakarta
2026-01-08 12:00:00,30.66,71.4,0.0,28.6,5.57,29.73,38.77,-6.902841,107.614305,Asia/Jakarta
2026-01-08 15:00:00,27.88,78.4,2.74,39.4,7.11,26.41,52.59,-6.902841,107.614305,Asia/Jakarta
2026-01-08 18:00:00,25.05,82.5,0.0,39.2,4.92,24.25,60.06,-6.902841,107.614305,Asia/Jakarta
2026-01-08 21:00:00,23.37,87.1,0.0,60.2,3.57,22.12,60.45,-6.902841,107.614305,Asia/Jakarta
2026-01-09 00:00:00,24.3,91.4,0.0,43.7,5.32,23.24,47.17,-6.902841,107.614305,Asia/Jakarta
2026-01-09 03:00:00,24.55,89.3,5.65,57.7,5.18,22.87,64.44,-6.902841,107.614305,Asia/Jakarta
2026-01-09 06:00:00,23.84,85.7,2.89,54.5,3.99,23.1,63.88,-6.902841,107.614305,Asia/Jakarta
2026-01-09 09:00:00,30.08,77.4,1.92,39.4,5.85,29.1,49.29,-6.902841,107.614305,Asia/Jakarta
2026-01-09 12:00:00,30.01,79.3,8.04,44.9,5.28,28.7,57.08,-6.902841,107.614305,Asia/Jakarta
2026-01-09 15:00:00,27.88,80.7,0.0,33.4,6.81,26.49,39.62,-6.902841,107.614305,Asia/Jakarta
2026-01-09 18:00:00,22.85,88.4,0.0,61.2,3.94,21.46,47.67,-6.902841,107.614305,Asia/Jakarta
2026-01-09 21:00:00,23.45,90.6,0.46,56.6,3.36,21.73,58.71,-6.902841,107.614305,Asia/Jakarta
2026-01-10 00:00:00,24.44,83.6,6.67,50.5,5.17,23.29,64.55,-6.902841,107.614305,Asia/Jakarta
2026-01-10 03:00:00,22.73,92.1,0.4,59.1,4.84,21.94,53.31,-6.902841,107.614305,Asia/Jakarta
2026-01-10 06:00:00,24.67,83.6,0.0,48.5,2.65,22.89,56.18,-6.902841,107.614305,Asia/Jakarta
2026-01-10 09:00:00,28.12,82.7,0.0,36.2,4.89,26.2,39.53,-6.902841,107.614305,Asia/Jakarta
2026-01-10 12:00:00,30.02,70.9,0.0,40.9,8.19,28.96,34.8,-6.902841,107.614305,Asia/Jakarta
2026-01-10 15:00:00,27.91,78.9,0.0,41.0,5.67,27.25,51.4,-6.902841,107.614305,Asia/Jakarta
2026-01-10 18:00:00,24.25,87.6,0.0,45.9,3.86,22.62,62.82,-6.902841,107.614305,Asia/Jakarta
2026-01-10 21:00:00,25.01,87.4,6.21,40.4,4.5,23.11,68.7,-6.902841,107.614305,Asia/Jakarta
2026-01-11 00:00:00,23.83,88.4,3.37,46.3,3.65,22.75,66.2,-6.902841,107.614305,Asia/Jakarta
2026-01-11 03:00:00,23.71,92.9,1.43,54.5,5.11,22.12,59.68,-6.902841,107.614305,Asia/Jakarta
2026-01-11 06:00:00,23.15,91.2,2.39,45.8,5.76,22.38,65.2,-6.902841,107.614305,Asia/Jakarta
2026-01-11 09:00:00,28.03,74.5,5.44,43.1,4.84,27.2,53.12,-6.902841,107.614305,Asia/Jakarta
2026-01-11 12:00:00,32.42,67.9,0.0,31.6,8.08,30.87,45.36,-6.902841,107.614305,Asia/Jakarta
2026-01-11 15:00:00,27.79,79.6,11.48,46.3,6.93,26.39,71.77,-6.902841,107.614305,Asia/Jakarta
2026-01-11 18:00:00,24.34,87.8,0.0,52.5,4.3,22.74,50.19,-6.902841,107.614305,Asia/Jakarta
2026-01-11 21:00:00,22.56,88.0,0.71,50.4,5.08,21.0,60.48,-6.902841,107.614305,Asia/Jakarta
2026-01-12 00:00:00,22.69,89.0,1.51,45.8,3.68,21.9,59.03,-6.902841,107.614305,Asia/Jakarta
2026-01-12 03:00:00,22.79,88.6,0.0,41.7,3.45,20.94,61.18,-6.902841,107.614305,Asia/Jakarta
2026-01-12 06:00:00,24.15,82.5,0.0,43.0,5.74,22.73,60.48,-6.902841,107.614305,Asia/Jakarta
2026-01-12 09:00:00,29.43,77.0,0.94,43.7,5.66,28.68,50.33,-6.902841,107.614305,Asia/Jakarta
2026-01-12 12:00:00,30.87,72.7,2.87,30.6,7.95,30.06,55.2,-6.902841,107.614305,Asia/Jakarta
2026-01-12 15:00:00,30.07,76.2,0.0,37.4,7.63,28.84,40.53,-6.902841,107.614305,Asia/Jakarta
2026-01-12 18:00:00,25.2,81.1,6.32,41.2,4.71,23.48,69.58,-6.902841,107.614305,Asia/Jakarta
2026-01-12 21:00:00,24.98,84.8,0.82,46.3,4.02,23.32,53.68,-6.902841,107.614305,Asia/Jakarta
2026-01-13 00:00:00,22.5,86.7,0.0,42.4,3.05,20.93,61.4,-6.902841,107.614305,Asia/Jakarta
2026-01-13 03:00:00,22.96,91.7,0.0,64.1,3.28,21.77,61.36,-6.902841,107.614305,Asia/Jakarta
2026-01-13 06:00:00,24.3,90.7,3.3,55.4,5.78,22.75,66.04,-6.902841,107.614305,Asia/Jakarta
2026-01-13 09:00:00,28.67,82.0,6.19,45.8,4.42,27.08,62.81,-6.902841,107.614305,Asia/Jakarta
2026-01-13 12:00:00,31.98,67.7,0.0,35.0,6.83,30.26,46.7,-6.902841,107.614305,Asia/Jakarta
2026-01-13 15:00:00,28.19,74.7,0.0,29.8,7.62,26.31,38.97,-6.902841,107.614305,Asia/Jakarta
2026-01-13 18:00:00,24.58,85.1,0.0,51.3,4.37,23.05,50.95,-6.902841,107.614305,Asia/Jakarta
2026-01-13 21:00:00,23.55,88.7,2.36,58.3,5.01,22.0,63.9,-6.902841,107.614305,Asia/Jakarta
2026-01-14 00:00:00,23.63,90.5,3.87,62.3,5.17,22.6,65.3,-6.902841,107.614305,Asia/Jakarta
2026-01-14 03:00:00,24.99,82.1,7.65,44.9,4.28,23.06,72.88,-6.902841,107.614305,Asia/Jakarta
2026-01-14 06:00:00,23.53,86.0,1.26,44.6,4.73,21.92,62.0,-6.902841,107.614305,Asia/Jakarta
2026-01-14 09:00:00,30.11,75.8,0.0,42.4,6.46,28.68,39.38,-6.902841,107.614305,Asia/Jakarta
2026-01-14 12:00:00,30.77,78.5,0.0,37.8,7.01,30.24,39.34,-6.902841,107.614305,Asia/Jakarta
2026-01-14 15:00:00,27.46,83.3,0.0,46.3,6.01,25.93,46.05,-6.902841,107.614305,Asia/Jakarta
2026-01-14 18:00:00,25.05,83.4,0.0,42.1,3.18,23.8,56.73,-6.902841,107.614305,Asia/Jakarta
2026-01-14 21:00:00,23.41,88.2,0.0,46.0,4.32,22.6,57.08,-6.902841,107.614305,Asia/Jakarta
2026-01-15 00:00:00,24.7,86.7,0.0,51.5,3.53,24.16,56.35,-6.902841,107.614305,Asia/Jakarta
2026-01-15 03:00:00,23.37,84.2,0.0,50.7,4.3,22.86,53.31,-6.902841,107.614305,Asia/Jakarta
2026-01-15 06:00:00,25.39,81.1,0.53,54.4,3.89,24.84,63.54,-6.902841,107.614305,Asia/Jakarta
2026-01-15 09:00:00,28.65,78.6,4.23,52.2,6.17,26.9,50.74,-6.902841,107.614305,Asia/Jakarta
2026-01-15 12:00:00,30.58,70.0,0.0,27.3,6.89,28.76,41.89,-6.902841,107.614305,Asia/Jakarta
2026-01-15 15:00:00,29.86,73.8,0.0,33.1,6.2,28.26,47.0,-6.902841,107.614305,Asia/Jakarta
2026-01-15 18:00:00,23.29,92.8,4.31,68.7,3.96,22.76,70.33,-6.902841,107.614305,Asia/Jakarta
2026-01-15 21:00:00,25.28,84.6,2.23,45.5,2.5,24.26,52.64,-6.902841,107.614305,Asia/Jakarta
2026-01-16 00:00:00,23.67,90.3,0.0,44.7,5.22,22.87,52.69,-6.902841,107.614305,Asia/Jakarta
2026-01-16 03:00:00,25.23,89.7,1.88,51.0,3.41,23.5,60.18,-6.902841,107.614305,Asia/Jakarta
2026-01-16 06:00:00,25.44,86.4,3.42,60.0,4.07,23.79,55.35,-6.902841,107.614305,Asia/Jakarta
2026-01-16 09:00:00,30.19,78.9,0.0,46.6,4.83,28.49,51.15,-6.902841,107.614305,Asia/Jakarta
2026-01-16 12:00:00,29.59,77.4,0.0,34.3,7.41,28.69,33.76,-6.902841,107.614305,Asia/Jakarta
2026-01-16 15:00:00,28.34,83.2,0.0,41.2,7.55,27.43,43.39,-6.902841,107.614305,Asia/Jakarta
2026-01-16 18:00:00,23.53,88.0,1.24,61.7,5.71,21.62,52.37,-6.902841,107.614305,Asia/Jakarta
2026-01-16 21:00:00,23.63,91.4,1.24,46.5,3.7,21.83,59.29,-6.902841,107.614305,Asia/Jakarta
2026-01-17 00:00:00,22.91,94.4,5.41,64.8,5.49,22.4,60.9,-6.902841,107.614305,Asia/Jakarta
2026-01-17 03:00:00,23.21,93.8,1.16,61.3,5.28,22.25,53.69,-6.902841,107.614305,Asia/Jakarta
2026-01-17 06:00:00,25.2,83.3,0.0,42.2,3.8,24.05,50.57,-6.902841,107.614305,Asia/Jakarta
2026-01-17 09:00:00,27.96,83.0,0.57,54.6,5.36,27.34,46.18,-6.902841,107.614305,Asia/Jakarta
2026-01-17 12:00:00,29.91,73.7,1.87,34.1,7.46,28.52,50.9,-6.902841,107.614305,Asia/Jakarta
2026-01-17 15:00:00,27.46,78.0,2.27,33.1,4.59,25.57,56.0,-6.902841,107.614305,Asia/Jakarta
2026-01-17 18:00:00,24.84,83.4,4.67,54.1,5.89,23.7,65.19,-6.902841,107.614305,Asia/Jakarta
2026-01-17 21:00:00,23.31,90.7,0.0,60.2,4.44,22.33,58.4,-6.902841,107.614305,Asia/Jakarta
2026-01-18 00:00:00,23.47,85.7,2.02,53.8,5.45,21.69,53.68,-6.902841,107.614305,Asia/Jakarta
2026-01-18 03:00:00,22.8,86.5,8.52,50.5,4.65,22.22,72.92,-6.902841,107.614305,Asia/Jakarta
2026-01-18 06:00:00,25.25,85.5,3.56,52.8,4.6,24.07,58.97,-6.902841,107.614305,Asia/Jakarta
2026-01-18 09:00:00,28.26,76.2,1.65,36.9,6.97,26.45,45.49,-6.902841,107.614305,Asia/Jakarta
2026-01-18 12:00:00,31.7,75.2,0.0,34.3,7.95,30.32,34.91,-6.902841,107.614305,Asia/Jakarta
2026-01-18 15:00:00,29.56,80.9,4.53,44.0,7.23,29.0,56.72,-6.902841,107.614305,Asia/Jakarta
2026-01-18 18:00:00,23.19,89.6,8.42,42.3,4.35,21.38,72.26,-6.902841,107.614305,Asia/Jakarta
2026-01-18 21:00:00,22.71,87.5,5.31,59.3,4.6,20.8,61.6,-6.902841,107.614305,Asia/Jakarta
2026-01-19 00:00:00,24.04,87.8,0.0,61.1,4.45,23.28,52.64,-6.902841,107.614305,Asia/Jakarta
2026-01-19 03:00:00,24.13,84.5,0.0,43.3,3.14,23.16,57.95,-6.902841,107.614305,Asia/Jakarta
2026-01-19 06:00:00,22.87,92.1,0.0,53.9,3.24,22.03,52.24,-6.902841,107.614305,Asia/Jakarta
2026-01-19 09:00:00,29.89,78.3,0.0,31.5,7.29,28.36,42.8,-6.902841,107.614305,Asia/Jakarta
2026-01-19 12:00:00,30.06,72.9,0.76,34.0,6.68,28.16,46.55,-6.902841,107.614305,Asia/Jakarta
2026-01-19 15:00:00,29.23,75.8,0.0,50.2,5.05,28.52,50.12,-6.902841,107.614305,Asia/Jakarta
2026-01-19 18:00:00,24.31,84.7,0.0,45.7,3.42,23.73,61.5,-6.902841,107.614305,Asia/Jakarta
2026-01-19 21:00:00,24.26,88.1,2.44,40.8,2.67,23.25,61.9,-6.902841,107.614305,Asia/Jakarta
2026-01-20 00:00:00,23.18,84.7,0.0,58.4,4.89,22.54,52.45,-6.902841,107.614305,Asia/Jakarta
2026-01-20 03:00:00,22.75,91.4,4.02,59.3,3.51,21.67,66.25,-6.902841,107.614305,Asia/Jakarta
2026-01-20 06:00:00,24.71,86.5,0.0,50.9,5.79,23.29,60.43,-6.902841,107.614305,Asia/Jakarta
2026-01-20 09:00:00,28.82,76.4,0.0,32.5,5.57,27.59,49.5,-6.902841,107.614305,Asia/Jakarta
2026-01-20 12:00:00,31.41,73.0,5.16,43.1,6.81,30.02,46.13,-6.902841,107.614305,Asia/Jakarta
2026-01-20 15:00:00,27.99,75.1,0.0,45.0,6.15,26.49,47.67,-6.902841,107.614305,Asia/Jakarta
2026-01-20 18:00:00,24.39,82.7,0.0,38.0,3.16,22.6,56.73,-6.902841,107.614305,Asia/Jakarta
2026-01-20 21:00:00,25.2,84.9,0.0,59.1,4.35,24.3,61.65,-6.902841,107.614305,Asia/Jakarta
2026-01-21 00:00:00,23.49,84.9,0.0,43.2,3.99,22.75,59.17,-6.902841,107.614305,Asia/Jakarta
2026-01-21 03:00:00,25.48,89.5,2.88,44.0,3.26,24.19,53.81,-6.902841,107.614305,Asia/Jakarta
2026-01-21 06:00:00,23.53,88.1,0.0,53.0,4.52,21.55,56.76,-6.902841,107.614305,Asia/Jakarta
2026-01-21 09:00:00,29.95,71.1,2.57,45.8,4.31,28.35,55.89,-6.902841,107.614305,Asia/Jakarta
2026-01-21 12:00:00,31.35,76.5,0.0,51.7,7.21,30.69,35.67,-6.902841,107.614305,Asia/Jakarta
2026-01-21 15:00:00,28.85,73.1,0.0,32.7,5.76,28.04,43.87,-6.902841,107.614305,Asia/Jakarta
2026-01-21 18:00:00,24.97,84.5,0.0,51.6,5.11,24.44,55.62,-6.902841,107.614305,Asia/Jakarta
2026-01-21 21:00:00,24.67,91.0,0.0,43.3,3.61,23.57,49.02,-6.902841,107.614305,Asia/Jakarta
2026-01-22 00:00:00,24.74,82.5,0.0,48.3,2.78,22.95,50.98,-6.902841,107.614305,Asia/Jakarta
2026-01-22 03:00:00,22.88,90.9,10.45,54.3,5.53,22.01,75.58,-6.902841,107.614305,Asia/Jakarta
2026-01-22 06:00:00,23.78,89.0,5.37,57.6,4.37,22.53,60.43,-6.902841,107.614305,Asia/Jakarta
2026-01-22 09:00:00,27.82,77.6,4.54,31.1,5.01,26.72,54.47,-6.902841,107.614305,Asia/Jakarta
2026-01-22 12:00:00,32.22,74.9,0.0,46.0,5.72,31.51,45.12,-6.902841,107.614305,Asia/Jakarta
2026-01-22 15:00:00,28.77,75.0,0.0,35.3,5.67,27.74,41.03,-6.902841,107.614305,Asia/Jakarta
2026-01-22 18:00:00,24.9,81.5,2.09,33.7,3.63,23.27,65.58,-6.902841,107.614305,Asia/Jakarta
2026-01-22 21:00:00,25.41,80.7,1.22,47.9,4.83,24.41,51.06,-6.902841,107.614305,Asia/Jakarta
2026-01-23 00:00:00,23.66,87.3,0.0,53.3,3.75,22.98,59.64,-6.902841,107.614305,Asia/Jakarta
2026-01-23 03:00:00,23.64,86.0,0.0,61.0,4.81,21.77,60.41,-6.902841,107.614305,Asia/Jakarta
2026-01-23 06:00:00,23.91,84.8,4.6,37.5,4.58,22.44,73.07,-6.902841,107.614305,Asia/Jakarta
2026-01-23 09:00:00,28.68,76.4,5.78,34.4,4.56,27.79,62.73,-6.902841,107.614305,Asia/Jakarta
2026-01-23 12:00:00,31.95,72.9,0.0,26.8,7.18,30.01,44.15,-6.902841,107.614305,Asia/Jakarta
2026-01-23 15:00:00,28.42,82.4,0.0,42.5,6.49,26.68,41.89,-6.902841,107.614305,Asia/Jakarta
2026-01-23 18:00:00,22.63,89.4,3.32,44.4,4.46,21.39,54.32,-6.902841,107.614305,Asia/Jakarta
2026-01-23 21:00:00,23.14,87.2,5.38,50.9,2.97,21.33,72.55,-6.902841,107.614305,Asia/Jakarta
2026-01-24 00:00:00,23.29,86.9,5.47,45.4,5.14,22.31,62.71,-6.902841,107.614305,Asia/Jakarta
2026-01-24 03:00:00,23.13,84.8,0.0,46.7,3.96,21.59,53.43,-6.902841,107.614305,Asia/Jakarta
2026-01-24 06:00:00,25.08,87.1,0.0,53.7,5.72,24.32,56.11,-6.902841,107.614305,Asia/Jakarta
2026-01-24 09:00:00,29.06,80.8,6.04,55.3,6.95,27.43,64.33,-6.902841,107.614305,Asia/Jakarta
2026-01-24 12:00:00,30.55,77.6,0.0,35.3,6.15,29.37,44.98,-6.902841,107.614305,Asia/Jakarta
2026-01-24 15:00:00,29.99,71.5,0.75,29.8,6.51,28.66,45.55,-6.902841,107.614305,Asia/Jakarta
2026-01-24 18:00:00,24.18,83.6,0.0,38.2,5.41,22.6,51.34,-6.902841,107.614305,Asia/Jakarta
2026-01-24 21:00:00,24.99,82.8,0.0,57.5,5.16,23.73,61.42,-6.902841,107.614305,Asia/Jakarta
2026-01-25 00:00:00,23.12,89.4,2.49,57.0,4.29,22.29,64.19,-6.902841,107.614305,Asia/Jakarta
2026-01-25 03:00:00,23.35,88.9,4.8,41.2,3.31,22.83,57.69,-6.902841,107.614305,Asia/Jakarta
2026-01-25 06:00:00,25.24,89.6,0.0,50.0,4.73,24.7,53.71,-6.902841,107.614305,Asia/Jakarta
2026-01-25 09:00:00,29.08,76.1,0.0,36.4,7.66,28.48,51.88,-6.902841,107.614305,Asia/Jakarta
2026-01-25 12:00:00,32.04,74.5,3.46,32.1,5.12,30.87,51.05,-6.902841,107.614305,Asia/Jakarta
2026-01-25 15:00:00,27.85,77.4,5.48,36.1,6.74,26.46,57.07,-6.902841,107.614305,Asia/Jakarta
2026-01-25 18:00:00,24.61,82.5,4.54,39.7,5.99,23.29,60.83,-6.902841,107.614305,Asia/Jakarta
2026-01-25 21:00:00,22.73,91.7,0.29,60.8,5.84,22.01,62.42,-6.902841,107.614305,Asia/Jakarta
2026-01-26 00:00:00,23.33,93.7,0.0,46.4,4.45,22.25,49.42,-6.902841,107.614305,Asia/Jakarta
2026-01-26 03:00:00,23.27,93.7,7.04,55.4,3.81,21.5,78.36,-6.902841,107.614305,Asia/Jakarta
2026-01-26 06:00:00,24.88,82.8,0.0,35.1,4.93,24.12,57.78,-6.902841,107.614305,Asia/Jakarta
2026-01-26 09:00:00,27.75,80.3,2.24,47.2,5.34,27.1,50.44,-6.902841,107.614305,Asia/Jakarta
2026-01-26 12:00:00,30.64,69.3,0.0,21.6,6.57,30.06,43.44,-6.902841,107.614305,Asia/Jakarta
2026-01-26 15:00:00,30.24,77.5,0.0,30.3,7.04,28.54,43.36,-6.902841,107.614305,Asia/Jakarta
2026-01-26 18:00:00,24.66,82.1,1.57,42.8,4.4,23.66,50.95,-6.902841,107.614305,Asia/Jakarta
2026-01-26 21:00:00,23.93,86.1,0.0,39.5,2.98,22.58,62.29,-6.902841,107.614305,Asia/Jakarta
2026-01-27 00:00:00,22.54,93.9,6.89,51.0,3.16,21.06,74.62,-6.902841,107.614305,Asia/Jakarta
2026-01-27 03:00:00,23.01,85.8,0.0,42.7,4.48,21.81,58.89,-6.902841,107.614305,Asia/Jakarta
2026-01-27 06:00:00,22.73,89.4,5.19,44.8,5.31,20.92,62.48,-6.902841,107.614305,Asia/Jakarta
2026-01-27 09:00:00,29.58,73.9,7.54,35.7,6.0,28.26,62.8,-6.902841,107.614305,Asia/Jakarta
2026-01-27 12:00:00,32.48,65.7,0.0,37.7,6.07,30.5,39.51,-6.902841,107.614305,Asia/Jakarta
2026-01-27 15:00:00,27.88,76.9,0.0,36.1,7.53,26.84,39.21,-6.902841,107.614305,Asia/Jakarta
2026-01-27 18:00:00,22.78,89.3,4.05,44.8,5.69,22.16,60.23,-6.902841,107.614305,Asia/Jakarta
2026-01-27 21:00:00,25.36,89.1,2.47,57.0,3.45,24.19,64.3,-6.902841,107.614305,Asia/Jakarta
2026-01-28 00:00:00,25.03,89.5,3.72,50.5,4.86,23.59,61.91,-6.902841,107.614305,Asia/Jakarta
2026-01-28 03:00:00,23.45,86.2,1.32,41.3,4.78,22.5,59.55,-6.902841,107.614305,Asia/Jakarta
2026-01-28 06:00:00,24.17,92.1,0.92,60.4,3.71,22.8,60.1,-6.902841,107.614305,Asia/Jakarta
2026-01-28 09:00:00,28.5,77.2,1.96,32.3,6.6,26.61,46.53,-6.902841,107.614305,Asia/Jakarta
2026-01-28 12:00:00,31.24,76.0,0.0,32.1,8.08,29.69,48.89,-6.902841,107.614305,Asia/Jakarta
2026-01-28 15:00:00,29.65,79.0,9.07,52.2,6.21,27.78,69.71,-6.902841,107.614305,Asia/Jakarta
2026-01-28 18:00:00,24.04,86.9,2.13,44.1,2.71,22.75,51.84,-6.902841,107.614305,Asia/Jakarta
2026-01-28 21:00:00,23.44,86.6,0.58,50.8,5.37,22.8,57.2,-6.902841,107.614305,Asia/Jakarta
2026-01-29 00:00:00,24.19,88.1,0.0,51.9,4.49,23.24,48.37,-6.902841,107.614305,Asia/Jakarta
2026-01-29 03:00:00,22.65,91.3,2.95,60.8,5.38,20.69,67.79,-6.902841,107.614305,Asia/Jakarta
2026-01-29 06:00:00,23.68,93.1,0.0,60.1,5.25,22.76,62.67,-6.902841,107.614305,Asia/Jakarta
2026-01-29 09:00:00,28.26,78.2,0.0,41.0,6.03,26.9,38.98,-6.902841,107.614305,Asia/Jakarta
2026-01-29 12:00:00,31.08,71.1,2.11,33.5,7.99,29.09,40.33,-6.902841,107.614305,Asia/Jakarta
2026-01-29 15:00:00,28.05,81.6,0.0,50.0,7.3,27.05,42.85,-6.902841,107.614305,Asia/Jakarta
2026-01-29 18:00:00,25.14,88.0,7.13,40.1,4.42,23.45,68.72,-6.902841,107.614305,Asia/Jakarta
2026-01-29 21:00:00,24.73,91.2,0.0,54.1,4.64,23.45,47.05,-6.902841,107.614305,Asia/Jakarta
2026-01-30 00:00:00,24.8,86.8,8.65,41.0,3.92,23.43,66.07,-6.902841,107.614305,Asia/Jakarta
2026-01-30 03:00:00,25.07,81.5,0.0,47.1,3.03,23.54,50.76,-6.902841,107.614305,Asia/Jakarta
2026-01-30 06:00:00,23.1,89.2,0.0,61.2,5.81,21.91,56.23,-6.902841,107.614305,Asia/Jakarta
2026-01-30 09:00:00,29.6,71.5,0.0,23.7,5.45,27.83,45.79,-6.902841,107.614305,Asia/Jakarta
2026-01-30 12:00:00,29.75,79.3,2.38,53.1,8.5,29.19,44.45,-6.902841,107.614305,Asia/Jakarta
2026-01-30 15:00:00,27.52,81.4,0.0,53.6,5.24,26.37,40.61,-6.902841,107.614305,Asia/Jakarta
2026-01-30 18:00:00,25.17,87.6,4.05,45.4,5.75,24.54,64.28,-6.902841,107.614305,Asia/Jakarta
2026-01-30 21:00:00,22.78,91.4,0.0,58.9,3.65,21.42,49.26,-6.902841,107.614305,Asia/Jakarta
2026-01-31 00:00:00,24.91,82.4,0.0,34.8,5.32,24.31,57.64,-6.902841,107.614305,Asia/Jakarta
2026-01-31 03:00:00,23.11,92.3,4.3,51.0,4.06,21.75,62.46,-6.902841,107.614305,Asia/Jakarta
2026-01-31 06:00:00,24.29,85.0,3.21,58.4,3.92,22.72,61.13,-6.902841,107.614305,Asia/Jakarta
2026-01-31 09:00:00,27.74,80.5,0.0,38.9,4.32,26.08,39.33,-6.902841,107.614305,Asia/Jakarta
2026-01-31 12:00:00,32.23,72.4,2.77,28.1,5.78,30.35,46.24,-6.902841,107.614305,Asia/Jakarta
2026-01-31 15:00:00,28.32,73.7,1.47,48.8,4.39,26.49,45.88,-6.902841,107.614305,Asia/Jakarta
2026-01-31 18:00:00,23.99,89.7,0.48,63.4,5.26,22.03,53.79,-6.902841,107.614305,Asia/Jakarta
2026-01-31 21:00:00,23.73,85.0,1.46,59.3,4.09,23.1,50.35,-6.902841,107.614305,Asia/Jakarta
2026-02-01 00:00:00,24.36,92.0,3.12,57.4,4.95,23.68,55.58,-6.902841,107.614305,Asia/Jakarta
2026-02-01 03:00:00,23.76,84.0,0.0,40.2,3.65,22.83,56.03,-6.902841,107.614305,Asia/Jakarta
2026-02-01 06:00:00,25.1,84.5,0.82,57.7,4.61,24.2,52.31,-6.902841,107.614305,Asia/Jakarta
2026-02-01 09:00:00,28.67,73.5,3.9,28.6,4.77,28.04,47.07,-6.902841,107.614305,Asia/Jakarta
2026-02-01 12:00:00,32.14,74.8,0.0,31.6,6.99,30.7,48.84,-6.902841,107.614305,Asia/Jakarta
2026-02-01 15:00:00,27.66,76.0,0.0,28.7,7.58,27.14,48.55,-6.902841,107.614305,Asia/Jakarta
2026-02-01 18:00:00,24.71,85.7,0.0,45.5,5.2,22.75,58.69,-6.902841,107.614305,Asia/Jakarta
2026-02-01 21:00:00,23.28,88.1,0.0,41.2,4.79,21.31,61.3,-6.902841,107.614305,Asia/Jakarta
2026-02-02 00:00:00,23.76,85.5,3.52,52.7,5.88,23.12,56.46,-6.902841,107.614305,Asia/Jakarta
2026-02-02 03:00:00,23.21,88.1,0.0,57.4,5.94,22.25,62.42,-6.902841,107.614305,Asia/Jakarta
2026-02-02 06:00:00,25.04,83.2,0.0,43.6,2.79,23.73,62.99,-6.902841,107.614305,Asia/Jakarta
2026-02-02 09:00:00,27.94,77.7,0.0,32.1,7.16,27.16,47.79,-6.902841,107.614305,Asia/Jakarta
2026-02-02 12:00:00,30.86,68.4,0.0,29.8,7.83,28.96,47.96,-6.902841,107.614305,Asia/Jakarta
2026-02-02 15:00:00,29.8,80.1,2.11,52.7,4.54,27.98,56.57,-6.902841,107.614305,Asia/Jakarta
2026-02-02 18:00:00,25.15,84.5,0.0,49.6,5.46,24.21,59.64,-6.902841,107.614305,Asia/Jakarta
2026-02-02 21:00:00,23.9,83.8,2.68,39.6,3.23,22.78,53.14,-6.902841,107.614305,Asia/Jakarta
2026-02-03 00:00:00,25.3,88.1,0.0,47.4,5.98,24.61,62.58,-6.902841,107.614305,Asia/Jakarta
2026-02-03 03:00:00,23.44,86.7,0.98,43.7,5.04,21.81,63.22,-6.902841,107.614305,Asia/Jakarta
2026-02-03 06:00:00,24.14,92.0,5.97,47.6,4.73,22.74,73.63,-6.902841,107.614305,Asia/Jakarta
2026-02-03 09:00:00,29.7,72.5,0.0,30.6,4.33,28.17,43.5,-6.902841,107.614305,Asia/Jakarta
2026-02-03 12:00:00,31.9,72.6,5.9,26.7,7.35,30.24,55.78,-6.902841,107.614305,Asia/Jakarta
2026-02-03 15:00:00,29.09,72.9,1.16,28.4,7.27,28.13,46.52,-6.902841,107.614305,Asia/Jakarta
2026-02-03 18:00:00,23.51,89.7,0.0,48.6,4.26,22.91,49.86,-6.902841,107.614305,Asia/Jakarta
2026-02-03 21:00:00,24.05,88.6,1.19,50.6,3.92,22.39,53.77,-6.902841,107.614305,Asia/Jakarta
2026-02-04 00:00:00,23.54,84.7,1.48,39.2,2.82,22.49,63.3,-6.902841,107.614305,Asia/Jakarta
2026-02-04 03:00:00,23.09,92.2,0.0,46.2,3.36,21.53,47.47,-6.902841,107.614305,Asia/Jakarta
2026-02-04 06:00:00,22.65,91.7,4.97,66.6,5.38,21.94,61.77,-6.902841,107.614305,Asia/Jakarta
2026-02-04 09:00:00,29.59,77.5,4.29,41.6,4.47,27.59,49.15,-6.902841,107.614305,Asia/Jakarta
2026-02-04 12:00:00,30.1,75.9,0.0,41.1,7.12,29.48,48.33,-6.902841,107.614305,Asia/Jakarta
2026-02-04 15:00:00,29.87,70.8,0.0,23.1,7.55,29.01,50.11,-6.902841,107.614305,Asia/Jakarta
2026-02-04 18:00:00,24.75,86.2,0.0,40.6,5.17,24.18,55.88,-6.902841,107.614305,Asia/Jakarta
2026-02-04 21:00:00,24.75,90.1,0.0,60.3,3.04,23.72,62.8,-6.902841,107.614305,Asia/Jakarta
2026-02-05 00:00:00,24.65,91.2,0.0,67.0,3.4,23.72,56.31,-6.902841,107.614305,Asia/Jakarta
2026-02-05 03:00:00,25.43,84.5,0.0,49.0,5.72,24.82,57.06,-6.902841,107.614305,Asia/Jakarta
2026-02-05 06:00:00,25.37,83.3,6.83,43.4,2.92,24.62,69.59,-6.902841,107.614305,Asia/Jakarta
2026-02-05 09:00:00,29.04,80.9,0.0,43.5,5.92,27.64,49.57,-6.902841,107.614305,Asia/Jakarta
2026-02-05 12:00:00,29.67,73.2,0.0,27.8,6.49,28.4,41.84,-6.902841,107.614305,Asia/Jakarta
2026-02-05 15:00:00,29.79,75.3,7.36,47.4,4.98,28.15,62.82,-6.902841,107.614305,Asia/Jakarta
2026-02-05 18:00:00,24.4,85.8,0.0,49.3,4.37,22.64,54.76,-6.902841,107.614305,Asia/Jakarta
2026-02-05 21:00:00,22.62,94.5,0.74,59.9,5.66,21.69,51.54,-6.902841,107.614305,Asia/Jakarta
2026-02-06 00:00:00,22.54,93.1,0.0,58.3,4.13,22.0,62.52,-6.902841,107.614305,Asia/Jakarta
2026-02-06 03:00:00,23.01,87.4,4.85,60.3,5.19,21.92,61.08,-6.902841,107.614305,Asia/Jakarta
2026-02-06 06:00:00,23.06,94.5,0.0,49.4,5.26,21.56,53.15,-6.902841,107.614305,Asia/Jakarta
2026-02-06 09:00:00,28.6,76.7,0.0,39.6,5.92,27.43,43.32,-6.902841,107.614305,Asia/Jakarta
2026-02-06 12:00:00,31.55,67.6,7.16,34.5,7.02,29.65,64.47,-6.902841,107.614305,Asia/Jakarta
2026-02-06 15:00:00,29.54,80.6,2.54,55.2,4.46,28.43,44.54,-6.902841,107.614305,Asia/Jakarta
2026-02-06 18:00:00,23.39,85.5,0.0,39.3,2.53,22.82,50.16,-6.902841,107.614305,Asia/Jakarta
2026-02-06 21:00:00,25.32,88.2,3.27,52.7,5.24,24.51,58.71,-6.902841,107.614305,Asia/Jakarta
2026-02-07 00:00:00,24.74,82.4,2.9,47.3,2.98,23.8,62.05,-6.902841,107.614305,Asia/Jakarta
2026-02-07 03:00:00,22.7,85.8,3.01,45.0,3.99,22.09,66.57,-6.902841,107.614305,Asia/Jakarta
2026-02-07 06:00:00,22.55,94.4,5.95,47.6,5.69,20.97,66.12,-6.902841,107.614305,Asia/Jakarta
2026-02-07 09:00:00,29.74,77.9,0.0,53.6,5.68,28.89,49.81,-6.902841,107.614305,Asia/Jakarta
2026-02-07 12:00:00,32.1,71.9,10.2,31.8,5.32,31.58,55.49,-6.902841,107.614305,Asia/Jakarta
2026-02-07 15:00:00,27.81,82.4,8.32,56.3,6.96,26.55,57.89,-6.902841,107.614305,Asia/Jakarta
2026-02-07 18:00:00,24.93,88.7,2.2,61.3,4.15,23.94,60.67,-6.902841,107.614305,Asia/Jakarta
2026-02-07 21:00:00,24.79,89.8,0.0,45.1,5.67,23.8,61.52,-6.902841,107.614305,Asia/Jakarta
2026-02-08 00:00:00,22.8,87.7,0.0,48.6,4.27,21.91,52.46,-6.902841,107.614305,Asia/Jakarta
2026-02-08 03:00:00,23.63,93.0,0.0,46.1,4.59,22.03,49.57,-6.902841,107.614305,Asia/Jakarta
2026-02-08 06:00:00,22.56,88.8,0.0,47.8,5.45,21.64,52.92,-6.902841,107.614305,Asia/Jakarta
2026-02-08 09:00:00,29.77,75.4,4.06,28.3,4.62,29.18,53.4,-6.902841,107.614305,Asia/Jakarta
2026-02-08 12:00:00,31.0,69.3,1.69,30.5,7.28,29.54,45.22,-6.902841,107.614305,Asia/Jakarta
2026-02-08 15:00:00,28.14,80.8,1.85,34.2,5.38,26.84,56.83,-6.902841,107.614305,Asia/Jakarta
2026-02-08 18:00:00,24.83,89.9,3.16,49.1,3.56,23.27,67.5,-6.902841,107.614305,Asia/Jakarta
2026-02-08 21:00:00,24.52,85.6,1.81,41.4,3.41,22.99,63.01,-6.902841,107.614305,Asia/Jakarta
2026-02-09 00:00:00,23.71,84.9,0.0,47.7,5.42,22.54,62.95,-6.902841,107.614305,Asia/Jakarta
2026-02-09 03:00:00,23.79,84.6,0.0,47.3,4.89,21.87,49.3,-6.902841,107.614305,Asia/Jakarta
2026-02-09 06:00:00,25.08,87.6,2.05,62.2,4.42,23.87,66.24,-6.902841,107.614305,Asia/Jakarta
2026-02-09 09:00:00,29.52,74.8,0.0,29.8,5.78,28.31,45.16,-6.902841,107.614305,Asia/Jakarta
2026-02-09 12:00:00,29.66,79.9,0.0,48.5,6.81,27.67,47.98,-6.902841,107.614305,Asia/Jakarta
2026-02-09 15:00:00,29.22,74.2,0.0,27.5,5.56,28.71,40.87,-6.902841,107.614305,Asia/Jakarta
2026-02-09 18:00:00,24.86,87.9,3.99,62.5,3.01,23.74,58.98,-6.902841,107.614305,Asia/Jakarta
2026-02-09 21:00:00,22.75,94.5,4.8,60.8,5.83,21.78,69.98,-6.902841,107.614305,Asia/Jakarta
2026-02-10 00:00:00,24.55,89.0,4.71,50.9,4.16,23.35,66.89,-6.902841,107.614305,Asia/Jakarta
2026-02-10 03:00:00,24.63,84.9,0.0,40.7,4.55,23.77,60.8,-6.902841,107.614305,Asia/Jakarta
2026-02-10 06:00:00,24.84,83.6,4.74,55.9,5.51,24.15,69.42,-6.902841,107.614305,Asia/Jakarta
2026-02-10 09:00:00,29.64,72.8,1.05,41.7,6.52,28.98,47.12,-6.902841,107.614305,Asia/Jakarta
2026-02-10 12:00:00,29.73,75.4,0.0,36.3,6.49,28.49,34.93,-6.902841,107.614305,Asia/Jakarta
2026-02-10 15:00:00,28.72,73.5,0.0,32.5,6.17,27.82,38.92,-6.902841,107.614305,Asia/Jakarta
2026-02-10 18:00:00,24.16,88.2,1.73,45.8,5.79,22.22,64.17,-6.902841,107.614305,Asia/Jakarta
2026-02-10 21:00:00,22.52,91.7,3.43,63.1,5.64,20.53,66.5,-6.902841,107.614305,Asia/Jakarta
2026-02-11 00:00:00,25.45,87.7,0.0,40.0,5.62,24.36,49.95,-6.902841,107.614305,Asia/Jakarta
2026-02-11 03:00:00,23.99,83.6,6.94,45.7,2.75,22.16,69.7,-6.902841,107.614305,Asia/Jakarta
2026-02-11 06:00:00,22.56,88.0,13.92,63.9,3.18,22.0,91.82,-6.902841,107.614305,Asia/Jakarta
2026-02-11 09:00:00,28.48,73.5,0.0,26.3,5.0,27.29,43.71,-6.902841,107.614305,Asia/Jakarta
2026-02-11 12:00:00,30.26,72.4,0.0,38.3,8.02,28.92,40.05,-6.902841,107.614305,Asia/Jakarta
2026-02-11 15:00:00,29.8,75.0,0.0,32.8,6.16,29.25,52.43,-6.902841,107.614305,Asia/Jakarta
2026-02-11 18:00:00,23.69,92.7,4.18,51.0,3.72,21.97,67.85,-6.902841,107.614305,Asia/Jakarta
2026-02-11 21:00:00,24.15,83.6,0.0,50.1,3.29,23.41,54.39,-6.902841,107.614305,Asia/Jakarta
2026-02-12 00:00:00,24.77,83.0,5.57,55.6,4.5,23.94,72.41,-6.902841,107.614305,Asia/Jakarta
2026-02-12 03:00:00,24.46,84.8,0.0,55.4,2.71,22.88,60.29,-6.902841,107.614305,Asia/Jakarta
2026-02-12 06:00:00,23.86,89.6,0.93,61.3,3.08,22.82,59.36,-6.902841,107.614305,Asia/Jakarta
2026-02-12 09:00:00,28.07,79.2,0.0,46.1,5.58,27.57,44.34,-6.902841,107.614305,Asia/Jakarta
2026-02-12 12:00:00,32.08,70.2,0.0,41.8,6.73,30.96,38.81,-6.902841,107.614305,Asia/Jakarta
2026-02-12 15:00:00,30.06,71.8,0.0,36.9,7.5,28.3,46.14,-6.902841,107.614305,Asia/Jakarta
2026-02-12 18:00:00,23.02,85.3,5.46,41.8,3.8,22.07,72.22,-6.902841,107.614305,Asia/Jakarta
2026-02-12 21:00:00,24.94,87.0,0.0,45.7,5.7,24.18,56.36,-6.902841,107.614305,Asia/Jakarta
2026-02-13 00:00:00,22.97,94.5,11.58,52.5,5.85,22.37,76.39,-6.902841,107.614305,Asia/Jakarta
2026-02-13 03:00:00,22.96,88.7,1.72,56.4,5.49,21.53,51.73,-6.902841,107.614305,Asia/Jakarta
2026-02-13 06:00:00,24.69,91.2,0.0,50.1,4.89,22.91,47.53,-6.902841,107.614305,Asia/Jakarta
2026-02-13 09:00:00,29.19,80.0,2.11,51.4,7.01,27.56,51.72,-6.902841,107.614305,Asia/Jakarta
2026-02-13 12:00:00,30.24,78.5,6.08,37.5,8.22,29.54,55.85,-6.902841,107.614305,Asia/Jakarta
2026-02-13 15:00:00,29.89,70.7,0.0,36.3,7.77,29.2,40.79,-6.902841,107.614305,Asia/Jakarta
2026-02-13 18:00:00,25.4,82.6,3.4,41.0,4.53,24.4,61.59,-6.902841,107.614305,Asia/Jakarta
2026-02-13 21:00:00,24.3,85.3,0.0,58.3,2.97,23.58,47.9,-6.902841,107.614305,Asia/Jakarta
2026-02-14 00:00:00,25.4,83.9,0.0,37.7,4.56,24.8,51.45,-6.902841,107.614305,Asia/Jakarta
2026-02-14 03:00:00,22.54,87.7,0.43,58.3,2.83,21.37,51.2,-6.902841,107.614305,Asia/Jakarta
2026-02-14 06:00:00,24.37,90.0,2.22,56.1,4.06,23.72,63.13,-6.902841,107.614305,Asia/Jakarta
2026-02-14 09:00:00,28.57,80.4,0.0,35.5,7.6,27.84,44.68,-6.902841,107.614305,Asia/Jakarta
2026-02-14 12:00:00,32.06,72.2,0.0,33.7,8.14,31.52,35.27,-6.902841,107.614305,Asia/Jakarta
2026-02-14 15:00:00,29.31,72.8,8.62,44.3,4.28,27.82,65.55,-6.902841,107.614305,Asia/Jakarta
2026-02-14 18:00:00,25.14,89.4,2.66,49.0,2.71,24.48,55.51,-6.902841,107.614305,Asia/Jakarta
2026-02-14 21:00:00,23.56,86.0,2.66,46.0,2.83,21.9,56.21,-6.902841,107.614305,Asia/Jakarta
2026-01-01 00:00:00,22.8,91.7,0.0,50.9,2.67,21.57,60.62,-6.922693,107.60748,Asia/Jakarta
2026-01-01 03:00:00,24.27,88.6,0.0,46.9,2.94,23.4,58.08,-6.922693,107.60748,Asia/Jakarta
2026-01-01 06:00:00,22.89,94.8,5.82,58.9,5.37,21.38,69.86,-6.922693,107.60748,Asia/Jakarta
2026-01-01 09:00:00,29.55,76.5,4.29,31.2,7.51,27.89,46.66,-6.922693,107.60748,Asia/Jakarta
2026-01-01 12:00:00,30.95,68.6,0.0,32.4,7.01,29.13,48.39,-6.922693,107.60748,Asia/Jakarta
2026-01-01 15:00:00,29.72,76.7,2.55,52.3,4.6,27.81,56.67,-6.922693,107.60748,Asia/Jakarta
2026-01-01 18:00:00,23.0,89.6,1.99,54.6,4.02,21.72,52.3,-6.922693,107.60748,Asia/Jakarta
2026-01-01 21:00:00,24.41,89.8,0.0,50.4,3.17,23.65,58.82,-6.922693,107.60748,Asia/Jakarta
2026-01-02 00:00:00,24.82,88.1,18.22,57.1,3.92,23.22,89.83,-6.922693,107.60748,Asia/Jakarta
2026-01-02 03:00:00,23.3,89.1,0.0,56.9,3.77,21.5,61.78,-6.922693,107.60748,Asia/Jakarta
2026-01-02 06:00:00,24.41,85.1,0.0,46.1,3.87,23.65,55.89,-6.922693,107.60748,Asia/Jakarta
2026-01-02 09:00:00,30.06,70.2,7.69,24.7,6.82,28.61,64.64,-6.922693,107.60748,Asia/Jakarta
2026-01-02 12:00:00,30.0,79.0,4.74,38.2,6.44,29.13,52.85,-6.922693,107.60748,Asia/Jakarta
2026-01-02 15:00:00,27.99,74.5,4.96,47.0,4.84,27.36,62.77,-6.922693,107.60748,Asia/Jakarta
2026-01-02 18:00:00,24.21,84.1,3.02,36.4,4.96,23.45,60.32,-6.922693,107.60748,Asia/Jakarta
2026-01-02 21:00:00,24.58,82.0,4.25,43.8,5.71,22.84,70.62,-6.922693,107.60748,Asia/Jakarta
2026-01-03 00:00:00,22.66,91.4,2.77,53.8,4.17,22.1,57.65,-6.922693,107.60748,Asia/Jakarta
2026-01-03 03:00:00,24.65,87.6,0.0,40.8,4.51,23.01,50.93,-6.922693,107.60748,Asia/Jakarta
2026-01-03 06:00:00,24.12,84.3,0.0,40.2,2.83,23.28,62.19,-6.922693,107.60748,Asia/Jakarta
2026-01-03 09:00:00,30.01,77.1,1.58,39.2,6.12,28.52,47.96,-6.922693,107.60748,Asia/Jakarta
2026-01-03 12:00:00,30.46,72.0,0.0,26.7,6.46,29.25,46.45,-6.922693,107.60748,Asia/Jakarta
2026-01-03 15:00:00,28.76,74.1,0.0,32.9,6.76,28.24,42.76,-6.922693,107.60748,Asia/Jakarta
2026-01-03 18:00:00,23.48,88.5,4.38,45.3,4.06,22.76,63.45,-6.922693,107.60748,Asia/Jakarta
2026-01-03 21:00:00,23.17,85.7,0.0,61.3,5.25,21.7,48.83,-6.922693,107.60748,Asia/Jakarta
2026-01-04 00:00:00,24.88,83.5,0.0,52.6,3.55,23.3,62.02,-6.922693,107.60748,Asia/Jakarta
2026-01-04 03:00:00,23.67,86.3,2.59,57.9,5.12,22.47,60.05,-6.922693,107.60748,Asia/Jakarta
2026-01-04 06:00:00,24.48,85.7,0.0,46.4,5.63,23.34,59.03,-6.922693,107.60748,Asia/Jakarta
2026-01-04 09:00:00,29.53,79.1,4.54,45.6,7.68,27.71,60.19,-6.922693,107.60748,Asia/Jakarta
2026-01-04 12:00:00,31.93,70.9,5.16,43.5,6.93,31.3,44.67,-6.922693,107.60748,Asia/Jakarta
2026-01-04 15:00:00,29.99,76.4,4.71,42.0,6.71,29.24,48.12,-6.922693,107.60748,Asia/Jakarta
2026-01-04 18:00:00,24.18,86.9,1.47,45.3,5.19,23.28,52.93,-6.922693,107.60748,Asia/Jakarta
2026-01-04 21:00:00,23.79,86.6,0.0,43.3,4.5,22.14,54.18,-6.922693,107.60748,Asia/Jakarta
2026-01-05 00:00:00,22.53,89.5,0.0,48.5,5.11,20.89,53.06,-6.922693,107.60748,Asia/Jakarta
2026-01-05 03:00:00,23.75,89.0,2.37,47.7,3.19,22.19,59.16,-6.922693,107.60748,Asia/Jakarta
2026-01-05 06:00:00,22.69,85.7,2.63,60.6,3.29,21.25,66.78,-6.922693,107.60748,Asia/Jakarta
2026-01-05 09:00:00,28.39,81.0,6.54,39.4,6.81,26.72,55.24,-6.922693,107.60748,Asia/Jakarta
2026-01-05 12:00:00,31.31,75.8,0.0,28.6,6.67,29.8,34.24,-6.922693,107.60748,Asia/Jakarta
2026-01-05 15:00:00,27.6,80.1,6.31,47.7,4.6,26.34,54.54,-6.922693,107.60748,Asia/Jakarta
2026-01-05 18:00:00,25.22,82.9,1.82,40.0,5.05,23.59,52.32,-6.922693,107.60748,Asia/Jakarta
2026-01-05 21:00:00,25.03,90.3,1.03,50.7,5.64,24.33,62.85,-6.922693,107.60748,Asia/Jakarta
2026-01-06 00:00:00,25.13,88.0,0.0,49.7,5.65,24.08,59.51,-6.922693,107.60748,Asia/Jakarta
2026-01-06 03:00:00,23.39,91.0,0.0,55.5,5.11,21.48,56.14,-6.922693,107.60748,Asia/Jakarta
2026-01-06 06:00:00,22.95,89.8,14.35,58.5,2.88,21.99,91.0,-6.922693,107.60748,Asia/Jakarta
2026-01-06 09:00:00,27.57,79.8,0.0,52.0,4.34,26.53,52.72,-6.922693,107.60748,Asia/Jakarta
2026-01-06 12:00:00,31.76,70.8,4.58,30.9,7.47,29.89,50.18,-6.922693,107.60748,Asia/Jakarta
2026-01-06 15:00:00,29.23,74.3,0.0,26.9,5.81,27.5,40.48,-6.922693,107.60748,Asia/Jakarta
2026-01-06 18:00:00,23.91,90.9,0.89,64.6,2.97,22.78,60.72,-6.922693,107.60748,Asia/Jakarta
2026-01-06 21:00:00,25.16,85.1,2.08,50.9,2.78,23.9,51.83,-6.922693,107.60748,Asia/Jakarta
2026-01-07 00:00:00,24.02,87.8,0.0,47.7,3.65,22.28,56.56,-6.922693,107.60748,Asia/Jakarta
2026-01-07 03:00:00,23.66,91.0,6.73,56.8,4.88,22.39,64.51,-6.922693,107.60748,Asia/Jakarta
2026-01-07 06:00:00,24.35,90.5,0.0,60.7,2.58,22.66,60.5,-6.922693,107.60748,Asia/Jakarta
2026-01-07 09:00:00,29.36,80.0,0.0,52.3,6.27,28.69,39.32,-6.922693,107.60748,Asia/Jakarta
2026-01-07 12:00:00,30.87,71.0,12.16,43.6,7.45,29.07,61.0,-6.922693,107.60748,Asia/Jakarta
2026-01-07 15:00:00,29.5,75.7,10.87,37.5,7.2,28.39,73.22,-6.922693,107.60748,Asia/Jakarta
2026-01-07 18:00:00,22.99,94.2,0.0,62.5,4.16,21.62,62.1,-6.922693,107.60748,Asia/Jakarta
2026-01-07 21:00:00,23.03,93.2,4.44,65.3,5.98,21.14,69.83,-6.922693,107.60748,Asia/Jakarta
2026-01-08 00:00:00,23.97,88.5,3.34,50.5,5.59,22.27,57.61,-6.922693,107.60748,Asia/Jakarta
2026-01-08 03:00:00,23.89,87.6,1.34,61.6,3.98,22.47,63.24,-6.922693,107.60748,Asia/Jakarta
2026-01-08 06:00:00,23.01,90.7,3.56,46.5,4.93,21.08,63.4,-6.922693,107.60748,Asia/Jakarta
2026-01-08 09:00:00,28.15,82.9,1.51,51.1,5.41,26.69,51.42,-6.922693,107.60748,Asia/Jakarta
2026-01-08 12:00:00,31.58,68.0,0.0,28.6,8.42,29.59,40.19,-6.922693,107.60748,Asia/Jakarta
2026-01-08 15:00:00,29.25,72.4,0.0,32.6,4.93,27.25,42.99,-6.922693,107.60748,Asia/Jakarta
2026-01-08 18:00:00,24.09,92.2,0.0,50.7,4.29,22.6,59.41,-6.922693,107.60748,Asia/Jakarta
2026-01-08 21:00:00,23.24,84.9,0.0,40.5,4.87,22.04,58.85,-6.922693,107.60748,Asia/Jakarta
2026-01-09 00:00:00,24.12,86.7,0.0,50.7,3.85,22.65,53.03,-6.922693,107.60748,Asia/Jakarta
2026-01-09 03:00:00,24.49,88.5,0.0,48.8,4.53,22.64,59.09,-6.922693,107.60748,Asia/Jakarta
2026-01-09 06:00:00,22.66,89.4,0.0,61.8,4.53,21.94,58.56,-6.922693,107.60748,Asia/Jakarta
2026-01-09 09:00:00,30.0,75.3,2.39,35.2,5.84,28.79,43.1,-6.922693,107.60748,Asia/Jakarta
2026-01-09 12:00:00,32.31,75.1,6.08,37.0,6.56,31.76,47.14,-6.922693,107.60748,Asia/Jakarta
2026-01-09 15:00:00,29.34,71.9,0.0,39.3,7.27,28.23,44.37,-6.922693,107.60748,Asia/Jakarta
2026-01-09 18:00:00,24.09,88.6,2.76,50.6,5.55,23.14,57.81,-6.922693,107.60748,Asia/Jakarta
2026-01-09 21:00:00,24.08,90.2,0.0,42.9,4.1,22.59,55.26,-6.922693,107.60748,Asia/Jakarta
2026-01-10 00:00:00,25.4,89.4,0.0,45.8,4.71,24.27,48.42,-6.922693,107.60748,Asia/Jakarta
2026-01-10 03:00:00,22.51,95.3,0.0,63.8,5.6,21.84,53.16,-6.922693,107.60748,Asia/Jakarta
2026-01-10 06:00:00,24.9,85.0,0.0,40.2,4.36,24.04,60.45,-6.922693,107.60748,Asia/Jakarta
2026-01-10 09:00:00,27.81,75.4,2.62,45.5,7.5,25.96,45.98,-6.922693,107.60748,Asia/Jakarta
2026-01-10 12:00:00,30.29,72.3,0.0,32.1,7.21,29.41,35.94,-6.922693,107.60748,Asia/Jakarta
2026-01-10 15:00:00,30.44,76.1,0.0,49.1,4.55,28.83,37.28,-6.922693,107.60748,Asia/Jakarta
2026-01-10 18:00:00,24.93,90.1,3.21,45.6,5.57,23.54,57.5,-6.922693,107.60748,Asia/Jakarta
2026-01-10 21:00:00,24.26,91.6,15.71,47.4,3.77,22.93,81.71,-6.922693,107.60748,Asia/Jakarta
2026-01-11 00:00:00,23.3,88.8,0.0,60.5,2.71,21.83,56.76,-6.922693,107.60748,Asia/Jakarta
2026-01-11 03:00:00,23.85,84.4,1.21,54.5,3.61,22.01,63.17,-6.922693,107.60748,Asia/Jakarta
2026-01-11 06:00:00,23.43,87.5,0.0,44.9,3.4,21.88,59.06,-6.922693,107.60748,Asia/Jakarta
2026-01-11 09:00:00,29.9,78.3,4.11,49.0,4.32,28.8,50.03,-6.922693,107.60748,Asia/Jakarta
2026-01-11 12:00:00,31.61,75.2,0.0,48.8,5.42,30.25,46.99,-6.922693,107.60748,Asia/Jakarta
2026-01-11 15:00:00,30.44,71.8,0.0,32.6,5.67,29.65,39.54,-6.922693,107.60748,Asia/Jakarta
2026-01-11 18:00:00,22.88,89.4,0.0,50.6,4.62,21.59,57.0,-6.922693,107.60748,Asia/Jakarta
2026-01-11 21:00:00,23.35,84.9,10.25,45.8,5.36,21.57,85.03,-6.922693,107.60748,Asia/Jakarta
2026-01-12 00:00:00,24.5,83.5,0.0,53.5,3.15,23.72,55.39,-6.922693,107.60748,Asia/Jakarta
2026-01-12 03:00:00,25.38,85.5,3.2,40.6,3.89,23.46,69.5,-6.922693,107.60748,Asia/Jakarta
2026-01-12 06:00:00,24.21,86.4,7.6,43.0,4.64,22.37,73.16,-6.922693,107.60748,Asia/Jakarta
2026-01-12 09:00:00,29.25,80.0,0.0,46.1,7.04,28.38,48.84,-6.922693,107.60748,Asia/Jakarta
2026-01-12 12:00:00,30.46,74.8,0.0,38.2,6.95,29.22,40.42,-6.922693,107.60748,Asia/Jakarta
2026-01-12 15:00:00,29.28,75.4,0.96,46.2,4.69,28.52,43.29,-6.922693,107.60748,Asia/Jakarta
2026-01-12 18:00:00,24.07,91.3,0.0,49.4,3.36,22.67,52.24,-6.922693,107.60748,Asia/Jakarta
2026-01-12 21:00:00,24.74,91.0,2.84,57.4,2.94,24.23,53.41,-6.922693,107.60748,Asia/Jakarta
2026-01-13 00:00:00,22.7,88.5,0.0,56.2,4.13,20.94,53.38,-6.922693,107.60748,Asia/Jakarta
2026-01-13 03:00:00,24.67,90.8,1.66,65.8,4.78,24.12,54.28,-6.922693,107.60748,Asia/Jakarta
2026-01-13 06:00:00,23.35,93.5,3.17,47.2,2.56,21.99,62.24,-6.922693,107.60748,Asia/Jakarta
2026-01-13 09:00:00,28.41,82.5,3.22,54.8,4.38,27.26,53.99,-6.922693,107.60748,Asia/Jakarta
2026-01-13 12:00:00,30.48,75.9,0.0,35.0,7.33,29.54,44.16,-6.922693,107.60748,Asia/Jakarta
2026-01-13 15:00:00,27.48,81.7,3.49,50.7,6.08,25.74,48.52,-6.922693,107.60748,Asia/Jakarta
2026-01-13 18:00:00,22.59,95.1,6.04,70.9,5.8,20.68,61.92,-6.922693,107.60748,Asia/Jakarta
2026-01-13 21:00:00,24.18,88.6,0.0,43.6,5.79,22.86,60.24,-6.922693,107.60748,Asia/Jakarta
2026-01-14 00:00:00,25.42,88.0,0.0,55.6,3.91,24.91,49.11,-6.922693,107.60748,Asia/Jakarta
2026-01-14 03:00:00,23.92,86.6,0.25,53.7,4.65,22.02,54.09,-6.922693,107.60748,Asia/Jakarta
2026-01-14 06:00:00,23.79,86.6,0.0,50.1,4.78,21.85,58.72,-6.922693,107.60748,Asia/Jakarta
2026-01-14 09:00:00,28.32,82.2,0.0,41.6,5.34,26.75,41.22,-6.922693,107.60748,Asia/Jakarta
2026-01-14 12:00:00,30.45,78.9,0.0,46.6,7.17,29.81,46.61,-6.922693,107.60748,Asia/Jakarta
2026-01-14 15:00:00,27.61,80.1,2.0,36.8,6.0,27.01,57.03,-6.922693,107.60748,Asia/Jakarta
2026-01-14 18:00:00,23.76,90.9,3.91,61.2,2.66,22.01,66.72,-6.922693,107.60748,Asia/Jakarta
2026-01-14 21:00:00,24.73,87.1,0.0,56.4,4.3,23.54,50.09,-6.922693,107.60748,Asia/Jakarta
2026-01-15 00:00:00,23.07,92.1,0.0,63.5,3.59,22.14,60.55,-6.922693,107.60748,Asia/Jakarta
2026-01-15 03:00:00,24.33,89.9,0.46,53.8,5.12,22.53,56.56,-6.922693,107.60748,Asia/Jakarta
2026-01-15 06:00:00,24.82,84.2,0.0,37.8,2.52,23.7,60.39,-6.922693,107.60748,Asia/Jakarta
2026-01-15 09:00:00,27.68,82.6,0.0,36.4,4.39,26.34,51.8,-6.922693,107.60748,Asia/Jakarta
2026-01-15 12:00:00,31.84,69.9,5.2,33.5,7.3,30.45,58.26,-6.922693,107.60748,Asia/Jakarta
2026-01-15 15:00:00,27.69,78.6,1.97,35.2,6.39,25.99,42.61,-6.922693,107.60748,Asia/Jakarta
2026-01-15 18:00:00,24.03,86.2,2.88,51.3,5.08,22.18,54.86,-6.922693,107.60748,Asia/Jakarta
2026-01-15 21:00:00,23.86,85.8,6.23,57.0,3.78,23.18,70.34,-6.922693,107.60748,Asia/Jakarta
2026-01-16 00:00:00,23.7,89.9,7.83,61.6,3.5,21.86,73.63,-6.922693,107.60748,Asia/Jakarta
2026-01-16 03:00:00,24.9,88.1,5.31,47.7,4.39,22.91,74.44,-6.922693,107.60748,Asia/Jakarta
2026-01-16 06:00:00,23.25,93.6,1.17,62.7,2.79,21.72,58.21,-6.922693,107.60748,Asia/Jakarta
2026-01-16 09:00:00,29.22,75.8,0.0,31.6,6.83,28.16,40.92,-6.922693,107.60748,Asia/Jakarta
2026-01-16 12:00:00,31.96,71.6,5.13,40.1,8.4,30.47,56.19,-6.922693,107.60748,Asia/Jakarta
2026-01-16 15:00:00,29.05,72.3,5.37,33.7,6.71,27.2,50.36,-6.922693,107.60748,Asia/Jakarta
2026-01-16 18:00:00,23.35,88.5,0.0,55.0,5.03,22.22,52.48,-6.922693,107.60748,Asia/Jakarta
2026-01-16 21:00:00,23.1,94.0,4.66,60.5,3.42,21.24,57.58,-6.922693,107.60748,Asia/Jakarta
2026-01-17 00:00:00,25.2,87.9,8.68,60.1,4.27,23.86,81.54,-6.922693,107.60748,Asia/Jakarta
2026-01-17 03:00:00,25.48,80.1,0.0,36.2,5.0,24.05,56.59,-6.922693,107.60748,Asia/Jakarta
2026-01-17 06:00:00,24.12,89.8,0.0,58.4,3.49,23.48,50.56,-6.922693,107.60748,Asia/Jakarta
2026-01-17 09:00:00,29.49,80.4,3.55,51.8,4.6,28.16,53.5,-6.922693,107.60748,Asia/Jakarta
2026-01-17 12:00:00,31.18,71.1,8.46,42.4,7.3,29.7,53.4,-6.922693,107.60748,Asia/Jakarta
2026-01-17 15:00:00,27.55,85.3,0.0,56.5,4.82,26.71,37.39,-6.922693,107.60748,Asia/Jakarta
2026-01-17 18:00:00,25.21,87.0,0.0,50.5,3.77,23.99,51.46,-6.922693,107.60748,Asia/Jakarta
2026-01-17 21:00:00,24.59,89.5,0.0,62.2,4.88,23.13,49.2,-6.922693,107.60748,Asia/Jakarta
2026-01-18 00:00:00,23.09,89.1,8.43,42.7,2.76,22.08,75.43,-6.922693,107.60748,Asia/Jakarta
2026-01-18 03:00:00,23.23,87.1,5.48,60.2,3.86,21.42,65.59,-6.922693,107.60748,Asia/Jakarta
2026-01-18 06:00:00,23.04,88.1,4.16,58.3,2.51,22.52,59.87,-6.922693,107.60748,Asia/Jakarta
2026-01-18 09:00:00,29.7,71.6,4.68,36.4,5.58,27.84,60.4,-6.922693,107.60748,Asia/Jakarta
2026-01-18 12:00:00,29.52,80.3,9.93,44.7,8.25,28.66,55.68,-6.922693,107.60748,Asia/Jakarta
2026-01-18 15:00:00,28.64,75.4,6.94,47.3,4.72,27.18,60.86,-6.922693,107.60748,Asia/Jakarta
2026-01-18 18:00:00,24.44,86.2,0.0,58.3,4.56,23.62,47.18,-6.922693,107.60748,Asia/Jakarta
2026-01-18 21:00:00,22.63,86.9,0.0,42.8,3.33,21.58,47.46,-6.922693,107.60748,Asia/Jakarta
2026-01-19 00:00:00,22.57,88.4,1.31,44.2,5.8,21.22,61.99,-6.922693,107.60748,Asia/Jakarta
2026-01-19 03:00:00,24.59,85.2,4.47,57.8,5.39,24.03,72.34,-6.922693,107.60748,Asia/Jakarta
2026-01-19 06:00:00,24.37,87.4,0.0,40.4,4.12,22.45,61.68,-6.922693,107.60748,Asia/Jakarta
2026-01-19 09:00:00,30.25,76.3,1.59,34.5,6.47,29.69,55.83,-6.922693,107.60748,Asia/Jakarta
2026-01-19 12:00:00,30.36,75.0,0.0,41.5,8.24,29.72,36.6,-6.922693,107.60748,Asia/Jakarta
2026-01-19 15:00:00,29.12,78.3,0.0,33.2,5.63,27.83,47.17,-6.922693,107.60748,Asia/Jakarta
2026-01-19 18:00:00,23.35,92.6,1.92,51.3,5.93,22.6,53.73,-6.922693,107.60748,Asia/Jakarta
2026-01-19 21:00:00,24.88,84.7,0.0,39.6,2.68,23.81,58.19,-6.922693,107.60748,Asia/Jakarta
2026-01-20 00:00:00,23.2,92.6,2.47,47.0,2.99,22.66,61.1,-6.922693,107.60748,Asia/Jakarta
2026-01-20 03:00:00,22.53,90.4,0.0,57.7,5.66,21.83,53.5,-6.922693,107.60748,Asia/Jakarta
2026-01-20 06:00:00,23.56,93.7,0.86,54.5,2.75,22.04,64.17,-6.922693,107.60748,Asia/Jakarta
2026-01-20 09:00:00,27.65,77.4,0.0,46.9,5.75,26.68,50.04,-6.922693,107.60748,Asia/Jakarta
2026-01-20 12:00:00,29.66,76.2,1.5,41.9,5.63,28.85,41.14,-6.922693,107.60748,Asia/Jakarta
2026-01-20 15:00:00,29.22,74.9,9.0,40.5,5.58,27.6,61.13,-6.922693,107.60748,Asia/Jakarta
2026-01-20 18:00:00,23.14,91.4,0.0,51.1,5.71,22.16,56.34,-6.922693,107.60748,Asia/Jakarta
2026-01-20 21:00:00,23.88,88.8,0.0,58.4,5.76,22.58,57.2,-6.922693,107.60748,Asia/Jakarta
2026-01-21 00:00:00,23.8,90.6,0.0,49.9,4.53,22.72,53.87,-6.922693,107.60748,Asia/Jakarta
2026-01-21 03:00:00,22.87,87.5,0.0,60.7,4.23,21.53,57.04,-6.922693,107.60748,Asia/Jakarta
2026-01-21 06:00:00,23.69,93.0,1.91,54.0,5.2,21.7,66.73,-6.922693,107.60748,Asia/Jakarta
2026-01-21 09:00:00,29.53,79.7,6.06,50.9,5.2,27.82,64.12,-6.922693,107.60748,Asia/Jakarta
2026-01-21 12:00:00,29.8,72.5,0.0,25.1,6.71,28.03,36.47,-6.922693,107.60748,Asia/Jakarta
2026-01-21 15:00:00,27.88,81.7,3.8,50.5,6.66,25.88,48.83,-6.922693,107.60748,Asia/Jakarta
2026-01-21 18:00:00,23.71,86.0,0.0,42.5,2.97,22.97,50.84,-6.922693,107.60748,Asia/Jakarta
2026-01-21 21:00:00,23.68,91.5,4.98,66.6,5.51,22.8,68.4,-6.922693,107.60748,Asia/Jakarta
2026-01-22 00:00:00,23.82,92.4,0.0,59.3,3.28,22.81,55.56,-6.922693,107.60748,Asia/Jakarta
2026-01-22 03:00:00,22.92,86.4,5.13,54.9,2.83,22.42,69.31,-6.922693,107.60748,Asia/Jakarta
2026-01-22 06:00:00,23.77,85.2,1.44,55.4,3.48,21.83,52.38,-6.922693,107.60748,Asia/Jakarta
2026-01-22 09:00:00,28.93,73.1,6.04,39.3,6.4,27.71,63.18,-6.922693,107.60748,Asia/Jakarta
2026-01-22 12:00:00,31.96,74.7,1.06,34.6,6.2,31.37,49.68,-6.922693,107.60748,Asia/Jakarta
2026-01-22 15:00:00,30.23,73.0,0.0,38.6,4.51,29.4,45.92,-6.922693,107.60748,Asia/Jakarta
2026-01-22 18:00:00,22.59,92.9,1.84,54.4,3.36,21.81,61.82,-6.922693,107.60748,Asia/Jakarta
2026-01-22 21:00:00,24.78,91.1,5.07,60.5,2.95,23.57,65.34,-6.922693,107.60748,Asia/Jakarta
2026-01-23 00:00:00,23.11,85.4,1.35,58.7,5.86,22.01,65.25,-6.922693,107.60748,Asia/Jakarta
2026-01-23 03:00:00,23.4,88.8,0.4,63.1,3.23,22.54,53.66,-6.922693,107.60748,Asia/Jakarta
2026-01-23 06:00:00,24.89,84.3,0.0,43.8,5.29,23.96,49.16,-6.922693,107.60748,Asia/Jakarta
2026-01-23 09:00:00,29.63,71.3,0.0,34.7,6.82,28.39,39.22,-6.922693,107.60748,Asia/Jakarta
2026-01-23 12:00:00,29.56,77.6,0.0,40.0,6.28,28.38,35.67,-6.922693,107.60748,Asia/Jakarta
2026-01-23 15:00:00,27.86,80.4,0.0,32.4,7.17,27.3,37.32,-6.922693,107.60748,Asia/Jakarta
2026-01-23 18:00:00,24.62,83.4,0.0,47.6,4.72,22.7,59.7,-6.922693,107.60748,Asia/Jakarta
2026-01-23 21:00:00,25.15,88.3,0.0,63.0,3.49,24.18,54.17,-6.922693,107.60748,Asia/Jakarta
2026-01-24 00:00:00,23.96,88.8,0.0,43.3,5.93,22.6,58.18,-6.922693,107.60748,Asia/Jakarta
2026-01-24 03:00:00,23.95,88.6,4.32,53.6,5.99,23.07,69.14,-6.922693,107.60748,Asia/Jakarta
2026-01-24 06:00:00,25.24,85.3,0.0,38.1,5.61,24.72,60.02,-6.922693,107.60748,Asia/Jakarta
2026-01-24 09:00:00,28.3,80.8,0.71,48.7,5.73,27.35,52.62,-6.922693,107.60748,Asia/Jakarta
2026-01-24 12:00:00,29.88,77.9,5.41,53.3,6.33,29.15,46.99,-6.922693,107.60748,Asia/Jakarta
2026-01-24 15:00:00,29.09,79.1,0.0,52.3,4.53,28.44,50.97,-6.922693,107.60748,Asia/Jakarta
2026-01-24 18:00:00,24.35,87.7,2.61,47.8,2.51,22.82,53.91,-6.922693,107.60748,Asia/Jakarta
2026-01-24 21:00:00,23.81,90.2,4.28,64.2,5.68,21.85,69.48,-6.922693,107.60748,Asia/Jakarta
2026-01-25 00:00:00,24.61,84.6,4.22,48.5,5.61,23.6,66.48,-6.922693,107.60748,Asia/Jakarta
2026-01-25 03:00:00,24.65,88.9,5.69,57.6,4.3,23.93,67.54,-6.922693,107.60748,Asia/Jakarta
2026-01-25 06:00:00,25.4,81.9,0.0,46.5,4.19,24.08,52.28,-6.922693,107.60748,Asia/Jakarta
2026-01-25 09:00:00,29.99,70.9,0.0,35.4,4.54,28.45,48.8,-6.922693,107.60748,Asia/Jakarta
2026-01-25 12:00:00,30.27,76.1,0.0,37.7,8.43,28.31,42.59,-6.922693,107.60748,Asia/Jakarta
2026-01-25 15:00:00,30.36,73.4,5.18,43.4,5.77,29.45,55.6,-6.922693,107.60748,Asia/Jakarta
2026-01-25 18:00:00,24.83,84.9,1.34,58.1,5.9,23.04,63.65,-6.922693,107.60748,Asia/Jakarta
2026-01-25 21:00:00,23.83,85.2,2.74,56.5,4.4,23.12,62.21,-6.922693,107.60748,Asia/Jakarta
2026-01-26 00:00:00,22.75,89.4,0.0,41.6,3.75,21.58,52.1,-6.922693,107.60748,Asia/Jakarta
2026-01-26 03:00:00,24.02,92.3,0.0,52.2,4.33,23.03,53.38,-6.922693,107.60748,Asia/Jakarta
2026-01-26 06:00:00,24.78,90.1,0.0,50.5,3.1,23.86,54.52,-6.922693,107.60748,Asia/Jakarta
2026-01-26 09:00:00,27.47,79.4,0.0,42.1,7.1,25.69,50.03,-6.922693,107.60748,Asia/Jakarta
2026-01-26 12:00:00,30.37,70.0,0.0,23.7,5.89,29.61,34.7,-6.922693,107.60748,Asia/Jakarta
2026-01-26 15:00:00,28.22,77.0,0.0,30.6,6.41,27.71,52.03,-6.922693,107.60748,Asia/Jakarta
2026-01-26 18:00:00,24.91,89.2,4.27,46.1,4.37,23.64,63.21,-6.922693,107.60748,Asia/Jakarta
2026-01-26 21:00:00,23.2,87.7,8.56,50.9,2.72,22.33,66.15,-6.922693,107.60748,Asia/Jakarta
2026-01-27 00:00:00,23.08,93.5,0.0,52.7,3.04,21.62,50.39,-6.922693,107.60748,Asia/Jakarta
2026-01-27 03:00:00,22.68,86.0,0.0,54.7,4.39,21.85,58.77,-6.922693,107.60748,Asia/Jakarta
2026-01-27 06:00:00,25.45,87.5,5.21,46.2,3.44,24.07,67.72,-6.922693,107.60748,Asia/Jakarta
2026-01-27 09:00:00,28.75,73.5,0.0,40.1,7.31,26.91,51.81,-6.922693,107.60748,Asia/Jakarta
2026-01-27 12:00:00,32.13,67.1,0.0,25.6,6.94,31.09,34.75,-6.922693,107.60748,Asia/Jakarta
2026-01-27 15:00:00,29.28,77.0,0.0,36.2,5.89,27.62,42.76,-6.922693,107.60748,Asia/Jakarta
2026-01-27 18:00:00,24.76,86.1,0.0,61.8,2.55,23.3,52.15,-6.922693,107.60748,Asia/Jakarta
2026-01-27 21:00:00,25.36,85.7,0.0,53.9,4.55,24.04,57.05,-6.922693,107.60748,Asia/Jakarta
2026-01-28 00:00:00,22.92,94.9,0.0,46.9,3.38,21.11,49.35,-6.922693,107.60748,Asia/Jakarta
2026-01-28 03:00:00,25.07,88.6,8.08,63.8,4.36,24.36,80.38,-6.922693,107.60748,Asia/Jakarta
2026-01-28 06:00:00,24.06,88.8,4.44,61.7,5.46,23.22,59.23,-6.922693,107.60748,Asia/Jakarta
2026-01-28 09:00:00,29.14,76.4,7.02,39.4,5.8,28.09,58.35,-6.922693,107.60748,Asia/Jakarta
2026-01-28 12:00:00,32.35,71.8,0.0,25.4,7.58,30.82,48.89,-6.922693,107.60748,Asia/Jakarta
2026-01-28 15:00:00,29.61,73.0,0.0,37.0,4.72,27.93,46.8,-6.922693,107.60748,Asia/Jakarta
2026-01-28 18:00:00,24.06,86.6,0.0,51.0,2.87,23.19,53.72,-6.922693,107.60748,Asia/Jakarta
2026-01-28 21:00:00,24.8,82.8,4.02,56.2,4.75,23.73,67.41,-6.922693,107.60748,Asia/Jakarta
2026-01-29 00:00:00,24.37,84.8,0.0,47.8,3.52,23.72,55.26,-6.922693,107.60748,Asia/Jakarta
2026-01-29 03:00:00,25.45,81.7,0.0,33.7,5.45,23.5,50.42,-6.922693,107.60748,Asia/Jakarta
2026-01-29 06:00:00,25.24,81.1,0.0,35.3,5.73,24.61,59.77,-6.922693,107.60748,Asia/Jakarta
2026-01-29 09:00:00,29.07,73.6,0.0,44.3,7.15,27.73,50.25,-6.922693,107.60748,Asia/Jakarta
2026-01-29 12:00:00,30.74,74.1,0.0,46.2,8.25,29.55,36.77,-6.922693,107.60748,Asia/Jakarta
2026-01-29 15:00:00,27.88,81.2,0.0,36.0,7.58,27.16,37.53,-6.922693,107.60748,Asia/Jakarta
2026-01-29 18:00:00,23.01,89.6,6.83,61.4,4.98,21.05,74.77,-6.922693,107.60748,Asia/Jakarta
2026-01-29 21:00:00,23.45,86.7,2.51,57.9,4.73,21.62,53.41,-6.922693,107.60748,Asia/Jakarta
2026-01-30 00:00:00,23.34,88.8,9.22,51.6,3.41,22.17,77.32,-6.922693,107.60748,Asia/Jakarta
2026-01-30 03:00:00,23.99,86.0,4.8,52.2,5.36,22.68,71.4,-6.922693,107.60748,Asia/Jakarta
2026-01-30 06:00:00,24.56,90.1,0.87,60.0,2.73,23.58,58.24,-6.922693,107.60748,Asia/Jakarta
2026-01-30 09:00:00,29.26,77.3,0.0,36.6,6.4,28.17,48.5,-6.922693,107.60748,Asia/Jakarta
2026-01-30 12:00:00,30.71,74.2,0.0,38.3,6.55,30.18,36.29,-6.922693,107.60748,Asia/Jakarta
2026-01-30 15:00:00,27.92,74.7,4.38,38.2,5.1,27.25,53.12,-6.922693,107.60748,Asia/Jakarta
2026-01-30 18:00:00,22.84,91.5,5.22,59.6,5.47,21.52,70.3,-6.922693,107.60748,Asia/Jakarta
2026-01-30 21:00:00,24.92,81.9,0.0,56.1,4.39,23.15,57.3,-6.922693,107.60748,Asia/Jakarta
2026-01-31 00:00:00,24.85,82.0,0.0,52.4,2.59,24.34,60.24,-6.922693,107.60748,Asia/Jakarta
2026-01-31 03:00:00,23.71,90.6,6.18,63.0,5.56,22.33,61.35,-6.922693,107.60748,Asia/Jakarta
2026-01-31 06:00:00,23.16,92.4,11.35,58.5,4.44,22.32,86.27,-6.922693,107.60748,Asia/Jakarta
2026-01-31 09:00:00,30.17,75.0,2.19,49.3,5.33,28.28,56.35,-6.922693,107.60748,Asia/Jakarta
2026-01-31 12:00:00,30.23,72.9,11.4,35.0,6.79,28.95,64.7,-6.922693,107.60748,Asia/Jakarta
2026-01-31 15:00:00,29.64,73.2,3.34,48.6,6.68,28.41,44.66,-6.922693,107.60748,Asia/Jakarta
2026-01-31 18:00:00,23.21,85.5,0.0,41.6,5.65,22.22,50.49,-6.922693,107.60748,Asia/Jakarta
2026-01-31 21:00:00,23.52,84.2,1.76,56.5,4.87,22.83,51.4,-6.922693,107.60748,Asia/Jakarta
2026-02-01 00:00:00,22.78,90.1,0.0,56.6,3.28,21.05,51.38,-6.922693,107.60748,Asia/Jakarta
2026-02-01 03:00:00,23.29,87.4,2.23,63.0,2.87,22.69,53.13,-6.922693,107.60748,Asia/Jakarta
2026-02-01 06:00:00,25.16,89.9,0.0,57.5,5.13,23.2,61.98,-6.922693,107.60748,Asia/Jakarta
2026-02-01 09:00:00,29.83,79.1,0.0,35.8,5.82,28.2,42.29,-6.922693,107.60748,Asia/Jakarta
2026-02-01 12:00:00,31.96,73.9,0.0,40.3,7.04,30.15,40.01,-6.922693,107.60748,Asia/Jakarta
2026-02-01 15:00:00,29.3,77.0,5.01,50.0,6.5,27.64,52.96,-6.922693,107.60748,Asia/Jakarta
2026-02-01 18:00:00,23.3,88.5,1.54,47.5,4.16,22.76,63.35,-6.922693,107.60748,Asia/Jakarta
2026-02-01 21:00:00,24.78,83.5,0.0,54.0,4.0,24.25,51.77,-6.922693,107.60748,Asia/Jakarta
2026-02-02 00:00:00,23.8,92.6,2.54,59.3,5.15,22.98,60.68,-6.922693,107.60748,Asia/Jakarta
2026-02-02 03:00:00,22.86,91.0,4.3,55.0,5.71,21.3,66.08,-6.922693,107.60748,Asia/Jakarta
2026-02-02 06:00:00,22.94,89.4,9.17,43.9,4.46,21.38,79.06,-6.922693,107.60748,Asia/Jakarta
2026-02-02 09:00:00,27.86,83.0,6.06,42.9,6.74,27.11,55.3,-6.922693,107.60748,Asia/Jakarta
2026-02-02 12:00:00,31.96,68.3,0.0,27.5,8.47,30.64,38.97,-6.922693,107.60748,Asia/Jakarta
2026-02-02 15:00:00,29.33,74.1,0.0,32.1,5.63,27.46,52.25,-6.922693,107.60748,Asia/Jakarta
2026-02-02 18:00:00,23.4,92.0,0.0,64.3,3.86,22.38,58.63,-6.922693,107.60748,Asia/Jakarta
2026-02-02 21:00:00,24.4,85.5,3.45,44.3,4.69,22.5,58.87,-6.922693,107.60748,Asia/Jakarta
2026-02-03 00:00:00,25.29,81.2,4.99,34.8,2.55,24.54,60.56,-6.922693,107.60748,Asia/Jakarta
2026-02-03 03:00:00,24.04,83.7,4.0,49.2,5.42,22.04,60.39,-6.922693,107.60748,Asia/Jakarta
2026-02-03 06:00:00,23.18,92.1,0.0,64.3,3.85,21.63,61.23,-6.922693,107.60748,Asia/Jakarta
2026-02-03 09:00:00,28.22,79.6,0.0,48.2,5.28,27.52,48.88,-6.922693,107.60748,Asia/Jakarta
2026-02-03 12:00:00,31.93,74.7,1.16,39.6,7.23,31.13,39.41,-6.922693,107.60748,Asia/Jakarta
2026-02-03 15:00:00,30.25,77.8,0.0,40.0,5.49,29.71,52.03,-6.922693,107.60748,Asia/Jakarta
2026-02-03 18:00:00,24.68,87.2,10.23,56.2,4.45,23.61,72.52,-6.922693,107.60748,Asia/Jakarta
2026-02-03 21:00:00,23.88,89.1,9.27,50.1,4.02,23.17,68.64,-6.922693,107.60748,Asia/Jakarta
2026-02-04 00:00:00,23.44,87.9,3.15,45.7,5.83,21.75,54.44,-6.922693,107.60748,Asia/Jakarta
2026-02-04 03:00:00,25.01,82.0,2.3,50.8,4.65,24.41,60.77,-6.922693,107.60748,Asia/Jakarta
2026-02-04 06:00:00,25.47,87.0,1.18,62.3,5.62,24.04,57.41,-6.922693,107.60748,Asia/Jakarta
2026-02-04 09:00:00,27.5,80.2,5.21,43.1,4.79,25.78,53.43,-6.922693,107.60748,Asia/Jakarta
2026-02-04 12:00:00,29.86,73.4,5.24,40.2,7.72,28.67,50.14,-6.922693,107.60748,Asia/Jakarta
2026-02-04 15:00:00,30.0,79.3,1.66,41.7,7.31,29.43,46.78,-6.922693,107.60748,Asia/Jakarta
2026-02-04 18:00:00,24.15,85.0,4.03,55.0,2.73,22.52,65.22,-6.922693,107.60748,Asia/Jakarta
2026-02-04 21:00:00,24.71,87.7,0.0,61.2,3.75,23.25,59.13,-6.922693,107.60748,Asia/Jakarta
2026-02-05 00:00:00,23.96,87.3,5.93,59.7,2.82,23.42,69.77,-6.922693,107.60748,Asia/Jakarta
2026-02-05 03:00:00,25.28,89.8,2.17,63.9,2.51,23.58,54.64,-6.922693,107.60748,Asia/Jakarta
2026-02-05 06:00:00,23.53,91.1,0.0,66.6,5.24,22.6,51.34,-6.922693,107.60748,Asia/Jakarta
2026-02-05 09:00:00,29.5,80.0,2.85,41.6,6.13,28.14,51.95,-6.922693,107.60748,Asia/Jakarta
2026-02-05 12:00:00,30.4,76.9,2.83,51.9,8.24,28.81,43.64,-6.922693,107.60748,Asia/Jakarta
2026-02-05 15:00:00,29.54,74.9,0.0,38.5,4.96,28.87,42.82,-6.922693,107.60748,Asia/Jakarta
2026-02-05 18:00:00,24.59,87.4,1.75,52.1,5.38,23.89,54.27,-6.922693,107.60748,Asia/Jakarta
2026-02-05 21:00:00,24.56,84.5,2.9,50.5,4.04,23.43,63.79,-6.922693,107.60748,Asia/Jakarta
2026-02-06 00:00:00,24.04,83.2,0.72,47.9,2.68,22.5,50.18,-6.922693,107.60748,Asia/Jakarta
2026-02-06 03:00:00,23.94,85.4,0.0,44.8,3.64,23.07,62.01,-6.922693,107.60748,Asia/Jakarta
2026-02-06 06:00:00,23.8,88.6,2.71,44.7,5.3,22.48,60.74,-6.922693,107.60748,Asia/Jakarta
2026-02-06 09:00:00,29.1,73.1,0.0,39.8,6.1,28.4,43.87,-6.922693,107.60748,Asia/Jakarta
2026-02-06 12:00:00,31.78,74.8,0.0,36.6,7.93,30.64,35.28,-6.922693,107.60748,Asia/Jakarta
2026-02-06 15:00:00,29.18,73.9,0.0,48.1,5.57,27.62,41.31,-6.922693,107.60748,Asia/Jakarta
2026-02-06 18:00:00,23.09,88.8,2.75,42.0,3.15,21.28,61.09,-6.922693,107.60748,Asia/Jakarta
2026-02-06 21:00:00,25.43,86.7,0.0,46.8,4.86,24.72,61.65,-6.922693,107.60748,Asia/Jakarta
2026-02-07 00:00:00,23.36,85.1,3.18,44.0,3.91,22.71,61.68,-6.922693,107.60748,Asia/Jakarta
2026-02-07 03:00:00,22.73,88.7,4.73,54.8,2.83,21.59,71.16,-6.922693,107.60748,Asia/Jakarta
2026-02-07 06:00:00,23.25,92.9,1.09,57.3,5.49,22.7,53.84,-6.922693,107.60748,Asia/Jakarta
2026-02-07 09:00:00,28.41,82.2,1.3,48.3,4.88,27.7,45.92,-6.922693,107.60748,Asia/Jakarta
2026-02-07 12:00:00,29.58,80.7,0.0,50.4,7.98,28.77,34.82,-6.922693,107.60748,Asia/Jakarta
2026-02-07 15:00:00,29.05,74.3,1.71,40.1,6.51,27.78,46.68,-6.922693,107.60748,Asia/Jakarta
2026-02-07 18:00:00,25.37,81.1,0.98,38.3,4.59,23.58,54.52,-6.922693,107.60748,Asia/Jakarta
2026-02-07 21:00:00,24.54,85.0,5.12,42.2,3.9,23.59,70.62,-6.922693,107.60748,Asia/Jakarta
2026-02-08 00:00:00,23.83,91.1,0.0,47.2,4.01,23.07,50.09,-6.922693,107.60748,Asia/Jakarta
2026-02-08 03:00:00,22.66,93.7,2.09,68.5,5.13,21.45,61.78,-6.922693,107.60748,Asia/Jakarta
2026-02-08 06:00:00,25.21,88.5,0.0,47.1,4.73,23.78,52.77,-6.922693,107.60748,Asia/Jakarta
2026-02-08 09:00:00,29.94,73.9,3.25,45.9,6.68,27.97,60.21,-6.922693,107.60748,Asia/Jakarta
2026-02-08 12:00:00,30.71,76.8,1.59,42.3,6.71,28.77,50.85,-6.922693,107.60748,Asia/Jakarta
2026-02-08 15:00:00,28.56,75.7,2.49,43.0,7.47,27.9,49.24,-6.922693,107.60748,Asia/Jakarta
2026-02-08 18:00:00,23.92,92.9,4.17,50.2,4.54,22.99,62.11,-6.922693,107.60748,Asia/Jakarta
2026-02-08 21:00:00,23.82,93.1,0.0,51.6,4.02,22.97,52.08,-6.922693,107.60748,Asia/Jakarta
2026-02-09 00:00:00,23.13,90.4,0.0,59.0,2.95,21.48,57.14,-6.922693,107.60748,Asia/Jakarta
2026-02-09 03:00:00,24.15,85.9,4.32,43.9,5.57,22.17,67.82,-6.922693,107.60748,Asia/Jakarta
2026-02-09 06:00:00,23.98,88.8,1.35,47.9,2.79,22.19,60.23,-6.922693,107.60748,Asia/Jakarta
2026-02-09 09:00:00,29.54,75.3,0.0,32.1,7.53,28.72,42.28,-6.922693,107.60748,Asia/Jakarta
2026-02-09 12:00:00,31.48,71.2,0.0,31.1,5.86,30.36,42.24,-6.922693,107.60748,Asia/Jakarta
2026-02-09 15:00:00,27.75,82.2,0.0,37.8,6.33,26.34,40.88,-6.922693,107.60748,Asia/Jakarta
2026-02-09 18:00:00,25.17,85.8,3.13,53.6,3.74,23.25,57.48,-6.922693,107.60748,Asia/Jakarta
2026-02-09 21:00:00,22.75,89.4,0.0,60.1,4.93,21.88,48.41,-6.922693,107.60748,Asia/Jakarta
2026-02-10 00:00:00,23.99,84.9,1.61,40.0,4.92,22.33,62.94,-6.922693,107.60748,Asia/Jakarta
2026-02-10 03:00:00,25.33,82.7,0.0,49.5,5.86,24.8,61.46,-6.922693,107.60748,Asia/Jakarta
2026-02-10 06:00:00,25.19,84.2,3.04,42.8,2.96,24.26,55.65,-6.922693,107.60748,Asia/Jakarta
2026-02-10 09:00:00,29.8,76.5,0.0,35.7,5.66,28.88,42.27,-6.922693,107.60748,Asia/Jakarta
2026-02-10 12:00:00,29.93,76.1,1.95,48.1,7.95,28.31,42.03,-6.922693,107.60748,Asia/Jakarta
2026-02-10 15:00:00,28.07,82.4,10.66,48.8,6.89,26.36,69.91,-6.922693,107.60748,Asia/Jakarta
2026-02-10 18:00:00,24.39,85.0,0.0,42.1,3.42,23.77,60.54,-6.922693,107.60748,Asia/Jakarta
2026-02-10 21:00:00,24.5,83.6,0.0,45.5,5.02,23.87,56.07,-6.922693,107.60748,Asia/Jakarta
2026-02-11 00:00:00,23.73,93.3,0.0,45.9,4.43,22.9,50.5,-6.922693,107.60748,Asia/Jakarta
2026-02-11 03:00:00,22.83,86.3,5.91,47.7,5.25,22.16,69.14,-6.922693,107.60748,Asia/Jakarta
2026-02-11 06:00:00,24.83,83.5,0.0,50.0,2.62,24.04,59.07,-6.922693,107.60748,Asia/Jakarta
2026-02-11 09:00:00,28.14,83.8,0.0,41.0,5.74,26.44,44.81,-6.922693,107.60748,Asia/Jakarta
2026-02-11 12:00:00,32.37,68.0,4.46,39.0,7.89,30.83,51.54,-6.922693,107.60748,Asia/Jakarta
2026-02-11 15:00:00,27.72,75.6,0.0,29.3,6.37,25.72,37.7,-6.922693,107.60748,Asia/Jakarta
2026-02-11 18:00:00,25.23,81.1,0.0,42.7,4.52,23.73,58.37,-6.922693,107.60748,Asia/Jakarta
2026-02-11 21:00:00,22.75,85.7,0.0,58.0,5.73,22.19,61.3,-6.922693,107.60748,Asia/Jakarta
2026-02-12 00:00:00,24.09,90.9,2.66,52.9,2.92,22.09,67.51,-6.922693,107.60748,Asia/Jakarta
2026-02-12 03:00:00,24.74,82.0,6.03,48.9,3.52,22.98,62.22,-6.922693,107.60748,Asia/Jakarta
2026-02-12 06:00:00,23.1,89.7,3.2,59.5,4.44,21.11,68.25,-6.922693,107.60748,Asia/Jakarta
2026-02-12 09:00:00,28.08,76.2,0.0,38.4,6.25,26.85,47.84,-6.922693,107.60748,Asia/Jakarta
2026-02-12 12:00:00,32.32,71.2,0.0,28.2,5.21,31.1,38.18,-6.922693,107.60748,Asia/Jakarta
2026-02-12 15:00:00,30.02,79.0,9.95,50.0,7.34,29.37,71.51,-6.922693,107.60748,Asia/Jakarta
2026-02-12 18:00:00,24.55,90.9,0.0,62.5,3.56,22.74,54.42,-6.922693,107.60748,Asia/Jakarta
2026-02-12 21:00:00,22.98,94.3,0.0,59.6,3.51,21.22,48.91,-6.922693,107.60748,Asia/Jakarta
2026-02-13 00:00:00,23.88,89.4,0.0,49.0,5.77,21.98,48.2,-6.922693,107.60748,Asia/Jakarta
2026-02-13 03:00:00,23.14,89.0,6.44,61.3,3.83,22.36,74.93,-6.922693,107.60748,Asia/Jakarta
2026-02-13 06:00:00,22.72,91.0,2.47,66.2,4.73,20.76,57.26,-6.922693,107.60748,Asia/Jakarta
2026-02-13 09:00:00,29.42,75.2,0.0,46.0,4.86,28.74,47.36,-6.922693,107.60748,Asia/Jakarta
2026-02-13 12:00:00,30.35,69.9,9.22,39.0,6.17,29.24,58.59,-6.922693,107.60748,Asia/Jakarta
2026-02-13 15:00:00,29.44,81.0,2.67,37.5,6.19,28.43,56.0,-6.922693,107.60748,Asia/Jakarta
2026-02-13 18:00:00,25.5,81.4,0.0,49.2,5.63,24.05,47.03,-6.922693,107.60748,Asia/Jakarta
2026-02-13 21:00:00,23.35,91.4,0.0,44.9,4.54,21.93,56.56,-6.922693,107.60748,Asia/Jakarta
2026-02-14 00:00:00,24.06,91.8,11.06,52.4,3.49,22.14,80.46,-6.922693,107.60748,Asia/Jakarta
2026-02-14 03:00:00,23.16,85.1,0.0,46.0,4.7,22.01,58.69,-6.922693,107.60748,Asia/Jakarta
2026-02-14 06:00:00,23.54,90.4,9.54,52.0,5.22,22.83,72.73,-6.922693,107.60748,Asia/Jakarta
2026-02-14 09:00:00,30.42,73.8,0.0,43.2,5.63,28.94,39.23,-6.922693,107.60748,Asia/Jakarta
2026-02-14 12:00:00,30.72,69.0,4.16,30.1,5.08,29.77,42.84,-6.922693,107.60748,Asia/Jakarta
2026-02-14 15:00:00,30.45,78.5,0.75,33.1,7.72,28.97,44.8,-6.922693,107.60748,Asia/Jakarta
2026-02-14 18:00:00,25.38,88.5,0.0,46.8,4.29,24.73,59.45,-6.922693,107.60748,Asia/Jakarta
2026-02-14 21:00:00,22.52,95.6,3.92,71.1,4.4,21.61,56.57,-6.922693,107.60748,Asia/Jakarta
2026-01-01 00:00:00,25.42,87.4,0.0,51.1,2.53,24.63,53.52,-6.912101,107.620466,Asia/Jakarta
2026-01-01 03:00:00,24.66,82.6,0.0,55.5,2.99,23.94,49.29,-6.912101,107.620466,Asia/Jakarta
2026-01-01 06:00:00,23.02,86.4,1.23,38.7,3.64,22.24,52.19,-6.912101,107.620466,Asia/Jakarta
2026-01-01 09:00:00,30.45,75.2,2.0,34.3,4.59,29.12,53.12,-6.912101,107.620466,Asia/Jakarta
2026-01-01 12:00:00,30.86,76.4,0.0,33.9,5.36,29.99,34.85,-6.912101,107.620466,Asia/Jakarta
2026-01-01 15:00:00,29.45,79.6,2.13,54.3,5.38,28.29,54.26,-6.912101,107.620466,Asia/Jakarta
2026-01-01 18:00:00,22.94,92.7,1.22,57.4,5.39,21.78,62.35,-6.912101,107.620466,Asia/Jakarta
2026-01-01 21:00:00,22.85,92.2,0.0,60.2,4.45,21.21,47.65,-6.912101,107.620466,Asia/Jakarta
2026-01-02 00:00:00,24.07,82.9,3.94,57.2,2.75,23.42,69.99,-6.912101,107.620466,Asia/Jakarta
2026-01-02 03:00:00,23.36,92.8,1.8,67.4,2.77,21.72,56.29,-6.912101,107.620466,Asia/Jakarta
2026-01-02 06:00:00,24.86,86.1,0.0,59.9,3.42,23.74,54.51,-6.912101,107.620466,Asia/Jakarta
2026-01-02 09:00:00,28.81,80.0,0.0,47.1,4.88,27.3,47.37,-6.912101,107.620466,Asia/Jakarta
2026-01-02 12:00:00,32.28,67.6,0.0,28.9,6.74,30.82,47.6,-6.912101,107.620466,Asia/Jakarta
2026-01-02 15:00:00,30.35,76.2,0.0,33.6,6.97,29.71,47.78,-6.912101,107.620466,Asia/Jakarta
2026-01-02 18:00:00,24.97,87.0,2.77,60.7,5.76,23.24,67.56,-6.912101,107.620466,Asia/Jakarta
2026-01-02 21:00:00,23.71,89.2,2.14,48.8,3.63,22.47,57.22,-6.912101,107.620466,Asia/Jakarta
2026-01-03 00:00:00,23.62,89.3,4.75,58.1,5.16,21.77,60.44,-6.912101,107.620466,Asia/Jakarta
2026-01-03 03:00:00,22.5,90.1,4.5,65.3,2.67,20.66,61.67,-6.912101,107.620466,Asia/Jakarta
2026-01-03 06:00:00,24.06,90.7,2.6,53.0,5.05,22.93,58.94,-6.912101,107.620466,Asia/Jakarta
2026-01-03 09:00:00,28.17,78.6,0.0,37.1,4.42,27.46,43.49,-6.912101,107.620466,Asia/Jakarta
2026-01-03 12:00:00,30.74,77.9,0.0,39.9,6.05,30.16,47.38,-6.912101,107.620466,Asia/Jakarta
2026-01-03 15:00:00,28.52,79.7,4.91,43.9,6.8,27.78,57.76,-6.912101,107.620466,Asia/Jakarta
2026-01-03 18:00:00,24.34,86.1,0.0,44.5,5.43,23.57,60.75,-6.912101,107.620466,Asia/Jakarta
2026-01-03 21:00:00,24.91,89.0,0.0,53.8,3.34,24.03,49.25,-6.912101,107.620466,Asia/Jakarta
2026-01-04 00:00:00,23.14,89.7,7.62,60.1,4.09,22.47,65.78,-6.912101,107.620466,Asia/Jakarta
2026-01-04 03:00:00,23.49,86.3,0.0,59.3,3.65,22.31,52.41,-6.912101,107.620466,Asia/Jakarta
2026-01-04 06:00:00,25.04,86.5,0.33,39.2,4.25,24.52,60.67,-6.912101,107.620466,Asia/Jakarta
2026-01-04 09:00:00,28.28,77.5,0.0,31.0,5.01,26.85,47.62,-6.912101,107.620466,Asia/Jakarta
2026-01-04 12:00:00,30.51,75.1,0.0,35.7,7.97,29.21,38.15,-6.912101,107.620466,Asia/Jakarta
2026-01-04 15:00:00,29.88,75.7,2.04,33.1,7.46,28.73,43.83,-6.912101,107.620466,Asia/Jakarta
2026-01-04 18:00:00,23.05,93.6,1.45,60.4,3.05,21.12,57.96,-6.912101,107.620466,Asia/Jakarta
2026-01-04 21:00:00,24.3,90.5,1.89,43.1,4.12,23.54,66.0,-6.912101,107.620466,Asia/Jakarta
2026-01-05 00:00:00,22.86,92.0,0.0,58.2,3.84,21.07,50.36,-6.912101,107.620466,Asia/Jakarta
2026-01-05 03:00:00,25.0,84.7,0.0,60.3,5.13,24.32,62.54,-6.912101,107.620466,Asia/Jakarta
2026-01-05 06:00:00,23.19,86.1,0.0,39.1,5.78,22.41,52.73,-6.912101,107.620466,Asia/Jakarta
2026-01-05 09:00:00,27.58,76.2,0.25,42.3,5.11,26.52,41.55,-6.912101,107.620466,Asia/Jakarta
2026-01-05 12:00:00,30.18,75.9,0.31,29.9,5.2,28.61,34.03,-6.912101,107.620466,Asia/Jakarta
2026-01-05 15:00:00,29.39,75.8,2.2,36.8,5.46,27.88,53.39,-6.912101,107.620466,Asia/Jakarta
2026-01-05 18:00:00,24.6,82.2,2.15,51.9,4.6,23.43,51.77,-6.912101,107.620466,Asia/Jakarta
2026-01-05 21:00:00,25.49,87.8,8.36,43.2,5.28,23.79,70.9,-6.912101,107.620466,Asia/Jakarta
2026-01-06 00:00:00,23.15,92.0,3.71,46.0,4.7,21.48,62.61,-6.912101,107.620466,Asia/Jakarta
2026-01-06 03:00:00,24.81,84.0,4.83,45.0,3.51,24.29,61.55,-6.912101,107.620466,Asia/Jakarta
2026-01-06 06:00:00,24.72,87.4,27.22,62.1,4.87,24.06,92.0,-6.912101,107.620466,Asia/Jakarta
2026-01-06 09:00:00,27.69,79.6,0.0,43.5,6.76,26.67,42.54,-6.912101,107.620466,Asia/Jakarta
2026-01-06 12:00:00,31.48,73.6,10.06,43.8,5.09,30.15,64.34,-6.912101,107.620466,Asia/Jakarta
2026-01-06 15:00:00,29.91,76.9,3.22,40.3,6.59,28.48,56.94,-6.912101,107.620466,Asia/Jakarta
2026-01-06 18:00:00,22.97,87.4,2.35,55.6,4.69,21.8,63.05,-6.912101,107.620466,Asia/Jakarta
2026-01-06 21:00:00,23.66,91.8,2.07,59.0,3.36,22.13,53.97,-6.912101,107.620466,Asia/Jakarta
2026-01-07 00:00:00,22.87,88.7,0.0,44.5,3.82,21.29,57.17,-6.912101,107.620466,Asia/Jakarta
2026-01-07 03:00:00,24.44,85.5,0.0,42.8,2.79,23.03,60.53,-6.912101,107.620466,Asia/Jakarta
2026-01-07 06:00:00,23.08,85.1,4.26,59.7,5.41,22.21,68.74,-6.912101,107.620466,Asia/Jakarta
2026-01-07 09:00:00,29.71,76.5,0.0,45.2,6.73,28.99,38.27,-6.912101,107.620466,Asia/Jakarta
2026-01-07 12:00:00,30.81,74.5,0.0,41.5,6.33,28.86,36.34,-6.912101,107.620466,Asia/Jakarta
2026-01-07 15:00:00,29.71,76.2,0.0,34.3,6.21,28.47,49.92,-6.912101,107.620466,Asia/Jakarta
2026-01-07 18:00:00,23.53,84.5,0.0,60.2,5.72,22.89,49.23,-6.912101,107.620466,Asia/Jakarta
2026-01-07 21:00:00,24.84,87.7,2.37,40.4,3.74,23.75,63.42,-6.912101,107.620466,Asia/Jakarta
2026-01-08 00:00:00,23.05,89.2,1.18,60.3,5.61,22.34,50.61,-6.912101,107.620466,Asia/Jakarta
2026-01-08 03:00:00,23.05,87.6,2.13,62.2,5.33,21.12,55.67,-6.912101,107.620466,Asia/Jakarta
2026-01-08 06:00:00,23.6,87.6,4.35,61.9,4.14,22.3,63.14,-6.912101,107.620466,Asia/Jakarta
2026-01-08 09:00:00,28.98,78.2,5.44,34.1,7.08,27.93,53.68,-6.912101,107.620466,Asia/Jakarta
2026-01-08 12:00:00,29.86,73.6,10.75,40.6,8.36,27.9,65.91,-6.912101,107.620466,Asia/Jakarta
2026-01-08 15:00:00,28.71,76.7,0.0,51.0,4.77,26.91,47.86,-6.912101,107.620466,Asia/Jakarta
2026-01-08 18:00:00,24.8,88.6,0.0,61.7,3.13,23.19,62.11,-6.912101,107.620466,Asia/Jakarta
2026-01-08 21:00:00,24.61,87.7,3.59,53.7,4.9,23.9,59.21,-6.912101,107.620466,Asia/Jakarta
2026-01-09 00:00:00,22.89,86.2,0.0,48.7,3.8,22.17,47.07,-6.912101,107.620466,Asia/Jakarta
2026-01-09 03:00:00,23.09,93.6,0.0,56.7,4.91,21.59,60.67,-6.912101,107.620466,Asia/Jakarta
2026-01-09 06:00:00,24.6,84.4,0.0,44.7,4.49,23.89,60.73,-6.912101,107.620466,Asia/Jakarta
2026-01-09 09:00:00,27.8,80.0,7.92,48.8,4.35,26.38,58.21,-6.912101,107.620466,Asia/Jakarta
2026-01-09 12:00:00,29.9,73.3,0.0,38.7,8.3,28.24,48.16,-6.912101,107.620466,Asia/Jakarta
2026-01-09 15:00:00,28.03,80.8,0.0,53.9,7.51,27.12,48.28,-6.912101,107.620466,Asia/Jakarta
2026-01-09 18:00:00,22.69,94.8,0.0,58.5,4.06,21.58,53.33,-6.912101,107.620466,Asia/Jakarta
2026-01-09 21:00:00,23.16,86.0,0.0,58.7,4.32,22.49,50.21,-6.912101,107.620466,Asia/Jakarta
2026-01-10 00:00:00,25.47,88.6,2.86,60.4,5.82,23.63,54.08,-6.912101,107.620466,Asia/Jakarta
2026-01-10 03:00:00,24.53,84.6,3.17,58.6,5.36,22.72,66.35,-6.912101,107.620466,Asia/Jakarta
2026-01-10 06:00:00,23.11,94.6,0.0,51.7,4.86,21.19,53.1,-6.912101,107.620466,Asia/Jakarta
2026-01-10 09:00:00,28.98,81.7,0.0,50.3,6.01,28.35,48.94,-6.912101,107.620466,Asia/Jakarta
2026-01-10 12:00:00,30.12,70.0,0.0,30.1,7.12,28.97,37.58,-6.912101,107.620466,Asia/Jakarta
2026-01-10 15:00:00,30.2,71.1,0.0,36.6,5.74,28.45,46.19,-6.912101,107.620466,Asia/Jakarta
2026-01-10 18:00:00,22.84,87.1,3.04,45.4,5.54,20.95,68.22,-6.912101,107.620466,Asia/Jakarta
2026-01-10 21:00:00,23.62,91.8,0.0,67.1,2.77,22.68,61.38,-6.912101,107.620466,Asia/Jakarta
2026-01-11 00:00:00,22.83,88.7,0.0,62.3,5.63,21.52,57.28,-6.912101,107.620466,Asia/Jakarta
2026-01-11 03:00:00,22.65,95.2,3.92,64.8,5.15,21.72,67.39,-6.912101,107.620466,Asia/Jakarta
2026-01-11 06:00:00,24.41,82.5,6.12,36.0,3.72,23.15,66.62,-6.912101,107.620466,Asia/Jakarta
2026-01-11 09:00:00,27.68,77.2,0.0,37.1,6.56,26.21,41.49,-6.912101,107.620466,Asia/Jakarta
2026-01-11 12:00:00,30.93,72.8,2.29,33.3,5.15,30.28,48.26,-6.912101,107.620466,Asia/Jakarta
2026-01-11 15:00:00,28.66,82.3,0.0,43.5,5.97,27.34,50.15,-6.912101,107.620466,Asia/Jakarta
2026-01-11 18:00:00,22.61,95.3,1.52,61.9,4.12,21.95,64.93,-6.912101,107.620466,Asia/Jakarta
2026-01-11 21:00:00,25.19,85.6,0.0,51.0,4.19,24.55,48.65,-6.912101,107.620466,Asia/Jakarta
2026-01-12 00:00:00,23.6,92.9,0.0,55.1,5.92,22.24,48.81,-6.912101,107.620466,Asia/Jakarta
2026-01-12 03:00:00,23.91,91.3,0.0,53.8,4.99,23.11,50.23,-6.912101,107.620466,Asia/Jakarta
2026-01-12 06:00:00,23.74,88.1,6.46,41.1,2.6,22.44,76.73,-6.912101,107.620466,Asia/Jakarta
2026-01-12 09:00:00,28.57,75.7,6.15,43.2,5.48,27.02,55.86,-6.912101,107.620466,Asia/Jakarta
2026-01-12 12:00:00,31.14,70.3,0.0,45.1,7.02,29.49,42.49,-6.912101,107.620466,Asia/Jakarta
2026-01-12 15:00:00,27.94,76.1,8.76,37.7,5.91,26.72,68.8,-6.912101,107.620466,Asia/Jakarta
2026-01-12 18:00:00,24.18,83.1,0.0,43.0,5.75,22.95,53.84,-6.912101,107.620466,Asia/Jakarta
2026-01-12 21:00:00,25.11,80.5,2.0,53.5,3.03,24.3,59.65,-6.912101,107.620466,Asia/Jakarta
2026-01-13 00:00:00,25.2,84.9,2.78,48.4,4.57,24.37,66.09,-6.912101,107.620466,Asia/Jakarta
2026-01-13 03:00:00,23.45,90.3,0.0,61.8,3.08,22.17,49.01,-6.912101,107.620466,Asia/Jakarta
2026-01-13 06:00:00,25.33,84.3,6.63,59.5,4.41,23.42,74.68,-6.912101,107.620466,Asia/Jakarta
2026-01-13 09:00:00,27.47,84.7,2.27,58.8,6.79,26.29,42.22,-6.912101,107.620466,Asia/Jakarta
2026-01-13 12:00:00,31.99,71.6,5.28,40.7,6.69,30.8,52.22,-6.912101,107.620466,Asia/Jakarta
2026-01-13 15:00:00,29.69,78.4,0.0,33.3,5.29,28.15,42.21,-6.912101,107.620466,Asia/Jakarta
2026-01-13 18:00:00,23.94,88.0,2.87,49.3,4.61,22.08,53.45,-6.912101,107.620466,Asia/Jakarta
2026-01-13 21:00:00,22.94,85.5,0.0,40.9,2.99,22.0,51.72,-6.912101,107.620466,Asia/Jakarta
2026-01-14 00:00:00,23.15,91.4,0.0,44.6,4.19,21.66,60.15,-6.912101,107.620466,Asia/Jakarta
2026-01-14 03:00:00,25.46,80.7,0.0,47.5,4.99,24.78,53.84,-6.912101,107.620466,Asia/Jakarta
2026-01-14 06:00:00,24.24,88.6,4.24,43.2,4.63,23.14,61.93,-6.912101,107.620466,Asia/Jakarta
2026-01-14 09:00:00,29.76,74.8,0.0,27.8,6.65,28.91,45.48,-6.912101,107.620466,Asia/Jakarta
2026-01-14 12:00:00,30.36,72.1,0.0,24.5,5.53,28.6,47.98,-6.912101,107.620466,Asia/Jakarta
2026-01-14 15:00:00,30.28,79.5,0.0,40.6,4.95,29.48,44.44,-6.912101,107.620466,Asia/Jakarta
2026-01-14 18:00:00,24.58,82.8,1.16,37.0,3.4,23.03,65.3,-6.912101,107.620466,Asia/Jakarta
2026-01-14 21:00:00,23.88,86.7,0.0,45.5,3.97,22.87,59.2,-6.912101,107.620466,Asia/Jakarta
2026-01-15 00:00:00,24.87,86.8,0.0,40.8,2.63,24.3,58.23,-6.912101,107.620466,Asia/Jakarta
2026-01-15 03:00:00,23.69,91.7,3.56,47.4,4.26,22.67,56.98,-6.912101,107.620466,Asia/Jakarta
2026-01-15 06:00:00,24.22,84.4,0.0,42.7,3.68,22.88,54.29,-6.912101,107.620466,Asia/Jakarta
2026-01-15 09:00:00,30.01,72.4,0.0,31.3,4.99,29.38,44.97,-6.912101,107.620466,Asia/Jakarta
2026-01-15 12:00:00,30.06,72.9,0.0,34.6,7.86,28.11,39.15,-6.912101,107.620466,Asia/Jakarta
2026-01-15 15:00:00,29.58,80.3,7.52,56.0,5.26,27.86,66.95,-6.912101,107.620466,Asia/Jakarta
2026-01-15 18:00:00,22.57,87.9,0.0,62.5,4.92,21.46,60.08,-6.912101,107.620466,Asia/Jakarta
2026-01-15 21:00:00,23.59,91.4,5.77,46.8,3.67,22.21,73.43,-6.912101,107.620466,Asia/Jakarta
2026-01-16 00:00:00,23.0,92.1,1.43,60.2,2.64,21.18,50.7,-6.912101,107.620466,Asia/Jakarta
2026-01-16 03:00:00,24.53,83.1,0.0,48.2,2.8,23.46,57.66,-6.912101,107.620466,Asia/Jakarta
2026-01-16 06:00:00,22.55,86.7,0.0,39.3,3.48,21.31,60.18,-6.912101,107.620466,Asia/Jakarta
2026-01-16 09:00:00,27.79,84.4,10.19,41.2,6.53,25.81,71.13,-6.912101,107.620466,Asia/Jakarta
2026-01-16 12:00:00,30.46,73.4,7.21,41.2,7.09,28.62,61.06,-6.912101,107.620466,Asia/Jakarta
2026-01-16 15:00:00,29.89,71.3,0.0,24.7,6.33,28.49,45.52,-6.912101,107.620466,Asia/Jakarta
2026-01-16 18:00:00,23.2,90.0,0.0,54.5,5.33,21.47,51.96,-6.912101,107.620466,Asia/Jakarta
2026-01-16 21:00:00,25.4,81.6,0.0,49.0,3.68,24.8,62.23,-6.912101,107.620466,Asia/Jakarta
2026-01-17 00:00:00,24.13,92.0,0.0,62.1,2.68,23.56,58.83,-6.912101,107.620466,Asia/Jakarta
2026-01-17 03:00:00,23.29,86.5,1.22,49.1,3.35,22.53,56.36,-6.912101,107.620466,Asia/Jakarta
2026-01-17 06:00:00,25.25,80.4,2.15,51.4,5.95,24.1,62.52,-6.912101,107.620466,Asia/Jakarta
2026-01-17 09:00:00,27.65,83.7,0.0,56.4,7.0,25.68,51.41,-6.912101,107.620466,Asia/Jakarta
2026-01-17 12:00:00,31.81,74.9,0.0,47.8,5.77,30.01,48.9,-6.912101,107.620466,Asia/Jakarta
2026-01-17 15:00:00,27.71,84.8,0.0,53.1,6.63,27.2,48.97,-6.912101,107.620466,Asia/Jakarta
2026-01-17 18:00:00,24.34,87.1,0.0,43.9,4.26,23.7,62.66,-6.912101,107.620466,Asia/Jakarta
2026-01-17 21:00:00,24.25,83.5,0.0,42.9,4.62,23.14,54.59,-6.912101,107.620466,Asia/Jakarta
2026-01-18 00:00:00,25.09,87.0,1.28,57.2,5.34,23.56,56.65,-6.912101,107.620466,Asia/Jakarta
2026-01-18 03:00:00,22.79,90.3,0.0,51.8,4.8,20.86,55.68,-6.912101,107.620466,Asia/Jakarta
2026-01-18 06:00:00,23.73,85.7,0.0,50.8,4.83,22.13,47.39,-6.912101,107.620466,Asia/Jakarta
2026-01-18 09:00:00,28.64,80.8,4.33,48.2,5.67,27.86,56.1,-6.912101,107.620466,Asia/Jakarta
2026-01-18 12:00:00,30.8,73.0,0.0,44.9,6.99,29.63,44.0,-6.912101,107.620466,Asia/Jakarta
2026-01-18 15:00:00,28.64,82.5,2.07,58.3,4.92,27.24,56.32,-6.912101,107.620466,Asia/Jakarta
2026-01-18 18:00:00,25.18,85.7,0.43,52.3,4.53,24.2,51.82,-6.912101,107.620466,Asia/Jakarta
2026-01-18 21:00:00,24.11,83.9,0.0,44.1,4.13,22.14,53.94,-6.912101,107.620466,Asia/Jakarta
2026-01-19 00:00:00,25.01,84.5,0.0,37.1,5.69,23.39,52.91,-6.912101,107.620466,Asia/Jakarta
2026-01-19 03:00:00,22.57,86.1,0.0,39.8,5.77,21.41,49.0,-6.912101,107.620466,Asia/Jakarta
2026-01-19 06:00:00,25.18,88.1,0.0,48.0,3.16,23.44,48.12,-6.912101,107.620466,Asia/Jakarta
2026-01-19 09:00:00,29.22,81.3,3.16,41.8,7.07,28.06,52.6,-6.912101,107.620466,Asia/Jakarta
2026-01-19 12:00:00,31.44,75.6,0.0,35.0,5.2,29.78,43.42,-6.912101,107.620466,Asia/Jakarta
2026-01-19 15:00:00,27.46,81.6,0.0,39.8,6.5,26.29,45.47,-6.912101,107.620466,Asia/Jakarta
2026-01-19 18:00:00,25.01,85.6,0.0,52.9,4.69,23.34,57.28,-6.912101,107.620466,Asia/Jakarta
2026-01-19 21:00:00,24.27,82.4,0.0,36.9,3.69,22.8,47.21,-6.912101,107.620466,Asia/Jakarta
2026-01-20 00:00:00,23.67,89.7,6.28,53.6,5.14,22.18,61.18,-6.912101,107.620466,Asia/Jakarta
2026-01-20 03:00:00,24.3,83.7,3.61,40.0,3.16,22.57,64.62,-6.912101,107.620466,Asia/Jakarta
2026-01-20 06:00:00,24.4,82.1,4.94,38.1,5.24,23.61,65.84,-6.912101,107.620466,Asia/Jakarta
2026-01-20 09:00:00,30.27,77.8,0.0,48.6,6.55,29.38,43.88,-6.912101,107.620466,Asia/Jakarta
2026-01-20 12:00:00,31.91,70.7,0.0,28.4,7.57,31.38,37.61,-6.912101,107.620466,Asia/Jakarta
2026-01-20 15:00:00,29.88,75.4,3.88,46.2,6.51,28.79,50.07,-6.912101,107.620466,Asia/Jakarta
2026-01-20 18:00:00,24.49,87.7,0.0,61.4,5.68,22.91,51.09,-6.912101,107.620466,Asia/Jakarta
2026-01-20 21:00:00,24.13,87.5,0.0,44.5,3.39,23.25,52.96,-6.912101,107.620466,Asia/Jakarta
2026-01-21 00:00:00,24.67,84.2,0.0,51.9,5.91,23.55,57.6,-6.912101,107.620466,Asia/Jakarta
2026-01-21 03:00:00,25.28,85.2,0.0,53.2,4.27,23.94,59.58,-6.912101,107.620466,Asia/Jakarta
2026-01-21 06:00:00,25.07,87.2,0.0,61.4,5.81,23.29,57.08,-6.912101,107.620466,Asia/Jakarta
2026-01-21 09:00:00,29.95,72.5,0.0,48.0,6.08,29.4,40.95,-6.912101,107.620466,Asia/Jakarta
2026-01-21 12:00:00,31.49,71.7,0.0,32.4,8.24,30.55,47.42,-6.912101,107.620466,Asia/Jakarta
2026-01-21 15:00:00,27.93,83.4,0.0,45.2,6.23,26.45,47.61,-6.912101,107.620466,Asia/Jakarta
2026-01-21 18:00:00,23.4,92.8,0.0,62.3,4.92,22.85,60.86,-6.912101,107.620466,Asia/Jakarta
2026-01-21 21:00:00,22.57,93.0,0.0,52.4,3.76,21.18,58.53,-6.912101,107.620466,Asia/Jakarta
2026-01-22 00:00:00,24.1,86.6,0.0,42.6,2.68,23.34,50.15,-6.912101,107.620466,Asia/Jakarta
2026-01-22 03:00:00,25.46,85.8,5.6,42.5,4.14,23.85,62.96,-6.912101,107.620466,Asia/Jakarta
2026-01-22 06:00:00,25.22,88.7,4.14,54.8,5.26,23.78,61.63,-6.912101,107.620466,Asia/Jakarta
2026-01-22 09:00:00,29.51,73.7,3.03,47.9,4.75,28.48,52.71,-6.912101,107.620466,Asia/Jakarta
2026-01-22 12:00:00,30.56,75.8,0.0,44.3,6.05,29.08,38.5,-6.912101,107.620466,Asia/Jakarta
2026-01-22 15:00:00,30.33,70.5,3.58,27.5,4.49,28.93,59.52,-6.912101,107.620466,Asia/Jakarta
2026-01-22 18:00:00,24.82,88.0,0.0,56.4,5.13,23.07,56.93,-6.912101,107.620466,Asia/Jakarta
2026-01-22 21:00:00,23.49,84.7,0.0,54.0,2.89,22.46,50.82,-6.912101,107.620466,Asia/Jakarta
2026-01-23 00:00:00,22.59,95.7,8.98,51.7,5.6,21.86,79.83,-6.912101,107.620466,Asia/Jakarta
2026-01-23 03:00:00,23.8,90.0,0.0,63.7,3.7,22.52,58.07,-6.912101,107.620466,Asia/Jakarta
2026-01-23 06:00:00,23.99,88.1,0.0,53.4,3.72,23.37,52.48,-6.912101,107.620466,Asia/Jakarta
2026-01-23 09:00:00,29.35,75.9,0.0,28.9,7.45,28.5,38.39,-6.912101,107.620466,Asia/Jakarta
2026-01-23 12:00:00,29.78,75.4,5.14,49.1,7.9,28.25,49.31,-6.912101,107.620466,Asia/Jakarta
2026-01-23 15:00:00,29.52,78.2,1.43,52.4,5.93,28.85,48.95,-6.912101,107.620466,Asia/Jakarta
2026-01-23 18:00:00,23.87,85.6,3.54,43.6,5.45,22.37,68.32,-6.912101,107.620466,Asia/Jakarta
2026-01-23 21:00:00,24.99,84.5,0.0,46.6,5.54,23.85,49.67,-6.912101,107.620466,Asia/Jakarta
2026-01-24 00:00:00,25.15,82.1,0.0,44.3,4.34,23.47,55.18,-6.912101,107.620466,Asia/Jakarta
2026-01-24 03:00:00,23.83,84.8,0.0,50.9,3.98,22.42,50.74,-6.912101,107.620466,Asia/Jakarta
2026-01-24 06:00:00,23.79,83.4,0.0,55.7,4.59,22.64,62.2,-6.912101,107.620466,Asia/Jakarta
2026-01-24 09:00:00,28.93,73.0,0.0,33.1,6.79,27.62,50.24,-6.912101,107.620466,Asia/Jakarta
2026-01-24 12:00:00,32.25,66.7,0.0,35.0,6.54,31.6,43.83,-6.912101,107.620466,Asia/Jakarta
2026-01-24 15:00:00,27.97,82.1,4.27,40.8,6.98,26.67,61.21,-6.912101,107.620466,Asia/Jakarta
2026-01-24 18:00:00,22.62,90.7,2.95,63.1,3.52,21.9,55.93,-6.912101,107.620466,Asia/Jakarta
2026-01-24 21:00:00,24.32,84.5,0.44,43.7,4.88,22.65,56.82,-6.912101,107.620466,Asia/Jakarta
2026-01-25 00:00:00,23.21,86.9,1.57,42.1,3.8,22.44,56.51,-6.912101,107.620466,Asia/Jakarta
2026-01-25 03:00:00,24.33,83.2,0.0,43.2,5.12,23.54,57.06,-6.912101,107.620466,Asia/Jakarta
2026-01-25 06:00:00,22.76,93.9,2.38,50.8,4.03,21.92,62.08,-6.912101,107.620466,Asia/Jakarta
2026-01-25 09:00:00,29.84,79.4,0.0,47.9,6.59,28.61,46.46,-6.912101,107.620466,Asia/Jakarta
2026-01-25 12:00:00,31.53,68.0,10.97,20.4,7.05,29.63,72.31,-6.912101,107.620466,Asia/Jakarta
2026-01-25 15:00:00,29.26,75.6,4.75,46.4,4.49,27.48,54.78,-6.912101,107.620466,Asia/Jakarta
2026-01-25 18:00:00,24.03,91.2,0.0,46.6,5.1,22.79,58.7,-6.912101,107.620466,Asia/Jakarta
2026-01-25 21:00:00,24.96,82.3,0.0,36.7,3.89,23.28,61.4,-6.912101,107.620466,Asia/Jakarta
2026-01-26 00:00:00,23.83,90.0,0.72,52.4,5.21,22.48,54.33,-6.912101,107.620466,Asia/Jakarta
2026-01-26 03:00:00,24.55,86.5,3.1,49.1,5.48,22.79,65.67,-6.912101,107.620466,Asia/Jakarta
2026-01-26 06:00:00,22.74,94.1,8.06,47.4,2.68,21.98,77.67,-6.912101,107.620466,Asia/Jakarta
2026-01-26 09:00:00,27.84,81.2,0.0,51.0,6.23,27.29,45.98,-6.912101,107.620466,Asia/Jakarta
2026-01-26 12:00:00,30.14,79.3,0.0,46.6,5.6,29.04,38.06,-6.912101,107.620466,Asia/Jakarta
2026-01-26 15:00:00,29.73,71.2,2.04,38.8,4.3,28.05,54.08,-6.912101,107.620466,Asia/Jakarta
2026-01-26 18:00:00,23.32,91.1,6.8,54.1,4.69,21.73,70.54,-6.912101,107.620466,Asia/Jakarta
2026-01-26 21:00:00,23.22,88.7,0.75,52.8,5.61,21.72,61.93,-6.912101,107.620466,Asia/Jakarta
2026-01-27 00:00:00,23.84,83.9,0.06,56.8,3.35,23.25,51.63,-6.912101,107.620466,Asia/Jakarta
2026-01-27 03:00:00,24.14,84.1,7.49,36.2,4.8,22.44,66.18,-6.912101,107.620466,Asia/Jakarta
2026-01-27 06:00:00,23.02,92.6,0.0,62.3,2.77,21.94,59.04,-6.912101,107.620466,Asia/Jakarta
2026-01-27 09:00:00,27.81,82.6,2.27,44.5,4.3,26.3,50.69,-6.912101,107.620466,Asia/Jakarta
2026-01-27 12:00:00,31.54,73.4,0.0,42.3,7.58,30.34,42.6,-6.912101,107.620466,Asia/Jakarta
2026-01-27 15:00:00,28.98,79.4,2.43,47.0,4.91,27.95,43.13,-6.912101,107.620466,Asia/Jakarta
2026-01-27 18:00:00,22.74,92.4,3.85,46.8,4.16,22.07,55.61,-6.912101,107.620466,Asia/Jakarta
2026-01-27 21:00:00,23.22,90.0,4.63,62.9,4.79,21.81,65.72,-6.912101,107.620466,Asia/Jakarta
2026-01-28 00:00:00,22.81,87.5,0.15,39.6,5.18,21.44,61.44,-6.912101,107.620466,Asia/Jakarta
2026-01-28 03:00:00,22.74,88.1,1.91,55.5,5.77,21.53,57.93,-6.912101,107.620466,Asia/Jakarta
2026-01-28 06:00:00,24.35,85.5,3.49,46.9,3.15,23.73,61.52,-6.912101,107.620466,Asia/Jakarta
2026-01-28 09:00:00,28.77,80.1,0.0,51.6,6.63,27.14,45.11,-6.912101,107.620466,Asia/Jakarta
2026-01-28 12:00:00,32.04,68.3,4.63,28.8,7.6,30.97,55.42,-6.912101,107.620466,Asia/Jakarta
2026-01-28 15:00:00,29.78,76.1,1.41,50.7,6.0,28.99,47.54,-6.912101,107.620466,Asia/Jakarta
2026-01-28 18:00:00,25.04,85.9,0.0,55.8,2.66,24.21,58.67,-6.912101,107.620466,Asia/Jakarta
2026-01-28 21:00:00,24.47,89.0,0.0,63.9,5.86,22.78,51.83,-6.912101,107.620466,Asia/Jakarta
2026-01-29 00:00:00,25.16,82.1,0.0,44.3,2.5,24.49,62.22,-6.912101,107.620466,Asia/Jakarta
2026-01-29 03:00:00,24.92,85.0,2.83,39.4,4.69,24.14,54.86,-6.912101,107.620466,Asia/Jakarta
2026-01-29 06:00:00,24.03,83.9,0.0,45.4,3.98,22.91,61.19,-6.912101,107.620466,Asia/Jakarta
2026-01-29 09:00:00,28.89,81.0,2.04,42.3,7.69,27.62,47.79,-6.912101,107.620466,Asia/Jakarta
2026-01-29 12:00:00,30.95,68.4,0.0,29.5,8.36,30.03,33.05,-6.912101,107.620466,Asia/Jakarta
2026-01-29 15:00:00,28.11,81.0,3.95,55.1,6.82,27.49,56.83,-6.912101,107.620466,Asia/Jakarta
2026-01-29 18:00:00,23.53,93.5,7.31,63.5,5.84,22.14,78.89,-6.912101,107.620466,Asia/Jakarta
2026-01-29 21:00:00,24.48,83.5,2.54,57.9,4.59,23.92,57.07,-6.912101,107.620466,Asia/Jakarta
2026-01-30 00:00:00,23.29,88.1,0.9,62.5,2.83,22.54,57.67,-6.912101,107.620466,Asia/Jakarta
2026-01-30 03:00:00,24.04,85.5,1.82,40.5,2.81,22.5,52.83,-6.912101,107.620466,Asia/Jakarta
2026-01-30 06:00:00,24.82,90.5,0.0,58.2,4.18,23.53,57.83,-6.912101,107.620466,Asia/Jakarta
2026-01-30 09:00:00,29.64,79.3,10.12,43.8,6.29,28.26,73.67,-6.912101,107.620466,Asia/Jakarta
2026-01-30 12:00:00,30.85,74.4,0.0,34.0,5.47,30.18,40.85,-6.912101,107.620466,Asia/Jakarta
2026-01-30 15:00:00,29.09,76.2,0.0,36.3,6.08,27.66,38.62,-6.912101,107.620466,Asia/Jakarta
2026-01-30 18:00:00,24.49,91.7,1.57,65.1,2.77,22.79,53.83,-6.912101,107.620466,Asia/Jakarta
2026-01-30 21:00:00,25.06,89.2,0.0,48.7,2.83,23.32,53.53,-6.912101,107.620466,Asia/Jakarta
2026-01-31 00:00:00,23.0,89.5,0.0,64.4,4.07,21.2,49.85,-6.912101,107.620466,Asia/Jakarta
2026-01-31 03:00:00,23.74,87.5,1.09,46.8,4.21,23.14,58.37,-6.912101,107.620466,Asia/Jakarta
2026-01-31 06:00:00,24.22,91.3,0.0,55.9,4.56,22.84,56.29,-6.912101,107.620466,Asia/Jakarta
2026-01-31 09:00:00,28.63,82.9,2.41,38.9,6.94,28.11,52.69,-6.912101,107.620466,Asia/Jakarta
2026-01-31 12:00:00,29.73,80.7,0.0,41.0,7.43,28.9,34.84,-6.912101,107.620466,Asia/Jakarta
2026-01-31 15:00:00,30.4,71.3,0.0,45.4,5.12,28.61,44.62,-6.912101,107.620466,Asia/Jakarta
2026-01-31 18:00:00,23.49,89.7,3.1,59.8,4.91,22.62,67.18,-6.912101,107.620466,Asia/Jakarta
2026-01-31 21:00:00,24.52,87.7,2.14,57.7,5.22,23.51,59.76,-6.912101,107.620466,Asia/Jakarta
2026-02-01 00:00:00,23.76,93.0,0.0,65.8,5.71,22.02,55.77,-6.912101,107.620466,Asia/Jakarta
2026-02-01 03:00:00,22.96,93.5,0.75,69.5,4.71,21.98,50.98,-6.912101,107.620466,Asia/Jakarta
2026-02-01 06:00:00,25.38,83.3,4.23,45.8,5.42,24.61,67.52,-6.912101,107.620466,Asia/Jakarta
2026-02-01 09:00:00,29.12,80.8,0.0,47.9,7.43,27.37,50.4,-6.912101,107.620466,Asia/Jakarta
2026-02-01 12:00:00,32.1,74.8,3.95,48.5,7.46,31.32,44.61,-6.912101,107.620466,Asia/Jakarta
2026-02-01 15:00:00,29.88,71.7,5.46,36.7,6.36,29.24,54.84,-6.912101,107.620466,Asia/Jakarta
2026-02-01 18:00:00,23.12,92.4,3.88,50.4,3.6,22.54,59.02,-6.912101,107.620466,Asia/Jakarta
2026-02-01 21:00:00,23.23,93.4,9.57,64.6,4.32,21.56,79.84,-6.912101,107.620466,Asia/Jakarta
2026-02-02 00:00:00,24.37,88.5,0.0,50.8,3.77,23.06,59.61,-6.912101,107.620466,Asia/Jakarta
2026-02-02 03:00:00,22.91,87.9,5.76,57.4,5.12,22.14,69.36,-6.912101,107.620466,Asia/Jakarta
2026-02-02 06:00:00,22.82,90.1,4.97,60.7,4.78,22.18,70.1,-6.912101,107.620466,Asia/Jakarta
2026-02-02 09:00:00,28.65,73.7,7.49,46.7,6.44,27.51,56.65,-6.912101,107.620466,Asia/Jakarta
2026-02-02 12:00:00,29.59,78.0,0.0,32.9,7.47,28.03,48.59,-6.912101,107.620466,Asia/Jakarta
2026-02-02 15:00:00,27.99,75.7,3.71,31.9,7.25,26.46,49.59,-6.912101,107.620466,Asia/Jakarta
2026-02-02 18:00:00,24.08,90.6,0.0,59.9,2.71,23.21,57.78,-6.912101,107.620466,Asia/Jakarta
2026-02-02 21:00:00,24.7,85.7,2.88,45.1,5.62,23.01,54.93,-6.912101,107.620466,Asia/Jakarta
2026-02-03 00:00:00,23.37,85.8,4.2,56.1,5.49,21.39,58.72,-6.912101,107.620466,Asia/Jakarta
2026-02-03 03:00:00,22.59,92.7,0.0,50.6,3.79,21.63,58.16,-6.912101,107.620466,Asia/Jakarta
2026-02-03 06:00:00,23.73,90.4,0.41,64.9,5.08,23.14,54.71,-6.912101,107.620466,Asia/Jakarta
2026-02-03 09:00:00,28.46,83.3,0.0,35.5,5.27,27.43,42.04,-6.912101,107.620466,Asia/Jakarta
2026-02-03 12:00:00,31.36,73.5,3.72,27.1,5.14,29.91,46.16,-6.912101,107.620466,Asia/Jakarta
2026-02-03 15:00:00,28.35,76.9,0.0,31.2,4.46,27.58,51.65,-6.912101,107.620466,Asia/Jakarta
2026-02-03 18:00:00,25.08,87.2,3.1,58.9,4.75,24.1,58.91,-6.912101,107.620466,Asia/Jakarta
2026-02-03 21:00:00,23.3,91.8,4.54,58.0,4.72,22.08,59.78,-6.912101,107.620466,Asia/Jakarta
2026-02-04 00:00:00,24.63,85.8,0.0,53.7,4.6,23.28,59.41,-6.912101,107.620466,Asia/Jakarta
2026-02-04 03:00:00,23.2,89.9,6.81,44.1,5.42,21.89,71.98,-6.912101,107.620466,Asia/Jakarta
2026-02-04 06:00:00,24.76,87.3,0.0,39.7,3.31,24.07,59.7,-6.912101,107.620466,Asia/Jakarta
2026-02-04 09:00:00,29.41,80.0,5.08,39.1,6.62,28.63,56.47,-6.912101,107.620466,Asia/Jakarta
2026-02-04 12:00:00,30.73,70.7,0.0,29.9,7.12,29.84,48.24,-6.912101,107.620466,Asia/Jakarta
2026-02-04 15:00:00,28.87,73.6,0.0,48.6,5.79,27.27,46.9,-6.912101,107.620466,Asia/Jakarta
2026-02-04 18:00:00,24.02,90.5,1.82,51.2,3.49,23.26,62.64,-6.912101,107.620466,Asia/Jakarta
2026-02-04 21:00:00,25.33,89.5,6.07,54.8,4.07,23.6,63.62,-6.912101,107.620466,Asia/Jakarta
2026-02-05 00:00:00,22.57,94.4,0.0,50.3,4.46,21.28,61.45,-6.912101,107.620466,Asia/Jakarta
2026-02-05 03:00:00,24.36,85.8,0.0,44.3,4.18,23.85,57.1,-6.912101,107.620466,Asia/Jakarta
2026-02-05 06:00:00,24.21,90.4,0.0,57.0,3.49,22.81,50.35,-6.912101,107.620466,Asia/Jakarta
2026-02-05 09:00:00,29.97,75.0,9.66,34.8,4.7,29.17,67.14,-6.912101,107.620466,Asia/Jakarta
2026-02-05 12:00:00,29.61,76.9,6.93,43.1,6.93,28.79,63.44,-6.912101,107.620466,Asia/Jakarta
2026-02-05 15:00:00,28.27,76.7,0.0,46.2,6.6,27.12,45.36,-6.912101,107.620466,Asia/Jakarta
2026-02-05 18:00:00,23.85,88.5,0.99,54.4,3.93,22.3,50.88,-6.912101,107.620466,Asia/Jakarta
2026-02-05 21:00:00,25.07,80.8,0.0,53.5,4.54,24.17,48.36,-6.912101,107.620466,Asia/Jakarta
2026-02-06 00:00:00,23.82,84.0,0.0,36.6,5.29,21.89,51.17,-6.912101,107.620466,Asia/Jakarta
2026-02-06 03:00:00,24.65,90.9,5.04,45.4,5.4,23.06,64.79,-6.912101,107.620466,Asia/Jakarta
2026-02-06 06:00:00,22.5,89.3,1.14,54.4,5.8,21.42,60.49,-6.912101,107.620466,Asia/Jakarta
2026-02-06 09:00:00,29.44,74.0,0.0,47.3,4.98,27.48,48.21,-6.912101,107.620466,Asia/Jakarta
2026-02-06 12:00:00,30.6,77.8,0.0,53.4,6.15,28.62,47.13,-6.912101,107.620466,Asia/Jakarta
2026-02-06 15:00:00,28.28,81.4,2.65,33.8,5.7,26.92,56.64,-6.912101,107.620466,Asia/Jakarta
2026-02-06 18:00:00,25.35,84.8,4.44,44.3,4.99,23.49,71.19,-6.912101,107.620466,Asia/Jakarta
2026-02-06 21:00:00,24.89,85.3,0.0,48.6,4.56,23.18,61.39,-6.912101,107.620466,Asia/Jakarta
2026-02-07 00:00:00,22.87,94.8,4.03,67.0,5.93,22.01,66.79,-6.912101,107.620466,Asia/Jakarta
2026-02-07 03:00:00,23.47,91.0,0.0,54.7,5.14,22.52,60.99,-6.912101,107.620466,Asia/Jakarta
2026-02-07 06:00:00,25.48,80.4,0.0,42.3,4.31,24.61,51.6,-6.912101,107.620466,Asia/Jakarta
2026-02-07 09:00:00,29.7,79.4,0.0,52.3,4.95,28.86,45.29,-6.912101,107.620466,Asia/Jakarta
2026-02-07 12:00:00,31.66,67.6,0.0,38.0,5.49,30.59,41.79,-6.912101,107.620466,Asia/Jakarta
2026-02-07 15:00:00,28.45,83.1,6.84,49.8,6.92,27.19,62.43,-6.912101,107.620466,Asia/Jakarta
2026-02-07 18:00:00,23.61,92.7,9.69,66.4,3.73,22.39,74.33,-6.912101,107.620466,Asia/Jakarta
2026-02-07 21:00:00,25.17,84.2,4.77,46.2,3.18,24.29,64.25,-6.912101,107.620466,Asia/Jakarta
2026-02-08 00:00:00,24.54,83.8,2.49,50.1,5.23,22.93,58.52,-6.912101,107.620466,Asia/Jakarta
2026-02-08 03:00:00,23.23,85.5,0.0,39.2,3.19,21.71,52.93,-6.912101,107.620466,Asia/Jakarta
2026-02-08 06:00:00,22.77,92.5,0.43,62.4,5.59,20.94,61.36,-6.912101,107.620466,Asia/Jakarta
2026-02-08 09:00:00,28.35,82.3,0.0,45.4,4.87,27.65,43.72,-6.912101,107.620466,Asia/Jakarta
2026-02-08 12:00:00,30.24,73.6,0.0,38.5,6.78,28.9,47.43,-6.912101,107.620466,Asia/Jakarta
2026-02-08 15:00:00,30.11,74.9,0.0,38.8,7.65,28.69,50.84,-6.912101,107.620466,Asia/Jakarta
2026-02-08 18:00:00,24.55,88.1,0.0,62.7,5.0,23.52,49.21,-6.912101,107.620466,Asia/Jakarta
2026-02-08 21:00:00,23.07,92.3,0.0,63.1,5.54,21.39,62.4,-6.912101,107.620466,Asia/Jakarta
2026-02-09 00:00:00,23.93,87.6,8.03,53.0,3.43,21.99,67.07,-6.912101,107.620466,Asia/Jakarta
2026-02-09 03:00:00,23.94,87.6,0.0,41.5,3.73,23.33,51.77,-6.912101,107.620466,Asia/Jakarta
2026-02-09 06:00:00,24.76,88.9,3.11,56.5,4.68,24.21,54.77,-6.912101,107.620466,Asia/Jakarta
2026-02-09 09:00:00,29.6,76.7,3.24,35.4,5.7,28.01,50.6,-6.912101,107.620466,Asia/Jakarta
2026-02-09 12:00:00,29.95,77.8,3.44,47.1,6.84,28.95,55.91,-6.912101,107.620466,Asia/Jakarta
2026-02-09 15:00:00,29.42,75.1,4.61,35.3,4.97,27.51,58.07,-6.912101,107.620466,Asia/Jakarta
2026-02-09 18:00:00,23.79,83.6,0.0,52.0,5.17,23.23,60.79,-6.912101,107.620466,Asia/Jakarta
2026-02-09 21:00:00,23.9,91.6,4.71,57.3,2.71,22.94,61.29,-6.912101,107.620466,Asia/Jakarta
2026-02-10 00:00:00,25.47,86.4,2.69,58.2,4.6,24.22,65.16,-6.912101,107.620466,Asia/Jakarta
2026-02-10 03:00:00,24.27,86.2,3.08,45.8,4.42,23.3,64.7,-6.912101,107.620466,Asia/Jakarta
2026-02-10 06:00:00,23.15,94.2,2.01,65.1,3.99,22.19,56.41,-6.912101,107.620466,Asia/Jakarta
2026-02-10 09:00:00,28.8,82.0,0.0,46.2,5.7,28.3,44.89,-6.912101,107.620466,Asia/Jakarta
2026-02-10 12:00:00,31.66,74.0,0.0,35.9,8.0,30.34,46.34,-6.912101,107.620466,Asia/Jakarta
2026-02-10 15:00:00,27.89,80.8,0.0,50.5,5.56,26.49,42.59,-6.912101,107.620466,Asia/Jakarta
2026-02-10 18:00:00,23.62,88.9,1.82,55.7,3.07,22.78,54.73,-6.912101,107.620466,Asia/Jakarta
2026-02-10 21:00:00,24.69,87.1,1.81,43.6,3.5,23.77,51.26,-6.912101,107.620466,Asia/Jakarta
2026-02-11 00:00:00,23.94,85.3,3.06,50.2,3.04,22.91,57.79,-6.912101,107.620466,Asia/Jakarta
2026-02-11 03:00:00,23.15,85.5,1.51,46.8,4.2,22.28,57.54,-6.912101,107.620466,Asia/Jakarta
2026-02-11 06:00:00,24.16,90.9,0.0,48.9,4.25,22.97,49.68,-6.912101,107.620466,Asia/Jakarta
2026-02-11 09:00:00,30.04,78.4,0.0,30.4,5.19,28.15,38.75,-6.912101,107.620466,Asia/Jakarta
2026-02-11 12:00:00,31.74,73.3,0.05,47.3,6.77,29.98,43.43,-6.912101,107.620466,Asia/Jakarta
2026-02-11 15:00:00,30.43,74.7,0.0,44.6,7.28,28.54,43.72,-6.912101,107.620466,Asia/Jakarta
2026-02-11 18:00:00,25.09,85.3,2.46,39.6,3.21,23.84,58.28,-6.912101,107.620466,Asia/Jakarta
2026-02-11 21:00:00,23.06,86.2,1.05,50.5,5.65,21.41,64.84,-6.912101,107.620466,Asia/Jakarta
2026-02-12 00:00:00,24.1,83.4,0.0,40.4,4.35,22.65,55.61,-6.912101,107.620466,Asia/Jakarta
2026-02-12 03:00:00,24.58,86.5,3.62,52.9,4.68,22.87,64.88,-6.912101,107.620466,Asia/Jakarta
2026-02-12 06:00:00,24.07,89.7,0.0,58.0,5.71,22.74,62.54,-6.912101,107.620466,Asia/Jakarta
2026-02-12 09:00:00,28.58,76.8,0.0,41.3,7.3,27.56,43.13,-6.912101,107.620466,Asia/Jakarta
2026-02-12 12:00:00,31.36,69.5,0.0,26.4,7.06,29.72,37.98,-6.912101,107.620466,Asia/Jakarta
2026-02-12 15:00:00,29.17,77.4,2.0,46.6,4.46,27.87,44.64,-6.912101,107.620466,Asia/Jakarta
2026-02-12 18:00:00,24.96,89.5,4.65,46.0,4.62,23.99,70.29,-6.912101,107.620466,Asia/Jakarta
2026-02-12 21:00:00,22.97,91.9,1.15,64.9,5.11,21.33,53.4,-6.912101,107.620466,Asia/Jakarta
2026-02-13 00:00:00,22.66,91.5,0.55,65.7,4.3,20.8,50.69,-6.912101,107.620466,Asia/Jakarta
2026-02-13 03:00:00,23.39,94.0,3.09,53.1,3.19,21.56,55.14,-6.912101,107.620466,Asia/Jakarta
2026-02-13 06:00:00,23.57,85.7,2.37,39.0,3.28,21.86,55.25,-6.912101,107.620466,Asia/Jakarta
2026-02-13 09:00:00,28.34,78.2,0.0,43.0,4.62,26.34,37.86,-6.912101,107.620466,Asia/Jakarta
2026-02-13 12:00:00,31.72,70.2,0.0,35.4,6.1,30.11,40.31,-6.912101,107.620466,Asia/Jakarta
2026-02-13 15:00:00,29.57,73.5,0.96,44.7,7.37,28.24,41.13,-6.912101,107.620466,Asia/Jakarta
2026-02-13 18:00:00,25.42,85.8,0.0,40.2,4.65,24.52,61.48,-6.912101,107.620466,Asia/Jakarta
2026-02-13 21:00:00,22.96,89.2,0.0,57.6,5.71,22.42,59.86,-6.912101,107.620466,Asia/Jakarta
2026-02-14 00:00:00,25.42,89.0,0.0,59.0,3.83,24.89,56.85,-6.912101,107.620466,Asia/Jakarta
2026-02-14 03:00:00,25.19,89.2,0.0,61.6,4.73,24.31,49.56,-6.912101,107.620466,Asia/Jakarta
2026-02-14 06:00:00,24.9,82.1,5.77,47.0,4.26,23.37,61.71,-6.912101,107.620466,Asia/Jakarta
2026-02-14 09:00:00,29.35,76.6,1.36,50.8,6.54,27.92,46.19,-6.912101,107.620466,Asia/Jakarta
2026-02-14 12:00:00,31.84,75.9,1.74,28.6,5.95,29.94,45.99,-6.912101,107.620466,Asia/Jakarta
2026-02-14 15:00:00,27.71,75.1,6.54,35.3,6.58,25.83,61.63,-6.912101,107.620466,Asia/Jakarta
2026-02-14 18:00:00,25.34,83.5,4.85,38.6,4.7,24.54,58.46,-6.912101,107.620466,Asia/Jakarta
2026-02-14 21:00:00,22.94,85.5,1.22,53.0,5.46,21.51,58.63,-6.912101,107.620466,Asia/Jakarta
2026-01-01 00:00:00,24.71,83.9,0.0,40.5,2.93,24.07,56.76,-6.897919,107.6247,Asia/Jakarta
2026-01-01 03:00:00,23.5,92.9,2.55,64.3,5.99,21.8,66.76,-6.897919,107.6247,Asia/Jakarta
2026-01-01 06:00:00,22.57,95.1,0.0,69.0,3.9,22.0,59.9,-6.897919,107.6247,Asia/Jakarta
2026-01-01 09:00:00,29.11,73.8,1.1,48.3,4.31,27.34,52.05,-6.897919,107.6247,Asia/Jakarta
2026-01-01 12:00:00,32.16,68.3,6.21,43.2,8.43,31.6,62.12,-6.897919,107.6247,Asia/Jakarta
2026-01-01 15:00:00,29.19,74.5,0.0,28.5,6.82,28.03,45.18,-6.897919,107.6247,Asia/Jakarta
2026-01-01 18:00:00,25.39,82.5,0.0,35.3,3.65,24.24,60.46,-6.897919,107.6247,Asia/Jakarta
2026-01-01 21:00:00,22.9,90.3,6.21,54.1,4.29,21.83,72.31,-6.897919,107.6247,Asia/Jakarta
2026-01-02 00:00:00,23.78,93.1,10.64,68.5,3.33,22.29,73.7,-6.897919,107.6247,Asia/Jakarta
2026-01-02 03:00:00,22.66,92.1,13.38,65.3,4.57,20.67,90.59,-6.897919,107.6247,Asia/Jakarta
2026-01-02 06:00:00,24.9,89.6,1.98,54.9,3.48,23.98,64.65,-6.897919,107.6247,Asia/Jakarta
2026-01-02 09:00:00,29.71,79.8,0.0,33.7,4.32,28.9,45.24,-6.897919,107.6247,Asia/Jakarta
2026-01-02 12:00:00,29.86,77.7,0.0,35.8,7.05,28.88,48.85,-6.897919,107.6247,Asia/Jakarta
2026-01-02 15:00:00,28.19,75.7,5.53,44.9,4.52,27.5,60.65,-6.897919,107.6247,Asia/Jakarta
2026-01-02 18:00:00,23.88,88.7,0.45,41.8,3.58,23.02,50.04,-6.897919,107.6247,Asia/Jakarta
2026-01-02 21:00:00,23.58,84.6,3.83,54.3,4.74,22.58,68.55,-6.897919,107.6247,Asia/Jakarta
2026-01-03 00:00:00,23.16,91.1,4.56,52.6,4.45,21.52,70.86,-6.897919,107.6247,Asia/Jakarta
2026-01-03 03:00:00,23.71,89.7,1.43,59.6,5.3,22.22,56.23,-6.897919,107.6247,Asia/Jakarta
2026-01-03 06:00:00,24.28,83.9,0.0,54.5,4.37,22.45,49.97,-6.897919,107.6247,Asia/Jakarta
2026-01-03 09:00:00,29.03,73.9,1.87,38.8,6.94,28.29,49.65,-6.897919,107.6247,Asia/Jakarta
2026-01-03 12:00:00,30.62,69.3,0.0,42.9,6.49,29.1,44.64,-6.897919,107.6247,Asia/Jakarta
2026-01-03 15:00:00,29.95,75.2,0.0,37.0,4.33,29.03,52.29,-6.897919,107.6247,Asia/Jakarta
2026-01-03 18:00:00,24.91,83.1,0.0,58.5,4.51,23.69,60.3,-6.897919,107.6247,Asia/Jakarta
2026-01-03 21:00:00,22.94,87.3,6.24,54.6,4.17,21.41,75.08,-6.897919,107.6247,Asia/Jakarta
2026-01-04 00:00:00,24.63,87.5,0.0,43.3,4.68,23.06,51.39,-6.897919,107.6247,Asia/Jakarta
2026-01-04 03:00:00,25.4,80.7,0.0,49.2,3.52,23.87,55.43,-6.897919,107.6247,Asia/Jakarta
2026-01-04 06:00:00,25.45,81.3,0.0,44.0,5.44,23.76,57.43,-6.897919,107.6247,Asia/Jakarta
2026-01-04 09:00:00,29.31,75.9,4.64,35.9,5.69,28.7,59.9,-6.897919,107.6247,Asia/Jakarta
2026-01-04 12:00:00,30.57,75.4,9.76,34.9,6.41,29.43,62.94,-6.897919,107.6247,Asia/Jakarta
2026-01-04 15:00:00,30.26,69.7,0.0,41.2,4.99,28.53,48.88,-6.897919,107.6247,Asia/Jakarta
2026-01-04 18:00:00,22.68,86.7,0.0,57.5,2.8,21.32,58.78,-6.897919,107.6247,Asia/Jakarta
2026-01-04 21:00:00,24.46,83.4,9.02,57.5,4.34,22.77,78.99,-6.897919,107.6247,Asia/Jakarta
2026-01-05 00:00:00,23.14,92.3,0.62,58.7,3.94,21.7,49.15,-6.897919,107.6247,Asia/Jakarta
2026-01-05 03:00:00,24.8,85.5,0.0,54.1,5.32,22.84,60.99,-6.897919,107.6247,Asia/Jakarta
2026-01-05 06:00:00,23.32,92.2,2.15,48.9,2.52,22.32,65.15,-6.897919,107.6247,Asia/Jakarta
2026-01-05 09:00:00,28.11,81.7,0.0,42.6,5.66,26.88,52.89,-6.897919,107.6247,Asia/Jakarta
2026-01-05 12:00:00,32.29,68.7,0.0,27.2,6.21,30.45,42.37,-6.897919,107.6247,Asia/Jakarta
2026-01-05 15:00:00,27.57,84.2,1.29,47.8,6.88,26.12,55.79,-6.897919,107.6247,Asia/Jakarta
2026-01-05 18:00:00,22.91,86.4,0.0,53.5,3.88,21.22,58.15,-6.897919,107.6247,Asia/Jakarta
2026-01-05 21:00:00,24.37,82.6,5.7,49.0,4.36,23.26,75.24,-6.897919,107.6247,Asia/Jakarta
2026-01-06 00:00:00,24.72,90.5,0.0,46.2,5.08,24.09,49.73,-6.897919,107.6247,Asia/Jakarta
2026-01-06 03:00:00,25.14,84.0,0.0,43.7,5.25,24.32,60.41,-6.897919,107.6247,Asia/Jakarta
2026-01-06 06:00:00,23.24,84.6,4.12,48.5,3.62,21.37,58.28,-6.897919,107.6247,Asia/Jakarta
2026-01-06 09:00:00,28.61,77.3,0.0,34.5,5.66,27.71,47.36,-6.897919,107.6247,Asia/Jakarta
2026-01-06 12:00:00,31.75,66.6,0.0,32.0,5.08,30.73,40.69,-6.897919,107.6247,Asia/Jakarta
2026-01-06 15:00:00,29.45,80.3,0.0,49.0,6.39,28.22,38.14,-6.897919,107.6247,Asia/Jakarta
2026-01-06 18:00:00,23.61,85.1,1.38,53.4,2.84,21.94,54.95,-6.897919,107.6247,Asia/Jakarta
2026-01-06 21:00:00,23.52,90.5,1.59,52.8,4.4,22.01,58.82,-6.897919,107.6247,Asia/Jakarta
2026-01-07 00:00:00,23.23,92.2,0.0,52.3,3.45,22.21,54.12,-6.897919,107.6247,Asia/Jakarta
2026-01-07 03:00:00,24.84,86.9,7.71,39.7,3.64,23.95,75.57,-6.897919,107.6247,Asia/Jakarta
2026-01-07 06:00:00,24.88,83.1,2.37,55.1,5.18,23.4,60.81,-6.897919,107.6247,Asia/Jakarta
2026-01-07 09:00:00,27.76,83.5,0.36,54.7,4.76,26.38,37.94,-6.897919,107.6247,Asia/Jakarta
2026-01-07 12:00:00,31.8,75.0,0.0,28.3,8.32,30.01,36.86,-6.897919,107.6247,Asia/Jakarta
2026-01-07 15:00:00,28.49,77.0,1.26,40.1,4.45,27.8,40.64,-6.897919,107.6247,Asia/Jakarta
2026-01-07 18:00:00,23.5,86.4,11.1,49.3,3.51,22.64,86.8,-6.897919,107.6247,Asia/Jakarta
2026-01-07 21:00:00,22.72,94.4,0.0,52.7,2.97,21.67,52.64,-6.897919,107.6247,Asia/Jakarta
2026-01-08 00:00:00,25.39,83.3,6.67,41.4,3.45,23.93,77.14,-6.897919,107.6247,Asia/Jakarta
2026-01-08 03:00:00,23.43,87.9,0.0,47.8,4.14,22.46,56.91,-6.897919,107.6247,Asia/Jakarta
2026-01-08 06:00:00,23.21,85.9,1.03,46.7,4.43,21.7,62.61,-6.897919,107.6247,Asia/Jakarta
2026-01-08 09:00:00,29.2,81.6,0.0,41.8,5.32,27.3,44.91,-6.897919,107.6247,Asia/Jakarta
2026-01-08 12:00:00,29.79,74.7,0.0,27.8,8.18,28.9,45.37,-6.897919,107.6247,Asia/Jakarta
2026-01-08 15:00:00,29.37,79.3,3.83,41.1,6.86,27.43,56.01,-6.897919,107.6247,Asia/Jakarta
2026-01-08 18:00:00,23.41,84.1,6.39,36.5,3.9,21.44,70.54,-6.897919,107.6247,Asia/Jakarta
2026-01-08 21:00:00,24.4,82.9,0.61,52.4,4.56,22.69,59.87,-6.897919,107.6247,Asia/Jakarta
2026-01-09 00:00:00,24.58,91.3,6.88,46.3,3.62,24.02,67.58,-6.897919,107.6247,Asia/Jakarta
2026-01-09 03:00:00,24.64,86.5,0.0,45.3,3.91,24.1,48.96,-6.897919,107.6247,Asia/Jakarta
2026-01-09 06:00:00,24.33,86.0,0.0,38.5,4.66,22.56,47.5,-6.897919,107.6247,Asia/Jakarta
2026-01-09 09:00:00,29.72,75.2,0.0,28.0,6.27,28.36,47.44,-6.897919,107.6247,Asia/Jakarta
2026-01-09 12:00:00,30.97,72.5,0.0,38.8,6.09,29.87,43.88,-6.897919,107.6247,Asia/Jakarta
2026-01-09 15:00:00,29.56,72.2,0.0,43.4,7.0,27.9,47.73,-6.897919,107.6247,Asia/Jakarta
2026-01-09 18:00:00,25.27,84.4,4.61,46.0,5.99,24.04,69.79,-6.897919,107.6247,Asia/Jakarta
2026-01-09 21:00:00,23.22,93.2,0.0,64.3,4.58,22.63,47.73,-6.897919,107.6247,Asia/Jakarta
2026-01-10 00:00:00,22.88,90.5,0.0,47.6,5.88,21.87,50.69,-6.897919,107.6247,Asia/Jakarta
2026-01-10 03:00:00,22.82,87.2,1.78,39.4,2.66,21.03,58.41,-6.897919,107.6247,Asia/Jakarta
2026-01-10 06:00:00,22.99,91.3,5.15,66.7,3.92,22.16,69.09,-6.897919,107.6247,Asia/Jakarta
2026-01-10 09:00:00,28.89,80.3,4.16,45.9,7.14,27.35,47.25,-6.897919,107.6247,Asia/Jakarta
2026-01-10 12:00:00,31.06,68.2,0.0,37.1,8.12,30.48,33.18,-6.897919,107.6247,Asia/Jakarta
2026-01-10 15:00:00,28.82,79.9,0.0,51.2,5.8,27.1,42.94,-6.897919,107.6247,Asia/Jakarta
2026-01-10 18:00:00,23.67,83.7,0.0,39.9,3.14,22.55,62.87,-6.897919,107.6247,Asia/Jakarta
2026-01-10 21:00:00,25.19,85.0,4.38,51.2,5.22,23.36,57.73,-6.897919,107.6247,Asia/Jakarta
2026-01-11 00:00:00,25.09,85.7,0.0,48.0,2.81,24.4,49.02,-6.897919,107.6247,Asia/Jakarta
2026-01-11 03:00:00,23.09,92.7,0.0,46.6,3.08,21.38,60.87,-6.897919,107.6247,Asia/Jakarta
2026-01-11 06:00:00,22.75,86.5,0.0,50.3,4.49,20.98,62.66,-6.897919,107.6247,Asia/Jakarta
2026-01-11 09:00:00,29.88,79.1,0.0,40.6,5.38,28.44,52.52,-6.897919,107.6247,Asia/Jakarta
2026-01-11 12:00:00,30.32,78.7,3.73,47.5,7.4,29.39,46.28,-6.897919,107.6247,Asia/Jakarta
2026-01-11 15:00:00,27.68,80.3,0.0,51.4,6.6,26.13,49.33,-6.897919,107.6247,Asia/Jakarta
2026-01-11 18:00:00,22.76,89.2,1.54,52.0,2.56,22.17,55.8,-6.897919,107.6247,Asia/Jakarta
2026-01-11 21:00:00,24.16,88.9,0.0,53.9,3.26,22.57,60.4,-6.897919,107.6247,Asia/Jakarta
2026-01-12 00:00:00,24.04,90.5,0.0,55.4,5.52,23.15,62.03,-6.897919,107.6247,Asia/Jakarta
2026-01-12 03:00:00,24.51,83.4,1.81,58.1,4.33,23.53,54.16,-6.897919,107.6247,Asia/Jakarta
2026-01-12 06:00:00,25.42,88.8,0.0,43.5,4.4,24.91,61.58,-6.897919,107.6247,Asia/Jakarta
2026-01-12 09:00:00,27.45,80.4,0.0,51.0,5.91,25.86,44.83,-6.897919,107.6247,Asia/Jakarta
2026-01-12 12:00:00,29.53,75.4,0.0,43.4,8.4,28.33,36.8,-6.897919,107.6247,Asia/Jakarta
2026-01-12 15:00:00,27.88,80.7,0.0,32.7,5.96,26.43,50.51,-6.897919,107.6247,Asia/Jakarta
2026-01-12 18:00:00,23.06,85.7,2.76,41.3,4.33,21.72,61.33,-6.897919,107.6247,Asia/Jakarta
2026-01-12 21:00:00,24.47,82.8,0.0,44.2,2.66,22.96,61.18,-6.897919,107.6247,Asia/Jakarta
2026-01-13 00:00:00,23.66,86.5,3.45,46.4,4.65,23.0,62.07,-6.897919,107.6247,Asia/Jakarta
2026-01-13 03:00:00,24.34,86.1,0.0,45.9,5.13,23.81,56.75,-6.897919,107.6247,Asia/Jakarta
2026-01-13 06:00:00,24.85,83.5,5.36,54.7,4.48,23.62,70.15,-6.897919,107.6247,Asia/Jakarta
2026-01-13 09:00:00,27.5,78.4,0.0,38.5,4.67,26.32,52.48,-6.897919,107.6247,Asia/Jakarta
2026-01-13 12:00:00,29.66,76.4,11.28,46.1,7.01,27.67,60.82,-6.897919,107.6247,Asia/Jakarta
2026-01-13 15:00:00,27.88,78.6,3.97,53.5,4.88,25.99,61.21,-6.897919,107.6247,Asia/Jakarta
2026-01-13 18:00:00,22.7,88.0,0.0,61.6,5.23,21.94,52.45,-6.897919,107.6247,Asia/Jakarta
2026-01-13 21:00:00,24.89,82.3,0.0,37.1,5.75,23.33,47.4,-6.897919,107.6247,Asia/Jakarta
2026-01-14 00:00:00,23.87,91.0,5.3,55.4,5.45,23.07,68.32,-6.897919,107.6247,Asia/Jakarta
2026-01-14 03:00:00,25.48,85.1,0.0,55.3,3.17,24.02,60.43,-6.897919,107.6247,Asia/Jakarta
2026-01-14 06:00:00,22.51,89.5,0.0,47.3,5.48,21.51,54.68,-6.897919,107.6247,Asia/Jakarta
2026-01-14 09:00:00,28.21,79.7,0.0,50.2,4.7,26.61,51.12,-6.897919,107.6247,Asia/Jakarta
2026-01-14 12:00:00,30.41,78.4,6.17,48.8,6.9,29.06,49.6,-6.897919,107.6247,Asia/Jakarta
2026-01-14 15:00:00,28.55,82.8,5.56,48.7,6.29,27.54,64.24,-6.897919,107.6247,Asia/Jakarta
2026-01-14 18:00:00,24.78,87.2,0.0,41.6,2.79,24.23,54.77,-6.897919,107.6247,Asia/Jakarta
2026-01-14 21:00:00,22.6,89.9,1.48,52.7,4.51,21.72,51.44,-6.897919,107.6247,Asia/Jakarta
2026-01-15 00:00:00,25.3,83.9,0.0,43.8,3.39,23.66,59.95,-6.897919,107.6247,Asia/Jakarta
2026-01-15 03:00:00,24.39,87.9,8.2,44.9,4.46,23.06,66.88,-6.897919,107.6247,Asia/Jakarta
2026-01-15 06:00:00,24.79,85.2,0.0,48.3,5.5,23.87,47.15,-6.897919,107.6247,Asia/Jakarta
2026-01-15 09:00:00,28.38,83.0,0.0,50.8,6.32,26.87,48.56,-6.897919,107.6247,Asia/Jakarta
2026-01-15 12:00:00,31.5,69.4,0.0,23.3,7.66,30.67,33.71,-6.897919,107.6247,Asia/Jakarta
2026-01-15 15:00:00,28.24,81.8,0.0,51.8,5.85,26.27,51.7,-6.897919,107.6247,Asia/Jakarta
2026-01-15 18:00:00,25.19,82.9,7.36,55.8,2.5,23.34,71.88,-6.897919,107.6247,Asia/Jakarta
2026-01-15 21:00:00,25.08,86.4,0.0,55.2,5.04,24.4,50.48,-6.897919,107.6247,Asia/Jakarta
2026-01-16 00:00:00,22.78,88.8,3.69,41.3,3.51,21.6,62.86,-6.897919,107.6247,Asia/Jakarta
2026-01-16 03:00:00,24.84,86.9,0.0,61.4,5.01,23.62,51.78,-6.897919,107.6247,Asia/Jakarta
2026-01-16 06:00:00,25.0,81.8,0.0,35.0,4.52,23.17,53.28,-6.897919,107.6247,Asia/Jakarta
2026-01-16 09:00:00,28.54,80.0,1.57,40.4,4.79,27.35,49.6,-6.897919,107.6247,Asia/Jakarta
2026-01-16 12:00:00,30.0,77.0,0.0,34.1,5.94,29.46,48.82,-6.897919,107.6247,Asia/Jakarta
2026-01-16 15:00:00,28.06,74.4,0.0,38.6,5.6,26.45,50.83,-6.897919,107.6247,Asia/Jakarta
2026-01-16 18:00:00,22.53,90.2,0.0,59.6,3.14,21.06,60.85,-6.897919,107.6247,Asia/Jakarta
2026-01-16 21:00:00,25.09,81.2,0.0,45.7,5.24,23.65,54.62,-6.897919,107.6247,Asia/Jakarta
2026-01-17 00:00:00,25.09,89.3,3.41,62.7,3.81,23.61,55.16,-6.897919,107.6247,Asia/Jakarta
2026-01-17 03:00:00,24.21,91.3,0.71,53.0,4.24,22.39,57.99,-6.897919,107.6247,Asia/Jakarta
2026-01-17 06:00:00,24.92,90.1,0.0,43.8,2.69,24.07,54.0,-6.897919,107.6247,Asia/Jakarta
2026-01-17 09:00:00,28.52,74.6,8.92,40.9,6.58,27.21,57.24,-6.897919,107.6247,Asia/Jakarta
2026-01-17 12:00:00,32.2,74.7,1.96,33.6,5.67,31.34,52.38,-6.897919,107.6247,Asia/Jakarta
2026-01-17 15:00:00,29.81,72.7,2.64,38.9,5.25,28.71,43.27,-6.897919,107.6247,Asia/Jakarta
2026-01-17 18:00:00,24.63,81.8,0.0,54.1,4.48,23.06,62.59,-6.897919,107.6247,Asia/Jakarta
2026-01-17 21:00:00,24.54,81.7,0.0,48.4,3.17,22.72,54.0,-6.897919,107.6247,Asia/Jakarta
2026-01-18 00:00:00,23.47,85.3,8.5,44.7,3.7,21.72,73.42,-6.897919,107.6247,Asia/Jakarta
2026-01-18 03:00:00,22.6,89.6,7.84,64.1,5.6,21.67,73.14,-6.897919,107.6247,Asia/Jakarta
2026-01-18 06:00:00,23.94,92.4,4.28,50.3,4.53,22.24,68.47,-6.897919,107.6247,Asia/Jakarta
2026-01-18 09:00:00,29.8,73.2,0.0,33.9,7.43,29.29,45.57,-6.897919,107.6247,Asia/Jakarta
2026-01-18 12:00:00,30.24,74.1,9.81,44.4,5.46,29.7,59.91,-6.897919,107.6247,Asia/Jakarta
2026-01-18 15:00:00,29.12,81.8,0.0,43.9,7.63,28.58,45.81,-6.897919,107.6247,Asia/Jakarta
2026-01-18 18:00:00,23.04,87.1,1.44,53.3,2.93,21.17,64.37,-6.897919,107.6247,Asia/Jakarta
2026-01-18 21:00:00,22.6,94.7,0.0,61.6,3.64,21.48,53.42,-6.897919,107.6247,Asia/Jakarta
2026-01-19 00:00:00,23.13,90.6,4.29,56.4,5.34,21.46,65.49,-6.897919,107.6247,Asia/Jakarta
2026-01-19 03:00:00,22.98,93.8,0.0,57.7,4.95,22.24,51.03,-6.897919,107.6247,Asia/Jakarta
2026-01-19 06:00:00,23.43,87.6,0.0,49.4,2.9,22.06,61.65,-6.897919,107.6247,Asia/Jakarta
2026-01-19 09:00:00,28.38,74.8,1.45,27.0,4.91,27.87,49.2,-6.897919,107.6247,Asia/Jakarta
2026-01-19 12:00:00,29.51,74.5,7.06,43.3,6.71,28.89,53.95,-6.897919,107.6247,Asia/Jakarta
2026-01-19 15:00:00,30.27,71.1,0.0,26.9,6.9,28.44,38.42,-6.897919,107.6247,Asia/Jakarta
2026-01-19 18:00:00,23.58,87.3,6.89,45.9,4.35,22.09,72.07,-6.897919,107.6247,Asia/Jakarta
2026-01-19 21:00:00,24.59,82.1,10.26,55.4,2.96,23.11,77.04,-6.897919,107.6247,Asia/Jakarta
2026-01-20 00:00:00,22.55,86.8,0.0,42.9,4.5,21.8,51.05,-6.897919,107.6247,Asia/Jakarta
2026-01-20 03:00:00,22.65,94.3,3.33,55.9,5.68,21.05,59.79,-6.897919,107.6247,Asia/Jakarta
2026-01-20 06:00:00,25.3,88.1,0.0,45.0,3.8,24.58,62.24,-6.897919,107.6247,Asia/Jakarta
2026-01-20 09:00:00,28.16,79.6,0.0,41.2,4.3,27.53,37.88,-6.897919,107.6247,Asia/Jakarta
2026-01-20 12:00:00,30.28,74.1,12.14,40.3,6.4,28.67,60.92,-6.897919,107.6247,Asia/Jakarta
2026-01-20 15:00:00,29.04,77.2,0.0,31.6,4.29,27.46,42.94,-6.897919,107.6247,Asia/Jakarta
2026-01-20 18:00:00,24.2,87.4,0.0,62.9,4.84,23.5,47.44,-6.897919,107.6247,Asia/Jakarta
2026-01-20 21:00:00,22.72,86.8,0.0,41.7,4.42,22.03,58.53,-6.897919,107.6247,Asia/Jakarta
2026-01-21 00:00:00,23.18,86.0,0.0,51.6,5.41,21.4,56.21,-6.897919,107.6247,Asia/Jakarta
2026-01-21 03:00:00,24.76,87.1,0.0,51.2,2.86,22.85,55.57,-6.897919,107.6247,Asia/Jakarta
2026-01-21 06:00:00,25.23,89.4,1.34,60.8,5.45,23.76,62.78,-6.897919,107.6247,Asia/Jakarta
2026-01-21 09:00:00,27.7,81.0,0.0,56.4,5.9,26.51,50.39,-6.897919,107.6247,Asia/Jakarta
2026-01-21 12:00:00,31.59,68.0,3.2,39.0,5.64,30.39,49.02,-6.897919,107.6247,Asia/Jakarta
2026-01-21 15:00:00,28.16,78.2,1.39,39.4,4.55,27.31,54.97,-6.897919,107.6247,Asia/Jakarta
2026-01-21 18:00:00,22.71,88.5,0.0,54.3,5.27,21.54,54.52,-6.897919,107.6247,Asia/Jakarta
2026-01-21 21:00:00,24.78,87.6,3.87,56.6,3.1,23.83,67.54,-6.897919,107.6247,Asia/Jakarta
2026-01-22 00:00:00,24.41,83.9,0.0,57.1,4.68,23.16,54.4,-6.897919,107.6247,Asia/Jakarta
2026-01-22 03:00:00,24.31,90.8,1.5,51.5,5.66,22.53,62.34,-6.897919,107.6247,Asia/Jakarta
2026-01-22 06:00:00,23.17,89.7,7.07,58.0,3.05,22.6,77.21,-6.897919,107.6247,Asia/Jakarta
2026-01-22 09:00:00,29.87,73.2,4.72,38.0,5.31,28.5,52.17,-6.897919,107.6247,Asia/Jakarta
2026-01-22 12:00:00,30.76,69.1,1.23,21.9,6.0,29.63,45.33,-6.897919,107.6247,Asia/Jakarta
2026-01-22 15:00:00,28.51,75.6,5.99,37.6,4.86,26.84,56.39,-6.897919,107.6247,Asia/Jakarta
2026-01-22 18:00:00,24.58,83.0,0.0,43.7,5.73,22.91,50.53,-6.897919,107.6247,Asia/Jakarta
2026-01-22 21:00:00,23.19,90.4,0.0,44.5,5.73,22.6,57.07,-6.897919,107.6247,Asia/Jakarta
2026-01-23 00:00:00,22.8,88.6,9.35,51.8,4.99,22.02,79.6,-6.897919,107.6247,Asia/Jakarta
2026-01-23 03:00:00,23.05,87.9,0.0,41.5,5.53,21.09,53.74,-6.897919,107.6247,Asia/Jakarta
2026-01-23 06:00:00,22.54,86.0,5.05,39.6,5.71,21.71,70.86,-6.897919,107.6247,Asia/Jakarta
2026-01-23 09:00:00,28.44,78.8,0.9,48.4,5.34,27.13,41.61,-6.897919,107.6247,Asia/Jakarta
2026-01-23 12:00:00,30.23,77.7,0.0,47.9,7.16,28.36,43.95,-6.897919,107.6247,Asia/Jakarta
2026-01-23 15:00:00,28.89,77.3,0.0,51.7,5.14,27.21,46.62,-6.897919,107.6247,Asia/Jakarta
2026-01-23 18:00:00,23.0,92.6,2.96,48.5,5.05,22.01,57.29,-6.897919,107.6247,Asia/Jakarta
2026-01-23 21:00:00,22.63,87.7,5.51,54.2,2.63,22.04,74.66,-6.897919,107.6247,Asia/Jakarta
2026-01-24 00:00:00,23.4,88.6,0.0,42.2,3.59,22.15,49.33,-6.897919,107.6247,Asia/Jakarta
2026-01-24 03:00:00,23.25,91.8,2.75,51.6,5.78,22.32,64.48,-6.897919,107.6247,Asia/Jakarta
2026-01-24 06:00:00,24.42,83.2,0.0,50.0,5.03,22.82,59.0,-6.897919,107.6247,Asia/Jakarta
2026-01-24 09:00:00,28.78,76.4,0.0,49.1,5.05,26.84,40.24,-6.897919,107.6247,Asia/Jakarta
2026-01-24 12:00:00,31.55,70.9,0.0,23.4,5.74,30.17,45.45,-6.897919,107.6247,Asia/Jakarta
2026-01-24 15:00:00,28.0,84.3,0.0,44.6,6.22,26.81,40.66,-6.897919,107.6247,Asia/Jakarta
2026-01-24 18:00:00,23.24,92.4,0.0,56.6,3.36,22.4,61.95,-6.897919,107.6247,Asia/Jakarta
2026-01-24 21:00:00,23.52,90.1,1.32,62.2,3.13,22.56,53.58,-6.897919,107.6247,Asia/Jakarta
2026-01-25 00:00:00,25.04,82.2,0.0,52.3,2.58,23.97,56.12,-6.897919,107.6247,Asia/Jakarta
2026-01-25 03:00:00,24.64,86.0,7.62,39.4,2.66,23.54,78.42,-6.897919,107.6247,Asia/Jakarta
2026-01-25 06:00:00,22.88,93.4,0.0,53.2,4.21,20.96,48.44,-6.897919,107.6247,Asia/Jakarta
2026-01-25 09:00:00,28.42,82.1,0.0,35.4,7.65,26.88,47.25,-6.897919,107.6247,Asia/Jakarta
2026-01-25 12:00:00,30.32,71.1,0.0,38.6,6.05,29.36,38.45,-6.897919,107.6247,Asia/Jakarta
2026-01-25 15:00:00,27.69,81.3,2.65,42.2,4.57,26.42,48.06,-6.897919,107.6247,Asia/Jakarta
2026-01-25 18:00:00,24.94,90.2,9.36,60.7,2.82,22.97,71.58,-6.897919,107.6247,Asia/Jakarta
2026-01-25 21:00:00,25.42,83.3,0.0,35.8,3.28,24.0,58.02,-6.897919,107.6247,Asia/Jakarta
2026-01-26 00:00:00,23.26,92.0,0.0,45.6,4.15,22.02,52.33,-6.897919,107.6247,Asia/Jakarta
2026-01-26 03:00:00,24.77,84.8,0.0,59.5,3.87,24.01,59.76,-6.897919,107.6247,Asia/Jakarta
2026-01-26 06:00:00,24.04,89.2,2.16,64.7,2.56,23.36,64.29,-6.897919,107.6247,Asia/Jakarta
2026-01-26 09:00:00,28.68,81.4,0.0,35.2,6.15,26.76,42.94,-6.897919,107.6247,Asia/Jakarta
2026-01-26 12:00:00,30.8,71.7,0.0,23.9,6.6,29.83,48.03,-6.897919,107.6247,Asia/Jakarta
2026-01-26 15:00:00,28.32,74.3,0.0,40.9,6.02,26.84,42.84,-6.897919,107.6247,Asia/Jakarta
2026-01-26 18:00:00,24.29,86.8,2.53,40.7,3.26,23.75,68.0,-6.897919,107.6247,Asia/Jakarta
2026-01-26 21:00:00,25.3,80.5,2.02,50.9,2.65,23.65,66.11,-6.897919,107.6247,Asia/Jakarta
2026-01-27 00:00:00,23.75,84.3,2.92,37.5,3.02,22.47,66.72,-6.897919,107.6247,Asia/Jakarta
2026-01-27 03:00:00,24.17,87.8,4.66,44.8,5.91,23.5,63.5,-6.897919,107.6247,Asia/Jakarta
2026-01-27 06:00:00,25.31,85.6,0.0,40.3,4.16,24.29,55.57,-6.897919,107.6247,Asia/Jakarta
2026-01-27 09:00:00,29.03,79.1,0.0,53.5,4.43,28.48,42.71,-6.897919,107.6247,Asia/Jakarta
2026-01-27 12:00:00,31.27,70.9,0.0,32.5,7.66,30.51,39.08,-6.897919,107.6247,Asia/Jakarta
2026-01-27 15:00:00,27.55,80.1,0.0,35.9,7.15,25.58,48.68,-6.897919,107.6247,Asia/Jakarta
2026-01-27 18:00:00,22.84,91.9,1.39,64.7,4.71,21.81,57.39,-6.897919,107.6247,Asia/Jakarta
2026-01-27 21:00:00,23.35,88.8,0.0,46.2,5.23,22.52,62.35,-6.897919,107.6247,Asia/Jakarta
2026-01-28 00:00:00,24.81,87.1,1.15,62.0,4.59,23.45,59.59,-6.897919,107.6247,Asia/Jakarta
2026-01-28 03:00:00,22.81,87.9,0.6,63.3,3.22,22.19,55.7,-6.897919,107.6247,Asia/Jakarta
2026-01-28 06:00:00,23.66,86.1,0.0,39.0,4.34,22.49,58.57,-6.897919,107.6247,Asia/Jakarta
2026-01-28 09:00:00,27.65,80.7,0.0,51.0,4.56,26.51,41.97,-6.897919,107.6247,Asia/Jakarta
2026-01-28 12:00:00,30.55,75.1,0.0,35.9,8.49,28.93,36.98,-6.897919,107.6247,Asia/Jakarta
2026-01-28 15:00:00,28.96,81.5,0.52,49.3,7.53,28.41,38.5,-6.897919,107.6247,Asia/Jakarta
2026-01-28 18:00:00,23.55,92.1,0.92,52.4,5.27,22.34,52.87,-6.897919,107.6247,Asia/Jakarta
2026-01-28 21:00:00,23.93,90.9,2.15,43.3,3.82,22.71,62.73,-6.897919,107.6247,Asia/Jakarta
2026-01-29 00:00:00,24.28,83.8,3.81,45.8,4.42,23.76,66.15,-6.897919,107.6247,Asia/Jakarta
2026-01-29 03:00:00,22.81,87.9,0.0,41.3,5.84,21.83,51.64,-6.897919,107.6247,Asia/Jakarta
2026-01-29 06:00:00,24.47,91.8,0.0,50.9,4.28,23.92,58.91,-6.897919,107.6247,Asia/Jakarta
2026-01-29 09:00:00,29.14,81.2,0.0,53.4,6.0,28.29,47.2,-6.897919,107.6247,Asia/Jakarta
2026-01-29 12:00:00,31.03,69.4,0.0,30.4,5.05,29.37,45.77,-6.897919,107.6247,Asia/Jakarta
2026-01-29 15:00:00,28.2,76.2,4.48,44.3,6.3,27.23,51.61,-6.897919,107.6247,Asia/Jakarta
2026-01-29 18:00:00,24.35,88.3,3.68,45.7,4.92,23.69,66.52,-6.897919,107.6247,Asia/Jakarta
2026-01-29 21:00:00,25.47,85.4,8.66,52.8,3.45,24.75,78.13,-6.897919,107.6247,Asia/Jakarta
2026-01-30 00:00:00,24.36,89.0,0.0,49.6,5.29,23.35,49.51,-6.897919,107.6247,Asia/Jakarta
2026-01-30 03:00:00,23.86,86.4,10.52,48.1,2.95,23.02,70.74,-6.897919,107.6247,Asia/Jakarta
2026-01-30 06:00:00,25.36,80.3,0.0,41.5,5.49,24.71,62.61,-6.897919,107.6247,Asia/Jakarta
2026-01-30 09:00:00,28.53,79.9,0.0,44.3,7.16,27.25,38.74,-6.897919,107.6247,Asia/Jakarta
2026-01-30 12:00:00,31.39,75.0,0.0,39.2,6.18,30.24,39.61,-6.897919,107.6247,Asia/Jakarta
2026-01-30 15:00:00,29.58,79.1,2.66,51.5,4.71,28.64,51.39,-6.897919,107.6247,Asia/Jakarta
2026-01-30 18:00:00,23.33,90.6,0.0,43.4,5.3,22.34,53.66,-6.897919,107.6247,Asia/Jakarta
2026-01-30 21:00:00,23.92,89.1,0.0,61.0,5.49,22.97,51.51,-6.897919,107.6247,Asia/Jakarta
2026-01-31 00:00:00,22.54,87.5,0.0,62.9,3.02,20.79,55.59,-6.897919,107.6247,Asia/Jakarta
2026-01-31 03:00:00,23.07,85.4,1.41,58.3,2.77,22.23,55.97,-6.897919,107.6247,Asia/Jakarta
2026-01-31 06:00:00,22.72,93.8,0.0,48.5,4.93,21.65,53.08,-6.897919,107.6247,Asia/Jakarta
2026-01-31 09:00:00,29.21,73.1,12.63,31.4,6.94,28.1,75.6,-6.897919,107.6247,Asia/Jakarta
2026-01-31 12:00:00,30.65,69.1,0.0,32.0,5.32,28.9,41.02,-6.897919,107.6247,Asia/Jakarta
2026-01-31 15:00:00,27.82,75.8,0.0,41.7,4.71,25.9,42.15,-6.897919,107.6247,Asia/Jakarta
2026-01-31 18:00:00,25.37,86.7,7.45,42.1,4.2,23.87,72.35,-6.897919,107.6247,Asia/Jakarta
2026-01-31 21:00:00,23.13,85.3,7.08,38.3,3.48,22.53,65.74,-6.897919,107.6247,Asia/Jakarta
2026-02-01 00:00:00,22.81,94.7,2.08,70.7,2.86,20.84,51.73,-6.897919,107.6247,Asia/Jakarta
2026-02-01 03:00:00,25.26,87.1,6.09,44.7,2.91,23.76,74.38,-6.897919,107.6247,Asia/Jakarta
2026-02-01 06:00:00,23.43,88.5,3.71,52.6,4.5,22.86,59.56,-6.897919,107.6247,Asia/Jakarta
2026-02-01 09:00:00,30.45,73.1,0.0,27.5,6.03,29.84,45.53,-6.897919,107.6247,Asia/Jakarta
2026-02-01 12:00:00,30.09,72.6,0.0,44.0,6.36,29.41,38.04,-6.897919,107.6247,Asia/Jakarta
2026-02-01 15:00:00,29.74,75.3,0.0,43.2,5.21,28.15,37.97,-6.897919,107.6247,Asia/Jakarta
2026-02-01 18:00:00,22.58,87.9,3.15,63.8,3.4,21.16,63.97,-6.897919,107.6247,Asia/Jakarta
2026-02-01 21:00:00,25.41,84.3,3.14,50.8,4.63,24.32,65.24,-6.897919,107.6247,Asia/Jakarta
2026-02-02 00:00:00,25.41,86.0,0.0,40.1,3.92,24.9,51.81,-6.897919,107.6247,Asia/Jakarta
2026-02-02 03:00:00,23.66,85.8,0.0,48.0,3.73,22.1,62.04,-6.897919,107.6247,Asia/Jakarta
2026-02-02 06:00:00,24.17,85.9,4.82,60.1,2.81,23.55,70.99,-6.897919,107.6247,Asia/Jakarta
2026-02-02 09:00:00,30.44,75.3,8.85,42.8,7.02,29.6,59.22,-6.897919,107.6247,Asia/Jakarta
2026-02-02 12:00:00,29.61,80.3,13.31,32.8,6.02,28.42,70.62,-6.897919,107.6247,Asia/Jakarta
2026-02-02 15:00:00,28.35,79.3,0.0,49.9,7.12,27.09,46.56,-6.897919,107.6247,Asia/Jakarta
2026-02-02 18:00:00,24.05,87.4,2.39,60.9,5.33,23.47,52.66,-6.897919,107.6247,Asia/Jakarta
2026-02-02 21:00:00,25.18,88.3,3.86,40.4,4.2,23.38,70.78,-6.897919,107.6247,Asia/Jakarta
2026-02-03 00:00:00,24.46,85.0,0.0,58.7,5.33,22.56,60.05,-6.897919,107.6247,Asia/Jakarta
2026-02-03 03:00:00,23.83,84.2,3.08,58.5,2.87,22.7,65.03,-6.897919,107.6247,Asia/Jakarta
2026-02-03 06:00:00,22.66,86.0,4.59,52.8,2.82,22.03,61.68,-6.897919,107.6247,Asia/Jakarta
2026-02-03 09:00:00,30.36,73.0,2.79,45.4,5.25,28.87,46.96,-6.897919,107.6247,Asia/Jakarta
2026-02-03 12:00:00,31.06,74.6,0.0,44.1,8.24,30.31,38.98,-6.897919,107.6247,Asia/Jakarta
2026-02-03 15:00:00,29.15,73.1,1.88,43.7,5.01,28.29,44.98,-6.897919,107.6247,Asia/Jakarta
2026-02-03 18:00:00,22.5,95.3,0.0,48.6,5.29,21.43,56.34,-6.897919,107.6247,Asia/Jakarta
2026-02-03 21:00:00,23.71,86.9,0.0,56.1,5.85,22.24,56.81,-6.897919,107.6247,Asia/Jakarta
2026-02-04 00:00:00,23.87,84.1,0.0,47.0,5.54,22.33,59.21,-6.897919,107.6247,Asia/Jakarta
2026-02-04 03:00:00,22.96,90.0,2.4,59.3,5.71,21.25,64.96,-6.897919,107.6247,Asia/Jakarta
2026-02-04 06:00:00,24.97,89.2,2.11,50.3,4.81,24.24,65.01,-6.897919,107.6247,Asia/Jakarta
2026-02-04 09:00:00,28.89,80.7,0.0,45.9,5.18,27.0,38.35,-6.897919,107.6247,Asia/Jakarta
2026-02-04 12:00:00,30.22,75.5,0.0,46.5,6.69,29.06,42.74,-6.897919,107.6247,Asia/Jakarta
2026-02-04 15:00:00,27.55,75.4,0.0,36.1,5.94,26.57,40.76,-6.897919,107.6247,Asia/Jakarta
2026-02-04 18:00:00,24.32,83.3,2.97,52.5,3.69,22.61,59.83,-6.897919,107.6247,Asia/Jakarta
2026-02-04 21:00:00,24.17,84.3,0.0,57.4,3.88,22.44,53.41,-6.897919,107.6247,Asia/Jakarta
2026-02-05 00:00:00,24.11,88.5,0.0,40.9,4.82,23.11,57.05,-6.897919,107.6247,Asia/Jakarta
2026-02-05 03:00:00,23.96,91.4,0.0,48.9,3.38,22.41,49.12,-6.897919,107.6247,Asia/Jakarta
2026-02-05 06:00:00,25.45,87.0,0.99,62.7,5.12,24.4,64.62,-6.897919,107.6247,Asia/Jakarta
2026-02-05 09:00:00,27.83,83.1,2.14,50.7,6.44,25.85,44.59,-6.897919,107.6247,Asia/Jakarta
2026-02-05 12:00:00,29.52,77.9,0.0,48.7,5.39,28.94,45.33,-6.897919,107.6247,Asia/Jakarta
2026-02-05 15:00:00,29.9,74.6,0.0,36.6,5.88,28.22,46.09,-6.897919,107.6247,Asia/Jakarta
2026-02-05 18:00:00,25.4,87.3,4.56,54.4,5.82,24.9,70.72,-6.897919,107.6247,Asia/Jakarta
2026-02-05 21:00:00,24.52,87.3,0.0,42.6,4.36,22.56,51.85,-6.897919,107.6247,Asia/Jakarta
2026-02-06 00:00:00,25.0,87.0,0.0,57.3,5.61,23.66,58.34,-6.897919,107.6247,Asia/Jakarta
2026-02-06 03:00:00,23.71,84.7,4.53,52.9,2.71,22.42,67.61,-6.897919,107.6247,Asia/Jakarta
2026-02-06 06:00:00,23.98,91.7,0.0,67.2,3.36,22.2,62.87,-6.897919,107.6247,Asia/Jakarta
2026-02-06 09:00:00,30.27,79.3,4.03,48.7,4.75,28.61,61.77,-6.897919,107.6247,Asia/Jakarta
2026-02-06 12:00:00,31.09,69.3,0.0,24.6,7.63,29.11,41.42,-6.897919,107.6247,Asia/Jakarta
2026-02-06 15:00:00,29.92,71.6,0.0,32.8,6.46,28.17,48.59,-6.897919,107.6247,Asia/Jakarta
2026-02-06 18:00:00,22.97,89.1,0.0,59.5,4.03,21.71,50.82,-6.897919,107.6247,Asia/Jakarta
2026-02-06 21:00:00,23.45,90.2,8.34,56.4,4.12,21.7,69.73,-6.897919,107.6247,Asia/Jakarta
2026-02-07 00:00:00,22.94,92.8,0.0,60.8,5.07,20.98,57.54,-6.897919,107.6247,Asia/Jakarta
2026-02-07 03:00:00,22.92,94.1,0.0,49.6,5.32,21.05,59.88,-6.897919,107.6247,Asia/Jakarta
2026-02-07 06:00:00,23.02,93.7,0.0,51.5,4.62,22.04,56.99,-6.897919,107.6247,Asia/Jakarta
2026-02-07 09:00:00,30.03,79.5,0.0,39.0,5.72,29.08,41.22,-6.897919,107.6247,Asia/Jakarta
2026-02-07 12:00:00,31.06,75.6,0.0,33.5,7.2,29.47,45.27,-6.897919,107.6247,Asia/Jakarta
2026-02-07 15:00:00,28.75,73.9,4.69,49.3,5.35,27.92,62.96,-6.897919,107.6247,Asia/Jakarta
2026-02-07 18:00:00,23.78,83.5,8.16,52.5,4.47,22.02,72.61,-6.897919,107.6247,Asia/Jakarta
2026-02-07 21:00:00,23.45,87.4,0.0,55.6,2.7,22.37,57.24,-6.897919,107.6247,Asia/Jakarta
2026-02-08 00:00:00,25.17,88.2,0.0,52.9,2.68,23.8,61.76,-6.897919,107.6247,Asia/Jakarta
2026-02-08 03:00:00,24.56,81.8,0.0,51.3,5.84,23.89,54.49,-6.897919,107.6247,Asia/Jakarta
2026-02-08 06:00:00,23.04,92.1,0.0,53.6,3.26,21.77,50.04,-6.897919,107.6247,Asia/Jakarta
2026-02-08 09:00:00,27.67,83.1,13.32,39.3,6.57,25.74,75.84,-6.897919,107.6247,Asia/Jakarta
2026-02-08 12:00:00,30.91,70.6,0.0,33.5,7.0,29.87,42.63,-6.897919,107.6247,Asia/Jakarta
2026-02-08 15:00:00,28.92,78.3,6.2,48.6,7.63,28.03,63.8,-6.897919,107.6247,Asia/Jakarta
2026-02-08 18:00:00,23.85,89.9,0.0,43.7,3.26,21.97,53.26,-6.897919,107.6247,Asia/Jakarta
2026-02-08 21:00:00,22.54,93.0,0.0,55.2,3.88,20.74,57.45,-6.897919,107.6247,Asia/Jakarta
2026-02-09 00:00:00,22.81,86.9,0.99,61.7,5.48,22.27,52.46,-6.897919,107.6247,Asia/Jakarta
2026-02-09 03:00:00,22.54,86.3,4.15,47.8,5.1,21.82,64.26,-6.897919,107.6247,Asia/Jakarta
2026-02-09 06:00:00,25.39,86.2,3.71,62.0,4.29,23.53,58.73,-6.897919,107.6247,Asia/Jakarta
2026-02-09 09:00:00,30.04,78.1,0.0,31.0,6.77,29.42,45.5,-6.897919,107.6247,Asia/Jakarta
2026-02-09 12:00:00,31.41,69.5,0.0,31.8,8.22,30.69,41.72,-6.897919,107.6247,Asia/Jakarta
2026-02-09 15:00:00,27.46,76.9,0.0,30.4,4.35,26.14,41.82,-6.897919,107.6247,Asia/Jakarta
2026-02-09 18:00:00,23.26,91.1,0.0,53.6,4.22,21.62,58.17,-6.897919,107.6247,Asia/Jakarta
2026-02-09 21:00:00,23.13,88.6,0.0,42.2,5.06,22.49,52.66,-6.897919,107.6247,Asia/Jakarta
2026-02-10 00:00:00,24.63,81.7,9.35,42.4,4.3,23.1,77.47,-6.897919,107.6247,Asia/Jakarta
2026-02-10 03:00:00,24.81,88.2,0.0,43.3,3.23,23.99,47.76,-6.897919,107.6247,Asia/Jakarta
2026-02-10 06:00:00,22.53,90.4,3.05,45.5,3.04,21.69,64.18,-6.897919,107.6247,Asia/Jakarta
2026-02-10 09:00:00,29.57,73.0,1.66,31.5,7.14,27.57,45.15,-6.897919,107.6247,Asia/Jakarta
2026-02-10 12:00:00,30.49,71.2,0.0,26.0,7.01,29.15,46.59,-6.897919,107.6247,Asia/Jakarta
2026-02-10 15:00:00,30.04,71.2,0.0,33.2,4.7,28.37,50.54,-6.897919,107.6247,Asia/Jakarta
2026-02-10 18:00:00,24.34,90.5,0.0,53.8,2.53,23.83,50.3,-6.897919,107.6247,Asia/Jakarta
2026-02-10 21:00:00,23.62,92.7,2.25,46.2,2.85,22.25,58.21,-6.897919,107.6247,Asia/Jakarta
2026-02-11 00:00:00,22.51,92.8,0.0,51.7,3.66,21.52,47.44,-6.897919,107.6247,Asia/Jakarta
2026-02-11 03:00:00,24.47,86.7,0.0,45.9,3.95,23.19,58.09,-6.897919,107.6247,Asia/Jakarta
2026-02-11 06:00:00,24.26,85.2,1.03,40.1,5.36,22.31,59.73,-6.897919,107.6247,Asia/Jakarta
2026-02-11 09:00:00,28.67,78.7,11.94,47.6,6.78,27.68,66.49,-6.897919,107.6247,Asia/Jakarta
2026-02-11 12:00:00,29.99,73.5,3.38,29.4,5.57,28.02,51.01,-6.897919,107.6247,Asia/Jakarta
2026-02-11 15:00:00,30.26,72.9,1.13,45.0,5.86,29.3,46.71,-6.897919,107.6247,Asia/Jakarta
2026-02-11 18:00:00,23.55,86.5,0.0,39.8,5.0,22.44,54.95,-6.897919,107.6247,Asia/Jakarta
2026-02-11 21:00:00,25.32,87.5,0.0,55.7,2.66,24.64,48.7,-6.897919,107.6247,Asia/Jakarta
2026-02-12 00:00:00,23.49,85.5,0.0,45.3,4.02,22.32,49.91,-6.897919,107.6247,Asia/Jakarta
2026-02-12 03:00:00,24.13,87.9,9.91,49.6,5.94,22.75,73.22,-6.897919,107.6247,Asia/Jakarta
2026-02-12 06:00:00,25.41,80.0,11.02,53.8,5.66,24.15,85.5,-6.897919,107.6247,Asia/Jakarta
2026-02-12 09:00:00,29.57,77.0,0.0,31.9,4.5,27.8,51.32,-6.897919,107.6247,Asia/Jakarta
2026-02-12 12:00:00,31.98,67.4,0.0,34.0,6.29,30.04,44.24,-6.897919,107.6247,Asia/Jakarta
2026-02-12 15:00:00,29.75,77.3,0.0,38.1,4.43,28.73,48.88,-6.897919,107.6247,Asia/Jakarta
2026-02-12 18:00:00,23.72,86.6,0.0,50.5,5.48,22.94,48.71,-6.897919,107.6247,Asia/Jakarta
2026-02-12 21:00:00,23.85,89.0,3.81,54.2,3.57,22.73,60.68,-6.897919,107.6247,Asia/Jakarta
2026-02-13 00:00:00,22.93,93.8,0.0,53.6,2.86,22.43,62.96,-6.897919,107.6247,Asia/Jakarta
2026-02-13 03:00:00,24.21,91.3,0.0,51.8,4.13,22.51,62.18,-6.897919,107.6247,Asia/Jakarta
2026-02-13 06:00:00,22.83,88.7,0.94,63.0,2.91,21.76,52.35,-6.897919,107.6247,Asia/Jakarta
2026-02-13 09:00:00,29.01,80.0,0.0,33.5,4.95,27.49,44.44,-6.897919,107.6247,Asia/Jakarta
2026-02-13 12:00:00,29.71,77.5,0.0,44.8,7.05,29.2,44.54,-6.897919,107.6247,Asia/Jakarta
2026-02-13 15:00:00,30.41,74.3,2.29,35.7,4.68,28.66,46.08,-6.897919,107.6247,Asia/Jakarta
2026-02-13 18:00:00,24.31,88.5,0.0,54.4,4.58,22.86,54.46,-6.897919,107.6247,Asia/Jakarta
2026-02-13 21:00:00,25.29,87.1,0.0,61.5,5.5,24.01,50.53,-6.897919,107.6247,Asia/Jakarta
2026-02-14 00:00:00,23.96,88.3,2.8,52.8,5.4,22.36,61.37,-6.897919,107.6247,Asia/Jakarta
2026-02-14 03:00:00,25.39,85.5,3.47,52.2,4.78,23.74,63.37,-6.897919,107.6247,Asia/Jakarta
2026-02-14 06:00:00,24.83,90.8,0.0,54.0,2.68,23.48,61.55,-6.897919,107.6247,Asia/Jakarta
2026-02-14 09:00:00,29.38,76.2,1.28,40.1,6.31,27.71,49.7,-6.897919,107.6247,Asia/Jakarta
2026-02-14 12:00:00,31.68,74.9,6.55,45.7,7.39,30.81,57.69,-6.897919,107.6247,Asia/Jakarta
2026-02-14 15:00:00,29.85,73.3,0.32,45.7,5.68,29.09,52.29,-6.897919,107.6247,Asia/Jakarta
2026-02-14 18:00:00,23.78,87.1,7.29,57.6,4.79,22.6,67.8,-6.897919,107.6247,Asia/Jakarta
2026-02-14 21:00:00,23.56,89.4,8.35,57.9,5.3,22.55,69.52,-6.897919,107.6247,Asia/Jakarta
2026-01-01 00:00:00,24.46,87.0,2.48,61.1,5.84,22.66,62.65,-6.904628,107.631302,Asia/Jakarta
2026-01-01 03:00:00,24.72,85.9,0.0,52.4,5.88,22.94,52.82,-6.904628,107.631302,Asia/Jakarta
2026-01-01 06:00:00,23.85,90.7,3.17,64.8,3.96,22.52,69.75,-6.904628,107.631302,Asia/Jakarta
2026-01-01 09:00:00,28.58,78.4,9.05,54.3,5.34,26.82,57.63,-6.904628,107.631302,Asia/Jakarta
2026-01-01 12:00:00,31.58,67.4,0.0,30.1,7.82,30.38,46.44,-6.904628,107.631302,Asia/Jakarta
2026-01-01 15:00:00,28.61,81.9,0.0,50.4,5.37,27.17,37.51,-6.904628,107.631302,Asia/Jakarta
2026-01-01 18:00:00,23.98,88.2,5.36,49.5,3.17,22.72,70.24,-6.904628,107.631302,Asia/Jakarta
2026-01-01 21:00:00,23.35,86.5,0.0,43.1,4.61,22.02,49.08,-6.904628,107.631302,Asia/Jakarta
2026-01-02 00:00:00,24.55,82.1,2.56,38.6,6.0,22.81,54.84,-6.904628,107.631302,Asia/Jakarta
2026-01-02 03:00:00,24.9,84.1,2.81,39.9,4.93,23.19,64.56,-6.904628,107.631302,Asia/Jakarta
2026-01-02 06:00:00,23.35,88.7,0.0,47.0,3.16,22.49,62.5,-6.904628,107.631302,Asia/Jakarta
2026-01-02 09:00:00,28.9,73.3,0.0,35.4,7.37,27.33,46.46,-6.904628,107.631302,Asia/Jakarta
2026-01-02 12:00:00,30.44,72.7,0.0,35.6,8.2,29.88,35.38,-6.904628,107.631302,Asia/Jakarta
2026-01-02 15:00:00,27.79,77.4,0.0,34.0,5.2,26.75,52.03,-6.904628,107.631302,Asia/Jakarta
2026-01-02 18:00:00,23.32,88.9,0.0,50.3,2.88,21.43,56.02,-6.904628,107.631302,Asia/Jakarta
2026-01-02 21:00:00,24.29,91.8,0.0,47.3,5.15,23.16,47.23,-6.904628,107.631302,Asia/Jakarta
2026-01-03 00:00:00,22.59,93.1,4.84,47.6,5.54,21.28,72.15,-6.904628,107.631302,Asia/Jakarta
2026-01-03 03:00:00,23.21,91.6,11.24,44.2,3.49,22.18,80.65,-6.904628,107.631302,Asia/Jakarta
2026-01-03 06:00:00,24.51,91.1,2.88,52.0,5.79,23.94,62.63,-6.904628,107.631302,Asia/Jakarta
2026-01-03 09:00:00,30.36,71.6,2.49,31.6,6.01,28.95,54.87,-6.904628,107.631302,Asia/Jakarta
2026-01-03 12:00:00,31.52,76.2,0.0,33.4,6.71,30.73,46.73,-6.904628,107.631302,Asia/Jakarta
2026-01-03 15:00:00,29.62,71.6,0.0,39.9,4.37,28.01,39.95,-6.904628,107.631302,Asia/Jakarta
2026-01-03 18:00:00,23.23,90.1,0.0,59.4,5.42,22.1,62.17,-6.904628,107.631302,Asia/Jakarta
2026-01-03 21:00:00,25.29,80.3,3.45,55.0,2.72,23.36,61.7,-6.904628,107.631302,Asia/Jakarta
2026-01-04 00:00:00,24.53,85.7,0.0,48.7,4.01,23.34,62.02,-6.904628,107.631302,Asia/Jakarta
2026-01-04 03:00:00,25.25,80.8,3.47,41.0,2.64,23.48,57.95,-6.904628,107.631302,Asia/Jakarta
2026-01-04 06:00:00,23.26,90.5,0.0,53.4,5.63,22.18,61.6,-6.904628,107.631302,Asia/Jakarta
2026-01-04 09:00:00,29.63,76.5,4.24,33.1,6.67,28.03,50.13,-6.904628,107.631302,Asia/Jakarta
2026-01-04 12:00:00,32.07,66.6,0.0,32.9,6.32,31.35,43.38,-6.904628,107.631302,Asia/Jakarta
2026-01-04 15:00:00,27.46,78.9,3.18,31.5,4.87,25.66,50.78,-6.904628,107.631302,Asia/Jakarta
2026-01-04 18:00:00,25.19,81.6,7.58,37.0,4.12,24.42,75.65,-6.904628,107.631302,Asia/Jakarta
2026-01-04 21:00:00,24.84,84.2,1.54,51.1,5.07,23.67,58.96,-6.904628,107.631302,Asia/Jakarta
2026-01-05 00:00:00,23.0,90.4,4.59,45.9,3.03,21.72,68.19,-6.904628,107.631302,Asia/Jakarta
2026-01-05 03:00:00,24.58,89.0,0.0,64.0,3.09,23.25,62.62,-6.904628,107.631302,Asia/Jakarta
2026-01-05 06:00:00,25.2,82.9,4.72,51.7,4.53,23.38,59.58,-6.904628,107.631302,Asia/Jakarta
2026-01-05 09:00:00,28.92,72.6,0.0,38.2,7.14,27.09,47.45,-6.904628,107.631302,Asia/Jakarta
2026-01-05 12:00:00,32.35,69.7,1.67,38.3,7.86,31.31,42.16,-6.904628,107.631302,Asia/Jakarta
2026-01-05 15:00:00,28.1,79.7,4.55,48.4,6.18,27.58,55.69,-6.904628,107.631302,Asia/Jakarta
2026-01-05 18:00:00,22.51,92.9,4.81,59.4,4.17,20.71,64.91,-6.904628,107.631302,Asia/Jakarta
2026-01-05 21:00:00,25.48,80.6,0.15,54.3,4.62,24.75,62.59,-6.904628,107.631302,Asia/Jakarta
2026-01-06 00:00:00,23.42,88.0,0.0,41.5,4.29,21.58,62.82,-6.904628,107.631302,Asia/Jakarta
2026-01-06 03:00:00,24.56,82.3,1.41,49.8,2.92,23.55,50.53,-6.904628,107.631302,Asia/Jakarta
2026-01-06 06:00:00,25.1,81.2,9.56,45.6,3.67,24.0,79.69,-6.904628,107.631302,Asia/Jakarta
2026-01-06 09:00:00,29.0,80.3,0.0,34.0,6.51,27.0,43.15,-6.904628,107.631302,Asia/Jakarta
2026-01-06 12:00:00,32.41,70.9,2.05,31.7,6.63,30.56,45.89,-6.904628,107.631302,Asia/Jakarta
2026-01-06 15:00:00,30.09,77.6,1.13,53.5,6.66,29.03,43.4,-6.904628,107.631302,Asia/Jakarta
2026-01-06 18:00:00,24.56,82.5,0.49,44.0,4.52,23.13,49.45,-6.904628,107.631302,Asia/Jakarta
2026-01-06 21:00:00,24.54,87.2,1.29,51.8,4.96,23.0,57.38,-6.904628,107.631302,Asia/Jakarta
2026-01-07 00:00:00,24.84,87.9,0.0,51.6,3.78,23.64,47.63,-6.904628,107.631302,Asia/Jakarta
2026-01-07 03:00:00,22.81,94.8,3.07,58.1,3.5,20.85,57.35,-6.904628,107.631302,Asia/Jakarta
2026-01-07 06:00:00,24.24,89.6,1.05,56.0,3.03,23.12,63.9,-6.904628,107.631302,Asia/Jakarta
2026-01-07 09:00:00,29.46,74.6,5.41,28.2,7.17,28.88,63.8,-6.904628,107.631302,Asia/Jakarta
2026-01-07 12:00:00,30.91,76.4,0.0,40.4,5.1,29.85,35.83,-6.904628,107.631302,Asia/Jakarta
2026-01-07 15:00:00,27.9,81.3,1.64,46.8,6.94,26.34,50.74,-6.904628,107.631302,Asia/Jakarta
2026-01-07 18:00:00,24.35,82.4,0.0,34.7,4.67,23.31,61.17,-6.904628,107.631302,Asia/Jakarta
2026-01-07 21:00:00,24.37,88.0,4.26,46.5,4.92,22.47,66.99,-6.904628,107.631302,Asia/Jakarta
2026-01-08 00:00:00,24.42,90.6,0.0,52.7,5.12,23.46,54.22,-6.904628,107.631302,Asia/Jakarta
2026-01-08 03:00:00,24.99,82.4,0.0,38.0,4.88,24.11,59.22,-6.904628,107.631302,Asia/Jakarta
2026-01-08 06:00:00,24.45,82.4,8.66,36.4,3.72,23.28,77.55,-6.904628,107.631302,Asia/Jakarta
2026-01-08 09:00:00,27.57,83.2,8.3,51.6,7.42,26.71,71.29,-6.904628,107.631302,Asia/Jakarta
2026-01-08 12:00:00,32.31,75.2,0.0,45.6,7.76,31.22,45.74,-6.904628,107.631302,Asia/Jakarta
2026-01-08 15:00:00,29.17,79.8,4.21,46.4,4.67,28.1,57.18,-6.904628,107.631302,Asia/Jakarta
2026-01-08 18:00:00,25.25,88.5,0.0,48.2,2.81,24.3,59.73,-6.904628,107.631302,Asia/Jakarta
2026-01-08 21:00:00,24.47,89.8,0.0,54.3,3.87,23.56,55.15,-6.904628,107.631302,Asia/Jakarta
2026-01-09 00:00:00,24.26,82.6,0.0,36.0,5.29,23.51,55.05,-6.904628,107.631302,Asia/Jakarta
2026-01-09 03:00:00,24.7,88.1,1.21,50.7,2.59,23.37,59.54,-6.904628,107.631302,Asia/Jakarta
2026-01-09 06:00:00,23.13,87.2,3.24,57.6,5.91,22.46,65.91,-6.904628,107.631302,Asia/Jakarta
2026-01-09 09:00:00,30.15,70.8,0.0,45.9,6.08,28.36,49.91,-6.904628,107.631302,Asia/Jakarta
2026-01-09 12:00:00,32.39,67.7,0.0,35.9,7.13,30.8,43.69,-6.904628,107.631302,Asia/Jakarta
2026-01-09 15:00:00,29.24,80.0,0.0,33.8,6.29,27.74,38.99,-6.904628,107.631302,Asia/Jakarta
2026-01-09 18:00:00,22.66,92.2,4.31,61.6,3.46,21.36,71.47,-6.904628,107.631302,Asia/Jakarta
2026-01-09 21:00:00,25.13,80.8,0.0,36.6,3.97,23.71,49.48,-6.904628,107.631302,Asia/Jakarta
2026-01-10 00:00:00,25.34,86.6,14.93,41.8,3.66,24.6,88.59,-6.904628,107.631302,Asia/Jakarta
2026-01-10 03:00:00,24.22,91.0,0.0,65.3,4.42,22.81,48.63,-6.904628,107.631302,Asia/Jakarta
2026-01-10 06:00:00,25.41,88.4,0.48,59.7,4.89,24.1,57.8,-6.904628,107.631302,Asia/Jakarta
2026-01-10 09:00:00,28.79,76.6,0.0,35.7,7.54,27.57,52.44,-6.904628,107.631302,Asia/Jakarta
2026-01-10 12:00:00,31.14,70.3,0.0,33.7,5.63,30.53,37.2,-6.904628,107.631302,Asia/Jakarta
2026-01-10 15:00:00,28.0,77.8,3.25,30.9,7.07,26.15,54.19,-6.904628,107.631302,Asia/Jakarta
2026-01-10 18:00:00,23.77,91.9,5.28,64.1,4.26,22.59,69.0,-6.904628,107.631302,Asia/Jakarta
2026-01-10 21:00:00,25.48,84.9,3.66,59.5,3.48,23.65,63.26,-6.904628,107.631302,Asia/Jakarta
2026-01-11 00:00:00,24.78,90.8,3.97,48.5,5.71,24.07,70.55,-6.904628,107.631302,Asia/Jakarta
2026-01-11 03:00:00,25.31,90.0,1.74,65.6,5.62,24.31,50.88,-6.904628,107.631302,Asia/Jakarta
2026-01-11 06:00:00,24.31,84.0,0.0,46.9,2.72,23.49,58.17,-6.904628,107.631302,Asia/Jakarta
2026-01-11 09:00:00,28.58,75.7,6.47,42.1,7.21,27.29,64.8,-6.904628,107.631302,Asia/Jakarta
2026-01-11 12:00:00,31.86,71.1,0.0,28.9,7.34,29.98,39.51,-6.904628,107.631302,Asia/Jakarta
2026-01-11 15:00:00,27.66,78.7,3.47,44.0,6.74,26.8,55.95,-6.904628,107.631302,Asia/Jakarta
2026-01-11 18:00:00,25.19,90.0,3.96,61.4,3.97,23.91,65.52,-6.904628,107.631302,Asia/Jakarta
2026-01-11 21:00:00,25.1,90.2,6.95,44.6,4.97,23.21,69.48,-6.904628,107.631302,Asia/Jakarta
2026-01-12 00:00:00,23.22,85.0,0.0,57.0,3.12,21.75,61.16,-6.904628,107.631302,Asia/Jakarta
2026-01-12 03:00:00,24.75,86.1,0.0,51.0,3.07,22.94,51.77,-6.904628,107.631302,Asia/Jakarta
2026-01-12 06:00:00,23.56,85.6,0.0,39.1,2.96,22.24,48.22,-6.904628,107.631302,Asia/Jakarta
2026-01-12 09:00:00,27.49,80.9,0.0,37.4,6.16,25.63,49.87,-6.904628,107.631302,Asia/Jakarta
2026-01-12 12:00:00,30.75,71.8,2.62,45.0,8.02,29.65,44.07,-6.904628,107.631302,Asia/Jakarta
2026-01-12 15:00:00,28.14,78.4,8.0,47.4,6.1,26.7,55.16,-6.904628,107.631302,Asia/Jakarta
2026-01-12 18:00:00,24.15,87.7,1.01,47.8,3.1,22.6,59.83,-6.904628,107.631302,Asia/Jakarta
2026-01-12 21:00:00,23.64,89.4,4.13,63.3,5.83,22.26,60.45,-6.904628,107.631302,Asia/Jakarta
2026-01-13 00:00:00,24.64,86.7,0.0,46.2,5.62,22.88,62.9,-6.904628,107.631302,Asia/Jakarta
2026-01-13 03:00:00,25.47,84.2,1.64,37.1,3.35,23.71,61.33,-6.904628,107.631302,Asia/Jakarta
2026-01-13 06:00:00,23.0,91.1,0.0,56.4,2.82,21.21,58.74,-6.904628,107.631302,Asia/Jakarta
2026-01-13 09:00:00,28.08,75.8,0.0,28.2,7.57,26.11,45.47,-6.904628,107.631302,Asia/Jakarta
2026-01-13 12:00:00,29.88,74.9,0.0,47.8,6.36,28.57,39.84,-6.904628,107.631302,Asia/Jakarta
2026-01-13 15:00:00,29.44,74.8,0.0,38.1,6.85,27.86,52.81,-6.904628,107.631302,Asia/Jakarta
2026-01-13 18:00:00,22.95,90.1,1.27,64.0,3.29,20.99,54.09,-6.904628,107.631302,Asia/Jakarta
2026-01-13 21:00:00,25.37,80.0,0.0,36.4,5.38,23.92,51.26,-6.904628,107.631302,Asia/Jakarta
2026-01-14 00:00:00,24.94,88.4,11.16,63.9,3.79,23.1,75.44,-6.904628,107.631302,Asia/Jakarta
2026-01-14 03:00:00,23.02,94.4,0.0,49.5,5.44,21.45,55.0,-6.904628,107.631302,Asia/Jakarta
2026-01-14 06:00:00,22.61,88.3,0.0,45.4,4.97,22.02,54.52,-6.904628,107.631302,Asia/Jakarta
2026-01-14 09:00:00,27.83,79.4,0.0,49.3,4.71,26.1,45.91,-6.904628,107.631302,Asia/Jakarta
2026-01-14 12:00:00,31.93,75.4,0.0,27.9,7.76,30.34,33.67,-6.904628,107.631302,Asia/Jakarta
2026-01-14 15:00:00,27.91,78.0,0.0,37.0,6.38,26.38,49.74,-6.904628,107.631302,Asia/Jakarta
2026-01-14 18:00:00,25.44,87.7,0.0,61.1,4.77,24.79,51.69,-6.904628,107.631302,Asia/Jakarta
2026-01-14 21:00:00,23.93,88.5,1.07,61.0,5.26,22.25,56.1,-6.904628,107.631302,Asia/Jakarta
2026-01-15 00:00:00,23.36,92.8,3.52,55.9,5.44,22.34,70.53,-6.904628,107.631302,Asia/Jakarta
2026-01-15 03:00:00,24.33,85.1,0.98,60.3,5.75,22.82,53.39,-6.904628,107.631302,Asia/Jakarta
2026-01-15 06:00:00,24.0,85.1,7.67,41.6,5.47,23.25,79.31,-6.904628,107.631302,Asia/Jakarta
2026-01-15 09:00:00,29.08,75.4,0.0,40.3,5.8,27.31,37.27,-6.904628,107.631302,Asia/Jakarta
2026-01-15 12:00:00,32.17,68.0,0.0,34.8,7.04,30.41,42.49,-6.904628,107.631302,Asia/Jakarta
2026-01-15 15:00:00,30.33,73.7,0.0,26.5,6.49,29.52,46.61,-6.904628,107.631302,Asia/Jakarta
2026-01-15 18:00:00,22.76,94.9,0.0,48.0,3.36,21.21,55.19,-6.904628,107.631302,Asia/Jakarta
2026-01-15 21:00:00,23.22,93.9,0.0,57.9,3.82,22.35,55.71,-6.904628,107.631302,Asia/Jakarta
2026-01-16 00:00:00,23.77,89.5,0.0,49.2,5.21,22.46,48.21,-6.904628,107.631302,Asia/Jakarta
2026-01-16 03:00:00,22.55,87.0,2.41,58.7,3.48,21.56,65.23,-6.904628,107.631302,Asia/Jakarta
2026-01-16 06:00:00,23.88,84.4,6.92,52.1,4.29,21.88,69.6,-6.904628,107.631302,Asia/Jakarta
2026-01-16 09:00:00,30.23,73.4,0.0,35.7,5.89,28.73,51.76,-6.904628,107.631302,Asia/Jakarta
2026-01-16 12:00:00,30.39,79.0,5.15,39.2,7.0,29.85,59.95,-6.904628,107.631302,Asia/Jakarta
2026-01-16 15:00:00,28.48,82.4,0.0,40.1,4.74,27.85,48.46,-6.904628,107.631302,Asia/Jakarta
2026-01-16 18:00:00,22.84,90.4,0.0,63.4,3.5,22.01,48.19,-6.904628,107.631302,Asia/Jakarta
2026-01-16 21:00:00,23.53,85.4,0.0,44.9,4.82,21.82,52.87,-6.904628,107.631302,Asia/Jakarta
2026-01-17 00:00:00,22.69,90.1,13.52,58.1,5.92,21.05,79.37,-6.904628,107.631302,Asia/Jakarta
2026-01-17 03:00:00,23.68,86.6,0.0,59.6,4.98,21.93,48.48,-6.904628,107.631302,Asia/Jakarta
2026-01-17 06:00:00,23.62,86.5,0.79,45.6,5.31,21.91,49.38,-6.904628,107.631302,Asia/Jakarta
2026-01-17 09:00:00,27.86,81.0,0.0,51.4,5.89,26.26,37.51,-6.904628,107.631302,Asia/Jakarta
2026-01-17 12:00:00,31.14,70.8,0.0,24.2,6.27,30.38,46.73,-6.904628,107.631302,Asia/Jakarta
2026-01-17 15:00:00,30.26,77.5,1.4,47.2,7.74,28.71,40.33,-6.904628,107.631302,Asia/Jakarta
2026-01-17 18:00:00,24.25,92.3,6.67,54.7,5.42,22.88,74.25,-6.904628,107.631302,Asia/Jakarta
2026-01-17 21:00:00,22.77,93.4,0.0,47.5,2.64,21.28,58.49,-6.904628,107.631302,Asia/Jakarta
2026-01-18 00:00:00,23.56,89.4,4.28,55.4,2.59,22.34,71.22,-6.904628,107.631302,Asia/Jakarta
2026-01-18 03:00:00,25.24,81.1,0.0,52.3,5.66,24.13,52.2,-6.904628,107.631302,Asia/Jakarta
2026-01-18 06:00:00,22.76,94.4,0.0,48.5,2.9,21.15,59.8,-6.904628,107.631302,Asia/Jakarta
2026-01-18 09:00:00,29.64,73.3,0.0,44.5,5.92,28.24,40.33,-6.904628,107.631302,Asia/Jakarta
2026-01-18 12:00:00,31.56,71.3,0.0,27.5,6.91,30.32,34.39,-6.904628,107.631302,Asia/Jakarta
2026-01-18 15:00:00,28.32,75.0,2.78,45.4,6.97,26.5,53.12,-6.904628,107.631302,Asia/Jakarta
2026-01-18 18:00:00,24.62,86.5,11.92,62.4,3.51,23.28,86.97,-6.904628,107.631302,Asia/Jakarta
2026-01-18 21:00:00,22.99,90.2,3.34,56.6,4.76,21.62,65.73,-6.904628,107.631302,Asia/Jakarta
2026-01-19 00:00:00,24.53,84.7,1.7,45.4,5.39,23.17,52.46,-6.904628,107.631302,Asia/Jakarta
2026-01-19 03:00:00,24.27,87.4,6.98,41.0,3.62,22.68,77.78,-6.904628,107.631302,Asia/Jakarta
2026-01-19 06:00:00,24.59,82.5,3.42,57.5,4.01,23.49,68.33,-6.904628,107.631302,Asia/Jakarta
2026-01-19 09:00:00,27.61,78.2,0.0,52.4,7.73,26.98,51.68,-6.904628,107.631302,Asia/Jakarta
2026-01-19 12:00:00,32.07,68.0,0.0,33.2,7.16,30.38,47.21,-6.904628,107.631302,Asia/Jakarta
2026-01-19 15:00:00,28.89,72.9,3.63,44.4,5.1,28.15,48.38,-6.904628,107.631302,Asia/Jakarta
2026-01-19 18:00:00,24.79,91.0,0.0,49.5,4.57,22.85,53.88,-6.904628,107.631302,Asia/Jakarta
2026-01-19 21:00:00,22.73,94.4,5.46,57.8,2.7,21.55,70.46,-6.904628,107.631302,Asia/Jakarta
2026-01-20 00:00:00,24.75,82.8,0.0,51.7,3.03,23.69,48.2,-6.904628,107.631302,Asia/Jakarta
2026-01-20 03:00:00,24.74,82.4,5.61,35.1,4.24,23.15,69.62,-6.904628,107.631302,Asia/Jakarta
2026-01-20 06:00:00,22.78,95.1,0.0,63.2,2.69,21.24,59.33,-6.904628,107.631302,Asia/Jakarta
2026-01-20 09:00:00,28.77,81.3,1.38,34.0,7.27,26.98,49.93,-6.904628,107.631302,Asia/Jakarta
2026-01-20 12:00:00,30.12,74.2,2.65,47.1,6.21,29.01,48.55,-6.904628,107.631302,Asia/Jakarta
2026-01-20 15:00:00,29.24,80.2,0.0,41.7,5.13,27.26,48.55,-6.904628,107.631302,Asia/Jakarta
2026-01-20 18:00:00,23.24,91.3,0.0,44.7,5.1,21.52,52.09,-6.904628,107.631302,Asia/Jakarta
2026-01-20 21:00:00,24.84,86.8,0.9,59.6,4.8,24.05,57.93,-6.904628,107.631302,Asia/Jakarta
2026-01-21 00:00:00,23.05,87.8,0.0,60.0,3.92,21.38,61.23,-6.904628,107.631302,Asia/Jakarta
2026-01-21 03:00:00,23.38,92.9,4.33,57.9,3.17,22.62,70.53,-6.904628,107.631302,Asia/Jakarta
2026-01-21 06:00:00,23.9,89.0,0.0,41.1,3.15,22.07,55.39,-6.904628,107.631302,Asia/Jakarta
2026-01-21 09:00:00,30.19,78.2,0.0,33.6,7.58,29.16,48.98,-6.904628,107.631302,Asia/Jakarta
2026-01-21 12:00:00,32.5,66.1,11.03,33.0,7.02,31.96,64.0,-6.904628,107.631302,Asia/Jakarta
2026-01-21 15:00:00,28.09,77.3,0.0,50.0,5.09,26.75,45.03,-6.904628,107.631302,Asia/Jakarta
2026-01-21 18:00:00,23.12,91.8,0.0,48.4,5.44,21.19,50.08,-6.904628,107.631302,Asia/Jakarta
2026-01-21 21:00:00,24.1,82.9,1.44,51.6,4.04,22.98,58.47,-6.904628,107.631302,Asia/Jakarta
2026-01-22 00:00:00,25.2,83.0,0.0,45.4,4.99,24.35,48.57,-6.904628,107.631302,Asia/Jakarta
2026-01-22 03:00:00,24.8,82.4,0.73,44.0,3.67,23.44,62.85,-6.904628,107.631302,Asia/Jakarta
2026-01-22 06:00:00,23.94,83.3,0.0,41.5,2.52,22.32,48.66,-6.904628,107.631302,Asia/Jakarta
2026-01-22 09:00:00,28.26,81.9,1.95,42.7,4.66,27.44,46.38,-6.904628,107.631302,Asia/Jakarta
2026-01-22 12:00:00,30.64,69.5,0.0,31.5,5.36,30.09,39.19,-6.904628,107.631302,Asia/Jakarta
2026-01-22 15:00:00,28.04,78.1,0.0,32.2,5.67,26.37,49.07,-6.904628,107.631302,Asia/Jakarta
2026-01-22 18:00:00,23.53,90.9,0.0,49.4,5.68,22.43,49.81,-6.904628,107.631302,Asia/Jakarta
2026-01-22 21:00:00,25.41,83.6,0.0,53.7,5.8,23.42,62.54,-6.904628,107.631302,Asia/Jakarta
2026-01-23 00:00:00,24.0,83.7,2.76,42.1,3.52,23.09,65.86,-6.904628,107.631302,Asia/Jakarta
2026-01-23 03:00:00,24.56,84.4,0.0,44.5,4.86,24.01,59.61,-6.904628,107.631302,Asia/Jakarta
2026-01-23 06:00:00,23.19,84.6,0.0,38.6,3.95,22.46,62.67,-6.904628,107.631302,Asia/Jakarta
2026-01-23 09:00:00,29.78,80.2,5.65,55.5,6.32,28.25,64.04,-6.904628,107.631302,Asia/Jakarta
2026-01-23 12:00:00,31.57,73.4,0.0,42.9,7.6,30.49,45.85,-6.904628,107.631302,Asia/Jakarta
2026-01-23 15:00:00,29.04,77.6,0.0,45.4,7.57,27.52,42.3,-6.904628,107.631302,Asia/Jakarta
2026-01-23 18:00:00,23.85,92.9,2.53,59.0,5.23,23.23,62.24,-6.904628,107.631302,Asia/Jakarta
2026-01-23 21:00:00,24.55,90.7,4.38,43.5,3.16,22.86,69.49,-6.904628,107.631302,Asia/Jakarta
2026-01-24 00:00:00,25.07,88.1,2.21,62.8,5.36,23.73,61.92,-6.904628,107.631302,Asia/Jakarta
2026-01-24 03:00:00,23.07,92.2,2.88,55.6,2.55,21.35,60.06,-6.904628,107.631302,Asia/Jakarta
2026-01-24 06:00:00,25.28,83.4,1.65,51.3,4.98,24.51,55.51,-6.904628,107.631302,Asia/Jakarta
2026-01-24 09:00:00,30.31,72.1,1.2,38.8,6.28,28.56,44.44,-6.904628,107.631302,Asia/Jakarta
2026-01-24 12:00:00,32.44,72.6,0.0,36.0,8.39,31.75,46.52,-6.904628,107.631302,Asia/Jakarta
2026-01-24 15:00:00,28.48,78.4,5.79,53.6,7.65,26.48,61.72,-6.904628,107.631302,Asia/Jakarta
2026-01-24 18:00:00,25.29,88.7,2.34,56.3,3.45,23.8,59.52,-6.904628,107.631302,Asia/Jakarta
2026-01-24 21:00:00,23.35,91.7,4.62,57.7,4.86,21.79,70.22,-6.904628,107.631302,Asia/Jakarta
2026-01-25 00:00:00,24.15,90.7,0.0,52.9,4.3,23.52,54.78,-6.904628,107.631302,Asia/Jakarta
2026-01-25 03:00:00,25.37,88.5,0.0,41.7,4.13,24.71,62.46,-6.904628,107.631302,Asia/Jakarta
2026-01-25 06:00:00,24.55,87.9,1.62,55.1,3.92,22.94,51.76,-6.904628,107.631302,Asia/Jakarta
2026-01-25 09:00:00,27.57,78.0,0.0,54.0,6.25,26.94,46.05,-6.904628,107.631302,Asia/Jakarta
2026-01-25 12:00:00,32.26,68.3,0.0,35.3,7.97,31.29,45.81,-6.904628,107.631302,Asia/Jakarta
2026-01-25 15:00:00,28.5,74.8,0.0,50.8,6.16,27.28,47.34,-6.904628,107.631302,Asia/Jakarta
2026-01-25 18:00:00,24.52,89.8,0.0,58.9,4.8,23.19,56.18,-6.904628,107.631302,Asia/Jakarta
2026-01-25 21:00:00,24.48,82.3,0.0,37.6,3.82,22.55,57.2,-6.904628,107.631302,Asia/Jakarta
2026-01-26 00:00:00,23.92,91.3,0.0,51.5,5.59,23.32,58.66,-6.904628,107.631302,Asia/Jakarta
2026-01-26 03:00:00,24.07,92.5,3.35,55.8,5.62,23.16,67.02,-6.904628,107.631302,Asia/Jakarta
2026-01-26 06:00:00,25.3,89.4,0.0,53.1,2.91,24.68,53.66,-6.904628,107.631302,Asia/Jakarta
2026-01-26 09:00:00,30.25,72.3,0.0,33.4,7.66,28.46,53.09,-6.904628,107.631302,Asia/Jakarta
2026-01-26 12:00:00,30.22,77.3,0.0,40.3,5.6,28.41,45.28,-6.904628,107.631302,Asia/Jakarta
2026-01-26 15:00:00,28.92,82.1,0.0,53.6,7.48,27.27,50.83,-6.904628,107.631302,Asia/Jakarta
2026-01-26 18:00:00,25.41,81.7,0.0,45.6,4.19,23.9,51.68,-6.904628,107.631302,Asia/Jakarta
2026-01-26 21:00:00,25.41,84.8,0.0,36.9,4.46,24.69,48.94,-6.904628,107.631302,Asia/Jakarta
2026-01-27 00:00:00,23.23,87.8,0.33,42.0,4.77,21.48,60.06,-6.904628,107.631302,Asia/Jakarta
2026-01-27 03:00:00,24.15,84.1,0.0,40.1,5.9,23.04,47.97,-6.904628,107.631302,Asia/Jakarta
2026-01-27 06:00:00,23.72,90.7,2.49,46.2,5.69,22.39,65.98,-6.904628,107.631302,Asia/Jakarta
2026-01-27 09:00:00,28.09,79.9,1.78,55.9,5.7,26.36,47.46,-6.904628,107.631302,Asia/Jakarta
2026-01-27 12:00:00,31.09,77.7,7.46,48.1,5.05,29.47,60.34,-6.904628,107.631302,Asia/Jakarta
2026-01-27 15:00:00,27.48,83.1,0.0,49.3,5.83,26.25,50.07,-6.904628,107.631302,Asia/Jakarta
2026-01-27 18:00:00,24.83,86.3,0.0,50.6,5.72,23.68,58.28,-6.904628,107.631302,Asia/Jakarta
2026-01-27 21:00:00,24.92,86.7,0.0,42.6,5.44,24.37,59.04,-6.904628,107.631302,Asia/Jakarta
2026-01-28 00:00:00,25.39,88.8,0.0,46.4,4.58,23.85,57.76,-6.904628,107.631302,Asia/Jakarta
2026-01-28 03:00:00,23.98,85.9,1.03,48.5,4.89,22.95,59.12,-6.904628,107.631302,Asia/Jakarta
2026-01-28 06:00:00,25.06,88.6,2.98,56.7,3.69,24.36,58.62,-6.904628,107.631302,Asia/Jakarta
2026-01-28 09:00:00,28.86,76.2,0.0,34.8,6.05,27.69,45.13,-6.904628,107.631302,Asia/Jakarta
2026-01-28 12:00:00,31.26,72.5,4.29,38.4,8.22,30.3,43.08,-6.904628,107.631302,Asia/Jakarta
2026-01-28 15:00:00,29.74,78.3,0.0,31.8,4.9,27.78,46.88,-6.904628,107.631302,Asia/Jakarta
2026-01-28 18:00:00,22.68,86.8,0.0,56.7,5.66,20.75,52.53,-6.904628,107.631302,Asia/Jakarta
2026-01-28 21:00:00,23.61,88.0,0.0,45.8,5.01,21.62,47.53,-6.904628,107.631302,Asia/Jakarta
2026-01-29 00:00:00,24.76,89.4,6.76,60.0,3.83,23.61,67.23,-6.904628,107.631302,Asia/Jakarta
2026-01-29 03:00:00,23.53,90.3,6.13,48.8,4.18,22.51,62.44,-6.904628,107.631302,Asia/Jakarta
2026-01-29 06:00:00,24.17,87.3,0.0,54.4,2.59,23.14,58.52,-6.904628,107.631302,Asia/Jakarta
2026-01-29 09:00:00,29.96,72.4,0.0,41.7,6.37,29.26,40.44,-6.904628,107.631302,Asia/Jakarta
2026-01-29 12:00:00,30.8,70.7,3.17,28.9,8.3,30.06,51.13,-6.904628,107.631302,Asia/Jakarta
2026-01-29 15:00:00,30.29,74.8,0.0,38.0,7.18,29.04,50.12,-6.904628,107.631302,Asia/Jakarta
2026-01-29 18:00:00,23.03,88.2,3.53,54.1,3.32,21.82,58.44,-6.904628,107.631302,Asia/Jakarta
2026-01-29 21:00:00,24.8,88.1,7.45,61.4,4.93,23.32,68.39,-6.904628,107.631302,Asia/Jakarta
2026-01-30 00:00:00,23.25,93.3,3.12,50.2,3.43,21.42,56.92,-6.904628,107.631302,Asia/Jakarta
2026-01-30 03:00:00,23.09,85.9,0.0,53.0,4.3,22.04,55.53,-6.904628,107.631302,Asia/Jakarta
2026-01-30 06:00:00,24.4,91.6,0.0,46.7,5.62,23.88,57.01,-6.904628,107.631302,Asia/Jakarta
2026-01-30 09:00:00,28.84,77.0,0.0,43.2,6.51,26.94,43.05,-6.904628,107.631302,Asia/Jakarta
2026-01-30 12:00:00,31.53,71.8,0.0,33.9,6.89,30.05,47.3,-6.904628,107.631302,Asia/Jakarta
2026-01-30 15:00:00,28.61,76.8,3.82,45.8,6.82,27.96,56.56,-6.904628,107.631302,Asia/Jakarta
2026-01-30 18:00:00,23.97,89.8,7.62,60.8,4.84,23.42,70.73,-6.904628,107.631302,Asia/Jakarta
2026-01-30 21:00:00,23.12,86.1,14.75,57.9,5.89,21.98,92.0,-6.904628,107.631302,Asia/Jakarta
2026-01-31 00:00:00,24.09,88.8,0.0,47.1,4.34,22.63,55.9,-6.904628,107.631302,Asia/Jakarta
2026-01-31 03:00:00,24.22,84.6,0.0,47.5,4.14,22.71,61.66,-6.904628,107.631302,Asia/Jakarta
2026-01-31 06:00:00,25.09,87.3,4.06,41.2,3.33,23.82,57.45,-6.904628,107.631302,Asia/Jakarta
2026-01-31 09:00:00,29.72,79.0,4.91,41.1,5.54,28.2,49.19,-6.904628,107.631302,Asia/Jakarta
2026-01-31 12:00:00,29.59,74.4,0.0,35.9,8.19,28.48,43.39,-6.904628,107.631302,Asia/Jakarta
2026-01-31 15:00:00,29.46,71.7,6.0,39.2,5.31,28.82,56.98,-6.904628,107.631302,Asia/Jakarta
2026-01-31 18:00:00,23.39,89.8,7.57,58.0,3.0,21.81,72.99,-6.904628,107.631302,Asia/Jakarta
2026-01-31 21:00:00,22.77,92.7,6.88,50.2,3.59,21.7,75.84,-6.904628,107.631302,Asia/Jakarta
2026-02-01 00:00:00,22.96,88.2,2.06,53.8,5.68,22.15,58.6,-6.904628,107.631302,Asia/Jakarta
2026-02-01 03:00:00,24.53,85.8,4.27,52.2,3.68,24.02,65.94,-6.904628,107.631302,Asia/Jakarta
2026-02-01 06:00:00,24.17,85.9,6.91,56.8,3.77,22.69,74.66,-6.904628,107.631302,Asia/Jakarta
2026-02-01 09:00:00,28.04,79.0,8.67,43.3,4.46,27.41,67.99,-6.904628,107.631302,Asia/Jakarta
2026-02-01 12:00:00,31.49,74.4,0.0,49.1,6.33,29.96,39.02,-6.904628,107.631302,Asia/Jakarta
2026-02-01 15:00:00,30.37,72.9,0.0,34.3,4.98,29.59,48.37,-6.904628,107.631302,Asia/Jakarta
2026-02-01 18:00:00,25.34,82.0,2.98,56.1,4.47,24.74,63.13,-6.904628,107.631302,Asia/Jakarta
2026-02-01 21:00:00,24.5,81.8,4.19,36.1,4.61,23.22,61.06,-6.904628,107.631302,Asia/Jakarta
2026-02-02 00:00:00,23.69,93.2,4.55,45.7,5.92,22.57,68.94,-6.904628,107.631302,Asia/Jakarta
2026-02-02 03:00:00,23.41,91.6,3.44,62.2,4.5,21.92,65.62,-6.904628,107.631302,Asia/Jakarta
2026-02-02 06:00:00,24.04,88.9,4.11,56.0,4.2,23.45,62.93,-6.904628,107.631302,Asia/Jakarta
2026-02-02 09:00:00,29.9,77.1,0.0,43.5,7.48,27.99,41.78,-6.904628,107.631302,Asia/Jakarta
2026-02-02 12:00:00,31.62,73.4,0.0,40.7,5.05,30.39,38.6,-6.904628,107.631302,Asia/Jakarta
2026-02-02 15:00:00,28.19,76.7,0.0,39.2,5.32,26.5,51.73,-6.904628,107.631302,Asia/Jakarta
2026-02-02 18:00:00,24.57,91.3,0.0,56.2,5.59,22.89,58.91,-6.904628,107.631302,Asia/Jakarta
2026-02-02 21:00:00,25.33,83.3,0.0,47.3,4.81,24.32,53.22,-6.904628,107.631302,Asia/Jakarta
2026-02-03 00:00:00,25.46,85.3,0.0,47.9,3.56,24.83,54.19,-6.904628,107.631302,Asia/Jakarta
2026-02-03 03:00:00,24.09,90.2,0.0,54.2,3.46,23.05,60.04,-6.904628,107.631302,Asia/Jakarta
2026-02-03 06:00:00,24.32,86.2,20.68,45.8,2.64,23.33,92.0,-6.904628,107.631302,Asia/Jakarta
2026-02-03 09:00:00,27.9,75.1,0.0,47.7,7.17,26.81,43.34,-6.904628,107.631302,Asia/Jakarta
2026-02-03 12:00:00,31.32,73.8,2.89,32.2,7.71,30.45,43.07,-6.904628,107.631302,Asia/Jakarta
2026-02-03 15:00:00,28.67,76.3,3.07,52.2,4.63,28.12,49.55,-6.904628,107.631302,Asia/Jakarta
2026-02-03 18:00:00,23.21,89.0,0.0,41.1,3.23,22.08,60.88,-6.904628,107.631302,Asia/Jakarta
2026-02-03 21:00:00,23.37,88.4,0.64,62.1,2.71,22.48,56.04,-6.904628,107.631302,Asia/Jakarta
2026-02-04 00:00:00,23.33,88.5,0.52,62.4,5.1,22.71,49.45,-6.904628,107.631302,Asia/Jakarta
2026-02-04 03:00:00,23.03,93.0,0.0,46.0,5.04,21.92,60.06,-6.904628,107.631302,Asia/Jakarta
2026-02-04 06:00:00,23.44,87.5,0.0,58.4,4.99,21.98,58.23,-6.904628,107.631302,Asia/Jakarta
2026-02-04 09:00:00,30.16,70.3,4.79,41.2,5.37,29.34,57.27,-6.904628,107.631302,Asia/Jakarta
2026-02-04 12:00:00,30.62,77.4,0.0,39.3,6.4,29.78,34.61,-6.904628,107.631302,Asia/Jakarta
2026-02-04 15:00:00,28.39,81.1,6.93,51.5,6.32,27.17,64.91,-6.904628,107.631302,Asia/Jakarta
2026-02-04 18:00:00,24.87,81.1,0.0,56.9,2.74,23.15,60.69,-6.904628,107.631302,Asia/Jakarta
2026-02-04 21:00:00,25.07,81.5,0.0,46.5,4.46,23.2,53.16,-6.904628,107.631302,Asia/Jakarta
2026-02-05 00:00:00,24.93,86.8,0.0,53.4,2.91,23.49,61.61,-6.904628,107.631302,Asia/Jakarta
2026-02-05 03:00:00,24.67,81.8,6.08,42.3,2.83,22.96,73.38,-6.904628,107.631302,Asia/Jakarta
2026-02-05 06:00:00,23.17,93.8,1.62,55.7,4.26,21.93,63.28,-6.904628,107.631302,Asia/Jakarta
2026-02-05 09:00:00,28.9,77.9,0.0,45.3,4.78,27.34,50.71,-6.904628,107.631302,Asia/Jakarta
2026-02-05 12:00:00,31.75,76.0,0.0,48.4,8.34,29.77,46.56,-6.904628,107.631302,Asia/Jakarta
2026-02-05 15:00:00,27.5,84.6,0.0,53.5,4.56,26.67,52.51,-6.904628,107.631302,Asia/Jakarta
2026-02-05 18:00:00,24.94,81.6,0.0,38.2,3.07,23.59,49.16,-6.904628,107.631302,Asia/Jakarta
2026-02-05 21:00:00,25.33,87.7,0.0,46.1,5.8,24.11,60.23,-6.904628,107.631302,Asia/Jakarta
2026-02-06 00:00:00,24.53,91.0,5.83,54.4,4.44,22.95,65.99,-6.904628,107.631302,Asia/Jakarta
2026-02-06 03:00:00,23.26,84.4,3.03,46.0,5.71,22.49,68.82,-6.904628,107.631302,Asia/Jakarta
2026-02-06 06:00:00,23.74,93.1,2.47,48.3,3.3,22.66,53.39,-6.904628,107.631302,Asia/Jakarta
2026-02-06 09:00:00,30.44,73.0,0.0,26.7,6.63,29.76,39.79,-6.904628,107.631302,Asia/Jakarta
2026-02-06 12:00:00,30.79,76.8,0.92,30.4,5.43,29.0,46.7,-6.904628,107.631302,Asia/Jakarta
2026-02-06 15:00:00,29.58,78.9,0.0,51.9,6.4,28.99,40.65,-6.904628,107.631302,Asia/Jakarta
2026-02-06 18:00:00,23.47,89.7,0.0,59.6,4.53,22.88,61.64,-6.904628,107.631302,Asia/Jakarta
2026-02-06 21:00:00,24.86,83.2,0.0,54.2,3.69,23.38,53.89,-6.904628,107.631302,Asia/Jakarta
2026-02-07 00:00:00,24.01,88.8,1.81,61.1,2.57,22.93,60.3,-6.904628,107.631302,Asia/Jakarta
2026-02-07 03:00:00,22.82,92.9,4.87,65.5,3.51,22.08,58.21,-6.904628,107.631302,Asia/Jakarta
2026-02-07 06:00:00,22.7,93.1,0.0,65.3,2.52,21.02,48.96,-6.904628,107.631302,Asia/Jakarta
2026-02-07 09:00:00,29.78,80.1,0.0,53.4,5.15,28.07,49.05,-6.904628,107.631302,Asia/Jakarta
2026-02-07 12:00:00,32.02,74.7,0.0,43.6,6.75,31.46,34.64,-6.904628,107.631302,Asia/Jakarta
2026-02-07 15:00:00,29.77,79.1,0.0,37.6,5.19,28.74,46.16,-6.904628,107.631302,Asia/Jakarta
2026-02-07 18:00:00,24.96,80.9,0.0,49.2,3.66,23.71,61.54,-6.904628,107.631302,Asia/Jakarta
2026-02-07 21:00:00,23.74,84.7,4.23,59.3,3.89,22.91,65.81,-6.904628,107.631302,Asia/Jakarta
2026-02-08 00:00:00,24.35,87.5,3.79,59.5,2.64,22.94,59.46,-6.904628,107.631302,Asia/Jakarta
2026-02-08 03:00:00,23.32,87.3,0.0,55.2,3.52,21.43,52.75,-6.904628,107.631302,Asia/Jakarta
2026-02-08 06:00:00,25.49,84.1,0.28,46.4,3.17,24.19,59.79,-6.904628,107.631302,Asia/Jakarta
2026-02-08 09:00:00,28.81,80.2,0.0,46.7,7.09,28.17,40.22,-6.904628,107.631302,Asia/Jakarta
2026-02-08 12:00:00,32.31,75.0,0.0,38.9,7.21,30.33,34.98,-6.904628,107.631302,Asia/Jakarta
2026-02-08 15:00:00,29.47,75.1,0.0,39.5,4.32,27.52,52.56,-6.904628,107.631302,Asia/Jakarta
2026-02-08 18:00:00,23.66,89.6,3.82,52.3,2.92,22.96,61.65,-6.904628,107.631302,Asia/Jakarta
2026-02-08 21:00:00,24.66,85.4,2.04,37.6,4.59,22.95,53.53,-6.904628,107.631302,Asia/Jakarta
2026-02-09 00:00:00,23.7,88.9,0.0,62.9,4.86,23.13,54.73,-6.904628,107.631302,Asia/Jakarta
2026-02-09 03:00:00,23.69,87.2,0.0,59.4,5.38,22.95,51.73,-6.904628,107.631302,Asia/Jakarta
2026-02-09 06:00:00,25.19,88.5,4.26,52.5,2.8,24.21,71.38,-6.904628,107.631302,Asia/Jakarta
2026-02-09 09:00:00,28.27,83.4,7.73,43.6,6.87,27.77,67.4,-6.904628,107.631302,Asia/Jakarta
2026-02-09 12:00:00,30.46,77.6,2.3,49.7,6.37,29.69,39.06,-6.904628,107.631302,Asia/Jakarta
2026-02-09 15:00:00,28.54,81.8,3.61,41.9,6.46,26.69,59.57,-6.904628,107.631302,Asia/Jakarta
2026-02-09 18:00:00,23.49,91.5,11.87,48.1,3.45,22.97,87.81,-6.904628,107.631302,Asia/Jakarta
2026-02-09 21:00:00,24.34,90.4,0.0,47.9,3.35,22.76,49.03,-6.904628,107.631302,Asia/Jakarta
2026-02-10 00:00:00,22.87,91.2,0.0,64.4,4.53,21.04,61.66,-6.904628,107.631302,Asia/Jakarta
2026-02-10 03:00:00,23.18,85.6,0.0,57.2,4.74,21.39,48.2,-6.904628,107.631302,Asia/Jakarta
2026-02-10 06:00:00,24.92,86.2,4.1,57.2,3.43,23.14,70.53,-6.904628,107.631302,Asia/Jakarta
2026-02-10 09:00:00,29.49,77.6,3.28,50.6,6.93,27.68,46.73,-6.904628,107.631302,Asia/Jakarta
2026-02-10 12:00:00,29.64,72.5,1.64,46.7,6.86,28.81,40.26,-6.904628,107.631302,Asia/Jakarta
2026-02-10 15:00:00,29.32,77.3,0.0,45.6,4.55,28.79,38.85,-6.904628,107.631302,Asia/Jakarta
2026-02-10 18:00:00,22.63,92.5,0.0,53.7,3.07,20.64,53.53,-6.904628,107.631302,Asia/Jakarta
2026-02-10 21:00:00,24.06,88.8,0.0,60.2,4.88,22.85,52.79,-6.904628,107.631302,Asia/Jakarta
2026-02-11 00:00:00,25.42,87.6,0.0,60.5,3.96,24.47,59.28,-6.904628,107.631302,Asia/Jakarta
2026-02-11 03:00:00,24.07,88.0,0.0,44.7,4.23,23.1,57.02,-6.904628,107.631302,Asia/Jakarta
2026-02-11 06:00:00,23.39,85.9,5.94,53.3,2.91,21.43,74.45,-6.904628,107.631302,Asia/Jakarta
2026-02-11 09:00:00,29.49,78.8,1.4,44.1,7.71,28.44,44.21,-6.904628,107.631302,Asia/Jakarta
2026-02-11 12:00:00,31.16,73.0,0.0,37.3,5.02,30.07,37.19,-6.904628,107.631302,Asia/Jakarta
2026-02-11 15:00:00,28.76,82.0,0.0,51.0,6.16,27.81,52.62,-6.904628,107.631302,Asia/Jakarta
2026-02-11 18:00:00,24.62,89.8,0.0,52.5,2.95,23.65,57.01,-6.904628,107.631302,Asia/Jakarta
2026-02-11 21:00:00,22.72,93.9,0.0,51.1,4.44,22.06,56.67,-6.904628,107.631302,Asia/Jakarta
2026-02-12 00:00:00,24.83,88.1,7.96,49.7,4.79,23.89,72.2,-6.904628,107.631302,Asia/Jakarta
2026-02-12 03:00:00,25.2,81.1,5.36,52.1,2.51,24.67,71.9,-6.904628,107.631302,Asia/Jakarta
2026-02-12 06:00:00,23.66,86.3,2.1,45.1,5.26,21.77,61.18,-6.904628,107.631302,Asia/Jakarta
2026-02-12 09:00:00,28.51,77.9,1.69,36.5,4.51,26.73,53.55,-6.904628,107.631302,Asia/Jakarta
2026-02-12 12:00:00,29.79,71.9,1.73,44.3,7.87,28.11,51.0,-6.904628,107.631302,Asia/Jakarta
2026-02-12 15:00:00,30.25,71.3,0.0,33.7,4.37,29.68,37.5,-6.904628,107.631302,Asia/Jakarta
2026-02-12 18:00:00,23.12,91.0,0.53,48.4,4.6,21.55,53.99,-6.904628,107.631302,Asia/Jakarta
2026-02-12 21:00:00,24.6,89.7,0.0,58.9,5.07,23.96,55.38,-6.904628,107.631302,Asia/Jakarta
2026-02-13 00:00:00,25.3,85.2,0.0,38.5,5.76,24.62,61.12,-6.904628,107.631302,Asia/Jakarta
2026-02-13 03:00:00,24.22,83.9,4.71,50.4,4.03,22.95,72.05,-6.904628,107.631302,Asia/Jakarta
2026-02-13 06:00:00,23.97,85.7,0.0,58.6,3.24,23.22,48.88,-6.904628,107.631302,Asia/Jakarta
2026-02-13 09:00:00,28.14,80.1,0.33,38.5,7.35,26.96,38.05,-6.904628,107.631302,Asia/Jakarta
2026-02-13 12:00:00,31.56,76.7,0.0,46.3,8.07,29.86,41.41,-6.904628,107.631302,Asia/Jakarta
2026-02-13 15:00:00,29.12,75.2,0.0,38.5,5.16,28.28,44.45,-6.904628,107.631302,Asia/Jakarta
2026-02-13 18:00:00,23.65,92.1,3.12,67.7,2.54,22.48,64.62,-6.904628,107.631302,Asia/Jakarta
2026-02-13 21:00:00,25.39,81.3,0.0,53.8,3.04,24.62,60.85,-6.904628,107.631302,Asia/Jakarta
2026-02-14 00:00:00,24.56,87.0,0.0,41.9,3.24,23.44,60.7,-6.904628,107.631302,Asia/Jakarta
2026-02-14 03:00:00,25.38,81.6,2.96,46.9,4.04,23.81,60.34,-6.904628,107.631302,Asia/Jakarta
2026-02-14 06:00:00,23.15,86.7,0.0,59.1,5.03,21.77,52.76,-6.904628,107.631302,Asia/Jakarta
2026-02-14 09:00:00,29.97,76.0,2.56,43.9,5.68,28.87,53.29,-6.904628,107.631302,Asia/Jakarta
2026-02-14 12:00:00,32.16,71.1,4.68,46.8,5.71,31.27,53.75,-6.904628,107.631302,Asia/Jakarta
2026-02-14 15:00:00,30.45,74.5,0.0,43.9,7.77,28.5,38.57,-6.904628,107.631302,Asia/Jakarta
2026-02-14 18:00:00,24.47,91.6,2.1,62.8,3.04,23.8,55.8,-6.904628,107.631302,Asia/Jakarta
2026-02-14 21:00:00,25.12,87.9,0.0,51.2,4.16,24.16,58.32,-6.904628,107.631302,Asia/Jakarta
2026-01-01 00:00:00,24.63,90.9,3.82,61.8,5.82,23.1,56.92,-6.902445,107.611687,Asia/Jakarta
2026-01-01 03:00:00,24.68,87.2,0.0,61.4,5.37,23.12,59.9,-6.902445,107.611687,Asia/Jakarta
2026-01-01 06:00:00,24.22,84.9,7.96,38.7,4.51,23.56,67.67,-6.902445,107.611687,Asia/Jakarta
2026-01-01 09:00:00,29.74,74.8,5.09,48.7,6.28,28.64,51.13,-6.902445,107.611687,Asia/Jakarta
2026-01-01 12:00:00,30.78,73.5,0.0,37.2,6.26,30.18,41.94,-6.902445,107.611687,Asia/Jakarta
2026-01-01 15:00:00,29.95,73.4,0.0,37.0,4.52,28.29,42.64,-6.902445,107.611687,Asia/Jakarta
2026-01-01 18:00:00,25.49,79.9,0.0,45.1,3.54,24.25,53.92,-6.902445,107.611687,Asia/Jakarta
2026-01-01 21:00:00,22.89,87.1,0.0,53.7,4.22,21.85,53.5,-6.902445,107.611687,Asia/Jakarta
2026-01-02 00:00:00,22.58,86.7,0.0,40.7,3.67,22.08,55.41,-6.902445,107.611687,Asia/Jakarta
2026-01-02 03:00:00,23.35,91.7,2.38,53.6,4.66,22.46,64.37,-6.902445,107.611687,Asia/Jakarta
2026-01-02 06:00:00,24.26,82.4,0.0,34.5,5.83,22.35,48.56,-6.902445,107.611687,Asia/Jakarta
2026-01-02 09:00:00,29.78,79.7,0.0,37.7,6.39,28.34,42.09,-6.902445,107.611687,Asia/Jakarta
2026-01-02 12:00:00,31.9,72.2,3.35,47.2,8.17,30.41,43.96,-6.902445,107.611687,Asia/Jakarta
2026-01-02 15:00:00,27.53,79.9,2.56,54.5,6.6,26.76,48.93,-6.902445,107.611687,Asia/Jakarta
2026-01-02 18:00:00,22.61,92.5,0.0,47.3,5.17,21.46,54.33,-6.902445,107.611687,Asia/Jakarta
2026-01-02 21:00:00,23.17,86.3,0.0,47.0,4.49,22.43,54.02,-6.902445,107.611687,Asia/Jakarta
2026-01-03 00:00:00,23.3,87.9,2.93,63.5,5.45,22.26,63.78,-6.902445,107.611687,Asia/Jakarta
2026-01-03 03:00:00,24.55,87.8,0.0,43.6,4.13,23.02,48.9,-6.902445,107.611687,Asia/Jakarta
2026-01-03 06:00:00,23.42,90.2,3.91,62.2,4.25,22.65,65.61,-6.902445,107.611687,Asia/Jakarta
2026-01-03 09:00:00,29.96,74.4,0.0,46.0,6.05,28.63,43.6,-6.902445,107.611687,Asia/Jakarta
2026-01-03 12:00:00,31.11,74.3,0.0,39.5,5.12,30.09,45.1,-6.902445,107.611687,Asia/Jakarta
2026-01-03 15:00:00,29.26,73.7,0.0,34.1,7.66,27.54,50.89,-6.902445,107.611687,Asia/Jakarta
2026-01-03 18:00:00,24.99,83.7,0.0,40.8,3.18,24.08,60.69,-6.902445,107.611687,Asia/Jakarta
2026-01-03 21:00:00,25.15,80.9,0.88,42.1,3.88,24.01,56.82,-6.902445,107.611687,Asia/Jakarta
2026-01-04 00:00:00,24.91,89.6,0.0,55.9,5.29,23.63,58.77,-6.902445,107.611687,Asia/Jakarta
2026-01-04 03:00:00,24.47,85.7,0.0,52.5,4.72,22.85,62.56,-6.902445,107.611687,Asia/Jakarta
2026-01-04 06:00:00,23.55,92.2,0.67,63.6,5.49,21.75,62.99,-6.902445,107.611687,Asia/Jakarta
2026-01-04 09:00:00,29.39,78.6,1.52,33.8,5.54,28.64,47.53,-6.902445,107.611687,Asia/Jakarta
2026-01-04 12:00:00,31.44,72.8,0.0,31.3,6.83,29.62,39.37,-6.902445,107.611687,Asia/Jakarta
2026-01-04 15:00:00,29.37,74.1,4.84,47.2,7.08,28.04,53.34,-6.902445,107.611687,Asia/Jakarta
2026-01-04 18:00:00,25.33,87.7,5.33,51.3,3.3,23.73,62.18,-6.902445,107.611687,Asia/Jakarta
2026-01-04 21:00:00,23.62,87.6,0.0,44.2,2.92,22.55,53.51,-6.902445,107.611687,Asia/Jakarta
2026-01-05 00:00:00,25.43,85.0,5.9,53.8,5.23,24.24,67.58,-6.902445,107.611687,Asia/Jakarta
2026-01-05 03:00:00,22.67,93.6,1.57,52.2,5.03,21.9,56.64,-6.902445,107.611687,Asia/Jakarta
2026-01-05 06:00:00,25.47,82.3,3.59,35.0,5.31,24.36,68.97,-6.902445,107.611687,Asia/Jakarta
2026-01-05 09:00:00,29.0,81.0,0.0,43.8,4.99,27.11,51.35,-6.902445,107.611687,Asia/Jakarta
2026-01-05 12:00:00,30.9,74.8,0.0,33.2,7.76,29.11,47.41,-6.902445,107.611687,Asia/Jakarta
2026-01-05 15:00:00,29.69,73.3,0.0,45.8,7.43,28.01,40.25,-6.902445,107.611687,Asia/Jakarta
2026-01-05 18:00:00,24.36,84.7,2.44,44.7,2.69,22.99,67.65,-6.902445,107.611687,Asia/Jakarta
2026-01-05 21:00:00,24.95,81.5,3.02,54.5,4.7,23.73,60.62,-6.902445,107.611687,Asia/Jakarta
2026-01-06 00:00:00,24.1,89.4,2.4,55.7,3.55,22.71,60.56,-6.902445,107.611687,Asia/Jakarta
2026-01-06 03:00:00,23.88,88.7,4.08,52.0,5.99,23.35,69.78,-6.902445,107.611687,Asia/Jakarta
2026-01-06 06:00:00,22.76,87.9,1.89,61.3,4.79,20.84,55.47,-6.902445,107.611687,Asia/Jakarta
2026-01-06 09:00:00,29.03,74.3,0.0,34.5,7.46,27.38,47.8,-6.902445,107.611687,Asia/Jakarta
2026-01-06 12:00:00,31.56,71.0,0.0,27.5,7.54,30.35,46.77,-6.902445,107.611687,Asia/Jakarta
2026-01-06 15:00:00,28.75,77.5,0.0,41.1,7.47,26.83,45.77,-6.902445,107.611687,Asia/Jakarta
2026-01-06 18:00:00,25.32,86.0,0.0,43.8,5.73,23.97,60.8,-6.902445,107.611687,Asia/Jakarta
2026-01-06 21:00:00,22.88,90.1,0.0,48.2,4.56,20.94,62.45,-6.902445,107.611687,Asia/Jakarta
2026-01-07 00:00:00,22.81,92.7,0.0,49.6,4.24,21.64,61.96,-6.902445,107.611687,Asia/Jakarta
2026-01-07 03:00:00,23.5,90.8,7.37,61.5,4.53,22.06,75.35,-6.902445,107.611687,Asia/Jakarta
2026-01-07 06:00:00,24.76,89.7,0.0,50.4,5.37,23.52,51.28,-6.902445,107.611687,Asia/Jakarta
2026-01-07 09:00:00,30.35,74.7,0.0,45.0,5.32,29.44,45.6,-6.902445,107.611687,Asia/Jakarta
2026-01-07 12:00:00,32.41,73.2,0.0,30.7,7.69,31.26,40.4,-6.902445,107.611687,Asia/Jakarta
2026-01-07 15:00:00,30.05,76.7,7.41,45.3,5.29,29.35,57.6,-6.902445,107.611687,Asia/Jakarta
2026-01-07 18:00:00,23.05,85.4,4.74,37.6,4.08,21.8,71.33,-6.902445,107.611687,Asia/Jakarta
2026-01-07 21:00:00,24.88,88.8,6.79,60.1,5.09,23.64,63.26,-6.902445,107.611687,Asia/Jakarta
2026-01-08 00:00:00,24.06,90.1,0.84,54.2,3.41,23.5,53.12,-6.902445,107.611687,Asia/Jakarta
2026-01-08 03:00:00,24.19,88.1,0.0,47.7,3.25,23.41,50.2,-6.902445,107.611687,Asia/Jakarta
2026-01-08 06:00:00,24.38,86.6,7.66,59.9,5.46,23.65,77.05,-6.902445,107.611687,Asia/Jakarta
2026-01-08 09:00:00,29.31,79.5,0.0,34.4,4.99,28.75,51.69,-6.902445,107.611687,Asia/Jakarta
2026-01-08 12:00:00,29.89,79.9,4.41,47.7,5.69,28.49,43.04,-6.902445,107.611687,Asia/Jakarta
2026-01-08 15:00:00,30.12,79.0,0.0,39.6,5.5,28.16,52.61,-6.902445,107.611687,Asia/Jakarta
2026-01-08 18:00:00,22.59,91.7,0.0,58.0,3.46,22.0,59.72,-6.902445,107.611687,Asia/Jakarta
2026-01-08 21:00:00,23.04,89.4,1.99,63.6,3.01,21.63,66.97,-6.902445,107.611687,Asia/Jakarta
2026-01-09 00:00:00,23.15,90.2,1.82,64.3,3.52,21.65,54.21,-6.902445,107.611687,Asia/Jakarta
2026-01-09 03:00:00,24.1,89.6,0.0,59.8,3.85,22.38,55.27,-6.902445,107.611687,Asia/Jakarta
2026-01-09 06:00:00,22.67,90.9,0.0,45.9,4.48,22.08,61.56,-6.902445,107.611687,Asia/Jakarta
2026-01-09 09:00:00,30.33,72.5,0.0,31.4,7.47,28.7,42.84,-6.902445,107.611687,Asia/Jakarta
2026-01-09 12:00:00,30.96,72.7,0.0,29.6,8.29,29.21,35.41,-6.902445,107.611687,Asia/Jakarta
2026-01-09 15:00:00,28.44,80.3,0.0,38.0,5.58,27.7,38.45,-6.902445,107.611687,Asia/Jakarta
2026-01-09 18:00:00,22.94,91.8,0.0,62.2,4.03,22.24,51.39,-6.902445,107.611687,Asia/Jakarta
2026-01-09 21:00:00,23.57,93.3,9.45,57.4,3.77,22.04,78.13,-6.902445,107.611687,Asia/Jakarta
2026-01-10 00:00:00,24.82,88.9,5.96,56.8,5.67,23.96,69.58,-6.902445,107.611687,Asia/Jakarta
2026-01-10 03:00:00,25.31,81.3,0.0,43.4,5.41,24.36,52.25,-6.902445,107.611687,Asia/Jakarta
2026-01-10 06:00:00,24.73,85.8,0.0,40.3,2.55,23.78,58.34,-6.902445,107.611687,Asia/Jakarta
2026-01-10 09:00:00,29.11,77.9,0.0,32.7,5.41,27.75,37.59,-6.902445,107.611687,Asia/Jakarta
2026-01-10 12:00:00,31.46,70.0,2.96,39.1,8.21,29.56,39.94,-6.902445,107.611687,Asia/Jakarta
2026-01-10 15:00:00,28.69,82.3,0.83,42.6,6.71,27.87,51.3,-6.902445,107.611687,Asia/Jakarta
2026-01-10 18:00:00,25.08,85.6,7.92,39.5,5.15,24.35,66.57,-6.902445,107.611687,Asia/Jakarta
2026-01-10 21:00:00,23.82,86.5,0.0,49.2,4.7,22.91,61.94,-6.902445,107.611687,Asia/Jakarta
2026-01-11 00:00:00,24.22,84.1,0.0,42.9,2.94,23.5,55.23,-6.902445,107.611687,Asia/Jakarta
2026-01-11 03:00:00,23.37,90.0,1.21,61.5,4.14,22.13,50.28,-6.902445,107.611687,Asia/Jakarta
2026-01-11 06:00:00,24.63,90.2,2.48,63.6,3.49,23.28,65.77,-6.902445,107.611687,Asia/Jakarta
2026-01-11 09:00:00,29.66,75.5,0.0,33.9,7.39,28.96,44.08,-6.902445,107.611687,Asia/Jakarta
2026-01-11 12:00:00,31.53,70.4,0.0,32.5,5.41,30.15,38.28,-6.902445,107.611687,Asia/Jakarta
2026-01-11 15:00:00,28.48,73.7,0.0,29.7,5.83,26.79,47.09,-6.902445,107.611687,Asia/Jakarta
2026-01-11 18:00:00,23.63,84.8,0.0,40.5,3.04,22.4,49.36,-6.902445,107.611687,Asia/Jakarta
2026-01-11 21:00:00,23.58,91.7,0.0,66.3,5.82,22.78,58.09,-6.902445,107.611687,Asia/Jakarta
2026-01-12 00:00:00,22.81,94.4,2.96,61.7,3.69,21.81,68.88,-6.902445,107.611687,Asia/Jakarta
2026-01-12 03:00:00,23.22,87.3,0.0,47.9,5.61,22.07,52.82,-6.902445,107.611687,Asia/Jakarta
2026-01-12 06:00:00,23.06,86.0,0.0,61.8,4.82,21.37,50.26,-6.902445,107.611687,Asia/Jakarta
2026-01-12 09:00:00,30.23,74.5,0.0,49.8,5.72,28.5,37.96,-6.902445,107.611687,Asia/Jakarta
2026-01-12 12:00:00,31.34,75.0,0.0,34.2,7.03,30.21,33.48,-6.902445,107.611687,Asia/Jakarta
2026-01-12 15:00:00,29.6,74.0,1.79,27.9,7.46,28.26,51.93,-6.902445,107.611687,Asia/Jakarta
2026-01-12 18:00:00,24.8,82.1,2.85,51.3,3.31,23.72,59.53,-6.902445,107.611687,Asia/Jakarta
2026-01-12 21:00:00,22.64,95.0,3.32,63.4,2.74,22.08,65.18,-6.902445,107.611687,Asia/Jakarta
2026-01-13 00:00:00,24.23,92.0,2.81,56.4,3.73,22.26,64.05,-6.902445,107.611687,Asia/Jakarta
2026-01-13 03:00:00,22.6,89.5,4.23,59.8,2.77,20.84,58.03,-6.902445,107.611687,Asia/Jakarta
2026-01-13 06:00:00,23.02,86.5,9.69,45.3,4.98,21.42,79.29,-6.902445,107.611687,Asia/Jakarta
2026-01-13 09:00:00,29.57,80.5,0.0,42.9,4.42,28.07,51.65,-6.902445,107.611687,Asia/Jakarta
2026-01-13 12:00:00,32.17,71.1,0.0,38.4,8.3,31.57,48.91,-6.902445,107.611687,Asia/Jakarta
2026-01-13 15:00:00,29.05,74.3,0.0,33.4,5.84,27.41,38.69,-6.902445,107.611687,Asia/Jakarta
2026-01-13 18:00:00,24.82,85.4,0.0,43.4,5.58,23.21,59.87,-6.902445,107.611687,Asia/Jakarta
2026-01-13 21:00:00,24.13,85.5,0.88,54.3,3.15,22.98,61.19,-6.902445,107.611687,Asia/Jakarta
2026-01-14 00:00:00,23.94,84.4,3.76,56.0,5.47,22.47,59.39,-6.902445,107.611687,Asia/Jakarta
2026-01-14 03:00:00,23.08,91.6,0.0,47.6,5.37,21.92,53.5,-6.902445,107.611687,Asia/Jakarta
2026-01-14 06:00:00,24.85,84.3,0.0,38.5,4.16,23.9,60.2,-6.902445,107.611687,Asia/Jakarta
2026-01-14 09:00:00,29.28,73.4,0.0,34.7,4.58,28.39,52.02,-6.902445,107.611687,Asia/Jakarta
2026-01-14 12:00:00,31.95,68.3,0.0,39.3,6.17,30.96,34.47,-6.902445,107.611687,Asia/Jakarta
2026-01-14 15:00:00,29.87,74.5,1.23,42.2,5.24,28.43,54.87,-6.902445,107.611687,Asia/Jakarta
2026-01-14 18:00:00,24.88,86.8,0.0,39.1,4.48,23.23,53.0,-6.902445,107.611687,Asia/Jakarta
2026-01-14 21:00:00,24.27,86.1,0.0,54.2,2.72,22.78,61.36,-6.902445,107.611687,Asia/Jakarta
2026-01-15 00:00:00,24.11,91.0,0.0,56.8,3.35,22.67,59.35,-6.902445,107.611687,Asia/Jakarta
2026-01-15 03:00:00,25.14,81.8,0.0,43.0,3.15,23.94,47.84,-6.902445,107.611687,Asia/Jakarta
2026-01-15 06:00:00,23.19,91.6,0.79,62.1,3.85,22.39,60.13,-6.902445,107.611687,Asia/Jakarta
2026-01-15 09:00:00,28.69,82.1,0.0,51.1,7.64,27.82,45.03,-6.902445,107.611687,Asia/Jakarta
2026-01-15 12:00:00,32.28,73.3,0.0,33.1,7.8,30.77,47.23,-6.902445,107.611687,Asia/Jakarta
2026-01-15 15:00:00,28.8,76.7,0.0,48.4,7.7,27.61,50.31,-6.902445,107.611687,Asia/Jakarta
2026-01-15 18:00:00,23.66,90.3,6.44,43.6,2.73,21.78,72.92,-6.902445,107.611687,Asia/Jakarta
2026-01-15 21:00:00,24.41,86.7,0.0,48.9,5.79,22.46,51.22,-6.902445,107.611687,Asia/Jakarta
2026-01-16 00:00:00,25.25,81.8,0.0,34.7,3.39,24.46,53.95,-6.902445,107.611687,Asia/Jakarta
2026-01-16 03:00:00,23.25,86.9,4.0,39.9,2.81,22.11,66.76,-6.902445,107.611687,Asia/Jakarta
2026-01-16 06:00:00,23.25,91.5,0.74,64.3,3.37,21.89,49.95,-6.902445,107.611687,Asia/Jakarta
2026-01-16 09:00:00,29.16,77.2,0.0,45.3,7.08,27.72,43.64,-6.902445,107.611687,Asia/Jakarta
2026-01-16 12:00:00,30.21,72.9,2.85,45.4,6.9,28.22,49.28,-6.902445,107.611687,Asia/Jakarta
2026-01-16 15:00:00,30.19,78.1,0.0,47.2,7.52,29.07,51.49,-6.902445,107.611687,Asia/Jakarta
2026-01-16 18:00:00,25.49,81.5,0.0,45.3,5.01,24.79,59.47,-6.902445,107.611687,Asia/Jakarta
2026-01-16 21:00:00,23.11,85.6,0.0,47.3,5.1,21.16,55.09,-6.902445,107.611687,Asia/Jakarta
2026-01-17 00:00:00,24.71,86.2,1.52,39.1,4.61,23.69,58.8,-6.902445,107.611687,Asia/Jakarta
2026-01-17 03:00:00,25.2,86.8,2.93,58.8,5.41,23.77,59.95,-6.902445,107.611687,Asia/Jakarta
2026-01-17 06:00:00,22.56,94.3,0.0,57.6,3.73,21.92,56.93,-6.902445,107.611687,Asia/Jakarta
2026-01-17 09:00:00,27.79,77.7,0.0,37.3,7.14,25.88,37.82,-6.902445,107.611687,Asia/Jakarta
2026-01-17 12:00:00,29.52,76.1,0.0,45.6,6.28,28.38,36.53,-6.902445,107.611687,Asia/Jakarta
2026-01-17 15:00:00,27.48,83.0,0.0,56.5,4.65,26.3,45.9,-6.902445,107.611687,Asia/Jakarta
2026-01-17 18:00:00,23.52,93.2,5.46,64.9,5.99,21.77,62.84,-6.902445,107.611687,Asia/Jakarta
2026-01-17 21:00:00,22.63,88.1,5.08,54.8,3.37,21.51,59.57,-6.902445,107.611687,Asia/Jakarta
2026-01-18 00:00:00,23.73,87.3,2.42,40.4,3.91,21.78,66.79,-6.902445,107.611687,Asia/Jakarta
2026-01-18 03:00:00,23.52,84.0,6.65,54.3,3.64,22.39,67.04,-6.902445,107.611687,Asia/Jakarta
2026-01-18 06:00:00,25.32,89.0,8.38,57.2,5.62,24.6,77.39,-6.902445,107.611687,Asia/Jakarta
2026-01-18 09:00:00,29.62,72.1,0.0,24.3,7.43,27.75,50.63,-6.902445,107.611687,Asia/Jakarta
2026-01-18 12:00:00,32.27,70.9,0.0,23.9,6.12,30.61,48.31,-6.902445,107.611687,Asia/Jakarta
2026-01-18 15:00:00,30.36,70.3,0.0,34.8,5.86,29.56,48.11,-6.902445,107.611687,Asia/Jakarta
2026-01-18 18:00:00,23.04,87.2,5.53,58.4,5.31,21.16,71.33,-6.902445,107.611687,Asia/Jakarta
2026-01-18 21:00:00,22.55,94.5,2.09,53.0,4.54,21.93,56.71,-6.902445,107.611687,Asia/Jakarta
2026-01-19 00:00:00,25.11,83.8,0.0,55.4,4.54,23.32,50.01,-6.902445,107.611687,Asia/Jakarta
2026-01-19 03:00:00,24.62,83.8,3.01,39.3,4.89,23.33,60.22,-6.902445,107.611687,Asia/Jakarta
2026-01-19 06:00:00,23.5,93.1,9.48,53.1,2.59,22.55,79.39,-6.902445,107.611687,Asia/Jakarta
2026-01-19 09:00:00,30.02,76.7,0.0,30.2,6.17,29.04,37.62,-6.902445,107.611687,Asia/Jakarta
2026-01-19 12:00:00,29.65,73.1,0.0,32.0,7.53,28.52,36.59,-6.902445,107.611687,Asia/Jakarta
2026-01-19 15:00:00,29.74,70.8,0.0,34.4,6.72,28.19,40.2,-6.902445,107.611687,Asia/Jakarta
2026-01-19 18:00:00,22.66,91.4,2.57,56.4,3.92,21.81,68.51,-6.902445,107.611687,Asia/Jakarta
2026-01-19 21:00:00,25.29,80.4,5.09,47.9,4.12,23.67,71.45,-6.902445,107.611687,Asia/Jakarta
2026-01-20 00:00:00,23.82,84.3,0.0,40.7,5.56,21.97,49.71,-6.902445,107.611687,Asia/Jakarta
2026-01-20 03:00:00,25.0,82.9,0.0,40.0,5.37,24.37,58.92,-6.902445,107.611687,Asia/Jakarta
2026-01-20 06:00:00,24.43,90.4,0.0,51.4,4.09,23.36,56.68,-6.902445,107.611687,Asia/Jakarta
2026-01-20 09:00:00,28.51,74.3,1.77,49.1,6.68,27.97,50.0,-6.902445,107.611687,Asia/Jakarta
2026-01-20 12:00:00,31.6,76.6,0.0,45.1,8.12,29.94,42.43,-6.902445,107.611687,Asia/Jakarta
2026-01-20 15:00:00,29.27,77.2,0.0,35.2,5.98,27.44,40.49,-6.902445,107.611687,Asia/Jakarta
2026-01-20 18:00:00,23.36,89.1,0.0,53.6,3.4,22.28,51.8,-6.902445,107.611687,Asia/Jakarta
2026-01-20 21:00:00,24.61,89.5,0.0,48.6,3.74,23.0,49.39,-6.902445,107.611687,Asia/Jakarta
2026-01-21 00:00:00,24.21,91.7,6.68,52.5,4.24,23.14,76.74,-6.902445,107.611687,Asia/Jakarta
2026-01-21 03:00:00,23.61,89.4,0.0,50.8,4.14,22.63,61.09,-6.902445,107.611687,Asia/Jakarta
2026-01-21 06:00:00,22.94,94.4,1.59,50.8,4.82,22.4,53.06,-6.902445,107.611687,Asia/Jakarta
2026-01-21 09:00:00,27.84,84.1,3.11,51.2,6.86,27.15,59.29,-6.902445,107.611687,Asia/Jakarta
2026-01-21 12:00:00,30.81,77.1,4.96,29.6,8.46,29.13,58.09,-6.902445,107.611687,Asia/Jakarta
2026-01-21 15:00:00,28.76,72.8,0.0,40.4,7.22,27.42,37.16,-6.902445,107.611687,Asia/Jakarta
2026-01-21 18:00:00,24.46,82.3,0.0,55.3,4.25,23.71,53.5,-6.902445,107.611687,Asia/Jakarta
2026-01-21 21:00:00,22.57,95.1,0.0,66.3,4.33,21.34,54.44,-6.902445,107.611687,Asia/Jakarta
2026-01-22 00:00:00,23.99,83.3,0.0,42.0,2.97,23.29,53.17,-6.902445,107.611687,Asia/Jakarta
2026-01-22 03:00:00,25.38,81.0,0.0,41.0,5.21,24.27,56.6,-6.902445,107.611687,Asia/Jakarta
2026-01-22 06:00:00,23.8,92.9,0.0,55.6,5.87,22.26,52.79,-6.902445,107.611687,Asia/Jakarta
2026-01-22 09:00:00,29.14,73.1,10.79,39.4,4.4,27.29,74.68,-6.902445,107.611687,Asia/Jakarta
2026-01-22 12:00:00,29.86,72.5,0.0,34.2,7.55,28.25,42.1,-6.902445,107.611687,Asia/Jakarta
2026-01-22 15:00:00,28.83,75.5,0.0,40.2,4.88,27.58,37.82,-6.902445,107.611687,Asia/Jakarta
2026-01-22 18:00:00,22.82,90.0,0.0,48.3,4.34,22.03,57.22,-6.902445,107.611687,Asia/Jakarta
2026-01-22 21:00:00,24.12,88.0,3.95,57.6,4.24,22.21,63.84,-6.902445,107.611687,Asia/Jakarta
2026-01-23 00:00:00,23.35,88.7,0.0,46.4,4.65,21.83,56.97,-6.902445,107.611687,Asia/Jakarta
2026-01-23 03:00:00,23.5,89.4,2.7,46.5,3.85,22.29,62.2,-6.902445,107.611687,Asia/Jakarta
2026-01-23 06:00:00,22.87,88.7,0.0,59.2,4.64,21.8,47.99,-6.902445,107.611687,Asia/Jakarta
2026-01-23 09:00:00,28.21,80.4,0.0,35.3,5.99,26.86,46.34,-6.902445,107.611687,Asia/Jakarta
2026-01-23 12:00:00,32.39,70.9,2.54,28.0,5.13,31.52,48.62,-6.902445,107.611687,Asia/Jakarta
2026-01-23 15:00:00,29.12,77.6,0.0,30.6,6.12,27.51,45.35,-6.902445,107.611687,Asia/Jakarta
2026-01-23 18:00:00,24.85,84.8,0.0,42.4,3.12,24.27,58.03,-6.902445,107.611687,Asia/Jakarta
2026-01-23 21:00:00,24.29,84.9,6.48,50.1,4.18,23.52,63.24,-6.902445,107.611687,Asia/Jakarta
2026-01-24 00:00:00,22.97,90.9,4.68,58.8,5.11,22.13,59.25,-6.902445,107.611687,Asia/Jakarta
2026-01-24 03:00:00,25.42,87.8,5.39,43.1,4.04,24.27,66.22,-6.902445,107.611687,Asia/Jakarta
2026-01-24 06:00:00,25.22,80.3,0.0,38.2,4.9,24.06,59.98,-6.902445,107.611687,Asia/Jakarta
2026-01-24 09:00:00,29.96,76.7,0.0,30.1,5.96,28.37,47.66,-6.902445,107.611687,Asia/Jakarta
2026-01-24 12:00:00,31.84,72.0,9.04,35.0,8.2,31.03,63.6,-6.902445,107.611687,Asia/Jakarta
2026-01-24 15:00:00,29.37,73.6,0.0,31.5,4.54,28.13,48.14,-6.902445,107.611687,Asia/Jakarta
2026-01-24 18:00:00,22.59,91.6,3.49,65.2,2.68,22.04,59.02,-6.902445,107.611687,Asia/Jakarta
2026-01-24 21:00:00,24.86,84.8,4.44,53.6,4.75,24.08,72.64,-6.902445,107.611687,Asia/Jakarta
2026-01-25 00:00:00,24.34,84.1,2.51,49.9,3.82,23.14,65.75,-6.902445,107.611687,Asia/Jakarta
2026-01-25 03:00:00,22.51,91.1,1.71,50.7,4.5,20.85,55.12,-6.902445,107.611687,Asia/Jakarta
2026-01-25 06:00:00,24.24,91.5,2.02,49.8,5.25,23.29,52.52,-6.902445,107.611687,Asia/Jakarta
2026-01-25 09:00:00,30.02,77.9,0.19,44.2,4.94,28.65,41.97,-6.902445,107.611687,Asia/Jakarta
2026-01-25 12:00:00,29.84,80.1,0.0,34.7,5.25,28.38,41.73,-6.902445,107.611687,Asia/Jakarta
2026-01-25 15:00:00,28.7,81.9,4.92,48.8,7.63,26.9,60.13,-6.902445,107.611687,Asia/Jakarta
2026-01-25 18:00:00,24.26,86.0,4.57,61.3,4.35,22.43,69.8,-6.902445,107.611687,Asia/Jakarta
2026-01-25 21:00:00,22.73,86.4,4.85,55.6,3.16,21.64,65.0,-6.902445,107.611687,Asia/Jakarta
2026-01-26 00:00:00,24.43,90.6,1.61,62.7,5.77,23.35,61.54,-6.902445,107.611687,Asia/Jakarta
2026-01-26 03:00:00,23.41,93.5,2.05,67.3,5.96,22.64,51.56,-6.902445,107.611687,Asia/Jakarta
2026-01-26 06:00:00,22.87,87.5,0.0,56.5,4.68,22.15,58.13,-6.902445,107.611687,Asia/Jakarta
2026-01-26 09:00:00,28.2,76.8,0.0,40.6,6.9,27.26,41.04,-6.902445,107.611687,Asia/Jakarta
2026-01-26 12:00:00,30.33,73.3,0.0,26.8,7.18,28.44,38.45,-6.902445,107.611687,Asia/Jakarta
2026-01-26 15:00:00,28.87,73.1,0.0,41.0,7.05,27.51,41.1,-6.902445,107.611687,Asia/Jakarta
2026-01-26 18:00:00,25.06,81.3,0.0,43.9,3.75,24.05,53.26,-6.902445,107.611687,Asia/Jakarta
2026-01-26 21:00:00,22.72,91.8,0.0,61.5,2.5,21.79,49.73,-6.902445,107.611687,Asia/Jakarta
2026-01-27 00:00:00,22.82,88.7,0.0,42.3,5.67,21.94,52.4,-6.902445,107.611687,Asia/Jakarta
2026-01-27 03:00:00,24.99,86.0,1.99,60.9,2.93,24.19,54.87,-6.902445,107.611687,Asia/Jakarta
2026-01-27 06:00:00,23.68,90.8,0.0,43.1,5.93,21.79,56.56,-6.902445,107.611687,Asia/Jakarta
2026-01-27 09:00:00,28.44,77.8,7.13,48.0,4.68,27.79,63.14,-6.902445,107.611687,Asia/Jakarta
2026-01-27 12:00:00,30.62,73.6,3.84,29.7,6.15,29.66,53.25,-6.902445,107.611687,Asia/Jakarta
2026-01-27 15:00:00,27.98,75.3,3.46,41.3,6.67,27.24,55.12,-6.902445,107.611687,Asia/Jakarta
2026-01-27 18:00:00,24.25,88.4,5.74,52.4,3.49,23.42,71.65,-6.902445,107.611687,Asia/Jakarta
2026-01-27 21:00:00,24.04,86.3,0.0,55.2,4.53,23.11,56.29,-6.902445,107.611687,Asia/Jakarta
2026-01-28 00:00:00,23.01,88.1,2.0,40.2,3.07,22.34,62.77,-6.902445,107.611687,Asia/Jakarta
2026-01-28 03:00:00,23.41,84.5,0.0,37.7,4.76,22.25,58.23,-6.902445,107.611687,Asia/Jakarta
2026-01-28 06:00:00,25.44,84.9,4.36,49.4,4.68,23.9,65.29,-6.902445,107.611687,Asia/Jakarta
2026-01-28 09:00:00,27.89,76.5,11.71,47.7,6.59,26.39,70.18,-6.902445,107.611687,Asia/Jakarta
2026-01-28 12:00:00,32.35,74.8,7.9,48.7,5.96,31.66,60.61,-6.902445,107.611687,Asia/Jakarta
2026-01-28 15:00:00,30.18,73.0,0.0,44.1,6.23,29.53,37.51,-6.902445,107.611687,Asia/Jakarta
2026-01-28 18:00:00,23.07,89.9,4.31,63.1,3.76,21.77,69.74,-6.902445,107.611687,Asia/Jakarta
2026-01-28 21:00:00,23.01,94.5,0.0,53.5,5.77,21.42,62.57,-6.902445,107.611687,Asia/Jakarta
2026-01-29 00:00:00,22.94,92.3,3.56,61.9,3.11,21.19,61.12,-6.902445,107.611687,Asia/Jakarta
2026-01-29 03:00:00,24.39,92.0,0.0,47.8,3.6,22.44,62.0,-6.902445,107.611687,Asia/Jakarta
2026-01-29 06:00:00,25.14,82.0,4.82,46.9,2.64,24.07,64.78,-6.902445,107.611687,Asia/Jakarta
2026-01-29 09:00:00,28.38,74.9,8.64,49.0,7.74,26.89,71.05,-6.902445,107.611687,Asia/Jakarta
2026-01-29 12:00:00,31.75,71.5,0.0,40.4,7.48,30.8,47.56,-6.902445,107.611687,Asia/Jakarta
2026-01-29 15:00:00,30.36,76.4,8.23,49.9,7.29,29.19,56.41,-6.902445,107.611687,Asia/Jakarta
2026-01-29 18:00:00,23.51,91.8,9.62,64.0,3.34,22.96,71.66,-6.902445,107.611687,Asia/Jakarta
2026-01-29 21:00:00,24.87,89.5,0.0,42.0,5.31,23.08,56.57,-6.902445,107.611687,Asia/Jakarta
2026-01-30 00:00:00,25.4,81.3,0.0,52.5,2.98,24.25,51.42,-6.902445,107.611687,Asia/Jakarta
2026-01-30 03:00:00,23.37,84.8,0.0,54.7,4.36,21.98,57.73,-6.902445,107.611687,Asia/Jakarta
2026-01-30 06:00:00,23.96,91.3,0.0,61.4,4.98,22.63,50.74,-6.902445,107.611687,Asia/Jakarta
2026-01-30 09:00:00,29.55,73.3,0.0,41.1,4.86,28.18,51.95,-6.902445,107.611687,Asia/Jakarta
2026-01-30 12:00:00,32.22,72.0,0.0,47.3,7.72,30.75,40.35,-6.902445,107.611687,Asia/Jakarta
2026-01-30 15:00:00,29.0,77.1,0.0,52.7,5.23,28.15,47.51,-6.902445,107.611687,Asia/Jakarta
2026-01-30 18:00:00,25.21,84.8,4.0,52.4,4.65,24.36,61.68,-6.902445,107.611687,Asia/Jakarta
2026-01-30 21:00:00,24.96,88.0,0.0,56.4,4.86,23.98,57.41,-6.902445,107.611687,Asia/Jakarta
2026-01-31 00:00:00,23.44,88.7,0.33,42.0,4.14,21.95,61.4,-6.902445,107.611687,Asia/Jakarta
2026-01-31 03:00:00,23.99,86.6,11.17,55.9,5.21,23.06,76.33,-6.902445,107.611687,Asia/Jakarta
2026-01-31 06:00:00,24.23,88.4,1.71,62.3,3.71,23.11,56.81,-6.902445,107.611687,Asia/Jakarta
2026-01-31 09:00:00,30.32,70.8,0.0,24.5,4.31,28.96,42.31,-6.902445,107.611687,Asia/Jakarta
2026-01-31 12:00:00,29.72,78.6,5.67,36.8,6.26,28.97,57.45,-6.902445,107.611687,Asia/Jakarta
2026-01-31 15:00:00,28.56,76.5,0.0,31.0,7.15,26.95,48.43,-6.902445,107.611687,Asia/Jakarta
2026-01-31 18:00:00,24.34,85.6,0.0,39.9,4.81,22.46,52.67,-6.902445,107.611687,Asia/Jakarta
2026-01-31 21:00:00,24.61,90.7,0.34,43.3,3.58,23.77,49.46,-6.902445,107.611687,Asia/Jakarta
2026-02-01 00:00:00,25.08,89.8,0.0,47.4,5.07,23.3,47.16,-6.902445,107.611687,Asia/Jakarta
2026-02-01 03:00:00,24.7,83.8,0.0,47.6,5.73,23.85,49.28,-6.902445,107.611687,Asia/Jakarta
2026-02-01 06:00:00,22.9,93.8,3.41,57.5,5.33,20.97,68.4,-6.902445,107.611687,Asia/Jakarta
2026-02-01 09:00:00,30.43,71.3,0.0,46.2,5.03,29.76,50.31,-6.902445,107.611687,Asia/Jakarta
2026-02-01 12:00:00,31.05,72.4,0.0,45.7,7.86,29.69,43.46,-6.902445,107.611687,Asia/Jakarta
2026-02-01 15:00:00,28.14,83.6,0.0,42.9,6.65,26.32,49.09,-6.902445,107.611687,Asia/Jakarta
2026-02-01 18:00:00,25.36,81.1,2.57,54.8,3.61,24.5,61.96,-6.902445,107.611687,Asia/Jakarta
2026-02-01 21:00:00,25.07,89.5,9.63,46.7,4.62,24.21,83.45,-6.902445,107.611687,Asia/Jakarta
2026-02-02 00:00:00,25.46,88.7,4.35,64.6,3.07,23.74,60.42,-6.902445,107.611687,Asia/Jakarta
2026-02-02 03:00:00,24.7,84.7,0.0,60.0,4.86,23.84,47.42,-6.902445,107.611687,Asia/Jakarta
2026-02-02 06:00:00,25.28,81.1,3.38,52.3,3.96,24.23,63.19,-6.902445,107.611687,Asia/Jakarta
2026-02-02 09:00:00,27.73,75.3,4.71,28.4,4.8,26.85,48.68,-6.902445,107.611687,Asia/Jakarta
2026-02-02 12:00:00,31.13,72.3,0.09,27.5,6.48,29.81,39.99,-6.902445,107.611687,Asia/Jakarta
2026-02-02 15:00:00,29.05,78.6,1.96,45.8,4.49,27.69,50.5,-6.902445,107.611687,Asia/Jakarta
2026-02-02 18:00:00,25.09,89.1,2.22,46.1,2.57,24.12,54.89,-6.902445,107.611687,Asia/Jakarta
2026-02-02 21:00:00,23.99,85.0,5.25,41.9,2.87,23.39,65.13,-6.902445,107.611687,Asia/Jakarta
2026-02-03 00:00:00,22.63,85.9,1.38,58.1,2.54,21.84,54.71,-6.902445,107.611687,Asia/Jakarta
2026-02-03 03:00:00,23.2,88.1,3.87,63.2,3.56,21.99,56.27,-6.902445,107.611687,Asia/Jakarta
2026-02-03 06:00:00,25.43,81.3,0.0,49.6,4.59,23.79,52.72,-6.902445,107.611687,Asia/Jakarta
2026-02-03 09:00:00,30.44,73.9,0.0,41.7,7.05,29.15,38.33,-6.902445,107.611687,Asia/Jakarta
2026-02-03 12:00:00,31.79,75.3,0.0,40.8,6.74,30.02,41.86,-6.902445,107.611687,Asia/Jakarta
2026-02-03 15:00:00,28.81,76.9,0.0,46.6,7.29,27.59,40.58,-6.902445,107.611687,Asia/Jakarta
2026-02-03 18:00:00,24.47,83.1,0.0,40.2,4.37,23.05,56.18,-6.902445,107.611687,Asia/Jakarta
2026-02-03 21:00:00,24.43,89.9,0.0,42.9,3.29,23.75,51.4,-6.902445,107.611687,Asia/Jakarta
2026-02-04 00:00:00,23.26,87.8,0.0,51.8,5.33,21.65,48.35,-6.902445,107.611687,Asia/Jakarta
2026-02-04 03:00:00,23.87,90.3,0.0,49.1,5.65,21.93,47.49,-6.902445,107.611687,Asia/Jakarta
2026-02-04 06:00:00,24.24,86.3,0.0,45.8,3.37,23.58,57.14,-6.902445,107.611687,Asia/Jakarta
2026-02-04 09:00:00,30.08,78.1,0.0,42.3,7.44,28.1,38.8,-6.902445,107.611687,Asia/Jakarta
2026-02-04 12:00:00,31.41,69.6,3.13,31.0,6.27,30.45,44.35,-6.902445,107.611687,Asia/Jakarta
2026-02-04 15:00:00,28.02,76.7,2.05,33.1,6.24,26.11,45.64,-6.902445,107.611687,Asia/Jakarta
2026-02-04 18:00:00,23.18,87.7,2.17,49.7,2.99,21.98,52.65,-6.902445,107.611687,Asia/Jakarta
2026-02-04 21:00:00,24.4,89.6,0.0,46.4,3.48,22.56,47.88,-6.902445,107.611687,Asia/Jakarta
2026-02-05 00:00:00,23.58,90.2,0.0,59.4,4.86,21.67,51.27,-6.902445,107.611687,Asia/Jakarta
2026-02-05 03:00:00,25.05,85.1,3.11,59.6,4.58,23.85,60.45,-6.902445,107.611687,Asia/Jakarta
2026-02-05 06:00:00,25.4,88.6,0.0,53.5,5.74,23.83,49.64,-6.902445,107.611687,Asia/Jakarta
2026-02-05 09:00:00,29.64,80.7,0.0,51.9,4.38,27.97,37.72,-6.902445,107.611687,Asia/Jakarta
2026-02-05 12:00:00,31.54,67.1,0.0,25.7,7.16,29.58,40.91,-6.902445,107.611687,Asia/Jakarta
2026-02-05 15:00:00,30.41,77.2,0.47,36.2,5.82,29.11,48.83,-6.902445,107.611687,Asia/Jakarta
2026-02-05 18:00:00,22.55,95.3,0.0,49.6,5.83,21.22,62.77,-6.902445,107.611687,Asia/Jakarta
2026-02-05 21:00:00,23.73,84.2,0.0,46.2,3.02,22.07,53.93,-6.902445,107.611687,Asia/Jakarta
2026-02-06 00:00:00,23.4,93.5,0.0,57.5,4.47,22.78,53.63,-6.902445,107.611687,Asia/Jakarta
2026-02-06 03:00:00,24.92,90.7,5.79,54.7,2.55,23.93,63.61,-6.902445,107.611687,Asia/Jakarta
2026-02-06 06:00:00,24.83,88.0,1.7,55.8,5.14,24.13,58.16,-6.902445,107.611687,Asia/Jakarta
2026-02-06 09:00:00,29.97,76.9,0.0,47.4,6.42,28.13,44.83,-6.902445,107.611687,Asia/Jakarta
2026-02-06 12:00:00,31.3,75.6,2.71,29.0,7.72,29.36,43.13,-6.902445,107.611687,Asia/Jakarta
2026-02-06 15:00:00,28.99,73.3,0.0,36.5,7.34,27.61,45.1,-6.902445,107.611687,Asia/Jakarta
2026-02-06 18:00:00,22.93,89.1,9.4,54.9,2.58,22.25,81.36,-6.902445,107.611687,Asia/Jakarta
2026-02-06 21:00:00,25.29,86.9,0.0,40.3,5.19,24.58,51.61,-6.902445,107.611687,Asia/Jakarta
2026-02-07 00:00:00,22.75,88.1,5.86,48.6,3.8,22.06,68.05,-6.902445,107.611687,Asia/Jakarta
2026-02-07 03:00:00,23.89,89.0,1.16,62.5,2.58,22.04,53.89,-6.902445,107.611687,Asia/Jakarta
2026-02-07 06:00:00,23.88,85.0,0.06,57.3,3.83,22.94,58.05,-6.902445,107.611687,Asia/Jakarta
2026-02-07 09:00:00,30.37,77.4,4.85,48.1,5.6,28.55,52.81,-6.902445,107.611687,Asia/Jakarta
2026-02-07 12:00:00,31.52,69.1,0.0,22.8,5.38,30.13,34.06,-6.902445,107.611687,Asia/Jakarta
2026-02-07 15:00:00,30.21,70.0,0.0,25.3,5.98,29.11,41.07,-6.902445,107.611687,Asia/Jakarta
2026-02-07 18:00:00,24.25,82.8,0.0,35.6,3.12,23.29,62.64,-6.902445,107.611687,Asia/Jakarta
2026-02-07 21:00:00,22.99,93.6,2.79,64.4,5.95,21.36,57.05,-6.902445,107.611687,Asia/Jakarta
2026-02-08 00:00:00,24.95,86.4,3.89,54.5,3.99,23.83,57.54,-6.902445,107.611687,Asia/Jakarta
2026-02-08 03:00:00,25.39,83.0,0.0,53.4,4.64,24.68,51.32,-6.902445,107.611687,Asia/Jakarta
2026-02-08 06:00:00,24.88,81.8,0.0,40.4,3.6,23.22,54.02,-6.902445,107.611687,Asia/Jakarta
2026-02-08 09:00:00,30.08,75.4,0.0,31.1,6.79,29.49,47.1,-6.902445,107.611687,Asia/Jakarta
2026-02-08 12:00:00,29.82,79.1,0.0,45.0,6.09,28.12,33.5,-6.902445,107.611687,Asia/Jakarta
2026-02-08 15:00:00,27.85,78.2,5.73,39.1,5.49,27.04,50.6,-6.902445,107.611687,Asia/Jakarta
2026-02-08 18:00:00,24.51,91.1,0.0,51.1,4.28,23.97,47.48,-6.902445,107.611687,Asia/Jakarta
2026-02-08 21:00:00,24.92,84.0,0.0,57.0,4.28,23.09,56.37,-6.902445,107.611687,Asia/Jakarta
2026-02-09 00:00:00,24.39,86.5,6.37,43.6,5.26,23.69,65.73,-6.902445,107.611687,Asia/Jakarta
2026-02-09 03:00:00,23.04,91.8,2.37,55.2,3.39,22.13,64.67,-6.902445,107.611687,Asia/Jakarta
2026-02-09 06:00:00,23.67,91.4,3.07,49.3,3.49,22.52,54.6,-6.902445,107.611687,Asia/Jakarta
2026-02-09 09:00:00,28.61,78.4,4.46,42.7,5.31,26.67,53.86,-6.902445,107.611687,Asia/Jakarta
2026-02-09 12:00:00,31.51,70.7,4.67,31.4,6.62,29.69,46.92,-6.902445,107.611687,Asia/Jakarta
2026-02-09 15:00:00,30.44,72.8,3.86,40.4,7.08,29.79,45.92,-6.902445,107.611687,Asia/Jakarta
2026-02-09 18:00:00,22.86,94.0,8.71,52.1,5.51,20.9,70.21,-6.902445,107.611687,Asia/Jakarta
2026-02-09 21:00:00,24.69,87.4,0.0,40.4,2.71,23.27,60.34,-6.902445,107.611687,Asia/Jakarta
2026-02-10 00:00:00,25.46,82.0,0.0,54.2,4.14,24.74,54.05,-6.902445,107.611687,Asia/Jakarta
2026-02-10 03:00:00,25.36,83.6,0.0,58.1,4.97,24.67,51.75,-6.902445,107.611687,Asia/Jakarta
2026-02-10 06:00:00,23.68,84.0,4.63,39.2,5.39,21.71,69.18,-6.902445,107.611687,Asia/Jakarta
2026-02-10 09:00:00,29.78,73.6,0.0,41.8,7.54,28.88,41.24,-6.902445,107.611687,Asia/Jakarta
2026-02-10 12:00:00,29.96,75.8,0.0,36.4,5.85,28.19,34.45,-6.902445,107.611687,Asia/Jakarta
2026-02-10 15:00:00,29.22,74.5,5.67,36.4,7.51,27.68,54.48,-6.902445,107.611687,Asia/Jakarta
2026-02-10 18:00:00,25.19,87.4,4.11,47.9,4.27,24.01,57.9,-6.902445,107.611687,Asia/Jakarta
2026-02-10 21:00:00,23.08,85.8,1.37,54.9,5.05,22.36,60.55,-6.902445,107.611687,Asia/Jakarta
2026-02-11 00:00:00,24.69,86.6,1.95,41.8,4.89,23.95,65.73,-6.902445,107.611687,Asia/Jakarta
2026-02-11 03:00:00,24.3,84.3,0.0,57.0,4.17,23.19,48.64,-6.902445,107.611687,Asia/Jakarta
2026-02-11 06:00:00,24.95,87.9,1.11,58.3,2.64,23.86,61.1,-6.902445,107.611687,Asia/Jakarta
2026-02-11 09:00:00,29.44,72.4,0.0,28.3,6.03,27.49,52.41,-6.902445,107.611687,Asia/Jakarta
2026-02-11 12:00:00,30.55,78.4,0.0,47.4,6.86,29.99,42.65,-6.902445,107.611687,Asia/Jakarta
2026-02-11 15:00:00,29.77,73.6,0.0,40.9,4.86,28.49,52.24,-6.902445,107.611687,Asia/Jakarta
2026-02-11 18:00:00,24.65,82.8,0.0,53.5,4.22,23.88,59.71,-6.902445,107.611687,Asia/Jakarta
2026-02-11 21:00:00,24.37,85.2,0.0,43.6,3.3,22.55,57.22,-6.902445,107.611687,Asia/Jakarta
2026-02-12 00:00:00,23.08,92.6,6.86,61.8,3.26,21.46,68.78,-6.902445,107.611687,Asia/Jakarta
2026-02-12 03:00:00,23.06,93.0,0.73,53.3,2.98,21.9,48.63,-6.902445,107.611687,Asia/Jakarta
2026-02-12 06:00:00,23.0,87.5,0.0,60.9,5.84,21.92,58.15,-6.902445,107.611687,Asia/Jakarta
2026-02-12 09:00:00,30.08,76.7,0.0,37.9,7.18,28.84,40.57,-6.902445,107.611687,Asia/Jakarta
2026-02-12 12:00:00,30.58,72.5,0.0,30.5,6.25,29.23,33.07,-6.902445,107.611687,Asia/Jakarta
2026-02-12 15:00:00,28.03,79.9,0.0,37.2,6.26,26.82,42.88,-6.902445,107.611687,Asia/Jakarta
2026-02-12 18:00:00,23.13,87.0,0.0,49.7,3.3,21.71,62.72,-6.902445,107.611687,Asia/Jakarta
2026-02-12 21:00:00,25.47,88.6,2.97,47.2,3.59,23.63,58.97,-6.902445,107.611687,Asia/Jakarta
2026-02-13 00:00:00,24.8,88.0,0.0,50.9,3.81,22.96,57.22,-6.902445,107.611687,Asia/Jakarta
2026-02-13 03:00:00,22.58,87.3,2.48,52.3,4.63,21.82,60.01,-6.902445,107.611687,Asia/Jakarta
2026-02-13 06:00:00,24.18,88.7,2.43,42.7,5.14,22.41,60.71,-6.902445,107.611687,Asia/Jakarta
2026-02-13 09:00:00,30.38,72.9,0.0,30.8,6.72,28.72,46.22,-6.902445,107.611687,Asia/Jakarta
2026-02-13 12:00:00,29.89,72.5,0.0,44.0,8.17,28.62,47.3,-6.902445,107.611687,Asia/Jakarta
2026-02-13 15:00:00,28.84,76.1,0.0,39.2,6.44,28.05,40.26,-6.902445,107.611687,Asia/Jakarta
2026-02-13 18:00:00,24.96,86.3,0.0,51.2,5.52,24.03,61.18,-6.902445,107.611687,Asia/Jakarta
2026-02-13 21:00:00,22.7,88.9,0.0,45.0,3.48,20.8,62.15,-6.902445,107.611687,Asia/Jakarta
2026-02-14 00:00:00,22.64,90.8,2.6,55.9,3.72,21.41,63.93,-6.902445,107.611687,Asia/Jakarta
2026-02-14 03:00:00,23.52,89.2,9.82,64.0,3.69,22.57,80.65,-6.902445,107.611687,Asia/Jakarta
2026-02-14 06:00:00,22.63,91.9,0.43,65.7,3.37,21.69,54.54,-6.902445,107.611687,Asia/Jakarta
2026-02-14 09:00:00,28.63,77.5,0.0,41.6,4.63,27.7,51.68,-6.902445,107.611687,Asia/Jakarta
2026-02-14 12:00:00,31.57,67.3,0.0,38.3,7.28,30.08,37.33,-6.902445,107.611687,Asia/Jakarta
2026-02-14 15:00:00,30.19,76.6,0.0,45.2,4.78,29.11,44.89,-6.902445,107.611687,Asia/Jakarta
2026-02-14 18:00:00,24.49,91.1,7.99,57.6,4.51,23.35,69.16,-6.902445,107.611687,Asia/Jakarta
2026-02-14 21:00:00,25.14,89.9,2.79,59.9,3.4,23.8,53.67,-6.902445,107.611687,Asia/Jakarta
2026-01-01 00:00:00,24.54,88.4,6.08,57.1,5.08,22.99,74.21,-6.926905,107.608965,Asia/Jakarta
2026-01-01 03:00:00,25.01,84.3,3.54,43.8,2.76,24.43,66.81,-6.926905,107.608965,Asia/Jakarta
2026-01-01 06:00:00,24.44,91.3,1.23,54.2,4.0,23.18,64.9,-6.926905,107.608965,Asia/Jakarta
2026-01-01 09:00:00,29.32,78.2,0.0,41.0,5.38,28.75,44.37,-6.926905,107.608965,Asia/Jakarta
2026-01-01 12:00:00,32.4,67.9,0.0,25.1,6.51,30.89,37.26,-6.926905,107.608965,Asia/Jakarta
2026-01-01 15:00:00,29.24,81.8,8.51,56.0,5.13,27.92,70.81,-6.926905,107.608965,Asia/Jakarta
2026-01-01 18:00:00,23.31,84.3,0.0,37.2,3.2,21.61,52.51,-6.926905,107.608965,Asia/Jakarta
2026-01-01 21:00:00,25.01,84.4,7.65,55.3,4.01,23.63,74.99,-6.926905,107.608965,Asia/Jakarta
2026-01-02 00:00:00,24.77,89.5,0.0,60.1,3.27,23.18,62.5,-6.926905,107.608965,Asia/Jakarta
2026-01-02 03:00:00,23.91,85.1,0.0,45.3,2.99,22.68,53.23,-6.926905,107.608965,Asia/Jakarta
2026-01-02 06:00:00,23.05,85.5,1.32,58.0,4.43,21.56,55.37,-6.926905,107.608965,Asia/Jakarta
2026-01-02 09:00:00,30.04,73.6,5.12,39.7,4.76,29.03,53.24,-6.926905,107.608965,Asia/Jakarta
2026-01-02 12:00:00,30.67,69.0,0.0,34.9,7.99,29.66,47.01,-6.926905,107.608965,Asia/Jakarta
2026-01-02 15:00:00,28.92,77.8,0.0,39.6,6.71,28.12,40.39,-6.926905,107.608965,Asia/Jakarta
2026-01-02 18:00:00,25.23,80.9,2.03,54.8,4.73,24.45,56.88,-6.926905,107.608965,Asia/Jakarta
2026-01-02 21:00:00,24.26,85.5,0.77,55.1,4.66,22.27,59.57,-6.926905,107.608965,Asia/Jakarta
2026-01-03 00:00:00,23.83,90.4,0.0,52.9,5.08,22.69,59.82,-6.926905,107.608965,Asia/Jakarta
2026-01-03 03:00:00,22.57,88.5,0.0,49.6,5.26,21.41,50.96,-6.926905,107.608965,Asia/Jakarta
2026-01-03 06:00:00,25.48,87.5,1.7,57.1,5.54,24.52,58.55,-6.926905,107.608965,Asia/Jakarta
2026-01-03 09:00:00,30.3,71.5,8.18,37.0,6.82,28.45,68.31,-6.926905,107.608965,Asia/Jakarta
2026-01-03 12:00:00,30.22,78.9,6.18,41.9,5.28,29.0,52.32,-6.926905,107.608965,Asia/Jakarta
2026-01-03 15:00:00,28.92,75.5,0.0,27.6,7.67,27.76,50.43,-6.926905,107.608965,Asia/Jakarta
2026-01-03 18:00:00,22.87,86.7,0.0,56.9,3.58,21.63,51.38,-6.926905,107.608965,Asia/Jakarta
2026-01-03 21:00:00,23.58,86.0,2.63,39.5,5.07,22.38,60.84,-6.926905,107.608965,Asia/Jakarta
2026-01-04 00:00:00,23.75,90.4,8.21,58.9,4.72,22.18,67.24,-6.926905,107.608965,Asia/Jakarta
2026-01-04 03:00:00,24.23,88.2,0.0,59.4,5.36,23.26,49.55,-6.926905,107.608965,Asia/Jakarta
2026-01-04 06:00:00,24.86,81.1,7.25,49.9,5.51,23.31,65.17,-6.926905,107.608965,Asia/Jakarta
2026-01-04 09:00:00,28.32,76.5,0.0,40.7,5.5,26.63,44.35,-6.926905,107.608965,Asia/Jakarta
2026-01-04 12:00:00,29.71,79.1,1.7,47.1,8.33,28.64,47.14,-6.926905,107.608965,Asia/Jakarta
2026-01-04 15:00:00,27.47,78.7,0.0,43.8,6.29,26.37,51.37,-6.926905,107.608965,Asia/Jakarta
2026-01-04 18:00:00,24.96,83.9,9.56,46.5,5.72,23.04,81.14,-6.926905,107.608965,Asia/Jakarta
2026-01-04 21:00:00,24.76,85.2,0.0,46.1,4.02,23.88,53.41,-6.926905,107.608965,Asia/Jakarta
2026-01-05 00:00:00,25.42,80.3,2.46,40.8,4.85,23.64,67.27,-6.926905,107.608965,Asia/Jakarta
2026-01-05 03:00:00,22.92,89.4,2.75,49.3,3.15,22.33,60.91,-6.926905,107.608965,Asia/Jakarta
2026-01-05 06:00:00,24.22,87.7,0.45,51.6,4.45,23.5,55.79,-6.926905,107.608965,Asia/Jakarta
2026-01-05 09:00:00,28.53,80.7,2.0,36.1,4.54,27.49,52.7,-6.926905,107.608965,Asia/Jakarta
2026-01-05 12:00:00,29.62,79.9,0.0,36.0,6.64,28.15,43.87,-6.926905,107.608965,Asia/Jakarta
2026-01-05 15:00:00,28.75,79.7,0.0,32.5,5.94,26.95,41.99,-6.926905,107.608965,Asia/Jakarta
2026-01-05 18:00:00,23.8,89.1,0.0,47.0,2.81,23.0,50.95,-6.926905,107.608965,Asia/Jakarta
2026-01-05 21:00:00,24.13,84.4,0.0,50.0,3.35,23.51,47.32,-6.926905,107.608965,Asia/Jakarta
2026-01-06 00:00:00,25.27,88.2,0.0,52.4,3.9,23.97,51.03,-6.926905,107.608965,Asia/Jakarta
2026-01-06 03:00:00,23.53,88.8,0.0,49.7,3.74,22.87,56.11,-6.926905,107.608965,Asia/Jakarta
2026-01-06 06:00:00,22.72,87.4,0.0,54.0,3.71,21.44,58.32,-6.926905,107.608965,Asia/Jakarta
2026-01-06 09:00:00,28.4,82.9,0.0,57.9,4.97,26.83,45.13,-6.926905,107.608965,Asia/Jakarta
2026-01-06 12:00:00,29.77,73.1,0.0,33.5,6.48,27.81,42.88,-6.926905,107.608965,Asia/Jakarta
2026-01-06 15:00:00,28.19,83.9,2.99,55.3,7.09,26.36,49.36,-6.926905,107.608965,Asia/Jakarta
2026-01-06 18:00:00,24.11,89.2,0.0,42.8,5.73,22.59,52.23,-6.926905,107.608965,Asia/Jakarta
2026-01-06 21:00:00,25.21,87.2,0.0,53.6,5.98,23.34,59.4,-6.926905,107.608965,Asia/Jakarta
2026-01-07 00:00:00,23.8,85.9,0.0,48.1,4.72,21.87,53.73,-6.926905,107.608965,Asia/Jakarta
2026-01-07 03:00:00,24.28,86.2,0.0,59.4,3.49,22.49,53.91,-6.926905,107.608965,Asia/Jakarta
2026-01-07 06:00:00,25.01,85.5,4.19,51.7,4.18,23.6,67.85,-6.926905,107.608965,Asia/Jakarta
2026-01-07 09:00:00,30.41,70.2,1.23,43.3,7.73,29.17,52.87,-6.926905,107.608965,Asia/Jakarta
2026-01-07 12:00:00,29.73,78.4,0.0,46.7,6.09,28.22,44.52,-6.926905,107.608965,Asia/Jakarta
2026-01-07 15:00:00,27.83,74.8,0.0,39.8,4.82,27.15,51.74,-6.926905,107.608965,Asia/Jakarta
2026-01-07 18:00:00,25.08,84.2,1.77,38.0,3.46,23.39,56.52,-6.926905,107.608965,Asia/Jakarta
2026-01-07 21:00:00,23.01,87.9,9.7,63.6,4.91,22.37,70.75,-6.926905,107.608965,Asia/Jakarta
2026-01-08 00:00:00,23.51,87.9,6.93,55.1,3.24,22.96,73.1,-6.926905,107.608965,Asia/Jakarta
2026-01-08 03:00:00,22.97,86.9,7.81,42.0,3.34,21.04,72.8,-6.926905,107.608965,Asia/Jakarta
2026-01-08 06:00:00,22.54,86.4,3.19,50.3,5.49,20.79,66.13,-6.926905,107.608965,Asia/Jakarta
2026-01-08 09:00:00,27.65,77.9,4.28,33.7,5.26,26.02,51.28,-6.926905,107.608965,Asia/Jakarta
2026-01-08 12:00:00,30.54,73.9,0.0,34.8,7.61,28.74,36.4,-6.926905,107.608965,Asia/Jakarta
2026-01-08 15:00:00,30.27,74.8,0.0,47.3,7.35,29.08,46.83,-6.926905,107.608965,Asia/Jakarta
2026-01-08 18:00:00,22.92,87.8,0.0,47.0,2.8,22.4,61.52,-6.926905,107.608965,Asia/Jakarta
2026-01-08 21:00:00,23.95,89.6,0.0,45.8,4.96,22.06,50.86,-6.926905,107.608965,Asia/Jakarta
2026-01-09 00:00:00,24.77,86.1,5.2,53.2,4.03,23.61,63.93,-6.926905,107.608965,Asia/Jakarta
2026-01-09 03:00:00,22.69,86.8,0.0,47.4,3.68,20.8,51.96,-6.926905,107.608965,Asia/Jakarta
2026-01-09 06:00:00,23.36,93.5,9.61,49.8,4.0,21.84,73.58,-6.926905,107.608965,Asia/Jakarta
2026-01-09 09:00:00,29.19,79.9,0.0,45.7,6.39,27.63,39.97,-6.926905,107.608965,Asia/Jakarta
2026-01-09 12:00:00,32.0,75.6,0.0,35.9,5.34,30.25,47.16,-6.926905,107.608965,Asia/Jakarta
2026-01-09 15:00:00,28.12,76.6,0.75,29.9,6.43,26.16,50.6,-6.926905,107.608965,Asia/Jakarta
2026-01-09 18:00:00,24.43,85.2,2.17,41.5,4.06,22.87,54.8,-6.926905,107.608965,Asia/Jakarta
2026-01-09 21:00:00,25.0,81.4,0.0,36.6,5.53,23.12,50.54,-6.926905,107.608965,Asia/Jakarta
2026-01-10 00:00:00,24.57,82.7,4.0,58.4,3.35,23.52,66.95,-6.926905,107.608965,Asia/Jakarta
2026-01-10 03:00:00,23.89,92.2,0.0,67.0,2.79,22.75,58.83,-6.926905,107.608965,Asia/Jakarta
2026-01-10 06:00:00,24.52,91.5,0.0,44.3,3.87,23.01,57.46,-6.926905,107.608965,Asia/Jakarta
2026-01-10 09:00:00,29.24,72.2,0.0,41.5,4.93,28.42,41.12,-6.926905,107.608965,Asia/Jakarta
2026-01-10 12:00:00,30.3,72.1,0.0,43.8,6.97,28.92,45.71,-6.926905,107.608965,Asia/Jakarta
2026-01-10 15:00:00,28.21,75.5,0.0,45.8,4.29,26.76,38.0,-6.926905,107.608965,Asia/Jakarta
2026-01-10 18:00:00,23.0,93.8,0.0,56.4,3.34,21.73,49.52,-6.926905,107.608965,Asia/Jakarta
2026-01-10 21:00:00,25.04,85.7,3.56,58.9,4.41,24.38,65.53,-6.926905,107.608965,Asia/Jakarta
2026-01-11 00:00:00,24.3,84.3,1.75,49.3,2.64,23.74,51.55,-6.926905,107.608965,Asia/Jakarta
2026-01-11 03:00:00,22.68,89.8,4.89,57.0,4.3,21.21,71.53,-6.926905,107.608965,Asia/Jakarta
2026-01-11 06:00:00,23.93,87.4,2.25,47.3,4.43,23.18,53.88,-6.926905,107.608965,Asia/Jakarta
2026-01-11 09:00:00,29.42,81.0,3.37,48.8,5.23,28.6,51.25,-6.926905,107.608965,Asia/Jakarta
2026-01-11 12:00:00,30.05,73.0,0.0,34.0,8.4,28.27,43.72,-6.926905,107.608965,Asia/Jakarta
2026-01-11 15:00:00,29.03,81.6,4.73,52.1,6.89,28.04,59.26,-6.926905,107.608965,Asia/Jakarta
2026-01-11 18:00:00,23.9,88.0,0.0,47.5,2.74,22.85,62.83,-6.926905,107.608965,Asia/Jakarta
2026-01-11 21:00:00,24.86,89.4,0.0,53.4,3.85,23.51,58.26,-6.926905,107.608965,Asia/Jakarta
2026-01-12 00:00:00,25.24,84.3,2.34,55.2,5.25,23.59,62.4,-6.926905,107.608965,Asia/Jakarta
2026-01-12 03:00:00,25.29,87.2,5.83,49.9,3.14,23.68,73.31,-6.926905,107.608965,Asia/Jakarta
2026-01-12 06:00:00,24.05,89.1,0.0,43.2,3.14,23.06,61.2,-6.926905,107.608965,Asia/Jakarta
2026-01-12 09:00:00,29.65,74.3,0.0,37.8,5.56,28.47,48.63,-6.926905,107.608965,Asia/Jakarta
2026-01-12 12:00:00,29.89,75.3,6.58,37.2,6.0,28.93,62.45,-6.926905,107.608965,Asia/Jakarta
2026-01-12 15:00:00,27.62,81.4,0.0,44.7,5.04,26.85,44.89,-6.926905,107.608965,Asia/Jakarta
2026-01-12 18:00:00,24.18,83.6,1.81,50.5,4.73,22.34,53.36,-6.926905,107.608965,Asia/Jakarta
2026-01-12 21:00:00,24.51,87.8,0.0,43.8,2.62,23.0,58.46,-6.926905,107.608965,Asia/Jakarta
2026-01-13 00:00:00,25.33,83.1,2.23,44.5,3.41,24.18,59.28,-6.926905,107.608965,Asia/Jakarta
2026-01-13 03:00:00,24.44,87.8,0.0,47.7,5.72,22.54,54.49,-6.926905,107.608965,Asia/Jakarta
2026-01-13 06:00:00,24.48,88.4,1.41,58.4,4.9,22.55,50.49,-6.926905,107.608965,Asia/Jakarta
2026-01-13 09:00:00,28.76,74.4,0.0,33.6,5.64,27.23,46.82,-6.926905,107.608965,Asia/Jakarta
2026-01-13 12:00:00,30.17,79.1,0.0,50.8,6.98,28.89,37.95,-6.926905,107.608965,Asia/Jakarta
2026-01-13 15:00:00,28.97,81.2,0.0,51.0,4.33,27.6,42.33,-6.926905,107.608965,Asia/Jakarta
2026-01-13 18:00:00,23.5,90.2,0.0,46.1,3.15,21.88,53.09,-6.926905,107.608965,Asia/Jakarta
2026-01-13 21:00:00,22.94,93.1,3.31,63.8,5.07,22.07,56.82,-6.926905,107.608965,Asia/Jakarta
2026-01-14 00:00:00,25.34,87.2,0.0,60.3,5.37,24.59,56.69,-6.926905,107.608965,Asia/Jakarta
2026-01-14 03:00:00,25.38,87.2,4.19,45.7,5.23,24.5,67.1,-6.926905,107.608965,Asia/Jakarta
2026-01-14 06:00:00,23.25,93.1,2.52,55.5,2.66,21.32,54.15,-6.926905,107.608965,Asia/Jakarta
2026-01-14 09:00:00,29.25,79.2,4.1,33.3,5.59,28.5,54.33,-6.926905,107.608965,Asia/Jakarta
2026-01-14 12:00:00,31.94,70.0,0.0,39.7,6.83,29.97,40.53,-6.926905,107.608965,Asia/Jakarta
2026-01-14 15:00:00,30.35,72.2,0.0,30.2,5.16,29.48,37.4,-6.926905,107.608965,Asia/Jakarta
2026-01-14 18:00:00,25.31,87.7,0.0,55.9,2.79,23.87,62.31,-6.926905,107.608965,Asia/Jakarta
2026-01-14 21:00:00,23.47,91.9,2.18,49.4,2.66,22.16,60.78,-6.926905,107.608965,Asia/Jakarta
2026-01-15 00:00:00,24.59,83.9,2.24,38.4,2.6,22.97,58.25,-6.926905,107.608965,Asia/Jakarta
2026-01-15 03:00:00,23.3,88.5,4.35,42.1,5.41,22.06,71.26,-6.926905,107.608965,Asia/Jakarta
2026-01-15 06:00:00,23.98,92.5,0.0,50.5,4.43,22.32,47.04,-6.926905,107.608965,Asia/Jakarta
2026-01-15 09:00:00,30.08,71.6,2.37,42.8,5.02,29.03,50.33,-6.926905,107.608965,Asia/Jakarta
2026-01-15 12:00:00,29.59,77.3,3.17,35.1,5.53,28.8,41.15,-6.926905,107.608965,Asia/Jakarta
2026-01-15 15:00:00,29.89,74.4,4.46,44.6,4.5,28.5,59.2,-6.926905,107.608965,Asia/Jakarta
2026-01-15 18:00:00,23.03,86.5,4.06,39.6,4.42,21.81,70.57,-6.926905,107.608965,Asia/Jakarta
2026-01-15 21:00:00,22.6,86.9,0.0,53.8,5.64,21.96,62.18,-6.926905,107.608965,Asia/Jakarta
2026-01-16 00:00:00,24.82,85.9,0.0,45.6,4.94,23.27,47.22,-6.926905,107.608965,Asia/Jakarta
2026-01-16 03:00:00,24.57,88.2,0.0,55.5,2.78,22.77,54.41,-6.926905,107.608965,Asia/Jakarta
2026-01-16 06:00:00,25.03,89.5,2.21,61.2,3.53,24.17,56.8,-6.926905,107.608965,Asia/Jakarta
2026-01-16 09:00:00,30.42,77.2,0.0,41.4,4.67,29.45,51.71,-6.926905,107.608965,Asia/Jakarta
2026-01-16 12:00:00,31.66,69.8,7.05,36.6,8.42,30.08,49.45,-6.926905,107.608965,Asia/Jakarta
2026-01-16 15:00:00,29.11,72.2,0.0,35.8,4.92,28.23,37.63,-6.926905,107.608965,Asia/Jakarta
2026-01-16 18:00:00,22.64,88.0,0.0,63.8,2.53,20.74,60.91,-6.926905,107.608965,Asia/Jakarta
2026-01-16 21:00:00,23.11,90.9,5.04,56.6,5.43,22.04,60.77,-6.926905,107.608965,Asia/Jakarta
2026-01-17 00:00:00,24.54,81.9,0.0,54.6,3.25,23.93,51.24,-6.926905,107.608965,Asia/Jakarta
2026-01-17 03:00:00,23.2,91.3,4.0,61.4,4.08,22.48,58.36,-6.926905,107.608965,Asia/Jakarta
2026-01-17 06:00:00,25.11,89.3,1.24,43.4,4.03,23.52,58.75,-6.926905,107.608965,Asia/Jakarta
2026-01-17 09:00:00,27.95,84.1,3.63,53.9,5.62,27.29,55.96,-6.926905,107.608965,Asia/Jakarta
2026-01-17 12:00:00,31.77,70.5,1.96,34.6,6.52,30.08,52.08,-6.926905,107.608965,Asia/Jakarta
2026-01-17 15:00:00,29.68,75.0,0.0,30.3,4.9,28.89,38.63,-6.926905,107.608965,Asia/Jakarta
2026-01-17 18:00:00,23.69,86.0,0.0,42.1,5.23,23.13,49.73,-6.926905,107.608965,Asia/Jakarta
2026-01-17 21:00:00,24.22,83.2,0.0,51.6,3.68,23.69,57.25,-6.926905,107.608965,Asia/Jakarta
2026-01-18 00:00:00,25.34,80.1,4.78,51.1,4.33,24.75,69.98,-6.926905,107.608965,Asia/Jakarta
2026-01-18 03:00:00,23.53,88.3,0.06,59.4,3.41,22.21,52.25,-6.926905,107.608965,Asia/Jakarta
2026-01-18 06:00:00,23.74,88.2,0.0,41.7,4.26,22.32,53.98,-6.926905,107.608965,Asia/Jakarta
2026-01-18 09:00:00,27.6,75.3,2.71,43.0,4.35,26.69,50.25,-6.926905,107.608965,Asia/Jakarta
2026-01-18 12:00:00,30.38,69.8,2.13,44.2,6.15,29.76,52.02,-6.926905,107.608965,Asia/Jakarta
2026-01-18 15:00:00,30.16,74.3,0.0,37.2,5.82,29.45,51.98,-6.926905,107.608965,Asia/Jakarta
2026-01-18 18:00:00,23.06,85.0,5.85,57.3,3.33,22.4,60.04,-6.926905,107.608965,Asia/Jakarta
2026-01-18 21:00:00,24.75,81.8,0.47,38.5,5.63,23.45,61.63,-6.926905,107.608965,Asia/Jakarta
2026-01-19 00:00:00,22.72,91.7,3.45,44.6,3.56,22.12,61.01,-6.926905,107.608965,Asia/Jakarta
2026-01-19 03:00:00,24.52,88.1,0.0,60.0,4.16,23.89,48.24,-6.926905,107.608965,Asia/Jakarta
2026-01-19 06:00:00,22.65,89.6,0.0,54.5,5.5,20.78,56.07,-6.926905,107.608965,Asia/Jakarta
2026-01-19 09:00:00,29.12,81.6,4.99,48.7,7.4,28.24,60.65,-6.926905,107.608965,Asia/Jakarta
2026-01-19 12:00:00,29.67,78.3,10.79,44.8,6.04,27.76,67.69,-6.926905,107.608965,Asia/Jakarta
2026-01-19 15:00:00,29.08,78.7,2.24,33.6,4.7,27.15,57.98,-6.926905,107.608965,Asia/Jakarta
2026-01-19 18:00:00,23.32,93.3,4.24,62.1,4.93,22.2,63.76,-6.926905,107.608965,Asia/Jakarta
2026-01-19 21:00:00,22.71,94.1,0.0,49.2,5.08,22.16,48.54,-6.926905,107.608965,Asia/Jakarta
2026-01-20 00:00:00,22.96,85.9,0.51,48.1,5.76,21.04,55.85,-6.926905,107.608965,Asia/Jakarta
2026-01-20 03:00:00,24.78,81.6,0.0,54.8,4.44,22.8,51.03,-6.926905,107.608965,Asia/Jakarta
2026-01-20 06:00:00,25.37,83.0,3.32,47.1,4.11,23.58,56.48,-6.926905,107.608965,Asia/Jakarta
2026-01-20 09:00:00,29.64,71.6,0.0,45.6,6.52,28.73,40.02,-6.926905,107.608965,Asia/Jakarta
2026-01-20 12:00:00,31.19,72.4,0.0,30.1,6.75,29.26,48.66,-6.926905,107.608965,Asia/Jakarta
2026-01-20 15:00:00,29.31,80.4,0.0,37.0,5.46,27.78,44.66,-6.926905,107.608965,Asia/Jakarta
2026-01-20 18:00:00,22.55,92.9,0.0,51.0,4.64,21.45,56.21,-6.926905,107.608965,Asia/Jakarta
2026-01-20 21:00:00,23.77,90.4,7.4,61.6,3.84,22.87,71.82,-6.926905,107.608965,Asia/Jakarta
2026-01-21 00:00:00,24.53,84.2,10.86,49.5,5.16,23.51,83.63,-6.926905,107.608965,Asia/Jakarta
2026-01-21 03:00:00,24.63,87.5,0.0,52.8,4.82,22.95,53.48,-6.926905,107.608965,Asia/Jakarta
2026-01-21 06:00:00,22.97,87.5,0.0,62.8,5.41,21.12,60.71,-6.926905,107.608965,Asia/Jakarta
2026-01-21 09:00:00,30.27,75.9,4.54,29.3,5.75,28.6,51.02,-6.926905,107.608965,Asia/Jakarta
2026-01-21 12:00:00,29.85,77.4,0.0,32.6,7.41,28.32,37.09,-6.926905,107.608965,Asia/Jakarta
2026-01-21 15:00:00,28.48,83.1,0.7,45.1,7.07,27.35,47.09,-6.926905,107.608965,Asia/Jakarta
2026-01-21 18:00:00,25.16,82.3,8.2,45.3,3.43,23.59,70.85,-6.926905,107.608965,Asia/Jakarta
2026-01-21 21:00:00,24.72,90.1,0.71,64.8,5.55,24.09,63.51,-6.926905,107.608965,Asia/Jakarta
2026-01-22 00:00:00,22.82,88.7,1.12,62.0,5.97,21.35,54.78,-6.926905,107.608965,Asia/Jakarta
2026-01-22 03:00:00,23.0,93.0,8.67,60.2,3.55,21.35,79.77,-6.926905,107.608965,Asia/Jakarta
2026-01-22 06:00:00,23.64,88.6,3.14,62.2,4.68,21.77,55.88,-6.926905,107.608965,Asia/Jakarta
2026-01-22 09:00:00,28.27,78.7,0.0,45.4,6.58,26.89,41.71,-6.926905,107.608965,Asia/Jakarta
2026-01-22 12:00:00,32.14,75.6,0.0,31.8,5.72,30.27,36.43,-6.926905,107.608965,Asia/Jakarta
2026-01-22 15:00:00,29.3,80.5,0.0,41.5,7.11,27.52,42.86,-6.926905,107.608965,Asia/Jakarta
2026-01-22 18:00:00,22.68,88.7,2.03,43.6,5.8,21.39,52.67,-6.926905,107.608965,Asia/Jakarta
2026-01-22 21:00:00,25.07,85.4,0.0,51.0,5.64,23.13,47.78,-6.926905,107.608965,Asia/Jakarta
2026-01-23 00:00:00,24.94,86.4,0.0,44.6,5.99,23.68,47.41,-6.926905,107.608965,Asia/Jakarta
2026-01-23 03:00:00,22.92,89.1,0.0,48.3,5.1,21.4,55.56,-6.926905,107.608965,Asia/Jakarta
2026-01-23 06:00:00,25.44,89.2,0.0,48.6,5.96,23.55,57.17,-6.926905,107.608965,Asia/Jakarta
2026-01-23 09:00:00,29.35,71.7,0.0,33.8,5.63,28.28,48.71,-6.926905,107.608965,Asia/Jakarta
2026-01-23 12:00:00,32.09,72.1,0.0,29.9,6.08,30.38,34.64,-6.926905,107.608965,Asia/Jakarta
2026-01-23 15:00:00,29.85,78.5,0.0,42.9,7.61,28.77,47.16,-6.926905,107.608965,Asia/Jakarta
2026-01-23 18:00:00,22.53,86.7,5.48,57.2,3.72,21.87,59.2,-6.926905,107.608965,Asia/Jakarta
2026-01-23 21:00:00,22.99,84.9,3.78,54.4,3.95,22.11,55.34,-6.926905,107.608965,Asia/Jakarta
2026-01-24 00:00:00,22.66,94.7,6.95,58.3,5.34,20.97,70.95,-6.926905,107.608965,Asia/Jakarta
2026-01-24 03:00:00,25.39,85.0,3.91,42.4,5.74,24.3,56.56,-6.926905,107.608965,Asia/Jakarta
2026-01-24 06:00:00,22.74,92.9,3.97,59.7,3.8,21.31,69.34,-6.926905,107.608965,Asia/Jakarta
2026-01-24 09:00:00,29.74,76.9,0.0,48.5,5.85,28.99,51.1,-6.926905,107.608965,Asia/Jakarta
2026-01-24 12:00:00,32.29,71.9,6.79,30.7,5.94,31.77,52.06,-6.926905,107.608965,Asia/Jakarta
2026-01-24 15:00:00,28.88,81.0,0.0,37.1,6.13,27.3,43.87,-6.926905,107.608965,Asia/Jakarta
2026-01-24 18:00:00,23.56,87.4,0.0,51.9,3.63,21.76,56.58,-6.926905,107.608965,Asia/Jakarta
2026-01-24 21:00:00,23.32,94.0,0.0,61.8,3.25,22.09,59.06,-6.926905,107.608965,Asia/Jakarta
2026-01-25 00:00:00,24.79,86.2,3.1,52.4,3.6,23.59,61.47,-6.926905,107.608965,Asia/Jakarta
2026-01-25 03:00:00,24.96,87.2,1.53,59.6,4.05,23.99,50.62,-6.926905,107.608965,Asia/Jakarta
2026-01-25 06:00:00,24.38,82.4,0.0,48.5,5.05,23.4,55.57,-6.926905,107.608965,Asia/Jakarta
2026-01-25 09:00:00,29.77,78.9,5.7,36.4,5.1,28.61,65.21,-6.926905,107.608965,Asia/Jakarta
2026-01-25 12:00:00,29.58,72.4,0.0,33.0,6.43,28.5,43.12,-6.926905,107.608965,Asia/Jakarta
2026-01-25 15:00:00,29.6,79.6,2.64,41.6,6.64,28.51,57.42,-6.926905,107.608965,Asia/Jakarta
2026-01-25 18:00:00,25.22,83.5,4.14,37.5,2.7,24.53,64.11,-6.926905,107.608965,Asia/Jakarta
2026-01-25 21:00:00,23.0,86.3,0.0,45.7,5.7,21.18,55.42,-6.926905,107.608965,Asia/Jakarta
2026-01-26 00:00:00,22.89,87.9,0.38,53.9,3.72,21.44,60.41,-6.926905,107.608965,Asia/Jakarta
2026-01-26 03:00:00,23.46,87.7,0.0,47.7,4.74,22.29,54.53,-6.926905,107.608965,Asia/Jakarta
2026-01-26 06:00:00,24.69,87.3,0.0,40.2,5.63,22.8,61.74,-6.926905,107.608965,Asia/Jakarta
2026-01-26 09:00:00,29.77,73.9,0.0,47.4,7.28,28.15,46.06,-6.926905,107.608965,Asia/Jakarta
2026-01-26 12:00:00,31.68,73.9,3.0,43.9,5.6,29.77,54.69,-6.926905,107.608965,Asia/Jakarta
2026-01-26 15:00:00,29.68,79.2,0.0,41.2,7.23,28.19,37.92,-6.926905,107.608965,Asia/Jakarta
2026-01-26 18:00:00,24.92,88.6,0.0,61.1,4.56,24.15,57.15,-6.926905,107.608965,Asia/Jakarta
2026-01-26 21:00:00,23.32,91.1,2.16,63.4,5.57,21.88,55.1,-6.926905,107.608965,Asia/Jakarta
2026-01-27 00:00:00,23.99,89.6,0.0,55.6,4.66,22.26,49.28,-6.926905,107.608965,Asia/Jakarta
2026-01-27 03:00:00,24.49,85.2,0.36,38.1,4.46,23.48,59.95,-6.926905,107.608965,Asia/Jakarta
2026-01-27 06:00:00,24.64,90.9,3.08,49.7,5.09,23.66,61.29,-6.926905,107.608965,Asia/Jakarta
2026-01-27 09:00:00,29.96,75.7,0.0,29.4,6.63,28.74,46.83,-6.926905,107.608965,Asia/Jakarta
2026-01-27 12:00:00,31.62,70.1,0.0,36.9,6.09,29.99,44.57,-6.926905,107.608965,Asia/Jakarta
2026-01-27 15:00:00,27.52,76.0,3.16,36.5,7.03,25.69,47.32,-6.926905,107.608965,Asia/Jakarta
2026-01-27 18:00:00,22.73,90.7,4.36,54.7,4.07,21.25,64.93,-6.926905,107.608965,Asia/Jakarta
2026-01-27 21:00:00,25.21,90.2,7.31,63.7,3.26,24.28,71.2,-6.926905,107.608965,Asia/Jakarta
2026-01-28 00:00:00,24.64,87.6,0.0,51.1,5.32,23.77,47.77,-6.926905,107.608965,Asia/Jakarta
2026-01-28 03:00:00,25.46,87.1,6.53,55.4,5.35,24.83,66.04,-6.926905,107.608965,Asia/Jakarta
2026-01-28 06:00:00,24.45,84.4,0.0,52.0,2.69,23.93,49.89,-6.926905,107.608965,Asia/Jakarta
2026-01-28 09:00:00,29.26,73.7,0.0,31.1,6.16,27.74,48.8,-6.926905,107.608965,Asia/Jakarta
2026-01-28 12:00:00,29.7,76.6,2.29,50.9,8.42,28.45,52.95,-6.926905,107.608965,Asia/Jakarta
2026-01-28 15:00:00,28.82,77.3,0.0,35.1,6.95,27.86,44.4,-6.926905,107.608965,Asia/Jakarta
2026-01-28 18:00:00,23.55,87.1,3.84,60.3,5.65,22.13,63.52,-6.926905,107.608965,Asia/Jakarta
2026-01-28 21:00:00,24.92,87.8,0.0,44.7,5.03,24.34,48.73,-6.926905,107.608965,Asia/Jakarta
2026-01-29 00:00:00,23.65,85.6,4.83,45.2,5.38,22.05,66.22,-6.926905,107.608965,Asia/Jakarta
2026-01-29 03:00:00,22.91,92.0,0.0,48.5,2.79,21.29,52.84,-6.926905,107.608965,Asia/Jakarta
2026-01-29 06:00:00,22.71,95.2,2.34,59.7,5.25,21.99,59.58,-6.926905,107.608965,Asia/Jakarta
2026-01-29 09:00:00,28.2,78.3,0.78,49.5,5.62,27.54,43.32,-6.926905,107.608965,Asia/Jakarta
2026-01-29 12:00:00,31.4,68.5,2.82,40.3,6.77,30.74,46.2,-6.926905,107.608965,Asia/Jakarta
2026-01-29 15:00:00,30.26,79.4,0.0,54.5,5.12,28.77,52.92,-6.926905,107.608965,Asia/Jakarta
2026-01-29 18:00:00,23.86,91.9,7.52,65.3,2.69,23.28,72.87,-6.926905,107.608965,Asia/Jakarta
2026-01-29 21:00:00,24.2,90.6,0.74,64.7,4.83,22.59,51.15,-6.926905,107.608965,Asia/Jakarta
2026-01-30 00:00:00,24.82,84.7,1.38,51.6,5.19,23.51,52.61,-6.926905,107.608965,Asia/Jakarta
2026-01-30 03:00:00,24.11,87.9,0.0,58.3,2.8,22.37,57.72,-6.926905,107.608965,Asia/Jakarta
2026-01-30 06:00:00,24.27,91.8,1.68,63.8,2.79,23.27,61.56,-6.926905,107.608965,Asia/Jakarta
2026-01-30 09:00:00,29.2,79.4,1.4,48.2,7.19,27.2,46.48,-6.926905,107.608965,Asia/Jakarta
2026-01-30 12:00:00,32.5,69.3,5.5,39.7,7.89,31.61,45.19,-6.926905,107.608965,Asia/Jakarta
2026-01-30 15:00:00,30.36,71.2,0.0,44.1,7.34,29.29,48.9,-6.926905,107.608965,Asia/Jakarta
2026-01-30 18:00:00,24.12,85.9,1.96,49.7,2.74,22.47,60.72,-6.926905,107.608965,Asia/Jakarta
2026-01-30 21:00:00,24.3,85.6,0.0,38.7,3.55,23.73,54.22,-6.926905,107.608965,Asia/Jakarta
2026-01-31 00:00:00,25.3,86.9,0.0,44.3,5.16,23.44,62.25,-6.926905,107.608965,Asia/Jakarta
2026-01-31 03:00:00,24.73,90.3,5.6,59.1,4.92,23.54,69.98,-6.926905,107.608965,Asia/Jakarta
2026-01-31 06:00:00,25.2,80.6,3.45,47.8,4.95,23.69,61.36,-6.926905,107.608965,Asia/Jakarta
2026-01-31 09:00:00,27.77,75.9,0.55,43.8,5.97,26.06,48.2,-6.926905,107.608965,Asia/Jakarta
2026-01-31 12:00:00,31.74,70.4,0.0,28.8,7.95,30.8,40.8,-6.926905,107.608965,Asia/Jakarta
2026-01-31 15:00:00,27.99,79.5,0.0,53.6,7.31,26.36,49.26,-6.926905,107.608965,Asia/Jakarta
2026-01-31 18:00:00,23.97,91.9,2.38,52.0,3.74,22.11,53.07,-6.926905,107.608965,Asia/Jakarta
2026-01-31 21:00:00,23.67,92.8,6.66,46.5,4.14,22.63,72.73,-6.926905,107.608965,Asia/Jakarta
2026-02-01 00:00:00,23.75,87.5,3.75,60.1,5.95,21.78,69.51,-6.926905,107.608965,Asia/Jakarta
2026-02-01 03:00:00,24.2,86.6,2.54,56.5,3.93,22.84,52.81,-6.926905,107.608965,Asia/Jakarta
2026-02-01 06:00:00,23.61,84.8,0.0,46.7,2.75,22.61,50.31,-6.926905,107.608965,Asia/Jakarta
2026-02-01 09:00:00,30.4,71.2,0.0,29.5,4.53,29.31,39.48,-6.926905,107.608965,Asia/Jakarta
2026-02-01 12:00:00,30.71,74.6,7.58,28.6,7.48,29.54,64.13,-6.926905,107.608965,Asia/Jakarta
2026-02-01 15:00:00,29.67,74.0,0.0,46.2,5.63,28.71,44.88,-6.926905,107.608965,Asia/Jakarta
2026-02-01 18:00:00,23.95,90.5,0.0,54.6,3.93,22.59,50.17,-6.926905,107.608965,Asia/Jakarta
2026-02-01 21:00:00,25.29,80.7,0.0,36.6,3.41,23.93,50.28,-6.926905,107.608965,Asia/Jakarta
2026-02-02 00:00:00,24.99,82.5,0.0,52.8,5.06,24.29,53.75,-6.926905,107.608965,Asia/Jakarta
2026-02-02 03:00:00,22.51,87.1,1.25,50.7,5.71,21.85,62.01,-6.926905,107.608965,Asia/Jakarta
2026-02-02 06:00:00,23.67,93.2,2.02,63.3,5.39,22.81,65.24,-6.926905,107.608965,Asia/Jakarta
2026-02-02 09:00:00,30.44,75.8,6.24,47.9,5.48,29.93,63.83,-6.926905,107.608965,Asia/Jakarta
2026-02-02 12:00:00,31.86,68.0,5.42,20.3,6.46,30.26,48.22,-6.926905,107.608965,Asia/Jakarta
2026-02-02 15:00:00,28.92,76.2,1.15,43.1,6.95,27.22,47.96,-6.926905,107.608965,Asia/Jakarta
2026-02-02 18:00:00,22.51,88.9,0.0,41.1,2.62,21.77,60.68,-6.926905,107.608965,Asia/Jakarta
2026-02-02 21:00:00,23.11,86.8,0.0,41.9,3.11,21.31,54.11,-6.926905,107.608965,Asia/Jakarta
2026-02-03 00:00:00,25.46,81.8,4.71,52.9,5.04,23.7,69.95,-6.926905,107.608965,Asia/Jakarta
2026-02-03 03:00:00,22.74,91.0,1.93,59.6,5.88,21.43,64.6,-6.926905,107.608965,Asia/Jakarta
2026-02-03 06:00:00,24.56,85.9,0.0,57.7,4.54,22.58,55.09,-6.926905,107.608965,Asia/Jakarta
2026-02-03 09:00:00,30.35,76.1,0.34,41.6,6.54,29.75,48.48,-6.926905,107.608965,Asia/Jakarta
2026-02-03 12:00:00,29.81,77.2,0.0,33.1,6.63,29.26,45.72,-6.926905,107.608965,Asia/Jakarta
2026-02-03 15:00:00,30.27,76.0,0.0,38.2,5.64,28.84,48.62,-6.926905,107.608965,Asia/Jakarta
2026-02-03 18:00:00,23.94,88.0,2.58,55.6,5.83,22.67,57.9,-6.926905,107.608965,Asia/Jakarta
2026-02-03 21:00:00,23.51,85.8,11.32,61.2,2.67,22.01,74.67,-6.926905,107.608965,Asia/Jakarta
2026-02-04 00:00:00,23.33,94.1,6.74,66.1,3.27,22.54,71.96,-6.926905,107.608965,Asia/Jakarta
2026-02-04 03:00:00,24.73,87.9,3.21,43.6,3.7,23.55,67.59,-6.926905,107.608965,Asia/Jakarta
2026-02-04 06:00:00,24.57,85.8,0.0,57.7,3.7,22.82,60.01,-6.926905,107.608965,Asia/Jakarta
2026-02-04 09:00:00,29.64,71.5,0.0,33.2,4.48,28.96,49.74,-6.926905,107.608965,Asia/Jakarta
2026-02-04 12:00:00,32.07,69.8,0.0,25.5,7.18,30.67,45.73,-6.926905,107.608965,Asia/Jakarta
2026-02-04 15:00:00,28.95,74.0,0.0,43.4,5.1,28.2,45.15,-6.926905,107.608965,Asia/Jakarta
2026-02-04 18:00:00,22.51,93.1,0.69,52.9,4.13,21.61,56.46,-6.926905,107.608965,Asia/Jakarta
2026-02-04 21:00:00,22.77,89.4,0.0,43.4,4.04,22.06,60.43,-6.926905,107.608965,Asia/Jakarta
2026-02-05 00:00:00,25.21,81.9,0.0,37.1,5.13,23.86,48.74,-6.926905,107.608965,Asia/Jakarta
2026-02-05 03:00:00,23.48,86.6,0.0,60.9,2.58,22.79,60.72,-6.926905,107.608965,Asia/Jakarta
2026-02-05 06:00:00,23.41,92.6,0.36,58.5,4.85,22.53,59.71,-6.926905,107.608965,Asia/Jakarta
2026-02-05 09:00:00,30.02,74.7,0.0,46.7,7.29,28.2,38.33,-6.926905,107.608965,Asia/Jakarta
2026-02-05 12:00:00,32.26,70.8,0.0,33.3,5.06,30.43,44.79,-6.926905,107.608965,Asia/Jakarta
2026-02-05 15:00:00,27.55,84.3,0.0,56.7,6.35,25.93,48.62,-6.926905,107.608965,Asia/Jakarta
2026-02-05 18:00:00,24.05,84.1,0.0,41.1,5.91,23.0,59.55,-6.926905,107.608965,Asia/Jakarta
2026-02-05 21:00:00,25.31,86.0,0.0,42.5,5.73,24.38,56.27,-6.926905,107.608965,Asia/Jakarta
2026-02-06 00:00:00,22.96,89.6,3.46,51.5,5.21,21.85,65.35,-6.926905,107.608965,Asia/Jakarta
2026-02-06 03:00:00,24.62,86.4,0.0,39.4,2.98,24.07,57.7,-6.926905,107.608965,Asia/Jakarta
2026-02-06 06:00:00,25.07,82.8,4.49,50.0,5.79,24.47,58.48,-6.926905,107.608965,Asia/Jakarta
2026-02-06 09:00:00,27.48,84.6,5.54,51.4,5.94,26.32,64.94,-6.926905,107.608965,Asia/Jakarta
2026-02-06 12:00:00,32.33,67.3,5.11,29.9,5.88,30.49,47.82,-6.926905,107.608965,Asia/Jakarta
2026-02-06 15:00:00,28.53,78.1,5.42,41.1,6.47,27.43,49.06,-6.926905,107.608965,Asia/Jakarta
2026-02-06 18:00:00,25.07,85.5,0.0,44.3,3.18,23.85,53.53,-6.926905,107.608965,Asia/Jakarta
2026-02-06 21:00:00,23.45,87.9,0.0,50.7,2.77,22.06,51.02,-6.926905,107.608965,Asia/Jakarta
2026-02-07 00:00:00,24.27,89.7,0.0,49.9,5.63,23.03,57.46,-6.926905,107.608965,Asia/Jakarta
2026-02-07 03:00:00,25.4,87.0,4.1,40.2,5.89,24.71,62.88,-6.926905,107.608965,Asia/Jakarta
2026-02-07 06:00:00,25.05,83.9,7.47,59.4,4.56,23.29,66.25,-6.926905,107.608965,Asia/Jakarta
2026-02-07 09:00:00,28.71,76.1,0.0,51.7,7.4,27.36,48.08,-6.926905,107.608965,Asia/Jakarta
2026-02-07 12:00:00,31.05,71.1,0.0,43.4,6.35,29.63,46.31,-6.926905,107.608965,Asia/Jakarta
2026-02-07 15:00:00,28.85,79.9,2.15,32.9,6.3,27.02,42.72,-6.926905,107.608965,Asia/Jakarta
2026-02-07 18:00:00,22.6,87.8,3.42,52.0,3.87,21.04,69.21,-6.926905,107.608965,Asia/Jakarta
2026-02-07 21:00:00,24.39,89.3,0.0,48.1,5.14,23.03,50.71,-6.926905,107.608965,Asia/Jakarta
2026-02-08 00:00:00,25.41,85.4,0.56,44.0,4.51,24.05,53.32,-6.926905,107.608965,Asia/Jakarta
2026-02-08 03:00:00,23.99,88.1,2.11,43.5,2.55,22.09,56.34,-6.926905,107.608965,Asia/Jakarta
2026-02-08 06:00:00,24.12,85.1,6.62,56.1,4.71,22.17,63.22,-6.926905,107.608965,Asia/Jakarta
2026-02-08 09:00:00,29.2,72.3,0.0,42.4,7.28,28.26,37.33,-6.926905,107.608965,Asia/Jakarta
2026-02-08 12:00:00,31.49,69.9,5.29,41.7,6.57,29.75,54.64,-6.926905,107.608965,Asia/Jakarta
2026-02-08 15:00:00,27.56,82.2,0.19,52.4,6.22,26.04,48.87,-6.926905,107.608965,Asia/Jakarta
2026-02-08 18:00:00,25.46,83.6,0.0,45.9,3.86,23.87,49.65,-6.926905,107.608965,Asia/Jakarta
2026-02-08 21:00:00,24.23,85.5,11.87,61.4,3.21,23.27,88.3,-6.926905,107.608965,Asia/Jakarta
2026-02-09 00:00:00,24.44,87.5,3.76,59.1,3.26,23.51,62.65,-6.926905,107.608965,Asia/Jakarta
2026-02-09 03:00:00,24.6,83.5,0.0,48.2,3.93,22.96,49.58,-6.926905,107.608965,Asia/Jakarta
2026-02-09 06:00:00,24.49,88.1,0.0,61.0,4.97,22.87,49.89,-6.926905,107.608965,Asia/Jakarta
2026-02-09 09:00:00,28.18,75.7,3.81,27.8,7.53,26.85,54.43,-6.926905,107.608965,Asia/Jakarta
2026-02-09 12:00:00,29.85,72.7,2.0,45.6,6.64,28.84,44.04,-6.926905,107.608965,Asia/Jakarta
2026-02-09 15:00:00,29.94,74.4,2.39,37.2,4.75,28.13,53.63,-6.926905,107.608965,Asia/Jakarta
2026-02-09 18:00:00,24.49,87.3,3.72,42.5,3.3,23.2,69.93,-6.926905,107.608965,Asia/Jakarta
2026-02-09 21:00:00,25.45,84.2,5.08,55.5,3.75,23.59,68.16,-6.926905,107.608965,Asia/Jakarta
2026-02-10 00:00:00,23.21,92.8,4.24,49.8,4.03,22.55,64.81,-6.926905,107.608965,Asia/Jakarta
2026-02-10 03:00:00,25.12,82.2,2.14,52.4,5.75,24.1,57.76,-6.926905,107.608965,Asia/Jakarta
2026-02-10 06:00:00,25.14,81.0,1.51,55.2,5.45,24.25,57.95,-6.926905,107.608965,Asia/Jakarta
2026-02-10 09:00:00,28.54,80.2,1.41,39.6,5.52,27.38,43.05,-6.926905,107.608965,Asia/Jakarta
2026-02-10 12:00:00,30.4,77.4,0.0,45.7,6.81,28.62,35.34,-6.926905,107.608965,Asia/Jakarta
2026-02-10 15:00:00,27.87,78.9,0.0,51.1,7.65,26.14,48.42,-6.926905,107.608965,Asia/Jakarta
2026-02-10 18:00:00,23.6,84.7,0.0,58.9,3.6,21.76,53.92,-6.926905,107.608965,Asia/Jakarta
2026-02-10 21:00:00,24.86,86.4,6.97,46.7,4.0,23.62,74.11,-6.926905,107.608965,Asia/Jakarta
2026-02-11 00:00:00,22.61,89.4,0.0,57.3,5.46,20.66,55.51,-6.926905,107.608965,Asia/Jakarta
2026-02-11 03:00:00,24.13,87.6,6.41,44.6,4.54,23.15,65.25,-6.926905,107.608965,Asia/Jakarta
2026-02-11 06:00:00,22.68,93.2,0.0,52.8,2.68,21.73,61.75,-6.926905,107.608965,Asia/Jakarta
2026-02-11 09:00:00,29.69,74.3,4.76,31.2,4.99,28.96,56.22,-6.926905,107.608965,Asia/Jakarta
2026-02-11 12:00:00,30.4,79.1,6.94,39.7,6.12,29.79,49.13,-6.926905,107.608965,Asia/Jakarta
2026-02-11 15:00:00,30.04,78.9,0.0,48.2,7.55,28.94,47.31,-6.926905,107.608965,Asia/Jakarta
2026-02-11 18:00:00,24.11,82.7,0.0,50.0,5.87,22.5,62.93,-6.926905,107.608965,Asia/Jakarta
2026-02-11 21:00:00,25.22,84.9,0.0,45.9,5.12,24.48,53.23,-6.926905,107.608965,Asia/Jakarta
2026-02-12 00:00:00,25.29,85.2,0.0,52.4,4.12,24.07,58.77,-6.926905,107.608965,Asia/Jakarta
2026-02-12 03:00:00,24.67,83.2,3.02,56.6,4.14,23.34,56.99,-6.926905,107.608965,Asia/Jakarta
2026-02-12 06:00:00,24.45,84.6,6.03,50.1,5.55,23.16,63.23,-6.926905,107.608965,Asia/Jakarta
2026-02-12 09:00:00,29.16,80.6,0.0,54.7,4.81,27.24,48.68,-6.926905,107.608965,Asia/Jakarta
2026-02-12 12:00:00,29.77,78.6,0.0,53.7,7.46,28.14,35.23,-6.926905,107.608965,Asia/Jakarta
2026-02-12 15:00:00,27.45,84.9,4.93,60.9,5.49,26.58,58.91,-6.926905,107.608965,Asia/Jakarta
2026-02-12 18:00:00,24.7,90.5,6.15,51.1,3.47,23.28,74.02,-6.926905,107.608965,Asia/Jakarta
2026-02-12 21:00:00,23.45,92.9,0.0,66.2,2.8,22.88,59.25,-6.926905,107.608965,Asia/Jakarta
2026-02-13 00:00:00,23.2,88.5,0.0,41.2,3.05,21.98,49.41,-6.926905,107.608965,Asia/Jakarta
2026-02-13 03:00:00,23.48,86.9,1.28,53.6,4.06,22.16,62.83,-6.926905,107.608965,Asia/Jakarta
2026-02-13 06:00:00,23.64,88.0,0.0,50.2,4.54,22.93,53.99,-6.926905,107.608965,Asia/Jakarta
2026-02-13 09:00:00,28.03,82.1,4.06,53.2,5.73,26.92,59.64,-6.926905,107.608965,Asia/Jakarta
2026-02-13 12:00:00,31.11,71.7,2.51,46.8,6.53,29.59,39.33,-6.926905,107.608965,Asia/Jakarta
2026-02-13 15:00:00,29.92,79.8,0.26,36.0,4.86,28.76,43.46,-6.926905,107.608965,Asia/Jakarta
2026-02-13 18:00:00,24.06,90.6,7.74,57.9,5.77,22.97,74.66,-6.926905,107.608965,Asia/Jakarta
2026-02-13 21:00:00,22.73,87.5,0.0,39.9,3.86,22.0,48.65,-6.926905,107.608965,Asia/Jakarta
2026-02-14 00:00:00,23.68,92.4,6.42,56.7,5.81,22.57,72.34,-6.926905,107.608965,Asia/Jakarta
2026-02-14 03:00:00,24.33,87.3,0.0,58.7,4.84,23.7,51.5,-6.926905,107.608965,Asia/Jakarta
2026-02-14 06:00:00,22.77,93.5,0.0,51.2,4.98,21.25,60.74,-6.926905,107.608965,Asia/Jakarta
2026-02-14 09:00:00,28.14,75.1,0.0,44.2,5.63,27.07,40.86,-6.926905,107.608965,Asia/Jakarta
2026-02-14 12:00:00,30.04,77.6,4.32,33.1,7.93,29.1,47.4,-6.926905,107.608965,Asia/Jakarta
2026-02-14 15:00:00,27.46,81.9,0.0,44.8,7.26,26.71,43.15,-6.926905,107.608965,Asia/Jakarta
2026-02-14 18:00:00,24.22,83.1,0.0,55.2,4.29,23.61,55.43,-6.926905,107.608965,Asia/Jakarta
2026-02-14 21:00:00,23.65,93.4,1.59,55.3,4.81,21.85,51.46,-6.926905,107.608965,Asia/Jakarta
2026-01-01 00:00:00,25.17,83.3,0.0,49.5,4.05,24.17,56.8,-6.921524,107.607873,Asia/Jakarta
2026-01-01 03:00:00,24.03,89.1,0.0,43.6,3.83,22.18,60.13,-6.921524,107.607873,Asia/Jakarta
2026-01-01 06:00:00,23.33,93.8,0.0,55.8,4.41,21.35,51.61,-6.921524,107.607873,Asia/Jakarta
2026-01-01 09:00:00,30.07,72.3,0.0,44.1,5.77,29.3,38.0,-6.921524,107.607873,Asia/Jakarta
2026-01-01 12:00:00,31.55,68.5,0.0,25.5,5.68,30.67,37.26,-6.921524,107.607873,Asia/Jakarta
2026-01-01 15:00:00,29.96,74.9,0.0,46.1,4.32,29.2,44.53,-6.921524,107.607873,Asia/Jakarta
2026-01-01 18:00:00,24.05,82.9,0.0,40.8,5.97,22.42,57.22,-6.921524,107.607873,Asia/Jakarta
2026-01-01 21:00:00,25.02,85.0,0.0,39.3,3.32,24.22,50.56,-6.921524,107.607873,Asia/Jakarta
2026-01-02 00:00:00,22.87,92.8,0.0,50.9,3.61,21.15,51.09,-6.921524,107.607873,Asia/Jakarta
2026-01-02 03:00:00,23.01,94.1,0.0,66.9,3.52,22.25,59.13,-6.921524,107.607873,Asia/Jakarta
2026-01-02 06:00:00,22.52,93.7,0.0,57.9,4.42,21.04,52.7,-6.921524,107.607873,Asia/Jakarta
2026-01-02 09:00:00,27.59,81.1,0.53,57.1,4.66,26.5,45.31,-6.921524,107.607873,Asia/Jakarta
2026-01-02 12:00:00,29.51,80.9,0.0,36.7,5.58,27.73,48.44,-6.921524,107.607873,Asia/Jakarta
2026-01-02 15:00:00,29.73,75.5,0.0,33.0,5.24,29.13,51.79,-6.921524,107.607873,Asia/Jakarta
2026-01-02 18:00:00,25.16,83.3,0.0,36.6,4.91,24.59,49.7,-6.921524,107.607873,Asia/Jakarta
2026-01-02 21:00:00,24.77,86.1,0.0,52.5,5.26,23.92,50.84,-6.921524,107.607873,Asia/Jakarta
2026-01-03 00:00:00,25.38,82.9,0.0,53.1,5.91,24.53,57.87,-6.921524,107.607873,Asia/Jakarta
2026-01-03 03:00:00,24.43,85.5,0.0,42.5,3.43,23.08,60.49,-6.921524,107.607873,Asia/Jakarta
2026-01-03 06:00:00,23.57,89.0,0.0,45.5,4.33,21.84,57.25,-6.921524,107.607873,Asia/Jakarta
2026-01-03 09:00:00,28.31,77.9,0.25,35.8,6.54,26.59,45.9,-6.921524,107.607873,Asia/Jakarta
2026-01-03 12:00:00,30.5,69.7,0.0,41.6,6.79,29.84,40.93,-6.921524,107.607873,Asia/Jakarta
2026-01-03 15:00:00,29.2,80.2,2.1,35.1,5.01,28.55,49.53,-6.921524,107.607873,Asia/Jakarta
2026-01-03 18:00:00,24.34,86.9,0.0,45.8,4.92,22.81,56.09,-6.921524,107.607873,Asia/Jakarta
2026-01-03 21:00:00,23.91,87.8,0.0,45.9,2.6,22.88,58.36,-6.921524,107.607873,Asia/Jakarta
2026-01-04 00:00:00,24.08,91.5,0.0,60.0,4.35,22.18,52.27,-6.921524,107.607873,Asia/Jakarta
2026-01-04 03:00:00,24.76,86.0,0.0,56.7,3.92,23.6,62.13,-6.921524,107.607873,Asia/Jakarta
2026-01-04 06:00:00,23.16,88.4,5.47,41.7,5.59,22.5,66.55,-6.921524,107.607873,Asia/Jakarta
2026-01-04 09:00:00,27.47,76.6,0.0,28.6,6.35,26.74,45.12,-6.921524,107.607873,Asia/Jakarta
2026-01-04 12:00:00,32.02,67.3,0.0,32.1,7.19,31.2,33.08,-6.921524,107.607873,Asia/Jakarta
2026-01-04 15:00:00,28.19,77.6,2.53,39.3,6.39,26.97,54.0,-6.921524,107.607873,Asia/Jakarta
2026-01-04 18:00:00,23.82,84.5,4.8,58.5,3.51,23.25,66.5,-6.921524,107.607873,Asia/Jakarta
2026-01-04 21:00:00,24.5,82.7,0.0,39.4,2.74,23.61,52.04,-6.921524,107.607873,Asia/Jakarta
2026-01-05 00:00:00,24.44,82.5,0.0,42.7,5.6,22.7,49.51,-6.921524,107.607873,Asia/Jakarta
2026-01-05 03:00:00,25.34,82.3,4.97,49.0,5.85,24.3,70.14,-6.921524,107.607873,Asia/Jakarta
2026-01-05 06:00:00,24.3,83.5,0.0,52.3,2.65,22.33,57.46,-6.921524,107.607873,Asia/Jakarta
2026-01-05 09:00:00,28.01,80.4,0.0,45.8,5.1,27.47,48.38,-6.921524,107.607873,Asia/Jakarta
2026-01-05 12:00:00,29.75,76.9,0.0,43.4,6.07,28.84,48.65,-6.921524,107.607873,Asia/Jakarta
2026-01-05 15:00:00,28.92,79.2,0.0,46.9,4.4,26.99,49.27,-6.921524,107.607873,Asia/Jakarta
2026-01-05 18:00:00,22.62,95.5,5.42,58.5,3.59,21.54,72.09,-6.921524,107.607873,Asia/Jakarta
2026-01-05 21:00:00,25.08,86.3,0.42,61.0,3.85,24.53,60.4,-6.921524,107.607873,Asia/Jakarta
2026-01-06 00:00:00,23.1,91.6,0.0,44.1,5.68,21.25,53.42,-6.921524,107.607873,Asia/Jakarta
2026-01-06 03:00:00,24.69,82.3,0.0,35.5,2.57,23.13,59.97,-6.921524,107.607873,Asia/Jakarta
2026-01-06 06:00:00,23.99,91.7,0.0,54.0,5.62,22.21,47.51,-6.921524,107.607873,Asia/Jakarta
2026-01-06 09:00:00,30.19,77.9,1.73,51.4,7.04,29.0,48.21,-6.921524,107.607873,Asia/Jakarta
2026-01-06 12:00:00,29.71,78.0,0.0,52.9,5.35,28.51,38.12,-6.921524,107.607873,Asia/Jakarta
2026-01-06 15:00:00,28.14,76.6,4.74,46.9,5.19,26.99,61.27,-6.921524,107.607873,Asia/Jakarta
2026-01-06 18:00:00,24.17,89.6,0.0,52.4,5.79,22.45,53.16,-6.921524,107.607873,Asia/Jakarta
2026-01-06 21:00:00,24.58,87.1,0.0,40.7,5.44,23.91,56.39,-6.921524,107.607873,Asia/Jakarta
2026-01-07 00:00:00,25.05,88.2,0.0,55.2,4.28,24.3,61.59,-6.921524,107.607873,Asia/Jakarta
2026-01-07 03:00:00,24.23,89.0,0.0,42.6,2.59,23.58,55.48,-6.921524,107.607873,Asia/Jakarta
2026-01-07 06:00:00,24.59,88.3,8.88,53.8,3.79,23.75,73.98,-6.921524,107.607873,Asia/Jakarta
2026-01-07 09:00:00,29.57,73.9,0.0,36.8,4.7,28.22,42.23,-6.921524,107.607873,Asia/Jakarta
2026-01-07 12:00:00,32.41,65.4,0.0,37.1,7.18,31.09,37.09,-6.921524,107.607873,Asia/Jakarta
2026-01-07 15:00:00,30.22,70.7,7.27,40.7,4.47,29.66,64.84,-6.921524,107.607873,Asia/Jakarta
2026-01-07 18:00:00,23.83,87.3,0.0,42.8,5.98,22.7,47.81,-6.921524,107.607873,Asia/Jakarta
2026-01-07 21:00:00,25.41,80.2,0.0,50.7,3.06,23.8,53.58,-6.921524,107.607873,Asia/Jakarta
2026-01-08 00:00:00,23.03,90.5,4.16,58.3,5.27,21.14,58.61,-6.921524,107.607873,Asia/Jakarta
2026-01-08 03:00:00,24.73,83.9,7.79,50.0,5.38,22.88,73.73,-6.921524,107.607873,Asia/Jakarta
2026-01-08 06:00:00,23.62,91.6,0.0,59.0,4.91,22.51,60.0,-6.921524,107.607873,Asia/Jakarta
2026-01-08 09:00:00,29.92,73.6,0.0,32.2,5.55,28.73,51.52,-6.921524,107.607873,Asia/Jakarta
2026-01-08 12:00:00,31.18,77.5,0.0,45.5,8.34,30.58,40.75,-6.921524,107.607873,Asia/Jakarta
2026-01-08 15:00:00,27.63,82.2,0.0,38.7,6.7,26.06,42.77,-6.921524,107.607873,Asia/Jakarta
2026-01-08 18:00:00,22.67,89.9,4.14,61.3,4.45,21.56,59.23,-6.921524,107.607873,Asia/Jakarta
2026-01-08 21:00:00,24.8,82.2,0.72,41.1,2.57,22.92,49.56,-6.921524,107.607873,Asia/Jakarta
2026-01-09 00:00:00,23.55,93.3,5.35,46.7,3.2,22.03,60.36,-6.921524,107.607873,Asia/Jakarta
2026-01-09 03:00:00,25.04,85.3,0.0,40.8,2.5,24.31,48.77,-6.921524,107.607873,Asia/Jakarta
2026-01-09 06:00:00,23.84,93.1,7.44,62.7,4.04,21.91,66.78,-6.921524,107.607873,Asia/Jakarta
2026-01-09 09:00:00,27.48,84.2,10.75,54.5,6.7,25.9,63.27,-6.921524,107.607873,Asia/Jakarta
2026-01-09 12:00:00,32.25,72.3,0.0,29.4,5.35,31.14,47.54,-6.921524,107.607873,Asia/Jakarta
2026-01-09 15:00:00,28.64,82.4,0.0,38.4,4.39,27.67,48.91,-6.921524,107.607873,Asia/Jakarta
2026-01-09 18:00:00,25.35,83.9,2.05,59.5,2.73,23.36,59.67,-6.921524,107.607873,Asia/Jakarta
2026-01-09 21:00:00,23.32,89.1,1.15,49.1,3.49,21.33,62.44,-6.921524,107.607873,Asia/Jakarta
2026-01-10 00:00:00,24.04,92.5,6.05,45.6,4.67,22.18,66.56,-6.921524,107.607873,Asia/Jakarta
2026-01-10 03:00:00,23.46,91.9,0.0,52.3,3.15,22.6,61.56,-6.921524,107.607873,Asia/Jakarta
2026-01-10 06:00:00,22.59,92.0,4.53,67.8,5.53,20.93,59.44,-6.921524,107.607873,Asia/Jakarta
2026-01-10 09:00:00,27.62,83.3,4.24,45.7,5.69,26.13,51.6,-6.921524,107.607873,Asia/Jakarta
2026-01-10 12:00:00,30.47,76.6,7.87,32.9,8.4,28.68,52.14,-6.921524,107.607873,Asia/Jakarta
2026-01-10 15:00:00,30.38,72.2,0.0,32.2,7.58,29.23,45.11,-6.921524,107.607873,Asia/Jakarta
2026-01-10 18:00:00,22.72,91.0,0.0,43.3,2.74,21.44,62.62,-6.921524,107.607873,Asia/Jakarta
2026-01-10 21:00:00,25.36,84.5,6.03,41.0,5.22,24.02,67.36,-6.921524,107.607873,Asia/Jakarta
2026-01-11 00:00:00,25.31,86.6,4.84,47.8,5.41,24.64,59.78,-6.921524,107.607873,Asia/Jakarta
2026-01-11 03:00:00,22.86,89.6,2.28,65.4,3.78,21.81,59.98,-6.921524,107.607873,Asia/Jakarta
2026-01-11 06:00:00,25.37,86.2,0.0,47.1,4.36,24.47,61.23,-6.921524,107.607873,Asia/Jakarta
2026-01-11 09:00:00,27.73,82.7,0.0,42.9,6.31,26.18,50.71,-6.921524,107.607873,Asia/Jakarta
2026-01-11 12:00:00,31.27,74.1,5.69,48.5,6.39,30.17,47.93,-6.921524,107.607873,Asia/Jakarta
2026-01-11 15:00:00,28.39,73.8,1.1,35.0,6.6,27.76,40.53,-6.921524,107.607873,Asia/Jakarta
2026-01-11 18:00:00,24.9,90.4,4.13,63.4,5.83,23.52,57.29,-6.921524,107.607873,Asia/Jakarta
2026-01-11 21:00:00,23.92,88.2,3.25,54.3,5.42,22.22,56.91,-6.921524,107.607873,Asia/Jakarta
2026-01-12 00:00:00,23.3,93.0,0.68,64.3,4.76,21.86,59.2,-6.921524,107.607873,Asia/Jakarta
2026-01-12 03:00:00,23.98,89.7,0.0,44.4,3.96,23.06,48.43,-6.921524,107.607873,Asia/Jakarta
2026-01-12 06:00:00,23.63,86.8,0.0,61.3,4.01,22.9,52.37,-6.921524,107.607873,Asia/Jakarta
2026-01-12 09:00:00,27.87,83.1,0.0,54.1,6.98,26.36,37.73,-6.921524,107.607873,Asia/Jakarta
2026-01-12 12:00:00,29.78,80.5,0.0,35.1,5.38,28.62,42.33,-6.921524,107.607873,Asia/Jakarta
2026-01-12 15:00:00,29.3,77.0,0.0,30.1,6.37,28.42,52.58,-6.921524,107.607873,Asia/Jakarta
2026-01-12 18:00:00,23.84,91.0,0.0,50.3,5.71,22.11,57.37,-6.921524,107.607873,Asia/Jakarta
2026-01-12 21:00:00,25.15,88.5,4.54,62.0,4.21,24.27,71.8,-6.921524,107.607873,Asia/Jakarta
2026-01-13 00:00:00,24.68,86.6,0.0,39.0,5.32,24.17,56.73,-6.921524,107.607873,Asia/Jakarta
2026-01-13 03:00:00,25.06,89.7,0.0,53.9,3.44,24.13,50.08,-6.921524,107.607873,Asia/Jakarta
2026-01-13 06:00:00,25.02,84.1,0.0,36.9,2.89,24.45,58.55,-6.921524,107.607873,Asia/Jakarta
2026-01-13 09:00:00,28.58,82.7,0.0,40.0,6.08,27.43,50.28,-6.921524,107.607873,Asia/Jakarta
2026-01-13 12:00:00,31.91,72.1,0.0,39.3,7.72,31.26,48.99,-6.921524,107.607873,Asia/Jakarta
2026-01-13 15:00:00,29.55,76.8,0.0,38.9,7.63,27.69,38.3,-6.921524,107.607873,Asia/Jakarta
2026-01-13 18:00:00,25.14,89.5,0.0,64.6,5.22,24.47,49.31,-6.921524,107.607873,Asia/Jakarta
2026-01-13 21:00:00,24.62,88.7,0.0,49.1,3.17,24.04,59.44,-6.921524,107.607873,Asia/Jakarta
2026-01-14 00:00:00,24.95,83.5,0.0,47.7,5.44,23.42,56.36,-6.921524,107.607873,Asia/Jakarta
2026-01-14 03:00:00,23.46,84.7,2.05,40.8,4.53,22.63,51.52,-6.921524,107.607873,Asia/Jakarta
2026-01-14 06:00:00,24.67,84.0,4.46,46.4,4.9,22.82,64.74,-6.921524,107.607873,Asia/Jakarta
2026-01-14 09:00:00,27.81,79.0,0.0,39.5,7.48,26.99,47.21,-6.921524,107.607873,Asia/Jakarta
2026-01-14 12:00:00,30.36,75.2,1.42,35.5,5.82,28.84,44.14,-6.921524,107.607873,Asia/Jakarta
2026-01-14 15:00:00,28.64,79.6,6.07,41.1,6.12,27.05,52.76,-6.921524,107.607873,Asia/Jakarta
2026-01-14 18:00:00,25.3,88.9,0.0,45.4,5.19,24.76,60.55,-6.921524,107.607873,Asia/Jakarta
2026-01-14 21:00:00,25.49,89.6,0.0,63.0,4.43,24.61,54.83,-6.921524,107.607873,Asia/Jakarta
2026-01-15 00:00:00,25.25,84.3,0.0,57.7,4.49,23.35,60.04,-6.921524,107.607873,Asia/Jakarta
2026-01-15 03:00:00,23.59,86.2,9.81,51.2,5.11,21.81,79.59,-6.921524,107.607873,Asia/Jakarta
2026-01-15 06:00:00,23.1,87.1,1.1,60.4,3.27,21.38,53.76,-6.921524,107.607873,Asia/Jakarta
2026-01-15 09:00:00,28.29,75.2,0.0,42.5,5.5,27.02,45.83,-6.921524,107.607873,Asia/Jakarta
2026-01-15 12:00:00,31.27,67.7,0.0,34.4,7.15,29.77,35.84,-6.921524,107.607873,Asia/Jakarta
2026-01-15 15:00:00,29.24,79.9,1.42,54.7,4.84,27.94,44.06,-6.921524,107.607873,Asia/Jakarta
2026-01-15 18:00:00,22.75,87.2,0.0,47.3,2.93,21.14,50.29,-6.921524,107.607873,Asia/Jakarta
2026-01-15 21:00:00,24.61,91.5,0.92,66.7,4.15,22.99,58.0,-6.921524,107.607873,Asia/Jakarta
2026-01-16 00:00:00,25.35,81.6,0.0,56.7,5.48,24.08,49.15,-6.921524,107.607873,Asia/Jakarta
2026-01-16 03:00:00,22.76,89.9,0.0,43.9,3.97,21.72,56.02,-6.921524,107.607873,Asia/Jakarta
2026-01-16 06:00:00,25.24,81.5,0.0,42.8,3.5,23.58,54.28,-6.921524,107.607873,Asia/Jakarta
2026-01-16 09:00:00,29.45,74.1,0.0,50.0,5.25,28.84,41.05,-6.921524,107.607873,Asia/Jakarta
2026-01-16 12:00:00,31.73,68.4,0.0,26.2,7.89,30.23,39.9,-6.921524,107.607873,Asia/Jakarta
2026-01-16 15:00:00,28.73,77.6,2.81,43.3,5.75,26.79,53.52,-6.921524,107.607873,Asia/Jakarta
2026-01-16 18:00:00,23.27,89.2,0.0,56.4,4.99,21.78,48.56,-6.921524,107.607873,Asia/Jakarta
2026-01-16 21:00:00,22.68,85.6,4.41,43.1,5.1,21.92,70.24,-6.921524,107.607873,Asia/Jakarta
2026-01-17 00:00:00,22.55,86.7,5.45,51.8,4.16,21.53,68.92,-6.921524,107.607873,Asia/Jakarta
2026-01-17 03:00:00,23.17,93.2,4.07,63.1,2.97,22.33,59.34,-6.921524,107.607873,Asia/Jakarta
2026-01-17 06:00:00,24.35,83.4,0.0,38.5,4.22,23.58,54.22,-6.921524,107.607873,Asia/Jakarta
2026-01-17 09:00:00,28.82,76.3,5.34,44.5,7.75,27.54,59.38,-6.921524,107.607873,Asia/Jakarta
2026-01-17 12:00:00,32.13,67.6,0.0,22.0,6.84,31.58,39.91,-6.921524,107.607873,Asia/Jakarta
2026-01-17 15:00:00,29.58,73.0,0.0,30.5,6.76,28.27,45.65,-6.921524,107.607873,Asia/Jakarta
2026-01-17 18:00:00,24.02,85.7,3.16,57.2,5.12,22.82,64.63,-6.921524,107.607873,Asia/Jakarta
2026-01-17 21:00:00,25.2,86.5,0.0,59.8,3.36,23.51,57.61,-6.921524,107.607873,Asia/Jakarta
2026-01-18 00:00:00,23.43,91.5,2.03,44.9,4.96,22.57,63.02,-6.921524,107.607873,Asia/Jakarta
2026-01-18 03:00:00,24.27,87.5,0.0,45.3,2.69,22.37,62.85,-6.921524,107.607873,Asia/Jakarta
2026-01-18 06:00:00,23.43,84.8,0.0,46.9,4.76,22.5,56.47,-6.921524,107.607873,Asia/Jakarta
2026-01-18 09:00:00,29.69,75.3,0.0,38.2,4.51,28.33,53.0,-6.921524,107.607873,Asia/Jakarta
2026-01-18 12:00:00,31.86,68.4,0.0,30.4,8.06,30.87,46.92,-6.921524,107.607873,Asia/Jakarta
2026-01-18 15:00:00,29.61,78.8,0.0,38.7,4.74,28.93,52.66,-6.921524,107.607873,Asia/Jakarta
2026-01-18 18:00:00,24.18,89.9,0.0,46.1,3.66,23.55,57.09,-6.921524,107.607873,Asia/Jakarta
2026-01-18 21:00:00,23.34,86.3,1.45,50.0,3.9,21.47,53.34,-6.921524,107.607873,Asia/Jakarta
2026-01-19 00:00:00,24.25,91.1,0.0,51.6,4.47,23.01,56.96,-6.921524,107.607873,Asia/Jakarta
2026-01-19 03:00:00,23.89,83.9,0.0,47.4,3.04,23.19,60.84,-6.921524,107.607873,Asia/Jakarta
2026-01-19 06:00:00,22.63,92.9,0.0,47.8,2.84,21.38,51.09,-6.921524,107.607873,Asia/Jakarta
2026-01-19 09:00:00,28.67,77.1,2.89,30.5,4.57,27.29,51.27,-6.921524,107.607873,Asia/Jakarta
2026-01-19 12:00:00,29.82,79.2,0.0,49.7,6.98,29.18,39.36,-6.921524,107.607873,Asia/Jakarta
2026-01-19 15:00:00,29.54,77.9,0.0,49.2,4.3,28.09,48.51,-6.921524,107.607873,Asia/Jakarta
2026-01-19 18:00:00,23.56,90.7,1.49,64.3,4.81,22.05,58.02,-6.921524,107.607873,Asia/Jakarta
2026-01-19 21:00:00,24.42,90.7,4.32,60.0,3.88,22.93,62.1,-6.921524,107.607873,Asia/Jakarta
2026-01-20 00:00:00,24.36,90.2,1.51,47.0,5.98,23.67,52.16,-6.921524,107.607873,Asia/Jakarta
2026-01-20 03:00:00,23.89,90.5,0.0,44.0,5.53,22.26,51.1,-6.921524,107.607873,Asia/Jakarta
2026-01-20 06:00:00,23.21,86.8,2.23,49.2,4.07,22.04,59.65,-6.921524,107.607873,Asia/Jakarta
2026-01-20 09:00:00,28.2,81.2,6.95,52.9,7.18,26.42,57.75,-6.921524,107.607873,Asia/Jakarta
2026-01-20 12:00:00,30.47,71.3,0.0,25.0,7.26,29.83,40.0,-6.921524,107.607873,Asia/Jakarta
2026-01-20 15:00:00,27.45,84.7,0.0,38.5,6.46,26.91,50.98,-6.921524,107.607873,Asia/Jakarta
2026-01-20 18:00:00,24.87,81.8,0.0,49.7,2.62,22.87,60.48,-6.921524,107.607873,Asia/Jakarta
2026-01-20 21:00:00,23.68,90.6,0.0,52.4,5.41,22.95,51.37,-6.921524,107.607873,Asia/Jakarta
2026-01-21 00:00:00,25.03,89.8,7.4,44.0,5.78,24.19,67.92,-6.921524,107.607873,Asia/Jakarta
2026-01-21 03:00:00,23.67,88.5,0.0,59.9,5.07,22.65,50.49,-6.921524,107.607873,Asia/Jakarta
2026-01-21 06:00:00,23.09,94.0,7.25,66.4,5.0,22.1,77.09,-6.921524,107.607873,Asia/Jakarta
2026-01-21 09:00:00,28.79,80.1,3.2,41.2,6.82,27.45,51.73,-6.921524,107.607873,Asia/Jakarta
2026-01-21 12:00:00,29.78,71.2,0.0,35.2,5.78,28.06,42.53,-6.921524,107.607873,Asia/Jakarta
2026-01-21 15:00:00,29.97,72.9,0.0,42.4,7.65,28.45,38.25,-6.921524,107.607873,Asia/Jakarta
2026-01-21 18:00:00,22.76,91.5,0.0,58.8,4.8,21.91,57.72,-6.921524,107.607873,Asia/Jakarta
2026-01-21 21:00:00,24.81,85.0,0.0,57.7,3.67,23.93,58.17,-6.921524,107.607873,Asia/Jakarta
2026-01-22 00:00:00,24.24,89.9,2.1,55.9,4.62,22.41,57.01,-6.921524,107.607873,Asia/Jakarta
2026-01-22 03:00:00,23.7,93.4,4.8,46.9,3.87,23.03,68.94,-6.921524,107.607873,Asia/Jakarta
2026-01-22 06:00:00,25.47,83.3,1.54,37.1,4.06,23.86,57.79,-6.921524,107.607873,Asia/Jakarta
2026-01-22 09:00:00,30.33,76.6,0.0,44.2,7.21,29.69,45.12,-6.921524,107.607873,Asia/Jakarta
2026-01-22 12:00:00,31.72,70.2,0.0,42.9,8.06,30.51,44.01,-6.921524,107.607873,Asia/Jakarta
2026-01-22 15:00:00,29.35,78.3,0.0,36.2,7.53,27.9,44.82,-6.921524,107.607873,Asia/Jakarta
2026-01-22 18:00:00,22.99,92.9,0.0,52.5,3.87,21.44,54.37,-6.921524,107.607873,Asia/Jakarta
2026-01-22 21:00:00,23.5,86.8,0.0,53.0,2.63,22.73,48.43,-6.921524,107.607873,Asia/Jakarta
2026-01-23 00:00:00,24.26,88.3,0.0,54.9,2.84,22.94,51.68,-6.921524,107.607873,Asia/Jakarta
2026-01-23 03:00:00,25.42,89.2,0.0,41.4,4.51,23.88,50.47,-6.921524,107.607873,Asia/Jakarta
2026-01-23 06:00:00,22.81,95.1,0.0,56.5,4.15,22.29,51.19,-6.921524,107.607873,Asia/Jakarta
2026-01-23 09:00:00,27.64,79.5,0.0,44.6,4.53,27.02,45.1,-6.921524,107.607873,Asia/Jakarta
2026-01-23 12:00:00,29.91,76.5,5.64,30.1,7.45,29.31,55.75,-6.921524,107.607873,Asia/Jakarta
2026-01-23 15:00:00,29.22,79.8,1.94,49.9,6.6,28.22,55.88,-6.921524,107.607873,Asia/Jakarta
2026-01-23 18:00:00,24.3,83.7,2.8,52.3,2.95,22.97,61.91,-6.921524,107.607873,Asia/Jakarta
2026-01-23 21:00:00,24.5,90.4,5.73,64.0,5.24,23.78,62.03,-6.921524,107.607873,Asia/Jakarta
2026-01-24 00:00:00,24.83,88.2,0.5,54.8,3.32,23.52,63.31,-6.921524,107.607873,Asia/Jakarta
2026-01-24 03:00:00,23.82,89.3,0.0,43.8,3.18,22.42,59.85,-6.921524,107.607873,Asia/Jakarta
2026-01-24 06:00:00,23.73,88.2,0.0,44.0,3.58,22.83,58.8,-6.921524,107.607873,Asia/Jakarta
2026-01-24 09:00:00,28.28,77.4,0.0,30.2,7.41,26.64,41.03,-6.921524,107.607873,Asia/Jakarta
2026-01-24 12:00:00,32.27,66.7,0.0,31.9,7.4,31.7,41.42,-6.921524,107.607873,Asia/Jakarta
2026-01-24 15:00:00,29.07,75.3,0.0,45.1,7.56,27.45,49.1,-6.921524,107.607873,Asia/Jakarta
2026-01-24 18:00:00,23.52,84.9,0.0,37.2,2.88,22.05,55.99,-6.921524,107.607873,Asia/Jakarta
2026-01-24 21:00:00,25.17,88.6,2.02,52.3,5.88,24.02,55.5,-6.921524,107.607873,Asia/Jakarta
2026-01-25 00:00:00,24.26,86.7,0.0,58.2,5.84,22.52,53.03,-6.921524,107.607873,Asia/Jakarta
2026-01-25 03:00:00,24.86,84.0,4.38,54.3,3.27,23.69,61.44,-6.921524,107.607873,Asia/Jakarta
2026-01-25 06:00:00,23.33,89.9,5.08,65.3,4.18,22.61,72.48,-6.921524,107.607873,Asia/Jakarta
2026-01-25 09:00:00,29.83,79.9,0.0,42.2,6.02,29.22,46.96,-6.921524,107.607873,Asia/Jakarta
2026-01-25 12:00:00,29.5,73.4,0.0,32.4,7.24,27.52,36.92,-6.921524,107.607873,Asia/Jakarta
2026-01-25 15:00:00,27.6,84.9,4.51,39.6,5.39,26.72,57.16,-6.921524,107.607873,Asia/Jakarta
2026-01-25 18:00:00,22.89,89.3,0.0,56.3,4.75,21.5,53.83,-6.921524,107.607873,Asia/Jakarta
2026-01-25 21:00:00,23.31,93.7,2.77,57.4,5.9,21.95,59.14,-6.921524,107.607873,Asia/Jakarta
2026-01-26 00:00:00,24.75,90.6,0.0,56.5,2.83,23.53,59.02,-6.921524,107.607873,Asia/Jakarta
2026-01-26 03:00:00,24.66,85.3,0.0,46.1,4.76,23.38,55.43,-6.921524,107.607873,Asia/Jakarta
2026-01-26 06:00:00,24.92,85.9,0.0,52.2,5.66,23.74,60.95,-6.921524,107.607873,Asia/Jakarta
2026-01-26 09:00:00,28.18,82.0,6.13,48.7,5.19,26.6,65.92,-6.921524,107.607873,Asia/Jakarta
2026-01-26 12:00:00,32.3,66.0,0.0,28.5,6.12,31.42,38.42,-6.921524,107.607873,Asia/Jakarta
2026-01-26 15:00:00,28.88,75.3,1.41,37.9,4.76,27.61,48.32,-6.921524,107.607873,Asia/Jakarta
2026-01-26 18:00:00,23.83,87.0,0.0,58.5,5.71,22.51,48.3,-6.921524,107.607873,Asia/Jakarta
2026-01-26 21:00:00,24.19,87.6,0.0,47.6,5.55,22.23,55.61,-6.921524,107.607873,Asia/Jakarta
2026-01-27 00:00:00,22.88,87.0,0.0,53.3,2.6,21.5,47.96,-6.921524,107.607873,Asia/Jakarta
2026-01-27 03:00:00,23.46,87.4,1.35,42.2,3.63,22.91,55.8,-6.921524,107.607873,Asia/Jakarta
2026-01-27 06:00:00,24.69,82.0,4.35,39.4,3.15,22.9,63.11,-6.921524,107.607873,Asia/Jakarta
2026-01-27 09:00:00,29.67,75.6,1.26,51.1,5.09,27.8,54.88,-6.921524,107.607873,Asia/Jakarta
2026-01-27 12:00:00,31.82,74.0,10.03,34.1,8.07,30.25,58.18,-6.921524,107.607873,Asia/Jakarta
2026-01-27 15:00:00,29.29,76.4,0.0,50.8,6.61,28.19,37.42,-6.921524,107.607873,Asia/Jakarta
2026-01-27 18:00:00,24.93,85.9,2.07,55.4,3.91,23.7,51.56,-6.921524,107.607873,Asia/Jakarta
2026-01-27 21:00:00,23.97,89.2,6.05,56.4,5.51,22.41,62.65,-6.921524,107.607873,Asia/Jakarta
2026-01-28 00:00:00,23.93,84.9,1.06,57.3,2.67,22.74,64.24,-6.921524,107.607873,Asia/Jakarta
2026-01-28 03:00:00,24.24,90.4,0.0,59.8,5.46,22.89,53.59,-6.921524,107.607873,Asia/Jakarta
2026-01-28 06:00:00,24.47,91.8,8.66,55.8,3.67,22.65,66.23,-6.921524,107.607873,Asia/Jakarta
2026-01-28 09:00:00,27.62,81.6,3.37,40.3,4.43,26.21,55.78,-6.921524,107.607873,Asia/Jakarta
2026-01-28 12:00:00,29.97,76.4,0.0,51.7,7.71,29.35,33.44,-6.921524,107.607873,Asia/Jakarta
2026-01-28 15:00:00,30.24,75.8,0.0,44.9,4.78,29.06,42.79,-6.921524,107.607873,Asia/Jakarta
2026-01-28 18:00:00,22.98,87.8,2.02,45.6,3.57,21.95,52.7,-6.921524,107.607873,Asia/Jakarta
2026-01-28 21:00:00,24.0,83.5,2.62,46.1,4.43,22.41,65.09,-6.921524,107.607873,Asia/Jakarta
2026-01-29 00:00:00,24.87,82.6,1.75,53.9,2.82,23.19,64.92,-6.921524,107.607873,Asia/Jakarta
2026-01-29 03:00:00,25.04,85.2,0.0,38.0,4.25,24.05,47.11,-6.921524,107.607873,Asia/Jakarta
2026-01-29 06:00:00,23.45,86.0,2.79,51.2,3.19,22.02,59.41,-6.921524,107.607873,Asia/Jakarta
2026-01-29 09:00:00,28.88,76.9,0.0,34.1,5.57,27.27,49.41,-6.921524,107.607873,Asia/Jakarta
2026-01-29 12:00:00,32.42,68.6,0.0,39.7,6.43,31.65,39.65,-6.921524,107.607873,Asia/Jakarta
2026-01-29 15:00:00,29.79,76.0,0.0,35.6,6.2,28.05,49.6,-6.921524,107.607873,Asia/Jakarta
2026-01-29 18:00:00,23.05,93.4,1.12,57.9,4.07,21.71,63.5,-6.921524,107.607873,Asia/Jakarta
2026-01-29 21:00:00,22.97,87.9,2.07,62.9,3.59,22.31,55.12,-6.921524,107.607873,Asia/Jakarta
2026-01-30 00:00:00,23.22,93.1,5.97,55.4,2.62,22.17,75.45,-6.921524,107.607873,Asia/Jakarta
2026-01-30 03:00:00,23.15,88.7,0.0,46.9,3.21,21.48,60.77,-6.921524,107.607873,Asia/Jakarta
2026-01-30 06:00:00,24.79,90.4,3.9,52.6,4.38,23.29,62.39,-6.921524,107.607873,Asia/Jakarta
2026-01-30 09:00:00,27.59,79.3,0.0,42.8,5.49,25.91,42.79,-6.921524,107.607873,Asia/Jakarta
2026-01-30 12:00:00,31.71,74.2,1.38,34.0,5.01,30.07,51.13,-6.921524,107.607873,Asia/Jakarta
2026-01-30 15:00:00,29.46,75.8,2.87,49.4,7.69,28.69,48.11,-6.921524,107.607873,Asia/Jakarta
2026-01-30 18:00:00,24.57,89.6,0.0,54.4,4.26,23.12,48.04,-6.921524,107.607873,Asia/Jakarta
2026-01-30 21:00:00,25.24,88.3,7.46,53.0,3.7,23.6,71.47,-6.921524,107.607873,Asia/Jakarta
2026-01-31 00:00:00,24.85,87.3,2.28,40.4,3.51,23.16,53.84,-6.921524,107.607873,Asia/Jakarta
2026-01-31 03:00:00,22.76,86.0,0.0,49.2,5.17,22.08,56.28,-6.921524,107.607873,Asia/Jakarta
2026-01-31 06:00:00,23.64,88.8,0.0,43.6,5.38,22.18,48.38,-6.921524,107.607873,Asia/Jakarta
2026-01-31 09:00:00,29.34,81.3,0.0,35.4,4.33,27.84,41.51,-6.921524,107.607873,Asia/Jakarta
2026-01-31 12:00:00,30.57,69.4,1.25,42.3,6.93,29.11,36.29,-6.921524,107.607873,Asia/Jakarta
2026-01-31 15:00:00,29.21,73.2,0.0,36.6,7.39,28.66,47.07,-6.921524,107.607873,Asia/Jakarta
2026-01-31 18:00:00,24.45,85.0,0.0,55.9,3.66,22.84,57.39,-6.921524,107.607873,Asia/Jakarta
2026-01-31 21:00:00,25.06,87.1,4.95,51.2,4.87,23.97,70.51,-6.921524,107.607873,Asia/Jakarta
2026-02-01 00:00:00,24.19,86.4,0.0,50.1,3.57,22.92,52.2,-6.921524,107.607873,Asia/Jakarta
2026-02-01 03:00:00,24.73,86.1,0.28,50.7,3.72,23.07,60.13,-6.921524,107.607873,Asia/Jakarta
2026-02-01 06:00:00,25.11,87.1,0.0,45.4,5.55,23.37,56.8,-6.921524,107.607873,Asia/Jakarta
2026-02-01 09:00:00,28.67,80.0,2.67,48.1,4.41,27.64,43.53,-6.921524,107.607873,Asia/Jakarta
2026-02-01 12:00:00,31.28,77.0,7.9,42.2,8.41,29.95,64.82,-6.921524,107.607873,Asia/Jakarta
2026-02-01 15:00:00,29.73,78.8,0.0,40.8,7.22,29.22,38.77,-6.921524,107.607873,Asia/Jakarta
2026-02-01 18:00:00,24.23,83.4,0.0,45.9,4.26,23.62,54.17,-6.921524,107.607873,Asia/Jakarta
2026-02-01 21:00:00,24.97,90.3,2.81,54.3,3.89,23.67,59.68,-6.921524,107.607873,Asia/Jakarta
2026-02-02 00:00:00,24.18,84.6,0.0,37.1,4.41,23.52,53.08,-6.921524,107.607873,Asia/Jakarta
2026-02-02 03:00:00,23.04,85.8,6.39,39.1,3.64,21.96,75.9,-6.921524,107.607873,Asia/Jakarta
2026-02-02 06:00:00,22.96,89.4,0.0,44.1,3.27,21.8,48.73,-6.921524,107.607873,Asia/Jakarta
2026-02-02 09:00:00,29.23,76.3,0.0,32.5,7.02,27.85,52.21,-6.921524,107.607873,Asia/Jakarta
2026-02-02 12:00:00,32.28,73.3,0.0,40.7,6.71,30.95,38.82,-6.921524,107.607873,Asia/Jakarta
2026-02-02 15:00:00,29.34,78.1,0.0,44.9,5.9,28.51,40.81,-6.921524,107.607873,Asia/Jakarta
2026-02-02 18:00:00,24.78,88.9,1.23,43.2,5.63,22.87,52.47,-6.921524,107.607873,Asia/Jakarta
2026-02-02 21:00:00,24.98,83.4,2.72,57.2,2.81,24.43,59.66,-6.921524,107.607873,Asia/Jakarta
2026-02-03 00:00:00,23.29,91.9,2.52,52.8,3.49,21.81,58.06,-6.921524,107.607873,Asia/Jakarta
2026-02-03 03:00:00,24.72,82.7,4.76,56.4,4.59,23.67,69.13,-6.921524,107.607873,Asia/Jakarta
2026-02-03 06:00:00,22.76,92.1,0.0,57.9,5.42,21.03,61.91,-6.921524,107.607873,Asia/Jakarta
2026-02-03 09:00:00,29.12,74.6,0.0,38.7,4.74,27.41,46.75,-6.921524,107.607873,Asia/Jakarta
2026-02-03 12:00:00,31.92,70.6,0.0,36.9,7.58,31.16,38.0,-6.921524,107.607873,Asia/Jakarta
2026-02-03 15:00:00,28.88,76.7,0.0,45.7,6.58,27.72,39.04,-6.921524,107.607873,Asia/Jakarta
2026-02-03 18:00:00,25.03,89.6,3.51,41.6,4.93,24.25,57.77,-6.921524,107.607873,Asia/Jakarta
2026-02-03 21:00:00,22.96,88.5,0.0,49.8,3.0,21.38,62.11,-6.921524,107.607873,Asia/Jakarta
2026-02-04 00:00:00,24.99,82.8,8.61,40.9,4.91,23.23,71.46,-6.921524,107.607873,Asia/Jakarta
2026-02-04 03:00:00,24.23,85.8,0.0,60.2,4.7,22.43,59.36,-6.921524,107.607873,Asia/Jakarta
2026-02-04 06:00:00,23.52,87.5,2.18,61.2,2.72,22.05,66.27,-6.921524,107.607873,Asia/Jakarta
2026-02-04 09:00:00,29.03,74.0,3.48,26.3,4.52,28.22,51.02,-6.921524,107.607873,Asia/Jakarta
2026-02-04 12:00:00,29.6,77.7,2.6,45.4,6.85,27.92,40.41,-6.921524,107.607873,Asia/Jakarta
2026-02-04 15:00:00,27.9,79.3,3.29,42.1,7.34,26.73,46.34,-6.921524,107.607873,Asia/Jakarta
2026-02-04 18:00:00,24.66,85.8,0.0,48.2,5.69,22.87,59.7,-6.921524,107.607873,Asia/Jakarta
2026-02-04 21:00:00,24.24,90.7,3.07,61.0,4.06,22.61,65.06,-6.921524,107.607873,Asia/Jakarta
2026-02-05 00:00:00,24.25,83.8,1.53,49.6,4.64,23.45,62.96,-6.921524,107.607873,Asia/Jakarta
2026-02-05 03:00:00,23.97,89.2,0.0,53.1,5.4,22.86,59.0,-6.921524,107.607873,Asia/Jakarta
2026-02-05 06:00:00,24.01,89.9,0.0,56.3,5.68,22.91,52.29,-6.921524,107.607873,Asia/Jakarta
2026-02-05 09:00:00,28.72,77.3,0.0,41.3,4.38,28.03,38.31,-6.921524,107.607873,Asia/Jakarta
2026-02-05 12:00:00,31.64,74.5,0.0,47.5,7.09,30.69,38.46,-6.921524,107.607873,Asia/Jakarta
2026-02-05 15:00:00,30.2,75.3,5.75,40.2,4.62,28.24,54.85,-6.921524,107.607873,Asia/Jakarta
2026-02-05 18:00:00,25.32,87.3,1.89,51.6,3.91,24.81,59.81,-6.921524,107.607873,Asia/Jakarta
2026-02-05 21:00:00,23.25,85.7,1.78,39.1,4.59,21.49,58.93,-6.921524,107.607873,Asia/Jakarta
2026-02-06 00:00:00,24.71,87.4,0.0,60.4,2.75,23.05,52.66,-6.921524,107.607873,Asia/Jakarta
2026-02-06 03:00:00,24.5,84.2,0.0,47.8,3.76,22.79,50.94,-6.921524,107.607873,Asia/Jakarta
2026-02-06 06:00:00,25.08,86.3,0.0,40.4,5.21,23.95,47.2,-6.921524,107.607873,Asia/Jakarta
2026-02-06 09:00:00,28.0,81.6,0.72,42.0,4.4,26.13,40.94,-6.921524,107.607873,Asia/Jakarta
2026-02-06 12:00:00,31.46,75.2,0.0,34.7,6.93,30.74,42.68,-6.921524,107.607873,Asia/Jakarta
2026-02-06 15:00:00,30.22,73.1,0.0,40.4,6.7,28.38,51.0,-6.921524,107.607873,Asia/Jakarta
2026-02-06 18:00:00,25.39,80.9,2.13,51.9,2.65,24.79,58.34,-6.921524,107.607873,Asia/Jakarta
2026-02-06 21:00:00,24.09,82.9,0.0,42.7,4.65,22.2,56.31,-6.921524,107.607873,Asia/Jakarta
2026-02-07 00:00:00,22.55,87.2,1.87,54.0,2.63,21.34,67.1,-6.921524,107.607873,Asia/Jakarta
2026-02-07 03:00:00,23.56,92.4,0.37,54.5,5.76,22.26,48.61,-6.921524,107.607873,Asia/Jakarta
2026-02-07 06:00:00,23.76,84.2,0.0,45.6,4.86,22.82,49.62,-6.921524,107.607873,Asia/Jakarta
2026-02-07 09:00:00,28.78,75.0,2.78,50.7,6.67,26.89,50.47,-6.921524,107.607873,Asia/Jakarta
2026-02-07 12:00:00,31.76,72.3,8.36,29.0,8.13,29.89,53.87,-6.921524,107.607873,Asia/Jakarta
2026-02-07 15:00:00,28.47,81.3,0.88,49.3,7.05,27.02,46.75,-6.921524,107.607873,Asia/Jakarta
2026-02-07 18:00:00,25.45,89.1,3.24,52.9,3.64,24.02,64.58,-6.921524,107.607873,Asia/Jakarta
2026-02-07 21:00:00,24.65,89.9,2.73,56.7,3.09,23.97,56.66,-6.921524,107.607873,Asia/Jakarta
2026-02-08 00:00:00,23.49,85.6,0.0,51.9,3.11,21.98,56.2,-6.921524,107.607873,Asia/Jakarta
2026-02-08 03:00:00,23.02,92.6,5.23,50.7,4.57,22.15,72.16,-6.921524,107.607873,Asia/Jakarta
2026-02-08 06:00:00,24.55,90.1,0.0,49.2,3.79,23.92,50.76,-6.921524,107.607873,Asia/Jakarta
2026-02-08 09:00:00,29.06,80.0,5.5,40.7,6.18,27.34,50.12,-6.921524,107.607873,Asia/Jakarta
2026-02-08 12:00:00,31.99,71.8,12.57,41.4,6.5,30.01,67.05,-6.921524,107.607873,Asia/Jakarta
2026-02-08 15:00:00,29.96,72.7,4.01,44.9,6.5,29.43,51.77,-6.921524,107.607873,Asia/Jakarta
2026-02-08 18:00:00,24.99,84.1,0.0,41.9,2.64,23.75,60.99,-6.921524,107.607873,Asia/Jakarta
2026-02-08 21:00:00,23.89,83.3,0.0,49.3,2.9,23.25,59.63,-6.921524,107.607873,Asia/Jakarta
2026-02-09 00:00:00,25.14,88.3,0.0,58.7,4.97,24.35,47.04,-6.921524,107.607873,Asia/Jakarta
2026-02-09 03:00:00,23.21,92.5,1.66,53.5,3.97,22.64,50.95,-6.921524,107.607873,Asia/Jakarta
2026-02-09 06:00:00,23.44,84.3,0.0,57.6,5.96,22.45,61.7,-6.921524,107.607873,Asia/Jakarta
2026-02-09 09:00:00,27.47,84.9,2.08,40.9,7.67,26.12,42.55,-6.921524,107.607873,Asia/Jakarta
2026-02-09 12:00:00,29.73,74.6,0.0,33.3,6.4,28.89,47.99,-6.921524,107.607873,Asia/Jakarta
2026-02-09 15:00:00,28.59,76.1,0.0,49.8,4.93,27.37,37.23,-6.921524,107.607873,Asia/Jakarta
2026-02-09 18:00:00,24.57,82.8,2.26,53.9,4.13,24.0,63.79,-6.921524,107.607873,Asia/Jakarta
2026-02-09 21:00:00,24.79,87.2,1.94,54.5,4.44,23.22,60.84,-6.921524,107.607873,Asia/Jakarta
2026-02-10 00:00:00,22.52,94.2,9.75,65.7,4.04,21.06,81.39,-6.921524,107.607873,Asia/Jakarta
2026-02-10 03:00:00,22.97,89.1,0.0,46.6,2.8,22.11,59.8,-6.921524,107.607873,Asia/Jakarta
2026-02-10 06:00:00,23.05,85.9,5.32,53.5,4.97,21.09,71.6,-6.921524,107.607873,Asia/Jakarta
2026-02-10 09:00:00,29.8,74.4,4.73,50.2,5.72,29.27,59.39,-6.921524,107.607873,Asia/Jakarta
2026-02-10 12:00:00,30.38,71.1,0.0,27.7,6.54,28.89,37.6,-6.921524,107.607873,Asia/Jakarta
2026-02-10 15:00:00,29.19,75.6,0.0,29.6,4.8,27.39,48.51,-6.921524,107.607873,Asia/Jakarta
2026-02-10 18:00:00,24.37,88.2,0.0,60.3,4.87,23.28,52.57,-6.921524,107.607873,Asia/Jakarta
2026-02-10 21:00:00,22.87,90.5,1.28,65.1,4.96,21.58,63.32,-6.921524,107.607873,Asia/Jakarta
2026-02-11 00:00:00,24.92,82.0,0.0,53.6,3.37,24.26,54.64,-6.921524,107.607873,Asia/Jakarta
2026-02-11 03:00:00,25.1,81.6,5.46,35.2,3.42,23.54,61.53,-6.921524,107.607873,Asia/Jakarta
2026-02-11 06:00:00,24.0,92.7,0.0,66.0,4.04,22.49,48.19,-6.921524,107.607873,Asia/Jakarta
2026-02-11 09:00:00,28.06,75.0,0.0,44.8,7.36,26.7,41.32,-6.921524,107.607873,Asia/Jakarta
2026-02-11 12:00:00,32.27,72.3,7.08,33.9,8.17,31.69,53.66,-6.921524,107.607873,Asia/Jakarta
2026-02-11 15:00:00,28.51,80.7,2.77,32.9,7.39,26.81,53.59,-6.921524,107.607873,Asia/Jakarta
2026-02-11 18:00:00,25.3,84.1,2.06,57.9,3.85,23.48,54.83,-6.921524,107.607873,Asia/Jakarta
2026-02-11 21:00:00,22.84,92.0,8.76,54.8,5.5,21.56,76.91,-6.921524,107.607873,Asia/Jakarta
2026-02-12 00:00:00,24.98,81.6,0.0,37.5,5.88,23.91,54.52,-6.921524,107.607873,Asia/Jakarta
2026-02-12 03:00:00,25.37,84.2,1.83,36.4,2.72,23.89,63.42,-6.921524,107.607873,Asia/Jakarta
2026-02-12 06:00:00,24.71,84.5,0.0,57.0,5.03,22.9,58.35,-6.921524,107.607873,Asia/Jakarta
2026-02-12 09:00:00,29.11,81.7,1.67,54.1,5.74,28.2,45.26,-6.921524,107.607873,Asia/Jakarta
2026-02-12 12:00:00,31.57,69.9,0.0,37.8,5.24,29.75,34.95,-6.921524,107.607873,Asia/Jakarta
2026-02-12 15:00:00,28.87,81.4,0.0,49.2,4.77,27.58,51.65,-6.921524,107.607873,Asia/Jakarta
2026-02-12 18:00:00,22.88,94.7,1.43,48.2,5.97,21.27,54.85,-6.921524,107.607873,Asia/Jakarta
2026-02-12 21:00:00,24.89,85.2,3.12,49.4,3.29,22.98,66.77,-6.921524,107.607873,Asia/Jakarta
2026-02-13 00:00:00,24.93,81.8,0.0,50.7,3.33,23.79,61.71,-6.921524,107.607873,Asia/Jakarta
2026-02-13 03:00:00,23.46,84.6,4.0,54.7,3.4,21.57,58.81,-6.921524,107.607873,Asia/Jakarta
2026-02-13 06:00:00,22.8,89.7,6.44,62.4,3.6,21.13,68.05,-6.921524,107.607873,Asia/Jakarta
2026-02-13 09:00:00,29.39,74.4,0.0,28.7,5.93,27.91,53.09,-6.921524,107.607873,Asia/Jakarta
2026-02-13 12:00:00,32.29,71.8,0.0,30.8,8.1,31.64,36.87,-6.921524,107.607873,Asia/Jakarta
2026-02-13 15:00:00,29.5,80.7,0.0,45.8,4.43,28.36,44.84,-6.921524,107.607873,Asia/Jakarta
2026-02-13 18:00:00,25.01,88.2,4.89,51.0,2.89,23.72,70.57,-6.921524,107.607873,Asia/Jakarta
2026-02-13 21:00:00,25.45,82.5,4.83,51.2,5.51,24.53,62.08,-6.921524,107.607873,Asia/Jakarta
2026-02-14 00:00:00,23.42,89.0,0.0,46.7,3.8,21.94,57.47,-6.921524,107.607873,Asia/Jakarta
2026-02-14 03:00:00,24.33,84.6,7.82,54.8,2.83,22.67,71.03,-6.921524,107.607873,Asia/Jakarta
2026-02-14 06:00:00,22.97,94.5,1.37,66.6,5.33,21.27,61.25,-6.921524,107.607873,Asia/Jakarta
2026-02-14 09:00:00,28.41,76.1,0.0,28.2,5.93,26.79,38.42,-6.921524,107.607873,Asia/Jakarta
2026-02-14 12:00:00,31.06,74.2,0.0,39.6,5.94,29.62,33.29,-6.921524,107.607873,Asia/Jakarta
2026-02-14 15:00:00,27.96,74.7,0.0,44.1,5.51,26.73,46.68,-6.921524,107.607873,Asia/Jakarta
2026-02-14 18:00:00,24.21,87.4,0.82,52.1,3.04,23.64,55.18,-6.921524,107.607873,Asia/Jakarta
2026-02-14 21:00:00,25.34,87.4,0.0,54.0,3.1,23.43,48.23,-6.921524,107.607873,Asia/Jakarta
2026-01-01 00:00:00,22.78,91.3,5.06,64.0,4.91,20.94,69.71,-6.903056,107.605214,Asia/Jakarta
2026-01-01 03:00:00,24.99,88.6,0.0,44.9,4.76,24.45,61.28,-6.903056,107.605214,Asia/Jakarta
2026-01-01 06:00:00,25.43,89.8,3.01,59.6,4.26,23.79,56.84,-6.903056,107.605214,Asia/Jakarta
2026-01-01 09:00:00,27.9,81.3,0.0,36.1,5.43,26.57,39.33,-6.903056,107.605214,Asia/Jakarta
2026-01-01 12:00:00,31.84,75.2,0.0,32.2,5.65,30.59,39.24,-6.903056,107.605214,Asia/Jakarta
2026-01-01 15:00:00,28.49,81.6,6.46,50.6,7.25,26.65,66.4,-6.903056,107.605214,Asia/Jakarta
2026-01-01 18:00:00,22.87,86.9,3.23,50.0,5.88,21.95,55.58,-6.903056,107.605214,Asia/Jakarta
2026-01-01 21:00:00,23.02,91.4,2.0,55.2,3.6,21.47,59.27,-6.903056,107.605214,Asia/Jakarta
2026-01-02 00:00:00,25.09,82.3,0.0,53.1,3.58,23.67,49.42,-6.903056,107.605214,Asia/Jakarta
2026-01-02 03:00:00,23.06,89.2,0.0,46.9,2.89,21.87,57.39,-6.903056,107.605214,Asia/Jakarta
2026-01-02 06:00:00,24.35,88.2,5.11,43.7,5.51,23.0,63.51,-6.903056,107.605214,Asia/Jakarta
2026-01-02 09:00:00,29.44,79.8,0.0,39.8,7.43,28.94,50.01,-6.903056,107.605214,Asia/Jakarta
2026-01-02 12:00:00,31.8,70.1,0.0,38.6,6.92,30.1,40.91,-6.903056,107.605214,Asia/Jakarta
2026-01-02 15:00:00,29.57,73.3,0.0,32.4,5.98,28.55,44.47,-6.903056,107.605214,Asia/Jakarta
2026-01-02 18:00:00,22.95,90.2,3.55,57.3,4.88,22.26,69.28,-6.903056,107.605214,Asia/Jakarta
2026-01-02 21:00:00,22.95,87.4,0.0,41.9,4.73,22.13,50.83,-6.903056,107.605214,Asia/Jakarta
2026-01-03 00:00:00,22.82,90.0,0.0,46.5,4.87,21.93,49.85,-6.903056,107.605214,Asia/Jakarta
2026-01-03 03:00:00,25.42,82.6,0.0,47.2,3.51,24.77,58.71,-6.903056,107.605214,Asia/Jakarta
2026-01-03 06:00:00,23.13,92.8,3.24,47.9,3.1,21.91,54.66,-6.903056,107.605214,Asia/Jakarta
2026-01-03 09:00:00,28.2,81.5,0.0,54.8,5.93,26.56,52.16,-6.903056,107.605214,Asia/Jakarta
2026-01-03 12:00:00,31.66,69.8,0.0,35.8,5.87,30.37,33.19,-6.903056,107.605214,Asia/Jakarta
2026-01-03 15:00:00,28.51,82.1,14.08,57.1,6.43,26.58,70.06,-6.903056,107.605214,Asia/Jakarta
2026-01-03 18:00:00,22.83,93.4,7.42,63.2,3.82,22.33,64.19,-6.903056,107.605214,Asia/Jakarta
2026-01-03 21:00:00,25.49,85.6,5.57,48.4,4.69,24.31,60.45,-6.903056,107.605214,Asia/Jakarta
2026-01-04 00:00:00,24.13,85.2,0.0,51.6,5.2,23.63,50.94,-6.903056,107.605214,Asia/Jakarta
2026-01-04 03:00:00,23.83,85.9,0.0,53.5,5.31,23.19,55.7,-6.903056,107.605214,Asia/Jakarta
2026-01-04 06:00:00,24.88,85.4,0.0,53.5,3.88,23.83,51.9,-6.903056,107.605214,Asia/Jakarta
2026-01-04 09:00:00,28.38,78.0,0.0,41.7,4.32,26.5,51.72,-6.903056,107.605214,Asia/Jakarta
2026-01-04 12:00:00,30.47,78.7,0.0,43.1,8.21,29.81,41.83,-6.903056,107.605214,Asia/Jakarta
2026-01-04 15:00:00,27.82,79.9,0.0,47.9,6.24,26.55,49.04,-6.903056,107.605214,Asia/Jakarta
2026-01-04 18:00:00,23.47,92.0,0.0,47.3,3.48,21.5,54.7,-6.903056,107.605214,Asia/Jakarta
2026-01-04 21:00:00,24.79,90.8,0.0,55.1,3.27,23.73,48.12,-6.903056,107.605214,Asia/Jakarta
2026-01-05 00:00:00,24.81,82.1,0.0,55.3,3.32,23.64,58.9,-6.903056,107.605214,Asia/Jakarta
2026-01-05 03:00:00,22.55,90.0,3.63,58.3,4.76,21.45,65.59,-6.903056,107.605214,Asia/Jakarta
2026-01-05 06:00:00,24.8,83.5,0.0,37.9,2.74,24.16,53.89,-6.903056,107.605214,Asia/Jakarta
2026-01-05 09:00:00,27.76,84.5,0.0,44.5,4.36,26.95,41.02,-6.903056,107.605214,Asia/Jakarta
2026-01-05 12:00:00,29.84,72.4,3.4,40.9,6.73,28.64,41.71,-6.903056,107.605214,Asia/Jakarta
2026-01-05 15:00:00,29.77,72.8,0.0,38.6,4.36,28.46,38.66,-6.903056,107.605214,Asia/Jakarta
2026-01-05 18:00:00,22.91,85.6,0.0,37.9,3.8,21.7,49.07,-6.903056,107.605214,Asia/Jakarta
2026-01-05 21:00:00,24.92,84.8,2.61,56.7,4.92,23.77,54.77,-6.903056,107.605214,Asia/Jakarta
2026-01-06 00:00:00,23.31,89.0,0.0,44.6,5.72,22.17,47.97,-6.903056,107.605214,Asia/Jakarta
2026-01-06 03:00:00,23.49,85.2,3.91,53.1,5.01,21.77,59.1,-6.903056,107.605214,Asia/Jakarta
2026-01-06 06:00:00,25.32,86.3,2.22,41.1,4.08,23.47,54.43,-6.903056,107.605214,Asia/Jakarta
2026-01-06 09:00:00,29.63,77.2,0.0,40.6,7.66,28.78,37.46,-6.903056,107.605214,Asia/Jakarta
2026-01-06 12:00:00,31.59,73.9,0.0,26.2,5.35,29.88,42.67,-6.903056,107.605214,Asia/Jakarta
2026-01-06 15:00:00,30.35,73.6,0.0,46.2,6.88,29.2,41.54,-6.903056,107.605214,Asia/Jakarta
2026-01-06 18:00:00,25.35,84.4,0.0,60.3,4.39,23.76,48.27,-6.903056,107.605214,Asia/Jakarta
2026-01-06 21:00:00,23.29,94.3,1.11,47.1,2.69,22.25,64.77,-6.903056,107.605214,Asia/Jakarta
2026-01-07 00:00:00,22.75,94.4,0.0,55.2,3.64,20.77,54.75,-6.903056,107.605214,Asia/Jakarta
2026-01-07 03:00:00,22.53,93.8,0.0,46.9,4.76,21.13,59.78,-6.903056,107.605214,Asia/Jakarta
2026-01-07 06:00:00,24.29,84.6,3.21,58.8,3.28,22.85,58.18,-6.903056,107.605214,Asia/Jakarta
2026-01-07 09:00:00,28.36,74.0,0.0,43.7,5.62,27.0,44.76,-6.903056,107.605214,Asia/Jakarta
2026-01-07 12:00:00,32.03,73.8,0.0,32.3,6.08,30.06,37.12,-6.903056,107.605214,Asia/Jakarta
2026-01-07 15:00:00,27.49,84.4,4.14,37.3,5.71,26.61,59.8,-6.903056,107.605214,Asia/Jakarta
2026-01-07 18:00:00,23.89,88.3,0.0,45.4,4.37,23.13,54.05,-6.903056,107.605214,Asia/Jakarta
2026-01-07 21:00:00,23.72,86.2,6.47,59.7,3.0,22.58,65.75,-6.903056,107.605214,Asia/Jakarta
2026-01-08 00:00:00,23.45,88.2,1.68,42.2,2.64,22.45,58.22,-6.903056,107.605214,Asia/Jakarta
2026-01-08 03:00:00,22.74,95.3,0.0,50.0,2.87,21.71,60.03,-6.903056,107.605214,Asia/Jakarta
2026-01-08 06:00:00,24.54,85.4,3.42,50.8,4.48,23.58,64.15,-6.903056,107.605214,Asia/Jakarta
2026-01-08 09:00:00,27.78,84.3,0.0,46.8,7.24,26.89,49.51,-6.903056,107.605214,Asia/Jakarta
2026-01-08 12:00:00,31.4,74.1,0.0,37.7,8.0,29.9,48.53,-6.903056,107.605214,Asia/Jakarta
2026-01-08 15:00:00,30.08,78.2,4.86,50.2,4.41,29.24,63.19,-6.903056,107.605214,Asia/Jakarta
2026-01-08 18:00:00,24.97,87.8,0.0,42.7,4.15,24.01,49.59,-6.903056,107.605214,Asia/Jakarta
2026-01-08 21:00:00,23.63,87.7,4.78,45.8,3.83,22.58,64.23,-6.903056,107.605214,Asia/Jakarta
2026-01-09 00:00:00,25.35,85.0,9.43,58.7,4.89,23.85,69.09,-6.903056,107.605214,Asia/Jakarta
2026-01-09 03:00:00,23.18,89.6,0.0,60.1,5.5,21.39,59.72,-6.903056,107.605214,Asia/Jakarta
2026-01-09 06:00:00,24.4,84.7,0.0,54.6,5.19,23.0,61.94,-6.903056,107.605214,Asia/Jakarta
2026-01-09 09:00:00,29.58,78.9,0.0,41.9,7.69,27.79,38.58,-6.903056,107.605214,Asia/Jakarta
2026-01-09 12:00:00,32.25,68.5,0.0,33.2,8.47,31.74,33.32,-6.903056,107.605214,Asia/Jakarta
2026-01-09 15:00:00,29.43,75.2,0.0,47.7,5.16,27.61,43.58,-6.903056,107.605214,Asia/Jakarta
2026-01-09 18:00:00,24.89,82.5,0.0,52.5,5.45,23.55,55.05,-6.903056,107.605214,Asia/Jakarta
2026-01-09 21:00:00,24.43,86.7,2.65,44.5,4.74,23.3,65.72,-6.903056,107.605214,Asia/Jakarta
2026-01-10 00:00:00,23.26,90.1,1.56,64.3,2.66,21.48,54.4,-6.903056,107.605214,Asia/Jakarta
2026-01-10 03:00:00,23.55,89.4,3.59,61.9,3.98,22.19,68.44,-6.903056,107.605214,Asia/Jakarta
2026-01-10 06:00:00,23.42,88.4,2.76,51.4,5.83,21.88,65.13,-6.903056,107.605214,Asia/Jakarta
2026-01-10 09:00:00,27.69,76.2,0.0,32.8,5.6,26.68,41.15,-6.903056,107.605214,Asia/Jakarta
2026-01-10 12:00:00,31.47,73.2,0.0,27.9,7.03,29.7,46.53,-6.903056,107.605214,Asia/Jakarta
2026-01-10 15:00:00,29.04,75.8,2.39,45.8,6.28,27.98,42.78,-6.903056,107.605214,Asia/Jakarta
2026-01-10 18:00:00,24.46,89.2,0.0,46.3,4.57,22.49,57.73,-6.903056,107.605214,Asia/Jakarta
2026-01-10 21:00:00,23.95,89.5,0.0,62.0,4.17,22.22,54.7,-6.903056,107.605214,Asia/Jakarta
2026-01-11 00:00:00,22.83,85.6,0.0,56.9,4.14,22.13,61.8,-6.903056,107.605214,Asia/Jakarta
2026-01-11 03:00:00,23.6,93.2,2.13,45.6,3.79,22.17,56.2,-6.903056,107.605214,Asia/Jakarta
2026-01-11 06:00:00,22.61,94.0,0.0,60.9,4.38,21.62,54.33,-6.903056,107.605214,Asia/Jakarta
2026-01-11 09:00:00,28.56,83.2,4.15,40.4,7.44,27.24,61.17,-6.903056,107.605214,Asia/Jakarta
2026-01-11 12:00:00,30.57,76.3,0.0,45.4,6.37,28.94,46.34,-6.903056,107.605214,Asia/Jakarta
2026-01-11 15:00:00,28.68,75.4,1.89,35.5,4.91,26.71,52.6,-6.903056,107.605214,Asia/Jakarta
2026-01-11 18:00:00,22.58,91.4,5.57,51.6,2.53,21.37,66.44,-6.903056,107.605214,Asia/Jakarta
2026-01-11 21:00:00,24.7,82.6,0.0,49.6,3.0,23.71,53.23,-6.903056,107.605214,Asia/Jakarta
2026-01-12 00:00:00,24.02,88.3,0.0,41.8,4.53,22.11,51.36,-6.903056,107.605214,Asia/Jakarta
2026-01-12 03:00:00,22.97,93.8,0.0,69.4,2.58,21.84,53.56,-6.903056,107.605214,Asia/Jakarta
2026-01-12 06:00:00,24.33,82.4,0.0,49.7,4.02,23.43,61.0,-6.903056,107.605214,Asia/Jakarta
2026-01-12 09:00:00,27.97,83.5,0.0,49.9,7.73,26.93,40.25,-6.903056,107.605214,Asia/Jakarta
2026-01-12 12:00:00,29.67,75.7,0.0,47.7,6.51,28.43,36.58,-6.903056,107.605214,Asia/Jakarta
2026-01-12 15:00:00,29.79,77.4,5.39,35.6,4.64,28.45,64.86,-6.903056,107.605214,Asia/Jakarta
2026-01-12 18:00:00,22.69,86.7,0.0,43.3,4.54,20.94,47.35,-6.903056,107.605214,Asia/Jakarta
2026-01-12 21:00:00,23.91,84.7,4.43,51.3,2.85,22.89,66.45,-6.903056,107.605214,Asia/Jakarta
2026-01-13 00:00:00,24.34,87.4,0.0,50.9,3.23,23.77,54.65,-6.903056,107.605214,Asia/Jakarta
2026-01-13 03:00:00,24.07,84.6,0.0,54.7,5.39,23.36,56.27,-6.903056,107.605214,Asia/Jakarta
2026-01-13 06:00:00,25.34,84.8,0.0,42.3,4.01,24.58,60.77,-6.903056,107.605214,Asia/Jakarta
2026-01-13 09:00:00,29.79,76.9,1.37,31.2,6.71,28.33,50.88,-6.903056,107.605214,Asia/Jakarta
2026-01-13 12:00:00,32.22,71.7,0.0,26.5,7.0,30.37,37.81,-6.903056,107.605214,Asia/Jakarta
2026-01-13 15:00:00,27.57,76.0,4.02,30.6,5.89,26.93,55.54,-6.903056,107.605214,Asia/Jakarta
2026-01-13 18:00:00,23.8,86.8,0.0,47.2,4.79,23.02,47.44,-6.903056,107.605214,Asia/Jakarta
2026-01-13 21:00:00,23.19,92.6,6.76,62.6,3.79,21.22,77.1,-6.903056,107.605214,Asia/Jakarta
2026-01-14 00:00:00,24.54,88.1,5.84,46.2,5.82,23.76,64.49,-6.903056,107.605214,Asia/Jakarta
2026-01-14 03:00:00,24.53,88.9,0.0,49.5,5.11,22.7,62.96,-6.903056,107.605214,Asia/Jakarta
2026-01-14 06:00:00,24.09,85.6,0.0,43.4,3.34,22.64,57.04,-6.903056,107.605214,Asia/Jakarta
2026-01-14 09:00:00,28.42,80.9,0.0,33.1,4.9,26.74,44.28,-6.903056,107.605214,Asia/Jakarta
2026-01-14 12:00:00,31.55,67.7,5.29,30.6,5.26,30.98,47.17,-6.903056,107.605214,Asia/Jakarta
2026-01-14 15:00:00,29.97,73.8,0.0,29.6,6.39,28.21,41.55,-6.903056,107.605214,Asia/Jakarta
2026-01-14 18:00:00,24.4,88.7,3.38,57.6,4.13,23.06,60.75,-6.903056,107.605214,Asia/Jakarta
2026-01-14 21:00:00,23.88,90.1,3.27,56.3,4.29,22.53,64.85,-6.903056,107.605214,Asia/Jakarta
2026-01-15 00:00:00,23.31,90.2,0.0,61.4,5.89,22.05,54.08,-6.903056,107.605214,Asia/Jakarta
2026-01-15 03:00:00,23.94,87.9,0.0,52.8,2.79,22.78,51.71,-6.903056,107.605214,Asia/Jakarta
2026-01-15 06:00:00,24.61,90.1,7.5,46.0,4.67,23.64,76.21,-6.903056,107.605214,Asia/Jakarta
2026-01-15 09:00:00,29.95,73.1,0.0,43.0,4.53,29.24,45.32,-6.903056,107.605214,Asia/Jakarta
2026-01-15 12:00:00,30.36,72.1,4.11,41.0,7.82,29.66,51.11,-6.903056,107.605214,Asia/Jakarta
2026-01-15 15:00:00,29.78,73.5,4.14,44.3,4.46,28.64,61.02,-6.903056,107.605214,Asia/Jakarta
2026-01-15 18:00:00,23.81,92.4,16.71,51.4,5.3,23.19,88.85,-6.903056,107.605214,Asia/Jakarta
2026-01-15 21:00:00,23.13,86.7,2.6,40.2,5.59,21.86,64.23,-6.903056,107.605214,Asia/Jakarta
2026-01-16 00:00:00,23.61,88.1,0.0,45.5,5.34,22.07,54.63,-6.903056,107.605214,Asia/Jakarta
2026-01-16 03:00:00,24.67,88.5,0.0,64.2,3.46,22.81,50.05,-6.903056,107.605214,Asia/Jakarta
2026-01-16 06:00:00,23.85,87.3,0.0,39.9,3.32,23.2,49.96,-6.903056,107.605214,Asia/Jakarta
2026-01-16 09:00:00,30.25,79.7,0.33,52.1,5.85,28.86,41.6,-6.903056,107.605214,Asia/Jakarta
2026-01-16 12:00:00,31.93,72.7,0.0,26.7,5.02,30.02,43.57,-6.903056,107.605214,Asia/Jakarta
2026-01-16 15:00:00,29.15,76.1,0.0,30.0,6.2,27.27,50.75,-6.903056,107.605214,Asia/Jakarta
2026-01-16 18:00:00,22.98,92.2,2.91,65.7,2.5,21.69,54.64,-6.903056,107.605214,Asia/Jakarta
2026-01-16 21:00:00,23.5,92.3,0.0,58.6,2.69,22.53,61.65,-6.903056,107.605214,Asia/Jakarta
2026-01-17 00:00:00,22.76,94.9,0.0,52.9,2.64,21.55,51.43,-6.903056,107.605214,Asia/Jakarta
2026-01-17 03:00:00,22.69,91.1,0.0,63.6,2.61,22.11,51.85,-6.903056,107.605214,Asia/Jakarta
2026-01-17 06:00:00,25.18,87.8,0.0,61.9,4.5,23.23,52.25,-6.903056,107.605214,Asia/Jakarta
2026-01-17 09:00:00,30.13,79.1,3.05,46.2,7.64,28.73,51.52,-6.903056,107.605214,Asia/Jakarta
2026-01-17 12:00:00,30.07,78.9,0.0,51.6,8.43,28.84,40.91,-6.903056,107.605214,Asia/Jakarta
2026-01-17 15:00:00,28.76,73.3,0.0,33.2,7.22,28.04,42.42,-6.903056,107.605214,Asia/Jakarta
2026-01-17 18:00:00,23.92,83.1,4.06,41.6,3.9,23.33,60.11,-6.903056,107.605214,Asia/Jakarta
2026-01-17 21:00:00,24.27,84.9,4.75,54.8,5.15,22.63,69.94,-6.903056,107.605214,Asia/Jakarta
2026-01-18 00:00:00,23.51,86.4,0.0,40.9,4.25,21.82,54.98,-6.903056,107.605214,Asia/Jakarta
2026-01-18 03:00:00,23.4,89.6,0.41,60.6,3.79,21.48,56.8,-6.903056,107.605214,Asia/Jakarta
2026-01-18 06:00:00,24.2,89.1,4.82,61.8,4.22,23.1,66.51,-6.903056,107.605214,Asia/Jakarta
2026-01-18 09:00:00,29.66,74.7,0.0,49.7,5.19,29.03,48.85,-6.903056,107.605214,Asia/Jakarta
2026-01-18 12:00:00,30.4,79.2,0.0,49.1,8.24,28.77,45.25,-6.903056,107.605214,Asia/Jakarta
2026-01-18 15:00:00,28.93,78.7,3.19,43.5,5.48,27.94,44.82,-6.903056,107.605214,Asia/Jakarta
2026-01-18 18:00:00,22.87,89.6,2.7,53.8,5.2,21.61,55.77,-6.903056,107.605214,Asia/Jakarta
2026-01-18 21:00:00,25.13,89.9,0.68,52.6,3.39,23.79,55.07,-6.903056,107.605214,Asia/Jakarta
2026-01-19 00:00:00,24.01,85.7,0.0,58.7,4.06,22.71,53.11,-6.903056,107.605214,Asia/Jakarta
2026-01-19 03:00:00,23.82,83.3,8.54,45.6,3.43,22.45,72.6,-6.903056,107.605214,Asia/Jakarta
2026-01-19 06:00:00,22.96,94.3,0.0,60.6,4.14,22.31,53.58,-6.903056,107.605214,Asia/Jakarta
2026-01-19 09:00:00,27.59,77.8,0.0,50.5,5.4,26.35,37.57,-6.903056,107.605214,Asia/Jakarta
2026-01-19 12:00:00,29.54,78.0,2.36,50.9,8.37,28.24,49.56,-6.903056,107.605214,Asia/Jakarta
2026-01-19 15:00:00,27.47,84.5,5.34,58.4,4.89,26.42,53.39,-6.903056,107.605214,Asia/Jakarta
2026-01-19 18:00:00,23.87,84.1,0.0,51.1,4.19,22.73,47.73,-6.903056,107.605214,Asia/Jakarta
2026-01-19 21:00:00,22.89,86.0,0.0,55.5,3.12,21.94,59.16,-6.903056,107.605214,Asia/Jakarta
2026-01-20 00:00:00,25.09,83.1,0.0,35.4,5.28,24.35,48.77,-6.903056,107.605214,Asia/Jakarta
2026-01-20 03:00:00,25.36,87.4,1.66,54.3,3.19,24.16,65.91,-6.903056,107.605214,Asia/Jakarta
2026-01-20 06:00:00,25.42,87.7,0.0,41.0,4.52,23.76,49.73,-6.903056,107.605214,Asia/Jakarta
2026-01-20 09:00:00,28.49,79.2,4.19,37.6,5.9,27.4,60.37,-6.903056,107.605214,Asia/Jakarta
2026-01-20 12:00:00,31.7,72.0,2.73,44.6,5.62,30.69,51.39,-6.903056,107.605214,Asia/Jakarta
2026-01-20 15:00:00,28.66,74.3,0.0,39.1,6.87,27.36,50.86,-6.903056,107.605214,Asia/Jakarta
2026-01-20 18:00:00,22.95,89.9,0.0,57.7,5.47,22.19,61.0,-6.903056,107.605214,Asia/Jakarta
2026-01-20 21:00:00,22.64,92.2,5.23,61.4,3.29,21.64,64.45,-6.903056,107.605214,Asia/Jakarta
2026-01-21 00:00:00,23.56,92.6,2.66,47.1,4.03,22.94,58.91,-6.903056,107.605214,Asia/Jakarta
2026-01-21 03:00:00,24.62,83.0,0.0,48.8,5.89,23.52,55.67,-6.903056,107.605214,Asia/Jakarta
2026-01-21 06:00:00,25.12,82.4,1.59,54.9,5.23,23.33,54.39,-6.903056,107.605214,Asia/Jakarta
2026-01-21 09:00:00,28.99,74.2,3.3,29.7,4.79,28.08,49.58,-6.903056,107.605214,Asia/Jakarta
2026-01-21 12:00:00,29.64,76.5,3.17,51.1,7.15,28.48,40.27,-6.903056,107.605214,Asia/Jakarta
2026-01-21 15:00:00,29.85,75.1,0.0,32.0,6.54,27.98,46.04,-6.903056,107.605214,Asia/Jakarta
2026-01-21 18:00:00,24.95,86.2,0.0,43.0,5.62,22.98,59.07,-6.903056,107.605214,Asia/Jakarta
2026-01-21 21:00:00,24.42,86.3,4.0,46.0,3.51,22.48,71.16,-6.903056,107.605214,Asia/Jakarta
2026-01-22 00:00:00,25.05,88.1,6.33,59.1,2.6,23.91,61.02,-6.903056,107.605214,Asia/Jakarta
2026-01-22 03:00:00,23.18,92.7,0.0,64.7,2.5,21.63,55.54,-6.903056,107.605214,Asia/Jakarta
2026-01-22 06:00:00,25.36,84.9,1.29,37.8,5.52,24.15,60.77,-6.903056,107.605214,Asia/Jakarta
2026-01-22 09:00:00,29.32,71.7,0.0,30.5,7.69,27.4,47.27,-6.903056,107.605214,Asia/Jakarta
2026-01-22 12:00:00,31.74,74.8,0.0,28.1,5.44,30.38,43.48,-6.903056,107.605214,Asia/Jakarta
2026-01-22 15:00:00,27.93,79.1,6.12,37.4,4.93,26.28,61.53,-6.903056,107.605214,Asia/Jakarta
2026-01-22 18:00:00,23.46,90.2,0.0,43.4,5.63,21.54,55.73,-6.903056,107.605214,Asia/Jakarta
2026-01-22 21:00:00,25.25,83.5,0.0,47.0,4.28,24.32,47.0,-6.903056,107.605214,Asia/Jakarta
2026-01-23 00:00:00,23.95,83.1,1.11,39.0,3.64,23.21,49.48,-6.903056,107.605214,Asia/Jakarta
2026-01-23 03:00:00,23.44,85.8,5.09,46.7,4.38,21.68,59.37,-6.903056,107.605214,Asia/Jakarta
2026-01-23 06:00:00,25.2,81.5,5.2,41.4,2.78,23.87,71.26,-6.903056,107.605214,Asia/Jakarta
2026-01-23 09:00:00,28.87,80.2,2.26,50.8,5.53,27.07,45.4,-6.903056,107.605214,Asia/Jakarta
2026-01-23 12:00:00,31.74,67.8,1.73,32.5,6.8,31.1,42.55,-6.903056,107.605214,Asia/Jakarta
2026-01-23 15:00:00,28.32,75.0,0.0,50.2,4.28,26.43,41.23,-6.903056,107.605214,Asia/Jakarta
2026-01-23 18:00:00,25.43,87.1,1.65,48.1,4.53,24.61,65.26,-6.903056,107.605214,Asia/Jakarta
2026-01-23 21:00:00,24.91,82.4,0.0,44.2,5.25,23.55,53.12,-6.903056,107.605214,Asia/Jakarta
2026-01-24 00:00:00,25.25,82.8,0.0,40.2,4.64,23.35,47.67,-6.903056,107.605214,Asia/Jakarta
2026-01-24 03:00:00,24.52,83.5,3.53,40.4,5.93,23.73,60.64,-6.903056,107.605214,Asia/Jakarta
2026-01-24 06:00:00,24.93,85.2,0.0,40.8,5.47,24.13,50.26,-6.903056,107.605214,Asia/Jakarta
2026-01-24 09:00:00,29.99,76.4,5.44,31.7,7.73,29.15,50.18,-6.903056,107.605214,Asia/Jakarta
2026-01-24 12:00:00,30.79,74.3,2.98,47.2,5.73,29.27,46.4,-6.903056,107.605214,Asia/Jakarta
2026-01-24 15:00:00,28.03,80.9,0.0,54.5,6.69,26.35,46.64,-6.903056,107.605214,Asia/Jakarta
2026-01-24 18:00:00,23.62,87.8,0.28,58.1,5.14,21.63,56.95,-6.903056,107.605214,Asia/Jakarta
2026-01-24 21:00:00,25.25,84.0,0.0,41.6,5.93,23.82,55.55,-6.903056,107.605214,Asia/Jakarta
2026-01-25 00:00:00,24.24,91.1,2.14,61.8,4.86,23.44,52.45,-6.903056,107.605214,Asia/Jakarta
2026-01-25 03:00:00,23.34,92.3,0.0,49.3,4.92,21.71,55.4,-6.903056,107.605214,Asia/Jakarta
2026-01-25 06:00:00,22.81,91.0,2.08,43.1,2.59,21.32,63.2,-6.903056,107.605214,Asia/Jakarta
2026-01-25 09:00:00,28.94,75.0,0.0,27.6,6.98,27.78,45.84,-6.903056,107.605214,Asia/Jakarta
2026-01-25 12:00:00,30.64,74.0,0.0,37.2,7.28,29.03,39.22,-6.903056,107.605214,Asia/Jakarta
2026-01-25 15:00:00,28.84,77.4,0.0,41.5,5.76,28.3,43.71,-6.903056,107.605214,Asia/Jakarta
2026-01-25 18:00:00,23.12,94.6,4.73,51.3,4.44,21.17,65.82,-6.903056,107.605214,Asia/Jakarta
2026-01-25 21:00:00,23.1,93.5,4.9,46.5,2.83,21.73,70.53,-6.903056,107.605214,Asia/Jakarta
2026-01-26 00:00:00,23.01,89.5,0.0,42.7,3.77,21.13,55.38,-6.903056,107.605214,Asia/Jakarta
2026-01-26 03:00:00,22.92,85.1,0.0,49.3,5.29,21.79,60.27,-6.903056,107.605214,Asia/Jakarta
2026-01-26 06:00:00,23.06,89.4,0.0,63.8,4.27,21.25,57.4,-6.903056,107.605214,Asia/Jakarta
2026-01-26 09:00:00,29.08,77.9,0.0,30.1,7.36,27.39,43.48,-6.903056,107.605214,Asia/Jakarta
2026-01-26 12:00:00,31.54,72.2,3.73,45.2,7.06,29.74,46.19,-6.903056,107.605214,Asia/Jakarta
2026-01-26 15:00:00,28.56,78.7,6.12,37.1,7.52,26.89,57.32,-6.903056,107.605214,Asia/Jakarta
2026-01-26 18:00:00,24.53,87.6,6.43,43.4,4.83,23.35,70.9,-6.903056,107.605214,Asia/Jakarta
2026-01-26 21:00:00,24.31,82.2,0.0,37.2,4.36,22.73,51.23,-6.903056,107.605214,Asia/Jakarta
2026-01-27 00:00:00,24.35,91.2,0.0,51.5,3.4,23.17,55.49,-6.903056,107.605214,Asia/Jakarta
2026-01-27 03:00:00,24.22,91.8,2.25,62.9,5.81,23.34,55.9,-6.903056,107.605214,Asia/Jakarta
2026-01-27 06:00:00,25.2,83.5,0.0,44.5,5.71,24.12,57.15,-6.903056,107.605214,Asia/Jakarta
2026-01-27 09:00:00,28.0,76.6,0.0,44.6,4.37,26.38,48.35,-6.903056,107.605214,Asia/Jakarta
2026-01-27 12:00:00,30.75,69.2,0.0,43.3,7.02,29.79,43.17,-6.903056,107.605214,Asia/Jakarta
2026-01-27 15:00:00,29.37,76.8,1.62,46.2,6.73,28.61,47.79,-6.903056,107.605214,Asia/Jakarta
2026-01-27 18:00:00,25.43,87.6,0.0,56.5,4.04,23.82,49.03,-6.903056,107.605214,Asia/Jakarta
2026-01-27 21:00:00,25.12,85.7,0.0,38.3,2.78,24.14,59.58,-6.903056,107.605214,Asia/Jakarta
2026-01-28 00:00:00,24.12,88.9,0.0,46.5,3.2,22.39,48.25,-6.903056,107.605214,Asia/Jakarta
2026-01-28 03:00:00,25.42,81.0,3.14,44.5,5.94,24.03,58.23,-6.903056,107.605214,Asia/Jakarta
2026-01-28 06:00:00,23.33,91.4,0.0,49.4,4.24,22.15,55.71,-6.903056,107.605214,Asia/Jakarta
2026-01-28 09:00:00,29.62,71.4,0.0,39.0,5.7,28.33,39.26,-6.903056,107.605214,Asia/Jakarta
2026-01-28 12:00:00,31.97,75.3,3.73,37.8,8.2,31.45,45.26,-6.903056,107.605214,Asia/Jakarta
2026-01-28 15:00:00,27.79,79.3,0.0,38.3,4.75,26.25,46.7,-6.903056,107.605214,Asia/Jakarta
2026-01-28 18:00:00,24.03,85.9,0.0,48.2,3.61,22.25,52.5,-6.903056,107.605214,Asia/Jakarta
2026-01-28 21:00:00,22.95,88.3,2.16,59.3,3.11,21.54,54.61,-6.903056,107.605214,Asia/Jakarta
2026-01-29 00:00:00,25.48,81.3,19.26,56.9,4.66,23.98,90.07,-6.903056,107.605214,Asia/Jakarta
2026-01-29 03:00:00,22.8,95.2,8.22,53.5,3.07,20.9,76.56,-6.903056,107.605214,Asia/Jakarta
2026-01-29 06:00:00,24.17,89.1,0.0,53.8,4.66,22.42,59.86,-6.903056,107.605214,Asia/Jakarta
2026-01-29 09:00:00,29.45,77.4,2.0,38.8,6.53,27.98,45.55,-6.903056,107.605214,Asia/Jakarta
2026-01-29 12:00:00,31.72,68.5,0.0,30.4,5.3,30.62,36.63,-6.903056,107.605214,Asia/Jakarta
2026-01-29 15:00:00,28.94,78.8,0.0,32.1,4.97,28.32,47.53,-6.903056,107.605214,Asia/Jakarta
2026-01-29 18:00:00,23.42,91.7,1.34,47.6,3.31,21.94,55.8,-6.903056,107.605214,Asia/Jakarta
2026-01-29 21:00:00,22.59,93.0,1.87,48.6,5.52,21.14,64.8,-6.903056,107.605214,Asia/Jakarta
2026-01-30 00:00:00,22.61,93.7,0.0,47.5,2.63,21.98,61.51,-6.903056,107.605214,Asia/Jakarta
2026-01-30 03:00:00,22.64,86.7,0.0,48.1,4.58,21.63,52.17,-6.903056,107.605214,Asia/Jakarta
2026-01-30 06:00:00,23.43,91.2,6.51,44.1,5.6,21.65,75.23,-6.903056,107.605214,Asia/Jakarta
2026-01-30 09:00:00,27.84,82.1,6.61,45.9,6.93,26.13,62.7,-6.903056,107.605214,Asia/Jakarta
2026-01-30 12:00:00,29.51,77.7,0.0,34.0,6.19,28.16,43.8,-6.903056,107.605214,Asia/Jakarta
2026-01-30 15:00:00,30.25,74.2,8.29,48.6,6.01,29.51,70.67,-6.903056,107.605214,Asia/Jakarta
2026-01-30 18:00:00,23.73,87.3,0.0,59.0,4.49,22.11,48.7,-6.903056,107.605214,Asia/Jakarta
2026-01-30 21:00:00,22.68,90.9,0.0,58.9,2.73,21.44,48.89,-6.903056,107.605214,Asia/Jakarta
2026-01-31 00:00:00,23.14,93.7,1.58,45.8,2.62,22.24,50.84,-6.903056,107.605214,Asia/Jakarta
2026-01-31 03:00:00,22.94,89.6,0.0,51.7,3.36,21.47,60.31,-6.903056,107.605214,Asia/Jakarta
2026-01-31 06:00:00,24.79,85.3,0.0,40.6,4.9,23.02,52.7,-6.903056,107.605214,Asia/Jakarta
2026-01-31 09:00:00,30.37,72.3,0.0,45.6,5.19,29.25,38.41,-6.903056,107.605214,Asia/Jakarta
2026-01-31 12:00:00,29.97,74.0,4.72,39.8,7.51,28.04,59.1,-6.903056,107.605214,Asia/Jakarta
2026-01-31 15:00:00,29.06,77.2,0.0,37.8,6.23,27.72,51.87,-6.903056,107.605214,Asia/Jakarta
2026-01-31 18:00:00,24.72,81.9,0.0,51.3,5.59,23.03,49.62,-6.903056,107.605214,Asia/Jakarta
2026-01-31 21:00:00,24.09,90.5,0.0,64.5,2.67,22.99,60.8,-6.903056,107.605214,Asia/Jakarta
2026-02-01 00:00:00,25.32,87.3,0.0,39.8,4.7,23.92,62.94,-6.903056,107.605214,Asia/Jakarta
2026-02-01 03:00:00,23.99,89.9,0.0,49.0,3.3,22.02,59.41,-6.903056,107.605214,Asia/Jakarta
2026-02-01 06:00:00,24.28,85.3,1.71,53.6,5.82,22.74,65.4,-6.903056,107.605214,Asia/Jakarta
2026-02-01 09:00:00,29.64,79.7,0.0,33.0,7.41,28.95,52.19,-6.903056,107.605214,Asia/Jakarta
2026-02-01 12:00:00,31.41,74.9,0.0,44.2,6.68,29.73,45.59,-6.903056,107.605214,Asia/Jakarta
2026-02-01 15:00:00,29.87,72.6,9.46,43.2,7.05,28.42,64.47,-6.903056,107.605214,Asia/Jakarta
2026-02-01 18:00:00,24.88,89.7,0.0,42.2,4.05,22.9,51.67,-6.903056,107.605214,Asia/Jakarta
2026-02-01 21:00:00,24.34,83.7,1.63,49.4,4.73,23.65,52.68,-6.903056,107.605214,Asia/Jakarta
2026-02-02 00:00:00,22.88,88.7,0.0,49.1,5.89,21.0,47.81,-6.903056,107.605214,Asia/Jakarta
2026-02-02 03:00:00,24.8,84.0,1.07,50.2,4.75,23.44,56.87,-6.903056,107.605214,Asia/Jakarta
2026-02-02 06:00:00,22.77,93.1,0.0,65.0,3.3,21.74,57.86,-6.903056,107.605214,Asia/Jakarta
2026-02-02 09:00:00,28.59,82.8,0.0,50.4,5.05,27.69,40.37,-6.903056,107.605214,Asia/Jakarta
2026-02-02 12:00:00,29.67,79.6,0.0,48.2,5.07,28.84,46.65,-6.903056,107.605214,Asia/Jakarta
2026-02-02 15:00:00,30.27,72.0,0.0,31.9,5.1,28.96,52.03,-6.903056,107.605214,Asia/Jakarta
2026-02-02 18:00:00,24.85,90.2,1.27,62.7,5.1,23.31,53.14,-6.903056,107.605214,Asia/Jakarta
2026-02-02 21:00:00,25.0,82.3,0.0,38.2,5.28,24.04,49.92,-6.903056,107.605214,Asia/Jakarta
2026-02-03 00:00:00,22.96,94.7,3.31,59.0,3.42,21.63,62.21,-6.903056,107.605214,Asia/Jakarta
2026-02-03 03:00:00,24.25,89.9,5.38,57.2,4.21,23.71,64.75,-6.903056,107.605214,Asia/Jakarta
2026-02-03 06:00:00,22.58,89.5,5.15,57.0,3.91,21.07,60.41,-6.903056,107.605214,Asia/Jakarta
2026-02-03 09:00:00,28.01,78.4,0.0,52.8,7.33,27.2,51.14,-6.903056,107.605214,Asia/Jakarta
2026-02-03 12:00:00,30.78,73.1,0.0,25.2,7.12,29.17,33.84,-6.903056,107.605214,Asia/Jakarta
2026-02-03 15:00:00,27.57,80.4,0.0,56.4,6.51,25.68,44.16,-6.903056,107.605214,Asia/Jakarta
2026-02-03 18:00:00,24.0,89.4,0.0,45.4,3.17,22.84,56.42,-6.903056,107.605214,Asia/Jakarta
2026-02-03 21:00:00,25.0,84.6,0.0,55.9,3.55,24.34,51.43,-6.903056,107.605214,Asia/Jakarta
2026-02-04 00:00:00,24.54,87.5,0.0,55.7,5.7,22.96,54.24,-6.903056,107.605214,Asia/Jakarta
2026-02-04 03:00:00,24.21,87.6,1.32,49.2,4.62,22.5,51.51,-6.903056,107.605214,Asia/Jakarta
2026-02-04 06:00:00,23.56,86.9,2.46,56.3,4.19,21.78,56.96,-6.903056,107.605214,Asia/Jakarta
2026-02-04 09:00:00,29.08,79.5,2.21,43.4,6.52,28.29,53.72,-6.903056,107.605214,Asia/Jakarta
2026-02-04 12:00:00,30.11,79.7,0.0,42.4,5.8,29.29,45.69,-6.903056,107.605214,Asia/Jakarta
2026-02-04 15:00:00,28.35,78.6,0.0,52.1,6.42,27.7,43.87,-6.903056,107.605214,Asia/Jakarta
2026-02-04 18:00:00,23.89,86.6,1.15,39.8,2.57,23.33,49.86,-6.903056,107.605214,Asia/Jakarta
2026-02-04 21:00:00,24.0,87.0,0.0,55.0,3.75,22.71,60.06,-6.903056,107.605214,Asia/Jakarta
2026-02-05 00:00:00,25.25,88.9,0.0,52.0,3.73,23.33,57.18,-6.903056,107.605214,Asia/Jakarta
2026-02-05 03:00:00,23.18,93.5,0.0,46.8,3.98,21.63,48.53,-6.903056,107.605214,Asia/Jakarta
2026-02-05 06:00:00,23.49,86.0,0.0,49.9,5.95,21.9,50.33,-6.903056,107.605214,Asia/Jakarta
2026-02-05 09:00:00,28.85,78.4,2.17,50.2,7.32,27.92,57.16,-6.903056,107.605214,Asia/Jakarta
2026-02-05 12:00:00,32.03,69.8,0.0,26.3,6.8,31.05,42.78,-6.903056,107.605214,Asia/Jakarta
2026-02-05 15:00:00,27.72,82.5,0.0,42.8,6.93,26.48,40.4,-6.903056,107.605214,Asia/Jakarta
2026-02-05 18:00:00,25.08,80.8,0.0,40.6,5.07,23.6,51.97,-6.903056,107.605214,Asia/Jakarta
2026-02-05 21:00:00,23.25,90.5,0.0,61.9,4.58,21.76,56.03,-6.903056,107.605214,Asia/Jakarta
2026-02-06 00:00:00,23.45,90.7,0.0,66.1,4.78,22.55,49.81,-6.903056,107.605214,Asia/Jakarta
2026-02-06 03:00:00,23.11,87.5,0.0,62.6,5.01,21.87,49.26,-6.903056,107.605214,Asia/Jakarta
2026-02-06 06:00:00,25.32,80.8,0.0,41.3,3.3,24.03,57.18,-6.903056,107.605214,Asia/Jakarta
2026-02-06 09:00:00,27.47,80.0,8.06,39.7,6.16,26.0,60.43,-6.903056,107.605214,Asia/Jakarta
2026-02-06 12:00:00,29.86,70.8,0.0,27.4,6.52,29.33,35.09,-6.903056,107.605214,Asia/Jakarta
2026-02-06 15:00:00,28.52,74.4,0.0,33.0,5.72,27.9,52.32,-6.903056,107.605214,Asia/Jakarta
2026-02-06 18:00:00,23.72,87.4,1.01,50.4,2.53,22.73,50.7,-6.903056,107.605214,Asia/Jakarta
2026-02-06 21:00:00,24.65,83.8,0.0,59.7,2.5,23.17,49.97,-6.903056,107.605214,Asia/Jakarta
2026-02-07 00:00:00,23.53,87.6,3.91,46.9,5.45,21.77,69.14,-6.903056,107.605214,Asia/Jakarta
2026-02-07 03:00:00,23.68,90.9,0.0,64.1,4.56,21.72,54.63,-6.903056,107.605214,Asia/Jakarta
2026-02-07 06:00:00,22.75,86.0,0.0,38.1,4.65,21.05,59.68,-6.903056,107.605214,Asia/Jakarta
2026-02-07 09:00:00,27.91,77.0,8.18,43.7,7.32,27.13,67.27,-6.903056,107.605214,Asia/Jakarta
2026-02-07 12:00:00,30.43,74.1,0.0,26.7,5.34,28.68,39.0,-6.903056,107.605214,Asia/Jakarta
2026-02-07 15:00:00,28.11,82.5,0.0,45.7,7.03,26.45,42.25,-6.903056,107.605214,Asia/Jakarta
2026-02-07 18:00:00,25.12,82.1,0.0,48.4,4.98,23.28,48.12,-6.903056,107.605214,Asia/Jakarta
2026-02-07 21:00:00,23.75,89.1,0.0,42.6,4.77,21.95,48.78,-6.903056,107.605214,Asia/Jakarta
2026-02-08 00:00:00,23.94,91.5,7.91,44.7,3.89,22.79,65.28,-6.903056,107.605214,Asia/Jakarta
2026-02-08 03:00:00,25.11,81.0,9.74,46.9,2.92,23.75,78.94,-6.903056,107.605214,Asia/Jakarta
2026-02-08 06:00:00,25.06,85.3,0.0,51.9,2.86,24.14,56.2,-6.903056,107.605214,Asia/Jakarta
2026-02-08 09:00:00,28.78,78.4,0.0,45.4,6.19,27.65,41.44,-6.903056,107.605214,Asia/Jakarta
2026-02-08 12:00:00,29.71,72.3,0.0,38.8,5.77,28.08,41.21,-6.903056,107.605214,Asia/Jakarta
2026-02-08 15:00:00,29.07,75.3,0.0,38.5,6.15,28.34,51.6,-6.903056,107.605214,Asia/Jakarta
2026-02-08 18:00:00,24.83,85.6,0.0,52.5,5.09,23.69,55.61,-6.903056,107.605214,Asia/Jakarta
2026-02-08 21:00:00,23.03,94.7,4.19,68.8,4.94,21.36,56.41,-6.903056,107.605214,Asia/Jakarta
2026-02-09 00:00:00,22.61,92.9,4.63,46.4,4.21,20.63,62.51,-6.903056,107.605214,Asia/Jakarta
2026-02-09 03:00:00,22.55,94.0,0.0,50.6,5.79,20.76,53.15,-6.903056,107.605214,Asia/Jakarta
2026-02-09 06:00:00,24.68,82.2,2.2,54.3,5.18,24.08,60.19,-6.903056,107.605214,Asia/Jakarta
2026-02-09 09:00:00,27.5,77.0,0.0,41.9,6.9,25.6,43.59,-6.903056,107.605214,Asia/Jakarta
2026-02-09 12:00:00,31.43,75.5,0.99,47.0,5.84,29.74,36.45,-6.903056,107.605214,Asia/Jakarta
2026-02-09 15:00:00,27.62,78.0,0.0,45.3,7.01,26.56,47.67,-6.903056,107.605214,Asia/Jakarta
2026-02-09 18:00:00,24.21,88.7,0.0,52.0,5.29,22.73,48.89,-6.903056,107.605214,Asia/Jakarta
2026-02-09 21:00:00,24.33,85.7,2.98,50.0,3.34,22.63,66.47,-6.903056,107.605214,Asia/Jakarta
2026-02-10 00:00:00,22.58,94.8,7.04,61.1,5.07,21.69,66.99,-6.903056,107.605214,Asia/Jakarta
2026-02-10 03:00:00,24.81,87.9,0.27,53.0,4.62,23.93,51.16,-6.903056,107.605214,Asia/Jakarta
2026-02-10 06:00:00,22.97,90.6,0.0,63.8,4.96,21.53,62.63,-6.903056,107.605214,Asia/Jakarta
2026-02-10 09:00:00,29.51,75.6,0.0,47.8,4.34,27.52,45.11,-6.903056,107.605214,Asia/Jakarta
2026-02-10 12:00:00,32.37,65.7,0.0,27.9,5.25,31.43,48.38,-6.903056,107.605214,Asia/Jakarta
2026-02-10 15:00:00,30.03,74.4,0.0,41.8,5.63,28.39,38.75,-6.903056,107.605214,Asia/Jakarta
2026-02-10 18:00:00,24.55,90.0,0.0,48.7,3.93,23.98,60.85,-6.903056,107.605214,Asia/Jakarta
2026-02-10 21:00:00,25.41,83.3,0.0,47.7,4.44,23.89,51.48,-6.903056,107.605214,Asia/Jakarta
2026-02-11 00:00:00,23.26,90.8,0.0,54.4,5.91,22.04,52.16,-6.903056,107.605214,Asia/Jakarta
2026-02-11 03:00:00,23.35,84.2,2.28,41.8,3.78,22.07,63.96,-6.903056,107.605214,Asia/Jakarta
2026-02-11 06:00:00,23.74,87.8,0.0,54.0,3.12,22.78,49.44,-6.903056,107.605214,Asia/Jakarta
2026-02-11 09:00:00,28.36,82.9,0.0,45.0,4.62,26.41,41.43,-6.903056,107.605214,Asia/Jakarta
2026-02-11 12:00:00,30.54,74.1,0.0,31.2,5.26,29.91,42.16,-6.903056,107.605214,Asia/Jakarta
2026-02-11 15:00:00,27.86,83.3,4.94,45.0,7.53,25.88,61.33,-6.903056,107.605214,Asia/Jakarta
2026-02-11 18:00:00,23.83,90.7,3.34,59.4,4.36,22.05,63.58,-6.903056,107.605214,Asia/Jakarta
2026-02-11 21:00:00,23.0,90.0,0.0,47.6,3.76,22.2,52.93,-6.903056,107.605214,Asia/Jakarta
2026-02-12 00:00:00,23.33,89.6,7.62,45.9,4.72,22.36,65.64,-6.903056,107.605214,Asia/Jakarta
2026-02-12 03:00:00,25.07,85.3,0.0,51.8,4.85,23.11,52.93,-6.903056,107.605214,Asia/Jakarta
2026-02-12 06:00:00,23.13,90.1,0.0,63.5,5.32,21.27,50.97,-6.903056,107.605214,Asia/Jakarta
2026-02-12 09:00:00,28.06,77.9,6.57,42.0,6.0,27.08,53.43,-6.903056,107.605214,Asia/Jakarta
2026-02-12 12:00:00,30.0,73.4,0.0,41.8,5.52,28.45,36.76,-6.903056,107.605214,Asia/Jakarta
2026-02-12 15:00:00,27.74,77.0,0.0,37.4,7.04,26.75,51.27,-6.903056,107.605214,Asia/Jakarta
2026-02-12 18:00:00,23.81,88.7,0.0,52.5,3.81,22.25,47.2,-6.903056,107.605214,Asia/Jakarta
2026-02-12 21:00:00,25.07,83.8,0.0,43.6,6.0,23.79,51.88,-6.903056,107.605214,Asia/Jakarta
2026-02-13 00:00:00,24.34,85.0,0.0,48.4,3.06,23.29,53.06,-6.903056,107.605214,Asia/Jakarta
2026-02-13 03:00:00,23.54,88.2,0.87,44.5,5.06,21.89,56.14,-6.903056,107.605214,Asia/Jakarta
2026-02-13 06:00:00,25.13,82.0,0.0,49.4,5.83,24.06,58.58,-6.903056,107.605214,Asia/Jakarta
2026-02-13 09:00:00,29.02,75.9,0.0,40.9,4.74,28.22,39.4,-6.903056,107.605214,Asia/Jakarta
2026-02-13 12:00:00,31.62,67.6,0.0,29.4,7.97,30.57,34.02,-6.903056,107.605214,Asia/Jakarta
2026-02-13 15:00:00,30.0,76.6,3.55,39.3,6.98,28.35,58.28,-6.903056,107.605214,Asia/Jakarta
2026-02-13 18:00:00,24.99,89.5,1.78,64.0,5.74,23.21,63.03,-6.903056,107.605214,Asia/Jakarta
2026-02-13 21:00:00,24.13,89.5,0.0,51.6,2.81,22.15,62.8,-6.903056,107.605214,Asia/Jakarta
2026-02-14 00:00:00,24.26,87.0,0.0,51.6,4.92,23.39,60.59,-6.903056,107.605214,Asia/Jakarta
2026-02-14 03:00:00,23.05,94.1,0.0,59.4,5.29,21.57,58.27,-6.903056,107.605214,Asia/Jakarta
2026-02-14 06:00:00,24.83,90.9,1.76,63.8,5.4,23.21,58.12,-6.903056,107.605214,Asia/Jakarta
2026-02-14 09:00:00,29.98,77.8,0.0,41.5,5.21,29.31,41.71,-6.903056,107.605214,Asia/Jakarta
2026-02-14 12:00:00,31.38,76.6,0.94,32.3,5.04,29.89,50.5,-6.903056,107.605214,Asia/Jakarta
2026-02-14 15:00:00,29.8,78.3,0.0,50.3,7.07,28.46,39.2,-6.903056,107.605214,Asia/Jakarta
2026-02-14 18:00:00,24.7,82.5,3.99,47.0,4.46,23.64,69.9,-6.903056,107.605214,Asia/Jakarta
2026-02-14 21:00:00,25.25,84.5,0.0,50.7,4.62,24.64,51.21,-6.903056,107.605214,Asia/Jakarta
2026-01-01 00:00:00,25.35,86.5,0.0,51.2,3.03,24.28,49.25,-6.934959,107.614365,Asia/Jakarta
2026-01-01 03:00:00,25.42,85.0,7.73,54.5,4.93,24.36,71.76,-6.934959,107.614365,Asia/Jakarta
2026-01-01 06:00:00,23.99,90.8,4.25,60.8,4.78,22.95,66.49,-6.934959,107.614365,Asia/Jakarta
2026-01-01 09:00:00,29.25,78.3,0.88,45.9,4.88,27.72,49.06,-6.934959,107.614365,Asia/Jakarta
2026-01-01 12:00:00,30.65,71.8,0.0,27.2,6.91,29.28,41.74,-6.934959,107.614365,Asia/Jakarta
2026-01-01 15:00:00,29.83,70.6,0.0,45.8,6.07,27.93,49.31,-6.934959,107.614365,Asia/Jakarta
2026-01-01 18:00:00,24.79,86.4,0.0,40.6,4.11,23.17,51.52,-6.934959,107.614365,Asia/Jakarta
2026-01-01 21:00:00,25.24,82.2,3.2,43.8,5.91,23.98,62.22,-6.934959,107.614365,Asia/Jakarta
2026-01-02 00:00:00,23.5,89.4,4.81,53.6,5.19,21.75,60.93,-6.934959,107.614365,Asia/Jakarta
2026-01-02 03:00:00,22.9,86.2,0.0,43.0,5.27,20.91,58.37,-6.934959,107.614365,Asia/Jakarta
2026-01-02 06:00:00,25.06,82.7,0.0,48.1,5.22,23.68,48.16,-6.934959,107.614365,Asia/Jakarta
2026-01-02 09:00:00,29.5,76.3,3.02,47.5,7.39,28.93,54.92,-6.934959,107.614365,Asia/Jakarta
2026-01-02 12:00:00,31.27,72.2,4.2,47.5,7.7,29.59,50.44,-6.934959,107.614365,Asia/Jakarta
2026-01-02 15:00:00,27.98,80.0,0.0,45.3,4.5,26.36,45.51,-6.934959,107.614365,Asia/Jakarta
2026-01-02 18:00:00,23.34,85.9,0.0,40.0,5.62,22.6,48.68,-6.934959,107.614365,Asia/Jakarta
2026-01-02 21:00:00,23.66,89.7,1.91,52.3,3.26,22.84,53.3,-6.934959,107.614365,Asia/Jakarta
2026-01-03 00:00:00,22.9,90.0,0.0,44.7,2.56,22.03,49.84,-6.934959,107.614365,Asia/Jakarta
2026-01-03 03:00:00,22.92,93.6,2.76,58.2,5.56,21.51,61.6,-6.934959,107.614365,Asia/Jakarta
2026-01-03 06:00:00,23.0,89.0,2.63,41.6,3.83,21.82,54.87,-6.934959,107.614365,Asia/Jakarta
2026-01-03 09:00:00,30.08,70.9,8.67,44.2,6.28,28.18,59.78,-6.934959,107.614365,Asia/Jakarta
2026-01-03 12:00:00,29.56,80.1,0.0,33.8,7.94,28.96,45.12,-6.934959,107.614365,Asia/Jakarta
2026-01-03 15:00:00,28.64,79.4,0.0,35.2,4.33,27.47,40.55,-6.934959,107.614365,Asia/Jakarta
2026-01-03 18:00:00,22.6,86.0,0.0,51.6,5.61,21.2,48.46,-6.934959,107.614365,Asia/Jakarta
2026-01-03 21:00:00,22.51,94.6,1.35,64.7,3.86,21.66,63.81,-6.934959,107.614365,Asia/Jakarta
2026-01-04 00:00:00,23.71,92.8,0.0,56.7,3.05,22.79,57.12,-6.934959,107.614365,Asia/Jakarta
2026-01-04 03:00:00,22.65,92.8,0.33,67.7,5.08,21.11,62.06,-6.934959,107.614365,Asia/Jakarta
2026-01-04 06:00:00,25.16,83.9,8.31,41.7,2.6,23.6,80.56,-6.934959,107.614365,Asia/Jakarta
2026-01-04 09:00:00,28.71,76.2,0.0,29.8,7.19,26.81,41.45,-6.934959,107.614365,Asia/Jakarta
2026-01-04 12:00:00,30.96,68.5,0.0,42.0,7.84,30.31,48.16,-6.934959,107.614365,Asia/Jakarta
2026-01-04 15:00:00,28.11,75.4,0.0,41.6,4.46,26.73,50.94,-6.934959,107.614365,Asia/Jakarta
2026-01-04 18:00:00,25.31,88.0,3.64,47.0,3.58,24.51,65.21,-6.934959,107.614365,Asia/Jakarta
2026-01-04 21:00:00,24.2,89.2,1.1,51.1,4.47,23.13,52.98,-6.934959,107.614365,Asia/Jakarta
2026-01-05 00:00:00,24.48,87.0,6.19,61.8,3.2,23.1,70.3,-6.934959,107.614365,Asia/Jakarta
2026-01-05 03:00:00,25.12,80.6,0.0,32.9,3.54,23.6,53.27,-6.934959,107.614365,Asia/Jakarta
2026-01-05 06:00:00,23.96,83.3,5.01,52.4,3.34,22.88,59.96,-6.934959,107.614365,Asia/Jakarta
2026-01-05 09:00:00,27.47,83.8,0.0,36.3,6.96,26.41,51.56,-6.934959,107.614365,Asia/Jakarta
2026-01-05 12:00:00,32.03,71.1,0.0,39.3,6.02,31.1,46.77,-6.934959,107.614365,Asia/Jakarta
2026-01-05 15:00:00,27.93,75.5,0.0,30.0,6.36,27.18,39.35,-6.934959,107.614365,Asia/Jakarta
2026-01-05 18:00:00,22.78,95.1,0.0,49.7,5.76,21.17,47.11,-6.934959,107.614365,Asia/Jakarta
2026-01-05 21:00:00,25.03,81.8,9.59,45.4,4.1,23.15,73.59,-6.934959,107.614365,Asia/Jakarta
2026-01-06 00:00:00,24.73,90.5,0.0,51.9,4.16,24.2,52.67,-6.934959,107.614365,Asia/Jakarta
2026-01-06 03:00:00,23.7,92.3,0.0,59.8,4.86,22.26,61.52,-6.934959,107.614365,Asia/Jakarta
2026-01-06 06:00:00,23.35,86.1,3.86,52.6,3.99,21.55,69.57,-6.934959,107.614365,Asia/Jakarta
2026-01-06 09:00:00,29.12,79.6,0.0,43.6,4.3,28.24,51.31,-6.934959,107.614365,Asia/Jakarta
2026-01-06 12:00:00,32.41,70.7,0.0,34.4,7.9,30.9,39.14,-6.934959,107.614365,Asia/Jakarta
2026-01-06 15:00:00,28.13,79.0,14.11,49.1,5.29,26.19,70.43,-6.934959,107.614365,Asia/Jakarta
2026-01-06 18:00:00,25.08,85.2,0.0,53.7,4.03,24.25,51.73,-6.934959,107.614365,Asia/Jakarta
2026-01-06 21:00:00,25.09,84.1,3.05,45.0,4.46,24.37,54.52,-6.934959,107.614365,Asia/Jakarta
2026-01-07 00:00:00,24.35,82.2,0.0,44.5,3.57,23.38,50.13,-6.934959,107.614365,Asia/Jakarta
2026-01-07 03:00:00,25.23,82.8,0.0,54.2,4.58,23.79,50.25,-6.934959,107.614365,Asia/Jakarta
2026-01-07 06:00:00,22.61,93.5,0.0,46.1,3.06,21.15,52.17,-6.934959,107.614365,Asia/Jakarta
2026-01-07 09:00:00,27.8,81.9,5.02,49.9,4.8,27.29,51.31,-6.934959,107.614365,Asia/Jakarta
2026-01-07 12:00:00,30.39,74.3,5.53,45.1,5.61,29.4,47.88,-6.934959,107.614365,Asia/Jakarta
2026-01-07 15:00:00,30.2,76.4,2.35,30.3,4.59,28.21,49.01,-6.934959,107.614365,Asia/Jakarta
2026-01-07 18:00:00,24.14,91.6,0.0,51.9,4.22,23.59,51.25,-6.934959,107.614365,Asia/Jakarta
2026-01-07 21:00:00,23.67,93.3,2.29,56.1,5.2,22.92,56.33,-6.934959,107.614365,Asia/Jakarta
2026-01-08 00:00:00,22.84,87.1,0.0,44.0,4.64,21.39,53.5,-6.934959,107.614365,Asia/Jakarta
2026-01-08 03:00:00,22.81,92.9,0.0,67.9,4.4,21.68,59.82,-6.934959,107.614365,Asia/Jakarta
2026-01-08 06:00:00,24.48,85.3,5.61,60.2,2.71,23.41,72.79,-6.934959,107.614365,Asia/Jakarta
2026-01-08 09:00:00,28.61,80.3,0.0,52.4,5.58,26.88,44.52,-6.934959,107.614365,Asia/Jakarta
2026-01-08 12:00:00,30.65,72.1,0.0,25.3,6.24,30.03,44.91,-6.934959,107.614365,Asia/Jakarta
2026-01-08 15:00:00,30.05,79.0,0.0,38.3,7.17,28.7,46.28,-6.934959,107.614365,Asia/Jakarta
2026-01-08 18:00:00,23.57,92.5,1.01,65.7,3.1,23.06,56.13,-6.934959,107.614365,Asia/Jakarta
2026-01-08 21:00:00,24.06,89.0,1.77,59.3,3.33,23.33,61.71,-6.934959,107.614365,Asia/Jakarta
2026-01-09 00:00:00,24.55,83.1,0.0,41.0,4.85,22.91,58.6,-6.934959,107.614365,Asia/Jakarta
2026-01-09 03:00:00,23.51,89.5,0.0,54.4,5.51,21.73,56.0,-6.934959,107.614365,Asia/Jakarta
2026-01-09 06:00:00,22.61,89.2,2.98,53.9,4.62,22.04,69.55,-6.934959,107.614365,Asia/Jakarta
2026-01-09 09:00:00,30.03,72.1,0.0,47.4,7.38,28.72,48.84,-6.934959,107.614365,Asia/Jakarta
2026-01-09 12:00:00,31.94,68.4,9.4,42.0,5.37,30.72,60.57,-6.934959,107.614365,Asia/Jakarta
2026-01-09 15:00:00,29.82,76.5,0.0,45.2,6.3,28.22,47.45,-6.934959,107.614365,Asia/Jakarta
2026-01-09 18:00:00,23.49,92.3,5.61,65.5,2.62,22.26,65.01,-6.934959,107.614365,Asia/Jakarta
2026-01-09 21:00:00,25.41,87.4,0.0,47.8,2.59,23.5,53.98,-6.934959,107.614365,Asia/Jakarta
2026-01-10 00:00:00,25.48,88.6,3.54,46.5,4.02,24.02,58.1,-6.934959,107.614365,Asia/Jakarta
2026-01-10 03:00:00,23.24,92.1,2.18,66.3,5.3,22.1,58.41,-6.934959,107.614365,Asia/Jakarta
2026-01-10 06:00:00,23.44,93.1,11.88,60.1,3.13,22.7,79.68,-6.934959,107.614365,Asia/Jakarta
2026-01-10 09:00:00,28.88,74.2,3.19,32.6,6.91,27.08,47.17,-6.934959,107.614365,Asia/Jakarta
2026-01-10 12:00:00,31.35,73.1,1.77,48.8,6.42,29.64,42.03,-6.934959,107.614365,Asia/Jakarta
2026-01-10 15:00:00,27.78,84.2,13.35,37.7,4.94,26.68,80.76,-6.934959,107.614365,Asia/Jakarta
2026-01-10 18:00:00,24.46,84.1,0.0,58.9,4.05,23.13,59.97,-6.934959,107.614365,Asia/Jakarta
2026-01-10 21:00:00,24.42,89.4,1.05,42.2,5.02,23.77,50.7,-6.934959,107.614365,Asia/Jakarta
2026-01-11 00:00:00,24.88,82.6,0.0,41.0,4.0,24.0,50.85,-6.934959,107.614365,Asia/Jakarta
2026-01-11 03:00:00,24.48,86.4,7.89,51.2,5.89,23.59,72.77,-6.934959,107.614365,Asia/Jakarta
2026-01-11 06:00:00,23.36,86.0,3.37,58.7,2.92,22.02,61.41,-6.934959,107.614365,Asia/Jakarta
2026-01-11 09:00:00,28.69,73.6,5.6,43.4,5.6,28.15,63.77,-6.934959,107.614365,Asia/Jakarta
2026-01-11 12:00:00,30.11,74.6,0.0,38.1,5.8,29.43,38.5,-6.934959,107.614365,Asia/Jakarta
2026-01-11 15:00:00,29.92,73.6,0.0,34.0,7.32,28.02,44.33,-6.934959,107.614365,Asia/Jakarta
2026-01-11 18:00:00,23.08,91.2,4.93,61.9,3.64,21.98,60.66,-6.934959,107.614365,Asia/Jakarta
2026-01-11 21:00:00,23.92,90.2,0.0,42.6,4.33,23.08,56.67,-6.934959,107.614365,Asia/Jakarta
2026-01-12 00:00:00,23.08,86.0,5.54,51.1,4.27,22.43,75.11,-6.934959,107.614365,Asia/Jakarta
2026-01-12 03:00:00,23.62,87.9,0.0,52.4,5.62,22.72,59.68,-6.934959,107.614365,Asia/Jakarta
2026-01-12 06:00:00,22.71,92.4,0.0,45.3,2.95,21.6,51.55,-6.934959,107.614365,Asia/Jakarta
2026-01-12 09:00:00,29.6,76.6,14.13,47.4,5.9,28.53,72.38,-6.934959,107.614365,Asia/Jakarta
2026-01-12 12:00:00,32.28,73.5,0.0,36.5,6.52,31.39,36.23,-6.934959,107.614365,Asia/Jakarta
2026-01-12 15:00:00,28.04,75.3,0.0,29.3,4.74,26.43,39.53,-6.934959,107.614365,Asia/Jakarta
2026-01-12 18:00:00,24.06,92.6,12.76,52.0,3.3,22.6,87.49,-6.934959,107.614365,Asia/Jakarta
2026-01-12 21:00:00,24.86,83.3,0.0,48.9,3.91,23.98,54.84,-6.934959,107.614365,Asia/Jakarta
2026-01-13 00:00:00,23.05,89.6,0.0,55.0,4.44,21.24,48.53,-6.934959,107.614365,Asia/Jakarta
2026-01-13 03:00:00,25.28,84.9,0.0,40.0,4.72,23.61,59.96,-6.934959,107.614365,Asia/Jakarta
2026-01-13 06:00:00,22.81,86.1,1.86,46.3,4.53,21.55,56.93,-6.934959,107.614365,Asia/Jakarta
2026-01-13 09:00:00,28.2,83.3,0.0,37.4,4.49,27.34,37.92,-6.934959,107.614365,Asia/Jakarta
2026-01-13 12:00:00,31.01,68.8,0.0,38.2,6.59,29.74,33.21,-6.934959,107.614365,Asia/Jakarta
2026-01-13 15:00:00,28.38,83.5,4.8,46.9,6.69,27.12,51.67,-6.934959,107.614365,Asia/Jakarta
2026-01-13 18:00:00,22.51,92.9,0.6,50.8,4.18,21.21,49.51,-6.934959,107.614365,Asia/Jakarta
2026-01-13 21:00:00,24.51,86.2,0.0,53.4,4.39,23.16,61.49,-6.934959,107.614365,Asia/Jakarta
2026-01-14 00:00:00,25.33,90.0,0.0,60.6,5.88,23.64,59.68,-6.934959,107.614365,Asia/Jakarta
2026-01-14 03:00:00,24.44,87.0,0.0,45.6,3.37,22.7,52.07,-6.934959,107.614365,Asia/Jakarta
2026-01-14 06:00:00,23.77,88.5,0.0,44.0,5.22,23.01,47.68,-6.934959,107.614365,Asia/Jakarta
2026-01-14 09:00:00,28.35,78.8,0.0,33.2,5.46,26.84,49.9,-6.934959,107.614365,Asia/Jakarta
2026-01-14 12:00:00,31.86,73.8,5.96,31.4,7.43,31.32,54.08,-6.934959,107.614365,Asia/Jakarta
2026-01-14 15:00:00,29.49,74.1,0.0,37.9,5.24,27.71,52.84,-6.934959,107.614365,Asia/Jakarta
2026-01-14 18:00:00,24.18,92.4,6.93,50.5,5.97,23.45,76.44,-6.934959,107.614365,Asia/Jakarta
2026-01-14 21:00:00,25.46,81.7,0.33,43.8,4.06,24.36,55.79,-6.934959,107.614365,Asia/Jakarta
2026-01-15 00:00:00,23.14,89.1,3.28,56.6,4.96,22.31,61.89,-6.934959,107.614365,Asia/Jakarta
2026-01-15 03:00:00,24.9,88.9,5.59,51.9,4.96,24.12,74.89,-6.934959,107.614365,Asia/Jakarta
2026-01-15 06:00:00,25.13,87.3,0.0,54.7,3.93,23.75,56.1,-6.934959,107.614365,Asia/Jakarta
2026-01-15 09:00:00,28.73,80.6,0.0,39.6,6.35,27.9,41.12,-6.934959,107.614365,Asia/Jakarta
2026-01-15 12:00:00,32.16,69.7,0.0,38.7,6.66,31.11,46.35,-6.934959,107.614365,Asia/Jakarta
2026-01-15 15:00:00,29.79,79.7,4.32,43.9,5.47,28.22,53.85,-6.934959,107.614365,Asia/Jakarta
2026-01-15 18:00:00,25.17,84.0,0.0,39.3,5.88,24.05,55.08,-6.934959,107.614365,Asia/Jakarta
2026-01-15 21:00:00,24.11,89.4,0.0,60.7,3.17,22.8,51.67,-6.934959,107.614365,Asia/Jakarta
2026-01-16 00:00:00,24.2,84.0,0.0,54.3,3.82,23.29,51.51,-6.934959,107.614365,Asia/Jakarta
2026-01-16 03:00:00,23.47,85.7,1.08,57.7,4.74,21.49,51.86,-6.934959,107.614365,Asia/Jakarta
2026-01-16 06:00:00,24.94,82.6,0.0,42.6,4.44,23.07,61.61,-6.934959,107.614365,Asia/Jakarta
2026-01-16 09:00:00,29.73,78.0,1.2,53.1,5.71,28.34,51.97,-6.934959,107.614365,Asia/Jakarta
2026-01-16 12:00:00,29.51,79.6,0.0,43.8,8.35,28.27,37.86,-6.934959,107.614365,Asia/Jakarta
2026-01-16 15:00:00,27.72,76.6,0.0,43.2,7.55,26.66,45.3,-6.934959,107.614365,Asia/Jakarta
2026-01-16 18:00:00,23.46,85.1,0.0,49.7,2.86,22.26,60.21,-6.934959,107.614365,Asia/Jakarta
2026-01-16 21:00:00,25.44,88.4,0.0,60.8,3.22,23.92,59.65,-6.934959,107.614365,Asia/Jakarta
2026-01-17 00:00:00,23.2,90.7,0.0,43.5,5.28,22.43,56.41,-6.934959,107.614365,Asia/Jakarta
2026-01-17 03:00:00,25.21,80.9,2.99,55.5,3.78,24.25,58.69,-6.934959,107.614365,Asia/Jakarta
2026-01-17 06:00:00,23.63,89.9,0.0,55.2,4.9,22.13,57.66,-6.934959,107.614365,Asia/Jakarta
2026-01-17 09:00:00,29.71,78.6,0.0,40.1,5.45,28.9,42.13,-6.934959,107.614365,Asia/Jakarta
2026-01-17 12:00:00,31.65,74.4,2.35,46.5,7.0,31.11,38.28,-6.934959,107.614365,Asia/Jakarta
2026-01-17 15:00:00,28.74,76.6,0.0,31.4,7.08,27.25,50.88,-6.934959,107.614365,Asia/Jakarta
2026-01-17 18:00:00,23.08,85.5,2.54,46.6,4.93,21.54,57.28,-6.934959,107.614365,Asia/Jakarta
2026-01-17 21:00:00,23.63,88.2,0.93,54.4,3.53,22.09,52.73,-6.934959,107.614365,Asia/Jakarta
2026-01-18 00:00:00,25.14,84.3,3.42,51.2,4.1,24.09,68.08,-6.934959,107.614365,Asia/Jakarta
2026-01-18 03:00:00,23.68,83.6,9.45,49.0,6.0,22.62,74.48,-6.934959,107.614365,Asia/Jakarta
2026-01-18 06:00:00,23.21,89.7,0.0,45.5,4.63,22.05,56.42,-6.934959,107.614365,Asia/Jakarta
2026-01-18 09:00:00,28.65,80.3,0.0,45.4,7.55,27.98,50.11,-6.934959,107.614365,Asia/Jakarta
2026-01-18 12:00:00,30.9,71.5,1.12,36.9,6.01,29.77,35.78,-6.934959,107.614365,Asia/Jakarta
2026-01-18 15:00:00,28.12,77.2,2.8,39.9,4.75,27.44,55.15,-6.934959,107.614365,Asia/Jakarta
2026-01-18 18:00:00,24.19,84.8,5.17,47.6,3.08,22.35,68.85,-6.934959,107.614365,Asia/Jakarta
2026-01-18 21:00:00,23.12,84.9,0.71,52.4,3.25,21.6,63.59,-6.934959,107.614365,Asia/Jakarta
2026-01-19 00:00:00,22.75,87.4,0.0,63.2,3.66,21.34,54.03,-6.934959,107.614365,Asia/Jakarta
2026-01-19 03:00:00,22.59,86.2,3.44,42.6,5.24,21.26,68.21,-6.934959,107.614365,Asia/Jakarta
2026-01-19 06:00:00,22.89,87.6,6.79,48.8,3.97,21.6,69.09,-6.934959,107.614365,Asia/Jakarta
2026-01-19 09:00:00,28.04,81.3,1.37,48.8,7.64,27.4,40.96,-6.934959,107.614365,Asia/Jakarta
2026-01-19 12:00:00,30.7,73.3,0.0,48.2,7.12,29.21,45.87,-6.934959,107.614365,Asia/Jakarta
2026-01-19 15:00:00,29.38,78.9,3.7,48.2,7.31,28.55,51.37,-6.934959,107.614365,Asia/Jakarta
2026-01-19 18:00:00,22.74,89.7,0.0,49.2,4.54,22.04,48.89,-6.934959,107.614365,Asia/Jakarta
2026-01-19 21:00:00,25.01,83.7,6.46,42.1,3.07,23.19,72.49,-6.934959,107.614365,Asia/Jakarta
2026-01-20 00:00:00,23.33,87.2,0.0,52.6,2.98,22.16,60.45,-6.934959,107.614365,Asia/Jakarta
2026-01-20 03:00:00,24.21,91.9,13.66,49.6,4.2,22.93,89.32,-6.934959,107.614365,Asia/Jakarta
2026-01-20 06:00:00,25.02,86.7,0.0,52.7,2.53,23.75,59.26,-6.934959,107.614365,Asia/Jakarta
2026-01-20 09:00:00,28.15,83.2,3.56,58.9,6.16,26.77,48.76,-6.934959,107.614365,Asia/Jakarta
2026-01-20 12:00:00,31.74,75.5,1.81,34.4,5.99,30.54,41.64,-6.934959,107.614365,Asia/Jakarta
2026-01-20 15:00:00,28.01,74.9,1.82,30.2,5.47,26.67,43.51,-6.934959,107.614365,Asia/Jakarta
2026-01-20 18:00:00,22.69,91.6,0.0,49.6,3.07,20.83,54.6,-6.934959,107.614365,Asia/Jakarta
2026-01-20 21:00:00,23.87,92.9,0.88,65.8,2.93,22.17,52.98,-6.934959,107.614365,Asia/Jakarta
2026-01-21 00:00:00,23.22,89.9,0.0,65.5,2.61,21.93,52.03,-6.934959,107.614365,Asia/Jakarta
2026-01-21 03:00:00,24.29,89.1,9.95,57.3,4.78,23.05,74.84,-6.934959,107.614365,Asia/Jakarta
2026-01-21 06:00:00,23.88,92.0,6.2,55.2,3.17,22.44,71.1,-6.934959,107.614365,Asia/Jakarta
2026-01-21 09:00:00,29.96,76.3,1.19,32.4,7.66,28.55,46.95,-6.934959,107.614365,Asia/Jakarta
2026-01-21 12:00:00,32.49,74.9,1.72,43.5,7.37,31.62,43.09,-6.934959,107.614365,Asia/Jakarta
2026-01-21 15:00:00,29.74,75.5,0.0,39.1,4.9,28.58,43.6,-6.934959,107.614365,Asia/Jakarta
2026-01-21 18:00:00,24.8,86.4,0.0,40.1,5.28,23.71,59.25,-6.934959,107.614365,Asia/Jakarta
2026-01-21 21:00:00,24.87,82.2,3.51,34.4,5.1,23.92,61.28,-6.934959,107.614365,Asia/Jakarta
2026-01-22 00:00:00,24.96,85.9,0.0,45.2,3.91,23.22,52.86,-6.934959,107.614365,Asia/Jakarta
2026-01-22 03:00:00,24.2,86.9,6.76,57.6,3.54,22.5,77.29,-6.934959,107.614365,Asia/Jakarta
2026-01-22 06:00:00,24.95,90.5,4.8,58.1,2.96,23.88,68.0,-6.934959,107.614365,Asia/Jakarta
2026-01-22 09:00:00,27.59,80.7,4.48,33.4,4.89,26.72,55.45,-6.934959,107.614365,Asia/Jakarta
2026-01-22 12:00:00,30.26,74.7,0.0,39.5,7.76,28.53,42.43,-6.934959,107.614365,Asia/Jakarta
2026-01-22 15:00:00,28.52,81.9,3.88,41.6,5.51,27.09,54.03,-6.934959,107.614365,Asia/Jakarta
2026-01-22 18:00:00,24.3,82.6,1.26,36.5,3.26,22.44,51.2,-6.934959,107.614365,Asia/Jakarta
2026-01-22 21:00:00,22.9,88.1,0.0,62.9,2.93,21.71,52.01,-6.934959,107.614365,Asia/Jakarta
2026-01-23 00:00:00,24.04,85.4,3.55,56.6,4.31,23.4,70.43,-6.934959,107.614365,Asia/Jakarta
2026-01-23 03:00:00,24.93,85.6,0.0,57.2,5.45,24.14,58.88,-6.934959,107.614365,Asia/Jakarta
2026-01-23 06:00:00,23.22,86.8,0.0,46.7,4.65,22.69,61.47,-6.934959,107.614365,Asia/Jakarta
2026-01-23 09:00:00,29.1,74.6,0.0,34.3,5.59,27.36,43.73,-6.934959,107.614365,Asia/Jakarta
2026-01-23 12:00:00,31.51,68.8,0.0,34.6,7.5,29.91,38.82,-6.934959,107.614365,Asia/Jakarta
2026-01-23 15:00:00,28.29,73.9,0.0,27.8,6.49,26.31,52.11,-6.934959,107.614365,Asia/Jakarta
2026-01-23 18:00:00,25.16,87.0,3.23,54.4,2.99,23.16,58.2,-6.934959,107.614365,Asia/Jakarta
2026-01-23 21:00:00,23.61,92.6,0.86,53.2,2.72,21.91,61.98,-6.934959,107.614365,Asia/Jakarta
2026-01-24 00:00:00,23.16,92.2,0.0,50.9,4.09,22.27,49.78,-6.934959,107.614365,Asia/Jakarta
2026-01-24 03:00:00,24.52,82.5,0.0,48.9,4.3,22.55,49.77,-6.934959,107.614365,Asia/Jakarta
2026-01-24 06:00:00,25.19,81.4,9.79,40.6,3.67,23.38,71.93,-6.934959,107.614365,Asia/Jakarta
2026-01-24 09:00:00,29.37,79.8,0.0,40.0,7.13,27.39,39.11,-6.934959,107.614365,Asia/Jakarta
2026-01-24 12:00:00,31.51,71.3,2.03,41.2,7.43,29.75,45.64,-6.934959,107.614365,Asia/Jakarta
2026-01-24 15:00:00,28.19,83.6,0.0,47.7,5.86,27.58,42.43,-6.934959,107.614365,Asia/Jakarta
2026-01-24 18:00:00,24.72,83.9,0.0,36.9,4.66,23.11,55.05,-6.934959,107.614365,Asia/Jakarta
2026-01-24 21:00:00,22.56,92.8,0.0,57.7,4.84,21.54,47.83,-6.934959,107.614365,Asia/Jakarta
2026-01-25 00:00:00,25.3,87.8,0.89,49.8,2.96,24.77,55.38,-6.934959,107.614365,Asia/Jakarta
2026-01-25 03:00:00,24.38,86.3,0.0,40.6,5.03,23.2,59.34,-6.934959,107.614365,Asia/Jakarta
2026-01-25 06:00:00,24.42,83.5,2.33,41.2,2.92,23.35,60.69,-6.934959,107.614365,Asia/Jakarta
2026-01-25 09:00:00,28.13,81.8,2.71,52.5,7.19,27.61,45.11,-6.934959,107.614365,Asia/Jakarta
2026-01-25 12:00:00,30.46,76.0,0.0,29.4,7.73,29.65,44.7,-6.934959,107.614365,Asia/Jakarta
2026-01-25 15:00:00,29.17,81.3,0.0,34.4,6.01,27.4,37.34,-6.934959,107.614365,Asia/Jakarta
2026-01-25 18:00:00,24.55,87.5,3.16,59.8,3.45,23.1,65.65,-6.934959,107.614365,Asia/Jakarta
2026-01-25 21:00:00,25.34,87.5,2.68,43.3,2.59,24.29,58.19,-6.934959,107.614365,Asia/Jakarta
2026-01-26 00:00:00,24.63,88.6,0.0,63.1,3.84,23.37,49.36,-6.934959,107.614365,Asia/Jakarta
2026-01-26 03:00:00,24.32,85.8,0.0,57.0,4.05,22.57,58.06,-6.934959,107.614365,Asia/Jakarta
2026-01-26 06:00:00,24.93,86.8,0.0,53.2,3.23,23.41,47.47,-6.934959,107.614365,Asia/Jakarta
2026-01-26 09:00:00,27.69,80.4,0.0,44.7,6.18,26.91,45.59,-6.934959,107.614365,Asia/Jakarta
2026-01-26 12:00:00,32.14,75.1,0.0,27.5,6.19,30.34,35.88,-6.934959,107.614365,Asia/Jakarta
2026-01-26 15:00:00,28.98,78.4,3.3,42.8,7.26,27.64,53.33,-6.934959,107.614365,Asia/Jakarta
2026-01-26 18:00:00,24.94,87.1,0.0,53.3,4.33,23.25,53.47,-6.934959,107.614365,Asia/Jakarta
2026-01-26 21:00:00,24.58,81.8,3.73,44.6,5.54,23.6,57.72,-6.934959,107.614365,Asia/Jakarta
2026-01-27 00:00:00,24.74,87.7,3.59,39.7,3.05,23.44,56.49,-6.934959,107.614365,Asia/Jakarta
2026-01-27 03:00:00,24.42,86.4,0.0,50.9,2.69,22.61,56.28,-6.934959,107.614365,Asia/Jakarta
2026-01-27 06:00:00,24.49,82.1,0.0,42.3,5.67,23.39,47.73,-6.934959,107.614365,Asia/Jakarta
2026-01-27 09:00:00,30.13,79.0,0.0,52.3,5.0,29.03,37.43,-6.934959,107.614365,Asia/Jakarta
2026-01-27 12:00:00,30.28,74.9,0.0,38.5,7.15,29.33,33.66,-6.934959,107.614365,Asia/Jakarta
2026-01-27 15:00:00,29.83,78.8,4.45,49.5,5.94,28.47,57.06,-6.934959,107.614365,Asia/Jakarta
2026-01-27 18:00:00,22.74,90.9,0.0,57.8,2.92,21.11,49.89,-6.934959,107.614365,Asia/Jakarta
2026-01-27 21:00:00,24.77,86.1,0.0,42.4,4.77,23.34,58.76,-6.934959,107.614365,Asia/Jakarta
2026-01-28 00:00:00,24.39,91.3,4.65,64.7,4.74,23.27,72.94,-6.934959,107.614365,Asia/Jakarta
2026-01-28 03:00:00,23.76,88.1,4.73,63.9,4.51,22.6,62.95,-6.934959,107.614365,Asia/Jakarta
2026-01-28 06:00:00,23.76,84.7,5.59,53.5,3.37,21.91,74.56,-6.934959,107.614365,Asia/Jakarta
2026-01-28 09:00:00,29.74,72.7,1.85,40.3,5.62,28.45,51.34,-6.934959,107.614365,Asia/Jakarta
2026-01-28 12:00:00,30.04,73.4,0.0,49.2,5.21,29.09,48.28,-6.934959,107.614365,Asia/Jakarta
2026-01-28 15:00:00,29.87,74.3,0.0,35.4,5.01,28.81,37.7,-6.934959,107.614365,Asia/Jakarta
2026-01-28 18:00:00,24.91,82.4,1.9,55.0,3.89,24.21,53.42,-6.934959,107.614365,Asia/Jakarta
2026-01-28 21:00:00,25.47,83.5,0.0,53.3,4.16,24.9,47.61,-6.934959,107.614365,Asia/Jakarta
2026-01-29 00:00:00,23.68,87.8,6.78,62.8,5.68,21.85,70.37,-6.934959,107.614365,Asia/Jakarta
2026-01-29 03:00:00,22.99,87.5,2.39,52.5,4.11,22.46,65.16,-6.934959,107.614365,Asia/Jakarta
2026-01-29 06:00:00,24.48,86.5,0.0,57.9,5.02,23.0,58.62,-6.934959,107.614365,Asia/Jakarta
2026-01-29 09:00:00,28.82,80.0,3.02,50.4,6.5,27.21,54.59,-6.934959,107.614365,Asia/Jakarta
2026-01-29 12:00:00,31.12,71.6,0.0,41.7,5.07,29.52,36.6,-6.934959,107.614365,Asia/Jakarta
2026-01-29 15:00:00,28.65,77.7,0.0,47.1,6.89,26.99,51.84,-6.934959,107.614365,Asia/Jakarta
2026-01-29 18:00:00,25.29,89.9,2.82,61.9,4.54,23.87,63.09,-6.934959,107.614365,Asia/Jakarta
2026-01-29 21:00:00,25.02,82.8,13.34,54.6,3.49,23.91,87.81,-6.934959,107.614365,Asia/Jakarta
2026-01-30 00:00:00,22.99,92.6,1.58,57.6,5.44,21.17,53.57,-6.934959,107.614365,Asia/Jakarta
2026-01-30 03:00:00,22.57,91.9,1.55,57.0,4.12,22.04,50.93,-6.934959,107.614365,Asia/Jakarta
2026-01-30 06:00:00,23.68,91.2,3.31,51.6,3.72,22.01,67.28,-6.934959,107.614365,Asia/Jakarta
2026-01-30 09:00:00,28.75,75.7,0.0,44.8,5.01,28.13,39.33,-6.934959,107.614365,Asia/Jakarta
2026-01-30 12:00:00,30.91,76.5,0.0,48.2,5.18,29.89,46.48,-6.934959,107.614365,Asia/Jakarta
2026-01-30 15:00:00,27.94,79.3,0.0,54.3,7.62,26.14,48.06,-6.934959,107.614365,Asia/Jakarta
2026-01-30 18:00:00,24.13,91.6,0.0,62.4,3.4,22.37,61.93,-6.934959,107.614365,Asia/Jakarta
2026-01-30 21:00:00,24.41,88.3,0.0,53.2,5.0,23.79,61.09,-6.934959,107.614365,Asia/Jakarta
2026-01-31 00:00:00,23.0,88.6,2.88,41.1,5.58,21.03,54.3,-6.934959,107.614365,Asia/Jakarta
2026-01-31 03:00:00,24.54,89.4,1.18,63.6,2.85,22.99,56.72,-6.934959,107.614365,Asia/Jakarta
2026-01-31 06:00:00,24.05,82.7,3.1,47.4,5.94,22.87,64.37,-6.934959,107.614365,Asia/Jakarta
2026-01-31 09:00:00,28.7,77.2,0.0,34.8,4.57,27.57,39.54,-6.934959,107.614365,Asia/Jakarta
2026-01-31 12:00:00,30.11,76.5,3.37,31.3,7.68,28.8,55.39,-6.934959,107.614365,Asia/Jakarta
2026-01-31 15:00:00,29.03,76.6,0.0,38.6,5.34,27.2,41.75,-6.934959,107.614365,Asia/Jakarta
2026-01-31 18:00:00,23.55,89.8,0.0,49.3,3.67,22.61,57.17,-6.934959,107.614365,Asia/Jakarta
2026-01-31 21:00:00,23.06,86.5,0.0,49.5,4.38,21.6,60.35,-6.934959,107.614365,Asia/Jakarta
2026-02-01 00:00:00,23.97,87.7,0.0,57.8,4.5,22.53,48.41,-6.934959,107.614365,Asia/Jakarta
2026-02-01 03:00:00,23.66,85.8,0.0,41.6,3.37,21.91,54.69,-6.934959,107.614365,Asia/Jakarta
2026-02-01 06:00:00,22.8,92.1,0.0,44.5,4.99,21.28,62.46,-6.934959,107.614365,Asia/Jakarta
2026-02-01 09:00:00,29.84,78.6,0.0,39.1,4.61,28.77,46.86,-6.934959,107.614365,Asia/Jakarta
2026-02-01 12:00:00,31.5,74.4,2.19,29.8,6.07,30.78,52.39,-6.934959,107.614365,Asia/Jakarta
2026-02-01 15:00:00,29.6,75.2,2.96,44.1,7.64,28.05,53.35,-6.934959,107.614365,Asia/Jakarta
2026-02-01 18:00:00,24.56,87.9,0.0,45.4,4.27,23.47,51.66,-6.934959,107.614365,Asia/Jakarta
2026-02-01 21:00:00,25.27,90.0,0.0,61.6,5.68,24.12,59.39,-6.934959,107.614365,Asia/Jakarta
2026-02-02 00:00:00,24.14,90.1,0.0,44.2,5.05,22.65,53.36,-6.934959,107.614365,Asia/Jakarta
2026-02-02 03:00:00,24.87,82.9,1.72,58.2,2.7,23.42,65.85,-6.934959,107.614365,Asia/Jakarta
2026-02-02 06:00:00,23.15,93.9,0.0,52.5,3.93,21.86,52.15,-6.934959,107.614365,Asia/Jakarta
2026-02-02 09:00:00,29.53,80.5,0.0,44.5,7.48,28.65,52.56,-6.934959,107.614365,Asia/Jakarta
2026-02-02 12:00:00,30.96,71.1,1.19,40.0,6.49,30.32,41.82,-6.934959,107.614365,Asia/Jakarta
2026-02-02 15:00:00,29.06,79.6,0.0,37.4,5.27,27.66,41.92,-6.934959,107.614365,Asia/Jakarta
2026-02-02 18:00:00,23.1,88.6,2.37,46.3,4.19,21.18,61.88,-6.934959,107.614365,Asia/Jakarta
2026-02-02 21:00:00,23.02,93.4,0.0,47.9,4.46,21.68,56.43,-6.934959,107.614365,Asia/Jakarta
2026-02-03 00:00:00,23.55,89.0,1.37,44.7,4.17,22.89,53.31,-6.934959,107.614365,Asia/Jakarta
2026-02-03 03:00:00,25.27,83.5,0.0,37.8,5.83,24.08,55.97,-6.934959,107.614365,Asia/Jakarta
2026-02-03 06:00:00,25.45,82.0,0.0,34.2,4.68,23.83,62.6,-6.934959,107.614365,Asia/Jakarta
2026-02-03 09:00:00,28.23,83.8,0.0,46.0,7.24,27.13,39.17,-6.934959,107.614365,Asia/Jakarta
2026-02-03 12:00:00,31.33,72.6,0.0,32.5,6.44,30.12,35.85,-6.934959,107.614365,Asia/Jakarta
2026-02-03 15:00:00,27.67,76.1,0.0,37.1,6.47,26.78,41.85,-6.934959,107.614365,Asia/Jakarta
2026-02-03 18:00:00,23.86,90.2,0.98,62.2,2.58,22.7,62.05,-6.934959,107.614365,Asia/Jakarta
2026-02-03 21:00:00,24.55,88.7,0.47,63.7,3.97,23.27,56.59,-6.934959,107.614365,Asia/Jakarta
2026-02-04 00:00:00,22.85,90.7,3.93,48.7,4.02,21.19,63.57,-6.934959,107.614365,Asia/Jakarta
2026-02-04 03:00:00,23.09,90.8,0.0,55.8,5.56,22.21,49.04,-6.934959,107.614365,Asia/Jakarta
2026-02-04 06:00:00,22.88,93.4,2.31,64.7,2.92,21.39,66.04,-6.934959,107.614365,Asia/Jakarta
2026-02-04 09:00:00,30.09,78.1,0.0,37.5,6.72,28.98,42.75,-6.934959,107.614365,Asia/Jakarta
2026-02-04 12:00:00,31.92,67.2,0.0,34.6,5.38,30.98,43.47,-6.934959,107.614365,Asia/Jakarta
2026-02-04 15:00:00,29.78,79.3,0.0,44.9,7.37,28.03,47.17,-6.934959,107.614365,Asia/Jakarta
2026-02-04 18:00:00,24.02,89.3,6.81,63.9,3.38,22.18,70.94,-6.934959,107.614365,Asia/Jakarta
2026-02-04 21:00:00,22.52,86.9,2.47,49.9,5.6,20.98,68.11,-6.934959,107.614365,Asia/Jakarta
2026-02-05 00:00:00,25.24,84.0,3.92,48.1,5.4,23.49,65.25,-6.934959,107.614365,Asia/Jakarta
2026-02-05 03:00:00,22.79,89.9,0.0,48.4,5.8,21.5,47.22,-6.934959,107.614365,Asia/Jakarta
2026-02-05 06:00:00,24.47,82.1,0.0,53.3,4.38,23.72,58.74,-6.934959,107.614365,Asia/Jakarta
2026-02-05 09:00:00,29.36,80.2,1.95,38.5,6.43,28.02,47.62,-6.934959,107.614365,Asia/Jakarta
2026-02-05 12:00:00,30.39,70.9,0.0,36.5,5.88,29.26,35.03,-6.934959,107.614365,Asia/Jakarta
2026-02-05 15:00:00,28.41,78.1,3.23,33.2,4.86,27.33,53.01,-6.934959,107.614365,Asia/Jakarta
2026-02-05 18:00:00,23.76,93.2,0.48,46.3,2.53,23.22,57.33,-6.934959,107.614365,Asia/Jakarta
2026-02-05 21:00:00,25.11,89.1,2.34,59.5,2.52,24.61,56.11,-6.934959,107.614365,Asia/Jakarta
2026-02-06 00:00:00,25.28,84.7,0.0,40.4,5.53,23.84,58.78,-6.934959,107.614365,Asia/Jakarta
2026-02-06 03:00:00,24.86,87.6,1.59,54.6,5.15,23.68,53.55,-6.934959,107.614365,Asia/Jakarta
2026-02-06 06:00:00,22.68,94.2,0.0,47.7,4.5,21.93,49.72,-6.934959,107.614365,Asia/Jakarta
2026-02-06 09:00:00,30.07,76.0,0.0,37.0,4.85,29.47,42.96,-6.934959,107.614365,Asia/Jakarta
2026-02-06 12:00:00,32.05,72.9,0.0,48.3,5.21,30.39,33.04,-6.934959,107.614365,Asia/Jakarta
2026-02-06 15:00:00,30.13,74.5,0.0,29.7,7.18,29.17,48.21,-6.934959,107.614365,Asia/Jakarta
2026-02-06 18:00:00,24.96,82.3,6.34,47.7,4.38,24.0,74.58,-6.934959,107.614365,Asia/Jakarta
2026-02-06 21:00:00,23.0,93.7,0.0,50.5,5.63,21.77,60.12,-6.934959,107.614365,Asia/Jakarta
2026-02-07 00:00:00,24.47,88.0,3.73,48.4,4.63,22.85,67.55,-6.934959,107.614365,Asia/Jakarta
2026-02-07 03:00:00,25.32,83.6,5.75,56.0,4.09,23.48,75.11,-6.934959,107.614365,Asia/Jakarta
2026-02-07 06:00:00,24.45,84.5,0.0,52.2,5.36,23.3,48.56,-6.934959,107.614365,Asia/Jakarta
2026-02-07 09:00:00,29.44,71.6,0.0,31.4,5.98,27.89,40.43,-6.934959,107.614365,Asia/Jakarta
2026-02-07 12:00:00,29.95,74.4,0.0,32.9,7.34,28.26,33.91,-6.934959,107.614365,Asia/Jakarta
2026-02-07 15:00:00,29.48,79.5,7.31,46.2,5.91,27.99,58.43,-6.934959,107.614365,Asia/Jakarta
2026-02-07 18:00:00,24.46,83.7,0.0,50.0,4.65,23.81,58.69,-6.934959,107.614365,Asia/Jakarta
2026-02-07 21:00:00,23.48,86.5,0.0,51.5,4.47,22.8,56.86,-6.934959,107.614365,Asia/Jakarta
2026-02-08 00:00:00,24.38,87.1,0.0,47.2,4.38,23.0,54.74,-6.934959,107.614365,Asia/Jakarta
2026-02-08 03:00:00,22.63,86.1,2.19,59.0,4.43,20.67,64.3,-6.934959,107.614365,Asia/Jakarta
2026-02-08 06:00:00,23.54,89.2,0.0,41.7,4.8,21.8,62.8,-6.934959,107.614365,Asia/Jakarta
2026-02-08 09:00:00,29.12,78.7,0.0,39.2,4.55,28.19,51.56,-6.934959,107.614365,Asia/Jakarta
2026-02-08 12:00:00,30.13,77.6,3.62,45.5,6.13,28.27,43.31,-6.934959,107.614365,Asia/Jakarta
2026-02-08 15:00:00,27.84,78.2,0.0,49.8,5.58,26.59,47.28,-6.934959,107.614365,Asia/Jakarta
2026-02-08 18:00:00,24.61,87.0,0.0,49.2,2.55,23.06,48.66,-6.934959,107.614365,Asia/Jakarta
2026-02-08 21:00:00,24.19,83.7,0.0,40.8,3.46,22.76,50.0,-6.934959,107.614365,Asia/Jakarta
2026-02-09 00:00:00,25.44,82.6,1.25,46.2,2.97,24.77,64.33,-6.934959,107.614365,Asia/Jakarta
2026-02-09 03:00:00,24.58,85.5,0.0,53.1,3.58,23.44,51.31,-6.934959,107.614365,Asia/Jakarta
2026-02-09 06:00:00,24.36,85.6,0.0,60.7,5.64,23.07,60.4,-6.934959,107.614365,Asia/Jakarta
2026-02-09 09:00:00,28.9,77.1,0.0,34.9,4.46,28.08,48.08,-6.934959,107.614365,Asia/Jakarta
2026-02-09 12:00:00,30.82,75.2,0.0,41.7,5.33,30.23,45.55,-6.934959,107.614365,Asia/Jakarta
2026-02-09 15:00:00,29.6,79.3,0.0,37.3,5.34,28.98,49.43,-6.934959,107.614365,Asia/Jakarta
2026-02-09 18:00:00,22.54,88.5,4.35,59.1,3.04,21.57,59.69,-6.934959,107.614365,Asia/Jakarta
2026-02-09 21:00:00,25.1,85.2,4.81,45.5,5.94,23.11,70.8,-6.934959,107.614365,Asia/Jakarta
2026-02-10 00:00:00,24.82,88.6,0.0,62.9,3.82,23.78,62.32,-6.934959,107.614365,Asia/Jakarta
2026-02-10 03:00:00,23.57,85.1,0.0,49.3,5.79,22.53,61.03,-6.934959,107.614365,Asia/Jakarta
2026-02-10 06:00:00,24.67,85.6,0.0,46.9,4.25,23.19,55.4,-6.934959,107.614365,Asia/Jakarta
2026-02-10 09:00:00,28.38,83.3,4.14,46.7,4.45,27.35,49.02,-6.934959,107.614365,Asia/Jakarta
2026-02-10 12:00:00,30.72,71.3,2.19,43.7,6.56,30.01,45.97,-6.934959,107.614365,Asia/Jakarta
2026-02-10 15:00:00,28.25,80.1,10.39,44.4,4.29,26.71,73.05,-6.934959,107.614365,Asia/Jakarta
2026-02-10 18:00:00,23.43,84.3,3.37,52.3,5.18,22.29,62.13,-6.934959,107.614365,Asia/Jakarta
2026-02-10 21:00:00,25.23,86.7,1.26,59.2,4.57,24.43,60.15,-6.934959,107.614365,Asia/Jakarta
2026-02-11 00:00:00,24.43,90.4,0.0,51.2,3.64,23.67,51.47,-6.934959,107.614365,Asia/Jakarta
2026-02-11 03:00:00,24.07,83.7,0.0,40.3,4.77,22.65,51.62,-6.934959,107.614365,Asia/Jakarta
2026-02-11 06:00:00,24.34,90.5,0.0,63.9,2.78,23.68,47.09,-6.934959,107.614365,Asia/Jakarta
2026-02-11 09:00:00,29.53,75.6,5.14,46.4,7.13,27.79,54.47,-6.934959,107.614365,Asia/Jakarta
2026-02-11 12:00:00,31.14,77.5,0.0,50.3,7.11,29.14,40.02,-6.934959,107.614365,Asia/Jakarta
2026-02-11 15:00:00,28.12,78.3,6.47,48.8,7.76,26.67,54.62,-6.934959,107.614365,Asia/Jakarta
2026-02-11 18:00:00,24.83,85.0,1.28,59.7,3.24,24.2,57.91,-6.934959,107.614365,Asia/Jakarta
2026-02-11 21:00:00,24.4,82.9,0.0,57.0,5.32,22.44,53.13,-6.934959,107.614365,Asia/Jakarta
2026-02-12 00:00:00,23.45,90.7,2.71,55.6,5.26,22.47,59.59,-6.934959,107.614365,Asia/Jakarta
2026-02-12 03:00:00,24.68,90.4,0.0,53.2,2.63,22.89,59.61,-6.934959,107.614365,Asia/Jakarta
2026-02-12 06:00:00,23.08,85.4,0.87,61.2,3.61,22.13,62.45,-6.934959,107.614365,Asia/Jakarta
2026-02-12 09:00:00,27.87,81.0,0.0,52.2,5.32,26.82,42.48,-6.934959,107.614365,Asia/Jakarta
2026-02-12 12:00:00,31.79,75.9,7.5,38.0,6.98,30.33,62.94,-6.934959,107.614365,Asia/Jakarta
2026-02-12 15:00:00,28.7,73.8,0.0,26.7,5.85,27.03,40.46,-6.934959,107.614365,Asia/Jakarta
2026-02-12 18:00:00,24.58,84.0,3.08,49.9,3.1,22.97,57.55,-6.934959,107.614365,Asia/Jakarta
2026-02-12 21:00:00,23.28,90.1,1.6,46.3,3.79,21.34,58.78,-6.934959,107.614365,Asia/Jakarta
2026-02-13 00:00:00,23.04,88.3,6.53,60.4,2.86,22.27,67.5,-6.934959,107.614365,Asia/Jakarta
2026-02-13 03:00:00,24.6,84.2,3.3,41.2,5.24,23.33,63.81,-6.934959,107.614365,Asia/Jakarta
2026-02-13 06:00:00,23.73,84.7,5.93,53.5,2.85,21.88,64.15,-6.934959,107.614365,Asia/Jakarta
2026-02-13 09:00:00,27.55,80.6,0.0,34.4,4.28,26.32,47.2,-6.934959,107.614365,Asia/Jakarta
2026-02-13 12:00:00,30.2,72.8,4.55,29.7,6.45,28.2,45.91,-6.934959,107.614365,Asia/Jakarta
2026-02-13 15:00:00,30.11,73.7,1.41,48.8,5.55,28.54,44.65,-6.934959,107.614365,Asia/Jakarta
2026-02-13 18:00:00,24.41,87.9,0.0,53.0,2.63,23.69,49.74,-6.934959,107.614365,Asia/Jakarta
2026-02-13 21:00:00,23.58,90.9,0.0,45.0,5.85,22.55,50.64,-6.934959,107.614365,Asia/Jakarta
2026-02-14 00:00:00,25.12,85.2,0.0,52.8,5.73,24.22,52.85,-6.934959,107.614365,Asia/Jakarta
2026-02-14 03:00:00,24.73,87.9,2.13,52.7,2.68,24.02,65.82,-6.934959,107.614365,Asia/Jakarta
2026-02-14 06:00:00,24.67,83.9,0.0,42.8,5.57,22.83,51.1,-6.934959,107.614365,Asia/Jakarta
2026-02-14 09:00:00,30.23,79.0,0.0,50.3,4.43,29.62,43.59,-6.934959,107.614365,Asia/Jakarta
2026-02-14 12:00:00,29.85,72.8,0.0,25.2,7.3,29.14,47.6,-6.934959,107.614365,Asia/Jakarta
2026-02-14 15:00:00,28.54,79.6,1.64,36.3,5.99,27.41,52.74,-6.934959,107.614365,Asia/Jakarta
2026-02-14 18:00:00,24.88,90.7,1.18,58.7,3.78,24.02,55.32,-6.934959,107.614365,Asia/Jakarta
2026-02-14 21:00:00,23.61,89.2,0.65,53.8,3.41,22.27,51.79,-6.934959,107.614365,Asia/Jakarta
2026-01-01 00:00:00,23.82,88.5,0.0,49.8,2.65,22.78,52.52,-6.910232,107.620579,Asia/Jakarta
2026-01-01 03:00:00,24.63,83.6,11.76,56.3,4.34,22.67,80.25,-6.910232,107.620579,Asia/Jakarta
2026-01-01 06:00:00,25.41,83.9,0.0,45.2,3.51,24.22,51.86,-6.910232,107.620579,Asia/Jakarta
2026-01-01 09:00:00,30.18,70.1,4.09,33.0,5.43,29.09,56.97,-6.910232,107.620579,Asia/Jakarta
2026-01-01 12:00:00,31.85,71.5,0.0,41.9,7.62,30.86,43.33,-6.910232,107.620579,Asia/Jakarta
2026-01-01 15:00:00,30.25,78.4,0.0,42.3,6.76,29.45,39.23,-6.910232,107.620579,Asia/Jakarta
2026-01-01 18:00:00,23.37,84.5,4.53,42.3,3.34,22.71,57.99,-6.910232,107.620579,Asia/Jakarta
2026-01-01 21:00:00,22.61,90.0,0.0,55.5,2.85,21.54,60.56,-6.910232,107.620579,Asia/Jakarta
2026-01-02 00:00:00,23.23,90.3,0.0,60.6,2.82,21.65,51.82,-6.910232,107.620579,Asia/Jakarta
2026-01-02 03:00:00,25.0,90.5,7.02,46.2,2.97,24.26,64.75,-6.910232,107.620579,Asia/Jakarta
2026-01-02 06:00:00,23.73,91.9,2.11,67.2,2.51,22.28,63.99,-6.910232,107.620579,Asia/Jakarta
2026-01-02 09:00:00,30.24,72.7,0.0,28.2,4.81,29.71,41.7,-6.910232,107.620579,Asia/Jakarta
2026-01-02 12:00:00,30.19,71.1,0.94,40.0,5.34,28.9,37.14,-6.910232,107.620579,Asia/Jakarta
2026-01-02 15:00:00,29.26,77.2,5.57,45.3,5.09,27.88,50.34,-6.910232,107.620579,Asia/Jakarta
2026-01-02 18:00:00,23.96,83.8,1.1,58.2,5.16,22.01,59.09,-6.910232,107.620579,Asia/Jakarta
2026-01-02 21:00:00,22.85,94.6,5.48,70.6,3.48,21.57,70.84,-6.910232,107.620579,Asia/Jakarta
2026-01-03 00:00:00,23.72,88.3,0.8,49.3,5.19,21.88,60.82,-6.910232,107.620579,Asia/Jakarta
2026-01-03 03:00:00,24.29,86.7,1.02,52.7,3.82,23.78,63.73,-6.910232,107.620579,Asia/Jakarta
2026-01-03 06:00:00,23.07,91.2,1.94,44.1,3.36,22.0,66.15,-6.910232,107.620579,Asia/Jakarta
2026-01-03 09:00:00,27.84,84.2,0.0,58.1,5.44,26.25,44.62,-6.910232,107.620579,Asia/Jakarta
2026-01-03 12:00:00,30.76,73.5,0.0,47.9,6.5,29.83,42.4,-6.910232,107.620579,Asia/Jakarta
2026-01-03 15:00:00,29.88,77.1,0.0,42.9,7.3,28.3,40.23,-6.910232,107.620579,Asia/Jakarta
2026-01-03 18:00:00,23.05,87.8,5.34,62.5,3.48,22.31,61.41,-6.910232,107.620579,Asia/Jakarta
2026-01-03 21:00:00,23.06,86.4,9.5,51.1,4.33,22.26,80.48,-6.910232,107.620579,Asia/Jakarta
2026-01-04 00:00:00,25.32,83.3,4.53,52.6,4.6,24.6,57.41,-6.910232,107.620579,Asia/Jakarta
2026-01-04 03:00:00,24.54,89.4,2.0,62.1,5.95,22.73,65.02,-6.910232,107.620579,Asia/Jakarta
2026-01-04 06:00:00,24.56,91.6,6.28,50.8,3.68,23.18,63.38,-6.910232,107.620579,Asia/Jakarta
2026-01-04 09:00:00,27.91,82.7,0.0,44.0,6.1,26.56,50.29,-6.910232,107.620579,Asia/Jakarta
2026-01-04 12:00:00,31.23,69.9,0.0,42.9,5.12,30.49,39.64,-6.910232,107.620579,Asia/Jakarta
2026-01-04 15:00:00,30.35,76.4,0.0,33.1,5.24,29.55,42.74,-6.910232,107.620579,Asia/Jakarta
2026-01-04 18:00:00,23.53,92.0,0.0,61.4,3.32,22.36,58.45,-6.910232,107.620579,Asia/Jakarta
2026-01-04 21:00:00,24.43,87.7,0.77,58.6,5.67,23.9,63.51,-6.910232,107.620579,Asia/Jakarta
2026-01-05 00:00:00,23.23,84.7,1.48,52.1,4.46,22.21,56.04,-6.910232,107.620579,Asia/Jakarta
2026-01-05 03:00:00,24.03,92.7,0.0,52.9,2.95,22.48,49.91,-6.910232,107.620579,Asia/Jakarta
2026-01-05 06:00:00,23.07,84.8,0.0,36.9,5.61,21.67,55.92,-6.910232,107.620579,Asia/Jakarta
2026-01-05 09:00:00,28.36,81.9,0.0,43.4,5.9,27.34,47.18,-6.910232,107.620579,Asia/Jakarta
2026-01-05 12:00:00,31.73,67.5,0.0,32.7,8.34,30.68,39.09,-6.910232,107.620579,Asia/Jakarta
2026-01-05 15:00:00,29.12,79.8,0.0,45.5,4.76,27.32,50.61,-6.910232,107.620579,Asia/Jakarta
2026-01-05 18:00:00,24.48,89.3,3.54,49.2,4.89,23.03,67.63,-6.910232,107.620579,Asia/Jakarta
2026-01-05 21:00:00,24.62,90.4,5.7,44.9,4.84,22.81,73.81,-6.910232,107.620579,Asia/Jakarta
2026-01-06 00:00:00,23.57,87.8,0.0,55.5,3.0,22.4,57.56,-6.910232,107.620579,Asia/Jakarta
2026-01-06 03:00:00,25.19,85.4,0.0,56.2,5.4,23.58,62.19,-6.910232,107.620579,Asia/Jakarta
2026-01-06 06:00:00,24.21,85.4,2.82,38.2,5.38,23.27,55.93,-6.910232,107.620579,Asia/Jakarta
2026-01-06 09:00:00,29.75,78.3,2.59,53.8,5.77,28.16,47.13,-6.910232,107.620579,Asia/Jakarta
2026-01-06 12:00:00,30.17,79.6,2.71,46.8,5.77,28.63,52.86,-6.910232,107.620579,Asia/Jakarta
2026-01-06 15:00:00,30.17,78.3,6.98,54.1,4.52,28.4,54.85,-6.910232,107.620579,Asia/Jakarta
2026-01-06 18:00:00,23.3,92.2,1.73,45.3,4.87,22.0,65.78,-6.910232,107.620579,Asia/Jakarta
2026-01-06 21:00:00,24.45,82.2,0.0,56.1,3.34,23.83,62.49,-6.910232,107.620579,Asia/Jakarta
2026-01-07 00:00:00,25.46,81.4,0.0,42.1,5.2,24.3,51.41,-6.910232,107.620579,Asia/Jakarta
2026-01-07 03:00:00,23.81,87.8,0.0,50.3,4.84,23.07,51.65,-6.910232,107.620579,Asia/Jakarta
2026-01-07 06:00:00,23.74,92.7,1.39,50.3,4.81,22.45,50.54,-6.910232,107.620579,Asia/Jakarta
2026-01-07 09:00:00,29.65,78.2,2.68,47.8,5.3,28.72,56.43,-6.910232,107.620579,Asia/Jakarta
2026-01-07 12:00:00,31.81,70.1,7.64,36.7,5.45,30.55,51.61,-6.910232,107.620579,Asia/Jakarta
2026-01-07 15:00:00,28.37,79.5,1.91,32.0,6.31,26.89,54.53,-6.910232,107.620579,Asia/Jakarta
2026-01-07 18:00:00,24.84,81.7,2.71,37.7,2.75,23.9,66.4,-6.910232,107.620579,Asia/Jakarta
2026-01-07 21:00:00,24.21,92.4,0.0,51.1,2.56,23.28,62.32,-6.910232,107.620579,Asia/Jakarta
2026-01-08 00:00:00,25.16,81.2,0.0,35.0,4.85,23.21,51.39,-6.910232,107.620579,Asia/Jakarta
2026-01-08 03:00:00,22.73,93.5,0.76,54.4,2.81,21.45,60.32,-6.910232,107.620579,Asia/Jakarta
2026-01-08 06:00:00,24.15,82.9,0.0,44.8,4.06,22.68,59.96,-6.910232,107.620579,Asia/Jakarta
2026-01-08 09:00:00,28.25,76.5,0.0,34.0,5.43,27.22,37.44,-6.910232,107.620579,Asia/Jakarta
2026-01-08 12:00:00,30.3,70.9,2.8,33.9,5.55,29.45,44.64,-6.910232,107.620579,Asia/Jakarta
2026-01-08 15:00:00,28.61,74.2,3.94,34.2,7.44,26.82,52.72,-6.910232,107.620579,Asia/Jakarta
2026-01-08 18:00:00,23.91,83.9,1.1,40.9,3.17,22.82,51.21,-6.910232,107.620579,Asia/Jakarta
2026-01-08 21:00:00,24.44,86.1,0.0,45.9,5.84,23.66,60.97,-6.910232,107.620579,Asia/Jakarta
2026-01-09 00:00:00,23.45,86.1,6.99,58.5,3.2,22.67,76.73,-6.910232,107.620579,Asia/Jakarta
2026-01-09 03:00:00,22.52,87.4,3.91,57.0,5.96,20.93,60.74,-6.910232,107.620579,Asia/Jakarta
2026-01-09 06:00:00,23.03,94.1,2.17,59.3,5.27,21.89,63.61,-6.910232,107.620579,Asia/Jakarta
2026-01-09 09:00:00,29.23,75.0,0.0,49.7,5.69,28.71,38.69,-6.910232,107.620579,Asia/Jakarta
2026-01-09 12:00:00,32.29,72.7,3.93,39.5,5.26,30.32,55.59,-6.910232,107.620579,Asia/Jakarta
2026-01-09 15:00:00,30.28,76.7,4.72,35.1,7.11,29.02,57.26,-6.910232,107.620579,Asia/Jakarta
2026-01-09 18:00:00,22.99,92.1,0.0,59.1,2.89,22.29,59.66,-6.910232,107.620579,Asia/Jakarta
2026-01-09 21:00:00,24.6,89.5,0.0,45.9,5.5,23.99,51.89,-6.910232,107.620579,Asia/Jakarta
2026-01-10 00:00:00,24.63,90.1,0.55,48.3,3.75,23.68,58.38,-6.910232,107.620579,Asia/Jakarta
2026-01-10 03:00:00,23.49,84.3,4.04,46.0,3.11,21.59,59.77,-6.910232,107.620579,Asia/Jakarta
2026-01-10 06:00:00,23.8,89.2,7.46,50.6,3.47,23.18,64.41,-6.910232,107.620579,Asia/Jakarta
2026-01-10 09:00:00,28.45,83.0,0.0,39.1,4.74,27.73,51.15,-6.910232,107.620579,Asia/Jakarta
2026-01-10 12:00:00,30.31,69.7,0.0,32.0,7.16,29.24,36.74,-6.910232,107.620579,Asia/Jakarta
2026-01-10 15:00:00,28.83,73.3,0.0,37.2,7.39,28.25,41.12,-6.910232,107.620579,Asia/Jakarta
2026-01-10 18:00:00,24.33,84.3,0.0,44.9,5.51,22.72,50.5,-6.910232,107.620579,Asia/Jakarta
2026-01-10 21:00:00,22.79,88.9,1.71,54.7,3.13,21.64,54.75,-6.910232,107.620579,Asia/Jakarta
2026-01-11 00:00:00,22.75,92.5,2.21,60.0,4.06,22.03,67.46,-6.910232,107.620579,Asia/Jakarta
2026-01-11 03:00:00,24.93,84.1,2.51,38.9,4.76,24.35,66.5,-6.910232,107.620579,Asia/Jakarta
2026-01-11 06:00:00,24.55,90.8,0.0,52.9,5.22,22.77,62.64,-6.910232,107.620579,Asia/Jakarta
2026-01-11 09:00:00,27.51,78.1,0.0,46.3,6.87,26.03,39.99,-6.910232,107.620579,Asia/Jakarta
2026-01-11 12:00:00,32.34,70.1,5.75,43.6,6.44,31.21,58.04,-6.910232,107.620579,Asia/Jakarta
2026-01-11 15:00:00,30.11,72.0,0.0,43.6,7.66,29.03,37.81,-6.910232,107.620579,Asia/Jakarta
2026-01-11 18:00:00,23.71,93.4,0.0,55.7,3.69,22.24,47.32,-6.910232,107.620579,Asia/Jakarta
2026-01-11 21:00:00,24.45,85.3,0.0,59.4,2.69,23.32,50.49,-6.910232,107.620579,Asia/Jakarta
2026-01-12 00:00:00,24.37,85.6,0.0,54.2,4.27,22.39,47.57,-6.910232,107.620579,Asia/Jakarta
2026-01-12 03:00:00,25.39,88.8,1.29,63.1,2.77,24.46,59.02,-6.910232,107.620579,Asia/Jakarta
2026-01-12 06:00:00,22.7,86.8,4.56,43.9,2.67,21.93,57.24,-6.910232,107.620579,Asia/Jakarta
2026-01-12 09:00:00,29.36,81.1,2.55,47.7,5.66,27.71,52.01,-6.910232,107.620579,Asia/Jakarta
2026-01-12 12:00:00,31.01,75.5,0.0,49.1,6.88,29.73,39.61,-6.910232,107.620579,Asia/Jakarta
2026-01-12 15:00:00,29.28,74.1,9.8,46.2,5.82,27.35,67.68,-6.910232,107.620579,Asia/Jakarta
2026-01-12 18:00:00,22.78,86.5,2.67,50.0,3.8,20.79,68.38,-6.910232,107.620579,Asia/Jakarta
2026-01-12 21:00:00,24.87,83.8,0.27,55.6,5.55,24.21,59.4,-6.910232,107.620579,Asia/Jakarta
2026-01-13 00:00:00,24.96,84.3,0.0,58.9,5.63,24.38,56.93,-6.910232,107.620579,Asia/Jakarta
2026-01-13 03:00:00,24.12,90.8,0.0,52.2,5.81,22.98,47.94,-6.910232,107.620579,Asia/Jakarta
2026-01-13 06:00:00,23.37,88.4,0.0,60.8,4.15,22.57,52.88,-6.910232,107.620579,Asia/Jakarta
2026-01-13 09:00:00,29.83,80.0,5.18,53.3,6.58,28.59,64.19,-6.910232,107.620579,Asia/Jakarta
2026-01-13 12:00:00,30.11,79.3,0.0,43.2,5.6,29.54,40.33,-6.910232,107.620579,Asia/Jakarta
2026-01-13 15:00:00,29.93,70.6,4.4,34.4,4.28,28.48,46.83,-6.910232,107.620579,Asia/Jakarta
2026-01-13 18:00:00,24.91,81.0,3.78,36.6,5.67,23.8,68.32,-6.910232,107.620579,Asia/Jakarta
2026-01-13 21:00:00,24.29,88.3,7.32,54.2,4.97,22.6,71.66,-6.910232,107.620579,Asia/Jakarta
2026-01-14 00:00:00,22.84,89.2,0.65,43.3,5.58,21.94,52.6,-6.910232,107.620579,Asia/Jakarta
2026-01-14 03:00:00,24.3,85.0,1.5,55.8,4.85,23.2,64.57,-6.910232,107.620579,Asia/Jakarta
2026-01-14 06:00:00,22.72,95.1,0.0,50.5,5.95,20.9,58.04,-6.910232,107.620579,Asia/Jakarta
2026-01-14 09:00:00,27.85,75.8,0.0,35.9,7.04,27.09,52.24,-6.910232,107.620579,Asia/Jakarta
2026-01-14 12:00:00,30.64,76.3,0.0,32.6,7.98,29.06,39.6,-6.910232,107.620579,Asia/Jakarta
2026-01-14 15:00:00,29.2,80.9,0.0,49.9,5.61,28.1,45.21,-6.910232,107.620579,Asia/Jakarta
2026-01-14 18:00:00,23.25,94.2,3.22,60.0,3.17,21.28,63.44,-6.910232,107.620579,Asia/Jakarta
2026-01-14 21:00:00,23.56,92.5,3.64,67.6,3.12,22.22,63.67,-6.910232,107.620579,Asia/Jakarta
2026-01-15 00:00:00,23.73,91.2,2.87,50.5,5.06,22.23,66.87,-6.910232,107.620579,Asia/Jakarta
2026-01-15 03:00:00,24.8,90.1,0.0,51.2,2.63,24.21,62.51,-6.910232,107.620579,Asia/Jakarta
2026-01-15 06:00:00,23.49,87.3,0.77,57.9,3.57,22.66,54.97,-6.910232,107.620579,Asia/Jakarta
2026-01-15 09:00:00,29.04,74.4,0.0,32.5,4.32,27.14,39.64,-6.910232,107.620579,Asia/Jakarta
2026-01-15 12:00:00,30.0,75.1,2.22,49.6,7.96,28.41,42.61,-6.910232,107.620579,Asia/Jakarta
2026-01-15 15:00:00,29.43,74.6,0.0,45.5,4.83,28.29,49.19,-6.910232,107.620579,Asia/Jakarta
2026-01-15 18:00:00,23.71,83.5,0.0,48.0,2.65,21.79,47.32,-6.910232,107.620579,Asia/Jakarta
2026-01-15 21:00:00,23.78,86.4,9.35,59.7,4.87,23.09,78.86,-6.910232,107.620579,Asia/Jakarta
2026-01-16 00:00:00,23.61,87.8,0.0,53.1,3.26,22.73,60.09,-6.910232,107.620579,Asia/Jakarta
2026-01-16 03:00:00,24.42,82.3,0.0,50.2,4.69,23.57,47.28,-6.910232,107.620579,Asia/Jakarta
2026-01-16 06:00:00,24.22,86.3,0.0,51.0,5.11,22.3,53.03,-6.910232,107.620579,Asia/Jakarta
2026-01-16 09:00:00,28.62,80.7,0.0,45.2,5.3,26.63,45.6,-6.910232,107.620579,Asia/Jakarta
2026-01-16 12:00:00,29.91,77.5,0.0,48.5,5.64,28.07,41.89,-6.910232,107.620579,Asia/Jakarta
2026-01-16 15:00:00,30.05,73.5,1.23,48.0,4.33,28.35,54.08,-6.910232,107.620579,Asia/Jakarta
2026-01-16 18:00:00,22.81,85.7,0.0,44.7,4.24,22.28,53.8,-6.910232,107.620579,Asia/Jakarta
2026-01-16 21:00:00,23.58,88.8,0.0,59.2,5.69,21.58,50.82,-6.910232,107.620579,Asia/Jakarta
2026-01-17 00:00:00,24.93,81.6,3.16,48.1,5.97,23.91,65.85,-6.910232,107.620579,Asia/Jakarta
2026-01-17 03:00:00,24.76,86.3,0.0,43.1,4.32,23.52,51.87,-6.910232,107.620579,Asia/Jakarta
2026-01-17 06:00:00,25.22,83.3,4.58,56.5,5.31,23.93,62.01,-6.910232,107.620579,Asia/Jakarta
2026-01-17 09:00:00,27.85,82.9,0.0,49.2,4.48,27.27,48.48,-6.910232,107.620579,Asia/Jakarta
2026-01-17 12:00:00,31.03,72.5,5.63,45.3,5.12,29.07,50.52,-6.910232,107.620579,Asia/Jakarta
2026-01-17 15:00:00,28.41,81.5,0.0,53.9,7.13,26.93,48.51,-6.910232,107.620579,Asia/Jakarta
2026-01-17 18:00:00,23.68,88.0,5.17,45.2,3.44,22.47,73.93,-6.910232,107.620579,Asia/Jakarta
2026-01-17 21:00:00,22.75,89.0,0.0,60.9,5.07,21.78,49.4,-6.910232,107.620579,Asia/Jakarta
2026-01-18 00:00:00,23.75,84.0,0.0,42.6,5.28,21.81,58.05,-6.910232,107.620579,Asia/Jakarta
2026-01-18 03:00:00,23.29,86.7,2.09,45.9,4.05,22.12,54.19,-6.910232,107.620579,Asia/Jakarta
2026-01-18 06:00:00,23.59,88.6,0.0,45.5,2.74,22.5,60.93,-6.910232,107.620579,Asia/Jakarta
2026-01-18 09:00:00,27.69,81.7,0.0,52.1,5.34,27.1,51.47,-6.910232,107.620579,Asia/Jakarta
2026-01-18 12:00:00,31.98,71.9,0.0,31.8,7.77,30.46,47.48,-6.910232,107.620579,Asia/Jakarta
2026-01-18 15:00:00,30.23,76.3,1.49,38.5,6.09,28.29,50.39,-6.910232,107.620579,Asia/Jakarta
2026-01-18 18:00:00,23.92,87.8,9.85,47.6,3.29,22.71,83.69,-6.910232,107.620579,Asia/Jakarta
2026-01-18 21:00:00,22.86,88.6,6.02,61.9,4.81,22.17,60.35,-6.910232,107.620579,Asia/Jakarta
2026-01-19 00:00:00,24.44,83.5,0.0,55.1,4.76,23.43,53.9,-6.910232,107.620579,Asia/Jakarta
2026-01-19 03:00:00,24.21,91.5,3.39,52.5,3.13,23.33,60.38,-6.910232,107.620579,Asia/Jakarta
2026-01-19 06:00:00,24.52,84.3,8.18,41.9,4.72,22.54,73.16,-6.910232,107.620579,Asia/Jakarta
2026-01-19 09:00:00,29.17,78.0,0.94,38.7,5.1,27.72,49.68,-6.910232,107.620579,Asia/Jakarta
2026-01-19 12:00:00,30.01,77.0,0.28,49.6,5.12,29.12,37.73,-6.910232,107.620579,Asia/Jakarta
2026-01-19 15:00:00,30.05,73.7,0.0,46.7,6.4,28.48,52.76,-6.910232,107.620579,Asia/Jakarta
2026-01-19 18:00:00,25.4,80.5,0.0,46.0,3.85,23.99,58.06,-6.910232,107.620579,Asia/Jakarta
2026-01-19 21:00:00,25.0,81.3,3.61,53.9,3.66,23.21,66.51,-6.910232,107.620579,Asia/Jakarta
2026-01-20 00:00:00,24.06,83.3,0.0,56.3,4.31,22.1,51.34,-6.910232,107.620579,Asia/Jakarta
2026-01-20 03:00:00,24.83,83.3,0.0,38.4,4.91,23.26,54.46,-6.910232,107.620579,Asia/Jakarta
2026-01-20 06:00:00,24.15,85.6,3.73,58.5,3.48,22.3,57.7,-6.910232,107.620579,Asia/Jakarta
2026-01-20 09:00:00,29.76,78.9,0.86,43.8,6.71,28.68,47.24,-6.910232,107.620579,Asia/Jakarta
2026-01-20 12:00:00,31.67,73.0,0.0,42.0,7.18,30.49,41.63,-6.910232,107.620579,Asia/Jakarta
2026-01-20 15:00:00,28.05,83.3,0.0,41.4,5.97,26.34,42.02,-6.910232,107.620579,Asia/Jakarta
2026-01-20 18:00:00,22.81,88.8,5.87,54.0,5.24,21.8,68.51,-6.910232,107.620579,Asia/Jakarta
2026-01-20 21:00:00,23.72,91.8,0.45,53.5,4.21,22.51,54.04,-6.910232,107.620579,Asia/Jakarta
2026-01-21 00:00:00,22.76,92.8,4.2,62.2,3.52,20.79,67.42,-6.910232,107.620579,Asia/Jakarta
2026-01-21 03:00:00,25.22,85.9,4.91,58.2,3.95,24.54,70.2,-6.910232,107.620579,Asia/Jakarta
2026-01-21 06:00:00,23.01,92.3,0.0,60.2,4.41,21.54,58.57,-6.910232,107.620579,Asia/Jakarta
2026-01-21 09:00:00,28.74,81.6,0.0,43.1,4.53,27.78,39.32,-6.910232,107.620579,Asia/Jakarta
2026-01-21 12:00:00,31.21,74.0,3.57,30.3,6.42,29.32,56.46,-6.910232,107.620579,Asia/Jakarta
2026-01-21 15:00:00,28.72,73.3,0.74,41.8,7.22,27.82,40.2,-6.910232,107.620579,Asia/Jakarta
2026-01-21 18:00:00,24.5,85.3,7.27,52.0,4.38,23.71,74.06,-6.910232,107.620579,Asia/Jakarta
2026-01-21 21:00:00,23.45,85.5,0.0,49.5,2.59,22.51,56.92,-6.910232,107.620579,Asia/Jakarta
2026-01-22 00:00:00,22.71,93.3,2.15,51.0,2.95,20.96,56.31,-6.910232,107.620579,Asia/Jakarta
2026-01-22 03:00:00,24.95,81.8,0.0,35.3,4.31,24.18,49.97,-6.910232,107.620579,Asia/Jakarta
2026-01-22 06:00:00,22.7,86.7,2.16,52.2,2.82,22.2,61.41,-6.910232,107.620579,Asia/Jakarta
2026-01-22 09:00:00,29.92,74.7,0.0,38.1,6.6,28.11,40.26,-6.910232,107.620579,Asia/Jakarta
2026-01-22 12:00:00,30.13,77.9,0.0,39.3,6.09,29.34,41.86,-6.910232,107.620579,Asia/Jakarta
2026-01-22 15:00:00,30.12,71.6,1.82,31.3,5.05,29.25,46.88,-6.910232,107.620579,Asia/Jakarta
2026-01-22 18:00:00,25.25,87.6,0.0,62.8,2.81,24.25,48.6,-6.910232,107.620579,Asia/Jakarta
2026-01-22 21:00:00,23.4,88.1,0.0,48.0,2.74,21.9,56.27,-6.910232,107.620579,Asia/Jakarta
2026-01-23 00:00:00,23.57,89.4,5.29,61.9,2.65,21.87,60.16,-6.910232,107.620579,Asia/Jakarta
2026-01-23 03:00:00,22.51,90.2,2.07,58.0,4.43,21.91,54.54,-6.910232,107.620579,Asia/Jakarta
2026-01-23 06:00:00,23.3,93.5,1.12,53.4,5.32,21.62,63.29,-6.910232,107.620579,Asia/Jakarta
2026-01-23 09:00:00,30.07,76.2,0.0,40.6,7.67,28.92,44.09,-6.910232,107.620579,Asia/Jakarta
2026-01-23 12:00:00,30.76,77.1,0.0,36.3,7.52,29.5,47.36,-6.910232,107.620579,Asia/Jakarta
2026-01-23 15:00:00,27.8,81.4,6.34,55.8,4.73,26.63,57.65,-6.910232,107.620579,Asia/Jakarta
2026-01-23 18:00:00,23.08,86.1,0.0,38.8,5.25,21.28,51.4,-6.910232,107.620579,Asia/Jakarta
2026-01-23 21:00:00,24.24,83.8,3.1,50.4,2.77,23.48,63.65,-6.910232,107.620579,Asia/Jakarta
2026-01-24 00:00:00,23.84,92.7,0.0,60.1,3.69,22.35,53.89,-6.910232,107.620579,Asia/Jakarta
2026-01-24 03:00:00,24.12,84.2,0.0,50.1,4.26,23.45,49.15,-6.910232,107.620579,Asia/Jakarta
2026-01-24 06:00:00,22.92,85.3,0.0,49.5,4.65,21.28,50.07,-6.910232,107.620579,Asia/Jakarta
2026-01-24 09:00:00,30.37,78.2,6.49,52.2,7.38,28.44,63.87,-6.910232,107.620579,Asia/Jakarta
2026-01-24 12:00:00,31.53,70.7,3.28,31.0,8.44,30.19,41.47,-6.910232,107.620579,Asia/Jakarta
2026-01-24 15:00:00,29.71,78.0,1.71,53.5,7.59,28.11,41.47,-6.910232,107.620579,Asia/Jakarta
2026-01-24 18:00:00,25.06,80.6,0.0,56.0,4.94,23.78,60.92,-6.910232,107.620579,Asia/Jakarta
2026-01-24 21:00:00,22.74,92.5,0.0,49.3,5.66,21.88,50.38,-6.910232,107.620579,Asia/Jakarta
2026-01-25 00:00:00,22.5,89.5,0.53,47.8,5.07,20.64,49.89,-6.910232,107.620579,Asia/Jakarta
2026-01-25 03:00:00,23.53,89.5,0.0,56.4,4.76,22.91,49.08,-6.910232,107.620579,Asia/Jakarta
2026-01-25 06:00:00,24.55,87.6,3.62,62.8,5.45,23.12,70.85,-6.910232,107.620579,Asia/Jakarta
2026-01-25 09:00:00,29.42,77.4,0.0,31.0,4.5,28.45,47.4,-6.910232,107.620579,Asia/Jakarta
2026-01-25 12:00:00,31.6,68.1,0.0,41.9,8.42,30.15,37.84,-6.910232,107.620579,Asia/Jakarta
2026-01-25 15:00:00,29.81,70.9,2.52,36.5,7.34,28.07,43.84,-6.910232,107.620579,Asia/Jakarta
2026-01-25 18:00:00,22.54,93.4,0.0,53.6,4.82,21.42,62.84,-6.910232,107.620579,Asia/Jakarta
2026-01-25 21:00:00,24.37,84.9,5.44,51.5,5.46,23.47,62.1,-6.910232,107.620579,Asia/Jakarta
2026-01-26 00:00:00,24.32,84.2,0.0,37.6,3.95,23.27,62.13,-6.910232,107.620579,Asia/Jakarta
2026-01-26 03:00:00,23.5,91.9,0.0,67.5,3.76,21.85,49.87,-6.910232,107.620579,Asia/Jakarta
2026-01-26 06:00:00,25.4,87.3,0.0,61.6,5.99,23.61,55.75,-6.910232,107.620579,Asia/Jakarta
2026-01-26 09:00:00,29.39,78.4,1.99,53.6,7.07,28.15,57.39,-6.910232,107.620579,Asia/Jakarta
2026-01-26 12:00:00,30.29,72.3,4.3,45.5,6.25,28.77,58.31,-6.910232,107.620579,Asia/Jakarta
2026-01-26 15:00:00,29.16,74.1,3.18,43.3,5.43,27.32,56.33,-6.910232,107.620579,Asia/Jakarta
2026-01-26 18:00:00,24.77,87.9,1.58,58.7,5.69,23.72,59.53,-6.910232,107.620579,Asia/Jakarta
2026-01-26 21:00:00,24.2,88.6,0.0,46.3,4.53,22.48,58.1,-6.910232,107.620579,Asia/Jakarta
2026-01-27 00:00:00,23.7,87.8,0.0,40.5,5.94,21.73,49.48,-6.910232,107.620579,Asia/Jakarta
2026-01-27 03:00:00,25.24,83.5,0.0,47.6,4.36,24.35,58.46,-6.910232,107.620579,Asia/Jakarta
2026-01-27 06:00:00,25.49,85.7,2.12,41.2,5.99,24.0,59.9,-6.910232,107.620579,Asia/Jakarta
2026-01-27 09:00:00,29.21,73.3,0.0,43.9,7.17,27.94,42.29,-6.910232,107.620579,Asia/Jakarta
2026-01-27 12:00:00,30.1,77.1,0.92,52.2,6.67,28.89,38.45,-6.910232,107.620579,Asia/Jakarta
2026-01-27 15:00:00,29.7,72.4,0.0,33.2,6.21,28.17,46.17,-6.910232,107.620579,Asia/Jakarta
2026-01-27 18:00:00,24.06,84.7,10.3,38.2,4.11,22.35,78.48,-6.910232,107.620579,Asia/Jakarta
2026-01-27 21:00:00,23.27,84.6,0.0,50.8,2.91,22.29,51.38,-6.910232,107.620579,Asia/Jakarta
2026-01-28 00:00:00,24.73,86.8,0.0,44.6,3.85,24.18,54.91,-6.910232,107.620579,Asia/Jakarta
2026-01-28 03:00:00,22.61,88.5,4.23,60.2,4.8,20.96,67.89,-6.910232,107.620579,Asia/Jakarta
2026-01-28 06:00:00,24.72,88.1,0.86,56.1,2.86,23.35,62.89,-6.910232,107.620579,Asia/Jakarta
2026-01-28 09:00:00,29.48,72.9,9.96,32.8,6.27,27.72,61.35,-6.910232,107.620579,Asia/Jakarta
2026-01-28 12:00:00,30.79,71.2,1.21,25.7,8.36,29.12,47.87,-6.910232,107.620579,Asia/Jakarta
2026-01-28 15:00:00,30.38,74.8,0.0,28.3,4.47,29.69,40.15,-6.910232,107.620579,Asia/Jakarta
2026-01-28 18:00:00,23.5,89.7,0.0,44.3,2.88,21.72,48.54,-6.910232,107.620579,Asia/Jakarta
2026-01-28 21:00:00,24.05,85.0,0.0,43.1,4.6,22.15,58.99,-6.910232,107.620579,Asia/Jakarta
2026-01-29 00:00:00,22.91,91.9,1.96,63.4,3.86,20.91,63.92,-6.910232,107.620579,Asia/Jakarta
2026-01-29 03:00:00,24.19,87.6,0.0,61.6,2.71,23.44,48.23,-6.910232,107.620579,Asia/Jakarta
2026-01-29 06:00:00,23.12,94.4,2.67,47.0,4.53,21.15,58.98,-6.910232,107.620579,Asia/Jakarta
2026-01-29 09:00:00,29.33,75.5,3.24,38.7,5.04,27.63,55.86,-6.910232,107.620579,Asia/Jakarta
2026-01-29 12:00:00,32.45,68.9,0.0,28.3,6.08,31.7,39.29,-6.910232,107.620579,Asia/Jakarta
2026-01-29 15:00:00,29.86,70.7,0.0,34.4,6.52,29.06,42.12,-6.910232,107.620579,Asia/Jakarta
2026-01-29 18:00:00,24.52,90.3,0.0,56.0,3.7,24.01,56.82,-6.910232,107.620579,Asia/Jakarta
2026-01-29 21:00:00,24.79,90.3,5.34,65.6,4.74,23.94,65.72,-6.910232,107.620579,Asia/Jakarta
2026-01-30 00:00:00,22.96,94.5,0.4,58.3,4.95,21.76,55.73,-6.910232,107.620579,Asia/Jakarta
2026-01-30 03:00:00,25.36,81.2,0.0,34.4,4.54,23.49,61.66,-6.910232,107.620579,Asia/Jakarta
2026-01-30 06:00:00,24.72,90.3,0.0,56.1,5.12,23.71,48.35,-6.910232,107.620579,Asia/Jakarta
2026-01-30 09:00:00,27.72,78.1,0.0,38.7,5.56,26.84,47.06,-6.910232,107.620579,Asia/Jakarta
2026-01-30 12:00:00,31.38,68.7,3.28,23.0,6.93,29.72,42.48,-6.910232,107.620579,Asia/Jakarta
2026-01-30 15:00:00,28.89,79.0,0.0,35.1,6.59,28.16,37.46,-6.910232,107.620579,Asia/Jakarta
2026-01-30 18:00:00,22.73,94.8,2.56,70.5,5.21,21.86,63.09,-6.910232,107.620579,Asia/Jakarta
2026-01-30 21:00:00,23.29,84.6,0.0,51.6,4.3,21.31,48.78,-6.910232,107.620579,Asia/Jakarta
2026-01-31 00:00:00,22.82,88.9,3.67,59.2,5.03,21.99,58.71,-6.910232,107.620579,Asia/Jakarta
2026-01-31 03:00:00,25.15,83.2,2.46,36.8,2.9,24.23,55.79,-6.910232,107.620579,Asia/Jakarta
2026-01-31 06:00:00,23.41,87.1,2.2,41.1,4.75,21.59,59.87,-6.910232,107.620579,Asia/Jakarta
2026-01-31 09:00:00,27.53,83.9,0.0,43.9,4.75,26.32,39.23,-6.910232,107.620579,Asia/Jakarta
2026-01-31 12:00:00,30.92,77.7,2.91,32.7,6.07,29.49,46.86,-6.910232,107.620579,Asia/Jakarta
2026-01-31 15:00:00,29.4,77.6,0.0,47.2,5.84,28.3,40.04,-6.910232,107.620579,Asia/Jakarta
2026-01-31 18:00:00,24.27,88.7,9.6,48.0,3.72,22.74,81.78,-6.910232,107.620579,Asia/Jakarta
2026-01-31 21:00:00,24.86,87.2,2.24,48.3,4.07,24.03,58.37,-6.910232,107.620579,Asia/Jakarta
2026-02-01 00:00:00,23.73,83.6,7.05,36.6,2.87,22.48,76.33,-6.910232,107.620579,Asia/Jakarta
2026-02-01 03:00:00,22.64,95.1,3.55,55.7,2.66,20.82,55.87,-6.910232,107.620579,Asia/Jakarta
2026-02-01 06:00:00,24.86,85.8,3.43,57.3,3.49,23.32,56.6,-6.910232,107.620579,Asia/Jakarta
2026-02-01 09:00:00,30.25,76.9,0.0,34.6,4.75,29.62,49.32,-6.910232,107.620579,Asia/Jakarta
2026-02-01 12:00:00,30.41,71.5,0.0,33.2,5.26,28.81,48.76,-6.910232,107.620579,Asia/Jakarta
2026-02-01 15:00:00,29.31,78.3,3.69,37.7,7.34,28.75,54.53,-6.910232,107.620579,Asia/Jakarta
2026-02-01 18:00:00,22.84,91.3,0.0,55.9,3.66,22.18,48.09,-6.910232,107.620579,Asia/Jakarta
2026-02-01 21:00:00,23.61,89.1,4.57,52.0,2.71,22.93,60.21,-6.910232,107.620579,Asia/Jakarta
2026-02-02 00:00:00,24.44,91.2,2.38,55.6,3.91,23.34,54.32,-6.910232,107.620579,Asia/Jakarta
2026-02-02 03:00:00,23.03,93.2,6.73,53.4,5.02,21.97,66.38,-6.910232,107.620579,Asia/Jakarta
2026-02-02 06:00:00,24.24,84.4,4.57,38.0,4.76,22.45,65.0,-6.910232,107.620579,Asia/Jakarta
2026-02-02 09:00:00,29.01,72.5,0.0,40.0,4.5,27.28,51.32,-6.910232,107.620579,Asia/Jakarta
2026-02-02 12:00:00,30.99,70.7,1.01,30.1,5.55,30.1,43.02,-6.910232,107.620579,Asia/Jakarta
2026-02-02 15:00:00,28.98,74.9,0.0,33.5,5.81,27.87,50.31,-6.910232,107.620579,Asia/Jakarta
2026-02-02 18:00:00,23.78,83.8,0.0,43.2,5.25,23.11,58.75,-6.910232,107.620579,Asia/Jakarta
2026-02-02 21:00:00,24.12,83.3,0.27,36.9,4.21,23.29,54.64,-6.910232,107.620579,Asia/Jakarta
2026-02-03 00:00:00,24.97,85.4,9.4,51.5,4.31,23.42,72.35,-6.910232,107.620579,Asia/Jakarta
2026-02-03 03:00:00,23.89,85.4,0.0,61.1,4.74,22.14,57.25,-6.910232,107.620579,Asia/Jakarta
2026-02-03 06:00:00,25.21,81.3,3.78,43.3,3.5,23.52,68.43,-6.910232,107.620579,Asia/Jakarta
2026-02-03 09:00:00,28.28,81.5,0.89,48.7,5.8,26.57,46.37,-6.910232,107.620579,Asia/Jakarta
2026-02-03 12:00:00,31.67,72.7,0.0,42.0,6.55,30.71,33.88,-6.910232,107.620579,Asia/Jakarta
2026-02-03 15:00:00,29.37,74.9,0.0,31.9,4.52,27.71,40.23,-6.910232,107.620579,Asia/Jakarta
2026-02-03 18:00:00,23.29,85.8,2.23,41.9,3.11,21.92,62.12,-6.910232,107.620579,Asia/Jakarta
2026-02-03 21:00:00,24.16,86.3,6.01,54.9,3.78,22.69,65.69,-6.910232,107.620579,Asia/Jakarta
2026-02-04 00:00:00,24.38,85.3,2.78,57.4,3.51,23.23,61.62,-6.910232,107.620579,Asia/Jakarta
2026-02-04 03:00:00,22.97,91.5,2.98,50.9,5.58,21.81,57.87,-6.910232,107.620579,Asia/Jakarta
2026-02-04 06:00:00,22.96,92.4,5.27,63.2,2.95,22.46,63.0,-6.910232,107.620579,Asia/Jakarta
2026-02-04 09:00:00,28.33,79.4,4.05,32.4,5.46,26.4,57.44,-6.910232,107.620579,Asia/Jakarta
2026-02-04 12:00:00,32.13,66.8,0.0,25.5,5.16,30.2,39.58,-6.910232,107.620579,Asia/Jakarta
2026-02-04 15:00:00,28.77,76.5,4.81,29.8,4.83,27.41,49.56,-6.910232,107.620579,Asia/Jakarta
2026-02-04 18:00:00,23.67,91.9,0.0,58.8,2.71,22.54,58.72,-6.910232,107.620579,Asia/Jakarta
2026-02-04 21:00:00,23.54,87.7,0.0,53.4,2.9,21.57,58.53,-6.910232,107.620579,Asia/Jakarta
2026-02-05 00:00:00,25.25,85.4,5.23,43.9,3.26,23.39,62.51,-6.910232,107.620579,Asia/Jakarta
2026-02-05 03:00:00,22.72,94.5,1.75,47.2,5.61,21.41,53.58,-6.910232,107.620579,Asia/Jakarta
2026-02-05 06:00:00,23.63,87.6,1.9,40.4,5.26,21.71,53.48,-6.910232,107.620579,Asia/Jakarta
2026-02-05 09:00:00,27.74,78.6,0.0,47.3,5.37,26.53,46.74,-6.910232,107.620579,Asia/Jakarta
2026-02-05 12:00:00,31.88,75.2,1.58,36.9,6.51,29.95,40.23,-6.910232,107.620579,Asia/Jakarta
2026-02-05 15:00:00,29.49,73.4,1.99,47.0,6.0,28.56,42.23,-6.910232,107.620579,Asia/Jakarta
2026-02-05 18:00:00,22.74,92.3,2.89,66.7,3.08,21.86,62.34,-6.910232,107.620579,Asia/Jakarta
2026-02-05 21:00:00,25.29,86.1,0.0,46.0,3.17,23.39,53.4,-6.910232,107.620579,Asia/Jakarta
2026-02-06 00:00:00,22.99,92.2,0.0,45.0,3.87,21.53,61.19,-6.910232,107.620579,Asia/Jakarta
2026-02-06 03:00:00,24.5,87.0,0.0,62.0,5.17,23.83,55.25,-6.910232,107.620579,Asia/Jakarta
2026-02-06 06:00:00,22.69,87.6,3.06,55.3,5.77,21.88,56.14,-6.910232,107.620579,Asia/Jakarta
2026-02-06 09:00:00,28.12,83.4,8.01,39.3,6.0,27.19,55.43,-6.910232,107.620579,Asia/Jakarta
2026-02-06 12:00:00,31.07,68.2,0.0,35.9,5.92,29.66,41.8,-6.910232,107.620579,Asia/Jakarta
2026-02-06 15:00:00,29.1,76.2,3.91,34.9,7.54,28.44,48.41,-6.910232,107.620579,Asia/Jakarta
2026-02-06 18:00:00,24.67,85.1,2.94,52.2,4.55,23.29,56.61,-6.910232,107.620579,Asia/Jakarta
2026-02-06 21:00:00,23.91,84.3,1.28,57.6,3.83,22.49,61.68,-6.910232,107.620579,Asia/Jakarta
2026-02-07 00:00:00,24.73,81.6,2.5,45.0,2.68,22.95,67.94,-6.910232,107.620579,Asia/Jakarta
2026-02-07 03:00:00,24.49,88.3,9.87,64.0,2.79,22.85,80.69,-6.910232,107.620579,Asia/Jakarta
2026-02-07 06:00:00,23.3,89.2,9.77,62.0,4.81,21.48,75.83,-6.910232,107.620579,Asia/Jakarta
2026-02-07 09:00:00,28.44,75.5,0.0,37.5,4.86,26.71,52.29,-6.910232,107.620579,Asia/Jakarta
2026-02-07 12:00:00,32.44,67.8,0.0,35.8,8.44,31.93,45.94,-6.910232,107.620579,Asia/Jakarta
2026-02-07 15:00:00,29.06,81.1,2.48,41.7,6.32,27.95,43.06,-6.910232,107.620579,Asia/Jakarta
2026-02-07 18:00:00,24.76,88.5,0.61,44.8,3.91,23.12,58.03,-6.910232,107.620579,Asia/Jakarta
2026-02-07 21:00:00,22.73,90.4,2.22,50.5,4.61,21.55,54.63,-6.910232,107.620579,Asia/Jakarta
2026-02-08 00:00:00,24.89,86.7,8.07,48.5,2.99,23.07,67.09,-6.910232,107.620579,Asia/Jakarta
2026-02-08 03:00:00,24.32,91.4,2.91,49.3,4.43,22.53,58.69,-6.910232,107.620579,Asia/Jakarta
2026-02-08 06:00:00,25.4,83.8,5.27,47.5,4.2,24.51,61.15,-6.910232,107.620579,Asia/Jakarta
2026-02-08 09:00:00,30.19,73.4,0.0,37.9,7.69,29.04,51.13,-6.910232,107.620579,Asia/Jakarta
2026-02-08 12:00:00,29.54,77.0,0.0,34.2,5.99,27.94,41.22,-6.910232,107.620579,Asia/Jakarta
2026-02-08 15:00:00,29.86,75.2,0.0,32.5,4.66,28.49,50.43,-6.910232,107.620579,Asia/Jakarta
2026-02-08 18:00:00,25.06,84.7,0.0,46.5,2.58,23.83,62.11,-6.910232,107.620579,Asia/Jakarta
2026-02-08 21:00:00,23.61,87.0,3.17,40.2,5.34,22.56,61.73,-6.910232,107.620579,Asia/Jakarta
2026-02-09 00:00:00,24.35,89.0,0.82,56.8,4.15,23.61,48.9,-6.910232,107.620579,Asia/Jakarta
2026-02-09 03:00:00,22.61,94.7,3.26,57.5,3.0,20.9,55.96,-6.910232,107.620579,Asia/Jakarta
2026-02-09 06:00:00,23.37,92.4,0.0,56.3,4.53,21.84,57.09,-6.910232,107.620579,Asia/Jakarta
2026-02-09 09:00:00,30.42,76.4,0.0,43.3,5.41,28.68,39.63,-6.910232,107.620579,Asia/Jakarta
2026-02-09 12:00:00,31.72,67.8,0.0,25.8,5.86,30.36,39.32,-6.910232,107.620579,Asia/Jakarta
2026-02-09 15:00:00,30.35,71.6,5.76,41.7,5.92,29.08,62.54,-6.910232,107.620579,Asia/Jakarta
2026-02-09 18:00:00,24.85,87.2,0.0,47.5,4.71,22.97,57.67,-6.910232,107.620579,Asia/Jakarta
2026-02-09 21:00:00,24.49,82.0,0.0,53.2,2.61,22.91,55.55,-6.910232,107.620579,Asia/Jakarta
2026-02-10 00:00:00,23.29,90.5,0.0,48.1,4.03,21.62,62.92,-6.910232,107.620579,Asia/Jakarta
2026-02-10 03:00:00,23.49,85.1,0.0,48.8,2.98,21.79,54.82,-6.910232,107.620579,Asia/Jakarta
2026-02-10 06:00:00,24.57,88.7,1.97,52.3,3.02,22.57,64.14,-6.910232,107.620579,Asia/Jakarta
2026-02-10 09:00:00,28.16,77.3,5.66,47.9,7.3,26.35,52.55,-6.910232,107.620579,Asia/Jakarta
2026-02-10 12:00:00,31.2,76.8,3.42,34.8,7.47,29.48,46.84,-6.910232,107.620579,Asia/Jakarta
2026-02-10 15:00:00,30.42,77.1,0.0,39.3,4.87,28.67,52.45,-6.910232,107.620579,Asia/Jakarta
2026-02-10 18:00:00,24.85,89.8,0.0,47.2,3.99,22.93,58.54,-6.910232,107.620579,Asia/Jakarta
2026-02-10 21:00:00,25.35,88.2,5.45,48.0,4.51,24.39,65.31,-6.910232,107.620579,Asia/Jakarta
2026-02-11 00:00:00,25.38,80.6,0.0,48.9,3.24,23.89,61.34,-6.910232,107.620579,Asia/Jakarta
2026-02-11 03:00:00,23.86,85.0,0.0,50.8,2.81,22.76,51.21,-6.910232,107.620579,Asia/Jakarta
2026-02-11 06:00:00,25.28,88.7,0.0,59.3,4.01,23.49,58.12,-6.910232,107.620579,Asia/Jakarta
2026-02-11 09:00:00,28.47,82.5,0.0,36.0,7.36,27.0,51.02,-6.910232,107.620579,Asia/Jakarta
2026-02-11 12:00:00,30.58,75.2,0.0,49.7,8.3,28.58,42.55,-6.910232,107.620579,Asia/Jakarta
2026-02-11 15:00:00,28.69,77.4,4.09,30.9,4.96,27.73,50.49,-6.910232,107.620579,Asia/Jakarta
2026-02-11 18:00:00,24.63,89.4,1.36,49.8,3.51,24.12,57.2,-6.910232,107.620579,Asia/Jakarta
2026-02-11 21:00:00,23.31,93.1,2.52,51.2,4.62,22.57,66.17,-6.910232,107.620579,Asia/Jakarta
2026-02-12 00:00:00,23.09,89.7,2.46,52.9,5.65,22.37,54.78,-6.910232,107.620579,Asia/Jakarta
2026-02-12 03:00:00,25.07,87.3,0.0,42.5,5.34,23.31,59.7,-6.910232,107.620579,Asia/Jakarta
2026-02-12 06:00:00,23.08,89.9,0.0,57.9,4.89,22.23,47.45,-6.910232,107.620579,Asia/Jakarta
2026-02-12 09:00:00,28.78,73.8,1.89,33.6,4.89,27.47,56.11,-6.910232,107.620579,Asia/Jakarta
2026-02-12 12:00:00,31.69,69.9,3.86,34.1,5.59,30.74,43.11,-6.910232,107.620579,Asia/Jakarta
2026-02-12 15:00:00,28.07,83.8,11.04,37.9,6.54,26.09,73.1,-6.910232,107.620579,Asia/Jakarta
2026-02-12 18:00:00,24.63,91.4,6.73,45.0,2.77,23.18,72.59,-6.910232,107.620579,Asia/Jakarta
2026-02-12 21:00:00,22.69,95.5,0.0,53.1,5.16,21.25,51.18,-6.910232,107.620579,Asia/Jakarta
2026-02-13 00:00:00,24.6,90.2,7.35,63.0,5.78,22.69,73.31,-6.910232,107.620579,Asia/Jakarta
2026-02-13 03:00:00,23.0,87.9,1.79,51.6,4.5,21.49,53.19,-6.910232,107.620579,Asia/Jakarta
2026-02-13 06:00:00,22.6,95.0,0.0,50.2,4.57,21.59,58.61,-6.910232,107.620579,Asia/Jakarta
2026-02-13 09:00:00,29.1,72.5,0.0,46.8,5.48,27.77,39.0,-6.910232,107.620579,Asia/Jakarta
2026-02-13 12:00:00,31.22,74.5,0.0,28.9,7.26,30.08,48.55,-6.910232,107.620579,Asia/Jakarta
2026-02-13 15:00:00,27.98,83.9,7.43,50.2,7.49,26.38,58.6,-6.910232,107.620579,Asia/Jakarta
2026-02-13 18:00:00,23.52,85.8,0.0,59.9,2.89,22.32,50.57,-6.910232,107.620579,Asia/Jakarta
2026-02-13 21:00:00,23.37,88.0,9.1,50.3,2.54,22.53,71.38,-6.910232,107.620579,Asia/Jakarta
2026-02-14 00:00:00,24.55,86.5,0.0,54.5,3.33,23.86,54.51,-6.910232,107.620579,Asia/Jakarta
2026-02-14 03:00:00,24.6,86.4,0.0,48.4,5.49,22.9,62.41,-6.910232,107.620579,Asia/Jakarta
2026-02-14 06:00:00,23.02,89.4,0.0,54.1,3.56,21.49,47.01,-6.910232,107.620579,Asia/Jakarta
2026-02-14 09:00:00,29.32,76.1,1.74,51.8,7.72,28.41,54.59,-6.910232,107.620579,Asia/Jakarta
2026-02-14 12:00:00,31.16,69.5,0.0,26.1,8.42,29.33,43.32,-6.910232,107.620579,Asia/Jakarta
2026-02-14 15:00:00,29.11,80.9,0.0,43.8,7.54,28.22,43.26,-6.910232,107.620579,Asia/Jakarta
2026-02-14 18:00:00,25.39,80.0,4.42,50.7,5.37,24.38,66.93,-6.910232,107.620579,Asia/Jakarta
2026-02-14 21:00:00,25.13,85.0,0.0,45.0,3.41,23.98,60.41,-6.910232,107.620579,Asia/Jakarta
2026-01-01 00:00:00,23.38,86.4,0.0,58.7,3.45,21.58,50.63,-6.92576,107.605426,Asia/Jakarta
2026-01-01 03:00:00,22.88,88.9,4.51,49.0,3.96,22.29,66.35,-6.92576,107.605426,Asia/Jakarta
2026-01-01 06:00:00,23.38,86.7,0.0,47.2,2.72,22.59,52.64,-6.92576,107.605426,Asia/Jakarta
2026-01-01 09:00:00,29.48,71.9,0.0,36.1,4.83,28.7,49.19,-6.92576,107.605426,Asia/Jakarta
2026-01-01 12:00:00,29.85,72.6,0.0,39.4,6.7,28.11,36.46,-6.92576,107.605426,Asia/Jakarta
2026-01-01 15:00:00,28.38,82.9,0.0,47.8,5.54,26.57,46.36,-6.92576,107.605426,Asia/Jakarta
2026-01-01 18:00:00,23.89,90.8,2.67,52.6,4.29,22.19,59.14,-6.92576,107.605426,Asia/Jakarta
2026-01-01 21:00:00,24.23,83.7,0.0,52.8,3.44,23.12,54.8,-6.92576,107.605426,Asia/Jakarta
2026-01-02 00:00:00,23.76,85.1,3.63,49.0,5.34,22.61,70.43,-6.92576,107.605426,Asia/Jakarta
2026-01-02 03:00:00,25.08,90.2,0.0,50.4,3.71,24.18,50.12,-6.92576,107.605426,Asia/Jakarta
2026-01-02 06:00:00,23.61,84.1,0.0,52.1,3.68,22.92,59.46,-6.92576,107.605426,Asia/Jakarta
2026-01-02 09:00:00,28.24,78.0,4.66,48.8,6.28,27.52,54.74,-6.92576,107.605426,Asia/Jakarta
2026-01-02 12:00:00,30.5,76.1,0.0,34.7,5.72,29.08,46.32,-6.92576,107.605426,Asia/Jakarta
2026-01-02 15:00:00,30.19,70.7,0.0,44.2,5.19,29.15,51.67,-6.92576,107.605426,Asia/Jakarta
2026-01-02 18:00:00,23.43,92.7,2.81,65.7,4.12,22.46,59.41,-6.92576,107.605426,Asia/Jakarta
2026-01-02 21:00:00,22.93,94.6,6.52,55.2,3.58,21.87,76.52,-6.92576,107.605426,Asia/Jakarta
2026-01-03 00:00:00,24.73,88.2,1.01,55.5,5.75,23.68,49.54,-6.92576,107.605426,Asia/Jakarta
2026-01-03 03:00:00,25.26,84.5,0.0,58.9,3.31,23.58,62.44,-6.92576,107.605426,Asia/Jakarta
2026-01-03 06:00:00,24.48,86.2,2.45,57.7,2.77,23.1,62.71,-6.92576,107.605426,Asia/Jakarta
2026-01-03 09:00:00,28.64,79.6,0.0,50.0,4.61,28.1,50.71,-6.92576,107.605426,Asia/Jakarta
2026-01-03 12:00:00,30.01,78.2,0.0,35.7,6.43,29.45,38.8,-6.92576,107.605426,Asia/Jakarta
2026-01-03 15:00:00,27.8,82.2,0.0,46.2,6.24,26.42,39.33,-6.92576,107.605426,Asia/Jakarta
2026-01-03 18:00:00,24.97,81.6,0.0,50.4,2.52,23.93,56.36,-6.92576,107.605426,Asia/Jakarta
2026-01-03 21:00:00,22.69,92.9,5.34,52.2,4.86,21.93,72.28,-6.92576,107.605426,Asia/Jakarta
2026-01-04 00:00:00,24.22,89.4,10.29,65.4,3.34,22.68,77.7,-6.92576,107.605426,Asia/Jakarta
2026-01-04 03:00:00,22.58,91.9,6.8,65.9,4.96,21.52,66.65,-6.92576,107.605426,Asia/Jakarta
2026-01-04 06:00:00,24.13,85.4,3.58,57.1,3.24,22.47,69.97,-6.92576,107.605426,Asia/Jakarta
2026-01-04 09:00:00,30.0,75.8,0.0,49.2,7.3,28.65,42.58,-6.92576,107.605426,Asia/Jakarta
2026-01-04 12:00:00,29.63,78.1,0.0,43.6,6.96,28.81,37.71,-6.92576,107.605426,Asia/Jakarta
2026-01-04 15:00:00,27.8,82.8,0.0,44.5,5.16,26.91,50.82,-6.92576,107.605426,Asia/Jakarta
2026-01-04 18:00:00,24.24,84.3,0.0,51.6,5.56,22.35,51.65,-6.92576,107.605426,Asia/Jakarta
2026-01-04 21:00:00,25.4,86.7,0.0,56.4,3.18,23.86,51.56,-6.92576,107.605426,Asia/Jakarta
2026-01-05 00:00:00,23.2,92.0,0.0,59.1,4.96,22.02,61.67,-6.92576,107.605426,Asia/Jakarta
2026-01-05 03:00:00,24.14,90.7,2.92,62.6,5.48,22.44,55.98,-6.92576,107.605426,Asia/Jakarta
2026-01-05 06:00:00,24.51,90.6,2.56,58.5,5.87,22.62,53.7,-6.92576,107.605426,Asia/Jakarta
2026-01-05 09:00:00,28.83,79.0,0.0,43.5,6.58,27.52,50.29,-6.92576,107.605426,Asia/Jakarta
2026-01-05 12:00:00,32.34,65.9,2.57,40.1,6.9,31.25,42.51,-6.92576,107.605426,Asia/Jakarta
2026-01-05 15:00:00,29.18,76.7,0.0,28.9,7.06,28.15,47.82,-6.92576,107.605426,Asia/Jakarta
2026-01-05 18:00:00,24.32,85.3,0.53,56.1,3.45,23.72,49.19,-6.92576,107.605426,Asia/Jakarta
2026-01-05 21:00:00,24.47,83.7,0.0,42.7,4.93,23.59,55.37,-6.92576,107.605426,Asia/Jakarta
2026-01-06 00:00:00,25.44,86.8,0.0,42.7,4.82,23.89,50.7,-6.92576,107.605426,Asia/Jakarta
2026-01-06 03:00:00,25.4,81.3,0.0,38.7,3.71,24.42,48.2,-6.92576,107.605426,Asia/Jakarta
2026-01-06 06:00:00,24.32,88.1,10.02,40.7,4.86,23.61,81.32,-6.92576,107.605426,Asia/Jakarta
2026-01-06 09:00:00,30.13,76.1,3.09,42.8,7.6,28.32,56.41,-6.92576,107.605426,Asia/Jakarta
2026-01-06 12:00:00,29.77,74.5,1.65,43.7,5.75,28.6,44.95,-6.92576,107.605426,Asia/Jakarta
2026-01-06 15:00:00,30.36,72.6,0.0,29.8,6.16,29.59,37.94,-6.92576,107.605426,Asia/Jakarta
2026-01-06 18:00:00,23.4,88.0,0.0,52.5,3.1,22.36,62.41,-6.92576,107.605426,Asia/Jakarta
2026-01-06 21:00:00,23.54,87.1,4.37,43.5,4.88,22.08,58.4,-6.92576,107.605426,Asia/Jakarta
2026-01-07 00:00:00,25.35,86.9,1.76,58.4,3.59,24.03,63.25,-6.92576,107.605426,Asia/Jakarta
2026-01-07 03:00:00,23.43,89.9,6.1,42.0,3.78,21.69,73.2,-6.92576,107.605426,Asia/Jakarta
2026-01-07 06:00:00,24.15,92.2,1.69,44.5,2.97,22.67,52.36,-6.92576,107.605426,Asia/Jakarta
2026-01-07 09:00:00,28.82,78.8,0.0,32.1,5.15,27.42,51.45,-6.92576,107.605426,Asia/Jakarta
2026-01-07 12:00:00,32.49,67.4,0.0,21.2,5.73,31.58,33.1,-6.92576,107.605426,Asia/Jakarta
2026-01-07 15:00:00,29.62,73.3,0.0,37.0,4.5,27.76,52.9,-6.92576,107.605426,Asia/Jakarta
2026-01-07 18:00:00,25.14,84.9,0.0,51.2,4.07,23.32,62.9,-6.92576,107.605426,Asia/Jakarta
2026-01-07 21:00:00,22.84,89.5,0.0,52.7,4.23,21.19,56.72,-6.92576,107.605426,Asia/Jakarta
2026-01-08 00:00:00,25.3,87.5,5.51,44.5,3.13,24.1,64.71,-6.92576,107.605426,Asia/Jakarta
2026-01-08 03:00:00,23.79,91.6,2.53,58.6,5.67,22.66,60.39,-6.92576,107.605426,Asia/Jakarta
2026-01-08 06:00:00,22.8,87.4,0.0,46.7,5.01,21.34,55.99,-6.92576,107.605426,Asia/Jakarta
2026-01-08 09:00:00,30.29,79.2,3.97,53.7,4.49,28.89,61.1,-6.92576,107.605426,Asia/Jakarta
2026-01-08 12:00:00,31.68,75.1,0.0,27.9,6.98,31.06,47.0,-6.92576,107.605426,Asia/Jakarta
2026-01-08 15:00:00,28.35,77.3,0.0,34.3,7.23,26.7,49.19,-6.92576,107.605426,Asia/Jakarta
2026-01-08 18:00:00,25.22,90.0,0.0,46.2,5.77,24.19,59.31,-6.92576,107.605426,Asia/Jakarta
2026-01-08 21:00:00,23.79,86.4,5.8,50.3,3.75,22.27,70.38,-6.92576,107.605426,Asia/Jakarta
2026-01-09 00:00:00,23.96,82.9,0.0,37.8,3.78,22.86,60.31,-6.92576,107.605426,Asia/Jakarta
2026-01-09 03:00:00,24.3,89.9,2.09,51.8,3.68,22.92,53.19,-6.92576,107.605426,Asia/Jakarta
2026-01-09 06:00:00,22.52,92.1,0.0,65.0,3.94,21.55,54.3,-6.92576,107.605426,Asia/Jakarta
2026-01-09 09:00:00,27.95,77.1,5.71,52.1,5.52,26.63,63.23,-6.92576,107.605426,Asia/Jakarta
2026-01-09 12:00:00,31.86,69.3,0.0,30.8,7.42,31.02,43.05,-6.92576,107.605426,Asia/Jakarta
2026-01-09 15:00:00,29.56,79.3,0.0,35.7,6.77,28.85,38.74,-6.92576,107.605426,Asia/Jakarta
2026-01-09 18:00:00,23.89,83.0,0.0,54.2,2.6,23.12,56.83,-6.92576,107.605426,Asia/Jakarta
2026-01-09 21:00:00,23.02,86.7,0.55,57.3,2.54,21.52,57.5,-6.92576,107.605426,Asia/Jakarta
2026-01-10 00:00:00,23.35,91.2,0.0,52.3,5.45,22.28,61.37,-6.92576,107.605426,Asia/Jakarta
2026-01-10 03:00:00,23.47,91.1,8.64,64.4,4.12,22.27,75.45,-6.92576,107.605426,Asia/Jakarta
2026-01-10 06:00:00,22.77,92.1,0.0,47.2,3.65,21.07,52.92,-6.92576,107.605426,Asia/Jakarta
2026-01-10 09:00:00,29.24,79.1,6.39,44.2,6.48,28.25,65.01,-6.92576,107.605426,Asia/Jakarta
2026-01-10 12:00:00,32.09,68.7,0.0,35.4,7.39,31.49,46.49,-6.92576,107.605426,Asia/Jakarta
2026-01-10 15:00:00,29.22,74.1,0.0,34.4,6.53,28.51,48.5,-6.92576,107.605426,Asia/Jakarta
2026-01-10 18:00:00,24.15,87.2,3.01,55.5,5.97,23.58,62.76,-6.92576,107.605426,Asia/Jakarta
2026-01-10 21:00:00,24.14,87.5,0.0,46.7,3.37,23.53,48.01,-6.92576,107.605426,Asia/Jakarta
2026-01-11 00:00:00,25.18,84.6,0.0,41.6,4.48,24.54,56.76,-6.92576,107.605426,Asia/Jakarta
2026-01-11 03:00:00,25.11,83.6,0.0,35.7,5.13,24.03,56.68,-6.92576,107.605426,Asia/Jakarta
2026-01-11 06:00:00,25.05,86.8,0.0,49.6,3.44,23.49,47.45,-6.92576,107.605426,Asia/Jakarta
2026-01-11 09:00:00,29.3,75.3,7.18,39.8,6.62,27.9,57.55,-6.92576,107.605426,Asia/Jakarta
2026-01-11 12:00:00,30.32,70.4,6.68,39.6,7.37,28.6,62.17,-6.92576,107.605426,Asia/Jakarta
2026-01-11 15:00:00,30.08,71.9,0.0,39.0,5.39,28.33,46.22,-6.92576,107.605426,Asia/Jakarta
2026-01-11 18:00:00,24.14,84.2,0.0,44.1,3.59,22.31,52.35,-6.92576,107.605426,Asia/Jakarta
2026-01-11 21:00:00,24.32,87.9,0.0,50.9,5.16,22.35,62.7,-6.92576,107.605426,Asia/Jakarta
2026-01-12 00:00:00,25.06,88.8,3.22,54.8,5.66,23.54,69.88,-6.92576,107.605426,Asia/Jakarta
2026-01-12 03:00:00,22.78,92.1,3.19,58.2,5.16,22.02,67.08,-6.92576,107.605426,Asia/Jakarta
2026-01-12 06:00:00,24.13,90.4,1.47,55.8,4.6,22.45,65.89,-6.92576,107.605426,Asia/Jakarta
2026-01-12 09:00:00,29.21,75.5,3.35,50.8,6.85,27.84,55.56,-6.92576,107.605426,Asia/Jakarta
2026-01-12 12:00:00,32.04,74.8,0.0,36.8,5.39,30.69,38.99,-6.92576,107.605426,Asia/Jakarta
2026-01-12 15:00:00,29.46,73.8,0.0,26.5,7.25,28.22,47.42,-6.92576,107.605426,Asia/Jakarta
2026-01-12 18:00:00,22.87,85.3,0.79,54.4,2.77,20.99,50.94,-6.92576,107.605426,Asia/Jakarta
2026-01-12 21:00:00,24.79,83.7,0.0,59.6,3.84,22.86,48.75,-6.92576,107.605426,Asia/Jakarta
2026-01-13 00:00:00,23.91,90.0,0.0,56.5,4.47,22.42,61.84,-6.92576,107.605426,Asia/Jakarta
2026-01-13 03:00:00,23.1,89.5,5.47,55.1,5.02,22.47,68.51,-6.92576,107.605426,Asia/Jakarta
2026-01-13 06:00:00,24.7,88.7,5.55,62.1,5.55,23.42,61.02,-6.92576,107.605426,Asia/Jakarta
2026-01-13 09:00:00,29.34,78.2,0.0,50.7,4.69,27.64,40.79,-6.92576,107.605426,Asia/Jakarta
2026-01-13 12:00:00,31.33,76.2,0.56,50.7,5.33,30.42,37.99,-6.92576,107.605426,Asia/Jakarta
2026-01-13 15:00:00,29.34,76.0,0.0,44.1,6.93,28.08,39.41,-6.92576,107.605426,Asia/Jakarta
2026-01-13 18:00:00,24.82,85.2,0.0,43.1,5.16,24.25,56.86,-6.92576,107.605426,Asia/Jakarta
2026-01-13 21:00:00,24.04,83.4,8.1,51.6,5.08,22.13,78.11,-6.92576,107.605426,Asia/Jakarta
2026-01-14 00:00:00,23.04,85.4,1.94,44.1,5.35,22.07,55.1,-6.92576,107.605426,Asia/Jakarta
2026-01-14 03:00:00,24.31,87.3,17.24,60.3,3.95,23.28,89.01,-6.92576,107.605426,Asia/Jakarta
2026-01-14 06:00:00,22.83,92.8,0.0,64.1,4.84,21.4,52.45,-6.92576,107.605426,Asia/Jakarta
2026-01-14 09:00:00,27.5,82.5,3.82,55.3,5.3,25.85,47.63,-6.92576,107.605426,Asia/Jakarta
2026-01-14 12:00:00,31.0,75.2,0.0,40.1,7.9,29.22,48.75,-6.92576,107.605426,Asia/Jakarta
2026-01-14 15:00:00,29.81,73.0,8.15,36.8,5.17,27.97,58.62,-6.92576,107.605426,Asia/Jakarta
2026-01-14 18:00:00,22.68,89.0,0.0,57.0,3.66,22.04,59.91,-6.92576,107.605426,Asia/Jakarta
2026-01-14 21:00:00,23.17,87.0,1.43,47.3,3.93,22.43,52.76,-6.92576,107.605426,Asia/Jakarta
2026-01-15 00:00:00,22.75,94.2,2.53,66.8,5.75,21.62,60.35,-6.92576,107.605426,Asia/Jakarta
2026-01-15 03:00:00,23.6,86.5,2.08,42.7,5.84,23.02,51.72,-6.92576,107.605426,Asia/Jakarta
2026-01-15 06:00:00,22.99,90.1,0.0,64.7,3.44,21.33,54.31,-6.92576,107.605426,Asia/Jakarta
2026-01-15 09:00:00,28.58,76.0,0.77,43.3,7.13,26.84,45.02,-6.92576,107.605426,Asia/Jakarta
2026-01-15 12:00:00,29.88,78.0,0.0,35.9,5.15,29.23,46.66,-6.92576,107.605426,Asia/Jakarta
2026-01-15 15:00:00,28.26,83.1,0.0,44.1,7.69,26.89,51.21,-6.92576,107.605426,Asia/Jakarta
2026-01-15 18:00:00,22.58,87.1,0.0,52.6,4.34,21.2,55.14,-6.92576,107.605426,Asia/Jakarta
2026-01-15 21:00:00,24.28,85.8,0.0,53.8,3.47,23.57,56.5,-6.92576,107.605426,Asia/Jakarta
2026-01-16 00:00:00,23.38,92.5,0.0,60.3,3.51,21.63,51.01,-6.92576,107.605426,Asia/Jakarta
2026-01-16 03:00:00,25.47,86.5,1.01,49.2,3.31,24.97,53.34,-6.92576,107.605426,Asia/Jakarta
2026-01-16 06:00:00,23.29,88.1,2.92,42.6,3.41,21.59,60.15,-6.92576,107.605426,Asia/Jakarta
2026-01-16 09:00:00,28.9,77.7,0.0,48.8,4.83,27.07,39.25,-6.92576,107.605426,Asia/Jakarta
2026-01-16 12:00:00,31.77,71.8,4.27,43.0,6.11,30.43,42.67,-6.92576,107.605426,Asia/Jakarta
2026-01-16 15:00:00,28.14,74.4,1.29,32.1,7.52,27.52,44.64,-6.92576,107.605426,Asia/Jakarta
2026-01-16 18:00:00,25.32,81.0,0.0,51.7,4.66,24.43,54.99,-6.92576,107.605426,Asia/Jakarta
2026-01-16 21:00:00,23.16,86.7,0.0,50.4,2.96,21.99,59.44,-6.92576,107.605426,Asia/Jakarta
2026-01-17 00:00:00,22.87,88.8,2.4,60.9,2.9,20.91,68.21,-6.92576,107.605426,Asia/Jakarta
2026-01-17 03:00:00,25.47,79.7,0.0,36.6,3.24,24.69,59.12,-6.92576,107.605426,Asia/Jakarta
2026-01-17 06:00:00,23.92,84.8,0.0,60.2,5.7,22.98,47.7,-6.92576,107.605426,Asia/Jakarta
2026-01-17 09:00:00,27.66,80.0,0.0,37.1,7.57,26.51,37.93,-6.92576,107.605426,Asia/Jakarta
2026-01-17 12:00:00,29.98,76.2,0.0,50.4,7.19,28.08,47.44,-6.92576,107.605426,Asia/Jakarta
2026-01-17 15:00:00,28.08,83.8,0.0,39.6,6.13,27.3,51.76,-6.92576,107.605426,Asia/Jakarta
2026-01-17 18:00:00,24.42,85.6,0.0,54.0,5.25,23.3,49.87,-6.92576,107.605426,Asia/Jakarta
2026-01-17 21:00:00,23.18,94.0,1.76,58.7,5.96,21.36,63.13,-6.92576,107.605426,Asia/Jakarta
2026-01-18 00:00:00,24.68,86.9,0.0,47.3,4.97,22.72,56.25,-6.92576,107.605426,Asia/Jakarta
2026-01-18 03:00:00,24.5,87.0,0.0,60.9,4.61,23.16,51.32,-6.92576,107.605426,Asia/Jakarta
2026-01-18 06:00:00,23.99,91.7,3.07,57.2,5.23,23.11,53.79,-6.92576,107.605426,Asia/Jakarta
2026-01-18 09:00:00,28.05,83.5,0.0,53.4,5.38,27.09,40.11,-6.92576,107.605426,Asia/Jakarta
2026-01-18 12:00:00,30.06,75.7,5.18,38.6,7.09,29.54,46.44,-6.92576,107.605426,Asia/Jakarta
2026-01-18 15:00:00,27.6,84.5,0.0,50.1,4.92,25.94,39.47,-6.92576,107.605426,Asia/Jakarta
2026-01-18 18:00:00,24.98,90.4,3.49,62.5,2.59,23.46,65.0,-6.92576,107.605426,Asia/Jakarta
2026-01-18 21:00:00,25.4,84.5,2.0,39.1,2.97,24.89,61.77,-6.92576,107.605426,Asia/Jakarta
2026-01-19 00:00:00,24.05,90.7,0.0,54.6,3.57,23.19,54.68,-6.92576,107.605426,Asia/Jakarta
2026-01-19 03:00:00,24.22,82.6,0.0,46.3,2.79,23.17,61.48,-6.92576,107.605426,Asia/Jakarta
2026-01-19 06:00:00,24.36,87.4,0.0,53.6,5.95,23.4,47.8,-6.92576,107.605426,Asia/Jakarta
2026-01-19 09:00:00,27.78,84.7,0.0,56.8,5.92,26.86,39.71,-6.92576,107.605426,Asia/Jakarta
2026-01-19 12:00:00,31.45,70.7,6.53,46.7,7.0,30.84,57.42,-6.92576,107.605426,Asia/Jakarta
2026-01-19 15:00:00,27.88,83.7,4.17,40.8,6.98,26.62,53.69,-6.92576,107.605426,Asia/Jakarta
2026-01-19 18:00:00,23.57,88.0,0.0,48.6,5.76,23.0,61.07,-6.92576,107.605426,Asia/Jakarta
2026-01-19 21:00:00,23.62,86.6,3.56,39.1,4.03,22.12,55.78,-6.92576,107.605426,Asia/Jakarta
2026-01-20 00:00:00,22.88,86.1,0.0,41.4,3.79,22.33,47.39,-6.92576,107.605426,Asia/Jakarta
2026-01-20 03:00:00,23.15,93.2,1.31,63.2,5.51,21.48,53.71,-6.92576,107.605426,Asia/Jakarta
2026-01-20 06:00:00,25.46,89.7,6.07,47.4,5.29,23.73,75.9,-6.92576,107.605426,Asia/Jakarta
2026-01-20 09:00:00,27.72,81.9,0.0,40.4,6.03,26.88,50.95,-6.92576,107.605426,Asia/Jakarta
2026-01-20 12:00:00,29.64,72.7,0.0,28.9,6.88,28.85,36.07,-6.92576,107.605426,Asia/Jakarta
2026-01-20 15:00:00,30.01,79.9,4.47,39.8,4.76,28.11,57.55,-6.92576,107.605426,Asia/Jakarta
2026-01-20 18:00:00,24.73,83.3,4.64,53.4,3.04,23.57,59.65,-6.92576,107.605426,Asia/Jakarta
2026-01-20 21:00:00,23.59,87.5,2.7,50.4,5.03,22.56,55.73,-6.92576,107.605426,Asia/Jakarta
2026-01-21 00:00:00,25.09,82.0,2.33,37.9,5.61,23.16,58.42,-6.92576,107.605426,Asia/Jakarta
2026-01-21 03:00:00,24.77,87.9,10.05,51.8,2.77,23.82,78.74,-6.92576,107.605426,Asia/Jakarta
2026-01-21 06:00:00,23.56,89.7,2.31,61.9,3.68,21.94,57.76,-6.92576,107.605426,Asia/Jakarta
2026-01-21 09:00:00,30.01,73.0,1.08,45.0,4.82,28.85,55.12,-6.92576,107.605426,Asia/Jakarta
2026-01-21 12:00:00,30.86,72.2,3.7,44.5,8.19,30.24,48.85,-6.92576,107.605426,Asia/Jakarta
2026-01-21 15:00:00,28.36,78.0,0.0,30.3,7.75,27.61,42.47,-6.92576,107.605426,Asia/Jakarta
2026-01-21 18:00:00,22.93,92.3,3.2,48.4,4.59,20.97,60.87,-6.92576,107.605426,Asia/Jakarta
2026-01-21 21:00:00,22.94,87.9,6.73,50.7,3.45,21.52,69.52,-6.92576,107.605426,Asia/Jakarta
2026-01-22 00:00:00,25.33,86.6,0.0,48.1,3.16,23.62,60.61,-6.92576,107.605426,Asia/Jakarta
2026-01-22 03:00:00,24.37,91.2,2.87,48.5,2.66,22.6,58.88,-6.92576,107.605426,Asia/Jakarta
2026-01-22 06:00:00,23.2,93.3,5.06,59.8,2.82,21.74,70.49,-6.92576,107.605426,Asia/Jakarta
2026-01-22 09:00:00,30.29,72.8,8.47,44.2,4.59,28.68,56.1,-6.92576,107.605426,Asia/Jakarta
2026-01-22 12:00:00,30.14,76.3,0.0,43.0,7.46,28.82,39.65,-6.92576,107.605426,Asia/Jakarta
2026-01-22 15:00:00,29.04,77.3,0.0,37.4,5.56,27.79,42.74,-6.92576,107.605426,Asia/Jakarta
2026-01-22 18:00:00,25.34,82.2,4.29,40.5,4.47,23.92,62.41,-6.92576,107.605426,Asia/Jakarta
2026-01-22 21:00:00,24.22,90.1,1.37,59.1,3.72,23.48,54.69,-6.92576,107.605426,Asia/Jakarta
2026-01-23 00:00:00,24.24,92.1,0.0,61.7,3.25,22.55,55.48,-6.92576,107.605426,Asia/Jakarta
2026-01-23 03:00:00,23.48,89.0,4.37,55.1,4.85,21.77,61.86,-6.92576,107.605426,Asia/Jakarta
2026-01-23 06:00:00,25.17,84.9,0.0,57.6,5.68,24.4,54.7,-6.92576,107.605426,Asia/Jakarta
2026-01-23 09:00:00,28.4,74.1,2.44,38.4,4.29,26.46,56.21,-6.92576,107.605426,Asia/Jakarta
2026-01-23 12:00:00,31.07,75.7,3.88,49.0,5.38,29.22,55.07,-6.92576,107.605426,Asia/Jakarta
2026-01-23 15:00:00,30.16,76.7,0.0,49.2,5.71,28.59,38.24,-6.92576,107.605426,Asia/Jakarta
2026-01-23 18:00:00,24.19,88.3,3.22,51.5,4.04,22.37,55.77,-6.92576,107.605426,Asia/Jakarta
2026-01-23 21:00:00,24.67,88.7,0.0,55.6,5.54,23.89,57.25,-6.92576,107.605426,Asia/Jakarta
2026-01-24 00:00:00,22.72,93.1,1.06,65.5,2.69,21.95,52.59,-6.92576,107.605426,Asia/Jakarta
2026-01-24 03:00:00,24.19,84.9,0.0,38.7,2.57,22.48,51.62,-6.92576,107.605426,Asia/Jakarta
2026-01-24 06:00:00,23.32,93.9,2.85,60.8,4.99,21.84,66.57,-6.92576,107.605426,Asia/Jakarta
2026-01-24 09:00:00,27.66,75.7,1.3,37.9,7.6,25.99,46.16,-6.92576,107.605426,Asia/Jakarta
2026-01-24 12:00:00,30.17,76.9,0.0,47.5,8.12,29.56,37.26,-6.92576,107.605426,Asia/Jakarta
2026-01-24 15:00:00,27.72,75.8,2.17,32.3,5.14,27.18,53.18,-6.92576,107.605426,Asia/Jakarta
2026-01-24 18:00:00,23.88,88.3,6.06,50.2,2.7,22.18,67.78,-6.92576,107.605426,Asia/Jakarta
2026-01-24 21:00:00,23.2,86.6,0.0,53.9,5.31,22.03,59.71,-6.92576,107.605426,Asia/Jakarta
2026-01-25 00:00:00,24.33,87.0,3.41,48.9,2.65,22.87,70.01,-6.92576,107.605426,Asia/Jakarta
2026-01-25 03:00:00,25.24,88.4,4.85,51.6,4.58,24.64,65.06,-6.92576,107.605426,Asia/Jakarta
2026-01-25 06:00:00,23.15,88.3,0.0,56.5,3.83,21.83,60.86,-6.92576,107.605426,Asia/Jakarta
2026-01-25 09:00:00,28.58,73.2,0.0,47.1,7.11,27.33,37.76,-6.92576,107.605426,Asia/Jakarta
2026-01-25 12:00:00,31.99,67.0,0.0,41.1,5.46,30.43,34.87,-6.92576,107.605426,Asia/Jakarta
2026-01-25 15:00:00,29.13,74.2,0.0,49.7,5.38,28.57,50.62,-6.92576,107.605426,Asia/Jakarta
2026-01-25 18:00:00,25.27,88.5,0.0,58.7,5.68,23.92,58.74,-6.92576,107.605426,Asia/Jakarta
2026-01-25 21:00:00,24.87,88.2,0.0,42.9,5.71,23.59,53.98,-6.92576,107.605426,Asia/Jakarta
2026-01-26 00:00:00,23.93,83.6,3.62,55.7,4.65,22.24,56.23,-6.92576,107.605426,Asia/Jakarta
2026-01-26 03:00:00,25.32,90.0,2.58,47.5,3.02,24.65,55.1,-6.92576,107.605426,Asia/Jakarta
2026-01-26 06:00:00,23.64,91.3,0.0,65.2,5.78,22.56,55.11,-6.92576,107.605426,Asia/Jakarta
2026-01-26 09:00:00,28.75,74.3,0.0,27.8,4.34,27.03,49.62,-6.92576,107.605426,Asia/Jakarta
2026-01-26 12:00:00,30.26,72.7,3.89,44.2,6.14,28.7,57.11,-6.92576,107.605426,Asia/Jakarta
2026-01-26 15:00:00,30.22,71.3,0.0,40.5,6.59,28.35,49.78,-6.92576,107.605426,Asia/Jakarta
2026-01-26 18:00:00,25.0,83.3,0.65,47.9,4.13,23.25,53.95,-6.92576,107.605426,Asia/Jakarta
2026-01-26 21:00:00,23.49,93.7,5.48,49.8,3.38,22.36,71.33,-6.92576,107.605426,Asia/Jakarta
2026-01-27 00:00:00,23.24,88.2,0.0,45.6,4.7,22.07,51.6,-6.92576,107.605426,Asia/Jakarta
2026-01-27 03:00:00,25.33,88.4,1.61,63.5,3.04,23.79,56.95,-6.92576,107.605426,Asia/Jakarta
2026-01-27 06:00:00,24.35,88.4,4.64,40.8,4.33,22.6,64.4,-6.92576,107.605426,Asia/Jakarta
2026-01-27 09:00:00,29.81,75.2,0.0,34.6,4.89,28.48,49.03,-6.92576,107.605426,Asia/Jakarta
2026-01-27 12:00:00,31.0,70.1,0.0,23.5,8.14,30.15,42.79,-6.92576,107.605426,Asia/Jakarta
2026-01-27 15:00:00,29.54,80.3,0.0,42.3,6.92,28.19,44.09,-6.92576,107.605426,Asia/Jakarta
2026-01-27 18:00:00,22.59,87.3,0.0,58.3,4.02,20.83,57.41,-6.92576,107.605426,Asia/Jakarta
2026-01-27 21:00:00,24.29,91.3,2.5,58.5,5.0,23.17,54.47,-6.92576,107.605426,Asia/Jakarta
2026-01-28 00:00:00,24.97,86.7,0.0,59.5,5.9,23.19,57.21,-6.92576,107.605426,Asia/Jakarta
2026-01-28 03:00:00,24.7,90.4,1.06,50.7,5.81,22.98,53.25,-6.92576,107.605426,Asia/Jakarta
2026-01-28 06:00:00,24.4,83.1,1.86,39.8,4.26,22.95,60.4,-6.92576,107.605426,Asia/Jakarta
2026-01-28 09:00:00,27.97,83.5,4.66,46.7,7.55,26.26,59.78,-6.92576,107.605426,Asia/Jakarta
2026-01-28 12:00:00,31.8,70.7,0.0,30.4,6.87,30.55,37.63,-6.92576,107.605426,Asia/Jakarta
2026-01-28 15:00:00,28.37,79.6,0.0,50.7,6.68,27.45,42.58,-6.92576,107.605426,Asia/Jakarta
2026-01-28 18:00:00,22.68,94.5,12.22,47.2,4.75,21.83,87.48,-6.92576,107.605426,Asia/Jakarta
2026-01-28 21:00:00,23.75,90.9,3.06,64.3,3.76,22.42,68.38,-6.92576,107.605426,Asia/Jakarta
2026-01-29 00:00:00,24.16,92.3,0.0,49.5,3.57,22.57,62.3,-6.92576,107.605426,Asia/Jakarta
2026-01-29 03:00:00,23.16,88.5,11.28,52.8,2.96,21.76,84.0,-6.92576,107.605426,Asia/Jakarta
2026-01-29 06:00:00,24.7,85.5,0.0,46.2,3.79,23.25,56.68,-6.92576,107.605426,Asia/Jakarta
2026-01-29 09:00:00,29.44,81.1,0.0,56.6,6.42,28.64,37.11,-6.92576,107.605426,Asia/Jakarta
2026-01-29 12:00:00,31.93,70.8,0.0,32.3,5.27,30.74,38.85,-6.92576,107.605426,Asia/Jakarta
2026-01-29 15:00:00,30.36,70.4,0.65,29.9,7.51,28.7,44.23,-6.92576,107.605426,Asia/Jakarta
2026-01-29 18:00:00,22.82,89.1,2.65,44.8,3.35,21.5,57.2,-6.92576,107.605426,Asia/Jakarta
2026-01-29 21:00:00,22.84,90.7,0.0,63.7,3.68,22.24,56.23,-6.92576,107.605426,Asia/Jakarta
2026-01-30 00:00:00,23.11,90.7,3.07,63.8,3.79,21.49,60.78,-6.92576,107.605426,Asia/Jakarta
2026-01-30 03:00:00,24.76,88.8,0.0,43.7,2.73,23.35,57.49,-6.92576,107.605426,Asia/Jakarta
2026-01-30 06:00:00,24.99,81.3,0.0,48.8,3.53,24.28,47.24,-6.92576,107.605426,Asia/Jakarta
2026-01-30 09:00:00,28.91,73.9,0.0,26.2,5.66,27.74,41.73,-6.92576,107.605426,Asia/Jakarta
2026-01-30 12:00:00,30.74,70.5,0.0,22.7,5.61,28.84,46.82,-6.92576,107.605426,Asia/Jakarta
2026-01-30 15:00:00,30.06,78.2,4.83,40.2,6.51,29.19,49.13,-6.92576,107.605426,Asia/Jakarta
2026-01-30 18:00:00,24.74,85.8,0.0,43.3,5.53,23.53,61.08,-6.92576,107.605426,Asia/Jakarta
2026-01-30 21:00:00,22.74,86.5,0.0,59.0,4.01,22.03,61.32,-6.92576,107.605426,Asia/Jakarta
2026-01-31 00:00:00,23.16,92.5,0.0,60.6,5.06,22.24,61.22,-6.92576,107.605426,Asia/Jakarta
2026-01-31 03:00:00,23.1,92.0,0.0,64.0,5.55,21.85,48.01,-6.92576,107.605426,Asia/Jakarta
2026-01-31 06:00:00,24.63,82.8,0.0,47.8,3.6,24.05,51.97,-6.92576,107.605426,Asia/Jakarta
2026-01-31 09:00:00,29.05,78.8,0.0,37.0,6.31,28.04,44.92,-6.92576,107.605426,Asia/Jakarta
2026-01-31 12:00:00,31.89,75.7,0.0,39.3,7.28,30.48,38.34,-6.92576,107.605426,Asia/Jakarta
2026-01-31 15:00:00,30.19,75.4,1.92,41.5,7.51,29.17,45.93,-6.92576,107.605426,Asia/Jakarta
2026-01-31 18:00:00,23.39,91.4,4.16,65.9,2.57,21.93,57.96,-6.92576,107.605426,Asia/Jakarta
2026-01-31 21:00:00,24.33,83.3,0.0,53.6,4.06,23.41,52.15,-6.92576,107.605426,Asia/Jakarta
2026-02-01 00:00:00,23.13,92.0,0.0,59.6,4.04,22.06,56.92,-6.92576,107.605426,Asia/Jakarta
2026-02-01 03:00:00,25.3,89.8,2.76,52.2,5.25,24.29,56.86,-6.92576,107.605426,Asia/Jakarta
2026-02-01 06:00:00,23.22,93.7,7.39,65.8,4.85,21.74,77.57,-6.92576,107.605426,Asia/Jakarta
2026-02-01 09:00:00,29.66,80.3,0.0,46.6,4.91,28.56,47.33,-6.92576,107.605426,Asia/Jakarta
2026-02-01 12:00:00,30.12,78.4,0.0,42.1,5.37,29.38,46.07,-6.92576,107.605426,Asia/Jakarta
2026-02-01 15:00:00,28.54,80.5,3.7,44.2,5.04,26.81,46.76,-6.92576,107.605426,Asia/Jakarta
2026-02-01 18:00:00,22.69,89.1,0.0,52.8,3.78,21.97,50.14,-6.92576,107.605426,Asia/Jakarta
2026-02-01 21:00:00,23.38,89.7,16.32,46.0,3.69,22.41,92.0,-6.92576,107.605426,Asia/Jakarta
2026-02-02 00:00:00,24.16,91.3,2.77,54.7,2.74,22.63,58.27,-6.92576,107.605426,Asia/Jakarta
2026-02-02 03:00:00,24.33,85.6,7.07,54.3,4.55,22.45,77.16,-6.92576,107.605426,Asia/Jakarta
2026-02-02 06:00:00,24.85,83.8,0.0,57.3,3.11,23.27,53.93,-6.92576,107.605426,Asia/Jakarta
2026-02-02 09:00:00,28.9,78.6,8.61,49.5,6.99,27.76,69.73,-6.92576,107.605426,Asia/Jakarta
2026-02-02 12:00:00,31.8,66.4,0.17,32.8,6.92,30.31,43.95,-6.92576,107.605426,Asia/Jakarta
2026-02-02 15:00:00,29.56,76.7,0.0,32.4,5.95,28.73,38.75,-6.92576,107.605426,Asia/Jakarta
2026-02-02 18:00:00,24.47,89.7,0.0,42.8,5.51,23.44,58.98,-6.92576,107.605426,Asia/Jakarta
2026-02-02 21:00:00,24.98,84.5,0.0,50.7,4.75,23.66,62.95,-6.92576,107.605426,Asia/Jakarta
2026-02-03 00:00:00,25.4,87.2,0.0,51.7,3.46,24.47,48.26,-6.92576,107.605426,Asia/Jakarta
2026-02-03 03:00:00,24.22,84.4,5.43,54.8,3.62,22.65,71.05,-6.92576,107.605426,Asia/Jakarta
2026-02-03 06:00:00,23.45,93.6,0.0,49.7,2.94,22.36,55.29,-6.92576,107.605426,Asia/Jakarta
2026-02-03 09:00:00,29.53,79.0,0.0,48.2,5.7,28.0,39.82,-6.92576,107.605426,Asia/Jakarta
2026-02-03 12:00:00,31.72,72.1,2.69,44.9,7.31,30.69,45.76,-6.92576,107.605426,Asia/Jakarta
2026-02-03 15:00:00,27.73,81.9,0.0,35.4,7.11,26.46,49.89,-6.92576,107.605426,Asia/Jakarta
2026-02-03 18:00:00,23.81,89.7,1.2,48.7,3.62,21.93,53.98,-6.92576,107.605426,Asia/Jakarta
2026-02-03 21:00:00,23.1,84.7,0.0,52.2,5.35,21.15,59.21,-6.92576,107.605426,Asia/Jakarta
2026-02-04 00:00:00,24.71,86.0,0.0,45.0,3.53,22.95,53.72,-6.92576,107.605426,Asia/Jakarta
2026-02-04 03:00:00,24.98,84.2,7.48,38.6,3.9,24.21,66.67,-6.92576,107.605426,Asia/Jakarta
2026-02-04 06:00:00,23.6,92.2,2.02,67.1,4.02,22.42,52.08,-6.92576,107.605426,Asia/Jakarta
2026-02-04 09:00:00,28.51,80.2,0.61,51.7,4.46,27.73,54.44,-6.92576,107.605426,Asia/Jakarta
2026-02-04 12:00:00,32.22,68.9,0.0,31.9,6.5,31.14,33.71,-6.92576,107.605426,Asia/Jakarta
2026-02-04 15:00:00,29.37,75.1,3.77,39.5,4.79,28.8,46.7,-6.92576,107.605426,Asia/Jakarta
2026-02-04 18:00:00,24.04,86.8,0.0,47.1,3.23,22.07,53.17,-6.92576,107.605426,Asia/Jakarta
2026-02-04 21:00:00,23.99,91.5,8.23,59.0,3.13,22.48,69.46,-6.92576,107.605426,Asia/Jakarta
2026-02-05 00:00:00,25.01,82.6,1.22,45.1,5.45,23.33,54.78,-6.92576,107.605426,Asia/Jakarta
2026-02-05 03:00:00,23.66,83.6,5.93,56.7,4.9,22.39,60.17,-6.92576,107.605426,Asia/Jakarta
2026-02-05 06:00:00,22.82,91.6,0.44,56.4,4.57,21.44,59.34,-6.92576,107.605426,Asia/Jakarta
2026-02-05 09:00:00,29.37,76.3,0.0,41.9,6.28,27.61,40.63,-6.92576,107.605426,Asia/Jakarta
2026-02-05 12:00:00,29.82,76.7,0.0,40.2,5.34,29.17,38.32,-6.92576,107.605426,Asia/Jakarta
2026-02-05 15:00:00,29.02,73.0,0.0,42.7,6.87,28.48,38.74,-6.92576,107.605426,Asia/Jakarta
2026-02-05 18:00:00,24.06,89.8,8.63,58.2,2.94,23.1,72.57,-6.92576,107.605426,Asia/Jakarta
2026-02-05 21:00:00,24.85,84.4,0.0,52.8,3.09,23.15,48.72,-6.92576,107.605426,Asia/Jakarta
2026-02-06 00:00:00,25.0,89.4,0.0,49.5,4.21,24.38,54.83,-6.92576,107.605426,Asia/Jakarta
2026-02-06 03:00:00,22.75,91.6,0.0,62.9,4.49,21.76,48.85,-6.92576,107.605426,Asia/Jakarta
2026-02-06 06:00:00,24.64,89.4,0.0,53.1,5.3,23.62,59.53,-6.92576,107.605426,Asia/Jakarta
2026-02-06 09:00:00,29.3,81.2,4.35,43.3,4.59,28.61,54.97,-6.92576,107.605426,Asia/Jakarta
2026-02-06 12:00:00,30.81,77.3,1.1,44.3,6.34,29.63,44.96,-6.92576,107.605426,Asia/Jakarta
2026-02-06 15:00:00,28.86,80.3,0.0,38.3,5.71,27.05,45.66,-6.92576,107.605426,Asia/Jakarta
2026-02-06 18:00:00,25.46,81.7,0.0,36.6,2.58,24.36,50.23,-6.92576,107.605426,Asia/Jakarta
2026-02-06 21:00:00,24.64,84.6,0.0,50.8,5.86,23.47,54.06,-6.92576,107.605426,Asia/Jakarta
2026-02-07 00:00:00,24.44,84.8,5.56,53.6,3.39,23.16,61.51,-6.92576,107.605426,Asia/Jakarta
2026-02-07 03:00:00,25.17,90.3,0.0,47.5,4.81,24.48,48.69,-6.92576,107.605426,Asia/Jakarta
2026-02-07 06:00:00,23.49,87.1,2.11,52.2,4.15,21.64,64.78,-6.92576,107.605426,Asia/Jakarta
2026-02-07 09:00:00,28.5,75.5,1.48,29.1,5.35,27.44,51.0,-6.92576,107.605426,Asia/Jakarta
2026-02-07 12:00:00,31.14,74.4,0.0,34.2,6.97,29.52,39.86,-6.92576,107.605426,Asia/Jakarta
2026-02-07 15:00:00,29.09,80.0,0.0,39.0,4.54,28.34,42.03,-6.92576,107.605426,Asia/Jakarta
2026-02-07 18:00:00,24.73,87.7,0.0,52.1,5.66,23.84,57.24,-6.92576,107.605426,Asia/Jakarta
2026-02-07 21:00:00,24.99,81.0,0.0,41.8,5.64,23.41,56.77,-6.92576,107.605426,Asia/Jakarta
2026-02-08 00:00:00,25.42,89.3,2.08,51.4,3.98,23.85,54.09,-6.92576,107.605426,Asia/Jakarta
2026-02-08 03:00:00,22.63,89.9,5.18,53.9,3.33,21.81,68.11,-6.92576,107.605426,Asia/Jakarta
2026-02-08 06:00:00,23.63,92.1,1.39,55.8,5.46,22.02,50.59,-6.92576,107.605426,Asia/Jakarta
2026-02-08 09:00:00,30.43,74.9,0.0,31.8,4.69,29.76,49.45,-6.92576,107.605426,Asia/Jakarta
2026-02-08 12:00:00,30.06,77.1,0.26,50.8,8.21,28.62,37.98,-6.92576,107.605426,Asia/Jakarta
2026-02-08 15:00:00,28.19,81.4,0.0,45.6,6.66,26.96,51.81,-6.92576,107.605426,Asia/Jakarta
2026-02-08 18:00:00,24.56,90.8,0.0,62.4,3.24,23.41,57.63,-6.92576,107.605426,Asia/Jakarta
2026-02-08 21:00:00,23.68,92.5,2.17,61.3,5.81,22.47,66.69,-6.92576,107.605426,Asia/Jakarta
2026-02-09 00:00:00,24.87,86.0,0.0,59.7,4.34,23.92,55.19,-6.92576,107.605426,Asia/Jakarta
2026-02-09 03:00:00,25.06,86.8,0.0,56.2,5.58,23.69,54.44,-6.92576,107.605426,Asia/Jakarta
2026-02-09 06:00:00,22.76,88.3,7.68,54.7,5.87,21.63,77.38,-6.92576,107.605426,Asia/Jakarta
2026-02-09 09:00:00,29.39,77.6,0.0,51.9,7.45,28.55,39.93,-6.92576,107.605426,Asia/Jakarta
2026-02-09 12:00:00,31.65,74.8,0.0,29.1,7.27,29.98,46.69,-6.92576,107.605426,Asia/Jakarta
2026-02-09 15:00:00,30.19,79.3,0.0,49.6,7.64,28.4,43.38,-6.92576,107.605426,Asia/Jakarta
2026-02-09 18:00:00,24.13,89.1,7.62,55.7,3.01,23.35,64.1,-6.92576,107.605426,Asia/Jakarta
2026-02-09 21:00:00,23.66,91.6,2.07,45.1,2.67,22.95,56.62,-6.92576,107.605426,Asia/Jakarta
2026-02-10 00:00:00,22.78,88.1,0.0,44.1,5.99,22.14,52.98,-6.92576,107.605426,Asia/Jakarta
2026-02-10 03:00:00,24.92,83.0,0.0,39.3,4.6,24.34,54.62,-6.92576,107.605426,Asia/Jakarta
2026-02-10 06:00:00,24.64,87.8,0.0,53.4,2.75,23.73,47.48,-6.92576,107.605426,Asia/Jakarta
2026-02-10 09:00:00,30.37,75.7,0.0,41.4,6.33,28.71,37.96,-6.92576,107.605426,Asia/Jakarta
2026-02-10 12:00:00,30.12,79.5,2.01,44.5,5.5,28.95,49.44,-6.92576,107.605426,Asia/Jakarta
2026-02-10 15:00:00,28.92,74.0,0.0,48.8,4.95,27.94,41.9,-6.92576,107.605426,Asia/Jakarta
2026-02-10 18:00:00,24.75,91.2,0.0,60.5,2.92,22.85,58.86,-6.92576,107.605426,Asia/Jakarta
2026-02-10 21:00:00,25.25,86.4,1.91,54.9,5.38,23.45,61.45,-6.92576,107.605426,Asia/Jakarta
2026-02-11 00:00:00,24.64,85.1,1.84,60.6,5.55,24.09,65.64,-6.92576,107.605426,Asia/Jakarta
2026-02-11 03:00:00,24.8,86.9,1.95,39.9,5.23,23.88,65.17,-6.92576,107.605426,Asia/Jakarta
2026-02-11 06:00:00,25.43,84.3,0.0,41.5,3.14,24.19,50.9,-6.92576,107.605426,Asia/Jakarta
2026-02-11 09:00:00,28.19,74.8,0.0,33.9,5.36,26.76,41.78,-6.92576,107.605426,Asia/Jakarta
2026-02-11 12:00:00,29.87,75.6,0.0,49.2,6.38,28.23,46.52,-6.92576,107.605426,Asia/Jakarta
2026-02-11 15:00:00,29.8,75.3,0.0,47.8,6.84,28.21,52.26,-6.92576,107.605426,Asia/Jakarta
2026-02-11 18:00:00,25.39,86.3,3.9,42.6,2.86,23.55,57.75,-6.92576,107.605426,Asia/Jakarta
2026-02-11 21:00:00,24.13,83.9,0.0,52.9,5.66,22.15,59.27,-6.92576,107.605426,Asia/Jakarta
2026-02-12 00:00:00,24.7,86.2,7.81,51.9,3.29,24.11,68.56,-6.92576,107.605426,Asia/Jakarta
2026-02-12 03:00:00,25.1,89.8,0.0,55.9,4.68,23.63,53.72,-6.92576,107.605426,Asia/Jakarta
2026-02-12 06:00:00,24.4,82.9,1.39,44.4,2.82,23.82,55.67,-6.92576,107.605426,Asia/Jakarta
2026-02-12 09:00:00,28.72,82.1,0.0,46.9,6.99,26.97,44.07,-6.92576,107.605426,Asia/Jakarta
2026-02-12 12:00:00,32.27,67.6,0.0,31.9,6.57,30.44,34.54,-6.92576,107.605426,Asia/Jakarta
2026-02-12 15:00:00,28.84,74.4,0.0,40.2,4.95,27.03,48.21,-6.92576,107.605426,Asia/Jakarta
2026-02-12 18:00:00,24.86,85.9,1.64,55.2,4.83,23.63,62.64,-6.92576,107.605426,Asia/Jakarta
2026-02-12 21:00:00,22.53,87.1,0.0,54.7,3.98,21.62,49.57,-6.92576,107.605426,Asia/Jakarta
2026-02-13 00:00:00,23.51,88.3,4.23,64.0,3.19,22.99,67.5,-6.92576,107.605426,Asia/Jakarta
2026-02-13 03:00:00,24.32,87.1,5.39,54.4,5.96,23.18,74.33,-6.92576,107.605426,Asia/Jakarta
2026-02-13 06:00:00,25.35,88.3,0.0,47.7,4.81,24.23,60.69,-6.92576,107.605426,Asia/Jakarta
2026-02-13 09:00:00,29.39,79.7,0.0,39.0,5.97,27.82,41.45,-6.92576,107.605426,Asia/Jakarta
2026-02-13 12:00:00,31.6,66.9,0.79,36.2,6.32,30.49,48.48,-6.92576,107.605426,Asia/Jakarta
2026-02-13 15:00:00,28.86,79.1,0.0,36.0,7.66,27.63,48.91,-6.92576,107.605426,Asia/Jakarta
2026-02-13 18:00:00,23.6,92.2,0.0,52.1,5.64,22.78,61.19,-6.92576,107.605426,Asia/Jakarta
2026-02-13 21:00:00,24.24,84.9,9.78,59.8,2.56,23.41,76.6,-6.92576,107.605426,Asia/Jakarta
2026-02-14 00:00:00,22.95,88.5,2.51,51.5,2.77,21.86,55.14,-6.92576,107.605426,Asia/Jakarta
2026-02-14 03:00:00,24.76,88.1,0.0,49.1,4.5,23.78,60.41,-6.92576,107.605426,Asia/Jakarta
2026-02-14 06:00:00,25.4,86.3,0.87,49.0,5.2,23.47,51.33,-6.92576,107.605426,Asia/Jakarta
2026-02-14 09:00:00,28.72,74.4,0.0,42.1,5.77,27.38,40.32,-6.92576,107.605426,Asia/Jakarta
2026-02-14 12:00:00,31.92,75.8,0.0,29.3,5.21,30.94,35.31,-6.92576,107.605426,Asia/Jakarta
2026-02-14 15:00:00,29.77,77.8,0.75,46.1,4.66,28.39,46.11,-6.92576,107.605426,Asia/Jakarta
2026-02-14 18:00:00,24.29,90.6,0.0,57.3,4.8,22.61,59.11,-6.92576,107.605426,Asia/Jakarta
2026-02-14 21:00:00,23.17,92.5,0.7,62.9,3.18,22.0,51.67,-6.92576,107.605426,Asia/Jakarta
2026-01-01 00:00:00,23.79,88.4,0.0,53.6,4.33,23.06,59.65,-6.907022,107.619407,Asia/Jakarta
2026-01-01 03:00:00,24.04,92.3,0.0,49.4,4.02,22.17,55.62,-6.907022,107.619407,Asia/Jakarta
2026-01-01 06:00:00,23.64,85.4,6.98,40.8,4.22,22.23,75.6,-6.907022,107.619407,Asia/Jakarta
2026-01-01 09:00:00,29.58,77.2,0.0,40.8,5.08,28.88,47.21,-6.907022,107.619407,Asia/Jakarta
2026-01-01 12:00:00,31.24,72.8,0.0,33.9,8.23,30.69,42.55,-6.907022,107.619407,Asia/Jakarta
2026-01-01 15:00:00,28.04,76.4,0.0,35.3,7.2,27.01,46.97,-6.907022,107.619407,Asia/Jakarta
2026-01-01 18:00:00,24.12,87.2,3.43,63.1,4.82,22.82,61.49,-6.907022,107.619407,Asia/Jakarta
2026-01-01 21:00:00,25.19,84.8,0.0,47.4,4.05,23.41,59.38,-6.907022,107.619407,Asia/Jakarta
2026-01-02 00:00:00,25.39,86.6,0.0,44.1,2.76,23.41,62.93,-6.907022,107.619407,Asia/Jakarta
2026-01-02 03:00:00,22.64,92.2,0.0,54.7,4.25,20.79,59.6,-6.907022,107.619407,Asia/Jakarta
2026-01-02 06:00:00,23.18,84.8,0.0,42.0,2.65,21.22,53.79,-6.907022,107.619407,Asia/Jakarta
2026-01-02 09:00:00,27.87,75.8,7.02,44.9,5.25,26.66,61.44,-6.907022,107.619407,Asia/Jakarta
2026-01-02 12:00:00,30.06,73.6,2.96,38.2,7.12,28.33,49.34,-6.907022,107.619407,Asia/Jakarta
2026-01-02 15:00:00,29.71,71.6,0.0,27.0,5.67,27.76,52.21,-6.907022,107.619407,Asia/Jakarta
2026-01-02 18:00:00,23.05,89.5,6.89,61.8,3.72,21.34,74.41,-6.907022,107.619407,Asia/Jakarta
2026-01-02 21:00:00,24.48,87.0,0.0,39.9,4.43,23.53,57.83,-6.907022,107.619407,Asia/Jakarta
2026-01-03 00:00:00,23.18,91.0,2.9,59.7,5.56,21.81,53.51,-6.907022,107.619407,Asia/Jakarta
2026-01-03 03:00:00,24.94,90.0,0.0,52.3,5.76,23.26,56.1,-6.907022,107.619407,Asia/Jakarta
2026-01-03 06:00:00,25.43,86.3,4.82,59.3,2.56,23.62,62.83,-6.907022,107.619407,Asia/Jakarta
2026-01-03 09:00:00,29.3,74.8,0.0,44.9,5.47,28.24,46.82,-6.907022,107.619407,Asia/Jakarta
2026-01-03 12:00:00,30.18,72.7,3.11,43.8,6.34,28.83,44.54,-6.907022,107.619407,Asia/Jakarta
2026-01-03 15:00:00,27.75,75.5,0.0,39.5,6.39,27.04,44.21,-6.907022,107.619407,Asia/Jakarta
2026-01-03 18:00:00,22.98,91.9,0.0,51.3,5.06,21.0,48.35,-6.907022,107.619407,Asia/Jakarta
2026-01-03 21:00:00,25.3,82.4,2.76,35.3,2.54,24.26,60.44,-6.907022,107.619407,Asia/Jakarta
2026-01-04 00:00:00,22.68,94.0,0.0,66.3,5.94,21.03,56.78,-6.907022,107.619407,Asia/Jakarta
2026-01-04 03:00:00,24.58,88.5,0.0,46.4,2.64,23.7,52.11,-6.907022,107.619407,Asia/Jakarta
2026-01-04 06:00:00,23.22,90.0,0.0,57.6,2.91,21.38,53.96,-6.907022,107.619407,Asia/Jakarta
2026-01-04 09:00:00,27.66,82.7,1.52,56.0,7.32,26.56,41.32,-6.907022,107.619407,Asia/Jakarta
2026-01-04 12:00:00,32.08,74.9,0.0,43.3,6.28,31.06,47.15,-6.907022,107.619407,Asia/Jakarta
2026-01-04 15:00:00,29.15,80.6,5.29,54.1,4.77,28.18,52.87,-6.907022,107.619407,Asia/Jakarta
2026-01-04 18:00:00,25.33,83.4,1.22,40.5,3.56,23.35,65.25,-6.907022,107.619407,Asia/Jakarta
2026-01-04 21:00:00,23.43,91.7,0.0,48.2,4.5,22.8,52.98,-6.907022,107.619407,Asia/Jakarta
2026-01-05 00:00:00,23.84,88.8,0.0,45.6,3.33,22.69,48.27,-6.907022,107.619407,Asia/Jakarta
2026-01-05 03:00:00,23.48,93.0,5.29,56.6,4.81,22.08,70.86,-6.907022,107.619407,Asia/Jakarta
2026-01-05 06:00:00,24.63,81.6,0.0,44.0,3.94,22.95,48.79,-6.907022,107.619407,Asia/Jakarta
2026-01-05 09:00:00,29.87,75.7,3.55,39.3,7.09,29.28,55.28,-6.907022,107.619407,Asia/Jakarta
2026-01-05 12:00:00,31.98,75.9,0.0,44.3,7.1,31.26,46.33,-6.907022,107.619407,Asia/Jakarta
2026-01-05 15:00:00,28.28,75.1,0.0,37.7,6.09,26.91,46.74,-6.907022,107.619407,Asia/Jakarta
2026-01-05 18:00:00,24.2,83.7,0.0,49.6,2.53,22.87,57.27,-6.907022,107.619407,Asia/Jakarta
2026-01-05 21:00:00,22.67,87.0,5.39,51.1,3.84,20.77,59.69,-6.907022,107.619407,Asia/Jakarta
2026-01-06 00:00:00,24.73,87.0,3.78,42.6,3.42,23.7,66.99,-6.907022,107.619407,Asia/Jakarta
2026-01-06 03:00:00,25.5,85.3,0.0,45.2,4.43,24.59,55.77,-6.907022,107.619407,Asia/Jakarta
2026-01-06 06:00:00,25.38,85.8,0.0,43.6,5.4,24.42,52.65,-6.907022,107.619407,Asia/Jakarta
2026-01-06 09:00:00,27.66,82.8,0.0,56.5,7.57,26.6,48.1,-6.907022,107.619407,Asia/Jakarta
2026-01-06 12:00:00,31.03,71.1,7.41,34.4,6.33,29.24,52.9,-6.907022,107.619407,Asia/Jakarta
2026-01-06 15:00:00,30.23,70.2,0.0,31.1,6.31,29.32,53.09,-6.907022,107.619407,Asia/Jakarta
2026-01-06 18:00:00,23.67,84.6,4.49,36.8,5.44,22.16,71.4,-6.907022,107.619407,Asia/Jakarta
2026-01-06 21:00:00,24.68,90.5,3.61,43.8,3.81,22.92,60.96,-6.907022,107.619407,Asia/Jakarta
2026-01-07 00:00:00,25.04,88.9,0.22,41.6,2.57,24.0,55.67,-6.907022,107.619407,Asia/Jakarta
2026-01-07 03:00:00,23.62,88.2,0.0,48.1,4.51,22.4,60.22,-6.907022,107.619407,Asia/Jakarta
2026-01-07 06:00:00,24.6,84.0,0.0,38.3,4.21,23.87,50.61,-6.907022,107.619407,Asia/Jakarta
2026-01-07 09:00:00,29.15,77.9,7.61,46.8,4.8,27.5,64.95,-6.907022,107.619407,Asia/Jakarta
2026-01-07 12:00:00,31.2,77.0,0.0,38.3,7.07,30.02,33.43,-6.907022,107.619407,Asia/Jakarta
2026-01-07 15:00:00,30.17,72.6,0.0,26.3,7.31,28.66,40.1,-6.907022,107.619407,Asia/Jakarta
2026-01-07 18:00:00,23.18,85.3,0.0,39.1,2.67,22.06,53.99,-6.907022,107.619407,Asia/Jakarta
2026-01-07 21:00:00,24.52,84.1,0.0,46.9,5.76,23.69,48.75,-6.907022,107.619407,Asia/Jakarta
2026-01-08 00:00:00,25.07,83.0,0.0,49.7,3.35,24.01,62.95,-6.907022,107.619407,Asia/Jakarta
2026-01-08 03:00:00,22.99,89.8,0.0,63.9,3.23,21.29,53.17,-6.907022,107.619407,Asia/Jakarta
2026-01-08 06:00:00,24.71,83.1,0.0,45.7,5.31,23.61,53.67,-6.907022,107.619407,Asia/Jakarta
2026-01-08 09:00:00,30.15,75.4,0.0,37.4,6.89,28.27,52.44,-6.907022,107.619407,Asia/Jakarta
2026-01-08 12:00:00,29.62,71.5,0.0,32.1,7.3,28.07,47.73,-6.907022,107.619407,Asia/Jakarta
2026-01-08 15:00:00,28.1,75.4,0.69,38.6,7.39,26.32,53.22,-6.907022,107.619407,Asia/Jakarta
2026-01-08 18:00:00,23.31,91.1,0.0,66.8,5.9,22.65,54.26,-6.907022,107.619407,Asia/Jakarta
2026-01-08 21:00:00,24.41,91.6,0.0,54.5,4.99,22.52,51.38,-6.907022,107.619407,Asia/Jakarta
2026-01-09 00:00:00,25.26,88.1,0.0,61.3,5.55,23.75,48.83,-6.907022,107.619407,Asia/Jakarta
2026-01-09 03:00:00,25.03,90.5,0.0,62.6,3.45,23.2,53.5,-6.907022,107.619407,Asia/Jakarta
2026-01-09 06:00:00,24.47,85.2,0.95,39.9,2.51,22.6,62.46,-6.907022,107.619407,Asia/Jakarta
2026-01-09 09:00:00,28.69,74.4,0.0,35.8,6.2,27.02,41.75,-6.907022,107.619407,Asia/Jakarta
2026-01-09 12:00:00,31.5,69.4,0.0,42.4,5.77,30.26,47.9,-6.907022,107.619407,Asia/Jakarta
2026-01-09 15:00:00,28.75,78.9,0.0,52.2,4.43,27.84,47.7,-6.907022,107.619407,Asia/Jakarta
2026-01-09 18:00:00,25.27,88.1,0.0,45.7,2.86,24.49,53.85,-6.907022,107.619407,Asia/Jakarta
2026-01-09 21:00:00,23.79,85.9,0.0,58.3,2.88,23.14,57.37,-6.907022,107.619407,Asia/Jakarta
2026-01-10 00:00:00,23.65,85.1,5.75,49.5,4.99,23.07,68.25,-6.907022,107.619407,Asia/Jakarta
2026-01-10 03:00:00,23.62,85.7,3.34,39.7,4.7,21.65,55.58,-6.907022,107.619407,Asia/Jakarta
2026-01-10 06:00:00,23.54,84.9,0.0,39.5,2.52,22.6,54.76,-6.907022,107.619407,Asia/Jakarta
2026-01-10 09:00:00,28.01,77.4,0.0,52.9,4.94,27.25,39.83,-6.907022,107.619407,Asia/Jakarta
2026-01-10 12:00:00,31.81,75.3,0.0,45.2,6.33,29.85,42.76,-6.907022,107.619407,Asia/Jakarta
2026-01-10 15:00:00,28.67,74.6,0.0,30.7,5.46,26.69,52.25,-6.907022,107.619407,Asia/Jakarta
2026-01-10 18:00:00,25.3,82.8,0.72,39.5,4.97,23.78,53.61,-6.907022,107.619407,Asia/Jakarta
2026-01-10 21:00:00,23.99,83.0,2.01,45.7,2.6,22.57,58.65,-6.907022,107.619407,Asia/Jakarta
2026-01-11 00:00:00,22.95,91.3,0.0,45.8,3.93,21.57,54.03,-6.907022,107.619407,Asia/Jakarta
2026-01-11 03:00:00,24.93,81.4,0.0,36.4,5.09,23.94,51.2,-6.907022,107.619407,Asia/Jakarta
2026-01-11 06:00:00,22.76,85.8,7.34,45.4,2.77,21.27,77.51,-6.907022,107.619407,Asia/Jakarta
2026-01-11 09:00:00,28.32,77.4,0.0,32.5,5.1,27.81,45.85,-6.907022,107.619407,Asia/Jakarta
2026-01-11 12:00:00,32.39,73.6,0.0,27.7,8.12,31.32,43.4,-6.907022,107.619407,Asia/Jakarta
2026-01-11 15:00:00,29.27,72.9,3.7,32.2,5.13,28.25,56.27,-6.907022,107.619407,Asia/Jakarta
2026-01-11 18:00:00,23.04,85.8,0.0,46.4,3.47,22.37,62.05,-6.907022,107.619407,Asia/Jakarta
2026-01-11 21:00:00,24.55,84.6,0.0,38.5,3.3,22.71,54.6,-6.907022,107.619407,Asia/Jakarta
2026-01-12 00:00:00,24.05,82.8,3.4,49.6,2.75,23.45,62.34,-6.907022,107.619407,Asia/Jakarta
2026-01-12 03:00:00,24.36,86.9,1.8,52.7,2.86,22.5,66.27,-6.907022,107.619407,Asia/Jakarta
2026-01-12 06:00:00,22.8,91.1,0.0,45.5,4.92,21.51,52.75,-6.907022,107.619407,Asia/Jakarta
2026-01-12 09:00:00,28.02,79.2,0.0,36.3,7.61,26.63,44.57,-6.907022,107.619407,Asia/Jakarta
2026-01-12 12:00:00,30.78,69.3,5.89,42.2,5.9,29.5,60.27,-6.907022,107.619407,Asia/Jakarta
2026-01-12 15:00:00,27.66,83.4,3.03,42.9,5.91,26.86,46.48,-6.907022,107.619407,Asia/Jakarta
2026-01-12 18:00:00,25.16,88.6,5.14,55.1,2.56,23.25,63.3,-6.907022,107.619407,Asia/Jakarta
2026-01-12 21:00:00,23.33,87.6,0.0,45.3,3.82,22.29,47.04,-6.907022,107.619407,Asia/Jakarta
2026-01-13 00:00:00,24.67,88.1,1.64,54.9,5.44,23.85,58.28,-6.907022,107.619407,Asia/Jakarta
2026-01-13 03:00:00,22.59,90.7,12.26,62.5,5.98,21.4,86.9,-6.907022,107.619407,Asia/Jakarta
2026-01-13 06:00:00,23.0,92.7,8.26,50.1,5.5,21.25,66.12,-6.907022,107.619407,Asia/Jakarta
2026-01-13 09:00:00,27.89,81.1,3.67,54.5,4.44,26.85,52.6,-6.907022,107.619407,Asia/Jakarta
2026-01-13 12:00:00,30.48,70.6,0.0,32.6,8.19,29.67,37.16,-6.907022,107.619407,Asia/Jakarta
2026-01-13 15:00:00,30.35,77.6,4.28,37.9,7.62,29.56,54.01,-6.907022,107.619407,Asia/Jakarta
2026-01-13 18:00:00,23.42,87.7,0.0,44.4,5.33,22.47,56.4,-6.907022,107.619407,Asia/Jakarta
2026-01-13 21:00:00,23.76,89.6,0.0,61.4,4.64,22.57,56.95,-6.907022,107.619407,Asia/Jakarta
2026-01-14 00:00:00,23.9,91.8,2.03,60.6,4.79,22.03,55.34,-6.907022,107.619407,Asia/Jakarta
2026-01-14 03:00:00,23.66,84.4,0.0,38.1,2.81,22.61,50.2,-6.907022,107.619407,Asia/Jakarta
2026-01-14 06:00:00,23.43,84.5,0.0,51.9,4.94,21.6,61.79,-6.907022,107.619407,Asia/Jakarta
2026-01-14 09:00:00,27.97,74.9,0.0,36.8,6.53,27.22,47.64,-6.907022,107.619407,Asia/Jakarta
2026-01-14 12:00:00,31.06,70.0,0.0,42.4,7.16,29.67,41.6,-6.907022,107.619407,Asia/Jakarta
2026-01-14 15:00:00,30.22,72.7,0.0,45.8,4.85,28.76,42.32,-6.907022,107.619407,Asia/Jakarta
2026-01-14 18:00:00,23.34,89.1,5.44,45.3,4.06,22.29,64.65,-6.907022,107.619407,Asia/Jakarta
2026-01-14 21:00:00,22.81,90.5,0.29,61.1,5.61,20.81,58.38,-6.907022,107.619407,Asia/Jakarta
2026-01-15 00:00:00,23.11,86.6,9.68,50.3,5.2,22.49,69.23,-6.907022,107.619407,Asia/Jakarta
2026-01-15 03:00:00,22.51,87.6,5.21,54.7,4.75,20.56,73.39,-6.907022,107.619407,Asia/Jakarta
2026-01-15 06:00:00,23.98,90.7,0.0,58.1,3.42,23.05,48.18,-6.907022,107.619407,Asia/Jakarta
2026-01-15 09:00:00,28.98,80.6,0.0,40.6,6.92,27.8,49.17,-6.907022,107.619407,Asia/Jakarta
2026-01-15 12:00:00,31.19,73.0,0.0,40.1,8.1,29.85,48.53,-6.907022,107.619407,Asia/Jakarta
2026-01-15 15:00:00,27.83,76.3,1.36,49.1,6.45,26.82,43.17,-6.907022,107.619407,Asia/Jakarta
2026-01-15 18:00:00,23.25,91.9,9.53,48.1,2.72,21.27,71.1,-6.907022,107.619407,Asia/Jakarta
2026-01-15 21:00:00,24.87,85.2,0.0,57.6,4.01,23.51,55.52,-6.907022,107.619407,Asia/Jakarta
2026-01-16 00:00:00,24.2,89.5,0.0,65.1,3.4,23.16,48.63,-6.907022,107.619407,Asia/Jakarta
2026-01-16 03:00:00,24.84,85.2,0.0,39.7,4.83,23.14,48.23,-6.907022,107.619407,Asia/Jakarta
2026-01-16 06:00:00,24.96,82.4,0.0,55.8,3.23,23.91,52.41,-6.907022,107.619407,Asia/Jakarta
2026-01-16 09:00:00,27.99,83.0,0.0,45.1,4.75,26.95,39.55,-6.907022,107.619407,Asia/Jakarta
2026-01-16 12:00:00,30.28,72.2,11.57,27.3,7.87,29.16,68.5,-6.907022,107.619407,Asia/Jakarta
2026-01-16 15:00:00,30.45,70.5,0.0,29.6,7.45,28.98,38.8,-6.907022,107.619407,Asia/Jakarta
2026-01-16 18:00:00,23.3,85.5,4.45,52.3,5.52,22.05,64.69,-6.907022,107.619407,Asia/Jakarta
2026-01-16 21:00:00,22.6,94.0,1.67,47.9,3.74,21.78,60.36,-6.907022,107.619407,Asia/Jakarta
2026-01-17 00:00:00,23.77,86.3,3.44,43.0,4.9,22.74,57.61,-6.907022,107.619407,Asia/Jakarta
2026-01-17 03:00:00,23.31,90.4,4.92,43.3,3.85,21.75,69.6,-6.907022,107.619407,Asia/Jakarta
2026-01-17 06:00:00,22.76,94.2,4.19,66.6,4.49,21.96,60.18,-6.907022,107.619407,Asia/Jakarta
2026-01-17 09:00:00,29.09,75.6,1.36,35.8,7.65,27.5,55.12,-6.907022,107.619407,Asia/Jakarta
2026-01-17 12:00:00,30.81,76.3,4.86,43.4,5.64,29.67,47.14,-6.907022,107.619407,Asia/Jakarta
2026-01-17 15:00:00,27.52,82.2,0.0,39.8,6.93,26.25,45.65,-6.907022,107.619407,Asia/Jakarta
2026-01-17 18:00:00,25.43,85.8,0.0,46.7,4.46,24.08,54.93,-6.907022,107.619407,Asia/Jakarta
2026-01-17 21:00:00,23.68,89.2,0.0,54.8,5.83,21.68,62.98,-6.907022,107.619407,Asia/Jakarta
2026-01-18 00:00:00,22.87,94.1,7.28,59.8,5.36,21.96,73.93,-6.907022,107.619407,Asia/Jakarta
2026-01-18 03:00:00,22.85,87.6,0.0,55.4,4.82,21.92,47.58,-6.907022,107.619407,Asia/Jakarta
2026-01-18 06:00:00,23.59,84.8,1.07,57.2,5.16,21.74,63.85,-6.907022,107.619407,Asia/Jakarta
2026-01-18 09:00:00,30.21,71.9,1.2,28.8,5.93,28.55,41.83,-6.907022,107.619407,Asia/Jakarta
2026-01-18 12:00:00,31.28,71.5,0.0,46.6,7.83,30.23,47.96,-6.907022,107.619407,Asia/Jakarta
2026-01-18 15:00:00,29.07,79.6,1.96,36.7,4.83,27.5,42.48,-6.907022,107.619407,Asia/Jakarta
2026-01-18 18:00:00,24.58,85.1,2.81,57.5,4.95,23.39,57.23,-6.907022,107.619407,Asia/Jakarta
2026-01-18 21:00:00,24.86,90.3,0.0,60.0,3.52,24.33,50.22,-6.907022,107.619407,Asia/Jakarta
2026-01-19 00:00:00,23.56,88.7,0.0,56.6,4.88,21.9,62.97,-6.907022,107.619407,Asia/Jakarta
2026-01-19 03:00:00,23.88,88.8,0.0,41.8,4.41,22.89,56.25,-6.907022,107.619407,Asia/Jakarta
2026-01-19 06:00:00,23.65,88.1,6.0,44.6,4.32,21.8,63.46,-6.907022,107.619407,Asia/Jakarta
2026-01-19 09:00:00,28.01,77.0,7.23,35.6,6.86,26.45,55.71,-6.907022,107.619407,Asia/Jakarta
2026-01-19 12:00:00,32.4,70.7,1.61,23.7,8.39,30.96,36.62,-6.907022,107.619407,Asia/Jakarta
2026-01-19 15:00:00,28.99,77.8,3.88,46.2,6.28,27.39,59.54,-6.907022,107.619407,Asia/Jakarta
2026-01-19 18:00:00,24.98,86.6,0.0,46.2,3.56,24.48,48.66,-6.907022,107.619407,Asia/Jakarta
2026-01-19 21:00:00,24.86,86.6,7.03,38.9,3.35,23.42,66.73,-6.907022,107.619407,Asia/Jakarta
2026-01-20 00:00:00,24.65,91.1,0.0,59.7,5.24,22.81,51.07,-6.907022,107.619407,Asia/Jakarta
2026-01-20 03:00:00,23.02,89.0,12.72,51.8,3.43,21.65,78.49,-6.907022,107.619407,Asia/Jakarta
2026-01-20 06:00:00,25.09,83.4,0.0,40.5,3.89,24.4,60.56,-6.907022,107.619407,Asia/Jakarta
2026-01-20 09:00:00,27.53,84.9,0.0,47.8,5.24,26.67,42.98,-6.907022,107.619407,Asia/Jakarta
2026-01-20 12:00:00,31.21,74.7,0.0,44.2,6.85,29.77,38.4,-6.907022,107.619407,Asia/Jakarta
2026-01-20 15:00:00,28.81,80.8,3.86,56.7,4.89,27.48,54.69,-6.907022,107.619407,Asia/Jakarta
2026-01-20 18:00:00,24.15,84.1,0.0,43.5,3.84,23.26,48.97,-6.907022,107.619407,Asia/Jakarta
2026-01-20 21:00:00,22.98,92.6,0.0,45.6,2.51,21.34,47.13,-6.907022,107.619407,Asia/Jakarta
2026-01-21 00:00:00,23.9,90.1,0.0,56.6,3.75,22.16,61.62,-6.907022,107.619407,Asia/Jakarta
2026-01-21 03:00:00,24.56,87.9,4.02,41.6,3.25,23.98,57.72,-6.907022,107.619407,Asia/Jakarta
2026-01-21 06:00:00,24.51,85.2,0.0,42.1,4.16,23.93,55.5,-6.907022,107.619407,Asia/Jakarta
2026-01-21 09:00:00,30.14,72.3,0.0,42.6,6.19,29.09,39.98,-6.907022,107.619407,Asia/Jakarta
2026-01-21 12:00:00,30.9,73.2,4.47,26.1,5.81,30.39,46.47,-6.907022,107.619407,Asia/Jakarta
2026-01-21 15:00:00,30.22,71.6,0.0,46.4,7.1,28.58,41.45,-6.907022,107.619407,Asia/Jakarta
2026-01-21 18:00:00,25.25,80.8,2.58,55.0,5.73,23.86,58.38,-6.907022,107.619407,Asia/Jakarta
2026-01-21 21:00:00,24.01,88.9,0.0,64.6,4.92,22.89,49.53,-6.907022,107.619407,Asia/Jakarta
2026-01-22 00:00:00,23.8,84.1,3.64,43.4,4.58,23.25,68.35,-6.907022,107.619407,Asia/Jakarta
2026-01-22 03:00:00,23.12,94.3,0.0,68.9,2.91,21.39,48.22,-6.907022,107.619407,Asia/Jakarta
2026-01-22 06:00:00,24.42,83.9,0.4,55.5,4.24,23.46,51.19,-6.907022,107.619407,Asia/Jakarta
2026-01-22 09:00:00,30.09,77.1,0.0,36.9,5.32,28.82,39.8,-6.907022,107.619407,Asia/Jakarta
2026-01-22 12:00:00,31.42,69.4,0.0,42.5,7.91,30.44,41.18,-6.907022,107.619407,Asia/Jakarta
2026-01-22 15:00:00,28.01,81.5,0.0,44.3,5.01,26.24,41.19,-6.907022,107.619407,Asia/Jakarta
2026-01-22 18:00:00,23.57,88.1,2.04,47.7,4.74,22.89,57.03,-6.907022,107.619407,Asia/Jakarta
2026-01-22 21:00:00,24.32,82.1,4.81,50.5,5.84,23.61,62.2,-6.907022,107.619407,Asia/Jakarta
2026-01-23 00:00:00,25.29,89.5,1.52,59.3,3.48,24.4,52.83,-6.907022,107.619407,Asia/Jakarta
2026-01-23 03:00:00,23.88,85.1,6.09,58.3,3.67,23.09,62.11,-6.907022,107.619407,Asia/Jakarta
2026-01-23 06:00:00,23.99,83.0,0.59,39.6,2.9,23.47,49.93,-6.907022,107.619407,Asia/Jakarta
2026-01-23 09:00:00,28.49,77.2,5.93,43.7,7.14,27.54,56.76,-6.907022,107.619407,Asia/Jakarta
2026-01-23 12:00:00,30.89,69.9,0.0,23.6,6.42,29.37,48.15,-6.907022,107.619407,Asia/Jakarta
2026-01-23 15:00:00,30.27,71.7,0.0,35.3,7.57,28.34,44.8,-6.907022,107.619407,Asia/Jakarta
2026-01-23 18:00:00,23.94,86.0,0.0,49.5,3.15,22.82,56.53,-6.907022,107.619407,Asia/Jakarta
2026-01-23 21:00:00,23.08,93.6,5.92,47.8,3.27,21.42,67.83,-6.907022,107.619407,Asia/Jakarta
2026-01-24 00:00:00,24.71,90.7,12.86,56.0,2.83,23.95,82.53,-6.907022,107.619407,Asia/Jakarta
2026-01-24 03:00:00,25.35,86.6,0.0,50.2,3.85,23.95,51.75,-6.907022,107.619407,Asia/Jakarta
2026-01-24 06:00:00,24.37,90.6,2.5,51.0,4.11,23.68,59.26,-6.907022,107.619407,Asia/Jakarta
2026-01-24 09:00:00,28.7,73.4,3.34,30.4,7.59,27.97,60.04,-6.907022,107.619407,Asia/Jakarta
2026-01-24 12:00:00,29.59,75.3,0.0,48.4,8.4,28.62,40.33,-6.907022,107.619407,Asia/Jakarta
2026-01-24 15:00:00,28.66,76.1,9.06,30.1,7.47,27.15,63.15,-6.907022,107.619407,Asia/Jakarta
2026-01-24 18:00:00,23.61,85.3,8.3,58.5,3.68,22.31,80.45,-6.907022,107.619407,Asia/Jakarta
2026-01-24 21:00:00,22.64,91.1,0.0,51.2,3.98,22.06,47.24,-6.907022,107.619407,Asia/Jakarta
2026-01-25 00:00:00,24.61,89.2,0.0,48.1,4.19,23.02,60.39,-6.907022,107.619407,Asia/Jakarta
2026-01-25 03:00:00,24.78,81.9,6.72,38.3,3.24,23.31,75.09,-6.907022,107.619407,Asia/Jakarta
2026-01-25 06:00:00,25.21,89.0,0.0,56.0,4.73,23.66,60.32,-6.907022,107.619407,Asia/Jakarta
2026-01-25 09:00:00,29.91,77.3,0.0,32.7,7.7,29.18,37.66,-6.907022,107.619407,Asia/Jakarta
2026-01-25 12:00:00,30.09,77.9,0.0,35.7,5.53,28.78,36.59,-6.907022,107.619407,Asia/Jakarta
2026-01-25 15:00:00,29.48,72.0,0.0,40.7,6.46,28.1,52.97,-6.907022,107.619407,Asia/Jakarta
2026-01-25 18:00:00,24.79,85.8,4.29,56.9,4.81,23.63,66.06,-6.907022,107.619407,Asia/Jakarta
2026-01-25 21:00:00,25.47,83.6,0.0,46.1,3.05,24.02,53.26,-6.907022,107.619407,Asia/Jakarta
2026-01-26 00:00:00,24.64,83.3,8.9,49.5,5.55,23.53,80.15,-6.907022,107.619407,Asia/Jakarta
2026-01-26 03:00:00,22.81,87.9,0.0,46.1,3.69,22.28,51.33,-6.907022,107.619407,Asia/Jakarta
2026-01-26 06:00:00,23.71,91.6,15.87,52.8,4.87,22.37,92.0,-6.907022,107.619407,Asia/Jakarta
2026-01-26 09:00:00,28.35,79.3,0.0,46.4,6.73,27.59,39.36,-6.907022,107.619407,Asia/Jakarta
2026-01-26 12:00:00,31.27,68.3,0.0,25.3,6.81,29.8,36.8,-6.907022,107.619407,Asia/Jakarta
2026-01-26 15:00:00,29.2,81.9,0.0,55.4,6.19,28.59,49.18,-6.907022,107.619407,Asia/Jakarta
2026-01-26 18:00:00,25.38,84.3,0.0,46.1,2.57,24.88,52.4,-6.907022,107.619407,Asia/Jakarta
2026-01-26 21:00:00,23.86,92.6,5.13,58.3,5.54,22.09,62.81,-6.907022,107.619407,Asia/Jakarta
2026-01-27 00:00:00,23.01,85.8,3.46,58.0,4.45,22.5,65.01,-6.907022,107.619407,Asia/Jakarta
2026-01-27 03:00:00,24.62,84.3,5.57,59.1,5.74,23.5,71.99,-6.907022,107.619407,Asia/Jakarta
2026-01-27 06:00:00,24.52,87.6,0.0,63.1,5.33,23.94,51.37,-6.907022,107.619407,Asia/Jakarta
2026-01-27 09:00:00,29.67,78.6,3.82,54.1,7.39,28.82,55.93,-6.907022,107.619407,Asia/Jakarta
2026-01-27 12:00:00,30.22,70.8,0.0,34.5,7.58,28.72,40.72,-6.907022,107.619407,Asia/Jakarta
2026-01-27 15:00:00,27.68,77.5,2.68,39.4,5.72,26.28,54.67,-6.907022,107.619407,Asia/Jakarta
2026-01-27 18:00:00,22.87,88.4,0.0,49.1,4.37,22.24,55.42,-6.907022,107.619407,Asia/Jakarta
2026-01-27 21:00:00,23.79,86.4,0.0,50.8,2.92,22.13,51.53,-6.907022,107.619407,Asia/Jakarta
2026-01-28 00:00:00,24.64,85.6,0.0,49.6,2.87,23.12,50.04,-6.907022,107.619407,Asia/Jakarta
2026-01-28 03:00:00,24.36,90.0,6.11,44.4,3.12,23.71,70.11,-6.907022,107.619407,Asia/Jakarta
2026-01-28 06:00:00,23.52,91.5,0.0,65.7,3.69,22.87,48.93,-6.907022,107.619407,Asia/Jakarta
2026-01-28 09:00:00,28.55,74.1,0.0,28.9,4.6,27.86,43.24,-6.907022,107.619407,Asia/Jakarta
2026-01-28 12:00:00,31.8,70.1,0.0,43.5,7.07,31.05,39.36,-6.907022,107.619407,Asia/Jakarta
2026-01-28 15:00:00,29.23,72.8,2.21,31.3,4.67,28.36,44.21,-6.907022,107.619407,Asia/Jakarta
2026-01-28 18:00:00,23.79,91.4,0.0,52.9,3.88,23.14,49.29,-6.907022,107.619407,Asia/Jakarta
2026-01-28 21:00:00,24.18,84.2,0.0,48.9,4.45,22.91,60.93,-6.907022,107.619407,Asia/Jakarta
2026-01-29 00:00:00,24.56,86.2,5.05,40.4,4.65,23.26,71.61,-6.907022,107.619407,Asia/Jakarta
2026-01-29 03:00:00,23.42,90.7,0.76,53.4,5.91,21.69,48.87,-6.907022,107.619407,Asia/Jakarta
2026-01-29 06:00:00,24.73,83.8,9.97,41.4,4.69,22.73,69.42,-6.907022,107.619407,Asia/Jakarta
2026-01-29 09:00:00,27.94,75.5,1.71,30.2,5.31,26.98,49.04,-6.907022,107.619407,Asia/Jakarta
2026-01-29 12:00:00,32.16,66.6,0.0,36.3,5.07,31.19,45.16,-6.907022,107.619407,Asia/Jakarta
2026-01-29 15:00:00,29.15,77.3,0.94,43.4,5.41,28.2,45.77,-6.907022,107.619407,Asia/Jakarta
2026-01-29 18:00:00,25.3,87.6,0.0,57.8,4.57,23.72,53.72,-6.907022,107.619407,Asia/Jakarta
2026-01-29 21:00:00,24.33,84.6,8.11,45.2,2.86,22.83,70.67,-6.907022,107.619407,Asia/Jakarta
2026-01-30 00:00:00,23.09,85.1,0.0,37.8,5.51,22.59,48.13,-6.907022,107.619407,Asia/Jakarta
2026-01-30 03:00:00,24.61,82.6,9.14,51.0,5.07,23.64,80.78,-6.907022,107.619407,Asia/Jakarta
2026-01-30 06:00:00,24.57,88.3,0.0,43.6,2.61,23.34,56.59,-6.907022,107.619407,Asia/Jakarta
2026-01-30 09:00:00,29.04,79.9,0.0,53.9,6.06,27.68,45.65,-6.907022,107.619407,Asia/Jakarta
2026-01-30 12:00:00,31.31,69.7,0.0,28.4,5.2,30.6,38.92,-6.907022,107.619407,Asia/Jakarta
2026-01-30 15:00:00,30.22,74.7,4.23,37.8,5.05,28.44,55.54,-6.907022,107.619407,Asia/Jakarta
2026-01-30 18:00:00,24.45,85.9,0.0,38.5,2.76,22.96,47.12,-6.907022,107.619407,Asia/Jakarta
2026-01-30 21:00:00,23.32,91.0,3.09,50.1,5.07,22.53,56.32,-6.907022,107.619407,Asia/Jakarta
2026-01-31 00:00:00,25.18,80.6,0.0,43.1,3.87,23.89,62.82,-6.907022,107.619407,Asia/Jakarta
2026-01-31 03:00:00,23.63,91.8,0.0,47.0,5.28,22.26,59.59,-6.907022,107.619407,Asia/Jakarta
2026-01-31 06:00:00,25.03,85.8,0.0,43.8,5.13,23.32,47.82,-6.907022,107.619407,Asia/Jakarta
2026-01-31 09:00:00,28.89,80.3,0.0,54.6,4.58,28.16,51.44,-6.907022,107.619407,Asia/Jakarta
2026-01-31 12:00:00,30.75,72.5,0.0,32.8,7.43,29.61,34.61,-6.907022,107.619407,Asia/Jakarta
2026-01-31 15:00:00,28.63,77.3,0.0,31.5,7.04,28.01,38.89,-6.907022,107.619407,Asia/Jakarta
2026-01-31 18:00:00,22.86,85.6,2.55,49.5,4.91,21.85,52.89,-6.907022,107.619407,Asia/Jakarta
2026-01-31 21:00:00,24.08,88.3,4.06,58.7,4.22,23.3,65.37,-6.907022,107.619407,Asia/Jakarta
2026-02-01 00:00:00,25.34,84.1,0.0,44.7,2.98,24.73,54.37,-6.907022,107.619407,Asia/Jakarta
2026-02-01 03:00:00,22.58,92.9,0.0,65.2,3.16,21.17,60.95,-6.907022,107.619407,Asia/Jakarta
2026-02-01 06:00:00,24.38,88.4,0.0,53.3,3.96,22.88,55.06,-6.907022,107.619407,Asia/Jakarta
2026-02-01 09:00:00,29.46,77.7,3.23,47.5,4.3,28.54,48.25,-6.907022,107.619407,Asia/Jakarta
2026-02-01 12:00:00,29.94,76.3,0.0,49.2,6.89,28.2,36.47,-6.907022,107.619407,Asia/Jakarta
2026-02-01 15:00:00,27.82,81.7,2.93,35.2,7.42,26.08,52.25,-6.907022,107.619407,Asia/Jakarta
2026-02-01 18:00:00,22.53,86.0,1.55,38.2,5.76,21.51,64.41,-6.907022,107.619407,Asia/Jakarta
2026-02-01 21:00:00,23.43,91.4,1.17,64.8,5.41,22.47,51.27,-6.907022,107.619407,Asia/Jakarta
2026-02-02 00:00:00,25.13,84.8,3.56,54.4,3.73,24.57,63.6,-6.907022,107.619407,Asia/Jakarta
2026-02-02 03:00:00,24.72,89.3,3.97,42.4,2.7,23.53,66.65,-6.907022,107.619407,Asia/Jakarta
2026-02-02 06:00:00,24.31,82.2,1.8,43.6,5.51,22.66,63.4,-6.907022,107.619407,Asia/Jakarta
2026-02-02 09:00:00,30.18,75.0,0.0,31.6,7.35,28.87,45.59,-6.907022,107.619407,Asia/Jakarta
2026-02-02 12:00:00,30.64,72.9,2.03,46.8,6.45,28.71,40.57,-6.907022,107.619407,Asia/Jakarta
2026-02-02 15:00:00,29.47,76.1,0.0,29.7,5.87,28.35,40.06,-6.907022,107.619407,Asia/Jakarta
2026-02-02 18:00:00,25.27,85.8,0.0,45.0,3.13,24.62,53.16,-6.907022,107.619407,Asia/Jakarta
2026-02-02 21:00:00,25.06,87.6,3.96,54.8,4.39,23.56,67.37,-6.907022,107.619407,Asia/Jakarta
2026-02-03 00:00:00,23.29,91.2,0.0,49.4,5.28,22.09,59.04,-6.907022,107.619407,Asia/Jakarta
2026-02-03 03:00:00,23.58,91.6,1.51,62.9,5.76,22.44,50.98,-6.907022,107.619407,Asia/Jakarta
2026-02-03 06:00:00,23.3,92.7,6.9,57.5,5.83,21.48,76.08,-6.907022,107.619407,Asia/Jakarta
2026-02-03 09:00:00,30.39,74.7,4.91,46.4,6.08,29.34,57.37,-6.907022,107.619407,Asia/Jakarta
2026-02-03 12:00:00,29.57,73.3,0.0,39.1,5.7,28.42,40.38,-6.907022,107.619407,Asia/Jakarta
2026-02-03 15:00:00,28.28,81.0,1.79,40.1,4.62,26.85,45.46,-6.907022,107.619407,Asia/Jakarta
2026-02-03 18:00:00,24.47,87.2,0.0,46.6,5.61,22.97,49.79,-6.907022,107.619407,Asia/Jakarta
2026-02-03 21:00:00,25.29,89.5,4.73,48.9,3.12,24.13,65.0,-6.907022,107.619407,Asia/Jakarta
2026-02-04 00:00:00,24.68,89.3,0.0,61.5,3.15,23.94,53.57,-6.907022,107.619407,Asia/Jakarta
2026-02-04 03:00:00,25.25,82.5,0.0,46.5,3.35,24.3,52.1,-6.907022,107.619407,Asia/Jakarta
2026-02-04 06:00:00,23.69,88.5,1.55,59.7,5.16,21.73,63.77,-6.907022,107.619407,Asia/Jakarta
2026-02-04 09:00:00,30.27,70.0,5.94,44.0,7.62,29.15,56.36,-6.907022,107.619407,Asia/Jakarta
2026-02-04 12:00:00,30.96,76.2,1.61,44.2,8.16,30.46,45.6,-6.907022,107.619407,Asia/Jakarta
2026-02-04 15:00:00,29.31,78.6,0.0,47.9,7.51,27.62,47.23,-6.907022,107.619407,Asia/Jakarta
2026-02-04 18:00:00,24.96,89.2,0.0,61.0,3.89,23.76,53.71,-6.907022,107.619407,Asia/Jakarta
2026-02-04 21:00:00,24.29,85.9,3.05,40.1,5.0,22.7,59.33,-6.907022,107.619407,Asia/Jakarta
2026-02-05 00:00:00,22.99,89.7,3.73,51.3,5.93,21.6,66.83,-6.907022,107.619407,Asia/Jakarta
2026-02-05 03:00:00,22.93,85.3,0.0,48.2,4.57,21.87,58.25,-6.907022,107.619407,Asia/Jakarta
2026-02-05 06:00:00,22.57,86.3,9.05,44.5,3.71,20.82,80.53,-6.907022,107.619407,Asia/Jakarta
2026-02-05 09:00:00,28.6,75.5,1.7,50.2,5.84,27.54,43.34,-6.907022,107.619407,Asia/Jakarta
2026-02-05 12:00:00,29.96,79.1,1.64,52.0,5.4,28.61,41.72,-6.907022,107.619407,Asia/Jakarta
2026-02-05 15:00:00,29.92,76.0,0.81,41.5,4.95,28.3,39.35,-6.907022,107.619407,Asia/Jakarta
2026-02-05 18:00:00,24.43,89.0,10.86,57.9,5.8,23.92,78.19,-6.907022,107.619407,Asia/Jakarta
2026-02-05 21:00:00,25.0,82.2,0.0,51.8,4.63,24.29,60.29,-6.907022,107.619407,Asia/Jakarta
2026-02-06 00:00:00,24.44,90.8,3.42,54.3,4.22,23.54,64.31,-6.907022,107.619407,Asia/Jakarta
2026-02-06 03:00:00,23.63,92.2,0.0,52.0,3.47,22.69,62.48,-6.907022,107.619407,Asia/Jakarta
2026-02-06 06:00:00,23.35,88.4,7.01,63.8,5.9,21.52,74.07,-6.907022,107.619407,Asia/Jakarta
2026-02-06 09:00:00,28.77,77.5,2.07,44.7,7.04,27.26,50.13,-6.907022,107.619407,Asia/Jakarta
2026-02-06 12:00:00,30.82,72.2,2.23,43.9,7.72,29.9,47.21,-6.907022,107.619407,Asia/Jakarta
2026-02-06 15:00:00,28.8,75.2,0.0,36.4,7.23,27.46,46.97,-6.907022,107.619407,Asia/Jakarta
2026-02-06 18:00:00,23.59,87.6,0.0,43.1,4.22,22.6,61.16,-6.907022,107.619407,Asia/Jakarta
2026-02-06 21:00:00,22.76,90.1,3.22,54.8,5.98,21.83,55.17,-6.907022,107.619407,Asia/Jakarta
2026-02-07 00:00:00,25.21,86.9,3.29,49.5,3.93,24.04,57.39,-6.907022,107.619407,Asia/Jakarta
2026-02-07 03:00:00,24.66,90.9,5.43,66.9,4.33,23.0,65.97,-6.907022,107.619407,Asia/Jakarta
2026-02-07 06:00:00,25.5,87.9,0.0,51.8,5.82,23.69,62.5,-6.907022,107.619407,Asia/Jakarta
2026-02-07 09:00:00,29.45,76.4,3.5,40.9,6.6,27.86,57.32,-6.907022,107.619407,Asia/Jakarta
2026-02-07 12:00:00,30.02,70.2,2.46,38.7,7.87,28.72,43.6,-6.907022,107.619407,Asia/Jakarta
2026-02-07 15:00:00,28.34,75.4,10.99,47.2,5.18,27.7,67.79,-6.907022,107.619407,Asia/Jakarta
2026-02-07 18:00:00,24.66,90.0,1.53,60.5,2.8,22.83,51.38,-6.907022,107.619407,Asia/Jakarta
2026-02-07 21:00:00,24.53,84.0,0.0,48.5,4.26,23.09,60.47,-6.907022,107.619407,Asia/Jakarta
2026-02-08 00:00:00,24.09,90.9,1.71,53.2,3.6,22.64,52.49,-6.907022,107.619407,Asia/Jakarta
2026-02-08 03:00:00,23.81,87.3,0.0,40.6,4.23,22.2,59.8,-6.907022,107.619407,Asia/Jakarta
2026-02-08 06:00:00,24.2,88.5,1.55,51.6,5.64,23.15,61.41,-6.907022,107.619407,Asia/Jakarta
2026-02-08 09:00:00,30.05,71.9,0.0,31.3,5.19,28.2,43.27,-6.907022,107.619407,Asia/Jakarta
2026-02-08 12:00:00,30.5,76.0,0.0,50.5,7.51,28.56,41.98,-6.907022,107.619407,Asia/Jakarta
2026-02-08 15:00:00,30.35,71.4,0.0,31.0,5.1,28.63,37.19,-6.907022,107.619407,Asia/Jakarta
2026-02-08 18:00:00,22.98,93.8,5.58,63.0,4.78,22.39,67.28,-6.907022,107.619407,Asia/Jakarta
2026-02-08 21:00:00,22.75,88.2,4.63,52.7,5.18,21.58,65.72,-6.907022,107.619407,Asia/Jakarta
2026-02-09 00:00:00,24.56,89.8,2.94,49.8,4.2,23.09,58.11,-6.907022,107.619407,Asia/Jakarta
2026-02-09 03:00:00,22.95,86.8,1.48,60.0,2.95,20.95,60.86,-6.907022,107.619407,Asia/Jakarta
2026-02-09 06:00:00,24.15,90.7,3.72,48.5,5.34,22.71,71.06,-6.907022,107.619407,Asia/Jakarta
2026-02-09 09:00:00,28.2,79.9,0.0,47.3,5.63,26.57,45.36,-6.907022,107.619407,Asia/Jakarta
2026-02-09 12:00:00,30.12,75.7,0.0,46.5,6.79,28.98,45.11,-6.907022,107.619407,Asia/Jakarta
2026-02-09 15:00:00,28.87,81.6,6.13,38.1,4.77,27.78,65.22,-6.907022,107.619407,Asia/Jakarta
2026-02-09 18:00:00,24.33,84.9,0.0,50.4,5.04,23.26,56.63,-6.907022,107.619407,Asia/Jakarta
2026-02-09 21:00:00,25.29,80.4,0.0,39.5,5.91,24.57,60.06,-6.907022,107.619407,Asia/Jakarta
2026-02-10 00:00:00,25.03,83.5,9.3,52.8,5.63,23.65,82.21,-6.907022,107.619407,Asia/Jakarta
2026-02-10 03:00:00,24.0,92.7,1.99,51.1,5.68,23.38,66.9,-6.907022,107.619407,Asia/Jakarta
2026-02-10 06:00:00,24.68,88.2,0.0,59.3,2.65,23.5,62.15,-6.907022,107.619407,Asia/Jakarta
2026-02-10 09:00:00,29.21,78.7,0.0,50.6,4.59,28.5,38.38,-6.907022,107.619407,Asia/Jakarta
2026-02-10 12:00:00,30.05,77.6,2.93,37.8,5.48,29.01,50.4,-6.907022,107.619407,Asia/Jakarta
2026-02-10 15:00:00,28.08,79.3,4.6,32.1,4.65,27.08,53.42,-6.907022,107.619407,Asia/Jakarta
2026-02-10 18:00:00,25.49,84.6,0.0,36.6,5.67,24.43,54.97,-6.907022,107.619407,Asia/Jakarta
2026-02-10 21:00:00,24.34,89.6,2.44,46.5,5.04,23.48,52.79,-6.907022,107.619407,Asia/Jakarta
2026-02-11 00:00:00,24.78,85.8,0.95,55.7,3.99,22.96,64.37,-6.907022,107.619407,Asia/Jakarta
2026-02-11 03:00:00,23.43,86.7,2.94,54.0,2.72,22.62,66.36,-6.907022,107.619407,Asia/Jakarta
2026-02-11 06:00:00,23.15,86.9,0.0,61.3,5.34,21.58,50.88,-6.907022,107.619407,Asia/Jakarta
2026-02-11 09:00:00,30.33,74.3,0.0,27.7,5.47,28.89,39.88,-6.907022,107.619407,Asia/Jakarta
2026-02-11 12:00:00,32.16,68.4,0.0,28.6,6.47,31.25,35.38,-6.907022,107.619407,Asia/Jakarta
2026-02-11 15:00:00,27.73,76.3,1.08,44.3,5.51,25.82,55.16,-6.907022,107.619407,Asia/Jakarta
2026-02-11 18:00:00,24.01,88.0,6.49,57.6,3.22,23.33,68.91,-6.907022,107.619407,Asia/Jakarta
2026-02-11 21:00:00,22.83,94.5,2.61,64.9,4.82,22.25,59.95,-6.907022,107.619407,Asia/Jakarta
2026-02-12 00:00:00,23.99,89.0,0.0,57.2,4.78,22.23,57.36,-6.907022,107.619407,Asia/Jakarta
2026-02-12 03:00:00,23.4,93.0,3.18,64.7,5.39,21.92,61.5,-6.907022,107.619407,Asia/Jakarta
2026-02-12 06:00:00,25.39,80.6,1.75,38.1,5.33,24.27,61.94,-6.907022,107.619407,Asia/Jakarta
2026-02-12 09:00:00,29.03,77.1,3.27,31.9,5.31,28.09,50.49,-6.907022,107.619407,Asia/Jakarta
2026-02-12 12:00:00,31.3,75.5,0.0,48.7,5.98,30.37,39.84,-6.907022,107.619407,Asia/Jakarta
2026-02-12 15:00:00,28.99,79.4,0.0,50.8,4.32,27.66,50.81,-6.907022,107.619407,Asia/Jakarta
2026-02-12 18:00:00,23.53,90.9,7.84,46.1,3.16,22.51,77.09,-6.907022,107.619407,Asia/Jakarta
2026-02-12 21:00:00,25.02,85.6,6.98,39.3,3.57,24.51,64.12,-6.907022,107.619407,Asia/Jakarta
2026-02-13 00:00:00,23.21,92.3,0.0,63.8,4.31,22.66,60.47,-6.907022,107.619407,Asia/Jakarta
2026-02-13 03:00:00,23.25,94.1,0.0,68.5,5.0,21.3,51.92,-6.907022,107.619407,Asia/Jakarta
2026-02-13 06:00:00,22.63,92.2,1.25,64.0,4.67,21.1,61.4,-6.907022,107.619407,Asia/Jakarta
2026-02-13 09:00:00,27.8,83.0,0.0,50.9,5.04,26.23,47.69,-6.907022,107.619407,Asia/Jakarta
2026-02-13 12:00:00,30.54,70.5,0.0,36.5,5.6,28.74,47.24,-6.907022,107.619407,Asia/Jakarta
2026-02-13 15:00:00,30.1,79.9,0.0,43.2,7.63,28.29,37.74,-6.907022,107.619407,Asia/Jakarta
2026-02-13 18:00:00,23.04,94.7,0.09,55.3,3.08,22.18,55.87,-6.907022,107.619407,Asia/Jakarta
2026-02-13 21:00:00,24.66,85.3,2.96,55.7,4.35,23.58,58.18,-6.907022,107.619407,Asia/Jakarta
2026-02-14 00:00:00,25.05,81.8,0.0,54.1,3.5,24.28,60.81,-6.907022,107.619407,Asia/Jakarta
2026-02-14 03:00:00,24.93,89.1,2.62,62.6,2.85,23.7,54.71,-6.907022,107.619407,Asia/Jakarta
2026-02-14 06:00:00,24.2,90.3,2.49,52.3,3.91,22.61,60.97,-6.907022,107.619407,Asia/Jakarta
2026-02-14 09:00:00,28.54,80.4,2.1,51.1,7.59,27.41,44.87,-6.907022,107.619407,Asia/Jakarta
2026-02-14 12:00:00,30.22,79.6,0.0,32.9,8.15,29.12,38.44,-6.907022,107.619407,Asia/Jakarta
2026-02-14 15:00:00,30.35,71.5,0.0,41.3,7.6,28.81,52.03,-6.907022,107.619407,Asia/Jakarta
2026-02-14 18:00:00,23.55,92.2,1.23,50.8,5.9,21.83,56.55,-6.907022,107.619407,Asia/Jakarta
2026-02-14 21:00:00,24.83,87.4,0.0,46.9,3.84,23.63,53.65,-6.907022,107.619407,Asia/Jakarta
